token	block	direction	conditional_entropy	effective_successor_predecessor_count	baseline_entropy	entropy_effect	eligible
x000052	G0/generic#0	outgoing	6.426795723	618.1899192	5.980622334	0.4461733884	true
x000714	G0/generic#0	outgoing	6.428820541	619.4429094	5.980622334	0.4481982064	true
x008704	G0/generic#0	outgoing	6.416635082	611.9405164	5.980622334	0.4360127479	true
x008944	G0/generic#0	outgoing	6.428820541	619.4429094	5.980622334	0.4481982064	true
x008945	G0/generic#0	outgoing	6.430868579	620.7128518	5.980622334	0.450246244	true
x009248	G0/generic#0	outgoing	6.41512047	611.0143655	5.980622334	0.4344981359	true
x009249	G0/generic#0	outgoing	6.422483528	615.5299035	5.980622334	0.441861194	true
x009250	G0/generic#0	outgoing	6.428820541	619.4429094	5.980622334	0.4481982064	true
x012120	G0/generic#0	outgoing	6.430868579	620.7128518	5.980622334	0.450246244	true
x012697	G0/generic#0	outgoing	6.424793871	616.9536324	5.980622334	0.4441715365	true
x018928	G0/generic#0	outgoing	6.420511704	614.3173824	5.980622334	0.4398893695	true
x018929	G0/generic#0	outgoing	6.428820541	619.4429094	5.980622334	0.4481982064	true
x018930	G0/generic#0	outgoing	6.426795723	618.1899192	5.980622334	0.4461733884	true
x018931	G0/generic#0	outgoing	6.432940093	622	5.980622334	0.4523177582	true
x019268	G0/generic#0	outgoing	6.426795723	618.1899192	5.980622334	0.4461733884	true
x000052	G0/generic#0	incoming	6.420858069	614.5301974	5.980622334	0.4402357348	true
x008945	G0/generic#0	incoming	6.422814735	615.733805	5.980622334	0.4421924009	true
x009248	G0/generic#0	incoming	6.418923629	613.3425747	5.980622334	0.4383012948	true
x009250	G0/generic#0	incoming	6.422814735	615.733805	5.980622334	0.4421924009	true
x018928	G0/generic#0	incoming	6.418923629	613.3425747	5.980622334	0.4383012948	true
x018929	G0/generic#0	incoming	6.420858069	614.5301974	5.980622334	0.4402357348	true
x018930	G0/generic#0	incoming	6.412846227	609.626349	5.980622334	0.4322238925	true
x000053	G1/generic#0	outgoing	6.426795723	618.1899192	5.969265208	0.4575305146	true
x000712	G1/generic#0	outgoing	6.424793871	616.9536324	5.969265208	0.4555286628	true
x008705	G1/generic#0	outgoing	6.428820541	619.4429094	5.969265208	0.4595553326	true
x009248	G1/generic#0	outgoing	6.422814735	615.733805	5.969265208	0.4535495272	true
x009249	G1/generic#0	outgoing	6.426795723	618.1899192	5.969265208	0.4575305146	true
x009250	G1/generic#0	outgoing	6.428820541	619.4429094	5.969265208	0.4595553326	true
x009436	G1/generic#0	outgoing	6.424793871	616.9536324	5.969265208	0.4555286628	true
x009437	G1/generic#0	outgoing	6.422483528	615.5299035	5.969265208	0.4532183202	true
x009968	G1/generic#0	outgoing	6.424793871	616.9536324	5.969265208	0.4555286628	true
x010009	G1/generic#0	outgoing	6.424793871	616.9536324	5.969265208	0.4555286628	true
x012121	G1/generic#0	outgoing	6.424793871	616.9536324	5.969265208	0.4555286628	true
x012696	G1/generic#0	outgoing	6.424793871	616.9536324	5.969265208	0.4555286628	true
x012697	G1/generic#0	outgoing	6.422814735	615.733805	5.969265208	0.4535495272	true
x012698	G1/generic#0	outgoing	6.430868579	620.7128518	5.969265208	0.4616033703	true
x018928	G1/generic#0	outgoing	6.432940093	622	5.969265208	0.4636748845	true
x018929	G1/generic#0	outgoing	6.418562303	613.1209979	5.969265208	0.4492970948	true
x018930	G1/generic#0	outgoing	6.432940093	622	5.969265208	0.4636748845	true
x018931	G1/generic#0	outgoing	6.426795723	618.1899192	5.969265208	0.4575305146	true
x019268	G1/generic#0	outgoing	6.422814735	615.733805	5.969265208	0.4535495272	true
x000053	G1/generic#0	incoming	6.420858069	614.5301974	5.969265208	0.4515928611	true
x018928	G1/generic#0	incoming	6.411403376	608.7473833	5.969265208	0.4421381677	true
x018929	G1/generic#0	incoming	6.409143258	607.3730961	5.969265208	0.4398780499	true
x000052	G2/generic#0	outgoing	6.426795723	618.1899192	5.917383791	0.5094119323	true
x000054	G2/generic#0	outgoing	6.428820541	619.4429094	5.917383791	0.5114367503	true
x000712	G2/generic#0	outgoing	6.422814735	615.733805	5.917383791	0.5054309449	true
x008688	G2/generic#0	outgoing	6.422814735	615.733805	5.917383791	0.5054309449	true
x009248	G2/generic#0	outgoing	6.422814735	615.733805	5.917383791	0.5054309449	true
x009249	G2/generic#0	outgoing	6.420858069	614.5301974	5.917383791	0.5034742787	true
x009436	G2/generic#0	outgoing	6.420511704	614.3173824	5.917383791	0.5031279135	true
x009968	G2/generic#0	outgoing	6.428820541	619.4429094	5.917383791	0.5114367503	true
x009970	G2/generic#0	outgoing	6.424793871	616.9536324	5.917383791	0.5074100805	true
x010008	G2/generic#0	outgoing	6.418562303	613.1209979	5.917383791	0.5011785124	true
x010009	G2/generic#0	outgoing	6.420511704	614.3173824	5.917383791	0.5031279135	true
x012120	G2/generic#0	outgoing	6.432940093	622	5.917383791	0.5155563022	true
x012696	G2/generic#0	outgoing	6.426795723	618.1899192	5.917383791	0.5094119323	true
x012697	G2/generic#0	outgoing	6.420511704	614.3173824	5.917383791	0.5031279135	true
x012698	G2/generic#0	outgoing	6.426795723	618.1899192	5.917383791	0.5094119323	true
x018924	G2/generic#0	outgoing	6.422814735	615.733805	5.917383791	0.5054309449	true
x018928	G2/generic#0	outgoing	6.426795723	618.1899192	5.917383791	0.5094119323	true
x018929	G2/generic#0	outgoing	6.430868579	620.7128518	5.917383791	0.513484788	true
x018930	G2/generic#0	outgoing	6.428820541	619.4429094	5.917383791	0.5114367503	true
x018931	G2/generic#0	outgoing	6.432940093	622	5.917383791	0.5155563022	true
x019269	G2/generic#0	outgoing	6.417011175	612.1707062	5.917383791	0.4996273848	true
x021400	G2/generic#0	outgoing	6.420511704	614.3173824	5.917383791	0.5031279135	true
x021401	G2/generic#0	outgoing	6.420511704	614.3173824	5.917383791	0.5031279135	true
x000052	G2/generic#0	incoming	6.418923629	613.3425747	5.917383791	0.5015398387	true
x000054	G2/generic#0	incoming	6.420858069	614.5301974	5.917383791	0.5034742787	true
x008688	G2/generic#0	incoming	6.420511704	614.3173824	5.917383791	0.5031279135	true
x009249	G2/generic#0	incoming	6.417011175	612.1707062	5.917383791	0.4996273848	true
x009968	G2/generic#0	incoming	6.418208673	612.9042181	5.917383791	0.5008248821	true
x010009	G2/generic#0	incoming	6.422814735	615.733805	5.917383791	0.5054309449	true
x012120	G2/generic#0	incoming	6.422814735	615.733805	5.917383791	0.5054309449	true
x018928	G2/generic#0	incoming	6.417011175	612.1707062	5.917383791	0.4996273848	true
x018929	G2/generic#0	incoming	6.410571983	608.2414856	5.917383791	0.4931881929	true
x018930	G2/generic#0	incoming	6.422814735	615.733805	5.917383791	0.5054309449	true
x021400	G2/generic#0	incoming	6.422814735	615.733805	5.917383791	0.5054309449	true
x021401	G2/generic#0	incoming	6.422814735	615.733805	5.917383791	0.5054309449	true
x000052	G3/generic#0	outgoing	6.428820541	619.4429094	5.983044854	0.4457756867	true
x009248	G3/generic#0	outgoing	6.416635082	611.9405164	5.983044854	0.4335902283	true
x009249	G3/generic#0	outgoing	6.428820541	619.4429094	5.983044854	0.4457756867	true
x009436	G3/generic#0	outgoing	6.420173186	614.10946	5.983044854	0.4371283317	true
x009968	G3/generic#0	outgoing	6.424793871	616.9536324	5.983044854	0.4417490169	true
x010009	G3/generic#0	outgoing	6.416635082	611.9405164	5.983044854	0.4335902283	true
x012120	G3/generic#0	outgoing	6.430868579	620.7128518	5.983044854	0.4478237244	true
x012697	G3/generic#0	outgoing	6.426795723	618.1899192	5.983044854	0.4437508687	true
x018924	G3/generic#0	outgoing	6.417011175	612.1707062	5.983044854	0.4339663212	true
x018928	G3/generic#0	outgoing	6.426795723	618.1899192	5.983044854	0.4437508687	true
x018929	G3/generic#0	outgoing	6.422814735	615.733805	5.983044854	0.4397698813	true
x018930	G3/generic#0	outgoing	6.426495436	618.0043126	5.983044854	0.4434505816	true
x019268	G3/generic#0	outgoing	6.418923629	613.3425747	5.983044854	0.4358787752	true
x021400	G3/generic#0	outgoing	6.422814735	615.733805	5.983044854	0.4397698813	true
x021401	G3/generic#0	outgoing	6.424793871	616.9536324	5.983044854	0.4417490169	true
x009248	G3/generic#0	incoming	6.420858069	614.5301974	5.983044854	0.4378132151	true
x009968	G3/generic#0	incoming	6.422814735	615.733805	5.983044854	0.4397698813	true
x018928	G3/generic#0	incoming	6.418923629	613.3425747	5.983044854	0.4358787752	true
x018929	G3/generic#0	incoming	6.412846227	609.626349	5.983044854	0.4298013728	true
x021401	G3/generic#0	incoming	6.422814735	615.733805	5.983044854	0.4397698813	true
x000052	G0/generic#1	outgoing	6.430868579	620.7128518	5.997663441	0.4332051371	true
x000053	G0/generic#1	outgoing	6.428820541	619.4429094	5.997663441	0.4311570994	true
x000054	G0/generic#1	outgoing	6.430868579	620.7128518	5.997663441	0.4332051371	true
x000712	G0/generic#1	outgoing	6.426795723	618.1899192	5.997663441	0.4291322814	true
x000713	G0/generic#1	outgoing	6.426795723	618.1899192	5.997663441	0.4291322814	true
x008704	G0/generic#1	outgoing	6.430868579	620.7128518	5.997663441	0.4332051371	true
x009248	G0/generic#1	outgoing	6.424793871	616.9536324	5.997663441	0.4271304296	true
x009249	G0/generic#1	outgoing	6.420511704	614.3173824	5.997663441	0.4228482626	true
x009436	G0/generic#1	outgoing	6.420511704	614.3173824	5.997663441	0.4228482626	true
x009969	G0/generic#1	outgoing	6.426795723	618.1899192	5.997663441	0.4291322814	true
x012696	G0/generic#1	outgoing	6.428820541	619.4429094	5.997663441	0.4311570994	true
x012697	G0/generic#1	outgoing	6.424793871	616.9536324	5.997663441	0.4271304296	true
x012698	G0/generic#1	outgoing	6.428820541	619.4429094	5.997663441	0.4311570994	true
x016548	G0/generic#1	outgoing	6.426795723	618.1899192	5.997663441	0.4291322814	true
x018928	G0/generic#1	outgoing	6.426795723	618.1899192	5.997663441	0.4291322814	true
x018929	G0/generic#1	outgoing	6.428820541	619.4429094	5.997663441	0.4311570994	true
x018930	G0/generic#1	outgoing	6.430868579	620.7128518	5.997663441	0.4332051371	true
x019269	G0/generic#1	outgoing	6.430868579	620.7128518	5.997663441	0.4332051371	true
x021400	G0/generic#1	outgoing	6.426795723	618.1899192	5.997663441	0.4291322814	true
x000052	G0/generic#1	incoming	6.422814735	615.733805	5.997663441	0.425151294	true
x000054	G0/generic#1	incoming	6.422814735	615.733805	5.997663441	0.425151294	true
x018928	G0/generic#1	incoming	6.417011175	612.1707062	5.997663441	0.4193477339	true
x018929	G0/generic#1	incoming	6.416635082	611.9405164	5.997663441	0.4189716409	true
x000054	G1/generic#1	outgoing	6.432940093	622	5.9841768	0.4487632926	true
x000712	G1/generic#1	outgoing	6.424793871	616.9536324	5.9841768	0.4406170709	true
x001488	G1/generic#1	outgoing	6.422483528	615.5299035	5.9841768	0.4383067283	true
x008448	G1/generic#1	outgoing	6.422814735	615.733805	5.9841768	0.4386379352	true
x009248	G1/generic#1	outgoing	6.422483528	615.5299035	5.9841768	0.4383067283	true
x009249	G1/generic#1	outgoing	6.424793871	616.9536324	5.9841768	0.4406170709	true
x009436	G1/generic#1	outgoing	6.426795723	618.1899192	5.9841768	0.4426189227	true
x012121	G1/generic#1	outgoing	6.432940093	622	5.9841768	0.4487632926	true
x012697	G1/generic#1	outgoing	6.426795723	618.1899192	5.9841768	0.4426189227	true
x012698	G1/generic#1	outgoing	6.424793871	616.9536324	5.9841768	0.4406170709	true
x018928	G1/generic#1	outgoing	6.428820541	619.4429094	5.9841768	0.4446437407	true
x018929	G1/generic#1	outgoing	6.430868579	620.7128518	5.9841768	0.4466917784	true
x018930	G1/generic#1	outgoing	6.432940093	622	5.9841768	0.4487632926	true
x019268	G1/generic#1	outgoing	6.416635082	611.9405164	5.9841768	0.4324582822	true
x019269	G1/generic#1	outgoing	6.422483528	615.5299035	5.9841768	0.4383067283	true
x020558	G1/generic#1	outgoing	6.428820541	619.4429094	5.9841768	0.4446437407	true
x001488	G1/generic#1	incoming	6.420511704	614.3173824	5.9841768	0.4363349039	true
x008448	G1/generic#1	incoming	6.418562303	613.1209979	5.9841768	0.4343855028	true
x009248	G1/generic#1	incoming	6.418923629	613.3425747	5.9841768	0.4347468291	true
x018928	G1/generic#1	incoming	6.418923629	613.3425747	5.9841768	0.4347468291	true
x018929	G1/generic#1	incoming	6.418923629	613.3425747	5.9841768	0.4347468291	true
x018930	G1/generic#1	incoming	6.420858069	614.5301974	5.9841768	0.4366812691	true
x019268	G1/generic#1	incoming	6.422814735	615.733805	5.9841768	0.4386379352	true
x020558	G1/generic#1	incoming	6.422814735	615.733805	5.9841768	0.4386379352	true
x000713	G2/generic#1	outgoing	6.424793871	616.9536324	6.040906997	0.3838868743	true
x000714	G2/generic#1	outgoing	6.426795723	618.1899192	6.040906997	0.3858887261	true
x009248	G2/generic#1	outgoing	6.426795723	618.1899192	6.040906997	0.3858887261	true
x009249	G2/generic#1	outgoing	6.414729803	610.7757085	6.040906997	0.3738228058	true
x012696	G2/generic#1	outgoing	6.424793871	616.9536324	6.040906997	0.3838868743	true
x018928	G2/generic#1	outgoing	6.430868579	620.7128518	6.040906997	0.3899615818	true
x018929	G2/generic#1	outgoing	6.424478022	616.7587993	6.040906997	0.3835710258	true
x018930	G2/generic#1	outgoing	6.428820541	619.4429094	6.040906997	0.3879135442	true
x019268	G2/generic#1	outgoing	6.424793871	616.9536324	6.040906997	0.3838868743	true
x019269	G2/generic#1	outgoing	6.424793871	616.9536324	6.040906997	0.3838868743	true
x021400	G2/generic#1	outgoing	6.422483528	615.5299035	6.040906997	0.3815765317	true
x021401	G2/generic#1	outgoing	6.424793871	616.9536324	6.040906997	0.3838868743	true
x018929	G2/generic#1	incoming	6.417011175	612.1707062	6.040906997	0.3761041786	true
x000053	G3/generic#1	outgoing	6.428820541	619.4429094	6.008182746	0.420637795	true
x000054	G3/generic#1	outgoing	6.430868579	620.7128518	6.008182746	0.4226858327	true
x000712	G3/generic#1	outgoing	6.424793871	616.9536324	6.008182746	0.4166111252	true
x009248	G3/generic#1	outgoing	6.424793871	616.9536324	6.008182746	0.4166111252	true
x009436	G3/generic#1	outgoing	6.424793871	616.9536324	6.008182746	0.4166111252	true
x010008	G3/generic#1	outgoing	6.420858069	614.5301974	6.008182746	0.4126753235	true
x012696	G3/generic#1	outgoing	6.426795723	618.1899192	6.008182746	0.418612977	true
x012697	G3/generic#1	outgoing	6.416635082	611.9405164	6.008182746	0.4084523366	true
x012699	G3/generic#1	outgoing	6.422814735	615.733805	6.008182746	0.4146319896	true
x016652	G3/generic#1	outgoing	6.426795723	618.1899192	6.008182746	0.418612977	true
x018925	G3/generic#1	outgoing	6.422814735	615.733805	6.008182746	0.4146319896	true
x018928	G3/generic#1	outgoing	6.416906728	612.1067702	6.008182746	0.4087239826	true
x018929	G3/generic#1	outgoing	6.430868579	620.7128518	6.008182746	0.4226858327	true
x018930	G3/generic#1	outgoing	6.428820541	619.4429094	6.008182746	0.420637795	true
x019268	G3/generic#1	outgoing	6.426795723	618.1899192	6.008182746	0.418612977	true
x012697	G3/generic#1	incoming	6.422814735	615.733805	6.008182746	0.4146319896	true
x018928	G3/generic#1	incoming	6.413251281	609.8733306	6.008182746	0.405068535	true
x000052	G0/generic#2	outgoing	6.428820541	619.4429094	5.969325302	0.459495239	true
x000053	G0/generic#2	outgoing	6.426795723	618.1899192	5.969325302	0.457470421	true
x000712	G0/generic#2	outgoing	6.426795723	618.1899192	5.969325302	0.457470421	true
x000713	G0/generic#2	outgoing	6.420858069	614.5301974	5.969325302	0.4515327674	true
x002537	G0/generic#2	outgoing	6.424793871	616.9536324	5.969325302	0.4554685692	true
x009248	G0/generic#2	outgoing	6.426795723	618.1899192	5.969325302	0.457470421	true
x009249	G0/generic#2	outgoing	6.426795723	618.1899192	5.969325302	0.457470421	true
x009436	G0/generic#2	outgoing	6.420858069	614.5301974	5.969325302	0.4515327674	true
x009968	G0/generic#2	outgoing	6.424793871	616.9536324	5.969325302	0.4554685692	true
x009969	G0/generic#2	outgoing	6.424793871	616.9536324	5.969325302	0.4554685692	true
x010008	G0/generic#2	outgoing	6.410571983	608.2414857	5.969325302	0.4412466816	true
x010010	G0/generic#2	outgoing	6.424793871	616.9536324	5.969325302	0.4554685692	true
x012696	G0/generic#2	outgoing	6.426795723	618.1899192	5.969325302	0.457470421	true
x012698	G0/generic#2	outgoing	6.428820541	619.4429094	5.969325302	0.459495239	true
x018924	G0/generic#2	outgoing	6.420858069	614.5301974	5.969325302	0.4515327674	true
x018928	G0/generic#2	outgoing	6.428820541	619.4429094	5.969325302	0.459495239	true
x018929	G0/generic#2	outgoing	6.426795723	618.1899192	5.969325302	0.457470421	true
x018930	G0/generic#2	outgoing	6.422814735	615.733805	5.969325302	0.4534894335	true
x018931	G0/generic#2	outgoing	6.430868579	620.7128518	5.969325302	0.4615432767	true
x019268	G0/generic#2	outgoing	6.424793871	616.9536324	5.969325302	0.4554685692	true
x019269	G0/generic#2	outgoing	6.426795723	618.1899192	5.969325302	0.457470421	true
x000052	G0/generic#2	incoming	6.414729803	610.7757085	5.969325302	0.4454045007	true
x000053	G0/generic#2	incoming	6.417011175	612.1707062	5.969325302	0.4476858734	true
x009968	G0/generic#2	incoming	6.422814735	615.733805	5.969325302	0.4534894335	true
x010008	G0/generic#2	incoming	6.420858069	614.5301974	5.969325302	0.4515327674	true
x018928	G0/generic#2	incoming	6.418923629	613.3425747	5.969325302	0.4495983274	true
x018929	G0/generic#2	incoming	6.422814735	615.733805	5.969325302	0.4534894335	true
x018930	G0/generic#2	incoming	6.407323407	606.268773	5.969325302	0.4379981056	true
x000052	G1/generic#2	outgoing	6.430868579	620.7128518	5.952412445	0.4784561339	true
x000053	G1/generic#2	outgoing	6.430868579	620.7128518	5.952412445	0.4784561339	true
x000055	G1/generic#2	outgoing	6.432940093	622	5.952412445	0.4805276481	true
x000712	G1/generic#2	outgoing	6.420858069	614.5301974	5.952412445	0.4684456247	true
x000713	G1/generic#2	outgoing	6.424793871	616.9536324	5.952412445	0.4723814264	true
x001052	G1/generic#2	outgoing	6.422814735	615.733805	5.952412445	0.4704022908	true
x001168	G1/generic#2	outgoing	6.422483528	615.5299035	5.952412445	0.4700710838	true
x001169	G1/generic#2	outgoing	6.420858069	614.5301974	5.952412445	0.4684456247	true
x009249	G1/generic#2	outgoing	6.428820541	619.4429094	5.952412445	0.4764080962	true
x012120	G1/generic#2	outgoing	6.432940093	622	5.952412445	0.4805276481	true
x012696	G1/generic#2	outgoing	6.426795723	618.1899192	5.952412445	0.4743832782	true
x012697	G1/generic#2	outgoing	6.418562303	613.1209979	5.952412445	0.4661498584	true
x012880	G1/generic#2	outgoing	6.432940093	622	5.952412445	0.4805276481	true
x018928	G1/generic#2	outgoing	6.424793871	616.9536324	5.952412445	0.4723814264	true
x018929	G1/generic#2	outgoing	6.430868579	620.7128518	5.952412445	0.4784561339	true
x018930	G1/generic#2	outgoing	6.426795723	618.1899192	5.952412445	0.4743832782	true
x019268	G1/generic#2	outgoing	6.420858069	614.5301974	5.952412445	0.4684456247	true
x019269	G1/generic#2	outgoing	6.422814735	615.733805	5.952412445	0.4704022908	true
x020557	G1/generic#2	outgoing	6.424793871	616.9536324	5.952412445	0.4723814264	true
x020629	G1/generic#2	outgoing	6.420858069	614.5301974	5.952412445	0.4684456247	true
x000052	G1/generic#2	incoming	6.418923629	613.3425747	5.952412445	0.4665111847	true
x012120	G1/generic#2	incoming	6.422814735	615.733805	5.952412445	0.4704022908	true
x012880	G1/generic#2	incoming	6.422814735	615.733805	5.952412445	0.4704022908	true
x018928	G1/generic#2	incoming	6.395798579	599.3217378	5.952412445	0.4433861341	true
x018929	G1/generic#2	incoming	6.420858069	614.5301974	5.952412445	0.4684456247	true
x018930	G1/generic#2	incoming	6.420858069	614.5301974	5.952412445	0.4684456247	true
x020629	G1/generic#2	incoming	6.422814735	615.733805	5.952412445	0.4704022908	true
x000052	G2/generic#2	outgoing	6.430868579	620.7128518	5.959193221	0.4716753577	true
x000053	G2/generic#2	outgoing	6.426795723	618.1899192	5.959193221	0.467602502	true
x000054	G2/generic#2	outgoing	6.430868579	620.7128518	5.959193221	0.4716753577	true
x000712	G2/generic#2	outgoing	6.422814735	615.733805	5.959193221	0.4636215145	true
x000713	G2/generic#2	outgoing	6.420858069	614.5301974	5.959193221	0.4616648484	true
x000714	G2/generic#2	outgoing	6.424793871	616.9536324	5.959193221	0.4656006502	true
x008704	G2/generic#2	outgoing	6.422483528	615.5299035	5.959193221	0.4632903076	true
x008706	G2/generic#2	outgoing	6.426795723	618.1899192	5.959193221	0.467602502	true
x008944	G2/generic#2	outgoing	6.426795723	618.1899192	5.959193221	0.467602502	true
x009248	G2/generic#2	outgoing	6.422814735	615.733805	5.959193221	0.4636215145	true
x009250	G2/generic#2	outgoing	6.424793871	616.9536324	5.959193221	0.4656006502	true
x009436	G2/generic#2	outgoing	6.414968699	610.9216384	5.959193221	0.4557754786	true
x009438	G2/generic#2	outgoing	6.420858069	614.5301974	5.959193221	0.4616648484	true
x012696	G2/generic#2	outgoing	6.428820541	619.4429094	5.959193221	0.46962732	true
x012697	G2/generic#2	outgoing	6.422483528	615.5299035	5.959193221	0.4632903076	true
x012698	G2/generic#2	outgoing	6.424793871	616.9536324	5.959193221	0.4656006502	true
x018928	G2/generic#2	outgoing	6.432940093	622	5.959193221	0.4737468719	true
x018929	G2/generic#2	outgoing	6.428820541	619.4429094	5.959193221	0.46962732	true
x018930	G2/generic#2	outgoing	6.430868579	620.7128518	5.959193221	0.4716753577	true
x019268	G2/generic#2	outgoing	6.426795723	618.1899192	5.959193221	0.467602502	true
x020108	G2/generic#2	outgoing	6.420858069	614.5301974	5.959193221	0.4616648484	true
x000052	G2/generic#2	incoming	6.417011175	612.1707062	5.959193221	0.4578179544	true
x000053	G2/generic#2	incoming	6.417011175	612.1707062	5.959193221	0.4578179544	true
x000054	G2/generic#2	incoming	6.420858069	614.5301974	5.959193221	0.4616648484	true
x008704	G2/generic#2	incoming	6.410167057	607.9952424	5.959193221	0.4509738361	true
x018928	G2/generic#2	incoming	6.41305278	609.7522819	5.959193221	0.4538595587	true
x018929	G2/generic#2	incoming	6.422814735	615.733805	5.959193221	0.4636215145	true
x018930	G2/generic#2	incoming	6.422814735	615.733805	5.959193221	0.4636215145	true
x000052	G3/generic#2	outgoing	6.430868579	620.7128518	5.942571735	0.4882968438	true
x000053	G3/generic#2	outgoing	6.432940093	622	5.942571735	0.490368358	true
x000054	G3/generic#2	outgoing	6.432940093	622	5.942571735	0.490368358	true
x000712	G3/generic#2	outgoing	6.418562303	613.1209979	5.942571735	0.4759905682	true
x000713	G3/generic#2	outgoing	6.422814735	615.733805	5.942571735	0.4802430007	true
x008688	G3/generic#2	outgoing	6.426795723	618.1899192	5.942571735	0.4842239881	true
x008704	G3/generic#2	outgoing	6.422814735	615.733805	5.942571735	0.4802430007	true
x008705	G3/generic#2	outgoing	6.424793871	616.9536324	5.942571735	0.4822221363	true
x009248	G3/generic#2	outgoing	6.414729803	610.7757085	5.942571735	0.4721580678	true
x009249	G3/generic#2	outgoing	6.424793871	616.9536324	5.942571735	0.4822221363	true
x009250	G3/generic#2	outgoing	6.416635082	611.9405164	5.942571735	0.4740633476	true
x009437	G3/generic#2	outgoing	6.422814735	615.733805	5.942571735	0.4802430007	true
x012121	G3/generic#2	outgoing	6.432940093	622	5.942571735	0.490368358	true
x012697	G3/generic#2	outgoing	6.428820541	619.4429094	5.942571735	0.4862488061	true
x018925	G3/generic#2	outgoing	6.422814735	615.733805	5.942571735	0.4802430007	true
x018928	G3/generic#2	outgoing	6.428820541	619.4429094	5.942571735	0.4862488061	true
x018929	G3/generic#2	outgoing	6.430868579	620.7128518	5.942571735	0.4882968438	true
x018930	G3/generic#2	outgoing	6.428820541	619.4429094	5.942571735	0.4862488061	true
x019268	G3/generic#2	outgoing	6.422814735	615.733805	5.942571735	0.4802430007	true
x019269	G3/generic#2	outgoing	6.424793871	616.9536324	5.942571735	0.4822221363	true
x019270	G3/generic#2	outgoing	6.426795723	618.1899192	5.942571735	0.4842239881	true
x020628	G3/generic#2	outgoing	6.422814735	615.733805	5.942571735	0.4802430007	true
x021054	G3/generic#2	outgoing	6.424793871	616.9536324	5.942571735	0.4822221363	true
x021400	G3/generic#2	outgoing	6.41512047	611.0143655	5.942571735	0.4725487357	true
x021401	G3/generic#2	outgoing	6.420858069	614.5301974	5.942571735	0.4782863345	true
x000052	G3/generic#2	incoming	6.422814735	615.733805	5.942571735	0.4802430007	true
x000053	G3/generic#2	incoming	6.422814735	615.733805	5.942571735	0.4802430007	true
x009248	G3/generic#2	incoming	6.410984122	608.4922172	5.942571735	0.4684123875	true
x009250	G3/generic#2	incoming	6.420858069	614.5301974	5.942571735	0.4782863345	true
x018929	G3/generic#2	incoming	6.412846227	609.626349	5.942571735	0.4702744922	true
x018930	G3/generic#2	incoming	6.418562303	613.1209979	5.942571735	0.4759905682	true
x021400	G3/generic#2	incoming	6.41512047	611.0143655	5.942571735	0.4725487357	true
x000052	G0/generic#3	outgoing	6.426795723	618.1899192	5.943379546	0.483416177	true
x000054	G0/generic#3	outgoing	6.430868579	620.7128518	5.943379546	0.4874890326	true
x000712	G0/generic#3	outgoing	6.420858069	614.5301974	5.943379546	0.4774785234	true
x000713	G0/generic#3	outgoing	6.418867108	613.307909	5.943379546	0.4754875625	true
x008704	G0/generic#3	outgoing	6.412846227	609.626349	5.943379546	0.4694666811	true
x008705	G0/generic#3	outgoing	6.428820541	619.4429094	5.943379546	0.485440995	true
x008706	G0/generic#3	outgoing	6.428820541	619.4429094	5.943379546	0.485440995	true
x008707	G0/generic#3	outgoing	6.426795723	618.1899192	5.943379546	0.483416177	true
x008945	G0/generic#3	outgoing	6.426795723	618.1899192	5.943379546	0.483416177	true
x009249	G0/generic#3	outgoing	6.418923629	613.3425747	5.943379546	0.4755440834	true
x009250	G0/generic#3	outgoing	6.416635082	611.9405164	5.943379546	0.4732555365	true
x009437	G0/generic#3	outgoing	6.410764233	608.3584308	5.943379546	0.4673846867	true
x010008	G0/generic#3	outgoing	6.422814735	615.733805	5.943379546	0.4794351895	true
x012696	G0/generic#3	outgoing	6.422814735	615.733805	5.943379546	0.4794351895	true
x012697	G0/generic#3	outgoing	6.426795723	618.1899192	5.943379546	0.483416177	true
x012698	G0/generic#3	outgoing	6.420858069	614.5301974	5.943379546	0.4774785234	true
x018924	G0/generic#3	outgoing	6.418562303	613.1209979	5.943379546	0.4751827571	true
x018928	G0/generic#3	outgoing	6.428820541	619.4429094	5.943379546	0.485440995	true
x018929	G0/generic#3	outgoing	6.428820541	619.4429094	5.943379546	0.485440995	true
x018930	G0/generic#3	outgoing	6.428820541	619.4429094	5.943379546	0.485440995	true
x019268	G0/generic#3	outgoing	6.422814735	615.733805	5.943379546	0.4794351895	true
x019269	G0/generic#3	outgoing	6.41512047	611.0143655	5.943379546	0.4717409245	true
x020556	G0/generic#3	outgoing	6.428820541	619.4429094	5.943379546	0.485440995	true
x020558	G0/generic#3	outgoing	6.426795723	618.1899192	5.943379546	0.483416177	true
x020628	G0/generic#3	outgoing	6.428820541	619.4429094	5.943379546	0.485440995	true
x000052	G0/generic#3	incoming	6.414729803	610.7757085	5.943379546	0.4713502566	true
x000054	G0/generic#3	incoming	6.420858069	614.5301974	5.943379546	0.4774785234	true
x008704	G0/generic#3	incoming	6.413251281	609.8733306	5.943379546	0.469871735	true
x008945	G0/generic#3	incoming	6.416906728	612.1067702	5.943379546	0.4735271825	true
x009249	G0/generic#3	incoming	6.40701207	606.0800481	5.943379546	0.4636325241	true
x009250	G0/generic#3	incoming	6.422814735	615.733805	5.943379546	0.4794351895	true
x018928	G0/generic#3	incoming	6.41512047	611.0143655	5.943379546	0.4717409245	true
x018930	G0/generic#3	incoming	6.420858069	614.5301974	5.943379546	0.4774785234	true
x019268	G0/generic#3	incoming	6.422814735	615.733805	5.943379546	0.4794351895	true
x019269	G0/generic#3	incoming	6.418923629	613.3425747	5.943379546	0.4755440834	true
x020556	G0/generic#3	incoming	6.420858069	614.5301974	5.943379546	0.4774785234	true
x020558	G0/generic#3	incoming	6.422814735	615.733805	5.943379546	0.4794351895	true
x000052	G1/generic#3	outgoing	6.430868579	620.7128518	5.926689454	0.5041791241	true
x000712	G1/generic#3	outgoing	6.420858069	614.5301974	5.926689454	0.4941686148	true
x000713	G1/generic#3	outgoing	6.422814735	615.733805	5.926689454	0.4961252809	true
x000714	G1/generic#3	outgoing	6.420858069	614.5301974	5.926689454	0.4941686148	true
x008448	G1/generic#3	outgoing	6.426795723	618.1899192	5.926689454	0.5001062684	true
x008704	G1/generic#3	outgoing	6.424793871	616.9536324	5.926689454	0.4981044166	true
x008944	G1/generic#3	outgoing	6.432940093	622	5.926689454	0.5062506383	true
x008945	G1/generic#3	outgoing	6.428820541	619.4429094	5.926689454	0.5021310864	true
x009248	G1/generic#3	outgoing	6.424793871	616.9536324	5.926689454	0.4981044166	true
x009249	G1/generic#3	outgoing	6.420858069	614.5301974	5.926689454	0.4941686148	true
x009436	G1/generic#3	outgoing	6.418923629	613.3425747	5.926689454	0.4922341748	true
x009439	G1/generic#3	outgoing	6.420511704	614.3173824	5.926689454	0.4938222496	true
x012121	G1/generic#3	outgoing	6.422483528	615.5299035	5.926689454	0.495794074	true
x012696	G1/generic#3	outgoing	6.41305278	609.7522819	5.926689454	0.4863633251	true
x012697	G1/generic#3	outgoing	6.420511704	614.3173824	5.926689454	0.4938222496	true
x018924	G1/generic#3	outgoing	6.41244843	609.3838896	5.926689454	0.4857589753	true
x018928	G1/generic#3	outgoing	6.426795723	618.1899192	5.926689454	0.5001062684	true
x018929	G1/generic#3	outgoing	6.428820541	619.4429094	5.926689454	0.5021310864	true
x018930	G1/generic#3	outgoing	6.428820541	619.4429094	5.926689454	0.5021310864	true
x018931	G1/generic#3	outgoing	6.428820541	619.4429094	5.926689454	0.5021310864	true
x019268	G1/generic#3	outgoing	6.414729803	610.7757085	5.926689454	0.4880403481	true
x020556	G1/generic#3	outgoing	6.426795723	618.1899192	5.926689454	0.5001062684	true
x020558	G1/generic#3	outgoing	6.428820541	619.4429094	5.926689454	0.5021310864	true
x020629	G1/generic#3	outgoing	6.428820541	619.4429094	5.926689454	0.5021310864	true
x020829	G1/generic#3	outgoing	6.424793871	616.9536324	5.926689454	0.4981044166	true
x008945	G1/generic#3	incoming	6.422814735	615.733805	5.926689454	0.4961252809	true
x009248	G1/generic#3	incoming	6.422814735	615.733805	5.926689454	0.4961252809	true
x009249	G1/generic#3	incoming	6.416635082	611.9405164	5.926689454	0.4899456279	true
x018924	G1/generic#3	incoming	6.420858069	614.5301974	5.926689454	0.4941686148	true
x018928	G1/generic#3	incoming	6.410984122	608.4922172	5.926689454	0.4842946678	true
x018929	G1/generic#3	incoming	6.397516049	600.3519396	5.926689454	0.4708265947	true
x018930	G1/generic#3	incoming	6.410984122	608.4922172	5.926689454	0.4842946678	true
x018931	G1/generic#3	incoming	6.420511704	614.3173824	5.926689454	0.4938222496	true
x020556	G1/generic#3	incoming	6.422814735	615.733805	5.926689454	0.4961252809	true
x000052	G2/generic#3	outgoing	6.426795723	618.1899192	5.968306477	0.4584892456	true
x000712	G2/generic#3	outgoing	6.426795723	618.1899192	5.968306477	0.4584892456	true
x000713	G2/generic#3	outgoing	6.426795723	618.1899192	5.968306477	0.4584892456	true
x007412	G2/generic#3	outgoing	6.424793871	616.9536324	5.968306477	0.4564873938	true
x008704	G2/generic#3	outgoing	6.428820541	619.4429094	5.968306477	0.4605140636	true
x008705	G2/generic#3	outgoing	6.422814735	615.733805	5.968306477	0.4545082582	true
x009248	G2/generic#3	outgoing	6.426795723	618.1899192	5.968306477	0.4584892456	true
x010009	G2/generic#3	outgoing	6.422814735	615.733805	5.968306477	0.4545082582	true
x010010	G2/generic#3	outgoing	6.422483528	615.5299035	5.968306477	0.4541770512	true
x012696	G2/generic#3	outgoing	6.420511704	614.3173824	5.968306477	0.4522052268	true
x012697	G2/generic#3	outgoing	6.426795723	618.1899192	5.968306477	0.4584892456	true
x012698	G2/generic#3	outgoing	6.422483528	615.5299035	5.968306477	0.4541770512	true
x017248	G2/generic#3	outgoing	6.422814735	615.733805	5.968306477	0.4545082582	true
x018925	G2/generic#3	outgoing	6.422814735	615.733805	5.968306477	0.4545082582	true
x018928	G2/generic#3	outgoing	6.422814735	615.733805	5.968306477	0.4545082582	true
x018929	G2/generic#3	outgoing	6.430868579	620.7128518	5.968306477	0.4625621013	true
x018930	G2/generic#3	outgoing	6.426795723	618.1899192	5.968306477	0.4584892456	true
x019268	G2/generic#3	outgoing	6.420858069	614.5301974	5.968306477	0.452551592	true
x019269	G2/generic#3	outgoing	6.424793871	616.9536324	5.968306477	0.4564873938	true
x020557	G2/generic#3	outgoing	6.420511704	614.3173824	5.968306477	0.4522052268	true
x020628	G2/generic#3	outgoing	6.424793871	616.9536324	5.968306477	0.4564873938	true
x000052	G2/generic#3	incoming	6.420858069	614.5301974	5.968306477	0.452551592	true
x018928	G2/generic#3	incoming	6.401506597	602.7524592	5.968306477	0.4332001198	true
x018929	G2/generic#3	incoming	6.409143258	607.3730961	5.968306477	0.4408367809	true
x018930	G2/generic#3	incoming	6.418923629	613.3425747	5.968306477	0.450617152	true
x020557	G2/generic#3	incoming	6.416635082	611.9405164	5.968306477	0.4483286051	true
x000052	G3/generic#3	outgoing	6.432940093	622	6.027772928	0.4051671651	true
x000054	G3/generic#3	outgoing	6.432940093	622	6.027772928	0.4051671651	true
x000713	G3/generic#3	outgoing	6.426795723	618.1899192	6.027772928	0.3990227952	true
x009248	G3/generic#3	outgoing	6.426795723	618.1899192	6.027772928	0.3990227952	true
x009249	G3/generic#3	outgoing	6.420511704	614.3173824	6.027772928	0.3927387764	true
x009250	G3/generic#3	outgoing	6.428820541	619.4429094	6.027772928	0.4010476132	true
x012696	G3/generic#3	outgoing	6.420511704	614.3173824	6.027772928	0.3927387764	true
x012697	G3/generic#3	outgoing	6.426795723	618.1899192	6.027772928	0.3990227952	true
x018924	G3/generic#3	outgoing	6.424793871	616.9536324	6.027772928	0.3970209434	true
x018928	G3/generic#3	outgoing	6.428820541	619.4429094	6.027772928	0.4010476132	true
x018929	G3/generic#3	outgoing	6.428820541	619.4429094	6.027772928	0.4010476132	true
x018930	G3/generic#3	outgoing	6.426795723	618.1899192	6.027772928	0.3990227952	true
x019268	G3/generic#3	outgoing	6.424793871	616.9536324	6.027772928	0.3970209434	true
x020556	G3/generic#3	outgoing	6.430868579	620.7128518	6.027772928	0.4030956509	true
x021052	G3/generic#3	outgoing	6.418562303	613.1209979	6.027772928	0.3907893753	true
x021400	G3/generic#3	outgoing	6.422814735	615.733805	6.027772928	0.3950418078	true
x021402	G3/generic#3	outgoing	6.426795723	618.1899192	6.027772928	0.3990227952	true
x009249	G3/generic#3	incoming	6.416635082	611.9405164	6.027772928	0.3888621547	true
x018928	G3/generic#3	incoming	6.41512047	611.0143655	6.027772928	0.3873475428	true
x018929	G3/generic#3	incoming	6.418562303	613.1209979	6.027772928	0.3907893753	true
x018930	G3/generic#3	incoming	6.420858069	614.5301974	6.027772928	0.3930851416	true
x019268	G3/generic#3	incoming	6.422814735	615.733805	6.027772928	0.3950418078	true
x020556	G3/generic#3	incoming	6.418562303	613.1209979	6.027772928	0.3907893753	true
x000052	G0/generic#4	outgoing	6.430868579	620.7128518	6.00288789	0.4279806883	true
x000054	G0/generic#4	outgoing	6.432940093	622	6.00288789	0.4300522025	true
x000545	G0/generic#4	outgoing	6.424793871	616.9536324	6.00288789	0.4219059808	true
x000712	G0/generic#4	outgoing	6.422814735	615.733805	6.00288789	0.4199268452	true
x000713	G0/generic#4	outgoing	6.424793871	616.9536324	6.00288789	0.4219059808	true
x008688	G0/generic#4	outgoing	6.430868579	620.7128518	6.00288789	0.4279806883	true
x009248	G0/generic#4	outgoing	6.424793871	616.9536324	6.00288789	0.4219059808	true
x009250	G0/generic#4	outgoing	6.426495436	618.0043126	6.00288789	0.4236075455	true
x009436	G0/generic#4	outgoing	6.417011175	612.1707062	6.00288789	0.4141232851	true
x009437	G0/generic#4	outgoing	6.424793871	616.9536324	6.00288789	0.4219059808	true
x009968	G0/generic#4	outgoing	6.422814735	615.733805	6.00288789	0.4199268452	true
x010008	G0/generic#4	outgoing	6.422483528	615.5299035	6.00288789	0.4195956382	true
x012697	G0/generic#4	outgoing	6.416635082	611.9405164	6.00288789	0.4137471922	true
x018925	G0/generic#4	outgoing	6.422814735	615.733805	6.00288789	0.4199268452	true
x018928	G0/generic#4	outgoing	6.422814735	615.733805	6.00288789	0.4199268452	true
x018929	G0/generic#4	outgoing	6.428820541	619.4429094	6.00288789	0.4259326507	true
x018930	G0/generic#4	outgoing	6.430868579	620.7128518	6.00288789	0.4279806883	true
x020629	G0/generic#4	outgoing	6.424793871	616.9536324	6.00288789	0.4219059808	true
x021400	G0/generic#4	outgoing	6.424793871	616.9536324	6.00288789	0.4219059808	true
x000052	G0/generic#4	incoming	6.420511704	614.3173824	6.00288789	0.4176238138	true
x008688	G0/generic#4	incoming	6.420511704	614.3173824	6.00288789	0.4176238138	true
x009248	G0/generic#4	incoming	6.422814735	615.733805	6.00288789	0.4199268452	true
x009436	G0/generic#4	incoming	6.418923629	613.3425747	6.00288789	0.4160357391	true
x009968	G0/generic#4	incoming	6.416635082	611.9405164	6.00288789	0.4137471922	true
x018928	G0/generic#4	incoming	6.411403376	608.7473833	6.00288789	0.4085154857	true
x018929	G0/generic#4	incoming	6.420858069	614.5301974	6.00288789	0.4179701791	true
x018930	G0/generic#4	incoming	6.418923629	613.3425747	6.00288789	0.4160357391	true
x020629	G0/generic#4	incoming	6.422814735	615.733805	6.00288789	0.4199268452	true
x000054	G1/generic#4	outgoing	6.432940093	622	5.984388976	0.4485511172	true
x000712	G1/generic#4	outgoing	6.422814735	615.733805	5.984388976	0.4384257598	true
x008945	G1/generic#4	outgoing	6.430868579	620.7128518	5.984388976	0.446479603	true
x008996	G1/generic#4	outgoing	6.428820541	619.4429094	5.984388976	0.4444315653	true
x009248	G1/generic#4	outgoing	6.422483528	615.5299035	5.984388976	0.4380945529	true
x009249	G1/generic#4	outgoing	6.428820541	619.4429094	5.984388976	0.4444315653	true
x009437	G1/generic#4	outgoing	6.426795723	618.1899192	5.984388976	0.4424067473	true
x010008	G1/generic#4	outgoing	6.418923629	613.3425747	5.984388976	0.4345346537	true
x012696	G1/generic#4	outgoing	6.422814735	615.733805	5.984388976	0.4384257598	true
x012698	G1/generic#4	outgoing	6.424793871	616.9536324	5.984388976	0.4404048955	true
x018924	G1/generic#4	outgoing	6.426795723	618.1899192	5.984388976	0.4424067473	true
x018928	G1/generic#4	outgoing	6.418923629	613.3425747	5.984388976	0.4345346537	true
x018929	G1/generic#4	outgoing	6.426795723	618.1899192	5.984388976	0.4424067473	true
x018930	G1/generic#4	outgoing	6.430868579	620.7128518	5.984388976	0.446479603	true
x018931	G1/generic#4	outgoing	6.430868579	620.7128518	5.984388976	0.446479603	true
x019268	G1/generic#4	outgoing	6.422814735	615.733805	5.984388976	0.4384257598	true
x020104	G1/generic#4	outgoing	6.424793871	616.9536324	5.984388976	0.4404048955	true
x020556	G1/generic#4	outgoing	6.424793871	616.9536324	5.984388976	0.4404048955	true
x021053	G1/generic#4	outgoing	6.422814735	615.733805	5.984388976	0.4384257598	true
x000054	G1/generic#4	incoming	6.422814735	615.733805	5.984388976	0.4384257598	true
x000712	G1/generic#4	incoming	6.41512047	611.0143655	5.984388976	0.4307314949	true
x008945	G1/generic#4	incoming	6.422814735	615.733805	5.984388976	0.4384257598	true
x009249	G1/generic#4	incoming	6.422814735	615.733805	5.984388976	0.4384257598	true
x010008	G1/generic#4	incoming	6.422814735	615.733805	5.984388976	0.4384257598	true
x018928	G1/generic#4	incoming	6.407323407	606.268773	5.984388976	0.4229344319	true
x018929	G1/generic#4	incoming	6.41512047	611.0143655	5.984388976	0.4307314949	true
x018930	G1/generic#4	incoming	6.422814735	615.733805	5.984388976	0.4384257598	true
x018931	G1/generic#4	incoming	6.422814735	615.733805	5.984388976	0.4384257598	true
x000052	G2/generic#4	outgoing	6.428820541	619.4429094	5.937034474	0.4917860672	true
x000053	G2/generic#4	outgoing	6.430868579	620.7128518	5.937034474	0.4938341048	true
x000054	G2/generic#4	outgoing	6.430868579	620.7128518	5.937034474	0.4938341048	true
x000712	G2/generic#4	outgoing	6.426795723	618.1899192	5.937034474	0.4897612492	true
x000713	G2/generic#4	outgoing	6.426795723	618.1899192	5.937034474	0.4897612492	true
x000714	G2/generic#4	outgoing	6.428820541	619.4429094	5.937034474	0.4917860672	true
x008704	G2/generic#4	outgoing	6.424793871	616.9536324	5.937034474	0.4877593974	true
x008705	G2/generic#4	outgoing	6.424793871	616.9536324	5.937034474	0.4877593974	true
x008945	G2/generic#4	outgoing	6.426795723	618.1899192	5.937034474	0.4897612492	true
x009249	G2/generic#4	outgoing	6.426795723	618.1899192	5.937034474	0.4897612492	true
x009437	G2/generic#4	outgoing	6.418208673	612.9042181	5.937034474	0.481174199	true
x010008	G2/generic#4	outgoing	6.424793871	616.9536324	5.937034474	0.4877593974	true
x010009	G2/generic#4	outgoing	6.418923629	613.3425747	5.937034474	0.4818891556	true
x012696	G2/generic#4	outgoing	6.430868579	620.7128518	5.937034474	0.4938341048	true
x012697	G2/generic#4	outgoing	6.420511704	614.3173824	5.937034474	0.4834772303	true
x012698	G2/generic#4	outgoing	6.426795723	618.1899192	5.937034474	0.4897612492	true
x018928	G2/generic#4	outgoing	6.426795723	618.1899192	5.937034474	0.4897612492	true
x018929	G2/generic#4	outgoing	6.426795723	618.1899192	5.937034474	0.4897612492	true
x018930	G2/generic#4	outgoing	6.428820541	619.4429094	5.937034474	0.4917860672	true
x019268	G2/generic#4	outgoing	6.424793871	616.9536324	5.937034474	0.4877593974	true
x019269	G2/generic#4	outgoing	6.422814735	615.733805	5.937034474	0.4857802617	true
x020108	G2/generic#4	outgoing	6.422814735	615.733805	5.937034474	0.4857802617	true
x020556	G2/generic#4	outgoing	6.430868579	620.7128518	5.937034474	0.4938341048	true
x020557	G2/generic#4	outgoing	6.424793871	616.9536324	5.937034474	0.4877593974	true
x021052	G2/generic#4	outgoing	6.424793871	616.9536324	5.937034474	0.4877593974	true
x000052	G2/generic#4	incoming	6.40701207	606.0800481	5.937034474	0.4699775963	true
x000053	G2/generic#4	incoming	6.422814735	615.733805	5.937034474	0.4857802617	true
x008945	G2/generic#4	incoming	6.420858069	614.5301974	5.937034474	0.4838235956	true
x010009	G2/generic#4	incoming	6.422814735	615.733805	5.937034474	0.4857802617	true
x018928	G2/generic#4	incoming	6.413251281	609.8733306	5.937034474	0.4762168072	true
x018929	G2/generic#4	incoming	6.399290317	601.4180704	5.937034474	0.4622558436	true
x018930	G2/generic#4	incoming	6.422814735	615.733805	5.937034474	0.4857802617	true
x000052	G3/generic#4	outgoing	6.428820541	619.4429094	5.978761168	0.4500593724	true
x000053	G3/generic#4	outgoing	6.426795723	618.1899192	5.978761168	0.4480345544	true
x000712	G3/generic#4	outgoing	6.424793871	616.9536324	5.978761168	0.4460327026	true
x000713	G3/generic#4	outgoing	6.422483528	615.5299035	5.978761168	0.44372236	true
x009248	G3/generic#4	outgoing	6.420858069	614.5301974	5.978761168	0.4420969008	true
x009249	G3/generic#4	outgoing	6.418923629	613.3425747	5.978761168	0.4401624608	true
x009436	G3/generic#4	outgoing	6.422483528	615.5299035	5.978761168	0.44372236	true
x009968	G3/generic#4	outgoing	6.420511704	614.3173824	5.978761168	0.4417505356	true
x009970	G3/generic#4	outgoing	6.424793871	616.9536324	5.978761168	0.4460327026	true
x010008	G3/generic#4	outgoing	6.418923629	613.3425747	5.978761168	0.4401624608	true
x010009	G3/generic#4	outgoing	6.420511704	614.3173824	5.978761168	0.4417505356	true
x012696	G3/generic#4	outgoing	6.414346535	610.5416631	5.978761168	0.435585367	true
x018928	G3/generic#4	outgoing	6.414729803	610.7757085	5.978761168	0.4359686341	true
x018929	G3/generic#4	outgoing	6.426795723	618.1899192	5.978761168	0.4480345544	true
x018930	G3/generic#4	outgoing	6.430868579	620.7128518	5.978761168	0.4521074101	true
x019268	G3/generic#4	outgoing	6.426795723	618.1899192	5.978761168	0.4480345544	true
x021402	G3/generic#4	outgoing	6.424793871	616.9536324	5.978761168	0.4460327026	true
x000053	G3/generic#4	incoming	6.420858069	614.5301974	5.978761168	0.4420969008	true
x009248	G3/generic#4	incoming	6.422814735	615.733805	5.978761168	0.444053567	true
x009249	G3/generic#4	incoming	6.410984122	608.4922172	5.978761168	0.4322229538	true
x009968	G3/generic#4	incoming	6.414729803	610.7757085	5.978761168	0.4359686341	true
x010008	G3/generic#4	incoming	6.418923629	613.3425747	5.978761168	0.4401624608	true
x018928	G3/generic#4	incoming	6.410984122	608.4922172	5.978761168	0.4322229538	true
x018929	G3/generic#4	incoming	6.39409406	598.3010527	5.978761168	0.4153328915	true
x018930	G3/generic#4	incoming	6.420858069	614.5301974	5.978761168	0.4420969008	true
x000053	G0/generic#5	outgoing	6.432940093	622	5.958928729	0.4740113637	true
x007640	G0/generic#5	outgoing	6.426795723	618.1899192	5.958928729	0.4678669938	true
x008704	G0/generic#5	outgoing	6.426795723	618.1899192	5.958928729	0.4678669938	true
x008705	G0/generic#5	outgoing	6.420858069	614.5301974	5.958928729	0.4619293402	true
x008945	G0/generic#5	outgoing	6.428820541	619.4429094	5.958928729	0.4698918118	true
x009248	G0/generic#5	outgoing	6.426795723	618.1899192	5.958928729	0.4678669938	true
x009436	G0/generic#5	outgoing	6.420858069	614.5301974	5.958928729	0.4619293402	true
x009968	G0/generic#5	outgoing	6.424478022	616.7587993	5.958928729	0.4655492935	true
x010008	G0/generic#5	outgoing	6.424793871	616.9536324	5.958928729	0.465865142	true
x012697	G0/generic#5	outgoing	6.424793871	616.9536324	5.958928729	0.465865142	true
x018926	G0/generic#5	outgoing	6.424793871	616.9536324	5.958928729	0.465865142	true
x018928	G0/generic#5	outgoing	6.424793871	616.9536324	5.958928729	0.465865142	true
x018929	G0/generic#5	outgoing	6.426795723	618.1899192	5.958928729	0.4678669938	true
x018930	G0/generic#5	outgoing	6.412846227	609.626349	5.958928729	0.4539174979	true
x018931	G0/generic#5	outgoing	6.432940093	622	5.958928729	0.4740113637	true
x019269	G0/generic#5	outgoing	6.428820541	619.4429094	5.958928729	0.4698918118	true
x020558	G0/generic#5	outgoing	6.428820541	619.4429094	5.958928729	0.4698918118	true
x008704	G0/generic#5	incoming	6.422814735	615.733805	5.958928729	0.4638860064	true
x018928	G0/generic#5	incoming	6.407770512	606.5398993	5.958928729	0.4488417833	true
x018929	G0/generic#5	incoming	6.412846227	609.626349	5.958928729	0.4539174979	true
x018930	G0/generic#5	incoming	6.405985107	605.457946	5.958928729	0.4470563783	true
x000052	G1/generic#5	outgoing	6.430868579	620.7128518	5.991648183	0.4392203953	true
x000053	G1/generic#5	outgoing	6.432940093	622	5.991648183	0.4412919095	true
x000712	G1/generic#5	outgoing	6.424478022	616.7587993	5.991648183	0.4328298393	true
x000713	G1/generic#5	outgoing	6.426795723	618.1899192	5.991648183	0.4351475397	true
x008704	G1/generic#5	outgoing	6.430868579	620.7128518	5.991648183	0.4392203953	true
x009248	G1/generic#5	outgoing	6.424793871	616.9536324	5.991648183	0.4331456878	true
x009249	G1/generic#5	outgoing	6.424793871	616.9536324	5.991648183	0.4331456878	true
x010008	G1/generic#5	outgoing	6.426795723	618.1899192	5.991648183	0.4351475397	true
x012696	G1/generic#5	outgoing	6.426795723	618.1899192	5.991648183	0.4351475397	true
x012697	G1/generic#5	outgoing	6.422483528	615.5299035	5.991648183	0.4308353453	true
x018928	G1/generic#5	outgoing	6.424793871	616.9536324	5.991648183	0.4331456878	true
x018929	G1/generic#5	outgoing	6.428820541	619.4429094	5.991648183	0.4371723577	true
x018930	G1/generic#5	outgoing	6.432940093	622	5.991648183	0.4412919095	true
x018931	G1/generic#5	outgoing	6.430868579	620.7128518	5.991648183	0.4392203953	true
x000052	G1/generic#5	incoming	6.422814735	615.733805	5.991648183	0.4311665522	true
x000053	G1/generic#5	incoming	6.410984122	608.4922172	5.991648183	0.4193359391	true
x018928	G1/generic#5	incoming	6.399755322	601.6977974	5.991648183	0.4081071385	true
x018929	G1/generic#5	incoming	6.417011175	612.1707062	5.991648183	0.4253629921	true
x018931	G1/generic#5	incoming	6.422814735	615.733805	5.991648183	0.4311665522	true
x000052	G2/generic#5	outgoing	6.430868579	620.7128518	6.01970815	0.4111604289	true
x000053	G2/generic#5	outgoing	6.430868579	620.7128518	6.01970815	0.4111604289	true
x000712	G2/generic#5	outgoing	6.426795723	618.1899192	6.01970815	0.4070875732	true
x002536	G2/generic#5	outgoing	6.422814735	615.733805	6.01970815	0.4031065858	true
x008996	G2/generic#5	outgoing	6.426795723	618.1899192	6.01970815	0.4070875732	true
x012764	G2/generic#5	outgoing	6.418867108	613.307909	6.01970815	0.3991589588	true
x018928	G2/generic#5	outgoing	6.417011175	612.1707062	6.01970815	0.3973030257	true
x018929	G2/generic#5	outgoing	6.426795723	618.1899192	6.01970815	0.4070875732	true
x018931	G2/generic#5	outgoing	6.430868579	620.7128518	6.01970815	0.4111604289	true
x019053	G2/generic#5	outgoing	6.426795723	618.1899192	6.01970815	0.4070875732	true
x020557	G2/generic#5	outgoing	6.424793871	616.9536324	6.01970815	0.4050857214	true
x021400	G2/generic#5	outgoing	6.424793871	616.9536324	6.01970815	0.4050857214	true
x000052	G2/generic#5	incoming	6.416266537	611.7150299	6.01970815	0.3965583871	true
x000053	G2/generic#5	incoming	6.422814735	615.733805	6.01970815	0.4031065858	true
x018928	G2/generic#5	incoming	6.39676599	599.901809	6.01970815	0.3770578405	true
x018929	G2/generic#5	incoming	6.412846227	609.626349	6.01970815	0.3931380773	true
x018931	G2/generic#5	incoming	6.422814735	615.733805	6.01970815	0.4031065858	true
x020557	G2/generic#5	incoming	6.416906728	612.1067702	6.01970815	0.3971985787	true
x000052	G3/generic#5	outgoing	6.432940093	622	5.998154809	0.4347852835	true
x000053	G3/generic#5	outgoing	6.430868579	620.7128518	5.998154809	0.4327137693	true
x008705	G3/generic#5	outgoing	6.426795723	618.1899192	5.998154809	0.4286409136	true
x008944	G3/generic#5	outgoing	6.426795723	618.1899192	5.998154809	0.4286409136	true
x009248	G3/generic#5	outgoing	6.412846227	609.626349	5.998154809	0.4146914177	true
x009970	G3/generic#5	outgoing	6.418208673	612.9042181	5.998154809	0.4200538634	true
x010008	G3/generic#5	outgoing	6.422814735	615.733805	5.998154809	0.4246599261	true
x012696	G3/generic#5	outgoing	6.400716718	602.2765455	5.998154809	0.4025619084	true
x012697	G3/generic#5	outgoing	6.416635082	611.9405164	5.998154809	0.4184802731	true
x018928	G3/generic#5	outgoing	6.424478022	616.7587993	5.998154809	0.4263232132	true
x018929	G3/generic#5	outgoing	6.430868579	620.7128518	5.998154809	0.4327137693	true
x018930	G3/generic#5	outgoing	6.428820541	619.4429094	5.998154809	0.4306657316	true
x019268	G3/generic#5	outgoing	6.426795723	618.1899192	5.998154809	0.4286409136	true
x021400	G3/generic#5	outgoing	6.422814735	615.733805	5.998154809	0.4246599261	true
x021402	G3/generic#5	outgoing	6.420858069	614.5301974	5.998154809	0.42270326	true
x000052	G3/generic#5	incoming	6.420511704	614.3173824	5.998154809	0.4223568948	true
x009248	G3/generic#5	incoming	6.420858069	614.5301974	5.998154809	0.42270326	true
x009970	G3/generic#5	incoming	6.422814735	615.733805	5.998154809	0.4246599261	true
x018928	G3/generic#5	incoming	6.394866458	598.7633576	5.998154809	0.3967116484	true
x018929	G3/generic#5	incoming	6.414729803	610.7757085	5.998154809	0.4165749933	true
x018930	G3/generic#5	incoming	6.418923629	613.3425747	5.998154809	0.42076882	true
x000052	G0/generic#6	outgoing	6.430868579	620.7128518	5.94273543	0.4881331488	true
x000712	G0/generic#6	outgoing	6.422814735	615.733805	5.94273543	0.4800793057	true
x000713	G0/generic#6	outgoing	6.422814735	615.733805	5.94273543	0.4800793057	true
x008448	G0/generic#6	outgoing	6.422814735	615.733805	5.94273543	0.4800793057	true
x008836	G0/generic#6	outgoing	6.426495436	618.0043126	5.94273543	0.483760006	true
x009248	G0/generic#6	outgoing	6.420511704	614.3173824	5.94273543	0.4777762743	true
x009249	G0/generic#6	outgoing	6.426795723	618.1899192	5.94273543	0.4840602931	true
x009250	G0/generic#6	outgoing	6.424793871	616.9536324	5.94273543	0.4820584413	true
x009436	G0/generic#6	outgoing	6.418562303	613.1209979	5.94273543	0.4758268733	true
x012697	G0/generic#6	outgoing	6.414968699	610.9216384	5.94273543	0.4722332698	true
x016548	G0/generic#6	outgoing	6.414729803	610.7757085	5.94273543	0.4719943728	true
x018924	G0/generic#6	outgoing	6.420858069	614.5301974	5.94273543	0.4781226396	true
x018928	G0/generic#6	outgoing	6.426795723	618.1899192	5.94273543	0.4840602931	true
x018929	G0/generic#6	outgoing	6.416635082	611.9405164	5.94273543	0.4738996527	true
x018930	G0/generic#6	outgoing	6.428820541	619.4429094	5.94273543	0.4860851111	true
x019268	G0/generic#6	outgoing	6.422814735	615.733805	5.94273543	0.4800793057	true
x019269	G0/generic#6	outgoing	6.422814735	615.733805	5.94273543	0.4800793057	true
x019271	G0/generic#6	outgoing	6.426795723	618.1899192	5.94273543	0.4840602931	true
x020556	G0/generic#6	outgoing	6.430868579	620.7128518	5.94273543	0.4881331488	true
x020828	G0/generic#6	outgoing	6.422814735	615.733805	5.94273543	0.4800793057	true
x021052	G0/generic#6	outgoing	6.420511704	614.3173824	5.94273543	0.4777762743	true
x000052	G0/generic#6	incoming	6.412846227	609.626349	5.94273543	0.4701107972	true
x008448	G0/generic#6	incoming	6.420858069	614.5301974	5.94273543	0.4781226396	true
x008836	G0/generic#6	incoming	6.422814735	615.733805	5.94273543	0.4800793057	true
x009248	G0/generic#6	incoming	6.422814735	615.733805	5.94273543	0.4800793057	true
x018928	G0/generic#6	incoming	6.392314871	597.2375088	5.94273543	0.4495794417	true
x018929	G0/generic#6	incoming	6.416635082	611.9405164	5.94273543	0.4738996527	true
x020556	G0/generic#6	incoming	6.420511704	614.3173824	5.94273543	0.4777762743	true
x000052	G1/generic#6	outgoing	6.428820541	619.4429094	5.959946942	0.4688735988	true
x000053	G1/generic#6	outgoing	6.430868579	620.7128518	5.959946942	0.4709216364	true
x000712	G1/generic#6	outgoing	6.426795723	618.1899192	5.959946942	0.4668487808	true
x000713	G1/generic#6	outgoing	6.426795723	618.1899192	5.959946942	0.4668487808	true
x005588	G1/generic#6	outgoing	6.424793871	616.9536324	5.959946942	0.4648469289	true
x009248	G1/generic#6	outgoing	6.420511704	614.3173824	5.959946942	0.4605647619	true
x009250	G1/generic#6	outgoing	6.424793871	616.9536324	5.959946942	0.4648469289	true
x010008	G1/generic#6	outgoing	6.426795723	618.1899192	5.959946942	0.4668487808	true
x012696	G1/generic#6	outgoing	6.422483528	615.5299035	5.959946942	0.4625365864	true
x015808	G1/generic#6	outgoing	6.428820541	619.4429094	5.959946942	0.4688735988	true
x018928	G1/generic#6	outgoing	6.430868579	620.7128518	5.959946942	0.4709216364	true
x018929	G1/generic#6	outgoing	6.428820541	619.4429094	5.959946942	0.4688735988	true
x018930	G1/generic#6	outgoing	6.424793871	616.9536324	5.959946942	0.4648469289	true
x000053	G1/generic#6	incoming	6.418562303	613.1209979	5.959946942	0.4586153609	true
x009248	G1/generic#6	incoming	6.418923629	613.3425747	5.959946942	0.4589766872	true
x015808	G1/generic#6	incoming	6.422814735	615.733805	5.959946942	0.4628677933	true
x018928	G1/generic#6	incoming	6.413251281	609.8733306	5.959946942	0.4533043388	true
x018929	G1/generic#6	incoming	6.417011175	612.1707062	5.959946942	0.4570642332	true
x018930	G1/generic#6	incoming	6.412846227	609.626349	5.959946942	0.4528992849	true
x000053	G2/generic#6	outgoing	6.428820541	619.4429094	6.040885734	0.3879348066	true
x009248	G2/generic#6	outgoing	6.420858069	614.5301974	6.040885734	0.379972335	true
x009249	G2/generic#6	outgoing	6.422814735	615.733805	6.040885734	0.3819290012	true
x009436	G2/generic#6	outgoing	6.424793871	616.9536324	6.040885734	0.3839081368	true
x012696	G2/generic#6	outgoing	6.424793871	616.9536324	6.040885734	0.3839081368	true
x018926	G2/generic#6	outgoing	6.424793871	616.9536324	6.040885734	0.3839081368	true
x018928	G2/generic#6	outgoing	6.428820541	619.4429094	6.040885734	0.3879348066	true
x018929	G2/generic#6	outgoing	6.424793871	616.9536324	6.040885734	0.3839081368	true
x018930	G2/generic#6	outgoing	6.432940093	622	6.040885734	0.3920543585	true
x019269	G2/generic#6	outgoing	6.424793871	616.9536324	6.040885734	0.3839081368	true
x000053	G2/generic#6	incoming	6.420858069	614.5301974	6.040885734	0.379972335	true
x009248	G2/generic#6	incoming	6.418923629	613.3425747	6.040885734	0.3780378951	true
x018928	G2/generic#6	incoming	6.414729803	610.7757085	6.040885734	0.3738440683	true
x018929	G2/generic#6	incoming	6.41512047	611.0143655	6.040885734	0.3742347362	true
x018930	G2/generic#6	incoming	6.420511704	614.3173824	6.040885734	0.3796259698	true
x000052	G3/generic#6	outgoing	6.428820541	619.4429094	5.99679831	0.4320222305	true
x000053	G3/generic#6	outgoing	6.432940093	622	5.99679831	0.4361417823	true
x000054	G3/generic#6	outgoing	6.430868579	620.7128518	5.99679831	0.4340702681	true
x000712	G3/generic#6	outgoing	6.422814735	615.733805	5.99679831	0.426016425	true
x000713	G3/generic#6	outgoing	6.426795723	618.1899192	5.99679831	0.4299974124	true
x000714	G3/generic#6	outgoing	6.430868579	620.7128518	5.99679831	0.4340702681	true
x008704	G3/generic#6	outgoing	6.428820541	619.4429094	5.99679831	0.4320222305	true
x010008	G3/generic#6	outgoing	6.420858069	614.5301974	5.99679831	0.4240597589	true
x012696	G3/generic#6	outgoing	6.426795723	618.1899192	5.99679831	0.4299974124	true
x018928	G3/generic#6	outgoing	6.428820541	619.4429094	5.99679831	0.4320222305	true
x018929	G3/generic#6	outgoing	6.430868579	620.7128518	5.99679831	0.4340702681	true
x018930	G3/generic#6	outgoing	6.430868579	620.7128518	5.99679831	0.4340702681	true
x019268	G3/generic#6	outgoing	6.426795723	618.1899192	5.99679831	0.4299974124	true
x000052	G3/generic#6	incoming	6.414729803	610.7757085	5.99679831	0.4179314921	true
x008704	G3/generic#6	incoming	6.422814735	615.733805	5.99679831	0.426016425	true
x018928	G3/generic#6	incoming	6.41512047	611.0143655	5.99679831	0.41832216	true
x018929	G3/generic#6	incoming	6.41512047	611.0143655	5.99679831	0.41832216	true
x018930	G3/generic#6	incoming	6.418923629	613.3425747	5.99679831	0.4221253189	true
x000053	G0/generic#7	outgoing	6.426795723	618.1899192	6.009819712	0.4169760105	true
x000713	G0/generic#7	outgoing	6.424793871	616.9536324	6.009819712	0.4149741586	true
x007413	G0/generic#7	outgoing	6.420511704	614.3173824	6.009819712	0.4106919916	true
x008704	G0/generic#7	outgoing	6.428820541	619.4429094	6.009819712	0.4190008285	true
x008944	G0/generic#7	outgoing	6.432940093	622	6.009819712	0.4231203804	true
x009248	G0/generic#7	outgoing	6.426795723	618.1899192	6.009819712	0.4169760105	true
x009436	G0/generic#7	outgoing	6.426795723	618.1899192	6.009819712	0.4169760105	true
x009968	G0/generic#7	outgoing	6.424793871	616.9536324	6.009819712	0.4149741586	true
x010009	G0/generic#7	outgoing	6.418562303	613.1209979	6.009819712	0.4087425906	true
x010010	G0/generic#7	outgoing	6.424793871	616.9536324	6.009819712	0.4149741586	true
x012696	G0/generic#7	outgoing	6.426795723	618.1899192	6.009819712	0.4169760105	true
x018924	G0/generic#7	outgoing	6.422814735	615.733805	6.009819712	0.412995023	true
x018928	G0/generic#7	outgoing	6.426795723	618.1899192	6.009819712	0.4169760105	true
x018929	G0/generic#7	outgoing	6.424793871	616.9536324	6.009819712	0.4149741586	true
x018930	G0/generic#7	outgoing	6.426795723	618.1899192	6.009819712	0.4169760105	true
x019268	G0/generic#7	outgoing	6.422483528	615.5299035	6.009819712	0.4126638161	true
x020829	G0/generic#7	outgoing	6.422814735	615.733805	6.009819712	0.412995023	true
x021052	G0/generic#7	outgoing	6.422814735	615.733805	6.009819712	0.412995023	true
x009968	G0/generic#7	incoming	6.420858069	614.5301974	6.009819712	0.4110383569	true
x018928	G0/generic#7	incoming	6.417011175	612.1707062	6.009819712	0.4071914629	true
x018929	G0/generic#7	incoming	6.422814735	615.733805	6.009819712	0.412995023	true
x018930	G0/generic#7	incoming	6.422814735	615.733805	6.009819712	0.412995023	true
x000052	G1/generic#7	outgoing	6.428820541	619.4429094	5.923498324	0.5053222172	true
x000712	G1/generic#7	outgoing	6.422814735	615.733805	5.923498324	0.4993164118	true
x000713	G1/generic#7	outgoing	6.428820541	619.4429094	5.923498324	0.5053222172	true
x008704	G1/generic#7	outgoing	6.420858069	614.5301974	5.923498324	0.4973597456	true
x008944	G1/generic#7	outgoing	6.428820541	619.4429094	5.923498324	0.5053222172	true
x008945	G1/generic#7	outgoing	6.424793871	616.9536324	5.923498324	0.5012955474	true
x009436	G1/generic#7	outgoing	6.420511704	614.3173824	5.923498324	0.4970133804	true
x009968	G1/generic#7	outgoing	6.424793871	616.9536324	5.923498324	0.5012955474	true
x010009	G1/generic#7	outgoing	6.422814735	615.733805	5.923498324	0.4993164118	true
x012696	G1/generic#7	outgoing	6.422814735	615.733805	5.923498324	0.4993164118	true
x012697	G1/generic#7	outgoing	6.414346535	610.5416631	5.923498324	0.4908482118	true
x012698	G1/generic#7	outgoing	6.422483528	615.5299035	5.923498324	0.4989852048	true
x018924	G1/generic#7	outgoing	6.420858069	614.5301974	5.923498324	0.4973597456	true
x018928	G1/generic#7	outgoing	6.422814735	615.733805	5.923498324	0.4993164118	true
x018929	G1/generic#7	outgoing	6.424793871	616.9536324	5.923498324	0.5012955474	true
x018930	G1/generic#7	outgoing	6.426795723	618.1899192	5.923498324	0.5032973992	true
x019268	G1/generic#7	outgoing	6.426795723	618.1899192	5.923498324	0.5032973992	true
x021401	G1/generic#7	outgoing	6.422814735	615.733805	5.923498324	0.4993164118	true
x000052	G1/generic#7	incoming	6.417011175	612.1707062	5.923498324	0.4935128517	true
x008704	G1/generic#7	incoming	6.422814735	615.733805	5.923498324	0.4993164118	true
x008945	G1/generic#7	incoming	6.420858069	614.5301974	5.923498324	0.4973597456	true
x009968	G1/generic#7	incoming	6.422814735	615.733805	5.923498324	0.4993164118	true
x018928	G1/generic#7	incoming	6.390743702	596.2998841	5.923498324	0.4672453781	true
x018929	G1/generic#7	incoming	6.404623023	604.6338225	5.923498324	0.481124699	true
x018930	G1/generic#7	incoming	6.414729803	610.7757085	5.923498324	0.4912314789	true
x019268	G1/generic#7	incoming	6.422814735	615.733805	5.923498324	0.4993164118	true
x000053	G2/generic#7	outgoing	6.430868579	620.7128518	5.971990848	0.4588777301	true
x000712	G2/generic#7	outgoing	6.428820541	619.4429094	5.971990848	0.4568296925	true
x000715	G2/generic#7	outgoing	6.426795723	618.1899192	5.971990848	0.4548048745	true
x012696	G2/generic#7	outgoing	6.424478022	616.7587993	5.971990848	0.4524871741	true
x012697	G2/generic#7	outgoing	6.420511704	614.3173824	5.971990848	0.4485208556	true
x018928	G2/generic#7	outgoing	6.422483528	615.5299035	5.971990848	0.4504926801	true
x018929	G2/generic#7	outgoing	6.422814735	615.733805	5.971990848	0.450823887	true
x018930	G2/generic#7	outgoing	6.428820541	619.4429094	5.971990848	0.4568296925	true
x019268	G2/generic#7	outgoing	6.424793871	616.9536324	5.971990848	0.4528030227	true
x019269	G2/generic#7	outgoing	6.420858069	614.5301974	5.971990848	0.4488672209	true
x000053	G2/generic#7	incoming	6.422814735	615.733805	5.971990848	0.450823887	true
x018928	G2/generic#7	incoming	6.39683323	599.9421477	5.971990848	0.4248423817	true
x018929	G2/generic#7	incoming	6.405524346	605.1790387	5.971990848	0.4335334975	true
x018930	G2/generic#7	incoming	6.422814735	615.733805	5.971990848	0.450823887	true
x000052	G3/generic#7	outgoing	6.430868579	620.7128518	6.04874346	0.382125119	true
x000053	G3/generic#7	outgoing	6.426795723	618.1899192	6.04874346	0.3780522633	true
x000713	G3/generic#7	outgoing	6.432940093	622	6.04874346	0.3841966332	true
x008704	G3/generic#7	outgoing	6.426795723	618.1899192	6.04874346	0.3780522633	true
x009248	G3/generic#7	outgoing	6.430868579	620.7128518	6.04874346	0.382125119	true
x018928	G3/generic#7	outgoing	6.426795723	618.1899192	6.04874346	0.3780522633	true
x018929	G3/generic#7	outgoing	6.428820541	619.4429094	6.04874346	0.3800770813	true
x019268	G3/generic#7	outgoing	6.426795723	618.1899192	6.04874346	0.3780522633	true
x019269	G3/generic#7	outgoing	6.426795723	618.1899192	6.04874346	0.3780522633	true
x000053	G3/generic#7	incoming	6.417011175	612.1707062	6.04874346	0.3682677158	true
x008704	G3/generic#7	incoming	6.422814735	615.733805	6.04874346	0.3740712759	true
x018928	G3/generic#7	incoming	6.422814735	615.733805	6.04874346	0.3740712759	true
x018929	G3/generic#7	incoming	6.41512047	611.0143655	6.04874346	0.3663770109	true
x000052	G0/generic#8	outgoing	6.428820541	619.4429094	6.031469826	0.3973507149	true
x000053	G0/generic#8	outgoing	6.426795723	618.1899192	6.031469826	0.3953258969	true
x000712	G0/generic#8	outgoing	6.422814735	615.733805	6.031469826	0.3913449095	true
x009248	G0/generic#8	outgoing	6.422814735	615.733805	6.031469826	0.3913449095	true
x009249	G0/generic#8	outgoing	6.424793871	616.9536324	6.031469826	0.3933240451	true
x009437	G0/generic#8	outgoing	6.422814735	615.733805	6.031469826	0.3913449095	true
x010008	G0/generic#8	outgoing	6.424793871	616.9536324	6.031469826	0.3933240451	true
x015808	G0/generic#8	outgoing	6.424793871	616.9536324	6.031469826	0.3933240451	true
x018924	G0/generic#8	outgoing	6.416635082	611.9405164	6.031469826	0.3851652564	true
x018928	G0/generic#8	outgoing	6.420511704	614.3173824	6.031469826	0.3890418781	true
x018929	G0/generic#8	outgoing	6.428820541	619.4429094	6.031469826	0.3973507149	true
x021401	G0/generic#8	outgoing	6.422483528	615.5299035	6.031469826	0.3910137025	true
x021402	G0/generic#8	outgoing	6.428820541	619.4429094	6.031469826	0.3973507149	true
x000052	G0/generic#8	incoming	6.420858069	614.5301974	6.031469826	0.3893882433	true
x009248	G0/generic#8	incoming	6.420858069	614.5301974	6.031469826	0.3893882433	true
x015808	G0/generic#8	incoming	6.420511704	614.3173824	6.031469826	0.3890418781	true
x018924	G0/generic#8	incoming	6.422814735	615.733805	6.031469826	0.3913449095	true
x018928	G0/generic#8	incoming	6.392257051	597.2029771	6.031469826	0.3607872249	true
x021402	G0/generic#8	incoming	6.422814735	615.733805	6.031469826	0.3913449095	true
x000053	G1/generic#8	outgoing	6.432940093	622	5.997706801	0.4352332919	true
x000712	G1/generic#8	outgoing	6.422814735	615.733805	5.997706801	0.4251079345	true
x000713	G1/generic#8	outgoing	6.424793871	616.9536324	5.997706801	0.4270870702	true
x001489	G1/generic#8	outgoing	6.426795723	618.1899192	5.997706801	0.429088922	true
x009248	G1/generic#8	outgoing	6.420858069	614.5301974	5.997706801	0.4231512684	true
x009249	G1/generic#8	outgoing	6.420858069	614.5301974	5.997706801	0.4231512684	true
x010008	G1/generic#8	outgoing	6.422814735	615.733805	5.997706801	0.4251079345	true
x010009	G1/generic#8	outgoing	6.424793871	616.9536324	5.997706801	0.4270870702	true
x012696	G1/generic#8	outgoing	6.420511704	614.3173824	5.997706801	0.4228049031	true
x018928	G1/generic#8	outgoing	6.420858069	614.5301974	5.997706801	0.4231512684	true
x018929	G1/generic#8	outgoing	6.430868579	620.7128518	5.997706801	0.4331617776	true
x018930	G1/generic#8	outgoing	6.430868579	620.7128518	5.997706801	0.4331617776	true
x019270	G1/generic#8	outgoing	6.422814735	615.733805	5.997706801	0.4251079345	true
x020628	G1/generic#8	outgoing	6.428820541	619.4429094	5.997706801	0.43111374	true
x000053	G1/generic#8	incoming	6.422814735	615.733805	5.997706801	0.4251079345	true
x000713	G1/generic#8	incoming	6.422814735	615.733805	5.997706801	0.4251079345	true
x001489	G1/generic#8	incoming	6.422814735	615.733805	5.997706801	0.4251079345	true
x009248	G1/generic#8	incoming	6.420858069	614.5301974	5.997706801	0.4231512684	true
x009249	G1/generic#8	incoming	6.422814735	615.733805	5.997706801	0.4251079345	true
x018928	G1/generic#8	incoming	6.409143258	607.3730961	5.997706801	0.4114364573	true
x018930	G1/generic#8	incoming	6.422814735	615.733805	5.997706801	0.4251079345	true
x000052	G2/generic#8	outgoing	6.432940093	622	5.998691293	0.4342488002	true
x000053	G2/generic#8	outgoing	6.432940093	622	5.998691293	0.4342488002	true
x000713	G2/generic#8	outgoing	6.426795723	618.1899192	5.998691293	0.4281044303	true
x008688	G2/generic#8	outgoing	6.426795723	618.1899192	5.998691293	0.4281044303	true
x009436	G2/generic#8	outgoing	6.422814735	615.733805	5.998691293	0.4241234429	true
x012696	G2/generic#8	outgoing	6.424793871	616.9536324	5.998691293	0.4261025785	true
x012697	G2/generic#8	outgoing	6.422483528	615.5299035	5.998691293	0.4237922359	true
x012699	G2/generic#8	outgoing	6.428820541	619.4429094	5.998691293	0.4301292483	true
x018928	G2/generic#8	outgoing	6.432940093	622	5.998691293	0.4342488002	true
x018929	G2/generic#8	outgoing	6.424793871	616.9536324	5.998691293	0.4261025785	true
x018930	G2/generic#8	outgoing	6.428820541	619.4429094	5.998691293	0.4301292483	true
x021400	G2/generic#8	outgoing	6.424793871	616.9536324	5.998691293	0.4261025785	true
x018928	G2/generic#8	incoming	6.417011175	612.1707062	5.998691293	0.4183198828	true
x018929	G2/generic#8	incoming	6.403745852	604.1036881	5.998691293	0.4050545597	true
x018930	G2/generic#8	incoming	6.418923629	613.3425747	5.998691293	0.4202323368	true
x021400	G2/generic#8	incoming	6.422814735	615.733805	5.998691293	0.4241234429	true
x000052	G3/generic#8	outgoing	6.430868579	620.7128518	6.033983167	0.3968854115	true
x000053	G3/generic#8	outgoing	6.432940093	622	6.033983167	0.3989569257	true
x000712	G3/generic#8	outgoing	6.424793871	616.9536324	6.033983167	0.390810704	true
x000944	G3/generic#8	outgoing	6.424793871	616.9536324	6.033983167	0.390810704	true
x009248	G3/generic#8	outgoing	6.426795723	618.1899192	6.033983167	0.3928125558	true
x009968	G3/generic#8	outgoing	6.424793871	616.9536324	6.033983167	0.390810704	true
x012696	G3/generic#8	outgoing	6.430868579	620.7128518	6.033983167	0.3968854115	true
x012698	G3/generic#8	outgoing	6.424793871	616.9536324	6.033983167	0.390810704	true
x012699	G3/generic#8	outgoing	6.428820541	619.4429094	6.033983167	0.3948373738	true
x018928	G3/generic#8	outgoing	6.424793871	616.9536324	6.033983167	0.390810704	true
x018929	G3/generic#8	outgoing	6.432940093	622	6.033983167	0.3989569257	true
x018930	G3/generic#8	outgoing	6.428820541	619.4429094	6.033983167	0.3948373738	true
x019268	G3/generic#8	outgoing	6.428820541	619.4429094	6.033983167	0.3948373738	true
x019269	G3/generic#8	outgoing	6.424793871	616.9536324	6.033983167	0.390810704	true
x000053	G3/generic#8	incoming	6.422814735	615.733805	6.033983167	0.3888315684	true
x018928	G3/generic#8	incoming	6.405524346	605.1790387	6.033983167	0.3715411789	true
x018929	G3/generic#8	incoming	6.422814735	615.733805	6.033983167	0.3888315684	true
x018930	G3/generic#8	incoming	6.422814735	615.733805	6.033983167	0.3888315684	true
x000713	G0/generic#9	outgoing	6.430868579	620.7128518	6.087101061	0.3437675175	true
x009248	G0/generic#9	outgoing	6.422814735	615.733805	6.087101061	0.3357136744	true
x009249	G0/generic#9	outgoing	6.424793871	616.9536324	6.087101061	0.33769281	true
x009250	G0/generic#9	outgoing	6.420858069	614.5301974	6.087101061	0.3337570082	true
x009436	G0/generic#9	outgoing	6.424793871	616.9536324	6.087101061	0.33769281	true
x012696	G0/generic#9	outgoing	6.424793871	616.9536324	6.087101061	0.33769281	true
x018925	G0/generic#9	outgoing	6.424793871	616.9536324	6.087101061	0.33769281	true
x018928	G0/generic#9	outgoing	6.432940093	622	6.087101061	0.3458390317	true
x019269	G0/generic#9	outgoing	6.428820541	619.4429094	6.087101061	0.3417194798	true
x009249	G0/generic#9	incoming	6.416635082	611.9405164	6.087101061	0.3295340213	true
x009250	G0/generic#9	incoming	6.417011175	612.1707062	6.087101061	0.3299101143	true
x018928	G0/generic#9	incoming	6.420858069	614.5301974	6.087101061	0.3337570082	true
x000053	G1/generic#9	outgoing	6.426795723	618.1899192	6.0230835	0.4037122224	true
x000712	G1/generic#9	outgoing	6.424793871	616.9536324	6.0230835	0.4017103706	true
x000713	G1/generic#9	outgoing	6.426795723	618.1899192	6.0230835	0.4037122224	true
x009248	G1/generic#9	outgoing	6.417011175	612.1707062	6.0230835	0.3939276748	true
x009249	G1/generic#9	outgoing	6.424793871	616.9536324	6.0230835	0.4017103706	true
x009250	G1/generic#9	outgoing	6.426795723	618.1899192	6.0230835	0.4037122224	true
x012696	G1/generic#9	outgoing	6.420858069	614.5301974	6.0230835	0.3977745688	true
x012697	G1/generic#9	outgoing	6.426795723	618.1899192	6.0230835	0.4037122224	true
x016941	G1/generic#9	outgoing	6.422814735	615.733805	6.0230835	0.3997312349	true
x018928	G1/generic#9	outgoing	6.424793871	616.9536324	6.0230835	0.4017103706	true
x018929	G1/generic#9	outgoing	6.430868579	620.7128518	6.0230835	0.407785078	true
x018930	G1/generic#9	outgoing	6.428820541	619.4429094	6.0230835	0.4057370404	true
x019268	G1/generic#9	outgoing	6.426795723	618.1899192	6.0230835	0.4037122224	true
x019269	G1/generic#9	outgoing	6.414729803	610.7757085	6.0230835	0.3916463021	true
x009248	G1/generic#9	incoming	6.413251281	609.8733306	6.0230835	0.3901677804	true
x018928	G1/generic#9	incoming	6.417011175	612.1707062	6.0230835	0.3939276748	true
x018929	G1/generic#9	incoming	6.422814735	615.733805	6.0230835	0.3997312349	true
x018930	G1/generic#9	incoming	6.422814735	615.733805	6.0230835	0.3997312349	true
x019269	G1/generic#9	incoming	6.420858069	614.5301974	6.0230835	0.3977745688	true
x000545	G2/generic#9	outgoing	6.430868579	620.7128518	5.975560286	0.4553082926	true
x000712	G2/generic#9	outgoing	6.418923629	613.3425747	5.975560286	0.4433633434	true
x001488	G2/generic#9	outgoing	6.430868579	620.7128518	5.975560286	0.4553082926	true
x009248	G2/generic#9	outgoing	6.401543438	602.7746654	5.975560286	0.4259831518	true
x009249	G2/generic#9	outgoing	6.418923629	613.3425747	5.975560286	0.4433633434	true
x009437	G2/generic#9	outgoing	6.424793871	616.9536324	5.975560286	0.4492335851	true
x010009	G2/generic#9	outgoing	6.418562303	613.1209979	5.975560286	0.4430020171	true
x012696	G2/generic#9	outgoing	6.420511704	614.3173824	5.975560286	0.4449514181	true
x012698	G2/generic#9	outgoing	6.426795723	618.1899192	5.975560286	0.4512354369	true
x018926	G2/generic#9	outgoing	6.41512047	611.0143655	5.975560286	0.4395601845	true
x018928	G2/generic#9	outgoing	6.424793871	616.9536324	5.975560286	0.4492335851	true
x018929	G2/generic#9	outgoing	6.426795723	618.1899192	5.975560286	0.4512354369	true
x018930	G2/generic#9	outgoing	6.428820541	619.4429094	5.975560286	0.4532602549	true
x019268	G2/generic#9	outgoing	6.410764233	608.3584308	5.975560286	0.4352039467	true
x019269	G2/generic#9	outgoing	6.422814735	615.733805	5.975560286	0.4472544495	true
x001488	G2/generic#9	incoming	6.420511704	614.3173824	5.975560286	0.4449514181	true
x009248	G2/generic#9	incoming	6.418923629	613.3425747	5.975560286	0.4433633434	true
x009249	G2/generic#9	incoming	6.420858069	614.5301974	5.975560286	0.4452977833	true
x009970	G2/generic#9	incoming	6.422814735	615.733805	5.975560286	0.4472544495	true
x010009	G2/generic#9	incoming	6.422814735	615.733805	5.975560286	0.4472544495	true
x018928	G2/generic#9	incoming	6.403345338	603.8617845	5.975560286	0.4277850523	true
x018929	G2/generic#9	incoming	6.417011175	612.1707062	5.975560286	0.4414508894	true
x018930	G2/generic#9	incoming	6.420511704	614.3173824	5.975560286	0.4449514181	true
x019268	G2/generic#9	incoming	6.422814735	615.733805	5.975560286	0.4472544495	true
x000052	G3/generic#9	outgoing	6.428820541	619.4429094	5.984749555	0.4440709856	true
x000053	G3/generic#9	outgoing	6.428820541	619.4429094	5.984749555	0.4440709856	true
x000712	G3/generic#9	outgoing	6.422483528	615.5299035	5.984749555	0.4377339732	true
x000713	G3/generic#9	outgoing	6.414729803	610.7757085	5.984749555	0.4299802473	true
x001488	G3/generic#9	outgoing	6.426795723	618.1899192	5.984749555	0.4420461676	true
x001490	G3/generic#9	outgoing	6.426795723	618.1899192	5.984749555	0.4420461676	true
x008704	G3/generic#9	outgoing	6.422814735	615.733805	5.984749555	0.4380651802	true
x008944	G3/generic#9	outgoing	6.428820541	619.4429094	5.984749555	0.4440709856	true
x009248	G3/generic#9	outgoing	6.422814735	615.733805	5.984749555	0.4380651802	true
x009249	G3/generic#9	outgoing	6.424793871	616.9536324	5.984749555	0.4400443158	true
x009251	G3/generic#9	outgoing	6.430868579	620.7128518	5.984749555	0.4461190233	true
x009438	G3/generic#9	outgoing	6.422483528	615.5299035	5.984749555	0.4377339732	true
x010010	G3/generic#9	outgoing	6.424793871	616.9536324	5.984749555	0.4400443158	true
x012696	G3/generic#9	outgoing	6.426795723	618.1899192	5.984749555	0.4420461676	true
x012697	G3/generic#9	outgoing	6.426795723	618.1899192	5.984749555	0.4420461676	true
x015808	G3/generic#9	outgoing	6.428820541	619.4429094	5.984749555	0.4440709856	true
x018924	G3/generic#9	outgoing	6.426795723	618.1899192	5.984749555	0.4420461676	true
x018928	G3/generic#9	outgoing	6.426795723	618.1899192	5.984749555	0.4420461676	true
x018929	G3/generic#9	outgoing	6.424793871	616.9536324	5.984749555	0.4400443158	true
x018930	G3/generic#9	outgoing	6.426795723	618.1899192	5.984749555	0.4420461676	true
x019268	G3/generic#9	outgoing	6.416635082	611.9405164	5.984749555	0.4318855271	true
x019271	G3/generic#9	outgoing	6.424793871	616.9536324	5.984749555	0.4400443158	true
x020557	G3/generic#9	outgoing	6.432940093	622	5.984749555	0.4481905375	true
x020558	G3/generic#9	outgoing	6.424793871	616.9536324	5.984749555	0.4400443158	true
x000053	G3/generic#9	incoming	6.420858069	614.5301974	5.984749555	0.436108514	true
x001488	G3/generic#9	incoming	6.420511704	614.3173824	5.984749555	0.4357621488	true
x001490	G3/generic#9	incoming	6.422814735	615.733805	5.984749555	0.4380651802	true
x009248	G3/generic#9	incoming	6.422814735	615.733805	5.984749555	0.4380651802	true
x018928	G3/generic#9	incoming	6.410984122	608.4922172	5.984749555	0.426234567	true
x018929	G3/generic#9	incoming	6.414729803	610.7757085	5.984749555	0.4299802473	true
x018930	G3/generic#9	incoming	6.420511704	614.3173824	5.984749555	0.4357621488	true
x019268	G3/generic#9	incoming	6.420511704	614.3173824	5.984749555	0.4357621488	true
x000052	G0/generic#10	outgoing	6.428820541	619.4429094	5.984927909	0.4438926318	true
x000053	G0/generic#10	outgoing	6.428820541	619.4429094	5.984927909	0.4438926318	true
x000712	G0/generic#10	outgoing	6.428820541	619.4429094	5.984927909	0.4438926318	true
x002536	G0/generic#10	outgoing	6.418562303	613.1209979	5.984927909	0.4336343939	true
x008704	G0/generic#10	outgoing	6.422814735	615.733805	5.984927909	0.4378868264	true
x008705	G0/generic#10	outgoing	6.422814735	615.733805	5.984927909	0.4378868264	true
x008916	G0/generic#10	outgoing	6.424793871	616.9536324	5.984927909	0.439865962	true
x008944	G0/generic#10	outgoing	6.428820541	619.4429094	5.984927909	0.4438926318	true
x009248	G0/generic#10	outgoing	6.420858069	614.5301974	5.984927909	0.4359301602	true
x009249	G0/generic#10	outgoing	6.420858069	614.5301974	5.984927909	0.4359301602	true
x009250	G0/generic#10	outgoing	6.426795723	618.1899192	5.984927909	0.4418678138	true
x009968	G0/generic#10	outgoing	6.420858069	614.5301974	5.984927909	0.4359301602	true
x010008	G0/generic#10	outgoing	6.417011175	612.1707062	5.984927909	0.4320832663	true
x012401	G0/generic#10	outgoing	6.424793871	616.9536324	5.984927909	0.439865962	true
x012696	G0/generic#10	outgoing	6.422483528	615.5299035	5.984927909	0.4375556194	true
x018928	G0/generic#10	outgoing	6.424793871	616.9536324	5.984927909	0.439865962	true
x018929	G0/generic#10	outgoing	6.430868579	620.7128518	5.984927909	0.4459406695	true
x019268	G0/generic#10	outgoing	6.424793871	616.9536324	5.984927909	0.439865962	true
x019269	G0/generic#10	outgoing	6.422483528	615.5299035	5.984927909	0.4375556194	true
x019270	G0/generic#10	outgoing	6.422814735	615.733805	5.984927909	0.4378868264	true
x021401	G0/generic#10	outgoing	6.422814735	615.733805	5.984927909	0.4378868264	true
x000052	G0/generic#10	incoming	6.420858069	614.5301974	5.984927909	0.4359301602	true
x000053	G0/generic#10	incoming	6.416635082	611.9405164	5.984927909	0.4317071733	true
x008704	G0/generic#10	incoming	6.422814735	615.733805	5.984927909	0.4378868264	true
x008916	G0/generic#10	incoming	6.420511704	614.3173824	5.984927909	0.435583795	true
x008944	G0/generic#10	incoming	6.418562303	613.1209979	5.984927909	0.4336343939	true
x009248	G0/generic#10	incoming	6.416635082	611.9405164	5.984927909	0.4317071733	true
x009249	G0/generic#10	incoming	6.414729803	610.7757085	5.984927909	0.4298018935	true
x009968	G0/generic#10	incoming	6.422814735	615.733805	5.984927909	0.4378868264	true
x010008	G0/generic#10	incoming	6.418923629	613.3425747	5.984927909	0.4339957202	true
x018928	G0/generic#10	incoming	6.41512047	611.0143655	5.984927909	0.4301925614	true
x018929	G0/generic#10	incoming	6.418923629	613.3425747	5.984927909	0.4339957202	true
x019269	G0/generic#10	incoming	6.422814735	615.733805	5.984927909	0.4378868264	true
x000052	G1/generic#10	outgoing	6.430868579	620.7128518	6.048316357	0.3825522214	true
x000713	G1/generic#10	outgoing	6.426795723	618.1899192	6.048316357	0.3784793657	true
x000714	G1/generic#10	outgoing	6.424793871	616.9536324	6.048316357	0.3764775139	true
x009248	G1/generic#10	outgoing	6.414729803	610.7757085	6.048316357	0.3664134454	true
x012697	G1/generic#10	outgoing	6.424793871	616.9536324	6.048316357	0.3764775139	true
x018928	G1/generic#10	outgoing	6.430868579	620.7128518	6.048316357	0.3825522214	true
x018929	G1/generic#10	outgoing	6.424793871	616.9536324	6.048316357	0.3764775139	true
x018931	G1/generic#10	outgoing	6.428820541	619.4429094	6.048316357	0.3805041837	true
x019268	G1/generic#10	outgoing	6.424793871	616.9536324	6.048316357	0.3764775139	true
x019269	G1/generic#10	outgoing	6.424793871	616.9536324	6.048316357	0.3764775139	true
x019829	G1/generic#10	outgoing	6.426795723	618.1899192	6.048316357	0.3784793657	true
x021400	G1/generic#10	outgoing	6.411403376	608.7473833	6.048316357	0.3630870188	true
x009248	G1/generic#10	incoming	6.413251281	609.8733306	6.048316357	0.3649349237	true
x018928	G1/generic#10	incoming	6.416635082	611.9405164	6.048316357	0.3683187252	true
x018931	G1/generic#10	incoming	6.422814735	615.733805	6.048316357	0.3744983782	true
x019269	G1/generic#10	incoming	6.422814735	615.733805	6.048316357	0.3744983782	true
x021400	G1/generic#10	incoming	6.418923629	613.3425747	6.048316357	0.3706072721	true
x000054	G2/generic#10	outgoing	6.428820541	619.4429094	6.042726014	0.3860945267	true
x001168	G2/generic#10	outgoing	6.412384872	609.3451597	6.042726014	0.3696588577	true
x009248	G2/generic#10	outgoing	6.422814735	615.733805	6.042726014	0.3800887212	true
x010008	G2/generic#10	outgoing	6.424793871	616.9536324	6.042726014	0.3820678568	true
x012696	G2/generic#10	outgoing	6.418923629	613.3425747	6.042726014	0.3761976151	true
x018928	G2/generic#10	outgoing	6.432940093	622	6.042726014	0.3902140785	true
x018929	G2/generic#10	outgoing	6.426795723	618.1899192	6.042726014	0.3840697086	true
x018930	G2/generic#10	outgoing	6.428820541	619.4429094	6.042726014	0.3860945267	true
x019268	G2/generic#10	outgoing	6.418923629	613.3425747	6.042726014	0.3761976151	true
x000054	G2/generic#10	incoming	6.422814735	615.733805	6.042726014	0.3800887212	true
x018928	G2/generic#10	incoming	6.417011175	612.1707062	6.042726014	0.3742851611	true
x018929	G2/generic#10	incoming	6.40482098	604.7535261	6.042726014	0.362094966	true
x019268	G2/generic#10	incoming	6.420858069	614.5301974	6.042726014	0.3781320551	true
x000052	G3/generic#10	outgoing	6.428820541	619.4429094	5.993266117	0.4355544236	true
x000054	G3/generic#10	outgoing	6.428820541	619.4429094	5.993266117	0.4355544236	true
x000712	G3/generic#10	outgoing	6.426795723	618.1899192	5.993266117	0.4335296055	true
x001168	G3/generic#10	outgoing	6.424793871	616.9536324	5.993266117	0.4315277537	true
x001488	G3/generic#10	outgoing	6.430868579	620.7128518	5.993266117	0.4376024612	true
x008704	G3/generic#10	outgoing	6.422814735	615.733805	5.993266117	0.4295486181	true
x008705	G3/generic#10	outgoing	6.422483528	615.5299035	5.993266117	0.4292174111	true
x008944	G3/generic#10	outgoing	6.430868579	620.7128518	5.993266117	0.4376024612	true
x008945	G3/generic#10	outgoing	6.428820541	619.4429094	5.993266117	0.4355544236	true
x009248	G3/generic#10	outgoing	6.420858069	614.5301974	5.993266117	0.427591952	true
x009249	G3/generic#10	outgoing	6.424793871	616.9536324	5.993266117	0.4315277537	true
x009436	G3/generic#10	outgoing	6.424793871	616.9536324	5.993266117	0.4315277537	true
x010008	G3/generic#10	outgoing	6.424793871	616.9536324	5.993266117	0.4315277537	true
x010010	G3/generic#10	outgoing	6.422814735	615.733805	5.993266117	0.4295486181	true
x012696	G3/generic#10	outgoing	6.422814735	615.733805	5.993266117	0.4295486181	true
x012698	G3/generic#10	outgoing	6.430868579	620.7128518	5.993266117	0.4376024612	true
x018924	G3/generic#10	outgoing	6.420858069	614.5301974	5.993266117	0.427591952	true
x018926	G3/generic#10	outgoing	6.424793871	616.9536324	5.993266117	0.4315277537	true
x018928	G3/generic#10	outgoing	6.424793871	616.9536324	5.993266117	0.4315277537	true
x018929	G3/generic#10	outgoing	6.432940093	622	5.993266117	0.4396739754	true
x018931	G3/generic#10	outgoing	6.430868579	620.7128518	5.993266117	0.4376024612	true
x018992	G3/generic#10	outgoing	6.426795723	618.1899192	5.993266117	0.4335296055	true
x019268	G3/generic#10	outgoing	6.420858069	614.5301974	5.993266117	0.427591952	true
x019269	G3/generic#10	outgoing	6.422814735	615.733805	5.993266117	0.4295486181	true
x021232	G3/generic#10	outgoing	6.424793871	616.9536324	5.993266117	0.4315277537	true
x000052	G3/generic#10	incoming	6.422814735	615.733805	5.993266117	0.4295486181	true
x001488	G3/generic#10	incoming	6.422814735	615.733805	5.993266117	0.4295486181	true
x008704	G3/generic#10	incoming	6.422814735	615.733805	5.993266117	0.4295486181	true
x008705	G3/generic#10	incoming	6.422814735	615.733805	5.993266117	0.4295486181	true
x009248	G3/generic#10	incoming	6.418923629	613.3425747	5.993266117	0.425657512	true
x018928	G3/generic#10	incoming	6.41512047	611.0143655	5.993266117	0.4218543531	true
x018929	G3/generic#10	incoming	6.420858069	614.5301974	5.993266117	0.427591952	true
x021232	G3/generic#10	incoming	6.418562303	613.1209979	5.993266117	0.4252961857	true
x000052	G0/generic#11	outgoing	6.430868579	620.7128518	5.995929627	0.4349389519	true
x000053	G0/generic#11	outgoing	6.428820541	619.4429094	5.995929627	0.4328909142	true
x000054	G0/generic#11	outgoing	6.430868579	620.7128518	5.995929627	0.4349389519	true
x000712	G0/generic#11	outgoing	6.420858069	614.5301974	5.995929627	0.4249284426	true
x002537	G0/generic#11	outgoing	6.420858069	614.5301974	5.995929627	0.4249284426	true
x008688	G0/generic#11	outgoing	6.426795723	618.1899192	5.995929627	0.4308660962	true
x009248	G0/generic#11	outgoing	6.426795723	618.1899192	5.995929627	0.4308660962	true
x009438	G0/generic#11	outgoing	6.424793871	616.9536324	5.995929627	0.4288642444	true
x009968	G0/generic#11	outgoing	6.424793871	616.9536324	5.995929627	0.4288642444	true
x010009	G0/generic#11	outgoing	6.424793871	616.9536324	5.995929627	0.4288642444	true
x012696	G0/generic#11	outgoing	6.422814735	615.733805	5.995929627	0.4268851088	true
x012697	G0/generic#11	outgoing	6.426795723	618.1899192	5.995929627	0.4308660962	true
x018928	G0/generic#11	outgoing	6.426795723	618.1899192	5.995929627	0.4308660962	true
x018929	G0/generic#11	outgoing	6.430868579	620.7128518	5.995929627	0.4349389519	true
x018930	G0/generic#11	outgoing	6.430868579	620.7128518	5.995929627	0.4349389519	true
x018993	G0/generic#11	outgoing	6.426795723	618.1899192	5.995929627	0.4308660962	true
x019268	G0/generic#11	outgoing	6.420858069	614.5301974	5.995929627	0.4249284426	true
x019269	G0/generic#11	outgoing	6.418923629	613.3425747	5.995929627	0.4229940026	true
x020628	G0/generic#11	outgoing	6.428820541	619.4429094	5.995929627	0.4328909142	true
x020629	G0/generic#11	outgoing	6.424793871	616.9536324	5.995929627	0.4288642444	true
x000053	G0/generic#11	incoming	6.422814735	615.733805	5.995929627	0.4268851088	true
x000054	G0/generic#11	incoming	6.422814735	615.733805	5.995929627	0.4268851088	true
x009248	G0/generic#11	incoming	6.41512047	611.0143655	5.995929627	0.4191908438	true
x018928	G0/generic#11	incoming	6.411403376	608.7473833	5.995929627	0.4154737493	true
x018929	G0/generic#11	incoming	6.409576528	607.6363096	5.995929627	0.4136469013	true
x019269	G0/generic#11	incoming	6.422814735	615.733805	5.995929627	0.4268851088	true
x000054	G1/generic#11	outgoing	6.426795723	618.1899192	5.992826896	0.4339688264	true
x000712	G1/generic#11	outgoing	6.426795723	618.1899192	5.992826896	0.4339688264	true
x000713	G1/generic#11	outgoing	6.418867108	613.307909	5.992826896	0.426040212	true
x001168	G1/generic#11	outgoing	6.424793871	616.9536324	5.992826896	0.4319669746	true
x008836	G1/generic#11	outgoing	6.424793871	616.9536324	5.992826896	0.4319669746	true
x008837	G1/generic#11	outgoing	6.426795723	618.1899192	5.992826896	0.4339688264	true
x009248	G1/generic#11	outgoing	6.422814735	615.733805	5.992826896	0.4299878389	true
x009436	G1/generic#11	outgoing	6.424793871	616.9536324	5.992826896	0.4319669746	true
x012697	G1/generic#11	outgoing	6.422814735	615.733805	5.992826896	0.4299878389	true
x018928	G1/generic#11	outgoing	6.430868579	620.7128518	5.992826896	0.4380416821	true
x018929	G1/generic#11	outgoing	6.428820541	619.4429094	5.992826896	0.4359936444	true
x018930	G1/generic#11	outgoing	6.432940093	622	5.992826896	0.4401131963	true
x020628	G1/generic#11	outgoing	6.422814735	615.733805	5.992826896	0.4299878389	true
x000712	G1/generic#11	incoming	6.422814735	615.733805	5.992826896	0.4299878389	true
x018928	G1/generic#11	incoming	6.386811785	593.9598862	5.992826896	0.3939848889	true
x000053	G2/generic#11	outgoing	6.426795723	618.1899192	5.898903084	0.5278926392	true
x000054	G2/generic#11	outgoing	6.428820541	619.4429094	5.898903084	0.5299174572	true
x000055	G2/generic#11	outgoing	6.430868579	620.7128518	5.898903084	0.5319654949	true
x000712	G2/generic#11	outgoing	6.416635082	611.9405164	5.898903084	0.5177319987	true
x000713	G2/generic#11	outgoing	6.422814735	615.733805	5.898903084	0.5239116517	true
x001168	G2/generic#11	outgoing	6.416906728	612.1067702	5.898903084	0.5180036447	true
x008704	G2/generic#11	outgoing	6.424793871	616.9536324	5.898903084	0.5258907874	true
x008944	G2/generic#11	outgoing	6.422814735	615.733805	5.898903084	0.5239116517	true
x008945	G2/generic#11	outgoing	6.432940093	622	5.898903084	0.5340370091	true
x009436	G2/generic#11	outgoing	6.422814735	615.733805	5.898903084	0.5239116517	true
x009437	G2/generic#11	outgoing	6.424793871	616.9536324	5.898903084	0.5258907874	true
x009438	G2/generic#11	outgoing	6.420511704	614.3173824	5.898903084	0.5216086204	true
x012696	G2/generic#11	outgoing	6.420858069	614.5301974	5.898903084	0.5219549856	true
x012697	G2/generic#11	outgoing	6.41244843	609.3838896	5.898903084	0.5135453461	true
x012698	G2/generic#11	outgoing	6.428820541	619.4429094	5.898903084	0.5299174572	true
x018928	G2/generic#11	outgoing	6.422814735	615.733805	5.898903084	0.5239116517	true
x018929	G2/generic#11	outgoing	6.432940093	622	5.898903084	0.5340370091	true
x018930	G2/generic#11	outgoing	6.418562303	613.1209979	5.898903084	0.5196592193	true
x018931	G2/generic#11	outgoing	6.428820541	619.4429094	5.898903084	0.5299174572	true
x019268	G2/generic#11	outgoing	6.426795723	618.1899192	5.898903084	0.5278926392	true
x020108	G2/generic#11	outgoing	6.418208673	612.9042181	5.898903084	0.519305589	true
x020556	G2/generic#11	outgoing	6.424793871	616.9536324	5.898903084	0.5258907874	true
x020557	G2/generic#11	outgoing	6.424793871	616.9536324	5.898903084	0.5258907874	true
x020628	G2/generic#11	outgoing	6.424478022	616.7587993	5.898903084	0.5255749388	true
x020629	G2/generic#11	outgoing	6.426795723	618.1899192	5.898903084	0.5278926392	true
x021052	G2/generic#11	outgoing	6.422814735	615.733805	5.898903084	0.5239116517	true
x021053	G2/generic#11	outgoing	6.424793871	616.9536324	5.898903084	0.5258907874	true
x000053	G2/generic#11	incoming	6.420858069	614.5301974	5.898903084	0.5219549856	true
x000055	G2/generic#11	incoming	6.417011175	612.1707062	5.898903084	0.5181080917	true
x000712	G2/generic#11	incoming	6.418923629	613.3425747	5.898903084	0.5200205456	true
x008944	G2/generic#11	incoming	6.418562303	613.1209979	5.898903084	0.5196592193	true
x008945	G2/generic#11	incoming	6.418923629	613.3425747	5.898903084	0.5200205456	true
x018928	G2/generic#11	incoming	6.388538375	594.9862968	5.898903084	0.4896352911	true
x018929	G2/generic#11	incoming	6.40516814	604.9635088	5.898903084	0.5062650566	true
x018930	G2/generic#11	incoming	6.418923629	613.3425747	5.898903084	0.5200205456	true
x018931	G2/generic#11	incoming	6.418562303	613.1209979	5.898903084	0.5196592193	true
x020556	G2/generic#11	incoming	6.420511704	614.3173824	5.898903084	0.5216086204	true
x000054	G3/generic#11	outgoing	6.428820541	619.4429094	5.928035508	0.5007850327	true
x000714	G3/generic#11	outgoing	6.420858069	614.5301974	5.928035508	0.4928225611	true
x001052	G3/generic#11	outgoing	6.424793871	616.9536324	5.928035508	0.4967583629	true
x001598	G3/generic#11	outgoing	6.426795723	618.1899192	5.928035508	0.4987602147	true
x007412	G3/generic#11	outgoing	6.416635082	611.9405164	5.928035508	0.4885995743	true
x008449	G3/generic#11	outgoing	6.424478022	616.7587993	5.928035508	0.4964425144	true
x008704	G3/generic#11	outgoing	6.426795723	618.1899192	5.928035508	0.4987602147	true
x008705	G3/generic#11	outgoing	6.424793871	616.9536324	5.928035508	0.4967583629	true
x008944	G3/generic#11	outgoing	6.430868579	620.7128518	5.928035508	0.5028330704	true
x008945	G3/generic#11	outgoing	6.426795723	618.1899192	5.928035508	0.4987602147	true
x009248	G3/generic#11	outgoing	6.410984122	608.4922172	5.928035508	0.4829486141	true
x009249	G3/generic#11	outgoing	6.417011175	612.1707062	5.928035508	0.4889756672	true
x009250	G3/generic#11	outgoing	6.428820541	619.4429094	5.928035508	0.5007850327	true
x010008	G3/generic#11	outgoing	6.416635082	611.9405164	5.928035508	0.4885995743	true
x010009	G3/generic#11	outgoing	6.420511704	614.3173824	5.928035508	0.4924761959	true
x010010	G3/generic#11	outgoing	6.422814735	615.733805	5.928035508	0.4947792273	true
x012696	G3/generic#11	outgoing	6.417011175	612.1707062	5.928035508	0.4889756672	true
x018924	G3/generic#11	outgoing	6.410984122	608.4922172	5.928035508	0.4829486141	true
x018928	G3/generic#11	outgoing	6.428820541	619.4429094	5.928035508	0.5007850327	true
x018929	G3/generic#11	outgoing	6.422814735	615.733805	5.928035508	0.4947792273	true
x018930	G3/generic#11	outgoing	6.432940093	622	5.928035508	0.5049045846	true
x018931	G3/generic#11	outgoing	6.428820541	619.4429094	5.928035508	0.5007850327	true
x019268	G3/generic#11	outgoing	6.420858069	614.5301974	5.928035508	0.4928225611	true
x019269	G3/generic#11	outgoing	6.422814735	615.733805	5.928035508	0.4947792273	true
x020556	G3/generic#11	outgoing	6.424793871	616.9536324	5.928035508	0.4967583629	true
x020828	G3/generic#11	outgoing	6.426795723	618.1899192	5.928035508	0.4987602147	true
x021052	G3/generic#11	outgoing	6.416266537	611.7150299	5.928035508	0.4882310286	true
x021400	G3/generic#11	outgoing	6.420511704	614.3173824	5.928035508	0.4924761959	true
x021402	G3/generic#11	outgoing	6.426795723	618.1899192	5.928035508	0.4987602147	true
x000054	G3/generic#11	incoming	6.420511704	614.3173824	5.928035508	0.4924761959	true
x001598	G3/generic#11	incoming	6.420511704	614.3173824	5.928035508	0.4924761959	true
x008449	G3/generic#11	incoming	6.422814735	615.733805	5.928035508	0.4947792273	true
x008944	G3/generic#11	incoming	6.422814735	615.733805	5.928035508	0.4947792273	true
x008945	G3/generic#11	incoming	6.410984122	608.4922172	5.928035508	0.4829486141	true
x009248	G3/generic#11	incoming	6.409576528	607.6363096	5.928035508	0.4815410198	true
x009249	G3/generic#11	incoming	6.420511704	614.3173824	5.928035508	0.4924761959	true
x009250	G3/generic#11	incoming	6.417011175	612.1707062	5.928035508	0.4889756672	true
x010008	G3/generic#11	incoming	6.410571983	608.2414856	5.928035508	0.4825364753	true
x010010	G3/generic#11	incoming	6.422814735	615.733805	5.928035508	0.4947792273	true
x012696	G3/generic#11	incoming	6.420858069	614.5301974	5.928035508	0.4928225611	true
x018928	G3/generic#11	incoming	6.418923629	613.3425747	5.928035508	0.4908881212	true
x018929	G3/generic#11	incoming	6.418923629	613.3425747	5.928035508	0.4908881212	true
x020556	G3/generic#11	incoming	6.420511704	614.3173824	5.928035508	0.4924761959	true
x000052	G0/generic#12	outgoing	6.430868579	620.7128518	5.98684019	0.4440283885	true
x000053	G0/generic#12	outgoing	6.432940093	622	5.98684019	0.4460999028	true
x000054	G0/generic#12	outgoing	6.432940093	622	5.98684019	0.4460999028	true
x000713	G0/generic#12	outgoing	6.424793871	616.9536324	5.98684019	0.437953681	true
x001168	G0/generic#12	outgoing	6.420511704	614.3173824	5.98684019	0.433671514	true
x002536	G0/generic#12	outgoing	6.420511704	614.3173824	5.98684019	0.433671514	true
x009248	G0/generic#12	outgoing	6.424793871	616.9536324	5.98684019	0.437953681	true
x009249	G0/generic#12	outgoing	6.426795723	618.1899192	5.98684019	0.4399555329	true
x009436	G0/generic#12	outgoing	6.424793871	616.9536324	5.98684019	0.437953681	true
x009969	G0/generic#12	outgoing	6.422814735	615.733805	5.98684019	0.4359745454	true
x012696	G0/generic#12	outgoing	6.424793871	616.9536324	5.98684019	0.437953681	true
x012697	G0/generic#12	outgoing	6.426795723	618.1899192	5.98684019	0.4399555329	true
x018924	G0/generic#12	outgoing	6.422814735	615.733805	5.98684019	0.4359745454	true
x018928	G0/generic#12	outgoing	6.430868579	620.7128518	5.98684019	0.4440283885	true
x018929	G0/generic#12	outgoing	6.424793871	616.9536324	5.98684019	0.437953681	true
x018930	G0/generic#12	outgoing	6.428820541	619.4429094	5.98684019	0.4419803509	true
x019268	G0/generic#12	outgoing	6.422814735	615.733805	5.98684019	0.4359745454	true
x019269	G0/generic#12	outgoing	6.428820541	619.4429094	5.98684019	0.4419803509	true
x020556	G0/generic#12	outgoing	6.424793871	616.9536324	5.98684019	0.437953681	true
x020628	G0/generic#12	outgoing	6.422483528	615.5299035	5.98684019	0.4356433385	true
x021052	G0/generic#12	outgoing	6.420511704	614.3173824	5.98684019	0.433671514	true
x021400	G0/generic#12	outgoing	6.420858069	614.5301974	5.98684019	0.4340178793	true
x000052	G0/generic#12	incoming	6.422814735	615.733805	5.98684019	0.4359745454	true
x018928	G0/generic#12	incoming	6.400249698	601.9953358	5.98684019	0.4134095075	true
x018929	G0/generic#12	incoming	6.41512047	611.0143655	5.98684019	0.4282802804	true
x018930	G0/generic#12	incoming	6.422814735	615.733805	5.98684019	0.4359745454	true
x019268	G0/generic#12	incoming	6.420858069	614.5301974	5.98684019	0.4340178793	true
x020556	G0/generic#12	incoming	6.420511704	614.3173824	5.98684019	0.433671514	true
x020628	G0/generic#12	incoming	6.422814735	615.733805	5.98684019	0.4359745454	true
x021400	G0/generic#12	incoming	6.420858069	614.5301974	5.98684019	0.4340178793	true
x000052	G1/generic#12	outgoing	6.432940093	622	5.968342157	0.4645979357	true
x000053	G1/generic#12	outgoing	6.428820541	619.4429094	5.968342157	0.4604783839	true
x000712	G1/generic#12	outgoing	6.426795723	618.1899192	5.968342157	0.4584535658	true
x000713	G1/generic#12	outgoing	6.426795723	618.1899192	5.968342157	0.4584535658	true
x009248	G1/generic#12	outgoing	6.424793871	616.9536324	5.968342157	0.456451714	true
x009249	G1/generic#12	outgoing	6.422814735	615.733805	5.968342157	0.4544725784	true
x009250	G1/generic#12	outgoing	6.422814735	615.733805	5.968342157	0.4544725784	true
x009968	G1/generic#12	outgoing	6.422814735	615.733805	5.968342157	0.4544725784	true
x010008	G1/generic#12	outgoing	6.417011175	612.1707062	5.968342157	0.4486690183	true
x010009	G1/generic#12	outgoing	6.414729803	610.7757085	5.968342157	0.4463876455	true
x010010	G1/generic#12	outgoing	6.424793871	616.9536324	5.968342157	0.456451714	true
x012696	G1/generic#12	outgoing	6.420858069	614.5301974	5.968342157	0.4525159123	true
x016548	G1/generic#12	outgoing	6.422483528	615.5299035	5.968342157	0.4541413714	true
x018924	G1/generic#12	outgoing	6.418562303	613.1209979	5.968342157	0.450220146	true
x018928	G1/generic#12	outgoing	6.430868579	620.7128518	5.968342157	0.4625264215	true
x018929	G1/generic#12	outgoing	6.430868579	620.7128518	5.968342157	0.4625264215	true
x018930	G1/generic#12	outgoing	6.426795723	618.1899192	5.968342157	0.4584535658	true
x019269	G1/generic#12	outgoing	6.422814735	615.733805	5.968342157	0.4544725784	true
x020557	G1/generic#12	outgoing	6.424793871	616.9536324	5.968342157	0.456451714	true
x000053	G1/generic#12	incoming	6.422814735	615.733805	5.968342157	0.4544725784	true
x009248	G1/generic#12	incoming	6.417011175	612.1707062	5.968342157	0.4486690183	true
x009249	G1/generic#12	incoming	6.420858069	614.5301974	5.968342157	0.4525159123	true
x009968	G1/generic#12	incoming	6.420511704	614.3173824	5.968342157	0.452169547	true
x010008	G1/generic#12	incoming	6.416635082	611.9405164	5.968342157	0.4482929254	true
x018928	G1/generic#12	incoming	6.420858069	614.5301974	5.968342157	0.4525159123	true
x018929	G1/generic#12	incoming	6.417011175	612.1707062	5.968342157	0.4486690183	true
x018930	G1/generic#12	incoming	6.414729803	610.7757085	5.968342157	0.4463876455	true
x019269	G1/generic#12	incoming	6.422814735	615.733805	5.968342157	0.4544725784	true
x020557	G1/generic#12	incoming	6.416635082	611.9405164	5.968342157	0.4482929254	true
x000052	G2/generic#12	outgoing	6.426795723	618.1899192	6.015843472	0.410952251	true
x000712	G2/generic#12	outgoing	6.428820541	619.4429094	6.015843472	0.412977069	true
x008688	G2/generic#12	outgoing	6.418562303	613.1209979	6.015843472	0.4027188311	true
x008945	G2/generic#12	outgoing	6.430868579	620.7128518	6.015843472	0.4150251067	true
x009248	G2/generic#12	outgoing	6.414729803	610.7757085	6.015843472	0.3988863307	true
x009249	G2/generic#12	outgoing	6.411158729	608.5984736	6.015843472	0.3953152576	true
x010008	G2/generic#12	outgoing	6.422814735	615.733805	6.015843472	0.4069712635	true
x012400	G2/generic#12	outgoing	6.428820541	619.4429094	6.015843472	0.412977069	true
x018924	G2/generic#12	outgoing	6.422814735	615.733805	6.015843472	0.4069712635	true
x018925	G2/generic#12	outgoing	6.422814735	615.733805	6.015843472	0.4069712635	true
x018928	G2/generic#12	outgoing	6.428820541	619.4429094	6.015843472	0.412977069	true
x018929	G2/generic#12	outgoing	6.426795723	618.1899192	6.015843472	0.410952251	true
x019268	G2/generic#12	outgoing	6.430868579	620.7128518	6.015843472	0.4150251067	true
x019269	G2/generic#12	outgoing	6.422814735	615.733805	6.015843472	0.4069712635	true
x021400	G2/generic#12	outgoing	6.416635082	611.9405164	6.015843472	0.4007916105	true
x009248	G2/generic#12	incoming	6.413251281	609.8733306	6.015843472	0.397407809	true
x009249	G2/generic#12	incoming	6.418923629	613.3425747	6.015843472	0.4030801574	true
x018924	G2/generic#12	incoming	6.420858069	614.5301974	6.015843472	0.4050145974	true
x018928	G2/generic#12	incoming	6.422814735	615.733805	6.015843472	0.4069712635	true
x018929	G2/generic#12	incoming	6.412846227	609.626349	6.015843472	0.3970027551	true
x021400	G2/generic#12	incoming	6.418562303	613.1209979	6.015843472	0.4027188311	true
x000052	G3/generic#12	outgoing	6.430868579	620.7128518	5.928177082	0.5026914968	true
x000053	G3/generic#12	outgoing	6.430868579	620.7128518	5.928177082	0.5026914968	true
x000054	G3/generic#12	outgoing	6.430868579	620.7128518	5.928177082	0.5026914968	true
x000712	G3/generic#12	outgoing	6.418562303	613.1209979	5.928177082	0.4903852213	true
x000713	G3/generic#12	outgoing	6.418923629	613.3425747	5.928177082	0.4907465476	true
x001168	G3/generic#12	outgoing	6.422814735	615.733805	5.928177082	0.4946376537	true
x008688	G3/generic#12	outgoing	6.424793871	616.9536324	5.928177082	0.4966167893	true
x008689	G3/generic#12	outgoing	6.428820541	619.4429094	5.928177082	0.5006434592	true
x009248	G3/generic#12	outgoing	6.403345338	603.8617845	5.928177082	0.4751682565	true
x009249	G3/generic#12	outgoing	6.410984122	608.4922172	5.928177082	0.4828070405	true
x009280	G3/generic#12	outgoing	6.424793871	616.9536324	5.928177082	0.4966167893	true
x009436	G3/generic#12	outgoing	6.422814735	615.733805	5.928177082	0.4946376537	true
x010008	G3/generic#12	outgoing	6.424793871	616.9536324	5.928177082	0.4966167893	true
x010009	G3/generic#12	outgoing	6.426795723	618.1899192	5.928177082	0.4986186411	true
x010010	G3/generic#12	outgoing	6.424793871	616.9536324	5.928177082	0.4966167893	true
x012120	G3/generic#12	outgoing	6.430868579	620.7128518	5.928177082	0.5026914968	true
x012122	G3/generic#12	outgoing	6.432940093	622	5.928177082	0.504763011	true
x012696	G3/generic#12	outgoing	6.418562303	613.1209979	5.928177082	0.4903852213	true
x012697	G3/generic#12	outgoing	6.426795723	618.1899192	5.928177082	0.4986186411	true
x018924	G3/generic#12	outgoing	6.420511704	614.3173824	5.928177082	0.4923346223	true
x018925	G3/generic#12	outgoing	6.426795723	618.1899192	5.928177082	0.4986186411	true
x018928	G3/generic#12	outgoing	6.430868579	620.7128518	5.928177082	0.5026914968	true
x018929	G3/generic#12	outgoing	6.432940093	622	5.928177082	0.504763011	true
x018930	G3/generic#12	outgoing	6.432940093	622	5.928177082	0.504763011	true
x019052	G3/generic#12	outgoing	6.428820541	619.4429094	5.928177082	0.5006434592	true
x019268	G3/generic#12	outgoing	6.420511704	614.3173824	5.928177082	0.4923346223	true
x019269	G3/generic#12	outgoing	6.414729803	610.7757085	5.928177082	0.4865527208	true
x019270	G3/generic#12	outgoing	6.426795723	618.1899192	5.928177082	0.4986186411	true
x020558	G3/generic#12	outgoing	6.416635082	611.9405164	5.928177082	0.4884580007	true
x020793	G3/generic#12	outgoing	6.422814735	615.733805	5.928177082	0.4946376537	true
x021401	G3/generic#12	outgoing	6.420858069	614.5301974	5.928177082	0.4926809876	true
x000052	G3/generic#12	incoming	6.422814735	615.733805	5.928177082	0.4946376537	true
x000053	G3/generic#12	incoming	6.420858069	614.5301974	5.928177082	0.4926809876	true
x008688	G3/generic#12	incoming	6.420511704	614.3173824	5.928177082	0.4923346223	true
x009248	G3/generic#12	incoming	6.413251281	609.8733306	5.928177082	0.4850741992	true
x009249	G3/generic#12	incoming	6.407323407	606.268773	5.928177082	0.4791463258	true
x010008	G3/generic#12	incoming	6.422814735	615.733805	5.928177082	0.4946376537	true
x012120	G3/generic#12	incoming	6.422814735	615.733805	5.928177082	0.4946376537	true
x012122	G3/generic#12	incoming	6.422814735	615.733805	5.928177082	0.4946376537	true
x012696	G3/generic#12	incoming	6.422814735	615.733805	5.928177082	0.4946376537	true
x018928	G3/generic#12	incoming	6.40688314	606.0019115	5.928177082	0.4787060587	true
x018929	G3/generic#12	incoming	6.41512047	611.0143655	5.928177082	0.4869433887	true
x020558	G3/generic#12	incoming	6.416266537	611.7150299	5.928177082	0.488089455	true
x021401	G3/generic#12	incoming	6.422814735	615.733805	5.928177082	0.4946376537	true
x000052	G0/generic#13	outgoing	6.430868579	620.7128518	5.919631649	0.5112369298	true
x000053	G0/generic#13	outgoing	6.424793871	616.9536324	5.919631649	0.5051622223	true
x000712	G0/generic#13	outgoing	6.417011175	612.1707062	5.919631649	0.4973795266	true
x000713	G0/generic#13	outgoing	6.420511704	614.3173824	5.919631649	0.5008800553	true
x000714	G0/generic#13	outgoing	6.424793871	616.9536324	5.919631649	0.5051622223	true
x001168	G0/generic#13	outgoing	6.428820541	619.4429094	5.919631649	0.5091888922	true
x008450	G0/generic#13	outgoing	6.428820541	619.4429094	5.919631649	0.5091888922	true
x009248	G0/generic#13	outgoing	6.418923629	613.3425747	5.919631649	0.4992919806	true
x009249	G0/generic#13	outgoing	6.422814735	615.733805	5.919631649	0.5031830867	true
x009436	G0/generic#13	outgoing	6.426795723	618.1899192	5.919631649	0.5071640742	true
x012696	G0/generic#13	outgoing	6.426795723	618.1899192	5.919631649	0.5071640742	true
x012697	G0/generic#13	outgoing	6.424478022	616.7587993	5.919631649	0.5048463738	true
x012698	G0/generic#13	outgoing	6.428820541	619.4429094	5.919631649	0.5091888922	true
x018928	G0/generic#13	outgoing	6.426795723	618.1899192	5.919631649	0.5071640742	true
x018929	G0/generic#13	outgoing	6.430868579	620.7128518	5.919631649	0.5112369298	true
x018930	G0/generic#13	outgoing	6.428820541	619.4429094	5.919631649	0.5091888922	true
x018940	G0/generic#13	outgoing	6.430868579	620.7128518	5.919631649	0.5112369298	true
x019268	G0/generic#13	outgoing	6.424793871	616.9536324	5.919631649	0.5051622223	true
x019269	G0/generic#13	outgoing	6.426795723	618.1899192	5.919631649	0.5071640742	true
x019270	G0/generic#13	outgoing	6.424793871	616.9536324	5.919631649	0.5051622223	true
x020556	G0/generic#13	outgoing	6.418562303	613.1209979	5.919631649	0.4989306543	true
x020557	G0/generic#13	outgoing	6.420511704	614.3173824	5.919631649	0.5008800553	true
x000052	G0/generic#13	incoming	6.422814735	615.733805	5.919631649	0.5031830867	true
x000053	G0/generic#13	incoming	6.41244843	609.3838896	5.919631649	0.4928167811	true
x008450	G0/generic#13	incoming	6.422814735	615.733805	5.919631649	0.5031830867	true
x009248	G0/generic#13	incoming	6.417011175	612.1707062	5.919631649	0.4973795266	true
x009249	G0/generic#13	incoming	6.420858069	614.5301974	5.919631649	0.5012264206	true
x018928	G0/generic#13	incoming	6.407323407	606.268773	5.919631649	0.4876917588	true
x018929	G0/generic#13	incoming	6.405985107	605.457946	5.919631649	0.4863534586	true
x018930	G0/generic#13	incoming	6.422814735	615.733805	5.919631649	0.5031830867	true
x018940	G0/generic#13	incoming	6.422814735	615.733805	5.919631649	0.5031830867	true
x000052	G1/generic#13	outgoing	6.428820541	619.4429094	5.855930104	0.5728904367	true
x000053	G1/generic#13	outgoing	6.428820541	619.4429094	5.855930104	0.5728904367	true
x000712	G1/generic#13	outgoing	6.409576528	607.6363096	5.855930104	0.5536464238	true
x000713	G1/generic#13	outgoing	6.424793871	616.9536324	5.855930104	0.5688637669	true
x000714	G1/generic#13	outgoing	6.422483528	615.5299035	5.855930104	0.5665534243	true
x009248	G1/generic#13	outgoing	6.418562303	613.1209979	5.855930104	0.5626321988	true
x009249	G1/generic#13	outgoing	6.428820541	619.4429094	5.855930104	0.5728904367	true
x009250	G1/generic#13	outgoing	6.424793871	616.9536324	5.855930104	0.5688637669	true
x009436	G1/generic#13	outgoing	6.409286313	607.4599903	5.855930104	0.5533562093	true
x009437	G1/generic#13	outgoing	6.422814735	615.733805	5.855930104	0.5668846312	true
x010008	G1/generic#13	outgoing	6.418923629	613.3425747	5.855930104	0.5629935251	true
x010010	G1/generic#13	outgoing	6.420511704	614.3173824	5.855930104	0.5645815998	true
x012120	G1/generic#13	outgoing	6.426795723	618.1899192	5.855930104	0.5708656187	true
x012696	G1/generic#13	outgoing	6.401032013	602.4664704	5.855930104	0.5451019089	true
x012697	G1/generic#13	outgoing	6.405605456	605.2281267	5.855930104	0.5496753518	true
x012698	G1/generic#13	outgoing	6.424793871	616.9536324	5.855930104	0.5688637669	true
x018924	G1/generic#13	outgoing	6.420858069	614.5301974	5.855930104	0.5649279651	true
x018925	G1/generic#13	outgoing	6.422814735	615.733805	5.855930104	0.5668846312	true
x018928	G1/generic#13	outgoing	6.414729803	610.7757085	5.855930104	0.5587996984	true
x018929	G1/generic#13	outgoing	6.424793871	616.9536324	5.855930104	0.5688637669	true
x018930	G1/generic#13	outgoing	6.432940093	622	5.855930104	0.5770099886	true
x018931	G1/generic#13	outgoing	6.426795723	618.1899192	5.855930104	0.5708656187	true
x019268	G1/generic#13	outgoing	6.420858069	614.5301974	5.855930104	0.5649279651	true
x019269	G1/generic#13	outgoing	6.428820541	619.4429094	5.855930104	0.5728904367	true
x019270	G1/generic#13	outgoing	6.424793871	616.9536324	5.855930104	0.5688637669	true
x019828	G1/generic#13	outgoing	6.428820541	619.4429094	5.855930104	0.5728904367	true
x020556	G1/generic#13	outgoing	6.428820541	619.4429094	5.855930104	0.5728904367	true
x020557	G1/generic#13	outgoing	6.424793871	616.9536324	5.855930104	0.5688637669	true
x020558	G1/generic#13	outgoing	6.422483528	615.5299035	5.855930104	0.5665534243	true
x000053	G1/generic#13	incoming	6.422814735	615.733805	5.855930104	0.5668846312	true
x000712	G1/generic#13	incoming	6.420511704	614.3173824	5.855930104	0.5645815998	true
x009248	G1/generic#13	incoming	6.418562303	613.1209979	5.855930104	0.5626321988	true
x009249	G1/generic#13	incoming	6.422814735	615.733805	5.855930104	0.5668846312	true
x012696	G1/generic#13	incoming	6.418923629	613.3425747	5.855930104	0.5629935251	true
x012697	G1/generic#13	incoming	6.422814735	615.733805	5.855930104	0.5668846312	true
x018925	G1/generic#13	incoming	6.422814735	615.733805	5.855930104	0.5668846312	true
x018928	G1/generic#13	incoming	6.37683447	588.0632264	5.855930104	0.5209043658	true
x018929	G1/generic#13	incoming	6.412846227	609.626349	5.855930104	0.5569161228	true
x018931	G1/generic#13	incoming	6.414346535	610.5416631	5.855930104	0.5584164313	true
x019828	G1/generic#13	incoming	6.422814735	615.733805	5.855930104	0.5668846312	true
x020556	G1/generic#13	incoming	6.420511704	614.3173824	5.855930104	0.5645815998	true
x020557	G1/generic#13	incoming	6.420511704	614.3173824	5.855930104	0.5645815998	true
x020558	G1/generic#13	incoming	6.420858069	614.5301974	5.855930104	0.5649279651	true
x000712	G2/generic#13	outgoing	6.424793871	616.9536324	5.927929574	0.4968642966	true
x000713	G2/generic#13	outgoing	6.422814735	615.733805	5.927929574	0.4948851609	true
x000714	G2/generic#13	outgoing	6.424793871	616.9536324	5.927929574	0.4968642966	true
x001488	G2/generic#13	outgoing	6.430868579	620.7128518	5.927929574	0.502939004	true
x001489	G2/generic#13	outgoing	6.428820541	619.4429094	5.927929574	0.5008909664	true
x008944	G2/generic#13	outgoing	6.432940093	622	5.927929574	0.5050105183	true
x009248	G2/generic#13	outgoing	6.416635082	611.9405164	5.927929574	0.4887055079	true
x009436	G2/generic#13	outgoing	6.424793871	616.9536324	5.927929574	0.4968642966	true
x009968	G2/generic#13	outgoing	6.424793871	616.9536324	5.927929574	0.4968642966	true
x010009	G2/generic#13	outgoing	6.424793871	616.9536324	5.927929574	0.4968642966	true
x012401	G2/generic#13	outgoing	6.430868579	620.7128518	5.927929574	0.502939004	true
x012696	G2/generic#13	outgoing	6.412846227	609.626349	5.927929574	0.4849166525	true
x012697	G2/generic#13	outgoing	6.422814735	615.733805	5.927929574	0.4948851609	true
x016496	G2/generic#13	outgoing	6.422483528	615.5299035	5.927929574	0.494553954	true
x018924	G2/generic#13	outgoing	6.414346535	610.5416631	5.927929574	0.486416961	true
x018928	G2/generic#13	outgoing	6.430868579	620.7128518	5.927929574	0.502939004	true
x018929	G2/generic#13	outgoing	6.426795723	618.1899192	5.927929574	0.4988661484	true
x018930	G2/generic#13	outgoing	6.426795723	618.1899192	5.927929574	0.4988661484	true
x018931	G2/generic#13	outgoing	6.430868579	620.7128518	5.927929574	0.502939004	true
x019268	G2/generic#13	outgoing	6.414729803	610.7757085	5.927929574	0.4868002281	true
x019269	G2/generic#13	outgoing	6.416635082	611.9405164	5.927929574	0.4887055079	true
x020829	G2/generic#13	outgoing	6.422814735	615.733805	5.927929574	0.4948851609	true
x021400	G2/generic#13	outgoing	6.420858069	614.5301974	5.927929574	0.4929284948	true
x021401	G2/generic#13	outgoing	6.418923629	613.3425747	5.927929574	0.4909940548	true
x021402	G2/generic#13	outgoing	6.428820541	619.4429094	5.927929574	0.5008909664	true
x001489	G2/generic#13	incoming	6.420511704	614.3173824	5.927929574	0.4925821295	true
x009248	G2/generic#13	incoming	6.422814735	615.733805	5.927929574	0.4948851609	true
x016496	G2/generic#13	incoming	6.422814735	615.733805	5.927929574	0.4948851609	true
x018928	G2/generic#13	incoming	6.409143258	607.3730961	5.927929574	0.4812136837	true
x018929	G2/generic#13	incoming	6.395798579	599.3217378	5.927929574	0.4678690043	true
x018930	G2/generic#13	incoming	6.410984122	608.4922172	5.927929574	0.4830545478	true
x018931	G2/generic#13	incoming	6.418923629	613.3425747	5.927929574	0.4909940548	true
x019268	G2/generic#13	incoming	6.422814735	615.733805	5.927929574	0.4948851609	true
x019269	G2/generic#13	incoming	6.418923629	613.3425747	5.927929574	0.4909940548	true
x021400	G2/generic#13	incoming	6.418562303	613.1209979	5.927929574	0.4906327285	true
x021401	G2/generic#13	incoming	6.418923629	613.3425747	5.927929574	0.4909940548	true
x000052	G3/generic#13	outgoing	6.426795723	618.1899192	5.971687384	0.4551083383	true
x000712	G3/generic#13	outgoing	6.426795723	618.1899192	5.971687384	0.4551083383	true
x000713	G3/generic#13	outgoing	6.422814735	615.733805	5.971687384	0.4511273509	true
x000714	G3/generic#13	outgoing	6.424793871	616.9536324	5.971687384	0.4531064865	true
x007412	G3/generic#13	outgoing	6.424793871	616.9536324	5.971687384	0.4531064865	true
x009248	G3/generic#13	outgoing	6.430868579	620.7128518	5.971687384	0.459181194	true
x009436	G3/generic#13	outgoing	6.424793871	616.9536324	5.971687384	0.4531064865	true
x010008	G3/generic#13	outgoing	6.422814735	615.733805	5.971687384	0.4511273509	true
x012696	G3/generic#13	outgoing	6.416635082	611.9405164	5.971687384	0.4449476979	true
x018928	G3/generic#13	outgoing	6.420858069	614.5301974	5.971687384	0.4491706848	true
x018929	G3/generic#13	outgoing	6.422483528	615.5299035	5.971687384	0.4507961439	true
x018930	G3/generic#13	outgoing	6.426795723	618.1899192	5.971687384	0.4551083383	true
x019269	G3/generic#13	outgoing	6.422814735	615.733805	5.971687384	0.4511273509	true
x019270	G3/generic#13	outgoing	6.424793871	616.9536324	5.971687384	0.4531064865	true
x021052	G3/generic#13	outgoing	6.424793871	616.9536324	5.971687384	0.4531064865	true
x021400	G3/generic#13	outgoing	6.422814735	615.733805	5.971687384	0.4511273509	true
x000052	G3/generic#13	incoming	6.420858069	614.5301974	5.971687384	0.4491706848	true
x010008	G3/generic#13	incoming	6.422814735	615.733805	5.971687384	0.4511273509	true
x018928	G3/generic#13	incoming	6.398531608	600.9619421	5.971687384	0.4268442237	true
x018929	G3/generic#13	incoming	6.409576528	607.6363096	5.971687384	0.4378891434	true
x018930	G3/generic#13	incoming	6.418562303	613.1209979	5.971687384	0.4468749185	true
x000052	G0/generic#14	outgoing	6.426795723	618.1899192	5.909820163	0.5169755603	true
x000054	G0/generic#14	outgoing	6.428820541	619.4429094	5.909820163	0.5190003783	true
x000712	G0/generic#14	outgoing	6.418562303	613.1209979	5.909820163	0.5087421404	true
x000713	G0/generic#14	outgoing	6.422814735	615.733805	5.909820163	0.5129945728	true
x000714	G0/generic#14	outgoing	6.428820541	619.4429094	5.909820163	0.5190003783	true
x007412	G0/generic#14	outgoing	6.422814735	615.733805	5.909820163	0.5129945728	true
x008704	G0/generic#14	outgoing	6.418923629	613.3425747	5.909820163	0.5091034667	true
x008705	G0/generic#14	outgoing	6.420858069	614.5301974	5.909820163	0.5110379067	true
x008706	G0/generic#14	outgoing	6.430868579	620.7128518	5.909820163	0.521048416	true
x008916	G0/generic#14	outgoing	6.422814735	615.733805	5.909820163	0.5129945728	true
x008944	G0/generic#14	outgoing	6.428820541	619.4429094	5.909820163	0.5190003783	true
x009248	G0/generic#14	outgoing	6.417011175	612.1707062	5.909820163	0.5071910127	true
x009249	G0/generic#14	outgoing	6.41512047	611.0143655	5.909820163	0.5053003079	true
x009250	G0/generic#14	outgoing	6.426795723	618.1899192	5.909820163	0.5169755603	true
x009436	G0/generic#14	outgoing	6.422483528	615.5299035	5.909820163	0.5126633659	true
x009438	G0/generic#14	outgoing	6.424793871	616.9536324	5.909820163	0.5149737085	true
x010008	G0/generic#14	outgoing	6.428820541	619.4429094	5.909820163	0.5190003783	true
x012120	G0/generic#14	outgoing	6.428820541	619.4429094	5.909820163	0.5190003783	true
x012696	G0/generic#14	outgoing	6.418562303	613.1209979	5.909820163	0.5087421404	true
x012697	G0/generic#14	outgoing	6.426795723	618.1899192	5.909820163	0.5169755603	true
x018925	G0/generic#14	outgoing	6.418923629	613.3425747	5.909820163	0.5091034667	true
x018928	G0/generic#14	outgoing	6.420858069	614.5301974	5.909820163	0.5110379067	true
x018929	G0/generic#14	outgoing	6.424793871	616.9536324	5.909820163	0.5149737085	true
x018930	G0/generic#14	outgoing	6.430868579	620.7128518	5.909820163	0.521048416	true
x019268	G0/generic#14	outgoing	6.424793871	616.9536324	5.909820163	0.5149737085	true
x019270	G0/generic#14	outgoing	6.424793871	616.9536324	5.909820163	0.5149737085	true
x020556	G0/generic#14	outgoing	6.418208673	612.9042181	5.909820163	0.5083885101	true
x021052	G0/generic#14	outgoing	6.420511704	614.3173824	5.909820163	0.5106915415	true
x000052	G0/generic#14	incoming	6.420858069	614.5301974	5.909820163	0.5110379067	true
x000054	G0/generic#14	incoming	6.418562303	613.1209979	5.909820163	0.5087421404	true
x008704	G0/generic#14	incoming	6.417011175	612.1707062	5.909820163	0.5071910127	true
x008705	G0/generic#14	incoming	6.418562303	613.1209979	5.909820163	0.5087421404	true
x008944	G0/generic#14	incoming	6.418923629	613.3425747	5.909820163	0.5091034667	true
x009248	G0/generic#14	incoming	6.422814735	615.733805	5.909820163	0.5129945728	true
x009249	G0/generic#14	incoming	6.414729803	610.7757085	5.909820163	0.50490964	true
x018928	G0/generic#14	incoming	6.397522935	600.3560737	5.909820163	0.4877027729	true
x018929	G0/generic#14	incoming	6.407323407	606.268773	5.909820163	0.4975032449	true
x018930	G0/generic#14	incoming	6.420858069	614.5301974	5.909820163	0.5110379067	true
x020556	G0/generic#14	incoming	6.422814735	615.733805	5.909820163	0.5129945728	true
x000052	G1/generic#14	outgoing	6.430868579	620.7128518	5.892775811	0.5380927674	true
x000053	G1/generic#14	outgoing	6.430868579	620.7128518	5.892775811	0.5380927674	true
x000712	G1/generic#14	outgoing	6.41512047	611.0143655	5.892775811	0.5223446593	true
x000713	G1/generic#14	outgoing	6.426795723	618.1899192	5.892775811	0.5340199117	true
x000714	G1/generic#14	outgoing	6.426795723	618.1899192	5.892775811	0.5340199117	true
x001168	G1/generic#14	outgoing	6.428820541	619.4429094	5.892775811	0.5360447298	true
x008448	G1/generic#14	outgoing	6.430868579	620.7128518	5.892775811	0.5380927674	true
x008704	G1/generic#14	outgoing	6.420511704	614.3173824	5.892775811	0.5277358929	true
x010008	G1/generic#14	outgoing	6.424793871	616.9536324	5.892775811	0.5320180599	true
x010009	G1/generic#14	outgoing	6.424793871	616.9536324	5.892775811	0.5320180599	true
x012696	G1/generic#14	outgoing	6.418923629	613.3425747	5.892775811	0.5261478182	true
x012697	G1/generic#14	outgoing	6.426795723	618.1899192	5.892775811	0.5340199117	true
x012698	G1/generic#14	outgoing	6.414346535	610.5416631	5.892775811	0.5215707244	true
x012880	G1/generic#14	outgoing	6.428820541	619.4429094	5.892775811	0.5360447298	true
x018924	G1/generic#14	outgoing	6.420511704	614.3173824	5.892775811	0.5277358929	true
x018928	G1/generic#14	outgoing	6.420858069	614.5301974	5.892775811	0.5280822582	true
x018929	G1/generic#14	outgoing	6.418923629	613.3425747	5.892775811	0.5261478182	true
x018930	G1/generic#14	outgoing	6.428820541	619.4429094	5.892775811	0.5360447298	true
x018931	G1/generic#14	outgoing	6.430868579	620.7128518	5.892775811	0.5380927674	true
x018976	G1/generic#14	outgoing	6.422814735	615.733805	5.892775811	0.5300389243	true
x019268	G1/generic#14	outgoing	6.424793871	616.9536324	5.892775811	0.5320180599	true
x019269	G1/generic#14	outgoing	6.422814735	615.733805	5.892775811	0.5300389243	true
x019270	G1/generic#14	outgoing	6.422814735	615.733805	5.892775811	0.5300389243	true
x020556	G1/generic#14	outgoing	6.428820541	619.4429094	5.892775811	0.5360447298	true
x020557	G1/generic#14	outgoing	6.422814735	615.733805	5.892775811	0.5300389243	true
x020628	G1/generic#14	outgoing	6.418562303	613.1209979	5.892775811	0.5257864919	true
x020629	G1/generic#14	outgoing	6.420511704	614.3173824	5.892775811	0.5277358929	true
x020792	G1/generic#14	outgoing	6.420511704	614.3173824	5.892775811	0.5277358929	true
x000053	G1/generic#14	incoming	6.418923629	613.3425747	5.892775811	0.5261478182	true
x018928	G1/generic#14	incoming	6.39409406	598.3010527	5.892775811	0.5013182489	true
x018929	G1/generic#14	incoming	6.413251281	609.8733306	5.892775811	0.5204754698	true
x018930	G1/generic#14	incoming	6.422814735	615.733805	5.892775811	0.5300389243	true
x018931	G1/generic#14	incoming	6.420858069	614.5301974	5.892775811	0.5280822582	true
x018976	G1/generic#14	incoming	6.422814735	615.733805	5.892775811	0.5300389243	true
x019269	G1/generic#14	incoming	6.418923629	613.3425747	5.892775811	0.5261478182	true
x020557	G1/generic#14	incoming	6.418562303	613.1209979	5.892775811	0.5257864919	true
x020628	G1/generic#14	incoming	6.418923629	613.3425747	5.892775811	0.5261478182	true
x020629	G1/generic#14	incoming	6.420858069	614.5301974	5.892775811	0.5280822582	true
x020792	G1/generic#14	incoming	6.422814735	615.733805	5.892775811	0.5300389243	true
x000052	G2/generic#14	outgoing	6.424793871	616.9536324	5.878037181	0.5467566902	true
x000053	G2/generic#14	outgoing	6.428820541	619.4429094	5.878037181	0.5507833601	true
x000712	G2/generic#14	outgoing	6.411403376	608.7473833	5.878037181	0.5333661951	true
x000713	G2/generic#14	outgoing	6.405524346	605.1790387	5.878037181	0.5274871651	true
x001168	G2/generic#14	outgoing	6.422483528	615.5299035	5.878037181	0.5444463476	true
x009248	G2/generic#14	outgoing	6.414968699	610.9216384	5.878037181	0.5369315187	true
x009249	G2/generic#14	outgoing	6.422814735	615.733805	5.878037181	0.5447775546	true
x009436	G2/generic#14	outgoing	6.424793871	616.9536324	5.878037181	0.5467566902	true
x009437	G2/generic#14	outgoing	6.418562303	613.1209979	5.878037181	0.5405251222	true
x010008	G2/generic#14	outgoing	6.408559362	607.0185571	5.878037181	0.5305221816	true
x012696	G2/generic#14	outgoing	6.424793871	616.9536324	5.878037181	0.5467566902	true
x012698	G2/generic#14	outgoing	6.426795723	618.1899192	5.878037181	0.548758542	true
x018928	G2/generic#14	outgoing	6.428820541	619.4429094	5.878037181	0.5507833601	true
x018929	G2/generic#14	outgoing	6.426795723	618.1899192	5.878037181	0.548758542	true
x019268	G2/generic#14	outgoing	6.420511704	614.3173824	5.878037181	0.5424745232	true
x019269	G2/generic#14	outgoing	6.422814735	615.733805	5.878037181	0.5447775546	true
x019270	G2/generic#14	outgoing	6.424793871	616.9536324	5.878037181	0.5467566902	true
x020556	G2/generic#14	outgoing	6.418923629	613.3425747	5.878037181	0.5408864485	true
x020557	G2/generic#14	outgoing	6.430868579	620.7128518	5.878037181	0.5528313977	true
x020558	G2/generic#14	outgoing	6.422814735	615.733805	5.878037181	0.5447775546	true
x000052	G2/generic#14	incoming	6.420858069	614.5301974	5.878037181	0.5428208885	true
x000053	G2/generic#14	incoming	6.420858069	614.5301974	5.878037181	0.5428208885	true
x000712	G2/generic#14	incoming	6.418923629	613.3425747	5.878037181	0.5408864485	true
x009248	G2/generic#14	incoming	6.422814735	615.733805	5.878037181	0.5447775546	true
x010008	G2/generic#14	incoming	6.420858069	614.5301974	5.878037181	0.5428208885	true
x018928	G2/generic#14	incoming	6.389097452	595.3190331	5.878037181	0.5110602712	true
x018929	G2/generic#14	incoming	6.41512047	611.0143655	5.878037181	0.5370832896	true
x019268	G2/generic#14	incoming	6.416635082	611.9405164	5.878037181	0.5385979016	true
x019269	G2/generic#14	incoming	6.420858069	614.5301974	5.878037181	0.5428208885	true
x020556	G2/generic#14	incoming	6.407435299	606.336613	5.878037181	0.5293981181	true
x020558	G2/generic#14	incoming	6.402983876	603.6435509	5.878037181	0.5249466955	true
x000053	G3/generic#14	outgoing	6.430868579	620.7128518	5.991752884	0.4391156948	true
x000712	G3/generic#14	outgoing	6.426795723	618.1899192	5.991752884	0.4350428391	true
x008704	G3/generic#14	outgoing	6.424793871	616.9536324	5.991752884	0.4330409873	true
x009248	G3/generic#14	outgoing	6.424793871	616.9536324	5.991752884	0.4330409873	true
x009249	G3/generic#14	outgoing	6.422483528	615.5299035	5.991752884	0.4307306447	true
x009250	G3/generic#14	outgoing	6.424793871	616.9536324	5.991752884	0.4330409873	true
x009251	G3/generic#14	outgoing	6.422814735	615.733805	5.991752884	0.4310618517	true
x010008	G3/generic#14	outgoing	6.420858069	614.5301974	5.991752884	0.4291051856	true
x012121	G3/generic#14	outgoing	6.428820541	619.4429094	5.991752884	0.4370676571	true
x015852	G3/generic#14	outgoing	6.422814735	615.733805	5.991752884	0.4310618517	true
x018925	G3/generic#14	outgoing	6.424793871	616.9536324	5.991752884	0.4330409873	true
x018928	G3/generic#14	outgoing	6.430868579	620.7128518	5.991752884	0.4391156948	true
x018929	G3/generic#14	outgoing	6.428820541	619.4429094	5.991752884	0.4370676571	true
x019268	G3/generic#14	outgoing	6.428820541	619.4429094	5.991752884	0.4370676571	true
x019269	G3/generic#14	outgoing	6.41512047	611.0143655	5.991752884	0.4233675867	true
x019270	G3/generic#14	outgoing	6.428820541	619.4429094	5.991752884	0.4370676571	true
x000053	G3/generic#14	incoming	6.422814735	615.733805	5.991752884	0.4310618517	true
x009248	G3/generic#14	incoming	6.418923629	613.3425747	5.991752884	0.4271707456	true
x009249	G3/generic#14	incoming	6.422814735	615.733805	5.991752884	0.4310618517	true
x010008	G3/generic#14	incoming	6.420858069	614.5301974	5.991752884	0.4291051856	true
x018925	G3/generic#14	incoming	6.422814735	615.733805	5.991752884	0.4310618517	true
x018928	G3/generic#14	incoming	6.420858069	614.5301974	5.991752884	0.4291051856	true
x018929	G3/generic#14	incoming	6.418923629	613.3425747	5.991752884	0.4271707456	true
x019269	G3/generic#14	incoming	6.418923629	613.3425747	5.991752884	0.4271707456	true
x000052	G0/generic#15	outgoing	6.428820541	619.4429094	5.968804077	0.4600164636	true
x000712	G0/generic#15	outgoing	6.422814735	615.733805	5.968804077	0.4540106581	true
x000713	G0/generic#15	outgoing	6.420858069	614.5301974	5.968804077	0.452053992	true
x008704	G0/generic#15	outgoing	6.424793871	616.9536324	5.968804077	0.4559897938	true
x008705	G0/generic#15	outgoing	6.424793871	616.9536324	5.968804077	0.4559897938	true
x009248	G0/generic#15	outgoing	6.420858069	614.5301974	5.968804077	0.452053992	true
x009249	G0/generic#15	outgoing	6.424793871	616.9536324	5.968804077	0.4559897938	true
x009250	G0/generic#15	outgoing	6.430868579	620.7128518	5.968804077	0.4620645013	true
x010010	G0/generic#15	outgoing	6.418562303	613.1209979	5.968804077	0.4497582257	true
x012696	G0/generic#15	outgoing	6.41305278	609.7522819	5.968804077	0.4442487023	true
x012697	G0/generic#15	outgoing	6.422814735	615.733805	5.968804077	0.4540106581	true
x018928	G0/generic#15	outgoing	6.426795723	618.1899192	5.968804077	0.4579916456	true
x018929	G0/generic#15	outgoing	6.420858069	614.5301974	5.968804077	0.452053992	true
x018930	G0/generic#15	outgoing	6.428820541	619.4429094	5.968804077	0.4600164636	true
x018931	G0/generic#15	outgoing	6.428820541	619.4429094	5.968804077	0.4600164636	true
x019268	G0/generic#15	outgoing	6.418923629	613.3425747	5.968804077	0.450119552	true
x019271	G0/generic#15	outgoing	6.432940093	622	5.968804077	0.4641360155	true
x020628	G0/generic#15	outgoing	6.426495436	618.0043126	5.968804077	0.4576913584	true
x020629	G0/generic#15	outgoing	6.428820541	619.4429094	5.968804077	0.4600164636	true
x021400	G0/generic#15	outgoing	6.422814735	615.733805	5.968804077	0.4540106581	true
x000052	G0/generic#15	incoming	6.422814735	615.733805	5.968804077	0.4540106581	true
x008704	G0/generic#15	incoming	6.422814735	615.733805	5.968804077	0.4540106581	true
x009248	G0/generic#15	incoming	6.418562303	613.1209979	5.968804077	0.4497582257	true
x018928	G0/generic#15	incoming	6.403796558	604.1343205	5.968804077	0.4349924809	true
x018929	G0/generic#15	incoming	6.41512047	611.0143655	5.968804077	0.4463163932	true
x018930	G0/generic#15	incoming	6.420858069	614.5301974	5.968804077	0.452053992	true
x018931	G0/generic#15	incoming	6.420858069	614.5301974	5.968804077	0.452053992	true
x019268	G0/generic#15	incoming	6.420858069	614.5301974	5.968804077	0.452053992	true
x020628	G0/generic#15	incoming	6.422814735	615.733805	5.968804077	0.4540106581	true
x000052	G1/generic#15	outgoing	6.426795723	618.1899192	5.88900715	0.5377885726	true
x000053	G1/generic#15	outgoing	6.432940093	622	5.88900715	0.5439329425	true
x000712	G1/generic#15	outgoing	6.418923629	613.3425747	5.88900715	0.5299164791	true
x000713	G1/generic#15	outgoing	6.417011175	612.1707062	5.88900715	0.5280040251	true
x000714	G1/generic#15	outgoing	6.422483528	615.5299035	5.88900715	0.5334763782	true
x008448	G1/generic#15	outgoing	6.416635082	611.9405164	5.88900715	0.5276279322	true
x008704	G1/generic#15	outgoing	6.418562303	613.1209979	5.88900715	0.5295551528	true
x008705	G1/generic#15	outgoing	6.414968699	610.9216384	5.88900715	0.5259615493	true
x008916	G1/generic#15	outgoing	6.418923629	613.3425747	5.88900715	0.5299164791	true
x008919	G1/generic#15	outgoing	6.424793871	616.9536324	5.88900715	0.5357867208	true
x008944	G1/generic#15	outgoing	6.430868579	620.7128518	5.88900715	0.5418614283	true
x008945	G1/generic#15	outgoing	6.426795723	618.1899192	5.88900715	0.5377885726	true
x008946	G1/generic#15	outgoing	6.430868579	620.7128518	5.88900715	0.5418614283	true
x009248	G1/generic#15	outgoing	6.405070287	604.9043141	5.88900715	0.5160631368	true
x009249	G1/generic#15	outgoing	6.41244843	609.3838896	5.88900715	0.5234412796	true
x009250	G1/generic#15	outgoing	6.414729803	610.7757085	5.88900715	0.5257226523	true
x009251	G1/generic#15	outgoing	6.424478022	616.7587993	5.88900715	0.5354708723	true
x009436	G1/generic#15	outgoing	6.424793871	616.9536324	5.88900715	0.5357867208	true
x011477	G1/generic#15	outgoing	6.420511704	614.3173824	5.88900715	0.5315045538	true
x012120	G1/generic#15	outgoing	6.430868579	620.7128518	5.88900715	0.5418614283	true
x012121	G1/generic#15	outgoing	6.430868579	620.7128518	5.88900715	0.5418614283	true
x012696	G1/generic#15	outgoing	6.424793871	616.9536324	5.88900715	0.5357867208	true
x012697	G1/generic#15	outgoing	6.420511704	614.3173824	5.88900715	0.5315045538	true
x012698	G1/generic#15	outgoing	6.430868579	620.7128518	5.88900715	0.5418614283	true
x018924	G1/generic#15	outgoing	6.420511704	614.3173824	5.88900715	0.5315045538	true
x018928	G1/generic#15	outgoing	6.426795723	618.1899192	5.88900715	0.5377885726	true
x018929	G1/generic#15	outgoing	6.432940093	622	5.88900715	0.5439329425	true
x018930	G1/generic#15	outgoing	6.430868579	620.7128518	5.88900715	0.5418614283	true
x019268	G1/generic#15	outgoing	6.422814735	615.733805	5.88900715	0.5338075852	true
x019269	G1/generic#15	outgoing	6.418562303	613.1209979	5.88900715	0.5295551528	true
x019270	G1/generic#15	outgoing	6.424793871	616.9536324	5.88900715	0.5357867208	true
x020556	G1/generic#15	outgoing	6.422814735	615.733805	5.88900715	0.5338075852	true
x020559	G1/generic#15	outgoing	6.428820541	619.4429094	5.88900715	0.5398133907	true
x000052	G1/generic#15	incoming	6.414729803	610.7757085	5.88900715	0.5257226523	true
x000053	G1/generic#15	incoming	6.417011175	612.1707062	5.88900715	0.5280040251	true
x000712	G1/generic#15	incoming	6.420511704	614.3173824	5.88900715	0.5315045538	true
x008448	G1/generic#15	incoming	6.41244843	609.3838896	5.88900715	0.5234412796	true
x008705	G1/generic#15	incoming	6.418562303	613.1209979	5.88900715	0.5295551528	true
x008916	G1/generic#15	incoming	6.422814735	615.733805	5.88900715	0.5338075852	true
x008944	G1/generic#15	incoming	6.418923629	613.3425747	5.88900715	0.5299164791	true
x008945	G1/generic#15	incoming	6.41512047	611.0143655	5.88900715	0.5261133202	true
x008946	G1/generic#15	incoming	6.422814735	615.733805	5.88900715	0.5338075852	true
x009248	G1/generic#15	incoming	6.409143258	607.3730961	5.88900715	0.520136108	true
x009249	G1/generic#15	incoming	6.417011175	612.1707062	5.88900715	0.5280040251	true
x009250	G1/generic#15	incoming	6.409576528	607.6363096	5.88900715	0.5205693777	true
x009251	G1/generic#15	incoming	6.422814735	615.733805	5.88900715	0.5338075852	true
x012121	G1/generic#15	incoming	6.420511704	614.3173824	5.88900715	0.5315045538	true
x018928	G1/generic#15	incoming	6.420858069	614.5301974	5.88900715	0.5318509191	true
x018929	G1/generic#15	incoming	6.420858069	614.5301974	5.88900715	0.5318509191	true
x018930	G1/generic#15	incoming	6.420858069	614.5301974	5.88900715	0.5318509191	true
x019269	G1/generic#15	incoming	6.422814735	615.733805	5.88900715	0.5338075852	true
x020556	G1/generic#15	incoming	6.411158729	608.5984736	5.88900715	0.5221515793	true
x000052	G2/generic#15	outgoing	6.426795723	618.1899192	5.970554419	0.4562413039	true
x000053	G2/generic#15	outgoing	6.428820541	619.4429094	5.970554419	0.4582661219	true
x000712	G2/generic#15	outgoing	6.417011175	612.1707062	5.970554419	0.4464567564	true
x000713	G2/generic#15	outgoing	6.422814735	615.733805	5.970554419	0.4522603165	true
x001168	G2/generic#15	outgoing	6.424793871	616.9536324	5.970554419	0.4542394521	true
x008449	G2/generic#15	outgoing	6.422814735	615.733805	5.970554419	0.4522603165	true
x008704	G2/generic#15	outgoing	6.422814735	615.733805	5.970554419	0.4522603165	true
x008707	G2/generic#15	outgoing	6.424793871	616.9536324	5.970554419	0.4542394521	true
x009248	G2/generic#15	outgoing	6.41512047	611.0143655	5.970554419	0.4445660515	true
x009249	G2/generic#15	outgoing	6.420858069	614.5301974	5.970554419	0.4503036503	true
x009250	G2/generic#15	outgoing	6.414729803	610.7757085	5.970554419	0.4441753836	true
x010009	G2/generic#15	outgoing	6.418562303	613.1209979	5.970554419	0.448007884	true
x012696	G2/generic#15	outgoing	6.41512047	611.0143655	5.970554419	0.4445660515	true
x018924	G2/generic#15	outgoing	6.420858069	614.5301974	5.970554419	0.4503036503	true
x018928	G2/generic#15	outgoing	6.424793871	616.9536324	5.970554419	0.4542394521	true
x018929	G2/generic#15	outgoing	6.424793871	616.9536324	5.970554419	0.4542394521	true
x018930	G2/generic#15	outgoing	6.420858069	614.5301974	5.970554419	0.4503036503	true
x019268	G2/generic#15	outgoing	6.413251281	609.8733306	5.970554419	0.4426968619	true
x019269	G2/generic#15	outgoing	6.428820541	619.4429094	5.970554419	0.4582661219	true
x020557	G2/generic#15	outgoing	6.420858069	614.5301974	5.970554419	0.4503036503	true
x021400	G2/generic#15	outgoing	6.426795723	618.1899192	5.970554419	0.4562413039	true
x000052	G2/generic#15	incoming	6.418923629	613.3425747	5.970554419	0.4483692103	true
x000053	G2/generic#15	incoming	6.420858069	614.5301974	5.970554419	0.4503036503	true
x008449	G2/generic#15	incoming	6.417011175	612.1707062	5.970554419	0.4464567564	true
x009248	G2/generic#15	incoming	6.422814735	615.733805	5.970554419	0.4522603165	true
x009249	G2/generic#15	incoming	6.417011175	612.1707062	5.970554419	0.4464567564	true
x009250	G2/generic#15	incoming	6.418923629	613.3425747	5.970554419	0.4483692103	true
x018928	G2/generic#15	incoming	6.409576528	607.6363096	5.970554419	0.439022109	true
x018929	G2/generic#15	incoming	6.412846227	609.626349	5.970554419	0.442291808	true
x018930	G2/generic#15	incoming	6.418923629	613.3425747	5.970554419	0.4483692103	true
x020557	G2/generic#15	incoming	6.422814735	615.733805	5.970554419	0.4522603165	true
x009249	G3/generic#15	outgoing	6.417011175	612.1707062	6.080456204	0.3365549716	true
x012696	G3/generic#15	outgoing	6.424793871	616.9536324	6.080456204	0.3443376673	true
x012697	G3/generic#15	outgoing	6.428820541	619.4429094	6.080456204	0.3483643371	true
x018928	G3/generic#15	outgoing	6.426795723	618.1899192	6.080456204	0.3463395191	true
x018930	G3/generic#15	outgoing	6.430868579	620.7128518	6.080456204	0.3504123748	true
x018931	G3/generic#15	outgoing	6.432940093	622	6.080456204	0.352483889	true
x009249	G3/generic#15	incoming	6.418923629	613.3425747	6.080456204	0.3384674255	true
x018931	G3/generic#15	incoming	6.422814735	615.733805	6.080456204	0.3423585317	true
