corpus	operator_id	metric_id	classification	f2_before	before_available	f2_after	after_available	chosen_count	candidate_pool	degenerate
Doyle	FIRST_GLYPH_OF_TOKEN	EF1_GIANT_COMPONENT_SHARE	CORE	0.273881	true	1	true	43713	178056	false
Doyle	FIRST_GLYPH_OF_TOKEN	EF2_GLOBAL_CLUSTERING	CORE	0.366911	true	1	true	43713	178056	false
Doyle	FIRST_GLYPH_OF_TOKEN	EF3_DEGREE_FREQUENCY_SPEARMAN	CORE	0.293276	true	0	true	43713	178056	false
Doyle	FIRST_GLYPH_OF_TOKEN	2DL1_LAYOUT_POSITION_MI	CORE	0.00226203	true	0	true	43713	178056	false
Doyle	FIRST_GLYPH_OF_TOKEN	BP1_BOUNDARY_TOKEN_NMI	CORE	0.0316263	true	0.00118512	true	43713	178056	false
Doyle	FIRST_GLYPH_OF_TOKEN	LS2_POSITIONAL_LEXICON_NMI	CORE	0.052295	true	0.00158247	true	43713	178056	false
Doyle	FIRST_GLYPH_OF_TOKEN	LS3_BOUNDARY_LENGTH_ASYMMETRY	CORE	0.329156	true	0	true	43713	178056	false
Doyle	FIRST_GLYPH_OF_TOKEN	EF1_ISOLATE_SHARE	SUPPORTING	0.494776	true	0	true	43713	178056	false
Doyle	FIRST_GLYPH_OF_TOKEN	LP1_RULE_SUPPORT_GINI	SUPPORTING	0.627118	true	0	true	43713	178056	false
Doyle	FIRST_GLYPH_OF_TOKEN	LP4_PREFIX_ATTACHMENT_NMI	SUPPORTING	0.45962	true	0	true	43713	178056	false
Doyle	FIRST_GLYPH_OF_TOKEN	LP4_SUFFIX_ATTACHMENT_NMI	SUPPORTING	0.405723	true	0	true	43713	178056	false
Doyle	FIRST_GLYPH_OF_TOKEN	cs2/prev-family-current-family	SUPPORTING		false		false	43713	178056	false
Doyle	FIRST_GLYPH_OF_TOKEN	LS1_LINE_LENGTH_CV	SUPPORTING	0.288925	true	0.288925	true	43713	178056	false
Doyle	FIRST_GLYPH_OF_TOKEN	LS4_WITHIN_LINE_EXACT_REPETITION	SUPPORTING	0.000574383	true	0.0666783	true	43713	178056	false
Doyle	FIRST_GLYPH_OF_TOKEN	cs1/family-line-position	SUPPORTING		false		false	43713	178056	false
Doyle	FIRST_GLYPH_OF_TOKEN	cs6/family-diversity-x-line-length	SUPPORTING	0	true	0	true	43713	178056	false
Doyle	FIRST_GLYPH_OF_TOKEN	cs7/edit-distance-x-structural-distance	SUPPORTING	0.0152451	true	0	true	43713	178056	false
Doyle	LAST_GLYPH_OF_TOKEN	EF1_GIANT_COMPONENT_SHARE	CORE	0.273881	true	1	true	43713	178056	false
Doyle	LAST_GLYPH_OF_TOKEN	EF2_GLOBAL_CLUSTERING	CORE	0.366911	true	1	true	43713	178056	false
Doyle	LAST_GLYPH_OF_TOKEN	EF3_DEGREE_FREQUENCY_SPEARMAN	CORE	0.293276	true	0	true	43713	178056	false
Doyle	LAST_GLYPH_OF_TOKEN	2DL1_LAYOUT_POSITION_MI	CORE	0.00226203	true	0	true	43713	178056	false
Doyle	LAST_GLYPH_OF_TOKEN	BP1_BOUNDARY_TOKEN_NMI	CORE	0.0316263	true	0.0013685	true	43713	178056	false
Doyle	LAST_GLYPH_OF_TOKEN	LS2_POSITIONAL_LEXICON_NMI	CORE	0.052295	true	0.00177659	true	43713	178056	false
Doyle	LAST_GLYPH_OF_TOKEN	LS3_BOUNDARY_LENGTH_ASYMMETRY	CORE	0.329156	true	0	true	43713	178056	false
Doyle	LAST_GLYPH_OF_TOKEN	EF1_ISOLATE_SHARE	SUPPORTING	0.494776	true	0	true	43713	178056	false
Doyle	LAST_GLYPH_OF_TOKEN	LP1_RULE_SUPPORT_GINI	SUPPORTING	0.627118	true	0	true	43713	178056	false
Doyle	LAST_GLYPH_OF_TOKEN	LP4_PREFIX_ATTACHMENT_NMI	SUPPORTING	0.45962	true	0	true	43713	178056	false
Doyle	LAST_GLYPH_OF_TOKEN	LP4_SUFFIX_ATTACHMENT_NMI	SUPPORTING	0.405723	true	0	true	43713	178056	false
Doyle	LAST_GLYPH_OF_TOKEN	cs2/prev-family-current-family	SUPPORTING		false		false	43713	178056	false
Doyle	LAST_GLYPH_OF_TOKEN	LS1_LINE_LENGTH_CV	SUPPORTING	0.288925	true	0.288925	true	43713	178056	false
Doyle	LAST_GLYPH_OF_TOKEN	LS4_WITHIN_LINE_EXACT_REPETITION	SUPPORTING	0.000574383	true	0.0786654	true	43713	178056	false
Doyle	LAST_GLYPH_OF_TOKEN	cs1/family-line-position	SUPPORTING		false		false	43713	178056	false
Doyle	LAST_GLYPH_OF_TOKEN	cs6/family-diversity-x-line-length	SUPPORTING	0	true	0	true	43713	178056	false
Doyle	LAST_GLYPH_OF_TOKEN	cs7/edit-distance-x-structural-distance	SUPPORTING	0.0152451	true	0	true	43713	178056	false
Doyle	FIRST_TOKEN_OF_LINE	EF1_GIANT_COMPONENT_SHARE	CORE	0.273881	true	0.182349	true	3670	43713	false
Doyle	FIRST_TOKEN_OF_LINE	EF2_GLOBAL_CLUSTERING	CORE	0.366911	true	0.35545	true	3670	43713	false
Doyle	FIRST_TOKEN_OF_LINE	EF3_DEGREE_FREQUENCY_SPEARMAN	CORE	0.293276	true	0.354898	true	3670	43713	false
Doyle	FIRST_TOKEN_OF_LINE	2DL1_LAYOUT_POSITION_MI	CORE	0.00226203	true	0	true	3670	43713	false
Doyle	FIRST_TOKEN_OF_LINE	BP1_BOUNDARY_TOKEN_NMI	CORE	0.0316263	true	0	true	3670	43713	false
Doyle	FIRST_TOKEN_OF_LINE	LS2_POSITIONAL_LEXICON_NMI	CORE	0.052295	true	0	true	3670	43713	false
Doyle	FIRST_TOKEN_OF_LINE	LS3_BOUNDARY_LENGTH_ASYMMETRY	CORE	0.329156	true	0	true	3670	43713	false
Doyle	FIRST_TOKEN_OF_LINE	EF1_ISOLATE_SHARE	SUPPORTING	0.494776	true	0.649161	true	3670	43713	false
Doyle	FIRST_TOKEN_OF_LINE	LP1_RULE_SUPPORT_GINI	SUPPORTING	0.627118	true	0.40149	true	3670	43713	false
Doyle	FIRST_TOKEN_OF_LINE	LP4_PREFIX_ATTACHMENT_NMI	SUPPORTING	0.45962	true	0.54264	true	3670	43713	false
Doyle	FIRST_TOKEN_OF_LINE	LP4_SUFFIX_ATTACHMENT_NMI	SUPPORTING	0.405723	true	0.482018	true	3670	43713	false
Doyle	FIRST_TOKEN_OF_LINE	cs2/prev-family-current-family	SUPPORTING		false		false	3670	43713	false
Doyle	FIRST_TOKEN_OF_LINE	LS1_LINE_LENGTH_CV	SUPPORTING	0.288925	true	0	true	3670	43713	false
Doyle	FIRST_TOKEN_OF_LINE	LS4_WITHIN_LINE_EXACT_REPETITION	SUPPORTING	0.000574383	true	0	true	3670	43713	false
Doyle	FIRST_TOKEN_OF_LINE	cs1/family-line-position	SUPPORTING		false		false	3670	43713	false
Doyle	FIRST_TOKEN_OF_LINE	cs6/family-diversity-x-line-length	SUPPORTING	0	true	0	true	3670	43713	false
Doyle	FIRST_TOKEN_OF_LINE	cs7/edit-distance-x-structural-distance	SUPPORTING	0.0152451	true	0.0369733	true	3670	43713	false
Doyle	LAST_TOKEN_OF_LINE	EF1_GIANT_COMPONENT_SHARE	CORE	0.273881	true	0.225858	true	3670	43713	false
Doyle	LAST_TOKEN_OF_LINE	EF2_GLOBAL_CLUSTERING	CORE	0.366911	true	0.351324	true	3670	43713	false
Doyle	LAST_TOKEN_OF_LINE	EF3_DEGREE_FREQUENCY_SPEARMAN	CORE	0.293276	true	0.349501	true	3670	43713	false
Doyle	LAST_TOKEN_OF_LINE	2DL1_LAYOUT_POSITION_MI	CORE	0.00226203	true	0	true	3670	43713	false
Doyle	LAST_TOKEN_OF_LINE	BP1_BOUNDARY_TOKEN_NMI	CORE	0.0316263	true	0	true	3670	43713	false
Doyle	LAST_TOKEN_OF_LINE	LS2_POSITIONAL_LEXICON_NMI	CORE	0.052295	true	0	true	3670	43713	false
Doyle	LAST_TOKEN_OF_LINE	LS3_BOUNDARY_LENGTH_ASYMMETRY	CORE	0.329156	true	0	true	3670	43713	false
Doyle	LAST_TOKEN_OF_LINE	EF1_ISOLATE_SHARE	SUPPORTING	0.494776	true	0.620112	true	3670	43713	false
Doyle	LAST_TOKEN_OF_LINE	LP1_RULE_SUPPORT_GINI	SUPPORTING	0.627118	true	0.379426	true	3670	43713	false
Doyle	LAST_TOKEN_OF_LINE	LP4_PREFIX_ATTACHMENT_NMI	SUPPORTING	0.45962	true	0.538362	true	3670	43713	false
Doyle	LAST_TOKEN_OF_LINE	LP4_SUFFIX_ATTACHMENT_NMI	SUPPORTING	0.405723	true	0.478447	true	3670	43713	false
Doyle	LAST_TOKEN_OF_LINE	cs2/prev-family-current-family	SUPPORTING		false		false	3670	43713	false
Doyle	LAST_TOKEN_OF_LINE	LS1_LINE_LENGTH_CV	SUPPORTING	0.288925	true	0	true	3670	43713	false
Doyle	LAST_TOKEN_OF_LINE	LS4_WITHIN_LINE_EXACT_REPETITION	SUPPORTING	0.000574383	true	0	true	3670	43713	false
Doyle	LAST_TOKEN_OF_LINE	cs1/family-line-position	SUPPORTING		false		false	3670	43713	false
Doyle	LAST_TOKEN_OF_LINE	cs6/family-diversity-x-line-length	SUPPORTING	0	true	0	true	3670	43713	false
Doyle	LAST_TOKEN_OF_LINE	cs7/edit-distance-x-structural-distance	SUPPORTING	0.0152451	true	0.036629	true	3670	43713	false
Doyle	FIRST_GLYPH_OF_LINE	EF1_GIANT_COMPONENT_SHARE	CORE	0.273881	true	1	true	3670	178056	false
Doyle	FIRST_GLYPH_OF_LINE	EF2_GLOBAL_CLUSTERING	CORE	0.366911	true	1	true	3670	178056	false
Doyle	FIRST_GLYPH_OF_LINE	EF3_DEGREE_FREQUENCY_SPEARMAN	CORE	0.293276	true	0	true	3670	178056	false
Doyle	FIRST_GLYPH_OF_LINE	2DL1_LAYOUT_POSITION_MI	CORE	0.00226203	true	0	true	3670	178056	false
Doyle	FIRST_GLYPH_OF_LINE	BP1_BOUNDARY_TOKEN_NMI	CORE	0.0316263	true	0	true	3670	178056	false
Doyle	FIRST_GLYPH_OF_LINE	LS2_POSITIONAL_LEXICON_NMI	CORE	0.052295	true	0	true	3670	178056	false
Doyle	FIRST_GLYPH_OF_LINE	LS3_BOUNDARY_LENGTH_ASYMMETRY	CORE	0.329156	true	0	true	3670	178056	false
Doyle	FIRST_GLYPH_OF_LINE	EF1_ISOLATE_SHARE	SUPPORTING	0.494776	true	0	true	3670	178056	false
Doyle	FIRST_GLYPH_OF_LINE	LP1_RULE_SUPPORT_GINI	SUPPORTING	0.627118	true	0	true	3670	178056	false
Doyle	FIRST_GLYPH_OF_LINE	LP4_PREFIX_ATTACHMENT_NMI	SUPPORTING	0.45962	true	0	true	3670	178056	false
Doyle	FIRST_GLYPH_OF_LINE	LP4_SUFFIX_ATTACHMENT_NMI	SUPPORTING	0.405723	true	0	true	3670	178056	false
Doyle	FIRST_GLYPH_OF_LINE	cs2/prev-family-current-family	SUPPORTING		false		false	3670	178056	false
Doyle	FIRST_GLYPH_OF_LINE	LS1_LINE_LENGTH_CV	SUPPORTING	0.288925	true	0	true	3670	178056	false
Doyle	FIRST_GLYPH_OF_LINE	LS4_WITHIN_LINE_EXACT_REPETITION	SUPPORTING	0.000574383	true	0	true	3670	178056	false
Doyle	FIRST_GLYPH_OF_LINE	cs1/family-line-position	SUPPORTING		false		false	3670	178056	false
Doyle	FIRST_GLYPH_OF_LINE	cs6/family-diversity-x-line-length	SUPPORTING	0	true	0	true	3670	178056	false
Doyle	FIRST_GLYPH_OF_LINE	cs7/edit-distance-x-structural-distance	SUPPORTING	0.0152451	true	0	true	3670	178056	false
Doyle	LAST_GLYPH_OF_LINE	EF1_GIANT_COMPONENT_SHARE	CORE	0.273881	true	1	true	3670	178056	false
Doyle	LAST_GLYPH_OF_LINE	EF2_GLOBAL_CLUSTERING	CORE	0.366911	true	1	true	3670	178056	false
Doyle	LAST_GLYPH_OF_LINE	EF3_DEGREE_FREQUENCY_SPEARMAN	CORE	0.293276	true	0	true	3670	178056	false
Doyle	LAST_GLYPH_OF_LINE	2DL1_LAYOUT_POSITION_MI	CORE	0.00226203	true	0	true	3670	178056	false
Doyle	LAST_GLYPH_OF_LINE	BP1_BOUNDARY_TOKEN_NMI	CORE	0.0316263	true	0	true	3670	178056	false
Doyle	LAST_GLYPH_OF_LINE	LS2_POSITIONAL_LEXICON_NMI	CORE	0.052295	true	0	true	3670	178056	false
Doyle	LAST_GLYPH_OF_LINE	LS3_BOUNDARY_LENGTH_ASYMMETRY	CORE	0.329156	true	0	true	3670	178056	false
Doyle	LAST_GLYPH_OF_LINE	EF1_ISOLATE_SHARE	SUPPORTING	0.494776	true	0	true	3670	178056	false
Doyle	LAST_GLYPH_OF_LINE	LP1_RULE_SUPPORT_GINI	SUPPORTING	0.627118	true	0	true	3670	178056	false
Doyle	LAST_GLYPH_OF_LINE	LP4_PREFIX_ATTACHMENT_NMI	SUPPORTING	0.45962	true	0	true	3670	178056	false
Doyle	LAST_GLYPH_OF_LINE	LP4_SUFFIX_ATTACHMENT_NMI	SUPPORTING	0.405723	true	0	true	3670	178056	false
Doyle	LAST_GLYPH_OF_LINE	cs2/prev-family-current-family	SUPPORTING		false		false	3670	178056	false
Doyle	LAST_GLYPH_OF_LINE	LS1_LINE_LENGTH_CV	SUPPORTING	0.288925	true	0	true	3670	178056	false
Doyle	LAST_GLYPH_OF_LINE	LS4_WITHIN_LINE_EXACT_REPETITION	SUPPORTING	0.000574383	true	0	true	3670	178056	false
Doyle	LAST_GLYPH_OF_LINE	cs1/family-line-position	SUPPORTING		false		false	3670	178056	false
Doyle	LAST_GLYPH_OF_LINE	cs6/family-diversity-x-line-length	SUPPORTING	0	true	0	true	3670	178056	false
Doyle	LAST_GLYPH_OF_LINE	cs7/edit-distance-x-structural-distance	SUPPORTING	0.0152451	true	0	true	3670	178056	false
Doyle	NTH_GLYPH_OF_TOKEN_2	EF1_GIANT_COMPONENT_SHARE	CORE	0.273881	true	1	true	41104	178056	false
Doyle	NTH_GLYPH_OF_TOKEN_2	EF2_GLOBAL_CLUSTERING	CORE	0.366911	true	1	true	41104	178056	false
Doyle	NTH_GLYPH_OF_TOKEN_2	EF3_DEGREE_FREQUENCY_SPEARMAN	CORE	0.293276	true	0	true	41104	178056	false
Doyle	NTH_GLYPH_OF_TOKEN_2	2DL1_LAYOUT_POSITION_MI	CORE	0.00226203	true	0	true	41104	178056	false
Doyle	NTH_GLYPH_OF_TOKEN_2	BP1_BOUNDARY_TOKEN_NMI	CORE	0.0316263	true	0.00100426	true	41104	178056	false
Doyle	NTH_GLYPH_OF_TOKEN_2	LS2_POSITIONAL_LEXICON_NMI	CORE	0.052295	true	0.0013969	true	41104	178056	false
Doyle	NTH_GLYPH_OF_TOKEN_2	LS3_BOUNDARY_LENGTH_ASYMMETRY	CORE	0.329156	true	0	true	41104	178056	false
Doyle	NTH_GLYPH_OF_TOKEN_2	EF1_ISOLATE_SHARE	SUPPORTING	0.494776	true	0	true	41104	178056	false
Doyle	NTH_GLYPH_OF_TOKEN_2	LP1_RULE_SUPPORT_GINI	SUPPORTING	0.627118	true	0	true	41104	178056	false
Doyle	NTH_GLYPH_OF_TOKEN_2	LP4_PREFIX_ATTACHMENT_NMI	SUPPORTING	0.45962	true	0	true	41104	178056	false
Doyle	NTH_GLYPH_OF_TOKEN_2	LP4_SUFFIX_ATTACHMENT_NMI	SUPPORTING	0.405723	true	0	true	41104	178056	false
Doyle	NTH_GLYPH_OF_TOKEN_2	cs2/prev-family-current-family	SUPPORTING		false		false	41104	178056	false
Doyle	NTH_GLYPH_OF_TOKEN_2	LS1_LINE_LENGTH_CV	SUPPORTING	0.288925	true	0.28872	true	41104	178056	false
Doyle	NTH_GLYPH_OF_TOKEN_2	LS4_WITHIN_LINE_EXACT_REPETITION	SUPPORTING	0.000574383	true	0.088636	true	41104	178056	false
Doyle	NTH_GLYPH_OF_TOKEN_2	cs1/family-line-position	SUPPORTING		false		false	41104	178056	false
Doyle	NTH_GLYPH_OF_TOKEN_2	cs6/family-diversity-x-line-length	SUPPORTING	0	true	0	true	41104	178056	false
Doyle	NTH_GLYPH_OF_TOKEN_2	cs7/edit-distance-x-structural-distance	SUPPORTING	0.0152451	true	0	true	41104	178056	false
Doyle	NTH_GLYPH_OF_TOKEN_3	EF1_GIANT_COMPONENT_SHARE	CORE	0.273881	true	1	true	32876	178056	false
Doyle	NTH_GLYPH_OF_TOKEN_3	EF2_GLOBAL_CLUSTERING	CORE	0.366911	true	1	true	32876	178056	false
Doyle	NTH_GLYPH_OF_TOKEN_3	EF3_DEGREE_FREQUENCY_SPEARMAN	CORE	0.293276	true	0	true	32876	178056	false
Doyle	NTH_GLYPH_OF_TOKEN_3	2DL1_LAYOUT_POSITION_MI	CORE	0.00226203	true	0	true	32876	178056	false
Doyle	NTH_GLYPH_OF_TOKEN_3	BP1_BOUNDARY_TOKEN_NMI	CORE	0.0316263	true	0.000877688	true	32876	178056	false
Doyle	NTH_GLYPH_OF_TOKEN_3	LS2_POSITIONAL_LEXICON_NMI	CORE	0.052295	true	0.00128678	true	32876	178056	false
Doyle	NTH_GLYPH_OF_TOKEN_3	LS3_BOUNDARY_LENGTH_ASYMMETRY	CORE	0.329156	true	0	true	32876	178056	false
Doyle	NTH_GLYPH_OF_TOKEN_3	EF1_ISOLATE_SHARE	SUPPORTING	0.494776	true	0	true	32876	178056	false
Doyle	NTH_GLYPH_OF_TOKEN_3	LP1_RULE_SUPPORT_GINI	SUPPORTING	0.627118	true	0	true	32876	178056	false
Doyle	NTH_GLYPH_OF_TOKEN_3	LP4_PREFIX_ATTACHMENT_NMI	SUPPORTING	0.45962	true	0	true	32876	178056	false
Doyle	NTH_GLYPH_OF_TOKEN_3	LP4_SUFFIX_ATTACHMENT_NMI	SUPPORTING	0.405723	true	0	true	32876	178056	false
Doyle	NTH_GLYPH_OF_TOKEN_3	cs2/prev-family-current-family	SUPPORTING		false		false	32876	178056	false
Doyle	NTH_GLYPH_OF_TOKEN_3	LS1_LINE_LENGTH_CV	SUPPORTING	0.288925	true	0.291227	true	32876	178056	false
Doyle	NTH_GLYPH_OF_TOKEN_3	LS4_WITHIN_LINE_EXACT_REPETITION	SUPPORTING	0.000574383	true	0.0633964	true	32876	178056	false
Doyle	NTH_GLYPH_OF_TOKEN_3	cs1/family-line-position	SUPPORTING		false		false	32876	178056	false
Doyle	NTH_GLYPH_OF_TOKEN_3	cs6/family-diversity-x-line-length	SUPPORTING	0	true	0	true	32876	178056	false
Doyle	NTH_GLYPH_OF_TOKEN_3	cs7/edit-distance-x-structural-distance	SUPPORTING	0.0152451	true	0	true	32876	178056	false
Doyle	NTH_TOKEN_OF_LINE_2	EF1_GIANT_COMPONENT_SHARE	CORE	0.273881	true	0.261708	true	3591	43713	false
Doyle	NTH_TOKEN_OF_LINE_2	EF2_GLOBAL_CLUSTERING	CORE	0.366911	true	0.365299	true	3591	43713	false
Doyle	NTH_TOKEN_OF_LINE_2	EF3_DEGREE_FREQUENCY_SPEARMAN	CORE	0.293276	true	0.407389	true	3591	43713	false
Doyle	NTH_TOKEN_OF_LINE_2	2DL1_LAYOUT_POSITION_MI	CORE	0.00226203	true	0	true	3591	43713	false
Doyle	NTH_TOKEN_OF_LINE_2	BP1_BOUNDARY_TOKEN_NMI	CORE	0.0316263	true	0	true	3591	43713	false
Doyle	NTH_TOKEN_OF_LINE_2	LS2_POSITIONAL_LEXICON_NMI	CORE	0.052295	true	0	true	3591	43713	false
Doyle	NTH_TOKEN_OF_LINE_2	LS3_BOUNDARY_LENGTH_ASYMMETRY	CORE	0.329156	true	0	true	3591	43713	false
Doyle	NTH_TOKEN_OF_LINE_2	EF1_ISOLATE_SHARE	SUPPORTING	0.494776	true	0.59596	true	3591	43713	false
Doyle	NTH_TOKEN_OF_LINE_2	LP1_RULE_SUPPORT_GINI	SUPPORTING	0.627118	true	0.396062	true	3591	43713	false
Doyle	NTH_TOKEN_OF_LINE_2	LP4_PREFIX_ATTACHMENT_NMI	SUPPORTING	0.45962	true	0.54135	true	3591	43713	false
Doyle	NTH_TOKEN_OF_LINE_2	LP4_SUFFIX_ATTACHMENT_NMI	SUPPORTING	0.405723	true	0.47927	true	3591	43713	false
Doyle	NTH_TOKEN_OF_LINE_2	cs2/prev-family-current-family	SUPPORTING		false		false	3591	43713	false
Doyle	NTH_TOKEN_OF_LINE_2	LS1_LINE_LENGTH_CV	SUPPORTING	0.288925	true	0	true	3591	43713	false
Doyle	NTH_TOKEN_OF_LINE_2	LS4_WITHIN_LINE_EXACT_REPETITION	SUPPORTING	0.000574383	true	0	true	3591	43713	false
Doyle	NTH_TOKEN_OF_LINE_2	cs1/family-line-position	SUPPORTING		false		false	3591	43713	false
Doyle	NTH_TOKEN_OF_LINE_2	cs6/family-diversity-x-line-length	SUPPORTING	0	true	0	true	3591	43713	false
Doyle	NTH_TOKEN_OF_LINE_2	cs7/edit-distance-x-structural-distance	SUPPORTING	0.0152451	true	0.0209695	true	3591	43713	false
Doyle	NTH_TOKEN_OF_LINE_3	EF1_GIANT_COMPONENT_SHARE	CORE	0.273881	true	0.219203	true	3535	43713	false
Doyle	NTH_TOKEN_OF_LINE_3	EF2_GLOBAL_CLUSTERING	CORE	0.366911	true	0.376905	true	3535	43713	false
Doyle	NTH_TOKEN_OF_LINE_3	EF3_DEGREE_FREQUENCY_SPEARMAN	CORE	0.293276	true	0.353906	true	3535	43713	false
Doyle	NTH_TOKEN_OF_LINE_3	2DL1_LAYOUT_POSITION_MI	CORE	0.00226203	true	0	true	3535	43713	false
Doyle	NTH_TOKEN_OF_LINE_3	BP1_BOUNDARY_TOKEN_NMI	CORE	0.0316263	true	0	true	3535	43713	false
Doyle	NTH_TOKEN_OF_LINE_3	LS2_POSITIONAL_LEXICON_NMI	CORE	0.052295	true	0	true	3535	43713	false
Doyle	NTH_TOKEN_OF_LINE_3	LS3_BOUNDARY_LENGTH_ASYMMETRY	CORE	0.329156	true	0	true	3535	43713	false
Doyle	NTH_TOKEN_OF_LINE_3	EF1_ISOLATE_SHARE	SUPPORTING	0.494776	true	0.605072	true	3535	43713	false
Doyle	NTH_TOKEN_OF_LINE_3	LP1_RULE_SUPPORT_GINI	SUPPORTING	0.627118	true	0.387193	true	3535	43713	false
Doyle	NTH_TOKEN_OF_LINE_3	LP4_PREFIX_ATTACHMENT_NMI	SUPPORTING	0.45962	true	0.541456	true	3535	43713	false
Doyle	NTH_TOKEN_OF_LINE_3	LP4_SUFFIX_ATTACHMENT_NMI	SUPPORTING	0.405723	true	0.480767	true	3535	43713	false
Doyle	NTH_TOKEN_OF_LINE_3	cs2/prev-family-current-family	SUPPORTING		false		false	3535	43713	false
Doyle	NTH_TOKEN_OF_LINE_3	LS1_LINE_LENGTH_CV	SUPPORTING	0.288925	true	0	true	3535	43713	false
Doyle	NTH_TOKEN_OF_LINE_3	LS4_WITHIN_LINE_EXACT_REPETITION	SUPPORTING	0.000574383	true	0	true	3535	43713	false
Doyle	NTH_TOKEN_OF_LINE_3	cs1/family-line-position	SUPPORTING		false		false	3535	43713	false
Doyle	NTH_TOKEN_OF_LINE_3	cs6/family-diversity-x-line-length	SUPPORTING	0	true	0	true	3535	43713	false
Doyle	NTH_TOKEN_OF_LINE_3	cs7/edit-distance-x-structural-distance	SUPPORTING	0.0152451	true	0.0289444	true	3535	43713	false
Doyle	PERIODIC_TOKEN_2	EF1_GIANT_COMPONENT_SHARE	CORE	0.273881	true	0.263832	true	21857	43713	false
Doyle	PERIODIC_TOKEN_2	EF2_GLOBAL_CLUSTERING	CORE	0.366911	true	0.346585	true	21857	43713	false
Doyle	PERIODIC_TOKEN_2	EF3_DEGREE_FREQUENCY_SPEARMAN	CORE	0.293276	true	0.32504	true	21857	43713	false
Doyle	PERIODIC_TOKEN_2	2DL1_LAYOUT_POSITION_MI	CORE	0.00226203	true	0.000647961	true	21857	43713	false
Doyle	PERIODIC_TOKEN_2	BP1_BOUNDARY_TOKEN_NMI	CORE	0.0316263	true	0.0477677	true	21857	43713	false
Doyle	PERIODIC_TOKEN_2	LS2_POSITIONAL_LEXICON_NMI	CORE	0.052295	true	0.0792053	true	21857	43713	false
Doyle	PERIODIC_TOKEN_2	LS3_BOUNDARY_LENGTH_ASYMMETRY	CORE	0.329156	true	0.157685	true	21857	43713	false
Doyle	PERIODIC_TOKEN_2	EF1_ISOLATE_SHARE	SUPPORTING	0.494776	true	0.532298	true	21857	43713	false
Doyle	PERIODIC_TOKEN_2	LP1_RULE_SUPPORT_GINI	SUPPORTING	0.627118	true	0.578952	true	21857	43713	false
Doyle	PERIODIC_TOKEN_2	LP4_PREFIX_ATTACHMENT_NMI	SUPPORTING	0.45962	true	0.47709	true	21857	43713	false
Doyle	PERIODIC_TOKEN_2	LP4_SUFFIX_ATTACHMENT_NMI	SUPPORTING	0.405723	true	0.421222	true	21857	43713	false
Doyle	PERIODIC_TOKEN_2	cs2/prev-family-current-family	SUPPORTING		false		false	21857	43713	false
Doyle	PERIODIC_TOKEN_2	LS1_LINE_LENGTH_CV	SUPPORTING	0.288925	true	0.273218	true	21857	43713	false
Doyle	PERIODIC_TOKEN_2	LS4_WITHIN_LINE_EXACT_REPETITION	SUPPORTING	0.000574383	true	0.00438861	true	21857	43713	false
Doyle	PERIODIC_TOKEN_2	cs1/family-line-position	SUPPORTING		false		false	21857	43713	false
Doyle	PERIODIC_TOKEN_2	cs6/family-diversity-x-line-length	SUPPORTING	0	true	0	true	21857	43713	false
Doyle	PERIODIC_TOKEN_2	cs7/edit-distance-x-structural-distance	SUPPORTING	0.0152451	true	0.0485235	true	21857	43713	false
Doyle	PERIODIC_TOKEN_3	EF1_GIANT_COMPONENT_SHARE	CORE	0.273881	true	0.25115	true	14571	43713	false
Doyle	PERIODIC_TOKEN_3	EF2_GLOBAL_CLUSTERING	CORE	0.366911	true	0.36781	true	14571	43713	false
Doyle	PERIODIC_TOKEN_3	EF3_DEGREE_FREQUENCY_SPEARMAN	CORE	0.293276	true	0.345398	true	14571	43713	false
Doyle	PERIODIC_TOKEN_3	2DL1_LAYOUT_POSITION_MI	CORE	0.00226203	true	0.000831589	true	14571	43713	false
Doyle	PERIODIC_TOKEN_3	BP1_BOUNDARY_TOKEN_NMI	CORE	0.0316263	true	0.0606589	true	14571	43713	false
Doyle	PERIODIC_TOKEN_3	LS2_POSITIONAL_LEXICON_NMI	CORE	0.052295	true	0.0910382	true	14571	43713	false
Doyle	PERIODIC_TOKEN_3	LS3_BOUNDARY_LENGTH_ASYMMETRY	CORE	0.329156	true	0.109521	true	14571	43713	false
Doyle	PERIODIC_TOKEN_3	EF1_ISOLATE_SHARE	SUPPORTING	0.494776	true	0.555005	true	14571	43713	false
Doyle	PERIODIC_TOKEN_3	LP1_RULE_SUPPORT_GINI	SUPPORTING	0.627118	true	0.526406	true	14571	43713	false
Doyle	PERIODIC_TOKEN_3	LP4_PREFIX_ATTACHMENT_NMI	SUPPORTING	0.45962	true	0.491427	true	14571	43713	false
Doyle	PERIODIC_TOKEN_3	LP4_SUFFIX_ATTACHMENT_NMI	SUPPORTING	0.405723	true	0.435695	true	14571	43713	false
Doyle	PERIODIC_TOKEN_3	cs2/prev-family-current-family	SUPPORTING		false		false	14571	43713	false
Doyle	PERIODIC_TOKEN_3	LS1_LINE_LENGTH_CV	SUPPORTING	0.288925	true	0.267399	true	14571	43713	false
Doyle	PERIODIC_TOKEN_3	LS4_WITHIN_LINE_EXACT_REPETITION	SUPPORTING	0.000574383	true	0.0103891	true	14571	43713	false
Doyle	PERIODIC_TOKEN_3	cs1/family-line-position	SUPPORTING		false		false	14571	43713	false
Doyle	PERIODIC_TOKEN_3	cs6/family-diversity-x-line-length	SUPPORTING	0	true	0	true	14571	43713	false
Doyle	PERIODIC_TOKEN_3	cs7/edit-distance-x-structural-distance	SUPPORTING	0.0152451	true	0.026758	true	14571	43713	false
Doyle	PERIODIC_TOKEN_5	EF1_GIANT_COMPONENT_SHARE	CORE	0.273881	true	0.261201	true	8743	43713	false
Doyle	PERIODIC_TOKEN_5	EF2_GLOBAL_CLUSTERING	CORE	0.366911	true	0.334276	true	8743	43713	false
Doyle	PERIODIC_TOKEN_5	EF3_DEGREE_FREQUENCY_SPEARMAN	CORE	0.293276	true	0.341101	true	8743	43713	false
Doyle	PERIODIC_TOKEN_5	2DL1_LAYOUT_POSITION_MI	CORE	0.00226203	true	0.00145242	true	8743	43713	false
Doyle	PERIODIC_TOKEN_5	BP1_BOUNDARY_TOKEN_NMI	CORE	0.0316263	true	0.0740233	true	8743	43713	false
Doyle	PERIODIC_TOKEN_5	LS2_POSITIONAL_LEXICON_NMI	CORE	0.052295	true	0.0771937	true	8743	43713	false
Doyle	PERIODIC_TOKEN_5	LS3_BOUNDARY_LENGTH_ASYMMETRY	CORE	0.329156	true	0.105636	true	8743	43713	false
Doyle	PERIODIC_TOKEN_5	EF1_ISOLATE_SHARE	SUPPORTING	0.494776	true	0.565777	true	8743	43713	false
Doyle	PERIODIC_TOKEN_5	LP1_RULE_SUPPORT_GINI	SUPPORTING	0.627118	true	0.483192	true	8743	43713	false
Doyle	PERIODIC_TOKEN_5	LP4_PREFIX_ATTACHMENT_NMI	SUPPORTING	0.45962	true	0.50659	true	8743	43713	false
Doyle	PERIODIC_TOKEN_5	LP4_SUFFIX_ATTACHMENT_NMI	SUPPORTING	0.405723	true	0.450234	true	8743	43713	false
Doyle	PERIODIC_TOKEN_5	cs2/prev-family-current-family	SUPPORTING		false		false	8743	43713	false
Doyle	PERIODIC_TOKEN_5	LS1_LINE_LENGTH_CV	SUPPORTING	0.288925	true	0.26974	true	8743	43713	false
Doyle	PERIODIC_TOKEN_5	LS4_WITHIN_LINE_EXACT_REPETITION	SUPPORTING	0.000574383	true	0.0113353	true	8743	43713	false
Doyle	PERIODIC_TOKEN_5	cs1/family-line-position	SUPPORTING		false		false	8743	43713	false
Doyle	PERIODIC_TOKEN_5	cs6/family-diversity-x-line-length	SUPPORTING	0	true	0	true	8743	43713	false
Doyle	PERIODIC_TOKEN_5	cs7/edit-distance-x-structural-distance	SUPPORTING	0.0152451	true	0.00166537	true	8743	43713	false
Doyle	PERIODIC_TOKEN_7	EF1_GIANT_COMPONENT_SHARE	CORE	0.273881	true	0.267185	true	6245	43713	false
Doyle	PERIODIC_TOKEN_7	EF2_GLOBAL_CLUSTERING	CORE	0.366911	true	0.39337	true	6245	43713	false
Doyle	PERIODIC_TOKEN_7	EF3_DEGREE_FREQUENCY_SPEARMAN	CORE	0.293276	true	0.334265	true	6245	43713	false
Doyle	PERIODIC_TOKEN_7	2DL1_LAYOUT_POSITION_MI	CORE	0.00226203	true	0.00285884	true	6245	43713	false
Doyle	PERIODIC_TOKEN_7	BP1_BOUNDARY_TOKEN_NMI	CORE	0.0316263	true	0.0615071	true	6245	43713	false
Doyle	PERIODIC_TOKEN_7	LS2_POSITIONAL_LEXICON_NMI	CORE	0.052295	true	0.0629324	true	6245	43713	false
Doyle	PERIODIC_TOKEN_7	LS3_BOUNDARY_LENGTH_ASYMMETRY	CORE	0.329156	true	0.0937381	true	6245	43713	false
Doyle	PERIODIC_TOKEN_7	EF1_ISOLATE_SHARE	SUPPORTING	0.494776	true	0.580395	true	6245	43713	false
Doyle	PERIODIC_TOKEN_7	LP1_RULE_SUPPORT_GINI	SUPPORTING	0.627118	true	0.45257	true	6245	43713	false
Doyle	PERIODIC_TOKEN_7	LP4_PREFIX_ATTACHMENT_NMI	SUPPORTING	0.45962	true	0.516052	true	6245	43713	false
Doyle	PERIODIC_TOKEN_7	LP4_SUFFIX_ATTACHMENT_NMI	SUPPORTING	0.405723	true	0.461353	true	6245	43713	false
Doyle	PERIODIC_TOKEN_7	cs2/prev-family-current-family	SUPPORTING		false		false	6245	43713	false
Doyle	PERIODIC_TOKEN_7	LS1_LINE_LENGTH_CV	SUPPORTING	0.288925	true	0.272134	true	6245	43713	false
Doyle	PERIODIC_TOKEN_7	LS4_WITHIN_LINE_EXACT_REPETITION	SUPPORTING	0.000574383	true	0.0191474	true	6245	43713	false
Doyle	PERIODIC_TOKEN_7	cs1/family-line-position	SUPPORTING		false		false	6245	43713	false
Doyle	PERIODIC_TOKEN_7	cs6/family-diversity-x-line-length	SUPPORTING	0	true	0	true	6245	43713	false
Doyle	PERIODIC_TOKEN_7	cs7/edit-distance-x-structural-distance	SUPPORTING	0.0152451	true	0.0322933	true	6245	43713	false
Doyle	PERIODIC_GLYPH_2	EF1_GIANT_COMPONENT_SHARE	CORE	0.273881	true		false	89028	178056	true
Doyle	PERIODIC_GLYPH_2	EF2_GLOBAL_CLUSTERING	CORE	0.366911	true		false	89028	178056	true
Doyle	PERIODIC_GLYPH_2	EF3_DEGREE_FREQUENCY_SPEARMAN	CORE	0.293276	true		false	89028	178056	true
Doyle	PERIODIC_GLYPH_2	2DL1_LAYOUT_POSITION_MI	CORE	0.00226203	true		false	89028	178056	true
Doyle	PERIODIC_GLYPH_2	BP1_BOUNDARY_TOKEN_NMI	CORE	0.0316263	true		false	89028	178056	true
Doyle	PERIODIC_GLYPH_2	LS2_POSITIONAL_LEXICON_NMI	CORE	0.052295	true		false	89028	178056	true
Doyle	PERIODIC_GLYPH_2	LS3_BOUNDARY_LENGTH_ASYMMETRY	CORE	0.329156	true		false	89028	178056	true
Doyle	PERIODIC_GLYPH_2	EF1_ISOLATE_SHARE	SUPPORTING	0.494776	true		false	89028	178056	true
Doyle	PERIODIC_GLYPH_2	LP1_RULE_SUPPORT_GINI	SUPPORTING	0.627118	true		false	89028	178056	true
Doyle	PERIODIC_GLYPH_2	LP4_PREFIX_ATTACHMENT_NMI	SUPPORTING	0.45962	true		false	89028	178056	true
Doyle	PERIODIC_GLYPH_2	LP4_SUFFIX_ATTACHMENT_NMI	SUPPORTING	0.405723	true		false	89028	178056	true
Doyle	PERIODIC_GLYPH_2	cs2/prev-family-current-family	SUPPORTING		false		false	89028	178056	true
Doyle	PERIODIC_GLYPH_2	LS1_LINE_LENGTH_CV	SUPPORTING	0.288925	true		false	89028	178056	true
Doyle	PERIODIC_GLYPH_2	LS4_WITHIN_LINE_EXACT_REPETITION	SUPPORTING	0.000574383	true		false	89028	178056	true
Doyle	PERIODIC_GLYPH_2	cs1/family-line-position	SUPPORTING		false		false	89028	178056	true
Doyle	PERIODIC_GLYPH_2	cs6/family-diversity-x-line-length	SUPPORTING	0	true		false	89028	178056	true
Doyle	PERIODIC_GLYPH_2	cs7/edit-distance-x-structural-distance	SUPPORTING	0.0152451	true		false	89028	178056	true
Doyle	PERIODIC_GLYPH_3	EF1_GIANT_COMPONENT_SHARE	CORE	0.273881	true	1	true	59352	178056	false
Doyle	PERIODIC_GLYPH_3	EF2_GLOBAL_CLUSTERING	CORE	0.366911	true	1	true	59352	178056	false
Doyle	PERIODIC_GLYPH_3	EF3_DEGREE_FREQUENCY_SPEARMAN	CORE	0.293276	true	0	true	59352	178056	false
Doyle	PERIODIC_GLYPH_3	2DL1_LAYOUT_POSITION_MI	CORE	0.00226203	true	0	true	59352	178056	false
Doyle	PERIODIC_GLYPH_3	BP1_BOUNDARY_TOKEN_NMI	CORE	0.0316263	true	0.00222335	true	59352	178056	false
Doyle	PERIODIC_GLYPH_3	LS2_POSITIONAL_LEXICON_NMI	CORE	0.052295	true	0.00240185	true	59352	178056	false
Doyle	PERIODIC_GLYPH_3	LS3_BOUNDARY_LENGTH_ASYMMETRY	CORE	0.329156	true	0	true	59352	178056	false
Doyle	PERIODIC_GLYPH_3	EF1_ISOLATE_SHARE	SUPPORTING	0.494776	true	0	true	59352	178056	false
Doyle	PERIODIC_GLYPH_3	LP1_RULE_SUPPORT_GINI	SUPPORTING	0.627118	true	0	true	59352	178056	false
Doyle	PERIODIC_GLYPH_3	LP4_PREFIX_ATTACHMENT_NMI	SUPPORTING	0.45962	true	0	true	59352	178056	false
Doyle	PERIODIC_GLYPH_3	LP4_SUFFIX_ATTACHMENT_NMI	SUPPORTING	0.405723	true	0	true	59352	178056	false
Doyle	PERIODIC_GLYPH_3	cs2/prev-family-current-family	SUPPORTING		false		false	59352	178056	false
Doyle	PERIODIC_GLYPH_3	LS1_LINE_LENGTH_CV	SUPPORTING	0.288925	true	0.259604	true	59352	178056	false
Doyle	PERIODIC_GLYPH_3	LS4_WITHIN_LINE_EXACT_REPETITION	SUPPORTING	0.000574383	true	0.0621352	true	59352	178056	false
Doyle	PERIODIC_GLYPH_3	cs1/family-line-position	SUPPORTING		false		false	59352	178056	false
Doyle	PERIODIC_GLYPH_3	cs6/family-diversity-x-line-length	SUPPORTING	0	true	0	true	59352	178056	false
Doyle	PERIODIC_GLYPH_3	cs7/edit-distance-x-structural-distance	SUPPORTING	0.0152451	true	0	true	59352	178056	false
Doyle	PERIODIC_GLYPH_5	EF1_GIANT_COMPONENT_SHARE	CORE	0.273881	true	1	true	35612	178056	false
Doyle	PERIODIC_GLYPH_5	EF2_GLOBAL_CLUSTERING	CORE	0.366911	true	1	true	35612	178056	false
Doyle	PERIODIC_GLYPH_5	EF3_DEGREE_FREQUENCY_SPEARMAN	CORE	0.293276	true	0	true	35612	178056	false
Doyle	PERIODIC_GLYPH_5	2DL1_LAYOUT_POSITION_MI	CORE	0.00226203	true	0	true	35612	178056	false
Doyle	PERIODIC_GLYPH_5	BP1_BOUNDARY_TOKEN_NMI	CORE	0.0316263	true	0.00144867	true	35612	178056	false
Doyle	PERIODIC_GLYPH_5	LS2_POSITIONAL_LEXICON_NMI	CORE	0.052295	true	0.00171108	true	35612	178056	false
Doyle	PERIODIC_GLYPH_5	LS3_BOUNDARY_LENGTH_ASYMMETRY	CORE	0.329156	true	0	true	35612	178056	false
Doyle	PERIODIC_GLYPH_5	EF1_ISOLATE_SHARE	SUPPORTING	0.494776	true	0	true	35612	178056	false
Doyle	PERIODIC_GLYPH_5	LP1_RULE_SUPPORT_GINI	SUPPORTING	0.627118	true	0	true	35612	178056	false
Doyle	PERIODIC_GLYPH_5	LP4_PREFIX_ATTACHMENT_NMI	SUPPORTING	0.45962	true	0	true	35612	178056	false
Doyle	PERIODIC_GLYPH_5	LP4_SUFFIX_ATTACHMENT_NMI	SUPPORTING	0.405723	true	0	true	35612	178056	false
Doyle	PERIODIC_GLYPH_5	cs2/prev-family-current-family	SUPPORTING		false		false	35612	178056	false
Doyle	PERIODIC_GLYPH_5	LS1_LINE_LENGTH_CV	SUPPORTING	0.288925	true	0.256743	true	35612	178056	false
Doyle	PERIODIC_GLYPH_5	LS4_WITHIN_LINE_EXACT_REPETITION	SUPPORTING	0.000574383	true	0.0636873	true	35612	178056	false
Doyle	PERIODIC_GLYPH_5	cs1/family-line-position	SUPPORTING		false		false	35612	178056	false
Doyle	PERIODIC_GLYPH_5	cs6/family-diversity-x-line-length	SUPPORTING	0	true	0	true	35612	178056	false
Doyle	PERIODIC_GLYPH_5	cs7/edit-distance-x-structural-distance	SUPPORTING	0.0152451	true	0	true	35612	178056	false
Doyle	PERIODIC_GLYPH_7	EF1_GIANT_COMPONENT_SHARE	CORE	0.273881	true	1	true	25437	178056	false
Doyle	PERIODIC_GLYPH_7	EF2_GLOBAL_CLUSTERING	CORE	0.366911	true	1	true	25437	178056	false
Doyle	PERIODIC_GLYPH_7	EF3_DEGREE_FREQUENCY_SPEARMAN	CORE	0.293276	true	0	true	25437	178056	false
Doyle	PERIODIC_GLYPH_7	2DL1_LAYOUT_POSITION_MI	CORE	0.00226203	true	0	true	25437	178056	false
Doyle	PERIODIC_GLYPH_7	BP1_BOUNDARY_TOKEN_NMI	CORE	0.0316263	true	0.00103869	true	25437	178056	false
Doyle	PERIODIC_GLYPH_7	LS2_POSITIONAL_LEXICON_NMI	CORE	0.052295	true	0.00149175	true	25437	178056	false
Doyle	PERIODIC_GLYPH_7	LS3_BOUNDARY_LENGTH_ASYMMETRY	CORE	0.329156	true	0	true	25437	178056	false
Doyle	PERIODIC_GLYPH_7	EF1_ISOLATE_SHARE	SUPPORTING	0.494776	true	0	true	25437	178056	false
Doyle	PERIODIC_GLYPH_7	LP1_RULE_SUPPORT_GINI	SUPPORTING	0.627118	true	0	true	25437	178056	false
Doyle	PERIODIC_GLYPH_7	LP4_PREFIX_ATTACHMENT_NMI	SUPPORTING	0.45962	true	0	true	25437	178056	false
Doyle	PERIODIC_GLYPH_7	LP4_SUFFIX_ATTACHMENT_NMI	SUPPORTING	0.405723	true	0	true	25437	178056	false
Doyle	PERIODIC_GLYPH_7	cs2/prev-family-current-family	SUPPORTING		false		false	25437	178056	false
Doyle	PERIODIC_GLYPH_7	LS1_LINE_LENGTH_CV	SUPPORTING	0.288925	true	0.256593	true	25437	178056	false
Doyle	PERIODIC_GLYPH_7	LS4_WITHIN_LINE_EXACT_REPETITION	SUPPORTING	0.000574383	true	0.0667493	true	25437	178056	false
Doyle	PERIODIC_GLYPH_7	cs1/family-line-position	SUPPORTING		false		false	25437	178056	false
Doyle	PERIODIC_GLYPH_7	cs6/family-diversity-x-line-length	SUPPORTING	0	true	0	true	25437	178056	false
Doyle	PERIODIC_GLYPH_7	cs7/edit-distance-x-structural-distance	SUPPORTING	0.0152451	true	0	true	25437	178056	false
Doyle	FIXED_OFFSET_WITHIN_GROUP_1	EF1_GIANT_COMPONENT_SHARE	CORE	0.273881	true	0.265463	true	13348	43713	false
Doyle	FIXED_OFFSET_WITHIN_GROUP_1	EF2_GLOBAL_CLUSTERING	CORE	0.366911	true	0.381825	true	13348	43713	false
Doyle	FIXED_OFFSET_WITHIN_GROUP_1	EF3_DEGREE_FREQUENCY_SPEARMAN	CORE	0.293276	true	0.345552	true	13348	43713	false
Doyle	FIXED_OFFSET_WITHIN_GROUP_1	2DL1_LAYOUT_POSITION_MI	CORE	0.00226203	true	0.000330976	true	13348	43713	false
Doyle	FIXED_OFFSET_WITHIN_GROUP_1	BP1_BOUNDARY_TOKEN_NMI	CORE	0.0316263	true	0.0622811	true	13348	43713	false
Doyle	FIXED_OFFSET_WITHIN_GROUP_1	LS2_POSITIONAL_LEXICON_NMI	CORE	0.052295	true	0.088647	true	13348	43713	false
Doyle	FIXED_OFFSET_WITHIN_GROUP_1	LS3_BOUNDARY_LENGTH_ASYMMETRY	CORE	0.329156	true	0.116438	true	13348	43713	false
Doyle	FIXED_OFFSET_WITHIN_GROUP_1	EF1_ISOLATE_SHARE	SUPPORTING	0.494776	true	0.548598	true	13348	43713	false
Doyle	FIXED_OFFSET_WITHIN_GROUP_1	LP1_RULE_SUPPORT_GINI	SUPPORTING	0.627118	true	0.52346	true	13348	43713	false
Doyle	FIXED_OFFSET_WITHIN_GROUP_1	LP4_PREFIX_ATTACHMENT_NMI	SUPPORTING	0.45962	true	0.492804	true	13348	43713	false
Doyle	FIXED_OFFSET_WITHIN_GROUP_1	LP4_SUFFIX_ATTACHMENT_NMI	SUPPORTING	0.405723	true	0.43567	true	13348	43713	false
Doyle	FIXED_OFFSET_WITHIN_GROUP_1	cs2/prev-family-current-family	SUPPORTING		false		false	13348	43713	false
Doyle	FIXED_OFFSET_WITHIN_GROUP_1	LS1_LINE_LENGTH_CV	SUPPORTING	0.288925	true	0.256247	true	13348	43713	false
Doyle	FIXED_OFFSET_WITHIN_GROUP_1	LS4_WITHIN_LINE_EXACT_REPETITION	SUPPORTING	0.000574383	true	0.0116172	true	13348	43713	false
Doyle	FIXED_OFFSET_WITHIN_GROUP_1	cs1/family-line-position	SUPPORTING		false		false	13348	43713	false
Doyle	FIXED_OFFSET_WITHIN_GROUP_1	cs6/family-diversity-x-line-length	SUPPORTING	0	true	0	true	13348	43713	false
Doyle	FIXED_OFFSET_WITHIN_GROUP_1	cs7/edit-distance-x-structural-distance	SUPPORTING	0.0152451	true	0.0153685	true	13348	43713	false
Doyle	FIXED_OFFSET_WITHIN_GROUP_2	EF1_GIANT_COMPONENT_SHARE	CORE	0.273881	true	0.265648	true	13348	43713	false
Doyle	FIXED_OFFSET_WITHIN_GROUP_2	EF2_GLOBAL_CLUSTERING	CORE	0.366911	true	0.370561	true	13348	43713	false
Doyle	FIXED_OFFSET_WITHIN_GROUP_2	EF3_DEGREE_FREQUENCY_SPEARMAN	CORE	0.293276	true	0.305132	true	13348	43713	false
Doyle	FIXED_OFFSET_WITHIN_GROUP_2	2DL1_LAYOUT_POSITION_MI	CORE	0.00226203	true	0.000563506	true	13348	43713	false
Doyle	FIXED_OFFSET_WITHIN_GROUP_2	BP1_BOUNDARY_TOKEN_NMI	CORE	0.0316263	true	0.0640875	true	13348	43713	false
Doyle	FIXED_OFFSET_WITHIN_GROUP_2	LS2_POSITIONAL_LEXICON_NMI	CORE	0.052295	true	0.0914684	true	13348	43713	false
Doyle	FIXED_OFFSET_WITHIN_GROUP_2	LS3_BOUNDARY_LENGTH_ASYMMETRY	CORE	0.329156	true	0.0223347	true	13348	43713	false
Doyle	FIXED_OFFSET_WITHIN_GROUP_2	EF1_ISOLATE_SHARE	SUPPORTING	0.494776	true	0.544709	true	13348	43713	false
Doyle	FIXED_OFFSET_WITHIN_GROUP_2	LP1_RULE_SUPPORT_GINI	SUPPORTING	0.627118	true	0.524808	true	13348	43713	false
Doyle	FIXED_OFFSET_WITHIN_GROUP_2	LP4_PREFIX_ATTACHMENT_NMI	SUPPORTING	0.45962	true	0.490567	true	13348	43713	false
Doyle	FIXED_OFFSET_WITHIN_GROUP_2	LP4_SUFFIX_ATTACHMENT_NMI	SUPPORTING	0.405723	true	0.435168	true	13348	43713	false
Doyle	FIXED_OFFSET_WITHIN_GROUP_2	cs2/prev-family-current-family	SUPPORTING		false		false	13348	43713	false
Doyle	FIXED_OFFSET_WITHIN_GROUP_2	LS1_LINE_LENGTH_CV	SUPPORTING	0.288925	true	0.256247	true	13348	43713	false
Doyle	FIXED_OFFSET_WITHIN_GROUP_2	LS4_WITHIN_LINE_EXACT_REPETITION	SUPPORTING	0.000574383	true	0.0113115	true	13348	43713	false
Doyle	FIXED_OFFSET_WITHIN_GROUP_2	cs1/family-line-position	SUPPORTING		false		false	13348	43713	false
Doyle	FIXED_OFFSET_WITHIN_GROUP_2	cs6/family-diversity-x-line-length	SUPPORTING	0	true	0	true	13348	43713	false
Doyle	FIXED_OFFSET_WITHIN_GROUP_2	cs7/edit-distance-x-structural-distance	SUPPORTING	0.0152451	true	0.0401513	true	13348	43713	false
Longfellow	FIRST_GLYPH_OF_TOKEN	EF1_GIANT_COMPONENT_SHARE	CORE	0.289467	true	1	true	33077	149327	false
Longfellow	FIRST_GLYPH_OF_TOKEN	EF2_GLOBAL_CLUSTERING	CORE	0.330662	true	1	true	33077	149327	false
Longfellow	FIRST_GLYPH_OF_TOKEN	EF3_DEGREE_FREQUENCY_SPEARMAN	CORE	0.244484	true	0	true	33077	149327	false
Longfellow	FIRST_GLYPH_OF_TOKEN	2DL1_LAYOUT_POSITION_MI	CORE	0.0818627	true	0	true	33077	149327	false
Longfellow	FIRST_GLYPH_OF_TOKEN	BP1_BOUNDARY_TOKEN_NMI	CORE	0.19849	true	0.0255325	true	33077	149327	false
Longfellow	FIRST_GLYPH_OF_TOKEN	LS2_POSITIONAL_LEXICON_NMI	CORE	0.232984	true	0.0383022	true	33077	149327	false
Longfellow	FIRST_GLYPH_OF_TOKEN	LS3_BOUNDARY_LENGTH_ASYMMETRY	CORE	2.52454	true	0	true	33077	149327	false
Longfellow	FIRST_GLYPH_OF_TOKEN	EF1_ISOLATE_SHARE	SUPPORTING	0.454634	true	0	true	33077	149327	false
Longfellow	FIRST_GLYPH_OF_TOKEN	LP1_RULE_SUPPORT_GINI	SUPPORTING	0.596225	true	0	true	33077	149327	false
Longfellow	FIRST_GLYPH_OF_TOKEN	LP4_PREFIX_ATTACHMENT_NMI	SUPPORTING	0.462189	true	0	true	33077	149327	false
Longfellow	FIRST_GLYPH_OF_TOKEN	LP4_SUFFIX_ATTACHMENT_NMI	SUPPORTING	0.407304	true	0	true	33077	149327	false
Longfellow	FIRST_GLYPH_OF_TOKEN	cs2/prev-family-current-family	SUPPORTING		false		false	33077	149327	false
Longfellow	FIRST_GLYPH_OF_TOKEN	LS1_LINE_LENGTH_CV	SUPPORTING	0.184226	true	0.184226	true	33077	149327	false
Longfellow	FIRST_GLYPH_OF_TOKEN	LS4_WITHIN_LINE_EXACT_REPETITION	SUPPORTING	0.00109842	true	0.0599736	true	33077	149327	false
Longfellow	FIRST_GLYPH_OF_TOKEN	cs1/family-line-position	SUPPORTING		false		false	33077	149327	false
Longfellow	FIRST_GLYPH_OF_TOKEN	cs6/family-diversity-x-line-length	SUPPORTING	0	true	0	true	33077	149327	false
Longfellow	FIRST_GLYPH_OF_TOKEN	cs7/edit-distance-x-structural-distance	SUPPORTING	0.0110587	true	0	true	33077	149327	false
Longfellow	LAST_GLYPH_OF_TOKEN	EF1_GIANT_COMPONENT_SHARE	CORE	0.289467	true	1	true	33077	149327	false
Longfellow	LAST_GLYPH_OF_TOKEN	EF2_GLOBAL_CLUSTERING	CORE	0.330662	true	1	true	33077	149327	false
Longfellow	LAST_GLYPH_OF_TOKEN	EF3_DEGREE_FREQUENCY_SPEARMAN	CORE	0.244484	true	0	true	33077	149327	false
Longfellow	LAST_GLYPH_OF_TOKEN	2DL1_LAYOUT_POSITION_MI	CORE	0.0818627	true	0	true	33077	149327	false
Longfellow	LAST_GLYPH_OF_TOKEN	BP1_BOUNDARY_TOKEN_NMI	CORE	0.19849	true	0.0355845	true	33077	149327	false
Longfellow	LAST_GLYPH_OF_TOKEN	LS2_POSITIONAL_LEXICON_NMI	CORE	0.232984	true	0.0409112	true	33077	149327	false
Longfellow	LAST_GLYPH_OF_TOKEN	LS3_BOUNDARY_LENGTH_ASYMMETRY	CORE	2.52454	true	0	true	33077	149327	false
Longfellow	LAST_GLYPH_OF_TOKEN	EF1_ISOLATE_SHARE	SUPPORTING	0.454634	true	0	true	33077	149327	false
Longfellow	LAST_GLYPH_OF_TOKEN	LP1_RULE_SUPPORT_GINI	SUPPORTING	0.596225	true	0	true	33077	149327	false
Longfellow	LAST_GLYPH_OF_TOKEN	LP4_PREFIX_ATTACHMENT_NMI	SUPPORTING	0.462189	true	0	true	33077	149327	false
Longfellow	LAST_GLYPH_OF_TOKEN	LP4_SUFFIX_ATTACHMENT_NMI	SUPPORTING	0.407304	true	0	true	33077	149327	false
Longfellow	LAST_GLYPH_OF_TOKEN	cs2/prev-family-current-family	SUPPORTING		false		false	33077	149327	false
Longfellow	LAST_GLYPH_OF_TOKEN	LS1_LINE_LENGTH_CV	SUPPORTING	0.184226	true	0.184226	true	33077	149327	false
Longfellow	LAST_GLYPH_OF_TOKEN	LS4_WITHIN_LINE_EXACT_REPETITION	SUPPORTING	0.00109842	true	0.089338	true	33077	149327	false
Longfellow	LAST_GLYPH_OF_TOKEN	cs1/family-line-position	SUPPORTING		false		false	33077	149327	false
Longfellow	LAST_GLYPH_OF_TOKEN	cs6/family-diversity-x-line-length	SUPPORTING	0	true	0	true	33077	149327	false
Longfellow	LAST_GLYPH_OF_TOKEN	cs7/edit-distance-x-structural-distance	SUPPORTING	0.0110587	true	0	true	33077	149327	false
Longfellow	FIRST_TOKEN_OF_LINE	EF1_GIANT_COMPONENT_SHARE	CORE	0.289467	true	0.206928	true	5765	33077	false
Longfellow	FIRST_TOKEN_OF_LINE	EF2_GLOBAL_CLUSTERING	CORE	0.330662	true	0.372583	true	5765	33077	false
Longfellow	FIRST_TOKEN_OF_LINE	EF3_DEGREE_FREQUENCY_SPEARMAN	CORE	0.244484	true	0.331711	true	5765	33077	false
Longfellow	FIRST_TOKEN_OF_LINE	2DL1_LAYOUT_POSITION_MI	CORE	0.0818627	true	0	true	5765	33077	false
Longfellow	FIRST_TOKEN_OF_LINE	BP1_BOUNDARY_TOKEN_NMI	CORE	0.19849	true	0	true	5765	33077	false
Longfellow	FIRST_TOKEN_OF_LINE	LS2_POSITIONAL_LEXICON_NMI	CORE	0.232984	true	0	true	5765	33077	false
Longfellow	FIRST_TOKEN_OF_LINE	LS3_BOUNDARY_LENGTH_ASYMMETRY	CORE	2.52454	true	0	true	5765	33077	false
Longfellow	FIRST_TOKEN_OF_LINE	EF1_ISOLATE_SHARE	SUPPORTING	0.454634	true	0.530538	true	5765	33077	false
Longfellow	FIRST_TOKEN_OF_LINE	LP1_RULE_SUPPORT_GINI	SUPPORTING	0.596225	true	0.396652	true	5765	33077	false
Longfellow	FIRST_TOKEN_OF_LINE	LP4_PREFIX_ATTACHMENT_NMI	SUPPORTING	0.462189	true	0.514429	true	5765	33077	false
Longfellow	FIRST_TOKEN_OF_LINE	LP4_SUFFIX_ATTACHMENT_NMI	SUPPORTING	0.407304	true	0.461413	true	5765	33077	false
Longfellow	FIRST_TOKEN_OF_LINE	cs2/prev-family-current-family	SUPPORTING		false		false	5765	33077	false
Longfellow	FIRST_TOKEN_OF_LINE	LS1_LINE_LENGTH_CV	SUPPORTING	0.184226	true	0	true	5765	33077	false
Longfellow	FIRST_TOKEN_OF_LINE	LS4_WITHIN_LINE_EXACT_REPETITION	SUPPORTING	0.00109842	true	0	true	5765	33077	false
Longfellow	FIRST_TOKEN_OF_LINE	cs1/family-line-position	SUPPORTING		false		false	5765	33077	false
Longfellow	FIRST_TOKEN_OF_LINE	cs6/family-diversity-x-line-length	SUPPORTING	0	true	0	true	5765	33077	false
Longfellow	FIRST_TOKEN_OF_LINE	cs7/edit-distance-x-structural-distance	SUPPORTING	0.0110587	true	0.0118837	true	5765	33077	false
Longfellow	LAST_TOKEN_OF_LINE	EF1_GIANT_COMPONENT_SHARE	CORE	0.289467	true	0.0400729	true	5765	33077	false
Longfellow	LAST_TOKEN_OF_LINE	EF2_GLOBAL_CLUSTERING	CORE	0.330662	true	0.500928	true	5765	33077	false
Longfellow	LAST_TOKEN_OF_LINE	EF3_DEGREE_FREQUENCY_SPEARMAN	CORE	0.244484	true	0.0803379	true	5765	33077	false
Longfellow	LAST_TOKEN_OF_LINE	2DL1_LAYOUT_POSITION_MI	CORE	0.0818627	true	0	true	5765	33077	false
Longfellow	LAST_TOKEN_OF_LINE	BP1_BOUNDARY_TOKEN_NMI	CORE	0.19849	true	0	true	5765	33077	false
Longfellow	LAST_TOKEN_OF_LINE	LS2_POSITIONAL_LEXICON_NMI	CORE	0.232984	true	0	true	5765	33077	false
Longfellow	LAST_TOKEN_OF_LINE	LS3_BOUNDARY_LENGTH_ASYMMETRY	CORE	2.52454	true	0	true	5765	33077	false
Longfellow	LAST_TOKEN_OF_LINE	EF1_ISOLATE_SHARE	SUPPORTING	0.454634	true	0.65088	true	5765	33077	false
Longfellow	LAST_TOKEN_OF_LINE	LP1_RULE_SUPPORT_GINI	SUPPORTING	0.596225	true	0.473628	true	5765	33077	false
Longfellow	LAST_TOKEN_OF_LINE	LP4_PREFIX_ATTACHMENT_NMI	SUPPORTING	0.462189	true	0.543195	true	5765	33077	false
Longfellow	LAST_TOKEN_OF_LINE	LP4_SUFFIX_ATTACHMENT_NMI	SUPPORTING	0.407304	true	0.47099	true	5765	33077	false
Longfellow	LAST_TOKEN_OF_LINE	cs2/prev-family-current-family	SUPPORTING		false		false	5765	33077	false
Longfellow	LAST_TOKEN_OF_LINE	LS1_LINE_LENGTH_CV	SUPPORTING	0.184226	true	0	true	5765	33077	false
Longfellow	LAST_TOKEN_OF_LINE	LS4_WITHIN_LINE_EXACT_REPETITION	SUPPORTING	0.00109842	true	0	true	5765	33077	false
Longfellow	LAST_TOKEN_OF_LINE	cs1/family-line-position	SUPPORTING		false		false	5765	33077	false
Longfellow	LAST_TOKEN_OF_LINE	cs6/family-diversity-x-line-length	SUPPORTING	0	true	0	true	5765	33077	false
Longfellow	LAST_TOKEN_OF_LINE	cs7/edit-distance-x-structural-distance	SUPPORTING	0.0110587	true	0.00993451	true	5765	33077	false
Longfellow	FIRST_GLYPH_OF_LINE	EF1_GIANT_COMPONENT_SHARE	CORE	0.289467	true	1	true	5765	149327	false
Longfellow	FIRST_GLYPH_OF_LINE	EF2_GLOBAL_CLUSTERING	CORE	0.330662	true	1	true	5765	149327	false
Longfellow	FIRST_GLYPH_OF_LINE	EF3_DEGREE_FREQUENCY_SPEARMAN	CORE	0.244484	true	0	true	5765	149327	false
Longfellow	FIRST_GLYPH_OF_LINE	2DL1_LAYOUT_POSITION_MI	CORE	0.0818627	true	0	true	5765	149327	false
Longfellow	FIRST_GLYPH_OF_LINE	BP1_BOUNDARY_TOKEN_NMI	CORE	0.19849	true	0	true	5765	149327	false
Longfellow	FIRST_GLYPH_OF_LINE	LS2_POSITIONAL_LEXICON_NMI	CORE	0.232984	true	0	true	5765	149327	false
Longfellow	FIRST_GLYPH_OF_LINE	LS3_BOUNDARY_LENGTH_ASYMMETRY	CORE	2.52454	true	0	true	5765	149327	false
Longfellow	FIRST_GLYPH_OF_LINE	EF1_ISOLATE_SHARE	SUPPORTING	0.454634	true	0	true	5765	149327	false
Longfellow	FIRST_GLYPH_OF_LINE	LP1_RULE_SUPPORT_GINI	SUPPORTING	0.596225	true	0	true	5765	149327	false
Longfellow	FIRST_GLYPH_OF_LINE	LP4_PREFIX_ATTACHMENT_NMI	SUPPORTING	0.462189	true	0	true	5765	149327	false
Longfellow	FIRST_GLYPH_OF_LINE	LP4_SUFFIX_ATTACHMENT_NMI	SUPPORTING	0.407304	true	0	true	5765	149327	false
Longfellow	FIRST_GLYPH_OF_LINE	cs2/prev-family-current-family	SUPPORTING		false		false	5765	149327	false
Longfellow	FIRST_GLYPH_OF_LINE	LS1_LINE_LENGTH_CV	SUPPORTING	0.184226	true	0	true	5765	149327	false
Longfellow	FIRST_GLYPH_OF_LINE	LS4_WITHIN_LINE_EXACT_REPETITION	SUPPORTING	0.00109842	true	0	true	5765	149327	false
Longfellow	FIRST_GLYPH_OF_LINE	cs1/family-line-position	SUPPORTING		false		false	5765	149327	false
Longfellow	FIRST_GLYPH_OF_LINE	cs6/family-diversity-x-line-length	SUPPORTING	0	true	0	true	5765	149327	false
Longfellow	FIRST_GLYPH_OF_LINE	cs7/edit-distance-x-structural-distance	SUPPORTING	0.0110587	true	0	true	5765	149327	false
Longfellow	LAST_GLYPH_OF_LINE	EF1_GIANT_COMPONENT_SHARE	CORE	0.289467	true	1	true	5765	149327	false
Longfellow	LAST_GLYPH_OF_LINE	EF2_GLOBAL_CLUSTERING	CORE	0.330662	true	1	true	5765	149327	false
Longfellow	LAST_GLYPH_OF_LINE	EF3_DEGREE_FREQUENCY_SPEARMAN	CORE	0.244484	true	0	true	5765	149327	false
Longfellow	LAST_GLYPH_OF_LINE	2DL1_LAYOUT_POSITION_MI	CORE	0.0818627	true	0	true	5765	149327	false
Longfellow	LAST_GLYPH_OF_LINE	BP1_BOUNDARY_TOKEN_NMI	CORE	0.19849	true	0	true	5765	149327	false
Longfellow	LAST_GLYPH_OF_LINE	LS2_POSITIONAL_LEXICON_NMI	CORE	0.232984	true	0	true	5765	149327	false
Longfellow	LAST_GLYPH_OF_LINE	LS3_BOUNDARY_LENGTH_ASYMMETRY	CORE	2.52454	true	0	true	5765	149327	false
Longfellow	LAST_GLYPH_OF_LINE	EF1_ISOLATE_SHARE	SUPPORTING	0.454634	true	0	true	5765	149327	false
Longfellow	LAST_GLYPH_OF_LINE	LP1_RULE_SUPPORT_GINI	SUPPORTING	0.596225	true	0	true	5765	149327	false
Longfellow	LAST_GLYPH_OF_LINE	LP4_PREFIX_ATTACHMENT_NMI	SUPPORTING	0.462189	true	0	true	5765	149327	false
Longfellow	LAST_GLYPH_OF_LINE	LP4_SUFFIX_ATTACHMENT_NMI	SUPPORTING	0.407304	true	0	true	5765	149327	false
Longfellow	LAST_GLYPH_OF_LINE	cs2/prev-family-current-family	SUPPORTING		false		false	5765	149327	false
Longfellow	LAST_GLYPH_OF_LINE	LS1_LINE_LENGTH_CV	SUPPORTING	0.184226	true	0	true	5765	149327	false
Longfellow	LAST_GLYPH_OF_LINE	LS4_WITHIN_LINE_EXACT_REPETITION	SUPPORTING	0.00109842	true	0	true	5765	149327	false
Longfellow	LAST_GLYPH_OF_LINE	cs1/family-line-position	SUPPORTING		false		false	5765	149327	false
Longfellow	LAST_GLYPH_OF_LINE	cs6/family-diversity-x-line-length	SUPPORTING	0	true	0	true	5765	149327	false
Longfellow	LAST_GLYPH_OF_LINE	cs7/edit-distance-x-structural-distance	SUPPORTING	0.0110587	true	0	true	5765	149327	false
Longfellow	NTH_GLYPH_OF_TOKEN_2	EF1_GIANT_COMPONENT_SHARE	CORE	0.289467	true	1	true	32348	149327	false
Longfellow	NTH_GLYPH_OF_TOKEN_2	EF2_GLOBAL_CLUSTERING	CORE	0.330662	true	1	true	32348	149327	false
Longfellow	NTH_GLYPH_OF_TOKEN_2	EF3_DEGREE_FREQUENCY_SPEARMAN	CORE	0.244484	true	0	true	32348	149327	false
Longfellow	NTH_GLYPH_OF_TOKEN_2	2DL1_LAYOUT_POSITION_MI	CORE	0.0818627	true	0	true	32348	149327	false
Longfellow	NTH_GLYPH_OF_TOKEN_2	BP1_BOUNDARY_TOKEN_NMI	CORE	0.19849	true	0.0294912	true	32348	149327	false
Longfellow	NTH_GLYPH_OF_TOKEN_2	LS2_POSITIONAL_LEXICON_NMI	CORE	0.232984	true	0.0381252	true	32348	149327	false
Longfellow	NTH_GLYPH_OF_TOKEN_2	LS3_BOUNDARY_LENGTH_ASYMMETRY	CORE	2.52454	true	0	true	32348	149327	false
Longfellow	NTH_GLYPH_OF_TOKEN_2	EF1_ISOLATE_SHARE	SUPPORTING	0.454634	true	0	true	32348	149327	false
Longfellow	NTH_GLYPH_OF_TOKEN_2	LP1_RULE_SUPPORT_GINI	SUPPORTING	0.596225	true	0	true	32348	149327	false
Longfellow	NTH_GLYPH_OF_TOKEN_2	LP4_PREFIX_ATTACHMENT_NMI	SUPPORTING	0.462189	true	0	true	32348	149327	false
Longfellow	NTH_GLYPH_OF_TOKEN_2	LP4_SUFFIX_ATTACHMENT_NMI	SUPPORTING	0.407304	true	0	true	32348	149327	false
Longfellow	NTH_GLYPH_OF_TOKEN_2	cs2/prev-family-current-family	SUPPORTING		false		false	32348	149327	false
Longfellow	NTH_GLYPH_OF_TOKEN_2	LS1_LINE_LENGTH_CV	SUPPORTING	0.184226	true	0.189547	true	32348	149327	false
Longfellow	NTH_GLYPH_OF_TOKEN_2	LS4_WITHIN_LINE_EXACT_REPETITION	SUPPORTING	0.00109842	true	0.0849039	true	32348	149327	false
Longfellow	NTH_GLYPH_OF_TOKEN_2	cs1/family-line-position	SUPPORTING		false		false	32348	149327	false
Longfellow	NTH_GLYPH_OF_TOKEN_2	cs6/family-diversity-x-line-length	SUPPORTING	0	true	0	true	32348	149327	false
Longfellow	NTH_GLYPH_OF_TOKEN_2	cs7/edit-distance-x-structural-distance	SUPPORTING	0.0110587	true	0	true	32348	149327	false
Longfellow	NTH_GLYPH_OF_TOKEN_3	EF1_GIANT_COMPONENT_SHARE	CORE	0.289467	true	1	true	27806	149327	false
Longfellow	NTH_GLYPH_OF_TOKEN_3	EF2_GLOBAL_CLUSTERING	CORE	0.330662	true	1	true	27806	149327	false
Longfellow	NTH_GLYPH_OF_TOKEN_3	EF3_DEGREE_FREQUENCY_SPEARMAN	CORE	0.244484	true	0	true	27806	149327	false
Longfellow	NTH_GLYPH_OF_TOKEN_3	2DL1_LAYOUT_POSITION_MI	CORE	0.0818627	true	0	true	27806	149327	false
Longfellow	NTH_GLYPH_OF_TOKEN_3	BP1_BOUNDARY_TOKEN_NMI	CORE	0.19849	true	0.0280311	true	27806	149327	false
Longfellow	NTH_GLYPH_OF_TOKEN_3	LS2_POSITIONAL_LEXICON_NMI	CORE	0.232984	true	0.0294724	true	27806	149327	false
Longfellow	NTH_GLYPH_OF_TOKEN_3	LS3_BOUNDARY_LENGTH_ASYMMETRY	CORE	2.52454	true	0	true	27806	149327	false
Longfellow	NTH_GLYPH_OF_TOKEN_3	EF1_ISOLATE_SHARE	SUPPORTING	0.454634	true	0	true	27806	149327	false
Longfellow	NTH_GLYPH_OF_TOKEN_3	LP1_RULE_SUPPORT_GINI	SUPPORTING	0.596225	true	0	true	27806	149327	false
Longfellow	NTH_GLYPH_OF_TOKEN_3	LP4_PREFIX_ATTACHMENT_NMI	SUPPORTING	0.462189	true	0	true	27806	149327	false
Longfellow	NTH_GLYPH_OF_TOKEN_3	LP4_SUFFIX_ATTACHMENT_NMI	SUPPORTING	0.407304	true	0	true	27806	149327	false
Longfellow	NTH_GLYPH_OF_TOKEN_3	cs2/prev-family-current-family	SUPPORTING		false		false	27806	149327	false
Longfellow	NTH_GLYPH_OF_TOKEN_3	LS1_LINE_LENGTH_CV	SUPPORTING	0.184226	true	0.219913	true	27806	149327	false
Longfellow	NTH_GLYPH_OF_TOKEN_3	LS4_WITHIN_LINE_EXACT_REPETITION	SUPPORTING	0.00109842	true	0.0693253	true	27806	149327	false
Longfellow	NTH_GLYPH_OF_TOKEN_3	cs1/family-line-position	SUPPORTING		false		false	27806	149327	false
Longfellow	NTH_GLYPH_OF_TOKEN_3	cs6/family-diversity-x-line-length	SUPPORTING	0	true	0	true	27806	149327	false
Longfellow	NTH_GLYPH_OF_TOKEN_3	cs7/edit-distance-x-structural-distance	SUPPORTING	0.0110587	true	0	true	27806	149327	false
Longfellow	NTH_TOKEN_OF_LINE_2	EF1_GIANT_COMPONENT_SHARE	CORE	0.289467	true	0.193717	true	5765	33077	false
Longfellow	NTH_TOKEN_OF_LINE_2	EF2_GLOBAL_CLUSTERING	CORE	0.330662	true	0.374628	true	5765	33077	false
Longfellow	NTH_TOKEN_OF_LINE_2	EF3_DEGREE_FREQUENCY_SPEARMAN	CORE	0.244484	true	0.423749	true	5765	33077	false
Longfellow	NTH_TOKEN_OF_LINE_2	2DL1_LAYOUT_POSITION_MI	CORE	0.0818627	true	0	true	5765	33077	false
Longfellow	NTH_TOKEN_OF_LINE_2	BP1_BOUNDARY_TOKEN_NMI	CORE	0.19849	true	0	true	5765	33077	false
Longfellow	NTH_TOKEN_OF_LINE_2	LS2_POSITIONAL_LEXICON_NMI	CORE	0.232984	true	0	true	5765	33077	false
Longfellow	NTH_TOKEN_OF_LINE_2	LS3_BOUNDARY_LENGTH_ASYMMETRY	CORE	2.52454	true	0	true	5765	33077	false
Longfellow	NTH_TOKEN_OF_LINE_2	EF1_ISOLATE_SHARE	SUPPORTING	0.454634	true	0.643979	true	5765	33077	false
Longfellow	NTH_TOKEN_OF_LINE_2	LP1_RULE_SUPPORT_GINI	SUPPORTING	0.596225	true	0.334486	true	5765	33077	false
Longfellow	NTH_TOKEN_OF_LINE_2	LP4_PREFIX_ATTACHMENT_NMI	SUPPORTING	0.462189	true	0.572324	true	5765	33077	false
Longfellow	NTH_TOKEN_OF_LINE_2	LP4_SUFFIX_ATTACHMENT_NMI	SUPPORTING	0.407304	true	0.50752	true	5765	33077	false
Longfellow	NTH_TOKEN_OF_LINE_2	cs2/prev-family-current-family	SUPPORTING		false		false	5765	33077	false
Longfellow	NTH_TOKEN_OF_LINE_2	LS1_LINE_LENGTH_CV	SUPPORTING	0.184226	true	0	true	5765	33077	false
Longfellow	NTH_TOKEN_OF_LINE_2	LS4_WITHIN_LINE_EXACT_REPETITION	SUPPORTING	0.00109842	true	0	true	5765	33077	false
Longfellow	NTH_TOKEN_OF_LINE_2	cs1/family-line-position	SUPPORTING		false		false	5765	33077	false
Longfellow	NTH_TOKEN_OF_LINE_2	cs6/family-diversity-x-line-length	SUPPORTING	0	true	0	true	5765	33077	false
Longfellow	NTH_TOKEN_OF_LINE_2	cs7/edit-distance-x-structural-distance	SUPPORTING	0.0110587	true	0.0305574	true	5765	33077	false
Longfellow	NTH_TOKEN_OF_LINE_3	EF1_GIANT_COMPONENT_SHARE	CORE	0.289467	true	0.269765	true	5754	33077	false
Longfellow	NTH_TOKEN_OF_LINE_3	EF2_GLOBAL_CLUSTERING	CORE	0.330662	true	0.332898	true	5754	33077	false
Longfellow	NTH_TOKEN_OF_LINE_3	EF3_DEGREE_FREQUENCY_SPEARMAN	CORE	0.244484	true	0.237181	true	5754	33077	false
Longfellow	NTH_TOKEN_OF_LINE_3	2DL1_LAYOUT_POSITION_MI	CORE	0.0818627	true	0	true	5754	33077	false
Longfellow	NTH_TOKEN_OF_LINE_3	BP1_BOUNDARY_TOKEN_NMI	CORE	0.19849	true	0	true	5754	33077	false
Longfellow	NTH_TOKEN_OF_LINE_3	LS2_POSITIONAL_LEXICON_NMI	CORE	0.232984	true	0	true	5754	33077	false
Longfellow	NTH_TOKEN_OF_LINE_3	LS3_BOUNDARY_LENGTH_ASYMMETRY	CORE	2.52454	true	0	true	5754	33077	false
Longfellow	NTH_TOKEN_OF_LINE_3	EF1_ISOLATE_SHARE	SUPPORTING	0.454634	true	0.504274	true	5754	33077	false
Longfellow	NTH_TOKEN_OF_LINE_3	LP1_RULE_SUPPORT_GINI	SUPPORTING	0.596225	true	0.496559	true	5754	33077	false
Longfellow	NTH_TOKEN_OF_LINE_3	LP4_PREFIX_ATTACHMENT_NMI	SUPPORTING	0.462189	true	0.495718	true	5754	33077	false
Longfellow	NTH_TOKEN_OF_LINE_3	LP4_SUFFIX_ATTACHMENT_NMI	SUPPORTING	0.407304	true	0.44389	true	5754	33077	false
Longfellow	NTH_TOKEN_OF_LINE_3	cs2/prev-family-current-family	SUPPORTING		false		false	5754	33077	false
Longfellow	NTH_TOKEN_OF_LINE_3	LS1_LINE_LENGTH_CV	SUPPORTING	0.184226	true	0	true	5754	33077	false
Longfellow	NTH_TOKEN_OF_LINE_3	LS4_WITHIN_LINE_EXACT_REPETITION	SUPPORTING	0.00109842	true	0	true	5754	33077	false
Longfellow	NTH_TOKEN_OF_LINE_3	cs1/family-line-position	SUPPORTING		false		false	5754	33077	false
Longfellow	NTH_TOKEN_OF_LINE_3	cs6/family-diversity-x-line-length	SUPPORTING	0	true	0	true	5754	33077	false
Longfellow	NTH_TOKEN_OF_LINE_3	cs7/edit-distance-x-structural-distance	SUPPORTING	0.0110587	true	0.00244706	true	5754	33077	false
Longfellow	PERIODIC_TOKEN_2	EF1_GIANT_COMPONENT_SHARE	CORE	0.289467	true	0.262964	true	16539	33077	false
Longfellow	PERIODIC_TOKEN_2	EF2_GLOBAL_CLUSTERING	CORE	0.330662	true	0.340583	true	16539	33077	false
Longfellow	PERIODIC_TOKEN_2	EF3_DEGREE_FREQUENCY_SPEARMAN	CORE	0.244484	true	0.239253	true	16539	33077	false
Longfellow	PERIODIC_TOKEN_2	2DL1_LAYOUT_POSITION_MI	CORE	0.0818627	true	0.0457762	true	16539	33077	false
Longfellow	PERIODIC_TOKEN_2	BP1_BOUNDARY_TOKEN_NMI	CORE	0.19849	true	0.146127	true	16539	33077	false
Longfellow	PERIODIC_TOKEN_2	LS2_POSITIONAL_LEXICON_NMI	CORE	0.232984	true	0.151687	true	16539	33077	false
Longfellow	PERIODIC_TOKEN_2	LS3_BOUNDARY_LENGTH_ASYMMETRY	CORE	2.52454	true	1.58937	true	16539	33077	false
Longfellow	PERIODIC_TOKEN_2	EF1_ISOLATE_SHARE	SUPPORTING	0.454634	true	0.481097	true	16539	33077	false
Longfellow	PERIODIC_TOKEN_2	LP1_RULE_SUPPORT_GINI	SUPPORTING	0.596225	true	0.555152	true	16539	33077	false
Longfellow	PERIODIC_TOKEN_2	LP4_PREFIX_ATTACHMENT_NMI	SUPPORTING	0.462189	true	0.477848	true	16539	33077	false
Longfellow	PERIODIC_TOKEN_2	LP4_SUFFIX_ATTACHMENT_NMI	SUPPORTING	0.407304	true	0.427284	true	16539	33077	false
Longfellow	PERIODIC_TOKEN_2	cs2/prev-family-current-family	SUPPORTING		false		false	16539	33077	false
Longfellow	PERIODIC_TOKEN_2	LS1_LINE_LENGTH_CV	SUPPORTING	0.184226	true	0.219461	true	16539	33077	false
Longfellow	PERIODIC_TOKEN_2	LS4_WITHIN_LINE_EXACT_REPETITION	SUPPORTING	0.00109842	true	0.00863189	true	16539	33077	false
Longfellow	PERIODIC_TOKEN_2	cs1/family-line-position	SUPPORTING		false		false	16539	33077	false
Longfellow	PERIODIC_TOKEN_2	cs6/family-diversity-x-line-length	SUPPORTING	0	true	0	true	16539	33077	false
Longfellow	PERIODIC_TOKEN_2	cs7/edit-distance-x-structural-distance	SUPPORTING	0.0110587	true	0.0451975	true	16539	33077	false
Longfellow	PERIODIC_TOKEN_3	EF1_GIANT_COMPONENT_SHARE	CORE	0.289467	true	0.260314	true	11026	33077	false
Longfellow	PERIODIC_TOKEN_3	EF2_GLOBAL_CLUSTERING	CORE	0.330662	true	0.327121	true	11026	33077	false
Longfellow	PERIODIC_TOKEN_3	EF3_DEGREE_FREQUENCY_SPEARMAN	CORE	0.244484	true	0.238063	true	11026	33077	false
Longfellow	PERIODIC_TOKEN_3	2DL1_LAYOUT_POSITION_MI	CORE	0.0818627	true	0.0257402	true	11026	33077	false
Longfellow	PERIODIC_TOKEN_3	BP1_BOUNDARY_TOKEN_NMI	CORE	0.19849	true	0.106827	true	11026	33077	false
Longfellow	PERIODIC_TOKEN_3	LS2_POSITIONAL_LEXICON_NMI	CORE	0.232984	true	0.108291	true	11026	33077	false
Longfellow	PERIODIC_TOKEN_3	LS3_BOUNDARY_LENGTH_ASYMMETRY	CORE	2.52454	true	0.859598	true	11026	33077	false
Longfellow	PERIODIC_TOKEN_3	EF1_ISOLATE_SHARE	SUPPORTING	0.454634	true	0.516089	true	11026	33077	false
Longfellow	PERIODIC_TOKEN_3	LP1_RULE_SUPPORT_GINI	SUPPORTING	0.596225	true	0.531503	true	11026	33077	false
Longfellow	PERIODIC_TOKEN_3	LP4_PREFIX_ATTACHMENT_NMI	SUPPORTING	0.462189	true	0.48897	true	11026	33077	false
Longfellow	PERIODIC_TOKEN_3	LP4_SUFFIX_ATTACHMENT_NMI	SUPPORTING	0.407304	true	0.436006	true	11026	33077	false
Longfellow	PERIODIC_TOKEN_3	cs2/prev-family-current-family	SUPPORTING		false		false	11026	33077	false
Longfellow	PERIODIC_TOKEN_3	LS1_LINE_LENGTH_CV	SUPPORTING	0.184226	true	0.261166	true	11026	33077	false
Longfellow	PERIODIC_TOKEN_3	LS4_WITHIN_LINE_EXACT_REPETITION	SUPPORTING	0.00109842	true	0.0248907	true	11026	33077	false
Longfellow	PERIODIC_TOKEN_3	cs1/family-line-position	SUPPORTING		false		false	11026	33077	false
Longfellow	PERIODIC_TOKEN_3	cs6/family-diversity-x-line-length	SUPPORTING	0	true	0	true	11026	33077	false
Longfellow	PERIODIC_TOKEN_3	cs7/edit-distance-x-structural-distance	SUPPORTING	0.0110587	true	0.0243547	true	11026	33077	false
Longfellow	PERIODIC_TOKEN_5	EF1_GIANT_COMPONENT_SHARE	CORE	0.289467	true	0.2269	true	6616	33077	false
Longfellow	PERIODIC_TOKEN_5	EF2_GLOBAL_CLUSTERING	CORE	0.330662	true	0.365113	true	6616	33077	false
Longfellow	PERIODIC_TOKEN_5	EF3_DEGREE_FREQUENCY_SPEARMAN	CORE	0.244484	true	0.245754	true	6616	33077	false
Longfellow	PERIODIC_TOKEN_5	2DL1_LAYOUT_POSITION_MI	CORE	0.0818627	true	0.0152785	true	6616	33077	false
Longfellow	PERIODIC_TOKEN_5	BP1_BOUNDARY_TOKEN_NMI	CORE	0.19849	true	0.0697762	true	6616	33077	false
Longfellow	PERIODIC_TOKEN_5	LS2_POSITIONAL_LEXICON_NMI	CORE	0.232984	true	0.0697762	true	6616	33077	false
Longfellow	PERIODIC_TOKEN_5	LS3_BOUNDARY_LENGTH_ASYMMETRY	CORE	2.52454	true	1.7348	true	6616	33077	false
Longfellow	PERIODIC_TOKEN_5	EF1_ISOLATE_SHARE	SUPPORTING	0.454634	true	0.535265	true	6616	33077	false
Longfellow	PERIODIC_TOKEN_5	LP1_RULE_SUPPORT_GINI	SUPPORTING	0.596225	true	0.494769	true	6616	33077	false
Longfellow	PERIODIC_TOKEN_5	LP4_PREFIX_ATTACHMENT_NMI	SUPPORTING	0.462189	true	0.507324	true	6616	33077	false
Longfellow	PERIODIC_TOKEN_5	LP4_SUFFIX_ATTACHMENT_NMI	SUPPORTING	0.407304	true	0.448911	true	6616	33077	false
Longfellow	PERIODIC_TOKEN_5	cs2/prev-family-current-family	SUPPORTING		false		false	6616	33077	false
Longfellow	PERIODIC_TOKEN_5	LS1_LINE_LENGTH_CV	SUPPORTING	0.184226	true	0.325045	true	6616	33077	false
Longfellow	PERIODIC_TOKEN_5	LS4_WITHIN_LINE_EXACT_REPETITION	SUPPORTING	0.00109842	true	0.000997009	true	6616	33077	false
Longfellow	PERIODIC_TOKEN_5	cs1/family-line-position	SUPPORTING		false		false	6616	33077	false
Longfellow	PERIODIC_TOKEN_5	cs6/family-diversity-x-line-length	SUPPORTING	0	true	0	true	6616	33077	false
Longfellow	PERIODIC_TOKEN_5	cs7/edit-distance-x-structural-distance	SUPPORTING	0.0110587	true	0.0307723	true	6616	33077	false
Longfellow	PERIODIC_TOKEN_7	EF1_GIANT_COMPONENT_SHARE	CORE	0.289467	true	0.231388	true	4726	33077	false
Longfellow	PERIODIC_TOKEN_7	EF2_GLOBAL_CLUSTERING	CORE	0.330662	true	0.33745	true	4726	33077	false
Longfellow	PERIODIC_TOKEN_7	EF3_DEGREE_FREQUENCY_SPEARMAN	CORE	0.244484	true	0.270707	true	4726	33077	false
Longfellow	PERIODIC_TOKEN_7	2DL1_LAYOUT_POSITION_MI	CORE	0.0818627	true	0.00243349	true	4726	33077	false
Longfellow	PERIODIC_TOKEN_7	BP1_BOUNDARY_TOKEN_NMI	CORE	0.19849	true	0.00705331	true	4726	33077	false
Longfellow	PERIODIC_TOKEN_7	LS2_POSITIONAL_LEXICON_NMI	CORE	0.232984	true	0.00705331	true	4726	33077	false
Longfellow	PERIODIC_TOKEN_7	LS3_BOUNDARY_LENGTH_ASYMMETRY	CORE	2.52454	true	0.36	true	4726	33077	false
Longfellow	PERIODIC_TOKEN_7	EF1_ISOLATE_SHARE	SUPPORTING	0.454634	true	0.573441	true	4726	33077	false
Longfellow	PERIODIC_TOKEN_7	LP1_RULE_SUPPORT_GINI	SUPPORTING	0.596225	true	0.447552	true	4726	33077	false
Longfellow	PERIODIC_TOKEN_7	LP4_PREFIX_ATTACHMENT_NMI	SUPPORTING	0.462189	true	0.516729	true	4726	33077	false
Longfellow	PERIODIC_TOKEN_7	LP4_SUFFIX_ATTACHMENT_NMI	SUPPORTING	0.407304	true	0.464062	true	4726	33077	false
Longfellow	PERIODIC_TOKEN_7	cs2/prev-family-current-family	SUPPORTING		false		false	4726	33077	false
Longfellow	PERIODIC_TOKEN_7	LS1_LINE_LENGTH_CV	SUPPORTING	0.184226	true	0.0723535	true	4726	33077	false
Longfellow	PERIODIC_TOKEN_7	LS4_WITHIN_LINE_EXACT_REPETITION	SUPPORTING	0.00109842	true	0	true	4726	33077	false
Longfellow	PERIODIC_TOKEN_7	cs1/family-line-position	SUPPORTING		false		false	4726	33077	false
Longfellow	PERIODIC_TOKEN_7	cs6/family-diversity-x-line-length	SUPPORTING	0	true	0	true	4726	33077	false
Longfellow	PERIODIC_TOKEN_7	cs7/edit-distance-x-structural-distance	SUPPORTING	0.0110587	true	0.00812633	true	4726	33077	false
Longfellow	PERIODIC_GLYPH_2	EF1_GIANT_COMPONENT_SHARE	CORE	0.289467	true	1	true	74664	149327	false
Longfellow	PERIODIC_GLYPH_2	EF2_GLOBAL_CLUSTERING	CORE	0.330662	true	1	true	74664	149327	false
Longfellow	PERIODIC_GLYPH_2	EF3_DEGREE_FREQUENCY_SPEARMAN	CORE	0.244484	true	0	true	74664	149327	false
Longfellow	PERIODIC_GLYPH_2	2DL1_LAYOUT_POSITION_MI	CORE	0.0818627	true	0	true	74664	149327	false
Longfellow	PERIODIC_GLYPH_2	BP1_BOUNDARY_TOKEN_NMI	CORE	0.19849	true	0.0127416	true	74664	149327	false
Longfellow	PERIODIC_GLYPH_2	LS2_POSITIONAL_LEXICON_NMI	CORE	0.232984	true	0.0157249	true	74664	149327	false
Longfellow	PERIODIC_GLYPH_2	LS3_BOUNDARY_LENGTH_ASYMMETRY	CORE	2.52454	true	0	true	74664	149327	false
Longfellow	PERIODIC_GLYPH_2	EF1_ISOLATE_SHARE	SUPPORTING	0.454634	true	0	true	74664	149327	false
Longfellow	PERIODIC_GLYPH_2	LP1_RULE_SUPPORT_GINI	SUPPORTING	0.596225	true	0	true	74664	149327	false
Longfellow	PERIODIC_GLYPH_2	LP4_PREFIX_ATTACHMENT_NMI	SUPPORTING	0.462189	true	0	true	74664	149327	false
Longfellow	PERIODIC_GLYPH_2	LP4_SUFFIX_ATTACHMENT_NMI	SUPPORTING	0.407304	true	0	true	74664	149327	false
Longfellow	PERIODIC_GLYPH_2	cs2/prev-family-current-family	SUPPORTING		false		false	74664	149327	false
Longfellow	PERIODIC_GLYPH_2	LS1_LINE_LENGTH_CV	SUPPORTING	0.184226	true	0.137418	true	74664	149327	false
Longfellow	PERIODIC_GLYPH_2	LS4_WITHIN_LINE_EXACT_REPETITION	SUPPORTING	0.00109842	true	0.0422067	true	74664	149327	false
Longfellow	PERIODIC_GLYPH_2	cs1/family-line-position	SUPPORTING		false		false	74664	149327	false
Longfellow	PERIODIC_GLYPH_2	cs6/family-diversity-x-line-length	SUPPORTING	0	true	0	true	74664	149327	false
Longfellow	PERIODIC_GLYPH_2	cs7/edit-distance-x-structural-distance	SUPPORTING	0.0110587	true	0	true	74664	149327	false
Longfellow	PERIODIC_GLYPH_3	EF1_GIANT_COMPONENT_SHARE	CORE	0.289467	true	1	true	49776	149327	false
Longfellow	PERIODIC_GLYPH_3	EF2_GLOBAL_CLUSTERING	CORE	0.330662	true	1	true	49776	149327	false
Longfellow	PERIODIC_GLYPH_3	EF3_DEGREE_FREQUENCY_SPEARMAN	CORE	0.244484	true	0	true	49776	149327	false
Longfellow	PERIODIC_GLYPH_3	2DL1_LAYOUT_POSITION_MI	CORE	0.0818627	true	0	true	49776	149327	false
Longfellow	PERIODIC_GLYPH_3	BP1_BOUNDARY_TOKEN_NMI	CORE	0.19849	true	0.00772226	true	49776	149327	false
Longfellow	PERIODIC_GLYPH_3	LS2_POSITIONAL_LEXICON_NMI	CORE	0.232984	true	0.0122089	true	49776	149327	false
Longfellow	PERIODIC_GLYPH_3	LS3_BOUNDARY_LENGTH_ASYMMETRY	CORE	2.52454	true	0	true	49776	149327	false
Longfellow	PERIODIC_GLYPH_3	EF1_ISOLATE_SHARE	SUPPORTING	0.454634	true	0	true	49776	149327	false
Longfellow	PERIODIC_GLYPH_3	LP1_RULE_SUPPORT_GINI	SUPPORTING	0.596225	true	0	true	49776	149327	false
Longfellow	PERIODIC_GLYPH_3	LP4_PREFIX_ATTACHMENT_NMI	SUPPORTING	0.462189	true	0	true	49776	149327	false
Longfellow	PERIODIC_GLYPH_3	LP4_SUFFIX_ATTACHMENT_NMI	SUPPORTING	0.407304	true	0	true	49776	149327	false
Longfellow	PERIODIC_GLYPH_3	cs2/prev-family-current-family	SUPPORTING		false		false	49776	149327	false
Longfellow	PERIODIC_GLYPH_3	LS1_LINE_LENGTH_CV	SUPPORTING	0.184226	true	0.141021	true	49776	149327	false
Longfellow	PERIODIC_GLYPH_3	LS4_WITHIN_LINE_EXACT_REPETITION	SUPPORTING	0.00109842	true	0.0594397	true	49776	149327	false
Longfellow	PERIODIC_GLYPH_3	cs1/family-line-position	SUPPORTING		false		false	49776	149327	false
Longfellow	PERIODIC_GLYPH_3	cs6/family-diversity-x-line-length	SUPPORTING	0	true	0	true	49776	149327	false
Longfellow	PERIODIC_GLYPH_3	cs7/edit-distance-x-structural-distance	SUPPORTING	0.0110587	true	0	true	49776	149327	false
Longfellow	PERIODIC_GLYPH_5	EF1_GIANT_COMPONENT_SHARE	CORE	0.289467	true	1	true	29866	149327	false
Longfellow	PERIODIC_GLYPH_5	EF2_GLOBAL_CLUSTERING	CORE	0.330662	true	1	true	29866	149327	false
Longfellow	PERIODIC_GLYPH_5	EF3_DEGREE_FREQUENCY_SPEARMAN	CORE	0.244484	true	0	true	29866	149327	false
Longfellow	PERIODIC_GLYPH_5	2DL1_LAYOUT_POSITION_MI	CORE	0.0818627	true	0	true	29866	149327	false
Longfellow	PERIODIC_GLYPH_5	BP1_BOUNDARY_TOKEN_NMI	CORE	0.19849	true	0.00622226	true	29866	149327	false
Longfellow	PERIODIC_GLYPH_5	LS2_POSITIONAL_LEXICON_NMI	CORE	0.232984	true	0.00698746	true	29866	149327	false
Longfellow	PERIODIC_GLYPH_5	LS3_BOUNDARY_LENGTH_ASYMMETRY	CORE	2.52454	true	0	true	29866	149327	false
Longfellow	PERIODIC_GLYPH_5	EF1_ISOLATE_SHARE	SUPPORTING	0.454634	true	0	true	29866	149327	false
Longfellow	PERIODIC_GLYPH_5	LP1_RULE_SUPPORT_GINI	SUPPORTING	0.596225	true	0	true	29866	149327	false
Longfellow	PERIODIC_GLYPH_5	LP4_PREFIX_ATTACHMENT_NMI	SUPPORTING	0.462189	true	0	true	29866	149327	false
Longfellow	PERIODIC_GLYPH_5	LP4_SUFFIX_ATTACHMENT_NMI	SUPPORTING	0.407304	true	0	true	29866	149327	false
Longfellow	PERIODIC_GLYPH_5	cs2/prev-family-current-family	SUPPORTING		false		false	29866	149327	false
Longfellow	PERIODIC_GLYPH_5	LS1_LINE_LENGTH_CV	SUPPORTING	0.184226	true	0.153711	true	29866	149327	false
Longfellow	PERIODIC_GLYPH_5	LS4_WITHIN_LINE_EXACT_REPETITION	SUPPORTING	0.00109842	true	0.0589602	true	29866	149327	false
Longfellow	PERIODIC_GLYPH_5	cs1/family-line-position	SUPPORTING		false		false	29866	149327	false
Longfellow	PERIODIC_GLYPH_5	cs6/family-diversity-x-line-length	SUPPORTING	0	true	0	true	29866	149327	false
Longfellow	PERIODIC_GLYPH_5	cs7/edit-distance-x-structural-distance	SUPPORTING	0.0110587	true	0	true	29866	149327	false
Longfellow	PERIODIC_GLYPH_7	EF1_GIANT_COMPONENT_SHARE	CORE	0.289467	true	1	true	21333	149327	false
Longfellow	PERIODIC_GLYPH_7	EF2_GLOBAL_CLUSTERING	CORE	0.330662	true	1	true	21333	149327	false
Longfellow	PERIODIC_GLYPH_7	EF3_DEGREE_FREQUENCY_SPEARMAN	CORE	0.244484	true	0	true	21333	149327	false
Longfellow	PERIODIC_GLYPH_7	2DL1_LAYOUT_POSITION_MI	CORE	0.0818627	true	0	true	21333	149327	false
Longfellow	PERIODIC_GLYPH_7	BP1_BOUNDARY_TOKEN_NMI	CORE	0.19849	true	0.00617611	true	21333	149327	false
Longfellow	PERIODIC_GLYPH_7	LS2_POSITIONAL_LEXICON_NMI	CORE	0.232984	true	0.00675263	true	21333	149327	false
Longfellow	PERIODIC_GLYPH_7	LS3_BOUNDARY_LENGTH_ASYMMETRY	CORE	2.52454	true	0	true	21333	149327	false
Longfellow	PERIODIC_GLYPH_7	EF1_ISOLATE_SHARE	SUPPORTING	0.454634	true	0	true	21333	149327	false
Longfellow	PERIODIC_GLYPH_7	LP1_RULE_SUPPORT_GINI	SUPPORTING	0.596225	true	0	true	21333	149327	false
Longfellow	PERIODIC_GLYPH_7	LP4_PREFIX_ATTACHMENT_NMI	SUPPORTING	0.462189	true	0	true	21333	149327	false
Longfellow	PERIODIC_GLYPH_7	LP4_SUFFIX_ATTACHMENT_NMI	SUPPORTING	0.407304	true	0	true	21333	149327	false
Longfellow	PERIODIC_GLYPH_7	cs2/prev-family-current-family	SUPPORTING		false		false	21333	149327	false
Longfellow	PERIODIC_GLYPH_7	LS1_LINE_LENGTH_CV	SUPPORTING	0.184226	true	0.173052	true	21333	149327	false
Longfellow	PERIODIC_GLYPH_7	LS4_WITHIN_LINE_EXACT_REPETITION	SUPPORTING	0.00109842	true	0.0702081	true	21333	149327	false
Longfellow	PERIODIC_GLYPH_7	cs1/family-line-position	SUPPORTING		false		false	21333	149327	false
Longfellow	PERIODIC_GLYPH_7	cs6/family-diversity-x-line-length	SUPPORTING	0	true	0	true	21333	149327	false
Longfellow	PERIODIC_GLYPH_7	cs7/edit-distance-x-structural-distance	SUPPORTING	0.0110587	true	0	true	21333	149327	false
Longfellow	FIXED_OFFSET_WITHIN_GROUP_1	EF1_GIANT_COMPONENT_SHARE	CORE	0.289467	true	0.307581	true	9335	33077	false
Longfellow	FIXED_OFFSET_WITHIN_GROUP_1	EF2_GLOBAL_CLUSTERING	CORE	0.330662	true	0.324661	true	9335	33077	false
Longfellow	FIXED_OFFSET_WITHIN_GROUP_1	EF3_DEGREE_FREQUENCY_SPEARMAN	CORE	0.244484	true	0.286599	true	9335	33077	false
Longfellow	FIXED_OFFSET_WITHIN_GROUP_1	2DL1_LAYOUT_POSITION_MI	CORE	0.0818627	true	0.0277972	true	9335	33077	false
Longfellow	FIXED_OFFSET_WITHIN_GROUP_1	BP1_BOUNDARY_TOKEN_NMI	CORE	0.19849	true	0.0579848	true	9335	33077	false
Longfellow	FIXED_OFFSET_WITHIN_GROUP_1	LS2_POSITIONAL_LEXICON_NMI	CORE	0.232984	true	0.0577323	true	9335	33077	false
Longfellow	FIXED_OFFSET_WITHIN_GROUP_1	LS3_BOUNDARY_LENGTH_ASYMMETRY	CORE	2.52454	true	0.638858	true	9335	33077	false
Longfellow	FIXED_OFFSET_WITHIN_GROUP_1	EF1_ISOLATE_SHARE	SUPPORTING	0.454634	true	0.503249	true	9335	33077	false
Longfellow	FIXED_OFFSET_WITHIN_GROUP_1	LP1_RULE_SUPPORT_GINI	SUPPORTING	0.596225	true	0.465847	true	9335	33077	false
Longfellow	FIXED_OFFSET_WITHIN_GROUP_1	LP4_PREFIX_ATTACHMENT_NMI	SUPPORTING	0.462189	true	0.515631	true	9335	33077	false
Longfellow	FIXED_OFFSET_WITHIN_GROUP_1	LP4_SUFFIX_ATTACHMENT_NMI	SUPPORTING	0.407304	true	0.459922	true	9335	33077	false
Longfellow	FIXED_OFFSET_WITHIN_GROUP_1	cs2/prev-family-current-family	SUPPORTING		false		false	9335	33077	false
Longfellow	FIXED_OFFSET_WITHIN_GROUP_1	LS1_LINE_LENGTH_CV	SUPPORTING	0.184226	true	0.300834	true	9335	33077	false
Longfellow	FIXED_OFFSET_WITHIN_GROUP_1	LS4_WITHIN_LINE_EXACT_REPETITION	SUPPORTING	0.00109842	true	0.0938285	true	9335	33077	false
Longfellow	FIXED_OFFSET_WITHIN_GROUP_1	cs1/family-line-position	SUPPORTING		false		false	9335	33077	false
Longfellow	FIXED_OFFSET_WITHIN_GROUP_1	cs6/family-diversity-x-line-length	SUPPORTING	0	true	0	true	9335	33077	false
Longfellow	FIXED_OFFSET_WITHIN_GROUP_1	cs7/edit-distance-x-structural-distance	SUPPORTING	0.0110587	true	0.0439172	true	9335	33077	false
Longfellow	FIXED_OFFSET_WITHIN_GROUP_2	EF1_GIANT_COMPONENT_SHARE	CORE	0.289467	true	0.244965	true	9335	33077	false
Longfellow	FIXED_OFFSET_WITHIN_GROUP_2	EF2_GLOBAL_CLUSTERING	CORE	0.330662	true	0.316383	true	9335	33077	false
Longfellow	FIXED_OFFSET_WITHIN_GROUP_2	EF3_DEGREE_FREQUENCY_SPEARMAN	CORE	0.244484	true	0.214959	true	9335	33077	false
Longfellow	FIXED_OFFSET_WITHIN_GROUP_2	2DL1_LAYOUT_POSITION_MI	CORE	0.0818627	true	0.0216571	true	9335	33077	false
Longfellow	FIXED_OFFSET_WITHIN_GROUP_2	BP1_BOUNDARY_TOKEN_NMI	CORE	0.19849	true	0.0805609	true	9335	33077	false
Longfellow	FIXED_OFFSET_WITHIN_GROUP_2	LS2_POSITIONAL_LEXICON_NMI	CORE	0.232984	true	0.08047	true	9335	33077	false
Longfellow	FIXED_OFFSET_WITHIN_GROUP_2	LS3_BOUNDARY_LENGTH_ASYMMETRY	CORE	2.52454	true	0.446529	true	9335	33077	false
Longfellow	FIXED_OFFSET_WITHIN_GROUP_2	EF1_ISOLATE_SHARE	SUPPORTING	0.454634	true	0.505138	true	9335	33077	false
Longfellow	FIXED_OFFSET_WITHIN_GROUP_2	LP1_RULE_SUPPORT_GINI	SUPPORTING	0.596225	true	0.538725	true	9335	33077	false
Longfellow	FIXED_OFFSET_WITHIN_GROUP_2	LP4_PREFIX_ATTACHMENT_NMI	SUPPORTING	0.462189	true	0.491595	true	9335	33077	false
Longfellow	FIXED_OFFSET_WITHIN_GROUP_2	LP4_SUFFIX_ATTACHMENT_NMI	SUPPORTING	0.407304	true	0.433498	true	9335	33077	false
Longfellow	FIXED_OFFSET_WITHIN_GROUP_2	cs2/prev-family-current-family	SUPPORTING		false		false	9335	33077	false
Longfellow	FIXED_OFFSET_WITHIN_GROUP_2	LS1_LINE_LENGTH_CV	SUPPORTING	0.184226	true	0.300834	true	9335	33077	false
Longfellow	FIXED_OFFSET_WITHIN_GROUP_2	LS4_WITHIN_LINE_EXACT_REPETITION	SUPPORTING	0.00109842	true	0.00642279	true	9335	33077	false
Longfellow	FIXED_OFFSET_WITHIN_GROUP_2	cs1/family-line-position	SUPPORTING		false		false	9335	33077	false
Longfellow	FIXED_OFFSET_WITHIN_GROUP_2	cs6/family-diversity-x-line-length	SUPPORTING	0	true	0	true	9335	33077	false
Longfellow	FIXED_OFFSET_WITHIN_GROUP_2	cs7/edit-distance-x-structural-distance	SUPPORTING	0.0110587	true	0.0393616	true	9335	33077	false
Astafiev	FIRST_GLYPH_OF_TOKEN	EF1_GIANT_COMPONENT_SHARE	CORE	0.0717762	true	1	true	85280	445882	false
Astafiev	FIRST_GLYPH_OF_TOKEN	EF2_GLOBAL_CLUSTERING	CORE	0.646296	true	1	true	85280	445882	false
Astafiev	FIRST_GLYPH_OF_TOKEN	EF3_DEGREE_FREQUENCY_SPEARMAN	CORE	0.303522	true	0	true	85280	445882	false
Astafiev	FIRST_GLYPH_OF_TOKEN	2DL1_LAYOUT_POSITION_MI	CORE	0.0160999	true	0	true	85280	445882	false
Astafiev	FIRST_GLYPH_OF_TOKEN	BP1_BOUNDARY_TOKEN_NMI	CORE	0.0438289	true	0.0117962	true	85280	445882	false
Astafiev	FIRST_GLYPH_OF_TOKEN	LS2_POSITIONAL_LEXICON_NMI	CORE	0.06919	true	0.015671	true	85280	445882	false
Astafiev	FIRST_GLYPH_OF_TOKEN	LS3_BOUNDARY_LENGTH_ASYMMETRY	CORE	1.35497	true	0	true	85280	445882	false
Astafiev	FIRST_GLYPH_OF_TOKEN	EF1_ISOLATE_SHARE	SUPPORTING	0.456356	true	0	true	85280	445882	false
Astafiev	FIRST_GLYPH_OF_TOKEN	LP1_RULE_SUPPORT_GINI	SUPPORTING	0.719152	true	0	true	85280	445882	false
Astafiev	FIRST_GLYPH_OF_TOKEN	LP4_PREFIX_ATTACHMENT_NMI	SUPPORTING	0.498141	true	0	true	85280	445882	false
Astafiev	FIRST_GLYPH_OF_TOKEN	LP4_SUFFIX_ATTACHMENT_NMI	SUPPORTING	0.430576	true	0	true	85280	445882	false
Astafiev	FIRST_GLYPH_OF_TOKEN	cs2/prev-family-current-family	SUPPORTING		false		false	85280	445882	false
Astafiev	FIRST_GLYPH_OF_TOKEN	LS1_LINE_LENGTH_CV	SUPPORTING	0.892873	true	0.892873	true	85280	445882	false
Astafiev	FIRST_GLYPH_OF_TOKEN	LS4_WITHIN_LINE_EXACT_REPETITION	SUPPORTING	0.000232644	true	0.0591649	true	85280	445882	false
Astafiev	FIRST_GLYPH_OF_TOKEN	cs1/family-line-position	SUPPORTING		false		false	85280	445882	false
Astafiev	FIRST_GLYPH_OF_TOKEN	cs6/family-diversity-x-line-length	SUPPORTING	0	true	0	true	85280	445882	false
Astafiev	FIRST_GLYPH_OF_TOKEN	cs7/edit-distance-x-structural-distance	SUPPORTING	0.0507979	true	0	true	85280	445882	false
Astafiev	LAST_GLYPH_OF_TOKEN	EF1_GIANT_COMPONENT_SHARE	CORE	0.0717762	true	1	true	85280	445882	false
Astafiev	LAST_GLYPH_OF_TOKEN	EF2_GLOBAL_CLUSTERING	CORE	0.646296	true	1	true	85280	445882	false
Astafiev	LAST_GLYPH_OF_TOKEN	EF3_DEGREE_FREQUENCY_SPEARMAN	CORE	0.303522	true	0	true	85280	445882	false
Astafiev	LAST_GLYPH_OF_TOKEN	2DL1_LAYOUT_POSITION_MI	CORE	0.0160999	true	0	true	85280	445882	false
Astafiev	LAST_GLYPH_OF_TOKEN	BP1_BOUNDARY_TOKEN_NMI	CORE	0.0438289	true	0.0136719	true	85280	445882	false
Astafiev	LAST_GLYPH_OF_TOKEN	LS2_POSITIONAL_LEXICON_NMI	CORE	0.06919	true	0.0241302	true	85280	445882	false
Astafiev	LAST_GLYPH_OF_TOKEN	LS3_BOUNDARY_LENGTH_ASYMMETRY	CORE	1.35497	true	0	true	85280	445882	false
Astafiev	LAST_GLYPH_OF_TOKEN	EF1_ISOLATE_SHARE	SUPPORTING	0.456356	true	0	true	85280	445882	false
Astafiev	LAST_GLYPH_OF_TOKEN	LP1_RULE_SUPPORT_GINI	SUPPORTING	0.719152	true	0	true	85280	445882	false
Astafiev	LAST_GLYPH_OF_TOKEN	LP4_PREFIX_ATTACHMENT_NMI	SUPPORTING	0.498141	true	0	true	85280	445882	false
Astafiev	LAST_GLYPH_OF_TOKEN	LP4_SUFFIX_ATTACHMENT_NMI	SUPPORTING	0.430576	true	0	true	85280	445882	false
Astafiev	LAST_GLYPH_OF_TOKEN	cs2/prev-family-current-family	SUPPORTING		false		false	85280	445882	false
Astafiev	LAST_GLYPH_OF_TOKEN	LS1_LINE_LENGTH_CV	SUPPORTING	0.892873	true	0.892873	true	85280	445882	false
Astafiev	LAST_GLYPH_OF_TOKEN	LS4_WITHIN_LINE_EXACT_REPETITION	SUPPORTING	0.000232644	true	0.0841925	true	85280	445882	false
Astafiev	LAST_GLYPH_OF_TOKEN	cs1/family-line-position	SUPPORTING		false		false	85280	445882	false
Astafiev	LAST_GLYPH_OF_TOKEN	cs6/family-diversity-x-line-length	SUPPORTING	0	true	0	true	85280	445882	false
Astafiev	LAST_GLYPH_OF_TOKEN	cs7/edit-distance-x-structural-distance	SUPPORTING	0.0507979	true	0	true	85280	445882	false
Astafiev	FIRST_TOKEN_OF_LINE	EF1_GIANT_COMPONENT_SHARE	CORE	0.0717762	true	0.0682111	true	3610	85280	false
Astafiev	FIRST_TOKEN_OF_LINE	EF2_GLOBAL_CLUSTERING	CORE	0.646296	true	0.746554	true	3610	85280	false
Astafiev	FIRST_TOKEN_OF_LINE	EF3_DEGREE_FREQUENCY_SPEARMAN	CORE	0.303522	true	0.215163	true	3610	85280	false
Astafiev	FIRST_TOKEN_OF_LINE	2DL1_LAYOUT_POSITION_MI	CORE	0.0160999	true	0	true	3610	85280	false
Astafiev	FIRST_TOKEN_OF_LINE	BP1_BOUNDARY_TOKEN_NMI	CORE	0.0438289	true	0	true	3610	85280	false
Astafiev	FIRST_TOKEN_OF_LINE	LS2_POSITIONAL_LEXICON_NMI	CORE	0.06919	true	0	true	3610	85280	false
Astafiev	FIRST_TOKEN_OF_LINE	LS3_BOUNDARY_LENGTH_ASYMMETRY	CORE	1.35497	true	0	true	3610	85280	false
Astafiev	FIRST_TOKEN_OF_LINE	EF1_ISOLATE_SHARE	SUPPORTING	0.456356	true	0.660232	true	3610	85280	false
Astafiev	FIRST_TOKEN_OF_LINE	LP1_RULE_SUPPORT_GINI	SUPPORTING	0.719152	true	0.367424	true	3610	85280	false
Astafiev	FIRST_TOKEN_OF_LINE	LP4_PREFIX_ATTACHMENT_NMI	SUPPORTING	0.498141	true	0.617258	true	3610	85280	false
Astafiev	FIRST_TOKEN_OF_LINE	LP4_SUFFIX_ATTACHMENT_NMI	SUPPORTING	0.430576	true	0.562857	true	3610	85280	false
Astafiev	FIRST_TOKEN_OF_LINE	cs2/prev-family-current-family	SUPPORTING		false		false	3610	85280	false
Astafiev	FIRST_TOKEN_OF_LINE	LS1_LINE_LENGTH_CV	SUPPORTING	0.892873	true	0	true	3610	85280	false
Astafiev	FIRST_TOKEN_OF_LINE	LS4_WITHIN_LINE_EXACT_REPETITION	SUPPORTING	0.000232644	true	0	true	3610	85280	false
Astafiev	FIRST_TOKEN_OF_LINE	cs1/family-line-position	SUPPORTING		false		false	3610	85280	false
Astafiev	FIRST_TOKEN_OF_LINE	cs6/family-diversity-x-line-length	SUPPORTING	0	true	0	true	3610	85280	false
Astafiev	FIRST_TOKEN_OF_LINE	cs7/edit-distance-x-structural-distance	SUPPORTING	0.0507979	true	0.0148717	true	3610	85280	false
Astafiev	LAST_TOKEN_OF_LINE	EF1_GIANT_COMPONENT_SHARE	CORE	0.0717762	true	0.0113101	true	3610	85280	false
Astafiev	LAST_TOKEN_OF_LINE	EF2_GLOBAL_CLUSTERING	CORE	0.646296	true	0.649123	true	3610	85280	false
Astafiev	LAST_TOKEN_OF_LINE	EF3_DEGREE_FREQUENCY_SPEARMAN	CORE	0.303522	true	0.258013	true	3610	85280	false
Astafiev	LAST_TOKEN_OF_LINE	2DL1_LAYOUT_POSITION_MI	CORE	0.0160999	true	0	true	3610	85280	false
Astafiev	LAST_TOKEN_OF_LINE	BP1_BOUNDARY_TOKEN_NMI	CORE	0.0438289	true	0	true	3610	85280	false
Astafiev	LAST_TOKEN_OF_LINE	LS2_POSITIONAL_LEXICON_NMI	CORE	0.06919	true	0	true	3610	85280	false
Astafiev	LAST_TOKEN_OF_LINE	LS3_BOUNDARY_LENGTH_ASYMMETRY	CORE	1.35497	true	0	true	3610	85280	false
Astafiev	LAST_TOKEN_OF_LINE	EF1_ISOLATE_SHARE	SUPPORTING	0.456356	true	0.664467	true	3610	85280	false
Astafiev	LAST_TOKEN_OF_LINE	LP1_RULE_SUPPORT_GINI	SUPPORTING	0.719152	true	0.539072	true	3610	85280	false
Astafiev	LAST_TOKEN_OF_LINE	LP4_PREFIX_ATTACHMENT_NMI	SUPPORTING	0.498141	true	0.592364	true	3610	85280	false
Astafiev	LAST_TOKEN_OF_LINE	LP4_SUFFIX_ATTACHMENT_NMI	SUPPORTING	0.430576	true	0.526471	true	3610	85280	false
Astafiev	LAST_TOKEN_OF_LINE	cs2/prev-family-current-family	SUPPORTING		false		false	3610	85280	false
Astafiev	LAST_TOKEN_OF_LINE	LS1_LINE_LENGTH_CV	SUPPORTING	0.892873	true	0	true	3610	85280	false
Astafiev	LAST_TOKEN_OF_LINE	LS4_WITHIN_LINE_EXACT_REPETITION	SUPPORTING	0.000232644	true	0	true	3610	85280	false
Astafiev	LAST_TOKEN_OF_LINE	cs1/family-line-position	SUPPORTING		false		false	3610	85280	false
Astafiev	LAST_TOKEN_OF_LINE	cs6/family-diversity-x-line-length	SUPPORTING	0	true	0	true	3610	85280	false
Astafiev	LAST_TOKEN_OF_LINE	cs7/edit-distance-x-structural-distance	SUPPORTING	0.0507979	true	0.000912115	true	3610	85280	false
Astafiev	FIRST_GLYPH_OF_LINE	EF1_GIANT_COMPONENT_SHARE	CORE	0.0717762	true	1	true	3610	445882	false
Astafiev	FIRST_GLYPH_OF_LINE	EF2_GLOBAL_CLUSTERING	CORE	0.646296	true	1	true	3610	445882	false
Astafiev	FIRST_GLYPH_OF_LINE	EF3_DEGREE_FREQUENCY_SPEARMAN	CORE	0.303522	true	0	true	3610	445882	false
Astafiev	FIRST_GLYPH_OF_LINE	2DL1_LAYOUT_POSITION_MI	CORE	0.0160999	true	0	true	3610	445882	false
Astafiev	FIRST_GLYPH_OF_LINE	BP1_BOUNDARY_TOKEN_NMI	CORE	0.0438289	true	0	true	3610	445882	false
Astafiev	FIRST_GLYPH_OF_LINE	LS2_POSITIONAL_LEXICON_NMI	CORE	0.06919	true	0	true	3610	445882	false
Astafiev	FIRST_GLYPH_OF_LINE	LS3_BOUNDARY_LENGTH_ASYMMETRY	CORE	1.35497	true	0	true	3610	445882	false
Astafiev	FIRST_GLYPH_OF_LINE	EF1_ISOLATE_SHARE	SUPPORTING	0.456356	true	0	true	3610	445882	false
Astafiev	FIRST_GLYPH_OF_LINE	LP1_RULE_SUPPORT_GINI	SUPPORTING	0.719152	true	0	true	3610	445882	false
Astafiev	FIRST_GLYPH_OF_LINE	LP4_PREFIX_ATTACHMENT_NMI	SUPPORTING	0.498141	true	0	true	3610	445882	false
Astafiev	FIRST_GLYPH_OF_LINE	LP4_SUFFIX_ATTACHMENT_NMI	SUPPORTING	0.430576	true	0	true	3610	445882	false
Astafiev	FIRST_GLYPH_OF_LINE	cs2/prev-family-current-family	SUPPORTING		false		false	3610	445882	false
Astafiev	FIRST_GLYPH_OF_LINE	LS1_LINE_LENGTH_CV	SUPPORTING	0.892873	true	0	true	3610	445882	false
Astafiev	FIRST_GLYPH_OF_LINE	LS4_WITHIN_LINE_EXACT_REPETITION	SUPPORTING	0.000232644	true	0	true	3610	445882	false
Astafiev	FIRST_GLYPH_OF_LINE	cs1/family-line-position	SUPPORTING		false		false	3610	445882	false
Astafiev	FIRST_GLYPH_OF_LINE	cs6/family-diversity-x-line-length	SUPPORTING	0	true	0	true	3610	445882	false
Astafiev	FIRST_GLYPH_OF_LINE	cs7/edit-distance-x-structural-distance	SUPPORTING	0.0507979	true	0	true	3610	445882	false
Astafiev	LAST_GLYPH_OF_LINE	EF1_GIANT_COMPONENT_SHARE	CORE	0.0717762	true	1	true	3610	445882	false
Astafiev	LAST_GLYPH_OF_LINE	EF2_GLOBAL_CLUSTERING	CORE	0.646296	true	1	true	3610	445882	false
Astafiev	LAST_GLYPH_OF_LINE	EF3_DEGREE_FREQUENCY_SPEARMAN	CORE	0.303522	true	0	true	3610	445882	false
Astafiev	LAST_GLYPH_OF_LINE	2DL1_LAYOUT_POSITION_MI	CORE	0.0160999	true	0	true	3610	445882	false
Astafiev	LAST_GLYPH_OF_LINE	BP1_BOUNDARY_TOKEN_NMI	CORE	0.0438289	true	0	true	3610	445882	false
Astafiev	LAST_GLYPH_OF_LINE	LS2_POSITIONAL_LEXICON_NMI	CORE	0.06919	true	0	true	3610	445882	false
Astafiev	LAST_GLYPH_OF_LINE	LS3_BOUNDARY_LENGTH_ASYMMETRY	CORE	1.35497	true	0	true	3610	445882	false
Astafiev	LAST_GLYPH_OF_LINE	EF1_ISOLATE_SHARE	SUPPORTING	0.456356	true	0	true	3610	445882	false
Astafiev	LAST_GLYPH_OF_LINE	LP1_RULE_SUPPORT_GINI	SUPPORTING	0.719152	true	0	true	3610	445882	false
Astafiev	LAST_GLYPH_OF_LINE	LP4_PREFIX_ATTACHMENT_NMI	SUPPORTING	0.498141	true	0	true	3610	445882	false
Astafiev	LAST_GLYPH_OF_LINE	LP4_SUFFIX_ATTACHMENT_NMI	SUPPORTING	0.430576	true	0	true	3610	445882	false
Astafiev	LAST_GLYPH_OF_LINE	cs2/prev-family-current-family	SUPPORTING		false		false	3610	445882	false
Astafiev	LAST_GLYPH_OF_LINE	LS1_LINE_LENGTH_CV	SUPPORTING	0.892873	true	0	true	3610	445882	false
Astafiev	LAST_GLYPH_OF_LINE	LS4_WITHIN_LINE_EXACT_REPETITION	SUPPORTING	0.000232644	true	0	true	3610	445882	false
Astafiev	LAST_GLYPH_OF_LINE	cs1/family-line-position	SUPPORTING		false		false	3610	445882	false
Astafiev	LAST_GLYPH_OF_LINE	cs6/family-diversity-x-line-length	SUPPORTING	0	true	0	true	3610	445882	false
Astafiev	LAST_GLYPH_OF_LINE	cs7/edit-distance-x-structural-distance	SUPPORTING	0.0507979	true	0	true	3610	445882	false
Astafiev	NTH_GLYPH_OF_TOKEN_2	EF1_GIANT_COMPONENT_SHARE	CORE	0.0717762	true	1	true	71525	445882	false
Astafiev	NTH_GLYPH_OF_TOKEN_2	EF2_GLOBAL_CLUSTERING	CORE	0.646296	true	1	true	71525	445882	false
Astafiev	NTH_GLYPH_OF_TOKEN_2	EF3_DEGREE_FREQUENCY_SPEARMAN	CORE	0.303522	true	0	true	71525	445882	false
Astafiev	NTH_GLYPH_OF_TOKEN_2	2DL1_LAYOUT_POSITION_MI	CORE	0.0160999	true	0	true	71525	445882	false
Astafiev	NTH_GLYPH_OF_TOKEN_2	BP1_BOUNDARY_TOKEN_NMI	CORE	0.0438289	true	0.013294	true	71525	445882	false
Astafiev	NTH_GLYPH_OF_TOKEN_2	LS2_POSITIONAL_LEXICON_NMI	CORE	0.06919	true	0.0172028	true	71525	445882	false
Astafiev	NTH_GLYPH_OF_TOKEN_2	LS3_BOUNDARY_LENGTH_ASYMMETRY	CORE	1.35497	true	0	true	71525	445882	false
Astafiev	NTH_GLYPH_OF_TOKEN_2	EF1_ISOLATE_SHARE	SUPPORTING	0.456356	true	0	true	71525	445882	false
Astafiev	NTH_GLYPH_OF_TOKEN_2	LP1_RULE_SUPPORT_GINI	SUPPORTING	0.719152	true	0	true	71525	445882	false
Astafiev	NTH_GLYPH_OF_TOKEN_2	LP4_PREFIX_ATTACHMENT_NMI	SUPPORTING	0.498141	true	0	true	71525	445882	false
Astafiev	NTH_GLYPH_OF_TOKEN_2	LP4_SUFFIX_ATTACHMENT_NMI	SUPPORTING	0.430576	true	0	true	71525	445882	false
Astafiev	NTH_GLYPH_OF_TOKEN_2	cs2/prev-family-current-family	SUPPORTING		false		false	71525	445882	false
Astafiev	NTH_GLYPH_OF_TOKEN_2	LS1_LINE_LENGTH_CV	SUPPORTING	0.892873	true	0.927848	true	71525	445882	false
Astafiev	NTH_GLYPH_OF_TOKEN_2	LS4_WITHIN_LINE_EXACT_REPETITION	SUPPORTING	0.000232644	true	0.116248	true	71525	445882	false
Astafiev	NTH_GLYPH_OF_TOKEN_2	cs1/family-line-position	SUPPORTING		false		false	71525	445882	false
Astafiev	NTH_GLYPH_OF_TOKEN_2	cs6/family-diversity-x-line-length	SUPPORTING	0	true	0	true	71525	445882	false
Astafiev	NTH_GLYPH_OF_TOKEN_2	cs7/edit-distance-x-structural-distance	SUPPORTING	0.0507979	true	0	true	71525	445882	false
Astafiev	NTH_GLYPH_OF_TOKEN_3	EF1_GIANT_COMPONENT_SHARE	CORE	0.0717762	true	1	true	64144	445882	false
Astafiev	NTH_GLYPH_OF_TOKEN_3	EF2_GLOBAL_CLUSTERING	CORE	0.646296	true	1	true	64144	445882	false
Astafiev	NTH_GLYPH_OF_TOKEN_3	EF3_DEGREE_FREQUENCY_SPEARMAN	CORE	0.303522	true	0	true	64144	445882	false
Astafiev	NTH_GLYPH_OF_TOKEN_3	2DL1_LAYOUT_POSITION_MI	CORE	0.0160999	true	0	true	64144	445882	false
Astafiev	NTH_GLYPH_OF_TOKEN_3	BP1_BOUNDARY_TOKEN_NMI	CORE	0.0438289	true	0.0143211	true	64144	445882	false
Astafiev	NTH_GLYPH_OF_TOKEN_3	LS2_POSITIONAL_LEXICON_NMI	CORE	0.06919	true	0.01621	true	64144	445882	false
Astafiev	NTH_GLYPH_OF_TOKEN_3	LS3_BOUNDARY_LENGTH_ASYMMETRY	CORE	1.35497	true	0	true	64144	445882	false
Astafiev	NTH_GLYPH_OF_TOKEN_3	EF1_ISOLATE_SHARE	SUPPORTING	0.456356	true	0	true	64144	445882	false
Astafiev	NTH_GLYPH_OF_TOKEN_3	LP1_RULE_SUPPORT_GINI	SUPPORTING	0.719152	true	0	true	64144	445882	false
Astafiev	NTH_GLYPH_OF_TOKEN_3	LP4_PREFIX_ATTACHMENT_NMI	SUPPORTING	0.498141	true	0	true	64144	445882	false
Astafiev	NTH_GLYPH_OF_TOKEN_3	LP4_SUFFIX_ATTACHMENT_NMI	SUPPORTING	0.430576	true	0	true	64144	445882	false
Astafiev	NTH_GLYPH_OF_TOKEN_3	cs2/prev-family-current-family	SUPPORTING		false		false	64144	445882	false
Astafiev	NTH_GLYPH_OF_TOKEN_3	LS1_LINE_LENGTH_CV	SUPPORTING	0.892873	true	0.937474	true	64144	445882	false
Astafiev	NTH_GLYPH_OF_TOKEN_3	LS4_WITHIN_LINE_EXACT_REPETITION	SUPPORTING	0.000232644	true	0.0625103	true	64144	445882	false
Astafiev	NTH_GLYPH_OF_TOKEN_3	cs1/family-line-position	SUPPORTING		false		false	64144	445882	false
Astafiev	NTH_GLYPH_OF_TOKEN_3	cs6/family-diversity-x-line-length	SUPPORTING	0	true	0	true	64144	445882	false
Astafiev	NTH_GLYPH_OF_TOKEN_3	cs7/edit-distance-x-structural-distance	SUPPORTING	0.0507979	true	0	true	64144	445882	false
Astafiev	NTH_TOKEN_OF_LINE_2	EF1_GIANT_COMPONENT_SHARE	CORE	0.0717762	true	0.0552209	true	3575	85280	false
Astafiev	NTH_TOKEN_OF_LINE_2	EF2_GLOBAL_CLUSTERING	CORE	0.646296	true	0.821404	true	3575	85280	false
Astafiev	NTH_TOKEN_OF_LINE_2	EF3_DEGREE_FREQUENCY_SPEARMAN	CORE	0.303522	true	0.298643	true	3575	85280	false
Astafiev	NTH_TOKEN_OF_LINE_2	2DL1_LAYOUT_POSITION_MI	CORE	0.0160999	true	0	true	3575	85280	false
Astafiev	NTH_TOKEN_OF_LINE_2	BP1_BOUNDARY_TOKEN_NMI	CORE	0.0438289	true	0	true	3575	85280	false
Astafiev	NTH_TOKEN_OF_LINE_2	LS2_POSITIONAL_LEXICON_NMI	CORE	0.06919	true	0	true	3575	85280	false
Astafiev	NTH_TOKEN_OF_LINE_2	LS3_BOUNDARY_LENGTH_ASYMMETRY	CORE	1.35497	true	0	true	3575	85280	false
Astafiev	NTH_TOKEN_OF_LINE_2	EF1_ISOLATE_SHARE	SUPPORTING	0.456356	true	0.650602	true	3575	85280	false
Astafiev	NTH_TOKEN_OF_LINE_2	LP1_RULE_SUPPORT_GINI	SUPPORTING	0.719152	true	0.375378	true	3575	85280	false
Astafiev	NTH_TOKEN_OF_LINE_2	LP4_PREFIX_ATTACHMENT_NMI	SUPPORTING	0.498141	true	0.602388	true	3575	85280	false
Astafiev	NTH_TOKEN_OF_LINE_2	LP4_SUFFIX_ATTACHMENT_NMI	SUPPORTING	0.430576	true	0.53663	true	3575	85280	false
Astafiev	NTH_TOKEN_OF_LINE_2	cs2/prev-family-current-family	SUPPORTING		false		false	3575	85280	false
Astafiev	NTH_TOKEN_OF_LINE_2	LS1_LINE_LENGTH_CV	SUPPORTING	0.892873	true	0	true	3575	85280	false
Astafiev	NTH_TOKEN_OF_LINE_2	LS4_WITHIN_LINE_EXACT_REPETITION	SUPPORTING	0.000232644	true	0	true	3575	85280	false
Astafiev	NTH_TOKEN_OF_LINE_2	cs1/family-line-position	SUPPORTING		false		false	3575	85280	false
Astafiev	NTH_TOKEN_OF_LINE_2	cs6/family-diversity-x-line-length	SUPPORTING	0	true	0	true	3575	85280	false
Astafiev	NTH_TOKEN_OF_LINE_2	cs7/edit-distance-x-structural-distance	SUPPORTING	0.0507979	true	0.0210719	true	3575	85280	false
Astafiev	NTH_TOKEN_OF_LINE_3	EF1_GIANT_COMPONENT_SHARE	CORE	0.0717762	true	0.0508167	true	3350	85280	false
Astafiev	NTH_TOKEN_OF_LINE_3	EF2_GLOBAL_CLUSTERING	CORE	0.646296	true	0.704	true	3350	85280	false
Astafiev	NTH_TOKEN_OF_LINE_3	EF3_DEGREE_FREQUENCY_SPEARMAN	CORE	0.303522	true	0.269041	true	3350	85280	false
Astafiev	NTH_TOKEN_OF_LINE_3	2DL1_LAYOUT_POSITION_MI	CORE	0.0160999	true	0	true	3350	85280	false
Astafiev	NTH_TOKEN_OF_LINE_3	BP1_BOUNDARY_TOKEN_NMI	CORE	0.0438289	true	0	true	3350	85280	false
Astafiev	NTH_TOKEN_OF_LINE_3	LS2_POSITIONAL_LEXICON_NMI	CORE	0.06919	true	0	true	3350	85280	false
Astafiev	NTH_TOKEN_OF_LINE_3	LS3_BOUNDARY_LENGTH_ASYMMETRY	CORE	1.35497	true	0	true	3350	85280	false
Astafiev	NTH_TOKEN_OF_LINE_3	EF1_ISOLATE_SHARE	SUPPORTING	0.456356	true	0.65608	true	3350	85280	false
Astafiev	NTH_TOKEN_OF_LINE_3	LP1_RULE_SUPPORT_GINI	SUPPORTING	0.719152	true	0.423847	true	3350	85280	false
Astafiev	NTH_TOKEN_OF_LINE_3	LP4_PREFIX_ATTACHMENT_NMI	SUPPORTING	0.498141	true	0.59313	true	3350	85280	false
Astafiev	NTH_TOKEN_OF_LINE_3	LP4_SUFFIX_ATTACHMENT_NMI	SUPPORTING	0.430576	true	0.545304	true	3350	85280	false
Astafiev	NTH_TOKEN_OF_LINE_3	cs2/prev-family-current-family	SUPPORTING		false		false	3350	85280	false
Astafiev	NTH_TOKEN_OF_LINE_3	LS1_LINE_LENGTH_CV	SUPPORTING	0.892873	true	0	true	3350	85280	false
Astafiev	NTH_TOKEN_OF_LINE_3	LS4_WITHIN_LINE_EXACT_REPETITION	SUPPORTING	0.000232644	true	0	true	3350	85280	false
Astafiev	NTH_TOKEN_OF_LINE_3	cs1/family-line-position	SUPPORTING		false		false	3350	85280	false
Astafiev	NTH_TOKEN_OF_LINE_3	cs6/family-diversity-x-line-length	SUPPORTING	0	true	0	true	3350	85280	false
Astafiev	NTH_TOKEN_OF_LINE_3	cs7/edit-distance-x-structural-distance	SUPPORTING	0.0507979	true	0.0459105	true	3350	85280	false
Astafiev	PERIODIC_TOKEN_2	EF1_GIANT_COMPONENT_SHARE	CORE	0.0717762	true	0.0674063	true	42640	85280	false
Astafiev	PERIODIC_TOKEN_2	EF2_GLOBAL_CLUSTERING	CORE	0.646296	true	0.678766	true	42640	85280	false
Astafiev	PERIODIC_TOKEN_2	EF3_DEGREE_FREQUENCY_SPEARMAN	CORE	0.303522	true	0.3048	true	42640	85280	false
Astafiev	PERIODIC_TOKEN_2	2DL1_LAYOUT_POSITION_MI	CORE	0.0160999	true	0.0046882	true	42640	85280	false
Astafiev	PERIODIC_TOKEN_2	BP1_BOUNDARY_TOKEN_NMI	CORE	0.0438289	true	0.0552819	true	42640	85280	false
Astafiev	PERIODIC_TOKEN_2	LS2_POSITIONAL_LEXICON_NMI	CORE	0.06919	true	0.0802324	true	42640	85280	false
Astafiev	PERIODIC_TOKEN_2	LS3_BOUNDARY_LENGTH_ASYMMETRY	CORE	1.35497	true	0.610127	true	42640	85280	false
Astafiev	PERIODIC_TOKEN_2	EF1_ISOLATE_SHARE	SUPPORTING	0.456356	true	0.490266	true	42640	85280	false
Astafiev	PERIODIC_TOKEN_2	LP1_RULE_SUPPORT_GINI	SUPPORTING	0.719152	true	0.676008	true	42640	85280	false
Astafiev	PERIODIC_TOKEN_2	LP4_PREFIX_ATTACHMENT_NMI	SUPPORTING	0.498141	true	0.51154	true	42640	85280	false
Astafiev	PERIODIC_TOKEN_2	LP4_SUFFIX_ATTACHMENT_NMI	SUPPORTING	0.430576	true	0.448942	true	42640	85280	false
Astafiev	PERIODIC_TOKEN_2	cs2/prev-family-current-family	SUPPORTING		false		false	42640	85280	false
Astafiev	PERIODIC_TOKEN_2	LS1_LINE_LENGTH_CV	SUPPORTING	0.892873	true	0.889383	true	42640	85280	false
Astafiev	PERIODIC_TOKEN_2	LS4_WITHIN_LINE_EXACT_REPETITION	SUPPORTING	0.000232644	true	0.00389314	true	42640	85280	false
Astafiev	PERIODIC_TOKEN_2	cs1/family-line-position	SUPPORTING		false		false	42640	85280	false
Astafiev	PERIODIC_TOKEN_2	cs6/family-diversity-x-line-length	SUPPORTING	0	true	0	true	42640	85280	false
Astafiev	PERIODIC_TOKEN_2	cs7/edit-distance-x-structural-distance	SUPPORTING	0.0507979	true	0.00547397	true	42640	85280	false
Astafiev	PERIODIC_TOKEN_3	EF1_GIANT_COMPONENT_SHARE	CORE	0.0717762	true	0.0625322	true	28427	85280	false
Astafiev	PERIODIC_TOKEN_3	EF2_GLOBAL_CLUSTERING	CORE	0.646296	true	0.688751	true	28427	85280	false
Astafiev	PERIODIC_TOKEN_3	EF3_DEGREE_FREQUENCY_SPEARMAN	CORE	0.303522	true	0.288842	true	28427	85280	false
Astafiev	PERIODIC_TOKEN_3	2DL1_LAYOUT_POSITION_MI	CORE	0.0160999	true	0.00369071	true	28427	85280	false
Astafiev	PERIODIC_TOKEN_3	BP1_BOUNDARY_TOKEN_NMI	CORE	0.0438289	true	0.0630795	true	28427	85280	false
Astafiev	PERIODIC_TOKEN_3	LS2_POSITIONAL_LEXICON_NMI	CORE	0.06919	true	0.091219	true	28427	85280	false
Astafiev	PERIODIC_TOKEN_3	LS3_BOUNDARY_LENGTH_ASYMMETRY	CORE	1.35497	true	0.215496	true	28427	85280	false
Astafiev	PERIODIC_TOKEN_3	EF1_ISOLATE_SHARE	SUPPORTING	0.456356	true	0.507463	true	28427	85280	false
Astafiev	PERIODIC_TOKEN_3	LP1_RULE_SUPPORT_GINI	SUPPORTING	0.719152	true	0.649343	true	28427	85280	false
Astafiev	PERIODIC_TOKEN_3	LP4_PREFIX_ATTACHMENT_NMI	SUPPORTING	0.498141	true	0.520743	true	28427	85280	false
Astafiev	PERIODIC_TOKEN_3	LP4_SUFFIX_ATTACHMENT_NMI	SUPPORTING	0.430576	true	0.458611	true	28427	85280	false
Astafiev	PERIODIC_TOKEN_3	cs2/prev-family-current-family	SUPPORTING		false		false	28427	85280	false
Astafiev	PERIODIC_TOKEN_3	LS1_LINE_LENGTH_CV	SUPPORTING	0.892873	true	0.869559	true	28427	85280	false
Astafiev	PERIODIC_TOKEN_3	LS4_WITHIN_LINE_EXACT_REPETITION	SUPPORTING	0.000232644	true	0.0122872	true	28427	85280	false
Astafiev	PERIODIC_TOKEN_3	cs1/family-line-position	SUPPORTING		false		false	28427	85280	false
Astafiev	PERIODIC_TOKEN_3	cs6/family-diversity-x-line-length	SUPPORTING	0	true	0	true	28427	85280	false
Astafiev	PERIODIC_TOKEN_3	cs7/edit-distance-x-structural-distance	SUPPORTING	0.0507979	true	0.00796297	true	28427	85280	false
Astafiev	PERIODIC_TOKEN_5	EF1_GIANT_COMPONENT_SHARE	CORE	0.0717762	true	0.057067	true	17056	85280	false
Astafiev	PERIODIC_TOKEN_5	EF2_GLOBAL_CLUSTERING	CORE	0.646296	true	0.675079	true	17056	85280	false
Astafiev	PERIODIC_TOKEN_5	EF3_DEGREE_FREQUENCY_SPEARMAN	CORE	0.303522	true	0.295771	true	17056	85280	false
Astafiev	PERIODIC_TOKEN_5	2DL1_LAYOUT_POSITION_MI	CORE	0.0160999	true	0.00444094	true	17056	85280	false
Astafiev	PERIODIC_TOKEN_5	BP1_BOUNDARY_TOKEN_NMI	CORE	0.0438289	true	0.0787419	true	17056	85280	false
Astafiev	PERIODIC_TOKEN_5	LS2_POSITIONAL_LEXICON_NMI	CORE	0.06919	true	0.113651	true	17056	85280	false
Astafiev	PERIODIC_TOKEN_5	LS3_BOUNDARY_LENGTH_ASYMMETRY	CORE	1.35497	true	0.0935922	true	17056	85280	false
Astafiev	PERIODIC_TOKEN_5	EF1_ISOLATE_SHARE	SUPPORTING	0.456356	true	0.53716	true	17056	85280	false
Astafiev	PERIODIC_TOKEN_5	LP1_RULE_SUPPORT_GINI	SUPPORTING	0.719152	true	0.607452	true	17056	85280	false
Astafiev	PERIODIC_TOKEN_5	LP4_PREFIX_ATTACHMENT_NMI	SUPPORTING	0.498141	true	0.534953	true	17056	85280	false
Astafiev	PERIODIC_TOKEN_5	LP4_SUFFIX_ATTACHMENT_NMI	SUPPORTING	0.430576	true	0.473602	true	17056	85280	false
Astafiev	PERIODIC_TOKEN_5	cs2/prev-family-current-family	SUPPORTING		false		false	17056	85280	false
Astafiev	PERIODIC_TOKEN_5	LS1_LINE_LENGTH_CV	SUPPORTING	0.892873	true	0.806351	true	17056	85280	false
Astafiev	PERIODIC_TOKEN_5	LS4_WITHIN_LINE_EXACT_REPETITION	SUPPORTING	0.000232644	true	0.0107636	true	17056	85280	false
Astafiev	PERIODIC_TOKEN_5	cs1/family-line-position	SUPPORTING		false		false	17056	85280	false
Astafiev	PERIODIC_TOKEN_5	cs6/family-diversity-x-line-length	SUPPORTING	0	true	0	true	17056	85280	false
Astafiev	PERIODIC_TOKEN_5	cs7/edit-distance-x-structural-distance	SUPPORTING	0.0507979	true	0.0376614	true	17056	85280	false
Astafiev	PERIODIC_TOKEN_7	EF1_GIANT_COMPONENT_SHARE	CORE	0.0717762	true	0.0587295	true	12183	85280	false
Astafiev	PERIODIC_TOKEN_7	EF2_GLOBAL_CLUSTERING	CORE	0.646296	true	0.630101	true	12183	85280	false
Astafiev	PERIODIC_TOKEN_7	EF3_DEGREE_FREQUENCY_SPEARMAN	CORE	0.303522	true	0.251186	true	12183	85280	false
Astafiev	PERIODIC_TOKEN_7	2DL1_LAYOUT_POSITION_MI	CORE	0.0160999	true	0.00341113	true	12183	85280	false
Astafiev	PERIODIC_TOKEN_7	BP1_BOUNDARY_TOKEN_NMI	CORE	0.0438289	true	0.0863293	true	12183	85280	false
Astafiev	PERIODIC_TOKEN_7	LS2_POSITIONAL_LEXICON_NMI	CORE	0.06919	true	0.124597	true	12183	85280	false
Astafiev	PERIODIC_TOKEN_7	LS3_BOUNDARY_LENGTH_ASYMMETRY	CORE	1.35497	true	0.0736886	true	12183	85280	false
Astafiev	PERIODIC_TOKEN_7	EF1_ISOLATE_SHARE	SUPPORTING	0.456356	true	0.524171	true	12183	85280	false
Astafiev	PERIODIC_TOKEN_7	LP1_RULE_SUPPORT_GINI	SUPPORTING	0.719152	true	0.613643	true	12183	85280	false
Astafiev	PERIODIC_TOKEN_7	LP4_PREFIX_ATTACHMENT_NMI	SUPPORTING	0.498141	true	0.546683	true	12183	85280	false
Astafiev	PERIODIC_TOKEN_7	LP4_SUFFIX_ATTACHMENT_NMI	SUPPORTING	0.430576	true	0.482582	true	12183	85280	false
Astafiev	PERIODIC_TOKEN_7	cs2/prev-family-current-family	SUPPORTING		false		false	12183	85280	false
Astafiev	PERIODIC_TOKEN_7	LS1_LINE_LENGTH_CV	SUPPORTING	0.892873	true	0.757444	true	12183	85280	false
Astafiev	PERIODIC_TOKEN_7	LS4_WITHIN_LINE_EXACT_REPETITION	SUPPORTING	0.000232644	true	0.0113938	true	12183	85280	false
Astafiev	PERIODIC_TOKEN_7	cs1/family-line-position	SUPPORTING		false		false	12183	85280	false
Astafiev	PERIODIC_TOKEN_7	cs6/family-diversity-x-line-length	SUPPORTING	0	true	0	true	12183	85280	false
Astafiev	PERIODIC_TOKEN_7	cs7/edit-distance-x-structural-distance	SUPPORTING	0.0507979	true	0.0591854	true	12183	85280	false
Astafiev	PERIODIC_GLYPH_2	EF1_GIANT_COMPONENT_SHARE	CORE	0.0717762	true		false	222941	445882	true
Astafiev	PERIODIC_GLYPH_2	EF2_GLOBAL_CLUSTERING	CORE	0.646296	true		false	222941	445882	true
Astafiev	PERIODIC_GLYPH_2	EF3_DEGREE_FREQUENCY_SPEARMAN	CORE	0.303522	true		false	222941	445882	true
Astafiev	PERIODIC_GLYPH_2	2DL1_LAYOUT_POSITION_MI	CORE	0.0160999	true		false	222941	445882	true
Astafiev	PERIODIC_GLYPH_2	BP1_BOUNDARY_TOKEN_NMI	CORE	0.0438289	true		false	222941	445882	true
Astafiev	PERIODIC_GLYPH_2	LS2_POSITIONAL_LEXICON_NMI	CORE	0.06919	true		false	222941	445882	true
Astafiev	PERIODIC_GLYPH_2	LS3_BOUNDARY_LENGTH_ASYMMETRY	CORE	1.35497	true		false	222941	445882	true
Astafiev	PERIODIC_GLYPH_2	EF1_ISOLATE_SHARE	SUPPORTING	0.456356	true		false	222941	445882	true
Astafiev	PERIODIC_GLYPH_2	LP1_RULE_SUPPORT_GINI	SUPPORTING	0.719152	true		false	222941	445882	true
Astafiev	PERIODIC_GLYPH_2	LP4_PREFIX_ATTACHMENT_NMI	SUPPORTING	0.498141	true		false	222941	445882	true
Astafiev	PERIODIC_GLYPH_2	LP4_SUFFIX_ATTACHMENT_NMI	SUPPORTING	0.430576	true		false	222941	445882	true
Astafiev	PERIODIC_GLYPH_2	cs2/prev-family-current-family	SUPPORTING		false		false	222941	445882	true
Astafiev	PERIODIC_GLYPH_2	LS1_LINE_LENGTH_CV	SUPPORTING	0.892873	true		false	222941	445882	true
Astafiev	PERIODIC_GLYPH_2	LS4_WITHIN_LINE_EXACT_REPETITION	SUPPORTING	0.000232644	true		false	222941	445882	true
Astafiev	PERIODIC_GLYPH_2	cs1/family-line-position	SUPPORTING		false		false	222941	445882	true
Astafiev	PERIODIC_GLYPH_2	cs6/family-diversity-x-line-length	SUPPORTING	0	true		false	222941	445882	true
Astafiev	PERIODIC_GLYPH_2	cs7/edit-distance-x-structural-distance	SUPPORTING	0.0507979	true		false	222941	445882	true
Astafiev	PERIODIC_GLYPH_3	EF1_GIANT_COMPONENT_SHARE	CORE	0.0717762	true		false	148628	445882	true
Astafiev	PERIODIC_GLYPH_3	EF2_GLOBAL_CLUSTERING	CORE	0.646296	true		false	148628	445882	true
Astafiev	PERIODIC_GLYPH_3	EF3_DEGREE_FREQUENCY_SPEARMAN	CORE	0.303522	true		false	148628	445882	true
Astafiev	PERIODIC_GLYPH_3	2DL1_LAYOUT_POSITION_MI	CORE	0.0160999	true		false	148628	445882	true
Astafiev	PERIODIC_GLYPH_3	BP1_BOUNDARY_TOKEN_NMI	CORE	0.0438289	true		false	148628	445882	true
Astafiev	PERIODIC_GLYPH_3	LS2_POSITIONAL_LEXICON_NMI	CORE	0.06919	true		false	148628	445882	true
Astafiev	PERIODIC_GLYPH_3	LS3_BOUNDARY_LENGTH_ASYMMETRY	CORE	1.35497	true		false	148628	445882	true
Astafiev	PERIODIC_GLYPH_3	EF1_ISOLATE_SHARE	SUPPORTING	0.456356	true		false	148628	445882	true
Astafiev	PERIODIC_GLYPH_3	LP1_RULE_SUPPORT_GINI	SUPPORTING	0.719152	true		false	148628	445882	true
Astafiev	PERIODIC_GLYPH_3	LP4_PREFIX_ATTACHMENT_NMI	SUPPORTING	0.498141	true		false	148628	445882	true
Astafiev	PERIODIC_GLYPH_3	LP4_SUFFIX_ATTACHMENT_NMI	SUPPORTING	0.430576	true		false	148628	445882	true
Astafiev	PERIODIC_GLYPH_3	cs2/prev-family-current-family	SUPPORTING		false		false	148628	445882	true
Astafiev	PERIODIC_GLYPH_3	LS1_LINE_LENGTH_CV	SUPPORTING	0.892873	true		false	148628	445882	true
Astafiev	PERIODIC_GLYPH_3	LS4_WITHIN_LINE_EXACT_REPETITION	SUPPORTING	0.000232644	true		false	148628	445882	true
Astafiev	PERIODIC_GLYPH_3	cs1/family-line-position	SUPPORTING		false		false	148628	445882	true
Astafiev	PERIODIC_GLYPH_3	cs6/family-diversity-x-line-length	SUPPORTING	0	true		false	148628	445882	true
Astafiev	PERIODIC_GLYPH_3	cs7/edit-distance-x-structural-distance	SUPPORTING	0.0507979	true		false	148628	445882	true
Astafiev	PERIODIC_GLYPH_5	EF1_GIANT_COMPONENT_SHARE	CORE	0.0717762	true	1	true	89177	445882	false
Astafiev	PERIODIC_GLYPH_5	EF2_GLOBAL_CLUSTERING	CORE	0.646296	true	1	true	89177	445882	false
Astafiev	PERIODIC_GLYPH_5	EF3_DEGREE_FREQUENCY_SPEARMAN	CORE	0.303522	true	0	true	89177	445882	false
Astafiev	PERIODIC_GLYPH_5	2DL1_LAYOUT_POSITION_MI	CORE	0.0160999	true	0	true	89177	445882	false
Astafiev	PERIODIC_GLYPH_5	BP1_BOUNDARY_TOKEN_NMI	CORE	0.0438289	true	0.00588094	true	89177	445882	false
Astafiev	PERIODIC_GLYPH_5	LS2_POSITIONAL_LEXICON_NMI	CORE	0.06919	true	0.00656895	true	89177	445882	false
Astafiev	PERIODIC_GLYPH_5	LS3_BOUNDARY_LENGTH_ASYMMETRY	CORE	1.35497	true	0	true	89177	445882	false
Astafiev	PERIODIC_GLYPH_5	EF1_ISOLATE_SHARE	SUPPORTING	0.456356	true	0	true	89177	445882	false
Astafiev	PERIODIC_GLYPH_5	LP1_RULE_SUPPORT_GINI	SUPPORTING	0.719152	true	0	true	89177	445882	false
Astafiev	PERIODIC_GLYPH_5	LP4_PREFIX_ATTACHMENT_NMI	SUPPORTING	0.498141	true	0	true	89177	445882	false
Astafiev	PERIODIC_GLYPH_5	LP4_SUFFIX_ATTACHMENT_NMI	SUPPORTING	0.430576	true	0	true	89177	445882	false
Astafiev	PERIODIC_GLYPH_5	cs2/prev-family-current-family	SUPPORTING		false		false	89177	445882	false
Astafiev	PERIODIC_GLYPH_5	LS1_LINE_LENGTH_CV	SUPPORTING	0.892873	true	0.959334	true	89177	445882	false
Astafiev	PERIODIC_GLYPH_5	LS4_WITHIN_LINE_EXACT_REPETITION	SUPPORTING	0.000232644	true	0.0450753	true	89177	445882	false
Astafiev	PERIODIC_GLYPH_5	cs1/family-line-position	SUPPORTING		false		false	89177	445882	false
Astafiev	PERIODIC_GLYPH_5	cs6/family-diversity-x-line-length	SUPPORTING	0	true	0	true	89177	445882	false
Astafiev	PERIODIC_GLYPH_5	cs7/edit-distance-x-structural-distance	SUPPORTING	0.0507979	true	0	true	89177	445882	false
Astafiev	PERIODIC_GLYPH_7	EF1_GIANT_COMPONENT_SHARE	CORE	0.0717762	true	1	true	63698	445882	false
Astafiev	PERIODIC_GLYPH_7	EF2_GLOBAL_CLUSTERING	CORE	0.646296	true	1	true	63698	445882	false
Astafiev	PERIODIC_GLYPH_7	EF3_DEGREE_FREQUENCY_SPEARMAN	CORE	0.303522	true	0	true	63698	445882	false
Astafiev	PERIODIC_GLYPH_7	2DL1_LAYOUT_POSITION_MI	CORE	0.0160999	true	0	true	63698	445882	false
Astafiev	PERIODIC_GLYPH_7	BP1_BOUNDARY_TOKEN_NMI	CORE	0.0438289	true	0.00421589	true	63698	445882	false
Astafiev	PERIODIC_GLYPH_7	LS2_POSITIONAL_LEXICON_NMI	CORE	0.06919	true	0.00558219	true	63698	445882	false
Astafiev	PERIODIC_GLYPH_7	LS3_BOUNDARY_LENGTH_ASYMMETRY	CORE	1.35497	true	0	true	63698	445882	false
Astafiev	PERIODIC_GLYPH_7	EF1_ISOLATE_SHARE	SUPPORTING	0.456356	true	0	true	63698	445882	false
Astafiev	PERIODIC_GLYPH_7	LP1_RULE_SUPPORT_GINI	SUPPORTING	0.719152	true	0	true	63698	445882	false
Astafiev	PERIODIC_GLYPH_7	LP4_PREFIX_ATTACHMENT_NMI	SUPPORTING	0.498141	true	0	true	63698	445882	false
Astafiev	PERIODIC_GLYPH_7	LP4_SUFFIX_ATTACHMENT_NMI	SUPPORTING	0.430576	true	0	true	63698	445882	false
Astafiev	PERIODIC_GLYPH_7	cs2/prev-family-current-family	SUPPORTING		false		false	63698	445882	false
Astafiev	PERIODIC_GLYPH_7	LS1_LINE_LENGTH_CV	SUPPORTING	0.892873	true	0.959116	true	63698	445882	false
Astafiev	PERIODIC_GLYPH_7	LS4_WITHIN_LINE_EXACT_REPETITION	SUPPORTING	0.000232644	true	0.0518214	true	63698	445882	false
Astafiev	PERIODIC_GLYPH_7	cs1/family-line-position	SUPPORTING		false		false	63698	445882	false
Astafiev	PERIODIC_GLYPH_7	cs6/family-diversity-x-line-length	SUPPORTING	0	true	0	true	63698	445882	false
Astafiev	PERIODIC_GLYPH_7	cs7/edit-distance-x-structural-distance	SUPPORTING	0.0507979	true	0	true	63698	445882	false
Astafiev	FIXED_OFFSET_WITHIN_GROUP_1	EF1_GIANT_COMPONENT_SHARE	CORE	0.0717762	true	0.0497566	true	27223	85280	false
Astafiev	FIXED_OFFSET_WITHIN_GROUP_1	EF2_GLOBAL_CLUSTERING	CORE	0.646296	true	0.676475	true	27223	85280	false
Astafiev	FIXED_OFFSET_WITHIN_GROUP_1	EF3_DEGREE_FREQUENCY_SPEARMAN	CORE	0.303522	true	0.296478	true	27223	85280	false
Astafiev	FIXED_OFFSET_WITHIN_GROUP_1	2DL1_LAYOUT_POSITION_MI	CORE	0.0160999	true	0.0047172	true	27223	85280	false
Astafiev	FIXED_OFFSET_WITHIN_GROUP_1	BP1_BOUNDARY_TOKEN_NMI	CORE	0.0438289	true	0.0660514	true	27223	85280	false
Astafiev	FIXED_OFFSET_WITHIN_GROUP_1	LS2_POSITIONAL_LEXICON_NMI	CORE	0.06919	true	0.094706	true	27223	85280	false
Astafiev	FIXED_OFFSET_WITHIN_GROUP_1	LS3_BOUNDARY_LENGTH_ASYMMETRY	CORE	1.35497	true	0.0720323	true	27223	85280	false
Astafiev	FIXED_OFFSET_WITHIN_GROUP_1	EF1_ISOLATE_SHARE	SUPPORTING	0.456356	true	0.505949	true	27223	85280	false
Astafiev	FIXED_OFFSET_WITHIN_GROUP_1	LP1_RULE_SUPPORT_GINI	SUPPORTING	0.719152	true	0.637851	true	27223	85280	false
Astafiev	FIXED_OFFSET_WITHIN_GROUP_1	LP4_PREFIX_ATTACHMENT_NMI	SUPPORTING	0.498141	true	0.524737	true	27223	85280	false
Astafiev	FIXED_OFFSET_WITHIN_GROUP_1	LP4_SUFFIX_ATTACHMENT_NMI	SUPPORTING	0.430576	true	0.460963	true	27223	85280	false
Astafiev	FIXED_OFFSET_WITHIN_GROUP_1	cs2/prev-family-current-family	SUPPORTING		false		false	27223	85280	false
Astafiev	FIXED_OFFSET_WITHIN_GROUP_1	LS1_LINE_LENGTH_CV	SUPPORTING	0.892873	true	0.857692	true	27223	85280	false
Astafiev	FIXED_OFFSET_WITHIN_GROUP_1	LS4_WITHIN_LINE_EXACT_REPETITION	SUPPORTING	0.000232644	true	0.0166716	true	27223	85280	false
Astafiev	FIXED_OFFSET_WITHIN_GROUP_1	cs1/family-line-position	SUPPORTING		false		false	27223	85280	false
Astafiev	FIXED_OFFSET_WITHIN_GROUP_1	cs6/family-diversity-x-line-length	SUPPORTING	0	true	0	true	27223	85280	false
Astafiev	FIXED_OFFSET_WITHIN_GROUP_1	cs7/edit-distance-x-structural-distance	SUPPORTING	0.0507979	true	0.0355416	true	27223	85280	false
Astafiev	FIXED_OFFSET_WITHIN_GROUP_2	EF1_GIANT_COMPONENT_SHARE	CORE	0.0717762	true	0.0585885	true	27223	85280	false
Astafiev	FIXED_OFFSET_WITHIN_GROUP_2	EF2_GLOBAL_CLUSTERING	CORE	0.646296	true	0.663862	true	27223	85280	false
Astafiev	FIXED_OFFSET_WITHIN_GROUP_2	EF3_DEGREE_FREQUENCY_SPEARMAN	CORE	0.303522	true	0.285815	true	27223	85280	false
Astafiev	FIXED_OFFSET_WITHIN_GROUP_2	2DL1_LAYOUT_POSITION_MI	CORE	0.0160999	true	0.00333415	true	27223	85280	false
Astafiev	FIXED_OFFSET_WITHIN_GROUP_2	BP1_BOUNDARY_TOKEN_NMI	CORE	0.0438289	true	0.0608856	true	27223	85280	false
Astafiev	FIXED_OFFSET_WITHIN_GROUP_2	LS2_POSITIONAL_LEXICON_NMI	CORE	0.06919	true	0.0889422	true	27223	85280	false
Astafiev	FIXED_OFFSET_WITHIN_GROUP_2	LS3_BOUNDARY_LENGTH_ASYMMETRY	CORE	1.35497	true	0.419699	true	27223	85280	false
Astafiev	FIXED_OFFSET_WITHIN_GROUP_2	EF1_ISOLATE_SHARE	SUPPORTING	0.456356	true	0.515313	true	27223	85280	false
Astafiev	FIXED_OFFSET_WITHIN_GROUP_2	LP1_RULE_SUPPORT_GINI	SUPPORTING	0.719152	true	0.650017	true	27223	85280	false
Astafiev	FIXED_OFFSET_WITHIN_GROUP_2	LP4_PREFIX_ATTACHMENT_NMI	SUPPORTING	0.498141	true	0.52112	true	27223	85280	false
Astafiev	FIXED_OFFSET_WITHIN_GROUP_2	LP4_SUFFIX_ATTACHMENT_NMI	SUPPORTING	0.430576	true	0.462696	true	27223	85280	false
Astafiev	FIXED_OFFSET_WITHIN_GROUP_2	cs2/prev-family-current-family	SUPPORTING		false		false	27223	85280	false
Astafiev	FIXED_OFFSET_WITHIN_GROUP_2	LS1_LINE_LENGTH_CV	SUPPORTING	0.892873	true	0.857692	true	27223	85280	false
Astafiev	FIXED_OFFSET_WITHIN_GROUP_2	LS4_WITHIN_LINE_EXACT_REPETITION	SUPPORTING	0.000232644	true	0.00875466	true	27223	85280	false
Astafiev	FIXED_OFFSET_WITHIN_GROUP_2	cs1/family-line-position	SUPPORTING		false		false	27223	85280	false
Astafiev	FIXED_OFFSET_WITHIN_GROUP_2	cs6/family-diversity-x-line-length	SUPPORTING	0	true	0	true	27223	85280	false
Astafiev	FIXED_OFFSET_WITHIN_GROUP_2	cs7/edit-distance-x-structural-distance	SUPPORTING	0.0507979	true	0.00166509	true	27223	85280	false
