token	section	role_profile_status	token_count	page_count	physical_leaf_count	freq_norm	page_presence	leaf_presence	line_initial_rate	line_final_rate	internal_rate	mean_line_position	first_third_rate	final_third_rate	self_repeat_rate	near_repeat_rate	predecessor_entropy	successor_entropy	predecessor_neff	successor_neff	position_entropy
A	Astronomical	INSUFFICIENT_TOKEN_SUPPORT	3	2	1	0.0033296337	0.25	0.25	0	0	1	0.56666667	0	0.66666667	0	0.33333333	1.0986123	1.0986123	3	3	0.63651417
A	Biological	ELIGIBLE	16	8	8	0.0024922118	0.42105263	0.42105263	0	0.0625	0.9375	0.54685245	0.3125	0.5	0	0.1875	1.9770062	2.6156306	7.2210919	13.675837	1.0239288
A	Cosmological	ELIGIBLE	6	4	4	0.0026189437	0.36363636	0.44444444	0	0.33333333	0.66666667	0.57082732	0.33333333	0.33333333	0	0	1.5607104	1.3862944	4.7622032	4	1.0986123
A	Herbal	ELIGIBLE	15	13	13	0.0012794268	0.10077519	0.104	0	0.2	0.8	0.63595238	0.13333333	0.53333333	0	0.066666667	2.4883277	2.4849066	12.041123	12	0.97011578
A	Pharmaceutical	ELIGIBLE	7	5	5	0.0026636225	0.3125	0.41666667	0.14285714	0.42857143	0.42857143	0.4739229	0.57142857	0.42857143	0	0	1.5607104	1.0397208	4.7622032	2.8284271	0.6829081
A	Stars	ELIGIBLE	58	19	19	0.0049564177	0.76	0.76	0	0.034482759	0.96551724	0.45811918	0.37931034	0.31034483	0.017241379	0.051724138	3.4914691	3.7932107	32.834148	44.398721	1.0939548
A	Text	ELIGIBLE	11	3	3	0.0046237915	0.42857143	0.5	0	0.090909091	0.90909091	0.59519269	0.18181818	0.45454545	0	0	2.2718685	2.3025851	9.6975038	10	1.0361988
Cey	Astronomical	INSUFFICIENT_TOKEN_SUPPORT	1	1	1	0.0011098779	0.125	0.25	0	1	0	1	0	1	0	0	-0	NA	1	NA	-0
Cey	Biological	INSUFFICIENT_TOKEN_SUPPORT	2	2	2	0.00031152648	0.10526316	0.10526316	0	0	1	0.43333333	0.5	0.5	0	0	0.69314718	0.69314718	2	2	0.69314718
Cey	Herbal	ELIGIBLE	31	26	26	0.0026441488	0.20155039	0.208	0	0.12903226	0.87096774	0.57905204	0.22580645	0.41935484	0	0.032258065	3.3276699	3.2958369	27.873318	27	1.0680981
Cey	Pharmaceutical	ELIGIBLE	10	8	7	0.003805175	0.5	0.58333333	0	0.1	0.9	0.53131896	0.2	0.3	0	0	2.3025851	2.1972246	10	9	1.029653
Cey	Stars	INSUFFICIENT_TOKEN_SUPPORT	4	4	4	0.00034182191	0.16	0.16	0.5	0	0.5	0.20833333	0.75	0	0	0.25	0.69314718	1.3862944	2	4	0.56233514
Cey	Text	INSUFFICIENT_TOKEN_SUPPORT	1	1	1	0.00042034468	0.14285714	0.16666667	0	0	1	0.625	0	0	0	0	-0	-0	1	1	-0
Cey	Zodiac	INSUFFICIENT_TOKEN_SUPPORT	2	2	2	0.0014981273	0.16666667	0.28571429	0	0	1	0.41666667	0.5	0.5	0	0	-0	0.69314718	1	2	0.69314718
Col	Biological	INSUFFICIENT_TOKEN_SUPPORT	1	1	1	0.00015576324	0.052631579	0.052631579	0	0	1	0.57142857	0	0	0	0	-0	-0	1	1	-0
Col	Cosmological	INSUFFICIENT_TOKEN_SUPPORT	1	1	1	0.00043649062	0.090909091	0.11111111	0	0	1	0.8	0	1	0	0	-0	-0	1	1	-0
Col	Herbal	ELIGIBLE	46	31	31	0.0039235756	0.24031008	0.248	0.02173913	0.10869565	0.86956522	0.55747067	0.17391304	0.41304348	0.02173913	0.13043478	3.2980534	3.3754515	27.059913	29.237481	1.0346368
Col	Pharmaceutical	ELIGIBLE	5	4	4	0.0019025875	0.25	0.33333333	0	0.2	0.8	0.58686869	0.2	0.4	0	0	1.6094379	1.3862944	5	4	1.0549202
Col	Stars	INSUFFICIENT_TOKEN_SUPPORT	2	1	1	0.00017091096	0.04	0.04	0	0	1	0.48106061	0	0	0	0	0.69314718	0.69314718	2	2	-0
Col	Text	INSUFFICIENT_TOKEN_SUPPORT	1	1	1	0.00042034468	0.14285714	0.16666667	0	0	1	0.77777778	0	1	0	0	-0	-0	1	1	-0
Cor	Biological	INSUFFICIENT_TOKEN_SUPPORT	2	2	2	0.00031152648	0.10526316	0.10526316	0.5	0	0.5	0.25	0.5	0	0	0	-0	0.69314718	1	2	0.69314718
Cor	Herbal	ELIGIBLE	40	30	30	0.0034118048	0.23255814	0.24	0.025	0.075	0.9	0.51986833	0.35	0.45	0	0.05	3.0814089	3.3345042	21.789079	28.064464	1.0486538
Cor	Pharmaceutical	INSUFFICIENT_TOKEN_SUPPORT	1	1	1	0.0003805175	0.0625	0.083333333	0	0	1	0.11111111	1	0	0	0	-0	-0	1	1	-0
Cy	Astronomical	INSUFFICIENT_TOKEN_SUPPORT	1	1	1	0.0011098779	0.125	0.25	0	0	1	0.625	0	0	0	0	-0	-0	1	1	-0
Cy	Biological	INSUFFICIENT_TOKEN_SUPPORT	1	1	1	0.00015576324	0.052631579	0.052631579	0	0	1	0.66666667	0	1	0	0	-0	-0	1	1	-0
Cy	Cosmological	INSUFFICIENT_TOKEN_SUPPORT	2	2	2	0.00087298123	0.18181818	0.22222222	0	0	1	0.66666667	0	0.5	0	0	0.69314718	0.69314718	2	2	0.69314718
Cy	Herbal	ELIGIBLE	92	49	49	0.0078471511	0.37984496	0.392	0	0.2826087	0.7173913	0.64440219	0.19565217	0.54347826	0.010869565	0.086956522	3.8328769	3.8297994	46.195248	46.053298	1.0011241
Cy	Pharmaceutical	INSUFFICIENT_TOKEN_SUPPORT	2	2	2	0.00076103501	0.125	0.16666667	0	0	1	0.54487179	0.5	0.5	0	0	0.69314718	0.69314718	2	2	0.69314718
Cy	Stars	INSUFFICIENT_TOKEN_SUPPORT	1	1	1	8.5455478e-05	0.04	0.04	0	0	1	0.375	0	0	0	0	-0	-0	1	1	-0
Cy	Text	INSUFFICIENT_TOKEN_SUPPORT	4	2	2	0.0016813787	0.28571429	0.33333333	0	0	1	0.67261905	0	0.5	0	0	1.3862944	1.3862944	4	4	0.69314718
H	Biological	ELIGIBLE	7	6	6	0.0010903427	0.31578947	0.31578947	0.28571429	0	0.71428571	0.45497835	0.42857143	0.42857143	0	0.28571429	1.6094379	1.9459101	5	7	1.0042425
H	Cosmological	INSUFFICIENT_TOKEN_SUPPORT	2	2	2	0.00087298123	0.18181818	0.22222222	0	0	1	0.68245614	0	0.5	0	0.5	0.69314718	0.69314718	2	2	0.69314718
H	Herbal	INSUFFICIENT_TOKEN_SUPPORT	4	4	4	0.00034118048	0.031007752	0.032	0.25	0	0.75	0.20833333	0.75	0	0	0	1.0986123	1.3862944	3	4	0.56233514
H	Pharmaceutical	INSUFFICIENT_TOKEN_SUPPORT	2	2	2	0.00076103501	0.125	0.16666667	0	0	1	0.32142857	0.5	0	0	0	0.69314718	0.69314718	2	2	0.69314718
H	Stars	ELIGIBLE	8	7	7	0.00068364382	0.28	0.28	0	0	1	0.38008034	0.375	0.125	0	0	2.0794415	1.9061547	8	6.7271713	0.97431475
H	Zodiac	INSUFFICIENT_TOKEN_SUPPORT	2	2	1	0.0014981273	0.16666667	0.14285714	0	0	1	0.70497186	0	0.5	0	0	0.69314718	0.69314718	2	2	0.69314718
HCy	Biological	ELIGIBLE	23	11	11	0.0035825545	0.57894737	0.57894737	0	0.13043478	0.86956522	0.57511293	0.30434783	0.43478261	0	0	2.8943995	2.8309404	18.072646	16.961404	1.0747212
HCy	Cosmological	INSUFFICIENT_TOKEN_SUPPORT	3	3	3	0.0013094718	0.27272727	0.33333333	0	0	1	0.27731092	0.66666667	0	0	0	1.0986123	1.0986123	3	3	0.63651417
HCy	Herbal	ELIGIBLE	25	24	24	0.002132378	0.18604651	0.192	0	0.12	0.88	0.58433145	0.16	0.36	0	0.04	2.7860847	3.0280291	16.217399	20.65648	1.0133127
HCy	Pharmaceutical	INSUFFICIENT_TOKEN_SUPPORT	1	1	1	0.0003805175	0.0625	0.083333333	0	0	1	0.83333333	0	1	0	0	-0	-0	1	1	-0
HCy	Stars	ELIGIBLE	25	15	15	0.0021363869	0.6	0.6	0	0.04	0.96	0.5951039	0.12	0.4	0	0.04	3.1634241	3.1780538	23.651441	24	0.97325312
HCy	Text	INSUFFICIENT_TOKEN_SUPPORT	3	2	2	0.001261034	0.28571429	0.33333333	0	0	1	0.53535354	0	0.33333333	0	0.33333333	1.0986123	1.0986123	3	3	0.63651417
HCy	Zodiac	INSUFFICIENT_TOKEN_SUPPORT	1	1	1	0.00074906367	0.083333333	0.14285714	0	0	1	0.37837838	0	0	0	0	-0	-0	1	1	-0
HEdy	Biological	ELIGIBLE	24	9	9	0.0037383178	0.47368421	0.47368421	0	0.083333333	0.91666667	0.56652237	0.25	0.41666667	0	0	2.5539429	2.8152049	12.857701	16.696597	1.0775563
HEdy	Herbal	INSUFFICIENT_TOKEN_SUPPORT	2	2	2	0.00017059024	0.015503876	0.016	0	0	1	0.53333333	0	0.5	0	0	0.69314718	0.69314718	2	2	0.69314718
HEdy	Pharmaceutical	INSUFFICIENT_TOKEN_SUPPORT	3	3	3	0.0011415525	0.1875	0.25	0	0.33333333	0.66666667	0.81904762	0	0.66666667	0	0	1.0986123	0.69314718	3	2	0.63651417
HEdy	Stars	ELIGIBLE	24	13	13	0.0020509315	0.52	0.52	0	0.041666667	0.95833333	0.58407067	0.25	0.5	0	0.041666667	3.1202916	3.1354942	22.652984	23	1.0397208
HEdy	Text	INSUFFICIENT_TOKEN_SUPPORT	4	3	3	0.0016813787	0.42857143	0.5	0	0	1	0.57175117	0	0.25	0	0	1.3862944	1.3862944	4	4	0.56233514
HEdy	Zodiac	INSUFFICIENT_TOKEN_SUPPORT	2	2	2	0.0014981273	0.16666667	0.28571429	0	0	1	0.78517824	0	1	0	0	0.69314718	0.69314718	2	2	-0
HEky	Astronomical	INSUFFICIENT_TOKEN_SUPPORT	1	1	1	0.0011098779	0.125	0.25	0	0	1	0.725	0	1	0	0	-0	-0	1	1	-0
HEky	Biological	ELIGIBLE	10	9	9	0.0015576324	0.47368421	0.47368421	0	0	1	0.4342735	0.5	0.3	0	0	2.1639557	2.3025851	8.7055056	10	1.029653
HEky	Herbal	ELIGIBLE	5	5	5	0.00042647561	0.03875969	0.04	0	0	1	0.48155844	0.4	0.2	0	0	1.332179	1.6094379	3.7892914	5	1.0549202
HEky	Stars	ELIGIBLE	6	6	6	0.00051273287	0.24	0.24	0.16666667	0	0.83333333	0.4712963	0.33333333	0.33333333	0	0	1.6094379	1.7917595	5	6	1.0986123
HEky	Text	INSUFFICIENT_TOKEN_SUPPORT	1	1	1	0.00042034468	0.14285714	0.16666667	0	0	1	0.11111111	1	0	0	0	-0	-0	1	1	-0
HEky	Zodiac	INSUFFICIENT_TOKEN_SUPPORT	1	1	1	0.00074906367	0.083333333	0.14285714	0	0	1	0.92682927	0	1	0	0	-0	-0	1	1	-0
HEo	Pharmaceutical	INSUFFICIENT_TOKEN_SUPPORT	1	1	1	0.0003805175	0.0625	0.083333333	0	0	1	0.5	0	0	0	0	-0	-0	1	1	-0
HEo	Stars	ELIGIBLE	18	14	14	0.0015381986	0.56	0.56	0.22222222	0	0.77777778	0.30623296	0.55555556	0.16666667	0	0	2.4036404	2.5823063	11.063378	13.22761	0.98098968
HEo	Text	INSUFFICIENT_TOKEN_SUPPORT	1	1	1	0.00042034468	0.14285714	0.16666667	0	0	1	0.44444444	0	0	0	0	-0	-0	1	1	-0
HEs	Biological	ELIGIBLE	6	4	4	0.00093457944	0.21052632	0.21052632	0	0	1	0.32354497	0.66666667	0	0	0	1.7917595	1.5607104	6	4.7622032	0.63651417
HEs	Cosmological	INSUFFICIENT_TOKEN_SUPPORT	1	1	1	0.00043649062	0.090909091	0.11111111	0	0	1	0.7804878	0	1	0	0	-0	-0	1	1	-0
HEs	Herbal	ELIGIBLE	11	10	10	0.00093824633	0.07751938	0.08	0	0	1	0.56424964	0.27272727	0.54545455	0	0.090909091	2.3978953	2.3978953	11	11	0.99492363
HEs	Pharmaceutical	INSUFFICIENT_TOKEN_SUPPORT	4	3	3	0.00152207	0.1875	0.25	0.25	0	0.75	0.39144737	0.5	0	0	0	1.0986123	1.3862944	3	4	0.69314718
HEs	Stars	ELIGIBLE	9	8	8	0.0007690993	0.32	0.32	0	0	1	0.46440596	0.33333333	0.22222222	0	0	2.1972246	2.0431919	9	7.7151958	1.0608569
HEs	Text	INSUFFICIENT_TOKEN_SUPPORT	3	3	3	0.001261034	0.42857143	0.5	0	0	1	0.64015152	0	0.33333333	0	0	1.0986123	1.0986123	3	3	0.63651417
HEs	Zodiac	INSUFFICIENT_TOKEN_SUPPORT	3	3	3	0.002247191	0.25	0.42857143	0	0	1	0.54225282	0	0	0	0	1.0986123	1.0986123	3	3	-0
HEy	Astronomical	INSUFFICIENT_TOKEN_SUPPORT	3	3	3	0.0033296337	0.375	0.75	0	0	1	0.61388889	0	0.66666667	0	0	1.0986123	1.0986123	3	3	0.63651417
HEy	Biological	ELIGIBLE	41	17	17	0.0063862928	0.89473684	0.89473684	0.048780488	0.024390244	0.92682927	0.45170609	0.29268293	0.24390244	0	0.024390244	3.3505854	3.4678541	28.519425	32.067854	1.0601801
HEy	Cosmological	ELIGIBLE	5	3	3	0.0021824531	0.27272727	0.33333333	0	0	1	0.41722101	0.4	0.2	0	0	1.6094379	1.6094379	5	5	1.0549202
HEy	Herbal	ELIGIBLE	25	19	18	0.002132378	0.14728682	0.144	0	0	1	0.54393795	0.24	0.48	0	0	2.8652353	2.9970687	17.553182	20.026747	1.0512435
HEy	Pharmaceutical	ELIGIBLE	18	11	10	0.0068493151	0.6875	0.83333333	0	0	1	0.47516654	0.33333333	0.33333333	0	0.11111111	2.7363391	2.7072697	15.430392	14.988297	1.0986123
HEy	Stars	ELIGIBLE	81	23	23	0.0069218937	0.92	0.92	0	0.049382716	0.95061728	0.40872902	0.48148148	0.25925926	0	0.024691358	3.9123379	4.078161	50.015749	59.036804	1.0518708
HEy	Text	ELIGIBLE	5	2	2	0.0021017234	0.28571429	0.33333333	0	0.2	0.8	0.59818182	0.2	0.6	0	0	1.6094379	1.3862944	5	4	0.95027054
HEy	Zodiac	ELIGIBLE	6	6	5	0.004494382	0.5	0.71428571	0	0	1	0.72853839	0.16666667	0.83333333	0	0	1.7917595	1.7917595	6	6	0.45056121
HKey	Biological	ELIGIBLE	7	7	7	0.0010903427	0.36842105	0.36842105	0	0	1	0.43373016	0.28571429	0.14285714	0	0	1.9459101	1.9459101	7	7	0.95569989
HKey	Cosmological	INSUFFICIENT_TOKEN_SUPPORT	2	2	2	0.00087298123	0.18181818	0.22222222	0	0.5	0.5	0.875	0	1	0	0	0.69314718	-0	2	1	-0
HKey	Herbal	ELIGIBLE	6	6	6	0.00051177073	0.046511628	0.048	0	0.16666667	0.83333333	0.5741342	0.33333333	0.33333333	0	0	1.7917595	1.6094379	6	5	1.0986123
HKey	Pharmaceutical	INSUFFICIENT_TOKEN_SUPPORT	1	1	1	0.0003805175	0.0625	0.083333333	0	0	1	0.85714286	0	1	0	0	-0	-0	1	1	-0
HKey	Stars	ELIGIBLE	13	10	10	0.0011109212	0.4	0.4	0	0	1	0.45862471	0.30769231	0.30769231	0	0	2.5649494	2.5649494	13	13	1.0928306
HKey	Text	INSUFFICIENT_TOKEN_SUPPORT	1	1	1	0.00042034468	0.14285714	0.16666667	0	0	1	0.16666667	1	0	0	0	-0	-0	1	1	-0
HKy	Biological	ELIGIBLE	34	16	16	0.0052959502	0.84210526	0.84210526	0.029411765	0.029411765	0.94117647	0.60049126	0.17647059	0.55882353	0	0	2.8998471	3.270607	18.171366	26.327314	0.98312762
HKy	Cosmological	ELIGIBLE	5	4	4	0.0021824531	0.36363636	0.44444444	0	0	1	0.64917051	0	0.4	0	0	1.6094379	1.6094379	5	5	0.67301167
HKy	Herbal	ELIGIBLE	49	34	33	0.0041794609	0.26356589	0.264	0	0.081632653	0.91836735	0.49637517	0.32653061	0.30612245	0	0.020408163	3.5012582	3.5177759	33.157143	33.709371	1.095721
HKy	Pharmaceutical	INSUFFICIENT_TOKEN_SUPPORT	3	3	3	0.0011415525	0.1875	0.25	0	0	1	0.55392157	0	0	0	0	1.0986123	1.0986123	3	3	-0
HKy	Stars	ELIGIBLE	38	16	16	0.0032473082	0.64	0.64	0	0.052631579	0.94736842	0.5425776	0.18421053	0.31578947	0	0	3.455179	3.5835189	31.663956	36	1.0222022
HKy	Text	ELIGIBLE	10	3	3	0.0042034468	0.42857143	0.5	0	0.3	0.7	0.65039044	0.2	0.4	0	0.2	2.1639557	1.9459101	8.7055056	7	1.0549202
HKy	Zodiac	INSUFFICIENT_TOKEN_SUPPORT	1	1	1	0.00074906367	0.083333333	0.14285714	0	1	0	1	0	1	0	0	-0	NA	1	NA	-0
HaN	Herbal	ELIGIBLE	39	28	28	0.0033265097	0.21705426	0.224	0	0.25641026	0.74358974	0.60689311	0.25641026	0.46153846	0.025641026	0.12820513	3.472415	3.1580398	32.214446	23.524438	1.062808
HaN	Stars	ELIGIBLE	8	7	7	0.00068364382	0.28	0.28	0	0	1	0.3645202	0.5	0.125	0	0	2.0794415	2.0794415	8	8	0.97431475
HaN	Text	INSUFFICIENT_TOKEN_SUPPORT	1	1	1	0.00042034468	0.14285714	0.16666667	0	0	1	0.45454545	0	0	0	0	-0	-0	1	1	-0
Hal	Biological	ELIGIBLE	6	5	5	0.00093457944	0.26315789	0.26315789	0.16666667	0.16666667	0.66666667	0.41157407	0.33333333	0.16666667	0	0	1.6094379	1.6094379	5	5	1.0114043
Hal	Cosmological	INSUFFICIENT_TOKEN_SUPPORT	2	2	2	0.00087298123	0.18181818	0.22222222	0	0	1	0.64285714	0	0.5	0	0.5	0.69314718	0.69314718	2	2	0.69314718
Hal	Herbal	ELIGIBLE	7	7	7	0.00059706585	0.054263566	0.056	0	0.28571429	0.71428571	0.70896722	0.14285714	0.71428571	0	0.14285714	1.9459101	1.6094379	7	5	0.79631164
Hal	Pharmaceutical	INSUFFICIENT_TOKEN_SUPPORT	1	1	1	0.0003805175	0.0625	0.083333333	0	0	1	0.625	0	0	0	0	-0	-0	1	1	-0
Hal	Stars	ELIGIBLE	27	13	13	0.0023072979	0.52	0.52	0	0.074074074	0.92592593	0.50549944	0.37037037	0.37037037	0.037037037	0.14814815	3.2444926	3.1634241	25.648693	23.651441	1.0857231
Hal	Text	INSUFFICIENT_TOKEN_SUPPORT	4	3	3	0.0016813787	0.42857143	0.5	0	0.5	0.5	0.675	0.25	0.5	0	0	1.3862944	0.69314718	4	2	1.0397208
Hal	Zodiac	INSUFFICIENT_TOKEN_SUPPORT	2	2	2	0.0014981273	0.16666667	0.28571429	0.5	0	0.5	0.375	0.5	0.5	0	0	-0	0.69314718	1	2	0.69314718
Har	Biological	ELIGIBLE	5	5	5	0.0007788162	0.26315789	0.26315789	0.2	0	0.8	0.45272727	0.4	0.4	0	0.2	1.3862944	1.6094379	4	5	1.0549202
Har	Cosmological	INSUFFICIENT_TOKEN_SUPPORT	3	3	3	0.0013094718	0.27272727	0.33333333	0	0.66666667	0.33333333	0.83333333	0	0.66666667	0	0	1.0986123	-0	3	1	0.63651417
Har	Herbal	ELIGIBLE	35	28	28	0.0029853292	0.21705426	0.224	0.028571429	0	0.97142857	0.48639868	0.4	0.37142857	0	0.11428571	3.4855872	3.4761312	32.641587	32.334386	1.0717287
Har	Pharmaceutical	INSUFFICIENT_TOKEN_SUPPORT	1	1	1	0.0003805175	0.0625	0.083333333	0	0	1	0.5	0	0	0	0	-0	-0	1	1	-0
Har	Stars	ELIGIBLE	36	18	18	0.0030763972	0.72	0.72	0	0.027777778	0.97222222	0.57791084	0.13888889	0.41666667	0	0	3.3764434	3.2631392	29.266496	26.131441	0.99936999
Har	Text	INSUFFICIENT_TOKEN_SUPPORT	1	1	1	0.00042034468	0.14285714	0.16666667	0	0	1	0.4	0	0	0	0	-0	-0	1	1	-0
Har	Zodiac	INSUFFICIENT_TOKEN_SUPPORT	4	4	4	0.0029962547	0.33333333	0.57142857	0.5	0	0.5	0.23333333	0.5	0	0	0	0.69314718	1.3862944	2	4	0.69314718
Hdar	Astronomical	INSUFFICIENT_TOKEN_SUPPORT	1	1	1	0.0011098779	0.125	0.25	0	0	1	0.80555556	0	1	0	0	-0	-0	1	1	-0
Hdar	Biological	INSUFFICIENT_TOKEN_SUPPORT	2	2	2	0.00031152648	0.10526316	0.10526316	0	0	1	0.23611111	1	0	0	0	0.69314718	0.69314718	2	2	-0
Hdar	Cosmological	ELIGIBLE	5	3	2	0.0021824531	0.27272727	0.22222222	0	0	1	0.69173512	0.2	0.6	0	0	1.6094379	1.6094379	5	5	0.95027054
Hdar	Herbal	INSUFFICIENT_TOKEN_SUPPORT	2	2	2	0.00017059024	0.015503876	0.016	0	0	1	0.49444444	0.5	0.5	0	0	0.69314718	0.69314718	2	2	0.69314718
Hdar	Stars	ELIGIBLE	11	7	7	0.00094001025	0.28	0.28	0	0.090909091	0.90909091	0.69282107	0.090909091	0.72727273	0	0	2.3978953	2.3025851	11	10	0.75954739
Hdar	Text	INSUFFICIENT_TOKEN_SUPPORT	1	1	1	0.00042034468	0.14285714	0.16666667	0	0	1	0.66666667	0	1	0	0	-0	-0	1	1	-0
Hdar	Zodiac	INSUFFICIENT_TOKEN_SUPPORT	2	2	2	0.0014981273	0.16666667	0.28571429	0	0	1	0.49237805	0	0	0	0	0.69314718	0.69314718	2	2	-0
Hdy	Biological	ELIGIBLE	18	11	11	0.0028037383	0.57894737	0.57894737	0	0.11111111	0.88888889	0.60942761	0.22222222	0.55555556	0	0	2.6593227	2.5993019	14.286609	13.454343	0.99502699
Hdy	Cosmological	ELIGIBLE	11	7	6	0.0048013968	0.63636364	0.66666667	0	0.27272727	0.72727273	0.61425546	0.27272727	0.45454545	0	0	2.2718685	2.0794415	9.6975038	8	1.0670895
Hdy	Herbal	ELIGIBLE	59	24	23	0.0050324121	0.18604651	0.184	0	0.11864407	0.88135593	0.53797916	0.25423729	0.33898305	0.06779661	0.084745763	3.8337037	3.7912867	46.233456	44.313381	1.08078
Hdy	Pharmaceutical	INSUFFICIENT_TOKEN_SUPPORT	1	1	1	0.0003805175	0.0625	0.083333333	0	0	1	0.88888889	0	1	0	0	-0	-0	1	1	-0
Hdy	Stars	ELIGIBLE	39	16	16	0.0033327636	0.64	0.64	0	0.15384615	0.84615385	0.61539607	0.12820513	0.48717949	0	0	3.6280156	3.270607	37.638055	26.327314	0.98119541
Hdy	Text	ELIGIBLE	16	6	5	0.0067255149	0.85714286	0.83333333	0	0.0625	0.9375	0.58128382	0.1875	0.4375	0.0625	0.0625	2.7725887	2.7080502	16	15	1.0433534
Hdy	Zodiac	INSUFFICIENT_TOKEN_SUPPORT	3	3	3	0.002247191	0.25	0.42857143	0.33333333	0.33333333	0.33333333	0.36917563	0.33333333	0.33333333	0	0	0.69314718	0.69314718	2	2	1.0986123
HeCy	Biological	ELIGIBLE	17	9	9	0.0026479751	0.47368421	0.47368421	0	0	1	0.60310458	0.23529412	0.52941176	0	0.058823529	2.4254797	2.5885732	11.307652	13.310766	1.017603
HeCy	Herbal	INSUFFICIENT_TOKEN_SUPPORT	4	4	4	0.00034118048	0.031007752	0.032	0	0.5	0.5	0.81388889	0	0.75	0	0	1.3862944	0.69314718	4	2	0.56233514
HeCy	Stars	ELIGIBLE	8	6	6	0.00068364382	0.24	0.24	0	0.125	0.875	0.5824991	0.25	0.375	0	0	2.0794415	1.9459101	8	7	1.0821955
HeCy	Text	INSUFFICIENT_TOKEN_SUPPORT	1	1	1	0.00042034468	0.14285714	0.16666667	0	0	1	0.083333333	1	0	0	0	-0	-0	1	1	-0
HeKy	Biological	ELIGIBLE	21	13	13	0.003271028	0.68421053	0.68421053	0	0	1	0.56710816	0.28571429	0.47619048	0.047619048	0.047619048	2.9124944	2.9785084	18.402645	19.658473	1.0529226
HeKy	Cosmological	INSUFFICIENT_TOKEN_SUPPORT	1	1	1	0.00043649062	0.090909091	0.11111111	0	0	1	0.36363636	0	0	0	0	-0	-0	1	1	-0
HeKy	Herbal	ELIGIBLE	8	8	8	0.00068236097	0.062015504	0.064	0	0	1	0.43390152	0.375	0.125	0	0	2.0794415	2.0794415	8	8	0.97431475
HeKy	Pharmaceutical	INSUFFICIENT_TOKEN_SUPPORT	1	1	1	0.0003805175	0.0625	0.083333333	0	0	1	0.42857143	0	0	0	0	-0	-0	1	1	-0
HeKy	Stars	ELIGIBLE	16	9	9	0.0013672876	0.36	0.36	0	0.0625	0.9375	0.50717217	0.25	0.25	0	0	2.6859453	2.6156306	14.672065	13.675837	1.0397208
HeKy	Text	INSUFFICIENT_TOKEN_SUPPORT	1	1	1	0.00042034468	0.14285714	0.16666667	0	0	1	0.6	0	0	0	0	-0	-0	1	1	-0
Heal	Biological	INSUFFICIENT_TOKEN_SUPPORT	4	3	3	0.00062305296	0.15789474	0.15789474	0	0.25	0.75	0.40416667	0.75	0.25	0	0	1.3862944	1.0986123	4	3	0.56233514
Heal	Cosmological	INSUFFICIENT_TOKEN_SUPPORT	2	2	2	0.00087298123	0.18181818	0.22222222	0	0	1	0.33059211	0.5	0	0	0	0.69314718	0.69314718	2	2	0.69314718
Heal	Herbal	INSUFFICIENT_TOKEN_SUPPORT	2	2	2	0.00017059024	0.015503876	0.016	0	0	1	0.2625	0.5	0	0	0	0.69314718	0.69314718	2	2	0.69314718
Heal	Pharmaceutical	INSUFFICIENT_TOKEN_SUPPORT	2	1	1	0.00076103501	0.0625	0.083333333	0	0	1	0.4452381	0	0	0	0	0.69314718	0.69314718	2	2	-0
Heal	Stars	ELIGIBLE	19	7	7	0.0016236541	0.28	0.28	0	0	1	0.43952612	0.47368421	0.31578947	0	0.052631579	2.944439	2.944439	19	19	1.0459782
Heal	Text	INSUFFICIENT_TOKEN_SUPPORT	1	1	1	0.00042034468	0.14285714	0.16666667	0	1	0	1	0	1	0	0	-0	NA	1	NA	-0
Hear	Astronomical	INSUFFICIENT_TOKEN_SUPPORT	1	1	1	0.0011098779	0.125	0.25	1	0	0	0	1	0	0	0	NA	-0	NA	1	-0
Hear	Biological	INSUFFICIENT_TOKEN_SUPPORT	4	2	2	0.00062305296	0.10526316	0.10526316	0	0.25	0.75	0.53125	0.25	0.25	0	0	1.3862944	1.0986123	4	3	1.0397208
Hear	Cosmological	INSUFFICIENT_TOKEN_SUPPORT	4	4	4	0.0017459625	0.36363636	0.44444444	0	0	1	0.59052503	0	0.5	0	0	1.3862944	1.3862944	4	4	0.69314718
Hear	Herbal	ELIGIBLE	15	12	12	0.0012794268	0.093023256	0.096	0	0.066666667	0.93333333	0.50993987	0.33333333	0.33333333	0	0	2.7080502	2.6390573	15	14	1.0986123
Hear	Pharmaceutical	ELIGIBLE	5	4	3	0.0019025875	0.25	0.25	0	0	1	0.39803752	0.6	0.2	0	0	1.6094379	1.6094379	5	5	0.95027054
Hear	Stars	ELIGIBLE	18	8	8	0.0015381986	0.32	0.32	0	0	1	0.54050857	0.27777778	0.38888889	0.055555556	0.055555556	2.553237	2.8133554	12.848628	16.665745	1.0893097
Hear	Text	INSUFFICIENT_TOKEN_SUPPORT	4	3	3	0.0016813787	0.42857143	0.5	0	0	1	0.46958874	0.25	0.25	0	0	1.3862944	1.3862944	4	4	1.0397208
HedaN	Astronomical	INSUFFICIENT_TOKEN_SUPPORT	1	1	1	0.0011098779	0.125	0.25	0	0	1	0.5	0	0	0	0	-0	-0	1	1	-0
HedaN	Biological	ELIGIBLE	6	3	3	0.00093457944	0.15789474	0.15789474	0.16666667	0.16666667	0.66666667	0.54761905	0.16666667	0.5	0	0	1.6094379	1.6094379	5	5	1.0114043
HedaN	Cosmological	ELIGIBLE	5	5	4	0.0021824531	0.45454545	0.44444444	0	0	1	0.50944561	0.4	0.2	0	0	1.332179	1.6094379	3.7892914	5	1.0549202
HedaN	Herbal	INSUFFICIENT_TOKEN_SUPPORT	4	3	3	0.00034118048	0.023255814	0.024	0	0	1	0.6	0.25	0.5	0	0	1.3862944	1.3862944	4	4	1.0397208
HedaN	Stars	ELIGIBLE	21	12	12	0.001794565	0.48	0.48	0	0.047619048	0.95238095	0.50025768	0.33333333	0.38095238	0	0	2.9785084	2.9957323	19.658473	20	1.0917862
HedaN	Zodiac	INSUFFICIENT_TOKEN_SUPPORT	2	2	2	0.0014981273	0.16666667	0.28571429	0	0	1	0.14953887	1	0	0	0	0.69314718	0.69314718	2	2	-0
Hedal	Biological	INSUFFICIENT_TOKEN_SUPPORT	2	2	2	0.00031152648	0.10526316	0.10526316	0	0	1	0.375	0.5	0	0	0	0.69314718	0.69314718	2	2	0.69314718
Hedal	Cosmological	INSUFFICIENT_TOKEN_SUPPORT	2	2	2	0.00087298123	0.18181818	0.22222222	0	0	1	0.46082949	0.5	0.5	0	0	0.69314718	0.69314718	2	2	0.69314718
Hedal	Herbal	INSUFFICIENT_TOKEN_SUPPORT	2	2	2	0.00017059024	0.015503876	0.016	0	0	1	0.2875	0.5	0	0	0	0.69314718	0.69314718	2	2	0.69314718
Hedal	Stars	ELIGIBLE	19	12	12	0.0016236541	0.48	0.48	0.052631579	0.052631579	0.89473684	0.48231651	0.26315789	0.21052632	0	0	2.8133554	2.7072697	16.665745	14.988297	1.0171644
Hedal	Zodiac	INSUFFICIENT_TOKEN_SUPPORT	1	1	1	0.00074906367	0.083333333	0.14285714	0	0	1	0.16666667	1	0	0	0	-0	-0	1	1	-0
Hedar	Astronomical	INSUFFICIENT_TOKEN_SUPPORT	1	1	1	0.0011098779	0.125	0.25	0	0	1	0.425	0	0	0	0	-0	-0	1	1	-0
Hedar	Biological	ELIGIBLE	5	4	4	0.0007788162	0.21052632	0.21052632	0	0	1	0.50757576	0	0.2	0	0	1.332179	1.6094379	3.7892914	5	0.50040242
Hedar	Herbal	INSUFFICIENT_TOKEN_SUPPORT	2	2	2	0.00017059024	0.015503876	0.016	0	0	1	0.29365079	0.5	0	0	0	0.69314718	0.69314718	2	2	0.69314718
Hedar	Stars	ELIGIBLE	24	14	14	0.0020509315	0.56	0.56	0	0	1	0.52037893	0.29166667	0.375	0	0	3.004767	3.1780538	20.181514	24	1.0933903
Hedar	Text	INSUFFICIENT_TOKEN_SUPPORT	1	1	1	0.00042034468	0.14285714	0.16666667	0	0	1	0.4	0	0	0	0	-0	-0	1	1	-0
Hedar	Zodiac	INSUFFICIENT_TOKEN_SUPPORT	1	1	1	0.00074906367	0.083333333	0.14285714	0	0	1	0.63636364	0	0	0	0	-0	-0	1	1	-0
Hedy	Astronomical	INSUFFICIENT_TOKEN_SUPPORT	1	1	1	0.0011098779	0.125	0.25	0	0	1	0.15384615	1	0	0	0	-0	-0	1	1	-0
Hedy	Biological	ELIGIBLE	184	19	19	0.028660436	1	1	0.02173913	0.065217391	0.91304348	0.55490516	0.26086957	0.41847826	0.016304348	0.027173913	4.0771804	4.2605597	58.978939	70.849628	1.0797978
Hedy	Cosmological	ELIGIBLE	13	6	5	0.005674378	0.54545455	0.55555556	0	0.15384615	0.84615385	0.68068471	0.076923077	0.53846154	0	0	2.5649494	2.3978953	13	11	0.898137
Hedy	Herbal	ELIGIBLE	66	29	28	0.005629478	0.2248062	0.224	0	0.045454545	0.95454545	0.55092382	0.24242424	0.42424242	0	0.060606061	3.9586057	3.8844723	52.384235	48.641267	1.073502
Hedy	Pharmaceutical	INSUFFICIENT_TOKEN_SUPPORT	1	1	1	0.0003805175	0.0625	0.083333333	0	0	1	0.5	0	0	0	0	-0	-0	1	1	-0
Hedy	Stars	ELIGIBLE	198	23	23	0.016920185	0.92	0.92	0.01010101	0.080808081	0.90909091	0.55969601	0.23232323	0.42929293	0.025252525	0.045454545	4.6994679	4.5295934	109.88869	92.720857	1.0687859
Hedy	Text	ELIGIBLE	40	5	4	0.016813787	0.71428571	0.66666667	0	0.05	0.95	0.58297057	0.3	0.525	0.025	0.025	3.6542221	3.4916604	38.637453	32.840432	1.0044989
Hedy	Zodiac	INSUFFICIENT_TOKEN_SUPPORT	4	3	3	0.0029962547	0.25	0.42857143	0	0	1	0.63215488	0	0.5	0.25	0.25	1.3862944	1.3862944	4	4	0.69314718
Heky	Astronomical	INSUFFICIENT_TOKEN_SUPPORT	2	2	2	0.0022197558	0.25	0.5	0	0.5	0.5	0.58823529	0.5	0.5	0	0	0.69314718	-0	2	1	0.69314718
Heky	Biological	ELIGIBLE	10	8	8	0.0015576324	0.42105263	0.42105263	0	0	1	0.3530525	0.5	0.2	0	0	2.1639557	2.3025851	8.7055056	10	1.029653
Heky	Cosmological	INSUFFICIENT_TOKEN_SUPPORT	4	2	2	0.0017459625	0.18181818	0.22222222	0	0	1	0.54334042	0.25	0.5	0	0	1.3862944	1.3862944	4	4	1.0397208
Heky	Herbal	ELIGIBLE	28	21	21	0.0023882634	0.1627907	0.168	0	0.10714286	0.89285714	0.56152815	0.32142857	0.46428571	0	0.035714286	3.282694	3.1079723	26.647464	22.375627	1.051136
Heky	Pharmaceutical	INSUFFICIENT_TOKEN_SUPPORT	4	3	3	0.00152207	0.1875	0.25	0	0.25	0.75	0.66666667	0	0.5	0	0	1.3862944	1.0986123	4	3	0.69314718
Heky	Stars	ELIGIBLE	13	11	11	0.0011109212	0.44	0.44	0	0.15384615	0.84615385	0.5549395	0.38461538	0.46153846	0	0	2.4583113	2.3978953	11.685063	11	1.0123308
Heky	Text	INSUFFICIENT_TOKEN_SUPPORT	3	1	1	0.001261034	0.14285714	0.16666667	0	0	1	0.36296296	0.66666667	0.33333333	0	0	1.0986123	1.0986123	3	3	0.63651417
Heky	Zodiac	INSUFFICIENT_TOKEN_SUPPORT	2	2	2	0.0014981273	0.16666667	0.28571429	0	0	1	0.62606838	0	0.5	0	0	0.69314718	0.69314718	2	2	0.69314718
Heo	Astronomical	INSUFFICIENT_TOKEN_SUPPORT	4	4	3	0.0044395117	0.5	0.75	0	0	1	0.57025376	0.25	0.25	0	0	1.3862944	1.3862944	4	4	1.0397208
Heo	Cosmological	INSUFFICIENT_TOKEN_SUPPORT	3	3	3	0.0013094718	0.27272727	0.33333333	0	0	1	0.36278404	0.66666667	0	0	0	1.0986123	1.0986123	3	3	0.63651417
Heo	Herbal	ELIGIBLE	16	14	14	0.0013647219	0.10852713	0.112	0	0	1	0.42101371	0.375	0.25	0	0	2.7725887	2.5665989	16	13.021462	1.0821955
Heo	Pharmaceutical	ELIGIBLE	13	8	7	0.0049467275	0.5	0.58333333	0	0	1	0.60825617	0.15384615	0.53846154	0	0	2.2450353	2.4583113	9.4407486	11.685063	0.98396145
Heo	Stars	ELIGIBLE	38	15	15	0.0032473082	0.6	0.6	0.052631579	0	0.94736842	0.39420915	0.44736842	0.28947368	0	0	3.5065026	3.5143722	33.33149	33.59483	1.070025
Heo	Text	INSUFFICIENT_TOKEN_SUPPORT	2	2	2	0.00084068937	0.28571429	0.33333333	0.5	0	0.5	0.44444444	0.5	0.5	0	0	-0	0.69314718	1	2	0.69314718
Heo	Zodiac	INSUFFICIENT_TOKEN_SUPPORT	3	3	1	0.002247191	0.25	0.14285714	0	0	1	0.21820557	1	0	0	0	1.0986123	1.0986123	3	3	-0
Heody	Astronomical	INSUFFICIENT_TOKEN_SUPPORT	3	3	2	0.0033296337	0.375	0.5	0	0	1	0.29273504	0.66666667	0	0	0	1.0986123	1.0986123	3	3	0.63651417
Heody	Cosmological	ELIGIBLE	5	4	4	0.0021824531	0.36363636	0.44444444	0	0.2	0.8	0.53233083	0.2	0.2	0	0	1.6094379	1.3862944	5	4	0.95027054
Heody	Herbal	ELIGIBLE	23	18	17	0.0019617878	0.13953488	0.136	0	0.17391304	0.82608696	0.51886724	0.39130435	0.39130435	0	0.043478261	3.1354942	2.8714761	23	17.663072	1.0660493
Heody	Pharmaceutical	ELIGIBLE	19	9	8	0.0072298326	0.5625	0.66666667	0.052631579	0.10526316	0.84210526	0.57284879	0.15789474	0.36842105	0	0.10526316	2.8903718	2.8332133	18	17	1.013269
Heody	Stars	ELIGIBLE	34	18	18	0.0029054862	0.72	0.72	0.029411765	0.17647059	0.79411765	0.60822193	0.20588235	0.5	0	0	3.3546248	3.2331835	28.634858	25.360263	1.0318944
Heody	Text	INSUFFICIENT_TOKEN_SUPPORT	4	4	3	0.0016813787	0.57142857	0.5	0	0	1	0.41493506	0.5	0.25	0	0	1.3862944	1.3862944	4	4	1.0397208
Heody	Zodiac	INSUFFICIENT_TOKEN_SUPPORT	3	2	2	0.002247191	0.16666667	0.28571429	0	0	1	0.61725362	0.33333333	0.66666667	0	0	1.0986123	1.0986123	3	3	0.63651417
Heol	Astronomical	INSUFFICIENT_TOKEN_SUPPORT	2	2	2	0.0022197558	0.25	0.5	0	0	1	0.19166667	0.5	0	0	0	0.69314718	0.69314718	2	2	0.69314718
Heol	Biological	ELIGIBLE	28	13	13	0.0043613707	0.68421053	0.68421053	0.10714286	0	0.89285714	0.36805427	0.42857143	0.14285714	0	0	2.9970687	3.183673	20.026747	24.135239	1.0042425
Heol	Cosmological	INSUFFICIENT_TOKEN_SUPPORT	1	1	1	0.00043649062	0.090909091	0.11111111	0	0	1	0.88679245	0	1	0	0	-0	-0	1	1	-0
Heol	Herbal	ELIGIBLE	35	29	28	0.0029853292	0.2248062	0.224	0	0	1	0.4677551	0.37142857	0.37142857	0	0.057142857	3.4611813	3.3176976	31.854584	27.596739	1.0849565
Heol	Pharmaceutical	ELIGIBLE	37	12	10	0.014079148	0.75	0.83333333	0	0.081081081	0.91891892	0.50647545	0.2972973	0.2972973	0.027027027	0.027027027	3.3203623	3.4040404	27.670374	30.085413	1.0872842
Heol	Stars	ELIGIBLE	58	22	22	0.0049564177	0.88	0.88	0.068965517	0.034482759	0.89655172	0.38425707	0.55172414	0.25862069	0.017241379	0.034482759	3.7802099	3.9758412	43.825239	53.294929	0.99318181
Heol	Text	ELIGIBLE	6	4	4	0.0025220681	0.57142857	0.66666667	0	0	1	0.46437266	0.33333333	0.16666667	0	0	1.7917595	1.5607104	6	4.7622032	1.0114043
Heol	Zodiac	INSUFFICIENT_TOKEN_SUPPORT	4	4	3	0.0029962547	0.33333333	0.42857143	0	0	1	0.36454518	0.5	0.25	0	0	1.3862944	1.3862944	4	4	1.0397208
Heor	Astronomical	INSUFFICIENT_TOKEN_SUPPORT	4	4	2	0.0044395117	0.5	0.5	0	0	1	0.55963828	0.25	0.25	0	0	1.3862944	1.3862944	4	4	1.0397208
Heor	Biological	ELIGIBLE	10	6	6	0.0015576324	0.31578947	0.31578947	0.1	0	0.9	0.43789683	0.5	0.4	0	0	2.1972246	2.1639557	9	8.7055056	0.94334839
Heor	Cosmological	INSUFFICIENT_TOKEN_SUPPORT	2	2	2	0.00087298123	0.18181818	0.22222222	0	0	1	0.42580645	0	0	0	0	0.69314718	0.69314718	2	2	-0
Heor	Herbal	ELIGIBLE	33	24	24	0.002814739	0.18604651	0.192	0	0.060606061	0.93939394	0.41934269	0.45454545	0.24242424	0	0.03030303	3.3126159	3.1935124	27.456855	24.373887	1.0637156
Heor	Pharmaceutical	ELIGIBLE	21	9	8	0.0079908676	0.5625	0.66666667	0.047619048	0.095238095	0.85714286	0.47241737	0.38095238	0.38095238	0	0	2.9957323	2.7985133	20	16.420216	1.0769865
Heor	Stars	ELIGIBLE	14	9	9	0.0011963767	0.36	0.36	0	0	1	0.33313056	0.57142857	0.14285714	0	0.071428571	2.5400363	2.6390573	12.680131	14	0.95569989
Heor	Text	INSUFFICIENT_TOKEN_SUPPORT	3	3	3	0.001261034	0.42857143	0.5	0.33333333	0	0.66666667	0.5	0.33333333	0.66666667	0	0	0.69314718	1.0986123	2	3	0.63651417
Heor	Zodiac	ELIGIBLE	6	5	4	0.004494382	0.41666667	0.57142857	0	0.16666667	0.83333333	0.65319495	0.16666667	0.5	0	0	1.7917595	1.6094379	6	5	1.0114043
Heos	Astronomical	INSUFFICIENT_TOKEN_SUPPORT	3	3	2	0.0033296337	0.375	0.5	0	0	1	0.41608392	0.33333333	0.33333333	0	0	1.0986123	1.0986123	3	3	1.0986123
Heos	Cosmological	INSUFFICIENT_TOKEN_SUPPORT	1	1	1	0.00043649062	0.090909091	0.11111111	0	0	1	0.5	0	0	0	0	-0	-0	1	1	-0
Heos	Herbal	ELIGIBLE	14	13	13	0.0011941317	0.10077519	0.104	0	0	1	0.42176871	0.42857143	0.28571429	0	0	2.5400363	2.6390573	12.680131	14	1.0789922
Heos	Pharmaceutical	ELIGIBLE	6	6	6	0.002283105	0.375	0.5	0	0	1	0.47876984	0.16666667	0.33333333	0	0.16666667	1.7917595	1.7917595	6	6	1.0114043
Heos	Stars	ELIGIBLE	13	10	10	0.0011109212	0.4	0.4	0	0.15384615	0.84615385	0.53440726	0.30769231	0.46153846	0	0	2.5649494	2.3978953	13	11	1.0579054
Hes	Astronomical	INSUFFICIENT_TOKEN_SUPPORT	2	1	1	0.0022197558	0.125	0.25	0	0	1	0.44230769	0	0	0	0	0.69314718	0.69314718	2	2	-0
Hes	Biological	ELIGIBLE	9	8	8	0.0014018692	0.42105263	0.42105263	0	0	1	0.50493827	0.33333333	0.44444444	0	0	2.0431919	1.8891592	7.7151958	6.6138052	1.0608569
Hes	Cosmological	INSUFFICIENT_TOKEN_SUPPORT	3	3	3	0.0013094718	0.27272727	0.33333333	0	0	1	0.38403964	0.33333333	0	0	0	1.0986123	1.0986123	3	3	0.63651417
Hes	Herbal	ELIGIBLE	6	6	6	0.00051177073	0.046511628	0.048	0	0	1	0.5020202	0.16666667	0.33333333	0	0	1.7917595	1.7917595	6	6	1.0114043
Hes	Pharmaceutical	INSUFFICIENT_TOKEN_SUPPORT	3	3	3	0.0011415525	0.1875	0.25	0	0.33333333	0.66666667	0.62727273	0.33333333	0.66666667	0	0	1.0986123	0.69314718	3	2	0.63651417
Hes	Stars	ELIGIBLE	12	8	8	0.0010254657	0.32	0.32	0	0.083333333	0.91666667	0.56710373	0.16666667	0.33333333	0	0	2.3693821	2.1458418	10.690785	8.5492345	1.0114043
Hes	Text	INSUFFICIENT_TOKEN_SUPPORT	3	3	3	0.001261034	0.42857143	0.5	0	0	1	0.31565657	0.33333333	0	0	0	1.0986123	0.63651417	3	1.8898816	0.63651417
Hes	Zodiac	INSUFFICIENT_TOKEN_SUPPORT	4	2	2	0.0029962547	0.16666667	0.28571429	0	0.25	0.75	0.82336957	0	1	0	0	1.3862944	1.0986123	4	3	-0
Hety	Astronomical	INSUFFICIENT_TOKEN_SUPPORT	1	1	1	0.0011098779	0.125	0.25	0	1	0	1	0	1	0	0	-0	NA	1	NA	-0
Hety	Biological	INSUFFICIENT_TOKEN_SUPPORT	4	4	4	0.00062305296	0.21052632	0.21052632	0	0	1	0.30625	0.5	0	0	0	1.3862944	1.3862944	4	4	0.69314718
Hety	Cosmological	INSUFFICIENT_TOKEN_SUPPORT	1	1	1	0.00043649062	0.090909091	0.11111111	0	0	1	0.70588235	0	1	0	0	-0	-0	1	1	-0
Hety	Herbal	ELIGIBLE	12	11	11	0.0010235415	0.085271318	0.088	0	0	1	0.4851912	0.41666667	0.33333333	0	0	2.4849066	2.4849066	12	12	1.0775563
Hety	Stars	INSUFFICIENT_TOKEN_SUPPORT	3	3	3	0.00025636643	0.12	0.12	0	0	1	0.64273504	0	0.66666667	0	0	1.0986123	1.0986123	3	3	0.63651417
Hety	Text	INSUFFICIENT_TOKEN_SUPPORT	1	1	1	0.00042034468	0.14285714	0.16666667	0	0	1	0.5	0	0	0	0	-0	-0	1	1	-0
Hey	Astronomical	INSUFFICIENT_TOKEN_SUPPORT	2	2	1	0.0022197558	0.25	0.25	0	0	1	0.78506787	0	0.5	0	0	0.69314718	0.69314718	2	2	0.69314718
Hey	Biological	ELIGIBLE	76	17	17	0.011838006	0.89473684	0.89473684	0.013157895	0.065789474	0.92105263	0.49979242	0.26315789	0.34210526	0	0.013157895	3.8380678	3.8158007	46.435663	45.413104	1.0851929
Hey	Cosmological	ELIGIBLE	12	5	5	0.0052378874	0.45454545	0.55555556	0.083333333	0.16666667	0.75	0.63867832	0.083333333	0.5	0	0.083333333	2.3978953	2.3025851	11	10	0.91842778
Hey	Herbal	ELIGIBLE	79	49	49	0.0067383146	0.37984496	0.392	0.012658228	0.050632911	0.93670886	0.45180649	0.34177215	0.24050633	0.012658228	0.025316456	3.9566425	4.181124	52.281495	65.439366	1.0742999
Hey	Pharmaceutical	ELIGIBLE	23	12	9	0.0087519026	0.75	0.75	0	0.043478261	0.95652174	0.46787073	0.43478261	0.30434783	0	0.086956522	2.9546732	3.0280291	19.195449	20.65648	1.0747212
Hey	Stars	ELIGIBLE	127	24	24	0.010852846	0.96	0.96	0.0078740157	0.039370079	0.95275591	0.44841386	0.37795276	0.2519685	0.0078740157	0.0078740157	4.3177162	4.3254152	75.017105	75.596897	1.0829419
Hey	Text	ELIGIBLE	27	6	5	0.011349306	0.85714286	0.83333333	0.074074074	0.074074074	0.85185185	0.42476186	0.33333333	0.18518519	0	0	3.1634241	3.2188758	23.651441	25	1.030409
Hey	Zodiac	ELIGIBLE	6	5	5	0.004494382	0.41666667	0.71428571	0	0	1	0.54761633	0	0.33333333	0	0	1.7917595	1.7917595	6	6	0.63651417
Hl	Biological	ELIGIBLE	6	6	6	0.00093457944	0.31578947	0.31578947	0	0.16666667	0.83333333	0.71322751	0.16666667	0.66666667	0	0.16666667	1.7917595	1.332179	6	3.7892914	0.86756323
Hl	Herbal	ELIGIBLE	7	6	6	0.00059706585	0.046511628	0.048	0	0	1	0.43333333	0	0	0	0	1.7478681	1.9459101	5.7423475	7	-0
Hl	Pharmaceutical	INSUFFICIENT_TOKEN_SUPPORT	1	1	1	0.0003805175	0.0625	0.083333333	0	0	1	0.41666667	0	0	0	0	-0	-0	1	1	-0
Hl	Stars	ELIGIBLE	16	9	9	0.0013672876	0.36	0.36	0	0	1	0.40848995	0.375	0.125	0	0.0625	2.6859453	2.2696394	14.672065	9.6759108	0.97431475
Ho	Astronomical	INSUFFICIENT_TOKEN_SUPPORT	4	4	3	0.0044395117	0.5	0.75	0.25	0	0.75	0.45331197	0.5	0.25	0	0	1.0986123	1.3862944	3	4	1.0397208
Ho	Cosmological	INSUFFICIENT_TOKEN_SUPPORT	2	2	2	0.00087298123	0.18181818	0.22222222	0	0	1	0.5483871	0.5	0.5	0	0	0.69314718	0.69314718	2	2	0.69314718
Ho	Herbal	ELIGIBLE	54	38	38	0.0046059365	0.29457364	0.304	0.018518519	0.018518519	0.96296296	0.39874673	0.40740741	0.14814815	0	0.037037037	3.8296368	3.7837351	46.045812	43.980005	1.0091367
Ho	Pharmaceutical	ELIGIBLE	7	5	5	0.0026636225	0.3125	0.41666667	0	0.14285714	0.85714286	0.54482375	0.28571429	0.28571429	0	0	1.7478681	1.7917595	5.7423475	6	1.0789922
Ho	Stars	ELIGIBLE	16	11	11	0.0013672876	0.44	0.44	0	0	1	0.5578373	0.1875	0.375	0	0	2.7725887	2.6859453	16	14.672065	1.0433534
Ho	Text	INSUFFICIENT_TOKEN_SUPPORT	1	1	1	0.00042034468	0.14285714	0.16666667	1	0	0	0	1	0	0	0	NA	-0	NA	1	-0
Ho	Zodiac	INSUFFICIENT_TOKEN_SUPPORT	1	1	1	0.00074906367	0.083333333	0.14285714	0	0	1	0.79069767	0	1	0	0	-0	-0	1	1	-0
HoKy	Astronomical	INSUFFICIENT_TOKEN_SUPPORT	3	3	3	0.0033296337	0.375	0.75	0	0.33333333	0.66666667	0.75997151	0	0.33333333	0	0	1.0986123	0.69314718	3	2	0.63651417
HoKy	Herbal	ELIGIBLE	7	7	7	0.00059706585	0.054263566	0.056	0.14285714	0.14285714	0.71428571	0.38296228	0.57142857	0.28571429	0	0	1.7917595	1.7917595	6	6	0.95569989
HoKy	Pharmaceutical	ELIGIBLE	5	5	5	0.0019025875	0.3125	0.41666667	0	0	1	0.34015873	0.8	0.2	0	0	1.6094379	1.332179	5	3.7892914	0.50040242
HoKy	Stars	ELIGIBLE	7	7	7	0.00059818834	0.28	0.28	0	0.14285714	0.85714286	0.47662655	0.28571429	0.14285714	0	0	1.9459101	1.7917595	7	6	0.95569989
HoKy	Zodiac	INSUFFICIENT_TOKEN_SUPPORT	1	1	1	0.00074906367	0.083333333	0.14285714	1	1	0	0	1	0	0	0	NA	NA	NA	NA	-0
HodaN	Herbal	ELIGIBLE	24	21	21	0.0020470829	0.1627907	0.168	0.125	0.125	0.75	0.48209325	0.375	0.375	0	0	3.0445224	2.9124944	21	18.402645	1.0821955
HodaN	Pharmaceutical	ELIGIBLE	5	4	4	0.0019025875	0.25	0.33333333	0	0.2	0.8	0.70549451	0.2	0.6	0	0	1.6094379	1.3862944	5	4	0.95027054
HodaN	Stars	ELIGIBLE	13	9	9	0.0011109212	0.36	0.36	0.076923077	0.076923077	0.84615385	0.53748474	0.23076923	0.46153846	0	0	2.4849066	2.4849066	12	12	1.0579054
HodaN	Text	INSUFFICIENT_TOKEN_SUPPORT	3	3	3	0.001261034	0.42857143	0.5	0	0	1	0.52314815	0	0.33333333	0	0	1.0986123	1.0986123	3	3	0.63651417
HodaN	Zodiac	INSUFFICIENT_TOKEN_SUPPORT	1	1	1	0.00074906367	0.083333333	0.14285714	0	0	1	0.76190476	0	1	0	0	-0	-0	1	1	-0
Hody	Astronomical	INSUFFICIENT_TOKEN_SUPPORT	1	1	1	0.0011098779	0.125	0.25	0	0	1	0.375	0	0	0	0	-0	-0	1	1	-0
Hody	Cosmological	ELIGIBLE	5	4	3	0.0021824531	0.36363636	0.33333333	0	0	1	0.58673528	0	0.4	0	0	1.6094379	1.6094379	5	5	0.67301167
Hody	Herbal	ELIGIBLE	46	35	34	0.0039235756	0.27131783	0.272	0.02173913	0.10869565	0.86956522	0.5399975	0.26086957	0.36956522	0	0.043478261	3.6834363	3.5655617	39.782866	35.359309	1.0862907
Hody	Pharmaceutical	ELIGIBLE	12	8	7	0.00456621	0.5	0.58333333	0	0.33333333	0.66666667	0.75671296	0	0.58333333	0	0.083333333	2.3693821	2.0794415	10.690785	8	0.67919327
Hody	Stars	ELIGIBLE	23	14	14	0.001965476	0.56	0.56	0	0.043478261	0.95652174	0.61398517	0.13043478	0.56521739	0	0.043478261	3.1354942	2.9650157	23	19.395008	0.95020945
Hody	Text	ELIGIBLE	5	3	2	0.0021017234	0.42857143	0.33333333	0	0	1	0.58838384	0.2	0.4	0	0	1.6094379	1.6094379	5	5	1.0549202
Hoky	Cosmological	INSUFFICIENT_TOKEN_SUPPORT	4	3	2	0.0017459625	0.27272727	0.22222222	0	0	1	0.68817981	0.25	0.75	0	0.25	1.3862944	1.3862944	4	4	0.56233514
Hoky	Herbal	ELIGIBLE	23	20	20	0.0019617878	0.15503876	0.16	0.043478261	0.17391304	0.7826087	0.58699573	0.30434783	0.56521739	0.043478261	0.043478261	2.9650157	2.7985133	19.395008	16.420216	0.95020945
Hoky	Pharmaceutical	ELIGIBLE	6	5	5	0.002283105	0.3125	0.41666667	0.16666667	0.66666667	0.16666667	0.67460317	0.16666667	0.66666667	0	0	1.6094379	0.69314718	5	2	0.86756323
Hoky	Stars	ELIGIBLE	6	5	5	0.00051273287	0.2	0.2	0	0	1	0.58213083	0.33333333	0.5	0	0	1.7917595	1.7917595	6	6	1.0114043
Hoky	Text	INSUFFICIENT_TOKEN_SUPPORT	1	1	1	0.00042034468	0.14285714	0.16666667	0	0	1	0.083333333	1	0	0	0	-0	-0	1	1	-0
Hol	Astronomical	ELIGIBLE	6	6	3	0.0066592675	0.75	0.75	0.16666667	0.16666667	0.66666667	0.66975933	0.16666667	0.66666667	0	0	1.6094379	1.6094379	5	5	0.86756323
Hol	Biological	ELIGIBLE	10	7	7	0.0015576324	0.36842105	0.36842105	0.1	0	0.9	0.38289072	0.4	0.1	0	0.1	2.0431919	2.3025851	7.7151958	10	0.94334839
Hol	Cosmological	ELIGIBLE	13	5	4	0.005674378	0.45454545	0.44444444	0	0	1	0.50474879	0.30769231	0.46153846	0	0	2.5649494	2.4583113	13	11.685063	1.0579054
Hol	Herbal	ELIGIBLE	228	86	84	0.019447288	0.66666667	0.672	0.043859649	0.0087719298	0.94736842	0.42907078	0.33333333	0.22368421	0.087719298	0.21052632	4.5942579	4.2363695	98.914707	69.156323	1.0618631
Hol	Pharmaceutical	ELIGIBLE	44	14	11	0.01674277	0.875	0.91666667	0.045454545	0	0.95454545	0.39247965	0.38636364	0.18181818	0.045454545	0.11363636	3.6386486	3.425724	38.040394	30.744897	1.0399965
Hol	Stars	ELIGIBLE	72	23	23	0.0061527944	0.92	0.92	0.069444444	0.041666667	0.88888889	0.46171768	0.33333333	0.25	0.013888889	0.013888889	3.9821637	4.0582101	53.632953	57.870636	1.0775563
Hol	Text	ELIGIBLE	20	5	4	0.0084068937	0.71428571	0.66666667	0	0	1	0.41723304	0.35	0.3	0.05	0.1	2.9957323	2.9957323	20	20	1.0960673
Hol	Zodiac	ELIGIBLE	5	4	3	0.0037453184	0.33333333	0.42857143	0	0	1	0.44013843	0.4	0.2	0	0	1.6094379	1.6094379	5	5	1.0549202
Hor	Astronomical	INSUFFICIENT_TOKEN_SUPPORT	2	1	1	0.0022197558	0.125	0.25	0.5	0	0.5	0.0625	1	0	0	0	-0	0.69314718	1	2	-0
Hor	Cosmological	INSUFFICIENT_TOKEN_SUPPORT	3	2	2	0.0013094718	0.18181818	0.22222222	0.33333333	0	0.66666667	0.37662338	0.66666667	0.33333333	0	0	0.69314718	1.0986123	2	3	0.63651417
Hor	Herbal	ELIGIBLE	156	75	75	0.013306039	0.58139535	0.6	0.044871795	0.038461538	0.91666667	0.40697541	0.45512821	0.21794872	0.038461538	0.12179487	4.5525374	4.5049928	94.872834	90.467697	1.0558199
Hor	Pharmaceutical	ELIGIBLE	25	14	11	0.0095129376	0.875	0.91666667	0.12	0.04	0.84	0.4422651	0.44	0.4	0	0.12	2.8389889	3.0625293	17.098469	21.381569	1.0209608
Hor	Stars	ELIGIBLE	19	12	12	0.0016236541	0.48	0.48	0	0	1	0.47464933	0.31578947	0.31578947	0.052631579	0.052631579	2.944439	2.698011	19	14.850166	1.0958872
Hor	Text	ELIGIBLE	7	4	3	0.0029424128	0.57142857	0.5	0	0	1	0.60209235	0.14285714	0.42857143	0	0	1.9459101	1.9459101	7	7	1.0042425
Hos	Astronomical	INSUFFICIENT_TOKEN_SUPPORT	3	2	2	0.0033296337	0.25	0.5	0	0	1	0.42836257	0	0	0	0	1.0986123	1.0986123	3	3	-0
Hos	Herbal	ELIGIBLE	14	13	12	0.0011941317	0.10077519	0.096	0	0.071428571	0.92857143	0.4922619	0.28571429	0.28571429	0	0.071428571	2.5400363	2.5649494	12.680131	13	1.0789922
Hos	Pharmaceutical	ELIGIBLE	9	6	6	0.0034246575	0.375	0.5	0.22222222	0	0.77777778	0.42996633	0.22222222	0.22222222	0	0	1.9459101	2.1972246	7	9	0.99502699
Hos	Stars	ELIGIBLE	13	7	7	0.0011109212	0.28	0.28	0.076923077	0.15384615	0.76923077	0.58632479	0.30769231	0.46153846	0	0	2.4849066	2.3978953	12	11	1.0579054
Hoty	Biological	INSUFFICIENT_TOKEN_SUPPORT	1	1	1	0.00015576324	0.052631579	0.052631579	0	0	1	0.85714286	0	1	0	0	-0	-0	1	1	-0
Hoty	Cosmological	INSUFFICIENT_TOKEN_SUPPORT	1	1	1	0.00043649062	0.090909091	0.11111111	0	0	1	0.056603774	1	0	0	0	-0	-0	1	1	-0
Hoty	Herbal	ELIGIBLE	21	16	16	0.0017911975	0.12403101	0.128	0.095238095	0.095238095	0.80952381	0.52853192	0.33333333	0.42857143	0	0.047619048	2.944439	2.7985133	19	16.420216	1.0710185
Hoty	Pharmaceutical	INSUFFICIENT_TOKEN_SUPPORT	2	2	2	0.00076103501	0.125	0.16666667	0	0	1	0.3047619	0.5	0	0	0	0.69314718	0.69314718	2	2	0.69314718
Hoty	Stars	ELIGIBLE	8	5	5	0.00068364382	0.2	0.2	0	0.25	0.75	0.75440115	0	0.75	0	0	2.0794415	1.7917595	8	6	0.56233514
Hoty	Text	INSUFFICIENT_TOKEN_SUPPORT	4	3	3	0.0016813787	0.42857143	0.5	0	0	1	0.39930556	0.5	0.25	0	0	1.3862944	1.3862944	4	4	1.0397208
Hoty	Zodiac	INSUFFICIENT_TOKEN_SUPPORT	2	2	2	0.0014981273	0.16666667	0.28571429	0	0	1	0.57671958	0	0	0	0	0.69314718	0.69314718	2	2	-0
Hy	Astronomical	ELIGIBLE	5	4	3	0.0055493896	0.5	0.75	0	0.2	0.8	0.70794118	0.2	0.6	0	0	1.6094379	1.3862944	5	4	0.95027054
Hy	Biological	ELIGIBLE	8	6	6	0.0012461059	0.31578947	0.31578947	0	0.25	0.75	0.65763889	0.125	0.375	0	0	1.9061547	1.7917595	6.7271713	6	0.97431475
Hy	Cosmological	ELIGIBLE	9	7	5	0.0039284155	0.63636364	0.55555556	0	0.11111111	0.88888889	0.45012182	0.55555556	0.44444444	0	0.11111111	2.1972246	2.0794415	9	8	0.68696158
Hy	Herbal	ELIGIBLE	111	64	64	0.0094677584	0.49612403	0.512	0.018018018	0.036036036	0.94594595	0.48425833	0.2972973	0.35135135	0.009009009	0.12612613	4.2834787	4.108215	72.492179	60.838025	1.0956333
Hy	Pharmaceutical	ELIGIBLE	6	5	5	0.002283105	0.3125	0.41666667	0	0.16666667	0.83333333	0.50076923	0.16666667	0.16666667	0	0	1.7917595	1.6094379	6	5	0.86756323
Hy	Stars	ELIGIBLE	16	10	10	0.0013672876	0.4	0.4	0	0.125	0.875	0.55344066	0.1875	0.375	0	0	2.7725887	2.5400363	16	12.680131	1.0433534
Hy	Text	ELIGIBLE	5	4	4	0.0021017234	0.57142857	0.66666667	0	0.2	0.8	0.64944444	0	0.4	0	0	1.6094379	1.3862944	5	4	0.67301167
Hy	Zodiac	ELIGIBLE	6	5	4	0.004494382	0.41666667	0.57142857	0	0	1	0.51619424	0.33333333	0.33333333	0	0	1.7917595	1.7917595	6	6	1.0986123
Key	Biological	INSUFFICIENT_TOKEN_SUPPORT	1	1	1	0.00015576324	0.052631579	0.052631579	0	0	1	0.33333333	0	0	0	0	-0	-0	1	1	-0
Key	Herbal	ELIGIBLE	13	11	11	0.0011088366	0.085271318	0.088	0	0.15384615	0.84615385	0.53809524	0.30769231	0.38461538	0.076923077	0.076923077	2.5649494	2.0982737	13	8.1520851	1.0928306
Key	Pharmaceutical	ELIGIBLE	11	6	6	0.0041856925	0.375	0.5	0	0	1	0.42029385	0.090909091	0	0.090909091	0.090909091	2.2718685	2.3978953	9.6975038	11	0.3046361
Key	Stars	INSUFFICIENT_TOKEN_SUPPORT	1	1	1	8.5455478e-05	0.04	0.04	0	0	1	0.1	1	0	0	0	-0	-0	1	1	-0
Key	Text	INSUFFICIENT_TOKEN_SUPPORT	2	1	1	0.00084068937	0.14285714	0.16666667	0	0.5	0.5	0.5625	0.5	0.5	0	0	0.69314718	-0	2	1	0.69314718
Kol	Herbal	ELIGIBLE	15	12	12	0.0012794268	0.093023256	0.096	0	0	1	0.3844672	0.33333333	0.066666667	0	0.066666667	2.7080502	2.7080502	15	15	0.85323615
Kol	Pharmaceutical	INSUFFICIENT_TOKEN_SUPPORT	4	2	2	0.00152207	0.125	0.16666667	0	0	1	0.71527778	0	0.75	0	0	1.3862944	1.3862944	4	4	0.56233514
Kol	Stars	INSUFFICIENT_TOKEN_SUPPORT	1	1	1	8.5455478e-05	0.04	0.04	0	0	1	0.5	0	0	0	1	-0	-0	1	1	-0
Kol	Zodiac	INSUFFICIENT_TOKEN_SUPPORT	1	1	1	0.00074906367	0.083333333	0.14285714	0	1	0	1	0	1	0	0	-0	NA	1	NA	-0
Ky	Biological	INSUFFICIENT_TOKEN_SUPPORT	2	2	2	0.00031152648	0.10526316	0.10526316	0	0	1	0.82638889	0	1	0	0	0.69314718	0.69314718	2	2	-0
Ky	Herbal	ELIGIBLE	29	26	26	0.0024735585	0.20155039	0.208	0	0.24137931	0.75862069	0.58853685	0.24137931	0.44827586	0	0	3.3194926	3.0910425	27.646319	22	1.0658912
Ky	Pharmaceutical	INSUFFICIENT_TOKEN_SUPPORT	3	3	3	0.0011415525	0.1875	0.25	0	0.33333333	0.66666667	0.48611111	0.33333333	0.33333333	0	0	0.63651417	0.69314718	1.8898816	2	1.0986123
Ky	Stars	INSUFFICIENT_TOKEN_SUPPORT	2	2	2	0.00017091096	0.08	0.08	0	0	1	0.17045455	1	0	0	0	0.69314718	0.69314718	2	2	-0
S	Astronomical	INSUFFICIENT_TOKEN_SUPPORT	1	1	1	0.0011098779	0.125	0.25	0	0	1	0.73684211	0	1	0	0	-0	-0	1	1	-0
S	Biological	INSUFFICIENT_TOKEN_SUPPORT	1	1	1	0.00015576324	0.052631579	0.052631579	0	0	1	0.11111111	1	0	0	0	-0	-0	1	1	-0
S	Cosmological	INSUFFICIENT_TOKEN_SUPPORT	2	2	2	0.00087298123	0.18181818	0.22222222	0	0	1	0.21526587	0.5	0	0	0.5	0.69314718	0.69314718	2	2	0.69314718
S	Herbal	ELIGIBLE	12	12	12	0.0010235415	0.093023256	0.096	0.083333333	0	0.91666667	0.32085438	0.5	0.083333333	0	0.083333333	2.3978953	2.4849066	11	12	0.91842778
S	Pharmaceutical	INSUFFICIENT_TOKEN_SUPPORT	1	1	1	0.0003805175	0.0625	0.083333333	0	0	1	0.7	0	1	0	0	-0	-0	1	1	-0
S	Stars	INSUFFICIENT_TOKEN_SUPPORT	4	4	4	0.00034182191	0.16	0.16	0	0	1	0.28589744	0.75	0.25	0	0.75	1.3862944	1.3862944	4	4	0.56233514
S	Text	INSUFFICIENT_TOKEN_SUPPORT	3	2	2	0.001261034	0.28571429	0.33333333	0.66666667	0.66666667	0	0.22222222	0.66666667	0.33333333	0	0.33333333	-0	-0	1	1	0.63651417
S	Zodiac	INSUFFICIENT_TOKEN_SUPPORT	1	1	1	0.00074906367	0.083333333	0.14285714	0	0	1	0.24390244	1	0	0	0	-0	-0	1	1	-0
SCy	Biological	ELIGIBLE	11	5	5	0.0017133956	0.26315789	0.26315789	0	0	1	0.53076368	0.18181818	0.27272727	0	0	2.0982737	2.3978953	8.1520851	11	0.99492363
SCy	Herbal	ELIGIBLE	7	7	7	0.00059706585	0.054263566	0.056	0	0.14285714	0.85714286	0.46451763	0.28571429	0.28571429	0	0	1.9459101	1.7917595	7	6	1.0789922
SCy	Stars	ELIGIBLE	9	4	4	0.0007690993	0.16	0.16	0	0	1	0.60988456	0.11111111	0.33333333	0	0	2.0431919	2.1972246	7.7151958	9	0.93688831
SCy	Text	ELIGIBLE	5	2	2	0.0021017234	0.28571429	0.33333333	0	0	1	0.51944444	0.4	0.4	0	0	1.6094379	1.6094379	5	5	1.0549202
SEdy	Biological	ELIGIBLE	40	17	17	0.0062305296	0.89473684	0.89473684	0	0	1	0.39410895	0.5	0.175	0	0	3.2104408	3.1513516	24.790012	23.367627	1.0168705
SEdy	Cosmological	INSUFFICIENT_TOKEN_SUPPORT	2	2	2	0.00087298123	0.18181818	0.22222222	0	0	1	0.375	0.5	0	0	0	0.69314718	0.69314718	2	2	0.69314718
SEdy	Herbal	ELIGIBLE	8	6	6	0.00068236097	0.046511628	0.048	0	0	1	0.36706349	0.5	0.125	0	0	2.0794415	2.0794415	8	8	0.97431475
SEdy	Pharmaceutical	INSUFFICIENT_TOKEN_SUPPORT	1	1	1	0.0003805175	0.0625	0.083333333	0	0	1	0.28571429	1	0	0	0	-0	-0	1	1	-0
SEdy	Stars	ELIGIBLE	26	14	14	0.0022218424	0.56	0.56	0.076923077	0	0.92307692	0.45289155	0.34615385	0.34615385	0	0.038461538	3.0625293	3.1514585	21.381569	23.370125	1.0971129
SEdy	Text	ELIGIBLE	5	3	3	0.0021017234	0.42857143	0.5	0.2	0	0.8	0.24343434	0.6	0	0	0	1.3862944	1.332179	4	3.7892914	0.67301167
SEdy	Zodiac	INSUFFICIENT_TOKEN_SUPPORT	1	1	1	0.00074906367	0.083333333	0.14285714	0	0	1	0.097560976	1	0	0	0	-0	-0	1	1	-0
SEy	Astronomical	INSUFFICIENT_TOKEN_SUPPORT	1	1	1	0.0011098779	0.125	0.25	1	1	0	0	1	0	0	0	NA	NA	NA	NA	-0
SEy	Biological	ELIGIBLE	28	13	13	0.0043613707	0.68421053	0.68421053	0.035714286	0	0.96428571	0.36699263	0.5	0.17857143	0	0	2.8243805	3.115475	16.850504	22.544137	1.0190255
SEy	Cosmological	ELIGIBLE	10	5	4	0.0043649062	0.45454545	0.44444444	0	0	1	0.48240955	0.3	0.3	0	0	2.1639557	2.3025851	8.7055056	10	1.0889
SEy	Herbal	ELIGIBLE	26	23	23	0.0022176731	0.17829457	0.184	0.038461538	0.038461538	0.92307692	0.44192005	0.34615385	0.26923077	0	0.038461538	3.0870424	3.1634241	21.912174	23.651441	1.0880103
SEy	Pharmaceutical	ELIGIBLE	18	12	8	0.0068493151	0.75	0.66666667	0	0	1	0.53827916	0.22222222	0.38888889	0	0	2.8133554	2.8133554	16.665745	16.665745	1.0688207
SEy	Stars	ELIGIBLE	53	22	22	0.0045291403	0.88	0.88	0.037735849	0.037735849	0.9245283	0.38213275	0.52830189	0.20754717	0	0.018867925	3.7415499	3.7312902	42.16329	41.732916	1.0150961
SEy	Text	ELIGIBLE	12	3	3	0.0050441362	0.42857143	0.5	0	0.083333333	0.91666667	0.58754209	0.25	0.41666667	0	0	2.4849066	2.3978953	12	11	1.0775563
SEy	Zodiac	INSUFFICIENT_TOKEN_SUPPORT	1	1	1	0.00074906367	0.083333333	0.14285714	0	0	1	0.97826087	0	1	0	0	-0	-0	1	1	-0
SKy	Biological	ELIGIBLE	22	11	11	0.0034267913	0.57894737	0.57894737	0	0	1	0.41522694	0.40909091	0.31818182	0	0.045454545	2.8152049	3.0910425	16.696597	22	1.084363
SKy	Herbal	ELIGIBLE	7	7	7	0.00059706585	0.054263566	0.056	0	0	1	0.46366213	0.28571429	0.42857143	0	0	1.7478681	1.9459101	5.7423475	7	1.0789922
SKy	Stars	ELIGIBLE	21	8	8	0.001794565	0.32	0.32	0	0	1	0.44727032	0.38095238	0.19047619	0	0	2.7555498	3.0445224	15.729687	21	1.0466305
SKy	Text	ELIGIBLE	9	2	2	0.0037831021	0.28571429	0.33333333	0	0	1	0.24968334	0.66666667	0.11111111	0	0	2.1972246	2.1972246	9	9	0.84868556
SKy	Zodiac	INSUFFICIENT_TOKEN_SUPPORT	1	1	1	0.00074906367	0.083333333	0.14285714	0	0	1	0.75675676	0	1	0	0	-0	-0	1	1	-0
SaN	Herbal	ELIGIBLE	13	12	12	0.0011088366	0.093023256	0.096	0	0	1	0.35931013	0.53846154	0.15384615	0	0.076923077	2.3114234	2.4583113	10.088775	11.685063	0.98396145
SaN	Stars	ELIGIBLE	6	5	5	0.00051273287	0.2	0.2	0.33333333	0	0.66666667	0.19907407	0.66666667	0	0	0	1.3862944	1.7917595	4	6	0.63651417
SaN	Text	INSUFFICIENT_TOKEN_SUPPORT	1	1	1	0.00042034468	0.14285714	0.16666667	0	0	1	0.11111111	1	0	0	0	-0	-0	1	1	-0
Sar	Biological	ELIGIBLE	6	5	5	0.00093457944	0.26315789	0.26315789	0	0	1	0.22275132	0.66666667	0	0	0	1.7917595	1.7917595	6	6	0.63651417
Sar	Cosmological	INSUFFICIENT_TOKEN_SUPPORT	2	1	1	0.00087298123	0.090909091	0.11111111	0	0	1	0.69230769	0	0.5	0	0	0.69314718	0.69314718	2	2	0.69314718
Sar	Herbal	ELIGIBLE	8	8	8	0.00068236097	0.062015504	0.064	0.125	0	0.875	0.46428571	0.25	0.5	0	0.125	1.9459101	2.0794415	7	8	1.0397208
Sar	Pharmaceutical	INSUFFICIENT_TOKEN_SUPPORT	1	1	1	0.0003805175	0.0625	0.083333333	0	0	1	0.11111111	1	0	0	0	-0	-0	1	1	-0
Sar	Stars	ELIGIBLE	13	10	10	0.0011109212	0.4	0.4	0.15384615	0.076923077	0.76923077	0.30559441	0.69230769	0.15384615	0.076923077	0.076923077	2.3978953	2.4849066	11	12	0.83051783
Sar	Text	INSUFFICIENT_TOKEN_SUPPORT	2	2	2	0.00084068937	0.28571429	0.33333333	0	0	1	0.35	0.5	0	0	0	0.69314718	0.69314718	2	2	0.69314718
Sar	Zodiac	INSUFFICIENT_TOKEN_SUPPORT	2	2	2	0.0014981273	0.16666667	0.28571429	0	1	0	1	0	1	0	0	0.69314718	NA	2	NA	-0
Sdy	Astronomical	INSUFFICIENT_TOKEN_SUPPORT	2	2	2	0.0022197558	0.25	0.5	0	0	1	0.37103175	0.5	0.5	0	0	0.69314718	0.69314718	2	2	0.69314718
Sdy	Biological	INSUFFICIENT_TOKEN_SUPPORT	2	2	2	0.00031152648	0.10526316	0.10526316	0	0	1	0.6375	0	0.5	0	0	0.69314718	0.69314718	2	2	0.69314718
Sdy	Cosmological	INSUFFICIENT_TOKEN_SUPPORT	3	2	2	0.0013094718	0.18181818	0.22222222	0.33333333	0.33333333	0.33333333	0.2202381	0.66666667	0	0	0	0.69314718	0.69314718	2	2	0.63651417
Sdy	Herbal	ELIGIBLE	17	14	13	0.0014500171	0.10852713	0.104	0.11764706	0.058823529	0.82352941	0.42764801	0.23529412	0.17647059	0	0	2.7080502	2.7725887	15	16	0.95869186
Sdy	Stars	ELIGIBLE	12	8	8	0.0010254657	0.32	0.32	0	0.083333333	0.91666667	0.59794974	0.16666667	0.5	0	0	2.3693821	2.3978953	10.690785	11	1.0114043
Sdy	Text	ELIGIBLE	9	5	4	0.0037831021	0.71428571	0.66666667	0.11111111	0.11111111	0.77777778	0.416494	0.44444444	0.22222222	0	0	2.0794415	2.0794415	8	8	1.0608569
Se	Astronomical	INSUFFICIENT_TOKEN_SUPPORT	1	1	1	0.0011098779	0.125	0.25	0	0	1	0.5	0	0	0	0	-0	-0	1	1	-0
Se	Cosmological	INSUFFICIENT_TOKEN_SUPPORT	1	1	1	0.00043649062	0.090909091	0.11111111	0	0	1	0.33333333	0	0	0	0	-0	-0	1	1	-0
Se	Herbal	ELIGIBLE	19	18	18	0.0016206073	0.13953488	0.144	0	0	1	0.4377932	0.36842105	0.26315789	0	0	2.944439	2.944439	19	19	1.0870742
Se	Pharmaceutical	INSUFFICIENT_TOKEN_SUPPORT	1	1	1	0.0003805175	0.0625	0.083333333	0	0	1	0.22222222	1	0	0	0	-0	-0	1	1	-0
Se	Stars	INSUFFICIENT_TOKEN_SUPPORT	4	3	3	0.00034182191	0.12	0.12	0	0	1	0.33560606	0.75	0.25	0	0	1.3862944	1.3862944	4	4	0.56233514
Se	Text	INSUFFICIENT_TOKEN_SUPPORT	1	1	1	0.00042034468	0.14285714	0.16666667	0	0	1	0.25	1	0	0	0	-0	-0	1	1	-0
Se	Zodiac	INSUFFICIENT_TOKEN_SUPPORT	1	1	1	0.00074906367	0.083333333	0.14285714	0	0	1	0.083333333	1	0	0	0	-0	-0	1	1	-0
SeCy	Biological	ELIGIBLE	11	5	5	0.0017133956	0.26315789	0.26315789	0	0	1	0.49834711	0.45454545	0.36363636	0	0	2.3978953	2.3978953	11	11	1.0361988
SeCy	Herbal	INSUFFICIENT_TOKEN_SUPPORT	2	2	2	0.00017059024	0.015503876	0.016	0	0.5	0.5	0.83333333	0	1	0	0	0.69314718	-0	2	1	-0
SeCy	Stars	INSUFFICIENT_TOKEN_SUPPORT	3	2	2	0.00025636643	0.08	0.08	0	0	1	0.27474747	0.33333333	0	0	0	1.0986123	1.0986123	3	3	0.63651417
SeCy	Text	INSUFFICIENT_TOKEN_SUPPORT	3	2	2	0.001261034	0.28571429	0.33333333	0	0	1	0.84848485	0	1	0	0	1.0986123	1.0986123	3	3	-0
SeCy	Zodiac	INSUFFICIENT_TOKEN_SUPPORT	1	1	1	0.00074906367	0.083333333	0.14285714	0	0	1	0.925	0	1	0	0	-0	-0	1	1	-0
SeKy	Biological	ELIGIBLE	20	9	9	0.0031152648	0.47368421	0.47368421	0	0	1	0.39440837	0.45	0.15	0	0.05	2.8571028	2.7616257	17.411011	15.82555	1.0104128
SeKy	Herbal	INSUFFICIENT_TOKEN_SUPPORT	2	1	1	0.00017059024	0.007751938	0.008	0	0.5	0.5	0.90909091	0	1	0	0	0.69314718	-0	2	1	-0
SeKy	Stars	ELIGIBLE	11	7	7	0.00094001025	0.28	0.28	0	0	1	0.36705693	0.54545455	0.18181818	0	0	2.3978953	2.3978953	11	11	0.99492363
Sear	Biological	INSUFFICIENT_TOKEN_SUPPORT	4	2	2	0.00062305296	0.10526316	0.10526316	0	0	1	0.66984127	0.25	0.75	0	0	1.3862944	1.3862944	4	4	0.56233514
Sear	Herbal	ELIGIBLE	5	5	5	0.00042647561	0.03875969	0.04	0	0	1	0.39206349	0.4	0.2	0	0	1.6094379	1.6094379	5	5	1.0549202
Sear	Pharmaceutical	INSUFFICIENT_TOKEN_SUPPORT	2	2	2	0.00076103501	0.125	0.16666667	0	0	1	0.68888889	0	0.5	0	0	0.69314718	0.69314718	2	2	0.69314718
Sear	Stars	ELIGIBLE	10	8	8	0.00085455478	0.32	0.32	0	0	1	0.49616162	0.3	0.2	0	0	2.3025851	2.3025851	10	10	1.029653
Sear	Text	INSUFFICIENT_TOKEN_SUPPORT	2	2	2	0.00084068937	0.28571429	0.33333333	0	0	1	0.33333333	0.5	0	0	0	0.69314718	0.69314718	2	2	0.69314718
Sear	Zodiac	INSUFFICIENT_TOKEN_SUPPORT	1	1	1	0.00074906367	0.083333333	0.14285714	0	0	1	0.36585366	0	0	0	0	-0	-0	1	1	-0
Sedy	Biological	ELIGIBLE	219	19	19	0.03411215	1	1	0.01369863	0.054794521	0.93150685	0.47819949	0.30136986	0.2739726	0.01369863	0.04109589	4.3395714	4.3318592	76.674667	76.085611	1.0798953
Sedy	Cosmological	ELIGIBLE	11	4	3	0.0048013968	0.36363636	0.33333333	0	0.090909091	0.90909091	0.51596501	0.27272727	0.36363636	0	0.090909091	2.3978953	2.3025851	11	10	1.0900597
Sedy	Herbal	ELIGIBLE	37	18	17	0.0031559195	0.13953488	0.136	0.054054054	0.054054054	0.89189189	0.34010929	0.54054054	0.16216216	0.027027027	0.054054054	3.5157397	3.5157397	33.640801	33.640801	0.9881598
Sedy	Pharmaceutical	INSUFFICIENT_TOKEN_SUPPORT	1	1	1	0.0003805175	0.0625	0.083333333	0	0	1	0.375	0	0	0	0	-0	-0	1	1	-0
Sedy	Stars	ELIGIBLE	117	23	23	0.0099982909	0.92	0.92	0.0085470085	0.051282051	0.94017094	0.52679749	0.24786325	0.35897436	0.0085470085	0.017094017	4.3787586	4.3004499	79.738981	73.732957	1.0805397
Sedy	Text	ELIGIBLE	43	5	4	0.018074821	0.71428571	0.66666667	0.023255814	0.023255814	0.95348837	0.47767588	0.34883721	0.27906977	0.093023256	0.11627907	3.3496759	3.5066206	28.493499	33.335422	1.0914082
Sedy	Zodiac	ELIGIBLE	6	3	2	0.004494382	0.25	0.28571429	0	0	1	0.44587238	0.33333333	0.16666667	0	0	1.7917595	1.7917595	6	6	1.0114043
Seky	Biological	ELIGIBLE	14	7	7	0.0021806854	0.36842105	0.36842105	0	0	1	0.53092404	0.28571429	0.5	0	0	2.5400363	2.5400363	12.680131	12.680131	1.0346012
Seky	Cosmological	INSUFFICIENT_TOKEN_SUPPORT	2	2	2	0.00087298123	0.18181818	0.22222222	0	0	1	0.60784314	0	0.5	0	0	0.69314718	0.69314718	2	2	0.69314718
Seky	Herbal	ELIGIBLE	7	6	6	0.00059706585	0.046511628	0.048	0	0.14285714	0.85714286	0.56797369	0.28571429	0.57142857	0.14285714	0.14285714	1.9459101	1.7917595	7	6	0.95569989
Seky	Pharmaceutical	INSUFFICIENT_TOKEN_SUPPORT	1	1	1	0.0003805175	0.0625	0.083333333	0	0	1	0.33333333	0	0	0	0	-0	-0	1	1	-0
Seky	Stars	ELIGIBLE	7	6	6	0.00059818834	0.24	0.24	0	0	1	0.36919192	0.42857143	0.14285714	0	0.14285714	1.9459101	1.9459101	7	7	1.0042425
Seky	Text	INSUFFICIENT_TOKEN_SUPPORT	2	2	2	0.00084068937	0.28571429	0.33333333	0	0	1	0.34821429	0.5	0	0	0	0.69314718	0.69314718	2	2	0.69314718
Seky	Zodiac	INSUFFICIENT_TOKEN_SUPPORT	1	1	1	0.00074906367	0.083333333	0.14285714	0	0	1	0.10344828	1	0	0	0	-0	-0	1	1	-0
Seo	Astronomical	INSUFFICIENT_TOKEN_SUPPORT	1	1	1	0.0011098779	0.125	0.25	0	0	1	0.52631579	0	0	0	0	-0	-0	1	1	-0
Seo	Cosmological	INSUFFICIENT_TOKEN_SUPPORT	2	2	2	0.00087298123	0.18181818	0.22222222	0	0	1	0.22177419	1	0	0	0	0.69314718	0.69314718	2	2	-0
Seo	Herbal	ELIGIBLE	17	15	15	0.0014500171	0.11627907	0.12	0	0	1	0.47915075	0.35294118	0.29411765	0	0	2.8332133	2.8332133	17	17	1.0950779
Seo	Pharmaceutical	ELIGIBLE	6	4	4	0.002283105	0.25	0.33333333	0	0	1	0.35416667	0.66666667	0.33333333	0	0	1.7917595	1.7917595	6	6	0.63651417
Seo	Stars	ELIGIBLE	18	13	13	0.0015381986	0.52	0.52	0.055555556	0	0.94444444	0.42397094	0.38888889	0.33333333	0	0.055555556	2.8332133	2.8133554	17	16.665745	1.0893097
Seo	Text	INSUFFICIENT_TOKEN_SUPPORT	1	1	1	0.00042034468	0.14285714	0.16666667	0	0	1	0.42857143	0	0	0	0	-0	-0	1	1	-0
Seo	Zodiac	INSUFFICIENT_TOKEN_SUPPORT	3	2	2	0.002247191	0.16666667	0.28571429	0	0	1	0.49400975	0	0	0	0	1.0986123	1.0986123	3	3	-0
Seody	Astronomical	INSUFFICIENT_TOKEN_SUPPORT	1	1	1	0.0011098779	0.125	0.25	0	0	1	0.5	0	0	0	0	-0	-0	1	1	-0
Seody	Cosmological	ELIGIBLE	5	3	2	0.0021824531	0.27272727	0.22222222	0	0	1	0.63777962	0.2	0.6	0	0	1.6094379	1.6094379	5	5	0.95027054
Seody	Herbal	ELIGIBLE	15	12	11	0.0012794268	0.093023256	0.088	0.066666667	0	0.93333333	0.3505291	0.53333333	0.2	0	0	2.5400363	2.7080502	12.680131	15	1.0096138
Seody	Pharmaceutical	ELIGIBLE	8	7	7	0.00304414	0.4375	0.58333333	0	0	1	0.57532918	0.125	0.25	0	0	1.9061547	2.0794415	6.7271713	8	0.90025605
Seody	Stars	ELIGIBLE	15	12	12	0.0012818322	0.48	0.48	0	0.13333333	0.86666667	0.47427609	0.26666667	0.26666667	0	0	2.6156306	2.4583113	13.675837	11.685063	1.0606018
Seody	Text	INSUFFICIENT_TOKEN_SUPPORT	4	2	2	0.0016813787	0.28571429	0.33333333	0	0	1	0.46944444	0.25	0.25	0	0	1.3862944	1.3862944	4	4	1.0397208
Seody	Zodiac	INSUFFICIENT_TOKEN_SUPPORT	1	1	1	0.00074906367	0.083333333	0.14285714	0	0	1	0.225	1	0	0	0	-0	-0	1	1	-0
Seol	Astronomical	INSUFFICIENT_TOKEN_SUPPORT	1	1	1	0.0011098779	0.125	0.25	0	0	1	0.75	0	1	0	0	-0	-0	1	1	-0
Seol	Biological	ELIGIBLE	25	10	10	0.003894081	0.52631579	0.52631579	0	0.04	0.96	0.43122655	0.4	0.24	0	0	2.9761388	3.1202916	19.611945	22.652984	1.0768187
Seol	Cosmological	INSUFFICIENT_TOKEN_SUPPORT	1	1	1	0.00043649062	0.090909091	0.11111111	0	0	1	0.11111111	1	0	0	0	-0	-0	1	1	-0
Seol	Herbal	ELIGIBLE	21	16	15	0.0017911975	0.12403101	0.12	0.047619048	0.14285714	0.80952381	0.49287604	0.23809524	0.33333333	0	0	2.9957323	2.6593227	20	14.286609	1.0710185
Seol	Pharmaceutical	ELIGIBLE	20	12	9	0.0076103501	0.75	0.75	0.05	0.05	0.9	0.25880626	0.7	0.1	0	0	2.8714761	2.7255504	17.663072	15.264813	0.80181855
Seol	Stars	ELIGIBLE	27	15	15	0.0023072979	0.6	0.6	0.037037037	0	0.96296296	0.31357665	0.51851852	0.11111111	0.074074074	0.074074074	3.1514585	3.1931484	23.370125	24.365018	0.95255944
Seol	Text	ELIGIBLE	10	5	4	0.0042034468	0.71428571	0.66666667	0.1	0	0.9	0.29842713	0.6	0.1	0	0.1	2.0431919	2.3025851	7.7151958	10	0.89794572
Seol	Zodiac	INSUFFICIENT_TOKEN_SUPPORT	3	2	2	0.002247191	0.16666667	0.28571429	0.33333333	0.33333333	0.33333333	0.41733763	0.66666667	0.33333333	0	0	0.69314718	0.69314718	2	2	0.63651417
Seor	Biological	ELIGIBLE	11	9	9	0.0017133956	0.47368421	0.47368421	0.18181818	0	0.81818182	0.40421523	0.45454545	0.27272727	0	0	2.1972246	2.2718685	9	9.6975038	1.0670895
Seor	Cosmological	INSUFFICIENT_TOKEN_SUPPORT	1	1	1	0.00043649062	0.090909091	0.11111111	0	0	1	0.15625	1	0	0	0	-0	-0	1	1	-0
Seor	Herbal	ELIGIBLE	13	10	10	0.0011088366	0.07751938	0.08	0.15384615	0	0.84615385	0.35369353	0.46153846	0.23076923	0	0	2.2718685	2.5649494	9.6975038	13	1.0579054
Seor	Pharmaceutical	ELIGIBLE	10	7	7	0.003805175	0.4375	0.58333333	0.1	0	0.9	0.30769841	0.6	0.2	0	0	2.1972246	2.3025851	9	10	0.95027054
Seor	Stars	ELIGIBLE	10	9	9	0.00085455478	0.36	0.36	0	0	1	0.38486402	0.6	0.4	0	0	2.3025851	2.3025851	10	10	0.67301167
Seor	Text	INSUFFICIENT_TOKEN_SUPPORT	2	1	1	0.00084068937	0.14285714	0.16666667	0	0	1	0.48989899	0.5	0.5	0	0	0.69314718	0.69314718	2	2	0.69314718
Sey	Astronomical	ELIGIBLE	6	4	4	0.0066592675	0.5	1	0	0	1	0.32936508	0.5	0	0	0	1.7917595	1.7917595	6	6	0.69314718
Sey	Biological	ELIGIBLE	86	19	19	0.013395639	1	1	0.046511628	0.046511628	0.90697674	0.44910284	0.41860465	0.25581395	0	0.011627907	3.9884308	3.8992079	53.970131	49.363331	1.078634
Sey	Cosmological	ELIGIBLE	5	2	2	0.0021824531	0.18181818	0.22222222	0	0	1	0.28673835	0.6	0	0	0	1.6094379	1.6094379	5	5	0.67301167
Sey	Herbal	ELIGIBLE	43	35	34	0.0036676902	0.27131783	0.272	0.023255814	0.093023256	0.88372093	0.49199554	0.27906977	0.30232558	0	0.023255814	3.5396276	3.507961	34.454085	33.380136	1.0823649
Sey	Pharmaceutical	ELIGIBLE	20	10	8	0.0076103501	0.625	0.66666667	0	0.05	0.95	0.51684343	0.25	0.35	0	0	2.9264176	2.8714761	18.66066	17.663072	1.0805276
Sey	Stars	ELIGIBLE	85	17	17	0.0072637156	0.68	0.68	0.011764706	0.023529412	0.96470588	0.39217943	0.48235294	0.21176471	0	0.047058824	4.1315698	4.0220784	62.275606	55.816993	1.0427259
Sey	Text	ELIGIBLE	26	6	5	0.010928962	0.85714286	0.83333333	0	0.076923077	0.92307692	0.42246034	0.42307692	0.23076923	0	0	3.0246956	3.1202916	20.587736	22.652984	1.0695417
Sey	Zodiac	ELIGIBLE	7	5	4	0.0052434457	0.41666667	0.57142857	0	0	1	0.51392874	0.42857143	0.42857143	0	0.14285714	1.9459101	1.9459101	7	7	1.0042425
So	Astronomical	INSUFFICIENT_TOKEN_SUPPORT	1	1	1	0.0011098779	0.125	0.25	0	0	1	0.23684211	1	0	0	0	-0	-0	1	1	-0
So	Cosmological	ELIGIBLE	5	4	4	0.0021824531	0.36363636	0.44444444	0.2	0	0.8	0.56590298	0.2	0.4	0	0	1.3862944	1.6094379	4	5	1.0549202
So	Herbal	ELIGIBLE	93	53	53	0.0079324463	0.41085271	0.424	0.30107527	0	0.69892473	0.30653773	0.56989247	0.17204301	0.021505376	0.053763441	4.0464216	4.2715919	57.192435	71.635585	0.97281258
So	Pharmaceutical	ELIGIBLE	7	4	3	0.0026636225	0.25	0.25	0	0	1	0.29080005	0.71428571	0.28571429	0	0	1.7478681	1.9459101	5.7423475	7	0.59826959
So	Stars	ELIGIBLE	15	11	11	0.0012818322	0.44	0.44	0.066666667	0	0.93333333	0.40566286	0.4	0.26666667	0	0	2.6390573	2.7080502	14	15	1.0851886
So	Text	INSUFFICIENT_TOKEN_SUPPORT	3	1	1	0.001261034	0.14285714	0.16666667	0.33333333	0	0.66666667	0.5462963	0.33333333	0.66666667	0	0	0.69314718	1.0986123	2	3	0.63651417
So	Zodiac	INSUFFICIENT_TOKEN_SUPPORT	2	2	2	0.0014981273	0.16666667	0.28571429	0	0	1	0.45	0	0	0	0	0.69314718	0.69314718	2	2	-0
SodaN	Cosmological	INSUFFICIENT_TOKEN_SUPPORT	3	3	3	0.0013094718	0.27272727	0.33333333	0	0.33333333	0.66666667	0.73076923	0	0.66666667	0	0	1.0986123	0.69314718	3	2	0.63651417
SodaN	Herbal	ELIGIBLE	15	11	11	0.0012794268	0.085271318	0.088	0.2	0.26666667	0.53333333	0.51616162	0.33333333	0.4	0	0	2.4849066	2.3978953	12	11	1.0851886
SodaN	Stars	ELIGIBLE	5	5	5	0.00042727739	0.2	0.2	0.4	0	0.6	0.061666667	1	0	0	0	1.0986123	1.6094379	3	5	-0
SodaN	Text	INSUFFICIENT_TOKEN_SUPPORT	1	1	1	0.00042034468	0.14285714	0.16666667	0	0	1	0.1	1	0	0	0	-0	-0	1	1	-0
Sody	Biological	INSUFFICIENT_TOKEN_SUPPORT	1	1	1	0.00015576324	0.052631579	0.052631579	0	0	1	0.85714286	0	1	0	0	-0	-0	1	1	-0
Sody	Herbal	ELIGIBLE	30	23	23	0.0025588536	0.17829457	0.184	0.066666667	0.23333333	0.7	0.47148897	0.43333333	0.3	0	0	3.2144961	3.0752205	24.890745	21.654657	1.0760342
Sody	Pharmaceutical	INSUFFICIENT_TOKEN_SUPPORT	3	3	3	0.0011415525	0.1875	0.25	0	0	1	0.34166667	0.33333333	0	0	0	1.0986123	1.0986123	3	3	0.63651417
Sody	Stars	ELIGIBLE	11	7	7	0.00094001025	0.28	0.28	0.18181818	0.090909091	0.72727273	0.42887315	0.36363636	0.36363636	0	0.090909091	2.1972246	2.3025851	9	10	1.0900597
Sody	Text	ELIGIBLE	8	3	3	0.0033627575	0.42857143	0.5	0.125	0.25	0.625	0.42465278	0.375	0.25	0	0	1.9459101	1.7917595	7	6	1.0821955
Sol	Biological	ELIGIBLE	14	10	10	0.0021806854	0.52631579	0.52631579	0.21428571	0	0.78571429	0.28631468	0.64285714	0.14285714	0	0	2.3978953	2.6390573	11	14	0.89211787
Sol	Cosmological	ELIGIBLE	8	5	5	0.0034919249	0.45454545	0.55555556	0	0.125	0.875	0.51179888	0.25	0.375	0.125	0.125	2.0794415	1.9459101	8	7	1.0821955
Sol	Herbal	ELIGIBLE	115	58	58	0.0098089389	0.4496124	0.464	0.086956522	0.0086956522	0.90434783	0.39965653	0.4	0.19130435	0.034782609	0.13043478	4.1761473	4.3422356	65.114504	76.879215	1.0486071
Sol	Pharmaceutical	ELIGIBLE	8	6	6	0.00304414	0.375	0.5	0	0	1	0.32566288	0.625	0.125	0.125	0.125	2.0794415	2.0794415	8	8	0.90025605
Sol	Stars	ELIGIBLE	27	15	15	0.0023072979	0.6	0.6	0.074074074	0.074074074	0.85185185	0.33870327	0.48148148	0.18518519	0	0.037037037	3.1634241	3.0525205	23.651441	21.168633	1.030409
Sol	Text	ELIGIBLE	9	4	4	0.0037831021	0.57142857	0.66666667	0.11111111	0	0.88888889	0.39234007	0.44444444	0.33333333	0	0	2.0794415	2.1972246	8	9	1.0608569
Sol	Zodiac	ELIGIBLE	5	5	3	0.0037453184	0.41666667	0.42857143	0	0	1	0.41903188	0.4	0.2	0	0	1.6094379	1.6094379	5	5	1.0549202
Sor	Biological	INSUFFICIENT_TOKEN_SUPPORT	3	3	3	0.00046728972	0.15789474	0.15789474	0.33333333	0	0.66666667	0.33333333	0.33333333	0.33333333	0	0	0.69314718	1.0986123	2	3	1.0986123
Sor	Cosmological	INSUFFICIENT_TOKEN_SUPPORT	3	2	2	0.0013094718	0.18181818	0.22222222	0.33333333	0	0.66666667	0.23913043	0.66666667	0	0	0	0.69314718	1.0986123	2	3	0.63651417
Sor	Herbal	ELIGIBLE	68	46	46	0.0058000682	0.35658915	0.368	0.17647059	0.029411765	0.79411765	0.36749317	0.48529412	0.20588235	0.044117647	0.16176471	3.8674764	3.7867416	47.821553	44.112432	1.0391177
Sor	Pharmaceutical	ELIGIBLE	6	5	5	0.002283105	0.3125	0.41666667	0.16666667	0	0.83333333	0.20125661	0.66666667	0	0	0	1.6094379	1.7917595	5	6	0.63651417
Sor	Stars	ELIGIBLE	8	7	7	0.00068364382	0.28	0.28	0.125	0	0.875	0.32208694	0.625	0.125	0	0	1.9459101	2.0794415	7	8	0.90025605
Sor	Text	ELIGIBLE	8	4	3	0.0033627575	0.57142857	0.5	0.375	0	0.625	0.18320707	0.625	0	0	0	1.6094379	2.0794415	5	8	0.66156324
Sy	Astronomical	INSUFFICIENT_TOKEN_SUPPORT	1	1	1	0.0011098779	0.125	0.25	0	1	0	1	0	1	0	0	-0	NA	1	NA	-0
Sy	Biological	ELIGIBLE	9	7	7	0.0014018692	0.36842105	0.36842105	0	0	1	0.36397707	0.44444444	0.11111111	0	0.11111111	2.1972246	2.1972246	9	9	0.96496292
Sy	Cosmological	INSUFFICIENT_TOKEN_SUPPORT	3	3	3	0.0013094718	0.27272727	0.33333333	0.33333333	0	0.66666667	0.39444444	0.33333333	0	0	0	0.69314718	1.0986123	2	3	0.63651417
Sy	Herbal	ELIGIBLE	69	46	46	0.0058853634	0.35658915	0.368	0.043478261	0.10144928	0.85507246	0.47221257	0.31884058	0.30434783	0.014492754	0.057971014	4.0846324	3.9079027	59.420093	49.794407	1.0942744
Sy	Pharmaceutical	ELIGIBLE	5	5	5	0.0019025875	0.3125	0.41666667	0	0.2	0.8	0.68857143	0.2	0.6	0	0	1.6094379	1.3862944	5	4	0.95027054
Sy	Stars	ELIGIBLE	7	5	5	0.00059818834	0.2	0.2	0	0.14285714	0.85714286	0.49351204	0.28571429	0.28571429	0	0	1.9459101	1.7917595	7	6	1.0789922
Sy	Text	INSUFFICIENT_TOKEN_SUPPORT	4	2	2	0.0016813787	0.28571429	0.33333333	0	0.25	0.75	0.71000874	0.25	0.75	0	0	1.3862944	1.0986123	4	3	0.56233514
Sy	Zodiac	INSUFFICIENT_TOKEN_SUPPORT	1	1	1	0.00074906367	0.083333333	0.14285714	0	0	1	0.96296296	0	1	0	0	-0	-0	1	1	-0
aN	Astronomical	ELIGIBLE	12	4	2	0.013318535	0.5	0.5	0	0.33333333	0.66666667	0.66419083	0	0.5	0	0.083333333	2.4849066	2.0794415	12	8	0.69314718
aN	Biological	ELIGIBLE	35	14	14	0.0054517134	0.73684211	0.73684211	0	0.085714286	0.91428571	0.59218535	0.25714286	0.51428571	0	0.028571429	2.8767637	3.2327759	17.756713	25.349928	1.0285696
aN	Cosmological	ELIGIBLE	33	8	7	0.01440419	0.72727273	0.77777778	0	0.090909091	0.90909091	0.53645837	0.24242424	0.39393939	0	0.03030303	2.8925267	3.3549876	18.03883	28.645248	1.0783635
aN	Herbal	ELIGIBLE	111	52	51	0.0094677584	0.40310078	0.408	0	0.15315315	0.84684685	0.6025071	0.24324324	0.51351351	0	0.009009009	3.2328389	4.281449	25.351524	72.345195	1.0299886
aN	Pharmaceutical	ELIGIBLE	35	13	10	0.013318113	0.8125	0.83333333	0	0.085714286	0.91428571	0.57571406	0.25714286	0.45714286	0	0	2.2745896	3.3790925	9.7239278	29.344129	1.0649969
aN	Stars	ELIGIBLE	220	25	25	0.018800205	1	1	0	0.031818182	0.96818182	0.54094836	0.27727273	0.42727273	0	0.045454545	4.5590558	4.8561325	95.493277	128.52617	1.0792267
aN	Text	ELIGIBLE	39	5	4	0.016393443	0.71428571	0.66666667	0	0.076923077	0.92307692	0.51973212	0.33333333	0.38461538	0	0.025641026	2.7742165	3.299427	16.026065	27.097109	1.0906913
aN	Zodiac	ELIGIBLE	26	10	6	0.019475655	0.83333333	0.85714286	0	0.076923077	0.92307692	0.61803257	0.19230769	0.5	0	0.038461538	2.8647385	3.1780538	17.544465	24	1.0262864
aiN	Biological	ELIGIBLE	6	6	6	0.00093457944	0.31578947	0.31578947	0	0	1	0.51410256	0.16666667	0.5	0	0	1.7917595	1.7917595	6	6	1.0114043
aiN	Cosmological	INSUFFICIENT_TOKEN_SUPPORT	4	3	3	0.0017459625	0.27272727	0.33333333	0	0	1	0.49907538	0.25	0.25	0	0	1.3862944	1.3862944	4	4	1.0397208
aiN	Herbal	ELIGIBLE	6	6	6	0.00051177073	0.046511628	0.048	0	0.33333333	0.66666667	0.74027778	0	0.66666667	0	0	1.7917595	1.3862944	6	4	0.63651417
aiN	Pharmaceutical	INSUFFICIENT_TOKEN_SUPPORT	2	2	2	0.00076103501	0.125	0.16666667	0	0	1	0.80808081	0	1	0	0	0.69314718	0.69314718	2	2	-0
aiN	Stars	ELIGIBLE	20	12	12	0.0017091096	0.48	0.48	0	0	1	0.50040127	0.25	0.3	0	0	2.3718998	2.9264176	10.717735	18.66066	1.0670939
aiN	Text	INSUFFICIENT_LEAF_SUPPORT	9	2	1	0.0037831021	0.28571429	0.16666667	0	0.11111111	0.88888889	0.62581369	0.11111111	0.55555556	0	0	1.6769878	2.0794415	5.349418	8	0.93688831
aiir	Astronomical	INSUFFICIENT_TOKEN_SUPPORT	1	1	1	0.0011098779	0.125	0.25	0	0	1	0.25641026	1	0	0	0	-0	-0	1	1	-0
aiir	Cosmological	ELIGIBLE	9	6	5	0.0039284155	0.54545455	0.55555556	0	0	1	0.59768464	0.11111111	0.44444444	0	0	2.1972246	2.1972246	9	9	0.96496292
aiir	Herbal	INSUFFICIENT_TOKEN_SUPPORT	4	4	4	0.00034118048	0.031007752	0.032	0	0	1	0.55858586	0.25	0.25	0	0	1.3862944	1.3862944	4	4	1.0397208
aiir	Stars	ELIGIBLE	14	8	8	0.0011963767	0.32	0.32	0	0	1	0.66120407	0.21428571	0.64285714	0	0	2.5400363	2.4036404	12.680131	11.063378	0.89211787
aiir	Text	INSUFFICIENT_TOKEN_SUPPORT	1	1	1	0.00042034468	0.14285714	0.16666667	0	0	1	0.1	1	0	0	0	-0	-0	1	1	-0
air	Astronomical	INSUFFICIENT_TOKEN_SUPPORT	4	2	1	0.0044395117	0.25	0.25	0	0.25	0.75	0.74583333	0	0.75	0	0	1.0397208	1.0986123	2.8284271	3	0.56233514
air	Biological	INSUFFICIENT_TOKEN_SUPPORT	3	2	2	0.00046728972	0.10526316	0.10526316	0	0	1	0.61481481	0	0.33333333	0	0	1.0986123	1.0986123	3	3	0.63651417
air	Cosmological	ELIGIBLE	9	5	4	0.0039284155	0.45454545	0.44444444	0	0.11111111	0.88888889	0.43663247	0.33333333	0.22222222	0	0	2.1972246	1.9061547	9	6.7271713	1.0608569
air	Herbal	ELIGIBLE	14	12	12	0.0011941317	0.093023256	0.096	0	0	1	0.52402597	0.35714286	0.5	0.071428571	0.071428571	2.1682235	2.5400363	8.7427387	12.680131	0.99228197
air	Pharmaceutical	INSUFFICIENT_TOKEN_SUPPORT	3	3	3	0.0011415525	0.1875	0.25	0	0	1	0.57549858	0	0.33333333	0	0	1.0986123	1.0986123	3	3	0.63651417
air	Stars	ELIGIBLE	39	20	20	0.0033327636	0.8	0.8	0	0.025641026	0.97435897	0.52116537	0.30769231	0.33333333	0	0	3.3879063	3.5646233	29.603907	35.326143	1.096638
air	Text	INSUFFICIENT_TOKEN_SUPPORT	3	3	3	0.001261034	0.42857143	0.5	0.33333333	0.33333333	0.33333333	0.6030303	0.33333333	0.66666667	0	0	0.69314718	0.69314718	2	2	0.63651417
air	Zodiac	ELIGIBLE	9	7	5	0.006741573	0.58333333	0.71428571	0.11111111	0	0.88888889	0.19106392	0.88888889	0	0	0.11111111	1.9061547	2.0431919	6.7271713	7.7151958	0.3488321
al	Astronomical	INSUFFICIENT_TOKEN_SUPPORT	3	2	2	0.0033296337	0.25	0.5	0	0	1	0.48183761	0.33333333	0.33333333	0	0	1.0986123	1.0986123	3	3	1.0986123
al	Biological	ELIGIBLE	16	11	11	0.0024922118	0.57894737	0.57894737	0	0.3125	0.6875	0.62427399	0.3125	0.5625	0	0.0625	2.5126585	2.3978953	12.337687	11	0.94705715
al	Cosmological	ELIGIBLE	22	6	5	0.0096027935	0.54545455	0.55555556	0	0.045454545	0.95454545	0.58973501	0.18181818	0.45454545	0	0.13636364	2.9650157	2.9785084	19.395008	19.658473	1.0361988
al	Herbal	ELIGIBLE	26	23	23	0.0022176731	0.17829457	0.184	0.038461538	0.15384615	0.80769231	0.5781746	0.23076923	0.46153846	0	0.038461538	2.8443053	3.0910425	17.189613	22	1.0579054
al	Pharmaceutical	ELIGIBLE	7	5	5	0.0026636225	0.3125	0.41666667	0	0.28571429	0.71428571	0.62157287	0.28571429	0.42857143	0	0	1.7478681	1.6094379	5.7423475	5	1.0789922
al	Stars	ELIGIBLE	146	24	24	0.0124765	0.96	0.96	0	0.10958904	0.89041096	0.58022048	0.2260274	0.45205479	0.0068493151	0.047945205	4.363248	4.5330693	78.511728	93.043703	1.0599155
al	Text	ELIGIBLE	17	5	4	0.0071458596	0.71428571	0.66666667	0	0	1	0.50945721	0.35294118	0.35294118	0.058823529	0.23529412	2.7516666	2.6701199	15.668724	14.441701	1.0950779
al	Zodiac	ELIGIBLE	25	10	7	0.018726592	0.83333333	1	0	0.04	0.96	0.54290451	0.2	0.4	0.04	0.12	2.9761388	3.0625293	19.611945	21.381569	1.0549202
aly	Astronomical	INSUFFICIENT_TOKEN_SUPPORT	1	1	1	0.0011098779	0.125	0.25	0	0	1	0.92105263	0	1	0	0	-0	-0	1	1	-0
aly	Biological	ELIGIBLE	6	5	5	0.00093457944	0.26315789	0.26315789	0	0.83333333	0.16666667	0.89393939	0	0.83333333	0	0	1.7917595	-0	6	1	0.45056121
aly	Cosmological	INSUFFICIENT_TOKEN_SUPPORT	2	1	1	0.00087298123	0.090909091	0.11111111	0	0.5	0.5	0.91176471	0	1	0	0	0.69314718	-0	2	1	-0
aly	Herbal	INSUFFICIENT_TOKEN_SUPPORT	3	3	3	0.00025588536	0.023255814	0.024	0	0	1	0.675	0.33333333	0.66666667	0	0	1.0986123	1.0986123	3	3	0.63651417
aly	Stars	ELIGIBLE	8	8	8	0.00068364382	0.32	0.32	0	0.5	0.5	0.83030303	0.125	0.875	0	0	2.0794415	1.3862944	8	4	0.37677016
aly	Text	INSUFFICIENT_TOKEN_SUPPORT	2	1	1	0.00084068937	0.14285714	0.16666667	0	0	1	0.81363636	0	1	0	0	0.69314718	0.69314718	2	2	-0
aly	Zodiac	ELIGIBLE	5	3	3	0.0037453184	0.25	0.42857143	0	0.2	0.8	0.65675741	0	0.4	0	0	0.95027054	1.3862944	2.5864093	4	0.67301167
am	Astronomical	INSUFFICIENT_TOKEN_SUPPORT	4	2	1	0.0044395117	0.25	0.25	0	0.5	0.5	0.80681818	0	0.75	0	0.25	1.3862944	0.69314718	4	2	0.56233514
am	Biological	INSUFFICIENT_TOKEN_SUPPORT	4	3	3	0.00062305296	0.15789474	0.15789474	0	1	0	1	0	1	0	0	1.3862944	NA	4	NA	-0
am	Cosmological	ELIGIBLE	11	5	4	0.0048013968	0.45454545	0.44444444	0	0.81818182	0.18181818	0.86855037	0.090909091	0.81818182	0	0	2.2718685	0.69314718	9.6975038	2	0.60016607
am	Herbal	ELIGIBLE	21	18	18	0.0017911975	0.13953488	0.144	0	0.80952381	0.19047619	0.93727238	0	0.9047619	0	0	2.7804664	1.3862944	16.12654	4	0.3144922
am	Pharmaceutical	INSUFFICIENT_TOKEN_SUPPORT	3	3	3	0.0011415525	0.1875	0.25	0	1	0	1	0	1	0	0	0.63651417	NA	1.8898816	NA	-0
am	Stars	ELIGIBLE	31	14	14	0.0026491198	0.56	0.56	0	0.74193548	0.25806452	0.9133218	0.064516129	0.90322581	0	0	3.104074	2.0794415	22.288571	8	0.37953493
am	Text	ELIGIBLE	5	3	2	0.0021017234	0.42857143	0.33333333	0	0.8	0.2	0.98181818	0	1	0	0	1.6094379	-0	5	1	-0
am	Zodiac	ELIGIBLE	9	7	5	0.006741573	0.58333333	0.71428571	0	0.22222222	0.77777778	0.52118406	0.33333333	0.33333333	0	0	1.8891592	1.9459101	6.6138052	7	1.0986123
ar	Astronomical	ELIGIBLE	13	3	2	0.014428413	0.375	0.5	0	0.15384615	0.84615385	0.70130148	0.076923077	0.61538462	0	0.076923077	2.5649494	2.2718685	13	9.6975038	0.85874091
ar	Biological	ELIGIBLE	16	12	12	0.0024922118	0.63157895	0.63157895	0	0.125	0.875	0.53569174	0.375	0.5	0	0.1875	2.6859453	2.4036404	14.672065	11.063378	0.97431475
ar	Cosmological	ELIGIBLE	53	11	9	0.023134003	1	1	0.037735849	0.075471698	0.88679245	0.47088297	0.39622642	0.33962264	0.018867925	0.1509434	3.632821	3.7113914	37.819353	40.910691	1.0852265
ar	Herbal	ELIGIBLE	84	42	41	0.0071647902	0.3255814	0.328	0.011904762	0.1547619	0.83333333	0.58860848	0.26190476	0.5	0.023809524	0.13095238	3.9782755	3.9745867	53.424825	53.228112	1.0391537
ar	Pharmaceutical	ELIGIBLE	6	5	4	0.002283105	0.3125	0.33333333	0	0	1	0.50440115	0.33333333	0.33333333	0	0	1.5607104	1.7917595	4.7622032	6	1.0986123
ar	Stars	ELIGIBLE	172	25	25	0.014698342	1	1	0	0.023255814	0.97674419	0.53943822	0.28488372	0.4244186	0.034883721	0.19767442	4.6340816	4.4810966	102.93334	88.331487	1.0806114
ar	Text	ELIGIBLE	38	6	5	0.015973098	0.85714286	0.83333333	0	0.078947368	0.92105263	0.51135064	0.28947368	0.34210526	0	0.23684211	3.3684465	3.2085809	29.033387	24.743947	1.0936916
ar	Zodiac	ELIGIBLE	29	12	7	0.021722846	1	1	0.034482759	0.13793103	0.82758621	0.55716636	0.24137931	0.4137931	0	0.17241379	3.2331835	2.9761388	25.360263	19.611945	1.0753613
aral	Astronomical	INSUFFICIENT_TOKEN_SUPPORT	1	1	1	0.0011098779	0.125	0.25	0	1	0	1	0	1	0	0	-0	NA	1	NA	-0
aral	Biological	INSUFFICIENT_TOKEN_SUPPORT	1	1	1	0.00015576324	0.052631579	0.052631579	0	1	0	1	0	1	0	0	-0	NA	1	NA	-0
aral	Cosmological	INSUFFICIENT_TOKEN_SUPPORT	1	1	1	0.00043649062	0.090909091	0.11111111	0	0	1	0.5483871	0	0	0	0	-0	-0	1	1	-0
aral	Herbal	INSUFFICIENT_TOKEN_SUPPORT	3	3	3	0.00025588536	0.023255814	0.024	0	0.33333333	0.66666667	0.81481481	0	0.66666667	0	0	1.0986123	0.69314718	3	2	0.63651417
aral	Pharmaceutical	INSUFFICIENT_TOKEN_SUPPORT	1	1	1	0.0003805175	0.0625	0.083333333	0	0	1	0.88888889	0	1	0	0	-0	-0	1	1	-0
aral	Stars	ELIGIBLE	9	8	8	0.0007690993	0.32	0.32	0	0.55555556	0.44444444	0.72160062	0.33333333	0.66666667	0	0	2.1972246	1.3862944	9	4	0.63651417
aral	Text	INSUFFICIENT_TOKEN_SUPPORT	2	2	2	0.00084068937	0.28571429	0.33333333	0	0	1	0.90454545	0	1	0	0	0.69314718	0.69314718	2	2	-0
aral	Zodiac	INSUFFICIENT_TOKEN_SUPPORT	2	2	2	0.0014981273	0.16666667	0.28571429	0.5	0.5	0	0.075757576	1	0	0	0	-0	-0	1	1	-0
ary	Astronomical	INSUFFICIENT_TOKEN_SUPPORT	3	2	2	0.0033296337	0.25	0.5	0	0.66666667	0.33333333	0.91666667	0	1	0	0	1.0986123	-0	3	1	-0
ary	Biological	INSUFFICIENT_TOKEN_SUPPORT	4	3	3	0.00062305296	0.15789474	0.15789474	0	1	0	1	0	1	0	0	1.3862944	NA	4	NA	-0
ary	Cosmological	INSUFFICIENT_TOKEN_SUPPORT	4	4	4	0.0017459625	0.36363636	0.44444444	0	1	0	1	0	1	0	0	1.3862944	NA	4	NA	-0
ary	Herbal	INSUFFICIENT_TOKEN_SUPPORT	3	3	3	0.00025588536	0.023255814	0.024	0	0.66666667	0.33333333	0.9047619	0	1	0	0	1.0986123	-0	3	1	-0
ary	Pharmaceutical	INSUFFICIENT_TOKEN_SUPPORT	2	2	2	0.00076103501	0.125	0.16666667	0	1	0	1	0	1	0	0	0.69314718	NA	2	NA	-0
ary	Stars	ELIGIBLE	7	6	6	0.00059818834	0.24	0.24	0	0.85714286	0.14285714	0.97619048	0	1	0	0	1.9459101	-0	7	1	-0
ary	Zodiac	INSUFFICIENT_TOKEN_SUPPORT	3	2	1	0.002247191	0.16666667	0.14285714	0	1	0	1	0	1	0	0	0.63651417	NA	1.8898816	NA	-0
c	Astronomical	INSUFFICIENT_TOKEN_SUPPORT	2	2	2	0.0022197558	0.25	0.5	0.5	0	0.5	0.1	1	0	0	0	-0	0.69314718	1	2	-0
c	Biological	INSUFFICIENT_TOKEN_SUPPORT	1	1	1	0.00015576324	0.052631579	0.052631579	1	0	0	0	1	0	0	0	NA	-0	NA	1	-0
c	Cosmological	ELIGIBLE	7	4	4	0.0030554343	0.36363636	0.44444444	0	0	1	0.49675237	0.28571429	0.28571429	0	0.14285714	1.4750763	1.4750763	4.3713693	4.3713693	1.0789922
c	Herbal	ELIGIBLE	28	24	23	0.0023882634	0.18604651	0.184	0.32142857	0	0.67857143	0.27348881	0.60714286	0.071428571	0	0.10714286	2.944439	2.9856309	19	19.79899	0.856278
c	Pharmaceutical	ELIGIBLE	5	5	5	0.0019025875	0.3125	0.41666667	0.6	0	0.4	0.12380952	0.8	0	0	0	0.69314718	0.50040242	2	1.6493849	0.50040242
c	Stars	INSUFFICIENT_TOKEN_SUPPORT	2	2	2	0.00017091096	0.08	0.08	0	0	1	0.18452381	1	0	0	0	0.69314718	0.69314718	2	2	-0
c	Text	INSUFFICIENT_TOKEN_SUPPORT	3	3	3	0.001261034	0.42857143	0.5	0.66666667	0.33333333	0	0.037037037	1	0	0	0.33333333	-0	0.69314718	1	2	-0
c	Zodiac	INSUFFICIENT_TOKEN_SUPPORT	2	2	2	0.0014981273	0.16666667	0.28571429	0.5	0	0.5	0.22093023	0.5	0	0	0	-0	0.69314718	1	2	0.69314718
d	Astronomical	INSUFFICIENT_TOKEN_SUPPORT	1	1	1	0.0011098779	0.125	0.25	0	0	1	0.84210526	0	1	0	0	-0	-0	1	1	-0
d	Biological	ELIGIBLE	5	4	4	0.0007788162	0.21052632	0.21052632	0.4	0.2	0.4	0.4	0.4	0.4	0	0	1.0986123	1.3862944	3	4	1.0549202
d	Cosmological	ELIGIBLE	14	4	4	0.0061108686	0.36363636	0.44444444	0.14285714	0.14285714	0.71428571	0.40070729	0.5	0.28571429	0	0.42857143	1.7481555	2.0228085	5.7439978	7.5595263	1.0346012
d	Herbal	ELIGIBLE	39	25	25	0.0033265097	0.19379845	0.2	0.025641026	0.30769231	0.66666667	0.68267053	0.20512821	0.64102564	0	0.12820513	3.4049279	2.5770176	30.112124	13.157837	0.89797229
d	Pharmaceutical	INSUFFICIENT_TOKEN_SUPPORT	2	2	2	0.00076103501	0.125	0.16666667	0.5	0	0.5	0.375	0.5	0.5	0	0.5	-0	0.69314718	1	2	0.69314718
d	Stars	INSUFFICIENT_TOKEN_SUPPORT	1	1	1	8.5455478e-05	0.04	0.04	0	0	1	0.8	0	1	0	0	-0	-0	1	1	-0
d	Text	ELIGIBLE	10	4	4	0.0042034468	0.57142857	0.66666667	0.5	0.6	0	0.37709402	0.5	0.3	0	0.2	1.6094379	1.3862944	5	4	1.029653
d	Zodiac	INSUFFICIENT_TOKEN_SUPPORT	1	1	1	0.00074906367	0.083333333	0.14285714	0	0	1	0.725	0	1	0	1	-0	-0	1	1	-0
dA	Astronomical	INSUFFICIENT_TOKEN_SUPPORT	3	3	2	0.0033296337	0.375	0.5	0	0	1	0.50131579	0.33333333	0.33333333	0	0.33333333	1.0986123	1.0986123	3	3	1.0986123
dA	Biological	ELIGIBLE	40	15	15	0.0062305296	0.78947368	0.78947368	0.225	0.05	0.725	0.43910784	0.375	0.3	0.025	0.075	3.1766334	3.2954836	23.965934	26.990463	1.0942801
dA	Cosmological	INSUFFICIENT_TOKEN_SUPPORT	1	1	1	0.00043649062	0.090909091	0.11111111	0	0	1	0.45454545	0	0	0	0	-0	-0	1	1	-0
dA	Herbal	ELIGIBLE	92	55	54	0.0078471511	0.42635659	0.432	0.13043478	0.20652174	0.66304348	0.61747483	0.19565217	0.54347826	0.010869565	0.010869565	3.9703858	4.066282	53.004976	58.33965	1.0011241
dA	Pharmaceutical	ELIGIBLE	12	8	7	0.00456621	0.5	0.58333333	0.25	0.16666667	0.58333333	0.4790293	0.41666667	0.41666667	0	0	2.1972246	2.3025851	9	10	1.0281839
dA	Stars	ELIGIBLE	49	14	14	0.0041873184	0.56	0.56	0.40816327	0.081632653	0.51020408	0.37647353	0.53061224	0.32653061	0	0	3.2536463	3.579389	25.88455	35.851628	0.97971212
dA	Text	ELIGIBLE	17	3	3	0.0071458596	0.42857143	0.5	0.29411765	0	0.70588235	0.38169592	0.47058824	0.29411765	0	0	2.4849066	2.6701199	12	14.441701	1.0551016
dHedy	Astronomical	INSUFFICIENT_TOKEN_SUPPORT	1	1	1	0.0011098779	0.125	0.25	0	0	1	0.38461538	0	0	0	0	-0	-0	1	1	-0
dHedy	Biological	ELIGIBLE	10	9	9	0.0015576324	0.47368421	0.47368421	0.8	0	0.2	0.13863636	0.8	0.1	0	0	0.69314718	2.1639557	2	8.7055056	0.63903186
dHedy	Cosmological	INSUFFICIENT_TOKEN_SUPPORT	1	1	1	0.00043649062	0.090909091	0.11111111	0	0	1	0.16666667	1	0	0	0	-0	-0	1	1	-0
dHedy	Herbal	ELIGIBLE	5	4	4	0.00042647561	0.031007752	0.032	0.6	0	0.4	0.28571429	0.6	0.2	0	0	0.69314718	1.6094379	2	5	0.95027054
dHedy	Stars	ELIGIBLE	10	9	9	0.00085455478	0.36	0.36	0.5	0.1	0.4	0.222114	0.8	0.1	0	0	1.6094379	2.1972246	5	9	0.63903186
dHedy	Text	INSUFFICIENT_TOKEN_SUPPORT	1	1	1	0.00042034468	0.14285714	0.16666667	1	0	0	0	1	0	0	0	NA	-0	NA	1	-0
dHol	Astronomical	INSUFFICIENT_TOKEN_SUPPORT	2	2	1	0.0022197558	0.25	0.25	1	0.5	0	0	1	0	0	0	NA	-0	NA	1	-0
dHol	Biological	INSUFFICIENT_TOKEN_SUPPORT	2	2	2	0.00031152648	0.10526316	0.10526316	0.5	0	0.5	0.375	0.5	0.5	0	0	-0	0.69314718	1	2	0.69314718
dHol	Cosmological	INSUFFICIENT_TOKEN_SUPPORT	1	1	1	0.00043649062	0.090909091	0.11111111	0	0	1	0.98113208	0	1	0	0	-0	-0	1	1	-0
dHol	Herbal	ELIGIBLE	16	16	16	0.0013647219	0.12403101	0.128	0.3125	0.0625	0.625	0.49412202	0.3125	0.5	0	0	2.3978953	2.6156306	11	13.675837	1.0239288
dHol	Stars	INSUFFICIENT_TOKEN_SUPPORT	2	2	2	0.00017091096	0.08	0.08	0.5	0	0.5	0.2	0.5	0	0	0	-0	0.69314718	1	2	0.69314718
dHol	Text	INSUFFICIENT_TOKEN_SUPPORT	1	1	1	0.00042034468	0.14285714	0.16666667	1	0	0	0	1	0	0	0	NA	-0	NA	1	-0
dHor	Astronomical	INSUFFICIENT_TOKEN_SUPPORT	1	1	1	0.0011098779	0.125	0.25	1	0	0	0	1	0	0	0	NA	-0	NA	1	-0
dHor	Biological	INSUFFICIENT_TOKEN_SUPPORT	1	1	1	0.00015576324	0.052631579	0.052631579	0	0	1	0.375	0	0	0	0	-0	-0	1	1	-0
dHor	Cosmological	INSUFFICIENT_TOKEN_SUPPORT	2	2	2	0.00087298123	0.18181818	0.22222222	0.5	0	0.5	0.48780488	0.5	0.5	0	0	-0	0.69314718	1	2	0.69314718
dHor	Herbal	ELIGIBLE	23	19	19	0.0019617878	0.14728682	0.152	0.47826087	0.043478261	0.47826087	0.26507309	0.60869565	0.13043478	0.043478261	0.043478261	2.4849066	3.0910425	12	22	0.91839872
dHy	Astronomical	INSUFFICIENT_TOKEN_SUPPORT	2	2	1	0.0022197558	0.25	0.25	1	0	0	0	1	0	0	0.5	NA	0.69314718	NA	2	-0
dHy	Biological	INSUFFICIENT_TOKEN_SUPPORT	1	1	1	0.00015576324	0.052631579	0.052631579	0	0	1	0.875	0	1	0	0	-0	-0	1	1	-0
dHy	Cosmological	INSUFFICIENT_TOKEN_SUPPORT	1	1	1	0.00043649062	0.090909091	0.11111111	0	0	1	0.64516129	0	0	0	0	-0	-0	1	1	-0
dHy	Herbal	ELIGIBLE	24	19	19	0.0020470829	0.14728682	0.152	0.16666667	0.083333333	0.75	0.59208003	0.20833333	0.58333333	0	0.083333333	2.7877881	2.9020023	16.245048	18.210572	0.96800459
dHy	Text	INSUFFICIENT_TOKEN_SUPPORT	1	1	1	0.00042034468	0.14285714	0.16666667	0	0	1	0.9	0	1	0	0	-0	-0	1	1	-0
dHy	Zodiac	INSUFFICIENT_TOKEN_SUPPORT	1	1	1	0.00074906367	0.083333333	0.14285714	0	0	1	0.15789474	1	0	0	0	-0	-0	1	1	-0
dSedy	Biological	ELIGIBLE	18	12	12	0.0028037383	0.63157895	0.63157895	0.94444444	0.11111111	0	0.018518519	0.94444444	0	0	0	-0	2.4799555	1	11.940733	0.21455916
dSedy	Cosmological	INSUFFICIENT_TOKEN_SUPPORT	2	1	1	0.00087298123	0.090909091	0.11111111	1	0	0	0	1	0	0	0	NA	0.69314718	NA	2	-0
dSedy	Herbal	ELIGIBLE	7	7	7	0.00059706585	0.054263566	0.056	0.85714286	0	0.14285714	0.011904762	1	0	0	0	-0	1.9459101	1	7	-0
dSedy	Stars	INSUFFICIENT_TOKEN_SUPPORT	4	4	4	0.00034182191	0.16	0.16	1	0	0	0	1	0	0	0	NA	1.3862944	NA	4	-0
dSedy	Text	INSUFFICIENT_TOKEN_SUPPORT	3	2	2	0.001261034	0.28571429	0.33333333	0.66666667	0	0.33333333	0.13333333	0.66666667	0	0	0	-0	1.0986123	1	3	0.63651417
daN	Astronomical	ELIGIBLE	11	6	4	0.012208657	0.75	1	0.090909091	0.18181818	0.72727273	0.55929659	0.18181818	0.27272727	0	0.090909091	2.3025851	2.1972246	10	9	0.99492363
daN	Biological	ELIGIBLE	81	17	17	0.012616822	0.89473684	0.89473684	0.20987654	0.098765432	0.69135802	0.4670528	0.37037037	0.30864198	0.012345679	0.012345679	3.7188517	3.900972	41.217037	49.45049	1.0954575
daN	Cosmological	ELIGIBLE	28	9	8	0.012221737	0.81818182	0.88888889	0.28571429	0.10714286	0.60714286	0.45343328	0.42857143	0.39285714	0.035714286	0.071428571	2.9957323	3.1634241	20	23.651441	1.0378146
daN	Herbal	ELIGIBLE	460	121	118	0.039235756	0.9379845	0.944	0.13043478	0.21956522	0.65	0.57927639	0.26956522	0.49347826	0.013043478	0.045652174	5.2210127	5.1904935	185.12157	179.55713	1.0431059
daN	Pharmaceutical	ELIGIBLE	98	16	12	0.037290715	1	1	0.13265306	0.06122449	0.80612245	0.49317577	0.33673469	0.34693878	0.020408163	0.06122449	4.1592365	4.4313781	64.022624	84.04716	1.0978796
daN	Stars	ELIGIBLE	130	23	23	0.011109212	0.92	0.92	0.39230769	0.053846154	0.55384615	0.32450558	0.56153846	0.2	0.0076923077	0.038461538	4.1039053	4.5374338	60.576392	93.450683	0.98778328
daN	Text	ELIGIBLE	31	6	5	0.013030685	0.85714286	0.83333333	0.29032258	0.12903226	0.58064516	0.39274543	0.58064516	0.29032258	0.032258065	0.12903226	3.0910425	3.0710804	22	21.565188	0.93892623
daN	Zodiac	ELIGIBLE	12	8	6	0.008988764	0.66666667	0.85714286	0.16666667	0.083333333	0.75	0.43477083	0.33333333	0.33333333	0	0	2.3025851	2.3978953	10	11	1.0986123
daiN	Astronomical	INSUFFICIENT_TOKEN_SUPPORT	1	1	1	0.0011098779	0.125	0.25	0	1	0	1	0	1	0	0	-0	NA	1	NA	-0
daiN	Biological	INSUFFICIENT_TOKEN_SUPPORT	2	2	2	0.00031152648	0.10526316	0.10526316	0.5	0	0.5	0.25	0.5	0	0	0	-0	0.69314718	1	2	0.69314718
daiN	Herbal	ELIGIBLE	12	12	12	0.0010235415	0.093023256	0.096	0	0.33333333	0.66666667	0.65544733	0.33333333	0.66666667	0	0	2.3693821	2.0794415	10.690785	8	0.63651417
daiN	Pharmaceutical	INSUFFICIENT_TOKEN_SUPPORT	2	2	2	0.00076103501	0.125	0.16666667	0	0	1	0.62867647	0	0.5	0	0	0.69314718	0.69314718	2	2	0.69314718
daiN	Stars	INSUFFICIENT_TOKEN_SUPPORT	3	3	3	0.00025636643	0.12	0.12	0.33333333	0	0.66666667	0.25384615	0.66666667	0	0	0	0.69314718	1.0986123	2	3	0.63651417
daiN	Text	INSUFFICIENT_TOKEN_SUPPORT	1	1	1	0.00042034468	0.14285714	0.16666667	0	1	0	1	0	1	0	0	-0	NA	1	NA	-0
daiir	Astronomical	ELIGIBLE	5	3	3	0.0055493896	0.375	0.75	0.2	0.2	0.6	0.58529412	0.2	0.6	0	0	1.3862944	1.3862944	4	4	0.95027054
daiir	Cosmological	INSUFFICIENT_TOKEN_SUPPORT	2	2	2	0.00087298123	0.18181818	0.22222222	0	0	1	0.52617164	0	0	0	0	0.69314718	0.69314718	2	2	-0
daiir	Herbal	ELIGIBLE	10	10	10	0.00085295121	0.07751938	0.08	0.3	0.1	0.6	0.41388889	0.5	0.4	0	0	1.9459101	2.1972246	7	9	0.94334839
daiir	Pharmaceutical	INSUFFICIENT_TOKEN_SUPPORT	1	1	1	0.0003805175	0.0625	0.083333333	0	0	1	0.75	0	1	0	0	-0	-0	1	1	-0
daiir	Stars	INSUFFICIENT_TOKEN_SUPPORT	3	3	3	0.00025636643	0.12	0.12	0.66666667	0	0.33333333	0.25925926	0.66666667	0.33333333	0	0	-0	1.0986123	1	3	0.63651417
daiir	Text	INSUFFICIENT_TOKEN_SUPPORT	2	2	2	0.00084068937	0.28571429	0.33333333	0.5	0	0.5	0.11111111	1	0	0	0	-0	0.69314718	1	2	-0
daiir	Zodiac	INSUFFICIENT_TOKEN_SUPPORT	2	2	1	0.0014981273	0.16666667	0.14285714	0	0	1	0.47870598	0	0	0	0	0.69314718	0.69314718	2	2	-0
dair	Astronomical	ELIGIBLE	9	3	3	0.0099889012	0.375	0.75	0.22222222	0	0.77777778	0.55705128	0.22222222	0.55555556	0	0	1.9459101	2.1972246	7	9	0.99502699
dair	Biological	INSUFFICIENT_TOKEN_SUPPORT	3	3	3	0.00046728972	0.15789474	0.15789474	0.66666667	0	0.33333333	0.25925926	0.66666667	0.33333333	0	0	-0	1.0986123	1	3	0.63651417
dair	Cosmological	ELIGIBLE	12	6	5	0.0052378874	0.54545455	0.55555556	0.41666667	0	0.58333333	0.29943048	0.58333333	0.33333333	0	0	1.9459101	2.3693821	7	10.690785	0.88769428
dair	Herbal	ELIGIBLE	35	34	34	0.0029853292	0.26356589	0.272	0.2	0.085714286	0.71428571	0.52385075	0.31428571	0.42857143	0	0	3.282694	3.3790925	26.647464	29.344129	1.0761303
dair	Pharmaceutical	ELIGIBLE	14	6	6	0.0053272451	0.375	0.5	0.071428571	0.14285714	0.78571429	0.45868001	0.42857143	0.35714286	0	0	2.5649494	2.2538576	13	9.5244063	1.0609442
dair	Stars	ELIGIBLE	31	17	17	0.0026491198	0.68	0.68	0.38709677	0.032258065	0.58064516	0.34193298	0.51612903	0.25806452	0.032258065	0.032258065	2.8714761	3.1329577	17.663072	22.941735	1.0269445
dair	Text	ELIGIBLE	7	3	3	0.0029424128	0.42857143	0.5	0.28571429	0.14285714	0.57142857	0.45598846	0.42857143	0.28571429	0	0	1.6094379	1.7917595	5	6	1.0789922
dair	Zodiac	INSUFFICIENT_TOKEN_SUPPORT	1	1	1	0.00074906367	0.083333333	0.14285714	0	0	1	0.27272727	1	0	0	0	-0	-0	1	1	-0
dal	Astronomical	ELIGIBLE	6	4	2	0.0066592675	0.5	0.5	0	0.16666667	0.83333333	0.67674711	0.16666667	0.5	0	0.16666667	1.7917595	1.6094379	6	5	1.0114043
dal	Biological	ELIGIBLE	63	17	17	0.0098130841	0.89473684	0.89473684	0.079365079	0.15873016	0.76190476	0.5775012	0.20634921	0.46031746	0.015873016	0.11111111	3.6928971	3.5221701	40.161029	33.857825	1.0489936
dal	Cosmological	ELIGIBLE	21	8	7	0.0091663029	0.72727273	0.77777778	0.047619048	0.047619048	0.9047619	0.52351886	0.23809524	0.28571429	0	0.095238095	2.9957323	2.9957323	20	20	1.0529226
dal	Herbal	ELIGIBLE	65	44	44	0.0055441829	0.34108527	0.352	0	0.35384615	0.64615385	0.70406786	0.13846154	0.66153846	0	0.030769231	3.918456	3.5601763	50.322687	35.169396	0.86898777
dal	Pharmaceutical	ELIGIBLE	24	10	8	0.0091324201	0.625	0.66666667	0	0.16666667	0.83333333	0.65295951	0.125	0.58333333	0	0	3.004767	2.9957323	20.181514	20	0.93372006
dal	Stars	ELIGIBLE	36	18	18	0.0030763972	0.72	0.72	0.027777778	0.22222222	0.75	0.64142547	0.22222222	0.52777778	0	0.083333333	3.5553481	3.282694	35	26.647464	1.0181052
dal	Text	ELIGIBLE	20	6	5	0.0084068937	0.85714286	0.83333333	0.05	0.05	0.9	0.62272727	0.15	0.55	0	0.05	2.7709739	2.8714761	15.974183	17.663072	0.97457019
dal	Zodiac	ELIGIBLE	7	5	4	0.0052434457	0.41666667	0.57142857	0	0.14285714	0.85714286	0.62326945	0.28571429	0.57142857	0	0	1.9459101	1.5607104	7	4.7622032	0.95569989
daldy	Astronomical	INSUFFICIENT_TOKEN_SUPPORT	1	1	1	0.0011098779	0.125	0.25	0	1	0	1	0	1	0	0	-0	NA	1	NA	-0
daldy	Biological	ELIGIBLE	6	5	5	0.00093457944	0.26315789	0.26315789	0.33333333	0.66666667	0	0.48511905	0.5	0.33333333	0	0	1.3862944	0.69314718	4	2	1.0114043
daldy	Cosmological	INSUFFICIENT_TOKEN_SUPPORT	1	1	1	0.00043649062	0.090909091	0.11111111	0	1	0	1	0	1	0	0	-0	NA	1	NA	-0
daldy	Herbal	ELIGIBLE	5	5	5	0.00042647561	0.03875969	0.04	0	0.6	0.4	0.875	0	0.8	0	0	1.6094379	0.69314718	5	2	0.50040242
daldy	Pharmaceutical	INSUFFICIENT_TOKEN_SUPPORT	2	1	1	0.00076103501	0.0625	0.083333333	0	0.5	0.5	0.72222222	0	0.5	0	0	0.69314718	-0	2	1	0.69314718
daldy	Stars	ELIGIBLE	5	5	5	0.00042727739	0.2	0.2	0	0.4	0.6	0.665	0.2	0.4	0	0	1.6094379	1.0986123	5	3	1.0549202
daldy	Text	INSUFFICIENT_TOKEN_SUPPORT	1	1	1	0.00042034468	0.14285714	0.16666667	0	0	1	0.90909091	0	1	0	0	-0	-0	1	1	-0
daly	Biological	ELIGIBLE	6	5	5	0.00093457944	0.26315789	0.26315789	0.16666667	0.5	0.33333333	0.62962963	0.33333333	0.5	0	0	1.6094379	1.0986123	5	3	1.0114043
daly	Cosmological	INSUFFICIENT_TOKEN_SUPPORT	4	4	4	0.0017459625	0.36363636	0.44444444	0	1	0	1	0	1	0	0	1.3862944	NA	4	NA	-0
daly	Herbal	ELIGIBLE	8	8	8	0.00068236097	0.062015504	0.064	0	0.5	0.5	0.703125	0.125	0.5	0	0	1.9061547	1.3862944	6.7271713	4	0.97431475
daly	Pharmaceutical	INSUFFICIENT_TOKEN_SUPPORT	1	1	1	0.0003805175	0.0625	0.083333333	0	1	0	1	0	1	0	0	-0	NA	1	NA	-0
daly	Stars	ELIGIBLE	5	3	3	0.00042727739	0.12	0.12	0	0.2	0.8	0.79700855	0	0.8	0	0	1.6094379	1.3862944	5	4	0.50040242
daly	Text	INSUFFICIENT_TOKEN_SUPPORT	4	2	2	0.0016813787	0.28571429	0.33333333	0	0.5	0.5	0.725	0.25	0.5	0	0	1.3862944	0.69314718	4	2	1.0397208
daly	Zodiac	INSUFFICIENT_TOKEN_SUPPORT	3	3	2	0.002247191	0.25	0.28571429	0	0.33333333	0.66666667	0.67353067	0.33333333	0.66666667	0	0	1.0986123	0.69314718	3	2	0.63651417
dam	Astronomical	INSUFFICIENT_TOKEN_SUPPORT	2	2	2	0.0022197558	0.25	0.5	0	1	0	1	0	1	0	0	0.69314718	NA	2	NA	-0
dam	Biological	ELIGIBLE	7	6	6	0.0010903427	0.31578947	0.31578947	0	1	0	1	0	1	0	0	1.4750763	NA	4.3713693	NA	-0
dam	Cosmological	ELIGIBLE	5	4	3	0.0021824531	0.36363636	0.33333333	0	0.6	0.4	0.81414141	0	0.6	0	0	1.6094379	0.69314718	5	2	0.67301167
dam	Herbal	ELIGIBLE	46	34	34	0.0039235756	0.26356589	0.272	0	0.52173913	0.47826087	0.82484864	0.043478261	0.76086957	0.02173913	0.043478261	3.5045231	3.0910425	33.265577	22	0.66345666
dam	Pharmaceutical	ELIGIBLE	10	6	5	0.003805175	0.375	0.41666667	0.1	0.5	0.4	0.64345238	0.2	0.5	0	0	2.1972246	1.6094379	9	5	1.029653
dam	Stars	ELIGIBLE	14	10	10	0.0011963767	0.4	0.4	0	0.92857143	0.071428571	0.93650794	0.071428571	0.92857143	0	0	2.6390573	-0	14	1	0.25731864
dam	Text	INSUFFICIENT_TOKEN_SUPPORT	4	2	2	0.0016813787	0.28571429	0.33333333	0	0.5	0.5	0.9125	0	1	0	0.25	1.3862944	0.69314718	4	2	-0
dan	Cosmological	INSUFFICIENT_TOKEN_SUPPORT	1	1	1	0.00043649062	0.090909091	0.11111111	0	0	1	0.81818182	0	1	0	0	-0	-0	1	1	-0
dan	Herbal	ELIGIBLE	16	12	12	0.0013647219	0.093023256	0.096	0	0.625	0.375	0.83650117	0.125	0.8125	0	0	2.6859453	1.7917595	14.672065	6	0.60192397
dan	Pharmaceutical	INSUFFICIENT_TOKEN_SUPPORT	1	1	1	0.0003805175	0.0625	0.083333333	0	1	0	1	0	1	0	0	-0	NA	1	NA	-0
dan	Text	INSUFFICIENT_TOKEN_SUPPORT	1	1	1	0.00042034468	0.14285714	0.16666667	0	1	0	1	0	1	0	0	-0	NA	1	NA	-0
dan	Zodiac	INSUFFICIENT_TOKEN_SUPPORT	1	1	1	0.00074906367	0.083333333	0.14285714	0	1	0	1	0	1	0	0	-0	NA	1	NA	-0
dar	Astronomical	ELIGIBLE	10	6	4	0.011098779	0.75	1	0.3	0.1	0.6	0.54333333	0.3	0.5	0.1	0.1	1.9459101	2.1972246	7	9	1.029653
dar	Biological	ELIGIBLE	59	16	16	0.0091900312	0.84210526	0.84210526	0.06779661	0.10169492	0.83050847	0.53953274	0.27118644	0.40677966	0.016949153	0.016949153	3.5094043	3.6564139	33.428348	38.722234	1.0846722
dar	Cosmological	ELIGIBLE	27	10	8	0.011785247	0.90909091	0.88888889	0.037037037	0.11111111	0.85185185	0.56623368	0.22222222	0.37037037	0	0	3.2580965	3.1780538	26	24	1.0679385
dar	Herbal	ELIGIBLE	117	66	65	0.0099795292	0.51162791	0.52	0.11111111	0.21367521	0.67521368	0.59313322	0.23931624	0.51282051	0.0085470085	0.034188034	4.4844339	4.2391821	88.626761	69.351107	1.0304305
dar	Pharmaceutical	ELIGIBLE	25	12	9	0.0095129376	0.75	0.75	0.32	0.24	0.44	0.4862398	0.4	0.4	0	0	2.8332133	2.8714761	17	17.663072	1.0549202
dar	Stars	ELIGIBLE	47	20	20	0.0040164075	0.8	0.8	0.25531915	0.042553191	0.70212766	0.41053981	0.46808511	0.31914894	0	0	3.4215729	3.5485824	30.617535	34.764002	1.0490936
dar	Text	ELIGIBLE	32	6	5	0.01345103	0.85714286	0.83333333	0.03125	0.125	0.84375	0.62539084	0.15625	0.5625	0	0	3.3445489	3.1649855	28.347784	23.688401	0.9704577
dar	Zodiac	ELIGIBLE	7	5	4	0.0052434457	0.41666667	0.57142857	0	0	1	0.50158053	0.42857143	0.57142857	0	0	1.7478681	1.9459101	5.7423475	7	0.6829081
dary	Astronomical	INSUFFICIENT_TOKEN_SUPPORT	3	3	3	0.0033296337	0.375	0.75	0.33333333	1	0	0.66666667	0.33333333	0.66666667	0	0	0.69314718	NA	2	NA	0.63651417
dary	Biological	INSUFFICIENT_TOKEN_SUPPORT	4	3	3	0.00062305296	0.15789474	0.15789474	0.25	0.75	0	0.71428571	0.25	0.75	0	0	1.0986123	-0	3	1	0.56233514
dary	Cosmological	INSUFFICIENT_TOKEN_SUPPORT	1	1	1	0.00043649062	0.090909091	0.11111111	1	0	0	0	1	0	0	0	NA	-0	NA	1	-0
dary	Herbal	ELIGIBLE	8	7	7	0.00068236097	0.054263566	0.056	0	0.75	0.25	0.959375	0	1	0	0	2.0794415	0.69314718	8	2	-0
dary	Pharmaceutical	INSUFFICIENT_TOKEN_SUPPORT	1	1	1	0.0003805175	0.0625	0.083333333	1	1	0	0	1	0	0	0	NA	NA	NA	NA	-0
dary	Stars	INSUFFICIENT_TOKEN_SUPPORT	4	4	4	0.00034182191	0.16	0.16	0	0.75	0.25	0.95	0	1	0	0	1.3862944	-0	4	1	-0
dary	Text	INSUFFICIENT_TOKEN_SUPPORT	2	1	1	0.00084068937	0.14285714	0.16666667	0.5	0.5	0	0.375	0.5	0.5	0	0	-0	-0	1	1	0.69314718
dl	Biological	ELIGIBLE	5	3	3	0.0007788162	0.15789474	0.15789474	0.2	0.4	0.4	0.69777778	0.2	0.6	0	0	1.3862944	1.0986123	4	3	0.95027054
dl	Cosmological	INSUFFICIENT_TOKEN_SUPPORT	3	2	2	0.0013094718	0.18181818	0.22222222	0	0.66666667	0.33333333	0.79569892	0	0.66666667	0	0	1.0986123	-0	3	1	0.63651417
dl	Herbal	ELIGIBLE	5	5	5	0.00042647561	0.03875969	0.04	0	0.4	0.6	0.66111111	0.2	0.6	0	0.2	1.6094379	1.0986123	5	3	0.95027054
dl	Stars	ELIGIBLE	6	5	5	0.00051273287	0.2	0.2	0	0.66666667	0.33333333	0.82777778	0.16666667	0.83333333	0	0	1.7917595	0.69314718	6	2	0.45056121
dl	Text	INSUFFICIENT_TOKEN_SUPPORT	2	2	2	0.00084068937	0.28571429	0.33333333	0	0	1	0.43560606	0	0	0	0	0.69314718	0.69314718	2	2	-0
dol	Astronomical	INSUFFICIENT_TOKEN_SUPPORT	2	2	2	0.0022197558	0.25	0.5	0	0	1	0.76185897	0	0.5	0	0	0.69314718	0.69314718	2	2	0.69314718
dol	Biological	ELIGIBLE	28	16	16	0.0043613707	0.84210526	0.84210526	0.17857143	0	0.82142857	0.43135823	0.35714286	0.28571429	0	0	3.0149469	3.115475	20.388008	22.544137	1.0933747
dol	Cosmological	INSUFFICIENT_TOKEN_SUPPORT	2	2	2	0.00087298123	0.18181818	0.22222222	0	0	1	0.5200391	0.5	0.5	0	0	0.69314718	0.69314718	2	2	0.69314718
dol	Herbal	ELIGIBLE	48	33	33	0.0040941658	0.25581395	0.264	0.10416667	0.10416667	0.79166667	0.5657708	0.22916667	0.47916667	0.020833333	0.10416667	3.5677637	3.5233557	35.437256	33.89799	1.049534
dol	Pharmaceutical	ELIGIBLE	18	9	8	0.0068493151	0.5625	0.66666667	0.16666667	0	0.83333333	0.47620536	0.33333333	0.22222222	0	0	2.4307913	2.6593227	11.367874	14.286609	1.0608569
dol	Stars	ELIGIBLE	7	6	6	0.00059818834	0.24	0.24	0.14285714	0.14285714	0.71428571	0.46558442	0.28571429	0.14285714	0	0	1.7917595	1.7917595	6	6	0.95569989
dol	Text	INSUFFICIENT_TOKEN_SUPPORT	4	3	3	0.0016813787	0.42857143	0.5	0	0	1	0.33400974	0.25	0	0	0	1.3862944	1.3862944	4	4	0.56233514
dor	Astronomical	INSUFFICIENT_TOKEN_SUPPORT	1	1	1	0.0011098779	0.125	0.25	0	0	1	0.79411765	0	1	0	0	-0	-0	1	1	-0
dor	Biological	ELIGIBLE	8	6	6	0.0012461059	0.31578947	0.31578947	0.125	0.25	0.625	0.734375	0.125	0.75	0	0	1.9459101	1.7917595	7	6	0.73562194
dor	Cosmological	INSUFFICIENT_TOKEN_SUPPORT	1	1	1	0.00043649062	0.090909091	0.11111111	1	1	0	0	1	0	0	0	NA	NA	NA	NA	-0
dor	Herbal	ELIGIBLE	42	32	32	0.0035823951	0.24806202	0.256	0.26190476	0.023809524	0.71428571	0.39590978	0.4047619	0.26190476	0	0.047619048	3.3445489	3.4092635	28.347784	30.242964	1.0831868
dor	Pharmaceutical	ELIGIBLE	9	5	4	0.0034246575	0.3125	0.33333333	0.22222222	0.11111111	0.66666667	0.39849903	0.44444444	0.22222222	0	0	1.7478681	2.0794415	5.7423475	8	1.0608569
dor	Stars	INSUFFICIENT_TOKEN_SUPPORT	3	3	3	0.00025636643	0.12	0.12	1	0	0	0	1	0	0	0	NA	1.0986123	NA	3	-0
dor	Text	INSUFFICIENT_TOKEN_SUPPORT	4	1	1	0.0016813787	0.14285714	0.16666667	0.5	0.5	0	0.5	0.5	0.5	0	0	0.69314718	0.69314718	2	2	0.69314718
dy	Astronomical	ELIGIBLE	10	4	3	0.011098779	0.5	0.75	0	0.6	0.4	0.88435143	0	0.9	0.1	0.1	2.3025851	1.3862944	10	4	0.32508297
dy	Biological	ELIGIBLE	52	18	18	0.0080996885	0.94736842	0.94736842	0	0.30769231	0.69230769	0.70510793	0.11538462	0.63461538	0	0	3.6378642	3.2609189	38.010568	26.073484	0.88432741
dy	Cosmological	ELIGIBLE	20	8	7	0.0087298123	0.72727273	0.77777778	0	0.45	0.55	0.7135785	0.2	0.6	0.05	0.05	2.8309404	2.3978953	16.961404	11	0.95027054
dy	Herbal	ELIGIBLE	147	77	77	0.012538383	0.59689922	0.616	0.013605442	0.33333333	0.65306122	0.70311878	0.10204082	0.62585034	0.054421769	0.10204082	4.5717013	4.200451	96.708499	66.71641	0.88036129
dy	Pharmaceutical	ELIGIBLE	15	12	10	0.0057077626	0.75	0.83333333	0	0.6	0.4	0.81047379	0	0.66666667	0	0	2.7080502	1.7917595	15	6	0.63651417
dy	Stars	ELIGIBLE	19	14	14	0.0016236541	0.56	0.56	0	0.21052632	0.78947368	0.63823019	0.21052632	0.52631579	0	0	2.944439	2.7080502	19	15	1.0171644
dy	Text	ELIGIBLE	12	5	4	0.0050441362	0.71428571	0.66666667	0	0.41666667	0.58333333	0.82111823	0.083333333	0.91666667	0	0	2.4849066	1.9459101	12	7	0.28683598
dy	Zodiac	ELIGIBLE	8	7	5	0.0059925094	0.58333333	0.71428571	0	0.375	0.625	0.77000933	0.125	0.75	0	0	2.0794415	1.6094379	8	5	0.73562194
k	Cosmological	ELIGIBLE	8	2	2	0.0034919249	0.18181818	0.22222222	0	0	1	0.53271446	0.125	0.25	0	0.75	1.0735428	1.3862944	2.9257266	4	0.90025605
k	Herbal	ELIGIBLE	8	6	6	0.00068236097	0.046511628	0.048	0.375	0.25	0.375	0.21233766	0.75	0.125	0	0.25	1.6094379	1.5607104	5	4.7622032	0.73562194
k	Stars	INSUFFICIENT_TOKEN_SUPPORT	1	1	1	8.5455478e-05	0.04	0.04	0	0	1	0.30769231	1	0	0	0	-0	-0	1	1	-0
k	Text	INSUFFICIENT_TOKEN_SUPPORT	2	2	2	0.00084068937	0.28571429	0.33333333	0.5	0.5	0	0.4	0.5	0.5	0	0	-0	-0	1	1	0.69314718
k	Zodiac	INSUFFICIENT_TOKEN_SUPPORT	1	1	1	0.00074906367	0.083333333	0.14285714	0	0	1	0.55263158	0	0	0	0	-0	-0	1	1	-0
kA	Biological	ELIGIBLE	14	7	7	0.0021806854	0.36842105	0.36842105	0	0.071428571	0.92857143	0.46156205	0.35714286	0.28571429	0	0	2.4036404	2.4583113	11.063378	11.685063	1.0933747
kA	Herbal	ELIGIBLE	5	5	5	0.00042647561	0.03875969	0.04	0	0	1	0.35914086	0.4	0	0	0	1.332179	1.6094379	3.7892914	5	0.67301167
kA	Stars	ELIGIBLE	20	12	12	0.0017091096	0.48	0.48	0	0.1	0.9	0.60695951	0.15	0.4	0	0	2.5105292	2.8133554	12.311444	16.665745	1.0104128
kA	Text	INSUFFICIENT_TOKEN_SUPPORT	4	3	2	0.0016813787	0.42857143	0.33333333	0	0	1	0.36111111	0.5	0	0	0	1.3862944	1.3862944	4	4	0.69314718
kEdy	Biological	ELIGIBLE	17	10	10	0.0026479751	0.52631579	0.52631579	0	0.058823529	0.94117647	0.57692487	0.29411765	0.52941176	0	0	2.1967558	2.6859453	8.995782	14.672065	1.00274
kEdy	Cosmological	INSUFFICIENT_TOKEN_SUPPORT	1	1	1	0.00043649062	0.090909091	0.11111111	0	0	1	0.2	1	0	0	0	-0	-0	1	1	-0
kEdy	Herbal	ELIGIBLE	9	7	7	0.00076765609	0.054263566	0.056	0	0.11111111	0.88888889	0.40806046	0.66666667	0.22222222	0	0.11111111	2.0431919	2.0794415	7.7151958	8	0.84868556
kEdy	Stars	ELIGIBLE	34	15	15	0.0029054862	0.6	0.6	0	0.11764706	0.88235294	0.58520181	0.23529412	0.47058824	0	0	2.9655275	3.3549876	19.404937	28.645248	1.0551016
kEdy	Text	INSUFFICIENT_TOKEN_SUPPORT	1	1	1	0.00042034468	0.14285714	0.16666667	0	0	1	0.3	1	0	0	0	-0	-0	1	1	-0
kEy	Astronomical	INSUFFICIENT_TOKEN_SUPPORT	4	3	3	0.0044395117	0.375	0.75	0	0.25	0.75	0.56570513	0.25	0.5	0	0	1.3862944	0.63651417	4	1.8898816	1.0397208
kEy	Biological	INSUFFICIENT_TOKEN_SUPPORT	3	3	3	0.00046728972	0.15789474	0.15789474	0	0	1	0.47272727	0.33333333	0.33333333	0	0	1.0986123	1.0986123	3	3	1.0986123
kEy	Cosmological	INSUFFICIENT_TOKEN_SUPPORT	1	1	1	0.00043649062	0.090909091	0.11111111	0	0	1	0.66666667	0	1	0	0	-0	-0	1	1	-0
kEy	Herbal	ELIGIBLE	14	13	13	0.0011941317	0.10077519	0.104	0	0.071428571	0.92857143	0.58690476	0.21428571	0.5	0	0	2.5400363	2.4583113	12.680131	11.685063	1.0346012
kEy	Pharmaceutical	ELIGIBLE	7	5	5	0.0026636225	0.3125	0.41666667	0	0	1	0.52039196	0.28571429	0.28571429	0	0.14285714	1.9459101	1.9459101	7	7	1.0789922
kEy	Stars	ELIGIBLE	22	13	13	0.0018800205	0.52	0.52	0	0.045454545	0.95454545	0.42669389	0.45454545	0.22727273	0	0	2.2828491	2.9124944	9.8045747	18.402645	1.0594783
kEy	Text	INSUFFICIENT_TOKEN_SUPPORT	3	2	2	0.001261034	0.28571429	0.33333333	0	0	1	0.63532764	0	0.66666667	0.33333333	0.33333333	1.0986123	1.0986123	3	3	0.63651417
kEy	Zodiac	INSUFFICIENT_TOKEN_SUPPORT	2	2	2	0.0014981273	0.16666667	0.28571429	0	0	1	0.39305556	0	0	0	0	0.69314718	0.69314718	2	2	-0
kHdy	Biological	INSUFFICIENT_TOKEN_SUPPORT	3	1	1	0.00046728972	0.052631579	0.052631579	0	0	1	0.57272727	0	0.33333333	0	0	1.0986123	1.0986123	3	3	0.63651417
kHdy	Cosmological	INSUFFICIENT_TOKEN_SUPPORT	1	1	1	0.00043649062	0.090909091	0.11111111	0	0	1	0.55555556	0	0	0	0	-0	-0	1	1	-0
kHdy	Herbal	ELIGIBLE	14	12	12	0.0011941317	0.093023256	0.096	0.071428571	0.14285714	0.78571429	0.56114719	0.21428571	0.35714286	0	0.071428571	2.5649494	2.4849066	13	12	1.0609442
kHdy	Stars	INSUFFICIENT_TOKEN_SUPPORT	1	1	1	8.5455478e-05	0.04	0.04	0	0	1	0.33333333	0	0	0	0	-0	-0	1	1	-0
kHdy	Text	INSUFFICIENT_TOKEN_SUPPORT	1	1	1	0.00042034468	0.14285714	0.16666667	0	0	1	0.36363636	0	0	0	0	-0	-0	1	1	-0
kHedy	Biological	INSUFFICIENT_TOKEN_SUPPORT	2	2	2	0.00031152648	0.10526316	0.10526316	0	0	1	0.1625	1	0	0	0	0.69314718	0.69314718	2	2	-0
kHedy	Herbal	ELIGIBLE	5	4	4	0.00042647561	0.031007752	0.032	0.2	0	0.8	0.21666667	0.6	0	0	0	1.3862944	1.6094379	4	5	0.67301167
kHedy	Stars	ELIGIBLE	13	10	10	0.0011109212	0.4	0.4	0	0	1	0.46916502	0.30769231	0.30769231	0	0	2.4583113	2.5649494	11.685063	13	1.0928306
kHedy	Text	INSUFFICIENT_TOKEN_SUPPORT	2	2	2	0.00084068937	0.28571429	0.33333333	0	0	1	0.46464646	0.5	0.5	0	0	0.69314718	0.69314718	2	2	0.69314718
kHey	Astronomical	INSUFFICIENT_TOKEN_SUPPORT	1	1	1	0.0011098779	0.125	0.25	0	0	1	0.5	0	0	0	0	-0	-0	1	1	-0
kHey	Biological	INSUFFICIENT_TOKEN_SUPPORT	3	3	3	0.00046728972	0.15789474	0.15789474	0	0	1	0.58537759	0	0.33333333	0	0	1.0986123	1.0986123	3	3	0.63651417
kHey	Herbal	ELIGIBLE	13	13	13	0.0011088366	0.10077519	0.104	0.15384615	0	0.84615385	0.46968864	0.30769231	0.46153846	0	0	2.3978953	2.5649494	11	13	1.0579054
kHey	Pharmaceutical	INSUFFICIENT_TOKEN_SUPPORT	1	1	1	0.0003805175	0.0625	0.083333333	0	0	1	0.38095238	0	0	0	0	-0	-0	1	1	-0
kHey	Stars	INSUFFICIENT_TOKEN_SUPPORT	4	4	4	0.00034182191	0.16	0.16	0	0	1	0.4493007	0.5	0.25	0	0	1.3862944	1.3862944	4	4	1.0397208
kHol	Biological	INSUFFICIENT_TOKEN_SUPPORT	1	1	1	0.00015576324	0.052631579	0.052631579	0	0	1	0.44444444	0	0	0	0	-0	-0	1	1	-0
kHol	Herbal	ELIGIBLE	21	17	17	0.0017911975	0.13178295	0.136	0.095238095	0	0.9047619	0.38429705	0.52380952	0.23809524	0	0	2.7709739	2.6646192	15.974183	14.362479	1.0220831
kHol	Pharmaceutical	INSUFFICIENT_TOKEN_SUPPORT	1	1	1	0.0003805175	0.0625	0.083333333	0	0	1	0.5	0	0	0	0	-0	-0	1	1	-0
kHol	Stars	INSUFFICIENT_TOKEN_SUPPORT	1	1	1	8.5455478e-05	0.04	0.04	0	0	1	0.73333333	0	1	0	0	-0	-0	1	1	-0
kHol	Text	INSUFFICIENT_TOKEN_SUPPORT	1	1	1	0.00042034468	0.14285714	0.16666667	0	0	1	0.75	0	1	0	0	-0	-0	1	1	-0
kHor	Herbal	ELIGIBLE	18	18	18	0.0015353122	0.13953488	0.144	0.33333333	0.055555556	0.61111111	0.31494709	0.61111111	0.22222222	0	0	2.4849066	2.7516666	12	15.668724	0.93382385
kHor	Pharmaceutical	INSUFFICIENT_TOKEN_SUPPORT	1	1	1	0.0003805175	0.0625	0.083333333	0	0	1	0.75	0	1	0	0	-0	-0	1	1	-0
kHor	Stars	INSUFFICIENT_TOKEN_SUPPORT	1	1	1	8.5455478e-05	0.04	0.04	0	0	1	0.5	0	0	0	0	-0	-0	1	1	-0
kHy	Astronomical	INSUFFICIENT_TOKEN_SUPPORT	2	2	2	0.0022197558	0.25	0.5	0	0	1	0.375	0.5	0	0	0	0.69314718	0.69314718	2	2	0.69314718
kHy	Herbal	ELIGIBLE	32	26	26	0.0027294439	0.20155039	0.208	0	0.09375	0.90625	0.57289187	0.21875	0.4375	0.03125	0.09375	3.1709395	3.3194926	23.829863	27.646319	1.061204
kHy	Stars	INSUFFICIENT_TOKEN_SUPPORT	1	1	1	8.5455478e-05	0.04	0.04	0	0	1	0.875	0	1	0	0	-0	-0	1	1	-0
kHy	Text	INSUFFICIENT_TOKEN_SUPPORT	1	1	1	0.00042034468	0.14285714	0.16666667	0	0	1	0.44444444	0	0	0	0	-0	-0	1	1	-0
kaN	Biological	ELIGIBLE	7	5	5	0.0010903427	0.26315789	0.26315789	0	0	1	0.5363117	0.28571429	0.28571429	0	0	1.4750763	1.9459101	4.3713693	7	1.0789922
kaN	Cosmological	INSUFFICIENT_TOKEN_SUPPORT	2	2	2	0.00087298123	0.18181818	0.22222222	0	0.5	0.5	0.63207547	0.5	0.5	0	0	0.69314718	-0	2	1	0.69314718
kaN	Herbal	ELIGIBLE	24	19	19	0.0020470829	0.14728682	0.152	0	0.125	0.875	0.60436126	0.083333333	0.375	0	0.083333333	2.8314802	2.9124944	16.970563	18.402645	0.90698478
kaN	Stars	ELIGIBLE	36	16	16	0.0030763972	0.64	0.64	0.027777778	0	0.97222222	0.51186969	0.33333333	0.38888889	0	0	3.1839224	3.5450108	24.14126	34.640058	1.0893097
kaN	Text	ELIGIBLE	9	3	2	0.0037831021	0.42857143	0.33333333	0	0	1	0.53104056	0.33333333	0.44444444	0	0	1.8310205	2.1972246	6.2402515	9	1.0608569
kaN	Zodiac	INSUFFICIENT_TOKEN_SUPPORT	1	1	1	0.00074906367	0.083333333	0.14285714	0	0	1	0.34482759	0	0	0	0	-0	-0	1	1	-0
kal	Biological	INSUFFICIENT_TOKEN_SUPPORT	3	3	3	0.00046728972	0.15789474	0.15789474	0	0.33333333	0.66666667	0.59259259	0	0.33333333	0	0	1.0986123	0.69314718	3	2	0.63651417
kal	Herbal	ELIGIBLE	7	6	6	0.00059706585	0.046511628	0.048	0	0.14285714	0.85714286	0.79466089	0	1	0.14285714	0.28571429	1.9459101	1.7917595	7	6	-0
kal	Stars	ELIGIBLE	12	10	10	0.0010254657	0.4	0.4	0	0	1	0.54895429	0.16666667	0.25	0	0	1.9792045	2.3693821	7.2369838	10.690785	0.95961479
kal	Text	INSUFFICIENT_TOKEN_SUPPORT	4	3	3	0.0016813787	0.42857143	0.5	0	0	1	0.35277778	0.75	0.25	0	0	1.3862944	1.3862944	4	4	0.56233514
kal	Zodiac	INSUFFICIENT_TOKEN_SUPPORT	1	1	1	0.00074906367	0.083333333	0.14285714	0	1	0	1	0	1	0	0	-0	NA	1	NA	-0
kar	Biological	ELIGIBLE	7	6	6	0.0010903427	0.31578947	0.31578947	0	0	1	0.34444444	0.71428571	0.28571429	0	0	1.7478681	1.7478681	5.7423475	5.7423475	0.59826959
kar	Cosmological	INSUFFICIENT_TOKEN_SUPPORT	1	1	1	0.00043649062	0.090909091	0.11111111	0	0	1	0.93548387	0	1	0	0	-0	-0	1	1	-0
kar	Herbal	ELIGIBLE	22	16	16	0.0018764927	0.12403101	0.128	0	0	1	0.54471173	0.22727273	0.36363636	0	0.045454545	2.9650157	3.0280291	19.395008	20.65648	1.0702359
kar	Pharmaceutical	INSUFFICIENT_TOKEN_SUPPORT	1	1	1	0.0003805175	0.0625	0.083333333	0	0	1	0.75	0	1	0	0	-0	-0	1	1	-0
kar	Stars	ELIGIBLE	22	16	16	0.0018800205	0.64	0.64	0.045454545	0.13636364	0.81818182	0.59432682	0.22727273	0.54545455	0	0.045454545	3.0445224	2.944439	21	19	1.0040761
kar	Text	ELIGIBLE	6	4	3	0.0025220681	0.57142857	0.5	0	0	1	0.48088578	0.5	0.33333333	0	0	1.7917595	1.7917595	6	6	1.0114043
kar	Zodiac	INSUFFICIENT_TOKEN_SUPPORT	1	1	1	0.00074906367	0.083333333	0.14285714	1	1	0	0	1	0	0	0	NA	NA	NA	NA	-0
kedy	Biological	ELIGIBLE	18	9	9	0.0028037383	0.47368421	0.47368421	0.055555556	0.11111111	0.83333333	0.47906661	0.33333333	0.22222222	0	0.055555556	2.3598493	2.6859453	10.589355	14.672065	1.0608569
kedy	Herbal	ELIGIBLE	13	10	10	0.0011088366	0.07751938	0.08	0	0	1	0.49023199	0.30769231	0.38461538	0	0	2.4583113	2.5649494	11.685063	13	1.0928306
kedy	Stars	ELIGIBLE	14	10	10	0.0011963767	0.4	0.4	0	0.071428571	0.92857143	0.58095298	0.14285714	0.5	0	0	2.4410153	2.5649494	11.484695	13	0.99228197
kedy	Text	INSUFFICIENT_TOKEN_SUPPORT	2	2	2	0.00084068937	0.28571429	0.33333333	0	0	1	0.83888889	0	1	0	0.5	0.69314718	0.69314718	2	2	-0
keody	Cosmological	INSUFFICIENT_TOKEN_SUPPORT	2	2	2	0.00087298123	0.18181818	0.22222222	0	0	1	0.525	0.5	0.5	0	0	0.69314718	0.69314718	2	2	0.69314718
keody	Herbal	ELIGIBLE	9	8	8	0.00076765609	0.062015504	0.064	0	0	1	0.42213805	0.44444444	0.33333333	0	0	2.1972246	2.1972246	9	9	1.0608569
keody	Pharmaceutical	INSUFFICIENT_TOKEN_SUPPORT	2	2	2	0.00076103501	0.125	0.16666667	0	0	1	0.58571429	0	0	0	0	0.69314718	0.69314718	2	2	-0
keody	Stars	INSUFFICIENT_TOKEN_SUPPORT	3	3	3	0.00025636643	0.12	0.12	0	0	1	0.4974359	0	0.33333333	0	0	1.0986123	1.0986123	3	3	0.63651417
keody	Text	INSUFFICIENT_TOKEN_SUPPORT	4	3	3	0.0016813787	0.42857143	0.5	0	0	1	0.16628788	1	0	0	0	1.3862944	1.3862944	4	4	-0
keody	Zodiac	INSUFFICIENT_TOKEN_SUPPORT	1	1	1	0.00074906367	0.083333333	0.14285714	0	0	1	0.45945946	0	0	0	0	-0	-0	1	1	-0
keol	Astronomical	INSUFFICIENT_TOKEN_SUPPORT	2	2	2	0.0022197558	0.25	0.5	0	0	1	0.45833333	0.5	0.5	0	0	0.69314718	0.69314718	2	2	0.69314718
keol	Biological	INSUFFICIENT_TOKEN_SUPPORT	1	1	1	0.00015576324	0.052631579	0.052631579	0	0	1	0.25	1	0	0	0	-0	-0	1	1	-0
keol	Herbal	ELIGIBLE	10	10	10	0.00085295121	0.07751938	0.08	0	0.1	0.9	0.4369697	0.3	0.1	0	0.1	2.3025851	2.0431919	10	7.7151958	0.89794572
keol	Pharmaceutical	INSUFFICIENT_TOKEN_SUPPORT	2	2	2	0.00076103501	0.125	0.16666667	0	0	1	0.18465909	1	0	0	0	0.69314718	0.69314718	2	2	-0
keol	Stars	ELIGIBLE	6	4	4	0.00051273287	0.16	0.16	0.16666667	0	0.83333333	0.36060606	0.33333333	0	0	0	1.6094379	1.7917595	5	6	0.63651417
kol	Biological	INSUFFICIENT_TOKEN_SUPPORT	3	3	3	0.00046728972	0.15789474	0.15789474	0.33333333	0	0.66666667	0.5530303	0.33333333	0.66666667	0	0	0.69314718	1.0986123	2	3	0.63651417
kol	Herbal	ELIGIBLE	26	23	23	0.0022176731	0.17829457	0.184	0.076923077	0.038461538	0.88461538	0.50704157	0.34615385	0.38461538	0	0.038461538	3.1780538	3.1079723	24	22.375627	1.0880103
kol	Pharmaceutical	INSUFFICIENT_TOKEN_SUPPORT	2	2	2	0.00076103501	0.125	0.16666667	0	0	1	0.17234848	1	0	0	0	0.69314718	0.69314718	2	2	-0
kol	Stars	INSUFFICIENT_TOKEN_SUPPORT	4	4	4	0.00034182191	0.16	0.16	0	0.25	0.75	0.6340812	0.25	0.5	0	0	1.3862944	1.0986123	4	3	1.0397208
kol	Text	INSUFFICIENT_TOKEN_SUPPORT	2	2	2	0.00084068937	0.28571429	0.33333333	0	0	1	0.75	0	0.5	0	0.5	0.69314718	0.69314718	2	2	0.69314718
kol	Zodiac	INSUFFICIENT_TOKEN_SUPPORT	1	1	1	0.00074906367	0.083333333	0.14285714	0	0	1	0.61904762	0	0	0	0	-0	-0	1	1	-0
kor	Biological	INSUFFICIENT_TOKEN_SUPPORT	1	1	1	0.00015576324	0.052631579	0.052631579	1	0	0	0	1	0	0	0	NA	-0	NA	1	-0
kor	Herbal	ELIGIBLE	16	16	16	0.0013647219	0.12403101	0.128	0.0625	0	0.9375	0.42433053	0.375	0.25	0	0	2.4307913	2.6859453	11.367874	14.672065	1.0821955
kor	Pharmaceutical	ELIGIBLE	5	4	3	0.0019025875	0.25	0.25	0.2	0	0.8	0.34692982	0.4	0.2	0	0	1.3862944	1.6094379	4	5	1.0549202
kor	Stars	INSUFFICIENT_TOKEN_SUPPORT	2	2	2	0.00017091096	0.08	0.08	0.5	0	0.5	0.40909091	0.5	0.5	0	0	-0	0.69314718	1	2	0.69314718
kor	Text	INSUFFICIENT_TOKEN_SUPPORT	2	1	1	0.00084068937	0.14285714	0.16666667	0	0	1	0.89444444	0	1	0	0	0.69314718	0.69314718	2	2	-0
ky	Astronomical	INSUFFICIENT_TOKEN_SUPPORT	1	1	1	0.0011098779	0.125	0.25	0	0	1	0.28571429	1	0	0	0	-0	-0	1	1	-0
ky	Biological	INSUFFICIENT_TOKEN_SUPPORT	2	2	2	0.00031152648	0.10526316	0.10526316	0	0	1	0.54090909	0.5	0.5	0	0	0.69314718	0.69314718	2	2	0.69314718
ky	Cosmological	INSUFFICIENT_TOKEN_SUPPORT	1	1	1	0.00043649062	0.090909091	0.11111111	0	1	0	1	0	1	0	0	-0	NA	1	NA	-0
ky	Herbal	ELIGIBLE	19	16	16	0.0016206073	0.12403101	0.128	0	0.10526316	0.89473684	0.46953178	0.21052632	0.26315789	0	0.21052632	2.5245459	2.5577939	12.485225	12.907311	1.0171644
ky	Pharmaceutical	INSUFFICIENT_TOKEN_SUPPORT	2	2	2	0.00076103501	0.125	0.16666667	0	0	1	0.72377622	0	0.5	0	0	0.69314718	0.69314718	2	2	0.69314718
ky	Stars	ELIGIBLE	8	8	8	0.00068364382	0.32	0.32	0	0.25	0.75	0.61060606	0.25	0.5	0	0	1.9061547	1.7917595	6.7271713	6	1.0397208
ky	Text	INSUFFICIENT_TOKEN_SUPPORT	1	1	1	0.00042034468	0.14285714	0.16666667	0	0	1	0.46153846	0	0	0	0	-0	-0	1	1	-0
ky	Zodiac	INSUFFICIENT_TOKEN_SUPPORT	1	1	1	0.00074906367	0.083333333	0.14285714	0	0	1	0.30952381	1	0	0	0	-0	-0	1	1	-0
l	Astronomical	INSUFFICIENT_TOKEN_SUPPORT	1	1	1	0.0011098779	0.125	0.25	0	0	1	0.25	1	0	0	0	-0	-0	1	1	-0
l	Biological	ELIGIBLE	29	16	16	0.004517134	0.84210526	0.84210526	0.10344828	0.13793103	0.75862069	0.48423645	0.37931034	0.4137931	0	0.10344828	2.8647385	2.6089063	17.544465	13.584186	1.0588033
l	Cosmological	ELIGIBLE	17	4	4	0.0074203405	0.36363636	0.44444444	0.11764706	0.11764706	0.76470588	0.41235307	0.47058824	0.29411765	0	0.58823529	1.9913464	2.2459521	7.3253901	9.4494079	1.0551016
l	Herbal	ELIGIBLE	26	20	20	0.0022176731	0.15503876	0.16	0.076923077	0.038461538	0.88461538	0.44770091	0.30769231	0.26923077	0	0.076923077	2.5350252	3.1634241	12.616748	23.651441	1.0798753
l	Pharmaceutical	ELIGIBLE	9	5	5	0.0034246575	0.3125	0.41666667	0	0.11111111	0.88888889	0.58808722	0.33333333	0.33333333	0	0.22222222	1.8310205	2.0794415	6.2402515	8	1.0986123
l	Stars	ELIGIBLE	103	22	22	0.0088019142	0.88	0.88	0	0.0097087379	0.99029126	0.46607015	0.34951456	0.29126214	0	0.077669903	3.9820016	3.9791529	53.62426	53.471719	1.0944711
l	Text	ELIGIBLE	9	3	3	0.0037831021	0.42857143	0.5	0.22222222	0.22222222	0.55555556	0.4953639	0.22222222	0.44444444	0	0.11111111	1.9459101	1.9459101	7	7	1.0608569
l	Zodiac	INSUFFICIENT_TOKEN_SUPPORT	2	2	2	0.0014981273	0.16666667	0.28571429	0	0	1	0.26572529	1	0	0	0	0.69314718	0.69314718	2	2	-0
lHedy	Biological	ELIGIBLE	51	14	14	0.0079439252	0.73684211	0.73684211	0.098039216	0.15686275	0.74509804	0.53056051	0.31372549	0.43137255	0	0.039215686	3.4442495	3.5233557	31.319768	33.89799	1.0747924
lHedy	Herbal	INSUFFICIENT_TOKEN_SUPPORT	3	3	3	0.00025588536	0.023255814	0.024	0.33333333	0	0.66666667	0.51666667	0.33333333	0.66666667	0	0	0.69314718	0.63651417	2	1.8898816	0.63651417
lHedy	Stars	ELIGIBLE	53	18	18	0.0045291403	0.72	0.72	0	0.1509434	0.8490566	0.56458589	0.22641509	0.35849057	0.018867925	0.018867925	3.7314221	3.641002	41.738423	38.130026	1.0690437
lHedy	Text	ELIGIBLE	9	2	2	0.0037831021	0.28571429	0.33333333	0	0.11111111	0.88888889	0.52384961	0.33333333	0.33333333	0	0	2.1972246	2.0794415	9	8	1.0986123
lHey	Biological	ELIGIBLE	21	13	13	0.003271028	0.68421053	0.68421053	0.047619048	0.23809524	0.71428571	0.56890332	0.23809524	0.38095238	0	0	2.692311	2.7725887	14.76576	16	1.0769865
lHey	Herbal	INSUFFICIENT_TOKEN_SUPPORT	4	4	4	0.00034118048	0.031007752	0.032	0.25	0	0.75	0.44722222	0.5	0.5	0	0	1.0986123	1.3862944	3	4	0.69314718
lHey	Pharmaceutical	INSUFFICIENT_TOKEN_SUPPORT	2	2	2	0.00076103501	0.125	0.16666667	0	0.5	0.5	0.75	0	0.5	0	0	0.69314718	-0	2	1	0.69314718
lHey	Stars	ELIGIBLE	17	11	11	0.0014527431	0.44	0.44	0	0.058823529	0.94117647	0.42691622	0.47058824	0.29411765	0	0	2.7516666	2.7725887	15.668724	16	1.0551016
lHey	Text	ELIGIBLE	5	3	3	0.0021017234	0.42857143	0.5	0.2	0	0.8	0.31051282	0.6	0.2	0	0	1.3862944	1.6094379	4	5	0.95027054
lSedy	Biological	ELIGIBLE	21	13	13	0.003271028	0.68421053	0.68421053	0.095238095	0.095238095	0.80952381	0.46903559	0.33333333	0.33333333	0.047619048	0.047619048	2.8714761	2.8714761	17.663072	17.663072	1.0986123
lSedy	Herbal	INSUFFICIENT_TOKEN_SUPPORT	2	2	2	0.00017059024	0.015503876	0.016	0	0	1	0.65151515	0	0.5	0	0	0.69314718	0.69314718	2	2	0.69314718
lSedy	Stars	ELIGIBLE	14	9	9	0.0011963767	0.36	0.36	0	0	1	0.40361167	0.5	0.21428571	0	0	2.6390573	2.6390573	14	14	1.0346012
lSedy	Text	INSUFFICIENT_TOKEN_SUPPORT	3	2	2	0.001261034	0.28571429	0.33333333	0	0	1	0.61388889	0	0.66666667	0	0.33333333	1.0986123	1.0986123	3	3	0.63651417
ldy	Biological	ELIGIBLE	10	7	7	0.0015576324	0.36842105	0.36842105	0	0.8	0.2	0.93376623	0	0.9	0	0	2.1639557	0.69314718	8.7055056	2	0.32508297
ldy	Cosmological	INSUFFICIENT_TOKEN_SUPPORT	1	1	1	0.00043649062	0.090909091	0.11111111	0	0	1	0.5	0	0	0	0	-0	-0	1	1	-0
ldy	Herbal	ELIGIBLE	6	6	6	0.00051177073	0.046511628	0.048	0	0.66666667	0.33333333	0.88055556	0	0.83333333	0	0	1.7917595	0.69314718	6	2	0.45056121
ldy	Stars	ELIGIBLE	7	6	6	0.00059818834	0.24	0.24	0	0.71428571	0.28571429	0.97113997	0	1	0	0	1.9459101	0.69314718	7	2	-0
ldy	Text	INSUFFICIENT_TOKEN_SUPPORT	1	1	1	0.00042034468	0.14285714	0.16666667	0	1	0	1	0	1	0	0	-0	NA	1	NA	-0
lkA	Biological	INSUFFICIENT_TOKEN_SUPPORT	4	4	4	0.00062305296	0.21052632	0.21052632	0	0	1	0.58125	0	0.25	0	0	1.3862944	1.3862944	4	4	0.56233514
lkA	Stars	ELIGIBLE	28	10	10	0.0023927534	0.4	0.4	0	0.10714286	0.89285714	0.58690972	0.14285714	0.42857143	0	0.035714286	3.183673	3.1634241	24.135239	23.651441	1.0042425
lkA	Text	INSUFFICIENT_TOKEN_SUPPORT	2	1	1	0.00084068937	0.14285714	0.16666667	0	0	1	0.62012987	0	0.5	0	0	0.69314718	0.69314718	2	2	0.69314718
lkEdy	Biological	INSUFFICIENT_TOKEN_SUPPORT	2	2	2	0.00031152648	0.10526316	0.10526316	0	0	1	0.38888889	0	0	0	0	0.69314718	0.69314718	2	2	-0
lkEdy	Herbal	INSUFFICIENT_TOKEN_SUPPORT	2	2	2	0.00017059024	0.015503876	0.016	0	0	1	0.34545455	0.5	0	0	0	0.69314718	0.69314718	2	2	0.69314718
lkEdy	Stars	ELIGIBLE	30	15	15	0.0025636643	0.6	0.6	0	0.1	0.9	0.48635513	0.36666667	0.33333333	0.033333333	0.033333333	3.1989165	3.2444926	24.505964	25.648693	1.0952734
lkEdy	Text	INSUFFICIENT_TOKEN_SUPPORT	3	2	2	0.001261034	0.28571429	0.33333333	0	0	1	0.35185185	0.66666667	0	0	0	1.0986123	1.0986123	3	3	0.63651417
lkEy	Biological	INSUFFICIENT_TOKEN_SUPPORT	3	3	3	0.00046728972	0.15789474	0.15789474	0	0	1	0.72685185	0	0.66666667	0	0	1.0986123	1.0986123	3	3	0.63651417
lkEy	Herbal	INSUFFICIENT_TOKEN_SUPPORT	2	2	2	0.00017059024	0.015503876	0.016	0.5	0	0.5	0.33333333	0.5	0.5	0	0	-0	0.69314718	1	2	0.69314718
lkEy	Stars	ELIGIBLE	34	15	15	0.0029054862	0.6	0.6	0	0.088235294	0.91176471	0.52523505	0.35294118	0.35294118	0.029411765	0.029411765	3.4448138	3.389268	31.337448	29.644246	1.0950779
lkaN	Biological	ELIGIBLE	5	4	4	0.0007788162	0.21052632	0.21052632	0	0	1	0.51045455	0.2	0.4	0	0	1.6094379	1.332179	5	3.7892914	1.0549202
lkaN	Stars	ELIGIBLE	39	14	14	0.0033327636	0.56	0.56	0.025641026	0.076923077	0.8974359	0.52771445	0.28205128	0.38461538	0	0.051282051	3.5646233	3.5065026	35.326143	33.33149	1.0906913
lkaN	Text	INSUFFICIENT_TOKEN_SUPPORT	4	3	2	0.0016813787	0.42857143	0.33333333	0	0	1	0.63030303	0	0.5	0	0	1.3862944	1.3862944	4	4	0.69314718
lkar	Biological	INSUFFICIENT_TOKEN_SUPPORT	2	2	2	0.00031152648	0.10526316	0.10526316	0	0	1	0.54285714	0.5	0.5	0	0	0.69314718	0.69314718	2	2	0.69314718
lkar	Cosmological	INSUFFICIENT_TOKEN_SUPPORT	1	1	1	0.00043649062	0.090909091	0.11111111	0	0	1	0.875	0	1	0	0	-0	-0	1	1	-0
lkar	Stars	ELIGIBLE	22	15	15	0.0018800205	0.6	0.6	0	0.090909091	0.90909091	0.64789857	0.13636364	0.54545455	0	0	3.0910425	2.7877881	22	16.245048	0.96667483
lkar	Text	ELIGIBLE	6	3	3	0.0025220681	0.42857143	0.5	0	0	1	0.62453102	0.16666667	0.66666667	0	0	1.5607104	1.7917595	4.7622032	6	0.86756323
lkedy	Biological	ELIGIBLE	5	4	4	0.0007788162	0.21052632	0.21052632	0	0	1	0.49444444	0.4	0.2	0	0.2	1.6094379	1.6094379	5	5	1.0549202
lkedy	Herbal	INSUFFICIENT_TOKEN_SUPPORT	3	3	3	0.00025588536	0.023255814	0.024	0.33333333	0.33333333	0.33333333	0.48148148	0.33333333	0.33333333	0	0	0.69314718	0.69314718	2	2	1.0986123
lkedy	Stars	ELIGIBLE	17	9	9	0.0014527431	0.36	0.36	0	0.058823529	0.94117647	0.56568627	0.11764706	0.41176471	0.058823529	0.17647059	2.8332133	2.6859453	17	14.672065	0.97184877
lkedy	Text	INSUFFICIENT_TOKEN_SUPPORT	2	1	1	0.00084068937	0.14285714	0.16666667	0	0	1	0.58333333	0	0.5	0	0	-0	0.69314718	1	2	0.69314718
lo	Biological	ELIGIBLE	7	4	4	0.0010903427	0.21052632	0.21052632	0	0.57142857	0.42857143	0.73538961	0.28571429	0.57142857	0	0	1.7478681	1.0986123	5.7423475	3	0.95569989
lo	Herbal	INSUFFICIENT_TOKEN_SUPPORT	2	2	2	0.00017059024	0.015503876	0.016	0	0.5	0.5	0.66666667	0	0.5	0	0	0.69314718	-0	2	1	0.69314718
lo	Stars	ELIGIBLE	9	7	7	0.0007690993	0.28	0.28	0	0.44444444	0.55555556	0.62345679	0.22222222	0.44444444	0	0	2.1972246	1.332179	9	3.7892914	1.0608569
lo	Text	INSUFFICIENT_TOKEN_SUPPORT	2	1	1	0.00084068937	0.14285714	0.16666667	0	0.5	0.5	0.79166667	0	0.5	0	0	0.69314718	-0	2	1	0.69314718
lol	Biological	ELIGIBLE	21	11	11	0.003271028	0.57894737	0.57894737	0.28571429	0.57142857	0.14285714	0.6468254	0.28571429	0.61904762	0	0	2.4883277	2.0431919	12.041123	7.7151958	0.87875135
lol	Herbal	INSUFFICIENT_TOKEN_SUPPORT	2	2	2	0.00017059024	0.015503876	0.016	0	0	1	0.71818182	0	0.5	0	0	0.69314718	0.69314718	2	2	0.69314718
lol	Pharmaceutical	INSUFFICIENT_TOKEN_SUPPORT	1	1	1	0.0003805175	0.0625	0.083333333	0	0	1	0.05	1	0	0	0	-0	-0	1	1	-0
lol	Stars	ELIGIBLE	11	10	10	0.00094001025	0.4	0.4	0	0.45454545	0.54545455	0.75757576	0	0.63636364	0	0.090909091	2.3978953	1.7917595	11	6	0.65548177
lol	Text	INSUFFICIENT_TOKEN_SUPPORT	3	2	2	0.001261034	0.28571429	0.33333333	0	0	1	0.57104377	0.33333333	0.66666667	0	0.33333333	1.0986123	1.0986123	3	3	0.63651417
lor	Biological	ELIGIBLE	9	7	7	0.0014018692	0.36842105	0.36842105	0.22222222	0.33333333	0.44444444	0.62942613	0.33333333	0.66666667	0	0	1.7478681	1.7917595	5.7423475	6	0.63651417
lor	Cosmological	INSUFFICIENT_TOKEN_SUPPORT	1	1	1	0.00043649062	0.090909091	0.11111111	0	0	1	0.38095238	0	0	0	0	-0	-0	1	1	-0
lor	Herbal	ELIGIBLE	6	6	6	0.00051177073	0.046511628	0.048	0.66666667	0	0.33333333	0.053703704	1	0	0	0	0.69314718	1.7917595	2	6	-0
lor	Stars	ELIGIBLE	20	12	12	0.0017091096	0.48	0.48	0	0.1	0.9	0.59316656	0.1	0.4	0	0	2.9957323	2.3662893	20	10.657771	0.94334839
lor	Text	INSUFFICIENT_TOKEN_SUPPORT	3	3	3	0.001261034	0.42857143	0.5	0	0.33333333	0.66666667	0.6951567	0.33333333	0.66666667	0	0	1.0986123	0.69314718	3	2	0.63651417
o	Astronomical	ELIGIBLE	10	4	3	0.011098779	0.5	0.75	0.2	0	0.8	0.46131674	0.4	0.4	0	0	1.6674619	2.3025851	5.2987023	10	1.0549202
o	Biological	ELIGIBLE	21	12	12	0.003271028	0.63157895	0.63157895	0.23809524	0.095238095	0.66666667	0.40367926	0.47619048	0.33333333	0	0.19047619	2.6859453	2.6525875	14.672065	14.19071	1.0353606
o	Cosmological	ELIGIBLE	33	8	7	0.01440419	0.72727273	0.77777778	0.24242424	0.090909091	0.66666667	0.39745065	0.54545455	0.3030303	0	0.42424242	3.0870424	2.823123	21.912174	16.829327	0.97833386
o	Herbal	ELIGIBLE	73	51	51	0.0062265438	0.39534884	0.408	0.1369863	0.054794521	0.80821918	0.46458374	0.34246575	0.34246575	0	0.17808219	3.9807965	3.9501707	53.559677	51.944233	1.0978545
o	Pharmaceutical	ELIGIBLE	18	8	8	0.0068493151	0.5	0.66666667	0.11111111	0	0.88888889	0.37497071	0.55555556	0.27777778	0.055555556	0.44444444	2.7725887	2.553237	16	12.848628	0.98098968
o	Stars	ELIGIBLE	45	22	22	0.0038454965	0.88	0.88	0.17777778	0	0.82222222	0.33154389	0.53333333	0.17777778	0	0.2	3.5734505	3.3445644	35.639355	28.348224	1.0010366
o	Text	ELIGIBLE	12	5	4	0.0050441362	0.71428571	0.66666667	0.5	0.5	0	0.26678784	0.66666667	0.25	0	0	1.7917595	1.7917595	6	6	0.82395922
o	Zodiac	ELIGIBLE	11	7	4	0.0082397004	0.58333333	0.57142857	0	0.090909091	0.90909091	0.53000806	0.090909091	0.27272727	0	0	2.2718685	2.3025851	9.6975038	10	0.85996728
oN	Astronomical	INSUFFICIENT_TOKEN_SUPPORT	2	2	1	0.0022197558	0.25	0.25	0	0	1	0.6	0	0.5	0	0.5	0.69314718	0.69314718	2	2	0.69314718
oN	Biological	ELIGIBLE	6	4	4	0.00093457944	0.21052632	0.21052632	0	0	1	0.30266955	0.66666667	0	0	0	1.5607104	1.7917595	4.7622032	6	0.63651417
oN	Cosmological	INSUFFICIENT_TOKEN_SUPPORT	4	2	2	0.0017459625	0.18181818	0.22222222	0	0	1	0.62611607	0.25	0.75	0	0.25	1.3862944	1.3862944	4	4	0.56233514
oN	Herbal	ELIGIBLE	7	5	5	0.00059706585	0.03875969	0.04	0	0	1	0.37676252	0.42857143	0.14285714	0	0.14285714	1.7478681	1.9459101	5.7423475	7	1.0042425
oN	Pharmaceutical	ELIGIBLE	8	6	6	0.00304414	0.375	0.5	0	0	1	0.4796005	0.25	0.25	0	0	2.0794415	2.0794415	8	8	1.0397208
oN	Stars	ELIGIBLE	9	7	7	0.0007690993	0.28	0.28	0	0	1	0.34579988	0.44444444	0.11111111	0	0	2.1972246	2.1972246	9	9	0.96496292
oN	Text	INSUFFICIENT_TOKEN_SUPPORT	1	1	1	0.00042034468	0.14285714	0.16666667	0	0	1	0.1	1	0	0	0	-0	-0	1	1	-0
oN	Zodiac	INSUFFICIENT_TOKEN_SUPPORT	1	1	1	0.00074906367	0.083333333	0.14285714	0	0	1	0.76086957	0	1	0	0	-0	-0	1	1	-0
oaN	Astronomical	INSUFFICIENT_TOKEN_SUPPORT	1	1	1	0.0011098779	0.125	0.25	0	0	1	0.7	0	1	0	0	-0	-0	1	1	-0
oaN	Herbal	ELIGIBLE	13	11	11	0.0011088366	0.085271318	0.088	0.61538462	0.076923077	0.30769231	0.20344933	0.69230769	0.15384615	0	0.076923077	1.6094379	2.4849066	5	12	0.83051783
oaN	Pharmaceutical	INSUFFICIENT_TOKEN_SUPPORT	2	2	2	0.00076103501	0.125	0.16666667	0	0	1	0.41388889	0.5	0.5	0	0	0.69314718	0.69314718	2	2	0.69314718
oaN	Stars	ELIGIBLE	8	7	7	0.00068364382	0.28	0.28	0.25	0	0.75	0.20612374	0.75	0	0	0	1.5607104	2.0794415	4.7622032	8	0.56233514
oaN	Zodiac	INSUFFICIENT_TOKEN_SUPPORT	1	1	1	0.00074906367	0.083333333	0.14285714	1	0	0	0	1	0	0	0	NA	-0	NA	1	-0
odaN	Astronomical	INSUFFICIENT_TOKEN_SUPPORT	1	1	1	0.0011098779	0.125	0.25	1	1	0	0	1	0	0	0	NA	NA	NA	NA	-0
odaN	Biological	INSUFFICIENT_TOKEN_SUPPORT	1	1	1	0.00015576324	0.052631579	0.052631579	0	0	1	0.66666667	0	1	0	0	-0	-0	1	1	-0
odaN	Cosmological	ELIGIBLE	8	3	2	0.0034919249	0.27272727	0.22222222	0	0	1	0.47801483	0.25	0.25	0	0	2.0794415	2.0794415	8	8	1.0397208
odaN	Herbal	ELIGIBLE	26	22	22	0.0022176731	0.17054264	0.176	0.11538462	0.11538462	0.76923077	0.52209457	0.38461538	0.5	0	0	3.1354942	2.9546732	23	19.195449	0.96324925
odaN	Pharmaceutical	ELIGIBLE	5	5	4	0.0019025875	0.3125	0.33333333	0.2	0.2	0.6	0.59564103	0.2	0.6	0	0	1.3862944	1.3862944	4	4	0.95027054
odaN	Stars	ELIGIBLE	21	14	14	0.001794565	0.56	0.56	0	0.047619048	0.95238095	0.57647538	0.28571429	0.47619048	0	0.047619048	2.9124944	2.8571028	18.402645	17.411011	1.0529226
odaN	Text	ELIGIBLE	6	3	2	0.0025220681	0.42857143	0.33333333	0.33333333	0	0.66666667	0.21168831	0.83333333	0.16666667	0	0	1.3862944	1.7917595	4	6	0.45056121
odar	Biological	INSUFFICIENT_TOKEN_SUPPORT	1	1	1	0.00015576324	0.052631579	0.052631579	1	0	0	0	1	0	0	0	NA	-0	NA	1	-0
odar	Cosmological	INSUFFICIENT_TOKEN_SUPPORT	4	3	3	0.0017459625	0.27272727	0.33333333	0	0	1	0.47601541	0.25	0.25	0	0	1.3862944	1.3862944	4	4	1.0397208
odar	Herbal	ELIGIBLE	6	6	6	0.00051177073	0.046511628	0.048	0.16666667	0.33333333	0.5	0.52279202	0.33333333	0.5	0	0	1.332179	1.3862944	3.7892914	4	1.0114043
odar	Stars	ELIGIBLE	10	7	7	0.00085455478	0.28	0.28	0.1	0.1	0.8	0.64845044	0.1	0.5	0	0	2.1972246	2.1972246	9	9	0.94334839
odar	Text	INSUFFICIENT_TOKEN_SUPPORT	3	3	2	0.001261034	0.42857143	0.33333333	0.33333333	0	0.66666667	0.52962963	0.33333333	0.66666667	0	0	0.69314718	1.0986123	2	3	0.63651417
ody	Biological	INSUFFICIENT_TOKEN_SUPPORT	4	3	3	0.00062305296	0.15789474	0.15789474	0.25	0	0.75	0.34469697	0.5	0.25	0	0	1.0986123	1.3862944	3	4	1.0397208
ody	Cosmological	ELIGIBLE	5	4	4	0.0021824531	0.36363636	0.44444444	0	0.2	0.8	0.75546252	0	0.6	0	0	1.6094379	1.3862944	5	4	0.67301167
ody	Herbal	ELIGIBLE	23	21	20	0.0019617878	0.1627907	0.16	0	0.26086957	0.73913043	0.6386179	0.17391304	0.43478261	0	0	3.1354942	2.7516666	23	15.668724	1.0334921
ody	Pharmaceutical	INSUFFICIENT_TOKEN_SUPPORT	3	2	2	0.0011415525	0.125	0.16666667	0	0	1	0.57792208	0.33333333	0.66666667	0	0	1.0986123	1.0986123	3	3	0.63651417
ody	Stars	ELIGIBLE	5	4	4	0.00042727739	0.16	0.16	0	0.6	0.4	0.79220779	0.2	0.8	0	0	1.6094379	0.69314718	5	2	0.50040242
ody	Text	INSUFFICIENT_LEAF_SUPPORT	5	2	1	0.0021017234	0.28571429	0.16666667	0	0.4	0.6	0.66666667	0.2	0.6	0	0	1.332179	1.0986123	3.7892914	3	0.95027054
ody	Zodiac	INSUFFICIENT_TOKEN_SUPPORT	3	2	2	0.002247191	0.16666667	0.28571429	0	0.66666667	0.33333333	0.75968992	0.33333333	0.66666667	0	0	1.0986123	-0	3	1	0.63651417
okA	Astronomical	INSUFFICIENT_TOKEN_SUPPORT	1	1	1	0.0011098779	0.125	0.25	1	0	0	0	1	0	0	0	NA	-0	NA	1	-0
okA	Biological	ELIGIBLE	40	15	15	0.0062305296	0.78947368	0.78947368	0.1	0.1	0.8	0.48685162	0.4	0.35	0	0	3.3234005	3.3234005	27.754571	27.754571	1.0805276
okA	Cosmological	INSUFFICIENT_TOKEN_SUPPORT	1	1	1	0.00043649062	0.090909091	0.11111111	0	0	1	0.95238095	0	1	0	0	-0	-0	1	1	-0
okA	Herbal	ELIGIBLE	19	15	14	0.0016206073	0.11627907	0.112	0.052631579	0.21052632	0.73684211	0.75295129	0.10526316	0.78947368	0	0	2.8903718	2.6156306	18	13.675837	0.66057889
okA	Pharmaceutical	INSUFFICIENT_TOKEN_SUPPORT	1	1	1	0.0003805175	0.0625	0.083333333	1	1	0	0	1	0	0	0	NA	NA	NA	NA	-0
okA	Stars	ELIGIBLE	71	17	17	0.0060673389	0.68	0.68	0.070422535	0.042253521	0.88732394	0.4415405	0.35211268	0.25352113	0.014084507	0.014084507	4.0557	3.8625415	57.725556	47.586138	1.0823938
okA	Text	ELIGIBLE	8	3	3	0.0033627575	0.42857143	0.5	0	0.125	0.875	0.61802642	0	0.375	0	0	2.0794415	1.9459101	8	7	0.66156324
okEdy	Astronomical	INSUFFICIENT_TOKEN_SUPPORT	1	1	1	0.0011098779	0.125	0.25	0	0	1	0.45	0	0	0	0	-0	-0	1	1	-0
okEdy	Biological	ELIGIBLE	36	13	13	0.0056074766	0.68421053	0.68421053	0.027777778	0.13888889	0.83333333	0.58923661	0.19444444	0.47222222	0	0.027777778	3.4761312	3.1935124	32.334386	24.373887	1.038939
okEdy	Cosmological	INSUFFICIENT_TOKEN_SUPPORT	1	1	1	0.00043649062	0.090909091	0.11111111	0	1	0	1	0	1	0	0	-0	NA	1	NA	-0
okEdy	Herbal	ELIGIBLE	17	16	16	0.0014500171	0.12403101	0.128	0.058823529	0.058823529	0.88235294	0.56580119	0.23529412	0.41176471	0	0.058823529	2.5993019	2.7725887	13.454343	16	1.0733836
okEdy	Pharmaceutical	INSUFFICIENT_TOKEN_SUPPORT	1	1	1	0.0003805175	0.0625	0.083333333	0	0	1	0.875	0	1	0	0	-0	-0	1	1	-0
okEdy	Stars	ELIGIBLE	47	19	19	0.0040164075	0.76	0.76	0.042553191	0.063829787	0.89361702	0.51522615	0.29787234	0.36170213	0.021276596	0.085106383	3.6718086	3.4633802	39.322961	31.924706	1.0954061
okEdy	Text	INSUFFICIENT_TOKEN_SUPPORT	4	1	1	0.0016813787	0.14285714	0.16666667	0	0.25	0.75	0.6875	0	0.5	0	0	1.3862944	1.0986123	4	3	0.69314718
okEdy	Zodiac	INSUFFICIENT_TOKEN_SUPPORT	4	4	4	0.0029962547	0.33333333	0.57142857	0.25	0.25	0.5	0.42199248	0.25	0.25	0	0	1.0986123	1.0986123	3	3	1.0397208
okEey	Biological	INSUFFICIENT_TOKEN_SUPPORT	1	1	1	0.00015576324	0.052631579	0.052631579	0	0	1	0.33333333	0	0	0	0	-0	-0	1	1	-0
okEey	Cosmological	INSUFFICIENT_TOKEN_SUPPORT	2	2	2	0.00087298123	0.18181818	0.22222222	0.5	0.5	0	0.5	0.5	0.5	0	0	-0	-0	1	1	0.69314718
okEey	Herbal	INSUFFICIENT_TOKEN_SUPPORT	4	4	3	0.00034118048	0.031007752	0.024	0	0.75	0.25	0.78125	0.25	0.75	0	0	1.3862944	-0	4	1	0.56233514
okEey	Pharmaceutical	ELIGIBLE	5	4	4	0.0019025875	0.25	0.33333333	0.2	0	0.8	0.37204545	0.6	0.4	0	0	1.3862944	1.6094379	4	5	0.67301167
okEey	Stars	ELIGIBLE	12	8	8	0.0010254657	0.32	0.32	0	0	1	0.54513588	0.16666667	0.25	0	0	2.3693821	2.4849066	10.690785	12	0.95961479
okEey	Text	INSUFFICIENT_TOKEN_SUPPORT	1	1	1	0.00042034468	0.14285714	0.16666667	0	0	1	0.375	0	0	0	0	-0	-0	1	1	-0
okEey	Zodiac	INSUFFICIENT_TOKEN_SUPPORT	2	2	2	0.0014981273	0.16666667	0.28571429	0	0	1	0.6171108	0	0.5	0	0	0.69314718	0.69314718	2	2	0.69314718
okEo	Cosmological	INSUFFICIENT_TOKEN_SUPPORT	2	2	2	0.00087298123	0.18181818	0.22222222	0.5	0	0.5	0.43243243	0.5	0.5	0	0	-0	0.69314718	1	2	0.69314718
okEo	Herbal	INSUFFICIENT_TOKEN_SUPPORT	2	2	2	0.00017059024	0.015503876	0.016	0	0	1	0.52777778	0.5	0.5	0	0	0.69314718	0.69314718	2	2	0.69314718
okEo	Pharmaceutical	INSUFFICIENT_TOKEN_SUPPORT	1	1	1	0.0003805175	0.0625	0.083333333	0	0	1	0.88888889	0	1	0	0	-0	-0	1	1	-0
okEo	Stars	ELIGIBLE	13	10	10	0.0011109212	0.4	0.4	0.23076923	0	0.76923077	0.37179487	0.46153846	0.30769231	0	0	2.3025851	1.7379834	10	5.685866	1.0579054
okEo	Zodiac	INSUFFICIENT_TOKEN_SUPPORT	2	2	2	0.0014981273	0.16666667	0.28571429	0	0	1	0.82564272	0	1	0	0	0.69314718	0.69314718	2	2	-0
okEy	Astronomical	ELIGIBLE	5	4	3	0.0055493896	0.5	0.75	0.6	0	0.4	0.28761905	0.6	0.2	0	0	0.69314718	1.6094379	2	5	0.95027054
okEy	Biological	ELIGIBLE	16	10	10	0.0024922118	0.52631579	0.52631579	0.0625	0	0.9375	0.36447962	0.4375	0.125	0	0.0625	2.7080502	2.6859453	15	14.672065	0.98327394
okEy	Cosmological	ELIGIBLE	12	7	6	0.0052378874	0.63636364	0.66666667	0.33333333	0.083333333	0.58333333	0.32709532	0.58333333	0.25	0	0	2.0794415	2.3978953	8	11	0.95961479
okEy	Herbal	ELIGIBLE	15	13	13	0.0012794268	0.10077519	0.104	0.13333333	0.066666667	0.8	0.46909886	0.33333333	0.33333333	0	0	2.4583113	2.5400363	11.685063	12.680131	1.0986123
okEy	Pharmaceutical	ELIGIBLE	23	8	7	0.0087519026	0.5	0.58333333	0	0	1	0.54512762	0.30434783	0.43478261	0.043478261	0.043478261	3.0752205	2.9546732	21.654657	19.195449	1.0747212
okEy	Stars	ELIGIBLE	98	22	22	0.0083746368	0.88	0.88	0.081632653	0.030612245	0.8877551	0.45673414	0.3877551	0.25510204	0.040816327	0.06122449	4.109113	4.1663024	60.892681	64.476605	1.0835659
okEy	Text	INSUFFICIENT_TOKEN_SUPPORT	4	3	3	0.0016813787	0.42857143	0.5	0	0	1	0.34217172	0.5	0.25	0	0	1.3862944	1.3862944	4	4	1.0397208
okEy	Zodiac	ELIGIBLE	11	9	5	0.0082397004	0.75	0.71428571	0.54545455	0.18181818	0.27272727	0.2218951	0.72727273	0.18181818	0	0	1.6094379	2.0431919	5	7.7151958	0.75954739
okHdy	Astronomical	INSUFFICIENT_TOKEN_SUPPORT	2	2	1	0.0022197558	0.25	0.25	0	0.5	0.5	0.6	0.5	0.5	0	0	0.69314718	-0	2	1	0.69314718
okHdy	Biological	ELIGIBLE	7	5	5	0.0010903427	0.26315789	0.26315789	0.42857143	0.42857143	0.14285714	0.38744589	0.42857143	0.28571429	0	0	1.3862944	1.3862944	4	4	1.0789922
okHdy	Cosmological	ELIGIBLE	7	2	2	0.0030554343	0.18181818	0.22222222	0.28571429	0.14285714	0.57142857	0.44141135	0.42857143	0.42857143	0	0	1.6094379	1.7917595	5	6	1.0042425
okHdy	Herbal	ELIGIBLE	6	6	6	0.00051177073	0.046511628	0.048	0	0	1	0.68820763	0	0.66666667	0	0	1.7917595	1.7917595	6	6	0.63651417
okHdy	Stars	INSUFFICIENT_TOKEN_SUPPORT	4	4	4	0.00034182191	0.16	0.16	0	0	1	0.71464646	0	0.5	0	0	1.3862944	1.3862944	4	4	0.69314718
okHdy	Text	INSUFFICIENT_TOKEN_SUPPORT	2	1	1	0.00084068937	0.14285714	0.16666667	0	0	1	0.225	1	0	0	0	0.69314718	0.69314718	2	2	-0
okHedy	Biological	INSUFFICIENT_TOKEN_SUPPORT	2	2	2	0.00031152648	0.10526316	0.10526316	0.5	0	0.5	0.055555556	1	0	0	0	-0	0.69314718	1	2	-0
okHedy	Cosmological	INSUFFICIENT_TOKEN_SUPPORT	3	3	3	0.0013094718	0.27272727	0.33333333	0	0	1	0.51554923	0.33333333	0.33333333	0	0	1.0986123	1.0986123	3	3	1.0986123
okHedy	Herbal	INSUFFICIENT_TOKEN_SUPPORT	2	2	2	0.00017059024	0.015503876	0.016	0	0.5	0.5	0.94444444	0	1	0	0	0.69314718	-0	2	1	-0
okHedy	Stars	ELIGIBLE	16	10	10	0.0013672876	0.4	0.4	0	0.0625	0.9375	0.5422848	0.1875	0.4375	0	0	2.7725887	2.7080502	16	15	1.0433534
okHedy	Text	INSUFFICIENT_TOKEN_SUPPORT	1	1	1	0.00042034468	0.14285714	0.16666667	0	0	1	0.72727273	0	1	0	0	-0	-0	1	1	-0
okHey	Biological	INSUFFICIENT_TOKEN_SUPPORT	4	4	4	0.00062305296	0.21052632	0.21052632	0.25	0.25	0.5	0.6031746	0.25	0.5	0	0	1.0986123	1.0986123	3	3	1.0397208
okHey	Cosmological	INSUFFICIENT_TOKEN_SUPPORT	2	2	2	0.00087298123	0.18181818	0.22222222	0	0	1	0.26650943	1	0	0	0	0.69314718	0.69314718	2	2	-0
okHey	Herbal	ELIGIBLE	13	12	12	0.0011088366	0.093023256	0.096	0.23076923	0	0.76923077	0.38182651	0.46153846	0.23076923	0	0	2.3025851	2.5649494	10	13	1.0579054
okHey	Pharmaceutical	INSUFFICIENT_TOKEN_SUPPORT	1	1	1	0.0003805175	0.0625	0.083333333	0	0	1	0.4	0	0	0	0	-0	-0	1	1	-0
okHey	Stars	ELIGIBLE	11	9	9	0.00094001025	0.36	0.36	0.090909091	0.090909091	0.81818182	0.42052342	0.54545455	0.27272727	0	0	2.3025851	2.3025851	10	10	0.99492363
okHey	Text	INSUFFICIENT_TOKEN_SUPPORT	1	1	1	0.00042034468	0.14285714	0.16666667	0	0	1	0.4	0	0	0	0	-0	-0	1	1	-0
okHy	Astronomical	INSUFFICIENT_TOKEN_SUPPORT	3	3	2	0.0033296337	0.375	0.5	0	0.33333333	0.66666667	0.84571723	0	1	0	0	1.0986123	0.69314718	3	2	-0
okHy	Biological	INSUFFICIENT_TOKEN_SUPPORT	1	1	1	0.00015576324	0.052631579	0.052631579	0	0	1	0.16666667	1	0	0	0	-0	-0	1	1	-0
okHy	Cosmological	ELIGIBLE	5	3	3	0.0021824531	0.27272727	0.33333333	0.6	0.2	0.2	0.20534591	0.8	0.2	0	0	0.69314718	1.3862944	2	4	0.50040242
okHy	Herbal	ELIGIBLE	16	15	15	0.0013647219	0.11627907	0.12	0.1875	0.125	0.6875	0.42637363	0.375	0.25	0	0	2.5649494	2.6390573	13	14	1.0821955
okHy	Pharmaceutical	INSUFFICIENT_TOKEN_SUPPORT	1	1	1	0.0003805175	0.0625	0.083333333	0	1	0	1	0	1	0	0	-0	NA	1	NA	-0
okHy	Stars	INSUFFICIENT_TOKEN_SUPPORT	2	2	2	0.00017091096	0.08	0.08	0	0.5	0.5	0.71428571	0	0.5	0	0	0.69314718	-0	2	1	0.69314718
okHy	Text	INSUFFICIENT_TOKEN_SUPPORT	3	2	2	0.001261034	0.28571429	0.33333333	0.33333333	0	0.66666667	0.4	0.33333333	0.33333333	0	0	0.69314718	1.0986123	2	3	1.0986123
okaN	Biological	ELIGIBLE	31	15	15	0.0048286604	0.78947368	0.78947368	0.096774194	0.12903226	0.77419355	0.49572569	0.32258065	0.35483871	0	0	2.9977666	3.1418042	20.040727	23.145588	1.0975824
okaN	Cosmological	INSUFFICIENT_TOKEN_SUPPORT	4	3	3	0.0017459625	0.27272727	0.33333333	0.25	0	0.75	0.15440066	1	0	0	0	1.0986123	1.3862944	3	4	-0
okaN	Herbal	ELIGIBLE	59	39	38	0.0050324121	0.30232558	0.304	0.084745763	0.11864407	0.79661017	0.50974525	0.33898305	0.3559322	0.06779661	0.15254237	3.5428683	3.5679482	34.565921	35.443793	1.0965831
okaN	Pharmaceutical	ELIGIBLE	6	6	5	0.002283105	0.375	0.41666667	0.33333333	0.16666667	0.5	0.29821429	0.66666667	0.16666667	0	0	1.3862944	1.6094379	4	5	0.86756323
okaN	Stars	ELIGIBLE	98	23	23	0.0083746368	0.92	0.92	0.071428571	0.020408163	0.90816327	0.47320891	0.33673469	0.30612245	0.020408163	0.10204082	4.3527695	4.1843505	77.693336	65.650849	1.096622
okaN	Text	ELIGIBLE	11	6	5	0.0046237915	0.85714286	0.83333333	0	0.090909091	0.90909091	0.45043265	0.45454545	0.27272727	0	0.18181818	2.2718685	2.3025851	9.6975038	10	1.0670895
okaN	Zodiac	ELIGIBLE	7	5	3	0.0052434457	0.41666667	0.42857143	0.14285714	0.42857143	0.42857143	0.5967033	0.28571429	0.42857143	0	0.14285714	1.7917595	1.3862944	6	4	1.0789922
okair	Biological	INSUFFICIENT_TOKEN_SUPPORT	2	2	2	0.00031152648	0.10526316	0.10526316	0	0	1	0.61904762	0	0.5	0	0	0.69314718	0.69314718	2	2	0.69314718
okair	Cosmological	INSUFFICIENT_TOKEN_SUPPORT	2	2	2	0.00087298123	0.18181818	0.22222222	0.5	0	0.5	0.03030303	1	0	0	0	-0	0.69314718	1	2	-0
okair	Herbal	ELIGIBLE	6	6	6	0.00051177073	0.046511628	0.048	0.16666667	0	0.83333333	0.41190476	0.33333333	0.16666667	0	0	1.332179	1.7917595	3.7892914	6	1.0114043
okair	Stars	ELIGIBLE	10	7	7	0.00085455478	0.28	0.28	0	0	1	0.43535159	0.4	0.2	0	0	2.3025851	2.1639557	10	8.7055056	1.0549202
okal	Astronomical	INSUFFICIENT_TOKEN_SUPPORT	2	2	2	0.0022197558	0.25	0.5	1	0.5	0	0	1	0	0	0	NA	-0	NA	1	-0
okal	Biological	ELIGIBLE	24	14	14	0.0037383178	0.73684211	0.73684211	0.083333333	0.125	0.79166667	0.52072176	0.33333333	0.375	0	0	2.8782183	2.5824243	17.782562	13.229171	1.0933903
okal	Cosmological	ELIGIBLE	15	7	6	0.0065473592	0.63636364	0.66666667	0	0.066666667	0.93333333	0.62885676	0.2	0.6	0.13333333	0.13333333	2.6156306	2.5400363	13.675837	12.680131	0.95027054
okal	Herbal	ELIGIBLE	39	29	29	0.0033265097	0.2248062	0.232	0.051282051	0.12820513	0.82051282	0.53591039	0.17948718	0.30769231	0	0.025641026	3.3719716	3.2663307	29.135914	26.214972	1.0134361
okal	Pharmaceutical	ELIGIBLE	5	3	2	0.0019025875	0.1875	0.16666667	0	0	1	0.65512821	0	0.6	0	0.2	1.6094379	1.332179	5	3.7892914	0.67301167
okal	Stars	ELIGIBLE	58	19	19	0.0049564177	0.76	0.76	0	0.086206897	0.9137931	0.60895618	0.18965517	0.53448276	0.017241379	0.051724138	3.7112488	3.8918224	40.904858	49.000104	1.0054108
okal	Text	ELIGIBLE	6	5	4	0.0025220681	0.71428571	0.66666667	0	0	1	0.42272727	0.33333333	0.16666667	0	0.16666667	1.7917595	1.7917595	6	6	1.0114043
okal	Zodiac	ELIGIBLE	7	5	4	0.0052434457	0.41666667	0.57142857	0.57142857	0.57142857	0	0.25148555	0.57142857	0.14285714	0	0	1.0986123	1.0986123	3	3	0.95569989
okaly	Biological	INSUFFICIENT_TOKEN_SUPPORT	4	3	3	0.00062305296	0.15789474	0.15789474	0.25	0.5	0.25	0.64732143	0.25	0.75	0	0	1.0986123	0.69314718	3	2	0.56233514
okaly	Herbal	INSUFFICIENT_TOKEN_SUPPORT	4	4	4	0.00034118048	0.031007752	0.032	0	0.25	0.75	0.53269231	0.25	0.25	0	0	1.3862944	0.63651417	4	1.8898816	1.0397208
okaly	Stars	ELIGIBLE	9	6	6	0.0007690993	0.24	0.24	0	0.44444444	0.55555556	0.74438833	0.22222222	0.66666667	0	0	2.1972246	1.6094379	9	5	0.84868556
okaly	Zodiac	ELIGIBLE	6	3	2	0.004494382	0.25	0.28571429	0.66666667	0.66666667	0	0.18345543	0.66666667	0	0	0	0.69314718	0.69314718	2	2	0.63651417
okam	Herbal	ELIGIBLE	16	15	15	0.0013647219	0.11627907	0.12	0	0.75	0.25	0.87413194	0.0625	0.8125	0	0	2.6859453	1.3862944	14.672065	4	0.60192397
okam	Pharmaceutical	INSUFFICIENT_TOKEN_SUPPORT	1	1	1	0.0003805175	0.0625	0.083333333	1	1	0	0	1	0	0	0	NA	NA	NA	NA	-0
okam	Stars	ELIGIBLE	11	9	9	0.00094001025	0.36	0.36	0	0.63636364	0.36363636	0.83992371	0	0.72727273	0	0	2.3978953	1.3862944	11	4	0.58595262
okam	Text	INSUFFICIENT_TOKEN_SUPPORT	2	2	2	0.00084068937	0.28571429	0.33333333	0	0.5	0.5	0.83333333	0	1	0	0	0.69314718	-0	2	1	-0
okam	Zodiac	INSUFFICIENT_TOKEN_SUPPORT	3	3	3	0.002247191	0.25	0.42857143	0.66666667	0.66666667	0	0.19444444	0.66666667	0	0	0	-0	-0	1	1	0.63651417
okar	Astronomical	INSUFFICIENT_TOKEN_SUPPORT	4	3	3	0.0044395117	0.375	0.75	0.25	0.5	0.25	0.53571429	0.5	0.5	0	0	1.0986123	0.69314718	3	2	0.69314718
okar	Biological	ELIGIBLE	18	12	12	0.0028037383	0.63157895	0.63157895	0.11111111	0.16666667	0.72222222	0.51966629	0.33333333	0.5	0	0.11111111	2.5993019	2.3034885	13.454343	10.009038	1.0114043
okar	Cosmological	ELIGIBLE	11	5	5	0.0048013968	0.45454545	0.55555556	0.27272727	0.090909091	0.63636364	0.41212765	0.45454545	0.45454545	0.090909091	0.090909091	2.0794415	1.7480673	8	5.7434918	0.9347699
okar	Herbal	ELIGIBLE	38	19	18	0.0032412146	0.14728682	0.144	0.078947368	0.026315789	0.89473684	0.51331315	0.26315789	0.39473684	0	0.026315789	3.3969144	3.2970367	29.871786	27.032416	1.0851929
okar	Pharmaceutical	ELIGIBLE	5	4	4	0.0019025875	0.25	0.33333333	0.2	0	0.8	0.57380952	0.2	0.8	0	0	1.3862944	1.6094379	4	5	0.50040242
okar	Stars	ELIGIBLE	46	18	18	0.003930952	0.72	0.72	0.02173913	0.02173913	0.95652174	0.51295257	0.26086957	0.36956522	0	0.043478261	3.7450494	3.6526298	42.311098	38.575979	1.0862907
okar	Text	ELIGIBLE	17	5	4	0.0071458596	0.71428571	0.66666667	0	0	1	0.58352301	0.23529412	0.58823529	0	0.11764706	2.6701199	2.7516666	14.441701	15.668724	0.95869186
okar	Zodiac	INSUFFICIENT_TOKEN_SUPPORT	1	1	1	0.00074906367	0.083333333	0.14285714	0	0	1	0.67391304	0	1	0	0	-0	-0	1	1	-0
okedy	Astronomical	INSUFFICIENT_TOKEN_SUPPORT	1	1	1	0.0011098779	0.125	0.25	0	0	1	0.87179487	0	1	0	0	-0	-0	1	1	-0
okedy	Biological	ELIGIBLE	41	13	13	0.0063862928	0.68421053	0.68421053	0.048780488	0.048780488	0.90243902	0.5301477	0.2195122	0.34146341	0.048780488	0.097560976	3.3302309	3.365777	27.944795	28.955986	1.0611693
okedy	Cosmological	ELIGIBLE	7	3	3	0.0030554343	0.27272727	0.33333333	0.28571429	0.28571429	0.42857143	0.52116105	0.28571429	0.57142857	0.14285714	0.14285714	1.6094379	1.6094379	5	5	0.95569989
okedy	Herbal	ELIGIBLE	25	19	19	0.002132378	0.14728682	0.152	0	0	1	0.43614841	0.36	0.24	0.04	0.12	3.1079723	3.1079723	22.375627	22.375627	1.0768187
okedy	Stars	ELIGIBLE	32	10	10	0.0027345753	0.4	0.4	0	0.09375	0.90625	0.57229775	0.1875	0.40625	0.03125	0.125	3.2760976	3.1102365	26.472266	22.426348	1.0457596
okedy	Text	ELIGIBLE	11	3	3	0.0046237915	0.42857143	0.5	0	0.18181818	0.81818182	0.56529582	0.18181818	0.36363636	0	0.090909091	2.3978953	2.1972246	11	9	1.0361988
okedy	Zodiac	INSUFFICIENT_TOKEN_SUPPORT	3	3	1	0.002247191	0.25	0.14285714	0.33333333	0.33333333	0.33333333	0.40209394	0.33333333	0	0	0	0.69314718	0.69314718	2	2	0.63651417
okeody	Astronomical	INSUFFICIENT_TOKEN_SUPPORT	3	3	2	0.0033296337	0.375	0.5	0	0	1	0.43910256	0.33333333	0.33333333	0	0	1.0986123	1.0986123	3	3	1.0986123
okeody	Cosmological	INSUFFICIENT_TOKEN_SUPPORT	4	4	4	0.0017459625	0.36363636	0.44444444	0.5	0.75	0	0.27173913	0.75	0.25	0	0	0.69314718	-0	2	1	0.56233514
okeody	Herbal	ELIGIBLE	9	9	9	0.00076765609	0.069767442	0.072	0	0	1	0.48399471	0.22222222	0.22222222	0	0	2.1972246	2.1972246	9	9	0.99502699
okeody	Pharmaceutical	ELIGIBLE	7	5	3	0.0026636225	0.3125	0.25	0.28571429	0.28571429	0.42857143	0.32823129	0.57142857	0.14285714	0	0	1.6094379	1.6094379	5	5	0.95569989
okeody	Stars	ELIGIBLE	6	5	5	0.00051273287	0.2	0.2	0	0.16666667	0.83333333	0.63582112	0	0.66666667	0	0	1.7917595	1.6094379	6	5	0.63651417
okeody	Text	INSUFFICIENT_TOKEN_SUPPORT	3	2	2	0.001261034	0.28571429	0.33333333	0	0	1	0.25357143	0.66666667	0	0	0	1.0986123	1.0986123	3	3	0.63651417
okeody	Zodiac	ELIGIBLE	5	4	4	0.0037453184	0.33333333	0.57142857	0.6	0.6	0	0.31590668	0.6	0.4	0	0	0.69314718	0.69314718	2	2	0.67301167
okeol	Astronomical	INSUFFICIENT_TOKEN_SUPPORT	2	2	2	0.0022197558	0.25	0.5	0.5	0	0.5	0.44444444	0.5	0.5	0	0	-0	0.69314718	1	2	0.69314718
okeol	Biological	INSUFFICIENT_TOKEN_SUPPORT	3	3	3	0.00046728972	0.15789474	0.15789474	0	0.33333333	0.66666667	0.77777778	0	1	0	0	1.0986123	0.69314718	3	2	-0
okeol	Cosmological	INSUFFICIENT_TOKEN_SUPPORT	2	2	2	0.00087298123	0.18181818	0.22222222	0.5	0	0.5	0.10294118	1	0	0	0	-0	0.69314718	1	2	-0
okeol	Herbal	ELIGIBLE	10	8	8	0.00085295121	0.062015504	0.064	0.1	0.1	0.8	0.49746032	0.4	0.3	0	0.1	2.1972246	2.1972246	9	9	1.0889
okeol	Pharmaceutical	ELIGIBLE	31	11	10	0.011796043	0.6875	0.83333333	0	0.096774194	0.90322581	0.56525555	0.19354839	0.38709677	0.064516129	0.064516129	3.3445489	3.1341625	28.347784	22.96939	1.0496718
okeol	Stars	ELIGIBLE	13	8	8	0.0011109212	0.32	0.32	0	0	1	0.32105373	0.61538462	0.15384615	0	0	2.5649494	2.5649494	13	13	0.92512908
okeol	Zodiac	INSUFFICIENT_TOKEN_SUPPORT	3	3	3	0.002247191	0.25	0.42857143	0.33333333	0.66666667	0	0.4	0.66666667	0.33333333	0	0	0.69314718	-0	2	1	0.63651417
okeor	Astronomical	INSUFFICIENT_TOKEN_SUPPORT	1	1	1	0.0011098779	0.125	0.25	0	0	1	0.18421053	1	0	0	0	-0	-0	1	1	-0
okeor	Herbal	ELIGIBLE	5	4	4	0.00042647561	0.031007752	0.032	0	0	1	0.49	0.2	0.4	0	0	1.6094379	1.6094379	5	5	1.0549202
okeor	Pharmaceutical	ELIGIBLE	6	6	5	0.002283105	0.375	0.41666667	0	0	1	0.57116402	0.33333333	0.5	0	0.16666667	1.7917595	1.7917595	6	6	1.0114043
okeor	Stars	ELIGIBLE	5	3	3	0.00042727739	0.12	0.12	0	0.2	0.8	0.47746032	0.6	0.4	0	0	1.6094379	1.0397208	5	2.8284271	0.67301167
okeor	Text	INSUFFICIENT_TOKEN_SUPPORT	1	1	1	0.00042034468	0.14285714	0.16666667	0	0	1	0.78571429	0	1	0	0	-0	-0	1	1	-0
okeor	Zodiac	INSUFFICIENT_TOKEN_SUPPORT	2	2	2	0.0014981273	0.16666667	0.28571429	0.5	0.5	0	0.16666667	0.5	0	0	0	-0	-0	1	1	0.69314718
okey	Astronomical	ELIGIBLE	6	5	3	0.0066592675	0.625	0.75	0.16666667	0.16666667	0.66666667	0.52763158	0.33333333	0.33333333	0	0	1.6094379	1.6094379	5	5	1.0986123
okey	Biological	ELIGIBLE	11	6	6	0.0017133956	0.31578947	0.31578947	0	0.090909091	0.90909091	0.57106782	0.090909091	0.36363636	0	0	2.2718685	2.3025851	9.6975038	10	0.91646489
okey	Cosmological	INSUFFICIENT_TOKEN_SUPPORT	2	2	2	0.00087298123	0.18181818	0.22222222	0.5	0	0.5	0.12264151	1	0	0	0	-0	0.69314718	1	2	-0
okey	Herbal	ELIGIBLE	11	9	9	0.00093824633	0.069767442	0.072	0	0.090909091	0.90909091	0.50103432	0.27272727	0.45454545	0	0	2.3978953	2.3025851	11	10	1.0670895
okey	Pharmaceutical	ELIGIBLE	12	4	4	0.00456621	0.25	0.33333333	0.083333333	0	0.91666667	0.46376802	0.33333333	0.33333333	0.16666667	0.33333333	2.2718685	2.2538576	9.6975038	9.5244063	1.0986123
okey	Stars	ELIGIBLE	18	10	10	0.0015381986	0.4	0.4	0.055555556	0.055555556	0.88888889	0.37510422	0.44444444	0.16666667	0	0	2.8332133	2.7516666	17	15.668724	1.0263306
okey	Text	INSUFFICIENT_TOKEN_SUPPORT	1	1	1	0.00042034468	0.14285714	0.16666667	0	0	1	0.66666667	0	1	0	0	-0	-0	1	1	-0
okey	Zodiac	INSUFFICIENT_TOKEN_SUPPORT	4	4	3	0.0029962547	0.33333333	0.42857143	0.25	0.25	0.5	0.32814531	0.5	0.25	0	0	1.0986123	1.0986123	3	3	1.0397208
okol	Astronomical	ELIGIBLE	6	4	3	0.0066592675	0.5	0.75	0.16666667	0.16666667	0.66666667	0.44417989	0.5	0.33333333	0	0	1.6094379	1.6094379	5	5	1.0114043
okol	Biological	ELIGIBLE	8	6	6	0.0012461059	0.31578947	0.31578947	0.25	0.25	0.5	0.41309524	0.25	0.125	0	0	1.7917595	1.7917595	6	6	0.90025605
okol	Cosmological	ELIGIBLE	6	5	4	0.0026189437	0.45454545	0.44444444	0	0	1	0.47039476	0.33333333	0.33333333	0	0	1.7917595	1.7917595	6	6	1.0986123
okol	Herbal	ELIGIBLE	25	22	22	0.002132378	0.17054264	0.176	0.12	0.12	0.76	0.5208456	0.24	0.32	0	0	2.9650157	3.0280291	19.395008	20.65648	1.0683583
okol	Pharmaceutical	ELIGIBLE	21	12	10	0.0079908676	0.75	0.83333333	0.19047619	0.14285714	0.66666667	0.44346561	0.28571429	0.23809524	0	0	2.7516666	2.8133554	15.668724	16.665745	1.0529226
okol	Stars	ELIGIBLE	8	8	8	0.00068364382	0.32	0.32	0	0	1	0.54525058	0.25	0.375	0	0	2.0794415	2.0794415	8	8	1.0821955
okol	Text	INSUFFICIENT_TOKEN_SUPPORT	2	2	2	0.00084068937	0.28571429	0.33333333	0	0	1	0.37222222	0.5	0	0	0	0.69314718	0.69314718	2	2	0.69314718
okol	Zodiac	INSUFFICIENT_TOKEN_SUPPORT	2	2	2	0.0014981273	0.16666667	0.28571429	0.5	0.5	0	0.48275862	0.5	0.5	0	0	-0	-0	1	1	0.69314718
okor	Biological	INSUFFICIENT_TOKEN_SUPPORT	4	2	2	0.00062305296	0.10526316	0.10526316	0.25	0.25	0.5	0.21868687	0.5	0	0	0	1.0986123	1.0986123	3	3	0.69314718
okor	Cosmological	INSUFFICIENT_TOKEN_SUPPORT	4	2	2	0.0017459625	0.18181818	0.22222222	0.25	0.5	0.25	0.578125	0.25	0.5	0	0	1.0986123	0.69314718	3	2	1.0397208
okor	Herbal	ELIGIBLE	13	13	13	0.0011088366	0.10077519	0.104	0.23076923	0	0.76923077	0.38614164	0.38461538	0.23076923	0	0	2.3025851	2.5649494	10	13	1.0733943
okor	Pharmaceutical	ELIGIBLE	9	8	8	0.0034246575	0.5	0.66666667	0.11111111	0.11111111	0.77777778	0.29187825	0.55555556	0.22222222	0	0	2.0794415	2.0794415	8	8	0.99502699
okor	Stars	INSUFFICIENT_TOKEN_SUPPORT	4	3	3	0.00034182191	0.12	0.12	0.25	0	0.75	0.44002525	0.25	0.25	0	0	1.0986123	1.0397208	3	2.8284271	1.0397208
okor	Zodiac	INSUFFICIENT_TOKEN_SUPPORT	1	1	1	0.00074906367	0.083333333	0.14285714	0	0	1	0.43478261	0	0	0	0	-0	-0	1	1	-0
oky	Astronomical	INSUFFICIENT_TOKEN_SUPPORT	3	3	1	0.0033296337	0.375	0.25	0.33333333	0.33333333	0.33333333	0.42857143	0.66666667	0.33333333	0	0	0.69314718	0.69314718	2	2	0.63651417
oky	Biological	ELIGIBLE	11	7	7	0.0017133956	0.36842105	0.36842105	0	0.54545455	0.45454545	0.82027972	0.090909091	0.72727273	0	0.090909091	2.3978953	1.6094379	11	5	0.75954739
oky	Cosmological	INSUFFICIENT_TOKEN_SUPPORT	3	3	3	0.0013094718	0.27272727	0.33333333	0.66666667	0.66666667	0	0.33333333	0.66666667	0.33333333	0	0	-0	-0	1	1	0.63651417
oky	Herbal	ELIGIBLE	54	41	41	0.0046059365	0.31782946	0.328	0.055555556	0.16666667	0.77777778	0.60771004	0.14814815	0.51851852	0	0	3.8502789	3.7450494	47.006172	42.311098	0.98965163
oky	Pharmaceutical	ELIGIBLE	7	5	5	0.0026636225	0.3125	0.41666667	0.28571429	0.42857143	0.28571429	0.61125541	0.28571429	0.57142857	0.14285714	0.14285714	1.332179	1.3862944	3.7892914	4	0.95569989
oky	Stars	ELIGIBLE	12	11	11	0.0010254657	0.44	0.44	0	0.41666667	0.58333333	0.75844988	0.083333333	0.75	0	0	2.4849066	1.9459101	12	7	0.72146369
oky	Text	ELIGIBLE	9	5	4	0.0037831021	0.71428571	0.66666667	0	0.11111111	0.88888889	0.40749158	0.55555556	0.22222222	0	0	2.1972246	2.0794415	9	8	0.99502699
oky	Zodiac	ELIGIBLE	5	5	5	0.0037453184	0.41666667	0.71428571	0.8	0.6	0	0.016216216	1	0	0	0.2	-0	0.69314718	1	2	-0
ol	Astronomical	INSUFFICIENT_TOKEN_SUPPORT	3	2	2	0.0033296337	0.25	0.5	0	0	1	0.13960114	1	0	0	0	1.0986123	1.0986123	3	3	-0
ol	Biological	ELIGIBLE	222	19	19	0.034579439	1	1	0.022522523	0.10810811	0.86936937	0.520694	0.31531532	0.36486486	0.022522523	0.04954955	4.6815038	4.2682749	107.93226	71.398361	1.0963922
ol	Cosmological	ELIGIBLE	39	9	8	0.017023134	0.81818182	0.88888889	0.025641026	0.025641026	0.94871795	0.49432422	0.25641026	0.35897436	0.025641026	0.12820513	3.5281419	3.4186976	34.06062	30.529627	1.0842435
ol	Herbal	ELIGIBLE	96	56	53	0.0081883316	0.43410853	0.424	0.14583333	0.09375	0.76041667	0.42665974	0.42708333	0.33333333	0.010416667	0.0625	4.2650899	4.2049431	71.171321	67.016783	1.071886
ol	Pharmaceutical	ELIGIBLE	43	13	10	0.016362253	0.8125	0.83333333	0.069767442	0	0.93023256	0.44143437	0.39534884	0.27906977	0.023255814	0.023255814	3.3985394	3.4911163	29.920366	32.822568	1.0884022
ol	Stars	ELIGIBLE	117	25	25	0.0099982909	1	1	0.068376068	0.05982906	0.87179487	0.48337012	0.36752137	0.33333333	0	0.051282051	4.4352989	4.1925714	84.377343	66.192778	1.0950996
ol	Text	ELIGIBLE	42	5	4	0.017654477	0.71428571	0.66666667	0.023809524	0.047619048	0.92857143	0.55485255	0.26190476	0.45238095	0	0.023809524	3.5655617	3.4547729	35.359309	31.6511	1.067668
ol	Zodiac	INSUFFICIENT_TOKEN_SUPPORT	2	1	1	0.0014981273	0.083333333	0.14285714	0	0	1	0.19230769	1	0	0	0	0.69314718	0.69314718	2	2	-0
olHedy	Biological	ELIGIBLE	22	13	13	0.0034267913	0.68421053	0.68421053	0.045454545	0.27272727	0.68181818	0.60530303	0.22727273	0.5	0	0	2.7804664	2.7725887	16.12654	16	1.0376518
olHedy	Cosmological	INSUFFICIENT_TOKEN_SUPPORT	3	2	2	0.0013094718	0.18181818	0.22222222	0	0	1	0.46515617	0.33333333	0.33333333	0	0	1.0986123	1.0986123	3	3	1.0986123
olHedy	Herbal	INSUFFICIENT_TOKEN_SUPPORT	1	1	1	8.5295121e-05	0.007751938	0.008	0	0	1	0.45454545	0	0	0	0	-0	-0	1	1	-0
olHedy	Stars	ELIGIBLE	10	7	7	0.00085455478	0.28	0.28	0	0.2	0.8	0.6580303	0.1	0.5	0	0	2.3025851	2.0794415	10	8	0.94334839
olHedy	Text	INSUFFICIENT_TOKEN_SUPPORT	3	2	2	0.001261034	0.28571429	0.33333333	0	0.33333333	0.66666667	0.73333333	0	0.66666667	0	0	1.0986123	0.69314718	3	2	0.63651417
olHey	Biological	ELIGIBLE	14	10	10	0.0021806854	0.52631579	0.52631579	0.071428571	0.14285714	0.78571429	0.55460492	0.35714286	0.42857143	0	0	2.5649494	2.3693821	13	10.690785	1.0609442
olHey	Cosmological	INSUFFICIENT_TOKEN_SUPPORT	1	1	1	0.00043649062	0.090909091	0.11111111	0	0	1	0.71428571	0	1	0	0	-0	-0	1	1	-0
olHey	Herbal	INSUFFICIENT_TOKEN_SUPPORT	3	3	3	0.00025588536	0.023255814	0.024	0.66666667	0	0.33333333	0.041666667	1	0	0	0	-0	1.0986123	1	3	-0
olHey	Pharmaceutical	INSUFFICIENT_TOKEN_SUPPORT	1	1	1	0.0003805175	0.0625	0.083333333	0	0	1	0.54166667	0	0	0	0	-0	-0	1	1	-0
olHey	Stars	ELIGIBLE	6	6	6	0.00051273287	0.24	0.24	0	0	1	0.42007576	0.33333333	0.16666667	0	0	1.7917595	1.7917595	6	6	1.0114043
olSedy	Biological	ELIGIBLE	15	9	9	0.0023364486	0.47368421	0.47368421	0.13333333	0.13333333	0.73333333	0.5291823	0.26666667	0.4	0	0	2.4583113	2.4583113	11.685063	11.685063	1.0851886
olSedy	Cosmological	INSUFFICIENT_TOKEN_SUPPORT	1	1	1	0.00043649062	0.090909091	0.11111111	0	0	1	0.4	0	0	0	0	-0	-0	1	1	-0
olSedy	Stars	INSUFFICIENT_TOKEN_SUPPORT	4	3	3	0.00034182191	0.12	0.12	0	0.25	0.75	0.50738636	0.25	0.25	0	0	1.3862944	1.0986123	4	3	1.0397208
olSedy	Text	INSUFFICIENT_TOKEN_SUPPORT	2	1	1	0.00084068937	0.14285714	0.16666667	0	0	1	0.5	0	0	0	0	0.69314718	0.69314718	2	2	-0
olaN	Biological	ELIGIBLE	6	6	6	0.00093457944	0.31578947	0.31578947	0.33333333	0.16666667	0.5	0.33435315	0.5	0.16666667	0	0	0.56233514	1.6094379	1.7547654	5	1.0114043
olaN	Cosmological	INSUFFICIENT_TOKEN_SUPPORT	3	2	2	0.0013094718	0.18181818	0.22222222	0	0	1	0.55882353	0.33333333	0.66666667	0	0	1.0986123	1.0986123	3	3	0.63651417
olaN	Herbal	ELIGIBLE	9	9	9	0.00076765609	0.069767442	0.072	0	0.11111111	0.88888889	0.4656245	0.55555556	0.22222222	0	0	2.1972246	2.0794415	9	8	0.99502699
olaN	Pharmaceutical	ELIGIBLE	10	8	7	0.003805175	0.5	0.58333333	0.2	0.1	0.7	0.41333333	0.5	0.3	0	0	2.0794415	2.1972246	8	9	1.029653
olaN	Stars	ELIGIBLE	13	9	9	0.0011109212	0.36	0.36	0.076923077	0	0.92307692	0.49615385	0.38461538	0.46153846	0	0.076923077	2.4849066	2.4583113	12	11.685063	1.0123308
olaN	Text	ELIGIBLE	5	2	2	0.0021017234	0.28571429	0.33333333	0	0	1	0.44282828	0.4	0.2	0	0	1.6094379	1.6094379	5	5	1.0549202
olaN	Zodiac	ELIGIBLE	6	4	3	0.004494382	0.33333333	0.42857143	0.16666667	0	0.83333333	0.41600913	0.5	0.16666667	0	0.16666667	1.6094379	1.7917595	5	6	1.0114043
oldy	Astronomical	INSUFFICIENT_TOKEN_SUPPORT	1	1	1	0.0011098779	0.125	0.25	0	1	0	1	0	1	0	0	-0	NA	1	NA	-0
oldy	Biological	ELIGIBLE	12	6	6	0.0018691589	0.31578947	0.31578947	0	0.83333333	0.16666667	0.92777778	0	0.91666667	0	0	2.4849066	0.69314718	12	2	0.28683598
oldy	Herbal	ELIGIBLE	7	6	6	0.00059706585	0.046511628	0.048	0.14285714	0.14285714	0.71428571	0.56410256	0.14285714	0.42857143	0	0	1.7917595	1.7917595	6	6	1.0042425
oldy	Pharmaceutical	ELIGIBLE	6	5	5	0.002283105	0.3125	0.41666667	0.16666667	0.33333333	0.5	0.62222222	0.16666667	0.66666667	0	0	1.6094379	1.3862944	5	4	0.86756323
oldy	Stars	INSUFFICIENT_TOKEN_SUPPORT	2	2	2	0.00017091096	0.08	0.08	0	1	0	1	0	1	0	0	0.69314718	NA	2	NA	-0
oldy	Text	INSUFFICIENT_TOKEN_SUPPORT	1	1	1	0.00042034468	0.14285714	0.16666667	0	1	0	1	0	1	0	0	-0	NA	1	NA	-0
oldy	Zodiac	INSUFFICIENT_TOKEN_SUPPORT	1	1	1	0.00074906367	0.083333333	0.14285714	0	0	1	0.74193548	0	1	0	0	-0	-0	1	1	-0
olkA	Biological	ELIGIBLE	26	9	9	0.0040498442	0.47368421	0.47368421	0.038461538	0.076923077	0.88461538	0.50240731	0.30769231	0.30769231	0.038461538	0.038461538	3.2188758	2.9252028	25	18.638005	1.0928306
olkA	Herbal	INSUFFICIENT_TOKEN_SUPPORT	3	3	3	0.00025588536	0.023255814	0.024	0	0	1	0.40462963	0.66666667	0.33333333	0	0	1.0986123	1.0986123	3	3	0.63651417
olkA	Stars	ELIGIBLE	5	4	4	0.00042727739	0.16	0.16	0	0.4	0.6	0.90777778	0	1	0	0	1.6094379	1.0986123	5	3	-0
olkEdy	Biological	ELIGIBLE	17	9	9	0.0026479751	0.47368421	0.47368421	0.11764706	0.11764706	0.76470588	0.54836601	0.29411765	0.52941176	0	0	2.6156306	2.6156306	13.675837	13.675837	1.00274
olkEdy	Cosmological	INSUFFICIENT_TOKEN_SUPPORT	1	1	1	0.00043649062	0.090909091	0.11111111	0	0	1	0.66666667	0	1	0	0	-0	-0	1	1	-0
olkEdy	Herbal	INSUFFICIENT_TOKEN_SUPPORT	3	3	3	0.00025588536	0.023255814	0.024	0	0	1	0.55185185	0.33333333	0.66666667	0	0	1.0986123	1.0986123	3	3	0.63651417
olkEdy	Stars	ELIGIBLE	18	12	12	0.0015381986	0.48	0.48	0.055555556	0.055555556	0.88888889	0.39018512	0.5	0.27777778	0	0	2.7516666	2.7516666	15.668724	15.668724	1.036628
olkEdy	Text	ELIGIBLE	6	3	2	0.0025220681	0.42857143	0.33333333	0.16666667	0.16666667	0.66666667	0.39941077	0.33333333	0.16666667	0	0	1.6094379	1.6094379	5	5	1.0114043
olkEy	Biological	ELIGIBLE	17	10	10	0.0026479751	0.52631579	0.52631579	0.17647059	0	0.82352941	0.3165733	0.52941176	0.17647059	0	0	2.5400363	2.8332133	12.680131	17	1.00274
olkEy	Herbal	INSUFFICIENT_TOKEN_SUPPORT	1	1	1	8.5295121e-05	0.007751938	0.008	0	0	1	0.77777778	0	1	0	0	-0	-0	1	1	-0
olkEy	Pharmaceutical	INSUFFICIENT_TOKEN_SUPPORT	1	1	1	0.0003805175	0.0625	0.083333333	0	0	1	0.33333333	0	0	0	0	-0	-0	1	1	-0
olkEy	Stars	ELIGIBLE	14	10	10	0.0011963767	0.4	0.4	0.21428571	0	0.78571429	0.34087302	0.57142857	0.21428571	0	0	2.3978953	2.6390573	11	14	0.97997118
olkEy	Text	ELIGIBLE	5	3	3	0.0021017234	0.42857143	0.5	0.2	0	0.8	0.4169697	0.4	0.4	0	0	1.3862944	1.6094379	4	5	1.0549202
olkaN	Biological	ELIGIBLE	7	7	7	0.0010903427	0.36842105	0.36842105	0	0.14285714	0.85714286	0.59869615	0.14285714	0.42857143	0	0	1.9459101	1.2424533	7	3.4641016	1.0042425
olkaN	Cosmological	INSUFFICIENT_TOKEN_SUPPORT	3	2	2	0.0013094718	0.18181818	0.22222222	0	0	1	0.5200747	0.33333333	0.33333333	0	0	1.0986123	1.0986123	3	3	1.0986123
olkaN	Herbal	ELIGIBLE	5	5	5	0.00042647561	0.03875969	0.04	0	0	1	0.48227273	0.4	0.2	0	0	1.6094379	1.6094379	5	5	1.0549202
olkaN	Stars	ELIGIBLE	13	11	11	0.0011109212	0.44	0.44	0.076923077	0.076923077	0.84615385	0.39728562	0.46153846	0.23076923	0	0.076923077	2.4849066	2.4849066	12	12	1.0579054
olkaN	Text	INSUFFICIENT_TOKEN_SUPPORT	3	1	1	0.001261034	0.14285714	0.16666667	0	0	1	0.53619529	0.33333333	0.33333333	0	0	1.0986123	1.0986123	3	3	1.0986123
olkar	Biological	ELIGIBLE	6	5	5	0.00093457944	0.26315789	0.26315789	0	0	1	0.53618927	0.33333333	0.5	0	0	1.7917595	1.7917595	6	6	1.0114043
olkar	Cosmological	ELIGIBLE	5	4	3	0.0021824531	0.36363636	0.33333333	0	0	1	0.48348104	0.4	0.2	0	0	1.6094379	1.6094379	5	5	1.0549202
olkar	Herbal	INSUFFICIENT_TOKEN_SUPPORT	1	1	1	8.5295121e-05	0.007751938	0.008	0	0	1	0.3	1	0	0	0	-0	-0	1	1	-0
olkar	Stars	INSUFFICIENT_TOKEN_SUPPORT	2	2	2	0.00017091096	0.08	0.08	0	0	1	0.58333333	0	0.5	0	0	0.69314718	0.69314718	2	2	0.69314718
olkar	Text	INSUFFICIENT_LEAF_SUPPORT	6	2	1	0.0025220681	0.28571429	0.16666667	0	0	1	0.58110269	0.5	0.5	0	0	1.7917595	1.7917595	6	6	0.69314718
olkar	Zodiac	INSUFFICIENT_TOKEN_SUPPORT	1	1	1	0.00074906367	0.083333333	0.14285714	1	1	0	0	1	0	0	0	NA	NA	NA	NA	-0
olkedy	Biological	ELIGIBLE	19	11	11	0.0029595016	0.57894737	0.57894737	0	0.15789474	0.84210526	0.61183451	0.10526316	0.36842105	0.052631579	0.052631579	2.7985133	2.7725887	16.420216	16	0.94267496
olkedy	Herbal	INSUFFICIENT_TOKEN_SUPPORT	1	1	1	8.5295121e-05	0.007751938	0.008	0	0	1	0.7	0	1	0	0	-0	-0	1	1	-0
olkedy	Stars	INSUFFICIENT_TOKEN_SUPPORT	4	4	4	0.00034182191	0.16	0.16	0	0	1	0.57162698	0.25	0.5	0	0	1.3862944	1.3862944	4	4	1.0397208
olkedy	Text	INSUFFICIENT_TOKEN_SUPPORT	2	2	2	0.00084068937	0.28571429	0.33333333	0	0	1	0.35416667	0.5	0	0	0	0.69314718	0.69314718	2	2	0.69314718
olky	Biological	ELIGIBLE	13	7	7	0.0020249221	0.36842105	0.36842105	0.076923077	0.23076923	0.69230769	0.5257326	0.30769231	0.46153846	0	0	2.4849066	2.1639557	12	8.7055056	1.0579054
olky	Cosmological	INSUFFICIENT_TOKEN_SUPPORT	1	1	1	0.00043649062	0.090909091	0.11111111	0	0	1	0.33333333	0	0	0	0	-0	-0	1	1	-0
olky	Herbal	INSUFFICIENT_TOKEN_SUPPORT	4	3	3	0.00034118048	0.023255814	0.024	0	0.25	0.75	0.62307692	0.25	0.5	0	0	1.3862944	0.63651417	4	1.8898816	1.0397208
olky	Pharmaceutical	INSUFFICIENT_TOKEN_SUPPORT	1	1	1	0.0003805175	0.0625	0.083333333	1	1	0	0	1	0	0	0	NA	NA	NA	NA	-0
olky	Stars	INSUFFICIENT_TOKEN_SUPPORT	1	1	1	8.5455478e-05	0.04	0.04	0	1	0	1	0	1	0	0	-0	NA	1	NA	-0
olky	Text	INSUFFICIENT_TOKEN_SUPPORT	3	3	3	0.001261034	0.42857143	0.5	0	0.33333333	0.66666667	0.77272727	0	0.66666667	0	0	1.0986123	0.69314718	3	2	0.63651417
olor	Astronomical	INSUFFICIENT_TOKEN_SUPPORT	1	1	1	0.0011098779	0.125	0.25	1	1	0	0	1	0	0	0	NA	NA	NA	NA	-0
olor	Biological	ELIGIBLE	16	7	7	0.0024922118	0.36842105	0.36842105	0.0625	0.25	0.6875	0.64300144	0.125	0.5	0	0	2.523211	2.2538576	12.468568	9.5244063	0.97431475
olor	Cosmological	INSUFFICIENT_TOKEN_SUPPORT	2	1	1	0.00087298123	0.090909091	0.11111111	0	0	1	0.44565217	0	0	0	0	0.69314718	0.69314718	2	2	-0
olor	Herbal	ELIGIBLE	5	5	5	0.00042647561	0.03875969	0.04	0.2	0	0.8	0.37230769	0.2	0	0	0	1.3862944	1.6094379	4	5	0.50040242
olor	Pharmaceutical	INSUFFICIENT_TOKEN_SUPPORT	1	1	1	0.0003805175	0.0625	0.083333333	0	0	1	0.08	1	0	0	0	-0	-0	1	1	-0
olor	Stars	INSUFFICIENT_TOKEN_SUPPORT	4	4	4	0.00034182191	0.16	0.16	0	0.5	0.5	0.86666667	0	1	0	0	1.3862944	0.69314718	4	2	-0
olor	Text	INSUFFICIENT_TOKEN_SUPPORT	1	1	1	0.00042034468	0.14285714	0.16666667	0	0	1	0.6	0	0	0	0	-0	-0	1	1	-0
ols	Astronomical	INSUFFICIENT_TOKEN_SUPPORT	2	2	2	0.0022197558	0.25	0.5	0.5	0	0.5	0.25	0.5	0	0	0	-0	0.69314718	1	2	0.69314718
ols	Biological	INSUFFICIENT_TOKEN_SUPPORT	4	4	4	0.00062305296	0.21052632	0.21052632	0	0.5	0.5	0.6875	0.25	0.5	0	0	1.3862944	0.69314718	4	2	1.0397208
ols	Cosmological	INSUFFICIENT_TOKEN_SUPPORT	2	2	2	0.00087298123	0.18181818	0.22222222	0.5	0.5	0	0.29166667	0.5	0	0	0	-0	-0	1	1	0.69314718
ols	Herbal	ELIGIBLE	5	5	5	0.00042647561	0.03875969	0.04	0	0.6	0.4	0.80454545	0.2	0.8	0	0	1.6094379	0.69314718	5	2	0.50040242
ols	Pharmaceutical	INSUFFICIENT_TOKEN_SUPPORT	4	3	3	0.00152207	0.1875	0.25	0	0.25	0.75	0.75	0	0.75	0	0	1.3862944	1.0986123	4	3	0.56233514
ols	Stars	INSUFFICIENT_TOKEN_SUPPORT	3	3	3	0.00025636643	0.12	0.12	0	0.33333333	0.66666667	0.77777778	0	0.66666667	0	0	1.0986123	0.69314718	3	2	0.63651417
ols	Text	INSUFFICIENT_TOKEN_SUPPORT	2	2	2	0.00084068937	0.28571429	0.33333333	0	0.5	0.5	0.64285714	0.5	0.5	0	0	0.69314718	-0	2	1	0.69314718
oly	Astronomical	INSUFFICIENT_TOKEN_SUPPORT	2	2	2	0.0022197558	0.25	0.5	0	0.5	0.5	0.95454545	0	1	0	0	0.69314718	-0	2	1	-0
oly	Biological	ELIGIBLE	27	13	13	0.0042056075	0.68421053	0.68421053	0	0.85185185	0.14814815	0.92886537	0.074074074	0.92592593	0	0	3.1224246	1.0397208	22.701355	2.8284271	0.26405205
oly	Cosmological	INSUFFICIENT_TOKEN_SUPPORT	3	2	2	0.0013094718	0.18181818	0.22222222	0	0.33333333	0.66666667	0.74430642	0.33333333	0.66666667	0	0	1.0986123	0.69314718	3	2	0.63651417
oly	Herbal	ELIGIBLE	12	11	11	0.0010235415	0.085271318	0.088	0	0.25	0.75	0.66439394	0.083333333	0.58333333	0	0.083333333	2.4849066	2.1972246	12	9	0.88769428
oly	Pharmaceutical	INSUFFICIENT_TOKEN_SUPPORT	1	1	1	0.0003805175	0.0625	0.083333333	0	1	0	1	0	1	0	0	-0	NA	1	NA	-0
oly	Stars	ELIGIBLE	9	4	4	0.0007690993	0.16	0.16	0	0.88888889	0.11111111	0.98611111	0	1	0	0	2.1972246	-0	9	1	-0
oly	Text	ELIGIBLE	6	3	3	0.0025220681	0.42857143	0.5	0	0.66666667	0.33333333	0.93162393	0	1	0	0	1.7917595	0.69314718	6	2	-0
oly	Zodiac	INSUFFICIENT_TOKEN_SUPPORT	1	1	1	0.00074906367	0.083333333	0.14285714	0	0	1	0.94594595	0	1	0	0	-0	-0	1	1	-0
om	Cosmological	INSUFFICIENT_TOKEN_SUPPORT	2	1	1	0.00087298123	0.090909091	0.11111111	0	0	1	0.22486413	0.5	0	0	0	0.69314718	0.69314718	2	2	0.69314718
om	Herbal	ELIGIBLE	7	7	7	0.00059706585	0.054263566	0.056	0	0.71428571	0.28571429	0.86071429	0	0.71428571	0	0	1.7478681	0.69314718	5.7423475	2	0.59826959
om	Pharmaceutical	INSUFFICIENT_TOKEN_SUPPORT	3	2	2	0.0011415525	0.125	0.16666667	0.33333333	0	0.66666667	0.36666667	0.66666667	0.33333333	0	0	-0	1.0986123	1	3	0.63651417
om	Stars	ELIGIBLE	9	8	8	0.0007690993	0.32	0.32	0	0.88888889	0.11111111	0.96666667	0	1	0	0	2.0431919	-0	7.7151958	1	-0
om	Text	INSUFFICIENT_TOKEN_SUPPORT	1	1	1	0.00042034468	0.14285714	0.16666667	0	1	0	1	0	1	0	0	-0	NA	1	NA	-0
opHdy	Cosmological	INSUFFICIENT_TOKEN_SUPPORT	4	3	3	0.0017459625	0.27272727	0.33333333	0.5	0.75	0	0.39285714	0.5	0.25	0	0	0.69314718	-0	2	1	1.0397208
opHdy	Herbal	INSUFFICIENT_TOKEN_SUPPORT	3	2	2	0.00025588536	0.015503876	0.016	0	0	1	0.39444444	0.33333333	0	0	0	1.0986123	1.0986123	3	3	0.63651417
opHdy	Stars	ELIGIBLE	9	7	7	0.0007690993	0.28	0.28	0	0.33333333	0.66666667	0.80903479	0	0.77777778	0	0	2.1972246	1.7917595	9	6	0.5297062
opHdy	Text	INSUFFICIENT_TOKEN_SUPPORT	4	3	3	0.0016813787	0.42857143	0.5	0	0	1	0.58181818	0	0.5	0	0	1.3862944	1.3862944	4	4	0.69314718
opHedy	Biological	ELIGIBLE	13	9	9	0.0020249221	0.47368421	0.47368421	0	0.076923077	0.92307692	0.53891941	0.15384615	0.46153846	0	0	2.5649494	2.3693821	13	10.690785	1.0123308
opHedy	Cosmological	INSUFFICIENT_TOKEN_SUPPORT	2	2	1	0.00087298123	0.18181818	0.11111111	0	0	1	0.33333333	0	0	0	0.5	0.69314718	0.69314718	2	2	-0
opHedy	Herbal	INSUFFICIENT_TOKEN_SUPPORT	4	4	4	0.00034118048	0.031007752	0.032	0	0	1	0.6010101	0	0.5	0	0	1.3862944	1.3862944	4	4	0.69314718
opHedy	Stars	ELIGIBLE	26	17	17	0.0022218424	0.68	0.68	0	0.038461538	0.96153846	0.5846013	0.15384615	0.42307692	0	0.038461538	3.2047775	3.1634241	24.650015	23.651441	1.0158322
opHedy	Text	INSUFFICIENT_TOKEN_SUPPORT	4	3	3	0.0016813787	0.42857143	0.5	0	0	1	0.45138889	0.5	0.25	0	0	1.3862944	1.3862944	4	4	1.0397208
opHey	Astronomical	INSUFFICIENT_TOKEN_SUPPORT	1	1	1	0.0011098779	0.125	0.25	0	0	1	0.5	0	0	0	0	-0	-0	1	1	-0
opHey	Biological	INSUFFICIENT_TOKEN_SUPPORT	3	2	2	0.00046728972	0.10526316	0.10526316	0	0.33333333	0.66666667	0.5	0.33333333	0.33333333	0	0	1.0986123	0.69314718	3	2	1.0986123
opHey	Herbal	ELIGIBLE	6	6	6	0.00051177073	0.046511628	0.048	0	0	1	0.45669192	0.33333333	0.16666667	0	0	1.7917595	1.7917595	6	6	1.0114043
opHey	Pharmaceutical	INSUFFICIENT_TOKEN_SUPPORT	1	1	1	0.0003805175	0.0625	0.083333333	0	0	1	0.125	1	0	0	0	-0	-0	1	1	-0
opHey	Stars	ELIGIBLE	13	10	10	0.0011109212	0.4	0.4	0	0	1	0.54373319	0.15384615	0.38461538	0	0	2.5649494	2.5649494	13	13	1.0123308
opHey	Text	INSUFFICIENT_TOKEN_SUPPORT	4	4	3	0.0016813787	0.57142857	0.5	0	0	1	0.54482323	0.25	0.5	0	0	1.3862944	1.3862944	4	4	1.0397208
opHey	Zodiac	INSUFFICIENT_TOKEN_SUPPORT	2	2	2	0.0014981273	0.16666667	0.28571429	0.5	0	0.5	0.32352941	0.5	0	0	0	-0	0.69314718	1	2	0.69314718
or	Astronomical	INSUFFICIENT_TOKEN_SUPPORT	4	3	3	0.0044395117	0.375	0.75	0	0.25	0.75	0.55921053	0	0.25	0	0	1.3862944	1.0986123	4	3	0.56233514
or	Biological	ELIGIBLE	65	18	18	0.010124611	0.94736842	0.94736842	0.061538462	0.076923077	0.86153846	0.50901662	0.30769231	0.36923077	0.015384615	0.061538462	3.8977608	3.6563201	49.291951	38.718598	1.0955733
or	Cosmological	ELIGIBLE	34	6	5	0.014840681	0.54545455	0.55555556	0.058823529	0.029411765	0.91176471	0.54158382	0.26470588	0.44117647	0.029411765	0.088235294	3.3790925	2.9083827	29.344129	18.327134	1.0727833
or	Herbal	ELIGIBLE	130	64	62	0.011088366	0.49612403	0.496	0.12307692	0.053846154	0.82307692	0.41998294	0.44615385	0.26923077	0.023076923	0.076923077	4.3849161	4.0435031	80.231491	57.025762	1.0710203
or	Pharmaceutical	ELIGIBLE	35	12	9	0.013318113	0.75	0.75	0.085714286	0.028571429	0.88571429	0.46220132	0.4	0.42857143	0	0.14285714	3.3790925	2.9472489	29.344129	19.053463	1.0319734
or	Stars	ELIGIBLE	78	24	24	0.0066655273	0.96	0.96	0.08974359	0.025641026	0.88461538	0.47341871	0.33333333	0.34615385	0.012820513	0.064102564	4.1186333	3.4586182	61.475165	31.773043	1.0981191
or	Text	ELIGIBLE	44	5	4	0.018495166	0.71428571	0.66666667	0	0.022727273	0.97727273	0.44763917	0.38636364	0.27272727	0.045454545	0.068181818	3.6581629	3.1279503	38.790015	22.827143	1.0886383
or	Zodiac	INSUFFICIENT_TOKEN_SUPPORT	3	3	3	0.002247191	0.25	0.42857143	0	0	1	0.54502083	0.33333333	0.33333333	0	0.33333333	1.0986123	1.0986123	3	3	1.0986123
oraN	Biological	INSUFFICIENT_TOKEN_SUPPORT	1	1	1	0.00015576324	0.052631579	0.052631579	0	0	1	0.66666667	0	1	0	0	-0	-0	1	1	-0
oraN	Cosmological	INSUFFICIENT_TOKEN_SUPPORT	3	3	3	0.0013094718	0.27272727	0.33333333	0.33333333	0	0.66666667	0.28494624	0.33333333	0	0	0	0.69314718	1.0986123	2	3	0.63651417
oraN	Herbal	ELIGIBLE	8	8	8	0.00068236097	0.062015504	0.064	0	0.25	0.75	0.65054563	0.125	0.5	0	0	2.0794415	1.7917595	8	6	0.97431475
oraN	Pharmaceutical	ELIGIBLE	5	3	3	0.0019025875	0.1875	0.25	0	0.2	0.8	0.68302564	0	0.4	0	0	1.6094379	1.3862944	5	4	0.67301167
oraN	Stars	ELIGIBLE	10	10	10	0.00085455478	0.4	0.4	0.3	0.3	0.4	0.59065657	0.3	0.5	0	0.1	1.9459101	1.9459101	7	7	1.029653
oraN	Text	ELIGIBLE	6	2	2	0.0025220681	0.28571429	0.33333333	0	0	1	0.36565657	0.5	0.16666667	0	0	1.7917595	1.7917595	6	6	1.0114043
oraN	Zodiac	INSUFFICIENT_TOKEN_SUPPORT	1	1	1	0.00074906367	0.083333333	0.14285714	0	0	1	0.375	0	0	0	0	-0	-0	1	1	-0
os	Astronomical	INSUFFICIENT_TOKEN_SUPPORT	2	1	1	0.0022197558	0.125	0.25	0.5	0	0.5	0.33333333	0.5	0.5	0	0	-0	0.69314718	1	2	0.69314718
os	Biological	INSUFFICIENT_TOKEN_SUPPORT	1	1	1	0.00015576324	0.052631579	0.052631579	0	0	1	0.44444444	0	0	0	0	-0	-0	1	1	-0
os	Cosmological	ELIGIBLE	7	5	5	0.0030554343	0.45454545	0.55555556	0	0	1	0.41309266	0.42857143	0.28571429	0	0.14285714	1.9459101	1.9459101	7	7	1.0789922
os	Herbal	ELIGIBLE	12	11	11	0.0010235415	0.085271318	0.088	0.083333333	0.083333333	0.83333333	0.54209656	0.16666667	0.41666667	0	0	2.2718685	2.3978953	9.6975038	11	1.0281839
os	Pharmaceutical	ELIGIBLE	6	5	4	0.002283105	0.3125	0.33333333	0.16666667	0.16666667	0.66666667	0.5084707	0.16666667	0.33333333	0	0.16666667	1.6094379	1.332179	5	3.7892914	1.0114043
os	Stars	INSUFFICIENT_TOKEN_SUPPORT	4	3	3	0.00034182191	0.12	0.12	0	0	1	0.42905012	0.25	0.25	0	0	1.3862944	1.0397208	4	2.8284271	1.0397208
os	Text	INSUFFICIENT_TOKEN_SUPPORT	3	2	2	0.001261034	0.28571429	0.33333333	0	0	1	0.51851852	0	0	0	0	1.0986123	1.0986123	3	3	-0
os	Zodiac	INSUFFICIENT_TOKEN_SUPPORT	1	1	1	0.00074906367	0.083333333	0.14285714	0	0	1	0.73913043	0	1	0	1	-0	-0	1	1	-0
otA	Biological	ELIGIBLE	23	11	11	0.0035825545	0.57894737	0.57894737	0.043478261	0	0.95652174	0.52850398	0.17391304	0.34782609	0.043478261	0.086956522	2.8782183	2.8716496	17.782562	17.666137	1.0242961
otA	Cosmological	INSUFFICIENT_TOKEN_SUPPORT	2	1	1	0.00087298123	0.090909091	0.11111111	0	0	1	0.49305556	0.5	0.5	0	0	0.69314718	0.69314718	2	2	0.69314718
otA	Herbal	ELIGIBLE	11	9	8	0.00093824633	0.069767442	0.064	0.090909091	0.18181818	0.72727273	0.66961826	0.18181818	0.63636364	0	0.090909091	2.1639557	2.1972246	8.7055056	9	0.90753529
otA	Stars	ELIGIBLE	53	18	18	0.0045291403	0.72	0.72	0	0.075471698	0.9245283	0.63202322	0.11320755	0.52830189	0.037735849	0.075471698	3.6988543	3.528958	40.400992	34.088428	0.95148769
otA	Text	ELIGIBLE	6	3	2	0.0025220681	0.42857143	0.33333333	0	0.33333333	0.66666667	0.68960438	0.16666667	0.66666667	0	0	1.5607104	1.3862944	4.7622032	4	0.86756323
otA	Zodiac	INSUFFICIENT_TOKEN_SUPPORT	1	1	1	0.00074906367	0.083333333	0.14285714	0	1	0	1	0	1	0	0	-0	NA	1	NA	-0
otEdy	Astronomical	INSUFFICIENT_TOKEN_SUPPORT	1	1	1	0.0011098779	0.125	0.25	0	0	1	0.025641026	1	0	0	0	-0	-0	1	1	-0
otEdy	Biological	ELIGIBLE	22	10	10	0.0034267913	0.52631579	0.52631579	0.045454545	0.090909091	0.86363636	0.5758658	0.22727273	0.45454545	0	0.045454545	2.6895358	2.8571028	14.724839	17.411011	1.0594783
otEdy	Cosmological	ELIGIBLE	11	5	4	0.0048013968	0.45454545	0.44444444	0.18181818	0.18181818	0.63636364	0.5195833	0.27272727	0.45454545	0	0	2.1972246	2.0431919	9	7.7151958	1.0670895
otEdy	Herbal	ELIGIBLE	5	5	5	0.00042647561	0.03875969	0.04	0	0	1	0.45081197	0.4	0.2	0	0	1.6094379	1.6094379	5	5	1.0549202
otEdy	Stars	ELIGIBLE	57	20	20	0.0048709622	0.8	0.8	0.052631579	0.052631579	0.89473684	0.55467194	0.22807018	0.40350877	0.01754386	0.01754386	3.9022779	3.6775214	49.515112	39.548249	1.0711972
otEdy	Text	INSUFFICIENT_TOKEN_SUPPORT	4	2	2	0.0016813787	0.28571429	0.33333333	0	0	1	0.27114899	0.75	0.25	0	0	1.3862944	1.3862944	4	4	0.56233514
otEdy	Zodiac	ELIGIBLE	6	5	3	0.004494382	0.41666667	0.42857143	0.16666667	0.16666667	0.66666667	0.39895811	0.5	0.16666667	0	0	1.6094379	1.6094379	5	5	1.0114043
otEy	Astronomical	ELIGIBLE	7	4	3	0.0077691454	0.5	0.75	0.14285714	0.14285714	0.71428571	0.46348195	0.42857143	0.28571429	0	0	1.7917595	1.7917595	6	6	1.0789922
otEy	Biological	ELIGIBLE	17	9	9	0.0026479751	0.47368421	0.47368421	0.17647059	0.11764706	0.70588235	0.49297206	0.35294118	0.35294118	0	0	2.4410153	2.6156306	11.484695	13.675837	1.0950779
otEy	Cosmological	ELIGIBLE	15	7	5	0.0065473592	0.63636364	0.55555556	0.13333333	0.2	0.66666667	0.49908276	0.4	0.4	0.066666667	0.066666667	2.5649494	2.3693821	13	10.690785	1.0549202
otEy	Herbal	ELIGIBLE	12	9	9	0.0010235415	0.069767442	0.072	0.083333333	0	0.91666667	0.57195767	0.16666667	0.5	0	0	2.3978953	2.4849066	11	12	1.0114043
otEy	Pharmaceutical	ELIGIBLE	5	5	5	0.0019025875	0.3125	0.41666667	0	0	1	0.55515873	0.2	0.4	0	0	1.332179	1.6094379	3.7892914	5	1.0549202
otEy	Stars	ELIGIBLE	64	19	19	0.0054691506	0.76	0.76	0.046875	0.03125	0.921875	0.52292274	0.28125	0.390625	0.015625	0.0625	3.9063386	4.006897	49.716588	54.976013	1.0896087
otEy	Text	INSUFFICIENT_TOKEN_SUPPORT	4	4	4	0.0016813787	0.57142857	0.66666667	0.5	0	0.5	0.066964286	1	0	0	0	0.69314718	1.3862944	2	4	-0
otEy	Zodiac	ELIGIBLE	21	9	6	0.015730337	0.75	0.85714286	0.23809524	0	0.76190476	0.41334413	0.47619048	0.38095238	0	0	2.6859453	2.9785084	14.672065	19.658473	0.99894053
otHdy	Astronomical	INSUFFICIENT_TOKEN_SUPPORT	2	2	2	0.0022197558	0.25	0.5	1	0.5	0	0	1	0	0	0	NA	-0	NA	1	-0
otHdy	Biological	INSUFFICIENT_TOKEN_SUPPORT	4	4	4	0.00062305296	0.21052632	0.21052632	0.5	0.5	0	0.3	0.75	0.25	0	0	0.69314718	0.69314718	2	2	0.56233514
otHdy	Cosmological	ELIGIBLE	6	4	4	0.0026189437	0.36363636	0.44444444	0.66666667	0.5	0	0.040233074	1	0	0	0.16666667	0.69314718	1.0986123	2	3	-0
otHdy	Herbal	ELIGIBLE	8	8	8	0.00068236097	0.062015504	0.064	0	0.125	0.875	0.64470425	0.125	0.75	0	0	2.0794415	1.9459101	8	7	0.73562194
otHdy	Stars	ELIGIBLE	9	8	8	0.0007690993	0.32	0.32	0	0.11111111	0.88888889	0.68330527	0	0.55555556	0	0	2.1972246	2.0794415	9	8	0.68696158
otHdy	Text	INSUFFICIENT_TOKEN_SUPPORT	4	2	2	0.0016813787	0.28571429	0.33333333	0	0.25	0.75	0.76944444	0.25	0.75	0	0	1.3862944	1.0986123	4	3	0.56233514
otHedy	Biological	ELIGIBLE	6	5	5	0.00093457944	0.26315789	0.26315789	0	0	1	0.29027778	0.66666667	0	0	0	1.7917595	1.7917595	6	6	0.63651417
otHedy	Cosmological	ELIGIBLE	5	2	2	0.0021824531	0.18181818	0.22222222	0.2	0	0.8	0.40823529	0.2	0	0	0	1.3862944	1.6094379	4	5	0.50040242
otHedy	Herbal	INSUFFICIENT_TOKEN_SUPPORT	3	3	3	0.00025588536	0.023255814	0.024	0	0	1	0.54924242	0.33333333	0.33333333	0	0	1.0986123	1.0986123	3	3	1.0986123
otHedy	Stars	ELIGIBLE	17	10	10	0.0014527431	0.4	0.4	0.058823529	0.058823529	0.88235294	0.50017025	0.35294118	0.29411765	0	0	2.7725887	2.5993019	16	13.454343	1.0950779
otHedy	Text	INSUFFICIENT_TOKEN_SUPPORT	4	2	2	0.0016813787	0.28571429	0.33333333	0	0.25	0.75	0.6375	0.25	0.5	0	0	1.3862944	1.0986123	4	3	1.0397208
otHey	Astronomical	INSUFFICIENT_TOKEN_SUPPORT	1	1	1	0.0011098779	0.125	0.25	1	0	0	0	1	0	0	0	NA	-0	NA	1	-0
otHey	Biological	INSUFFICIENT_TOKEN_SUPPORT	4	4	4	0.00062305296	0.21052632	0.21052632	0.25	0	0.75	0.38538961	0.5	0.5	0	0	1.0986123	1.3862944	3	4	0.69314718
otHey	Cosmological	INSUFFICIENT_TOKEN_SUPPORT	3	2	2	0.0013094718	0.18181818	0.22222222	0.33333333	0	0.66666667	0.49350649	0.33333333	0.33333333	0	0	0.69314718	1.0986123	2	3	1.0986123
otHey	Herbal	ELIGIBLE	10	9	9	0.00085295121	0.069767442	0.072	0.2	0	0.8	0.36357143	0.4	0.2	0.1	0.1	2.0794415	2.3025851	8	10	1.0549202
otHey	Stars	ELIGIBLE	12	8	8	0.0010254657	0.32	0.32	0	0	1	0.44851237	0.33333333	0.16666667	0	0	2.4849066	2.4849066	12	12	1.0114043
otHey	Text	INSUFFICIENT_TOKEN_SUPPORT	1	1	1	0.00042034468	0.14285714	0.16666667	0	0	1	0.11111111	1	0	0	0	-0	-0	1	1	-0
otHey	Zodiac	INSUFFICIENT_TOKEN_SUPPORT	2	1	1	0.0014981273	0.083333333	0.14285714	0	0	1	0.64166667	0	0.5	0	0	0.69314718	0.69314718	2	2	0.69314718
otHol	Cosmological	INSUFFICIENT_TOKEN_SUPPORT	1	1	1	0.00043649062	0.090909091	0.11111111	0	0	1	0.35714286	0	0	0	0	-0	-0	1	1	-0
otHol	Herbal	ELIGIBLE	25	23	23	0.002132378	0.17829457	0.184	0.4	0	0.6	0.3465772	0.48	0.28	0	0	2.6156306	3.0315906	13.675837	20.730179	1.0512435
otHol	Pharmaceutical	INSUFFICIENT_TOKEN_SUPPORT	2	2	2	0.00076103501	0.125	0.16666667	0	0	1	0.6	0	0.5	0	0	0.69314718	0.69314718	2	2	0.69314718
otHol	Text	INSUFFICIENT_TOKEN_SUPPORT	2	2	2	0.00084068937	0.28571429	0.33333333	0	0	1	0.39393939	0	0	0	0	0.69314718	0.69314718	2	2	-0
otHy	Biological	INSUFFICIENT_TOKEN_SUPPORT	2	2	2	0.00031152648	0.10526316	0.10526316	0.5	0	0.5	0.40909091	0.5	0.5	0	0	-0	0.69314718	1	2	0.69314718
otHy	Cosmological	INSUFFICIENT_TOKEN_SUPPORT	2	2	2	0.00087298123	0.18181818	0.22222222	1	0.5	0	0	1	0	0	0	NA	-0	NA	1	-0
otHy	Herbal	ELIGIBLE	32	26	26	0.0027294439	0.20155039	0.208	0.125	0.03125	0.84375	0.53454861	0.25	0.4375	0	0	3.2331835	3.389268	25.360263	29.644246	1.0717301
otHy	Stars	ELIGIBLE	5	4	4	0.00042727739	0.16	0.16	0	0	1	0.71038961	0	0.6	0	0	1.6094379	1.6094379	5	5	0.67301167
otHy	Text	INSUFFICIENT_TOKEN_SUPPORT	3	2	2	0.001261034	0.28571429	0.33333333	0	0	1	0.71031746	0	0.66666667	0	0	1.0986123	1.0986123	3	3	0.63651417
otHy	Zodiac	INSUFFICIENT_TOKEN_SUPPORT	1	1	1	0.00074906367	0.083333333	0.14285714	0	0	1	0.33333333	0	0	0	0	-0	-0	1	1	-0
otaN	Biological	ELIGIBLE	12	9	9	0.0018691589	0.47368421	0.47368421	0	0	1	0.56848545	0.083333333	0.41666667	0	0	2.4849066	2.3693821	12	10.690785	0.91842778
otaN	Cosmological	ELIGIBLE	5	3	3	0.0021824531	0.27272727	0.33333333	0	0	1	0.47058824	0.2	0.2	0	0.2	1.6094379	1.6094379	5	5	0.95027054
otaN	Herbal	ELIGIBLE	34	27	27	0.0029000341	0.20930233	0.216	0.058823529	0.14705882	0.79411765	0.60326903	0.14705882	0.5	0.029411765	0.11764706	3.3790925	3.3672958	29.344129	29	0.99604593
otaN	Pharmaceutical	INSUFFICIENT_TOKEN_SUPPORT	3	2	2	0.0011415525	0.125	0.16666667	0	0	1	0.35	0.66666667	0	0.33333333	0.33333333	1.0986123	1.0986123	3	3	0.63651417
otaN	Stars	ELIGIBLE	79	19	19	0.0067509827	0.76	0.76	0.012658228	0.063291139	0.92405063	0.60699775	0.16455696	0.48101266	0.025316456	0.12658228	4.0081866	3.9785211	55.046958	53.437949	1.0166081
otaN	Text	ELIGIBLE	9	3	2	0.0037831021	0.42857143	0.33333333	0.11111111	0.22222222	0.66666667	0.67780984	0.11111111	0.66666667	0	0	2.0794415	1.9459101	8	7	0.84868556
otaN	Zodiac	ELIGIBLE	13	7	4	0.0097378277	0.58333333	0.57142857	0.23076923	0.076923077	0.69230769	0.36498288	0.53846154	0.23076923	0	0	2.3025851	2.4849066	10	12	1.0100998
otair	Biological	INSUFFICIENT_TOKEN_SUPPORT	1	1	1	0.00015576324	0.052631579	0.052631579	0	0	1	0.9	0	1	0	0	-0	-0	1	1	-0
otair	Cosmological	INSUFFICIENT_TOKEN_SUPPORT	3	2	2	0.0013094718	0.18181818	0.22222222	0.33333333	0.33333333	0.33333333	0.47619048	0.33333333	0.33333333	0	0	0.69314718	0.69314718	2	2	1.0986123
otair	Pharmaceutical	INSUFFICIENT_TOKEN_SUPPORT	1	1	1	0.0003805175	0.0625	0.083333333	1	0	0	0	1	0	0	0	NA	-0	NA	1	-0
otair	Stars	ELIGIBLE	19	10	10	0.0016236541	0.4	0.4	0.052631579	0	0.94736842	0.49832857	0.21052632	0.31578947	0.052631579	0.052631579	2.8903718	2.698011	18	14.850166	1.0459782
otair	Zodiac	INSUFFICIENT_TOKEN_SUPPORT	2	2	2	0.0014981273	0.16666667	0.28571429	0.5	0	0.5	0.090909091	1	0	0	0	-0	0.69314718	1	2	-0
otal	Biological	ELIGIBLE	22	9	9	0.0034267913	0.47368421	0.47368421	0.045454545	0.13636364	0.81818182	0.58578152	0.13636364	0.45454545	0	0.045454545	2.9785084	2.7985133	19.658473	16.420216	0.9957375
otal	Cosmological	INSUFFICIENT_TOKEN_SUPPORT	4	4	4	0.0017459625	0.36363636	0.44444444	0	0	1	0.80376984	0	0.75	0	0	1.3862944	1.3862944	4	4	0.56233514
otal	Herbal	ELIGIBLE	25	23	23	0.002132378	0.17829457	0.184	0.04	0.16	0.8	0.62065945	0.2	0.52	0	0	3.0407273	3.0445224	20.920453	21	1.0183597
otal	Pharmaceutical	INSUFFICIENT_TOKEN_SUPPORT	4	4	4	0.00152207	0.25	0.33333333	0.25	0.5	0.25	0.50972222	0.5	0.5	0	0	1.0986123	0.69314718	3	2	0.69314718
otal	Stars	ELIGIBLE	60	21	21	0.0051273287	0.84	0.84	0	0.05	0.95	0.62696817	0.1	0.43333333	0.016666667	0.1	3.8776796	3.7176991	48.311982	41.169557	0.94829801
otal	Text	ELIGIBLE	14	4	3	0.0058848256	0.57142857	0.5	0	0	1	0.55764791	0.14285714	0.42857143	0.071428571	0.071428571	2.5400363	2.6390573	12.680131	14	1.0042425
otal	Zodiac	ELIGIBLE	8	6	5	0.0059925094	0.5	0.71428571	0.625	0.25	0.125	0.17983716	0.75	0.125	0	0	1.0986123	1.7917595	3	6	0.73562194
otaly	Astronomical	INSUFFICIENT_TOKEN_SUPPORT	1	1	1	0.0011098779	0.125	0.25	0	1	0	1	0	1	0	0	-0	NA	1	NA	-0
otaly	Biological	INSUFFICIENT_TOKEN_SUPPORT	4	4	4	0.00062305296	0.21052632	0.21052632	0.25	0.25	0.5	0.44285714	0.25	0	0	0	1.0986123	1.0986123	3	3	0.56233514
otaly	Herbal	INSUFFICIENT_TOKEN_SUPPORT	1	1	1	8.5295121e-05	0.007751938	0.008	0	0	1	0.33333333	0	0	0	0	-0	-0	1	1	-0
otaly	Pharmaceutical	INSUFFICIENT_TOKEN_SUPPORT	2	2	2	0.00076103501	0.125	0.16666667	1	1	0	0	1	0	0	0	NA	NA	NA	NA	-0
otaly	Stars	ELIGIBLE	5	4	4	0.00042727739	0.16	0.16	0	0.4	0.6	0.79285714	0	0.8	0	0	1.6094379	1.0986123	5	3	0.50040242
otaly	Zodiac	ELIGIBLE	8	6	5	0.0059925094	0.5	0.71428571	0.75	0.625	0	0.17887931	0.75	0.125	0	0	0.69314718	1.0986123	2	3	0.73562194
otam	Biological	INSUFFICIENT_TOKEN_SUPPORT	2	2	2	0.00031152648	0.10526316	0.10526316	0	0.5	0.5	0.81818182	0	0.5	0	0	0.69314718	-0	2	1	0.69314718
otam	Cosmological	INSUFFICIENT_TOKEN_SUPPORT	2	2	2	0.00087298123	0.18181818	0.22222222	0.5	0.5	0	0.5	0.5	0.5	0	0	-0	-0	1	1	0.69314718
otam	Herbal	ELIGIBLE	14	13	13	0.0011941317	0.10077519	0.104	0	0.71428571	0.28571429	0.8718254	0.071428571	0.85714286	0	0	2.5400363	1.3862944	12.680131	4	0.50913734
otam	Pharmaceutical	INSUFFICIENT_TOKEN_SUPPORT	1	1	1	0.0003805175	0.0625	0.083333333	0	0	1	0.3	1	0	0	0	-0	-0	1	1	-0
otam	Stars	ELIGIBLE	18	14	14	0.0015381986	0.56	0.56	0	0.66666667	0.33333333	0.92138047	0	0.94444444	0	0	2.7363391	1.7917595	15.430392	6	0.21455916
otam	Text	ELIGIBLE	8	3	3	0.0033627575	0.42857143	0.5	0	0.5	0.5	0.86051136	0.125	0.875	0.125	0.25	1.9061547	1.3862944	6.7271713	4	0.37677016
otam	Zodiac	INSUFFICIENT_TOKEN_SUPPORT	3	2	1	0.002247191	0.16666667	0.14285714	0.33333333	0.33333333	0.33333333	0.48412698	0.33333333	0.66666667	0.33333333	0.33333333	0.69314718	0.69314718	2	2	0.63651417
otar	Astronomical	INSUFFICIENT_TOKEN_SUPPORT	2	2	1	0.0022197558	0.25	0.25	0.5	0	0.5	0.175	0.5	0	0	0	-0	0.69314718	1	2	0.69314718
otar	Biological	ELIGIBLE	20	10	10	0.0031152648	0.52631579	0.52631579	0	0.1	0.9	0.73772908	0.1	0.85	0	0.05	2.9264176	2.8133554	18.66066	16.665745	0.51818621
otar	Cosmological	ELIGIBLE	12	7	5	0.0052378874	0.63636364	0.55555556	0.083333333	0.083333333	0.83333333	0.40326652	0.5	0.25	0	0.083333333	2.3978953	2.2718685	11	9.6975038	1.0397208
otar	Herbal	ELIGIBLE	26	20	20	0.0022176731	0.15503876	0.16	0.038461538	0.076923077	0.88461538	0.57951504	0.23076923	0.46153846	0	0	3.2188758	3.004767	25	20.181514	1.0579054
otar	Pharmaceutical	INSUFFICIENT_TOKEN_SUPPORT	2	2	2	0.00076103501	0.125	0.16666667	0.5	0	0.5	0.44444444	0.5	0.5	0	0	-0	0.69314718	1	2	0.69314718
otar	Stars	ELIGIBLE	63	23	23	0.0053836951	0.92	0.92	0.015873016	0.015873016	0.96825397	0.58553497	0.19047619	0.50793651	0.015873016	0.079365079	3.895099	3.854744	49.160922	47.216528	1.02144
otar	Text	ELIGIBLE	14	4	3	0.0058848256	0.57142857	0.5	0	0	1	0.5792517	0.28571429	0.5	0	0.14285714	2.1439522	2.6390573	8.5330956	14	1.0346012
otar	Zodiac	ELIGIBLE	14	6	5	0.010486891	0.5	0.71428571	0.42857143	0.071428571	0.5	0.28513231	0.57142857	0.14285714	0	0	2.0794415	2.0981474	8	8.1510552	0.95569989
otedy	Biological	ELIGIBLE	49	17	17	0.0076323988	0.89473684	0.89473684	0.12244898	0.12244898	0.75510204	0.47178196	0.32653061	0.32653061	0	0.020408163	3.4388061	3.5434266	31.149746	34.585225	1.0981985
otedy	Cosmological	ELIGIBLE	19	4	4	0.0082933217	0.36363636	0.44444444	0.21052632	0.21052632	0.57894737	0.45689402	0.36842105	0.26315789	0	0	2.6156306	2.7080502	13.675837	15	1.0870742
otedy	Herbal	ELIGIBLE	23	14	14	0.0019617878	0.10852713	0.112	0	0.086956522	0.91304348	0.5537652	0.30434783	0.39130435	0	0.086956522	3.0752205	2.9785084	21.654657	19.658473	1.0912436
otedy	Stars	ELIGIBLE	60	18	18	0.0051273287	0.72	0.72	0.016666667	0.033333333	0.95	0.6013443	0.15	0.48333333	0.016666667	0.066666667	3.9041932	3.754387	49.61004	42.708031	1.0038523
otedy	Text	ELIGIBLE	10	2	2	0.0042034468	0.28571429	0.33333333	0	0	1	0.53075758	0.2	0.4	0	0.1	2.3025851	2.3025851	10	10	1.0549202
otedy	Zodiac	INSUFFICIENT_TOKEN_SUPPORT	4	3	3	0.0029962547	0.25	0.42857143	0.5	0.5	0	0.22829986	0.75	0.25	0	0	0.69314718	0.69314718	2	2	0.56233514
oteody	Cosmological	ELIGIBLE	6	4	3	0.0026189437	0.36363636	0.33333333	0.16666667	0.16666667	0.66666667	0.43974344	0.33333333	0.16666667	0.16666667	0.16666667	1.332179	1.6094379	3.7892914	5	1.0114043
oteody	Herbal	INSUFFICIENT_TOKEN_SUPPORT	4	4	4	0.00034118048	0.031007752	0.032	0.25	0.25	0.5	0.4375	0.5	0.25	0	0	1.0986123	1.0986123	3	3	1.0397208
oteody	Pharmaceutical	INSUFFICIENT_TOKEN_SUPPORT	4	3	3	0.00152207	0.1875	0.25	0	0	1	0.57142857	0.25	0.5	0	0	1.3862944	1.3862944	4	4	1.0397208
oteody	Stars	ELIGIBLE	9	8	8	0.0007690993	0.32	0.32	0	0	1	0.6476431	0.11111111	0.77777778	0	0	2.1972246	2.0431919	9	7.7151958	0.68373891
oteody	Text	INSUFFICIENT_TOKEN_SUPPORT	3	2	2	0.001261034	0.28571429	0.33333333	0	0	1	0.23484848	1	0	0	0	1.0986123	1.0986123	3	3	-0
oteody	Zodiac	ELIGIBLE	15	7	5	0.011235955	0.58333333	0.71428571	0.2	0.13333333	0.66666667	0.29016961	0.53333333	0.066666667	0	0	2.4849066	2.5649494	12	13	0.88231092
oteol	Astronomical	INSUFFICIENT_TOKEN_SUPPORT	1	1	1	0.0011098779	0.125	0.25	0	0	1	0.15789474	1	0	0	0	-0	-0	1	1	-0
oteol	Biological	INSUFFICIENT_TOKEN_SUPPORT	3	3	3	0.00046728972	0.15789474	0.15789474	0	0	1	0.43386243	0.33333333	0.33333333	0	0	1.0986123	1.0986123	3	3	1.0986123
oteol	Cosmological	INSUFFICIENT_TOKEN_SUPPORT	3	3	3	0.0013094718	0.27272727	0.33333333	0.33333333	0.33333333	0.33333333	0.31586303	0.66666667	0.33333333	0	0	0.69314718	0.69314718	2	2	0.63651417
oteol	Herbal	ELIGIBLE	12	12	12	0.0010235415	0.093023256	0.096	0.25	0.083333333	0.66666667	0.3459596	0.41666667	0.25	0	0	2.1972246	2.3978953	9	11	1.0775563
oteol	Pharmaceutical	ELIGIBLE	6	5	5	0.002283105	0.3125	0.41666667	0.16666667	0.16666667	0.66666667	0.44099206	0.33333333	0.33333333	0	0	1.6094379	1.6094379	5	5	1.0986123
oteol	Stars	ELIGIBLE	9	7	7	0.0007690993	0.28	0.28	0	0.11111111	0.88888889	0.47108509	0.33333333	0.22222222	0	0	2.1972246	2.0794415	9	8	1.0608569
oteol	Text	INSUFFICIENT_TOKEN_SUPPORT	1	1	1	0.00042034468	0.14285714	0.16666667	0	0	1	0.42857143	0	0	0	0	-0	-0	1	1	-0
oteol	Zodiac	INSUFFICIENT_TOKEN_SUPPORT	2	1	1	0.0014981273	0.083333333	0.14285714	0	0	1	0.66260163	0	0.5	0	0	0.69314718	0.69314718	2	2	0.69314718
oteos	Astronomical	INSUFFICIENT_TOKEN_SUPPORT	1	1	1	0.0011098779	0.125	0.25	0	0	1	0.8	0	1	0	0	-0	-0	1	1	-0
oteos	Cosmological	ELIGIBLE	5	2	2	0.0021824531	0.18181818	0.22222222	0.2	0	0.8	0.46513369	0.4	0.4	0	0	1.3862944	1.6094379	4	5	1.0549202
oteos	Herbal	INSUFFICIENT_TOKEN_SUPPORT	3	3	3	0.00025588536	0.023255814	0.024	0	0	1	0.68055556	0	0.66666667	0	0	1.0986123	1.0986123	3	3	0.63651417
oteos	Pharmaceutical	INSUFFICIENT_TOKEN_SUPPORT	2	2	1	0.00076103501	0.125	0.083333333	0	0.5	0.5	0.6	0.5	0.5	0	0	0.69314718	-0	2	1	0.69314718
oteos	Stars	INSUFFICIENT_TOKEN_SUPPORT	1	1	1	8.5455478e-05	0.04	0.04	0	0	1	0.66666667	0	1	0	0	-0	-0	1	1	-0
oteos	Text	INSUFFICIENT_TOKEN_SUPPORT	1	1	1	0.00042034468	0.14285714	0.16666667	0	0	1	0.25	1	0	0	0	-0	-0	1	1	-0
oteos	Zodiac	ELIGIBLE	13	9	5	0.0097378277	0.75	0.71428571	0.23076923	0	0.76923077	0.31203927	0.69230769	0.23076923	0	0	2.3025851	2.0317592	10	7.627493	0.79026797
otey	Astronomical	INSUFFICIENT_TOKEN_SUPPORT	2	1	1	0.0022197558	0.125	0.25	0.5	0	0.5	0.27941176	0.5	0	0	0	-0	0.69314718	1	2	0.69314718
otey	Biological	ELIGIBLE	14	9	9	0.0021806854	0.47368421	0.47368421	0	0	1	0.7113894	0	0.71428571	0	0	2.6390573	2.6390573	14	14	0.59826959
otey	Cosmological	INSUFFICIENT_TOKEN_SUPPORT	4	3	2	0.0017459625	0.27272727	0.22222222	0	0	1	0.41885363	0.25	0.25	0	0	1.3862944	1.3862944	4	4	1.0397208
otey	Herbal	ELIGIBLE	6	6	6	0.00051177073	0.046511628	0.048	0	0	1	0.56686508	0.33333333	0.5	0	0	1.7917595	1.7917595	6	6	1.0114043
otey	Pharmaceutical	INSUFFICIENT_TOKEN_SUPPORT	1	1	1	0.0003805175	0.0625	0.083333333	0	0	1	0.090909091	1	0	0	0	-0	-0	1	1	-0
otey	Stars	ELIGIBLE	18	10	10	0.0015381986	0.4	0.4	0	0.055555556	0.94444444	0.56191494	0.22222222	0.5	0	0	2.8903718	2.7516666	18	15.668724	1.036628
otey	Text	INSUFFICIENT_TOKEN_SUPPORT	3	2	2	0.001261034	0.28571429	0.33333333	0	0	1	0.57323232	0	0	0	0	1.0986123	1.0986123	3	3	-0
otey	Zodiac	ELIGIBLE	12	10	6	0.008988764	0.83333333	0.85714286	0.083333333	0.083333333	0.83333333	0.39960488	0.41666667	0.33333333	0	0.083333333	2.3978953	2.3978953	11	11	1.0775563
otody	Biological	INSUFFICIENT_TOKEN_SUPPORT	1	1	1	0.00015576324	0.052631579	0.052631579	0	0	1	0.8	0	1	0	0	-0	-0	1	1	-0
otody	Cosmological	ELIGIBLE	12	4	4	0.0052378874	0.36363636	0.44444444	0.33333333	0.33333333	0.33333333	0.30749902	0.41666667	0.083333333	0.16666667	0.16666667	1.9061547	1.9061547	6.7271713	6.7271713	0.91842778
otody	Herbal	ELIGIBLE	6	6	6	0.00051177073	0.046511628	0.048	0	0.16666667	0.83333333	0.71858466	0	0.66666667	0	0	1.7917595	1.6094379	6	5	0.63651417
otody	Stars	ELIGIBLE	5	5	5	0.00042727739	0.2	0.2	0	0	1	0.41555556	0	0	0	0	1.6094379	1.6094379	5	5	-0
otody	Zodiac	INSUFFICIENT_TOKEN_SUPPORT	2	2	2	0.0014981273	0.16666667	0.28571429	0.5	0.5	0	0.095238095	1	0	0	0	-0	-0	1	1	-0
otol	Astronomical	INSUFFICIENT_TOKEN_SUPPORT	3	2	2	0.0033296337	0.25	0.5	0.66666667	0.33333333	0	0.22222222	0.66666667	0.33333333	0	0	-0	0.69314718	1	2	0.63651417
otol	Biological	ELIGIBLE	12	9	9	0.0018691589	0.47368421	0.47368421	0.16666667	0.083333333	0.75	0.50780724	0.25	0.33333333	0	0	2.0253262	1.8937882	7.5785828	6.6444919	1.0775563
otol	Cosmological	ELIGIBLE	7	5	4	0.0030554343	0.45454545	0.44444444	0.14285714	0.14285714	0.71428571	0.54720243	0.28571429	0.57142857	0	0	1.7917595	1.7917595	6	6	0.95569989
otol	Herbal	ELIGIBLE	31	26	26	0.0026441488	0.20155039	0.208	0.16129032	0.064516129	0.77419355	0.50514942	0.29032258	0.38709677	0	0	3.1514585	2.7063804	23.370125	14.974973	1.0914146
otol	Pharmaceutical	ELIGIBLE	7	7	7	0.0026636225	0.4375	0.58333333	0.28571429	0.14285714	0.57142857	0.35272109	0.57142857	0.28571429	0	0	1.332179	1.5607104	3.7892914	4.7622032	0.95569989
otol	Stars	ELIGIBLE	11	10	10	0.00094001025	0.4	0.4	0	0.090909091	0.90909091	0.66371406	0.18181818	0.54545455	0	0	2.3978953	2.3025851	11	10	0.99492363
otol	Text	ELIGIBLE	6	4	3	0.0025220681	0.57142857	0.5	0.16666667	0	0.83333333	0.31397306	0.66666667	0.16666667	0	0	1.6094379	1.7917595	5	6	0.86756323
otol	Zodiac	ELIGIBLE	5	3	2	0.0037453184	0.25	0.28571429	0	0	1	0.54617475	0.4	0.6	0	0	1.6094379	1.6094379	5	5	0.67301167
otor	Astronomical	INSUFFICIENT_TOKEN_SUPPORT	3	2	2	0.0033296337	0.25	0.5	0.33333333	0.33333333	0.33333333	0.34259259	0.66666667	0.33333333	0	0	0.69314718	0.69314718	2	2	0.63651417
otor	Biological	INSUFFICIENT_TOKEN_SUPPORT	4	3	3	0.00062305296	0.15789474	0.15789474	0.25	0	0.75	0.46875	0.5	0.5	0	0	1.0986123	1.3862944	3	4	0.69314718
otor	Cosmological	INSUFFICIENT_TOKEN_SUPPORT	2	2	2	0.00087298123	0.18181818	0.22222222	0.5	0	0.5	0.42307692	0.5	0.5	0	0	-0	0.69314718	1	2	0.69314718
otor	Herbal	ELIGIBLE	17	15	15	0.0014500171	0.11627907	0.12	0.17647059	0	0.82352941	0.36605976	0.58823529	0.29411765	0	0	2.5400363	2.8332133	12.680131	17	0.92384071
otor	Pharmaceutical	INSUFFICIENT_TOKEN_SUPPORT	2	2	2	0.00076103501	0.125	0.16666667	1	0	0	0	1	0	0	0	NA	0.69314718	NA	2	-0
otor	Stars	ELIGIBLE	8	7	7	0.00068364382	0.28	0.28	0	0.125	0.875	0.76553516	0	0.75	0	0.125	2.0794415	1.9459101	8	7	0.56233514
otor	Text	INSUFFICIENT_TOKEN_SUPPORT	2	2	2	0.00084068937	0.28571429	0.33333333	0	0	1	0.28333333	0.5	0	0	0.5	0.69314718	0.69314718	2	2	0.69314718
otor	Zodiac	INSUFFICIENT_TOKEN_SUPPORT	2	2	2	0.0014981273	0.16666667	0.28571429	0	0	1	0.36067102	0.5	0	0	0	0.69314718	0.69314718	2	2	0.69314718
oty	Astronomical	INSUFFICIENT_TOKEN_SUPPORT	1	1	1	0.0011098779	0.125	0.25	0	1	0	1	0	1	0	0	-0	NA	1	NA	-0
oty	Biological	ELIGIBLE	17	12	12	0.0026479751	0.63157895	0.63157895	0.058823529	0.23529412	0.70588235	0.63757321	0.11764706	0.47058824	0	0.058823529	2.6859453	2.5649494	14.672065	13	0.97184877
oty	Cosmological	ELIGIBLE	9	7	6	0.0039284155	0.63636364	0.66666667	0	0.22222222	0.77777778	0.6542861	0.11111111	0.44444444	0	0	2.1972246	1.9459101	9	7	0.96496292
oty	Herbal	ELIGIBLE	51	36	35	0.0043500512	0.27906977	0.28	0.058823529	0.23529412	0.70588235	0.64124628	0.15686275	0.54901961	0	0.019607843	3.7845576	3.472415	44.016194	32.214446	0.97970776
oty	Pharmaceutical	INSUFFICIENT_TOKEN_SUPPORT	1	1	1	0.0003805175	0.0625	0.083333333	0	0	1	0.55555556	0	0	0	0	-0	-0	1	1	-0
oty	Stars	ELIGIBLE	26	15	15	0.0022218424	0.6	0.6	0	0.26923077	0.73076923	0.77323787	0.076923077	0.76923077	0	0	3.0780146	2.944439	21.715245	19	0.68709203
oty	Text	ELIGIBLE	6	2	2	0.0025220681	0.28571429	0.33333333	0	0.16666667	0.83333333	0.77546296	0	0.83333333	0.16666667	0.33333333	1.7917595	1.6094379	6	5	0.45056121
oty	Zodiac	ELIGIBLE	7	5	4	0.0052434457	0.41666667	0.57142857	0.28571429	0.14285714	0.57142857	0.30823796	0.71428571	0.28571429	0	0.14285714	1.6094379	1.7917595	5	6	0.59826959
pHedy	Biological	ELIGIBLE	15	11	11	0.0023364486	0.57894737	0.57894737	0.53333333	0.066666667	0.4	0.23322751	0.66666667	0.2	0	0	1.9459101	2.5400363	7	12.680131	0.86085139
pHedy	Herbal	INSUFFICIENT_TOKEN_SUPPORT	3	3	3	0.00025588536	0.023255814	0.024	0.66666667	0	0.33333333	0.3	0.66666667	0.33333333	0	0	-0	1.0986123	1	3	0.63651417
pHedy	Stars	ELIGIBLE	13	11	11	0.0011109212	0.44	0.44	0.15384615	0	0.84615385	0.54250749	0.23076923	0.46153846	0	0.076923077	2.2718685	2.5649494	9.6975038	13	1.0579054
pHedy	Text	ELIGIBLE	5	4	4	0.0021017234	0.57142857	0.66666667	0.4	0	0.6	0.30761905	0.4	0	0	0	1.0986123	1.6094379	3	5	0.67301167
qo	Biological	ELIGIBLE	10	7	7	0.0015576324	0.36842105	0.36842105	0.1	0.1	0.8	0.45777778	0.4	0.3	0	0	2.1972246	1.8310205	9	6.2402515	1.0889
qo	Herbal	ELIGIBLE	22	21	21	0.0018764927	0.1627907	0.168	0.45454545	0	0.54545455	0.29448052	0.5	0.13636364	0	0	2.4849066	2.9020023	12	18.210572	0.98612349
qo	Pharmaceutical	INSUFFICIENT_TOKEN_SUPPORT	1	1	1	0.0003805175	0.0625	0.083333333	0	0	1	0.75	0	1	0	0	-0	-0	1	1	-0
qo	Stars	ELIGIBLE	14	10	10	0.0011963767	0.4	0.4	0.21428571	0	0.78571429	0.37717223	0.5	0.28571429	0	0	2.3978953	2.4036404	11	11.063378	1.0346012
qo	Text	ELIGIBLE	7	3	3	0.0029424128	0.42857143	0.5	0.14285714	0	0.85714286	0.24675325	0.57142857	0	0	0	1.7917595	1.9459101	6	7	0.6829081
qoaN	Herbal	ELIGIBLE	8	7	7	0.00068236097	0.054263566	0.056	0.25	0	0.75	0.31765873	0.5	0	0	0	1.7917595	2.0794415	6	8	0.69314718
qoaN	Pharmaceutical	INSUFFICIENT_TOKEN_SUPPORT	3	3	3	0.0011415525	0.1875	0.25	0.33333333	0	0.66666667	0.47777778	0.33333333	0.33333333	0	0	0.69314718	1.0986123	2	3	1.0986123
qoaN	Stars	ELIGIBLE	9	8	8	0.0007690993	0.32	0.32	0.11111111	0	0.88888889	0.37663818	0.44444444	0.11111111	0	0	2.0794415	2.1972246	8	9	0.96496292
qoaN	Text	INSUFFICIENT_TOKEN_SUPPORT	2	2	2	0.00084068937	0.28571429	0.33333333	0.5	0	0.5	0.33333333	0.5	0.5	0	0	-0	0.69314718	1	2	0.69314718
qodaN	Cosmological	ELIGIBLE	5	2	2	0.0021824531	0.18181818	0.22222222	0.2	0.2	0.6	0.46333333	0.4	0.4	0	0	1.3862944	1.3862944	4	4	1.0549202
qodaN	Herbal	ELIGIBLE	15	13	13	0.0012794268	0.10077519	0.104	0	0	1	0.4026455	0.53333333	0.2	0	0	2.6156306	2.7080502	13.675837	15	1.0096138
qodaN	Pharmaceutical	INSUFFICIENT_TOKEN_SUPPORT	2	2	2	0.00076103501	0.125	0.16666667	0	0	1	0.525	0.5	0.5	0	0	0.69314718	0.69314718	2	2	0.69314718
qodaN	Stars	ELIGIBLE	18	8	8	0.0015381986	0.32	0.32	0	0	1	0.4836059	0.33333333	0.33333333	0.055555556	0.16666667	2.8903718	2.8903718	18	18	1.0986123
qodaN	Text	INSUFFICIENT_TOKEN_SUPPORT	3	2	2	0.001261034	0.28571429	0.33333333	0	0	1	0.40740741	0.33333333	0.33333333	0	0	1.0986123	1.0986123	3	3	1.0986123
qokA	Biological	ELIGIBLE	160	19	19	0.024922118	1	1	0.13125	0.01875	0.85	0.45187077	0.34375	0.325	0.0125	0.01875	4.0887011	4.1110305	59.662344	61.009557	1.0983396
qokA	Cosmological	INSUFFICIENT_TOKEN_SUPPORT	1	1	1	0.00043649062	0.090909091	0.11111111	0	0	1	0.3	1	0	0	0	-0	-0	1	1	-0
qokA	Herbal	ELIGIBLE	7	6	6	0.00059706585	0.046511628	0.048	0	0.28571429	0.71428571	0.65646259	0.28571429	0.71428571	0	0	1.9459101	1.6094379	7	5	0.59826959
qokA	Pharmaceutical	INSUFFICIENT_TOKEN_SUPPORT	1	1	1	0.0003805175	0.0625	0.083333333	0	0	1	0.875	0	1	0	0	-0	-0	1	1	-0
qokA	Stars	ELIGIBLE	102	18	18	0.0087164587	0.72	0.72	0.039215686	0.039215686	0.92156863	0.49896857	0.31372549	0.37254902	0.0098039216	0.0098039216	4.1056036	4.2206424	60.679359	68.077205	1.0952143
qokA	Text	ELIGIBLE	8	2	2	0.0033627575	0.28571429	0.33333333	0	0.125	0.875	0.53860723	0.125	0.375	0	0.125	2.0794415	1.9459101	8	7	0.97431475
qokEdy	Biological	ELIGIBLE	148	18	18	0.02305296	0.94736842	0.94736842	0.15540541	0.02027027	0.82432432	0.42473212	0.43243243	0.30405405	0.054054054	0.087837838	4.0191168	4.275922	55.651932	71.946442	1.0759472
qokEdy	Cosmological	INSUFFICIENT_TOKEN_SUPPORT	1	1	1	0.00043649062	0.090909091	0.11111111	0	0	1	0.16666667	1	0	0	0	-0	-0	1	1	-0
qokEdy	Herbal	ELIGIBLE	12	9	9	0.0010235415	0.069767442	0.072	0.083333333	0	0.91666667	0.45371133	0.41666667	0.41666667	0	0.33333333	2.3978953	2.2102536	11	9.1180282	1.0281839
qokEdy	Stars	ELIGIBLE	136	23	23	0.011621945	0.92	0.92	0.051470588	0.0073529412	0.94117647	0.46285606	0.32352941	0.24264706	0.073529412	0.125	4.0253138	4.3923956	55.997878	80.833832	1.0710093
qokEdy	Text	ELIGIBLE	10	4	4	0.0042034468	0.57142857	0.66666667	0.1	0	0.9	0.40224747	0.4	0.1	0	0.1	2.1972246	2.3025851	9	10	0.94334839
qokEey	Biological	INSUFFICIENT_TOKEN_SUPPORT	4	3	3	0.00062305296	0.15789474	0.15789474	0.25	0	0.75	0.38144841	0.5	0.25	0	0	1.0986123	1.3862944	3	4	1.0397208
qokEey	Herbal	INSUFFICIENT_TOKEN_SUPPORT	2	2	2	0.00017059024	0.015503876	0.016	0.5	0	0.5	0.3	0.5	0	0	0	-0	0.69314718	1	2	0.69314718
qokEey	Pharmaceutical	INSUFFICIENT_TOKEN_SUPPORT	2	2	2	0.00076103501	0.125	0.16666667	0	0	1	0.51666667	0	0.5	0	0	0.69314718	0.69314718	2	2	0.69314718
qokEey	Stars	ELIGIBLE	18	11	11	0.0015381986	0.44	0.44	0.11111111	0	0.88888889	0.41220184	0.38888889	0.27777778	0	0	2.7725887	2.8903718	16	18	1.0893097
qokEey	Text	INSUFFICIENT_TOKEN_SUPPORT	2	1	1	0.00084068937	0.14285714	0.16666667	0	0	1	0.56923077	0	0	0	0	0.69314718	0.69314718	2	2	-0
qokEy	Astronomical	INSUFFICIENT_TOKEN_SUPPORT	4	3	3	0.0044395117	0.375	0.75	0	0	1	0.46394231	0.25	0.25	0	0	1.3862944	1.3862944	4	4	1.0397208
qokEy	Biological	ELIGIBLE	78	18	18	0.012149533	0.94736842	0.94736842	0.16666667	0.025641026	0.80769231	0.43578551	0.37179487	0.29487179	0.012820513	0.025641026	3.8170456	3.935055	45.469676	51.164966	1.0941645
qokEy	Cosmological	INSUFFICIENT_TOKEN_SUPPORT	2	1	1	0.00087298123	0.090909091	0.11111111	0	0	1	0.2125	1	0	0	0	0.69314718	0.69314718	2	2	-0
qokEy	Herbal	ELIGIBLE	22	19	18	0.0018764927	0.14728682	0.144	0.31818182	0.045454545	0.63636364	0.35335498	0.5	0.18181818	0	0.045454545	2.6156306	3.0445224	13.675837	21	1.0208881
qokEy	Pharmaceutical	ELIGIBLE	21	12	10	0.0079908676	0.75	0.83333333	0.095238095	0	0.9047619	0.43644008	0.38095238	0.28571429	0	0	2.7985133	2.7144524	16.420216	15.09634	1.0917862
qokEy	Stars	ELIGIBLE	165	21	21	0.014100154	0.84	0.84	0.048484848	0.042424242	0.90909091	0.46309988	0.31515152	0.27272727	0.060606061	0.072727273	4.180902	4.5432708	65.424838	93.997742	1.0835757
qokEy	Text	ELIGIBLE	14	5	4	0.0058848256	0.71428571	0.66666667	0.14285714	0.071428571	0.78571429	0.34228153	0.57142857	0.14285714	0.071428571	0.14285714	2.4849066	2.4583113	12	11.685063	0.95569989
qokEy	Zodiac	INSUFFICIENT_TOKEN_SUPPORT	1	1	1	0.00074906367	0.083333333	0.14285714	0	0	1	0.82352941	0	1	0	0	-0	-0	1	1	-0
qokHdy	Astronomical	INSUFFICIENT_TOKEN_SUPPORT	2	1	1	0.0022197558	0.125	0.25	0	0.5	0.5	0.75	0	0.5	0	0	0.69314718	-0	2	1	0.69314718
qokHdy	Biological	ELIGIBLE	10	7	7	0.0015576324	0.36842105	0.36842105	0.3	0	0.7	0.32321429	0.5	0.1	0.1	0.2	1.9459101	2.3025851	7	10	0.94334839
qokHdy	Cosmological	INSUFFICIENT_TOKEN_SUPPORT	1	1	1	0.00043649062	0.090909091	0.11111111	0	0	1	0.33333333	0	0	0	0	-0	-0	1	1	-0
qokHdy	Herbal	ELIGIBLE	15	10	10	0.0012794268	0.07751938	0.08	0	0	1	0.50929589	0.33333333	0.4	0.066666667	0.066666667	2.7080502	2.6156306	15	13.675837	1.0851886
qokHdy	Stars	ELIGIBLE	15	12	12	0.0012818322	0.48	0.48	0	0.066666667	0.93333333	0.56413179	0.26666667	0.46666667	0	0	2.6156306	2.6390573	13.675837	14	1.0606018
qokHdy	Text	ELIGIBLE	8	3	3	0.0033627575	0.42857143	0.5	0	0	1	0.65584207	0	0.375	0	0	2.0794415	2.0794415	8	8	0.66156324
qokHedy	Biological	ELIGIBLE	6	4	4	0.00093457944	0.21052632	0.21052632	0.16666667	0.16666667	0.66666667	0.5530303	0.16666667	0.5	0	0	1.6094379	1.6094379	5	5	1.0114043
qokHedy	Cosmological	INSUFFICIENT_TOKEN_SUPPORT	1	1	1	0.00043649062	0.090909091	0.11111111	0	0	1	0.5	0	0	0	0	-0	-0	1	1	-0
qokHedy	Herbal	INSUFFICIENT_TOKEN_SUPPORT	2	2	2	0.00017059024	0.015503876	0.016	0.5	0	0.5	0.21428571	0.5	0	0	0	-0	0.69314718	1	2	0.69314718
qokHedy	Stars	ELIGIBLE	30	14	14	0.0025636643	0.56	0.56	0.033333333	0.033333333	0.93333333	0.44500389	0.36666667	0.23333333	0.033333333	0.066666667	3.2716893	3.2536463	26.355825	25.88455	1.0739608
qokHedy	Text	INSUFFICIENT_TOKEN_SUPPORT	1	1	1	0.00042034468	0.14285714	0.16666667	0	0	1	0.375	0	0	0	0	-0	-0	1	1	-0
qokHey	Biological	INSUFFICIENT_TOKEN_SUPPORT	4	3	3	0.00062305296	0.15789474	0.15789474	0.25	0	0.75	0.26388889	0.5	0	0	0	1.0986123	1.3862944	3	4	0.69314718
qokHey	Cosmological	INSUFFICIENT_TOKEN_SUPPORT	1	1	1	0.00043649062	0.090909091	0.11111111	0	0	1	0.2	1	0	0	0	-0	-0	1	1	-0
qokHey	Herbal	ELIGIBLE	5	5	5	0.00042647561	0.03875969	0.04	0.4	0	0.6	0.33904762	0.4	0.2	0	0	1.0986123	1.6094379	3	5	1.0549202
qokHey	Pharmaceutical	INSUFFICIENT_TOKEN_SUPPORT	1	1	1	0.0003805175	0.0625	0.083333333	0	0	1	0.85	0	1	0	0	-0	-0	1	1	-0
qokHey	Stars	ELIGIBLE	15	7	7	0.0012818322	0.28	0.28	0	0	1	0.43364358	0.4	0.26666667	0.066666667	0.066666667	2.6156306	2.7080502	13.675837	15	1.0851886
qokHey	Text	INSUFFICIENT_TOKEN_SUPPORT	1	1	1	0.00042034468	0.14285714	0.16666667	1	0	0	0	1	0	0	0	NA	-0	NA	1	-0
qokHy	Astronomical	INSUFFICIENT_TOKEN_SUPPORT	1	1	1	0.0011098779	0.125	0.25	0	0	1	0.16666667	1	0	0	0	-0	-0	1	1	-0
qokHy	Biological	ELIGIBLE	5	5	5	0.0007788162	0.26315789	0.26315789	0.2	0.2	0.6	0.625	0.2	0.6	0	0	1.3862944	1.3862944	4	4	0.95027054
qokHy	Herbal	ELIGIBLE	44	35	35	0.0037529853	0.27131783	0.28	0.27272727	0.022727273	0.70454545	0.35217352	0.52272727	0.29545455	0.022727273	0.045454545	3.1894542	3.6967213	24.275175	40.314907	1.0092751
qokHy	Pharmaceutical	INSUFFICIENT_TOKEN_SUPPORT	1	1	1	0.0003805175	0.0625	0.083333333	0	0	1	0.44444444	0	0	0	0	-0	-0	1	1	-0
qokHy	Stars	ELIGIBLE	14	9	9	0.0011963767	0.36	0.36	0	0.14285714	0.85714286	0.57180736	0.21428571	0.42857143	0	0	2.6390573	2.4849066	14	12	1.0609442
qokHy	Text	INSUFFICIENT_TOKEN_SUPPORT	2	2	1	0.00084068937	0.28571429	0.16666667	0	0	1	0.62777778	0	0.5	0	0	0.69314718	0.69314718	2	2	0.69314718
qokaN	Biological	ELIGIBLE	81	16	16	0.012616822	0.84210526	0.84210526	0.16049383	0.049382716	0.79012346	0.4240478	0.39506173	0.24691358	0.012345679	0.024691358	3.5231149	3.8700421	33.889826	47.944405	1.0800075
qokaN	Cosmological	INSUFFICIENT_TOKEN_SUPPORT	3	1	1	0.0013094718	0.090909091	0.11111111	0	0.33333333	0.66666667	0.7	0	0.33333333	0	0	1.0986123	0.69314718	3	2	0.63651417
qokaN	Herbal	ELIGIBLE	34	22	22	0.0029000341	0.17054264	0.176	0.11764706	0.058823529	0.82352941	0.40996585	0.5	0.29411765	0	0	3.3087778	3.4224142	27.351675	30.643305	1.0318944
qokaN	Pharmaceutical	INSUFFICIENT_TOKEN_SUPPORT	2	2	2	0.00076103501	0.125	0.16666667	0.5	0.5	0	0.5	0.5	0.5	0	0	-0	-0	1	1	0.69314718
qokaN	Stars	ELIGIBLE	125	24	24	0.010681935	0.96	0.96	0.04	0.032	0.928	0.48828323	0.312	0.336	0	0.024	4.5043437	4.3410397	90.408991	76.787335	1.0973908
qokaN	Text	ELIGIBLE	20	4	3	0.0084068937	0.57142857	0.5	0.3	0	0.7	0.4283411	0.4	0.3	0	0.05	2.6390573	2.9264176	14	18.66066	1.0889
qokair	Biological	INSUFFICIENT_TOKEN_SUPPORT	2	2	2	0.00031152648	0.10526316	0.10526316	0	0	1	0.45555556	0.5	0.5	0	0	0.69314718	0.69314718	2	2	0.69314718
qokair	Herbal	INSUFFICIENT_TOKEN_SUPPORT	1	1	1	8.5295121e-05	0.007751938	0.008	0	0	1	0.875	0	1	0	0	-0	-0	1	1	-0
qokair	Pharmaceutical	INSUFFICIENT_TOKEN_SUPPORT	1	1	1	0.0003805175	0.0625	0.083333333	0	0	1	0.75	0	1	0	0	-0	-0	1	1	-0
qokair	Stars	ELIGIBLE	17	8	8	0.0014527431	0.32	0.32	0.058823529	0	0.94117647	0.40316399	0.47058824	0.23529412	0	0	2.7725887	2.7516666	16	15.668724	1.0551016
qokal	Biological	ELIGIBLE	103	18	18	0.016043614	0.94736842	0.94736842	0.11650485	0.097087379	0.78640777	0.49358853	0.32038835	0.3592233	0.019417476	0.029126214	4.1244562	3.820455	61.834174	45.624965	1.0971226
qokal	Cosmological	ELIGIBLE	13	6	5	0.005674378	0.54545455	0.55555556	0.15384615	0.076923077	0.76923077	0.51550185	0.15384615	0.46153846	0	0	2.3978953	2.3693821	11	10.690785	1.0123308
qokal	Herbal	ELIGIBLE	13	11	11	0.0011088366	0.085271318	0.088	0	0	1	0.39771062	0.46153846	0.23076923	0	0	2.5649494	2.5649494	13	13	1.0579054
qokal	Pharmaceutical	INSUFFICIENT_TOKEN_SUPPORT	3	3	3	0.0011415525	0.1875	0.25	0	0	1	0.52350427	0.33333333	0.66666667	0	0	1.0986123	1.0986123	3	3	0.63651417
qokal	Stars	ELIGIBLE	51	19	19	0.0043582294	0.76	0.76	0.019607843	0.039215686	0.94117647	0.51138486	0.23529412	0.29411765	0.019607843	0.039215686	3.7179418	3.72207	41.179551	41.349899	1.0551016
qokal	Text	ELIGIBLE	14	5	4	0.0058848256	0.71428571	0.66666667	0.14285714	0.14285714	0.71428571	0.5216914	0.21428571	0.35714286	0	0	2.3693821	2.4849066	10.690785	12	1.0609442
qokam	Biological	ELIGIBLE	5	4	4	0.0007788162	0.21052632	0.21052632	0	1	0	1	0	1	0	0	1.6094379	NA	5	NA	-0
qokam	Cosmological	INSUFFICIENT_TOKEN_SUPPORT	1	1	1	0.00043649062	0.090909091	0.11111111	0	0	1	0.33333333	0	0	0	0	-0	-0	1	1	-0
qokam	Herbal	ELIGIBLE	7	7	7	0.00059706585	0.054263566	0.056	0	0.71428571	0.28571429	0.91341991	0	1	0	0	1.7478681	0.69314718	5.7423475	2	-0
qokam	Stars	ELIGIBLE	12	9	9	0.0010254657	0.36	0.36	0	0.91666667	0.083333333	0.95833333	0	0.91666667	0	0	2.4849066	-0	12	1	0.28683598
qokar	Biological	ELIGIBLE	45	15	15	0.0070093458	0.78947368	0.78947368	0	0.022222222	0.97777778	0.46494721	0.31111111	0.26666667	0	0.022222222	3.2540809	3.1875427	25.895803	24.228816	1.0797731
qokar	Cosmological	INSUFFICIENT_TOKEN_SUPPORT	3	3	3	0.0013094718	0.27272727	0.33333333	0	0	1	0.7293501	0	0.66666667	0	0	1.0986123	1.0986123	3	3	0.63651417
qokar	Herbal	ELIGIBLE	30	19	18	0.0025588536	0.14728682	0.144	0.1	0	0.9	0.46174649	0.36666667	0.3	0	0	3.1418042	3.1239385	23.145588	22.735748	1.0952734
qokar	Pharmaceutical	ELIGIBLE	5	4	4	0.0019025875	0.25	0.33333333	0.2	0	0.8	0.54646465	0.2	0.4	0	0	1.3862944	1.6094379	4	5	1.0549202
qokar	Stars	ELIGIBLE	51	20	20	0.0043582294	0.8	0.8	0.019607843	0.039215686	0.94117647	0.537245	0.17647059	0.35294118	0	0.039215686	3.8565712	3.6654865	47.302882	39.075143	1.0283942
qokar	Text	ELIGIBLE	24	5	4	0.010088272	0.71428571	0.66666667	0.083333333	0	0.91666667	0.39784937	0.41666667	0.20833333	0	0	3.0280291	2.9252028	20.65648	18.638005	1.0593846
qokar	Zodiac	INSUFFICIENT_TOKEN_SUPPORT	1	1	1	0.00074906367	0.083333333	0.14285714	0	1	0	1	0	1	0	0	-0	NA	1	NA	-0
qokedy	Biological	ELIGIBLE	158	19	19	0.024610592	1	1	0.088607595	0.025316456	0.88607595	0.4457357	0.36075949	0.26582278	0.075949367	0.12658228	3.9726844	4.2063222	53.126953	67.109272	1.0878434
qokedy	Cosmological	INSUFFICIENT_TOKEN_SUPPORT	4	3	3	0.0017459625	0.27272727	0.33333333	0	0.25	0.75	0.675	0	0.5	0.25	0.25	1.3862944	1.0986123	4	3	0.69314718
qokedy	Herbal	ELIGIBLE	41	18	18	0.0034971	0.13953488	0.144	0.048780488	0.073170732	0.87804878	0.49477264	0.34146341	0.26829268	0.024390244	0.073170732	3.436869	3.5646233	31.089464	35.326143	1.0871069
qokedy	Pharmaceutical	INSUFFICIENT_TOKEN_SUPPORT	1	1	1	0.0003805175	0.0625	0.083333333	0	0	1	0.28571429	1	0	0	0	-0	-0	1	1	-0
qokedy	Stars	ELIGIBLE	61	19	19	0.0052127841	0.76	0.76	0.032786885	0.032786885	0.93442623	0.51961054	0.2295082	0.31147541	0.032786885	0.13114754	3.6033246	3.7208072	36.720111	41.297714	1.0585317
qokedy	Text	ELIGIBLE	11	3	3	0.0046237915	0.42857143	0.5	0.18181818	0	0.81818182	0.33712121	0.45454545	0.090909091	0	0.090909091	2.0431919	2.2718685	7.7151958	9.6975038	0.9347699
qokeody	Cosmological	INSUFFICIENT_TOKEN_SUPPORT	3	3	3	0.0013094718	0.27272727	0.33333333	0.66666667	0	0.33333333	0.27272727	0.66666667	0.33333333	0	0	-0	1.0986123	1	3	0.63651417
qokeody	Herbal	ELIGIBLE	5	4	4	0.00042647561	0.031007752	0.032	0.2	0	0.8	0.36825397	0.6	0.4	0	0.2	1.3862944	1.6094379	4	5	0.67301167
qokeody	Pharmaceutical	ELIGIBLE	16	11	8	0.0060882801	0.6875	0.66666667	0	0.0625	0.9375	0.51562951	0.25	0.25	0	0	2.7725887	2.7080502	16	15	1.0397208
qokeody	Stars	INSUFFICIENT_TOKEN_SUPPORT	4	3	3	0.00034182191	0.12	0.12	0	0	1	0.40340909	0.5	0.25	0	0	1.3862944	1.3862944	4	4	1.0397208
qokeody	Text	INSUFFICIENT_TOKEN_SUPPORT	4	1	1	0.0016813787	0.14285714	0.16666667	0	0	1	0.40873016	0.5	0.25	0.25	0.25	1.3862944	1.3862944	4	4	1.0397208
qokeody	Zodiac	INSUFFICIENT_TOKEN_SUPPORT	1	1	1	0.00074906367	0.083333333	0.14285714	0	0	1	0.26470588	1	0	0	0	-0	-0	1	1	-0
qokeol	Astronomical	INSUFFICIENT_TOKEN_SUPPORT	1	1	1	0.0011098779	0.125	0.25	0	0	1	0.71428571	0	1	0	0	-0	-0	1	1	-0
qokeol	Biological	INSUFFICIENT_TOKEN_SUPPORT	1	1	1	0.00015576324	0.052631579	0.052631579	0	0	1	0.14285714	1	0	0	0	-0	-0	1	1	-0
qokeol	Cosmological	INSUFFICIENT_TOKEN_SUPPORT	1	1	1	0.00043649062	0.090909091	0.11111111	0	0	1	0.25	1	0	0	0	-0	-0	1	1	-0
qokeol	Herbal	ELIGIBLE	8	8	8	0.00068236097	0.062015504	0.064	0.125	0.125	0.75	0.46635101	0.375	0.25	0	0	1.9459101	1.9459101	7	7	1.0821955
qokeol	Pharmaceutical	ELIGIBLE	25	12	9	0.0095129376	0.75	0.75	0.08	0	0.92	0.49662049	0.24	0.36	0	0	2.992197	3.1634241	19.929419	23.651441	1.0768187
qokeol	Stars	ELIGIBLE	14	10	10	0.0011963767	0.4	0.4	0.071428571	0	0.92857143	0.50368937	0.28571429	0.35714286	0	0	2.5649494	2.6390573	13	14	1.0933747
qokeor	Biological	INSUFFICIENT_TOKEN_SUPPORT	3	3	3	0.00046728972	0.15789474	0.15789474	0	0	1	0.49443149	0.33333333	0.33333333	0	0	1.0986123	1.0986123	3	3	1.0986123
qokeor	Herbal	INSUFFICIENT_TOKEN_SUPPORT	3	3	3	0.00025588536	0.023255814	0.024	0.33333333	0.33333333	0.33333333	0.45833333	0.33333333	0.33333333	0	0	0.69314718	0.69314718	2	2	1.0986123
qokeor	Pharmaceutical	ELIGIBLE	8	5	4	0.00304414	0.3125	0.33333333	0.375	0.125	0.5	0.32026144	0.5	0.25	0	0	1.6094379	1.9459101	5	7	1.0397208
qokeor	Stars	INSUFFICIENT_TOKEN_SUPPORT	4	4	4	0.00034182191	0.16	0.16	0	0	1	0.35429293	0.75	0.25	0	0	1.3862944	1.3862944	4	4	0.56233514
qokeor	Text	INSUFFICIENT_TOKEN_SUPPORT	3	2	2	0.001261034	0.28571429	0.33333333	0	0	1	0.55617716	0.33333333	0.33333333	0	0	1.0986123	1.0986123	3	3	1.0986123
qokey	Astronomical	INSUFFICIENT_TOKEN_SUPPORT	1	1	1	0.0011098779	0.125	0.25	0	0	1	0.75	0	1	0	0	-0	-0	1	1	-0
qokey	Biological	ELIGIBLE	35	17	17	0.0054517134	0.89473684	0.89473684	0.14285714	0.057142857	0.8	0.41483746	0.45714286	0.25714286	0	0.028571429	3.1527067	3.228598	23.399314	25.244241	1.0649969
qokey	Cosmological	INSUFFICIENT_TOKEN_SUPPORT	1	1	1	0.00043649062	0.090909091	0.11111111	0	0	1	0.33333333	0	0	0	0	-0	-0	1	1	-0
qokey	Herbal	ELIGIBLE	8	8	8	0.00068236097	0.062015504	0.064	0.25	0.125	0.625	0.51309524	0.25	0.5	0	0	1.7917595	1.9459101	6	7	1.0397208
qokey	Pharmaceutical	ELIGIBLE	11	7	6	0.0041856925	0.4375	0.5	0.18181818	0	0.81818182	0.4627968	0.36363636	0.27272727	0	0	2.1972246	2.3978953	9	11	1.0900597
qokey	Stars	ELIGIBLE	42	13	13	0.0035891301	0.52	0.52	0	0.071428571	0.92857143	0.44957589	0.4047619	0.28571429	0.023809524	0.095238095	3.3951412	3.543507	29.818865	34.588007	1.0870066
qokey	Text	ELIGIBLE	10	2	2	0.0042034468	0.28571429	0.33333333	0.1	0.1	0.8	0.37700078	0.5	0.2	0	0	2.0431919	2.1972246	7.7151958	9	1.029653
qokol	Astronomical	INSUFFICIENT_TOKEN_SUPPORT	1	1	1	0.0011098779	0.125	0.25	1	0	0	0	1	0	0	0	NA	-0	NA	1	-0
qokol	Biological	ELIGIBLE	22	11	11	0.0034267913	0.57894737	0.57894737	0.13636364	0	0.86363636	0.43060967	0.40909091	0.27272727	0	0	2.8714761	2.6653942	17.663072	14.373614	1.084363
qokol	Cosmological	INSUFFICIENT_TOKEN_SUPPORT	2	2	2	0.00087298123	0.18181818	0.22222222	0	0	1	0.60714286	0	0.5	0	0	0.69314718	0.69314718	2	2	0.69314718
qokol	Herbal	ELIGIBLE	33	25	25	0.002814739	0.19379845	0.2	0.15151515	0	0.84848485	0.38740939	0.39393939	0.24242424	0	0	3.2144961	3.2024451	24.890745	24.592589	1.0783635
qokol	Pharmaceutical	ELIGIBLE	22	10	9	0.0083713851	0.625	0.75	0.13636364	0	0.86363636	0.39904646	0.40909091	0.18181818	0.045454545	0.045454545	2.7985133	2.8152049	16.420216	16.696597	1.0412597
qokol	Stars	ELIGIBLE	14	8	8	0.0011963767	0.32	0.32	0	0	1	0.50488817	0.071428571	0.14285714	0.071428571	0.071428571	2.6390573	2.6390573	14	14	0.65597573
qokol	Text	INSUFFICIENT_TOKEN_SUPPORT	4	2	2	0.0016813787	0.28571429	0.33333333	0	0	1	0.68238636	0	0.5	0	0	1.3862944	1.3862944	4	4	0.69314718
qokor	Biological	INSUFFICIENT_TOKEN_SUPPORT	4	4	4	0.00062305296	0.21052632	0.21052632	0	0	1	0.375	0.5	0	0	0	1.3862944	1.3862944	4	4	0.69314718
qokor	Herbal	ELIGIBLE	11	9	9	0.00093824633	0.069767442	0.072	0.36363636	0	0.63636364	0.29972452	0.45454545	0.090909091	0	0	1.4750763	2.3978953	4.3713693	11	0.9347699
qokor	Pharmaceutical	INSUFFICIENT_TOKEN_SUPPORT	2	2	2	0.00076103501	0.125	0.16666667	0	0	1	0.60227273	0	0.5	0	0	0.69314718	0.69314718	2	2	0.69314718
qokor	Stars	ELIGIBLE	13	11	11	0.0011109212	0.44	0.44	0	0.076923077	0.92307692	0.55821678	0.23076923	0.38461538	0	0	2.3516733	2.4849066	10.50313	12	1.0733943
qokor	Text	INSUFFICIENT_TOKEN_SUPPORT	2	2	2	0.00084068937	0.28571429	0.33333333	0	0	1	0.44444444	0.5	0.5	0	0	0.69314718	0.69314718	2	2	0.69314718
qoky	Biological	ELIGIBLE	60	17	17	0.0093457944	0.89473684	0.89473684	0.016666667	0.26666667	0.71666667	0.68818769	0.1	0.56666667	0	0	3.4927745	3.3373534	32.87704	28.144542	0.91832023
qoky	Cosmological	INSUFFICIENT_TOKEN_SUPPORT	1	1	1	0.00043649062	0.090909091	0.11111111	0	0	1	0.4	0	0	0	0	-0	-0	1	1	-0
qoky	Herbal	ELIGIBLE	34	27	27	0.0029000341	0.20930233	0.216	0.11764706	0.14705882	0.73529412	0.51163632	0.26470588	0.35294118	0.029411765	0.029411765	3.3087778	3.1580398	27.351675	23.524438	1.0870004
qoky	Pharmaceutical	ELIGIBLE	6	5	5	0.002283105	0.3125	0.41666667	0	0	1	0.46759259	0.33333333	0.16666667	0	0	1.7917595	1.7917595	6	6	1.0114043
qoky	Stars	ELIGIBLE	34	16	16	0.0029054862	0.64	0.64	0	0.20588235	0.79411765	0.65082499	0.14705882	0.47058824	0	0	3.3886508	3.1418042	29.625953	23.145588	1.0042149
qoky	Text	ELIGIBLE	10	3	3	0.0042034468	0.42857143	0.5	0	0	1	0.53068182	0.1	0.4	0	0	2.3025851	2.3025851	10	10	0.94334839
qol	Biological	ELIGIBLE	104	19	19	0.016199377	1	1	0.125	0.086538462	0.78846154	0.43384959	0.45192308	0.25	0.038461538	0.057692308	3.7477821	3.6635263	42.426878	38.998622	1.0663039
qol	Herbal	INSUFFICIENT_TOKEN_SUPPORT	3	3	3	0.00025588536	0.023255814	0.024	0	0	1	0.2739899	0.33333333	0	0	0	1.0986123	1.0986123	3	3	0.63651417
qol	Pharmaceutical	INSUFFICIENT_TOKEN_SUPPORT	4	3	3	0.00152207	0.1875	0.25	0	0	1	0.47320076	0.25	0.25	0	0	1.3862944	1.0397208	4	2.8284271	1.0397208
qol	Stars	ELIGIBLE	27	11	11	0.0023072979	0.44	0.44	0.14814815	0	0.85185185	0.41594825	0.44444444	0.25925926	0	0	2.6047954	3.0391157	13.528457	20.886765	1.0708079
qol	Text	INSUFFICIENT_TOKEN_SUPPORT	4	1	1	0.0016813787	0.14285714	0.16666667	0	0	1	0.43409091	0.5	0.5	0	0	1.3862944	1.3862944	4	4	0.69314718
qopHedy	Biological	ELIGIBLE	6	4	4	0.00093457944	0.21052632	0.21052632	0.16666667	0.16666667	0.66666667	0.45138889	0.33333333	0.16666667	0.16666667	0.16666667	1.332179	1.6094379	3.7892914	5	1.0114043
qopHedy	Stars	ELIGIBLE	21	14	14	0.001794565	0.56	0.56	0	0.047619048	0.95238095	0.62478355	0.047619048	0.52380952	0.047619048	0.095238095	2.9785084	2.9264176	19.658473	18.66066	0.84681438
qopHedy	Text	INSUFFICIENT_TOKEN_SUPPORT	4	3	3	0.0016813787	0.42857143	0.5	0	0	1	0.51666667	0.5	0.5	0	0	1.3862944	1.3862944	4	4	0.69314718
qor	Biological	ELIGIBLE	7	6	6	0.0010903427	0.31578947	0.31578947	0.42857143	0.14285714	0.42857143	0.28346653	0.71428571	0.14285714	0	0	1.3862944	1.7917595	4	6	0.79631164
qor	Herbal	ELIGIBLE	6	6	6	0.00051177073	0.046511628	0.048	0.33333333	0	0.66666667	0.16759259	0.83333333	0	0	0	1.3862944	1.7917595	4	6	0.45056121
qor	Stars	ELIGIBLE	7	6	6	0.00059818834	0.24	0.24	0.14285714	0	0.85714286	0.43412698	0.28571429	0.28571429	0	0	1.5607104	1.7478681	4.7622032	5.7423475	1.0789922
qor	Text	INSUFFICIENT_TOKEN_SUPPORT	1	1	1	0.00042034468	0.14285714	0.16666667	1	1	0	0	1	0	0	0	NA	NA	NA	NA	-0
qotA	Biological	ELIGIBLE	20	10	10	0.0031152648	0.52631579	0.52631579	0.1	0.05	0.85	0.4275	0.4	0.25	0	0	2.7363391	2.4479398	15.430392	11.564497	1.0805276
qotA	Stars	ELIGIBLE	36	16	16	0.0030763972	0.64	0.64	0.027777778	0.083333333	0.88888889	0.59056468	0.22222222	0.41666667	0	0.055555556	3.3027477	3.286463	27.187237	26.748087	1.0668349
qotA	Text	INSUFFICIENT_TOKEN_SUPPORT	4	3	2	0.0016813787	0.42857143	0.33333333	0	0	1	0.59188312	0.25	0.25	0	0	1.3862944	1.3862944	4	4	1.0397208
qotEdy	Biological	ELIGIBLE	41	17	17	0.0063862928	0.89473684	0.89473684	0.19512195	0.073170732	0.73170732	0.46218192	0.36585366	0.36585366	0.048780488	0.14634146	3.1287242	3.4186976	22.844815	30.529627	1.0887342
qotEdy	Herbal	INSUFFICIENT_TOKEN_SUPPORT	2	2	2	0.00017059024	0.015503876	0.016	0.5	0	0.5	0.11111111	1	0	0	0	-0	0.69314718	1	2	-0
qotEdy	Stars	ELIGIBLE	31	18	18	0.0026491198	0.72	0.72	0.032258065	0.032258065	0.93548387	0.53190546	0.29032258	0.32258065	0.032258065	0.032258065	3.2625679	3.4011974	26.116517	30	1.0914146
qotEdy	Text	INSUFFICIENT_TOKEN_SUPPORT	2	2	2	0.00084068937	0.28571429	0.33333333	0	0	1	0.4125	0.5	0.5	0	0	0.69314718	0.69314718	2	2	0.69314718
qotEdy	Zodiac	INSUFFICIENT_TOKEN_SUPPORT	1	1	1	0.00074906367	0.083333333	0.14285714	0	0	1	0.14705882	1	0	0	0	-0	-0	1	1	-0
qotEy	Astronomical	INSUFFICIENT_TOKEN_SUPPORT	1	1	1	0.0011098779	0.125	0.25	0	0	1	0.4	0	0	0	0	-0	-0	1	1	-0
qotEy	Biological	ELIGIBLE	7	5	5	0.0010903427	0.26315789	0.26315789	0.14285714	0	0.85714286	0.36972789	0.42857143	0.14285714	0	0	1.5607104	1.9459101	4.7622032	7	1.0042425
qotEy	Cosmological	INSUFFICIENT_TOKEN_SUPPORT	2	1	1	0.00087298123	0.090909091	0.11111111	0	0	1	0.38095238	0	0	0	0	0.69314718	0.69314718	2	2	-0
qotEy	Herbal	ELIGIBLE	8	6	6	0.00068236097	0.046511628	0.048	0.25	0	0.75	0.321875	0.625	0.25	0	0	1.7917595	1.6674619	6	5.2987023	0.90025605
qotEy	Pharmaceutical	INSUFFICIENT_TOKEN_SUPPORT	1	1	1	0.0003805175	0.0625	0.083333333	0	0	1	0.22222222	1	0	0	0	-0	-0	1	1	-0
qotEy	Stars	ELIGIBLE	22	15	15	0.0018800205	0.6	0.6	0.045454545	0	0.95454545	0.41227535	0.31818182	0.18181818	0	0	3.0445224	2.9650157	21	19.395008	1.0208881
qotEy	Text	INSUFFICIENT_TOKEN_SUPPORT	1	1	1	0.00042034468	0.14285714	0.16666667	0	0	1	0.5	0	0	0	0	-0	-0	1	1	-0
qotHdy	Biological	INSUFFICIENT_TOKEN_SUPPORT	1	1	1	0.00015576324	0.052631579	0.052631579	0	0	1	0.8	0	1	0	0	-0	-0	1	1	-0
qotHdy	Cosmological	INSUFFICIENT_TOKEN_SUPPORT	3	3	3	0.0013094718	0.27272727	0.33333333	0	0	1	0.85477897	0	1	0	0	1.0986123	1.0986123	3	3	-0
qotHdy	Herbal	ELIGIBLE	5	5	5	0.00042647561	0.03875969	0.04	0	0	1	0.5968254	0.2	0.6	0	0.2	1.332179	1.6094379	3.7892914	5	0.95027054
qotHdy	Stars	ELIGIBLE	11	8	8	0.00094001025	0.32	0.32	0	0.18181818	0.81818182	0.62075298	0.090909091	0.36363636	0	0	2.3978953	1.8310205	11	6.2402515	0.91646489
qotHdy	Text	INSUFFICIENT_TOKEN_SUPPORT	3	2	2	0.001261034	0.28571429	0.33333333	0	0	1	0.27878788	0.66666667	0	0	0	1.0986123	1.0986123	3	3	0.63651417
qotHedy	Biological	INSUFFICIENT_TOKEN_SUPPORT	4	3	3	0.00062305296	0.15789474	0.15789474	0.25	0	0.75	0.32481061	0.5	0.25	0	0	1.0986123	1.0397208	3	2.8284271	1.0397208
qotHedy	Cosmological	INSUFFICIENT_TOKEN_SUPPORT	1	1	1	0.00043649062	0.090909091	0.11111111	0	0	1	0.2	1	0	0	0	-0	-0	1	1	-0
qotHedy	Herbal	INSUFFICIENT_TOKEN_SUPPORT	1	1	1	8.5295121e-05	0.007751938	0.008	0	0	1	0.85714286	0	1	0	0	-0	-0	1	1	-0
qotHedy	Stars	ELIGIBLE	17	7	7	0.0014527431	0.28	0.28	0	0.058823529	0.94117647	0.56937017	0.17647059	0.35294118	0	0.17647059	2.8332133	2.7725887	17	16	1.0283942
qotHedy	Text	INSUFFICIENT_TOKEN_SUPPORT	2	2	2	0.00084068937	0.28571429	0.33333333	0	0	1	0.76190476	0	1	0	0	0.69314718	0.69314718	2	2	-0
qotHy	Biological	INSUFFICIENT_TOKEN_SUPPORT	4	3	3	0.00062305296	0.15789474	0.15789474	0.25	0	0.75	0.34419192	0.5	0.25	0	0	1.0986123	1.3862944	3	4	1.0397208
qotHy	Herbal	ELIGIBLE	49	39	39	0.0041794609	0.30232558	0.312	0.34693878	0.06122449	0.59183673	0.3414804	0.42857143	0.20408163	0	0.12244898	3.3357708	3.6779572	28.100035	39.565488	1.0553404
qotHy	Pharmaceutical	INSUFFICIENT_TOKEN_SUPPORT	2	2	2	0.00076103501	0.125	0.16666667	0	0	1	0.67676768	0	0.5	0	0	0.69314718	0.69314718	2	2	0.69314718
qotHy	Stars	ELIGIBLE	7	4	4	0.00059818834	0.16	0.16	0	0	1	0.28114822	0.71428571	0	0	0.14285714	1.9459101	1.9459101	7	7	0.59826959
qotaN	Biological	ELIGIBLE	13	7	7	0.0020249221	0.36842105	0.36842105	0.15384615	0.076923077	0.76923077	0.42399267	0.46153846	0.30769231	0	0.076923077	2.2718685	2.4849066	9.6975038	12	1.0579054
qotaN	Cosmological	INSUFFICIENT_TOKEN_SUPPORT	4	2	2	0.0017459625	0.18181818	0.22222222	0	0.25	0.75	0.5625	0.5	0.5	0	0	1.3862944	1.0986123	4	3	0.69314718
qotaN	Herbal	ELIGIBLE	14	12	11	0.0011941317	0.093023256	0.088	0.21428571	0.14285714	0.64285714	0.53446712	0.21428571	0.35714286	0	0	2.3978953	2.4849066	11	12	1.0609442
qotaN	Stars	ELIGIBLE	42	16	16	0.0035891301	0.64	0.64	0	0.071428571	0.92857143	0.53556695	0.21428571	0.35714286	0	0	3.4800558	3.5924696	32.461535	36.323671	1.0609442
qotaN	Text	ELIGIBLE	6	3	2	0.0025220681	0.42857143	0.33333333	0	0	1	0.67651515	0	0.66666667	0	0.16666667	1.7917595	1.7917595	6	6	0.63651417
qotal	Biological	ELIGIBLE	25	13	13	0.003894081	0.68421053	0.68421053	0.04	0.04	0.92	0.56627273	0.16	0.4	0	0	2.9470048	2.7272297	19.048813	15.29047	1.0209608
qotal	Cosmological	INSUFFICIENT_TOKEN_SUPPORT	2	1	1	0.00087298123	0.090909091	0.11111111	0.5	0	0.5	0.28571429	0.5	0	0	0	-0	0.69314718	1	2	0.69314718
qotal	Herbal	ELIGIBLE	6	6	6	0.00051177073	0.046511628	0.048	0	0.16666667	0.83333333	0.6712963	0.16666667	0.66666667	0	0	1.7917595	1.6094379	6	5	0.86756323
qotal	Stars	ELIGIBLE	19	12	12	0.0016236541	0.48	0.48	0	0.15789474	0.84210526	0.60352206	0.052631579	0.31578947	0	0	2.8714761	2.182996	17.663072	8.8728493	0.80920547
qotal	Text	ELIGIBLE	7	5	4	0.0029424128	0.71428571	0.66666667	0	0	1	0.48863636	0.28571429	0.14285714	0	0	1.9459101	1.9459101	7	7	0.95569989
qotar	Biological	ELIGIBLE	16	10	10	0.0024922118	0.52631579	0.52631579	0.0625	0.0625	0.875	0.54560786	0.375	0.5	0	0	2.7080502	2.6156306	15	13.675837	0.97431475
qotar	Cosmological	INSUFFICIENT_TOKEN_SUPPORT	2	2	1	0.00087298123	0.18181818	0.11111111	0	0	1	0.63709677	0	0.5	0	0	0.69314718	0.69314718	2	2	0.69314718
qotar	Herbal	ELIGIBLE	9	8	8	0.00076765609	0.062015504	0.064	0.11111111	0.11111111	0.77777778	0.59657688	0.11111111	0.55555556	0	0	2.0794415	2.0794415	8	8	0.93688831
qotar	Stars	ELIGIBLE	29	14	14	0.0024782089	0.56	0.56	0	0.10344828	0.89655172	0.59757446	0.13793103	0.44827586	0	0	3.2536463	3.2047775	25.88455	24.650015	0.9980407
qotar	Text	ELIGIBLE	8	4	3	0.0033627575	0.57142857	0.5	0	0.125	0.875	0.52089161	0.5	0.375	0	0	2.0794415	1.9459101	8	7	0.97431475
qotedy	Biological	ELIGIBLE	46	17	17	0.007165109	0.89473684	0.89473684	0.02173913	0.086956522	0.89130435	0.57353208	0.17391304	0.41304348	0.065217391	0.086956522	3.3348728	3.4941623	28.074811	32.922696	1.0346368
qotedy	Cosmological	INSUFFICIENT_TOKEN_SUPPORT	1	1	1	0.00043649062	0.090909091	0.11111111	0	0	1	0.25	1	0	0	0	-0	-0	1	1	-0
qotedy	Herbal	ELIGIBLE	12	8	8	0.0010235415	0.062015504	0.064	0.083333333	0	0.91666667	0.31653809	0.5	0	0.083333333	0.083333333	2.3978953	2.4849066	11	12	0.69314718
qotedy	Stars	ELIGIBLE	25	13	13	0.0021363869	0.52	0.52	0.04	0.04	0.92	0.58576768	0.12	0.44	0	0.04	3.1202916	3.1780538	22.652984	24	0.97689451
qotedy	Text	ELIGIBLE	5	4	4	0.0021017234	0.57142857	0.66666667	0	0	1	0.48212121	0.2	0.2	0	0	1.6094379	1.6094379	5	5	0.95027054
qotey	Biological	ELIGIBLE	6	5	5	0.00093457944	0.26315789	0.26315789	0.33333333	0	0.66666667	0.21964286	0.66666667	0	0	0	1.3862944	1.7917595	4	6	0.63651417
qotey	Herbal	INSUFFICIENT_TOKEN_SUPPORT	1	1	1	8.5295121e-05	0.007751938	0.008	0	0	1	0.625	0	0	0	0	-0	-0	1	1	-0
qotey	Pharmaceutical	INSUFFICIENT_TOKEN_SUPPORT	1	1	1	0.0003805175	0.0625	0.083333333	0	0	1	0.375	0	0	0	0	-0	-0	1	1	-0
qotey	Stars	ELIGIBLE	12	9	9	0.0010254657	0.36	0.36	0	0	1	0.46344697	0.33333333	0.33333333	0	0	2.4849066	2.4849066	12	12	1.0986123
qotey	Text	INSUFFICIENT_TOKEN_SUPPORT	3	3	3	0.001261034	0.42857143	0.5	0	0	1	0.83333333	0	1	0	0	1.0986123	1.0986123	3	3	-0
qotol	Biological	ELIGIBLE	7	6	6	0.0010903427	0.31578947	0.31578947	0.14285714	0	0.85714286	0.34484127	0.57142857	0.14285714	0	0	1.5607104	1.9459101	4.7622032	7	0.95569989
qotol	Herbal	ELIGIBLE	21	15	15	0.0017911975	0.11627907	0.12	0.38095238	0	0.61904762	0.3228166	0.42857143	0.14285714	0.047619048	0.047619048	2.5649494	2.8875778	13	17.949779	1.0042425
qotol	Pharmaceutical	INSUFFICIENT_TOKEN_SUPPORT	3	2	2	0.0011415525	0.125	0.16666667	0	0	1	0.61111111	0	0.66666667	0	0	1.0986123	1.0986123	3	3	0.63651417
qotol	Stars	ELIGIBLE	9	6	6	0.0007690993	0.24	0.24	0	0	1	0.45311448	0.33333333	0.11111111	0	0.11111111	2.1972246	2.0431919	9	7.7151958	0.93688831
qotol	Text	INSUFFICIENT_TOKEN_SUPPORT	4	3	3	0.0016813787	0.42857143	0.5	0	0	1	0.65598291	0.25	0.75	0	0	1.3862944	1.3862944	4	4	0.56233514
qotor	Biological	INSUFFICIENT_TOKEN_SUPPORT	1	1	1	0.00015576324	0.052631579	0.052631579	0	0	1	0.90909091	0	1	0	0	-0	-0	1	1	-0
qotor	Cosmological	INSUFFICIENT_TOKEN_SUPPORT	1	1	1	0.00043649062	0.090909091	0.11111111	1	0	0	0	1	0	0	0	NA	-0	NA	1	-0
qotor	Herbal	ELIGIBLE	18	14	14	0.0015353122	0.10852713	0.112	0.55555556	0.055555556	0.38888889	0.24861111	0.66666667	0.11111111	0	0	1.9061547	2.6701199	6.7271713	14.441701	0.84868556
qotor	Stars	ELIGIBLE	6	6	6	0.00051273287	0.24	0.24	0	0	1	0.68939394	0	0.5	0	0	1.7917595	1.7917595	6	6	0.69314718
qoty	Biological	ELIGIBLE	27	13	13	0.0042056075	0.68421053	0.68421053	0.037037037	0.18518519	0.77777778	0.62248811	0.14814815	0.51851852	0.037037037	0.037037037	3.2580965	3.0280291	26	20.65648	0.98965163
qoty	Cosmological	INSUFFICIENT_TOKEN_SUPPORT	3	2	1	0.0013094718	0.18181818	0.11111111	0	0	1	0.65555556	0	0.66666667	0	0	0.63651417	1.0986123	1.8898816	3	0.63651417
qoty	Herbal	ELIGIBLE	31	24	24	0.0026441488	0.18604651	0.192	0.096774194	0.19354839	0.70967742	0.59229158	0.22580645	0.51612903	0	0	3.282694	3.0315906	26.647464	20.730179	1.0269445
qoty	Stars	ELIGIBLE	20	12	12	0.0017091096	0.48	0.48	0	0.3	0.7	0.69838384	0.1	0.55	0	0	2.9264176	2.6390573	18.66066	14	0.9265066
qoty	Text	ELIGIBLE	6	3	3	0.0025220681	0.42857143	0.5	0	0	1	0.39974747	0.5	0.16666667	0	0	1.7917595	1.7917595	6	6	1.0114043
qoty	Zodiac	INSUFFICIENT_TOKEN_SUPPORT	1	1	1	0.00074906367	0.083333333	0.14285714	0	0	1	0.23809524	1	0	0	0	-0	-0	1	1	-0
r	Astronomical	INSUFFICIENT_TOKEN_SUPPORT	4	3	2	0.0044395117	0.375	0.5	0	0	1	0.36755952	0.25	0.25	0	0	1.0397208	1.3862944	2.8284271	4	1.0397208
r	Biological	ELIGIBLE	30	13	13	0.0046728972	0.68421053	0.68421053	0.066666667	0.066666667	0.86666667	0.49794974	0.3	0.36666667	0	0.2	3.2331835	2.5992103	25.360263	13.453109	1.0952734
r	Cosmological	ELIGIBLE	22	6	6	0.0096027935	0.54545455	0.66666667	0.045454545	0	0.95454545	0.48010471	0.27272727	0.31818182	0	0.31818182	2.2274377	2.3978953	9.2760671	11	1.084363
r	Herbal	ELIGIBLE	48	38	38	0.0040941658	0.29457364	0.304	0.020833333	0.125	0.85416667	0.56681975	0.22916667	0.4375	0	0	3.6214124	3.3621342	37.390339	28.850699	1.0655085
r	Pharmaceutical	ELIGIBLE	14	7	6	0.0053272451	0.4375	0.5	0.071428571	0	0.92857143	0.43137514	0.42857143	0.35714286	0	0.21428571	2.4583113	2.4410153	11.685063	11.484695	1.0609442
r	Stars	ELIGIBLE	41	19	19	0.0035036746	0.76	0.76	0	0.024390244	0.97560976	0.60488989	0.17073171	0.51219512	0	0.12195122	3.5783238	2.5171923	35.813461	12.39375	1.0086773
r	Text	ELIGIBLE	9	4	4	0.0037831021	0.57142857	0.66666667	0.22222222	0.22222222	0.55555556	0.33751927	0.66666667	0.22222222	0	0.22222222	1.9459101	1.549826	7	4.7106507	0.84868556
r	Zodiac	INSUFFICIENT_TOKEN_SUPPORT	4	4	2	0.0029962547	0.33333333	0.28571429	0	0	1	0.52582767	0.25	0.5	0	0	1.3862944	0.56233514	4	1.7547654	1.0397208
rA	Biological	INSUFFICIENT_TOKEN_SUPPORT	4	4	4	0.00062305296	0.21052632	0.21052632	0	0.5	0.5	0.91287879	0	1	0	0	1.3862944	0.69314718	4	2	-0
rA	Cosmological	INSUFFICIENT_TOKEN_SUPPORT	1	1	1	0.00043649062	0.090909091	0.11111111	1	0	0	0	1	0	0	0	NA	-0	NA	1	-0
rA	Pharmaceutical	INSUFFICIENT_TOKEN_SUPPORT	1	1	1	0.0003805175	0.0625	0.083333333	0	1	0	1	0	1	0	0	-0	NA	1	NA	-0
rA	Stars	ELIGIBLE	15	8	8	0.0012818322	0.32	0.32	0	0.13333333	0.86666667	0.57528361	0.26666667	0.33333333	0	0	2.7080502	2.4583113	15	11.685063	1.0851886
rA	Text	INSUFFICIENT_TOKEN_SUPPORT	1	1	1	0.00042034468	0.14285714	0.16666667	0	0	1	0.84615385	0	1	0	0	-0	-0	1	1	-0
raN	Biological	ELIGIBLE	12	7	7	0.0018691589	0.36842105	0.36842105	0	0.25	0.75	0.75763889	0.083333333	0.75	0	0	2.2538576	2.0431919	9.5244063	7.7151958	0.72146369
raN	Cosmological	INSUFFICIENT_TOKEN_SUPPORT	1	1	1	0.00043649062	0.090909091	0.11111111	0	0	1	0.66666667	0	1	0	0	-0	-0	1	1	-0
raN	Herbal	INSUFFICIENT_TOKEN_SUPPORT	3	3	3	0.00025588536	0.023255814	0.024	0	0.33333333	0.66666667	0.775	0	0.66666667	0	0	1.0986123	0.69314718	3	2	0.63651417
raN	Pharmaceutical	INSUFFICIENT_TOKEN_SUPPORT	2	1	1	0.00076103501	0.0625	0.083333333	0	0.5	0.5	0.88888889	0	1	0	0	0.69314718	-0	2	1	-0
raN	Stars	ELIGIBLE	41	18	18	0.0035036746	0.72	0.72	0	0.024390244	0.97560976	0.55753968	0.2195122	0.43902439	0	0	3.5317496	3.5849074	34.183724	36.050019	1.0611693
raN	Text	INSUFFICIENT_TOKEN_SUPPORT	4	4	4	0.0016813787	0.57142857	0.66666667	0	0	1	0.58806818	0	0.5	0	0	1.3862944	1.3862944	4	4	0.69314718
raN	Zodiac	INSUFFICIENT_TOKEN_SUPPORT	1	1	1	0.00074906367	0.083333333	0.14285714	0	0	1	0.10810811	1	0	0	0	-0	-0	1	1	-0
rol	Biological	ELIGIBLE	11	6	6	0.0017133956	0.31578947	0.31578947	0	0.36363636	0.63636364	0.73545848	0.18181818	0.72727273	0.090909091	0.090909091	2.2718685	1.9459101	9.6975038	7	0.75954739
rol	Herbal	INSUFFICIENT_TOKEN_SUPPORT	2	2	2	0.00017059024	0.015503876	0.016	0	0	1	0.26785714	1	0	0	0	0.69314718	0.69314718	2	2	-0
rol	Stars	ELIGIBLE	6	6	6	0.00051273287	0.24	0.24	0	0.33333333	0.66666667	0.81111111	0	0.83333333	0	0	1.7917595	1.3862944	6	4	0.45056121
rol	Text	INSUFFICIENT_TOKEN_SUPPORT	1	1	1	0.00042034468	0.14285714	0.16666667	0	0	1	0.33333333	0	0	0	0	-0	-0	1	1	-0
s	Astronomical	ELIGIBLE	14	5	3	0.015538291	0.625	0.75	0.14285714	0.071428571	0.78571429	0.38616143	0.35714286	0.14285714	0	0.28571429	2.4849066	2.3114234	12	10.088775	0.99228197
s	Biological	ELIGIBLE	27	15	15	0.0042056075	0.78947368	0.78947368	0.33333333	0.14814815	0.51851852	0.4020683	0.44444444	0.33333333	0	0.074074074	2.553237	2.5475314	12.848628	12.775527	1.0608569
s	Cosmological	ELIGIBLE	18	6	6	0.0078568311	0.54545455	0.66666667	0.055555556	0.055555556	0.88888889	0.41177616	0.38888889	0.16666667	0	0.33333333	2.8332133	2.343933	17	10.422146	1.0263306
s	Herbal	ELIGIBLE	190	84	81	0.016206073	0.65116279	0.648	0.036842105	0.15263158	0.81052632	0.62702733	0.14736842	0.52631579	0.0052631579	0.063157895	4.9224761	4.0043713	137.34227	54.837336	0.98543946
s	Pharmaceutical	ELIGIBLE	46	16	12	0.017503805	1	1	0	0.065217391	0.93478261	0.50730364	0.2826087	0.34782609	0	0.02173913	3.7683677	2.8743014	43.309315	17.713045	1.0923286
s	Stars	ELIGIBLE	37	18	18	0.0031618527	0.72	0.72	0.10810811	0.054054054	0.83783784	0.4765798	0.27027027	0.2972973	0	0.054054054	3.1686355	2.6241632	23.775021	13.793028	1.0767525
s	Text	ELIGIBLE	14	6	5	0.0058848256	0.85714286	0.83333333	0.42857143	0.35714286	0.21428571	0.36827141	0.42857143	0.28571429	0	0	2.0794415	1.427061	8	4.1664362	1.0789922
s	Zodiac	ELIGIBLE	10	8	5	0.0074906367	0.66666667	0.71428571	0	0	1	0.5662441	0.2	0.3	0	0	2.3025851	2.0253262	10	7.5785828	1.029653
sA	Astronomical	INSUFFICIENT_TOKEN_SUPPORT	2	2	2	0.0022197558	0.25	0.5	0.5	0	0.5	0.25	0.5	0	0	0	-0	0.69314718	1	2	0.69314718
sA	Biological	ELIGIBLE	21	11	11	0.003271028	0.57894737	0.57894737	0.38095238	0.14285714	0.47619048	0.32449151	0.61904762	0.19047619	0	0	2.4583113	2.7072697	11.685063	14.988297	0.92858451
sA	Cosmological	INSUFFICIENT_TOKEN_SUPPORT	2	2	2	0.00087298123	0.18181818	0.22222222	1	0	0	0	1	0	0	0	NA	0.69314718	NA	2	-0
sA	Herbal	ELIGIBLE	5	5	5	0.00042647561	0.03875969	0.04	0.2	0.4	0.4	0.645	0.2	0.4	0	0	1.3862944	1.0986123	4	3	1.0549202
sA	Pharmaceutical	INSUFFICIENT_TOKEN_SUPPORT	2	2	2	0.00076103501	0.125	0.16666667	0.5	0	0.5	0.33333333	0.5	0.5	0	0	-0	0.69314718	1	2	0.69314718
sA	Stars	ELIGIBLE	24	13	13	0.0020509315	0.52	0.52	0.79166667	0.083333333	0.125	0.14642256	0.83333333	0.125	0	0	1.6094379	2.9650157	5	19.395008	0.54428373
sA	Text	INSUFFICIENT_LEAF_SUPPORT	8	1	1	0.0033627575	0.14285714	0.16666667	0.375	0	0.625	0.47727273	0.375	0.5	0	0	1.6094379	1.9061547	5	6.7271713	0.97431475
saN	Astronomical	INSUFFICIENT_TOKEN_SUPPORT	2	2	1	0.0022197558	0.25	0.25	0	0.5	0.5	0.6	0.5	0.5	0	0	0.69314718	-0	2	1	0.69314718
saN	Biological	ELIGIBLE	30	15	15	0.0046728972	0.78947368	0.78947368	0.4	0.1	0.5	0.40428571	0.46666667	0.33333333	0	0.033333333	2.553237	3.1418042	12.848628	23.145588	1.043757
saN	Cosmological	INSUFFICIENT_TOKEN_SUPPORT	1	1	1	0.00043649062	0.090909091	0.11111111	0	0	1	0.57142857	0	0	0	0	-0	-0	1	1	-0
saN	Herbal	ELIGIBLE	37	27	27	0.0031559195	0.20930233	0.216	0.32432432	0.13513514	0.54054054	0.45559553	0.37837838	0.43243243	0	0	3.2188758	3.4657359	25	32	1.0452532
saN	Pharmaceutical	ELIGIBLE	9	7	6	0.0034246575	0.4375	0.5	0.11111111	0	0.88888889	0.59022521	0.33333333	0.55555556	0	0	2.0794415	2.1972246	8	9	0.93688831
saN	Stars	ELIGIBLE	37	17	17	0.0031618527	0.68	0.68	0.72972973	0	0.27027027	0.14104649	0.78378378	0.054054054	0	0	2.3025851	3.4610483	10	31.850346	0.64366304
saN	Text	ELIGIBLE	8	4	4	0.0033627575	0.57142857	0.66666667	0.625	0.125	0.25	0.26754808	0.625	0.125	0	0	1.0986123	1.9459101	3	7	0.90025605
saN	Zodiac	INSUFFICIENT_TOKEN_SUPPORT	3	3	3	0.002247191	0.25	0.42857143	0	0	1	0.68478261	0.33333333	0.66666667	0	0	1.0986123	1.0986123	3	3	0.63651417
sair	Astronomical	INSUFFICIENT_TOKEN_SUPPORT	1	1	1	0.0011098779	0.125	0.25	1	0	0	0	1	0	0	0	NA	-0	NA	1	-0
sair	Biological	INSUFFICIENT_TOKEN_SUPPORT	3	2	2	0.00046728972	0.10526316	0.10526316	0.33333333	0	0.66666667	0.35185185	0.33333333	0	0	0	0.69314718	1.0986123	2	3	0.63651417
sair	Cosmological	INSUFFICIENT_TOKEN_SUPPORT	3	2	2	0.0013094718	0.18181818	0.22222222	0.66666667	0	0.33333333	0.27777778	0.66666667	0.33333333	0	0	-0	1.0986123	1	3	0.63651417
sair	Herbal	ELIGIBLE	5	5	5	0.00042647561	0.03875969	0.04	0.4	0	0.6	0.33434343	0.4	0.2	0	0	1.0986123	1.6094379	3	5	1.0549202
sair	Pharmaceutical	INSUFFICIENT_TOKEN_SUPPORT	2	2	1	0.00076103501	0.125	0.083333333	0	0	1	0.42857143	0	0	0	0	0.69314718	0.69314718	2	2	-0
sair	Stars	ELIGIBLE	9	6	6	0.0007690993	0.24	0.24	0.55555556	0	0.44444444	0.33097643	0.55555556	0.33333333	0	0	1.3862944	2.1972246	4	9	0.93688831
sair	Text	ELIGIBLE	6	5	4	0.0025220681	0.71428571	0.66666667	0.66666667	0	0.33333333	0.16666667	0.83333333	0.16666667	0	0	0.69314718	1.7917595	2	6	0.45056121
sal	Astronomical	INSUFFICIENT_TOKEN_SUPPORT	3	3	2	0.0033296337	0.375	0.5	0	0.66666667	0.33333333	0.91666667	0	1	0	0	1.0986123	-0	3	1	-0
sal	Biological	ELIGIBLE	15	10	10	0.0023364486	0.52631579	0.52631579	0.46666667	0.2	0.33333333	0.36190476	0.53333333	0.33333333	0	0	2.0794415	2.3693821	8	10.690785	0.97011578
sal	Cosmological	INSUFFICIENT_TOKEN_SUPPORT	3	2	2	0.0013094718	0.18181818	0.22222222	0.33333333	0	0.66666667	0.15443746	0.66666667	0	0	0	0.69314718	1.0986123	2	3	0.63651417
sal	Herbal	ELIGIBLE	10	9	9	0.00085295121	0.069767442	0.072	0.1	0.5	0.4	0.70727273	0.3	0.7	0	0	2.1972246	1.6094379	9	5	0.6108643
sal	Pharmaceutical	INSUFFICIENT_TOKEN_SUPPORT	4	4	4	0.00152207	0.25	0.33333333	0.5	0.5	0	0.5	0.5	0.5	0	0	0.69314718	0.69314718	2	2	0.69314718
sal	Stars	ELIGIBLE	7	6	6	0.00059818834	0.24	0.24	0.28571429	0	0.71428571	0.42721088	0.28571429	0.28571429	0	0	1.6094379	1.9459101	5	7	1.0789922
sal	Text	INSUFFICIENT_TOKEN_SUPPORT	4	2	2	0.0016813787	0.28571429	0.33333333	0	0	1	0.47310606	0.25	0.25	0	0	1.3862944	1.3862944	4	4	1.0397208
sal	Zodiac	INSUFFICIENT_TOKEN_SUPPORT	3	3	2	0.002247191	0.25	0.28571429	0	0.33333333	0.66666667	0.68050941	0.33333333	0.66666667	0	0	1.0986123	0.69314718	3	2	0.63651417
sar	Astronomical	INSUFFICIENT_TOKEN_SUPPORT	4	2	2	0.0044395117	0.25	0.5	0	0.25	0.75	0.6942402	0	0.75	0	0	1.3862944	1.0986123	4	3	0.56233514
sar	Biological	ELIGIBLE	20	13	13	0.0031152648	0.68421053	0.68421053	0.5	0.2	0.3	0.40035354	0.5	0.35	0	0	2.1639557	2.2527283	8.7055056	9.5136569	0.99857933
sar	Cosmological	ELIGIBLE	11	6	5	0.0048013968	0.54545455	0.55555556	0.090909091	0.45454545	0.45454545	0.70509862	0.18181818	0.72727273	0	0	2.3025851	1.7917595	10	6	0.75954739
sar	Herbal	ELIGIBLE	14	13	13	0.0011941317	0.10077519	0.104	0.28571429	0.14285714	0.57142857	0.34710884	0.57142857	0.21428571	0	0.071428571	2.3025851	2.4849066	10	12	0.97997118
sar	Pharmaceutical	ELIGIBLE	6	5	5	0.002283105	0.3125	0.41666667	0.33333333	0.33333333	0.33333333	0.54356061	0.33333333	0.33333333	0	0.16666667	1.3862944	1.3862944	4	4	1.0986123
sar	Stars	ELIGIBLE	23	13	13	0.001965476	0.52	0.52	0.60869565	0.043478261	0.34782609	0.2432524	0.69565217	0.2173913	0	0	2.1972246	2.3626262	9	10.618802	0.79658537
sar	Text	INSUFFICIENT_TOKEN_SUPPORT	2	2	2	0.00084068937	0.28571429	0.33333333	0.5	0.5	0	0.5	0.5	0.5	0	0	-0	-0	1	1	0.69314718
sar	Zodiac	INSUFFICIENT_TOKEN_SUPPORT	1	1	1	0.00074906367	0.083333333	0.14285714	0	0	1	0.7037037	0	1	0	0	-0	-0	1	1	-0
sol	Astronomical	INSUFFICIENT_TOKEN_SUPPORT	2	2	2	0.0022197558	0.25	0.5	0	0	1	0.17788462	1	0	0	0	0.69314718	0.69314718	2	2	-0
sol	Biological	ELIGIBLE	37	16	16	0.0057632399	0.84210526	0.84210526	0.62162162	0	0.37837838	0.1468782	0.75675676	0.054054054	0	0	2.5400363	3.2687531	12.680131	26.278551	0.68363706
sol	Cosmological	INSUFFICIENT_TOKEN_SUPPORT	1	1	1	0.00043649062	0.090909091	0.11111111	1	0	0	0	1	0	0	0	NA	-0	NA	1	-0
sol	Herbal	ELIGIBLE	14	14	14	0.0011941317	0.10852713	0.112	0.35714286	0.14285714	0.5	0.46883117	0.35714286	0.35714286	0	0.14285714	2.1972246	2.3693821	9	10.690785	1.0933747
sol	Pharmaceutical	ELIGIBLE	6	6	5	0.002283105	0.375	0.41666667	0.66666667	0	0.33333333	0.089285714	1	0	0	0.16666667	0.69314718	1.7917595	2	6	-0
sol	Stars	ELIGIBLE	6	5	5	0.00051273287	0.2	0.2	0.5	0	0.5	0.36742424	0.5	0.33333333	0	0	1.0986123	1.7917595	3	6	1.0114043
sol	Text	INSUFFICIENT_TOKEN_SUPPORT	1	1	1	0.00042034468	0.14285714	0.16666667	1	0	0	0	1	0	0	0	NA	-0	NA	1	-0
sor	Astronomical	INSUFFICIENT_TOKEN_SUPPORT	2	2	1	0.0022197558	0.25	0.25	0.5	0	0.5	0.34722222	0.5	0.5	0	0	-0	0.69314718	1	2	0.69314718
sor	Biological	ELIGIBLE	16	12	12	0.0024922118	0.63157895	0.63157895	0.6875	0	0.3125	0.1241342	0.8125	0.0625	0	0	1.6094379	2.7725887	5	16	0.60192397
sor	Cosmological	INSUFFICIENT_TOKEN_SUPPORT	2	2	2	0.00087298123	0.18181818	0.22222222	0.5	0	0.5	0.090909091	1	0	0	0.5	-0	0.69314718	1	2	-0
sor	Herbal	ELIGIBLE	18	18	18	0.0015353122	0.13953488	0.144	0.5	0.11111111	0.38888889	0.31697531	0.55555556	0.22222222	0	0.055555556	2.1972246	2.6859453	9	14.672065	0.99502699
sor	Pharmaceutical	INSUFFICIENT_TOKEN_SUPPORT	4	4	4	0.00152207	0.25	0.33333333	0.5	0	0.5	0.30208333	0.5	0.25	0	0	0.69314718	1.3862944	2	4	1.0397208
sor	Stars	ELIGIBLE	7	6	6	0.00059818834	0.24	0.24	0.85714286	0	0.14285714	0.13186813	0.85714286	0.14285714	0	0	-0	1.7478681	1	5.7423475	0.41011632
sor	Text	INSUFFICIENT_TOKEN_SUPPORT	2	1	1	0.00084068937	0.14285714	0.16666667	0.5	0	0.5	0.375	0.5	0.5	0	0	-0	0.69314718	1	2	0.69314718
sy	Astronomical	INSUFFICIENT_TOKEN_SUPPORT	1	1	1	0.0011098779	0.125	0.25	0	0	1	0.1	1	0	0	0	-0	-0	1	1	-0
sy	Biological	ELIGIBLE	5	4	4	0.0007788162	0.21052632	0.21052632	0.2	0.8	0	0.8	0.2	0.8	0	0	1.3862944	-0	4	1	0.50040242
sy	Cosmological	INSUFFICIENT_TOKEN_SUPPORT	2	1	1	0.00087298123	0.090909091	0.11111111	0	0.5	0.5	0.67647059	0	0.5	0	0	0.69314718	-0	2	1	0.69314718
sy	Herbal	ELIGIBLE	21	19	19	0.0017911975	0.14728682	0.152	0	0.38095238	0.61904762	0.75145503	0.047619048	0.66666667	0	0.047619048	2.9785084	2.5649494	19.658473	13	0.77321961
sy	Pharmaceutical	INSUFFICIENT_TOKEN_SUPPORT	4	4	4	0.00152207	0.25	0.33333333	0	0.5	0.5	0.73214286	0.25	0.75	0	0	1.3862944	0.69314718	4	2	0.56233514
sy	Stars	INSUFFICIENT_TOKEN_SUPPORT	3	3	3	0.00025636643	0.12	0.12	0	1	0	1	0	1	0	0	1.0986123	NA	3	NA	-0
sy	Text	INSUFFICIENT_TOKEN_SUPPORT	1	1	1	0.00042034468	0.14285714	0.16666667	0	1	0	1	0	1	0	0	-0	NA	1	NA	-0
tEy	Biological	ELIGIBLE	5	3	3	0.0007788162	0.15789474	0.15789474	0.2	0	0.8	0.39915584	0.2	0.2	0	0	1.3862944	1.6094379	4	5	0.95027054
tEy	Herbal	INSUFFICIENT_TOKEN_SUPPORT	4	4	4	0.00034118048	0.031007752	0.032	0	0	1	0.66369048	0	0.75	0	0	1.3862944	1.3862944	4	4	0.56233514
tEy	Stars	ELIGIBLE	8	5	5	0.00068364382	0.2	0.2	0	0	1	0.59429876	0.125	0.375	0	0	1.9061547	2.0794415	6.7271713	8	0.97431475
tEy	Zodiac	INSUFFICIENT_TOKEN_SUPPORT	4	4	3	0.0029962547	0.33333333	0.42857143	0	0	1	0.61605529	0.25	0.75	0	0	1.0397208	1.3862944	2.8284271	4	0.56233514
tHedy	Biological	ELIGIBLE	11	7	7	0.0017133956	0.36842105	0.36842105	0.72727273	0	0.27272727	0.14141414	0.72727273	0	0	0.090909091	0.63651417	2.3978953	1.8898816	11	0.58595262
tHedy	Cosmological	INSUFFICIENT_TOKEN_SUPPORT	4	3	3	0.0017459625	0.27272727	0.33333333	0.75	0	0.25	0.1	0.75	0	0	0	-0	1.3862944	1	4	0.56233514
tHedy	Herbal	ELIGIBLE	7	6	6	0.00059706585	0.046511628	0.048	0.71428571	0	0.28571429	0.06547619	0.85714286	0	0	0	0.69314718	1.9459101	2	7	0.41011632
tHedy	Stars	ELIGIBLE	10	8	8	0.00085455478	0.32	0.32	0.8	0	0.2	0.12222222	0.8	0.1	0	0	0.69314718	2.3025851	2	10	0.63903186
tHedy	Text	INSUFFICIENT_TOKEN_SUPPORT	2	2	2	0.00084068937	0.28571429	0.33333333	0.5	0	0.5	0.41666667	0.5	0.5	0	0.5	-0	0.69314718	1	2	0.69314718
tHey	Biological	INSUFFICIENT_TOKEN_SUPPORT	2	2	2	0.00031152648	0.10526316	0.10526316	0	0	1	0.44642857	0.5	0.5	0	0	0.69314718	0.69314718	2	2	0.69314718
tHey	Cosmological	INSUFFICIENT_TOKEN_SUPPORT	2	2	1	0.00087298123	0.18181818	0.11111111	0.5	0	0.5	0.16666667	0.5	0	0	0	-0	0.69314718	1	2	0.69314718
tHey	Herbal	ELIGIBLE	10	10	10	0.00085295121	0.07751938	0.08	0.1	0.1	0.8	0.46897186	0.4	0.3	0	0	2.1972246	2.1972246	9	9	1.0889
tHey	Pharmaceutical	INSUFFICIENT_TOKEN_SUPPORT	1	1	1	0.0003805175	0.0625	0.083333333	0	0	1	0.89285714	0	1	0	0	-0	-0	1	1	-0
tHey	Stars	ELIGIBLE	5	3	3	0.00042727739	0.12	0.12	0.2	0	0.8	0.65181818	0.2	0.8	0	0	1.3862944	1.6094379	4	5	0.50040242
tHey	Text	INSUFFICIENT_TOKEN_SUPPORT	2	2	2	0.00084068937	0.28571429	0.33333333	0	0	1	0.38392857	0.5	0	0	0	0.69314718	0.69314718	2	2	0.69314718
tHor	Biological	INSUFFICIENT_TOKEN_SUPPORT	1	1	1	0.00015576324	0.052631579	0.052631579	1	0	0	0	1	0	0	0	NA	-0	NA	1	-0
tHor	Cosmological	INSUFFICIENT_TOKEN_SUPPORT	1	1	1	0.00043649062	0.090909091	0.11111111	0	0	1	0.7	0	1	0	0	-0	-0	1	1	-0
tHor	Herbal	ELIGIBLE	18	15	15	0.0015353122	0.11627907	0.12	0.5	0	0.5	0.25842152	0.66666667	0.16666667	0	0	2.1972246	2.8133554	9	16.665745	0.86756323
tHor	Pharmaceutical	INSUFFICIENT_TOKEN_SUPPORT	1	1	1	0.0003805175	0.0625	0.083333333	1	0	0	0	1	0	0	0	NA	-0	NA	1	-0
tHor	Stars	INSUFFICIENT_TOKEN_SUPPORT	1	1	1	8.5455478e-05	0.04	0.04	1	0	0	0	1	0	0	0	NA	-0	NA	1	-0
tHy	Biological	INSUFFICIENT_TOKEN_SUPPORT	1	1	1	0.00015576324	0.052631579	0.052631579	0	0	1	0.4	0	0	0	0	-0	-0	1	1	-0
tHy	Herbal	ELIGIBLE	24	21	21	0.0020470829	0.1627907	0.168	0.125	0	0.875	0.4363471	0.29166667	0.25	0	0.041666667	2.7555498	3.0407273	15.729687	20.920453	1.0635215
tHy	Stars	INSUFFICIENT_TOKEN_SUPPORT	2	2	2	0.00017091096	0.08	0.08	0	0.5	0.5	0.875	0	1	0	0	0.69314718	-0	2	1	-0
tHy	Zodiac	INSUFFICIENT_TOKEN_SUPPORT	1	1	1	0.00074906367	0.083333333	0.14285714	0	0	1	0.093023256	1	0	0	0	-0	-0	1	1	-0
taN	Biological	INSUFFICIENT_TOKEN_SUPPORT	3	3	3	0.00046728972	0.15789474	0.15789474	0.33333333	0	0.66666667	0.44444444	0.33333333	0.66666667	0	0	0.69314718	1.0986123	2	3	0.63651417
taN	Cosmological	INSUFFICIENT_TOKEN_SUPPORT	1	1	1	0.00043649062	0.090909091	0.11111111	1	0	0	0	1	0	0	0	NA	-0	NA	1	-0
taN	Herbal	ELIGIBLE	16	13	13	0.0013647219	0.10077519	0.104	0.125	0.3125	0.5625	0.61654266	0.25	0.5	0	0	2.3046194	2.1458418	10.020364	8.5492345	1.0397208
taN	Pharmaceutical	INSUFFICIENT_TOKEN_SUPPORT	1	1	1	0.0003805175	0.0625	0.083333333	1	0	0	0	1	0	0	0	NA	-0	NA	1	-0
taN	Stars	ELIGIBLE	20	12	12	0.0017091096	0.48	0.48	0.35	0	0.65	0.38684343	0.45	0.3	0	0	2.2450353	2.9264176	9.4407486	18.66066	1.0670939
taN	Text	INSUFFICIENT_TOKEN_SUPPORT	4	2	1	0.0016813787	0.28571429	0.16666667	0.25	0	0.75	0.51041667	0.25	0.5	0	0	1.0986123	1.0397208	3	2.8284271	1.0397208
tal	Biological	ELIGIBLE	10	8	8	0.0015576324	0.42105263	0.42105263	0	0.1	0.9	0.63064935	0.2	0.6	0	0	1.9730014	2.1972246	7.1922309	9	0.95027054
tal	Cosmological	INSUFFICIENT_TOKEN_SUPPORT	3	1	1	0.0013094718	0.090909091	0.11111111	0.33333333	0	0.66666667	0.45238095	0.33333333	0.33333333	0	0	0.69314718	1.0986123	2	3	1.0986123
tal	Herbal	INSUFFICIENT_TOKEN_SUPPORT	1	1	1	8.5295121e-05	0.007751938	0.008	0	0	1	0.75	0	1	0	0	-0	-0	1	1	-0
tal	Stars	ELIGIBLE	6	3	3	0.00051273287	0.12	0.12	0.16666667	0.16666667	0.66666667	0.5844697	0.16666667	0.5	0	0	1.6094379	1.332179	5	3.7892914	1.0114043
tal	Text	INSUFFICIENT_TOKEN_SUPPORT	4	2	1	0.0016813787	0.28571429	0.16666667	0	0	1	0.64804293	0	0.25	0	0.25	1.3862944	1.3862944	4	4	0.56233514
tal	Zodiac	INSUFFICIENT_TOKEN_SUPPORT	2	2	2	0.0014981273	0.16666667	0.28571429	0	0	1	0.45079899	0	0	0	0	0.69314718	0.69314718	2	2	-0
tar	Biological	ELIGIBLE	6	6	6	0.00093457944	0.31578947	0.31578947	0.33333333	0	0.66666667	0.27886234	0.66666667	0.16666667	0	0	1.3862944	1.5607104	4	4.7622032	0.86756323
tar	Herbal	ELIGIBLE	14	12	11	0.0011941317	0.093023256	0.088	0.64285714	0	0.35714286	0.20408163	0.64285714	0.14285714	0	0	1.6094379	2.4410153	5	11.484695	0.89211787
tar	Stars	ELIGIBLE	15	13	13	0.0012818322	0.52	0.52	0.33333333	0.066666667	0.6	0.53353535	0.4	0.6	0	0	2.3025851	2.6390573	10	14	0.67301167
tar	Text	ELIGIBLE	6	3	2	0.0025220681	0.42857143	0.33333333	0.16666667	0.16666667	0.66666667	0.52284382	0.33333333	0.5	0	0	1.6094379	1.6094379	5	5	1.0114043
tar	Zodiac	INSUFFICIENT_TOKEN_SUPPORT	1	1	1	0.00074906367	0.083333333	0.14285714	0	0	1	0.33333333	0	0	0	0	-0	-0	1	1	-0
tedy	Biological	ELIGIBLE	21	12	12	0.003271028	0.63157895	0.63157895	0	0.047619048	0.95238095	0.56469972	0.19047619	0.42857143	0	0.047619048	2.9785084	2.8571028	19.658473	17.411011	1.0466305
tedy	Cosmological	INSUFFICIENT_TOKEN_SUPPORT	1	1	1	0.00043649062	0.090909091	0.11111111	0	0	1	0.5	0	0	0	0	-0	-0	1	1	-0
tedy	Herbal	ELIGIBLE	9	8	8	0.00076765609	0.062015504	0.064	0.11111111	0	0.88888889	0.36678692	0.55555556	0.22222222	0	0.11111111	2.0794415	2.1972246	8	9	0.99502699
tedy	Stars	ELIGIBLE	8	7	7	0.00068364382	0.28	0.28	0	0.125	0.875	0.48838384	0.375	0.375	0	0	2.0794415	1.9459101	8	7	1.0821955
tedy	Text	INSUFFICIENT_TOKEN_SUPPORT	1	1	1	0.00042034468	0.14285714	0.16666667	0	0	1	0.88888889	0	1	0	0	-0	-0	1	1	-0
tol	Astronomical	INSUFFICIENT_TOKEN_SUPPORT	1	1	1	0.0011098779	0.125	0.25	1	0	0	0	1	0	0	0	NA	-0	NA	1	-0
tol	Biological	ELIGIBLE	9	6	6	0.0014018692	0.31578947	0.31578947	0.33333333	0	0.66666667	0.37396184	0.44444444	0.22222222	0	0.11111111	1.7917595	2.1972246	6	9	1.0608569
tol	Cosmological	ELIGIBLE	7	5	5	0.0030554343	0.45454545	0.55555556	0.57142857	0	0.42857143	0.32658662	0.57142857	0.28571429	0	0	1.0986123	1.9459101	3	7	0.95569989
tol	Herbal	ELIGIBLE	17	14	14	0.0014500171	0.10852713	0.112	0.52941176	0.058823529	0.41176471	0.26946779	0.58823529	0.17647059	0	0.11764706	2.0794415	2.7725887	8	16	0.95869186
tol	Pharmaceutical	INSUFFICIENT_TOKEN_SUPPORT	4	3	3	0.00152207	0.1875	0.25	1	0	0	0	1	0	0	0	NA	1.3862944	NA	4	-0
tol	Stars	ELIGIBLE	7	5	5	0.00059818834	0.2	0.2	0.85714286	0	0.14285714	0.085714286	0.85714286	0	0	0	-0	1.9459101	1	7	0.41011632
tol	Text	INSUFFICIENT_TOKEN_SUPPORT	2	2	2	0.00084068937	0.28571429	0.33333333	0.5	0	0.5	0.38888889	0.5	0.5	0	0	-0	0.69314718	1	2	0.69314718
tor	Biological	INSUFFICIENT_TOKEN_SUPPORT	4	3	3	0.00062305296	0.15789474	0.15789474	0.5	0	0.5	0.23717949	0.5	0	0	0	0.69314718	1.3862944	2	4	0.69314718
tor	Herbal	ELIGIBLE	12	11	11	0.0010235415	0.085271318	0.088	0.5	0.083333333	0.41666667	0.26934524	0.58333333	0.16666667	0	0	1.5607104	2.2718685	4.7622032	9.6975038	0.95961479
tor	Pharmaceutical	INSUFFICIENT_TOKEN_SUPPORT	2	2	2	0.00076103501	0.125	0.16666667	1	0	0	0	1	0	0	0	NA	0.69314718	NA	2	-0
tor	Stars	INSUFFICIENT_TOKEN_SUPPORT	3	3	3	0.00025636643	0.12	0.12	0	0	1	0.28181818	0.66666667	0	0	0	1.0986123	1.0986123	3	3	0.63651417
tor	Text	INSUFFICIENT_TOKEN_SUPPORT	1	1	1	0.00042034468	0.14285714	0.16666667	0	0	1	0.5	0	0	0	0	-0	-0	1	1	-0
y	Astronomical	ELIGIBLE	6	4	3	0.0066592675	0.5	0.75	0.16666667	0.16666667	0.66666667	0.56987179	0.16666667	0.5	0	0.16666667	1.6094379	1.6094379	5	5	1.0114043
y	Biological	ELIGIBLE	47	16	16	0.0073208723	0.84210526	0.84210526	0.29787234	0.085106383	0.61702128	0.41066398	0.42553191	0.31914894	0	0.042553191	3.3704808	3.4710455	29.092511	32.170358	1.0766523
y	Cosmological	ELIGIBLE	32	9	7	0.0139677	0.81818182	0.77777778	0.0625	0.125	0.8125	0.50797584	0.28125	0.3125	0	0.21875	2.9853091	3.0967876	19.792619	22.126757	1.086198
y	Herbal	ELIGIBLE	117	69	68	0.0099795292	0.53488372	0.544	0.15384615	0.15384615	0.69230769	0.46882296	0.41025641	0.34188034	0	0.0085470085	4.2992044	4.2799161	73.64118	72.234377	1.0782047
y	Pharmaceutical	ELIGIBLE	10	8	7	0.003805175	0.5	0.58333333	0.2	0.3	0.5	0.52386364	0.4	0.4	0	0.2	2.0794415	1.9459101	8	7	1.0549202
y	Stars	ELIGIBLE	85	25	25	0.0072637156	1	1	0.36470588	0.12941176	0.50588235	0.3772708	0.45882353	0.23529412	0	0.023529412	3.7995894	4.0055032	44.682836	54.899441	1.0602506
y	Text	ELIGIBLE	26	6	5	0.010928962	0.85714286	0.83333333	0.23076923	0.38461538	0.38461538	0.5119577	0.46153846	0.5	0	0	2.9957323	2.7725887	20	16	0.82874187
y	Zodiac	ELIGIBLE	11	5	3	0.0082397004	0.41666667	0.42857143	0	0.18181818	0.81818182	0.64000177	0.090909091	0.36363636	0.090909091	0.18181818	2.3978953	2.1972246	11	9	0.91646489
ykEdy	Biological	ELIGIBLE	10	8	8	0.0015576324	0.42105263	0.42105263	0.4	0	0.6	0.28744589	0.6	0.2	0	0	1.7917595	2.1639557	6	8.7055056	0.95027054
ykEdy	Cosmological	INSUFFICIENT_TOKEN_SUPPORT	2	2	2	0.00087298123	0.18181818	0.22222222	0	0	1	0.80147059	0	1	0	0	0.69314718	0.69314718	2	2	-0
ykEdy	Herbal	ELIGIBLE	8	8	8	0.00068236097	0.062015504	0.064	0	0	1	0.46243236	0.25	0.25	0	0	2.0794415	2.0794415	8	8	1.0397208
ykEdy	Stars	ELIGIBLE	8	7	7	0.00068364382	0.28	0.28	0.125	0.125	0.75	0.53566919	0.25	0.25	0	0	1.9459101	1.9459101	7	7	1.0397208
ykEdy	Text	INSUFFICIENT_TOKEN_SUPPORT	2	2	2	0.00084068937	0.28571429	0.33333333	0	0	1	0.19191919	1	0	0	0	0.69314718	0.69314718	2	2	-0
ykEdy	Zodiac	INSUFFICIENT_TOKEN_SUPPORT	2	2	2	0.0014981273	0.16666667	0.28571429	1	1	0	0	1	0	0	0	NA	NA	NA	NA	-0
ykEy	Astronomical	INSUFFICIENT_TOKEN_SUPPORT	1	1	1	0.0011098779	0.125	0.25	0	0	1	0.5	0	0	0	0	-0	-0	1	1	-0
ykEy	Biological	ELIGIBLE	8	7	7	0.0012461059	0.36842105	0.36842105	0	0	1	0.40156926	0.375	0.125	0	0.125	2.0794415	2.0794415	8	8	0.97431475
ykEy	Cosmological	INSUFFICIENT_TOKEN_SUPPORT	3	3	3	0.0013094718	0.27272727	0.33333333	0.66666667	0.33333333	0	0.03030303	1	0	0	0	-0	0.69314718	1	2	-0
ykEy	Herbal	ELIGIBLE	18	16	16	0.0015353122	0.12403101	0.128	0.22222222	0.055555556	0.72222222	0.41933221	0.38888889	0.33333333	0	0.055555556	2.5400363	2.5577939	12.680131	12.907311	1.0893097
ykEy	Pharmaceutical	ELIGIBLE	9	7	5	0.0034246575	0.4375	0.41666667	0.33333333	0	0.66666667	0.27946128	0.55555556	0.11111111	0.11111111	0.22222222	1.7917595	2.1972246	6	9	0.93688831
ykEy	Stars	ELIGIBLE	14	9	9	0.0011963767	0.36	0.36	0.28571429	0	0.71428571	0.28468099	0.64285714	0.14285714	0	0.071428571	2.3025851	2.6390573	10	14	0.89211787
ykEy	Text	INSUFFICIENT_TOKEN_SUPPORT	2	2	1	0.00084068937	0.28571429	0.16666667	0	0	1	0.22916667	0.5	0	0	0	0.69314718	0.69314718	2	2	0.69314718
ykEy	Zodiac	INSUFFICIENT_TOKEN_SUPPORT	2	2	2	0.0014981273	0.16666667	0.28571429	0	0	1	0.067492417	1	0	0	0	0.69314718	0.69314718	2	2	-0
ykHy	Astronomical	INSUFFICIENT_TOKEN_SUPPORT	1	1	1	0.0011098779	0.125	0.25	1	0	0	0	1	0	0	0	NA	-0	NA	1	-0
ykHy	Cosmological	INSUFFICIENT_TOKEN_SUPPORT	1	1	1	0.00043649062	0.090909091	0.11111111	0	1	0	1	0	1	0	0	-0	NA	1	NA	-0
ykHy	Herbal	ELIGIBLE	19	16	16	0.0016206073	0.12403101	0.128	0.15789474	0.10526316	0.73684211	0.5288961	0.26315789	0.47368421	0	0	2.7725887	2.8332133	16	17	1.0565758
ykHy	Pharmaceutical	INSUFFICIENT_TOKEN_SUPPORT	1	1	1	0.0003805175	0.0625	0.083333333	0	0	1	0.80952381	0	1	0	0	-0	-0	1	1	-0
ykHy	Text	INSUFFICIENT_TOKEN_SUPPORT	1	1	1	0.00042034468	0.14285714	0.16666667	1	0	0	0	1	0	0	0	NA	-0	NA	1	-0
ykaN	Biological	INSUFFICIENT_TOKEN_SUPPORT	2	2	2	0.00031152648	0.10526316	0.10526316	0	0.5	0.5	0.625	0.5	0.5	0	0	0.69314718	-0	2	1	0.69314718
ykaN	Cosmological	INSUFFICIENT_LEAF_SUPPORT	5	1	1	0.0021824531	0.090909091	0.11111111	0.2	0.2	0.6	0.56	0.2	0.4	0.2	0.2	1.3862944	1.3862944	4	4	1.0549202
ykaN	Herbal	ELIGIBLE	16	15	15	0.0013647219	0.11627907	0.12	0.25	0.0625	0.6875	0.39776109	0.375	0.25	0	0	2.3693821	2.6156306	10.690785	13.675837	1.0821955
ykaN	Stars	ELIGIBLE	11	8	8	0.00094001025	0.32	0.32	0.27272727	0	0.72727273	0.46618457	0.36363636	0.36363636	0	0	2.0794415	2.3978953	8	11	1.0900597
ykaN	Text	ELIGIBLE	12	3	2	0.0050441362	0.42857143	0.33333333	0.25	0	0.75	0.34572811	0.41666667	0.16666667	0	0	2.0431919	2.2538576	7.7151958	9.5244063	1.0281839
ykar	Astronomical	INSUFFICIENT_TOKEN_SUPPORT	1	1	1	0.0011098779	0.125	0.25	1	0	0	0	1	0	0	0	NA	-0	NA	1	-0
ykar	Biological	INSUFFICIENT_TOKEN_SUPPORT	1	1	1	0.00015576324	0.052631579	0.052631579	0	0	1	0.53846154	0	0	0	0	-0	-0	1	1	-0
ykar	Cosmological	INSUFFICIENT_TOKEN_SUPPORT	3	2	2	0.0013094718	0.18181818	0.22222222	0	0	1	0.53859649	0.33333333	0.66666667	0	0	0.63651417	1.0986123	1.8898816	3	0.63651417
ykar	Herbal	ELIGIBLE	16	14	14	0.0013647219	0.10852713	0.112	0.1875	0.0625	0.75	0.59934839	0.3125	0.6875	0	0	2.4583113	2.6156306	11.685063	13.675837	0.62108637
ykar	Pharmaceutical	INSUFFICIENT_TOKEN_SUPPORT	1	1	1	0.0003805175	0.0625	0.083333333	1	0	0	0	1	0	0	0	NA	-0	NA	1	-0
ykar	Stars	ELIGIBLE	6	6	6	0.00051273287	0.24	0.24	0	0	1	0.6337963	0	0.33333333	0	0	1.7917595	1.7917595	6	6	0.63651417
ykar	Text	ELIGIBLE	8	3	2	0.0033627575	0.42857143	0.33333333	0.25	0	0.75	0.47113095	0.375	0.375	0	0	1.7917595	1.6674619	6	5.2987023	1.0821955
ykedy	Biological	ELIGIBLE	7	6	6	0.0010903427	0.31578947	0.31578947	0.28571429	0.14285714	0.57142857	0.30323129	0.71428571	0.28571429	0	0	1.6094379	1.7917595	5	6	0.59826959
ykedy	Cosmological	INSUFFICIENT_TOKEN_SUPPORT	2	1	1	0.00087298123	0.090909091	0.11111111	0.5	0.5	0	0.13235294	1	0	0	0	-0	-0	1	1	-0
ykedy	Herbal	ELIGIBLE	9	8	8	0.00076765609	0.062015504	0.064	0	0	1	0.57006635	0.11111111	0.33333333	0	0	2.1972246	2.1972246	9	9	0.93688831
ykedy	Stars	INSUFFICIENT_TOKEN_SUPPORT	3	3	3	0.00025636643	0.12	0.12	0	0	1	0.61585082	0	0.33333333	0	0	1.0986123	1.0986123	3	3	0.63651417
ykedy	Text	INSUFFICIENT_TOKEN_SUPPORT	1	1	1	0.00042034468	0.14285714	0.16666667	0	1	0	1	0	1	0	0	-0	NA	1	NA	-0
ytEdy	Biological	INSUFFICIENT_TOKEN_SUPPORT	3	3	3	0.00046728972	0.15789474	0.15789474	0.66666667	0.33333333	0	0.33333333	0.66666667	0.33333333	0	0	-0	0.69314718	1	2	0.63651417
ytEdy	Cosmological	INSUFFICIENT_TOKEN_SUPPORT	1	1	1	0.00043649062	0.090909091	0.11111111	1	0	0	0	1	0	0	0	NA	-0	NA	1	-0
ytEdy	Herbal	ELIGIBLE	9	8	8	0.00076765609	0.062015504	0.064	0.11111111	0.11111111	0.77777778	0.42956611	0.44444444	0.11111111	0	0	2.0794415	2.0794415	8	8	0.96496292
ytEdy	Stars	ELIGIBLE	12	10	10	0.0010254657	0.4	0.4	0.25	0	0.75	0.33746693	0.66666667	0.33333333	0	0	2.1972246	2.4849066	9	12	0.63651417
ytEdy	Text	INSUFFICIENT_TOKEN_SUPPORT	2	1	1	0.00084068937	0.14285714	0.16666667	0.5	0	0.5	0.25	0.5	0	0	0	-0	0.69314718	1	2	0.69314718
ytEdy	Zodiac	INSUFFICIENT_TOKEN_SUPPORT	2	2	2	0.0014981273	0.16666667	0.28571429	0.5	0.5	0	0.44117647	0.5	0.5	0	0	-0	-0	1	1	0.69314718
ytEy	Astronomical	INSUFFICIENT_TOKEN_SUPPORT	1	1	1	0.0011098779	0.125	0.25	0	0	1	0.36666667	0	0	0	0	-0	-0	1	1	-0
ytEy	Biological	INSUFFICIENT_TOKEN_SUPPORT	3	3	3	0.00046728972	0.15789474	0.15789474	0	0	1	0.41035354	0.33333333	0	0	0	1.0986123	1.0986123	3	3	0.63651417
ytEy	Cosmological	ELIGIBLE	8	3	2	0.0034919249	0.27272727	0.22222222	0	0	1	0.5234975	0.375	0.5	0	0	2.0794415	2.0794415	8	8	0.97431475
ytEy	Herbal	ELIGIBLE	9	9	9	0.00076765609	0.069767442	0.072	0.44444444	0	0.55555556	0.28765432	0.66666667	0.22222222	0	0	1.6094379	2.1972246	5	9	0.84868556
ytEy	Pharmaceutical	INSUFFICIENT_TOKEN_SUPPORT	1	1	1	0.0003805175	0.0625	0.083333333	0	0	1	0.77777778	0	1	0	0	-0	-0	1	1	-0
ytEy	Stars	ELIGIBLE	6	4	4	0.00051273287	0.16	0.16	0.33333333	0	0.66666667	0.32552448	0.5	0	0	0.16666667	1.3862944	1.7917595	4	6	0.69314718
ytEy	Text	INSUFFICIENT_TOKEN_SUPPORT	2	1	1	0.00084068937	0.14285714	0.16666667	0	0	1	0.6	0	0.5	0	0	0.69314718	0.69314718	2	2	0.69314718
ytEy	Zodiac	INSUFFICIENT_TOKEN_SUPPORT	1	1	1	0.00074906367	0.083333333	0.14285714	0	0	1	0.84848485	0	1	0	0	-0	-0	1	1	-0
ytaN	Biological	INSUFFICIENT_TOKEN_SUPPORT	2	2	2	0.00031152648	0.10526316	0.10526316	0.5	0	0.5	0.3	0.5	0	0	0	-0	0.69314718	1	2	0.69314718
ytaN	Cosmological	INSUFFICIENT_LEAF_SUPPORT	5	1	1	0.0021824531	0.090909091	0.11111111	0	0	1	0.3547619	0.6	0.2	0.4	0.4	1.332179	1.332179	3.7892914	3.7892914	0.95027054
ytaN	Herbal	ELIGIBLE	14	13	13	0.0011941317	0.10077519	0.104	0	0.28571429	0.71428571	0.6732014	0.28571429	0.64285714	0	0	2.5400363	2.3025851	12.680131	10	0.83047171
ytaN	Stars	ELIGIBLE	8	6	6	0.00068364382	0.24	0.24	0.375	0	0.625	0.38674242	0.5	0.375	0	0	1.6094379	2.0794415	5	8	0.97431475
ytaN	Text	INSUFFICIENT_LEAF_SUPPORT	10	2	1	0.0042034468	0.28571429	0.16666667	0.1	0.2	0.7	0.51444444	0.3	0.3	0	0.1	2.1972246	2.0794415	9	8	1.0889
ytar	Biological	INSUFFICIENT_TOKEN_SUPPORT	1	1	1	0.00015576324	0.052631579	0.052631579	0	0	1	0.75	0	1	0	0	-0	-0	1	1	-0
ytar	Cosmological	INSUFFICIENT_TOKEN_SUPPORT	3	3	2	0.0013094718	0.27272727	0.22222222	0.33333333	0	0.66666667	0.24693627	0.66666667	0	0	0	0.69314718	1.0986123	2	3	0.63651417
ytar	Herbal	INSUFFICIENT_TOKEN_SUPPORT	4	4	4	0.00034118048	0.031007752	0.032	0.5	0	0.5	0.30555556	0.5	0.25	0	0	0.69314718	1.3862944	2	4	1.0397208
ytar	Stars	ELIGIBLE	10	7	7	0.00085455478	0.28	0.28	0.3	0.1	0.6	0.47042929	0.4	0.4	0	0	1.9459101	2.1972246	7	9	1.0549202
ytar	Text	ELIGIBLE	6	3	2	0.0025220681	0.42857143	0.33333333	0	0	1	0.53518519	0	0.33333333	0	0.16666667	1.7917595	1.7917595	6	6	0.63651417
ytedy	Biological	ELIGIBLE	8	5	5	0.0012461059	0.26315789	0.26315789	0.25	0.25	0.5	0.38636364	0.5	0.25	0.125	0.125	1.7917595	1.7917595	6	6	1.0397208
ytedy	Herbal	ELIGIBLE	13	9	9	0.0011088366	0.069767442	0.072	0.076923077	0	0.92307692	0.42592792	0.38461538	0.30769231	0	0	2.2102536	2.5649494	9.1180282	13	1.0928306
ytedy	Stars	INSUFFICIENT_TOKEN_SUPPORT	1	1	1	8.5455478e-05	0.04	0.04	0	0	1	0.9	0	1	0	0	-0	-0	1	1	-0
ytedy	Text	INSUFFICIENT_TOKEN_SUPPORT	2	1	1	0.00084068937	0.14285714	0.16666667	0	0	1	0.67222222	0	0.5	0	0	0.69314718	0.69314718	2	2	0.69314718
yty	Biological	INSUFFICIENT_TOKEN_SUPPORT	1	1	1	0.00015576324	0.052631579	0.052631579	0	1	0	1	0	1	0	0	-0	NA	1	NA	-0
yty	Cosmological	INSUFFICIENT_TOKEN_SUPPORT	3	3	3	0.0013094718	0.27272727	0.33333333	0	0	1	0.5115304	0	0.33333333	0	0	1.0986123	1.0986123	3	3	0.63651417
yty	Herbal	ELIGIBLE	15	12	12	0.0012794268	0.093023256	0.096	0.13333333	0.13333333	0.73333333	0.5696337	0.2	0.4	0.066666667	0.13333333	2.5649494	2.3516733	13	10.50313	1.0549202
yty	Pharmaceutical	INSUFFICIENT_TOKEN_SUPPORT	1	1	1	0.0003805175	0.0625	0.083333333	0	0	1	0.44444444	0	0	0	0	-0	-0	1	1	-0
yty	Stars	INSUFFICIENT_TOKEN_SUPPORT	1	1	1	8.5455478e-05	0.04	0.04	0	0	1	0.63636364	0	0	0	0	-0	-0	1	1	-0
yty	Text	INSUFFICIENT_TOKEN_SUPPORT	1	1	1	0.00042034468	0.14285714	0.16666667	0	0	1	0.54545455	0	0	0	0	-0	-0	1	1	-0
yty	Zodiac	INSUFFICIENT_TOKEN_SUPPORT	1	1	1	0.00074906367	0.083333333	0.14285714	0	1	0	1	0	1	0	0	-0	NA	1	NA	-0
