source	target	sign	permutations	empirical_p	fdr_q	max_block_observation_fraction	max_block_effect_weight_fraction	status
x000104	x021784	preferred	1000	1	1	0	0.5293257949	INSUFFICIENT_SUPPORT
x000104	x021790	preferred	1000	1	1	0	0.9904099707	INSUFFICIENT_SUPPORT
x000104	x022523	preferred	1000	1	1	0	0.5293257949	INSUFFICIENT_SUPPORT
x000104	x022526	preferred	1000	1	1	0	0.5293257949	INSUFFICIENT_SUPPORT
x000104	x022527	preferred	1000	1	1	0	0.8978898377	INSUFFICIENT_SUPPORT
x000104	x034244	preferred	1000	1	1	0	0.5293257949	INSUFFICIENT_SUPPORT
x000104	x034246	preferred	1000	1	1	0	0.5293257949	INSUFFICIENT_SUPPORT
x000104	x038441	preferred	1000	1	1	0	0.5293257949	INSUFFICIENT_SUPPORT
x000104	x040633	preferred	1000	1	1	0	0.5293257949	INSUFFICIENT_SUPPORT
x000104	x040639	preferred	1000	1	1	0	0.8978898377	INSUFFICIENT_SUPPORT
x000105	x021784	preferred	1000	1	1	0	0.2886056776	EXPECTED_FROM_NULL
x000105	x021790	preferred	1000	1	1	1	0.2806409691	EXPECTED_FROM_NULL
x000105	x022521	preferred	1000	1	1	0	0.3724627315	EXPECTED_FROM_NULL
x000105	x022524	preferred	1000	1	1	0	0.315848485	EXPECTED_FROM_NULL
x000105	x039086	preferred	1000	1	1	0	0.2806409691	EXPECTED_FROM_NULL
x000105	x040636	preferred	1000	1	1	0	0.2806409691	EXPECTED_FROM_NULL
x000106	x021785	preferred	1000	1	1	0	0.5186016973	INSUFFICIENT_SUPPORT
x000106	x021790	preferred	1000	1	1	0	0.9525416497	INSUFFICIENT_SUPPORT
x000106	x022521	preferred	1000	1	1	0	0.5186016973	INSUFFICIENT_SUPPORT
x000106	x022525	preferred	1000	1	1	0	0.5186016973	INSUFFICIENT_SUPPORT
x000106	x025549	preferred	1000	1	1	0	0.5186016973	INSUFFICIENT_SUPPORT
x000106	x034244	preferred	1000	1	1	0	0.5186016973	INSUFFICIENT_SUPPORT
x000106	x040632	preferred	1000	1	1	0	0.5186016973	INSUFFICIENT_SUPPORT
x000106	x040633	preferred	1000	1	1	0	0.5186016973	INSUFFICIENT_SUPPORT
x000106	x040639	preferred	1000	0.02397602398	1	1	0.6107746509	INSUFFICIENT_SUPPORT
x000107	x016455	preferred	1000	0.02997002997	0.2631913541	1	0.1865232386	EXPECTED_FROM_NULL
x000107	x021784	preferred	1000	1	1	0	0.1816763072	EXPECTED_FROM_NULL
x000107	x021785	preferred	1000	1	1	1	0.185096379	EXPECTED_FROM_NULL
x000107	x021786	preferred	1000	0.03296703297	0.2631913541	1	0.2217811054	EXPECTED_FROM_NULL
x000107	x021790	preferred	1000	1	1	0	0.1609379686	EXPECTED_FROM_NULL
x000107	x022521	preferred	1000	1	1	0	0.2158181955	EXPECTED_FROM_NULL
x000107	x022523	preferred	1000	0.03196803197	0.2631913541	1	0.2644650667	EXPECTED_FROM_NULL
x000107	x022524	preferred	1000	1	1	0	0.2155856913	EXPECTED_FROM_NULL
x000107	x022526	preferred	1000	0.01098901099	0.2517482517	1	0.1821215418	EXPECTED_FROM_NULL
x000107	x022527	preferred	1000	1	1	0	0.2537464775	EXPECTED_FROM_NULL
x000107	x034240	preferred	1000	0.01198801199	0.2517482517	1	0.1609379686	EXPECTED_FROM_NULL
x000107	x034245	preferred	1000	1	1	0	0.2734752147	EXPECTED_FROM_NULL
x000107	x034246	preferred	1000	1	1	0	0.1609379686	EXPECTED_FROM_NULL
x000107	x038441	preferred	1000	1	1	0	0.16264979	EXPECTED_FROM_NULL
x000107	x040632	preferred	1000	1	1	0	0.1822874397	EXPECTED_FROM_NULL
x000107	x040637	preferred	1000	0.01398601399	0.2517482517	1	0.1822874397	EXPECTED_FROM_NULL
x000107	x040638	preferred	1000	0.02297702298	0.2517482517	1	0.1865232386	EXPECTED_FROM_NULL
x000108	x001431	preferred	1000	1	1	0	0.3107921774	EXPECTED_FROM_NULL
x000108	x016452	preferred	1000	1	1	0	0.2566263779	EXPECTED_FROM_NULL
x000108	x016455	preferred	1000	1	1	0	0.2566263779	EXPECTED_FROM_NULL
x000108	x021784	preferred	1000	1	1	0	0.3378163039	EXPECTED_FROM_NULL
x000108	x022523	preferred	1000	1	1	0	0.2566263779	EXPECTED_FROM_NULL
x000108	x022525	preferred	1000	1	1	0	0.3301567327	EXPECTED_FROM_NULL
x000108	x034245	preferred	1000	1	1	0	0.2566263779	EXPECTED_FROM_NULL
x000108	x034246	preferred	1000	1	1	1	0.2915043224	EXPECTED_FROM_NULL
x000108	x040634	preferred	1000	1	1	0	0.2566263779	EXPECTED_FROM_NULL
x000108	x040635	preferred	1000	1	1	0	0.2566263779	EXPECTED_FROM_NULL
x000108	x040636	preferred	1000	1	1	0	0.2566263779	EXPECTED_FROM_NULL
x000108	x040637	preferred	1000	1	1	0	0.3420723845	EXPECTED_FROM_NULL
x000109	x016455	preferred	1000	1	1	0	0.2518933232	EXPECTED_FROM_NULL
x000109	x021784	preferred	1000	1	1	0	0.2830292167	EXPECTED_FROM_NULL
x000109	x021785	preferred	1000	1	1	1	0.2068742276	EXPECTED_FROM_NULL
x000109	x021786	preferred	1000	0.01098901099	0.2517482517	1	0.2518933232	EXPECTED_FROM_NULL
x000109	x021790	preferred	1000	1	1	0	0.2518933232	EXPECTED_FROM_NULL
x000109	x022520	preferred	1000	1	1	1	0.2756186573	EXPECTED_FROM_NULL
x000109	x022525	preferred	1000	1	1	0	0.2518933232	EXPECTED_FROM_NULL
x000109	x034244	preferred	1000	1	1	0	0.2068742276	EXPECTED_FROM_NULL
x000109	x034246	preferred	1000	0.01198801199	0.2517482517	1	0.31663474	EXPECTED_FROM_NULL
x000109	x040636	preferred	1000	1	1	0	0.2518933232	EXPECTED_FROM_NULL
x000109	x040638	preferred	1000	1	1	0	0.2477300254	EXPECTED_FROM_NULL
x000110	x016455	preferred	1000	1	1	0	0.1796756595	EXPECTED_FROM_NULL
x000110	x021784	preferred	1000	1	1	0	0.1546396425	EXPECTED_FROM_NULL
x000110	x021785	preferred	1000	1	1	0	0.1648124508	EXPECTED_FROM_NULL
x000110	x022520	preferred	1000	1	1	0	0.17261225	EXPECTED_FROM_NULL
x000110	x022522	preferred	1000	1	1	0	0.2653693328	EXPECTED_FROM_NULL
x000110	x034244	preferred	1000	1	1	0	0.1796756595	EXPECTED_FROM_NULL
x000110	x038441	preferred	1000	1	1	0	0.1796756595	EXPECTED_FROM_NULL
x000110	x040639	preferred	1000	1	1	0	0.2099380552	EXPECTED_FROM_NULL
x000110	x041940	preferred	1000	1	1	0	0.1796756595	EXPECTED_FROM_NULL
x000111	x021784	preferred	1000	1	1	0	0.3484450462	EXPECTED_FROM_NULL
x000111	x021785	preferred	1000	1	1	0	0.3484450462	EXPECTED_FROM_NULL
x000111	x021786	preferred	1000	1	1	0	0.3484450462	EXPECTED_FROM_NULL
x000111	x021975	preferred	1000	1	1	0	0.3484450462	EXPECTED_FROM_NULL
x000111	x022520	preferred	1000	0.01198801199	0.2517482517	1	0.5655239623	EXPECTED_FROM_NULL
x000111	x022522	preferred	1000	1	1	0	0.4949461861	EXPECTED_FROM_NULL
x000111	x022523	preferred	1000	1	1	0	0.3484450462	EXPECTED_FROM_NULL
x000111	x022524	preferred	1000	1	1	0	0.5042494537	EXPECTED_FROM_NULL
x000111	x022525	preferred	1000	1	1	1	0.6317129755	EXPECTED_FROM_NULL
x000111	x022526	preferred	1000	1	1	0	0.6734427147	EXPECTED_FROM_NULL
x000111	x025546	preferred	1000	1	1	0	0.7655161434	EXPECTED_FROM_NULL
x000111	x040632	preferred	1000	1	1	0	0.3484450462	EXPECTED_FROM_NULL
x000111	x040634	preferred	1000	1	1	0	0.3484450462	EXPECTED_FROM_NULL
x000111	x040637	preferred	1000	1	1	0	0.9120776659	EXPECTED_FROM_NULL
x000111	x040639	preferred	1000	1	1	0	0.5042494537	EXPECTED_FROM_NULL
x000160	x017839	preferred	1000	0.000999000999	1	0	0	INSUFFICIENT_SUPPORT
x000160	x018874	preferred	1000	0.000999000999	1	0	0	INSUFFICIENT_SUPPORT
x000160	x018876	preferred	1000	0.000999000999	1	0	0	INSUFFICIENT_SUPPORT
x000160	x020018	preferred	1000	0.000999000999	1	0	0	INSUFFICIENT_SUPPORT
x000160	x037856	preferred	1000	0.000999000999	1	0	0	INSUFFICIENT_SUPPORT
x000160	x037860	preferred	1000	0.000999000999	1	0	0	INSUFFICIENT_SUPPORT
x000160	x037862	preferred	1000	0.000999000999	1	0	0	INSUFFICIENT_SUPPORT
x000160	x037901	preferred	1000	0.000999000999	1	0	0	INSUFFICIENT_SUPPORT
x000160	x038105	preferred	1000	0.000999000999	1	0	0	INSUFFICIENT_SUPPORT
x000160	x041584	preferred	1000	0.000999000999	1	0	0	INSUFFICIENT_SUPPORT
x000161	x000105	preferred	1000	0.000999000999	1	0	0	INSUFFICIENT_SUPPORT
x000161	x017676	preferred	1000	0.000999000999	1	0	0	INSUFFICIENT_SUPPORT
x000161	x017836	preferred	1000	0.000999000999	1	0	0	INSUFFICIENT_SUPPORT
x000161	x017838	preferred	1000	0.000999000999	1	0	0	INSUFFICIENT_SUPPORT
x000161	x017894	preferred	1000	0.000999000999	1	0	0	INSUFFICIENT_SUPPORT
x000161	x020019	preferred	1000	0.000999000999	1	0	0	INSUFFICIENT_SUPPORT
x000161	x024076	preferred	1000	0.000999000999	1	0	0	INSUFFICIENT_SUPPORT
x000161	x024241	preferred	1000	0.000999000999	1	0	0	INSUFFICIENT_SUPPORT
x000161	x038107	preferred	1000	0.000999000999	1	0	0	INSUFFICIENT_SUPPORT
x000163	x017833	preferred	1000	0.000999000999	1	0	0	INSUFFICIENT_SUPPORT
x000163	x017890	preferred	1000	0.000999000999	1	0	0	INSUFFICIENT_SUPPORT
x000163	x018879	preferred	1000	0.000999000999	1	0	0	INSUFFICIENT_SUPPORT
x000163	x020016	preferred	1000	0.000999000999	1	0	0	INSUFFICIENT_SUPPORT
x000163	x020018	preferred	1000	0.000999000999	1	0	0	INSUFFICIENT_SUPPORT
x000163	x037856	preferred	1000	0.000999000999	1	0	0	INSUFFICIENT_SUPPORT
x000163	x037858	preferred	1000	0.000999000999	1	0	0	INSUFFICIENT_SUPPORT
x000163	x038105	preferred	1000	0.000999000999	1	0	0	INSUFFICIENT_SUPPORT
x000163	x038542	preferred	1000	0.000999000999	1	0	0	INSUFFICIENT_SUPPORT
x000164	x002106	preferred	1000	0.000999000999	1	0	0	INSUFFICIENT_SUPPORT
x000164	x014824	preferred	1000	0.000999000999	1	0	0	INSUFFICIENT_SUPPORT
x000164	x020018	preferred	1000	0.000999000999	1	0	0	INSUFFICIENT_SUPPORT
x000164	x020019	preferred	1000	0.000999000999	1	0	0	INSUFFICIENT_SUPPORT
x000164	x020021	preferred	1000	0.000999000999	1	0	0	INSUFFICIENT_SUPPORT
x000164	x020022	preferred	1000	0.000999000999	1	0	0	INSUFFICIENT_SUPPORT
x000164	x020023	preferred	1000	0.000999000999	1	0	0	INSUFFICIENT_SUPPORT
x000164	x037959	preferred	1000	0.000999000999	1	0	0	INSUFFICIENT_SUPPORT
x000164	x041584	preferred	1000	0.000999000999	1	0	0	INSUFFICIENT_SUPPORT
x000166	x002104	preferred	1000	0.000999000999	1	0	0	INSUFFICIENT_SUPPORT
x000166	x018873	preferred	1000	0.000999000999	1	0	0	INSUFFICIENT_SUPPORT
x000166	x020016	preferred	1000	0.000999000999	1	0	0	INSUFFICIENT_SUPPORT
x000166	x020020	preferred	1000	0.000999000999	1	0	0	INSUFFICIENT_SUPPORT
x000166	x023368	preferred	1000	0.000999000999	1	0	0	INSUFFICIENT_SUPPORT
x000166	x038106	preferred	1000	0.000999000999	1	0	0	INSUFFICIENT_SUPPORT
x001088	x018499	preferred	1000	0.000999000999	1	0	0	INSUFFICIENT_SUPPORT
x001088	x018877	preferred	1000	0.000999000999	1	0	0	INSUFFICIENT_SUPPORT
x001088	x020017	preferred	1000	0.000999000999	1	0	0	INSUFFICIENT_SUPPORT
x001088	x020018	preferred	1000	0.000999000999	1	0	0	INSUFFICIENT_SUPPORT
x001088	x025528	preferred	1000	0.000999000999	1	0	0	INSUFFICIENT_SUPPORT
x001088	x025890	preferred	1000	0.000999000999	1	0	0	INSUFFICIENT_SUPPORT
x001088	x031706	preferred	1000	0.000999000999	1	0	0	INSUFFICIENT_SUPPORT
x001088	x033101	preferred	1000	0.000999000999	1	0	0	INSUFFICIENT_SUPPORT
x001088	x037849	preferred	1000	0.000999000999	1	0	0	INSUFFICIENT_SUPPORT
x001088	x037853	preferred	1000	0.000999000999	1	0	0	INSUFFICIENT_SUPPORT
x001088	x037856	preferred	1000	0.000999000999	1	0	0	INSUFFICIENT_SUPPORT
x001088	x037857	preferred	1000	0.000999000999	1	0	0	INSUFFICIENT_SUPPORT
x001088	x037859	preferred	1000	0.000999000999	1	0	0	INSUFFICIENT_SUPPORT
x001088	x040639	preferred	1000	0.000999000999	1	0	0	INSUFFICIENT_SUPPORT
x001088	x041119	preferred	1000	0.000999000999	1	0	0	INSUFFICIENT_SUPPORT
x001088	x041261	preferred	1000	0.000999000999	1	0	0	INSUFFICIENT_SUPPORT
x001089	x000160	preferred	1000	0.000999000999	1	0	0	INSUFFICIENT_SUPPORT
x001089	x017408	preferred	1000	0.000999000999	1	0	0	INSUFFICIENT_SUPPORT
x001089	x017891	preferred	1000	0.000999000999	1	0	0	INSUFFICIENT_SUPPORT
x001089	x018498	preferred	1000	0.000999000999	1	0	0	INSUFFICIENT_SUPPORT
x001089	x022381	preferred	1000	0.000999000999	1	0	0	INSUFFICIENT_SUPPORT
x001089	x037856	preferred	1000	0.000999000999	1	0	0	INSUFFICIENT_SUPPORT
x001089	x037857	preferred	1000	0.000999000999	1	0	0	INSUFFICIENT_SUPPORT
x001089	x041940	preferred	1000	0.000999000999	1	0	0	INSUFFICIENT_SUPPORT
x001089	x042804	preferred	1000	0.000999000999	1	0	0	INSUFFICIENT_SUPPORT
x001089	x042805	preferred	1000	0.000999000999	1	0	0	INSUFFICIENT_SUPPORT
x001090	x000163	preferred	1000	0.000999000999	1	0	0	INSUFFICIENT_SUPPORT
x001090	x000164	preferred	1000	0.000999000999	1	0	0	INSUFFICIENT_SUPPORT
x001090	x007100	preferred	1000	0.000999000999	1	0	0	INSUFFICIENT_SUPPORT
x001090	x018497	preferred	1000	0.000999000999	1	0	0	INSUFFICIENT_SUPPORT
x001090	x024246	preferred	1000	0.000999000999	1	0	0	INSUFFICIENT_SUPPORT
x001090	x025789	preferred	1000	0.000999000999	1	0	0	INSUFFICIENT_SUPPORT
x001090	x037855	preferred	1000	0.000999000999	1	0	0	INSUFFICIENT_SUPPORT
x001090	x037861	preferred	1000	0.000999000999	1	0	0	INSUFFICIENT_SUPPORT
x001090	x037863	preferred	1000	0.000999000999	1	0	0	INSUFFICIENT_SUPPORT
x001090	x038106	preferred	1000	0.000999000999	1	0	0	INSUFFICIENT_SUPPORT
x001090	x041256	preferred	1000	0.000999000999	1	0	0	INSUFFICIENT_SUPPORT
x001091	x001889	preferred	1000	0.000999000999	1	0	0	INSUFFICIENT_SUPPORT
x001091	x005075	preferred	1000	0.000999000999	1	0	0	INSUFFICIENT_SUPPORT
x001091	x018499	preferred	1000	0.000999000999	1	0	0	INSUFFICIENT_SUPPORT
x001091	x020633	preferred	1000	0.000999000999	1	0	0	INSUFFICIENT_SUPPORT
x001091	x024740	preferred	1000	0.000999000999	1	0	0	INSUFFICIENT_SUPPORT
x001091	x025785	preferred	1000	0.000999000999	1	0	0	INSUFFICIENT_SUPPORT
x001091	x037858	preferred	1000	0.000999000999	1	0	0	INSUFFICIENT_SUPPORT
x001091	x037863	preferred	1000	0.000999000999	1	0	0	INSUFFICIENT_SUPPORT
x001091	x038106	preferred	1000	0.000999000999	1	0	0	INSUFFICIENT_SUPPORT
x001091	x040636	preferred	1000	0.000999000999	1	0	0	INSUFFICIENT_SUPPORT
x001092	x000166	preferred	1000	0.000999000999	1	0	0	INSUFFICIENT_SUPPORT
x001092	x001394	preferred	1000	0.000999000999	1	0	0	INSUFFICIENT_SUPPORT
x001092	x017379	preferred	1000	0.000999000999	1	0	0	INSUFFICIENT_SUPPORT
x001092	x017892	preferred	1000	0.000999000999	1	0	0	INSUFFICIENT_SUPPORT
x001092	x017893	preferred	1000	0.000999000999	1	0	0	INSUFFICIENT_SUPPORT
x001092	x017894	preferred	1000	0.000999000999	1	0	0	INSUFFICIENT_SUPPORT
x001092	x018500	preferred	1000	0.000999000999	1	0	0	INSUFFICIENT_SUPPORT
x001092	x019941	preferred	1000	0.000999000999	1	0	0	INSUFFICIENT_SUPPORT
x001092	x024242	preferred	1000	0.000999000999	1	0	0	INSUFFICIENT_SUPPORT
x001092	x034500	preferred	1000	0.000999000999	1	0	0	INSUFFICIENT_SUPPORT
x001092	x037853	preferred	1000	0.000999000999	1	0	0	INSUFFICIENT_SUPPORT
x001092	x037854	preferred	1000	0.000999000999	1	0	0	INSUFFICIENT_SUPPORT
x001092	x037858	preferred	1000	0.000999000999	1	0	0	INSUFFICIENT_SUPPORT
x001092	x037859	preferred	1000	0.000999000999	1	0	0	INSUFFICIENT_SUPPORT
x001092	x037860	preferred	1000	0.000999000999	1	0	0	INSUFFICIENT_SUPPORT
x001092	x037862	preferred	1000	0.000999000999	1	0	0	INSUFFICIENT_SUPPORT
x001092	x038107	preferred	1000	0.000999000999	1	0	0	INSUFFICIENT_SUPPORT
x001092	x038111	preferred	1000	0.000999000999	1	0	0	INSUFFICIENT_SUPPORT
x001092	x040222	preferred	1000	0.000999000999	1	0	0	INSUFFICIENT_SUPPORT
x001092	x040634	preferred	1000	0.000999000999	1	0	0	INSUFFICIENT_SUPPORT
x001093	x037860	preferred	1000	0.000999000999	1	0	0	INSUFFICIENT_SUPPORT
x001093	x038106	preferred	1000	0.000999000999	1	0	0	INSUFFICIENT_SUPPORT
x001093	x038107	preferred	1000	0.000999000999	1	0	0	INSUFFICIENT_SUPPORT
x001093	x038110	preferred	1000	0.000999000999	1	0	0	INSUFFICIENT_SUPPORT
x001093	x041113	preferred	1000	0.000999000999	1	0	0	INSUFFICIENT_SUPPORT
x001094	x017895	preferred	1000	0.000999000999	1	0	0	INSUFFICIENT_SUPPORT
x001094	x024740	preferred	1000	0.000999000999	1	0	0	INSUFFICIENT_SUPPORT
x001094	x025786	preferred	1000	0.000999000999	1	0	0	INSUFFICIENT_SUPPORT
x001094	x025891	preferred	1000	0.000999000999	1	0	0	INSUFFICIENT_SUPPORT
x001094	x037860	preferred	1000	0.000999000999	1	0	0	INSUFFICIENT_SUPPORT
x001094	x038104	preferred	1000	0.000999000999	1	0	0	INSUFFICIENT_SUPPORT
x001095	x000166	preferred	1000	0.000999000999	1	0	0	INSUFFICIENT_SUPPORT
x001095	x018499	preferred	1000	0.000999000999	1	0	0	INSUFFICIENT_SUPPORT
x001095	x025764	preferred	1000	0.000999000999	1	0	0	INSUFFICIENT_SUPPORT
x001095	x025892	preferred	1000	0.000999000999	1	0	0	INSUFFICIENT_SUPPORT
x001095	x037857	preferred	1000	0.000999000999	1	0	0	INSUFFICIENT_SUPPORT
x001095	x037858	preferred	1000	0.000999000999	1	0	0	INSUFFICIENT_SUPPORT
x001095	x037859	preferred	1000	0.000999000999	1	0	0	INSUFFICIENT_SUPPORT
x001095	x037861	preferred	1000	0.000999000999	1	0	0	INSUFFICIENT_SUPPORT
x001095	x038104	preferred	1000	0.000999000999	1	0	0	INSUFFICIENT_SUPPORT
x001095	x040211	preferred	1000	0.000999000999	1	0	0	INSUFFICIENT_SUPPORT
x001397	x018502	preferred	1000	0.000999000999	1	0	0	INSUFFICIENT_SUPPORT
x001398	x000108	preferred	1000	0.000999000999	1	0	0	INSUFFICIENT_SUPPORT
x001399	x018499	preferred	1000	0.000999000999	1	0	0	INSUFFICIENT_SUPPORT
x001399	x018502	preferred	1000	0.000999000999	1	0	0	INSUFFICIENT_SUPPORT
x001424	x000104	depleted	1000	0.961038961	1	0	0.408979597	EXPECTED_FROM_NULL
x001424	x000105	preferred	1000	0.04095904096	0.2895104895	1	0.5384126407	EXPECTED_FROM_NULL
x001424	x000107	depleted	1000	0.996003996	1	1	0.4799669966	EXPECTED_FROM_NULL
x001424	x000108	depleted	1000	0.9410589411	1	0	0.4967017828	EXPECTED_FROM_NULL
x001424	x000109	depleted	1000	0.9350649351	1	0	0.3201741619	EXPECTED_FROM_NULL
x001424	x000111	depleted	1000	0.9000999001	1	0	0.3604857168	EXPECTED_FROM_NULL
x001424	x005110	preferred	1000	1	1	0	0.2748634848	EXPECTED_FROM_NULL
x001424	x016897	depleted	1000	0.9430569431	1	0	0.3837438821	EXPECTED_FROM_NULL
x001424	x017410	preferred	1000	1	1	1	0.3400844486	EXPECTED_FROM_NULL
x001424	x017412	depleted	1000	0.964035964	1	0	0.5953725842	EXPECTED_FROM_NULL
x001424	x017415	depleted	1000	0.9270729271	1	0	0.305466482	EXPECTED_FROM_NULL
x001424	x017674	preferred	1000	1	1	0	0.355460657	EXPECTED_FROM_NULL
x001424	x017889	preferred	1000	1	1	0	0.3822162377	EXPECTED_FROM_NULL
x001424	x017893	depleted	1000	0.958041958	1	0	0.4561883196	EXPECTED_FROM_NULL
x001424	x017995	preferred	1000	1	1	1	0.2774393349	EXPECTED_FROM_NULL
x001424	x018496	depleted	1000	0.8721278721	1	0	0.271640288	EXPECTED_FROM_NULL
x001424	x018497	depleted	1000	0.999000999	1	1	0.2460219466	EXPECTED_FROM_NULL
x001424	x018499	depleted	1000	0.999000999	1	1	0.3939937562	EXPECTED_FROM_NULL
x001424	x018500	depleted	1000	0.8921078921	1	0	0.2970752218	EXPECTED_FROM_NULL
x001424	x018502	depleted	1000	0.977022977	1	0	0.3178313532	EXPECTED_FROM_NULL
x001424	x018503	depleted	1000	0.997002997	1	1	0.271050466	EXPECTED_FROM_NULL
x001424	x018562	preferred	1000	1	1	0	0.2257687788	EXPECTED_FROM_NULL
x001424	x018564	preferred	1000	1	1	0	0.2711819881	EXPECTED_FROM_NULL
x001424	x018875	depleted	1000	0.9450549451	1	0	0.3459774417	EXPECTED_FROM_NULL
x001424	x018879	depleted	1000	1	1	0	0.3254732755	EXPECTED_FROM_NULL
x001424	x020020	depleted	1000	0.982017982	1	0	0.713734833	EXPECTED_FROM_NULL
x001424	x024928	preferred	1000	1	1	0	0.3537713812	EXPECTED_FROM_NULL
x001424	x025394	depleted	1000	0.986013986	1	0	0.318631209	EXPECTED_FROM_NULL
x001424	x032447	preferred	1000	1	1	0	0.2257687788	EXPECTED_FROM_NULL
x001424	x034496	preferred	1000	0.01298701299	0.2517482517	1	0.2774393349	EXPECTED_FROM_NULL
x001424	x034499	preferred	1000	1	1	0	0.2257687788	EXPECTED_FROM_NULL
x001424	x037848	preferred	1000	1	1	0	0.4390399461	EXPECTED_FROM_NULL
x001424	x037855	depleted	1000	0.976023976	1	0	0.3471335065	EXPECTED_FROM_NULL
x001424	x037857	depleted	1000	0.8361638362	1	0	0.3731674269	EXPECTED_FROM_NULL
x001424	x037860	depleted	1000	0.8271728272	1	0	0.2408673927	EXPECTED_FROM_NULL
x001424	x037861	depleted	1000	0.8821178821	1	0	0.2731010382	EXPECTED_FROM_NULL
x001424	x037863	depleted	1000	0.7962037962	1	0	0.2856787596	EXPECTED_FROM_NULL
x001424	x037913	preferred	1000	0.01198801199	0.2517482517	1	0.2711819881	EXPECTED_FROM_NULL
x001424	x037957	preferred	1000	1	1	0	0.2687709124	EXPECTED_FROM_NULL
x001424	x037959	preferred	1000	1	1	0	0.2257687788	EXPECTED_FROM_NULL
x001424	x038105	preferred	1000	1	1	0	0.3644958715	EXPECTED_FROM_NULL
x001424	x038536	depleted	1000	0.983016983	1	0	0.3137452556	EXPECTED_FROM_NULL
x001424	x038538	depleted	1000	0.962037962	1	0	0.3611167406	EXPECTED_FROM_NULL
x001424	x038541	depleted	1000	1	1	1	0.4589256342	EXPECTED_FROM_NULL
x001424	x041114	depleted	1000	0.962037962	1	0	0.6922249322	EXPECTED_FROM_NULL
x001424	x041117	depleted	1000	0.9430569431	1	0	0.472573301	EXPECTED_FROM_NULL
x001424	x041258	preferred	1000	1	1	0	0.3644958715	EXPECTED_FROM_NULL
x001424	x041262	preferred	1000	1	1	0	0.4163110477	EXPECTED_FROM_NULL
x001424	x041263	depleted	1000	0.959040959	1	0	0.446548544	EXPECTED_FROM_NULL
x001424	x041658	preferred	1000	0.01498501499	0.2517482517	1	0.2774393349	EXPECTED_FROM_NULL
x001424	x042110	preferred	1000	1	1	0	0.3632474996	EXPECTED_FROM_NULL
x001424	x042822	preferred	1000	1	1	0	0.2802349613	EXPECTED_FROM_NULL
x001425	x000104	depleted	1000	0.995004995	1	1	0.2042761546	EXPECTED_FROM_NULL
x001425	x000107	depleted	1000	0.7912087912	1	0	0.2245819498	EXPECTED_FROM_NULL
x001425	x000108	depleted	1000	0.7852147852	1	1	0.1601557164	EXPECTED_FROM_NULL
x001425	x000110	depleted	1000	0.8971028971	1	1	0.2745561009	EXPECTED_FROM_NULL
x001425	x000111	depleted	1000	0.8331668332	1	0	0.2033312277	EXPECTED_FROM_NULL
x001425	x001090	preferred	1000	1	1	1	0.144640151	EXPECTED_FROM_NULL
x001425	x002110	preferred	1000	1	1	1	0.1728597001	EXPECTED_FROM_NULL
x001425	x014828	preferred	1000	0.04195804196	0.2895104895	1	0.2026174851	EXPECTED_FROM_NULL
x001425	x016901	preferred	1000	1	1	1	0.2857397985	EXPECTED_FROM_NULL
x001425	x017409	preferred	1000	0.02197802198	0.2517482517	1	0.1664897219	EXPECTED_FROM_NULL
x001425	x017413	preferred	1000	1	1	0	0.1932461045	EXPECTED_FROM_NULL
x001425	x017415	depleted	1000	0.9140859141	1	0	0.2180197349	EXPECTED_FROM_NULL
x001425	x017677	preferred	1000	1	1	1	0.1331193733	EXPECTED_FROM_NULL
x001425	x017888	preferred	1000	1	1	0	0.223882356	EXPECTED_FROM_NULL
x001425	x017889	preferred	1000	1	1	0	0.2296112187	EXPECTED_FROM_NULL
x001425	x017891	preferred	1000	1	1	0	0.1908326075	EXPECTED_FROM_NULL
x001425	x017892	preferred	1000	1	1	0	0.1194609436	EXPECTED_FROM_NULL
x001425	x018254	preferred	1000	1	1	0	0.1454648948	EXPECTED_FROM_NULL
x001425	x018496	depleted	1000	0.7762237762	1	1	0.1526002955	EXPECTED_FROM_NULL
x001425	x018498	preferred	1000	1	1	1	0.2223697911	EXPECTED_FROM_NULL
x001425	x018499	depleted	1000	0.8671328671	1	0	0.1735050036	EXPECTED_FROM_NULL
x001425	x018502	depleted	1000	0.9430569431	1	0	0.3002069892	EXPECTED_FROM_NULL
x001425	x018503	preferred	1000	1	1	0	0.2109724171	EXPECTED_FROM_NULL
x001425	x018562	preferred	1000	0.05594405594	0.3105859658	1	0.1503042352	EXPECTED_FROM_NULL
x001425	x018567	preferred	1000	1	1	1	0.159902395	EXPECTED_FROM_NULL
x001425	x018873	preferred	1000	0.05394605395	0.3077473707	1	0.2348527378	EXPECTED_FROM_NULL
x001425	x019939	preferred	1000	0.01198801199	0.2517482517	1	0.1768144597	EXPECTED_FROM_NULL
x001425	x020016	preferred	1000	1	1	0	0.2279799404	EXPECTED_FROM_NULL
x001425	x020017	preferred	1000	0.07792207792	0.3801652893	1	0.1757883119	EXPECTED_FROM_NULL
x001425	x024240	preferred	1000	1	1	0	0.2640279224	EXPECTED_FROM_NULL
x001425	x024242	preferred	1000	0.1288711289	0.5872146721	1	0.1989994228	EXPECTED_FROM_NULL
x001425	x024244	preferred	1000	1	1	0	0.1476970768	EXPECTED_FROM_NULL
x001425	x025531	preferred	1000	1	1	0	0.1971692105	EXPECTED_FROM_NULL
x001425	x025790	preferred	1000	1	1	1	0.1469510755	EXPECTED_FROM_NULL
x001425	x032444	preferred	1000	1	1	0	0.126644595	EXPECTED_FROM_NULL
x001425	x033414	preferred	1000	1	1	0	0.1695900735	EXPECTED_FROM_NULL
x001425	x034498	preferred	1000	1	1	1	0.1250556025	EXPECTED_FROM_NULL
x001425	x034499	preferred	1000	0.03296703297	0.2631913541	1	0.1503042352	EXPECTED_FROM_NULL
x001425	x034503	preferred	1000	1	1	0	0.1616972826	EXPECTED_FROM_NULL
x001425	x037848	preferred	1000	0.01198801199	0.2517482517	1	0.179130688	EXPECTED_FROM_NULL
x001425	x037852	preferred	1000	1	1	0	0.1749241762	EXPECTED_FROM_NULL
x001425	x037856	depleted	1000	0.8231768232	1	1	0.1971829461	EXPECTED_FROM_NULL
x001425	x037859	depleted	1000	0.8051948052	1	0	0.1858307163	EXPECTED_FROM_NULL
x001425	x037860	depleted	1000	0.6543456543	1	1	0.1657885564	EXPECTED_FROM_NULL
x001425	x037861	depleted	1000	0.7552447552	1	0	0.1685919685	EXPECTED_FROM_NULL
x001425	x037862	depleted	1000	0.9480519481	1	1	0.199415183	EXPECTED_FROM_NULL
x001425	x037863	depleted	1000	0.7052947053	1	0	0.1375532292	EXPECTED_FROM_NULL
x001425	x037912	preferred	1000	1	1	0	0.1503042352	EXPECTED_FROM_NULL
x001425	x037913	preferred	1000	1	1	0	0.1503042352	EXPECTED_FROM_NULL
x001425	x037959	preferred	1000	1	1	0	0.1905695327	EXPECTED_FROM_NULL
x001425	x037989	preferred	1000	0.02197802198	0.2517482517	1	0.1439010648	EXPECTED_FROM_NULL
x001425	x038537	depleted	1000	0.8821178821	1	0	0.2881419991	EXPECTED_FROM_NULL
x001425	x038538	depleted	1000	0.995004995	1	1	0.2908492442	EXPECTED_FROM_NULL
x001425	x038543	depleted	1000	0.995004995	1	1	0.2267998926	EXPECTED_FROM_NULL
x001425	x041114	preferred	1000	1	1	0	0.205616152	EXPECTED_FROM_NULL
x001425	x041115	depleted	1000	0.97002997	1	1	0.2145187209	EXPECTED_FROM_NULL
x001425	x041119	preferred	1000	0.1288711289	0.5872146721	1	0.2899524439	EXPECTED_FROM_NULL
x001425	x041257	preferred	1000	1	1	0	0.2606751033	EXPECTED_FROM_NULL
x001425	x041258	preferred	1000	1	1	0	0.2453069057	EXPECTED_FROM_NULL
x001425	x041259	preferred	1000	1	1	1	0.1947978712	EXPECTED_FROM_NULL
x001425	x041261	preferred	1000	0.1078921079	0.4978842813	1	0.2356080788	EXPECTED_FROM_NULL
x001425	x042107	preferred	1000	1	1	0	0.166230017	EXPECTED_FROM_NULL
x001425	x042465	preferred	1000	1	1	0	0.1503042352	EXPECTED_FROM_NULL
x001425	x042800	preferred	1000	1	1	0	0.2453069057	EXPECTED_FROM_NULL
x001425	x042801	preferred	1000	1	1	0	0.1503042352	EXPECTED_FROM_NULL
x001426	x000107	depleted	1000	0.9200799201	1	0	0.3677431628	EXPECTED_FROM_NULL
x001426	x000110	depleted	1000	0.9270729271	1	0	0.3013906723	EXPECTED_FROM_NULL
x001426	x001089	preferred	1000	1	1	0	0.3175835058	EXPECTED_FROM_NULL
x001426	x001090	preferred	1000	1	1	1	0.2365968149	EXPECTED_FROM_NULL
x001426	x002104	preferred	1000	1	1	0	0.503796523	EXPECTED_FROM_NULL
x001426	x002339	preferred	1000	1	1	0	0.2529151829	EXPECTED_FROM_NULL
x001426	x015282	preferred	1000	1	1	0	0.2161714847	EXPECTED_FROM_NULL
x001426	x017408	preferred	1000	1	1	0	0.3421302945	EXPECTED_FROM_NULL
x001426	x017410	preferred	1000	1	1	0	0.4450708149	EXPECTED_FROM_NULL
x001426	x017411	preferred	1000	1	1	0	0.4723066366	EXPECTED_FROM_NULL
x001426	x017413	preferred	1000	1	1	0	0.3727299567	EXPECTED_FROM_NULL
x001426	x017695	preferred	1000	1	1	1	0.2522991033	EXPECTED_FROM_NULL
x001426	x017892	preferred	1000	1	1	0	0.2948480166	EXPECTED_FROM_NULL
x001426	x017893	preferred	1000	0.03996003996	0.286644049	1	0.4539984233	EXPECTED_FROM_NULL
x001426	x017894	preferred	1000	1	1	0	0.3746717217	EXPECTED_FROM_NULL
x001426	x017895	preferred	1000	1	1	0	0.4478422558	EXPECTED_FROM_NULL
x001426	x018253	preferred	1000	1	1	0	0.2161714847	EXPECTED_FROM_NULL
x001426	x018254	preferred	1000	1	1	0	0.2361615094	EXPECTED_FROM_NULL
x001426	x018496	depleted	1000	0.9010989011	1	0	0.2809304138	EXPECTED_FROM_NULL
x001426	x018497	preferred	1000	0.05494505495	0.3085867621	1	0.4470055335	EXPECTED_FROM_NULL
x001426	x018498	preferred	1000	1	1	0	0.7754175424	EXPECTED_FROM_NULL
x001426	x018499	depleted	1000	0.9090909091	1	0	0.3741273446	EXPECTED_FROM_NULL
x001426	x018501	preferred	1000	1	1	0	0.7257075654	EXPECTED_FROM_NULL
x001426	x018503	preferred	1000	1	1	1	0.4696683763	EXPECTED_FROM_NULL
x001426	x018566	preferred	1000	1	1	0	0.2529151829	EXPECTED_FROM_NULL
x001426	x018872	depleted	1000	0.985014985	1	0	0.3048159761	EXPECTED_FROM_NULL
x001426	x018873	preferred	1000	1	1	0	0.3367235796	EXPECTED_FROM_NULL
x001426	x020016	depleted	1000	0.9320679321	1	0	0.3932106891	EXPECTED_FROM_NULL
x001426	x024804	depleted	1000	0.9210789211	1	0	0.3358861958	EXPECTED_FROM_NULL
x001426	x025009	preferred	1000	1	1	0	0.3300815023	EXPECTED_FROM_NULL
x001426	x025791	preferred	1000	1	1	0	0.4996380892	EXPECTED_FROM_NULL
x001426	x033411	preferred	1000	1	1	0	0.2161714847	EXPECTED_FROM_NULL
x001426	x034497	preferred	1000	1	1	0	0.4114854257	EXPECTED_FROM_NULL
x001426	x037849	depleted	1000	0.969030969	1	0	0.4672223698	EXPECTED_FROM_NULL
x001426	x037852	preferred	1000	1	1	0	0.2966277329	EXPECTED_FROM_NULL
x001426	x037854	preferred	1000	0.01198801199	0.2517482517	1	0.2935349389	EXPECTED_FROM_NULL
x001426	x037855	preferred	1000	1	1	0	0.3367235796	EXPECTED_FROM_NULL
x001426	x037856	depleted	1000	0.7832167832	1	0	0.278133152	EXPECTED_FROM_NULL
x001426	x037857	depleted	1000	0.8611388611	1	0	0.2873084971	EXPECTED_FROM_NULL
x001426	x037858	depleted	1000	0.7742257742	1	0	0.2427603598	EXPECTED_FROM_NULL
x001426	x037860	depleted	1000	0.7562437562	1	0	0.2812561808	EXPECTED_FROM_NULL
x001426	x037861	depleted	1000	0.8361638362	1	0	0.2989427342	EXPECTED_FROM_NULL
x001426	x037952	preferred	1000	1	1	0	0.2654579548	EXPECTED_FROM_NULL
x001426	x037953	preferred	1000	0.01098901099	0.2517482517	1	0.2654579548	EXPECTED_FROM_NULL
x001426	x037954	preferred	1000	1	1	0	0.3354042127	EXPECTED_FROM_NULL
x001426	x037955	preferred	1000	1	1	0	0.4996380892	EXPECTED_FROM_NULL
x001426	x037958	preferred	1000	1	1	0	0.3342045649	EXPECTED_FROM_NULL
x001426	x038109	preferred	1000	1	1	0	0.2161714847	EXPECTED_FROM_NULL
x001426	x038539	depleted	1000	0.9400599401	1	0	0.3397521829	EXPECTED_FROM_NULL
x001426	x041114	depleted	1000	0.981018981	1	0	0.4740456239	EXPECTED_FROM_NULL
x001426	x041118	depleted	1000	0.8781218781	1	0	0.3149386643	EXPECTED_FROM_NULL
x001426	x041259	depleted	1000	0.953046953	1	0	0.3266246751	EXPECTED_FROM_NULL
x001426	x041260	depleted	1000	0.972027972	1	0	0.6368880152	EXPECTED_FROM_NULL
x001426	x041940	preferred	1000	1	1	1	0.2161714847	EXPECTED_FROM_NULL
x001426	x042109	preferred	1000	0.01098901099	0.2517482517	1	0.3360044901	EXPECTED_FROM_NULL
x001427	x000104	depleted	1000	0.9390609391	1	0	0.3587028479	EXPECTED_FROM_NULL
x001427	x000107	preferred	1000	1	1	0	0.4816793498	EXPECTED_FROM_NULL
x001427	x000108	depleted	1000	0.9180819181	1	0	0.3916733796	EXPECTED_FROM_NULL
x001427	x002340	preferred	1000	1	1	0	0.5579507412	EXPECTED_FROM_NULL
x001427	x011176	preferred	1000	1	1	0	0.3364363025	EXPECTED_FROM_NULL
x001427	x015280	preferred	1000	1	1	0	0.4785339999	EXPECTED_FROM_NULL
x001427	x015287	preferred	1000	1	1	0	0.2686300213	EXPECTED_FROM_NULL
x001427	x016896	preferred	1000	1	1	0	0.414923689	EXPECTED_FROM_NULL
x001427	x016897	preferred	1000	0.06593406593	0.3461538462	1	0.7746146346	EXPECTED_FROM_NULL
x001427	x017383	depleted	1000	0.9160839161	1	0	0.3482253739	EXPECTED_FROM_NULL
x001427	x017413	preferred	1000	0.01698301698	0.2517482517	1	0.4859003204	EXPECTED_FROM_NULL
x001427	x017414	preferred	1000	0.05594405594	0.3105859658	1	0.5887433288	EXPECTED_FROM_NULL
x001427	x017893	preferred	1000	1	1	0	0.3093572085	EXPECTED_FROM_NULL
x001427	x017895	preferred	1000	1	1	0	0.7285632769	EXPECTED_FROM_NULL
x001427	x018496	depleted	1000	0.9370629371	1	0	0.3616232031	EXPECTED_FROM_NULL
x001427	x018498	depleted	1000	0.9400599401	1	0	0.4937587577	EXPECTED_FROM_NULL
x001427	x018499	depleted	1000	0.9450549451	1	0	0.3259624128	EXPECTED_FROM_NULL
x001427	x018500	preferred	1000	1	1	0	0.270447004	EXPECTED_FROM_NULL
x001427	x018501	depleted	1000	0.9130869131	1	0	0.5632535164	EXPECTED_FROM_NULL
x001427	x018503	depleted	1000	0.9450549451	1	0	0.7237165607	EXPECTED_FROM_NULL
x001427	x018873	preferred	1000	1	1	0	0.6626157429	EXPECTED_FROM_NULL
x001427	x020018	preferred	1000	0.04595404595	0.2919955581	1	0.450642323	EXPECTED_FROM_NULL
x001427	x022381	preferred	1000	1	1	0	0.3364363025	EXPECTED_FROM_NULL
x001427	x024242	preferred	1000	1	1	0	0.398972166	EXPECTED_FROM_NULL
x001427	x024246	depleted	1000	0.969030969	1	0	0.5913303976	EXPECTED_FROM_NULL
x001427	x024665	preferred	1000	0.02997002997	0.2631913541	1	0.3364363025	EXPECTED_FROM_NULL
x001427	x025011	preferred	1000	1	1	0	0.3483980367	EXPECTED_FROM_NULL
x001427	x025397	depleted	1000	0.972027972	1	0	0.468573875	EXPECTED_FROM_NULL
x001427	x025399	depleted	1000	1	1	0	0.4006976965	EXPECTED_FROM_NULL
x001427	x032447	preferred	1000	1	1	0	0.2686300213	EXPECTED_FROM_NULL
x001427	x033102	preferred	1000	1	1	0	0.2686300213	EXPECTED_FROM_NULL
x001427	x033103	preferred	1000	1	1	0	0.2686300213	EXPECTED_FROM_NULL
x001427	x034501	preferred	1000	1	1	0	0.4940508599	EXPECTED_FROM_NULL
x001427	x037848	depleted	1000	0.964035964	1	0	0.6196996822	EXPECTED_FROM_NULL
x001427	x037853	preferred	1000	1	1	0	0.6705085338	EXPECTED_FROM_NULL
x001427	x037856	depleted	1000	0.7842157842	1	0	0.3683541514	EXPECTED_FROM_NULL
x001427	x037857	depleted	1000	0.987012987	1	1	0.3281718178	EXPECTED_FROM_NULL
x001427	x037858	depleted	1000	0.8621378621	1	0	0.3480380294	EXPECTED_FROM_NULL
x001427	x037859	depleted	1000	0.8701298701	1	0	0.3116634168	EXPECTED_FROM_NULL
x001427	x037861	depleted	1000	0.977022977	1	1	0.2695296246	EXPECTED_FROM_NULL
x001427	x037862	depleted	1000	0.8591408591	1	0	0.2941126037	EXPECTED_FROM_NULL
x001427	x037913	preferred	1000	0.02497502498	0.254850783	1	0.6705085338	EXPECTED_FROM_NULL
x001427	x037914	preferred	1000	0.01198801199	0.2517482517	1	0.2686300213	EXPECTED_FROM_NULL
x001427	x037915	preferred	1000	1	1	0	0.4940508599	EXPECTED_FROM_NULL
x001427	x037957	preferred	1000	1	1	0	0.3765383373	EXPECTED_FROM_NULL
x001427	x038110	preferred	1000	1	1	1	0.2903134028	EXPECTED_FROM_NULL
x001427	x038111	preferred	1000	1	1	0	0.2686300213	EXPECTED_FROM_NULL
x001427	x038536	depleted	1000	1	1	0	0.342214755	EXPECTED_FROM_NULL
x001427	x040638	preferred	1000	1	1	0	0.2686300213	EXPECTED_FROM_NULL
x001427	x041116	depleted	1000	0.9390609391	1	0	0.475899445	EXPECTED_FROM_NULL
x001427	x041258	preferred	1000	0.03396603397	0.2631913541	1	0.614333386	EXPECTED_FROM_NULL
x001427	x041528	preferred	1000	1	1	0	0.2686300213	EXPECTED_FROM_NULL
x001427	x041530	preferred	1000	1	1	0	0.3476573991	EXPECTED_FROM_NULL
x001427	x042106	preferred	1000	1	1	0	0.853408904	EXPECTED_FROM_NULL
x001427	x042819	preferred	1000	1	1	0	0.4940508599	EXPECTED_FROM_NULL
x001427	x042822	preferred	1000	0.01798201798	0.2517482517	1	0.2686300213	EXPECTED_FROM_NULL
x001428	x000104	depleted	1000	0.979020979	1	1	0.1394036963	EXPECTED_FROM_NULL
x001428	x000105	depleted	1000	0.8521478521	1	0	0.1705588124	EXPECTED_FROM_NULL
x001428	x000108	depleted	1000	0.7842157842	1	0	0.1623656084	EXPECTED_FROM_NULL
x001428	x000109	depleted	1000	0.7982017982	1	0	0.1087973435	EXPECTED_FROM_NULL
x001428	x000111	depleted	1000	0.7672327672	1	1	0.1665483952	EXPECTED_FROM_NULL
x001428	x002104	preferred	10000	0.003699630037	0.2517482517	0.5	0.1604288457	EXPECTED_FROM_NULL
x001428	x002111	preferred	1000	0.03996003996	0.286644049	1	0.1346895464	EXPECTED_FROM_NULL
x001428	x003701	preferred	1000	1	1	0	0.09054996081	EXPECTED_FROM_NULL
x001428	x005111	preferred	1000	1	1	0	0.1241571429	EXPECTED_FROM_NULL
x001428	x005236	preferred	10000	0.01459854015	0.2517482517	1	0.09785894606	EXPECTED_FROM_NULL
x001428	x008312	preferred	1000	0.07292707293	0.3694801702	1	0.117150402	EXPECTED_FROM_NULL
x001428	x008315	preferred	1000	1	1	1	0.1217637585	EXPECTED_FROM_NULL
x001428	x015280	preferred	1000	1	1	0	0.09791816532	EXPECTED_FROM_NULL
x001428	x015282	preferred	1000	0.02597402597	0.2554504319	1	0.1021407868	EXPECTED_FROM_NULL
x001428	x016452	preferred	1000	1	1	0	0.1047770402	EXPECTED_FROM_NULL
x001428	x016897	preferred	1000	1	1	0	0.1297882704	EXPECTED_FROM_NULL
x001428	x017410	preferred	1000	0.06693306693	0.3476201218	1	0.1339821065	EXPECTED_FROM_NULL
x001428	x017415	preferred	1000	0.1378621379	0.6223122672	1	0.1360694692	EXPECTED_FROM_NULL
x001428	x017672	preferred	1000	1	1	1	0.0922331125	EXPECTED_FROM_NULL
x001428	x017677	preferred	1000	1	1	1	0.08095972312	EXPECTED_FROM_NULL
x001428	x017688	preferred	1000	1	1	0	0.08364809706	EXPECTED_FROM_NULL
x001428	x017691	preferred	1000	1	1	0	0.09060050617	EXPECTED_FROM_NULL
x001428	x017891	depleted	1000	0.8861138861	1	0	0.1727418785	EXPECTED_FROM_NULL
x001428	x017992	preferred	1000	1	1	1	0.08746974425	EXPECTED_FROM_NULL
x001428	x018496	depleted	1000	0.7922077922	1	0	0.1148033057	EXPECTED_FROM_NULL
x001428	x018497	depleted	1000	0.986013986	1	1	0.1355321628	EXPECTED_FROM_NULL
x001428	x018498	depleted	1000	0.8721278721	1	1	0.1793831119	EXPECTED_FROM_NULL
x001428	x018499	depleted	1000	0.8161838162	1	1	0.1442633189	EXPECTED_FROM_NULL
x001428	x018500	depleted	1000	0.8041958042	1	0	0.128333199	EXPECTED_FROM_NULL
x001428	x018501	depleted	1000	0.994005994	1	0.25	0.2161591609	EXPECTED_FROM_NULL
x001428	x018502	depleted	1000	0.994005994	1	1	0.196261507	EXPECTED_FROM_NULL
x001428	x018503	depleted	1000	0.996003996	1	0.5	0.1554271407	EXPECTED_FROM_NULL
x001428	x019936	preferred	1000	1	1	0	0.1717110982	EXPECTED_FROM_NULL
x001428	x020018	preferred	1000	0.06993006993	0.3567910962	1	0.1763021388	EXPECTED_FROM_NULL
x001428	x020019	depleted	1000	0.8971028971	1	0	0.1700186701	EXPECTED_FROM_NULL
x001428	x023869	preferred	1000	1	1	0	0.09060050617	EXPECTED_FROM_NULL
x001428	x024246	depleted	1000	0.994005994	1	1	0.155406803	EXPECTED_FROM_NULL
x001428	x024671	preferred	1000	0.01198801199	0.2517482517	1	0.09054996081	EXPECTED_FROM_NULL
x001428	x024802	preferred	1000	1	1	0	0.09979002426	EXPECTED_FROM_NULL
x001428	x025008	preferred	1000	0.01398601399	0.2517482517	1	0.08407806553	EXPECTED_FROM_NULL
x001428	x025534	preferred	1000	1	1	0	0.09686575511	EXPECTED_FROM_NULL
x001428	x025765	preferred	1000	1	1	0	0.116352961	EXPECTED_FROM_NULL
x001428	x033096	preferred	1000	1	1	0	0.08849952804	EXPECTED_FROM_NULL
x001428	x034497	preferred	1000	1	1	1	0.1214882645	EXPECTED_FROM_NULL
x001428	x034500	preferred	1000	1	1	0	0.09668958771	EXPECTED_FROM_NULL
x001428	x034679	preferred	1000	0.02397602398	0.2517482517	1	0.09669437793	EXPECTED_FROM_NULL
x001428	x037856	depleted	1000	0.963036963	1	0.5	0.1312564955	EXPECTED_FROM_NULL
x001428	x037857	depleted	1000	0.6233766234	1	0	0.1180552091	EXPECTED_FROM_NULL
x001428	x037859	depleted	1000	0.5844155844	1	0	0.1141557776	EXPECTED_FROM_NULL
x001428	x037860	depleted	1000	0.9060939061	1	1	0.1254151154	EXPECTED_FROM_NULL
x001428	x037861	depleted	1000	0.996003996	1	0.3333333333	0.1079591635	EXPECTED_FROM_NULL
x001428	x037862	depleted	1000	0.6903096903	1	1	0.1120969831	EXPECTED_FROM_NULL
x001428	x037913	preferred	1000	1	1	0	0.1088409672	EXPECTED_FROM_NULL
x001428	x037953	preferred	1000	1	1	0	0.1177184462	EXPECTED_FROM_NULL
x001428	x037955	preferred	1000	1	1	0	0.1524132731	EXPECTED_FROM_NULL
x001428	x038541	depleted	1000	0.9350649351	1	0	0.1267789856	EXPECTED_FROM_NULL
x001428	x040220	preferred	1000	0.01198801199	0.2517482517	1	0.1053999625	EXPECTED_FROM_NULL
x001428	x041257	preferred	1000	1	1	0	0.1237578153	EXPECTED_FROM_NULL
x001428	x041259	preferred	1000	0.09190809191	0.435211847	1	0.1479454353	EXPECTED_FROM_NULL
x001428	x041588	preferred	1000	1	1	1	0.09816062162	EXPECTED_FROM_NULL
x001428	x041661	preferred	1000	1	1	0	0.09756815254	EXPECTED_FROM_NULL
x001428	x042106	preferred	1000	0.02697302697	0.2554504319	1	0.1631129282	EXPECTED_FROM_NULL
x001428	x042109	preferred	1000	1	1	0	0.1520652161	EXPECTED_FROM_NULL
x001428	x042802	preferred	1000	0.02497502498	0.254850783	1	0.1278127724	EXPECTED_FROM_NULL
x001428	x042803	preferred	1000	1	1	0	0.106901771	EXPECTED_FROM_NULL
x001428	x042804	preferred	1000	1	1	0	0.1118601307	EXPECTED_FROM_NULL
x001428	x042819	preferred	1000	1	1	0	0.07843167393	EXPECTED_FROM_NULL
x001428	x042822	preferred	1000	1	1	1	0.08407806553	EXPECTED_FROM_NULL
x001429	x000104	depleted	1000	0.8951048951	1	1	0.2888210626	EXPECTED_FROM_NULL
x001429	x000108	depleted	1000	0.8641358641	1	0	0.3307151763	EXPECTED_FROM_NULL
x001429	x000109	depleted	1000	0.9420579421	1	0	0.3660661533	EXPECTED_FROM_NULL
x001429	x001092	preferred	1000	1	1	0	0.2711984844	EXPECTED_FROM_NULL
x001429	x001093	preferred	1000	1	1	0	0.27158042	EXPECTED_FROM_NULL
x001429	x001397	preferred	1000	1	1	0	0.3108880573	EXPECTED_FROM_NULL
x001429	x002339	preferred	1000	1	1	0	0.27158042	EXPECTED_FROM_NULL
x001429	x003239	preferred	1000	1	1	0	0.2261608711	EXPECTED_FROM_NULL
x001429	x003701	preferred	1000	1	1	1	0.2695221254	EXPECTED_FROM_NULL
x001429	x005106	preferred	1000	1	1	0	0.3529808916	EXPECTED_FROM_NULL
x001429	x011181	preferred	1000	1	1	0	0.2782886346	EXPECTED_FROM_NULL
x001429	x015283	preferred	1000	1	1	0	0.3642208545	EXPECTED_FROM_NULL
x001429	x015285	preferred	1000	1	1	0	0.2804743186	EXPECTED_FROM_NULL
x001429	x017293	preferred	1000	1	1	0	0.350592965	EXPECTED_FROM_NULL
x001429	x017411	preferred	1000	1	1	0	0.2584361153	EXPECTED_FROM_NULL
x001429	x017414	preferred	1000	1	1	0	0.4921179676	EXPECTED_FROM_NULL
x001429	x017415	depleted	1000	0.9200799201	1	0	0.2588621594	EXPECTED_FROM_NULL
x001429	x017688	preferred	1000	1	1	1	0.2485397512	EXPECTED_FROM_NULL
x001429	x017890	preferred	1000	1	1	1	0.3300886499	EXPECTED_FROM_NULL
x001429	x017891	preferred	1000	0.02697302697	0.2554504319	1	0.3935338799	EXPECTED_FROM_NULL
x001429	x017893	preferred	1000	1	1	0	0.2732772183	EXPECTED_FROM_NULL
x001429	x017895	preferred	1000	1	1	0	0.3642208545	EXPECTED_FROM_NULL
x001429	x018496	depleted	1000	0.9390609391	1	0	0.2647758873	EXPECTED_FROM_NULL
x001429	x018498	depleted	1000	0.964035964	1	1	0.4405170802	EXPECTED_FROM_NULL
x001429	x018499	depleted	1000	0.9200799201	1	0	0.366392892	EXPECTED_FROM_NULL
x001429	x018501	depleted	1000	0.9440559441	1	0	0.6192610183	EXPECTED_FROM_NULL
x001429	x018502	depleted	1000	0.9010989011	1	0	0.3152679444	EXPECTED_FROM_NULL
x001429	x018503	depleted	1000	0.8981018981	1	0	0.3211935213	EXPECTED_FROM_NULL
x001429	x024076	preferred	1000	1	1	0	0.2782886346	EXPECTED_FROM_NULL
x001429	x024242	preferred	1000	1	1	0	0.3252170618	EXPECTED_FROM_NULL
x001429	x024246	depleted	1000	0.9410589411	1	0	0.2884656023	EXPECTED_FROM_NULL
x001429	x024806	depleted	1000	0.97002997	1	0	0.4670824381	EXPECTED_FROM_NULL
x001429	x025008	preferred	1000	1	1	0	0.3529808916	EXPECTED_FROM_NULL
x001429	x025530	preferred	1000	0.02597402597	0.2554504319	1	0.347147366	EXPECTED_FROM_NULL
x001429	x025534	preferred	1000	1	1	1	0.2477759178	EXPECTED_FROM_NULL
x001429	x025786	preferred	1000	0.03696303696	0.2760795905	1	0.5009849428	EXPECTED_FROM_NULL
x001429	x037853	depleted	1000	0.962037962	1	0	0.3622903789	EXPECTED_FROM_NULL
x001429	x037854	preferred	1000	1	1	0	0.3642208545	EXPECTED_FROM_NULL
x001429	x037856	depleted	1000	0.8431568432	1	0	0.3332230378	EXPECTED_FROM_NULL
x001429	x037857	depleted	1000	0.7892107892	1	0	0.2531264467	EXPECTED_FROM_NULL
x001429	x037858	depleted	1000	0.7512487512	1	0	0.2921426161	EXPECTED_FROM_NULL
x001429	x037860	depleted	1000	0.9040959041	1	0	0.2711213961	EXPECTED_FROM_NULL
x001429	x037861	depleted	1000	0.8101898102	1	0	0.3024225511	EXPECTED_FROM_NULL
x001429	x037862	depleted	1000	0.985014985	1	1	0.2783680864	EXPECTED_FROM_NULL
x001429	x037912	preferred	1000	1	1	0	0.2716984921	EXPECTED_FROM_NULL
x001429	x037913	preferred	1000	1	1	0	0.2711984844	EXPECTED_FROM_NULL
x001429	x037915	preferred	1000	1	1	0	0.2695221254	EXPECTED_FROM_NULL
x001429	x037952	preferred	1000	1	1	0	0.2261608711	EXPECTED_FROM_NULL
x001429	x037953	preferred	1000	1	1	0	0.3179706525	EXPECTED_FROM_NULL
x001429	x037955	preferred	1000	1	1	1	0.4732726245	EXPECTED_FROM_NULL
x001429	x037957	preferred	1000	0.01098901099	0.2517482517	1	0.3503819871	EXPECTED_FROM_NULL
x001429	x037959	preferred	1000	1	1	0	0.2796123411	EXPECTED_FROM_NULL
x001429	x037985	preferred	1000	1	1	0	0.3367922348	EXPECTED_FROM_NULL
x001429	x039661	preferred	1000	1	1	0	0.2261608711	EXPECTED_FROM_NULL
x001429	x040213	preferred	1000	1	1	0	0.3362720754	EXPECTED_FROM_NULL
x001429	x041119	depleted	1000	0.9080919081	1	0	0.3933768245	EXPECTED_FROM_NULL
x001429	x041256	preferred	1000	1	1	0	0.3529808916	EXPECTED_FROM_NULL
x001429	x042104	depleted	1000	0.969030969	1	0	0.410192917	EXPECTED_FROM_NULL
x001429	x042106	depleted	1000	0.98001998	1	0	0.514117974	EXPECTED_FROM_NULL
x001429	x042111	depleted	1000	1	1	0	0.4822940521	EXPECTED_FROM_NULL
x001429	x042802	preferred	1000	1	1	0	0.2505310282	EXPECTED_FROM_NULL
x001430	x000105	depleted	1000	0.8961038961	1	0	0.2896577713	EXPECTED_FROM_NULL
x001430	x000107	depleted	1000	0.9370629371	1	0	0.3314449225	EXPECTED_FROM_NULL
x001430	x000110	depleted	1000	0.9440559441	1	0	0.2485681096	EXPECTED_FROM_NULL
x001430	x000111	depleted	1000	0.9130869131	1	0	0.252989581	EXPECTED_FROM_NULL
x001430	x001092	preferred	1000	1	1	0	0.1967093314	EXPECTED_FROM_NULL
x001430	x001393	preferred	1000	0.01098901099	0.2517482517	1	0.1519338295	EXPECTED_FROM_NULL
x001430	x002109	preferred	1000	0.04495504496	0.2919955581	1	0.367485168	EXPECTED_FROM_NULL
x001430	x002980	preferred	1000	1	1	1	0.2007346872	EXPECTED_FROM_NULL
x001430	x007100	preferred	1000	1	1	0	0.1519338295	EXPECTED_FROM_NULL
x001430	x011177	preferred	1000	1	1	0	0.2010449667	EXPECTED_FROM_NULL
x001430	x014827	preferred	1000	0.02397602398	0.2517482517	1	0.3322986207	EXPECTED_FROM_NULL
x001430	x014830	preferred	1000	0.03196803197	0.2631913541	1	0.2530763275	EXPECTED_FROM_NULL
x001430	x016898	preferred	1000	0.01598401598	0.2517482517	1	0.1780420483	EXPECTED_FROM_NULL
x001430	x017412	preferred	1000	1	1	0	0.2785857832	EXPECTED_FROM_NULL
x001430	x017413	preferred	1000	1	1	0	0.2382644765	EXPECTED_FROM_NULL
x001430	x017890	preferred	1000	1	1	0	0.2223488085	EXPECTED_FROM_NULL
x001430	x017891	depleted	1000	0.8551448551	1	0	0.3185603102	EXPECTED_FROM_NULL
x001430	x017892	preferred	1000	1	1	0	0.1779558842	EXPECTED_FROM_NULL
x001430	x018496	depleted	1000	0.986013986	1	1	0.1931727399	EXPECTED_FROM_NULL
x001430	x018497	depleted	1000	0.8801198801	1	1	0.2125109608	EXPECTED_FROM_NULL
x001430	x018498	preferred	1000	1	1	0	0.3358658958	EXPECTED_FROM_NULL
x001430	x018499	depleted	1000	0.8491508492	1	0	0.2096070584	EXPECTED_FROM_NULL
x001430	x018500	depleted	1000	0.995004995	1	1	0.3425225607	EXPECTED_FROM_NULL
x001430	x018501	preferred	1000	1	1	1	0.3486238178	EXPECTED_FROM_NULL
x001430	x018502	depleted	1000	0.998001998	1	1	0.2786228492	EXPECTED_FROM_NULL
x001430	x018503	depleted	1000	0.99000999	1	1	0.2250276112	EXPECTED_FROM_NULL
x001430	x018561	preferred	1000	1	1	0	0.1747356528	EXPECTED_FROM_NULL
x001430	x018875	depleted	1000	0.9400599401	1	0	0.3991407714	EXPECTED_FROM_NULL
x001430	x020022	depleted	1000	0.992007992	1	1	0.350164605	EXPECTED_FROM_NULL
x001430	x025397	depleted	1000	1	1	0	0.2970094991	EXPECTED_FROM_NULL
x001430	x025399	depleted	1000	0.9390609391	1	0	0.2381776069	EXPECTED_FROM_NULL
x001430	x025544	preferred	1000	1	1	0	0.2328800731	EXPECTED_FROM_NULL
x001430	x025549	preferred	1000	1	1	1	0.1689358932	EXPECTED_FROM_NULL
x001430	x025762	preferred	1000	1	1	0	0.2161536085	EXPECTED_FROM_NULL
x001430	x025764	preferred	1000	1	1	0	0.1968965023	EXPECTED_FROM_NULL
x001430	x032993	preferred	1000	1	1	0	0.1519338295	EXPECTED_FROM_NULL
x001430	x033098	preferred	1000	1	1	0	0.1519338295	EXPECTED_FROM_NULL
x001430	x034678	preferred	1000	0.04195804196	0.2895104895	1	0.2034400343	EXPECTED_FROM_NULL
x001430	x037850	depleted	1000	0.962037962	1	0	0.2232567305	EXPECTED_FROM_NULL
x001430	x037855	depleted	1000	0.968031968	1	0	0.2636699191	EXPECTED_FROM_NULL
x001430	x037856	depleted	1000	0.8331668332	1	0	0.1999068502	EXPECTED_FROM_NULL
x001430	x037857	depleted	1000	0.976023976	1	1	0.2580068727	EXPECTED_FROM_NULL
x001430	x037858	depleted	1000	0.6653346653	1	0	0.1961185465	EXPECTED_FROM_NULL
x001430	x037860	depleted	1000	0.7752247752	1	0	0.1691328027	EXPECTED_FROM_NULL
x001430	x037862	depleted	1000	0.97002997	1	1	0.2118304653	EXPECTED_FROM_NULL
x001430	x037913	preferred	1000	1	1	1	0.1617480383	EXPECTED_FROM_NULL
x001430	x037952	preferred	1000	1	1	0	0.2322960078	EXPECTED_FROM_NULL
x001430	x038111	preferred	1000	1	1	0	0.2435429149	EXPECTED_FROM_NULL
x001430	x038537	depleted	1000	0.9250749251	1	0	0.3239810819	EXPECTED_FROM_NULL
x001430	x038539	depleted	1000	0.9370629371	1	0	0.2777063224	EXPECTED_FROM_NULL
x001430	x038540	depleted	1000	0.9140859141	1	1	0.2851121562	EXPECTED_FROM_NULL
x001430	x039662	preferred	1000	1	1	0	0.2441188346	EXPECTED_FROM_NULL
x001430	x040208	preferred	1000	1	1	0	0.1729082973	EXPECTED_FROM_NULL
x001430	x041117	depleted	1000	0.9330669331	1	0	0.2772723011	EXPECTED_FROM_NULL
x001430	x041119	depleted	1000	0.9030969031	1	0	0.2397366902	EXPECTED_FROM_NULL
x001430	x041261	preferred	1000	1	1	0	0.3583625133	EXPECTED_FROM_NULL
x001430	x042465	preferred	1000	1	1	0	0.2031696804	EXPECTED_FROM_NULL
x001430	x042800	preferred	1000	1	1	0	0.2643430433	EXPECTED_FROM_NULL
x001430	x042807	preferred	1000	0.06093906094	0.3311743607	1	0.2559856368	EXPECTED_FROM_NULL
x001431	x000104	depleted	1000	0.993006993	1	1	0.3531507657	EXPECTED_FROM_NULL
x001431	x000106	depleted	1000	0.958041958	1	0	0.2963374247	EXPECTED_FROM_NULL
x001431	x000109	depleted	1000	0.9390609391	1	0	0.3185105866	EXPECTED_FROM_NULL
x001431	x001089	preferred	1000	1	1	0	0.2185772385	EXPECTED_FROM_NULL
x001431	x001090	preferred	1000	1	1	0	0.2185772385	EXPECTED_FROM_NULL
x001431	x001394	preferred	1000	1	1	1	0.2680061483	EXPECTED_FROM_NULL
x001431	x002106	preferred	1000	1	1	0	0.30550286	EXPECTED_FROM_NULL
x001431	x002107	preferred	1000	1	1	0	0.3107693367	EXPECTED_FROM_NULL
x001431	x002978	preferred	1000	1	1	0	0.2185772385	EXPECTED_FROM_NULL
x001431	x005111	preferred	1000	1	1	0	0.2185772385	EXPECTED_FROM_NULL
x001431	x005236	preferred	1000	0.01198801199	0.2517482517	1	0.2185772385	EXPECTED_FROM_NULL
x001431	x014828	depleted	1000	0.991008991	1	0	0.3764586549	EXPECTED_FROM_NULL
x001431	x017295	preferred	1000	1	1	0	0.2185772385	EXPECTED_FROM_NULL
x001431	x017382	preferred	1000	1	1	0	0.3210169402	EXPECTED_FROM_NULL
x001431	x017412	depleted	1000	0.9260739261	1	0	0.3761137412	EXPECTED_FROM_NULL
x001431	x017674	preferred	1000	1	1	0	0.2185772385	EXPECTED_FROM_NULL
x001431	x017677	preferred	1000	1	1	0	0.2185772385	EXPECTED_FROM_NULL
x001431	x017888	depleted	1000	0.9370629371	1	0	0.319525536	EXPECTED_FROM_NULL
x001431	x017889	depleted	1000	0.9280719281	1	0	0.2400556742	EXPECTED_FROM_NULL
x001431	x017890	depleted	1000	0.9030969031	1	0	0.3603441905	EXPECTED_FROM_NULL
x001431	x018254	preferred	1000	1	1	0	0.2185772385	EXPECTED_FROM_NULL
x001431	x018496	depleted	1000	0.968031968	1	0	0.4613712964	EXPECTED_FROM_NULL
x001431	x018497	preferred	1000	1	1	0	0.2909064145	EXPECTED_FROM_NULL
x001431	x018498	depleted	1000	0.964035964	1	0	0.522744157	EXPECTED_FROM_NULL
x001431	x018499	preferred	1000	1	1	1	0.2601239053	EXPECTED_FROM_NULL
x001431	x018500	depleted	1000	0.972027972	1	1	0.4129623331	EXPECTED_FROM_NULL
x001431	x018501	depleted	1000	0.9450549451	1	0	0.5210838402	EXPECTED_FROM_NULL
x001431	x018502	depleted	1000	0.97002997	1	0	0.3025719103	EXPECTED_FROM_NULL
x001431	x018503	preferred	1000	0.01098901099	0.2517482517	0.5	0.3437443352	EXPECTED_FROM_NULL
x001431	x018563	preferred	1000	1	1	0	0.3563861308	EXPECTED_FROM_NULL
x001431	x018879	depleted	1000	0.974025974	1	0	0.3661375463	EXPECTED_FROM_NULL
x001431	x020016	depleted	1000	0.981018981	1	0	0.7057945173	EXPECTED_FROM_NULL
x001431	x020019	preferred	1000	1	1	0	0.3536265039	EXPECTED_FROM_NULL
x001431	x022926	preferred	1000	1	1	0	0.2185772385	EXPECTED_FROM_NULL
x001431	x022953	preferred	1000	1	1	0	0.2185772385	EXPECTED_FROM_NULL
x001431	x023865	preferred	1000	1	1	1	0.2185772385	EXPECTED_FROM_NULL
x001431	x024202	preferred	1000	0.01398601399	0.2517482517	1	0.2426456512	EXPECTED_FROM_NULL
x001431	x024934	preferred	1000	1	1	0	0.2695882357	EXPECTED_FROM_NULL
x001431	x025014	preferred	1000	1	1	1	0.2185772385	EXPECTED_FROM_NULL
x001431	x025529	preferred	1000	1	1	0	0.2528174346	EXPECTED_FROM_NULL
x001431	x025553	preferred	10000	0.01419858014	0.2517482517	1	0.2185772385	EXPECTED_FROM_NULL
x001431	x025785	preferred	1000	1	1	0	0.2381033978	EXPECTED_FROM_NULL
x001431	x033098	preferred	1000	1	1	0	0.2185772385	EXPECTED_FROM_NULL
x001431	x033100	preferred	1000	1	1	0	0.2185772385	EXPECTED_FROM_NULL
x001431	x034502	preferred	1000	1	1	1	0.2528174346	EXPECTED_FROM_NULL
x001431	x034672	preferred	1000	1	1	0	0.2701847009	EXPECTED_FROM_NULL
x001431	x037848	preferred	1000	1	1	0	0.3156417185	EXPECTED_FROM_NULL
x001431	x037849	preferred	1000	0.04195804196	0.2895104895	1	0.3126724699	EXPECTED_FROM_NULL
x001431	x037851	preferred	1000	1	1	0	0.3396116826	EXPECTED_FROM_NULL
x001431	x037856	depleted	1000	0.964035964	1	0	0.4123873689	EXPECTED_FROM_NULL
x001431	x037857	depleted	1000	0.952047952	1	1	0.2746285003	EXPECTED_FROM_NULL
x001431	x037859	depleted	1000	0.7902097902	1	1	0.2598617285	EXPECTED_FROM_NULL
x001431	x037863	depleted	1000	0.8571428571	1	0	0.2575537715	EXPECTED_FROM_NULL
x001431	x037914	preferred	1000	1	1	0	0.2695882357	EXPECTED_FROM_NULL
x001431	x037954	preferred	1000	1	1	0	0.3051150781	EXPECTED_FROM_NULL
x001431	x037955	preferred	1000	1	1	0	0.3126724699	EXPECTED_FROM_NULL
x001431	x037959	preferred	1000	0.01398601399	0.2517482517	1	0.2185772385	EXPECTED_FROM_NULL
x001431	x038163	preferred	1000	1	1	0	0.2185772385	EXPECTED_FROM_NULL
x001431	x038537	depleted	1000	1	1	0	0.454330903	EXPECTED_FROM_NULL
x001431	x038538	depleted	1000	0.955044955	1	0	0.3289195866	EXPECTED_FROM_NULL
x001431	x041117	preferred	1000	1	1	0	0.5096421161	EXPECTED_FROM_NULL
x001431	x041261	preferred	1000	1	1	0	0.2695882357	EXPECTED_FROM_NULL
x001431	x041469	preferred	1000	1	1	0	0.2185772385	EXPECTED_FROM_NULL
x001431	x041807	preferred	1000	1	1	0	0.2185772385	EXPECTED_FROM_NULL
x001431	x042806	preferred	1000	0.03296703297	0.2631913541	1	0.3281872596	EXPECTED_FROM_NULL
x001571	x000111	preferred	1000	0.000999000999	1	0	0	INSUFFICIENT_SUPPORT
x001571	x018503	preferred	1000	0.000999000999	1	0	0	INSUFFICIENT_SUPPORT
x001571	x020020	preferred	1000	0.000999000999	1	0	0	INSUFFICIENT_SUPPORT
x001571	x020022	preferred	1000	0.000999000999	1	0	0	INSUFFICIENT_SUPPORT
x001571	x024928	preferred	1000	0.000999000999	1	0	0	INSUFFICIENT_SUPPORT
x001571	x037862	preferred	1000	0.000999000999	1	0	0	INSUFFICIENT_SUPPORT
x001571	x041445	preferred	1000	0.000999000999	1	0	0	INSUFFICIENT_SUPPORT
x001571	x042104	preferred	1000	0.000999000999	1	0	0	INSUFFICIENT_SUPPORT
x001637	x023865	preferred	1000	0.000999000999	1	0	0	INSUFFICIENT_SUPPORT
x001888	x000111	preferred	1000	0.000999000999	1	0	0	INSUFFICIENT_SUPPORT
x001888	x023520	preferred	1000	0.000999000999	1	0	0	INSUFFICIENT_SUPPORT
x001888	x024800	preferred	1000	0.000999000999	1	0	0	INSUFFICIENT_SUPPORT
x001888	x024931	preferred	1000	0.000999000999	1	0	0	INSUFFICIENT_SUPPORT
x001888	x031710	preferred	1000	0.000999000999	1	0	0	INSUFFICIENT_SUPPORT
x001888	x037990	preferred	1000	0.000999000999	1	0	0	INSUFFICIENT_SUPPORT
x001888	x042806	preferred	1000	0.000999000999	1	0	0	INSUFFICIENT_SUPPORT
x001889	x000108	preferred	1000	0.000999000999	1	0	0	INSUFFICIENT_SUPPORT
x001889	x002110	preferred	1000	0.000999000999	1	0	0	INSUFFICIENT_SUPPORT
x001889	x018872	preferred	1000	0.000999000999	1	0	0	INSUFFICIENT_SUPPORT
x001889	x018879	preferred	1000	0.000999000999	1	0	0	INSUFFICIENT_SUPPORT
x001889	x025528	preferred	1000	0.000999000999	1	0	0	INSUFFICIENT_SUPPORT
x001889	x037856	preferred	1000	0.000999000999	1	0	0	INSUFFICIENT_SUPPORT
x001889	x037859	preferred	1000	0.000999000999	1	0	0	INSUFFICIENT_SUPPORT
x001889	x037861	preferred	1000	0.000999000999	1	0	0	INSUFFICIENT_SUPPORT
x001889	x038107	preferred	1000	0.000999000999	1	0	0	INSUFFICIENT_SUPPORT
x001889	x039660	preferred	1000	0.000999000999	1	0	0	INSUFFICIENT_SUPPORT
x001889	x040633	preferred	1000	0.000999000999	1	0	0	INSUFFICIENT_SUPPORT
x001889	x040637	preferred	1000	0.000999000999	1	0	0	INSUFFICIENT_SUPPORT
x001889	x042108	preferred	1000	0.000999000999	1	0	0	INSUFFICIENT_SUPPORT
x001889	x042804	preferred	1000	0.000999000999	1	0	0	INSUFFICIENT_SUPPORT
x001890	x005078	preferred	1000	0.000999000999	1	0	0	INSUFFICIENT_SUPPORT
x001890	x015285	preferred	1000	0.000999000999	1	0	0	INSUFFICIENT_SUPPORT
x001890	x024934	preferred	1000	0.000999000999	1	0	0	INSUFFICIENT_SUPPORT
x001890	x025532	preferred	1000	0.000999000999	1	0	0	INSUFFICIENT_SUPPORT
x001890	x025789	preferred	1000	0.000999000999	1	0	0	INSUFFICIENT_SUPPORT
x001890	x037912	preferred	1000	0.000999000999	1	0	0	INSUFFICIENT_SUPPORT
x001890	x041261	preferred	1000	0.000999000999	1	0	0	INSUFFICIENT_SUPPORT
x001891	x001399	preferred	1000	0.000999000999	1	0	0	INSUFFICIENT_SUPPORT
x001891	x002109	preferred	1000	0.000999000999	1	0	0	INSUFFICIENT_SUPPORT
x001891	x018877	preferred	1000	0.000999000999	1	0	0	INSUFFICIENT_SUPPORT
x001891	x018879	preferred	1000	0.000999000999	1	0	0	INSUFFICIENT_SUPPORT
x001893	x000107	preferred	1000	0.000999000999	1	0	0	INSUFFICIENT_SUPPORT
x001893	x001088	preferred	1000	0.000999000999	1	0	0	INSUFFICIENT_SUPPORT
x001893	x001092	preferred	1000	0.000999000999	1	0	0	INSUFFICIENT_SUPPORT
x001893	x001399	preferred	1000	0.000999000999	1	0	0	INSUFFICIENT_SUPPORT
x001893	x024241	preferred	1000	0.000999000999	1	0	0	INSUFFICIENT_SUPPORT
x001893	x025393	preferred	1000	0.000999000999	1	0	0	INSUFFICIENT_SUPPORT
x001893	x041256	preferred	1000	0.000999000999	1	0	0	INSUFFICIENT_SUPPORT
x001893	x042800	preferred	1000	0.000999000999	1	0	0	INSUFFICIENT_SUPPORT
x001893	x042806	preferred	1000	0.000999000999	1	0	0	INSUFFICIENT_SUPPORT
x001894	x001088	preferred	1000	0.000999000999	1	0	0	INSUFFICIENT_SUPPORT
x001894	x001089	preferred	1000	0.000999000999	1	0	0	INSUFFICIENT_SUPPORT
x001894	x018879	preferred	1000	0.000999000999	1	0	0	INSUFFICIENT_SUPPORT
x001894	x024804	preferred	1000	0.000999000999	1	0	0	INSUFFICIENT_SUPPORT
x001894	x024935	preferred	1000	0.000999000999	1	0	0	INSUFFICIENT_SUPPORT
x001894	x025791	preferred	1000	0.000999000999	1	0	0	INSUFFICIENT_SUPPORT
x001894	x032444	preferred	1000	0.000999000999	1	0	0	INSUFFICIENT_SUPPORT
x001894	x037858	preferred	1000	0.000999000999	1	0	0	INSUFFICIENT_SUPPORT
x001894	x037859	preferred	1000	0.000999000999	1	0	0	INSUFFICIENT_SUPPORT
x001894	x037860	preferred	1000	0.000999000999	1	0	0	INSUFFICIENT_SUPPORT
x001894	x040634	preferred	1000	0.000999000999	1	0	0	INSUFFICIENT_SUPPORT
x001894	x040637	preferred	1000	0.000999000999	1	0	0	INSUFFICIENT_SUPPORT
x001894	x042804	preferred	1000	0.000999000999	1	0	0	INSUFFICIENT_SUPPORT
x001895	x018499	preferred	1000	0.000999000999	1	0	0	INSUFFICIENT_SUPPORT
x001895	x024800	preferred	1000	0.000999000999	1	0	0	INSUFFICIENT_SUPPORT
x001895	x024933	preferred	1000	0.000999000999	1	0	0	INSUFFICIENT_SUPPORT
x001895	x025530	preferred	1000	0.000999000999	1	0	0	INSUFFICIENT_SUPPORT
x001895	x037849	preferred	1000	0.000999000999	1	0	0	INSUFFICIENT_SUPPORT
x001895	x038540	preferred	1000	0.000999000999	1	0	0	INSUFFICIENT_SUPPORT
x001895	x040636	preferred	1000	0.000999000999	1	0	0	INSUFFICIENT_SUPPORT
x002104	x000108	preferred	1000	0.000999000999	1	0	0	INSUFFICIENT_SUPPORT
x002104	x000110	preferred	1000	0.000999000999	1	0	0	INSUFFICIENT_SUPPORT
x002104	x017408	preferred	1000	0.000999000999	1	0	0	INSUFFICIENT_SUPPORT
x002104	x017411	preferred	1000	0.000999000999	1	0	0	INSUFFICIENT_SUPPORT
x002104	x018497	preferred	1000	0.000999000999	1	0	0	INSUFFICIENT_SUPPORT
x002104	x018499	preferred	1000	0.000999000999	1	0	0	INSUFFICIENT_SUPPORT
x002104	x018500	preferred	1000	0.000999000999	1	0	0	INSUFFICIENT_SUPPORT
x002104	x018501	preferred	1000	0.000999000999	1	0	0	INSUFFICIENT_SUPPORT
x002104	x020016	preferred	1000	0.000999000999	1	0	0	INSUFFICIENT_SUPPORT
x002104	x033101	preferred	1000	0.000999000999	1	0	0	INSUFFICIENT_SUPPORT
x002104	x037848	preferred	1000	0.000999000999	1	0	0	INSUFFICIENT_SUPPORT
x002104	x037855	preferred	1000	0.000999000999	1	0	0	INSUFFICIENT_SUPPORT
x002104	x037858	preferred	1000	0.000999000999	1	0	0	INSUFFICIENT_SUPPORT
x002104	x037859	preferred	1000	0.000999000999	1	0	0	INSUFFICIENT_SUPPORT
x002104	x037862	preferred	1000	0.000999000999	1	0	0	INSUFFICIENT_SUPPORT
x002104	x037987	preferred	1000	0.000999000999	1	0	0	INSUFFICIENT_SUPPORT
x002104	x038107	preferred	1000	0.000999000999	1	0	0	INSUFFICIENT_SUPPORT
x002104	x038110	preferred	1000	0.000999000999	1	0	0	INSUFFICIENT_SUPPORT
x002104	x038537	preferred	1000	0.000999000999	1	0	0	INSUFFICIENT_SUPPORT
x002104	x038538	preferred	1000	0.000999000999	1	0	0	INSUFFICIENT_SUPPORT
x002104	x038539	preferred	1000	0.000999000999	1	0	0	INSUFFICIENT_SUPPORT
x002104	x038540	preferred	1000	0.000999000999	1	0	0	INSUFFICIENT_SUPPORT
x002104	x038543	preferred	1000	0.000999000999	1	0	0	INSUFFICIENT_SUPPORT
x002104	x041256	preferred	1000	0.000999000999	1	0	0	INSUFFICIENT_SUPPORT
x002104	x041442	preferred	1000	0.000999000999	1	0	0	INSUFFICIENT_SUPPORT
x002104	x042801	preferred	1000	0.000999000999	1	0	0	INSUFFICIENT_SUPPORT
x002104	x042802	preferred	1000	0.000999000999	1	0	0	INSUFFICIENT_SUPPORT
x002104	x042807	preferred	1000	0.000999000999	1	0	0	INSUFFICIENT_SUPPORT
x002105	x000105	preferred	1000	0.000999000999	1	0	0	INSUFFICIENT_SUPPORT
x002105	x000106	preferred	1000	0.000999000999	1	0	0	INSUFFICIENT_SUPPORT
x002105	x000107	preferred	1000	0.000999000999	1	0	0	INSUFFICIENT_SUPPORT
x002105	x000109	preferred	1000	0.000999000999	1	0	0	INSUFFICIENT_SUPPORT
x002105	x001392	preferred	1000	0.000999000999	1	0	0	INSUFFICIENT_SUPPORT
x002105	x001397	preferred	1000	0.000999000999	1	0	0	INSUFFICIENT_SUPPORT
x002105	x005104	preferred	1000	0.000999000999	1	0	0	INSUFFICIENT_SUPPORT
x002105	x017411	preferred	1000	0.000999000999	1	0	0	INSUFFICIENT_SUPPORT
x002105	x017413	preferred	1000	0.000999000999	1	0	0	INSUFFICIENT_SUPPORT
x002105	x017414	preferred	1000	0.000999000999	1	0	0	INSUFFICIENT_SUPPORT
x002105	x018497	preferred	1000	0.000999000999	1	0	0	INSUFFICIENT_SUPPORT
x002105	x018500	preferred	1000	0.000999000999	1	0	0	INSUFFICIENT_SUPPORT
x002105	x020016	preferred	1000	0.000999000999	1	0	0	INSUFFICIENT_SUPPORT
x002105	x020018	preferred	1000	0.000999000999	1	0	0	INSUFFICIENT_SUPPORT
x002105	x020019	preferred	1000	0.000999000999	1	0	0	INSUFFICIENT_SUPPORT
x002105	x024240	preferred	1000	0.000999000999	1	0	0	INSUFFICIENT_SUPPORT
x002105	x037856	preferred	1000	0.000999000999	1	0	0	INSUFFICIENT_SUPPORT
x002105	x037862	preferred	1000	0.000999000999	1	0	0	INSUFFICIENT_SUPPORT
x002105	x037956	preferred	1000	0.000999000999	1	0	0	INSUFFICIENT_SUPPORT
x002105	x037988	preferred	1000	0.000999000999	1	0	0	INSUFFICIENT_SUPPORT
x002105	x041256	preferred	1000	0.000999000999	1	0	0	INSUFFICIENT_SUPPORT
x002105	x041257	preferred	1000	0.000999000999	1	0	0	INSUFFICIENT_SUPPORT
x002105	x041259	preferred	1000	0.000999000999	1	0	0	INSUFFICIENT_SUPPORT
x002105	x041263	preferred	1000	0.000999000999	1	0	0	INSUFFICIENT_SUPPORT
x002105	x041440	preferred	1000	0.000999000999	1	0	0	INSUFFICIENT_SUPPORT
x002105	x042802	preferred	1000	0.000999000999	1	0	0	INSUFFICIENT_SUPPORT
x002106	x000104	preferred	1000	0.000999000999	1	0	0	INSUFFICIENT_SUPPORT
x002106	x000109	preferred	1000	0.000999000999	1	0	0	INSUFFICIENT_SUPPORT
x002106	x000110	preferred	1000	0.000999000999	1	0	0	INSUFFICIENT_SUPPORT
x002106	x001393	preferred	1000	0.000999000999	1	0	0	INSUFFICIENT_SUPPORT
x002106	x017408	preferred	1000	0.000999000999	1	0	0	INSUFFICIENT_SUPPORT
x002106	x017409	preferred	1000	0.000999000999	1	0	0	INSUFFICIENT_SUPPORT
x002106	x017410	preferred	1000	0.000999000999	1	0	0	INSUFFICIENT_SUPPORT
x002106	x018496	preferred	1000	0.000999000999	1	0	0	INSUFFICIENT_SUPPORT
x002106	x018500	preferred	1000	0.000999000999	1	0	0	INSUFFICIENT_SUPPORT
x002106	x018501	preferred	1000	0.000999000999	1	0	0	INSUFFICIENT_SUPPORT
x002106	x018502	preferred	1000	0.000999000999	1	0	0	INSUFFICIENT_SUPPORT
x002106	x018503	preferred	1000	0.000999000999	1	0	0	INSUFFICIENT_SUPPORT
x002106	x018565	preferred	1000	0.000999000999	1	0	0	INSUFFICIENT_SUPPORT
x002106	x020019	preferred	1000	0.000999000999	1	0	0	INSUFFICIENT_SUPPORT
x002106	x020023	preferred	1000	0.000999000999	1	0	0	INSUFFICIENT_SUPPORT
x002106	x037851	preferred	1000	0.000999000999	1	0	0	INSUFFICIENT_SUPPORT
x002106	x037861	preferred	1000	0.000999000999	1	0	0	INSUFFICIENT_SUPPORT
x002106	x037959	preferred	1000	0.000999000999	1	0	0	INSUFFICIENT_SUPPORT
x002106	x038540	preferred	1000	0.000999000999	1	0	0	INSUFFICIENT_SUPPORT
x002106	x038542	preferred	1000	0.000999000999	1	0	0	INSUFFICIENT_SUPPORT
x002106	x038543	preferred	1000	0.000999000999	1	0	0	INSUFFICIENT_SUPPORT
x002106	x041258	preferred	1000	0.000999000999	1	0	0	INSUFFICIENT_SUPPORT
x002106	x041260	preferred	1000	0.000999000999	1	0	0	INSUFFICIENT_SUPPORT
x002106	x041263	preferred	1000	0.000999000999	1	0	0	INSUFFICIENT_SUPPORT
x002106	x041440	preferred	1000	0.000999000999	1	0	0	INSUFFICIENT_SUPPORT
x002106	x041447	preferred	1000	0.000999000999	1	0	0	INSUFFICIENT_SUPPORT
x002106	x041584	preferred	1000	0.000999000999	1	0	0	INSUFFICIENT_SUPPORT
x002106	x042800	preferred	1000	0.000999000999	1	0	0	INSUFFICIENT_SUPPORT
x002107	x000107	preferred	1000	0.000999000999	1	0	0	INSUFFICIENT_SUPPORT
x002107	x000110	preferred	1000	0.000999000999	1	0	0	INSUFFICIENT_SUPPORT
x002107	x000111	preferred	1000	0.000999000999	1	0	0	INSUFFICIENT_SUPPORT
x002107	x001396	preferred	1000	0.000999000999	1	0	0	INSUFFICIENT_SUPPORT
x002107	x015285	preferred	1000	0.000999000999	1	0	0	INSUFFICIENT_SUPPORT
x002107	x016898	preferred	1000	0.000999000999	1	0	0	INSUFFICIENT_SUPPORT
x002107	x017409	preferred	1000	0.000999000999	1	0	0	INSUFFICIENT_SUPPORT
x002107	x017411	preferred	1000	0.000999000999	1	0	0	INSUFFICIENT_SUPPORT
x002107	x017415	preferred	1000	0.000999000999	1	0	0	INSUFFICIENT_SUPPORT
x002107	x017893	preferred	1000	0.000999000999	1	0	0	INSUFFICIENT_SUPPORT
x002107	x018497	preferred	1000	0.000999000999	1	0	0	INSUFFICIENT_SUPPORT
x002107	x018501	preferred	1000	0.000999000999	1	0	0	INSUFFICIENT_SUPPORT
x002107	x018503	preferred	1000	0.000999000999	1	0	0	INSUFFICIENT_SUPPORT
x002107	x018567	preferred	1000	0.000999000999	1	0	0	INSUFFICIENT_SUPPORT
x002107	x020022	preferred	1000	0.000999000999	1	0	0	INSUFFICIENT_SUPPORT
x002107	x024935	preferred	1000	0.000999000999	1	0	0	INSUFFICIENT_SUPPORT
x002107	x033096	preferred	1000	0.000999000999	1	0	0	INSUFFICIENT_SUPPORT
x002107	x033101	preferred	1000	0.000999000999	1	0	0	INSUFFICIENT_SUPPORT
x002107	x037858	preferred	1000	0.000999000999	1	0	0	INSUFFICIENT_SUPPORT
x002107	x037987	preferred	1000	0.000999000999	1	0	0	INSUFFICIENT_SUPPORT
x002107	x038108	preferred	1000	0.000999000999	1	0	0	INSUFFICIENT_SUPPORT
x002107	x038538	preferred	1000	0.000999000999	1	0	0	INSUFFICIENT_SUPPORT
x002107	x041257	preferred	1000	0.000999000999	1	0	0	INSUFFICIENT_SUPPORT
x002107	x041258	preferred	1000	0.000999000999	1	0	0	INSUFFICIENT_SUPPORT
x002107	x041440	preferred	1000	0.000999000999	1	0	0	INSUFFICIENT_SUPPORT
x002107	x041443	preferred	1000	0.000999000999	1	0	0	INSUFFICIENT_SUPPORT
x002107	x042803	preferred	1000	0.000999000999	1	0	0	INSUFFICIENT_SUPPORT
x002108	x000107	preferred	1000	0.000999000999	1	0	0	INSUFFICIENT_SUPPORT
x002108	x017408	preferred	1000	0.000999000999	1	0	0	INSUFFICIENT_SUPPORT
x002108	x017411	preferred	1000	0.000999000999	1	0	0	INSUFFICIENT_SUPPORT
x002108	x018498	preferred	1000	0.000999000999	1	0	0	INSUFFICIENT_SUPPORT
x002108	x018499	preferred	1000	0.000999000999	1	0	0	INSUFFICIENT_SUPPORT
x002108	x018501	preferred	1000	0.000999000999	1	0	0	INSUFFICIENT_SUPPORT
x002108	x018502	preferred	1000	0.000999000999	1	0	0	INSUFFICIENT_SUPPORT
x002108	x018878	preferred	1000	0.000999000999	1	0	0	INSUFFICIENT_SUPPORT
x002108	x020022	preferred	1000	0.000999000999	1	0	0	INSUFFICIENT_SUPPORT
x002108	x024928	preferred	1000	0.000999000999	1	0	0	INSUFFICIENT_SUPPORT
x002108	x033101	preferred	1000	0.000999000999	1	0	0	INSUFFICIENT_SUPPORT
x002108	x037857	preferred	1000	0.000999000999	1	0	0	INSUFFICIENT_SUPPORT
x002108	x037859	preferred	1000	0.000999000999	1	0	0	INSUFFICIENT_SUPPORT
x002108	x037957	preferred	1000	0.000999000999	1	0	0	INSUFFICIENT_SUPPORT
x002108	x037988	preferred	1000	0.000999000999	1	0	0	INSUFFICIENT_SUPPORT
x002108	x037990	preferred	1000	0.000999000999	1	0	0	INSUFFICIENT_SUPPORT
x002108	x038163	preferred	1000	0.000999000999	1	0	0	INSUFFICIENT_SUPPORT
x002108	x038538	preferred	1000	0.000999000999	1	0	0	INSUFFICIENT_SUPPORT
x002109	x000104	preferred	1000	0.000999000999	1	0	0	INSUFFICIENT_SUPPORT
x002109	x000105	preferred	1000	0.000999000999	1	0	0	INSUFFICIENT_SUPPORT
x002109	x000109	preferred	1000	0.000999000999	1	0	0	INSUFFICIENT_SUPPORT
x002109	x000111	preferred	1000	0.000999000999	1	0	0	INSUFFICIENT_SUPPORT
x002109	x001392	preferred	1000	0.000999000999	1	0	0	INSUFFICIENT_SUPPORT
x002109	x017409	preferred	1000	0.000999000999	1	0	0	INSUFFICIENT_SUPPORT
x002109	x017411	preferred	1000	0.000999000999	1	0	0	INSUFFICIENT_SUPPORT
x002109	x017412	preferred	1000	0.000999000999	1	0	0	INSUFFICIENT_SUPPORT
x002109	x017413	preferred	1000	0.000999000999	1	0	0	INSUFFICIENT_SUPPORT
x002109	x017414	preferred	1000	0.000999000999	1	0	0	INSUFFICIENT_SUPPORT
x002109	x017889	preferred	1000	0.000999000999	1	0	0	INSUFFICIENT_SUPPORT
x002109	x018499	preferred	1000	0.000999000999	1	0	0	INSUFFICIENT_SUPPORT
x002109	x018503	preferred	1000	0.000999000999	1	0	0	INSUFFICIENT_SUPPORT
x002109	x018565	preferred	1000	0.000999000999	1	0	0	INSUFFICIENT_SUPPORT
x002109	x020018	preferred	1000	0.000999000999	1	0	0	INSUFFICIENT_SUPPORT
x002109	x020021	preferred	1000	0.000999000999	1	0	0	INSUFFICIENT_SUPPORT
x002109	x024245	preferred	1000	0.000999000999	1	0	0	INSUFFICIENT_SUPPORT
x002109	x025551	preferred	1000	0.000999000999	1	0	0	INSUFFICIENT_SUPPORT
x002109	x037858	preferred	1000	0.000999000999	1	0	0	INSUFFICIENT_SUPPORT
x002109	x037862	preferred	1000	0.000999000999	1	0	0	INSUFFICIENT_SUPPORT
x002109	x038108	preferred	1000	0.000999000999	1	0	0	INSUFFICIENT_SUPPORT
x002109	x038536	preferred	1000	0.000999000999	1	0	0	INSUFFICIENT_SUPPORT
x002109	x038537	preferred	1000	0.000999000999	1	0	0	INSUFFICIENT_SUPPORT
x002109	x038539	preferred	1000	0.000999000999	1	0	0	INSUFFICIENT_SUPPORT
x002109	x038541	preferred	1000	0.000999000999	1	0	0	INSUFFICIENT_SUPPORT
x002109	x038543	preferred	1000	0.000999000999	1	0	0	INSUFFICIENT_SUPPORT
x002109	x041256	preferred	1000	0.000999000999	1	0	0	INSUFFICIENT_SUPPORT
x002109	x041259	preferred	1000	0.000999000999	1	0	0	INSUFFICIENT_SUPPORT
x002109	x041262	preferred	1000	0.000999000999	1	0	0	INSUFFICIENT_SUPPORT
x002110	x000104	preferred	1000	0.000999000999	1	0	0	INSUFFICIENT_SUPPORT
x002110	x000105	preferred	1000	0.000999000999	1	0	0	INSUFFICIENT_SUPPORT
x002110	x000110	preferred	1000	0.000999000999	1	0	0	INSUFFICIENT_SUPPORT
x002110	x001394	preferred	1000	0.000999000999	1	0	0	INSUFFICIENT_SUPPORT
x002110	x014831	preferred	1000	0.000999000999	1	0	0	INSUFFICIENT_SUPPORT
x002110	x017410	preferred	1000	0.000999000999	1	0	0	INSUFFICIENT_SUPPORT
x002110	x017415	preferred	1000	0.000999000999	1	0	0	INSUFFICIENT_SUPPORT
x002110	x018496	preferred	1000	0.000999000999	1	0	0	INSUFFICIENT_SUPPORT
x002110	x018500	preferred	1000	0.000999000999	1	0	0	INSUFFICIENT_SUPPORT
x002110	x018563	preferred	1000	0.000999000999	1	0	0	INSUFFICIENT_SUPPORT
x002110	x019712	preferred	1000	0.000999000999	1	0	0	INSUFFICIENT_SUPPORT
x002110	x025787	preferred	1000	0.000999000999	1	0	0	INSUFFICIENT_SUPPORT
x002110	x033098	preferred	1000	0.000999000999	1	0	0	INSUFFICIENT_SUPPORT
x002110	x037848	preferred	1000	0.000999000999	1	0	0	INSUFFICIENT_SUPPORT
x002110	x037988	preferred	1000	0.000999000999	1	0	0	INSUFFICIENT_SUPPORT
x002110	x038536	preferred	1000	0.000999000999	1	0	0	INSUFFICIENT_SUPPORT
x002110	x038542	preferred	1000	0.000999000999	1	0	0	INSUFFICIENT_SUPPORT
x002110	x041259	preferred	1000	0.000999000999	1	0	0	INSUFFICIENT_SUPPORT
x002110	x042803	preferred	1000	0.000999000999	1	0	0	INSUFFICIENT_SUPPORT
x002110	x042806	preferred	1000	0.000999000999	1	0	0	INSUFFICIENT_SUPPORT
x002110	x042807	preferred	1000	0.000999000999	1	0	0	INSUFFICIENT_SUPPORT
x002111	x000105	preferred	1000	0.000999000999	1	0	0	INSUFFICIENT_SUPPORT
x002111	x000106	preferred	1000	0.000999000999	1	0	0	INSUFFICIENT_SUPPORT
x002111	x000109	preferred	1000	0.000999000999	1	0	0	INSUFFICIENT_SUPPORT
x002111	x001394	preferred	1000	0.000999000999	1	0	0	INSUFFICIENT_SUPPORT
x002111	x017408	preferred	1000	0.000999000999	1	0	0	INSUFFICIENT_SUPPORT
x002111	x017410	preferred	1000	0.000999000999	1	0	0	INSUFFICIENT_SUPPORT
x002111	x017411	preferred	1000	0.000999000999	1	0	0	INSUFFICIENT_SUPPORT
x002111	x018496	preferred	1000	0.000999000999	1	0	0	INSUFFICIENT_SUPPORT
x002111	x018501	preferred	1000	0.000999000999	1	0	0	INSUFFICIENT_SUPPORT
x002111	x018502	preferred	1000	0.000999000999	1	0	0	INSUFFICIENT_SUPPORT
x002111	x018560	preferred	1000	0.000999000999	1	0	0	INSUFFICIENT_SUPPORT
x002111	x018565	preferred	1000	0.000999000999	1	0	0	INSUFFICIENT_SUPPORT
x002111	x018873	preferred	1000	0.000999000999	1	0	0	INSUFFICIENT_SUPPORT
x002111	x025743	preferred	1000	0.000999000999	1	0	0	INSUFFICIENT_SUPPORT
x002111	x025763	preferred	1000	0.000999000999	1	0	0	INSUFFICIENT_SUPPORT
x002111	x025767	preferred	1000	0.000999000999	1	0	0	INSUFFICIENT_SUPPORT
x002111	x037851	preferred	1000	0.000999000999	1	0	0	INSUFFICIENT_SUPPORT
x002111	x037853	preferred	1000	0.000999000999	1	0	0	INSUFFICIENT_SUPPORT
x002111	x037857	preferred	1000	0.000999000999	1	0	0	INSUFFICIENT_SUPPORT
x002111	x037861	preferred	1000	0.000999000999	1	0	0	INSUFFICIENT_SUPPORT
x002111	x037862	preferred	1000	0.000999000999	1	0	0	INSUFFICIENT_SUPPORT
x002111	x037953	preferred	1000	0.000999000999	1	0	0	INSUFFICIENT_SUPPORT
x002111	x037988	preferred	1000	0.000999000999	1	0	0	INSUFFICIENT_SUPPORT
x002111	x038537	preferred	1000	0.000999000999	1	0	0	INSUFFICIENT_SUPPORT
x002111	x038538	preferred	1000	0.000999000999	1	0	0	INSUFFICIENT_SUPPORT
x002111	x038540	preferred	1000	0.000999000999	1	0	0	INSUFFICIENT_SUPPORT
x002111	x038541	preferred	1000	0.000999000999	1	0	0	INSUFFICIENT_SUPPORT
x002111	x038543	preferred	1000	0.000999000999	1	0	0	INSUFFICIENT_SUPPORT
x002111	x041257	preferred	1000	0.000999000999	1	0	0	INSUFFICIENT_SUPPORT
x002111	x041263	preferred	1000	0.000999000999	1	0	0	INSUFFICIENT_SUPPORT
x002111	x041440	preferred	1000	0.000999000999	1	0	0	INSUFFICIENT_SUPPORT
x002111	x042802	preferred	1000	0.000999000999	1	0	0	INSUFFICIENT_SUPPORT
x002336	x000104	preferred	1000	0.000999000999	1	0	0	INSUFFICIENT_SUPPORT
x002336	x000108	preferred	1000	0.000999000999	1	0	0	INSUFFICIENT_SUPPORT
x002336	x000110	preferred	1000	0.000999000999	1	0	0	INSUFFICIENT_SUPPORT
x002336	x000111	preferred	1000	0.000999000999	1	0	0	INSUFFICIENT_SUPPORT
x002336	x017833	preferred	1000	0.000999000999	1	0	0	INSUFFICIENT_SUPPORT
x002336	x017837	preferred	1000	0.000999000999	1	0	0	INSUFFICIENT_SUPPORT
x002336	x017895	preferred	1000	0.000999000999	1	0	0	INSUFFICIENT_SUPPORT
x002336	x022952	preferred	1000	0.000999000999	1	0	0	INSUFFICIENT_SUPPORT
x002336	x022954	preferred	1000	0.000999000999	1	0	0	INSUFFICIENT_SUPPORT
x002336	x037849	preferred	1000	0.000999000999	1	0	0	INSUFFICIENT_SUPPORT
x002336	x037856	preferred	1000	0.000999000999	1	0	0	INSUFFICIENT_SUPPORT
x002336	x037857	preferred	1000	0.000999000999	1	0	0	INSUFFICIENT_SUPPORT
x002336	x037858	preferred	1000	0.000999000999	1	0	0	INSUFFICIENT_SUPPORT
x002336	x037859	preferred	1000	0.000999000999	1	0	0	INSUFFICIENT_SUPPORT
x002336	x037860	preferred	1000	0.000999000999	1	0	0	INSUFFICIENT_SUPPORT
x002336	x038105	preferred	1000	0.000999000999	1	0	0	INSUFFICIENT_SUPPORT
x002336	x038106	preferred	1000	0.000999000999	1	0	0	INSUFFICIENT_SUPPORT
x002336	x038109	preferred	1000	0.000999000999	1	0	0	INSUFFICIENT_SUPPORT
x002336	x040258	preferred	1000	0.000999000999	1	0	0	INSUFFICIENT_SUPPORT
x002336	x040260	preferred	1000	0.000999000999	1	0	0	INSUFFICIENT_SUPPORT
x002337	x000107	preferred	1000	0.000999000999	1	0	0	INSUFFICIENT_SUPPORT
x002337	x000108	preferred	1000	0.000999000999	1	0	0	INSUFFICIENT_SUPPORT
x002337	x001095	preferred	1000	0.000999000999	1	0	0	INSUFFICIENT_SUPPORT
x002337	x017891	preferred	1000	0.000999000999	1	0	0	INSUFFICIENT_SUPPORT
x002337	x017893	preferred	1000	0.000999000999	1	0	0	INSUFFICIENT_SUPPORT
x002337	x020021	preferred	1000	0.000999000999	1	0	0	INSUFFICIENT_SUPPORT
x002337	x024930	preferred	1000	0.000999000999	1	0	0	INSUFFICIENT_SUPPORT
x002337	x025551	preferred	1000	0.000999000999	1	0	0	INSUFFICIENT_SUPPORT
x002337	x037856	preferred	1000	0.000999000999	1	0	0	INSUFFICIENT_SUPPORT
x002337	x037857	preferred	1000	0.000999000999	1	0	0	INSUFFICIENT_SUPPORT
x002337	x037858	preferred	1000	0.000999000999	1	0	0	INSUFFICIENT_SUPPORT
x002337	x037859	preferred	1000	0.000999000999	1	0	0	INSUFFICIENT_SUPPORT
x002337	x037860	preferred	1000	0.000999000999	1	0	0	INSUFFICIENT_SUPPORT
x002337	x037863	preferred	1000	0.000999000999	1	0	0	INSUFFICIENT_SUPPORT
x002337	x038108	preferred	1000	0.000999000999	1	0	0	INSUFFICIENT_SUPPORT
x002337	x041661	preferred	1000	0.000999000999	1	0	0	INSUFFICIENT_SUPPORT
x002337	x042823	preferred	1000	0.000999000999	1	0	0	INSUFFICIENT_SUPPORT
x002338	x000106	preferred	1000	0.000999000999	1	0	0	INSUFFICIENT_SUPPORT
x002338	x001089	preferred	1000	0.000999000999	1	0	0	INSUFFICIENT_SUPPORT
x002338	x001092	preferred	1000	0.000999000999	1	0	0	INSUFFICIENT_SUPPORT
x002338	x001637	preferred	1000	0.000999000999	1	0	0	INSUFFICIENT_SUPPORT
x002338	x017672	preferred	1000	0.000999000999	1	0	0	INSUFFICIENT_SUPPORT
x002338	x017834	preferred	1000	0.000999000999	1	0	0	INSUFFICIENT_SUPPORT
x002338	x017891	preferred	1000	0.000999000999	1	0	0	INSUFFICIENT_SUPPORT
x002338	x020020	preferred	1000	0.000999000999	1	0	0	INSUFFICIENT_SUPPORT
x002338	x022958	preferred	1000	0.000999000999	1	0	0	INSUFFICIENT_SUPPORT
x002338	x024241	preferred	1000	0.000999000999	1	0	0	INSUFFICIENT_SUPPORT
x002338	x025544	preferred	1000	0.000999000999	1	0	0	INSUFFICIENT_SUPPORT
x002338	x025550	preferred	1000	0.000999000999	1	0	0	INSUFFICIENT_SUPPORT
x002338	x034498	preferred	1000	0.000999000999	1	0	0	INSUFFICIENT_SUPPORT
x002338	x037851	preferred	1000	0.000999000999	1	0	0	INSUFFICIENT_SUPPORT
x002338	x037856	preferred	1000	0.000999000999	1	0	0	INSUFFICIENT_SUPPORT
x002338	x037857	preferred	1000	0.000999000999	1	0	0	INSUFFICIENT_SUPPORT
x002338	x037859	preferred	1000	0.000999000999	1	0	0	INSUFFICIENT_SUPPORT
x002338	x037860	preferred	1000	0.000999000999	1	0	0	INSUFFICIENT_SUPPORT
x002338	x037861	preferred	1000	0.000999000999	1	0	0	INSUFFICIENT_SUPPORT
x002338	x037862	preferred	1000	0.000999000999	1	0	0	INSUFFICIENT_SUPPORT
x002338	x037863	preferred	1000	0.000999000999	1	0	0	INSUFFICIENT_SUPPORT
x002338	x038105	preferred	1000	0.000999000999	1	0	0	INSUFFICIENT_SUPPORT
x002338	x040256	preferred	1000	0.000999000999	1	0	0	INSUFFICIENT_SUPPORT
x002338	x041663	preferred	1000	0.000999000999	1	0	0	INSUFFICIENT_SUPPORT
x002339	x000110	preferred	1000	0.000999000999	1	0	0	INSUFFICIENT_SUPPORT
x002339	x001095	preferred	1000	0.000999000999	1	0	0	INSUFFICIENT_SUPPORT
x002339	x014830	preferred	1000	0.000999000999	1	0	0	INSUFFICIENT_SUPPORT
x002339	x017038	preferred	1000	0.000999000999	1	0	0	INSUFFICIENT_SUPPORT
x002339	x017888	preferred	1000	0.000999000999	1	0	0	INSUFFICIENT_SUPPORT
x002339	x020018	preferred	1000	0.000999000999	1	0	0	INSUFFICIENT_SUPPORT
x002339	x022953	preferred	1000	0.000999000999	1	0	0	INSUFFICIENT_SUPPORT
x002339	x022958	preferred	1000	0.000999000999	1	0	0	INSUFFICIENT_SUPPORT
x002339	x025545	preferred	1000	0.000999000999	1	0	0	INSUFFICIENT_SUPPORT
x002339	x025546	preferred	1000	0.000999000999	1	0	0	INSUFFICIENT_SUPPORT
x002339	x037852	preferred	1000	0.000999000999	1	0	0	INSUFFICIENT_SUPPORT
x002339	x037853	preferred	1000	0.000999000999	1	0	0	INSUFFICIENT_SUPPORT
x002339	x037857	preferred	1000	0.000999000999	1	0	0	INSUFFICIENT_SUPPORT
x002339	x037858	preferred	1000	0.000999000999	1	0	0	INSUFFICIENT_SUPPORT
x002339	x037859	preferred	1000	0.000999000999	1	0	0	INSUFFICIENT_SUPPORT
x002339	x037860	preferred	1000	0.000999000999	1	0	0	INSUFFICIENT_SUPPORT
x002339	x037862	preferred	1000	0.000999000999	1	0	0	INSUFFICIENT_SUPPORT
x002339	x037863	preferred	1000	0.000999000999	1	0	0	INSUFFICIENT_SUPPORT
x002339	x038111	preferred	1000	0.000999000999	1	0	0	INSUFFICIENT_SUPPORT
x002340	x000108	preferred	1000	0.000999000999	1	0	0	INSUFFICIENT_SUPPORT
x002340	x000111	preferred	1000	0.000999000999	1	0	0	INSUFFICIENT_SUPPORT
x002340	x017837	preferred	1000	0.000999000999	1	0	0	INSUFFICIENT_SUPPORT
x002340	x020019	preferred	1000	0.000999000999	1	0	0	INSUFFICIENT_SUPPORT
x002340	x022955	preferred	1000	0.000999000999	1	0	0	INSUFFICIENT_SUPPORT
x002340	x024247	preferred	1000	0.000999000999	1	0	0	INSUFFICIENT_SUPPORT
x002340	x025550	preferred	1000	0.000999000999	1	0	0	INSUFFICIENT_SUPPORT
x002340	x025762	preferred	1000	0.000999000999	1	0	0	INSUFFICIENT_SUPPORT
x002340	x037848	preferred	1000	0.000999000999	1	0	0	INSUFFICIENT_SUPPORT
x002340	x037857	preferred	1000	0.000999000999	1	0	0	INSUFFICIENT_SUPPORT
x002340	x037858	preferred	1000	0.000999000999	1	0	0	INSUFFICIENT_SUPPORT
x002340	x037859	preferred	1000	0.000999000999	1	0	0	INSUFFICIENT_SUPPORT
x002340	x037860	preferred	1000	0.000999000999	1	0	0	INSUFFICIENT_SUPPORT
x002340	x037861	preferred	1000	0.000999000999	1	0	0	INSUFFICIENT_SUPPORT
x002340	x037862	preferred	1000	0.000999000999	1	0	0	INSUFFICIENT_SUPPORT
x002340	x037863	preferred	1000	0.000999000999	1	0	0	INSUFFICIENT_SUPPORT
x002340	x038109	preferred	1000	0.000999000999	1	0	0	INSUFFICIENT_SUPPORT
x002340	x041657	preferred	1000	0.000999000999	1	0	0	INSUFFICIENT_SUPPORT
x002341	x000108	preferred	1000	0.000999000999	1	0	0	INSUFFICIENT_SUPPORT
x002341	x000109	preferred	1000	0.000999000999	1	0	0	INSUFFICIENT_SUPPORT
x002341	x000111	preferred	1000	0.000999000999	1	0	0	INSUFFICIENT_SUPPORT
x002341	x001090	preferred	1000	0.000999000999	1	0	0	INSUFFICIENT_SUPPORT
x002341	x001637	preferred	1000	0.000999000999	1	0	0	INSUFFICIENT_SUPPORT
x002341	x017839	preferred	1000	0.000999000999	1	0	0	INSUFFICIENT_SUPPORT
x002341	x017890	preferred	1000	0.000999000999	1	0	0	INSUFFICIENT_SUPPORT
x002341	x022956	preferred	1000	0.000999000999	1	0	0	INSUFFICIENT_SUPPORT
x002341	x024245	preferred	1000	0.000999000999	1	0	0	INSUFFICIENT_SUPPORT
x002341	x024802	preferred	1000	0.000999000999	1	0	0	INSUFFICIENT_SUPPORT
x002341	x025551	preferred	1000	0.000999000999	1	0	0	INSUFFICIENT_SUPPORT
x002341	x025767	preferred	1000	0.000999000999	1	0	0	INSUFFICIENT_SUPPORT
x002341	x037848	preferred	1000	0.000999000999	1	0	0	INSUFFICIENT_SUPPORT
x002341	x037849	preferred	1000	0.000999000999	1	0	0	INSUFFICIENT_SUPPORT
x002341	x037856	preferred	1000	0.000999000999	1	0	0	INSUFFICIENT_SUPPORT
x002341	x037857	preferred	1000	0.000999000999	1	0	0	INSUFFICIENT_SUPPORT
x002341	x037858	preferred	1000	0.000999000999	1	0	0	INSUFFICIENT_SUPPORT
x002341	x037859	preferred	1000	0.000999000999	1	0	0	INSUFFICIENT_SUPPORT
x002341	x037860	preferred	1000	0.000999000999	1	0	0	INSUFFICIENT_SUPPORT
x002341	x037862	preferred	1000	0.000999000999	1	0	0	INSUFFICIENT_SUPPORT
x002341	x037863	preferred	1000	0.000999000999	1	0	0	INSUFFICIENT_SUPPORT
x002341	x038104	preferred	1000	0.000999000999	1	0	0	INSUFFICIENT_SUPPORT
x002341	x038111	preferred	1000	0.000999000999	1	0	0	INSUFFICIENT_SUPPORT
x002341	x040261	preferred	1000	0.000999000999	1	0	0	INSUFFICIENT_SUPPORT
x002341	x040263	preferred	1000	0.000999000999	1	0	0	INSUFFICIENT_SUPPORT
x002341	x042817	preferred	1000	0.000999000999	1	0	0	INSUFFICIENT_SUPPORT
x002342	x001090	preferred	1000	0.000999000999	1	0	0	INSUFFICIENT_SUPPORT
x002342	x001091	preferred	1000	0.000999000999	1	0	0	INSUFFICIENT_SUPPORT
x002342	x005107	preferred	1000	0.000999000999	1	0	0	INSUFFICIENT_SUPPORT
x002342	x017889	preferred	1000	0.000999000999	1	0	0	INSUFFICIENT_SUPPORT
x002342	x018502	preferred	1000	0.000999000999	1	0	0	INSUFFICIENT_SUPPORT
x002342	x024242	preferred	1000	0.000999000999	1	0	0	INSUFFICIENT_SUPPORT
x002342	x024802	preferred	1000	0.000999000999	1	0	0	INSUFFICIENT_SUPPORT
x002342	x025659	preferred	1000	0.000999000999	1	0	0	INSUFFICIENT_SUPPORT
x002342	x037856	preferred	1000	0.000999000999	1	0	0	INSUFFICIENT_SUPPORT
x002342	x037857	preferred	1000	0.000999000999	1	0	0	INSUFFICIENT_SUPPORT
x002342	x037858	preferred	1000	0.000999000999	1	0	0	INSUFFICIENT_SUPPORT
x002342	x037859	preferred	1000	0.000999000999	1	0	0	INSUFFICIENT_SUPPORT
x002342	x037860	preferred	1000	0.000999000999	1	0	0	INSUFFICIENT_SUPPORT
x002342	x037862	preferred	1000	0.000999000999	1	0	0	INSUFFICIENT_SUPPORT
x002342	x037863	preferred	1000	0.000999000999	1	0	0	INSUFFICIENT_SUPPORT
x002342	x038107	preferred	1000	0.000999000999	1	0	0	INSUFFICIENT_SUPPORT
x002342	x040257	preferred	1000	0.000999000999	1	0	0	INSUFFICIENT_SUPPORT
x002342	x040260	preferred	1000	0.000999000999	1	0	0	INSUFFICIENT_SUPPORT
x002343	x000104	preferred	1000	0.000999000999	1	0	0	INSUFFICIENT_SUPPORT
x002343	x000105	preferred	1000	0.000999000999	1	0	0	INSUFFICIENT_SUPPORT
x002343	x000106	preferred	1000	0.000999000999	1	0	0	INSUFFICIENT_SUPPORT
x002343	x000111	preferred	1000	0.000999000999	1	0	0	INSUFFICIENT_SUPPORT
x002343	x017833	preferred	1000	0.000999000999	1	0	0	INSUFFICIENT_SUPPORT
x002343	x017893	preferred	1000	0.000999000999	1	0	0	INSUFFICIENT_SUPPORT
x002343	x020019	preferred	1000	0.000999000999	1	0	0	INSUFFICIENT_SUPPORT
x002343	x020021	preferred	1000	0.000999000999	1	0	0	INSUFFICIENT_SUPPORT
x002343	x022957	preferred	1000	0.000999000999	1	0	0	INSUFFICIENT_SUPPORT
x002343	x024243	preferred	1000	0.000999000999	1	0	0	INSUFFICIENT_SUPPORT
x002343	x037858	preferred	1000	0.000999000999	1	0	0	INSUFFICIENT_SUPPORT
x002343	x037860	preferred	1000	0.000999000999	1	0	0	INSUFFICIENT_SUPPORT
x002343	x037861	preferred	1000	0.000999000999	1	0	0	INSUFFICIENT_SUPPORT
x002343	x037862	preferred	1000	0.000999000999	1	0	0	INSUFFICIENT_SUPPORT
x002343	x037863	preferred	1000	0.000999000999	1	0	0	INSUFFICIENT_SUPPORT
x002343	x040262	preferred	1000	0.000999000999	1	0	0	INSUFFICIENT_SUPPORT
x002615	x018503	preferred	1000	0.000999000999	1	0	0	INSUFFICIENT_SUPPORT
x002615	x018874	preferred	1000	0.000999000999	1	0	0	INSUFFICIENT_SUPPORT
x002615	x019713	preferred	1000	0.000999000999	1	0	0	INSUFFICIENT_SUPPORT
x002615	x019714	preferred	1000	0.000999000999	1	0	0	INSUFFICIENT_SUPPORT
x002615	x024931	preferred	1000	0.000999000999	1	0	0	INSUFFICIENT_SUPPORT
x002615	x038538	preferred	1000	0.000999000999	1	0	0	INSUFFICIENT_SUPPORT
x002615	x041118	preferred	1000	0.000999000999	1	0	0	INSUFFICIENT_SUPPORT
x002976	x001399	preferred	1000	0.000999000999	1	0	0	INSUFFICIENT_SUPPORT
x002976	x018501	preferred	1000	0.000999000999	1	0	0	INSUFFICIENT_SUPPORT
x002976	x025393	preferred	1000	0.000999000999	1	0	0	INSUFFICIENT_SUPPORT
x002976	x025399	preferred	1000	0.000999000999	1	0	0	INSUFFICIENT_SUPPORT
x002976	x034498	preferred	1000	0.000999000999	1	0	0	INSUFFICIENT_SUPPORT
x002977	x000105	preferred	1000	0.000999000999	1	0	0	INSUFFICIENT_SUPPORT
x002977	x000107	preferred	1000	0.000999000999	1	0	0	INSUFFICIENT_SUPPORT
x002977	x001399	preferred	1000	0.000999000999	1	0	0	INSUFFICIENT_SUPPORT
x002977	x002107	preferred	1000	0.000999000999	1	0	0	INSUFFICIENT_SUPPORT
x002977	x002109	preferred	1000	0.000999000999	1	0	0	INSUFFICIENT_SUPPORT
x002977	x002342	preferred	1000	0.000999000999	1	0	0	INSUFFICIENT_SUPPORT
x002977	x017411	preferred	1000	0.000999000999	1	0	0	INSUFFICIENT_SUPPORT
x002977	x018877	preferred	1000	0.000999000999	1	0	0	INSUFFICIENT_SUPPORT
x002977	x024805	preferred	1000	0.000999000999	1	0	0	INSUFFICIENT_SUPPORT
x002977	x025394	preferred	1000	0.000999000999	1	0	0	INSUFFICIENT_SUPPORT
x002977	x025396	preferred	1000	0.000999000999	1	0	0	INSUFFICIENT_SUPPORT
x002977	x034498	preferred	1000	0.000999000999	1	0	0	INSUFFICIENT_SUPPORT
x002977	x038540	preferred	1000	0.000999000999	1	0	0	INSUFFICIENT_SUPPORT
x002977	x042108	preferred	1000	0.000999000999	1	0	0	INSUFFICIENT_SUPPORT
x002978	x000107	preferred	1000	0.000999000999	1	0	0	INSUFFICIENT_SUPPORT
x002978	x000110	preferred	1000	0.000999000999	1	0	0	INSUFFICIENT_SUPPORT
x002978	x000111	preferred	1000	0.000999000999	1	0	0	INSUFFICIENT_SUPPORT
x002978	x001395	preferred	1000	0.000999000999	1	0	0	INSUFFICIENT_SUPPORT
x002978	x002337	preferred	1000	0.000999000999	1	0	0	INSUFFICIENT_SUPPORT
x002978	x018503	preferred	1000	0.000999000999	1	0	0	INSUFFICIENT_SUPPORT
x002978	x018878	preferred	1000	0.000999000999	1	0	0	INSUFFICIENT_SUPPORT
x002978	x025393	preferred	1000	0.000999000999	1	0	0	INSUFFICIENT_SUPPORT
x002978	x034678	preferred	1000	0.000999000999	1	0	0	INSUFFICIENT_SUPPORT
x002978	x037862	preferred	1000	0.000999000999	1	0	0	INSUFFICIENT_SUPPORT
x002978	x037954	preferred	1000	0.000999000999	1	0	0	INSUFFICIENT_SUPPORT
x002978	x040634	preferred	1000	0.000999000999	1	0	0	INSUFFICIENT_SUPPORT
x002979	x000105	depleted	1000	0.984015984	1	0	1	INSUFFICIENT_SUPPORT
x002979	x000107	preferred	1000	1	1	0	1	INSUFFICIENT_SUPPORT
x002979	x000109	depleted	1000	0.983016983	1	0	1	INSUFFICIENT_SUPPORT
x002979	x000111	preferred	1000	1	1	0	1	INSUFFICIENT_SUPPORT
x002979	x002104	preferred	1000	1	1	0	1	INSUFFICIENT_SUPPORT
x002979	x002338	preferred	1000	1	1	0	1	INSUFFICIENT_SUPPORT
x002979	x002341	preferred	1000	1	1	0	1	INSUFFICIENT_SUPPORT
x002979	x017888	depleted	1000	0.978021978	1	0	1	INSUFFICIENT_SUPPORT
x002979	x025548	preferred	1000	0.01698301698	1	1	1	INSUFFICIENT_SUPPORT
x002979	x034496	preferred	1000	1	1	0	1	INSUFFICIENT_SUPPORT
x002979	x037858	depleted	1000	0.959040959	1	0	1	INSUFFICIENT_SUPPORT
x002979	x037859	depleted	1000	0.955044955	1	0	1	INSUFFICIENT_SUPPORT
x002979	x038540	depleted	1000	1	1	0	1	INSUFFICIENT_SUPPORT
x002979	x040213	preferred	1000	1	1	0	1	INSUFFICIENT_SUPPORT
x002979	x042801	depleted	1000	0.99000999	1	0	1	INSUFFICIENT_SUPPORT
x002980	x000106	preferred	1000	0.000999000999	1	0	0	INSUFFICIENT_SUPPORT
x002980	x000107	preferred	1000	0.000999000999	1	0	0	INSUFFICIENT_SUPPORT
x002980	x000110	preferred	1000	0.000999000999	1	0	0	INSUFFICIENT_SUPPORT
x002980	x002107	preferred	1000	0.000999000999	1	0	0	INSUFFICIENT_SUPPORT
x002980	x002336	preferred	1000	0.000999000999	1	0	0	INSUFFICIENT_SUPPORT
x002980	x002337	preferred	1000	0.000999000999	1	0	0	INSUFFICIENT_SUPPORT
x002980	x025398	preferred	1000	0.000999000999	1	0	0	INSUFFICIENT_SUPPORT
x002980	x025787	preferred	1000	0.000999000999	1	0	0	INSUFFICIENT_SUPPORT
x002980	x034496	preferred	1000	0.000999000999	1	0	0	INSUFFICIENT_SUPPORT
x002980	x037859	preferred	1000	0.000999000999	1	0	0	INSUFFICIENT_SUPPORT
x002980	x037862	preferred	1000	0.000999000999	1	0	0	INSUFFICIENT_SUPPORT
x002980	x038542	preferred	1000	0.000999000999	1	0	0	INSUFFICIENT_SUPPORT
x002981	x000104	preferred	1000	0.000999000999	1	0	0	INSUFFICIENT_SUPPORT
x002981	x000105	preferred	1000	0.000999000999	1	0	0	INSUFFICIENT_SUPPORT
x002981	x000107	preferred	1000	0.000999000999	1	0	0	INSUFFICIENT_SUPPORT
x002981	x000110	preferred	1000	0.000999000999	1	0	0	INSUFFICIENT_SUPPORT
x002981	x000111	preferred	1000	0.000999000999	1	0	0	INSUFFICIENT_SUPPORT
x002981	x018876	preferred	1000	0.000999000999	1	0	0	INSUFFICIENT_SUPPORT
x002981	x018878	preferred	1000	0.000999000999	1	0	0	INSUFFICIENT_SUPPORT
x002981	x025394	preferred	1000	0.000999000999	1	0	0	INSUFFICIENT_SUPPORT
x002981	x025396	preferred	1000	0.000999000999	1	0	0	INSUFFICIENT_SUPPORT
x002981	x037861	preferred	1000	0.000999000999	1	0	0	INSUFFICIENT_SUPPORT
x002981	x037863	preferred	1000	0.000999000999	1	0	0	INSUFFICIENT_SUPPORT
x002981	x039660	preferred	1000	0.000999000999	1	0	0	INSUFFICIENT_SUPPORT
x002981	x040637	preferred	1000	0.000999000999	1	0	0	INSUFFICIENT_SUPPORT
x002981	x042108	preferred	1000	0.000999000999	1	0	0	INSUFFICIENT_SUPPORT
x002981	x042109	preferred	1000	0.000999000999	1	0	0	INSUFFICIENT_SUPPORT
x002982	x000106	depleted	1000	0.987012987	1	0	1	INSUFFICIENT_SUPPORT
x002982	x002340	depleted	1000	1	1	0	1	INSUFFICIENT_SUPPORT
x002982	x024803	preferred	1000	1	1	0	1	INSUFFICIENT_SUPPORT
x002982	x024805	preferred	1000	1	1	0	1	INSUFFICIENT_SUPPORT
x002982	x025396	depleted	1000	0.985014985	1	0	1	INSUFFICIENT_SUPPORT
x002982	x025397	preferred	1000	1	1	0	1	INSUFFICIENT_SUPPORT
x002982	x040210	preferred	1000	1	1	0	1	INSUFFICIENT_SUPPORT
x002982	x040637	preferred	1000	0.01698301698	1	1	1	INSUFFICIENT_SUPPORT
x002983	x000109	preferred	1000	0.000999000999	1	0	0	INSUFFICIENT_SUPPORT
x002983	x000111	preferred	1000	0.000999000999	1	0	0	INSUFFICIENT_SUPPORT
x002983	x001088	preferred	1000	0.000999000999	1	0	0	INSUFFICIENT_SUPPORT
x002983	x001398	preferred	1000	0.000999000999	1	0	0	INSUFFICIENT_SUPPORT
x002983	x002615	preferred	1000	0.000999000999	1	0	0	INSUFFICIENT_SUPPORT
x002983	x018560	preferred	1000	0.000999000999	1	0	0	INSUFFICIENT_SUPPORT
x002983	x024805	preferred	1000	0.000999000999	1	0	0	INSUFFICIENT_SUPPORT
x002983	x025396	preferred	1000	0.000999000999	1	0	0	INSUFFICIENT_SUPPORT
x002983	x034503	preferred	1000	0.000999000999	1	0	0	INSUFFICIENT_SUPPORT
x003192	x000107	preferred	1000	0.000999000999	1	0	0	INSUFFICIENT_SUPPORT
x003192	x002338	preferred	1000	0.000999000999	1	0	0	INSUFFICIENT_SUPPORT
x003192	x023865	preferred	1000	0.000999000999	1	0	0	INSUFFICIENT_SUPPORT
x003192	x024245	preferred	1000	0.000999000999	1	0	0	INSUFFICIENT_SUPPORT
x003192	x025545	preferred	1000	0.000999000999	1	0	0	INSUFFICIENT_SUPPORT
x003192	x034499	preferred	1000	0.000999000999	1	0	0	INSUFFICIENT_SUPPORT
x003192	x038110	preferred	1000	0.000999000999	1	0	0	INSUFFICIENT_SUPPORT
x003193	x000104	preferred	1000	0.000999000999	1	0	0	INSUFFICIENT_SUPPORT
x003193	x018875	preferred	1000	0.000999000999	1	0	0	INSUFFICIENT_SUPPORT
x003193	x040222	preferred	1000	0.000999000999	1	0	0	INSUFFICIENT_SUPPORT
x003193	x041259	preferred	1000	0.000999000999	1	0	0	INSUFFICIENT_SUPPORT
x003194	x002341	preferred	1000	0.000999000999	1	0	0	INSUFFICIENT_SUPPORT
x003194	x018876	preferred	1000	0.000999000999	1	0	0	INSUFFICIENT_SUPPORT
x003194	x040632	preferred	1000	0.000999000999	1	0	0	INSUFFICIENT_SUPPORT
x003195	x025535	preferred	1000	0.000999000999	1	0	0	INSUFFICIENT_SUPPORT
x003195	x037862	preferred	1000	0.000999000999	1	0	0	INSUFFICIENT_SUPPORT
x003195	x037957	preferred	1000	0.000999000999	1	0	0	INSUFFICIENT_SUPPORT
x003196	x000109	preferred	1000	0.000999000999	1	0	0	INSUFFICIENT_SUPPORT
x003196	x000110	preferred	1000	0.000999000999	1	0	0	INSUFFICIENT_SUPPORT
x003196	x002337	preferred	1000	0.000999000999	1	0	0	INSUFFICIENT_SUPPORT
x003196	x018875	preferred	1000	0.000999000999	1	0	0	INSUFFICIENT_SUPPORT
x003196	x037857	preferred	1000	0.000999000999	1	0	0	INSUFFICIENT_SUPPORT
x003197	x018875	preferred	1000	0.000999000999	1	0	0	INSUFFICIENT_SUPPORT
x003197	x025532	preferred	1000	0.000999000999	1	0	0	INSUFFICIENT_SUPPORT
x003197	x025786	preferred	1000	0.000999000999	1	0	0	INSUFFICIENT_SUPPORT
x003197	x040215	preferred	1000	0.000999000999	1	0	0	INSUFFICIENT_SUPPORT
x003197	x040637	preferred	1000	0.000999000999	1	0	0	INSUFFICIENT_SUPPORT
x003198	x000107	preferred	1000	0.000999000999	1	0	0	INSUFFICIENT_SUPPORT
x003198	x002107	preferred	1000	0.000999000999	1	0	0	INSUFFICIENT_SUPPORT
x003198	x024246	preferred	1000	0.000999000999	1	0	0	INSUFFICIENT_SUPPORT
x003198	x024671	preferred	1000	0.000999000999	1	0	0	INSUFFICIENT_SUPPORT
x003198	x034496	preferred	1000	0.000999000999	1	0	0	INSUFFICIENT_SUPPORT
x003198	x034676	preferred	1000	0.000999000999	1	0	0	INSUFFICIENT_SUPPORT
x003198	x037858	preferred	1000	0.000999000999	1	0	0	INSUFFICIENT_SUPPORT
x003198	x037862	preferred	1000	0.000999000999	1	0	0	INSUFFICIENT_SUPPORT
x003198	x038541	preferred	1000	0.000999000999	1	0	0	INSUFFICIENT_SUPPORT
x003198	x040214	preferred	1000	0.000999000999	1	0	0	INSUFFICIENT_SUPPORT
x003199	x000109	preferred	1000	0.000999000999	1	0	0	INSUFFICIENT_SUPPORT
x003199	x034674	preferred	1000	0.000999000999	1	0	0	INSUFFICIENT_SUPPORT
x003239	x005077	preferred	1000	0.000999000999	1	0	0	INSUFFICIENT_SUPPORT
x003239	x014826	preferred	1000	0.000999000999	1	0	0	INSUFFICIENT_SUPPORT
x003239	x017409	preferred	1000	0.000999000999	1	0	0	INSUFFICIENT_SUPPORT
x003239	x018501	preferred	1000	0.000999000999	1	0	0	INSUFFICIENT_SUPPORT
x003239	x037856	preferred	1000	0.000999000999	1	0	0	INSUFFICIENT_SUPPORT
x003239	x041256	preferred	1000	0.000999000999	1	0	0	INSUFFICIENT_SUPPORT
x003701	x022522	preferred	1000	0.000999000999	1	0	0	INSUFFICIENT_SUPPORT
x003701	x034501	preferred	1000	0.000999000999	1	0	0	INSUFFICIENT_SUPPORT
x003701	x042106	preferred	1000	0.000999000999	1	0	0	INSUFFICIENT_SUPPORT
x003701	x042107	preferred	1000	0.000999000999	1	0	0	INSUFFICIENT_SUPPORT
x004345	x001424	preferred	1000	0.000999000999	1	0	0	INSUFFICIENT_SUPPORT
x004345	x017412	preferred	1000	0.000999000999	1	0	0	INSUFFICIENT_SUPPORT
x004345	x017413	preferred	1000	0.000999000999	1	0	0	INSUFFICIENT_SUPPORT
x004345	x018873	preferred	1000	0.000999000999	1	0	0	INSUFFICIENT_SUPPORT
x004345	x038539	preferred	1000	0.000999000999	1	0	0	INSUFFICIENT_SUPPORT
x004345	x041656	preferred	1000	0.000999000999	1	0	0	INSUFFICIENT_SUPPORT
x004345	x041659	preferred	1000	0.000999000999	1	0	0	INSUFFICIENT_SUPPORT
x005072	x001396	preferred	1000	0.000999000999	1	0	0	INSUFFICIENT_SUPPORT
x005072	x002111	preferred	1000	0.000999000999	1	0	0	INSUFFICIENT_SUPPORT
x005072	x002341	preferred	1000	0.000999000999	1	0	0	INSUFFICIENT_SUPPORT
x005072	x017409	preferred	1000	0.000999000999	1	0	0	INSUFFICIENT_SUPPORT
x005072	x017412	preferred	1000	0.000999000999	1	0	0	INSUFFICIENT_SUPPORT
x005072	x017415	preferred	1000	0.000999000999	1	0	0	INSUFFICIENT_SUPPORT
x005072	x017891	preferred	1000	0.000999000999	1	0	0	INSUFFICIENT_SUPPORT
x005072	x018496	preferred	1000	0.000999000999	1	0	0	INSUFFICIENT_SUPPORT
x005072	x018497	preferred	1000	0.000999000999	1	0	0	INSUFFICIENT_SUPPORT
x005072	x018499	preferred	1000	0.000999000999	1	0	0	INSUFFICIENT_SUPPORT
x005072	x018501	preferred	1000	0.000999000999	1	0	0	INSUFFICIENT_SUPPORT
x005072	x019941	preferred	1000	0.000999000999	1	0	0	INSUFFICIENT_SUPPORT
x005072	x020020	preferred	1000	0.000999000999	1	0	0	INSUFFICIENT_SUPPORT
x005072	x025395	preferred	1000	0.000999000999	1	0	0	INSUFFICIENT_SUPPORT
x005072	x037956	preferred	1000	0.000999000999	1	0	0	INSUFFICIENT_SUPPORT
x005072	x038057	preferred	1000	0.000999000999	1	0	0	INSUFFICIENT_SUPPORT
x005072	x038542	preferred	1000	0.000999000999	1	0	0	INSUFFICIENT_SUPPORT
x005072	x041116	preferred	1000	0.000999000999	1	0	0	INSUFFICIENT_SUPPORT
x005072	x042800	preferred	1000	0.000999000999	1	0	0	INSUFFICIENT_SUPPORT
x005072	x042803	preferred	1000	0.000999000999	1	0	0	INSUFFICIENT_SUPPORT
x005072	x042807	preferred	1000	0.000999000999	1	0	0	INSUFFICIENT_SUPPORT
x005073	x000106	preferred	1000	0.000999000999	1	0	0	INSUFFICIENT_SUPPORT
x005073	x002110	preferred	1000	0.000999000999	1	0	0	INSUFFICIENT_SUPPORT
x005073	x010943	preferred	1000	0.000999000999	1	0	0	INSUFFICIENT_SUPPORT
x005073	x017411	preferred	1000	0.000999000999	1	0	0	INSUFFICIENT_SUPPORT
x005073	x018497	preferred	1000	0.000999000999	1	0	0	INSUFFICIENT_SUPPORT
x005073	x018498	preferred	1000	0.000999000999	1	0	0	INSUFFICIENT_SUPPORT
x005073	x018499	preferred	1000	0.000999000999	1	0	0	INSUFFICIENT_SUPPORT
x005073	x018502	preferred	1000	0.000999000999	1	0	0	INSUFFICIENT_SUPPORT
x005073	x018503	preferred	1000	0.000999000999	1	0	0	INSUFFICIENT_SUPPORT
x005073	x020019	preferred	1000	0.000999000999	1	0	0	INSUFFICIENT_SUPPORT
x005073	x025528	preferred	1000	0.000999000999	1	0	0	INSUFFICIENT_SUPPORT
x005073	x025529	preferred	1000	0.000999000999	1	0	0	INSUFFICIENT_SUPPORT
x005073	x025763	preferred	1000	0.000999000999	1	0	0	INSUFFICIENT_SUPPORT
x005073	x033102	preferred	1000	0.000999000999	1	0	0	INSUFFICIENT_SUPPORT
x005073	x034499	preferred	1000	0.000999000999	1	0	0	INSUFFICIENT_SUPPORT
x005073	x037862	preferred	1000	0.000999000999	1	0	0	INSUFFICIENT_SUPPORT
x005073	x041258	preferred	1000	0.000999000999	1	0	0	INSUFFICIENT_SUPPORT
x005073	x042802	preferred	1000	0.000999000999	1	0	0	INSUFFICIENT_SUPPORT
x005073	x042805	preferred	1000	0.000999000999	1	0	0	INSUFFICIENT_SUPPORT
x005073	x042806	preferred	1000	0.000999000999	1	0	0	INSUFFICIENT_SUPPORT
x005074	x002105	preferred	1000	0.000999000999	1	0	0	INSUFFICIENT_SUPPORT
x005074	x014827	preferred	1000	0.000999000999	1	0	0	INSUFFICIENT_SUPPORT
x005074	x017413	preferred	1000	0.000999000999	1	0	0	INSUFFICIENT_SUPPORT
x005074	x017414	preferred	1000	0.000999000999	1	0	0	INSUFFICIENT_SUPPORT
x005074	x017415	preferred	1000	0.000999000999	1	0	0	INSUFFICIENT_SUPPORT
x005074	x017695	preferred	1000	0.000999000999	1	0	0	INSUFFICIENT_SUPPORT
x005074	x018496	preferred	1000	0.000999000999	1	0	0	INSUFFICIENT_SUPPORT
x005074	x018497	preferred	1000	0.000999000999	1	0	0	INSUFFICIENT_SUPPORT
x005074	x018500	preferred	1000	0.000999000999	1	0	0	INSUFFICIENT_SUPPORT
x005074	x018501	preferred	1000	0.000999000999	1	0	0	INSUFFICIENT_SUPPORT
x005074	x018502	preferred	1000	0.000999000999	1	0	0	INSUFFICIENT_SUPPORT
x005074	x020018	preferred	1000	0.000999000999	1	0	0	INSUFFICIENT_SUPPORT
x005074	x020021	preferred	1000	0.000999000999	1	0	0	INSUFFICIENT_SUPPORT
x005074	x020022	preferred	1000	0.000999000999	1	0	0	INSUFFICIENT_SUPPORT
x005074	x025397	preferred	1000	0.000999000999	1	0	0	INSUFFICIENT_SUPPORT
x005074	x025760	preferred	1000	0.000999000999	1	0	0	INSUFFICIENT_SUPPORT
x005074	x025763	preferred	1000	0.000999000999	1	0	0	INSUFFICIENT_SUPPORT
x005074	x025767	preferred	1000	0.000999000999	1	0	0	INSUFFICIENT_SUPPORT
x005074	x037858	preferred	1000	0.000999000999	1	0	0	INSUFFICIENT_SUPPORT
x005074	x037859	preferred	1000	0.000999000999	1	0	0	INSUFFICIENT_SUPPORT
x005074	x037860	preferred	1000	0.000999000999	1	0	0	INSUFFICIENT_SUPPORT
x005074	x037863	preferred	1000	0.000999000999	1	0	0	INSUFFICIENT_SUPPORT
x005074	x037958	preferred	1000	0.000999000999	1	0	0	INSUFFICIENT_SUPPORT
x005074	x038536	preferred	1000	0.000999000999	1	0	0	INSUFFICIENT_SUPPORT
x005074	x041534	preferred	1000	0.000999000999	1	0	0	INSUFFICIENT_SUPPORT
x005074	x041802	preferred	1000	0.000999000999	1	0	0	INSUFFICIENT_SUPPORT
x005074	x042805	preferred	1000	0.000999000999	1	0	0	INSUFFICIENT_SUPPORT
x005074	x042806	preferred	1000	0.000999000999	1	0	0	INSUFFICIENT_SUPPORT
x005075	x002107	preferred	1000	0.000999000999	1	0	0	INSUFFICIENT_SUPPORT
x005075	x002339	preferred	1000	0.000999000999	1	0	0	INSUFFICIENT_SUPPORT
x005075	x017408	preferred	1000	0.000999000999	1	0	0	INSUFFICIENT_SUPPORT
x005075	x017410	preferred	1000	0.000999000999	1	0	0	INSUFFICIENT_SUPPORT
x005075	x017414	preferred	1000	0.000999000999	1	0	0	INSUFFICIENT_SUPPORT
x005075	x018497	preferred	1000	0.000999000999	1	0	0	INSUFFICIENT_SUPPORT
x005075	x018499	preferred	1000	0.000999000999	1	0	0	INSUFFICIENT_SUPPORT
x005075	x018502	preferred	1000	0.000999000999	1	0	0	INSUFFICIENT_SUPPORT
x005075	x018561	preferred	1000	0.000999000999	1	0	0	INSUFFICIENT_SUPPORT
x005075	x019941	preferred	1000	0.000999000999	1	0	0	INSUFFICIENT_SUPPORT
x005075	x020016	preferred	1000	0.000999000999	1	0	0	INSUFFICIENT_SUPPORT
x005075	x020021	preferred	1000	0.000999000999	1	0	0	INSUFFICIENT_SUPPORT
x005075	x037849	preferred	1000	0.000999000999	1	0	0	INSUFFICIENT_SUPPORT
x005075	x037852	preferred	1000	0.000999000999	1	0	0	INSUFFICIENT_SUPPORT
x005075	x037858	preferred	1000	0.000999000999	1	0	0	INSUFFICIENT_SUPPORT
x005075	x037952	preferred	1000	0.000999000999	1	0	0	INSUFFICIENT_SUPPORT
x005075	x037955	preferred	1000	0.000999000999	1	0	0	INSUFFICIENT_SUPPORT
x005075	x037956	preferred	1000	0.000999000999	1	0	0	INSUFFICIENT_SUPPORT
x005075	x038163	preferred	1000	0.000999000999	1	0	0	INSUFFICIENT_SUPPORT
x005075	x041528	preferred	1000	0.000999000999	1	0	0	INSUFFICIENT_SUPPORT
x005075	x042805	preferred	1000	0.000999000999	1	0	0	INSUFFICIENT_SUPPORT
x005076	x002104	preferred	1000	0.000999000999	1	0	0	INSUFFICIENT_SUPPORT
x005076	x002340	preferred	1000	0.000999000999	1	0	0	INSUFFICIENT_SUPPORT
x005076	x002341	preferred	1000	0.000999000999	1	0	0	INSUFFICIENT_SUPPORT
x005076	x014824	preferred	1000	0.000999000999	1	0	0	INSUFFICIENT_SUPPORT
x005076	x018496	preferred	1000	0.000999000999	1	0	0	INSUFFICIENT_SUPPORT
x005076	x018497	preferred	1000	0.000999000999	1	0	0	INSUFFICIENT_SUPPORT
x005076	x018498	preferred	1000	0.000999000999	1	0	0	INSUFFICIENT_SUPPORT
x005076	x018500	preferred	1000	0.000999000999	1	0	0	INSUFFICIENT_SUPPORT
x005076	x018501	preferred	1000	0.000999000999	1	0	0	INSUFFICIENT_SUPPORT
x005076	x018503	preferred	1000	0.000999000999	1	0	0	INSUFFICIENT_SUPPORT
x005076	x018561	preferred	1000	0.000999000999	1	0	0	INSUFFICIENT_SUPPORT
x005076	x018565	preferred	1000	0.000999000999	1	0	0	INSUFFICIENT_SUPPORT
x005076	x018567	preferred	1000	0.000999000999	1	0	0	INSUFFICIENT_SUPPORT
x005076	x020016	preferred	1000	0.000999000999	1	0	0	INSUFFICIENT_SUPPORT
x005076	x020017	preferred	1000	0.000999000999	1	0	0	INSUFFICIENT_SUPPORT
x005076	x025530	preferred	1000	0.000999000999	1	0	0	INSUFFICIENT_SUPPORT
x005076	x025763	preferred	1000	0.000999000999	1	0	0	INSUFFICIENT_SUPPORT
x005076	x037851	preferred	1000	0.000999000999	1	0	0	INSUFFICIENT_SUPPORT
x005076	x037857	preferred	1000	0.000999000999	1	0	0	INSUFFICIENT_SUPPORT
x005076	x037860	preferred	1000	0.000999000999	1	0	0	INSUFFICIENT_SUPPORT
x005076	x037862	preferred	1000	0.000999000999	1	0	0	INSUFFICIENT_SUPPORT
x005076	x037952	preferred	1000	0.000999000999	1	0	0	INSUFFICIENT_SUPPORT
x005076	x037954	preferred	1000	0.000999000999	1	0	0	INSUFFICIENT_SUPPORT
x005076	x038540	preferred	1000	0.000999000999	1	0	0	INSUFFICIENT_SUPPORT
x005076	x041263	preferred	1000	0.000999000999	1	0	0	INSUFFICIENT_SUPPORT
x005076	x041531	preferred	1000	0.000999000999	1	0	0	INSUFFICIENT_SUPPORT
x005076	x041659	preferred	1000	0.000999000999	1	0	0	INSUFFICIENT_SUPPORT
x005076	x042801	preferred	1000	0.000999000999	1	0	0	INSUFFICIENT_SUPPORT
x005077	x000107	preferred	1000	0.000999000999	1	0	0	INSUFFICIENT_SUPPORT
x005077	x000111	preferred	1000	0.000999000999	1	0	0	INSUFFICIENT_SUPPORT
x005077	x001089	preferred	1000	0.000999000999	1	0	0	INSUFFICIENT_SUPPORT
x005077	x002338	preferred	1000	0.000999000999	1	0	0	INSUFFICIENT_SUPPORT
x005077	x002340	preferred	1000	0.000999000999	1	0	0	INSUFFICIENT_SUPPORT
x005077	x002978	preferred	1000	0.000999000999	1	0	0	INSUFFICIENT_SUPPORT
x005077	x017890	preferred	1000	0.000999000999	1	0	0	INSUFFICIENT_SUPPORT
x005077	x018254	preferred	1000	0.000999000999	1	0	0	INSUFFICIENT_SUPPORT
x005077	x018496	preferred	1000	0.000999000999	1	0	0	INSUFFICIENT_SUPPORT
x005077	x018497	preferred	1000	0.000999000999	1	0	0	INSUFFICIENT_SUPPORT
x005077	x018499	preferred	1000	0.000999000999	1	0	0	INSUFFICIENT_SUPPORT
x005077	x018503	preferred	1000	0.000999000999	1	0	0	INSUFFICIENT_SUPPORT
x005077	x020021	preferred	1000	0.000999000999	1	0	0	INSUFFICIENT_SUPPORT
x005077	x020022	preferred	1000	0.000999000999	1	0	0	INSUFFICIENT_SUPPORT
x005077	x024803	preferred	1000	0.000999000999	1	0	0	INSUFFICIENT_SUPPORT
x005077	x024929	preferred	1000	0.000999000999	1	0	0	INSUFFICIENT_SUPPORT
x005077	x025009	preferred	1000	0.000999000999	1	0	0	INSUFFICIENT_SUPPORT
x005077	x037854	preferred	1000	0.000999000999	1	0	0	INSUFFICIENT_SUPPORT
x005077	x037857	preferred	1000	0.000999000999	1	0	0	INSUFFICIENT_SUPPORT
x005077	x037858	preferred	1000	0.000999000999	1	0	0	INSUFFICIENT_SUPPORT
x005077	x037861	preferred	1000	0.000999000999	1	0	0	INSUFFICIENT_SUPPORT
x005077	x037914	preferred	1000	0.000999000999	1	0	0	INSUFFICIENT_SUPPORT
x005077	x037955	preferred	1000	0.000999000999	1	0	0	INSUFFICIENT_SUPPORT
x005077	x037984	preferred	1000	0.000999000999	1	0	0	INSUFFICIENT_SUPPORT
x005077	x041119	preferred	1000	0.000999000999	1	0	0	INSUFFICIENT_SUPPORT
x005077	x041260	preferred	1000	0.000999000999	1	0	0	INSUFFICIENT_SUPPORT
x005077	x041535	preferred	1000	0.000999000999	1	0	0	INSUFFICIENT_SUPPORT
x005077	x042471	preferred	1000	0.000999000999	1	0	0	INSUFFICIENT_SUPPORT
x005077	x042804	preferred	1000	0.000999000999	1	0	0	INSUFFICIENT_SUPPORT
x005077	x042819	preferred	1000	0.000999000999	1	0	0	INSUFFICIENT_SUPPORT
x005078	x002336	preferred	1000	0.000999000999	1	0	0	INSUFFICIENT_SUPPORT
x005078	x017410	preferred	1000	0.000999000999	1	0	0	INSUFFICIENT_SUPPORT
x005078	x017411	preferred	1000	0.000999000999	1	0	0	INSUFFICIENT_SUPPORT
x005078	x018496	preferred	1000	0.000999000999	1	0	0	INSUFFICIENT_SUPPORT
x005078	x018500	preferred	1000	0.000999000999	1	0	0	INSUFFICIENT_SUPPORT
x005078	x018502	preferred	1000	0.000999000999	1	0	0	INSUFFICIENT_SUPPORT
x005078	x018503	preferred	1000	0.000999000999	1	0	0	INSUFFICIENT_SUPPORT
x005078	x020017	preferred	1000	0.000999000999	1	0	0	INSUFFICIENT_SUPPORT
x005078	x024244	preferred	1000	0.000999000999	1	0	0	INSUFFICIENT_SUPPORT
x005078	x024245	preferred	1000	0.000999000999	1	0	0	INSUFFICIENT_SUPPORT
x005078	x024246	preferred	1000	0.000999000999	1	0	0	INSUFFICIENT_SUPPORT
x005078	x025531	preferred	1000	0.000999000999	1	0	0	INSUFFICIENT_SUPPORT
x005078	x037856	preferred	1000	0.000999000999	1	0	0	INSUFFICIENT_SUPPORT
x005078	x037957	preferred	1000	0.000999000999	1	0	0	INSUFFICIENT_SUPPORT
x005078	x040634	preferred	1000	0.000999000999	1	0	0	INSUFFICIENT_SUPPORT
x005078	x042106	preferred	1000	0.000999000999	1	0	0	INSUFFICIENT_SUPPORT
x005078	x042470	preferred	1000	0.000999000999	1	0	0	INSUFFICIENT_SUPPORT
x005079	x001089	preferred	1000	0.000999000999	1	0	0	INSUFFICIENT_SUPPORT
x005079	x001394	preferred	1000	0.000999000999	1	0	0	INSUFFICIENT_SUPPORT
x005079	x008312	preferred	1000	0.000999000999	1	0	0	INSUFFICIENT_SUPPORT
x005079	x014828	preferred	1000	0.000999000999	1	0	0	INSUFFICIENT_SUPPORT
x005079	x015282	preferred	1000	0.000999000999	1	0	0	INSUFFICIENT_SUPPORT
x005079	x017676	preferred	1000	0.000999000999	1	0	0	INSUFFICIENT_SUPPORT
x005079	x017892	preferred	1000	0.000999000999	1	0	0	INSUFFICIENT_SUPPORT
x005079	x018496	preferred	1000	0.000999000999	1	0	0	INSUFFICIENT_SUPPORT
x005079	x018498	preferred	1000	0.000999000999	1	0	0	INSUFFICIENT_SUPPORT
x005079	x018501	preferred	1000	0.000999000999	1	0	0	INSUFFICIENT_SUPPORT
x005079	x020016	preferred	1000	0.000999000999	1	0	0	INSUFFICIENT_SUPPORT
x005079	x020017	preferred	1000	0.000999000999	1	0	0	INSUFFICIENT_SUPPORT
x005079	x024241	preferred	1000	0.000999000999	1	0	0	INSUFFICIENT_SUPPORT
x005079	x037856	preferred	1000	0.000999000999	1	0	0	INSUFFICIENT_SUPPORT
x005079	x037861	preferred	1000	0.000999000999	1	0	0	INSUFFICIENT_SUPPORT
x005079	x037863	preferred	1000	0.000999000999	1	0	0	INSUFFICIENT_SUPPORT
x005079	x037955	preferred	1000	0.000999000999	1	0	0	INSUFFICIENT_SUPPORT
x005079	x037958	preferred	1000	0.000999000999	1	0	0	INSUFFICIENT_SUPPORT
x005079	x042464	preferred	1000	0.000999000999	1	0	0	INSUFFICIENT_SUPPORT
x005079	x042800	preferred	1000	0.000999000999	1	0	0	INSUFFICIENT_SUPPORT
x005079	x042806	preferred	1000	0.000999000999	1	0	0	INSUFFICIENT_SUPPORT
x005104	x000105	preferred	1000	0.000999000999	1	0	0	INSUFFICIENT_SUPPORT
x005104	x000108	preferred	1000	0.000999000999	1	0	0	INSUFFICIENT_SUPPORT
x005104	x000111	preferred	1000	0.000999000999	1	0	0	INSUFFICIENT_SUPPORT
x005104	x017891	preferred	1000	0.000999000999	1	0	0	INSUFFICIENT_SUPPORT
x005104	x037856	preferred	1000	0.000999000999	1	0	0	INSUFFICIENT_SUPPORT
x005104	x037861	preferred	1000	0.000999000999	1	0	0	INSUFFICIENT_SUPPORT
x005104	x037862	preferred	1000	0.000999000999	1	0	0	INSUFFICIENT_SUPPORT
x005104	x037863	preferred	1000	0.000999000999	1	0	0	INSUFFICIENT_SUPPORT
x005104	x042816	preferred	1000	0.000999000999	1	0	0	INSUFFICIENT_SUPPORT
x005105	x000107	preferred	1000	0.000999000999	1	0	0	INSUFFICIENT_SUPPORT
x005105	x017834	preferred	1000	0.000999000999	1	0	0	INSUFFICIENT_SUPPORT
x005105	x037857	preferred	1000	0.000999000999	1	0	0	INSUFFICIENT_SUPPORT
x005105	x037858	preferred	1000	0.000999000999	1	0	0	INSUFFICIENT_SUPPORT
x005105	x037860	preferred	1000	0.000999000999	1	0	0	INSUFFICIENT_SUPPORT
x005105	x037861	preferred	1000	0.000999000999	1	0	0	INSUFFICIENT_SUPPORT
x005105	x037863	preferred	1000	0.000999000999	1	0	0	INSUFFICIENT_SUPPORT
x005106	x000104	preferred	1000	0.000999000999	1	0	0	INSUFFICIENT_SUPPORT
x005106	x000107	preferred	1000	0.000999000999	1	0	0	INSUFFICIENT_SUPPORT
x005106	x000109	preferred	1000	0.000999000999	1	0	0	INSUFFICIENT_SUPPORT
x005106	x017673	preferred	1000	0.000999000999	1	0	0	INSUFFICIENT_SUPPORT
x005106	x024244	preferred	1000	0.000999000999	1	0	0	INSUFFICIENT_SUPPORT
x005106	x024805	preferred	1000	0.000999000999	1	0	0	INSUFFICIENT_SUPPORT
x005106	x037859	preferred	1000	0.000999000999	1	0	0	INSUFFICIENT_SUPPORT
x005106	x037860	preferred	1000	0.000999000999	1	0	0	INSUFFICIENT_SUPPORT
x005106	x037862	preferred	1000	0.000999000999	1	0	0	INSUFFICIENT_SUPPORT
x005106	x041656	preferred	1000	0.000999000999	1	0	0	INSUFFICIENT_SUPPORT
x005107	x000110	preferred	1000	0.000999000999	1	0	0	INSUFFICIENT_SUPPORT
x005107	x001394	preferred	1000	0.000999000999	1	0	0	INSUFFICIENT_SUPPORT
x005107	x017832	preferred	1000	0.000999000999	1	0	0	INSUFFICIENT_SUPPORT
x005107	x017893	preferred	1000	0.000999000999	1	0	0	INSUFFICIENT_SUPPORT
x005107	x024240	preferred	1000	0.000999000999	1	0	0	INSUFFICIENT_SUPPORT
x005107	x037856	preferred	1000	0.000999000999	1	0	0	INSUFFICIENT_SUPPORT
x005107	x037857	preferred	1000	0.000999000999	1	0	0	INSUFFICIENT_SUPPORT
x005107	x037862	preferred	1000	0.000999000999	1	0	0	INSUFFICIENT_SUPPORT
x005107	x037863	preferred	1000	0.000999000999	1	0	0	INSUFFICIENT_SUPPORT
x005107	x038107	preferred	1000	0.000999000999	1	0	0	INSUFFICIENT_SUPPORT
x005107	x038108	preferred	1000	0.000999000999	1	0	0	INSUFFICIENT_SUPPORT
x005108	x000108	preferred	1000	0.000999000999	1	0	0	INSUFFICIENT_SUPPORT
x005108	x001395	preferred	1000	0.000999000999	1	0	0	INSUFFICIENT_SUPPORT
x005108	x017894	preferred	1000	0.000999000999	1	0	0	INSUFFICIENT_SUPPORT
x005108	x037858	preferred	1000	0.000999000999	1	0	0	INSUFFICIENT_SUPPORT
x005108	x037861	preferred	1000	0.000999000999	1	0	0	INSUFFICIENT_SUPPORT
x005108	x037862	preferred	1000	0.000999000999	1	0	0	INSUFFICIENT_SUPPORT
x005108	x041660	preferred	1000	0.000999000999	1	0	0	INSUFFICIENT_SUPPORT
x005109	x000107	preferred	1000	0.000999000999	1	0	0	INSUFFICIENT_SUPPORT
x005109	x024242	preferred	1000	0.000999000999	1	0	0	INSUFFICIENT_SUPPORT
x005109	x024740	preferred	1000	0.000999000999	1	0	0	INSUFFICIENT_SUPPORT
x005109	x025761	preferred	1000	0.000999000999	1	0	0	INSUFFICIENT_SUPPORT
x005109	x037857	preferred	1000	0.000999000999	1	0	0	INSUFFICIENT_SUPPORT
x005109	x037858	preferred	1000	0.000999000999	1	0	0	INSUFFICIENT_SUPPORT
x005109	x037861	preferred	1000	0.000999000999	1	0	0	INSUFFICIENT_SUPPORT
x005109	x037862	preferred	1000	0.000999000999	1	0	0	INSUFFICIENT_SUPPORT
x005109	x038104	preferred	1000	0.000999000999	1	0	0	INSUFFICIENT_SUPPORT
x005110	x000105	preferred	1000	0.000999000999	1	0	0	INSUFFICIENT_SUPPORT
x005110	x025764	preferred	1000	0.000999000999	1	0	0	INSUFFICIENT_SUPPORT
x005110	x034497	preferred	1000	0.000999000999	1	0	0	INSUFFICIENT_SUPPORT
x005110	x037859	preferred	1000	0.000999000999	1	0	0	INSUFFICIENT_SUPPORT
x005110	x037860	preferred	1000	0.000999000999	1	0	0	INSUFFICIENT_SUPPORT
x005110	x037861	preferred	1000	0.000999000999	1	0	0	INSUFFICIENT_SUPPORT
x005110	x037863	preferred	1000	0.000999000999	1	0	0	INSUFFICIENT_SUPPORT
x005110	x038111	preferred	1000	0.000999000999	1	0	0	INSUFFICIENT_SUPPORT
x005110	x041657	preferred	1000	0.000999000999	1	0	0	INSUFFICIENT_SUPPORT
x005110	x041659	preferred	1000	0.000999000999	1	0	0	INSUFFICIENT_SUPPORT
x005111	x000104	preferred	1000	0.000999000999	1	0	0	INSUFFICIENT_SUPPORT
x005111	x000106	preferred	1000	0.000999000999	1	0	0	INSUFFICIENT_SUPPORT
x005111	x000110	preferred	1000	0.000999000999	1	0	0	INSUFFICIENT_SUPPORT
x005111	x001092	preferred	1000	0.000999000999	1	0	0	INSUFFICIENT_SUPPORT
x005111	x001392	preferred	1000	0.000999000999	1	0	0	INSUFFICIENT_SUPPORT
x005111	x034496	preferred	1000	0.000999000999	1	0	0	INSUFFICIENT_SUPPORT
x005111	x037857	preferred	1000	0.000999000999	1	0	0	INSUFFICIENT_SUPPORT
x005111	x037858	preferred	1000	0.000999000999	1	0	0	INSUFFICIENT_SUPPORT
x005111	x037860	preferred	1000	0.000999000999	1	0	0	INSUFFICIENT_SUPPORT
x005111	x037862	preferred	1000	0.000999000999	1	0	0	INSUFFICIENT_SUPPORT
x005111	x037863	preferred	1000	0.000999000999	1	0	0	INSUFFICIENT_SUPPORT
x005111	x038110	preferred	1000	0.000999000999	1	0	0	INSUFFICIENT_SUPPORT
x005111	x041661	preferred	1000	0.000999000999	1	0	0	INSUFFICIENT_SUPPORT
x005236	x002111	preferred	1000	0.000999000999	1	0	0	INSUFFICIENT_SUPPORT
x005236	x002337	preferred	1000	0.000999000999	1	0	0	INSUFFICIENT_SUPPORT
x005236	x017414	preferred	1000	0.000999000999	1	0	0	INSUFFICIENT_SUPPORT
x005236	x018502	preferred	1000	0.000999000999	1	0	0	INSUFFICIENT_SUPPORT
x005236	x025786	preferred	1000	0.000999000999	1	0	0	INSUFFICIENT_SUPPORT
x005236	x038536	preferred	1000	0.000999000999	1	0	0	INSUFFICIENT_SUPPORT
x005236	x038539	preferred	1000	0.000999000999	1	0	0	INSUFFICIENT_SUPPORT
x005236	x038542	preferred	1000	0.000999000999	1	0	0	INSUFFICIENT_SUPPORT
x005236	x040218	preferred	1000	0.000999000999	1	0	0	INSUFFICIENT_SUPPORT
x005248	x002980	preferred	1000	0.000999000999	1	0	0	INSUFFICIENT_SUPPORT
x005248	x002982	preferred	1000	0.000999000999	1	0	0	INSUFFICIENT_SUPPORT
x005248	x007098	preferred	1000	0.000999000999	1	0	0	INSUFFICIENT_SUPPORT
x005248	x025553	preferred	1000	0.000999000999	1	0	0	INSUFFICIENT_SUPPORT
x005248	x032442	preferred	1000	0.000999000999	1	0	0	INSUFFICIENT_SUPPORT
x005248	x033100	preferred	1000	0.000999000999	1	0	0	INSUFFICIENT_SUPPORT
x005249	x002981	preferred	1000	0.000999000999	1	0	0	INSUFFICIENT_SUPPORT
x005249	x018501	preferred	1000	0.000999000999	1	0	0	INSUFFICIENT_SUPPORT
x005250	x000108	preferred	1000	0.000999000999	1	0	0	INSUFFICIENT_SUPPORT
x005250	x018563	preferred	1000	0.000999000999	1	0	0	INSUFFICIENT_SUPPORT
x005250	x032444	preferred	1000	0.000999000999	1	0	0	INSUFFICIENT_SUPPORT
x005251	x018502	preferred	1000	0.000999000999	1	0	0	INSUFFICIENT_SUPPORT
x005251	x025552	preferred	1000	0.000999000999	1	0	0	INSUFFICIENT_SUPPORT
x005251	x032444	preferred	1000	0.000999000999	1	0	0	INSUFFICIENT_SUPPORT
x005252	x002979	preferred	1000	0.000999000999	1	0	0	INSUFFICIENT_SUPPORT
x005252	x002983	preferred	1000	0.000999000999	1	0	0	INSUFFICIENT_SUPPORT
x005252	x010938	preferred	1000	0.000999000999	1	0	0	INSUFFICIENT_SUPPORT
x005252	x014827	preferred	1000	0.000999000999	1	0	0	INSUFFICIENT_SUPPORT
x005252	x017378	preferred	1000	0.000999000999	1	0	0	INSUFFICIENT_SUPPORT
x005252	x032443	preferred	1000	0.000999000999	1	0	0	INSUFFICIENT_SUPPORT
x005252	x041256	preferred	1000	0.000999000999	1	0	0	INSUFFICIENT_SUPPORT
x005254	x020019	preferred	1000	0.000999000999	1	0	0	INSUFFICIENT_SUPPORT
x005254	x025552	preferred	1000	0.000999000999	1	0	0	INSUFFICIENT_SUPPORT
x005254	x032443	preferred	1000	0.000999000999	1	0	0	INSUFFICIENT_SUPPORT
x007098	x011177	preferred	1000	0.000999000999	1	0	0	INSUFFICIENT_SUPPORT
x007098	x014830	preferred	1000	0.000999000999	1	0	0	INSUFFICIENT_SUPPORT
x007098	x017691	preferred	1000	0.000999000999	1	0	0	INSUFFICIENT_SUPPORT
x007098	x018873	preferred	1000	0.000999000999	1	0	0	INSUFFICIENT_SUPPORT
x007098	x018879	preferred	1000	0.000999000999	1	0	0	INSUFFICIENT_SUPPORT
x007098	x033098	preferred	1000	0.000999000999	1	0	0	INSUFFICIENT_SUPPORT
x007098	x038537	preferred	1000	0.000999000999	1	0	0	INSUFFICIENT_SUPPORT
x007098	x038542	preferred	1000	0.000999000999	1	0	0	INSUFFICIENT_SUPPORT
x007098	x041534	preferred	1000	0.000999000999	1	0	0	INSUFFICIENT_SUPPORT
x007098	x042105	preferred	1000	0.000999000999	1	0	0	INSUFFICIENT_SUPPORT
x007099	x011177	preferred	1000	0.000999000999	1	0	0	INSUFFICIENT_SUPPORT
x007099	x017411	preferred	1000	0.000999000999	1	0	0	INSUFFICIENT_SUPPORT
x007099	x018499	preferred	1000	0.000999000999	1	0	0	INSUFFICIENT_SUPPORT
x007099	x024671	preferred	1000	0.000999000999	1	0	0	INSUFFICIENT_SUPPORT
x007099	x025009	preferred	1000	0.000999000999	1	0	0	INSUFFICIENT_SUPPORT
x007099	x040217	preferred	1000	0.000999000999	1	0	0	INSUFFICIENT_SUPPORT
x007099	x042110	preferred	1000	0.000999000999	1	0	0	INSUFFICIENT_SUPPORT
x007100	x018877	preferred	1000	0.000999000999	1	0	0	INSUFFICIENT_SUPPORT
x007100	x019719	preferred	1000	0.000999000999	1	0	0	INSUFFICIENT_SUPPORT
x007100	x038538	preferred	1000	0.000999000999	1	0	0	INSUFFICIENT_SUPPORT
x007100	x038539	preferred	1000	0.000999000999	1	0	0	INSUFFICIENT_SUPPORT
x007100	x038540	preferred	1000	0.000999000999	1	0	0	INSUFFICIENT_SUPPORT
x007100	x040210	preferred	1000	0.000999000999	1	0	0	INSUFFICIENT_SUPPORT
x007100	x040212	preferred	1000	0.000999000999	1	0	0	INSUFFICIENT_SUPPORT
x008312	x002981	preferred	1000	0.000999000999	1	0	0	INSUFFICIENT_SUPPORT
x008312	x017383	preferred	1000	0.000999000999	1	0	0	INSUFFICIENT_SUPPORT
x008312	x018503	preferred	1000	0.000999000999	1	0	0	INSUFFICIENT_SUPPORT
x008312	x020023	preferred	1000	0.000999000999	1	0	0	INSUFFICIENT_SUPPORT
x008312	x024928	preferred	1000	0.000999000999	1	0	0	INSUFFICIENT_SUPPORT
x008312	x024931	preferred	1000	0.000999000999	1	0	0	INSUFFICIENT_SUPPORT
x008312	x024933	preferred	1000	0.000999000999	1	0	0	INSUFFICIENT_SUPPORT
x008312	x032443	preferred	1000	0.000999000999	1	0	0	INSUFFICIENT_SUPPORT
x008312	x032447	preferred	1000	0.000999000999	1	0	0	INSUFFICIENT_SUPPORT
x008312	x041260	preferred	1000	0.000999000999	1	0	0	INSUFFICIENT_SUPPORT
x008312	x042804	preferred	1000	0.000999000999	1	0	0	INSUFFICIENT_SUPPORT
x008313	x002976	preferred	1000	0.000999000999	1	0	0	INSUFFICIENT_SUPPORT
x008313	x017379	preferred	1000	0.000999000999	1	0	0	INSUFFICIENT_SUPPORT
x008313	x017382	preferred	1000	0.000999000999	1	0	0	INSUFFICIENT_SUPPORT
x008313	x017414	preferred	1000	0.000999000999	1	0	0	INSUFFICIENT_SUPPORT
x008313	x024930	preferred	1000	0.000999000999	1	0	0	INSUFFICIENT_SUPPORT
x008313	x024931	preferred	1000	0.000999000999	1	0	0	INSUFFICIENT_SUPPORT
x008313	x024934	preferred	1000	0.000999000999	1	0	0	INSUFFICIENT_SUPPORT
x008313	x024935	preferred	1000	0.000999000999	1	0	0	INSUFFICIENT_SUPPORT
x008313	x032442	preferred	1000	0.000999000999	1	0	0	INSUFFICIENT_SUPPORT
x008313	x037955	preferred	1000	0.000999000999	1	0	0	INSUFFICIENT_SUPPORT
x008313	x041262	preferred	1000	0.000999000999	1	0	0	INSUFFICIENT_SUPPORT
x008314	x024671	preferred	1000	0.000999000999	1	0	0	INSUFFICIENT_SUPPORT
x008314	x024931	preferred	1000	0.000999000999	1	0	0	INSUFFICIENT_SUPPORT
x008314	x024933	preferred	1000	0.000999000999	1	0	0	INSUFFICIENT_SUPPORT
x008314	x032444	preferred	1000	0.000999000999	1	0	0	INSUFFICIENT_SUPPORT
x008314	x042804	preferred	1000	0.000999000999	1	0	0	INSUFFICIENT_SUPPORT
x008315	x002982	preferred	1000	0.000999000999	1	0	0	INSUFFICIENT_SUPPORT
x008315	x017381	preferred	1000	0.000999000999	1	0	0	INSUFFICIENT_SUPPORT
x008315	x017382	preferred	1000	0.000999000999	1	0	0	INSUFFICIENT_SUPPORT
x008315	x017409	preferred	1000	0.000999000999	1	0	0	INSUFFICIENT_SUPPORT
x008315	x024928	preferred	1000	0.000999000999	1	0	0	INSUFFICIENT_SUPPORT
x008315	x024932	preferred	1000	0.000999000999	1	0	0	INSUFFICIENT_SUPPORT
x008315	x024933	preferred	1000	0.000999000999	1	0	0	INSUFFICIENT_SUPPORT
x008315	x025553	preferred	1000	0.000999000999	1	0	0	INSUFFICIENT_SUPPORT
x008315	x032443	preferred	1000	0.000999000999	1	0	0	INSUFFICIENT_SUPPORT
x008315	x032444	preferred	1000	0.000999000999	1	0	0	INSUFFICIENT_SUPPORT
x008317	x010942	preferred	1000	0.000999000999	1	0	0	INSUFFICIENT_SUPPORT
x008317	x010943	preferred	1000	0.000999000999	1	0	0	INSUFFICIENT_SUPPORT
x008317	x017376	preferred	1000	0.000999000999	1	0	0	INSUFFICIENT_SUPPORT
x008317	x017414	preferred	1000	0.000999000999	1	0	0	INSUFFICIENT_SUPPORT
x008317	x018501	preferred	1000	0.000999000999	1	0	0	INSUFFICIENT_SUPPORT
x008317	x024931	preferred	1000	0.000999000999	1	0	0	INSUFFICIENT_SUPPORT
x008317	x024932	preferred	1000	0.000999000999	1	0	0	INSUFFICIENT_SUPPORT
x008317	x024934	preferred	1000	0.000999000999	1	0	0	INSUFFICIENT_SUPPORT
x008317	x025553	preferred	1000	0.000999000999	1	0	0	INSUFFICIENT_SUPPORT
x008317	x032443	preferred	1000	0.000999000999	1	0	0	INSUFFICIENT_SUPPORT
x008317	x032444	preferred	1000	0.000999000999	1	0	0	INSUFFICIENT_SUPPORT
x008318	x002981	preferred	1000	0.000999000999	1	0	0	INSUFFICIENT_SUPPORT
x008318	x017381	preferred	1000	0.000999000999	1	0	0	INSUFFICIENT_SUPPORT
x008318	x017383	preferred	1000	0.000999000999	1	0	0	INSUFFICIENT_SUPPORT
x008318	x018499	preferred	1000	0.000999000999	1	0	0	INSUFFICIENT_SUPPORT
x008318	x024928	preferred	1000	0.000999000999	1	0	0	INSUFFICIENT_SUPPORT
x008318	x024930	preferred	1000	0.000999000999	1	0	0	INSUFFICIENT_SUPPORT
x008318	x024932	preferred	1000	0.000999000999	1	0	0	INSUFFICIENT_SUPPORT
x008318	x024933	preferred	1000	0.000999000999	1	0	0	INSUFFICIENT_SUPPORT
x008318	x032445	preferred	1000	0.000999000999	1	0	0	INSUFFICIENT_SUPPORT
x008318	x032447	preferred	1000	0.000999000999	1	0	0	INSUFFICIENT_SUPPORT
x008318	x042806	preferred	1000	0.000999000999	1	0	0	INSUFFICIENT_SUPPORT
x008319	x002976	preferred	1000	0.000999000999	1	0	0	INSUFFICIENT_SUPPORT
x008319	x002978	preferred	1000	0.000999000999	1	0	0	INSUFFICIENT_SUPPORT
x008319	x002983	preferred	1000	0.000999000999	1	0	0	INSUFFICIENT_SUPPORT
x008319	x010942	preferred	1000	0.000999000999	1	0	0	INSUFFICIENT_SUPPORT
x008319	x024929	preferred	1000	0.000999000999	1	0	0	INSUFFICIENT_SUPPORT
x008319	x024933	preferred	1000	0.000999000999	1	0	0	INSUFFICIENT_SUPPORT
x008319	x025014	preferred	1000	0.000999000999	1	0	0	INSUFFICIENT_SUPPORT
x008319	x025552	preferred	1000	0.000999000999	1	0	0	INSUFFICIENT_SUPPORT
x008319	x025555	preferred	1000	0.000999000999	1	0	0	INSUFFICIENT_SUPPORT
x008319	x032444	preferred	1000	0.000999000999	1	0	0	INSUFFICIENT_SUPPORT
x008319	x032445	preferred	1000	0.000999000999	1	0	0	INSUFFICIENT_SUPPORT
x008319	x042805	preferred	1000	0.000999000999	1	0	0	INSUFFICIENT_SUPPORT
x010936	x000109	preferred	1000	0.000999000999	1	0	0	INSUFFICIENT_SUPPORT
x010936	x018503	preferred	1000	0.000999000999	1	0	0	INSUFFICIENT_SUPPORT
x010936	x024929	preferred	1000	0.000999000999	1	0	0	INSUFFICIENT_SUPPORT
x010936	x031706	preferred	1000	0.000999000999	1	0	0	INSUFFICIENT_SUPPORT
x010936	x037914	preferred	1000	0.000999000999	1	0	0	INSUFFICIENT_SUPPORT
x010936	x037915	preferred	1000	0.000999000999	1	0	0	INSUFFICIENT_SUPPORT
x010936	x041443	preferred	1000	0.000999000999	1	0	0	INSUFFICIENT_SUPPORT
x010936	x042804	preferred	1000	0.000999000999	1	0	0	INSUFFICIENT_SUPPORT
x010936	x042807	preferred	1000	0.000999000999	1	0	0	INSUFFICIENT_SUPPORT
x010938	x001425	preferred	1000	0.000999000999	1	0	0	INSUFFICIENT_SUPPORT
x010938	x005072	preferred	1000	0.000999000999	1	0	0	INSUFFICIENT_SUPPORT
x010938	x017415	preferred	1000	0.000999000999	1	0	0	INSUFFICIENT_SUPPORT
x010938	x024241	preferred	1000	0.000999000999	1	0	0	INSUFFICIENT_SUPPORT
x010938	x037857	preferred	1000	0.000999000999	1	0	0	INSUFFICIENT_SUPPORT
x010938	x041534	preferred	1000	0.000999000999	1	0	0	INSUFFICIENT_SUPPORT
x010938	x042800	preferred	1000	0.000999000999	1	0	0	INSUFFICIENT_SUPPORT
x010938	x042803	preferred	1000	0.000999000999	1	0	0	INSUFFICIENT_SUPPORT
x010938	x042805	preferred	1000	0.000999000999	1	0	0	INSUFFICIENT_SUPPORT
x010939	x001088	preferred	1000	0.000999000999	1	0	0	INSUFFICIENT_SUPPORT
x010939	x001089	preferred	1000	0.000999000999	1	0	0	INSUFFICIENT_SUPPORT
x010939	x020021	preferred	1000	0.000999000999	1	0	0	INSUFFICIENT_SUPPORT
x010939	x020329	preferred	1000	0.000999000999	1	0	0	INSUFFICIENT_SUPPORT
x010939	x024246	preferred	1000	0.000999000999	1	0	0	INSUFFICIENT_SUPPORT
x010939	x024928	preferred	1000	0.000999000999	1	0	0	INSUFFICIENT_SUPPORT
x010939	x025008	preferred	1000	0.000999000999	1	0	0	INSUFFICIENT_SUPPORT
x010939	x037858	preferred	1000	0.000999000999	1	0	0	INSUFFICIENT_SUPPORT
x010939	x042803	preferred	1000	0.000999000999	1	0	0	INSUFFICIENT_SUPPORT
x010939	x042806	preferred	1000	0.000999000999	1	0	0	INSUFFICIENT_SUPPORT
x010939	x042807	preferred	1000	0.000999000999	1	0	0	INSUFFICIENT_SUPPORT
x010942	x005079	preferred	1000	0.000999000999	1	0	0	INSUFFICIENT_SUPPORT
x010942	x017413	preferred	1000	0.000999000999	1	0	0	INSUFFICIENT_SUPPORT
x010942	x018502	preferred	1000	0.000999000999	1	0	0	INSUFFICIENT_SUPPORT
x010942	x024242	preferred	1000	0.000999000999	1	0	0	INSUFFICIENT_SUPPORT
x010942	x024930	preferred	1000	0.000999000999	1	0	0	INSUFFICIENT_SUPPORT
x010942	x024933	preferred	1000	0.000999000999	1	0	0	INSUFFICIENT_SUPPORT
x010942	x042107	preferred	1000	0.000999000999	1	0	0	INSUFFICIENT_SUPPORT
x010942	x042801	preferred	1000	0.000999000999	1	0	0	INSUFFICIENT_SUPPORT
x010942	x042804	preferred	1000	0.000999000999	1	0	0	INSUFFICIENT_SUPPORT
x010943	x018497	preferred	1000	0.000999000999	1	0	0	INSUFFICIENT_SUPPORT
x010943	x018501	preferred	1000	0.000999000999	1	0	0	INSUFFICIENT_SUPPORT
x010943	x024934	preferred	1000	0.000999000999	1	0	0	INSUFFICIENT_SUPPORT
x010943	x024935	preferred	1000	0.000999000999	1	0	0	INSUFFICIENT_SUPPORT
x010943	x037849	preferred	1000	0.000999000999	1	0	0	INSUFFICIENT_SUPPORT
x010943	x037988	preferred	1000	0.000999000999	1	0	0	INSUFFICIENT_SUPPORT
x010943	x038540	preferred	1000	0.000999000999	1	0	0	INSUFFICIENT_SUPPORT
x010943	x042807	preferred	1000	0.000999000999	1	0	0	INSUFFICIENT_SUPPORT
x011176	x001392	preferred	1000	0.000999000999	1	0	0	INSUFFICIENT_SUPPORT
x011176	x001427	preferred	1000	0.000999000999	1	0	0	INSUFFICIENT_SUPPORT
x011176	x001429	preferred	1000	0.000999000999	1	0	0	INSUFFICIENT_SUPPORT
x011176	x019936	preferred	1000	0.000999000999	1	0	0	INSUFFICIENT_SUPPORT
x011176	x037857	preferred	1000	0.000999000999	1	0	0	INSUFFICIENT_SUPPORT
x011176	x037858	preferred	1000	0.000999000999	1	0	0	INSUFFICIENT_SUPPORT
x011176	x037956	preferred	1000	0.000999000999	1	0	0	INSUFFICIENT_SUPPORT
x011176	x038536	preferred	1000	0.000999000999	1	0	0	INSUFFICIENT_SUPPORT
x011176	x038540	preferred	1000	0.000999000999	1	0	0	INSUFFICIENT_SUPPORT
x011176	x040221	preferred	1000	0.000999000999	1	0	0	INSUFFICIENT_SUPPORT
x011176	x042104	preferred	1000	0.000999000999	1	0	0	INSUFFICIENT_SUPPORT
x011177	x001424	preferred	1000	0.000999000999	1	0	0	INSUFFICIENT_SUPPORT
x011177	x005075	preferred	1000	0.000999000999	1	0	0	INSUFFICIENT_SUPPORT
x011177	x014829	preferred	1000	0.000999000999	1	0	0	INSUFFICIENT_SUPPORT
x011177	x017411	preferred	1000	0.000999000999	1	0	0	INSUFFICIENT_SUPPORT
x011177	x017691	preferred	1000	0.000999000999	1	0	0	INSUFFICIENT_SUPPORT
x011177	x024246	preferred	1000	0.000999000999	1	0	0	INSUFFICIENT_SUPPORT
x011177	x037857	preferred	1000	0.000999000999	1	0	0	INSUFFICIENT_SUPPORT
x011177	x037859	preferred	1000	0.000999000999	1	0	0	INSUFFICIENT_SUPPORT
x011177	x037861	preferred	1000	0.000999000999	1	0	0	INSUFFICIENT_SUPPORT
x011177	x037956	preferred	1000	0.000999000999	1	0	0	INSUFFICIENT_SUPPORT
x011177	x038270	preferred	1000	0.000999000999	1	0	0	INSUFFICIENT_SUPPORT
x011177	x040220	preferred	1000	0.000999000999	1	0	0	INSUFFICIENT_SUPPORT
x011177	x041658	preferred	1000	0.000999000999	1	0	0	INSUFFICIENT_SUPPORT
x011178	x000110	preferred	1000	0.000999000999	1	0	0	INSUFFICIENT_SUPPORT
x011178	x002336	preferred	1000	0.000999000999	1	0	0	INSUFFICIENT_SUPPORT
x011178	x015285	preferred	1000	0.000999000999	1	0	0	INSUFFICIENT_SUPPORT
x011178	x019718	preferred	1000	0.000999000999	1	0	0	INSUFFICIENT_SUPPORT
x011178	x020020	preferred	1000	0.000999000999	1	0	0	INSUFFICIENT_SUPPORT
x011178	x037856	preferred	1000	0.000999000999	1	0	0	INSUFFICIENT_SUPPORT
x011178	x037857	preferred	1000	0.000999000999	1	0	0	INSUFFICIENT_SUPPORT
x011178	x037860	preferred	1000	0.000999000999	1	0	0	INSUFFICIENT_SUPPORT
x011178	x037861	preferred	1000	0.000999000999	1	0	0	INSUFFICIENT_SUPPORT
x011178	x037862	preferred	1000	0.000999000999	1	0	0	INSUFFICIENT_SUPPORT
x011178	x037863	preferred	1000	0.000999000999	1	0	0	INSUFFICIENT_SUPPORT
x011178	x038537	preferred	1000	0.000999000999	1	0	0	INSUFFICIENT_SUPPORT
x011178	x042105	preferred	1000	0.000999000999	1	0	0	INSUFFICIENT_SUPPORT
x011178	x042804	preferred	1000	0.000999000999	1	0	0	INSUFFICIENT_SUPPORT
x011179	x034498	preferred	1000	0.000999000999	1	0	0	INSUFFICIENT_SUPPORT
x011179	x037848	preferred	1000	0.000999000999	1	0	0	INSUFFICIENT_SUPPORT
x011179	x037857	preferred	1000	0.000999000999	1	0	0	INSUFFICIENT_SUPPORT
x011179	x037860	preferred	1000	0.000999000999	1	0	0	INSUFFICIENT_SUPPORT
x011179	x038104	preferred	1000	0.000999000999	1	0	0	INSUFFICIENT_SUPPORT
x011179	x040218	preferred	1000	0.000999000999	1	0	0	INSUFFICIENT_SUPPORT
x011179	x041615	preferred	1000	0.000999000999	1	0	0	INSUFFICIENT_SUPPORT
x011181	x002343	preferred	1000	0.000999000999	1	0	0	INSUFFICIENT_SUPPORT
x011181	x025551	preferred	1000	0.000999000999	1	0	0	INSUFFICIENT_SUPPORT
x011181	x037857	preferred	1000	0.000999000999	1	0	0	INSUFFICIENT_SUPPORT
x011181	x037862	preferred	1000	0.000999000999	1	0	0	INSUFFICIENT_SUPPORT
x011181	x037863	preferred	1000	0.000999000999	1	0	0	INSUFFICIENT_SUPPORT
x011181	x038537	preferred	1000	0.000999000999	1	0	0	INSUFFICIENT_SUPPORT
x011181	x038539	preferred	1000	0.000999000999	1	0	0	INSUFFICIENT_SUPPORT
x011181	x042104	preferred	1000	0.000999000999	1	0	0	INSUFFICIENT_SUPPORT
x011182	x001429	preferred	1000	0.000999000999	1	0	0	INSUFFICIENT_SUPPORT
x011182	x001431	preferred	1000	0.000999000999	1	0	0	INSUFFICIENT_SUPPORT
x011182	x025533	preferred	1000	0.000999000999	1	0	0	INSUFFICIENT_SUPPORT
x011182	x025535	preferred	1000	0.000999000999	1	0	0	INSUFFICIENT_SUPPORT
x011182	x037857	preferred	1000	0.000999000999	1	0	0	INSUFFICIENT_SUPPORT
x011182	x037858	preferred	1000	0.000999000999	1	0	0	INSUFFICIENT_SUPPORT
x011182	x037859	preferred	1000	0.000999000999	1	0	0	INSUFFICIENT_SUPPORT
x011182	x037860	preferred	1000	0.000999000999	1	0	0	INSUFFICIENT_SUPPORT
x011182	x037959	preferred	1000	0.000999000999	1	0	0	INSUFFICIENT_SUPPORT
x011182	x038537	preferred	1000	0.000999000999	1	0	0	INSUFFICIENT_SUPPORT
x011182	x038541	preferred	1000	0.000999000999	1	0	0	INSUFFICIENT_SUPPORT
x013429	x001425	preferred	1000	0.000999000999	1	0	0	INSUFFICIENT_SUPPORT
x013429	x002111	preferred	1000	0.000999000999	1	0	0	INSUFFICIENT_SUPPORT
x013429	x014825	preferred	1000	0.000999000999	1	0	0	INSUFFICIENT_SUPPORT
x013429	x016903	preferred	1000	0.000999000999	1	0	0	INSUFFICIENT_SUPPORT
x013429	x017408	preferred	1000	0.000999000999	1	0	0	INSUFFICIENT_SUPPORT
x013429	x017414	preferred	1000	0.000999000999	1	0	0	INSUFFICIENT_SUPPORT
x013429	x018567	preferred	1000	0.000999000999	1	0	0	INSUFFICIENT_SUPPORT
x013429	x020017	preferred	1000	0.000999000999	1	0	0	INSUFFICIENT_SUPPORT
x013795	x001424	preferred	1000	0.000999000999	1	0	0	INSUFFICIENT_SUPPORT
x013795	x001427	preferred	1000	0.000999000999	1	0	0	INSUFFICIENT_SUPPORT
x013795	x005076	preferred	1000	0.000999000999	1	0	0	INSUFFICIENT_SUPPORT
x013795	x017414	preferred	1000	0.000999000999	1	0	0	INSUFFICIENT_SUPPORT
x013795	x031617	preferred	1000	0.000999000999	1	0	0	INSUFFICIENT_SUPPORT
x013795	x031621	preferred	1000	0.000999000999	1	0	0	INSUFFICIENT_SUPPORT
x013795	x031623	preferred	1000	0.000999000999	1	0	0	INSUFFICIENT_SUPPORT
x013795	x041119	preferred	1000	0.000999000999	1	0	0	INSUFFICIENT_SUPPORT
x013795	x042466	preferred	1000	0.000999000999	1	0	0	INSUFFICIENT_SUPPORT
x014824	x000104	preferred	1000	0.000999000999	1	0	0	INSUFFICIENT_SUPPORT
x014824	x000106	preferred	1000	0.000999000999	1	0	0	INSUFFICIENT_SUPPORT
x014824	x000107	preferred	1000	0.000999000999	1	0	0	INSUFFICIENT_SUPPORT
x014824	x000110	preferred	1000	0.000999000999	1	0	0	INSUFFICIENT_SUPPORT
x014824	x017409	preferred	1000	0.000999000999	1	0	0	INSUFFICIENT_SUPPORT
x014824	x017410	preferred	1000	0.000999000999	1	0	0	INSUFFICIENT_SUPPORT
x014824	x017412	preferred	1000	0.000999000999	1	0	0	INSUFFICIENT_SUPPORT
x014824	x017413	preferred	1000	0.000999000999	1	0	0	INSUFFICIENT_SUPPORT
x014824	x017832	preferred	1000	0.000999000999	1	0	0	INSUFFICIENT_SUPPORT
x014824	x017836	preferred	1000	0.000999000999	1	0	0	INSUFFICIENT_SUPPORT
x014824	x017838	preferred	1000	0.000999000999	1	0	0	INSUFFICIENT_SUPPORT
x014824	x017895	preferred	1000	0.000999000999	1	0	0	INSUFFICIENT_SUPPORT
x014824	x018497	preferred	1000	0.000999000999	1	0	0	INSUFFICIENT_SUPPORT
x014824	x018501	preferred	1000	0.000999000999	1	0	0	INSUFFICIENT_SUPPORT
x014824	x020019	preferred	1000	0.000999000999	1	0	0	INSUFFICIENT_SUPPORT
x014824	x020020	preferred	1000	0.000999000999	1	0	0	INSUFFICIENT_SUPPORT
x014824	x022953	preferred	1000	0.000999000999	1	0	0	INSUFFICIENT_SUPPORT
x014824	x024245	preferred	1000	0.000999000999	1	0	0	INSUFFICIENT_SUPPORT
x014824	x034674	preferred	1000	0.000999000999	1	0	0	INSUFFICIENT_SUPPORT
x014824	x037859	preferred	1000	0.000999000999	1	0	0	INSUFFICIENT_SUPPORT
x014824	x037860	preferred	1000	0.000999000999	1	0	0	INSUFFICIENT_SUPPORT
x014824	x037861	preferred	1000	0.000999000999	1	0	0	INSUFFICIENT_SUPPORT
x014824	x037862	preferred	1000	0.000999000999	1	0	0	INSUFFICIENT_SUPPORT
x014824	x040257	preferred	1000	0.000999000999	1	0	0	INSUFFICIENT_SUPPORT
x014824	x040260	preferred	1000	0.000999000999	1	0	0	INSUFFICIENT_SUPPORT
x014824	x042800	preferred	1000	0.000999000999	1	0	0	INSUFFICIENT_SUPPORT
x014824	x042801	preferred	1000	0.000999000999	1	0	0	INSUFFICIENT_SUPPORT
x014825	x000104	preferred	1000	0.000999000999	1	0	0	INSUFFICIENT_SUPPORT
x014825	x000108	preferred	1000	0.000999000999	1	0	0	INSUFFICIENT_SUPPORT
x014825	x001092	preferred	1000	0.000999000999	1	0	0	INSUFFICIENT_SUPPORT
x014825	x001392	preferred	1000	0.000999000999	1	0	0	INSUFFICIENT_SUPPORT
x014825	x017693	preferred	1000	0.000999000999	1	0	0	INSUFFICIENT_SUPPORT
x014825	x018500	preferred	1000	0.000999000999	1	0	0	INSUFFICIENT_SUPPORT
x014825	x020019	preferred	1000	0.000999000999	1	0	0	INSUFFICIENT_SUPPORT
x014825	x020022	preferred	1000	0.000999000999	1	0	0	INSUFFICIENT_SUPPORT
x014825	x024245	preferred	1000	0.000999000999	1	0	0	INSUFFICIENT_SUPPORT
x014825	x037854	preferred	1000	0.000999000999	1	0	0	INSUFFICIENT_SUPPORT
x014825	x037861	preferred	1000	0.000999000999	1	0	0	INSUFFICIENT_SUPPORT
x014825	x037862	preferred	1000	0.000999000999	1	0	0	INSUFFICIENT_SUPPORT
x014825	x037863	preferred	1000	0.000999000999	1	0	0	INSUFFICIENT_SUPPORT
x014825	x037901	preferred	1000	0.000999000999	1	0	0	INSUFFICIENT_SUPPORT
x014825	x037952	preferred	1000	0.000999000999	1	0	0	INSUFFICIENT_SUPPORT
x014825	x038104	preferred	1000	0.000999000999	1	0	0	INSUFFICIENT_SUPPORT
x014825	x042801	preferred	1000	0.000999000999	1	0	0	INSUFFICIENT_SUPPORT
x014825	x042803	preferred	1000	0.000999000999	1	0	0	INSUFFICIENT_SUPPORT
x014826	x000106	preferred	1000	0.000999000999	1	0	0	INSUFFICIENT_SUPPORT
x014826	x000107	preferred	1000	0.000999000999	1	0	0	INSUFFICIENT_SUPPORT
x014826	x017412	preferred	1000	0.000999000999	1	0	0	INSUFFICIENT_SUPPORT
x014826	x017834	preferred	1000	0.000999000999	1	0	0	INSUFFICIENT_SUPPORT
x014826	x017835	preferred	1000	0.000999000999	1	0	0	INSUFFICIENT_SUPPORT
x014826	x018502	preferred	1000	0.000999000999	1	0	0	INSUFFICIENT_SUPPORT
x014826	x020016	preferred	1000	0.000999000999	1	0	0	INSUFFICIENT_SUPPORT
x014826	x020018	preferred	1000	0.000999000999	1	0	0	INSUFFICIENT_SUPPORT
x014826	x024243	preferred	1000	0.000999000999	1	0	0	INSUFFICIENT_SUPPORT
x014826	x034503	preferred	1000	0.000999000999	1	0	0	INSUFFICIENT_SUPPORT
x014826	x037856	preferred	1000	0.000999000999	1	0	0	INSUFFICIENT_SUPPORT
x014826	x037857	preferred	1000	0.000999000999	1	0	0	INSUFFICIENT_SUPPORT
x014826	x037858	preferred	1000	0.000999000999	1	0	0	INSUFFICIENT_SUPPORT
x014826	x037859	preferred	1000	0.000999000999	1	0	0	INSUFFICIENT_SUPPORT
x014826	x037861	preferred	1000	0.000999000999	1	0	0	INSUFFICIENT_SUPPORT
x014826	x037863	preferred	1000	0.000999000999	1	0	0	INSUFFICIENT_SUPPORT
x014826	x037915	preferred	1000	0.000999000999	1	0	0	INSUFFICIENT_SUPPORT
x014826	x037986	preferred	1000	0.000999000999	1	0	0	INSUFFICIENT_SUPPORT
x014826	x042816	preferred	1000	0.000999000999	1	0	0	INSUFFICIENT_SUPPORT
x014827	x000106	preferred	1000	0.000999000999	1	0	0	INSUFFICIENT_SUPPORT
x014827	x000107	preferred	1000	0.000999000999	1	0	0	INSUFFICIENT_SUPPORT
x014827	x000111	preferred	1000	0.000999000999	1	0	0	INSUFFICIENT_SUPPORT
x014827	x001092	preferred	1000	0.000999000999	1	0	0	INSUFFICIENT_SUPPORT
x014827	x017412	preferred	1000	0.000999000999	1	0	0	INSUFFICIENT_SUPPORT
x014827	x017839	preferred	1000	0.000999000999	1	0	0	INSUFFICIENT_SUPPORT
x014827	x017891	preferred	1000	0.000999000999	1	0	0	INSUFFICIENT_SUPPORT
x014827	x017894	preferred	1000	0.000999000999	1	0	0	INSUFFICIENT_SUPPORT
x014827	x018497	preferred	1000	0.000999000999	1	0	0	INSUFFICIENT_SUPPORT
x014827	x018502	preferred	1000	0.000999000999	1	0	0	INSUFFICIENT_SUPPORT
x014827	x018564	preferred	1000	0.000999000999	1	0	0	INSUFFICIENT_SUPPORT
x014827	x018875	preferred	1000	0.000999000999	1	0	0	INSUFFICIENT_SUPPORT
x014827	x020020	preferred	1000	0.000999000999	1	0	0	INSUFFICIENT_SUPPORT
x014827	x020021	preferred	1000	0.000999000999	1	0	0	INSUFFICIENT_SUPPORT
x014827	x022953	preferred	1000	0.000999000999	1	0	0	INSUFFICIENT_SUPPORT
x014827	x022959	preferred	1000	0.000999000999	1	0	0	INSUFFICIENT_SUPPORT
x014827	x024245	preferred	1000	0.000999000999	1	0	0	INSUFFICIENT_SUPPORT
x014827	x024804	preferred	1000	0.000999000999	1	0	0	INSUFFICIENT_SUPPORT
x014827	x025764	preferred	1000	0.000999000999	1	0	0	INSUFFICIENT_SUPPORT
x014827	x037850	preferred	1000	0.000999000999	1	0	0	INSUFFICIENT_SUPPORT
x014827	x037857	preferred	1000	0.000999000999	1	0	0	INSUFFICIENT_SUPPORT
x014827	x037859	preferred	1000	0.000999000999	1	0	0	INSUFFICIENT_SUPPORT
x014827	x037861	preferred	1000	0.000999000999	1	0	0	INSUFFICIENT_SUPPORT
x014827	x037863	preferred	1000	0.000999000999	1	0	0	INSUFFICIENT_SUPPORT
x014827	x041258	preferred	1000	0.000999000999	1	0	0	INSUFFICIENT_SUPPORT
x014827	x041263	preferred	1000	0.000999000999	1	0	0	INSUFFICIENT_SUPPORT
x014827	x042806	preferred	1000	0.000999000999	1	0	0	INSUFFICIENT_SUPPORT
x014828	x000106	preferred	1000	0.000999000999	1	0	0	INSUFFICIENT_SUPPORT
x014828	x000108	preferred	1000	0.000999000999	1	0	0	INSUFFICIENT_SUPPORT
x014828	x000109	preferred	1000	0.000999000999	1	0	0	INSUFFICIENT_SUPPORT
x014828	x001094	preferred	1000	0.000999000999	1	0	0	INSUFFICIENT_SUPPORT
x014828	x017408	preferred	1000	0.000999000999	1	0	0	INSUFFICIENT_SUPPORT
x014828	x017414	preferred	1000	0.000999000999	1	0	0	INSUFFICIENT_SUPPORT
x014828	x017674	preferred	1000	0.000999000999	1	0	0	INSUFFICIENT_SUPPORT
x014828	x017834	preferred	1000	0.000999000999	1	0	0	INSUFFICIENT_SUPPORT
x014828	x018496	preferred	1000	0.000999000999	1	0	0	INSUFFICIENT_SUPPORT
x014828	x018497	preferred	1000	0.000999000999	1	0	0	INSUFFICIENT_SUPPORT
x014828	x018501	preferred	1000	0.000999000999	1	0	0	INSUFFICIENT_SUPPORT
x014828	x018561	preferred	1000	0.000999000999	1	0	0	INSUFFICIENT_SUPPORT
x014828	x022957	preferred	1000	0.000999000999	1	0	0	INSUFFICIENT_SUPPORT
x014828	x034672	preferred	1000	0.000999000999	1	0	0	INSUFFICIENT_SUPPORT
x014828	x037857	preferred	1000	0.000999000999	1	0	0	INSUFFICIENT_SUPPORT
x014828	x037859	preferred	1000	0.000999000999	1	0	0	INSUFFICIENT_SUPPORT
x014828	x037860	preferred	1000	0.000999000999	1	0	0	INSUFFICIENT_SUPPORT
x014828	x037863	preferred	1000	0.000999000999	1	0	0	INSUFFICIENT_SUPPORT
x014828	x038108	preferred	1000	0.000999000999	1	0	0	INSUFFICIENT_SUPPORT
x014828	x038111	preferred	1000	0.000999000999	1	0	0	INSUFFICIENT_SUPPORT
x014828	x041260	preferred	1000	0.000999000999	1	0	0	INSUFFICIENT_SUPPORT
x014829	x000108	preferred	1000	0.000999000999	1	0	0	INSUFFICIENT_SUPPORT
x014829	x001092	preferred	1000	0.000999000999	1	0	0	INSUFFICIENT_SUPPORT
x014829	x001392	preferred	1000	0.000999000999	1	0	0	INSUFFICIENT_SUPPORT
x014829	x001637	preferred	1000	0.000999000999	1	0	0	INSUFFICIENT_SUPPORT
x014829	x017408	preferred	1000	0.000999000999	1	0	0	INSUFFICIENT_SUPPORT
x014829	x017677	preferred	1000	0.000999000999	1	0	0	INSUFFICIENT_SUPPORT
x014829	x017693	preferred	1000	0.000999000999	1	0	0	INSUFFICIENT_SUPPORT
x014829	x017833	preferred	1000	0.000999000999	1	0	0	INSUFFICIENT_SUPPORT
x014829	x017889	preferred	1000	0.000999000999	1	0	0	INSUFFICIENT_SUPPORT
x014829	x018497	preferred	1000	0.000999000999	1	0	0	INSUFFICIENT_SUPPORT
x014829	x018502	preferred	1000	0.000999000999	1	0	0	INSUFFICIENT_SUPPORT
x014829	x020017	preferred	1000	0.000999000999	1	0	0	INSUFFICIENT_SUPPORT
x014829	x022953	preferred	1000	0.000999000999	1	0	0	INSUFFICIENT_SUPPORT
x014829	x022954	preferred	1000	0.000999000999	1	0	0	INSUFFICIENT_SUPPORT
x014829	x022957	preferred	1000	0.000999000999	1	0	0	INSUFFICIENT_SUPPORT
x014829	x025762	preferred	1000	0.000999000999	1	0	0	INSUFFICIENT_SUPPORT
x014829	x034674	preferred	1000	0.000999000999	1	0	0	INSUFFICIENT_SUPPORT
x014829	x034679	preferred	1000	0.000999000999	1	0	0	INSUFFICIENT_SUPPORT
x014829	x037857	preferred	1000	0.000999000999	1	0	0	INSUFFICIENT_SUPPORT
x014829	x037858	preferred	1000	0.000999000999	1	0	0	INSUFFICIENT_SUPPORT
x014829	x037859	preferred	1000	0.000999000999	1	0	0	INSUFFICIENT_SUPPORT
x014829	x037860	preferred	1000	0.000999000999	1	0	0	INSUFFICIENT_SUPPORT
x014829	x037863	preferred	1000	0.000999000999	1	0	0	INSUFFICIENT_SUPPORT
x014829	x042805	preferred	1000	0.000999000999	1	0	0	INSUFFICIENT_SUPPORT
x014829	x042807	preferred	1000	0.000999000999	1	0	0	INSUFFICIENT_SUPPORT
x014830	x000104	preferred	1000	0.000999000999	1	0	0	INSUFFICIENT_SUPPORT
x014830	x000109	preferred	1000	0.000999000999	1	0	0	INSUFFICIENT_SUPPORT
x014830	x017837	preferred	1000	0.000999000999	1	0	0	INSUFFICIENT_SUPPORT
x014830	x017838	preferred	1000	0.000999000999	1	0	0	INSUFFICIENT_SUPPORT
x014830	x017890	preferred	1000	0.000999000999	1	0	0	INSUFFICIENT_SUPPORT
x014830	x017891	preferred	1000	0.000999000999	1	0	0	INSUFFICIENT_SUPPORT
x014830	x018502	preferred	1000	0.000999000999	1	0	0	INSUFFICIENT_SUPPORT
x014830	x018560	preferred	1000	0.000999000999	1	0	0	INSUFFICIENT_SUPPORT
x014830	x018562	preferred	1000	0.000999000999	1	0	0	INSUFFICIENT_SUPPORT
x014830	x020022	preferred	1000	0.000999000999	1	0	0	INSUFFICIENT_SUPPORT
x014830	x020023	preferred	1000	0.000999000999	1	0	0	INSUFFICIENT_SUPPORT
x014830	x031711	preferred	1000	0.000999000999	1	0	0	INSUFFICIENT_SUPPORT
x014830	x034498	preferred	1000	0.000999000999	1	0	0	INSUFFICIENT_SUPPORT
x014830	x034674	preferred	1000	0.000999000999	1	0	0	INSUFFICIENT_SUPPORT
x014830	x034676	preferred	1000	0.000999000999	1	0	0	INSUFFICIENT_SUPPORT
x014830	x037854	preferred	1000	0.000999000999	1	0	0	INSUFFICIENT_SUPPORT
x014830	x037859	preferred	1000	0.000999000999	1	0	0	INSUFFICIENT_SUPPORT
x014830	x037860	preferred	1000	0.000999000999	1	0	0	INSUFFICIENT_SUPPORT
x014830	x037862	preferred	1000	0.000999000999	1	0	0	INSUFFICIENT_SUPPORT
x014830	x037985	preferred	1000	0.000999000999	1	0	0	INSUFFICIENT_SUPPORT
x014830	x040258	preferred	1000	0.000999000999	1	0	0	INSUFFICIENT_SUPPORT
x014830	x042805	preferred	1000	0.000999000999	1	0	0	INSUFFICIENT_SUPPORT
x014830	x042822	preferred	1000	0.000999000999	1	0	0	INSUFFICIENT_SUPPORT
x014831	x000105	preferred	1000	0.000999000999	1	0	0	INSUFFICIENT_SUPPORT
x014831	x000110	preferred	1000	0.000999000999	1	0	0	INSUFFICIENT_SUPPORT
x014831	x000111	preferred	1000	0.000999000999	1	0	0	INSUFFICIENT_SUPPORT
x014831	x017413	preferred	1000	0.000999000999	1	0	0	INSUFFICIENT_SUPPORT
x014831	x017672	preferred	1000	0.000999000999	1	0	0	INSUFFICIENT_SUPPORT
x014831	x017834	preferred	1000	0.000999000999	1	0	0	INSUFFICIENT_SUPPORT
x014831	x017835	preferred	1000	0.000999000999	1	0	0	INSUFFICIENT_SUPPORT
x014831	x018503	preferred	1000	0.000999000999	1	0	0	INSUFFICIENT_SUPPORT
x014831	x018562	preferred	1000	0.000999000999	1	0	0	INSUFFICIENT_SUPPORT
x014831	x020016	preferred	1000	0.000999000999	1	0	0	INSUFFICIENT_SUPPORT
x014831	x020021	preferred	1000	0.000999000999	1	0	0	INSUFFICIENT_SUPPORT
x014831	x022952	preferred	1000	0.000999000999	1	0	0	INSUFFICIENT_SUPPORT
x014831	x022956	preferred	1000	0.000999000999	1	0	0	INSUFFICIENT_SUPPORT
x014831	x024246	preferred	1000	0.000999000999	1	0	0	INSUFFICIENT_SUPPORT
x014831	x034674	preferred	1000	0.000999000999	1	0	0	INSUFFICIENT_SUPPORT
x014831	x037850	preferred	1000	0.000999000999	1	0	0	INSUFFICIENT_SUPPORT
x014831	x037858	preferred	1000	0.000999000999	1	0	0	INSUFFICIENT_SUPPORT
x014831	x037859	preferred	1000	0.000999000999	1	0	0	INSUFFICIENT_SUPPORT
x014831	x041586	preferred	1000	0.000999000999	1	0	0	INSUFFICIENT_SUPPORT
x014831	x042804	preferred	1000	0.000999000999	1	0	0	INSUFFICIENT_SUPPORT
x015280	x000109	preferred	1000	0.000999000999	1	0	0	INSUFFICIENT_SUPPORT
x015280	x017836	preferred	1000	0.000999000999	1	0	0	INSUFFICIENT_SUPPORT
x015280	x017888	preferred	1000	0.000999000999	1	0	0	INSUFFICIENT_SUPPORT
x015280	x017893	preferred	1000	0.000999000999	1	0	0	INSUFFICIENT_SUPPORT
x015280	x034676	preferred	1000	0.000999000999	1	0	0	INSUFFICIENT_SUPPORT
x015280	x037856	preferred	1000	0.000999000999	1	0	0	INSUFFICIENT_SUPPORT
x015280	x037857	preferred	1000	0.000999000999	1	0	0	INSUFFICIENT_SUPPORT
x015280	x037858	preferred	1000	0.000999000999	1	0	0	INSUFFICIENT_SUPPORT
x015280	x037860	preferred	1000	0.000999000999	1	0	0	INSUFFICIENT_SUPPORT
x015280	x037862	preferred	1000	0.000999000999	1	0	0	INSUFFICIENT_SUPPORT
x015280	x037863	preferred	1000	0.000999000999	1	0	0	INSUFFICIENT_SUPPORT
x015280	x037955	preferred	1000	0.000999000999	1	0	0	INSUFFICIENT_SUPPORT
x015281	x001094	preferred	1000	0.000999000999	1	0	0	INSUFFICIENT_SUPPORT
x015281	x001397	preferred	1000	0.000999000999	1	0	0	INSUFFICIENT_SUPPORT
x015281	x017890	preferred	1000	0.000999000999	1	0	0	INSUFFICIENT_SUPPORT
x015281	x017891	preferred	1000	0.000999000999	1	0	0	INSUFFICIENT_SUPPORT
x015281	x037856	preferred	1000	0.000999000999	1	0	0	INSUFFICIENT_SUPPORT
x015281	x037859	preferred	1000	0.000999000999	1	0	0	INSUFFICIENT_SUPPORT
x015281	x037863	preferred	1000	0.000999000999	1	0	0	INSUFFICIENT_SUPPORT
x015282	x000109	preferred	1000	0.000999000999	1	0	0	INSUFFICIENT_SUPPORT
x015282	x001093	preferred	1000	0.000999000999	1	0	0	INSUFFICIENT_SUPPORT
x015282	x017890	preferred	1000	0.000999000999	1	0	0	INSUFFICIENT_SUPPORT
x015282	x017891	preferred	1000	0.000999000999	1	0	0	INSUFFICIENT_SUPPORT
x015282	x018497	preferred	1000	0.000999000999	1	0	0	INSUFFICIENT_SUPPORT
x015282	x025550	preferred	1000	0.000999000999	1	0	0	INSUFFICIENT_SUPPORT
x015282	x034676	preferred	1000	0.000999000999	1	0	0	INSUFFICIENT_SUPPORT
x015282	x037855	preferred	1000	0.000999000999	1	0	0	INSUFFICIENT_SUPPORT
x015282	x037856	preferred	1000	0.000999000999	1	0	0	INSUFFICIENT_SUPPORT
x015282	x037857	preferred	1000	0.000999000999	1	0	0	INSUFFICIENT_SUPPORT
x015282	x037858	preferred	1000	0.000999000999	1	0	0	INSUFFICIENT_SUPPORT
x015282	x037859	preferred	1000	0.000999000999	1	0	0	INSUFFICIENT_SUPPORT
x015282	x037860	preferred	1000	0.000999000999	1	0	0	INSUFFICIENT_SUPPORT
x015282	x037861	preferred	1000	0.000999000999	1	0	0	INSUFFICIENT_SUPPORT
x015282	x041662	preferred	1000	0.000999000999	1	0	0	INSUFFICIENT_SUPPORT
x015282	x042816	preferred	1000	0.000999000999	1	0	0	INSUFFICIENT_SUPPORT
x015282	x042818	preferred	1000	0.000999000999	1	0	0	INSUFFICIENT_SUPPORT
x015283	x001095	preferred	1000	0.000999000999	1	0	0	INSUFFICIENT_SUPPORT
x015283	x017834	preferred	1000	0.000999000999	1	0	0	INSUFFICIENT_SUPPORT
x015283	x017890	preferred	1000	0.000999000999	1	0	0	INSUFFICIENT_SUPPORT
x015283	x017895	preferred	1000	0.000999000999	1	0	0	INSUFFICIENT_SUPPORT
x015283	x020021	preferred	1000	0.000999000999	1	0	0	INSUFFICIENT_SUPPORT
x015283	x024242	preferred	1000	0.000999000999	1	0	0	INSUFFICIENT_SUPPORT
x015283	x037856	preferred	1000	0.000999000999	1	0	0	INSUFFICIENT_SUPPORT
x015283	x037857	preferred	1000	0.000999000999	1	0	0	INSUFFICIENT_SUPPORT
x015283	x037862	preferred	1000	0.000999000999	1	0	0	INSUFFICIENT_SUPPORT
x015283	x037863	preferred	1000	0.000999000999	1	0	0	INSUFFICIENT_SUPPORT
x015283	x037955	preferred	1000	0.000999000999	1	0	0	INSUFFICIENT_SUPPORT
x015284	x017836	preferred	1000	0.000999000999	1	0	0	INSUFFICIENT_SUPPORT
x015284	x017892	preferred	1000	0.000999000999	1	0	0	INSUFFICIENT_SUPPORT
x015284	x024243	preferred	1000	0.000999000999	1	0	0	INSUFFICIENT_SUPPORT
x015284	x024245	preferred	1000	0.000999000999	1	0	0	INSUFFICIENT_SUPPORT
x015284	x025546	preferred	1000	0.000999000999	1	0	0	INSUFFICIENT_SUPPORT
x015284	x034679	preferred	1000	0.000999000999	1	0	0	INSUFFICIENT_SUPPORT
x015284	x037858	preferred	1000	0.000999000999	1	0	0	INSUFFICIENT_SUPPORT
x015284	x037861	preferred	1000	0.000999000999	1	0	0	INSUFFICIENT_SUPPORT
x015284	x037863	preferred	1000	0.000999000999	1	0	0	INSUFFICIENT_SUPPORT
x015284	x040262	preferred	1000	0.000999000999	1	0	0	INSUFFICIENT_SUPPORT
x015285	x000104	preferred	1000	0.000999000999	1	0	0	INSUFFICIENT_SUPPORT
x015285	x000105	preferred	1000	0.000999000999	1	0	0	INSUFFICIENT_SUPPORT
x015285	x017678	preferred	1000	0.000999000999	1	0	0	INSUFFICIENT_SUPPORT
x015285	x017889	preferred	1000	0.000999000999	1	0	0	INSUFFICIENT_SUPPORT
x015285	x017893	preferred	1000	0.000999000999	1	0	0	INSUFFICIENT_SUPPORT
x015285	x022956	preferred	1000	0.000999000999	1	0	0	INSUFFICIENT_SUPPORT
x015285	x025549	preferred	1000	0.000999000999	1	0	0	INSUFFICIENT_SUPPORT
x015285	x037855	preferred	1000	0.000999000999	1	0	0	INSUFFICIENT_SUPPORT
x015285	x037856	preferred	1000	0.000999000999	1	0	0	INSUFFICIENT_SUPPORT
x015285	x037857	preferred	1000	0.000999000999	1	0	0	INSUFFICIENT_SUPPORT
x015285	x037861	preferred	1000	0.000999000999	1	0	0	INSUFFICIENT_SUPPORT
x015285	x037862	preferred	1000	0.000999000999	1	0	0	INSUFFICIENT_SUPPORT
x015285	x037863	preferred	1000	0.000999000999	1	0	0	INSUFFICIENT_SUPPORT
x015285	x038105	preferred	1000	0.000999000999	1	0	0	INSUFFICIENT_SUPPORT
x015286	x001394	preferred	1000	0.000999000999	1	0	0	INSUFFICIENT_SUPPORT
x015286	x001398	preferred	1000	0.000999000999	1	0	0	INSUFFICIENT_SUPPORT
x015286	x020022	preferred	1000	0.000999000999	1	0	0	INSUFFICIENT_SUPPORT
x015286	x022955	preferred	1000	0.000999000999	1	0	0	INSUFFICIENT_SUPPORT
x015286	x024247	preferred	1000	0.000999000999	1	0	0	INSUFFICIENT_SUPPORT
x015286	x025546	preferred	1000	0.000999000999	1	0	0	INSUFFICIENT_SUPPORT
x015286	x037856	preferred	1000	0.000999000999	1	0	0	INSUFFICIENT_SUPPORT
x015286	x037860	preferred	1000	0.000999000999	1	0	0	INSUFFICIENT_SUPPORT
x015286	x037861	preferred	1000	0.000999000999	1	0	0	INSUFFICIENT_SUPPORT
x015286	x041534	preferred	1000	0.000999000999	1	0	0	INSUFFICIENT_SUPPORT
x015286	x041615	preferred	1000	0.000999000999	1	0	0	INSUFFICIENT_SUPPORT
x015287	x000105	preferred	1000	0.000999000999	1	0	0	INSUFFICIENT_SUPPORT
x015287	x017890	preferred	1000	0.000999000999	1	0	0	INSUFFICIENT_SUPPORT
x015287	x022957	preferred	1000	0.000999000999	1	0	0	INSUFFICIENT_SUPPORT
x015287	x025548	preferred	1000	0.000999000999	1	0	0	INSUFFICIENT_SUPPORT
x015287	x037854	preferred	1000	0.000999000999	1	0	0	INSUFFICIENT_SUPPORT
x015287	x037859	preferred	1000	0.000999000999	1	0	0	INSUFFICIENT_SUPPORT
x015287	x037860	preferred	1000	0.000999000999	1	0	0	INSUFFICIENT_SUPPORT
x015287	x037862	preferred	1000	0.000999000999	1	0	0	INSUFFICIENT_SUPPORT
x015287	x037863	preferred	1000	0.000999000999	1	0	0	INSUFFICIENT_SUPPORT
x016455	x039081	preferred	1000	0.000999000999	1	0	0	INSUFFICIENT_SUPPORT
x016896	x000109	preferred	1000	0.000999000999	1	0	0	INSUFFICIENT_SUPPORT
x016896	x003195	preferred	1000	0.000999000999	1	0	0	INSUFFICIENT_SUPPORT
x016896	x003196	preferred	1000	0.000999000999	1	0	0	INSUFFICIENT_SUPPORT
x016896	x003197	preferred	1000	0.000999000999	1	0	0	INSUFFICIENT_SUPPORT
x016896	x017889	preferred	1000	0.000999000999	1	0	0	INSUFFICIENT_SUPPORT
x016896	x024804	preferred	1000	0.000999000999	1	0	0	INSUFFICIENT_SUPPORT
x016896	x024805	preferred	1000	0.000999000999	1	0	0	INSUFFICIENT_SUPPORT
x016896	x024929	preferred	1000	0.000999000999	1	0	0	INSUFFICIENT_SUPPORT
x016896	x025009	preferred	1000	0.000999000999	1	0	0	INSUFFICIENT_SUPPORT
x016896	x033096	preferred	1000	0.000999000999	1	0	0	INSUFFICIENT_SUPPORT
x016896	x037862	preferred	1000	0.000999000999	1	0	0	INSUFFICIENT_SUPPORT
x016896	x038540	preferred	1000	0.000999000999	1	0	0	INSUFFICIENT_SUPPORT
x016896	x038542	preferred	1000	0.000999000999	1	0	0	INSUFFICIENT_SUPPORT
x016897	x000104	preferred	1000	0.000999000999	1	0	0	INSUFFICIENT_SUPPORT
x016897	x000107	preferred	1000	0.000999000999	1	0	0	INSUFFICIENT_SUPPORT
x016897	x000109	preferred	1000	0.000999000999	1	0	0	INSUFFICIENT_SUPPORT
x016897	x000110	preferred	1000	0.000999000999	1	0	0	INSUFFICIENT_SUPPORT
x016897	x003192	preferred	1000	0.000999000999	1	0	0	INSUFFICIENT_SUPPORT
x016897	x003193	preferred	1000	0.000999000999	1	0	0	INSUFFICIENT_SUPPORT
x016897	x003194	preferred	1000	0.000999000999	1	0	0	INSUFFICIENT_SUPPORT
x016897	x003197	preferred	1000	0.000999000999	1	0	0	INSUFFICIENT_SUPPORT
x016897	x003198	preferred	1000	0.000999000999	1	0	0	INSUFFICIENT_SUPPORT
x016897	x007098	preferred	1000	0.000999000999	1	0	0	INSUFFICIENT_SUPPORT
x016897	x007099	preferred	1000	0.000999000999	1	0	0	INSUFFICIENT_SUPPORT
x016897	x016903	preferred	1000	0.000999000999	1	0	0	INSUFFICIENT_SUPPORT
x016897	x017413	preferred	1000	0.000999000999	1	0	0	INSUFFICIENT_SUPPORT
x016897	x020016	preferred	1000	0.000999000999	1	0	0	INSUFFICIENT_SUPPORT
x016897	x020021	preferred	1000	0.000999000999	1	0	0	INSUFFICIENT_SUPPORT
x016897	x022958	preferred	1000	0.000999000999	1	0	0	INSUFFICIENT_SUPPORT
x016897	x024806	preferred	1000	0.000999000999	1	0	0	INSUFFICIENT_SUPPORT
x016897	x024928	preferred	1000	0.000999000999	1	0	0	INSUFFICIENT_SUPPORT
x016897	x024934	preferred	1000	0.000999000999	1	0	0	INSUFFICIENT_SUPPORT
x016897	x034678	preferred	1000	0.000999000999	1	0	0	INSUFFICIENT_SUPPORT
x016897	x037863	preferred	1000	0.000999000999	1	0	0	INSUFFICIENT_SUPPORT
x016897	x038108	preferred	1000	0.000999000999	1	0	0	INSUFFICIENT_SUPPORT
x016898	x000106	preferred	1000	0.000999000999	1	0	0	INSUFFICIENT_SUPPORT
x016898	x000107	preferred	1000	0.000999000999	1	0	0	INSUFFICIENT_SUPPORT
x016898	x000108	preferred	1000	0.000999000999	1	0	0	INSUFFICIENT_SUPPORT
x016898	x001090	preferred	1000	0.000999000999	1	0	0	INSUFFICIENT_SUPPORT
x016898	x003192	preferred	1000	0.000999000999	1	0	0	INSUFFICIENT_SUPPORT
x016898	x003194	preferred	1000	0.000999000999	1	0	0	INSUFFICIENT_SUPPORT
x016898	x003196	preferred	1000	0.000999000999	1	0	0	INSUFFICIENT_SUPPORT
x016898	x003198	preferred	1000	0.000999000999	1	0	0	INSUFFICIENT_SUPPORT
x016898	x016901	preferred	1000	0.000999000999	1	0	0	INSUFFICIENT_SUPPORT
x016898	x024243	preferred	1000	0.000999000999	1	0	0	INSUFFICIENT_SUPPORT
x016898	x024805	preferred	1000	0.000999000999	1	0	0	INSUFFICIENT_SUPPORT
x016898	x024928	preferred	1000	0.000999000999	1	0	0	INSUFFICIENT_SUPPORT
x016898	x024930	preferred	1000	0.000999000999	1	0	0	INSUFFICIENT_SUPPORT
x016898	x025396	preferred	1000	0.000999000999	1	0	0	INSUFFICIENT_SUPPORT
x016898	x025544	preferred	1000	0.000999000999	1	0	0	INSUFFICIENT_SUPPORT
x016898	x034500	preferred	1000	0.000999000999	1	0	0	INSUFFICIENT_SUPPORT
x016898	x037863	preferred	1000	0.000999000999	1	0	0	INSUFFICIENT_SUPPORT
x016898	x038108	preferred	1000	0.000999000999	1	0	0	INSUFFICIENT_SUPPORT
x016898	x038536	preferred	1000	0.000999000999	1	0	0	INSUFFICIENT_SUPPORT
x016898	x038539	preferred	1000	0.000999000999	1	0	0	INSUFFICIENT_SUPPORT
x016899	x000111	preferred	1000	0.000999000999	1	0	0	INSUFFICIENT_SUPPORT
x016899	x001394	preferred	1000	0.000999000999	1	0	0	INSUFFICIENT_SUPPORT
x016899	x003195	preferred	1000	0.000999000999	1	0	0	INSUFFICIENT_SUPPORT
x016899	x003198	preferred	1000	0.000999000999	1	0	0	INSUFFICIENT_SUPPORT
x016899	x020023	preferred	1000	0.000999000999	1	0	0	INSUFFICIENT_SUPPORT
x016899	x024665	preferred	1000	0.000999000999	1	0	0	INSUFFICIENT_SUPPORT
x016899	x024800	preferred	1000	0.000999000999	1	0	0	INSUFFICIENT_SUPPORT
x016899	x025552	preferred	1000	0.000999000999	1	0	0	INSUFFICIENT_SUPPORT
x016899	x034246	preferred	1000	0.000999000999	1	0	0	INSUFFICIENT_SUPPORT
x016899	x034672	preferred	1000	0.000999000999	1	0	0	INSUFFICIENT_SUPPORT
x016899	x037862	preferred	1000	0.000999000999	1	0	0	INSUFFICIENT_SUPPORT
x016899	x038541	preferred	1000	0.000999000999	1	0	0	INSUFFICIENT_SUPPORT
x016899	x042822	preferred	1000	0.000999000999	1	0	0	INSUFFICIENT_SUPPORT
x016900	x000104	preferred	1000	0.000999000999	1	0	0	INSUFFICIENT_SUPPORT
x016900	x000105	preferred	1000	0.000999000999	1	0	0	INSUFFICIENT_SUPPORT
x016900	x000108	preferred	1000	0.000999000999	1	0	0	INSUFFICIENT_SUPPORT
x016900	x000110	preferred	1000	0.000999000999	1	0	0	INSUFFICIENT_SUPPORT
x016900	x002338	preferred	1000	0.000999000999	1	0	0	INSUFFICIENT_SUPPORT
x016900	x003193	preferred	1000	0.000999000999	1	0	0	INSUFFICIENT_SUPPORT
x016900	x003194	preferred	1000	0.000999000999	1	0	0	INSUFFICIENT_SUPPORT
x016900	x003195	preferred	1000	0.000999000999	1	0	0	INSUFFICIENT_SUPPORT
x016900	x003198	preferred	1000	0.000999000999	1	0	0	INSUFFICIENT_SUPPORT
x016900	x016455	preferred	1000	0.000999000999	1	0	0	INSUFFICIENT_SUPPORT
x016900	x016898	preferred	1000	0.000999000999	1	0	0	INSUFFICIENT_SUPPORT
x016900	x018874	preferred	1000	0.000999000999	1	0	0	INSUFFICIENT_SUPPORT
x016900	x034498	preferred	1000	0.000999000999	1	0	0	INSUFFICIENT_SUPPORT
x016900	x034675	preferred	1000	0.000999000999	1	0	0	INSUFFICIENT_SUPPORT
x016900	x038540	preferred	1000	0.000999000999	1	0	0	INSUFFICIENT_SUPPORT
x016901	x000105	depleted	1000	0.964035964	1	0	1	INSUFFICIENT_SUPPORT
x016901	x000106	depleted	1000	0.985014985	1	0	1	INSUFFICIENT_SUPPORT
x016901	x000107	depleted	1000	0.964035964	1	0	1	INSUFFICIENT_SUPPORT
x016901	x000111	preferred	1000	0.06193806194	1	1	1	INSUFFICIENT_SUPPORT
x016901	x001396	preferred	1000	1	1	0	1	INSUFFICIENT_SUPPORT
x016901	x002104	preferred	1000	1	1	0	1	INSUFFICIENT_SUPPORT
x016901	x003194	preferred	1000	0.01698301698	1	1	1	INSUFFICIENT_SUPPORT
x016901	x003195	depleted	1000	0.982017982	1	0	1	INSUFFICIENT_SUPPORT
x016901	x003196	preferred	1000	1	1	0	1	INSUFFICIENT_SUPPORT
x016901	x003197	preferred	1000	1	1	0	1	INSUFFICIENT_SUPPORT
x016901	x017415	depleted	1000	0.985014985	1	0	1	INSUFFICIENT_SUPPORT
x016901	x024242	depleted	1000	0.982017982	1	0	1	INSUFFICIENT_SUPPORT
x016901	x024801	preferred	1000	1	1	0	1	INSUFFICIENT_SUPPORT
x016901	x024931	preferred	1000	1	1	0	1	INSUFFICIENT_SUPPORT
x016901	x037859	depleted	1000	0.975024975	1	0	1	INSUFFICIENT_SUPPORT
x016901	x038536	depleted	1000	0.984015984	1	0	1	INSUFFICIENT_SUPPORT
x016901	x038537	depleted	1000	1	1	0	1	INSUFFICIENT_SUPPORT
x016901	x042804	preferred	1000	1	1	0	1	INSUFFICIENT_SUPPORT
x016902	x000108	depleted	1000	0.954045954	1	0	1	INSUFFICIENT_SUPPORT
x016902	x003192	preferred	1000	1	1	0	1	INSUFFICIENT_SUPPORT
x016902	x003193	preferred	1000	1	1	0	1	INSUFFICIENT_SUPPORT
x016902	x003194	preferred	1000	1	1	0	1	INSUFFICIENT_SUPPORT
x016902	x003195	preferred	1000	0.01598401598	1	1	1	INSUFFICIENT_SUPPORT
x016902	x017409	preferred	1000	1	1	0	1	INSUFFICIENT_SUPPORT
x016902	x024805	preferred	1000	1	1	0	1	INSUFFICIENT_SUPPORT
x016902	x024934	preferred	1000	1	1	0	1	INSUFFICIENT_SUPPORT
x016902	x024935	preferred	1000	1	1	0	1	INSUFFICIENT_SUPPORT
x016902	x037856	depleted	1000	0.978021978	1	0	1	INSUFFICIENT_SUPPORT
x016902	x038542	depleted	1000	0.991008991	1	0	1	INSUFFICIENT_SUPPORT
x016903	x000107	preferred	1000	0.000999000999	1	0	0	INSUFFICIENT_SUPPORT
x016903	x000109	preferred	1000	0.000999000999	1	0	0	INSUFFICIENT_SUPPORT
x016903	x000110	preferred	1000	0.000999000999	1	0	0	INSUFFICIENT_SUPPORT
x016903	x003192	preferred	1000	0.000999000999	1	0	0	INSUFFICIENT_SUPPORT
x016903	x003193	preferred	1000	0.000999000999	1	0	0	INSUFFICIENT_SUPPORT
x016903	x003196	preferred	1000	0.000999000999	1	0	0	INSUFFICIENT_SUPPORT
x016903	x003197	preferred	1000	0.000999000999	1	0	0	INSUFFICIENT_SUPPORT
x016903	x003198	preferred	1000	0.000999000999	1	0	0	INSUFFICIENT_SUPPORT
x016903	x003199	preferred	1000	0.000999000999	1	0	0	INSUFFICIENT_SUPPORT
x016903	x007100	preferred	1000	0.000999000999	1	0	0	INSUFFICIENT_SUPPORT
x016903	x024242	preferred	1000	0.000999000999	1	0	0	INSUFFICIENT_SUPPORT
x016903	x024929	preferred	1000	0.000999000999	1	0	0	INSUFFICIENT_SUPPORT
x016903	x024932	preferred	1000	0.000999000999	1	0	0	INSUFFICIENT_SUPPORT
x016903	x034676	preferred	1000	0.000999000999	1	0	0	INSUFFICIENT_SUPPORT
x016903	x037863	preferred	1000	0.000999000999	1	0	0	INSUFFICIENT_SUPPORT
x017032	x001424	preferred	1000	0.000999000999	1	0	0	INSUFFICIENT_SUPPORT
x017032	x001427	preferred	1000	0.000999000999	1	0	0	INSUFFICIENT_SUPPORT
x017032	x001430	preferred	1000	0.000999000999	1	0	0	INSUFFICIENT_SUPPORT
x017032	x018497	preferred	1000	0.000999000999	1	0	0	INSUFFICIENT_SUPPORT
x017032	x018874	preferred	1000	0.000999000999	1	0	0	INSUFFICIENT_SUPPORT
x017032	x037860	preferred	1000	0.000999000999	1	0	0	INSUFFICIENT_SUPPORT
x017032	x038541	preferred	1000	0.000999000999	1	0	0	INSUFFICIENT_SUPPORT
x017038	x001431	preferred	1000	0.000999000999	1	0	0	INSUFFICIENT_SUPPORT
x017038	x020017	preferred	1000	0.000999000999	1	0	0	INSUFFICIENT_SUPPORT
x017038	x025889	preferred	1000	0.000999000999	1	0	0	INSUFFICIENT_SUPPORT
x017038	x038107	preferred	1000	0.000999000999	1	0	0	INSUFFICIENT_SUPPORT
x017038	x040216	preferred	1000	0.000999000999	1	0	0	INSUFFICIENT_SUPPORT
x017038	x040219	preferred	1000	0.000999000999	1	0	0	INSUFFICIENT_SUPPORT
x017038	x041114	preferred	1000	0.000999000999	1	0	0	INSUFFICIENT_SUPPORT
x017038	x041591	preferred	1000	0.000999000999	1	0	0	INSUFFICIENT_SUPPORT
x017288	x018564	preferred	1000	0.000999000999	1	0	0	INSUFFICIENT_SUPPORT
x017288	x024805	preferred	1000	0.000999000999	1	0	0	INSUFFICIENT_SUPPORT
x017288	x024931	preferred	1000	0.000999000999	1	0	0	INSUFFICIENT_SUPPORT
x017289	x000109	preferred	1000	0.000999000999	1	0	0	INSUFFICIENT_SUPPORT
x017289	x001091	preferred	1000	0.000999000999	1	0	0	INSUFFICIENT_SUPPORT
x017289	x031709	preferred	1000	0.000999000999	1	0	0	INSUFFICIENT_SUPPORT
x017289	x037957	preferred	1000	0.000999000999	1	0	0	INSUFFICIENT_SUPPORT
x017289	x042106	preferred	1000	0.000999000999	1	0	0	INSUFFICIENT_SUPPORT
x017289	x042822	preferred	1000	0.000999000999	1	0	0	INSUFFICIENT_SUPPORT
x017292	x000104	preferred	1000	0.000999000999	1	0	0	INSUFFICIENT_SUPPORT
x017292	x003194	preferred	1000	0.000999000999	1	0	0	INSUFFICIENT_SUPPORT
x017292	x003199	preferred	1000	0.000999000999	1	0	0	INSUFFICIENT_SUPPORT
x017292	x024935	preferred	1000	0.000999000999	1	0	0	INSUFFICIENT_SUPPORT
x017292	x034675	preferred	1000	0.000999000999	1	0	0	INSUFFICIENT_SUPPORT
x017293	x000107	preferred	1000	0.000999000999	1	0	0	INSUFFICIENT_SUPPORT
x017293	x003194	preferred	1000	0.000999000999	1	0	0	INSUFFICIENT_SUPPORT
x017293	x003197	preferred	1000	0.000999000999	1	0	0	INSUFFICIENT_SUPPORT
x017293	x003199	preferred	1000	0.000999000999	1	0	0	INSUFFICIENT_SUPPORT
x017293	x024928	preferred	1000	0.000999000999	1	0	0	INSUFFICIENT_SUPPORT
x017293	x034675	preferred	1000	0.000999000999	1	0	0	INSUFFICIENT_SUPPORT
x017293	x037861	preferred	1000	0.000999000999	1	0	0	INSUFFICIENT_SUPPORT
x017294	x002338	preferred	1000	0.000999000999	1	0	0	INSUFFICIENT_SUPPORT
x017294	x003192	preferred	1000	0.000999000999	1	0	0	INSUFFICIENT_SUPPORT
x017294	x003195	preferred	1000	0.000999000999	1	0	0	INSUFFICIENT_SUPPORT
x017294	x016896	preferred	1000	0.000999000999	1	0	0	INSUFFICIENT_SUPPORT
x017294	x018257	preferred	1000	0.000999000999	1	0	0	INSUFFICIENT_SUPPORT
x017294	x024800	preferred	1000	0.000999000999	1	0	0	INSUFFICIENT_SUPPORT
x017294	x037856	preferred	1000	0.000999000999	1	0	0	INSUFFICIENT_SUPPORT
x017295	x003192	preferred	1000	0.000999000999	1	0	0	INSUFFICIENT_SUPPORT
x017295	x003194	preferred	1000	0.000999000999	1	0	0	INSUFFICIENT_SUPPORT
x017295	x003196	preferred	1000	0.000999000999	1	0	0	INSUFFICIENT_SUPPORT
x017295	x018501	preferred	1000	0.000999000999	1	0	0	INSUFFICIENT_SUPPORT
x017295	x037859	preferred	1000	0.000999000999	1	0	0	INSUFFICIENT_SUPPORT
x017376	x000108	preferred	1000	0.000999000999	1	0	0	INSUFFICIENT_SUPPORT
x017376	x001398	preferred	1000	0.000999000999	1	0	0	INSUFFICIENT_SUPPORT
x017376	x003197	preferred	1000	0.000999000999	1	0	0	INSUFFICIENT_SUPPORT
x017376	x003198	preferred	1000	0.000999000999	1	0	0	INSUFFICIENT_SUPPORT
x017376	x003199	preferred	1000	0.000999000999	1	0	0	INSUFFICIENT_SUPPORT
x017376	x016897	preferred	1000	0.000999000999	1	0	0	INSUFFICIENT_SUPPORT
x017376	x016898	preferred	1000	0.000999000999	1	0	0	INSUFFICIENT_SUPPORT
x017376	x016903	preferred	1000	0.000999000999	1	0	0	INSUFFICIENT_SUPPORT
x017376	x024247	preferred	1000	0.000999000999	1	0	0	INSUFFICIENT_SUPPORT
x017376	x024801	preferred	1000	0.000999000999	1	0	0	INSUFFICIENT_SUPPORT
x017376	x024803	preferred	1000	0.000999000999	1	0	0	INSUFFICIENT_SUPPORT
x017376	x024804	preferred	1000	0.000999000999	1	0	0	INSUFFICIENT_SUPPORT
x017376	x024934	preferred	1000	0.000999000999	1	0	0	INSUFFICIENT_SUPPORT
x017376	x025743	preferred	1000	0.000999000999	1	0	0	INSUFFICIENT_SUPPORT
x017376	x037858	preferred	1000	0.000999000999	1	0	0	INSUFFICIENT_SUPPORT
x017376	x037861	preferred	1000	0.000999000999	1	0	0	INSUFFICIENT_SUPPORT
x017376	x038541	preferred	1000	0.000999000999	1	0	0	INSUFFICIENT_SUPPORT
x017376	x042800	preferred	1000	0.000999000999	1	0	0	INSUFFICIENT_SUPPORT
x017376	x042804	preferred	1000	0.000999000999	1	0	0	INSUFFICIENT_SUPPORT
x017376	x042820	preferred	1000	0.000999000999	1	0	0	INSUFFICIENT_SUPPORT
x017377	x000105	preferred	1000	0.000999000999	1	0	0	INSUFFICIENT_SUPPORT
x017377	x000108	preferred	1000	0.000999000999	1	0	0	INSUFFICIENT_SUPPORT
x017377	x000110	preferred	1000	0.000999000999	1	0	0	INSUFFICIENT_SUPPORT
x017377	x001637	preferred	1000	0.000999000999	1	0	0	INSUFFICIENT_SUPPORT
x017377	x003193	preferred	1000	0.000999000999	1	0	0	INSUFFICIENT_SUPPORT
x017377	x003194	preferred	1000	0.000999000999	1	0	0	INSUFFICIENT_SUPPORT
x017377	x003196	preferred	1000	0.000999000999	1	0	0	INSUFFICIENT_SUPPORT
x017377	x003197	preferred	1000	0.000999000999	1	0	0	INSUFFICIENT_SUPPORT
x017377	x003198	preferred	1000	0.000999000999	1	0	0	INSUFFICIENT_SUPPORT
x017377	x016898	preferred	1000	0.000999000999	1	0	0	INSUFFICIENT_SUPPORT
x017377	x018502	preferred	1000	0.000999000999	1	0	0	INSUFFICIENT_SUPPORT
x017377	x018503	preferred	1000	0.000999000999	1	0	0	INSUFFICIENT_SUPPORT
x017377	x020023	preferred	1000	0.000999000999	1	0	0	INSUFFICIENT_SUPPORT
x017377	x024800	preferred	1000	0.000999000999	1	0	0	INSUFFICIENT_SUPPORT
x017377	x024807	preferred	1000	0.000999000999	1	0	0	INSUFFICIENT_SUPPORT
x017377	x024928	preferred	1000	0.000999000999	1	0	0	INSUFFICIENT_SUPPORT
x017377	x024929	preferred	1000	0.000999000999	1	0	0	INSUFFICIENT_SUPPORT
x017377	x025551	preferred	1000	0.000999000999	1	0	0	INSUFFICIENT_SUPPORT
x017377	x034501	preferred	1000	0.000999000999	1	0	0	INSUFFICIENT_SUPPORT
x017377	x034679	preferred	1000	0.000999000999	1	0	0	INSUFFICIENT_SUPPORT
x017377	x037856	preferred	1000	0.000999000999	1	0	0	INSUFFICIENT_SUPPORT
x017377	x038539	preferred	1000	0.000999000999	1	0	0	INSUFFICIENT_SUPPORT
x017377	x042801	preferred	1000	0.000999000999	1	0	0	INSUFFICIENT_SUPPORT
x017377	x042804	preferred	1000	0.000999000999	1	0	0	INSUFFICIENT_SUPPORT
x017378	x003192	preferred	1000	0.000999000999	1	0	0	INSUFFICIENT_SUPPORT
x017378	x003193	preferred	1000	0.000999000999	1	0	0	INSUFFICIENT_SUPPORT
x017378	x007098	preferred	1000	0.000999000999	1	0	0	INSUFFICIENT_SUPPORT
x017378	x016897	preferred	1000	0.000999000999	1	0	0	INSUFFICIENT_SUPPORT
x017378	x016898	preferred	1000	0.000999000999	1	0	0	INSUFFICIENT_SUPPORT
x017378	x016902	preferred	1000	0.000999000999	1	0	0	INSUFFICIENT_SUPPORT
x017378	x024247	preferred	1000	0.000999000999	1	0	0	INSUFFICIENT_SUPPORT
x017378	x037859	preferred	1000	0.000999000999	1	0	0	INSUFFICIENT_SUPPORT
x017378	x037860	preferred	1000	0.000999000999	1	0	0	INSUFFICIENT_SUPPORT
x017378	x037861	preferred	1000	0.000999000999	1	0	0	INSUFFICIENT_SUPPORT
x017378	x037863	preferred	1000	0.000999000999	1	0	0	INSUFFICIENT_SUPPORT
x017378	x038539	preferred	1000	0.000999000999	1	0	0	INSUFFICIENT_SUPPORT
x017378	x042803	preferred	1000	0.000999000999	1	0	0	INSUFFICIENT_SUPPORT
x017378	x042806	preferred	1000	0.000999000999	1	0	0	INSUFFICIENT_SUPPORT
x017378	x042818	preferred	1000	0.000999000999	1	0	0	INSUFFICIENT_SUPPORT
x017379	x000106	preferred	1000	0.000999000999	1	0	0	INSUFFICIENT_SUPPORT
x017379	x000109	preferred	1000	0.000999000999	1	0	0	INSUFFICIENT_SUPPORT
x017379	x000110	preferred	1000	0.000999000999	1	0	0	INSUFFICIENT_SUPPORT
x017379	x001393	preferred	1000	0.000999000999	1	0	0	INSUFFICIENT_SUPPORT
x017379	x003192	preferred	1000	0.000999000999	1	0	0	INSUFFICIENT_SUPPORT
x017379	x003193	preferred	1000	0.000999000999	1	0	0	INSUFFICIENT_SUPPORT
x017379	x003195	preferred	1000	0.000999000999	1	0	0	INSUFFICIENT_SUPPORT
x017379	x003197	preferred	1000	0.000999000999	1	0	0	INSUFFICIENT_SUPPORT
x017379	x003199	preferred	1000	0.000999000999	1	0	0	INSUFFICIENT_SUPPORT
x017379	x016899	preferred	1000	0.000999000999	1	0	0	INSUFFICIENT_SUPPORT
x017379	x017833	preferred	1000	0.000999000999	1	0	0	INSUFFICIENT_SUPPORT
x017379	x020017	preferred	1000	0.000999000999	1	0	0	INSUFFICIENT_SUPPORT
x017379	x022381	preferred	1000	0.000999000999	1	0	0	INSUFFICIENT_SUPPORT
x017379	x024665	preferred	1000	0.000999000999	1	0	0	INSUFFICIENT_SUPPORT
x017379	x024804	preferred	1000	0.000999000999	1	0	0	INSUFFICIENT_SUPPORT
x017379	x024805	preferred	1000	0.000999000999	1	0	0	INSUFFICIENT_SUPPORT
x017379	x024807	preferred	1000	0.000999000999	1	0	0	INSUFFICIENT_SUPPORT
x017379	x037859	preferred	1000	0.000999000999	1	0	0	INSUFFICIENT_SUPPORT
x017379	x041257	preferred	1000	0.000999000999	1	0	0	INSUFFICIENT_SUPPORT
x017379	x042804	preferred	1000	0.000999000999	1	0	0	INSUFFICIENT_SUPPORT
x017380	x000106	preferred	1000	0.000999000999	1	0	0	INSUFFICIENT_SUPPORT
x017380	x000108	preferred	1000	0.000999000999	1	0	0	INSUFFICIENT_SUPPORT
x017380	x001394	preferred	1000	0.000999000999	1	0	0	INSUFFICIENT_SUPPORT
x017380	x003192	preferred	1000	0.000999000999	1	0	0	INSUFFICIENT_SUPPORT
x017380	x003193	preferred	1000	0.000999000999	1	0	0	INSUFFICIENT_SUPPORT
x017380	x003194	preferred	1000	0.000999000999	1	0	0	INSUFFICIENT_SUPPORT
x017380	x003195	preferred	1000	0.000999000999	1	0	0	INSUFFICIENT_SUPPORT
x017380	x003196	preferred	1000	0.000999000999	1	0	0	INSUFFICIENT_SUPPORT
x017380	x003197	preferred	1000	0.000999000999	1	0	0	INSUFFICIENT_SUPPORT
x017380	x003198	preferred	1000	0.000999000999	1	0	0	INSUFFICIENT_SUPPORT
x017380	x007100	preferred	1000	0.000999000999	1	0	0	INSUFFICIENT_SUPPORT
x017380	x016899	preferred	1000	0.000999000999	1	0	0	INSUFFICIENT_SUPPORT
x017380	x017673	preferred	1000	0.000999000999	1	0	0	INSUFFICIENT_SUPPORT
x017380	x017889	preferred	1000	0.000999000999	1	0	0	INSUFFICIENT_SUPPORT
x017380	x017893	preferred	1000	0.000999000999	1	0	0	INSUFFICIENT_SUPPORT
x017380	x020023	preferred	1000	0.000999000999	1	0	0	INSUFFICIENT_SUPPORT
x017380	x020329	preferred	1000	0.000999000999	1	0	0	INSUFFICIENT_SUPPORT
x017380	x024935	preferred	1000	0.000999000999	1	0	0	INSUFFICIENT_SUPPORT
x017380	x037856	preferred	1000	0.000999000999	1	0	0	INSUFFICIENT_SUPPORT
x017380	x037857	preferred	1000	0.000999000999	1	0	0	INSUFFICIENT_SUPPORT
x017380	x037861	preferred	1000	0.000999000999	1	0	0	INSUFFICIENT_SUPPORT
x017380	x037903	preferred	1000	0.000999000999	1	0	0	INSUFFICIENT_SUPPORT
x017380	x038111	preferred	1000	0.000999000999	1	0	0	INSUFFICIENT_SUPPORT
x017380	x040633	preferred	1000	0.000999000999	1	0	0	INSUFFICIENT_SUPPORT
x017380	x042802	preferred	1000	0.000999000999	1	0	0	INSUFFICIENT_SUPPORT
x017380	x042806	preferred	1000	0.000999000999	1	0	0	INSUFFICIENT_SUPPORT
x017380	x042816	preferred	1000	0.000999000999	1	0	0	INSUFFICIENT_SUPPORT
x017381	x000106	preferred	1000	0.000999000999	1	0	0	INSUFFICIENT_SUPPORT
x017381	x000109	preferred	1000	0.000999000999	1	0	0	INSUFFICIENT_SUPPORT
x017381	x003192	preferred	1000	0.000999000999	1	0	0	INSUFFICIENT_SUPPORT
x017381	x003193	preferred	1000	0.000999000999	1	0	0	INSUFFICIENT_SUPPORT
x017381	x003196	preferred	1000	0.000999000999	1	0	0	INSUFFICIENT_SUPPORT
x017381	x003198	preferred	1000	0.000999000999	1	0	0	INSUFFICIENT_SUPPORT
x017381	x003199	preferred	1000	0.000999000999	1	0	0	INSUFFICIENT_SUPPORT
x017381	x007098	preferred	1000	0.000999000999	1	0	0	INSUFFICIENT_SUPPORT
x017381	x016896	preferred	1000	0.000999000999	1	0	0	INSUFFICIENT_SUPPORT
x017381	x020019	preferred	1000	0.000999000999	1	0	0	INSUFFICIENT_SUPPORT
x017381	x022381	preferred	1000	0.000999000999	1	0	0	INSUFFICIENT_SUPPORT
x017381	x024665	preferred	1000	0.000999000999	1	0	0	INSUFFICIENT_SUPPORT
x017381	x024804	preferred	1000	0.000999000999	1	0	0	INSUFFICIENT_SUPPORT
x017381	x025765	preferred	1000	0.000999000999	1	0	0	INSUFFICIENT_SUPPORT
x017381	x034675	preferred	1000	0.000999000999	1	0	0	INSUFFICIENT_SUPPORT
x017381	x037863	preferred	1000	0.000999000999	1	0	0	INSUFFICIENT_SUPPORT
x017381	x038538	preferred	1000	0.000999000999	1	0	0	INSUFFICIENT_SUPPORT
x017382	x000106	preferred	1000	0.000999000999	1	0	0	INSUFFICIENT_SUPPORT
x017382	x000110	preferred	1000	0.000999000999	1	0	0	INSUFFICIENT_SUPPORT
x017382	x003193	preferred	1000	0.000999000999	1	0	0	INSUFFICIENT_SUPPORT
x017382	x003196	preferred	1000	0.000999000999	1	0	0	INSUFFICIENT_SUPPORT
x017382	x003197	preferred	1000	0.000999000999	1	0	0	INSUFFICIENT_SUPPORT
x017382	x003199	preferred	1000	0.000999000999	1	0	0	INSUFFICIENT_SUPPORT
x017382	x014831	preferred	1000	0.000999000999	1	0	0	INSUFFICIENT_SUPPORT
x017382	x016899	preferred	1000	0.000999000999	1	0	0	INSUFFICIENT_SUPPORT
x017382	x022381	preferred	1000	0.000999000999	1	0	0	INSUFFICIENT_SUPPORT
x017382	x024804	preferred	1000	0.000999000999	1	0	0	INSUFFICIENT_SUPPORT
x017382	x024805	preferred	1000	0.000999000999	1	0	0	INSUFFICIENT_SUPPORT
x017382	x024930	preferred	1000	0.000999000999	1	0	0	INSUFFICIENT_SUPPORT
x017382	x025015	preferred	1000	0.000999000999	1	0	0	INSUFFICIENT_SUPPORT
x017382	x034501	preferred	1000	0.000999000999	1	0	0	INSUFFICIENT_SUPPORT
x017382	x037856	preferred	1000	0.000999000999	1	0	0	INSUFFICIENT_SUPPORT
x017382	x037903	preferred	1000	0.000999000999	1	0	0	INSUFFICIENT_SUPPORT
x017382	x038541	preferred	1000	0.000999000999	1	0	0	INSUFFICIENT_SUPPORT
x017382	x042806	preferred	1000	0.000999000999	1	0	0	INSUFFICIENT_SUPPORT
x017383	x000109	preferred	1000	0.000999000999	1	0	0	INSUFFICIENT_SUPPORT
x017383	x000111	preferred	1000	0.000999000999	1	0	0	INSUFFICIENT_SUPPORT
x017383	x003193	preferred	1000	0.000999000999	1	0	0	INSUFFICIENT_SUPPORT
x017383	x003194	preferred	1000	0.000999000999	1	0	0	INSUFFICIENT_SUPPORT
x017383	x003197	preferred	1000	0.000999000999	1	0	0	INSUFFICIENT_SUPPORT
x017383	x007099	preferred	1000	0.000999000999	1	0	0	INSUFFICIENT_SUPPORT
x017383	x017675	preferred	1000	0.000999000999	1	0	0	INSUFFICIENT_SUPPORT
x017383	x024665	preferred	1000	0.000999000999	1	0	0	INSUFFICIENT_SUPPORT
x017383	x024804	preferred	1000	0.000999000999	1	0	0	INSUFFICIENT_SUPPORT
x017383	x024930	preferred	1000	0.000999000999	1	0	0	INSUFFICIENT_SUPPORT
x017383	x024933	preferred	1000	0.000999000999	1	0	0	INSUFFICIENT_SUPPORT
x017383	x037858	preferred	1000	0.000999000999	1	0	0	INSUFFICIENT_SUPPORT
x017383	x037860	preferred	1000	0.000999000999	1	0	0	INSUFFICIENT_SUPPORT
x017383	x037897	preferred	1000	0.000999000999	1	0	0	INSUFFICIENT_SUPPORT
x017383	x038538	preferred	1000	0.000999000999	1	0	0	INSUFFICIENT_SUPPORT
x017383	x042804	preferred	1000	0.000999000999	1	0	0	INSUFFICIENT_SUPPORT
x017408	x001424	depleted	1000	1	1	0	0.9481237385	INSUFFICIENT_SUPPORT
x017408	x001425	depleted	1000	1	1	0	0.6347797534	INSUFFICIENT_SUPPORT
x017408	x001427	depleted	1000	0.978021978	1	0	0.5212995183	INSUFFICIENT_SUPPORT
x017408	x008315	preferred	1000	1	1	0	0.9577209662	INSUFFICIENT_SUPPORT
x017408	x016898	preferred	1000	1	1	0	0.9577209662	INSUFFICIENT_SUPPORT
x017408	x016899	preferred	1000	1	1	0	0.8989546499	INSUFFICIENT_SUPPORT
x017408	x016902	preferred	1000	1	1	0	0.8989546499	INSUFFICIENT_SUPPORT
x017408	x017289	preferred	1000	1	1	0	0.5378455326	INSUFFICIENT_SUPPORT
x017408	x018497	depleted	1000	0.9340659341	1	0	0.5796460391	INSUFFICIENT_SUPPORT
x017408	x018498	preferred	1000	0.04895104895	1	1	0.9292632789	INSUFFICIENT_SUPPORT
x017408	x018503	depleted	1000	0.969030969	1	0	0.6347797534	INSUFFICIENT_SUPPORT
x017408	x018878	depleted	1000	0.977022977	1	1	0.577432686	INSUFFICIENT_SUPPORT
x017408	x019714	preferred	1000	1	1	0	0.5378455326	INSUFFICIENT_SUPPORT
x017408	x019937	preferred	1000	1	1	0	0.9577209662	INSUFFICIENT_SUPPORT
x017408	x019939	preferred	1000	1	1	0	0.6829622954	INSUFFICIENT_SUPPORT
x017408	x020023	depleted	1000	1	1	0	0.5893309901	INSUFFICIENT_SUPPORT
x017408	x022927	preferred	1000	1	1	0	0.5378455326	INSUFFICIENT_SUPPORT
x017408	x024804	preferred	1000	0.04995004995	1	1	0.6272317806	INSUFFICIENT_SUPPORT
x017408	x031620	preferred	1000	1	1	0	0.5378455326	INSUFFICIENT_SUPPORT
x017408	x031704	preferred	1000	1	1	0	0.5378455326	INSUFFICIENT_SUPPORT
x017408	x031708	preferred	1000	1	1	0	0.5378455326	INSUFFICIENT_SUPPORT
x017408	x031710	preferred	1000	1	1	0	0.5378455326	INSUFFICIENT_SUPPORT
x017408	x031711	preferred	1000	1	1	0	0.9577209662	INSUFFICIENT_SUPPORT
x017408	x034245	preferred	1000	1	1	0	0.5378455326	INSUFFICIENT_SUPPORT
x017408	x038675	preferred	1000	0.01898101898	1	1	0.5378455326	INSUFFICIENT_SUPPORT
x017408	x041112	depleted	1000	0.978021978	1	0	0.5638678401	INSUFFICIENT_SUPPORT
x017408	x041113	depleted	1000	0.969030969	1	0	0.8799171463	INSUFFICIENT_SUPPORT
x017408	x041115	depleted	1000	0.98001998	1	0	0.5893309901	INSUFFICIENT_SUPPORT
x017408	x041116	preferred	1000	1	1	0	0.5887673833	INSUFFICIENT_SUPPORT
x017408	x041118	depleted	1000	0.9410589411	1	0	0.8846727724	INSUFFICIENT_SUPPORT
x017408	x041119	preferred	1000	1	1	0	0.6829622954	INSUFFICIENT_SUPPORT
x017408	x041936	preferred	1000	1	1	0	0.5378455326	INSUFFICIENT_SUPPORT
x017408	x042465	preferred	1000	0.01598401598	1	1	0.5378455326	INSUFFICIENT_SUPPORT
x017408	x042466	preferred	1000	1	1	0	0.5378455326	INSUFFICIENT_SUPPORT
x017408	x042468	preferred	1000	1	1	0	0.8989546499	INSUFFICIENT_SUPPORT
x017408	x042470	preferred	1000	1	1	0	0.5378455326	INSUFFICIENT_SUPPORT
x017409	x001427	depleted	1000	0.989010989	1	0	0.8837287215	INSUFFICIENT_SUPPORT
x017409	x005110	preferred	1000	1	1	0	0.5153141076	INSUFFICIENT_SUPPORT
x017409	x007098	preferred	1000	1	1	0	0.5153141076	INSUFFICIENT_SUPPORT
x017409	x008317	preferred	1000	0.01598401598	1	1	0.7480245159	INSUFFICIENT_SUPPORT
x017409	x016896	preferred	1000	0.02597402597	1	1	0.9599827084	INSUFFICIENT_SUPPORT
x017409	x016899	depleted	1000	0.961038961	1	0	0.542876778	INSUFFICIENT_SUPPORT
x017409	x016900	preferred	1000	0.01198801199	1	1	0.5153141076	INSUFFICIENT_SUPPORT
x017409	x016901	preferred	1000	1	1	0	0.7080992713	INSUFFICIENT_SUPPORT
x017409	x016902	preferred	1000	1	1	0	0.7080992713	INSUFFICIENT_SUPPORT
x017409	x016903	depleted	1000	1	1	1	0.5508947725	INSUFFICIENT_SUPPORT
x017409	x017292	preferred	1000	1	1	0	0.9029251652	INSUFFICIENT_SUPPORT
x017409	x019936	preferred	1000	1	1	0	0.9029251652	INSUFFICIENT_SUPPORT
x017409	x019937	preferred	1000	1	1	0	0.9599827084	INSUFFICIENT_SUPPORT
x017409	x019942	preferred	1000	1	1	0	0.9599827084	INSUFFICIENT_SUPPORT
x017409	x031622	preferred	1000	1	1	0	0.5153141076	INSUFFICIENT_SUPPORT
x017409	x031705	preferred	1000	0.01298701299	1	1	0.5153141076	INSUFFICIENT_SUPPORT
x017409	x031706	preferred	1000	1	1	0	0.9599827084	INSUFFICIENT_SUPPORT
x017409	x031709	preferred	1000	1	1	0	0.7080992713	INSUFFICIENT_SUPPORT
x017409	x031710	preferred	1000	1	1	0	0.5153141076	INSUFFICIENT_SUPPORT
x017409	x038539	depleted	1000	0.99000999	1	0	0.513168841	INSUFFICIENT_SUPPORT
x017409	x038543	depleted	1000	1	1	0	0.9342312787	INSUFFICIENT_SUPPORT
x017409	x041112	preferred	1000	1	1	0	0.9599827084	INSUFFICIENT_SUPPORT
x017409	x041117	preferred	1000	0.01398601399	1	1	0.7480245159	INSUFFICIENT_SUPPORT
x017409	x041119	depleted	1000	0.999000999	1	1	0.5478052998	INSUFFICIENT_SUPPORT
x017409	x041586	preferred	1000	1	1	0	0.7080992713	INSUFFICIENT_SUPPORT
x017409	x041591	preferred	1000	1	1	0	0.7080992713	INSUFFICIENT_SUPPORT
x017409	x042467	preferred	1000	1	1	0	0.9599827084	INSUFFICIENT_SUPPORT
x017409	x042470	preferred	1000	1	1	0	0.9599827084	INSUFFICIENT_SUPPORT
x017409	x042471	preferred	1000	1	1	0	0.7080992713	INSUFFICIENT_SUPPORT
x017410	x001425	depleted	1000	1	1	0	0.8929102071	INSUFFICIENT_SUPPORT
x017410	x001427	depleted	1000	1	1	1	0.5817311138	INSUFFICIENT_SUPPORT
x017410	x005236	preferred	1000	1	1	0	0.9119368596	INSUFFICIENT_SUPPORT
x017410	x008313	preferred	1000	0.006993006993	1	1	0.5000453267	INSUFFICIENT_SUPPORT
x017410	x008315	preferred	1000	1	1	0	0.5000453267	INSUFFICIENT_SUPPORT
x017410	x014830	depleted	1000	0.984015984	1	0	0.7699723925	INSUFFICIENT_SUPPORT
x017410	x016897	preferred	1000	1	1	0	0.5004688979	INSUFFICIENT_SUPPORT
x017410	x016898	preferred	1000	1	1	0	0.5000453267	INSUFFICIENT_SUPPORT
x017410	x016900	preferred	1000	1	1	0	0.5004688979	INSUFFICIENT_SUPPORT
x017410	x016901	preferred	1000	1	1	0	0.911771534	INSUFFICIENT_SUPPORT
x017410	x016902	preferred	1000	0.02497502498	1	1	0.9119368596	INSUFFICIENT_SUPPORT
x017410	x016903	preferred	1000	0.05694305694	1	1	0.6250048998	INSUFFICIENT_SUPPORT
x017410	x017288	preferred	1000	1	1	0	0.5000453267	INSUFFICIENT_SUPPORT
x017410	x018498	depleted	1000	0.981018981	1	0	0.7697394224	INSUFFICIENT_SUPPORT
x017410	x018872	preferred	1000	1	1	0	0.5000453267	INSUFFICIENT_SUPPORT
x017410	x019942	preferred	1000	1	1	0	0.5000453267	INSUFFICIENT_SUPPORT
x017410	x019943	preferred	1000	1	1	0	0.5000453267	INSUFFICIENT_SUPPORT
x017410	x023869	preferred	1000	1	1	0	0.5000453267	INSUFFICIENT_SUPPORT
x017410	x024665	preferred	1000	1	1	0	0.9119368596	INSUFFICIENT_SUPPORT
x017410	x025008	preferred	1000	0.02097902098	1	1	0.6328644841	INSUFFICIENT_SUPPORT
x017410	x031704	preferred	1000	1	1	0	0.5000453267	INSUFFICIENT_SUPPORT
x017410	x031705	preferred	1000	1	1	0	0.5000453267	INSUFFICIENT_SUPPORT
x017410	x031706	preferred	1000	1	1	0	0.5000453267	INSUFFICIENT_SUPPORT
x017410	x041112	preferred	1000	0.007992007992	1	1	0.7673468809	INSUFFICIENT_SUPPORT
x017410	x041113	depleted	1000	0.9250749251	1	0	0.6497118448	INSUFFICIENT_SUPPORT
x017410	x041114	preferred	1000	1	1	0	0.6250048998	INSUFFICIENT_SUPPORT
x017410	x041115	depleted	1000	0.988011988	1	0	0.7697394224	INSUFFICIENT_SUPPORT
x017410	x041116	depleted	1000	0.97002997	1	1	0.5084944121	INSUFFICIENT_SUPPORT
x017410	x041117	preferred	1000	0.03096903097	1	1	0.6328644841	INSUFFICIENT_SUPPORT
x017410	x041119	preferred	1000	1	1	0	0.911771534	INSUFFICIENT_SUPPORT
x017410	x041263	preferred	1000	1	1	0	0.5000453267	INSUFFICIENT_SUPPORT
x017410	x041936	preferred	1000	1	1	0	0.5000453267	INSUFFICIENT_SUPPORT
x017410	x042465	preferred	1000	1	1	0	0.5000453267	INSUFFICIENT_SUPPORT
x017411	x000106	depleted	1000	0.986013986	1	0	1	INSUFFICIENT_SUPPORT
x017411	x001425	depleted	1000	1	1	0	1	INSUFFICIENT_SUPPORT
x017411	x001571	preferred	1000	1	1	0	1	INSUFFICIENT_SUPPORT
x017411	x008315	preferred	1000	1	1	0	1	INSUFFICIENT_SUPPORT
x017411	x016897	preferred	1000	1	1	0	1	INSUFFICIENT_SUPPORT
x017411	x016898	depleted	1000	0.982017982	1	0	1	INSUFFICIENT_SUPPORT
x017411	x016899	preferred	1000	1	1	0	1	INSUFFICIENT_SUPPORT
x017411	x016900	preferred	1000	1	1	0	1	INSUFFICIENT_SUPPORT
x017411	x017294	preferred	1000	1	1	0	1	INSUFFICIENT_SUPPORT
x017411	x019936	preferred	1000	0.01498501499	1	1	1	INSUFFICIENT_SUPPORT
x017411	x019939	preferred	1000	1	1	0	1	INSUFFICIENT_SUPPORT
x017411	x019942	depleted	1000	0.966033966	1	0	1	INSUFFICIENT_SUPPORT
x017411	x031619	preferred	1000	1	1	0	1	INSUFFICIENT_SUPPORT
x017411	x031622	preferred	1000	1	1	0	1	INSUFFICIENT_SUPPORT
x017411	x031706	preferred	1000	1	1	0	1	INSUFFICIENT_SUPPORT
x017411	x031707	preferred	1000	1	1	0	1	INSUFFICIENT_SUPPORT
x017411	x031709	preferred	1000	0.02897102897	1	1	1	INSUFFICIENT_SUPPORT
x017411	x041113	depleted	1000	0.984015984	1	0	1	INSUFFICIENT_SUPPORT
x017411	x041114	depleted	1000	0.986013986	1	0	1	INSUFFICIENT_SUPPORT
x017411	x041116	preferred	1000	1	1	0	1	INSUFFICIENT_SUPPORT
x017411	x041117	preferred	1000	1	1	0	1	INSUFFICIENT_SUPPORT
x017411	x041465	preferred	1000	1	1	0	1	INSUFFICIENT_SUPPORT
x017411	x041466	preferred	1000	1	1	0	1	INSUFFICIENT_SUPPORT
x017411	x041470	preferred	1000	1	1	0	1	INSUFFICIENT_SUPPORT
x017411	x041805	preferred	1000	1	1	0	1	INSUFFICIENT_SUPPORT
x017411	x042109	preferred	1000	1	1	0	1	INSUFFICIENT_SUPPORT
x017411	x042464	preferred	1000	1	1	0	1	INSUFFICIENT_SUPPORT
x017411	x042466	preferred	1000	1	1	0	1	INSUFFICIENT_SUPPORT
x017411	x042468	preferred	1000	1	1	0	1	INSUFFICIENT_SUPPORT
x017412	x001571	preferred	1000	0.000999000999	1	0	0	INSUFFICIENT_SUPPORT
x017412	x005073	preferred	1000	0.000999000999	1	0	0	INSUFFICIENT_SUPPORT
x017412	x005248	preferred	1000	0.000999000999	1	0	0	INSUFFICIENT_SUPPORT
x017412	x008313	preferred	1000	0.000999000999	1	0	0	INSUFFICIENT_SUPPORT
x017412	x008317	preferred	1000	0.000999000999	1	0	0	INSUFFICIENT_SUPPORT
x017412	x008318	preferred	1000	0.000999000999	1	0	0	INSUFFICIENT_SUPPORT
x017412	x010936	preferred	1000	0.000999000999	1	0	0	INSUFFICIENT_SUPPORT
x017412	x016896	preferred	1000	0.000999000999	1	0	0	INSUFFICIENT_SUPPORT
x017412	x016898	preferred	1000	0.000999000999	1	0	0	INSUFFICIENT_SUPPORT
x017412	x016899	preferred	1000	0.000999000999	1	0	0	INSUFFICIENT_SUPPORT
x017412	x016900	preferred	1000	0.000999000999	1	0	0	INSUFFICIENT_SUPPORT
x017412	x016901	preferred	1000	0.000999000999	1	0	0	INSUFFICIENT_SUPPORT
x017412	x016902	preferred	1000	0.000999000999	1	0	0	INSUFFICIENT_SUPPORT
x017412	x017289	preferred	1000	0.000999000999	1	0	0	INSUFFICIENT_SUPPORT
x017412	x017293	preferred	1000	0.000999000999	1	0	0	INSUFFICIENT_SUPPORT
x017412	x018501	preferred	1000	0.000999000999	1	0	0	INSUFFICIENT_SUPPORT
x017412	x019937	preferred	1000	0.000999000999	1	0	0	INSUFFICIENT_SUPPORT
x017412	x022926	preferred	1000	0.000999000999	1	0	0	INSUFFICIENT_SUPPORT
x017412	x031709	preferred	1000	0.000999000999	1	0	0	INSUFFICIENT_SUPPORT
x017412	x031711	preferred	1000	0.000999000999	1	0	0	INSUFFICIENT_SUPPORT
x017412	x037854	preferred	1000	0.000999000999	1	0	0	INSUFFICIENT_SUPPORT
x017412	x038441	preferred	1000	0.000999000999	1	0	0	INSUFFICIENT_SUPPORT
x017412	x041113	preferred	1000	0.000999000999	1	0	0	INSUFFICIENT_SUPPORT
x017412	x041115	preferred	1000	0.000999000999	1	0	0	INSUFFICIENT_SUPPORT
x017412	x041116	preferred	1000	0.000999000999	1	0	0	INSUFFICIENT_SUPPORT
x017412	x041117	preferred	1000	0.000999000999	1	0	0	INSUFFICIENT_SUPPORT
x017412	x041118	preferred	1000	0.000999000999	1	0	0	INSUFFICIENT_SUPPORT
x017412	x042467	preferred	1000	0.000999000999	1	0	0	INSUFFICIENT_SUPPORT
x017413	x001571	preferred	1000	0.007992007992	1	1	1	INSUFFICIENT_SUPPORT
x017413	x002976	preferred	1000	1	1	0	1	INSUFFICIENT_SUPPORT
x017413	x007099	preferred	1000	1	1	0	1	INSUFFICIENT_SUPPORT
x017413	x008318	preferred	1000	1	1	0	1	INSUFFICIENT_SUPPORT
x017413	x016897	preferred	1000	1	1	0	1	INSUFFICIENT_SUPPORT
x017413	x016898	preferred	1000	1	1	0	1	INSUFFICIENT_SUPPORT
x017413	x016899	preferred	1000	1	1	0	1	INSUFFICIENT_SUPPORT
x017413	x016900	depleted	1000	0.977022977	1	0	1	INSUFFICIENT_SUPPORT
x017413	x016901	preferred	1000	0.02297702298	1	1	1	INSUFFICIENT_SUPPORT
x017413	x016902	preferred	1000	1	1	0	1	INSUFFICIENT_SUPPORT
x017413	x016903	preferred	1000	0.03096903097	1	1	1	INSUFFICIENT_SUPPORT
x017413	x017288	preferred	1000	1	1	0	1	INSUFFICIENT_SUPPORT
x017413	x017294	preferred	1000	1	1	0	1	INSUFFICIENT_SUPPORT
x017413	x018256	preferred	1000	1	1	0	1	INSUFFICIENT_SUPPORT
x017413	x018496	depleted	1000	0.976023976	1	0	1	INSUFFICIENT_SUPPORT
x017413	x018503	depleted	1000	0.982017982	1	0	1	INSUFFICIENT_SUPPORT
x017413	x019937	preferred	1000	1	1	0	1	INSUFFICIENT_SUPPORT
x017413	x019938	preferred	1000	1	1	0	1	INSUFFICIENT_SUPPORT
x017413	x019940	preferred	1000	1	1	0	1	INSUFFICIENT_SUPPORT
x017413	x020017	depleted	1000	0.962037962	1	0	1	INSUFFICIENT_SUPPORT
x017413	x031620	preferred	1000	1	1	0	1	INSUFFICIENT_SUPPORT
x017413	x031705	preferred	1000	1	1	0	1	INSUFFICIENT_SUPPORT
x017413	x031709	preferred	1000	1	1	0	1	INSUFFICIENT_SUPPORT
x017413	x031710	preferred	1000	1	1	0	1	INSUFFICIENT_SUPPORT
x017413	x033410	preferred	1000	1	1	0	1	INSUFFICIENT_SUPPORT
x017413	x038675	preferred	1000	1	1	0	1	INSUFFICIENT_SUPPORT
x017413	x041114	depleted	1000	0.994005994	1	0	1	INSUFFICIENT_SUPPORT
x017413	x041116	preferred	1000	1	1	0	1	INSUFFICIENT_SUPPORT
x017413	x041118	depleted	1000	0.978021978	1	0	1	INSUFFICIENT_SUPPORT
x017413	x041119	depleted	1000	0.97002997	1	0	1	INSUFFICIENT_SUPPORT
x017413	x041260	preferred	1000	1	1	0	1	INSUFFICIENT_SUPPORT
x017413	x042464	preferred	1000	1	1	0	1	INSUFFICIENT_SUPPORT
x017413	x042468	preferred	1000	1	1	0	1	INSUFFICIENT_SUPPORT
x017414	x000108	depleted	1000	0.958041958	1	0	1	INSUFFICIENT_SUPPORT
x017414	x001429	preferred	1000	1	1	0	1	INSUFFICIENT_SUPPORT
x017414	x001431	depleted	1000	0.989010989	1	0	1	INSUFFICIENT_SUPPORT
x017414	x008319	preferred	1000	1	1	0	1	INSUFFICIENT_SUPPORT
x017414	x016896	preferred	1000	1	1	0	1	INSUFFICIENT_SUPPORT
x017414	x016898	preferred	1000	1	1	0	1	INSUFFICIENT_SUPPORT
x017414	x016899	preferred	1000	1	1	0	1	INSUFFICIENT_SUPPORT
x017414	x016903	preferred	1000	0.01598401598	1	1	1	INSUFFICIENT_SUPPORT
x017414	x017288	preferred	1000	1	1	0	1	INSUFFICIENT_SUPPORT
x017414	x017293	preferred	1000	1	1	0	1	INSUFFICIENT_SUPPORT
x017414	x031705	preferred	1000	1	1	0	1	INSUFFICIENT_SUPPORT
x017414	x031710	depleted	1000	0.986013986	1	0	1	INSUFFICIENT_SUPPORT
x017414	x037852	preferred	1000	1	1	0	1	INSUFFICIENT_SUPPORT
x017414	x037912	preferred	1000	1	1	0	1	INSUFFICIENT_SUPPORT
x017414	x041112	preferred	1000	0.01798201798	1	1	1	INSUFFICIENT_SUPPORT
x017414	x041113	depleted	1000	0.988011988	1	0	1	INSUFFICIENT_SUPPORT
x017414	x041114	preferred	1000	1	1	0	1	INSUFFICIENT_SUPPORT
x017414	x041119	preferred	1000	1	1	0	1	INSUFFICIENT_SUPPORT
x017414	x042109	preferred	1000	1	1	0	1	INSUFFICIENT_SUPPORT
x017414	x042469	preferred	1000	1	1	0	1	INSUFFICIENT_SUPPORT
x017415	x001427	depleted	1000	0.988011988	1	0	0.5005639486	INSUFFICIENT_SUPPORT
x017415	x001431	depleted	1000	0.979020979	1	0	0.7152809839	INSUFFICIENT_SUPPORT
x017415	x001571	preferred	1000	1	1	0	0.9087555591	INSUFFICIENT_SUPPORT
x017415	x008312	preferred	1000	0.03196803197	1	1	0.7656791885	INSUFFICIENT_SUPPORT
x017415	x008315	preferred	1000	1	1	0	0.5001789435	INSUFFICIENT_SUPPORT
x017415	x016897	preferred	1000	0.02697302697	1	1	0.7516367923	INSUFFICIENT_SUPPORT
x017415	x016901	depleted	1000	0.999000999	1	1	0.7584699608	INSUFFICIENT_SUPPORT
x017415	x016902	preferred	1000	1	1	0	0.5017752373	INSUFFICIENT_SUPPORT
x017415	x016903	preferred	1000	0.02797202797	1	1	0.7533941673	INSUFFICIENT_SUPPORT
x017415	x017289	preferred	1000	1	1	0	0.5001789435	INSUFFICIENT_SUPPORT
x017415	x019938	preferred	1000	1	1	0	0.5001789435	INSUFFICIENT_SUPPORT
x017415	x019941	preferred	1000	1	1	0	0.7589851671	INSUFFICIENT_SUPPORT
x017415	x019942	preferred	1000	1	1	0	0.5001789435	INSUFFICIENT_SUPPORT
x017415	x023368	preferred	1000	1	1	0	0.5001789435	INSUFFICIENT_SUPPORT
x017415	x025008	preferred	1000	1	1	0	0.7592667657	INSUFFICIENT_SUPPORT
x017415	x031705	preferred	1000	1	1	0	0.9087555591	INSUFFICIENT_SUPPORT
x017415	x031707	preferred	1000	1	1	0	0.9087555591	INSUFFICIENT_SUPPORT
x017415	x031708	preferred	1000	1	1	0	0.5001789435	INSUFFICIENT_SUPPORT
x017415	x041112	preferred	1000	1	1	0	0.7589851671	INSUFFICIENT_SUPPORT
x017415	x041113	preferred	1000	1	1	0	0.6279210045	INSUFFICIENT_SUPPORT
x017415	x041114	depleted	1000	0.969030969	1	0	0.8550176523	INSUFFICIENT_SUPPORT
x017415	x041115	depleted	1000	0.956043956	1	0	0.9049415523	INSUFFICIENT_SUPPORT
x017415	x041116	depleted	1000	0.969030969	1	0	0.759356454	INSUFFICIENT_SUPPORT
x017415	x041117	depleted	1000	0.975024975	1	0	0.759356454	INSUFFICIENT_SUPPORT
x017415	x041118	preferred	1000	0.05294705295	1	1	0.5017752373	INSUFFICIENT_SUPPORT
x017415	x041119	preferred	1000	1	1	0	0.5017752373	INSUFFICIENT_SUPPORT
x017415	x041471	preferred	1000	1	1	0	0.5001789435	INSUFFICIENT_SUPPORT
x017415	x041941	preferred	1000	1	1	0	0.5001789435	INSUFFICIENT_SUPPORT
x017415	x042466	preferred	1000	0.02697302697	1	1	0.9081053284	INSUFFICIENT_SUPPORT
x017415	x042801	preferred	1000	1	1	0	0.5017752373	INSUFFICIENT_SUPPORT
x017672	x001428	preferred	1000	0.000999000999	1	0	0	INSUFFICIENT_SUPPORT
x017672	x002107	preferred	1000	0.000999000999	1	0	0	INSUFFICIENT_SUPPORT
x017672	x010939	preferred	1000	0.000999000999	1	0	0	INSUFFICIENT_SUPPORT
x017672	x013795	preferred	1000	0.000999000999	1	0	0	INSUFFICIENT_SUPPORT
x017672	x015282	preferred	1000	0.000999000999	1	0	0	INSUFFICIENT_SUPPORT
x017672	x025551	preferred	1000	0.000999000999	1	0	0	INSUFFICIENT_SUPPORT
x017672	x025784	preferred	1000	0.000999000999	1	0	0	INSUFFICIENT_SUPPORT
x017672	x025786	preferred	1000	0.000999000999	1	0	0	INSUFFICIENT_SUPPORT
x017673	x002339	preferred	1000	0.000999000999	1	0	0	INSUFFICIENT_SUPPORT
x017673	x002343	preferred	1000	0.000999000999	1	0	0	INSUFFICIENT_SUPPORT
x017673	x013429	preferred	1000	0.000999000999	1	0	0	INSUFFICIENT_SUPPORT
x017673	x013795	preferred	1000	0.000999000999	1	0	0	INSUFFICIENT_SUPPORT
x017673	x018877	preferred	1000	0.000999000999	1	0	0	INSUFFICIENT_SUPPORT
x017673	x018878	preferred	1000	0.000999000999	1	0	0	INSUFFICIENT_SUPPORT
x017673	x041262	preferred	1000	0.000999000999	1	0	0	INSUFFICIENT_SUPPORT
x017674	x000104	preferred	1000	0.000999000999	1	0	0	INSUFFICIENT_SUPPORT
x017674	x001092	preferred	1000	0.000999000999	1	0	0	INSUFFICIENT_SUPPORT
x017674	x002342	preferred	1000	0.000999000999	1	0	0	INSUFFICIENT_SUPPORT
x017675	x002343	preferred	1000	0.000999000999	1	0	0	INSUFFICIENT_SUPPORT
x017675	x025764	preferred	1000	0.000999000999	1	0	0	INSUFFICIENT_SUPPORT
x017675	x031707	preferred	1000	0.000999000999	1	0	0	INSUFFICIENT_SUPPORT
x017675	x038539	preferred	1000	0.000999000999	1	0	0	INSUFFICIENT_SUPPORT
x017676	x000104	preferred	1000	0.000999000999	1	0	0	INSUFFICIENT_SUPPORT
x017676	x002980	preferred	1000	0.000999000999	1	0	0	INSUFFICIENT_SUPPORT
x017676	x038540	preferred	1000	0.000999000999	1	0	0	INSUFFICIENT_SUPPORT
x017677	x005111	preferred	1000	0.000999000999	1	0	0	INSUFFICIENT_SUPPORT
x017677	x017038	preferred	1000	0.000999000999	1	0	0	INSUFFICIENT_SUPPORT
x017677	x017411	preferred	1000	0.000999000999	1	0	0	INSUFFICIENT_SUPPORT
x017677	x017676	preferred	1000	0.000999000999	1	0	0	INSUFFICIENT_SUPPORT
x017677	x018877	preferred	1000	0.000999000999	1	0	0	INSUFFICIENT_SUPPORT
x017677	x033097	preferred	1000	0.000999000999	1	0	0	INSUFFICIENT_SUPPORT
x017677	x034501	preferred	1000	0.000999000999	1	0	0	INSUFFICIENT_SUPPORT
x017678	x002108	preferred	1000	0.000999000999	1	0	0	INSUFFICIENT_SUPPORT
x017678	x005109	preferred	1000	0.000999000999	1	0	0	INSUFFICIENT_SUPPORT
x017678	x005111	preferred	1000	0.000999000999	1	0	0	INSUFFICIENT_SUPPORT
x017678	x025008	preferred	1000	0.000999000999	1	0	0	INSUFFICIENT_SUPPORT
x017678	x033101	preferred	1000	0.000999000999	1	0	0	INSUFFICIENT_SUPPORT
x017678	x034502	preferred	1000	0.000999000999	1	0	0	INSUFFICIENT_SUPPORT
x017678	x037857	preferred	1000	0.000999000999	1	0	0	INSUFFICIENT_SUPPORT
x017678	x038542	preferred	1000	0.000999000999	1	0	0	INSUFFICIENT_SUPPORT
x017688	x002341	preferred	1000	0.000999000999	1	0	0	INSUFFICIENT_SUPPORT
x017688	x005076	preferred	1000	0.000999000999	1	0	0	INSUFFICIENT_SUPPORT
x017688	x017415	preferred	1000	0.000999000999	1	0	0	INSUFFICIENT_SUPPORT
x017688	x019940	preferred	1000	0.000999000999	1	0	0	INSUFFICIENT_SUPPORT
x017688	x025528	preferred	1000	0.000999000999	1	0	0	INSUFFICIENT_SUPPORT
x017688	x031619	preferred	1000	0.000999000999	1	0	0	INSUFFICIENT_SUPPORT
x017688	x033102	preferred	1000	0.000999000999	1	0	0	INSUFFICIENT_SUPPORT
x017688	x041112	preferred	1000	0.000999000999	1	0	0	INSUFFICIENT_SUPPORT
x017688	x042801	preferred	1000	0.000999000999	1	0	0	INSUFFICIENT_SUPPORT
x017691	x001426	preferred	1000	0.000999000999	1	0	0	INSUFFICIENT_SUPPORT
x017691	x001894	preferred	1000	0.000999000999	1	0	0	INSUFFICIENT_SUPPORT
x017691	x017411	preferred	1000	0.000999000999	1	0	0	INSUFFICIENT_SUPPORT
x017691	x017415	preferred	1000	0.000999000999	1	0	0	INSUFFICIENT_SUPPORT
x017691	x018878	preferred	1000	0.000999000999	1	0	0	INSUFFICIENT_SUPPORT
x017691	x019937	preferred	1000	0.000999000999	1	0	0	INSUFFICIENT_SUPPORT
x017691	x019938	preferred	1000	0.000999000999	1	0	0	INSUFFICIENT_SUPPORT
x017691	x019942	preferred	1000	0.000999000999	1	0	0	INSUFFICIENT_SUPPORT
x017691	x019943	preferred	1000	0.000999000999	1	0	0	INSUFFICIENT_SUPPORT
x017691	x024806	preferred	1000	0.000999000999	1	0	0	INSUFFICIENT_SUPPORT
x017691	x024930	preferred	1000	0.000999000999	1	0	0	INSUFFICIENT_SUPPORT
x017691	x025535	preferred	1000	0.000999000999	1	0	0	INSUFFICIENT_SUPPORT
x017691	x037987	preferred	1000	0.000999000999	1	0	0	INSUFFICIENT_SUPPORT
x017691	x038539	preferred	1000	0.000999000999	1	0	0	INSUFFICIENT_SUPPORT
x017691	x041801	preferred	1000	0.000999000999	1	0	0	INSUFFICIENT_SUPPORT
x017693	x001431	preferred	1000	0.000999000999	1	0	0	INSUFFICIENT_SUPPORT
x017693	x002105	preferred	1000	0.000999000999	1	0	0	INSUFFICIENT_SUPPORT
x017693	x018563	preferred	1000	0.000999000999	1	0	0	INSUFFICIENT_SUPPORT
x017693	x019940	preferred	1000	0.000999000999	1	0	0	INSUFFICIENT_SUPPORT
x017693	x025530	preferred	1000	0.000999000999	1	0	0	INSUFFICIENT_SUPPORT
x017693	x038675	preferred	1000	0.000999000999	1	0	0	INSUFFICIENT_SUPPORT
x017693	x041262	preferred	1000	0.000999000999	1	0	0	INSUFFICIENT_SUPPORT
x017693	x041467	preferred	1000	0.000999000999	1	0	0	INSUFFICIENT_SUPPORT
x017693	x042104	preferred	1000	0.000999000999	1	0	0	INSUFFICIENT_SUPPORT
x017693	x042803	preferred	1000	0.000999000999	1	0	0	INSUFFICIENT_SUPPORT
x017695	x001430	preferred	1000	0.000999000999	1	0	0	INSUFFICIENT_SUPPORT
x017695	x001889	preferred	1000	0.000999000999	1	0	0	INSUFFICIENT_SUPPORT
x017695	x014828	preferred	1000	0.000999000999	1	0	0	INSUFFICIENT_SUPPORT
x017695	x017999	preferred	1000	0.000999000999	1	0	0	INSUFFICIENT_SUPPORT
x017695	x018567	preferred	1000	0.000999000999	1	0	0	INSUFFICIENT_SUPPORT
x017695	x019937	preferred	1000	0.000999000999	1	0	0	INSUFFICIENT_SUPPORT
x017695	x019941	preferred	1000	0.000999000999	1	0	0	INSUFFICIENT_SUPPORT
x017695	x025533	preferred	1000	0.000999000999	1	0	0	INSUFFICIENT_SUPPORT
x017695	x031616	preferred	1000	0.000999000999	1	0	0	INSUFFICIENT_SUPPORT
x017695	x041116	preferred	1000	0.000999000999	1	0	0	INSUFFICIENT_SUPPORT
x017695	x041262	preferred	1000	0.000999000999	1	0	0	INSUFFICIENT_SUPPORT
x017695	x042803	preferred	1000	0.000999000999	1	0	0	INSUFFICIENT_SUPPORT
x017832	x001431	preferred	1000	0.000999000999	1	0	0	INSUFFICIENT_SUPPORT
x017832	x017409	preferred	1000	0.000999000999	1	0	0	INSUFFICIENT_SUPPORT
x017832	x017890	preferred	1000	0.000999000999	1	0	0	INSUFFICIENT_SUPPORT
x017832	x018497	preferred	1000	0.000999000999	1	0	0	INSUFFICIENT_SUPPORT
x017832	x018503	preferred	1000	0.000999000999	1	0	0	INSUFFICIENT_SUPPORT
x017832	x024803	preferred	1000	0.000999000999	1	0	0	INSUFFICIENT_SUPPORT
x017832	x025396	preferred	1000	0.000999000999	1	0	0	INSUFFICIENT_SUPPORT
x017832	x025532	preferred	1000	0.000999000999	1	0	0	INSUFFICIENT_SUPPORT
x017832	x034497	preferred	1000	0.000999000999	1	0	0	INSUFFICIENT_SUPPORT
x017832	x037850	preferred	1000	0.000999000999	1	0	0	INSUFFICIENT_SUPPORT
x017832	x037855	preferred	1000	0.000999000999	1	0	0	INSUFFICIENT_SUPPORT
x017832	x037856	preferred	1000	0.000999000999	1	0	0	INSUFFICIENT_SUPPORT
x017832	x042104	preferred	1000	0.000999000999	1	0	0	INSUFFICIENT_SUPPORT
x017832	x042105	preferred	1000	0.000999000999	1	0	0	INSUFFICIENT_SUPPORT
x017832	x042804	preferred	1000	0.000999000999	1	0	0	INSUFFICIENT_SUPPORT
x017833	x000166	preferred	1000	0.000999000999	1	0	0	INSUFFICIENT_SUPPORT
x017833	x001094	preferred	1000	0.000999000999	1	0	0	INSUFFICIENT_SUPPORT
x017833	x001428	preferred	1000	0.000999000999	1	0	0	INSUFFICIENT_SUPPORT
x017833	x002341	preferred	1000	0.000999000999	1	0	0	INSUFFICIENT_SUPPORT
x017833	x005077	preferred	1000	0.000999000999	1	0	0	INSUFFICIENT_SUPPORT
x017833	x014824	preferred	1000	0.000999000999	1	0	0	INSUFFICIENT_SUPPORT
x017833	x018497	preferred	1000	0.000999000999	1	0	0	INSUFFICIENT_SUPPORT
x017833	x018499	preferred	1000	0.000999000999	1	0	0	INSUFFICIENT_SUPPORT
x017833	x018501	preferred	1000	0.000999000999	1	0	0	INSUFFICIENT_SUPPORT
x017833	x018872	preferred	1000	0.000999000999	1	0	0	INSUFFICIENT_SUPPORT
x017833	x018874	preferred	1000	0.000999000999	1	0	0	INSUFFICIENT_SUPPORT
x017833	x018877	preferred	1000	0.000999000999	1	0	0	INSUFFICIENT_SUPPORT
x017833	x019718	preferred	1000	0.000999000999	1	0	0	INSUFFICIENT_SUPPORT
x017833	x025014	preferred	1000	0.000999000999	1	0	0	INSUFFICIENT_SUPPORT
x017833	x025392	preferred	1000	0.000999000999	1	0	0	INSUFFICIENT_SUPPORT
x017833	x025398	preferred	1000	0.000999000999	1	0	0	INSUFFICIENT_SUPPORT
x017833	x025788	preferred	1000	0.000999000999	1	0	0	INSUFFICIENT_SUPPORT
x017833	x031704	preferred	1000	0.000999000999	1	0	0	INSUFFICIENT_SUPPORT
x017833	x037856	preferred	1000	0.000999000999	1	0	0	INSUFFICIENT_SUPPORT
x017833	x037957	preferred	1000	0.000999000999	1	0	0	INSUFFICIENT_SUPPORT
x017833	x038536	preferred	1000	0.000999000999	1	0	0	INSUFFICIENT_SUPPORT
x017833	x042106	preferred	1000	0.000999000999	1	0	0	INSUFFICIENT_SUPPORT
x017833	x042107	preferred	1000	0.000999000999	1	0	0	INSUFFICIENT_SUPPORT
x017834	x001095	preferred	1000	0.000999000999	1	0	0	INSUFFICIENT_SUPPORT
x017834	x001425	preferred	1000	0.000999000999	1	0	0	INSUFFICIENT_SUPPORT
x017834	x001429	preferred	1000	0.000999000999	1	0	0	INSUFFICIENT_SUPPORT
x017834	x002104	preferred	1000	0.000999000999	1	0	0	INSUFFICIENT_SUPPORT
x017834	x005073	preferred	1000	0.000999000999	1	0	0	INSUFFICIENT_SUPPORT
x017834	x005109	preferred	1000	0.000999000999	1	0	0	INSUFFICIENT_SUPPORT
x017834	x011178	preferred	1000	0.000999000999	1	0	0	INSUFFICIENT_SUPPORT
x017834	x014824	preferred	1000	0.000999000999	1	0	0	INSUFFICIENT_SUPPORT
x017834	x015280	preferred	1000	0.000999000999	1	0	0	INSUFFICIENT_SUPPORT
x017834	x017888	preferred	1000	0.000999000999	1	0	0	INSUFFICIENT_SUPPORT
x017834	x018499	preferred	1000	0.000999000999	1	0	0	INSUFFICIENT_SUPPORT
x017834	x018873	preferred	1000	0.000999000999	1	0	0	INSUFFICIENT_SUPPORT
x017834	x020019	preferred	1000	0.000999000999	1	0	0	INSUFFICIENT_SUPPORT
x017834	x025791	preferred	1000	0.000999000999	1	0	0	INSUFFICIENT_SUPPORT
x017834	x034673	preferred	1000	0.000999000999	1	0	0	INSUFFICIENT_SUPPORT
x017834	x037913	preferred	1000	0.000999000999	1	0	0	INSUFFICIENT_SUPPORT
x017834	x038537	preferred	1000	0.000999000999	1	0	0	INSUFFICIENT_SUPPORT
x017834	x038543	preferred	1000	0.000999000999	1	0	0	INSUFFICIENT_SUPPORT
x017834	x040223	preferred	1000	0.000999000999	1	0	0	INSUFFICIENT_SUPPORT
x017834	x041262	preferred	1000	0.000999000999	1	0	0	INSUFFICIENT_SUPPORT
x017834	x042801	preferred	1000	0.000999000999	1	0	0	INSUFFICIENT_SUPPORT
x017834	x042806	preferred	1000	0.000999000999	1	0	0	INSUFFICIENT_SUPPORT
x017835	x000104	preferred	1000	0.000999000999	1	0	0	INSUFFICIENT_SUPPORT
x017835	x017409	preferred	1000	0.000999000999	1	0	0	INSUFFICIENT_SUPPORT
x017835	x017411	preferred	1000	0.000999000999	1	0	0	INSUFFICIENT_SUPPORT
x017835	x017415	preferred	1000	0.000999000999	1	0	0	INSUFFICIENT_SUPPORT
x017835	x018875	preferred	1000	0.000999000999	1	0	0	INSUFFICIENT_SUPPORT
x017835	x020639	preferred	1000	0.000999000999	1	0	0	INSUFFICIENT_SUPPORT
x017835	x037848	preferred	1000	0.000999000999	1	0	0	INSUFFICIENT_SUPPORT
x017835	x037859	preferred	1000	0.000999000999	1	0	0	INSUFFICIENT_SUPPORT
x017835	x038108	preferred	1000	0.000999000999	1	0	0	INSUFFICIENT_SUPPORT
x017835	x038537	preferred	1000	0.000999000999	1	0	0	INSUFFICIENT_SUPPORT
x017835	x038540	preferred	1000	0.000999000999	1	0	0	INSUFFICIENT_SUPPORT
x017835	x038542	preferred	1000	0.000999000999	1	0	0	INSUFFICIENT_SUPPORT
x017835	x041113	preferred	1000	0.000999000999	1	0	0	INSUFFICIENT_SUPPORT
x017836	x000104	preferred	1000	0.000999000999	1	0	0	INSUFFICIENT_SUPPORT
x017836	x000108	preferred	1000	0.000999000999	1	0	0	INSUFFICIENT_SUPPORT
x017836	x001425	preferred	1000	0.000999000999	1	0	0	INSUFFICIENT_SUPPORT
x017836	x001427	preferred	1000	0.000999000999	1	0	0	INSUFFICIENT_SUPPORT
x017836	x002105	preferred	1000	0.000999000999	1	0	0	INSUFFICIENT_SUPPORT
x017836	x002110	preferred	1000	0.000999000999	1	0	0	INSUFFICIENT_SUPPORT
x017836	x005075	preferred	1000	0.000999000999	1	0	0	INSUFFICIENT_SUPPORT
x017836	x014828	preferred	1000	0.000999000999	1	0	0	INSUFFICIENT_SUPPORT
x017836	x018496	preferred	1000	0.000999000999	1	0	0	INSUFFICIENT_SUPPORT
x017836	x018564	preferred	1000	0.000999000999	1	0	0	INSUFFICIENT_SUPPORT
x017836	x018877	preferred	1000	0.000999000999	1	0	0	INSUFFICIENT_SUPPORT
x017836	x020022	preferred	1000	0.000999000999	1	0	0	INSUFFICIENT_SUPPORT
x017836	x020633	preferred	1000	0.000999000999	1	0	0	INSUFFICIENT_SUPPORT
x017836	x037850	preferred	1000	0.000999000999	1	0	0	INSUFFICIENT_SUPPORT
x017836	x037852	preferred	1000	0.000999000999	1	0	0	INSUFFICIENT_SUPPORT
x017836	x038105	preferred	1000	0.000999000999	1	0	0	INSUFFICIENT_SUPPORT
x017836	x038540	preferred	1000	0.000999000999	1	0	0	INSUFFICIENT_SUPPORT
x017836	x038541	preferred	1000	0.000999000999	1	0	0	INSUFFICIENT_SUPPORT
x017836	x040208	preferred	1000	0.000999000999	1	0	0	INSUFFICIENT_SUPPORT
x017836	x041256	preferred	1000	0.000999000999	1	0	0	INSUFFICIENT_SUPPORT
x017836	x041442	preferred	1000	0.000999000999	1	0	0	INSUFFICIENT_SUPPORT
x017837	x000108	preferred	1000	0.000999000999	1	0	0	INSUFFICIENT_SUPPORT
x017837	x002108	preferred	1000	0.000999000999	1	0	0	INSUFFICIENT_SUPPORT
x017837	x005077	preferred	1000	0.000999000999	1	0	0	INSUFFICIENT_SUPPORT
x017837	x017895	preferred	1000	0.000999000999	1	0	0	INSUFFICIENT_SUPPORT
x017837	x018497	preferred	1000	0.000999000999	1	0	0	INSUFFICIENT_SUPPORT
x017837	x018498	preferred	1000	0.000999000999	1	0	0	INSUFFICIENT_SUPPORT
x017837	x018499	preferred	1000	0.000999000999	1	0	0	INSUFFICIENT_SUPPORT
x017837	x018502	preferred	1000	0.000999000999	1	0	0	INSUFFICIENT_SUPPORT
x017837	x018876	preferred	1000	0.000999000999	1	0	0	INSUFFICIENT_SUPPORT
x017837	x018877	preferred	1000	0.000999000999	1	0	0	INSUFFICIENT_SUPPORT
x017837	x021566	preferred	1000	0.000999000999	1	0	0	INSUFFICIENT_SUPPORT
x017837	x024804	preferred	1000	0.000999000999	1	0	0	INSUFFICIENT_SUPPORT
x017837	x025014	preferred	1000	0.000999000999	1	0	0	INSUFFICIENT_SUPPORT
x017837	x025791	preferred	1000	0.000999000999	1	0	0	INSUFFICIENT_SUPPORT
x017837	x025890	preferred	1000	0.000999000999	1	0	0	INSUFFICIENT_SUPPORT
x017837	x037852	preferred	1000	0.000999000999	1	0	0	INSUFFICIENT_SUPPORT
x017837	x037858	preferred	1000	0.000999000999	1	0	0	INSUFFICIENT_SUPPORT
x017837	x038267	preferred	1000	0.000999000999	1	0	0	INSUFFICIENT_SUPPORT
x017837	x038536	preferred	1000	0.000999000999	1	0	0	INSUFFICIENT_SUPPORT
x017837	x038538	preferred	1000	0.000999000999	1	0	0	INSUFFICIENT_SUPPORT
x017837	x038543	preferred	1000	0.000999000999	1	0	0	INSUFFICIENT_SUPPORT
x017837	x041114	preferred	1000	0.000999000999	1	0	0	INSUFFICIENT_SUPPORT
x017837	x041533	preferred	1000	0.000999000999	1	0	0	INSUFFICIENT_SUPPORT
x017838	x000106	preferred	1000	0.000999000999	1	0	0	INSUFFICIENT_SUPPORT
x017838	x002107	preferred	1000	0.000999000999	1	0	0	INSUFFICIENT_SUPPORT
x017838	x005076	preferred	1000	0.000999000999	1	0	0	INSUFFICIENT_SUPPORT
x017838	x010939	preferred	1000	0.000999000999	1	0	0	INSUFFICIENT_SUPPORT
x017838	x014831	preferred	1000	0.000999000999	1	0	0	INSUFFICIENT_SUPPORT
x017838	x020020	preferred	1000	0.000999000999	1	0	0	INSUFFICIENT_SUPPORT
x017838	x023869	preferred	1000	0.000999000999	1	0	0	INSUFFICIENT_SUPPORT
x017838	x025548	preferred	1000	0.000999000999	1	0	0	INSUFFICIENT_SUPPORT
x017838	x025551	preferred	1000	0.000999000999	1	0	0	INSUFFICIENT_SUPPORT
x017838	x034500	preferred	1000	0.000999000999	1	0	0	INSUFFICIENT_SUPPORT
x017838	x037849	preferred	1000	0.000999000999	1	0	0	INSUFFICIENT_SUPPORT
x017838	x037856	preferred	1000	0.000999000999	1	0	0	INSUFFICIENT_SUPPORT
x017838	x037862	preferred	1000	0.000999000999	1	0	0	INSUFFICIENT_SUPPORT
x017838	x038541	preferred	1000	0.000999000999	1	0	0	INSUFFICIENT_SUPPORT
x017838	x041528	preferred	1000	0.000999000999	1	0	0	INSUFFICIENT_SUPPORT
x017838	x042800	preferred	1000	0.000999000999	1	0	0	INSUFFICIENT_SUPPORT
x017839	x000110	depleted	1000	0.983016983	1	0	1	INSUFFICIENT_SUPPORT
x017839	x001428	depleted	1000	0.988011988	1	0	1	INSUFFICIENT_SUPPORT
x017839	x005079	preferred	1000	1	1	0	1	INSUFFICIENT_SUPPORT
x017839	x017408	preferred	1000	0.01798201798	1	1	1	INSUFFICIENT_SUPPORT
x017839	x017409	depleted	1000	1	1	0	1	INSUFFICIENT_SUPPORT
x017839	x017895	preferred	1000	0.01098901099	1	1	1	INSUFFICIENT_SUPPORT
x017839	x018499	depleted	1000	0.989010989	1	0	1	INSUFFICIENT_SUPPORT
x017839	x018872	preferred	1000	0.02497502498	1	1	1	INSUFFICIENT_SUPPORT
x017839	x018877	preferred	1000	0.01598401598	1	1	1	INSUFFICIENT_SUPPORT
x017839	x021566	preferred	1000	1	1	0	1	INSUFFICIENT_SUPPORT
x017839	x025393	depleted	1000	0.993006993	1	0	1	INSUFFICIENT_SUPPORT
x017839	x025784	preferred	1000	1	1	0	1	INSUFFICIENT_SUPPORT
x017839	x025786	preferred	1000	1	1	0	1	INSUFFICIENT_SUPPORT
x017839	x037856	depleted	1000	0.969030969	1	0	1	INSUFFICIENT_SUPPORT
x017839	x037860	depleted	1000	0.984015984	1	0	1	INSUFFICIENT_SUPPORT
x017839	x038537	depleted	1000	1	1	0	1	INSUFFICIENT_SUPPORT
x017839	x041445	preferred	1000	1	1	0	1	INSUFFICIENT_SUPPORT
x017839	x042105	preferred	1000	1	1	0	1	INSUFFICIENT_SUPPORT
x017839	x042110	preferred	1000	1	1	0	1	INSUFFICIENT_SUPPORT
x017839	x042466	preferred	1000	1	1	0	1	INSUFFICIENT_SUPPORT
x017888	x013429	preferred	1000	0.000999000999	1	0	0	INSUFFICIENT_SUPPORT
x017888	x024930	preferred	1000	0.000999000999	1	0	0	INSUFFICIENT_SUPPORT
x017888	x034246	preferred	1000	0.000999000999	1	0	0	INSUFFICIENT_SUPPORT
x017888	x041247	preferred	1000	0.000999000999	1	0	0	INSUFFICIENT_SUPPORT
x017889	x017038	preferred	1000	1	1	0	0.5452772434	INSUFFICIENT_SUPPORT
x017889	x034240	preferred	1000	1	1	0	0.5452772434	INSUFFICIENT_SUPPORT
x017890	x013429	preferred	1000	0.000999000999	1	0	0	INSUFFICIENT_SUPPORT
x017890	x017032	preferred	1000	0.000999000999	1	0	0	INSUFFICIENT_SUPPORT
x017890	x017038	preferred	1000	0.000999000999	1	0	0	INSUFFICIENT_SUPPORT
x017891	x013429	preferred	1000	1	1	0	0.2606947191	EXPECTED_FROM_NULL
x017891	x017032	preferred	1000	0.01298701299	0.2517482517	1	0.2606947191	EXPECTED_FROM_NULL
x017891	x038441	preferred	1000	1	1	0	0.2606947191	EXPECTED_FROM_NULL
x017891	x039662	preferred	1000	1	1	0	0.2606947191	EXPECTED_FROM_NULL
x017891	x040635	preferred	1000	0.01598401598	0.2517482517	1	0.2606947191	EXPECTED_FROM_NULL
x017892	x002615	preferred	1000	0.000999000999	1	0	0	INSUFFICIENT_SUPPORT
x017892	x041445	preferred	1000	0.000999000999	1	0	0	INSUFFICIENT_SUPPORT
x017892	x042465	preferred	1000	0.000999000999	1	0	0	INSUFFICIENT_SUPPORT
x017893	x013429	preferred	1000	1	1	0	1	INSUFFICIENT_SUPPORT
x017893	x017032	preferred	1000	1	1	0	1	INSUFFICIENT_SUPPORT
x017893	x017412	depleted	1000	0.978021978	1	0	1	INSUFFICIENT_SUPPORT
x017893	x031295	preferred	1000	1	1	0	1	INSUFFICIENT_SUPPORT
x017893	x041588	preferred	1000	1	1	0	1	INSUFFICIENT_SUPPORT
x017894	x017038	preferred	1000	0.000999000999	1	0	0	INSUFFICIENT_SUPPORT
x017992	x001431	preferred	1000	0.000999000999	1	0	0	INSUFFICIENT_SUPPORT
x017992	x005079	preferred	1000	0.000999000999	1	0	0	INSUFFICIENT_SUPPORT
x017992	x018499	preferred	1000	0.000999000999	1	0	0	INSUFFICIENT_SUPPORT
x017992	x018874	preferred	1000	0.000999000999	1	0	0	INSUFFICIENT_SUPPORT
x017992	x037859	preferred	1000	0.000999000999	1	0	0	INSUFFICIENT_SUPPORT
x017992	x037863	preferred	1000	0.000999000999	1	0	0	INSUFFICIENT_SUPPORT
x017992	x037955	preferred	1000	0.000999000999	1	0	0	INSUFFICIENT_SUPPORT
x017992	x041116	preferred	1000	0.000999000999	1	0	0	INSUFFICIENT_SUPPORT
x017993	x001428	preferred	1000	0.000999000999	1	0	0	INSUFFICIENT_SUPPORT
x017993	x001430	preferred	1000	0.000999000999	1	0	0	INSUFFICIENT_SUPPORT
x017993	x001431	preferred	1000	0.000999000999	1	0	0	INSUFFICIENT_SUPPORT
x017993	x018878	preferred	1000	0.000999000999	1	0	0	INSUFFICIENT_SUPPORT
x017993	x031618	preferred	1000	0.000999000999	1	0	0	INSUFFICIENT_SUPPORT
x017993	x033304	preferred	1000	0.000999000999	1	0	0	INSUFFICIENT_SUPPORT
x017993	x038675	preferred	1000	0.000999000999	1	0	0	INSUFFICIENT_SUPPORT
x017993	x042110	preferred	1000	0.000999000999	1	0	0	INSUFFICIENT_SUPPORT
x017994	x008313	preferred	1000	0.000999000999	1	0	0	INSUFFICIENT_SUPPORT
x017994	x017293	preferred	1000	0.000999000999	1	0	0	INSUFFICIENT_SUPPORT
x017994	x018500	preferred	1000	0.000999000999	1	0	0	INSUFFICIENT_SUPPORT
x017994	x018501	preferred	1000	0.000999000999	1	0	0	INSUFFICIENT_SUPPORT
x017994	x019939	preferred	1000	0.000999000999	1	0	0	INSUFFICIENT_SUPPORT
x017994	x020329	preferred	1000	0.000999000999	1	0	0	INSUFFICIENT_SUPPORT
x017994	x024203	preferred	1000	0.000999000999	1	0	0	INSUFFICIENT_SUPPORT
x017994	x031618	preferred	1000	0.000999000999	1	0	0	INSUFFICIENT_SUPPORT
x017994	x033101	preferred	1000	0.000999000999	1	0	0	INSUFFICIENT_SUPPORT
x017994	x037854	preferred	1000	0.000999000999	1	0	0	INSUFFICIENT_SUPPORT
x017994	x037984	preferred	1000	0.000999000999	1	0	0	INSUFFICIENT_SUPPORT
x017994	x038111	preferred	1000	0.000999000999	1	0	0	INSUFFICIENT_SUPPORT
x017994	x041116	preferred	1000	0.000999000999	1	0	0	INSUFFICIENT_SUPPORT
x017995	x000105	preferred	1000	0.000999000999	1	0	0	INSUFFICIENT_SUPPORT
x017995	x002109	preferred	1000	0.000999000999	1	0	0	INSUFFICIENT_SUPPORT
x017995	x016903	preferred	1000	0.000999000999	1	0	0	INSUFFICIENT_SUPPORT
x017995	x017411	preferred	1000	0.000999000999	1	0	0	INSUFFICIENT_SUPPORT
x017995	x018496	preferred	1000	0.000999000999	1	0	0	INSUFFICIENT_SUPPORT
x017995	x018498	preferred	1000	0.000999000999	1	0	0	INSUFFICIENT_SUPPORT
x017995	x024806	preferred	1000	0.000999000999	1	0	0	INSUFFICIENT_SUPPORT
x017995	x031616	preferred	1000	0.000999000999	1	0	0	INSUFFICIENT_SUPPORT
x017995	x031619	preferred	1000	0.000999000999	1	0	0	INSUFFICIENT_SUPPORT
x017995	x037851	preferred	1000	0.000999000999	1	0	0	INSUFFICIENT_SUPPORT
x017995	x041534	preferred	1000	0.000999000999	1	0	0	INSUFFICIENT_SUPPORT
x017997	x001428	preferred	1000	0.000999000999	1	0	0	INSUFFICIENT_SUPPORT
x017997	x002111	preferred	1000	0.000999000999	1	0	0	INSUFFICIENT_SUPPORT
x017997	x005074	preferred	1000	0.000999000999	1	0	0	INSUFFICIENT_SUPPORT
x017997	x031616	preferred	1000	0.000999000999	1	0	0	INSUFFICIENT_SUPPORT
x017997	x031707	preferred	1000	0.000999000999	1	0	0	INSUFFICIENT_SUPPORT
x017997	x032998	preferred	1000	0.000999000999	1	0	0	INSUFFICIENT_SUPPORT
x017997	x037915	preferred	1000	0.000999000999	1	0	0	INSUFFICIENT_SUPPORT
x017998	x001430	preferred	1000	0.000999000999	1	0	0	INSUFFICIENT_SUPPORT
x017998	x016902	preferred	1000	0.000999000999	1	0	0	INSUFFICIENT_SUPPORT
x017998	x031622	preferred	1000	0.000999000999	1	0	0	INSUFFICIENT_SUPPORT
x017998	x037959	preferred	1000	0.000999000999	1	0	0	INSUFFICIENT_SUPPORT
x017998	x041117	preferred	1000	0.000999000999	1	0	0	INSUFFICIENT_SUPPORT
x017998	x042108	preferred	1000	0.000999000999	1	0	0	INSUFFICIENT_SUPPORT
x017998	x042806	preferred	1000	0.000999000999	1	0	0	INSUFFICIENT_SUPPORT
x017999	x005078	preferred	1000	0.000999000999	1	0	0	INSUFFICIENT_SUPPORT
x017999	x018498	preferred	1000	0.000999000999	1	0	0	INSUFFICIENT_SUPPORT
x017999	x019942	preferred	1000	0.000999000999	1	0	0	INSUFFICIENT_SUPPORT
x017999	x031620	preferred	1000	0.000999000999	1	0	0	INSUFFICIENT_SUPPORT
x017999	x031621	preferred	1000	0.000999000999	1	0	0	INSUFFICIENT_SUPPORT
x017999	x037860	preferred	1000	0.000999000999	1	0	0	INSUFFICIENT_SUPPORT
x017999	x037988	preferred	1000	0.000999000999	1	0	0	INSUFFICIENT_SUPPORT
x017999	x041447	preferred	1000	0.000999000999	1	0	0	INSUFFICIENT_SUPPORT
x017999	x042111	preferred	1000	0.000999000999	1	0	0	INSUFFICIENT_SUPPORT
x018253	x005236	preferred	1000	0.000999000999	1	0	0	INSUFFICIENT_SUPPORT
x018253	x005249	preferred	1000	0.000999000999	1	0	0	INSUFFICIENT_SUPPORT
x018253	x017894	preferred	1000	0.000999000999	1	0	0	INSUFFICIENT_SUPPORT
x018253	x018501	preferred	1000	0.000999000999	1	0	0	INSUFFICIENT_SUPPORT
x018253	x037860	preferred	1000	0.000999000999	1	0	0	INSUFFICIENT_SUPPORT
x018253	x038106	preferred	1000	0.000999000999	1	0	0	INSUFFICIENT_SUPPORT
x018253	x038111	preferred	1000	0.000999000999	1	0	0	INSUFFICIENT_SUPPORT
x018253	x041116	preferred	1000	0.000999000999	1	0	0	INSUFFICIENT_SUPPORT
x018254	x000109	preferred	1000	0.000999000999	1	0	0	INSUFFICIENT_SUPPORT
x018254	x018874	preferred	1000	0.000999000999	1	0	0	INSUFFICIENT_SUPPORT
x018254	x024243	preferred	1000	0.000999000999	1	0	0	INSUFFICIENT_SUPPORT
x018254	x025394	preferred	1000	0.000999000999	1	0	0	INSUFFICIENT_SUPPORT
x018254	x042805	preferred	1000	0.000999000999	1	0	0	INSUFFICIENT_SUPPORT
x018256	x001888	preferred	1000	0.000999000999	1	0	0	INSUFFICIENT_SUPPORT
x018256	x002106	preferred	1000	0.000999000999	1	0	0	INSUFFICIENT_SUPPORT
x018256	x005073	preferred	1000	0.000999000999	1	0	0	INSUFFICIENT_SUPPORT
x018256	x015283	preferred	1000	0.000999000999	1	0	0	INSUFFICIENT_SUPPORT
x018256	x017993	preferred	1000	0.000999000999	1	0	0	INSUFFICIENT_SUPPORT
x018256	x018501	preferred	1000	0.000999000999	1	0	0	INSUFFICIENT_SUPPORT
x018256	x034678	preferred	1000	0.000999000999	1	0	0	INSUFFICIENT_SUPPORT
x018256	x037848	preferred	1000	0.000999000999	1	0	0	INSUFFICIENT_SUPPORT
x018256	x037853	preferred	1000	0.000999000999	1	0	0	INSUFFICIENT_SUPPORT
x018256	x037953	preferred	1000	0.000999000999	1	0	0	INSUFFICIENT_SUPPORT
x018257	x002111	preferred	1000	0.000999000999	1	0	0	INSUFFICIENT_SUPPORT
x018257	x018496	preferred	1000	0.000999000999	1	0	0	INSUFFICIENT_SUPPORT
x018257	x020017	preferred	1000	0.000999000999	1	0	0	INSUFFICIENT_SUPPORT
x018257	x020019	preferred	1000	0.000999000999	1	0	0	INSUFFICIENT_SUPPORT
x018257	x025763	preferred	1000	0.000999000999	1	0	0	INSUFFICIENT_SUPPORT
x018257	x037853	preferred	1000	0.000999000999	1	0	0	INSUFFICIENT_SUPPORT
x018257	x038543	preferred	1000	0.000999000999	1	0	0	INSUFFICIENT_SUPPORT
x018257	x041588	preferred	1000	0.000999000999	1	0	0	INSUFFICIENT_SUPPORT
x018258	x000106	preferred	1000	0.000999000999	1	0	0	INSUFFICIENT_SUPPORT
x018258	x016897	preferred	1000	0.000999000999	1	0	0	INSUFFICIENT_SUPPORT
x018258	x018497	preferred	1000	0.000999000999	1	0	0	INSUFFICIENT_SUPPORT
x018258	x018503	preferred	1000	0.000999000999	1	0	0	INSUFFICIENT_SUPPORT
x018258	x037952	preferred	1000	0.000999000999	1	0	0	INSUFFICIENT_SUPPORT
x018258	x037959	preferred	1000	0.000999000999	1	0	0	INSUFFICIENT_SUPPORT
x018258	x038537	preferred	1000	0.000999000999	1	0	0	INSUFFICIENT_SUPPORT
x018258	x041118	preferred	1000	0.000999000999	1	0	0	INSUFFICIENT_SUPPORT
x018258	x041262	preferred	1000	0.000999000999	1	0	0	INSUFFICIENT_SUPPORT
x018258	x041447	preferred	1000	0.000999000999	1	0	0	INSUFFICIENT_SUPPORT
x018259	x000161	preferred	1000	0.000999000999	1	0	0	INSUFFICIENT_SUPPORT
x018259	x001430	preferred	1000	0.000999000999	1	0	0	INSUFFICIENT_SUPPORT
x018259	x018875	preferred	1000	0.000999000999	1	0	0	INSUFFICIENT_SUPPORT
x018259	x018877	preferred	1000	0.000999000999	1	0	0	INSUFFICIENT_SUPPORT
x018259	x024240	preferred	1000	0.000999000999	1	0	0	INSUFFICIENT_SUPPORT
x018259	x024931	preferred	1000	0.000999000999	1	0	0	INSUFFICIENT_SUPPORT
x018259	x037857	preferred	1000	0.000999000999	1	0	0	INSUFFICIENT_SUPPORT
x018259	x037861	preferred	1000	0.000999000999	1	0	0	INSUFFICIENT_SUPPORT
x018259	x041259	preferred	1000	0.000999000999	1	0	0	INSUFFICIENT_SUPPORT
x018260	x001428	preferred	1000	0.000999000999	1	0	0	INSUFFICIENT_SUPPORT
x018260	x017410	preferred	1000	0.000999000999	1	0	0	INSUFFICIENT_SUPPORT
x018260	x018498	preferred	1000	0.000999000999	1	0	0	INSUFFICIENT_SUPPORT
x018260	x018503	preferred	1000	0.000999000999	1	0	0	INSUFFICIENT_SUPPORT
x018260	x018565	preferred	1000	0.000999000999	1	0	0	INSUFFICIENT_SUPPORT
x018260	x020020	preferred	1000	0.000999000999	1	0	0	INSUFFICIENT_SUPPORT
x018260	x034496	preferred	1000	0.000999000999	1	0	0	INSUFFICIENT_SUPPORT
x018260	x034498	preferred	1000	0.000999000999	1	0	0	INSUFFICIENT_SUPPORT
x018260	x037857	preferred	1000	0.000999000999	1	0	0	INSUFFICIENT_SUPPORT
x018260	x041470	preferred	1000	0.000999000999	1	0	0	INSUFFICIENT_SUPPORT
x018496	x005248	preferred	1000	1	1	0	0.2148196109	EXPECTED_FROM_NULL
x018496	x005249	preferred	1000	1	1	0	0.1584322561	EXPECTED_FROM_NULL
x018496	x005250	preferred	1000	1	1	0	0.1831658123	EXPECTED_FROM_NULL
x018496	x005251	preferred	1000	1	1	0	0.1815588656	EXPECTED_FROM_NULL
x018496	x005254	preferred	1000	1	1	0	0.1831658123	EXPECTED_FROM_NULL
x018496	x008312	preferred	1000	1	1	0	0.2115641374	EXPECTED_FROM_NULL
x018496	x008313	preferred	1000	0.02097902098	0.2517482517	1	0.2341542223	EXPECTED_FROM_NULL
x018496	x008314	preferred	1000	1	1	0	0.2147976858	EXPECTED_FROM_NULL
x018496	x008315	preferred	1000	1	1	0	0.2102161322	EXPECTED_FROM_NULL
x018496	x008317	preferred	1000	1	1	0	0.1792925882	EXPECTED_FROM_NULL
x018496	x010936	preferred	1000	1	1	1	0.1792925882	EXPECTED_FROM_NULL
x018496	x016896	preferred	1000	0.05494505495	0.3085867621	1	0.3873209356	EXPECTED_FROM_NULL
x018496	x016897	preferred	1000	0.03996003996	0.286644049	1	0.2566647775	EXPECTED_FROM_NULL
x018496	x016898	preferred	1000	0.02297702298	0.2517482517	0.5	0.2196786326	EXPECTED_FROM_NULL
x018496	x017376	preferred	1000	1	1	0	0.1978893158	EXPECTED_FROM_NULL
x018496	x017377	preferred	1000	1	1	1	0.2170505242	EXPECTED_FROM_NULL
x018496	x017379	preferred	1000	1	1	0	0.2581053377	EXPECTED_FROM_NULL
x018496	x017380	preferred	1000	1	1	1	0.2287094747	EXPECTED_FROM_NULL
x018496	x017381	preferred	1000	1	1	0	0.3226120323	EXPECTED_FROM_NULL
x018496	x017382	preferred	1000	1	1	0	0.1792925882	EXPECTED_FROM_NULL
x018496	x017383	preferred	10000	0.01559844016	0.2517482517	0.5	0.1750907293	EXPECTED_FROM_NULL
x018496	x018877	preferred	1000	0.02097902098	0.2517482517	1	0.4678179429	EXPECTED_FROM_NULL
x018496	x020016	depleted	1000	0.978021978	1	0	0.3826371271	EXPECTED_FROM_NULL
x018496	x020633	preferred	1000	1	1	0	0.1831658123	EXPECTED_FROM_NULL
x018496	x020635	preferred	1000	1	1	0	0.1584322561	EXPECTED_FROM_NULL
x018496	x022381	preferred	1000	1	1	0	0.2126607797	EXPECTED_FROM_NULL
x018496	x024800	preferred	1000	1	1	0	0.2629342787	EXPECTED_FROM_NULL
x018496	x031707	preferred	1000	1	1	0	0.2422254797	EXPECTED_FROM_NULL
x018496	x031709	preferred	1000	1	1	1	0.1584322561	EXPECTED_FROM_NULL
x018496	x031710	preferred	1000	1	1	0	0.1584322561	EXPECTED_FROM_NULL
x018496	x032994	preferred	1000	1	1	0	0.1831658123	EXPECTED_FROM_NULL
x018496	x033410	preferred	1000	1	1	1	0.1584322561	EXPECTED_FROM_NULL
x018496	x033411	preferred	1000	1	1	0	0.1584322561	EXPECTED_FROM_NULL
x018496	x033413	preferred	1000	1	1	1	0.1831658123	EXPECTED_FROM_NULL
x018496	x033414	preferred	1000	1	1	0	0.3387011395	EXPECTED_FROM_NULL
x018496	x038057	preferred	1000	1	1	0	0.1673982569	EXPECTED_FROM_NULL
x018496	x041112	preferred	1000	0.06193806194	0.3311743607	1	0.3271091475	EXPECTED_FROM_NULL
x018496	x041113	preferred	1000	1	1	1	0.3170101768	EXPECTED_FROM_NULL
x018496	x041114	depleted	1000	0.991008991	1	0	0.3102024138	EXPECTED_FROM_NULL
x018496	x041115	depleted	1000	0.9300699301	1	1	0.2161770662	EXPECTED_FROM_NULL
x018496	x041116	preferred	1000	0.06793206793	0.3502973894	1	0.4707958879	EXPECTED_FROM_NULL
x018496	x041118	depleted	1000	0.9020979021	1	0	0.203307379	EXPECTED_FROM_NULL
x018496	x041119	depleted	1000	0.997002997	1	1	0.3698105172	EXPECTED_FROM_NULL
x018496	x041807	preferred	1000	1	1	0	0.2662090821	EXPECTED_FROM_NULL
x018496	x041938	preferred	1000	1	1	0	0.1792925882	EXPECTED_FROM_NULL
x018497	x001430	depleted	1000	0.972027972	1	0	0.5590979718	EXPECTED_FROM_NULL
x018497	x001571	preferred	1000	1	1	0	0.3566947204	EXPECTED_FROM_NULL
x018497	x005073	preferred	1000	1	1	0	0.2822505358	EXPECTED_FROM_NULL
x018497	x005251	preferred	1000	1	1	0	0.2732419354	EXPECTED_FROM_NULL
x018497	x005252	preferred	1000	1	1	0	0.2732419354	EXPECTED_FROM_NULL
x018497	x005254	preferred	1000	1	1	1	0.3065951464	EXPECTED_FROM_NULL
x018497	x008315	preferred	1000	0.05394605395	0.3077473707	1	0.5802632496	EXPECTED_FROM_NULL
x018497	x008318	preferred	10000	0.01139886011	0.2517482517	1	0.5272013843	EXPECTED_FROM_NULL
x018497	x008319	preferred	1000	0.02197802198	0.2517482517	1	0.3566947204	EXPECTED_FROM_NULL
x018497	x016897	depleted	1000	0.9220779221	1	0	0.5953872399	EXPECTED_FROM_NULL
x018497	x016898	preferred	1000	1	1	0	0.8072754052	EXPECTED_FROM_NULL
x018497	x016899	depleted	1000	0.966033966	1	0	0.5388192051	EXPECTED_FROM_NULL
x018497	x016900	preferred	1000	1	1	0	0.6457042178	EXPECTED_FROM_NULL
x018497	x016901	preferred	1000	1	1	0	0.461188084	EXPECTED_FROM_NULL
x018497	x016902	preferred	1000	0.01698301698	0.2517482517	1	0.4028253982	EXPECTED_FROM_NULL
x018497	x016903	preferred	1000	0.05994005994	0.3302401021	1	0.4322708377	EXPECTED_FROM_NULL
x018497	x017377	preferred	1000	1	1	0	0.5135380789	EXPECTED_FROM_NULL
x018497	x017378	preferred	1000	1	1	0	0.4935012304	EXPECTED_FROM_NULL
x018497	x017379	preferred	1000	1	1	0	0.3306271191	EXPECTED_FROM_NULL
x018497	x017381	preferred	1000	1	1	0	0.3370011962	EXPECTED_FROM_NULL
x018497	x018496	depleted	1000	0.9380619381	1	0	0.3226940628	EXPECTED_FROM_NULL
x018497	x018503	depleted	1000	0.8891108891	1	0	0.4362182336	EXPECTED_FROM_NULL
x018497	x020018	preferred	1000	1	1	0	0.3222046619	EXPECTED_FROM_NULL
x018497	x020329	preferred	1000	1	1	0	0.3566947204	EXPECTED_FROM_NULL
x018497	x024202	preferred	1000	1	1	0	0.2732419354	EXPECTED_FROM_NULL
x018497	x031705	preferred	1000	1	1	0	0.3566947204	EXPECTED_FROM_NULL
x018497	x032444	preferred	1000	1	1	0	0.8074463753	EXPECTED_FROM_NULL
x018497	x032994	preferred	1000	1	1	0	0.4935012304	EXPECTED_FROM_NULL
x018497	x032998	preferred	1000	1	1	0	0.2732419354	EXPECTED_FROM_NULL
x018497	x033410	preferred	1000	1	1	0	0.2732419354	EXPECTED_FROM_NULL
x018497	x033413	preferred	1000	1	1	0	0.3566947204	EXPECTED_FROM_NULL
x018497	x033414	preferred	1000	1	1	0	0.2732419354	EXPECTED_FROM_NULL
x018497	x041112	depleted	1000	0.954045954	1	0	0.3646570508	EXPECTED_FROM_NULL
x018497	x041114	preferred	1000	1	1	0	0.3304244363	EXPECTED_FROM_NULL
x018497	x041116	preferred	1000	1	1	0	0.7485673447	EXPECTED_FROM_NULL
x018497	x041117	preferred	1000	1	1	0	0.7377070686	EXPECTED_FROM_NULL
x018497	x041535	preferred	1000	1	1	0	0.3207582257	EXPECTED_FROM_NULL
x018497	x041938	preferred	1000	1	1	0	0.3566947204	EXPECTED_FROM_NULL
x018497	x041939	preferred	1000	1	1	0	0.2732419354	EXPECTED_FROM_NULL
x018497	x042468	preferred	1000	0.01498501499	0.2517482517	1	0.2732419354	EXPECTED_FROM_NULL
x018497	x042469	preferred	1000	1	1	0	0.3566947204	EXPECTED_FROM_NULL
x018498	x000109	depleted	1000	0.8241758242	1	0	0.1809162533	EXPECTED_FROM_NULL
x018498	x002342	depleted	1000	0.9180819181	1	0	0.1559228647	EXPECTED_FROM_NULL
x018498	x005248	preferred	1000	0.02697302697	0.2554504319	0.5	0.1213600438	EXPECTED_FROM_NULL
x018498	x005249	preferred	1000	1	1	1	0.1121312257	EXPECTED_FROM_NULL
x018498	x005254	preferred	1000	1	1	0	0.1516973818	EXPECTED_FROM_NULL
x018498	x008315	preferred	1000	0.01598401598	0.2517482517	1	0.117473465	EXPECTED_FROM_NULL
x018498	x008318	preferred	1000	1	1	0	0.1557182624	EXPECTED_FROM_NULL
x018498	x008319	preferred	1000	1	1	0	0.1053802101	EXPECTED_FROM_NULL
x018498	x016897	preferred	1000	1	1	1	0.1317641671	EXPECTED_FROM_NULL
x018498	x016900	preferred	1000	1	1	0	0.1869956348	EXPECTED_FROM_NULL
x018498	x016901	depleted	1000	0.958041958	1	0	0.2286610285	EXPECTED_FROM_NULL
x018498	x017376	preferred	1000	0.02997002997	0.2631913541	1	0.1384685719	EXPECTED_FROM_NULL
x018498	x017377	preferred	1000	0.1618381618	0.72154922	1	0.1726833913	EXPECTED_FROM_NULL
x018498	x017378	preferred	1000	0.08891108891	0.4280138466	1	0.1855655298	EXPECTED_FROM_NULL
x018498	x017379	preferred	1000	0.1118881119	0.5146853147	1	0.185431094	EXPECTED_FROM_NULL
x018498	x017381	preferred	1000	0.1378621379	0.6223122672	1	0.1751439386	EXPECTED_FROM_NULL
x018498	x017382	preferred	1000	1	1	0	0.1583545201	EXPECTED_FROM_NULL
x018498	x017383	preferred	1000	1	1	0	0.1493389119	EXPECTED_FROM_NULL
x018498	x020021	depleted	1000	0.8741258741	1	0	0.1602945741	EXPECTED_FROM_NULL
x018498	x020023	depleted	1000	0.9230769231	1	0	0.2008628051	EXPECTED_FROM_NULL
x018498	x020635	preferred	10000	0.000199980002	0.2173282672	0.5	0.1140730495	EXPECTED_FROM_NULL
x018498	x023368	preferred	1000	1	1	0	0.1053802101	EXPECTED_FROM_NULL
x018498	x024202	preferred	1000	1	1	0	0.1191823609	EXPECTED_FROM_NULL
x018498	x024665	preferred	1000	1	1	0	0.1217132514	EXPECTED_FROM_NULL
x018498	x024804	preferred	1000	1	1	1	0.1664104169	EXPECTED_FROM_NULL
x018498	x031705	preferred	1000	0.03096903097	0.2631913541	1	0.1400189775	EXPECTED_FROM_NULL
x018498	x031706	preferred	1000	1	1	1	0.1679526776	EXPECTED_FROM_NULL
x018498	x032447	preferred	1000	1	1	0	0.1231015051	EXPECTED_FROM_NULL
x018498	x032993	preferred	1000	1	1	0	0.1241299305	EXPECTED_FROM_NULL
x018498	x032998	preferred	1000	1	1	0	0.1053802101	EXPECTED_FROM_NULL
x018498	x032999	preferred	1000	1	1	1	0.1250361793	EXPECTED_FROM_NULL
x018498	x033410	preferred	1000	1	1	0	0.1157791208	EXPECTED_FROM_NULL
x018498	x033413	preferred	1000	1	1	0	0.1053802101	EXPECTED_FROM_NULL
x018498	x033414	preferred	1000	1	1	1	0.1053802101	EXPECTED_FROM_NULL
x018498	x037986	preferred	1000	1	1	0	0.1053802101	EXPECTED_FROM_NULL
x018498	x041112	depleted	1000	0.9310689311	1	0	0.1929253805	EXPECTED_FROM_NULL
x018498	x041113	depleted	1000	0.9080919081	1	0	0.2263650458	EXPECTED_FROM_NULL
x018498	x041115	preferred	1000	0.1538461538	0.688034188	1	0.1682729368	EXPECTED_FROM_NULL
x018498	x041116	preferred	1000	1	1	1	0.2121670903	EXPECTED_FROM_NULL
x018498	x041118	preferred	1000	1	1	0	0.1416112368	EXPECTED_FROM_NULL
x018498	x041262	preferred	1000	1	1	0	0.1439287291	EXPECTED_FROM_NULL
x018498	x041471	preferred	1000	1	1	1	0.1164817087	EXPECTED_FROM_NULL
x018498	x041803	preferred	1000	0.04395604396	0.2919955581	1	0.1554184225	EXPECTED_FROM_NULL
x018498	x041938	preferred	1000	1	1	0	0.1053802101	EXPECTED_FROM_NULL
x018498	x041941	preferred	1000	0.02897102897	0.2631913541	1	0.1450820234	EXPECTED_FROM_NULL
x018498	x042465	preferred	1000	1	1	0	0.1283015431	EXPECTED_FROM_NULL
x018498	x042470	preferred	1000	1	1	0	0.1099149275	EXPECTED_FROM_NULL
x018499	x001571	preferred	1000	0.02697302697	0.2554504319	1	0.1593047503	EXPECTED_FROM_NULL
x018499	x005248	preferred	1000	1	1	1	0.1484383969	EXPECTED_FROM_NULL
x018499	x005249	preferred	1000	1	1	0	0.1250775328	EXPECTED_FROM_NULL
x018499	x005250	preferred	1000	0.01698301698	0.2517482517	1	0.1573291129	EXPECTED_FROM_NULL
x018499	x005251	preferred	1000	1	1	0	0.1250775328	EXPECTED_FROM_NULL
x018499	x005252	preferred	1000	1	1	0	0.1401314098	EXPECTED_FROM_NULL
x018499	x007098	preferred	1000	1	1	0	0.1549152731	EXPECTED_FROM_NULL
x018499	x008313	preferred	1000	1	1	1	0.1401314098	EXPECTED_FROM_NULL
x018499	x008314	preferred	1000	1	1	0	0.1250775328	EXPECTED_FROM_NULL
x018499	x008315	preferred	1000	1	1	0	0.1368290702	EXPECTED_FROM_NULL
x018499	x008317	preferred	1000	1	1	0	0.1250775328	EXPECTED_FROM_NULL
x018499	x016896	preferred	1000	0.02297702298	0.2517482517	1	0.1542960692	EXPECTED_FROM_NULL
x018499	x016897	preferred	1000	1	1	0	0.1961553041	EXPECTED_FROM_NULL
x018499	x016899	preferred	1000	1	1	0	0.3196874633	EXPECTED_FROM_NULL
x018499	x016900	preferred	1000	0.03396603397	0.2631913541	1	0.2031455837	EXPECTED_FROM_NULL
x018499	x017377	preferred	1000	0.0979020979	0.4590943038	1	0.2287075226	EXPECTED_FROM_NULL
x018499	x017378	preferred	1000	1	1	0	0.221534689	EXPECTED_FROM_NULL
x018499	x017379	preferred	1000	1	1	0	0.2274847107	EXPECTED_FROM_NULL
x018499	x017380	preferred	1000	1	1	1	0.1523709062	EXPECTED_FROM_NULL
x018499	x017381	preferred	1000	1	1	0	0.1845565109	EXPECTED_FROM_NULL
x018499	x017382	preferred	1000	1	1	1	0.2054585241	EXPECTED_FROM_NULL
x018499	x017383	preferred	1000	1	1	0	0.1868217366	EXPECTED_FROM_NULL
x018499	x020019	preferred	1000	1	1	1	0.2815679862	EXPECTED_FROM_NULL
x018499	x020020	depleted	1000	0.963036963	1	0	0.3768289666	EXPECTED_FROM_NULL
x018499	x022381	preferred	1000	1	1	0	0.1250775328	EXPECTED_FROM_NULL
x018499	x024202	preferred	1000	1	1	0	0.1362702342	EXPECTED_FROM_NULL
x018499	x024203	preferred	1000	1	1	0	0.13860043	EXPECTED_FROM_NULL
x018499	x024665	preferred	1000	1	1	0	0.1705145259	EXPECTED_FROM_NULL
x018499	x031707	preferred	1000	1	1	0	0.1899849352	EXPECTED_FROM_NULL
x018499	x031709	preferred	1000	1	1	0	0.1685612693	EXPECTED_FROM_NULL
x018499	x031710	preferred	1000	1	1	1	0.1579300207	EXPECTED_FROM_NULL
x018499	x031711	preferred	1000	1	1	0	0.1685612693	EXPECTED_FROM_NULL
x018499	x032444	preferred	1000	1	1	0	0.1822704605	EXPECTED_FROM_NULL
x018499	x032993	preferred	1000	1	1	1	0.1575985847	EXPECTED_FROM_NULL
x018499	x033410	preferred	1000	0.01298701299	0.2517482517	1	0.1359341719	EXPECTED_FROM_NULL
x018499	x033413	preferred	1000	0.01298701299	0.2517482517	0.5	0.1250775328	EXPECTED_FROM_NULL
x018499	x033414	preferred	1000	1	1	0	0.1362702342	EXPECTED_FROM_NULL
x018499	x038057	preferred	1000	0.01098901099	0.2517482517	1	0.1559881262	EXPECTED_FROM_NULL
x018499	x041112	depleted	1000	0.9110889111	1	0	0.2112804244	EXPECTED_FROM_NULL
x018499	x041113	preferred	1000	1	1	0	0.2001460742	EXPECTED_FROM_NULL
x018499	x041114	preferred	1000	0.06293706294	0.3340505648	1	0.2031123955	EXPECTED_FROM_NULL
x018499	x041115	preferred	10000	0.003399660034	0.2517482517	0.5	0.1815786563	EXPECTED_FROM_NULL
x018499	x041117	preferred	1000	1	1	0.5	0.1734064253	EXPECTED_FROM_NULL
x018499	x041118	preferred	1000	1	1	0	0.1847213475	EXPECTED_FROM_NULL
x018499	x041119	preferred	1000	1	1	0	0.2285503266	EXPECTED_FROM_NULL
x018499	x041465	preferred	1000	1	1	0	0.1593047503	EXPECTED_FROM_NULL
x018499	x041806	preferred	1000	0.01098901099	0.2517482517	1	0.1362702342	EXPECTED_FROM_NULL
x018499	x041940	preferred	1000	1	1	0	0.1337820174	EXPECTED_FROM_NULL
x018499	x042465	preferred	1000	0.03496503497	0.2652583019	1	0.1845565109	EXPECTED_FROM_NULL
x018499	x042804	preferred	1000	1	1	0	0.2292717216	EXPECTED_FROM_NULL
x018500	x001394	preferred	1000	1	1	0	0.1020322055	EXPECTED_FROM_NULL
x018500	x001430	depleted	1000	1	1	1	0.1814903257	EXPECTED_FROM_NULL
x018500	x001571	preferred	1000	1	1	1	0.1003280191	EXPECTED_FROM_NULL
x018500	x002336	preferred	1000	0.04195804196	0.2895104895	1	0.1558367525	EXPECTED_FROM_NULL
x018500	x002342	preferred	1000	1	1	0	0.1208134147	EXPECTED_FROM_NULL
x018500	x005249	preferred	1000	1	1	1	0.09580508153	EXPECTED_FROM_NULL
x018500	x005251	preferred	1000	0.01698301698	0.2517482517	1	0.09653774504	EXPECTED_FROM_NULL
x018500	x005254	preferred	10000	0.01189881012	0.2517482517	1	0.1016630366	EXPECTED_FROM_NULL
x018500	x008312	preferred	1000	1	1	0.5	0.09980974505	EXPECTED_FROM_NULL
x018500	x008313	preferred	1000	1	1	0	0.1474977772	EXPECTED_FROM_NULL
x018500	x008315	preferred	1000	1	1	0	0.1071052005	EXPECTED_FROM_NULL
x018500	x008318	preferred	1000	1	1	0	0.1374415851	EXPECTED_FROM_NULL
x018500	x008319	preferred	10000	0.000299970003	0.2173282672	0.5	0.09216288764	EXPECTED_FROM_NULL
x018500	x010936	preferred	1000	1	1	0	0.1001818272	EXPECTED_FROM_NULL
x018500	x016896	preferred	1000	1	1	0	0.1524839694	EXPECTED_FROM_NULL
x018500	x016897	preferred	1000	0.09390609391	0.4432245279	1	0.2211014723	EXPECTED_FROM_NULL
x018500	x016898	preferred	1000	1	1	0	0.1183149759	EXPECTED_FROM_NULL
x018500	x016899	preferred	1000	0.06593406593	0.3461538462	0.5	0.1358842602	EXPECTED_FROM_NULL
x018500	x016900	preferred	1000	1	1	0	0.2185417351	EXPECTED_FROM_NULL
x018500	x016901	preferred	1000	1	1	0	0.1422822477	EXPECTED_FROM_NULL
x018500	x017376	preferred	1000	1	1	0	0.1430639186	EXPECTED_FROM_NULL
x018500	x017377	preferred	1000	0.1408591409	0.6338661339	1	0.137050567	EXPECTED_FROM_NULL
x018500	x017378	preferred	1000	0.0959040959	0.4511851785	1	0.1377370654	EXPECTED_FROM_NULL
x018500	x017379	preferred	1000	0.03396603397	0.2631913541	0.5	0.1328888946	EXPECTED_FROM_NULL
x018500	x017380	preferred	1000	0.1168831169	0.5359608746	1	0.1744612867	EXPECTED_FROM_NULL
x018500	x017381	preferred	1000	1	1	0	0.175584763	EXPECTED_FROM_NULL
x018500	x017382	preferred	1000	0.04795204795	0.2969338354	1	0.1261465854	EXPECTED_FROM_NULL
x018500	x019938	preferred	1000	1	1	0	0.1277168588	EXPECTED_FROM_NULL
x018500	x020633	preferred	1000	1	1	1	0.09390969441	EXPECTED_FROM_NULL
x018500	x022926	preferred	1000	1	1	1	0.1020802317	EXPECTED_FROM_NULL
x018500	x022927	preferred	1000	0.04295704296	0.2895104895	1	0.1067454514	EXPECTED_FROM_NULL
x018500	x024202	preferred	1000	1	1	1	0.09641506097	EXPECTED_FROM_NULL
x018500	x031708	preferred	1000	1	1	0	0.1081182009	EXPECTED_FROM_NULL
x018500	x031710	preferred	1000	1	1	0	0.1078888914	EXPECTED_FROM_NULL
x018500	x032994	preferred	1000	1	1	0	0.09380111054	EXPECTED_FROM_NULL
x018500	x032999	preferred	1000	1	1	1	0.09705235835	EXPECTED_FROM_NULL
x018500	x033410	preferred	1000	1	1	1	0.1043237192	EXPECTED_FROM_NULL
x018500	x033411	preferred	1000	1	1	0	0.1353839775	EXPECTED_FROM_NULL
x018500	x037914	preferred	1000	1	1	0	0.09899570445	EXPECTED_FROM_NULL
x018500	x038057	preferred	1000	1	1	1	0.1060694236	EXPECTED_FROM_NULL
x018500	x041113	depleted	1000	0.8771228771	1	1	0.1537476974	EXPECTED_FROM_NULL
x018500	x041117	preferred	1000	0.06693306693	0.3476201218	1	0.1204833418	EXPECTED_FROM_NULL
x018500	x041119	depleted	1000	0.9150849151	1	0	0.1626209592	EXPECTED_FROM_NULL
x018500	x041466	preferred	1000	0.04295704296	0.2895104895	1	0.1333909768	EXPECTED_FROM_NULL
x018500	x041941	preferred	1000	1	1	0	0.1249276493	EXPECTED_FROM_NULL
x018500	x042468	preferred	1000	0.03896103896	0.2865712967	1	0.121858708	EXPECTED_FROM_NULL
x018501	x005250	preferred	1000	1	1	0	0.1918338948	EXPECTED_FROM_NULL
x018501	x005252	preferred	1000	1	1	0	0.1479044056	EXPECTED_FROM_NULL
x018501	x005254	preferred	1000	1	1	0	0.1689416539	EXPECTED_FROM_NULL
x018501	x008313	preferred	1000	1	1	0	0.2188553545	EXPECTED_FROM_NULL
x018501	x008317	preferred	1000	1	1	1	0.1776878843	EXPECTED_FROM_NULL
x018501	x008319	preferred	1000	1	1	0	0.1795786963	EXPECTED_FROM_NULL
x018501	x016896	preferred	1000	0.03496503497	0.2652583019	1	0.2177954997	EXPECTED_FROM_NULL
x018501	x016897	depleted	1000	0.9210789211	1	0	0.3257603622	EXPECTED_FROM_NULL
x018501	x016899	preferred	1000	0.01698301698	0.2517482517	1	0.1793303375	EXPECTED_FROM_NULL
x018501	x016901	preferred	1000	0.07492507493	0.3756623999	1	0.2179538101	EXPECTED_FROM_NULL
x018501	x016902	preferred	1000	0.02297702298	0.2517482517	1	0.1781283734	EXPECTED_FROM_NULL
x018501	x016903	preferred	1000	0.07492507493	0.3756623999	1	0.3221491718	EXPECTED_FROM_NULL
x018501	x017376	depleted	1000	0.9280719281	1	0	0.2239660339	EXPECTED_FROM_NULL
x018501	x017377	preferred	1000	0.06793206793	0.3502973894	1	0.2456442273	EXPECTED_FROM_NULL
x018501	x017378	preferred	1000	0.01498501499	0.2517482517	1	0.1766389257	EXPECTED_FROM_NULL
x018501	x017379	preferred	10000	0.000699930007	0.2276772323	0.5	0.2310074261	EXPECTED_FROM_NULL
x018501	x017380	preferred	1000	0.04495504496	0.2919955581	1	0.2108753493	EXPECTED_FROM_NULL
x018501	x017381	preferred	1000	1	1	0	0.2449568483	EXPECTED_FROM_NULL
x018501	x017383	preferred	1000	0.04295704296	0.2895104895	1	0.2178490234	EXPECTED_FROM_NULL
x018501	x031708	preferred	1000	1	1	0	0.1479044056	EXPECTED_FROM_NULL
x018501	x031709	preferred	1000	1	1	0	0.2121199544	EXPECTED_FROM_NULL
x018501	x032442	preferred	1000	1	1	0	0.1603893116	EXPECTED_FROM_NULL
x018501	x032443	preferred	1000	1	1	0	0.1673796575	EXPECTED_FROM_NULL
x018501	x032993	preferred	1000	1	1	0	0.2416321813	EXPECTED_FROM_NULL
x018501	x032994	preferred	1000	1	1	0	0.1479044056	EXPECTED_FROM_NULL
x018501	x032998	preferred	1000	1	1	1	0.1875800913	EXPECTED_FROM_NULL
x018501	x033410	preferred	1000	1	1	0	0.1929332129	EXPECTED_FROM_NULL
x018501	x038063	preferred	1000	0.01798201798	0.2517482517	1	0.1648228832	EXPECTED_FROM_NULL
x018501	x041113	preferred	1000	0.07792207792	0.3801652893	1	0.2808577775	EXPECTED_FROM_NULL
x018501	x041115	preferred	1000	0.02397602398	0.2517482517	1	0.1788555592	EXPECTED_FROM_NULL
x018501	x041116	preferred	1000	1	1	0	0.226092297	EXPECTED_FROM_NULL
x018501	x041117	preferred	1000	1	1	0	0.2217673568	EXPECTED_FROM_NULL
x018501	x041118	depleted	1000	0.8751248751	1	0	0.1806052398	EXPECTED_FROM_NULL
x018501	x041119	preferred	1000	0.06093906094	0.3311743607	1	0.2611635481	EXPECTED_FROM_NULL
x018501	x042468	preferred	1000	0.05194805195	0.3077473707	1	0.2551479587	EXPECTED_FROM_NULL
x018501	x042471	preferred	1000	1	1	0	0.2449568483	EXPECTED_FROM_NULL
x018502	x001426	preferred	1000	0.06193806194	0.3311743607	1	0.1681542936	EXPECTED_FROM_NULL
x018502	x001571	preferred	1000	1	1	0	0.1568910087	EXPECTED_FROM_NULL
x018502	x005077	depleted	1000	0.9130869131	1	0	0.2055267308	EXPECTED_FROM_NULL
x018502	x005236	preferred	1000	0.03296703297	0.2631913541	1	0.1599147593	EXPECTED_FROM_NULL
x018502	x005248	preferred	1000	1	1	0	0.2059981918	EXPECTED_FROM_NULL
x018502	x005249	preferred	1000	1	1	0	0.1254532666	EXPECTED_FROM_NULL
x018502	x005254	preferred	1000	1	1	0	0.1254532666	EXPECTED_FROM_NULL
x018502	x008312	preferred	1000	1	1	1	0.1427170115	EXPECTED_FROM_NULL
x018502	x008313	preferred	1000	1	1	0	0.176283551	EXPECTED_FROM_NULL
x018502	x008314	preferred	1000	0.01198801199	0.2517482517	1	0.1511223565	EXPECTED_FROM_NULL
x018502	x008317	preferred	1000	1	1	0.5	0.132070069	EXPECTED_FROM_NULL
x018502	x008318	preferred	1000	1	1	1	0.1489678871	EXPECTED_FROM_NULL
x018502	x008319	preferred	1000	1	1	0	0.1329609552	EXPECTED_FROM_NULL
x018502	x010942	preferred	1000	1	1	0	0.1254532666	EXPECTED_FROM_NULL
x018502	x016898	preferred	1000	1	1	1	0.1761179105	EXPECTED_FROM_NULL
x018502	x016899	preferred	10000	0.005199480052	0.2517482517	0.5	0.2848479199	EXPECTED_FROM_NULL
x018502	x016902	depleted	1000	0.8541458541	1	0	0.2914947482	EXPECTED_FROM_NULL
x018502	x016903	preferred	1000	1	1	0	0.2467435043	EXPECTED_FROM_NULL
x018502	x017376	preferred	1000	0.06193806194	0.3311743607	1	0.1837298242	EXPECTED_FROM_NULL
x018502	x017377	preferred	1000	1	1	0	0.2420941879	EXPECTED_FROM_NULL
x018502	x017378	preferred	1000	1	1	1	0.1735512245	EXPECTED_FROM_NULL
x018502	x017380	preferred	1000	0.04495504496	0.2919955581	1	0.1558976174	EXPECTED_FROM_NULL
x018502	x017382	preferred	1000	1	1	0	0.1735599581	EXPECTED_FROM_NULL
x018502	x017383	preferred	1000	0.09190809191	0.435211847	1	0.2086426288	EXPECTED_FROM_NULL
x018502	x020018	preferred	1000	1	1	0	0.1759087868	EXPECTED_FROM_NULL
x018502	x032993	preferred	1000	1	1	0	0.1558976174	EXPECTED_FROM_NULL
x018502	x032994	preferred	1000	1	1	1	0.1489678871	EXPECTED_FROM_NULL
x018502	x032998	preferred	1000	1	1	0	0.1374882589	EXPECTED_FROM_NULL
x018502	x033411	preferred	1000	1	1	0	0.1406032009	EXPECTED_FROM_NULL
x018502	x033414	preferred	1000	0.01398601399	0.2517482517	1	0.1396471042	EXPECTED_FROM_NULL
x018502	x037912	preferred	1000	1	1	0	0.1559809068	EXPECTED_FROM_NULL
x018502	x038057	preferred	1000	1	1	0	0.1599147593	EXPECTED_FROM_NULL
x018502	x040638	preferred	1000	0.04695304695	0.2919955581	1	0.1599147593	EXPECTED_FROM_NULL
x018502	x041112	preferred	1000	1	1	0	0.1763463133	EXPECTED_FROM_NULL
x018502	x041115	preferred	1000	1	1	0	0.1570070758	EXPECTED_FROM_NULL
x018502	x041116	preferred	1000	1	1	0	0.2443162454	EXPECTED_FROM_NULL
x018502	x041118	depleted	1000	0.9140859141	1	1	0.2255349537	EXPECTED_FROM_NULL
x018502	x042466	preferred	1000	1	1	0	0.1599147593	EXPECTED_FROM_NULL
x018502	x042470	preferred	1000	1	1	1	0.1881844189	EXPECTED_FROM_NULL
x018502	x042471	preferred	1000	0.05394605395	0.3077473707	1	0.1853757321	EXPECTED_FROM_NULL
x018502	x042819	preferred	1000	1	1	0	0.1534034488	EXPECTED_FROM_NULL
x018503	x001429	depleted	1000	0.984015984	1	0	0.2675247156	EXPECTED_FROM_NULL
x018503	x005251	preferred	1000	1	1	0	0.273901186	EXPECTED_FROM_NULL
x018503	x005254	preferred	1000	1	1	0	0.2234741159	EXPECTED_FROM_NULL
x018503	x008313	preferred	1000	1	1	0	0.4056988889	EXPECTED_FROM_NULL
x018503	x008315	preferred	1000	1	1	0	0.3475086435	EXPECTED_FROM_NULL
x018503	x008317	preferred	1000	1	1	0	0.2234741159	EXPECTED_FROM_NULL
x018503	x010942	preferred	1000	1	1	0	0.2234741159	EXPECTED_FROM_NULL
x018503	x016898	preferred	1000	1	1	1	0.3620480195	EXPECTED_FROM_NULL
x018503	x016900	preferred	1000	0.05394605395	0.3077473707	1	0.4003627265	EXPECTED_FROM_NULL
x018503	x016901	preferred	1000	0.03296703297	0.2631913541	1	0.4845160807	EXPECTED_FROM_NULL
x018503	x016902	preferred	1000	1	1	1	0.2384082485	EXPECTED_FROM_NULL
x018503	x016903	preferred	1000	0.02397602398	0.2517482517	1	0.3108506106	EXPECTED_FROM_NULL
x018503	x017376	depleted	1000	0.9160839161	1	0	0.3319332195	EXPECTED_FROM_NULL
x018503	x017377	preferred	1000	1	1	0	0.358071417	EXPECTED_FROM_NULL
x018503	x017378	preferred	1000	1	1	0	0.2646346734	EXPECTED_FROM_NULL
x018503	x017379	preferred	1000	1	1	0	0.3422163909	EXPECTED_FROM_NULL
x018503	x017381	preferred	1000	1	1	0	0.2762889374	EXPECTED_FROM_NULL
x018503	x018253	preferred	1000	1	1	0	0.273901186	EXPECTED_FROM_NULL
x018503	x018876	depleted	1000	0.986013986	1	0	0.3685661407	EXPECTED_FROM_NULL
x018503	x020635	preferred	1000	1	1	0	0.273901186	EXPECTED_FROM_NULL
x018503	x023368	preferred	1000	1	1	1	0.3208312747	EXPECTED_FROM_NULL
x018503	x025552	preferred	1000	1	1	0	0.2234741159	EXPECTED_FROM_NULL
x018503	x031705	preferred	1000	0.01898101898	0.2517482517	1	0.2790163846	EXPECTED_FROM_NULL
x018503	x031709	preferred	1000	1	1	0	0.2469137089	EXPECTED_FROM_NULL
x018503	x032993	preferred	1000	1	1	0	0.2234741159	EXPECTED_FROM_NULL
x018503	x032999	preferred	1000	1	1	0	0.2234741159	EXPECTED_FROM_NULL
x018503	x033411	preferred	1000	1	1	0	0.2234741159	EXPECTED_FROM_NULL
x018503	x037858	depleted	1000	0.8161838162	1	0	0.3410397684	EXPECTED_FROM_NULL
x018503	x041113	depleted	1000	0.955044955	1	0	0.3713042397	EXPECTED_FROM_NULL
x018503	x041114	depleted	1000	0.966033966	1	0	0.4015584283	EXPECTED_FROM_NULL
x018503	x041115	depleted	1000	0.9180819181	1	0	0.2775218705	EXPECTED_FROM_NULL
x018503	x041116	preferred	1000	1	1	0	0.4422498256	EXPECTED_FROM_NULL
x018503	x041117	depleted	1000	0.9150849151	1	0	0.3087285217	EXPECTED_FROM_NULL
x018503	x041118	depleted	1000	0.997002997	1	1	0.4238298372	EXPECTED_FROM_NULL
x018503	x041443	preferred	1000	1	1	1	0.2234741159	EXPECTED_FROM_NULL
x018503	x041464	preferred	1000	1	1	0	0.2763862832	EXPECTED_FROM_NULL
x018560	x000108	preferred	1000	0.000999000999	1	0	0	INSUFFICIENT_SUPPORT
x018560	x017409	preferred	1000	0.000999000999	1	0	0	INSUFFICIENT_SUPPORT
x018560	x017410	preferred	1000	0.000999000999	1	0	0	INSUFFICIENT_SUPPORT
x018560	x017413	preferred	1000	0.000999000999	1	0	0	INSUFFICIENT_SUPPORT
x018560	x018497	preferred	1000	0.000999000999	1	0	0	INSUFFICIENT_SUPPORT
x018560	x018499	preferred	1000	0.000999000999	1	0	0	INSUFFICIENT_SUPPORT
x018560	x018500	preferred	1000	0.000999000999	1	0	0	INSUFFICIENT_SUPPORT
x018560	x020017	preferred	1000	0.000999000999	1	0	0	INSUFFICIENT_SUPPORT
x018560	x020019	preferred	1000	0.000999000999	1	0	0	INSUFFICIENT_SUPPORT
x018560	x020022	preferred	1000	0.000999000999	1	0	0	INSUFFICIENT_SUPPORT
x018560	x024244	preferred	1000	0.000999000999	1	0	0	INSUFFICIENT_SUPPORT
x018560	x024804	preferred	1000	0.000999000999	1	0	0	INSUFFICIENT_SUPPORT
x018560	x041257	preferred	1000	0.000999000999	1	0	0	INSUFFICIENT_SUPPORT
x018560	x041261	preferred	1000	0.000999000999	1	0	0	INSUFFICIENT_SUPPORT
x018560	x042800	preferred	1000	0.000999000999	1	0	0	INSUFFICIENT_SUPPORT
x018560	x042802	preferred	1000	0.000999000999	1	0	0	INSUFFICIENT_SUPPORT
x018561	x001091	preferred	1000	0.000999000999	1	0	0	INSUFFICIENT_SUPPORT
x018561	x017410	preferred	1000	0.000999000999	1	0	0	INSUFFICIENT_SUPPORT
x018561	x017411	preferred	1000	0.000999000999	1	0	0	INSUFFICIENT_SUPPORT
x018561	x017413	preferred	1000	0.000999000999	1	0	0	INSUFFICIENT_SUPPORT
x018561	x018497	preferred	1000	0.000999000999	1	0	0	INSUFFICIENT_SUPPORT
x018561	x020019	preferred	1000	0.000999000999	1	0	0	INSUFFICIENT_SUPPORT
x018561	x037858	preferred	1000	0.000999000999	1	0	0	INSUFFICIENT_SUPPORT
x018561	x037860	preferred	1000	0.000999000999	1	0	0	INSUFFICIENT_SUPPORT
x018561	x041257	preferred	1000	0.000999000999	1	0	0	INSUFFICIENT_SUPPORT
x018561	x041259	preferred	1000	0.000999000999	1	0	0	INSUFFICIENT_SUPPORT
x018561	x041260	preferred	1000	0.000999000999	1	0	0	INSUFFICIENT_SUPPORT
x018561	x041262	preferred	1000	0.000999000999	1	0	0	INSUFFICIENT_SUPPORT
x018561	x042801	preferred	1000	0.000999000999	1	0	0	INSUFFICIENT_SUPPORT
x018561	x042802	preferred	1000	0.000999000999	1	0	0	INSUFFICIENT_SUPPORT
x018561	x042806	preferred	1000	0.000999000999	1	0	0	INSUFFICIENT_SUPPORT
x018561	x042807	preferred	1000	0.000999000999	1	0	0	INSUFFICIENT_SUPPORT
x018562	x001091	preferred	1000	0.000999000999	1	0	0	INSUFFICIENT_SUPPORT
x018562	x017408	preferred	1000	0.000999000999	1	0	0	INSUFFICIENT_SUPPORT
x018562	x018497	preferred	1000	0.000999000999	1	0	0	INSUFFICIENT_SUPPORT
x018562	x018500	preferred	1000	0.000999000999	1	0	0	INSUFFICIENT_SUPPORT
x018562	x018501	preferred	1000	0.000999000999	1	0	0	INSUFFICIENT_SUPPORT
x018562	x018502	preferred	1000	0.000999000999	1	0	0	INSUFFICIENT_SUPPORT
x018562	x018503	preferred	1000	0.000999000999	1	0	0	INSUFFICIENT_SUPPORT
x018562	x020018	preferred	1000	0.000999000999	1	0	0	INSUFFICIENT_SUPPORT
x018562	x037986	preferred	1000	0.000999000999	1	0	0	INSUFFICIENT_SUPPORT
x018562	x042801	preferred	1000	0.000999000999	1	0	0	INSUFFICIENT_SUPPORT
x018562	x042803	preferred	1000	0.000999000999	1	0	0	INSUFFICIENT_SUPPORT
x018562	x042804	preferred	1000	0.000999000999	1	0	0	INSUFFICIENT_SUPPORT
x018562	x042805	preferred	1000	0.000999000999	1	0	0	INSUFFICIENT_SUPPORT
x018562	x042806	preferred	1000	0.000999000999	1	0	0	INSUFFICIENT_SUPPORT
x018562	x042807	preferred	1000	0.000999000999	1	0	0	INSUFFICIENT_SUPPORT
x018563	x001637	preferred	1000	0.000999000999	1	0	0	INSUFFICIENT_SUPPORT
x018563	x017411	preferred	1000	0.000999000999	1	0	0	INSUFFICIENT_SUPPORT
x018563	x018497	preferred	1000	0.000999000999	1	0	0	INSUFFICIENT_SUPPORT
x018563	x018499	preferred	1000	0.000999000999	1	0	0	INSUFFICIENT_SUPPORT
x018563	x018500	preferred	1000	0.000999000999	1	0	0	INSUFFICIENT_SUPPORT
x018563	x020020	preferred	1000	0.000999000999	1	0	0	INSUFFICIENT_SUPPORT
x018563	x037957	preferred	1000	0.000999000999	1	0	0	INSUFFICIENT_SUPPORT
x018563	x038538	preferred	1000	0.000999000999	1	0	0	INSUFFICIENT_SUPPORT
x018563	x041257	preferred	1000	0.000999000999	1	0	0	INSUFFICIENT_SUPPORT
x018563	x041259	preferred	1000	0.000999000999	1	0	0	INSUFFICIENT_SUPPORT
x018563	x041261	preferred	1000	0.000999000999	1	0	0	INSUFFICIENT_SUPPORT
x018563	x041262	preferred	1000	0.000999000999	1	0	0	INSUFFICIENT_SUPPORT
x018563	x042801	preferred	1000	0.000999000999	1	0	0	INSUFFICIENT_SUPPORT
x018564	x017411	preferred	1000	0.000999000999	1	0	0	INSUFFICIENT_SUPPORT
x018564	x018499	preferred	1000	0.000999000999	1	0	0	INSUFFICIENT_SUPPORT
x018564	x018500	preferred	1000	0.000999000999	1	0	0	INSUFFICIENT_SUPPORT
x018564	x018501	preferred	1000	0.000999000999	1	0	0	INSUFFICIENT_SUPPORT
x018564	x024929	preferred	1000	0.000999000999	1	0	0	INSUFFICIENT_SUPPORT
x018564	x033102	preferred	1000	0.000999000999	1	0	0	INSUFFICIENT_SUPPORT
x018564	x037857	preferred	1000	0.000999000999	1	0	0	INSUFFICIENT_SUPPORT
x018564	x037990	preferred	1000	0.000999000999	1	0	0	INSUFFICIENT_SUPPORT
x018564	x038105	preferred	1000	0.000999000999	1	0	0	INSUFFICIENT_SUPPORT
x018564	x038108	preferred	1000	0.000999000999	1	0	0	INSUFFICIENT_SUPPORT
x018564	x041259	preferred	1000	0.000999000999	1	0	0	INSUFFICIENT_SUPPORT
x018564	x042800	preferred	1000	0.000999000999	1	0	0	INSUFFICIENT_SUPPORT
x018564	x042802	preferred	1000	0.000999000999	1	0	0	INSUFFICIENT_SUPPORT
x018564	x042806	preferred	1000	0.000999000999	1	0	0	INSUFFICIENT_SUPPORT
x018564	x042817	preferred	1000	0.000999000999	1	0	0	INSUFFICIENT_SUPPORT
x018565	x017415	preferred	1000	0.000999000999	1	0	0	INSUFFICIENT_SUPPORT
x018565	x018496	preferred	1000	0.000999000999	1	0	0	INSUFFICIENT_SUPPORT
x018565	x018498	preferred	1000	0.000999000999	1	0	0	INSUFFICIENT_SUPPORT
x018565	x018503	preferred	1000	0.000999000999	1	0	0	INSUFFICIENT_SUPPORT
x018565	x020020	preferred	1000	0.000999000999	1	0	0	INSUFFICIENT_SUPPORT
x018565	x020022	preferred	1000	0.000999000999	1	0	0	INSUFFICIENT_SUPPORT
x018565	x033099	preferred	1000	0.000999000999	1	0	0	INSUFFICIENT_SUPPORT
x018565	x037861	preferred	1000	0.000999000999	1	0	0	INSUFFICIENT_SUPPORT
x018565	x041260	preferred	1000	0.000999000999	1	0	0	INSUFFICIENT_SUPPORT
x018565	x041262	preferred	1000	0.000999000999	1	0	0	INSUFFICIENT_SUPPORT
x018565	x042800	preferred	1000	0.000999000999	1	0	0	INSUFFICIENT_SUPPORT
x018565	x042803	preferred	1000	0.000999000999	1	0	0	INSUFFICIENT_SUPPORT
x018565	x042804	preferred	1000	0.000999000999	1	0	0	INSUFFICIENT_SUPPORT
x018565	x042805	preferred	1000	0.000999000999	1	0	0	INSUFFICIENT_SUPPORT
x018565	x042806	preferred	1000	0.000999000999	1	0	0	INSUFFICIENT_SUPPORT
x018566	x017410	preferred	1000	0.000999000999	1	0	0	INSUFFICIENT_SUPPORT
x018566	x017411	preferred	1000	0.000999000999	1	0	0	INSUFFICIENT_SUPPORT
x018566	x017413	preferred	1000	0.000999000999	1	0	0	INSUFFICIENT_SUPPORT
x018566	x018496	preferred	1000	0.000999000999	1	0	0	INSUFFICIENT_SUPPORT
x018566	x018500	preferred	1000	0.000999000999	1	0	0	INSUFFICIENT_SUPPORT
x018566	x024242	preferred	1000	0.000999000999	1	0	0	INSUFFICIENT_SUPPORT
x018566	x024244	preferred	1000	0.000999000999	1	0	0	INSUFFICIENT_SUPPORT
x018566	x025761	preferred	1000	0.000999000999	1	0	0	INSUFFICIENT_SUPPORT
x018566	x037861	preferred	1000	0.000999000999	1	0	0	INSUFFICIENT_SUPPORT
x018566	x037863	preferred	1000	0.000999000999	1	0	0	INSUFFICIENT_SUPPORT
x018566	x037957	preferred	1000	0.000999000999	1	0	0	INSUFFICIENT_SUPPORT
x018566	x037985	preferred	1000	0.000999000999	1	0	0	INSUFFICIENT_SUPPORT
x018566	x041259	preferred	1000	0.000999000999	1	0	0	INSUFFICIENT_SUPPORT
x018566	x042800	preferred	1000	0.000999000999	1	0	0	INSUFFICIENT_SUPPORT
x018566	x042803	preferred	1000	0.000999000999	1	0	0	INSUFFICIENT_SUPPORT
x018566	x042806	preferred	1000	0.000999000999	1	0	0	INSUFFICIENT_SUPPORT
x018567	x000106	preferred	1000	0.000999000999	1	0	0	INSUFFICIENT_SUPPORT
x018567	x017408	preferred	1000	0.000999000999	1	0	0	INSUFFICIENT_SUPPORT
x018567	x017413	preferred	1000	0.000999000999	1	0	0	INSUFFICIENT_SUPPORT
x018567	x017994	preferred	1000	0.000999000999	1	0	0	INSUFFICIENT_SUPPORT
x018567	x017995	preferred	1000	0.000999000999	1	0	0	INSUFFICIENT_SUPPORT
x018567	x018496	preferred	1000	0.000999000999	1	0	0	INSUFFICIENT_SUPPORT
x018567	x018499	preferred	1000	0.000999000999	1	0	0	INSUFFICIENT_SUPPORT
x018567	x018502	preferred	1000	0.000999000999	1	0	0	INSUFFICIENT_SUPPORT
x018567	x020017	preferred	1000	0.000999000999	1	0	0	INSUFFICIENT_SUPPORT
x018567	x033099	preferred	1000	0.000999000999	1	0	0	INSUFFICIENT_SUPPORT
x018567	x037860	preferred	1000	0.000999000999	1	0	0	INSUFFICIENT_SUPPORT
x018567	x037862	preferred	1000	0.000999000999	1	0	0	INSUFFICIENT_SUPPORT
x018567	x037958	preferred	1000	0.000999000999	1	0	0	INSUFFICIENT_SUPPORT
x018567	x038111	preferred	1000	0.000999000999	1	0	0	INSUFFICIENT_SUPPORT
x018567	x041257	preferred	1000	0.000999000999	1	0	0	INSUFFICIENT_SUPPORT
x018567	x042801	preferred	1000	0.000999000999	1	0	0	INSUFFICIENT_SUPPORT
x018567	x042806	preferred	1000	0.000999000999	1	0	0	INSUFFICIENT_SUPPORT
x018567	x042819	preferred	1000	0.000999000999	1	0	0	INSUFFICIENT_SUPPORT
x018872	x000104	preferred	1000	0.000999000999	1	0	0	INSUFFICIENT_SUPPORT
x018872	x000107	preferred	1000	0.000999000999	1	0	0	INSUFFICIENT_SUPPORT
x018872	x000111	preferred	1000	0.000999000999	1	0	0	INSUFFICIENT_SUPPORT
x018872	x001395	preferred	1000	0.000999000999	1	0	0	INSUFFICIENT_SUPPORT
x018872	x001397	preferred	1000	0.000999000999	1	0	0	INSUFFICIENT_SUPPORT
x018872	x017888	preferred	1000	0.000999000999	1	0	0	INSUFFICIENT_SUPPORT
x018872	x017889	preferred	1000	0.000999000999	1	0	0	INSUFFICIENT_SUPPORT
x018872	x017892	preferred	1000	0.000999000999	1	0	0	INSUFFICIENT_SUPPORT
x018872	x017893	preferred	1000	0.000999000999	1	0	0	INSUFFICIENT_SUPPORT
x018872	x020017	preferred	1000	0.000999000999	1	0	0	INSUFFICIENT_SUPPORT
x018872	x020019	preferred	1000	0.000999000999	1	0	0	INSUFFICIENT_SUPPORT
x018872	x024240	preferred	1000	0.000999000999	1	0	0	INSUFFICIENT_SUPPORT
x018872	x024244	preferred	1000	0.000999000999	1	0	0	INSUFFICIENT_SUPPORT
x018872	x025761	preferred	1000	0.000999000999	1	0	0	INSUFFICIENT_SUPPORT
x018872	x025765	preferred	1000	0.000999000999	1	0	0	INSUFFICIENT_SUPPORT
x018872	x034675	preferred	1000	0.000999000999	1	0	0	INSUFFICIENT_SUPPORT
x018872	x037849	preferred	1000	0.000999000999	1	0	0	INSUFFICIENT_SUPPORT
x018872	x037853	preferred	1000	0.000999000999	1	0	0	INSUFFICIENT_SUPPORT
x018872	x037856	preferred	1000	0.000999000999	1	0	0	INSUFFICIENT_SUPPORT
x018872	x037857	preferred	1000	0.000999000999	1	0	0	INSUFFICIENT_SUPPORT
x018872	x037858	preferred	1000	0.000999000999	1	0	0	INSUFFICIENT_SUPPORT
x018872	x037859	preferred	1000	0.000999000999	1	0	0	INSUFFICIENT_SUPPORT
x018872	x037860	preferred	1000	0.000999000999	1	0	0	INSUFFICIENT_SUPPORT
x018872	x037861	preferred	1000	0.000999000999	1	0	0	INSUFFICIENT_SUPPORT
x018872	x037862	preferred	1000	0.000999000999	1	0	0	INSUFFICIENT_SUPPORT
x018872	x037863	preferred	1000	0.000999000999	1	0	0	INSUFFICIENT_SUPPORT
x018872	x038106	preferred	1000	0.000999000999	1	0	0	INSUFFICIENT_SUPPORT
x018872	x038109	preferred	1000	0.000999000999	1	0	0	INSUFFICIENT_SUPPORT
x018872	x038542	preferred	1000	0.000999000999	1	0	0	INSUFFICIENT_SUPPORT
x018872	x039081	preferred	1000	0.000999000999	1	0	0	INSUFFICIENT_SUPPORT
x018872	x042109	preferred	1000	0.000999000999	1	0	0	INSUFFICIENT_SUPPORT
x018872	x042800	preferred	1000	0.000999000999	1	0	0	INSUFFICIENT_SUPPORT
x018872	x042806	preferred	1000	0.000999000999	1	0	0	INSUFFICIENT_SUPPORT
x018873	x000104	depleted	1000	0.979020979	1	0	1	INSUFFICIENT_SUPPORT
x018873	x000106	depleted	1000	1	1	0	1	INSUFFICIENT_SUPPORT
x018873	x000107	preferred	1000	1	1	0	1	INSUFFICIENT_SUPPORT
x018873	x000111	depleted	1000	0.984015984	1	0	1	INSUFFICIENT_SUPPORT
x018873	x001396	preferred	1000	1	1	0	1	INSUFFICIENT_SUPPORT
x018873	x001397	preferred	1000	1	1	0	1	INSUFFICIENT_SUPPORT
x018873	x001425	depleted	1000	1	1	0	1	INSUFFICIENT_SUPPORT
x018873	x001426	depleted	1000	1	1	0	1	INSUFFICIENT_SUPPORT
x018873	x001431	depleted	1000	0.987012987	1	0	1	INSUFFICIENT_SUPPORT
x018873	x002343	preferred	1000	1	1	0	1	INSUFFICIENT_SUPPORT
x018873	x017889	depleted	1000	0.965034965	1	0	1	INSUFFICIENT_SUPPORT
x018873	x017891	preferred	1000	1	1	0	1	INSUFFICIENT_SUPPORT
x018873	x017892	depleted	1000	0.981018981	1	0	1	INSUFFICIENT_SUPPORT
x018873	x017894	depleted	1000	0.973026973	1	0	1	INSUFFICIENT_SUPPORT
x018873	x017895	preferred	1000	0.000999000999	1	1	1	INSUFFICIENT_SUPPORT
x018873	x024240	depleted	1000	0.982017982	1	0	1	INSUFFICIENT_SUPPORT
x018873	x024243	depleted	1000	0.964035964	1	0	1	INSUFFICIENT_SUPPORT
x018873	x024244	preferred	1000	1	1	0	1	INSUFFICIENT_SUPPORT
x018873	x024245	preferred	1000	1	1	0	1	INSUFFICIENT_SUPPORT
x018873	x024246	preferred	1000	1	1	0	1	INSUFFICIENT_SUPPORT
x018873	x025762	preferred	1000	1	1	0	1	INSUFFICIENT_SUPPORT
x018873	x034679	preferred	1000	1	1	0	1	INSUFFICIENT_SUPPORT
x018873	x037854	preferred	1000	1	1	0	1	INSUFFICIENT_SUPPORT
x018873	x037856	depleted	1000	0.98001998	1	0	1	INSUFFICIENT_SUPPORT
x018873	x037857	depleted	1000	0.9190809191	1	0	1	INSUFFICIENT_SUPPORT
x018873	x037858	depleted	1000	1	1	1	1	INSUFFICIENT_SUPPORT
x018873	x037859	depleted	1000	0.957042957	1	0	1	INSUFFICIENT_SUPPORT
x018873	x037860	depleted	1000	0.979020979	1	0	1	INSUFFICIENT_SUPPORT
x018873	x037861	depleted	1000	0.9310689311	1	0	1	INSUFFICIENT_SUPPORT
x018873	x037862	depleted	1000	0.973026973	1	0	1	INSUFFICIENT_SUPPORT
x018873	x037863	depleted	1000	0.953046953	1	0	1	INSUFFICIENT_SUPPORT
x018873	x038106	preferred	1000	1	1	0	1	INSUFFICIENT_SUPPORT
x018873	x038108	preferred	1000	1	1	0	1	INSUFFICIENT_SUPPORT
x018873	x038109	preferred	1000	1	1	0	1	INSUFFICIENT_SUPPORT
x018873	x038110	preferred	1000	1	1	0	1	INSUFFICIENT_SUPPORT
x018873	x041659	preferred	1000	1	1	0	1	INSUFFICIENT_SUPPORT
x018874	x000105	depleted	1000	0.9440559441	1	0	0.6847376886	INSUFFICIENT_SUPPORT
x018874	x000108	depleted	1000	0.9380619381	1	0	0.998199958	INSUFFICIENT_SUPPORT
x018874	x000110	depleted	1000	0.9480519481	1	1	0.9984788166	INSUFFICIENT_SUPPORT
x018874	x001392	preferred	1000	1	1	0	0.9946523475	INSUFFICIENT_SUPPORT
x018874	x001393	preferred	1000	0.01298701299	1	1	0.5008949053	INSUFFICIENT_SUPPORT
x018874	x001396	preferred	1000	1	1	0	0.5008949053	INSUFFICIENT_SUPPORT
x018874	x002336	preferred	1000	1	1	0	0.99821921	INSUFFICIENT_SUPPORT
x018874	x017675	preferred	1000	1	1	0	0.99821921	INSUFFICIENT_SUPPORT
x018874	x017888	preferred	1000	0.02597402597	1	1	0.6855115411	INSUFFICIENT_SUPPORT
x018874	x017889	preferred	1000	1	1	0	0.5667371092	INSUFFICIENT_SUPPORT
x018874	x017890	preferred	1000	1	1	0	0.5008949053	INSUFFICIENT_SUPPORT
x018874	x017891	preferred	1000	1	1	0	0.7501852607	INSUFFICIENT_SUPPORT
x018874	x017892	preferred	1000	1	1	0	0.5008949053	INSUFFICIENT_SUPPORT
x018874	x017893	preferred	1000	1	1	0	0.99821921	INSUFFICIENT_SUPPORT
x018874	x017894	preferred	1000	1	1	0	0.5008949053	INSUFFICIENT_SUPPORT
x018874	x017895	preferred	1000	0.03896103896	1	1	0.6855115411	INSUFFICIENT_SUPPORT
x018874	x020017	preferred	1000	1	1	0	0.684603928	INSUFFICIENT_SUPPORT
x018874	x022955	preferred	1000	1	1	0	0.5008949053	INSUFFICIENT_SUPPORT
x018874	x024243	preferred	1000	1	1	0	0.99821921	INSUFFICIENT_SUPPORT
x018874	x024244	preferred	1000	1	1	0	0.5008949053	INSUFFICIENT_SUPPORT
x018874	x024247	preferred	1000	1	1	0	0.5008949053	INSUFFICIENT_SUPPORT
x018874	x033882	preferred	1000	1	1	0	0.684603928	INSUFFICIENT_SUPPORT
x018874	x037851	depleted	1000	1	1	1	0.9885052549	INSUFFICIENT_SUPPORT
x018874	x037856	depleted	1000	0.97002997	1	1	0.8505855775	INSUFFICIENT_SUPPORT
x018874	x037857	depleted	1000	0.8931068931	1	0	0.5541399025	INSUFFICIENT_SUPPORT
x018874	x037858	depleted	1000	0.959040959	1	0	0.5638196129	INSUFFICIENT_SUPPORT
x018874	x037859	depleted	1000	0.957042957	1	0	0.9946332333	INSUFFICIENT_SUPPORT
x018874	x037860	depleted	1000	0.954045954	1	0	0.6260590757	INSUFFICIENT_SUPPORT
x018874	x037861	depleted	1000	0.9450549451	1	0	0.998199958	INSUFFICIENT_SUPPORT
x018874	x037862	depleted	1000	0.9070929071	1	0	0.5006747045	INSUFFICIENT_SUPPORT
x018874	x037863	depleted	1000	0.8691308691	1	0	0.5007617181	INSUFFICIENT_SUPPORT
x018874	x038109	preferred	1000	1	1	0	0.5008949053	INSUFFICIENT_SUPPORT
x018874	x038540	preferred	1000	1	1	0	0.6855115411	INSUFFICIENT_SUPPORT
x018874	x040635	preferred	1000	1	1	0	0.5008949053	INSUFFICIENT_SUPPORT
x018874	x041657	preferred	1000	1	1	0	0.9946523475	INSUFFICIENT_SUPPORT
x018874	x041658	preferred	1000	1	1	0	0.9946523475	INSUFFICIENT_SUPPORT
x018874	x042106	preferred	1000	1	1	0	0.99821921	INSUFFICIENT_SUPPORT
x018875	x000104	depleted	1000	0.979020979	1	0	1	INSUFFICIENT_SUPPORT
x018875	x000105	depleted	1000	1	1	1	1	INSUFFICIENT_SUPPORT
x018875	x000108	depleted	1000	0.9310689311	1	0	1	INSUFFICIENT_SUPPORT
x018875	x000110	depleted	1000	0.971028971	1	0	1	INSUFFICIENT_SUPPORT
x018875	x000111	depleted	1000	0.974025974	1	0	1	INSUFFICIENT_SUPPORT
x018875	x001089	depleted	1000	0.982017982	1	0	1	INSUFFICIENT_SUPPORT
x018875	x001395	preferred	1000	1	1	0	1	INSUFFICIENT_SUPPORT
x018875	x001426	depleted	1000	1	1	0	1	INSUFFICIENT_SUPPORT
x018875	x001429	depleted	1000	0.982017982	1	0	1	INSUFFICIENT_SUPPORT
x018875	x001637	depleted	1000	1	1	0	1	INSUFFICIENT_SUPPORT
x018875	x005077	depleted	1000	0.991008991	1	0	1	INSUFFICIENT_SUPPORT
x018875	x017674	preferred	1000	1	1	0	1	INSUFFICIENT_SUPPORT
x018875	x017888	preferred	1000	1	1	0	1	INSUFFICIENT_SUPPORT
x018875	x017891	depleted	1000	0.95004995	1	0	1	INSUFFICIENT_SUPPORT
x018875	x017894	depleted	1000	0.984015984	1	0	1	INSUFFICIENT_SUPPORT
x018875	x020019	depleted	1000	0.984015984	1	0	1	INSUFFICIENT_SUPPORT
x018875	x024244	preferred	1000	1	1	0	1	INSUFFICIENT_SUPPORT
x018875	x025549	preferred	1000	1	1	0	1	INSUFFICIENT_SUPPORT
x018875	x025737	preferred	1000	1	1	0	1	INSUFFICIENT_SUPPORT
x018875	x034498	depleted	1000	1	1	0	1	INSUFFICIENT_SUPPORT
x018875	x034678	depleted	1000	0.985014985	1	0	1	INSUFFICIENT_SUPPORT
x018875	x037856	depleted	1000	0.9480519481	1	0	1	INSUFFICIENT_SUPPORT
x018875	x037857	depleted	1000	0.979020979	1	0	1	INSUFFICIENT_SUPPORT
x018875	x037859	preferred	1000	0.000999000999	1	1	1	INSUFFICIENT_SUPPORT
x018875	x037860	depleted	1000	0.9360639361	1	0	1	INSUFFICIENT_SUPPORT
x018875	x037861	depleted	1000	0.996003996	1	1	1	INSUFFICIENT_SUPPORT
x018875	x037862	depleted	1000	0.969030969	1	0	1	INSUFFICIENT_SUPPORT
x018875	x037863	depleted	1000	0.982017982	1	0	1	INSUFFICIENT_SUPPORT
x018875	x038443	preferred	1000	1	1	0	1	INSUFFICIENT_SUPPORT
x018875	x038538	depleted	1000	0.987012987	1	0	1	INSUFFICIENT_SUPPORT
x018875	x040219	depleted	1000	1	1	0	1	INSUFFICIENT_SUPPORT
x018875	x041531	preferred	1000	1	1	0	1	INSUFFICIENT_SUPPORT
x018875	x041657	preferred	1000	1	1	0	1	INSUFFICIENT_SUPPORT
x018875	x041663	preferred	1000	1	1	0	1	INSUFFICIENT_SUPPORT
x018876	x000104	preferred	1000	0.000999000999	1	0	0	INSUFFICIENT_SUPPORT
x018876	x000105	preferred	1000	0.000999000999	1	0	0	INSUFFICIENT_SUPPORT
x018876	x000106	preferred	1000	0.000999000999	1	0	0	INSUFFICIENT_SUPPORT
x018876	x000107	preferred	1000	0.000999000999	1	0	0	INSUFFICIENT_SUPPORT
x018876	x000108	preferred	1000	0.000999000999	1	0	0	INSUFFICIENT_SUPPORT
x018876	x000109	preferred	1000	0.000999000999	1	0	0	INSUFFICIENT_SUPPORT
x018876	x000111	preferred	1000	0.000999000999	1	0	0	INSUFFICIENT_SUPPORT
x018876	x001396	preferred	1000	0.000999000999	1	0	0	INSUFFICIENT_SUPPORT
x018876	x001425	preferred	1000	0.000999000999	1	0	0	INSUFFICIENT_SUPPORT
x018876	x001430	preferred	1000	0.000999000999	1	0	0	INSUFFICIENT_SUPPORT
x018876	x017674	preferred	1000	0.000999000999	1	0	0	INSUFFICIENT_SUPPORT
x018876	x017888	preferred	1000	0.000999000999	1	0	0	INSUFFICIENT_SUPPORT
x018876	x017889	preferred	1000	0.000999000999	1	0	0	INSUFFICIENT_SUPPORT
x018876	x017891	preferred	1000	0.000999000999	1	0	0	INSUFFICIENT_SUPPORT
x018876	x017893	preferred	1000	0.000999000999	1	0	0	INSUFFICIENT_SUPPORT
x018876	x024242	preferred	1000	0.000999000999	1	0	0	INSUFFICIENT_SUPPORT
x018876	x024243	preferred	1000	0.000999000999	1	0	0	INSUFFICIENT_SUPPORT
x018876	x024244	preferred	1000	0.000999000999	1	0	0	INSUFFICIENT_SUPPORT
x018876	x024246	preferred	1000	0.000999000999	1	0	0	INSUFFICIENT_SUPPORT
x018876	x024803	preferred	1000	0.000999000999	1	0	0	INSUFFICIENT_SUPPORT
x018876	x025761	preferred	1000	0.000999000999	1	0	0	INSUFFICIENT_SUPPORT
x018876	x025762	preferred	1000	0.000999000999	1	0	0	INSUFFICIENT_SUPPORT
x018876	x037853	preferred	1000	0.000999000999	1	0	0	INSUFFICIENT_SUPPORT
x018876	x037856	preferred	1000	0.000999000999	1	0	0	INSUFFICIENT_SUPPORT
x018876	x037857	preferred	1000	0.000999000999	1	0	0	INSUFFICIENT_SUPPORT
x018876	x037858	preferred	1000	0.000999000999	1	0	0	INSUFFICIENT_SUPPORT
x018876	x037859	preferred	1000	0.000999000999	1	0	0	INSUFFICIENT_SUPPORT
x018876	x037860	preferred	1000	0.000999000999	1	0	0	INSUFFICIENT_SUPPORT
x018876	x037861	preferred	1000	0.000999000999	1	0	0	INSUFFICIENT_SUPPORT
x018876	x037862	preferred	1000	0.000999000999	1	0	0	INSUFFICIENT_SUPPORT
x018876	x037863	preferred	1000	0.000999000999	1	0	0	INSUFFICIENT_SUPPORT
x018876	x038107	preferred	1000	0.000999000999	1	0	0	INSUFFICIENT_SUPPORT
x018876	x038110	preferred	1000	0.000999000999	1	0	0	INSUFFICIENT_SUPPORT
x018876	x041533	preferred	1000	0.000999000999	1	0	0	INSUFFICIENT_SUPPORT
x018876	x041662	preferred	1000	0.000999000999	1	0	0	INSUFFICIENT_SUPPORT
x018877	x000104	depleted	1000	0.989010989	1	0	1	INSUFFICIENT_SUPPORT
x018877	x000105	depleted	1000	0.972027972	1	0	1	INSUFFICIENT_SUPPORT
x018877	x000107	depleted	1000	0.9210789211	1	0	1	INSUFFICIENT_SUPPORT
x018877	x000108	depleted	1000	1	1	0	1	INSUFFICIENT_SUPPORT
x018877	x000109	depleted	1000	0.988011988	1	0	1	INSUFFICIENT_SUPPORT
x018877	x000110	depleted	1000	0.991008991	1	0	1	INSUFFICIENT_SUPPORT
x018877	x000111	depleted	1000	1	1	0	1	INSUFFICIENT_SUPPORT
x018877	x001091	depleted	1000	0.976023976	1	0	1	INSUFFICIENT_SUPPORT
x018877	x001395	preferred	1000	1	1	0	1	INSUFFICIENT_SUPPORT
x018877	x001397	preferred	1000	1	1	0	1	INSUFFICIENT_SUPPORT
x018877	x001424	depleted	1000	1	1	0	1	INSUFFICIENT_SUPPORT
x018877	x002340	preferred	1000	1	1	0	1	INSUFFICIENT_SUPPORT
x018877	x017675	preferred	1000	1	1	0	1	INSUFFICIENT_SUPPORT
x018877	x017891	preferred	1000	1	1	0	1	INSUFFICIENT_SUPPORT
x018877	x017892	depleted	1000	0.987012987	1	0	1	INSUFFICIENT_SUPPORT
x018877	x017893	preferred	1000	1	1	0	1	INSUFFICIENT_SUPPORT
x018877	x017894	depleted	1000	0.965034965	1	0	1	INSUFFICIENT_SUPPORT
x018877	x020022	depleted	1000	1	1	0	1	INSUFFICIENT_SUPPORT
x018877	x024243	depleted	1000	0.965034965	1	0	1	INSUFFICIENT_SUPPORT
x018877	x024245	depleted	1000	0.986013986	1	0	1	INSUFFICIENT_SUPPORT
x018877	x025550	preferred	1000	1	1	0	1	INSUFFICIENT_SUPPORT
x018877	x025765	preferred	1000	1	1	0	1	INSUFFICIENT_SUPPORT
x018877	x037848	depleted	1000	1	1	0	1	INSUFFICIENT_SUPPORT
x018877	x037852	depleted	1000	0.984015984	1	0	1	INSUFFICIENT_SUPPORT
x018877	x037856	depleted	1000	1	1	1	1	INSUFFICIENT_SUPPORT
x018877	x037857	depleted	1000	0.964035964	1	0	1	INSUFFICIENT_SUPPORT
x018877	x037858	depleted	1000	0.9410589411	1	0	1	INSUFFICIENT_SUPPORT
x018877	x037859	depleted	1000	0.984015984	1	0	1	INSUFFICIENT_SUPPORT
x018877	x037860	depleted	1000	1	1	1	1	INSUFFICIENT_SUPPORT
x018877	x037861	depleted	1000	0.9410589411	1	0	1	INSUFFICIENT_SUPPORT
x018877	x037862	depleted	1000	0.972027972	1	0	1	INSUFFICIENT_SUPPORT
x018877	x037863	depleted	1000	0.977022977	1	0	1	INSUFFICIENT_SUPPORT
x018877	x037913	preferred	1000	1	1	0	1	INSUFFICIENT_SUPPORT
x018877	x038104	preferred	1000	1	1	0	1	INSUFFICIENT_SUPPORT
x018877	x038107	preferred	1000	1	1	0	1	INSUFFICIENT_SUPPORT
x018877	x039662	depleted	1000	0.987012987	1	0	1	INSUFFICIENT_SUPPORT
x018877	x040217	preferred	1000	1	1	0	1	INSUFFICIENT_SUPPORT
x018877	x041656	depleted	1000	1	1	0	1	INSUFFICIENT_SUPPORT
x018877	x041660	preferred	1000	1	1	0	1	INSUFFICIENT_SUPPORT
x018877	x041662	depleted	1000	1	1	0	1	INSUFFICIENT_SUPPORT
x018877	x042817	preferred	1000	1	1	0	1	INSUFFICIENT_SUPPORT
x018878	x000104	depleted	1000	0.985014985	1	0	1	INSUFFICIENT_SUPPORT
x018878	x000105	depleted	1000	1	1	0	1	INSUFFICIENT_SUPPORT
x018878	x000106	depleted	1000	0.986013986	1	0	1	INSUFFICIENT_SUPPORT
x018878	x000107	depleted	1000	0.961038961	1	0	1	INSUFFICIENT_SUPPORT
x018878	x000108	depleted	1000	0.958041958	1	0	1	INSUFFICIENT_SUPPORT
x018878	x000110	depleted	1000	0.986013986	1	0	1	INSUFFICIENT_SUPPORT
x018878	x000111	depleted	1000	0.9450549451	1	0	1	INSUFFICIENT_SUPPORT
x018878	x001397	preferred	1000	1	1	0	1	INSUFFICIENT_SUPPORT
x018878	x002342	depleted	1000	1	1	0	1	INSUFFICIENT_SUPPORT
x018878	x017675	preferred	1000	1	1	0	1	INSUFFICIENT_SUPPORT
x018878	x017677	preferred	1000	1	1	0	1	INSUFFICIENT_SUPPORT
x018878	x017890	depleted	1000	0.988011988	1	0	1	INSUFFICIENT_SUPPORT
x018878	x017893	depleted	1000	0.981018981	1	0	1	INSUFFICIENT_SUPPORT
x018878	x020018	depleted	1000	0.987012987	1	0	1	INSUFFICIENT_SUPPORT
x018878	x020019	depleted	1000	1	1	0	1	INSUFFICIENT_SUPPORT
x018878	x020023	preferred	1000	0.01498501499	1	1	1	INSUFFICIENT_SUPPORT
x018878	x024240	preferred	1000	1	1	0	1	INSUFFICIENT_SUPPORT
x018878	x024241	preferred	1000	1	1	0	1	INSUFFICIENT_SUPPORT
x018878	x024243	preferred	1000	1	1	0	1	INSUFFICIENT_SUPPORT
x018878	x024246	depleted	1000	0.98001998	1	0	1	INSUFFICIENT_SUPPORT
x018878	x024247	depleted	1000	0.987012987	1	0	1	INSUFFICIENT_SUPPORT
x018878	x037849	depleted	1000	0.99000999	1	0	1	INSUFFICIENT_SUPPORT
x018878	x037851	preferred	1000	1	1	0	1	INSUFFICIENT_SUPPORT
x018878	x037856	depleted	1000	0.981018981	1	0	1	INSUFFICIENT_SUPPORT
x018878	x037857	depleted	1000	0.97002997	1	0	1	INSUFFICIENT_SUPPORT
x018878	x037858	depleted	1000	0.963036963	1	0	1	INSUFFICIENT_SUPPORT
x018878	x037859	depleted	1000	0.998001998	1	1	1	INSUFFICIENT_SUPPORT
x018878	x037860	depleted	1000	1	1	0	1	INSUFFICIENT_SUPPORT
x018878	x037861	depleted	1000	1	1	1	1	INSUFFICIENT_SUPPORT
x018878	x037862	depleted	1000	1	1	1	1	INSUFFICIENT_SUPPORT
x018878	x037863	depleted	1000	0.984015984	1	0	1	INSUFFICIENT_SUPPORT
x018878	x037882	depleted	1000	1	1	0	1	INSUFFICIENT_SUPPORT
x018878	x038105	preferred	1000	1	1	0	1	INSUFFICIENT_SUPPORT
x018878	x038106	depleted	1000	0.991008991	1	0	1	INSUFFICIENT_SUPPORT
x018878	x038108	preferred	1000	1	1	0	1	INSUFFICIENT_SUPPORT
x018878	x040221	preferred	1000	1	1	0	1	INSUFFICIENT_SUPPORT
x018878	x041663	preferred	1000	1	1	0	1	INSUFFICIENT_SUPPORT
x018878	x042800	preferred	1000	1	1	0	1	INSUFFICIENT_SUPPORT
x018878	x042822	preferred	1000	1	1	0	1	INSUFFICIENT_SUPPORT
x018879	x000105	depleted	1000	0.963036963	1	0	0.4679378924	EXPECTED_FROM_NULL
x018879	x000108	preferred	1000	0.03796203796	0.2820871436	0.5	0.7173713502	EXPECTED_FROM_NULL
x018879	x000109	depleted	1000	0.998001998	1	1	0.5531734033	EXPECTED_FROM_NULL
x018879	x000110	depleted	1000	0.9170829171	1	0	0.5791685047	EXPECTED_FROM_NULL
x018879	x001396	preferred	1000	1	1	0	0.48337925	EXPECTED_FROM_NULL
x018879	x001399	preferred	1000	1	1	0	0.8674336005	EXPECTED_FROM_NULL
x018879	x001426	depleted	1000	0.999000999	1	1	0.4450374596	EXPECTED_FROM_NULL
x018879	x001431	depleted	1000	0.984015984	1	0	0.523795791	EXPECTED_FROM_NULL
x018879	x002340	preferred	1000	1	1	0	0.8674336005	EXPECTED_FROM_NULL
x018879	x014825	preferred	1000	1	1	0	0.5356416786	EXPECTED_FROM_NULL
x018879	x017677	preferred	1000	1	1	0	0.3617270438	EXPECTED_FROM_NULL
x018879	x017888	preferred	1000	1	1	0	0.6260544148	EXPECTED_FROM_NULL
x018879	x017890	depleted	1000	0.958041958	1	0	0.4196392515	EXPECTED_FROM_NULL
x018879	x017891	preferred	1000	1	1	0	0.5252524349	EXPECTED_FROM_NULL
x018879	x017894	depleted	1000	0.994005994	1	0	0.5402955211	EXPECTED_FROM_NULL
x018879	x017999	preferred	1000	1	1	0	0.5160116376	EXPECTED_FROM_NULL
x018879	x020018	depleted	1000	0.953046953	1	0	0.6443951569	EXPECTED_FROM_NULL
x018879	x022957	preferred	1000	1	1	0	0.5160116376	EXPECTED_FROM_NULL
x018879	x024240	preferred	1000	1	1	1	0.4260473069	EXPECTED_FROM_NULL
x018879	x024243	depleted	1000	0.975024975	1	0	0.5906723837	EXPECTED_FROM_NULL
x018879	x024803	preferred	1000	1	1	0	0.3617270438	EXPECTED_FROM_NULL
x018879	x025545	preferred	1000	1	1	0	0.3617270438	EXPECTED_FROM_NULL
x018879	x025767	preferred	1000	1	1	0	0.3617270438	EXPECTED_FROM_NULL
x018879	x034676	preferred	1000	1	1	0	0.3617270438	EXPECTED_FROM_NULL
x018879	x037849	depleted	1000	0.974025974	1	0	0.8864476579	EXPECTED_FROM_NULL
x018879	x037856	depleted	1000	0.9220779221	1	0	0.5153537965	EXPECTED_FROM_NULL
x018879	x037858	preferred	10000	0.000599940006	0.2276772323	0.5	0.8969200232	EXPECTED_FROM_NULL
x018879	x037859	preferred	10000	0.001099890011	0.2276772323	1	0.9967860232	EXPECTED_FROM_NULL
x018879	x037860	depleted	1000	0.9180819181	1	1	0.5198039307	EXPECTED_FROM_NULL
x018879	x037861	depleted	1000	0.992007992	1	1	0.518004216	EXPECTED_FROM_NULL
x018879	x037862	depleted	1000	0.8871128871	1	0	0.4440606512	EXPECTED_FROM_NULL
x018879	x037863	depleted	1000	0.995004995	1	1	0.4584892877	EXPECTED_FROM_NULL
x018879	x038106	preferred	1000	0.01798201798	0.2517482517	1	0.4245745364	EXPECTED_FROM_NULL
x018879	x038110	preferred	1000	1	1	0	0.8674336005	EXPECTED_FROM_NULL
x018879	x038270	preferred	1000	1	1	0	0.5160116376	EXPECTED_FROM_NULL
x018879	x041657	preferred	1000	1	1	0	0.5356416786	EXPECTED_FROM_NULL
x018879	x041659	preferred	1000	1	1	0	0.48337925	EXPECTED_FROM_NULL
x018879	x042107	preferred	1000	1	1	0	0.3617270438	EXPECTED_FROM_NULL
x018879	x042801	preferred	1000	1	1	0	0.8674336005	EXPECTED_FROM_NULL
x019712	x000104	preferred	1000	0.000999000999	1	0	0	INSUFFICIENT_SUPPORT
x019712	x000107	preferred	1000	0.000999000999	1	0	0	INSUFFICIENT_SUPPORT
x019712	x000108	preferred	1000	0.000999000999	1	0	0	INSUFFICIENT_SUPPORT
x019712	x000110	preferred	1000	0.000999000999	1	0	0	INSUFFICIENT_SUPPORT
x019712	x025760	preferred	1000	0.000999000999	1	0	0	INSUFFICIENT_SUPPORT
x019712	x037859	preferred	1000	0.000999000999	1	0	0	INSUFFICIENT_SUPPORT
x019712	x037860	preferred	1000	0.000999000999	1	0	0	INSUFFICIENT_SUPPORT
x019712	x037862	preferred	1000	0.000999000999	1	0	0	INSUFFICIENT_SUPPORT
x019712	x037863	preferred	1000	0.000999000999	1	0	0	INSUFFICIENT_SUPPORT
x019712	x041658	preferred	1000	0.000999000999	1	0	0	INSUFFICIENT_SUPPORT
x019713	x000110	preferred	1000	0.000999000999	1	0	0	INSUFFICIENT_SUPPORT
x019713	x000111	preferred	1000	0.000999000999	1	0	0	INSUFFICIENT_SUPPORT
x019713	x020017	preferred	1000	0.000999000999	1	0	0	INSUFFICIENT_SUPPORT
x019713	x037857	preferred	1000	0.000999000999	1	0	0	INSUFFICIENT_SUPPORT
x019713	x037858	preferred	1000	0.000999000999	1	0	0	INSUFFICIENT_SUPPORT
x019713	x037860	preferred	1000	0.000999000999	1	0	0	INSUFFICIENT_SUPPORT
x019713	x037863	preferred	1000	0.000999000999	1	0	0	INSUFFICIENT_SUPPORT
x019714	x017836	preferred	1000	0.000999000999	1	0	0	INSUFFICIENT_SUPPORT
x019714	x020022	preferred	1000	0.000999000999	1	0	0	INSUFFICIENT_SUPPORT
x019714	x024240	preferred	1000	0.000999000999	1	0	0	INSUFFICIENT_SUPPORT
x019714	x037858	preferred	1000	0.000999000999	1	0	0	INSUFFICIENT_SUPPORT
x019714	x037860	preferred	1000	0.000999000999	1	0	0	INSUFFICIENT_SUPPORT
x019714	x037861	preferred	1000	0.000999000999	1	0	0	INSUFFICIENT_SUPPORT
x019714	x037862	preferred	1000	0.000999000999	1	0	0	INSUFFICIENT_SUPPORT
x019714	x037863	preferred	1000	0.000999000999	1	0	0	INSUFFICIENT_SUPPORT
x019718	x000107	preferred	1000	0.000999000999	1	0	0	INSUFFICIENT_SUPPORT
x019718	x001392	preferred	1000	0.000999000999	1	0	0	INSUFFICIENT_SUPPORT
x019718	x001395	preferred	1000	0.000999000999	1	0	0	INSUFFICIENT_SUPPORT
x019718	x017893	preferred	1000	0.000999000999	1	0	0	INSUFFICIENT_SUPPORT
x019718	x024246	preferred	1000	0.000999000999	1	0	0	INSUFFICIENT_SUPPORT
x019718	x037857	preferred	1000	0.000999000999	1	0	0	INSUFFICIENT_SUPPORT
x019718	x037858	preferred	1000	0.000999000999	1	0	0	INSUFFICIENT_SUPPORT
x019718	x037860	preferred	1000	0.000999000999	1	0	0	INSUFFICIENT_SUPPORT
x019718	x037861	preferred	1000	0.000999000999	1	0	0	INSUFFICIENT_SUPPORT
x019718	x037862	preferred	1000	0.000999000999	1	0	0	INSUFFICIENT_SUPPORT
x019718	x037863	preferred	1000	0.000999000999	1	0	0	INSUFFICIENT_SUPPORT
x019719	x000108	preferred	1000	0.000999000999	1	0	0	INSUFFICIENT_SUPPORT
x019719	x000110	preferred	1000	0.000999000999	1	0	0	INSUFFICIENT_SUPPORT
x019719	x001395	preferred	1000	0.000999000999	1	0	0	INSUFFICIENT_SUPPORT
x019719	x020023	preferred	1000	0.000999000999	1	0	0	INSUFFICIENT_SUPPORT
x019719	x024243	preferred	1000	0.000999000999	1	0	0	INSUFFICIENT_SUPPORT
x019719	x037856	preferred	1000	0.000999000999	1	0	0	INSUFFICIENT_SUPPORT
x019719	x037857	preferred	1000	0.000999000999	1	0	0	INSUFFICIENT_SUPPORT
x019719	x037858	preferred	1000	0.000999000999	1	0	0	INSUFFICIENT_SUPPORT
x019719	x037859	preferred	1000	0.000999000999	1	0	0	INSUFFICIENT_SUPPORT
x019719	x037862	preferred	1000	0.000999000999	1	0	0	INSUFFICIENT_SUPPORT
x019719	x037863	preferred	1000	0.000999000999	1	0	0	INSUFFICIENT_SUPPORT
x019936	x000105	preferred	1000	0.000999000999	1	0	0	INSUFFICIENT_SUPPORT
x019936	x000106	preferred	1000	0.000999000999	1	0	0	INSUFFICIENT_SUPPORT
x019936	x000109	preferred	1000	0.000999000999	1	0	0	INSUFFICIENT_SUPPORT
x019936	x000110	preferred	1000	0.000999000999	1	0	0	INSUFFICIENT_SUPPORT
x019936	x000111	preferred	1000	0.000999000999	1	0	0	INSUFFICIENT_SUPPORT
x019936	x001091	preferred	1000	0.000999000999	1	0	0	INSUFFICIENT_SUPPORT
x019936	x001092	preferred	1000	0.000999000999	1	0	0	INSUFFICIENT_SUPPORT
x019936	x001399	preferred	1000	0.000999000999	1	0	0	INSUFFICIENT_SUPPORT
x019936	x002342	preferred	1000	0.000999000999	1	0	0	INSUFFICIENT_SUPPORT
x019936	x014830	preferred	1000	0.000999000999	1	0	0	INSUFFICIENT_SUPPORT
x019936	x017695	preferred	1000	0.000999000999	1	0	0	INSUFFICIENT_SUPPORT
x019936	x018879	preferred	1000	0.000999000999	1	0	0	INSUFFICIENT_SUPPORT
x019936	x020017	preferred	1000	0.000999000999	1	0	0	INSUFFICIENT_SUPPORT
x019936	x020022	preferred	1000	0.000999000999	1	0	0	INSUFFICIENT_SUPPORT
x019936	x024800	preferred	1000	0.000999000999	1	0	0	INSUFFICIENT_SUPPORT
x019936	x024803	preferred	1000	0.000999000999	1	0	0	INSUFFICIENT_SUPPORT
x019936	x024930	preferred	1000	0.000999000999	1	0	0	INSUFFICIENT_SUPPORT
x019936	x024932	preferred	1000	0.000999000999	1	0	0	INSUFFICIENT_SUPPORT
x019936	x024935	preferred	1000	0.000999000999	1	0	0	INSUFFICIENT_SUPPORT
x019936	x025395	preferred	1000	0.000999000999	1	0	0	INSUFFICIENT_SUPPORT
x019936	x025397	preferred	1000	0.000999000999	1	0	0	INSUFFICIENT_SUPPORT
x019936	x025528	preferred	1000	0.000999000999	1	0	0	INSUFFICIENT_SUPPORT
x019936	x025550	preferred	1000	0.000999000999	1	0	0	INSUFFICIENT_SUPPORT
x019936	x031705	preferred	1000	0.000999000999	1	0	0	INSUFFICIENT_SUPPORT
x019936	x032445	preferred	1000	0.000999000999	1	0	0	INSUFFICIENT_SUPPORT
x019936	x034674	preferred	1000	0.000999000999	1	0	0	INSUFFICIENT_SUPPORT
x019936	x037853	preferred	1000	0.000999000999	1	0	0	INSUFFICIENT_SUPPORT
x019936	x037856	preferred	1000	0.000999000999	1	0	0	INSUFFICIENT_SUPPORT
x019936	x038104	preferred	1000	0.000999000999	1	0	0	INSUFFICIENT_SUPPORT
x019936	x038538	preferred	1000	0.000999000999	1	0	0	INSUFFICIENT_SUPPORT
x019936	x038541	preferred	1000	0.000999000999	1	0	0	INSUFFICIENT_SUPPORT
x019936	x040638	preferred	1000	0.000999000999	1	0	0	INSUFFICIENT_SUPPORT
x019936	x041615	preferred	1000	0.000999000999	1	0	0	INSUFFICIENT_SUPPORT
x019936	x042817	preferred	1000	0.000999000999	1	0	0	INSUFFICIENT_SUPPORT
x019937	x000105	preferred	1000	0.000999000999	1	0	0	INSUFFICIENT_SUPPORT
x019937	x000107	preferred	1000	0.000999000999	1	0	0	INSUFFICIENT_SUPPORT
x019937	x000108	preferred	1000	0.000999000999	1	0	0	INSUFFICIENT_SUPPORT
x019937	x000109	preferred	1000	0.000999000999	1	0	0	INSUFFICIENT_SUPPORT
x019937	x000110	preferred	1000	0.000999000999	1	0	0	INSUFFICIENT_SUPPORT
x019937	x018501	preferred	1000	0.000999000999	1	0	0	INSUFFICIENT_SUPPORT
x019937	x018874	preferred	1000	0.000999000999	1	0	0	INSUFFICIENT_SUPPORT
x019937	x020022	preferred	1000	0.000999000999	1	0	0	INSUFFICIENT_SUPPORT
x019937	x021784	preferred	1000	0.000999000999	1	0	0	INSUFFICIENT_SUPPORT
x019937	x022523	preferred	1000	0.000999000999	1	0	0	INSUFFICIENT_SUPPORT
x019937	x024806	preferred	1000	0.000999000999	1	0	0	INSUFFICIENT_SUPPORT
x019937	x024928	preferred	1000	0.000999000999	1	0	0	INSUFFICIENT_SUPPORT
x019937	x024930	preferred	1000	0.000999000999	1	0	0	INSUFFICIENT_SUPPORT
x019937	x025551	preferred	1000	0.000999000999	1	0	0	INSUFFICIENT_SUPPORT
x019937	x037849	preferred	1000	0.000999000999	1	0	0	INSUFFICIENT_SUPPORT
x019937	x037854	preferred	1000	0.000999000999	1	0	0	INSUFFICIENT_SUPPORT
x019937	x037855	preferred	1000	0.000999000999	1	0	0	INSUFFICIENT_SUPPORT
x019937	x037857	preferred	1000	0.000999000999	1	0	0	INSUFFICIENT_SUPPORT
x019937	x037859	preferred	1000	0.000999000999	1	0	0	INSUFFICIENT_SUPPORT
x019937	x037860	preferred	1000	0.000999000999	1	0	0	INSUFFICIENT_SUPPORT
x019937	x037861	preferred	1000	0.000999000999	1	0	0	INSUFFICIENT_SUPPORT
x019937	x037862	preferred	1000	0.000999000999	1	0	0	INSUFFICIENT_SUPPORT
x019937	x037863	preferred	1000	0.000999000999	1	0	0	INSUFFICIENT_SUPPORT
x019937	x037954	preferred	1000	0.000999000999	1	0	0	INSUFFICIENT_SUPPORT
x019937	x037956	preferred	1000	0.000999000999	1	0	0	INSUFFICIENT_SUPPORT
x019937	x037959	preferred	1000	0.000999000999	1	0	0	INSUFFICIENT_SUPPORT
x019937	x038538	preferred	1000	0.000999000999	1	0	0	INSUFFICIENT_SUPPORT
x019937	x038543	preferred	1000	0.000999000999	1	0	0	INSUFFICIENT_SUPPORT
x019937	x040633	preferred	1000	0.000999000999	1	0	0	INSUFFICIENT_SUPPORT
x019937	x041445	preferred	1000	0.000999000999	1	0	0	INSUFFICIENT_SUPPORT
x019938	x000104	preferred	1000	0.000999000999	1	0	0	INSUFFICIENT_SUPPORT
x019938	x000107	preferred	1000	0.000999000999	1	0	0	INSUFFICIENT_SUPPORT
x019938	x000108	preferred	1000	0.000999000999	1	0	0	INSUFFICIENT_SUPPORT
x019938	x000110	preferred	1000	0.000999000999	1	0	0	INSUFFICIENT_SUPPORT
x019938	x000111	preferred	1000	0.000999000999	1	0	0	INSUFFICIENT_SUPPORT
x019938	x001094	preferred	1000	0.000999000999	1	0	0	INSUFFICIENT_SUPPORT
x019938	x001393	preferred	1000	0.000999000999	1	0	0	INSUFFICIENT_SUPPORT
x019938	x017414	preferred	1000	0.000999000999	1	0	0	INSUFFICIENT_SUPPORT
x019938	x020019	preferred	1000	0.000999000999	1	0	0	INSUFFICIENT_SUPPORT
x019938	x020021	preferred	1000	0.000999000999	1	0	0	INSUFFICIENT_SUPPORT
x019938	x024242	preferred	1000	0.000999000999	1	0	0	INSUFFICIENT_SUPPORT
x019938	x024246	preferred	1000	0.000999000999	1	0	0	INSUFFICIENT_SUPPORT
x019938	x024807	preferred	1000	0.000999000999	1	0	0	INSUFFICIENT_SUPPORT
x019938	x025009	preferred	1000	0.000999000999	1	0	0	INSUFFICIENT_SUPPORT
x019938	x025015	preferred	1000	0.000999000999	1	0	0	INSUFFICIENT_SUPPORT
x019938	x025395	preferred	1000	0.000999000999	1	0	0	INSUFFICIENT_SUPPORT
x019938	x025546	preferred	1000	0.000999000999	1	0	0	INSUFFICIENT_SUPPORT
x019938	x037852	preferred	1000	0.000999000999	1	0	0	INSUFFICIENT_SUPPORT
x019938	x037857	preferred	1000	0.000999000999	1	0	0	INSUFFICIENT_SUPPORT
x019938	x037858	preferred	1000	0.000999000999	1	0	0	INSUFFICIENT_SUPPORT
x019938	x037859	preferred	1000	0.000999000999	1	0	0	INSUFFICIENT_SUPPORT
x019938	x037860	preferred	1000	0.000999000999	1	0	0	INSUFFICIENT_SUPPORT
x019938	x037861	preferred	1000	0.000999000999	1	0	0	INSUFFICIENT_SUPPORT
x019938	x037862	preferred	1000	0.000999000999	1	0	0	INSUFFICIENT_SUPPORT
x019938	x038541	preferred	1000	0.000999000999	1	0	0	INSUFFICIENT_SUPPORT
x019938	x040632	preferred	1000	0.000999000999	1	0	0	INSUFFICIENT_SUPPORT
x019938	x041586	preferred	1000	0.000999000999	1	0	0	INSUFFICIENT_SUPPORT
x019939	x000104	preferred	1000	0.000999000999	1	0	0	INSUFFICIENT_SUPPORT
x019939	x000105	preferred	1000	0.000999000999	1	0	0	INSUFFICIENT_SUPPORT
x019939	x000107	preferred	1000	0.000999000999	1	0	0	INSUFFICIENT_SUPPORT
x019939	x000109	preferred	1000	0.000999000999	1	0	0	INSUFFICIENT_SUPPORT
x019939	x002107	preferred	1000	0.000999000999	1	0	0	INSUFFICIENT_SUPPORT
x019939	x002108	preferred	1000	0.000999000999	1	0	0	INSUFFICIENT_SUPPORT
x019939	x002111	preferred	1000	0.000999000999	1	0	0	INSUFFICIENT_SUPPORT
x019939	x002341	preferred	1000	0.000999000999	1	0	0	INSUFFICIENT_SUPPORT
x019939	x017675	preferred	1000	0.000999000999	1	0	0	INSUFFICIENT_SUPPORT
x019939	x017893	preferred	1000	0.000999000999	1	0	0	INSUFFICIENT_SUPPORT
x019939	x020016	preferred	1000	0.000999000999	1	0	0	INSUFFICIENT_SUPPORT
x019939	x024242	preferred	1000	0.000999000999	1	0	0	INSUFFICIENT_SUPPORT
x019939	x024801	preferred	1000	0.000999000999	1	0	0	INSUFFICIENT_SUPPORT
x019939	x024802	preferred	1000	0.000999000999	1	0	0	INSUFFICIENT_SUPPORT
x019939	x025008	preferred	1000	0.000999000999	1	0	0	INSUFFICIENT_SUPPORT
x019939	x025551	preferred	1000	0.000999000999	1	0	0	INSUFFICIENT_SUPPORT
x019939	x025660	preferred	1000	0.000999000999	1	0	0	INSUFFICIENT_SUPPORT
x019939	x031710	preferred	1000	0.000999000999	1	0	0	INSUFFICIENT_SUPPORT
x019939	x034674	preferred	1000	0.000999000999	1	0	0	INSUFFICIENT_SUPPORT
x019939	x037855	preferred	1000	0.000999000999	1	0	0	INSUFFICIENT_SUPPORT
x019939	x037857	preferred	1000	0.000999000999	1	0	0	INSUFFICIENT_SUPPORT
x019939	x037861	preferred	1000	0.000999000999	1	0	0	INSUFFICIENT_SUPPORT
x019939	x037863	preferred	1000	0.000999000999	1	0	0	INSUFFICIENT_SUPPORT
x019939	x037957	preferred	1000	0.000999000999	1	0	0	INSUFFICIENT_SUPPORT
x019939	x038109	preferred	1000	0.000999000999	1	0	0	INSUFFICIENT_SUPPORT
x019939	x040634	preferred	1000	0.000999000999	1	0	0	INSUFFICIENT_SUPPORT
x019939	x041442	preferred	1000	0.000999000999	1	0	0	INSUFFICIENT_SUPPORT
x019939	x041591	preferred	1000	0.000999000999	1	0	0	INSUFFICIENT_SUPPORT
x019940	x000107	preferred	1000	0.000999000999	1	0	0	INSUFFICIENT_SUPPORT
x019940	x000110	preferred	1000	0.000999000999	1	0	0	INSUFFICIENT_SUPPORT
x019940	x000111	preferred	1000	0.000999000999	1	0	0	INSUFFICIENT_SUPPORT
x019940	x001088	preferred	1000	0.000999000999	1	0	0	INSUFFICIENT_SUPPORT
x019940	x001399	preferred	1000	0.000999000999	1	0	0	INSUFFICIENT_SUPPORT
x019940	x002337	preferred	1000	0.000999000999	1	0	0	INSUFFICIENT_SUPPORT
x019940	x023865	preferred	1000	0.000999000999	1	0	0	INSUFFICIENT_SUPPORT
x019940	x024240	preferred	1000	0.000999000999	1	0	0	INSUFFICIENT_SUPPORT
x019940	x024800	preferred	1000	0.000999000999	1	0	0	INSUFFICIENT_SUPPORT
x019940	x024801	preferred	1000	0.000999000999	1	0	0	INSUFFICIENT_SUPPORT
x019940	x024803	preferred	1000	0.000999000999	1	0	0	INSUFFICIENT_SUPPORT
x019940	x024807	preferred	1000	0.000999000999	1	0	0	INSUFFICIENT_SUPPORT
x019940	x024928	preferred	1000	0.000999000999	1	0	0	INSUFFICIENT_SUPPORT
x019940	x024929	preferred	1000	0.000999000999	1	0	0	INSUFFICIENT_SUPPORT
x019940	x024935	preferred	1000	0.000999000999	1	0	0	INSUFFICIENT_SUPPORT
x019940	x025395	preferred	1000	0.000999000999	1	0	0	INSUFFICIENT_SUPPORT
x019940	x025397	preferred	1000	0.000999000999	1	0	0	INSUFFICIENT_SUPPORT
x019940	x025535	preferred	1000	0.000999000999	1	0	0	INSUFFICIENT_SUPPORT
x019940	x025545	preferred	1000	0.000999000999	1	0	0	INSUFFICIENT_SUPPORT
x019940	x025762	preferred	1000	0.000999000999	1	0	0	INSUFFICIENT_SUPPORT
x019940	x037852	preferred	1000	0.000999000999	1	0	0	INSUFFICIENT_SUPPORT
x019940	x037856	preferred	1000	0.000999000999	1	0	0	INSUFFICIENT_SUPPORT
x019940	x037858	preferred	1000	0.000999000999	1	0	0	INSUFFICIENT_SUPPORT
x019940	x037859	preferred	1000	0.000999000999	1	0	0	INSUFFICIENT_SUPPORT
x019940	x037860	preferred	1000	0.000999000999	1	0	0	INSUFFICIENT_SUPPORT
x019940	x037861	preferred	1000	0.000999000999	1	0	0	INSUFFICIENT_SUPPORT
x019940	x037862	preferred	1000	0.000999000999	1	0	0	INSUFFICIENT_SUPPORT
x019940	x037863	preferred	1000	0.000999000999	1	0	0	INSUFFICIENT_SUPPORT
x019940	x037952	preferred	1000	0.000999000999	1	0	0	INSUFFICIENT_SUPPORT
x019940	x040632	preferred	1000	0.000999000999	1	0	0	INSUFFICIENT_SUPPORT
x019940	x040639	preferred	1000	0.000999000999	1	0	0	INSUFFICIENT_SUPPORT
x019941	x000104	preferred	1000	0.000999000999	1	0	0	INSUFFICIENT_SUPPORT
x019941	x000105	preferred	1000	0.000999000999	1	0	0	INSUFFICIENT_SUPPORT
x019941	x000106	preferred	1000	0.000999000999	1	0	0	INSUFFICIENT_SUPPORT
x019941	x000107	preferred	1000	0.000999000999	1	0	0	INSUFFICIENT_SUPPORT
x019941	x000108	preferred	1000	0.000999000999	1	0	0	INSUFFICIENT_SUPPORT
x019941	x001092	preferred	1000	0.000999000999	1	0	0	INSUFFICIENT_SUPPORT
x019941	x001399	preferred	1000	0.000999000999	1	0	0	INSUFFICIENT_SUPPORT
x019941	x017408	preferred	1000	0.000999000999	1	0	0	INSUFFICIENT_SUPPORT
x019941	x018879	preferred	1000	0.000999000999	1	0	0	INSUFFICIENT_SUPPORT
x019941	x020016	preferred	1000	0.000999000999	1	0	0	INSUFFICIENT_SUPPORT
x019941	x024801	preferred	1000	0.000999000999	1	0	0	INSUFFICIENT_SUPPORT
x019941	x024805	preferred	1000	0.000999000999	1	0	0	INSUFFICIENT_SUPPORT
x019941	x024930	preferred	1000	0.000999000999	1	0	0	INSUFFICIENT_SUPPORT
x019941	x024932	preferred	1000	0.000999000999	1	0	0	INSUFFICIENT_SUPPORT
x019941	x024934	preferred	1000	0.000999000999	1	0	0	INSUFFICIENT_SUPPORT
x019941	x024935	preferred	1000	0.000999000999	1	0	0	INSUFFICIENT_SUPPORT
x019941	x033100	preferred	1000	0.000999000999	1	0	0	INSUFFICIENT_SUPPORT
x019941	x034496	preferred	1000	0.000999000999	1	0	0	INSUFFICIENT_SUPPORT
x019941	x037848	preferred	1000	0.000999000999	1	0	0	INSUFFICIENT_SUPPORT
x019941	x037851	preferred	1000	0.000999000999	1	0	0	INSUFFICIENT_SUPPORT
x019941	x037852	preferred	1000	0.000999000999	1	0	0	INSUFFICIENT_SUPPORT
x019941	x037856	preferred	1000	0.000999000999	1	0	0	INSUFFICIENT_SUPPORT
x019941	x037857	preferred	1000	0.000999000999	1	0	0	INSUFFICIENT_SUPPORT
x019941	x037860	preferred	1000	0.000999000999	1	0	0	INSUFFICIENT_SUPPORT
x019941	x037862	preferred	1000	0.000999000999	1	0	0	INSUFFICIENT_SUPPORT
x019941	x037863	preferred	1000	0.000999000999	1	0	0	INSUFFICIENT_SUPPORT
x019941	x037957	preferred	1000	0.000999000999	1	0	0	INSUFFICIENT_SUPPORT
x019941	x037958	preferred	1000	0.000999000999	1	0	0	INSUFFICIENT_SUPPORT
x019941	x041440	preferred	1000	0.000999000999	1	0	0	INSUFFICIENT_SUPPORT
x019941	x041442	preferred	1000	0.000999000999	1	0	0	INSUFFICIENT_SUPPORT
x019941	x041535	preferred	1000	0.000999000999	1	0	0	INSUFFICIENT_SUPPORT
x019941	x042822	preferred	1000	0.000999000999	1	0	0	INSUFFICIENT_SUPPORT
x019942	x000104	preferred	1000	0.02297702298	1	1	1	INSUFFICIENT_SUPPORT
x019942	x000105	preferred	1000	0.03196803197	1	1	1	INSUFFICIENT_SUPPORT
x019942	x000106	preferred	1000	1	1	0	1	INSUFFICIENT_SUPPORT
x019942	x000107	depleted	1000	0.996003996	1	1	1	INSUFFICIENT_SUPPORT
x019942	x000108	preferred	1000	1	1	0	1	INSUFFICIENT_SUPPORT
x019942	x000109	preferred	1000	0.03396603397	1	1	1	INSUFFICIENT_SUPPORT
x019942	x000110	depleted	1000	0.963036963	1	0	1	INSUFFICIENT_SUPPORT
x019942	x000111	depleted	1000	0.985014985	1	0	1	INSUFFICIENT_SUPPORT
x019942	x001089	preferred	1000	1	1	0	1	INSUFFICIENT_SUPPORT
x019942	x001090	preferred	1000	1	1	0	1	INSUFFICIENT_SUPPORT
x019942	x002343	preferred	1000	1	1	0	1	INSUFFICIENT_SUPPORT
x019942	x024243	preferred	1000	0.00999000999	1	1	1	INSUFFICIENT_SUPPORT
x019942	x024244	preferred	1000	1	1	0	1	INSUFFICIENT_SUPPORT
x019942	x024803	depleted	1000	1	1	0	1	INSUFFICIENT_SUPPORT
x019942	x024806	preferred	1000	1	1	0	1	INSUFFICIENT_SUPPORT
x019942	x024932	depleted	1000	0.985014985	1	0	1	INSUFFICIENT_SUPPORT
x019942	x024935	depleted	1000	0.968031968	1	0	1	INSUFFICIENT_SUPPORT
x019942	x025014	preferred	1000	1	1	0	1	INSUFFICIENT_SUPPORT
x019942	x025393	depleted	1000	1	1	0	1	INSUFFICIENT_SUPPORT
x019942	x025552	depleted	1000	0.971028971	1	0	1	INSUFFICIENT_SUPPORT
x019942	x025784	preferred	1000	1	1	0	1	INSUFFICIENT_SUPPORT
x019942	x037850	depleted	1000	0.978021978	1	0	1	INSUFFICIENT_SUPPORT
x019942	x037851	depleted	1000	1	1	0	1	INSUFFICIENT_SUPPORT
x019942	x037860	depleted	1000	0.9290709291	1	0	1	INSUFFICIENT_SUPPORT
x019942	x037863	depleted	1000	0.978021978	1	0	1	INSUFFICIENT_SUPPORT
x019942	x038106	depleted	1000	0.978021978	1	0	1	INSUFFICIENT_SUPPORT
x019942	x042823	preferred	1000	1	1	0	1	INSUFFICIENT_SUPPORT
x019943	x000108	depleted	1000	0.99000999	1	0	1	INSUFFICIENT_SUPPORT
x019943	x000109	depleted	1000	0.97002997	1	0	1	INSUFFICIENT_SUPPORT
x019943	x000111	depleted	1000	1	1	1	1	INSUFFICIENT_SUPPORT
x019943	x001091	preferred	1000	1	1	0	1	INSUFFICIENT_SUPPORT
x019943	x001093	preferred	1000	1	1	0	1	INSUFFICIENT_SUPPORT
x019943	x001396	preferred	1000	1	1	0	1	INSUFFICIENT_SUPPORT
x019943	x001430	depleted	1000	1	1	0	1	INSUFFICIENT_SUPPORT
x019943	x002110	preferred	1000	0.01398601399	1	1	1	INSUFFICIENT_SUPPORT
x019943	x002111	preferred	1000	0.01598401598	1	1	1	INSUFFICIENT_SUPPORT
x019943	x002339	preferred	1000	1	1	0	1	INSUFFICIENT_SUPPORT
x019943	x018501	depleted	1000	0.985014985	1	0	1	INSUFFICIENT_SUPPORT
x019943	x023865	preferred	1000	1	1	0	1	INSUFFICIENT_SUPPORT
x019943	x024243	depleted	1000	0.975024975	1	0	1	INSUFFICIENT_SUPPORT
x019943	x024247	preferred	1000	0.01398601399	1	1	1	INSUFFICIENT_SUPPORT
x019943	x024802	preferred	1000	1	1	0	1	INSUFFICIENT_SUPPORT
x019943	x024803	preferred	1000	1	1	0	1	INSUFFICIENT_SUPPORT
x019943	x024806	preferred	1000	1	1	0	1	INSUFFICIENT_SUPPORT
x019943	x024928	preferred	1000	1	1	0	1	INSUFFICIENT_SUPPORT
x019943	x025398	depleted	1000	1	1	0	1	INSUFFICIENT_SUPPORT
x019943	x025399	depleted	1000	0.988011988	1	0	1	INSUFFICIENT_SUPPORT
x019943	x025552	preferred	1000	1	1	0	1	INSUFFICIENT_SUPPORT
x019943	x034498	preferred	1000	0.02497502498	1	1	1	INSUFFICIENT_SUPPORT
x019943	x037858	depleted	1000	0.9160839161	1	0	1	INSUFFICIENT_SUPPORT
x019943	x037860	depleted	1000	0.986013986	1	0	1	INSUFFICIENT_SUPPORT
x019943	x037863	depleted	1000	0.9460539461	1	0	1	INSUFFICIENT_SUPPORT
x020016	x001088	preferred	1000	1	1	0	1	INSUFFICIENT_SUPPORT
x020016	x002107	depleted	1000	1	1	0	1	INSUFFICIENT_SUPPORT
x020016	x002341	preferred	1000	1	1	0	1	INSUFFICIENT_SUPPORT
x020016	x005079	preferred	1000	1	1	0	1	INSUFFICIENT_SUPPORT
x020016	x008315	preferred	1000	1	1	0	1	INSUFFICIENT_SUPPORT
x020016	x017409	preferred	1000	0.01698301698	1	1	1	INSUFFICIENT_SUPPORT
x020016	x017412	preferred	1000	1	1	0	1	INSUFFICIENT_SUPPORT
x020016	x018498	depleted	1000	0.974025974	1	0	1	INSUFFICIENT_SUPPORT
x020016	x018874	preferred	1000	1	1	0	1	INSUFFICIENT_SUPPORT
x020016	x018877	depleted	1000	0.988011988	1	0	1	INSUFFICIENT_SUPPORT
x020016	x019936	depleted	1000	0.988011988	1	0	1	INSUFFICIENT_SUPPORT
x020016	x019937	depleted	1000	0.987012987	1	0	1	INSUFFICIENT_SUPPORT
x020016	x019938	depleted	1000	0.987012987	1	0	1	INSUFFICIENT_SUPPORT
x020016	x019940	depleted	1000	0.987012987	1	0	1	INSUFFICIENT_SUPPORT
x020016	x019941	depleted	1000	0.981018981	1	0	1	INSUFFICIENT_SUPPORT
x020016	x019942	depleted	1000	0.983016983	1	0	1	INSUFFICIENT_SUPPORT
x020016	x019943	preferred	1000	0.02097902098	1	1	1	INSUFFICIENT_SUPPORT
x020016	x020020	preferred	1000	1	1	0	1	INSUFFICIENT_SUPPORT
x020016	x024243	depleted	1000	1	1	0	1	INSUFFICIENT_SUPPORT
x020016	x024800	depleted	1000	0.991008991	1	0	1	INSUFFICIENT_SUPPORT
x020016	x024804	preferred	1000	1	1	0	1	INSUFFICIENT_SUPPORT
x020016	x024934	preferred	1000	1	1	0	1	INSUFFICIENT_SUPPORT
x020016	x025529	preferred	1000	1	1	0	1	INSUFFICIENT_SUPPORT
x020016	x025785	preferred	1000	1	1	0	1	INSUFFICIENT_SUPPORT
x020016	x031616	preferred	1000	1	1	0	1	INSUFFICIENT_SUPPORT
x020016	x031619	preferred	1000	1	1	0	1	INSUFFICIENT_SUPPORT
x020016	x031620	preferred	1000	0.008991008991	1	1	1	INSUFFICIENT_SUPPORT
x020016	x031704	preferred	1000	1	1	0	1	INSUFFICIENT_SUPPORT
x020016	x034503	preferred	1000	1	1	0	1	INSUFFICIENT_SUPPORT
x020016	x037851	depleted	1000	0.99000999	1	0	1	INSUFFICIENT_SUPPORT
x020016	x038540	depleted	1000	0.982017982	1	0	1	INSUFFICIENT_SUPPORT
x020016	x040209	preferred	1000	1	1	0	1	INSUFFICIENT_SUPPORT
x020016	x041112	depleted	1000	0.989010989	1	0	1	INSUFFICIENT_SUPPORT
x020016	x041113	depleted	1000	0.986013986	1	0	1	INSUFFICIENT_SUPPORT
x020016	x041114	preferred	1000	1	1	0	1	INSUFFICIENT_SUPPORT
x020016	x041116	depleted	1000	0.987012987	1	0	1	INSUFFICIENT_SUPPORT
x020016	x041117	preferred	1000	1	1	0	1	INSUFFICIENT_SUPPORT
x020016	x041118	preferred	1000	0.02897102897	1	1	1	INSUFFICIENT_SUPPORT
x020016	x041119	depleted	1000	0.988011988	1	0	1	INSUFFICIENT_SUPPORT
x020016	x041938	preferred	1000	1	1	0	1	INSUFFICIENT_SUPPORT
x020016	x042469	preferred	1000	1	1	0	1	INSUFFICIENT_SUPPORT
x020016	x042471	preferred	1000	1	1	0	1	INSUFFICIENT_SUPPORT
x020017	x000164	preferred	1000	1	1	0	1	INSUFFICIENT_SUPPORT
x020017	x001094	preferred	1000	1	1	0	1	INSUFFICIENT_SUPPORT
x020017	x002104	preferred	1000	1	1	0	1	INSUFFICIENT_SUPPORT
x020017	x002106	depleted	1000	1	1	0	1	INSUFFICIENT_SUPPORT
x020017	x002337	preferred	1000	1	1	0	1	INSUFFICIENT_SUPPORT
x020017	x005108	preferred	1000	1	1	0	1	INSUFFICIENT_SUPPORT
x020017	x005252	preferred	1000	1	1	0	1	INSUFFICIENT_SUPPORT
x020017	x015280	preferred	1000	1	1	0	1	INSUFFICIENT_SUPPORT
x020017	x017411	preferred	1000	1	1	0	1	INSUFFICIENT_SUPPORT
x020017	x017415	preferred	1000	1	1	0	1	INSUFFICIENT_SUPPORT
x020017	x017895	preferred	1000	1	1	0	1	INSUFFICIENT_SUPPORT
x020017	x018497	depleted	1000	0.983016983	1	0	1	INSUFFICIENT_SUPPORT
x020017	x018498	depleted	1000	0.954045954	1	0	1	INSUFFICIENT_SUPPORT
x020017	x018502	depleted	1000	0.968031968	1	0	1	INSUFFICIENT_SUPPORT
x020017	x018565	depleted	1000	0.978021978	1	0	1	INSUFFICIENT_SUPPORT
x020017	x018873	preferred	1000	1	1	0	1	INSUFFICIENT_SUPPORT
x020017	x019936	depleted	1000	0.994005994	1	0	1	INSUFFICIENT_SUPPORT
x020017	x019937	preferred	1000	0.007992007992	1	1	1	INSUFFICIENT_SUPPORT
x020017	x019938	preferred	1000	1	1	0	1	INSUFFICIENT_SUPPORT
x020017	x019939	preferred	1000	1	1	0	1	INSUFFICIENT_SUPPORT
x020017	x019940	preferred	1000	1	1	0	1	INSUFFICIENT_SUPPORT
x020017	x019942	preferred	1000	1	1	0	1	INSUFFICIENT_SUPPORT
x020017	x019943	preferred	1000	1	1	0	1	INSUFFICIENT_SUPPORT
x020017	x020020	preferred	1000	1	1	0	1	INSUFFICIENT_SUPPORT
x020017	x021566	preferred	1000	1	1	0	1	INSUFFICIENT_SUPPORT
x020017	x022927	preferred	1000	1	1	0	1	INSUFFICIENT_SUPPORT
x020017	x024243	preferred	1000	1	1	0	1	INSUFFICIENT_SUPPORT
x020017	x025533	preferred	1000	1	1	0	1	INSUFFICIENT_SUPPORT
x020017	x025787	preferred	1000	1	1	0	1	INSUFFICIENT_SUPPORT
x020017	x025891	preferred	1000	1	1	0	1	INSUFFICIENT_SUPPORT
x020017	x031620	preferred	1000	0.01398601399	1	1	1	INSUFFICIENT_SUPPORT
x020017	x031621	preferred	1000	1	1	0	1	INSUFFICIENT_SUPPORT
x020017	x031623	preferred	1000	1	1	0	1	INSUFFICIENT_SUPPORT
x020017	x037863	depleted	1000	0.974025974	1	0	1	INSUFFICIENT_SUPPORT
x020017	x037912	preferred	1000	1	1	0	1	INSUFFICIENT_SUPPORT
x020017	x037952	preferred	1000	1	1	0	1	INSUFFICIENT_SUPPORT
x020017	x037958	preferred	1000	1	1	0	1	INSUFFICIENT_SUPPORT
x020017	x038537	depleted	1000	0.994005994	1	0	1	INSUFFICIENT_SUPPORT
x020017	x038542	preferred	1000	1	1	0	1	INSUFFICIENT_SUPPORT
x020017	x041112	depleted	1000	0.981018981	1	0	1	INSUFFICIENT_SUPPORT
x020017	x041113	preferred	1000	1	1	0	1	INSUFFICIENT_SUPPORT
x020017	x041117	preferred	1000	1	1	0	1	INSUFFICIENT_SUPPORT
x020017	x041118	depleted	1000	0.98001998	1	0	1	INSUFFICIENT_SUPPORT
x020017	x041466	preferred	1000	1	1	0	1	INSUFFICIENT_SUPPORT
x020017	x041467	preferred	1000	1	1	0	1	INSUFFICIENT_SUPPORT
x020017	x041585	preferred	1000	1	1	0	1	INSUFFICIENT_SUPPORT
x020017	x042106	preferred	1000	1	1	0	1	INSUFFICIENT_SUPPORT
x020017	x042109	preferred	1000	1	1	0	1	INSUFFICIENT_SUPPORT
x020017	x042466	preferred	1000	1	1	0	1	INSUFFICIENT_SUPPORT
x020017	x042467	preferred	1000	1	1	0	1	INSUFFICIENT_SUPPORT
x020017	x042469	preferred	1000	1	1	0	1	INSUFFICIENT_SUPPORT
x020018	x001426	preferred	1000	0.000999000999	1	0	0	INSUFFICIENT_SUPPORT
x020018	x001428	preferred	1000	0.000999000999	1	0	0	INSUFFICIENT_SUPPORT
x020018	x001430	preferred	1000	0.000999000999	1	0	0	INSUFFICIENT_SUPPORT
x020018	x002109	preferred	1000	0.000999000999	1	0	0	INSUFFICIENT_SUPPORT
x020018	x002339	preferred	1000	0.000999000999	1	0	0	INSUFFICIENT_SUPPORT
x020018	x002340	preferred	1000	0.000999000999	1	0	0	INSUFFICIENT_SUPPORT
x020018	x005076	preferred	1000	0.000999000999	1	0	0	INSUFFICIENT_SUPPORT
x020018	x005079	preferred	1000	0.000999000999	1	0	0	INSUFFICIENT_SUPPORT
x020018	x014824	preferred	1000	0.000999000999	1	0	0	INSUFFICIENT_SUPPORT
x020018	x015283	preferred	1000	0.000999000999	1	0	0	INSUFFICIENT_SUPPORT
x020018	x018500	preferred	1000	0.000999000999	1	0	0	INSUFFICIENT_SUPPORT
x020018	x018503	preferred	1000	0.000999000999	1	0	0	INSUFFICIENT_SUPPORT
x020018	x018876	preferred	1000	0.000999000999	1	0	0	INSUFFICIENT_SUPPORT
x020018	x019936	preferred	1000	0.000999000999	1	0	0	INSUFFICIENT_SUPPORT
x020018	x019937	preferred	1000	0.000999000999	1	0	0	INSUFFICIENT_SUPPORT
x020018	x019938	preferred	1000	0.000999000999	1	0	0	INSUFFICIENT_SUPPORT
x020018	x019939	preferred	1000	0.000999000999	1	0	0	INSUFFICIENT_SUPPORT
x020018	x019940	preferred	1000	0.000999000999	1	0	0	INSUFFICIENT_SUPPORT
x020018	x019941	preferred	1000	0.000999000999	1	0	0	INSUFFICIENT_SUPPORT
x020018	x019942	preferred	1000	0.000999000999	1	0	0	INSUFFICIENT_SUPPORT
x020018	x019943	preferred	1000	0.000999000999	1	0	0	INSUFFICIENT_SUPPORT
x020018	x024241	preferred	1000	0.000999000999	1	0	0	INSUFFICIENT_SUPPORT
x020018	x024804	preferred	1000	0.000999000999	1	0	0	INSUFFICIENT_SUPPORT
x020018	x025888	preferred	1000	0.000999000999	1	0	0	INSUFFICIENT_SUPPORT
x020018	x031623	preferred	1000	0.000999000999	1	0	0	INSUFFICIENT_SUPPORT
x020018	x034246	preferred	1000	0.000999000999	1	0	0	INSUFFICIENT_SUPPORT
x020018	x034675	preferred	1000	0.000999000999	1	0	0	INSUFFICIENT_SUPPORT
x020018	x037855	preferred	1000	0.000999000999	1	0	0	INSUFFICIENT_SUPPORT
x020018	x037863	preferred	1000	0.000999000999	1	0	0	INSUFFICIENT_SUPPORT
x020018	x038536	preferred	1000	0.000999000999	1	0	0	INSUFFICIENT_SUPPORT
x020018	x038541	preferred	1000	0.000999000999	1	0	0	INSUFFICIENT_SUPPORT
x020018	x041112	preferred	1000	0.000999000999	1	0	0	INSUFFICIENT_SUPPORT
x020018	x041113	preferred	1000	0.000999000999	1	0	0	INSUFFICIENT_SUPPORT
x020018	x041115	preferred	1000	0.000999000999	1	0	0	INSUFFICIENT_SUPPORT
x020018	x041117	preferred	1000	0.000999000999	1	0	0	INSUFFICIENT_SUPPORT
x020018	x041118	preferred	1000	0.000999000999	1	0	0	INSUFFICIENT_SUPPORT
x020018	x041119	preferred	1000	0.000999000999	1	0	0	INSUFFICIENT_SUPPORT
x020018	x041465	preferred	1000	0.000999000999	1	0	0	INSUFFICIENT_SUPPORT
x020018	x041469	preferred	1000	0.000999000999	1	0	0	INSUFFICIENT_SUPPORT
x020018	x041591	preferred	1000	0.000999000999	1	0	0	INSUFFICIENT_SUPPORT
x020018	x042105	preferred	1000	0.000999000999	1	0	0	INSUFFICIENT_SUPPORT
x020018	x042465	preferred	1000	0.000999000999	1	0	0	INSUFFICIENT_SUPPORT
x020018	x042467	preferred	1000	0.000999000999	1	0	0	INSUFFICIENT_SUPPORT
x020018	x042468	preferred	1000	0.000999000999	1	0	0	INSUFFICIENT_SUPPORT
x020019	x000107	depleted	1000	0.9420579421	1	0	1	INSUFFICIENT_SUPPORT
x020019	x001424	depleted	1000	1	1	0	1	INSUFFICIENT_SUPPORT
x020019	x001429	depleted	1000	1	1	0	1	INSUFFICIENT_SUPPORT
x020019	x002106	preferred	1000	1	1	0	1	INSUFFICIENT_SUPPORT
x020019	x002107	depleted	1000	0.983016983	1	0	1	INSUFFICIENT_SUPPORT
x020019	x002337	preferred	1000	1	1	0	1	INSUFFICIENT_SUPPORT
x020019	x005073	depleted	1000	0.981018981	1	0	1	INSUFFICIENT_SUPPORT
x020019	x005078	depleted	1000	1	1	0	1	INSUFFICIENT_SUPPORT
x020019	x005236	preferred	1000	1	1	0	1	INSUFFICIENT_SUPPORT
x020019	x014825	preferred	1000	1	1	0	1	INSUFFICIENT_SUPPORT
x020019	x014828	depleted	1000	0.986013986	1	0	1	INSUFFICIENT_SUPPORT
x020019	x015282	depleted	1000	0.983016983	1	0	1	INSUFFICIENT_SUPPORT
x020019	x016898	preferred	1000	1	1	0	1	INSUFFICIENT_SUPPORT
x020019	x016902	preferred	1000	1	1	0	1	INSUFFICIENT_SUPPORT
x020019	x016903	depleted	1000	0.972027972	1	0	1	INSUFFICIENT_SUPPORT
x020019	x017289	depleted	1000	0.988011988	1	0	1	INSUFFICIENT_SUPPORT
x020019	x017294	preferred	1000	1	1	0	1	INSUFFICIENT_SUPPORT
x020019	x018496	depleted	1000	1	1	0	1	INSUFFICIENT_SUPPORT
x020019	x018497	preferred	1000	0.01798201798	1	1	1	INSUFFICIENT_SUPPORT
x020019	x018502	preferred	1000	0.03796203796	1	1	1	INSUFFICIENT_SUPPORT
x020019	x018873	depleted	1000	1	1	1	1	INSUFFICIENT_SUPPORT
x020019	x018874	depleted	1000	1	1	0	1	INSUFFICIENT_SUPPORT
x020019	x019712	preferred	1000	1	1	0	1	INSUFFICIENT_SUPPORT
x020019	x019936	depleted	1000	0.993006993	1	0	1	INSUFFICIENT_SUPPORT
x020019	x019937	depleted	1000	0.975024975	1	0	1	INSUFFICIENT_SUPPORT
x020019	x019938	depleted	1000	0.984015984	1	0	1	INSUFFICIENT_SUPPORT
x020019	x019939	depleted	1000	1	1	0	1	INSUFFICIENT_SUPPORT
x020019	x019940	depleted	1000	0.969030969	1	0	1	INSUFFICIENT_SUPPORT
x020019	x019941	depleted	1000	0.981018981	1	0	1	INSUFFICIENT_SUPPORT
x020019	x019942	preferred	1000	1	1	0	1	INSUFFICIENT_SUPPORT
x020019	x020022	depleted	1000	1	1	0	1	INSUFFICIENT_SUPPORT
x020019	x025890	preferred	1000	1	1	0	1	INSUFFICIENT_SUPPORT
x020019	x031618	preferred	1000	1	1	0	1	INSUFFICIENT_SUPPORT
x020019	x031706	depleted	1000	1	1	0	1	INSUFFICIENT_SUPPORT
x020019	x037862	depleted	1000	0.967032967	1	0	1	INSUFFICIENT_SUPPORT
x020019	x038538	depleted	1000	1	1	0	1	INSUFFICIENT_SUPPORT
x020019	x038539	preferred	1000	1	1	0	1	INSUFFICIENT_SUPPORT
x020019	x038540	depleted	1000	1	1	0	1	INSUFFICIENT_SUPPORT
x020019	x040209	depleted	1000	1	1	0	1	INSUFFICIENT_SUPPORT
x020019	x041112	depleted	1000	0.992007992	1	0	1	INSUFFICIENT_SUPPORT
x020019	x041113	depleted	1000	1	1	0	1	INSUFFICIENT_SUPPORT
x020019	x041114	depleted	1000	0.98001998	1	0	1	INSUFFICIENT_SUPPORT
x020019	x041115	preferred	1000	1	1	0	1	INSUFFICIENT_SUPPORT
x020019	x041116	depleted	1000	0.974025974	1	0	1	INSUFFICIENT_SUPPORT
x020019	x041117	preferred	1000	1	1	0	1	INSUFFICIENT_SUPPORT
x020019	x041119	depleted	1000	0.984015984	1	0	1	INSUFFICIENT_SUPPORT
x020019	x041530	preferred	1000	1	1	0	1	INSUFFICIENT_SUPPORT
x020019	x041533	preferred	1000	1	1	0	1	INSUFFICIENT_SUPPORT
x020019	x042106	depleted	1000	0.984015984	1	0	1	INSUFFICIENT_SUPPORT
x020019	x042467	preferred	1000	1	1	0	1	INSUFFICIENT_SUPPORT
x020019	x042471	preferred	1000	1	1	0	1	INSUFFICIENT_SUPPORT
x020020	x001092	preferred	1000	1	1	0	0.5209848937	EXPECTED_FROM_NULL
x020020	x001094	preferred	1000	1	1	0	0.6435686167	EXPECTED_FROM_NULL
x020020	x001429	depleted	1000	1	1	0	0.4411026758	EXPECTED_FROM_NULL
x020020	x001431	preferred	1000	1	1	0	0.9604159565	EXPECTED_FROM_NULL
x020020	x002339	preferred	1000	0.01798201798	0.2517482517	1	0.5089441136	EXPECTED_FROM_NULL
x020020	x011182	preferred	1000	1	1	0	0.9215616214	EXPECTED_FROM_NULL
x020020	x014827	preferred	1000	1	1	0	0.9604159565	EXPECTED_FROM_NULL
x020020	x015287	preferred	1000	0.01798201798	0.2517482517	1	0.5209848937	EXPECTED_FROM_NULL
x020020	x016903	depleted	1000	0.9100899101	1	0	0.4011909467	EXPECTED_FROM_NULL
x020020	x017294	preferred	1000	0.01498501499	0.2517482517	1	0.3452943072	EXPECTED_FROM_NULL
x020020	x017410	preferred	1000	1	1	0	0.9604159565	EXPECTED_FROM_NULL
x020020	x017993	preferred	1000	1	1	0	0.5209848937	EXPECTED_FROM_NULL
x020020	x018877	depleted	1000	0.99000999	1	1	0.6616783045	EXPECTED_FROM_NULL
x020020	x018879	preferred	1000	1	1	0	0.6706329345	EXPECTED_FROM_NULL
x020020	x019936	preferred	1000	1	1	0	0.6706329345	EXPECTED_FROM_NULL
x020020	x019937	depleted	1000	0.966033966	1	0	0.4298278153	EXPECTED_FROM_NULL
x020020	x019938	depleted	1000	0.9320679321	1	0	0.6401000822	EXPECTED_FROM_NULL
x020020	x019939	preferred	1000	1	1	0	0.9128965529	EXPECTED_FROM_NULL
x020020	x019940	preferred	1000	0.02397602398	0.2517482517	1	0.6706329345	EXPECTED_FROM_NULL
x020020	x019941	preferred	1000	0.02397602398	0.2517482517	1	0.8502112467	EXPECTED_FROM_NULL
x020020	x019942	preferred	1000	1	1	0	0.9336636992	EXPECTED_FROM_NULL
x020020	x019943	preferred	1000	0.02097902098	0.2517482517	1	0.5619970801	EXPECTED_FROM_NULL
x020020	x020023	depleted	1000	0.961038961	1	0	0.5415260674	EXPECTED_FROM_NULL
x020020	x022927	preferred	1000	1	1	0	0.5160862849	EXPECTED_FROM_NULL
x020020	x024928	depleted	1000	0.956043956	1	0	0.8350058396	EXPECTED_FROM_NULL
x020020	x025530	preferred	1000	1	1	0	0.3452943072	EXPECTED_FROM_NULL
x020020	x025553	preferred	1000	1	1	0	0.3452943072	EXPECTED_FROM_NULL
x020020	x031616	depleted	1000	1	1	0	0.6616783045	EXPECTED_FROM_NULL
x020020	x037859	depleted	1000	0.963036963	1	0	0.6508853234	EXPECTED_FROM_NULL
x020020	x037915	preferred	1000	1	1	0	0.3452943072	EXPECTED_FROM_NULL
x020020	x038539	preferred	1000	0.02497502498	0.254850783	1	0.8246492753	EXPECTED_FROM_NULL
x020020	x040215	preferred	1000	1	1	0	0.5209848937	EXPECTED_FROM_NULL
x020020	x041112	preferred	1000	1	1	0	0.9604159565	EXPECTED_FROM_NULL
x020020	x041113	preferred	1000	1	1	0	0.6435686167	EXPECTED_FROM_NULL
x020020	x041114	preferred	1000	1	1	0	0.4850240661	EXPECTED_FROM_NULL
x020020	x041115	preferred	1000	1	1	0	0.6435686167	EXPECTED_FROM_NULL
x020020	x041116	preferred	1000	0.05494505495	0.3085867621	1	0.5289621416	EXPECTED_FROM_NULL
x020020	x041117	preferred	1000	0.02697302697	0.2554504319	0.5	0.5921565844	EXPECTED_FROM_NULL
x020020	x041119	preferred	1000	0.02397602398	0.2517482517	1	0.5209848937	EXPECTED_FROM_NULL
x020020	x041258	preferred	1000	1	1	0	0.5160862849	EXPECTED_FROM_NULL
x020020	x041938	preferred	1000	1	1	0	0.4850240661	EXPECTED_FROM_NULL
x020020	x041939	preferred	1000	0.01898101898	0.2517482517	1	0.3452943072	EXPECTED_FROM_NULL
x020020	x042464	preferred	1000	1	1	0	0.5209848937	EXPECTED_FROM_NULL
x020020	x042470	preferred	1000	1	1	1	0.4056551881	EXPECTED_FROM_NULL
x020020	x042471	preferred	1000	1	1	0	0.3452943072	EXPECTED_FROM_NULL
x020021	x000109	preferred	1000	0.000999000999	1	0	0	INSUFFICIENT_SUPPORT
x020021	x001090	preferred	1000	0.000999000999	1	0	0	INSUFFICIENT_SUPPORT
x020021	x001425	preferred	1000	0.000999000999	1	0	0	INSUFFICIENT_SUPPORT
x020021	x001426	preferred	1000	0.000999000999	1	0	0	INSUFFICIENT_SUPPORT
x020021	x001428	preferred	1000	0.000999000999	1	0	0	INSUFFICIENT_SUPPORT
x020021	x001430	preferred	1000	0.000999000999	1	0	0	INSUFFICIENT_SUPPORT
x020021	x002107	preferred	1000	0.000999000999	1	0	0	INSUFFICIENT_SUPPORT
x020021	x002337	preferred	1000	0.000999000999	1	0	0	INSUFFICIENT_SUPPORT
x020021	x002343	preferred	1000	0.000999000999	1	0	0	INSUFFICIENT_SUPPORT
x020021	x005109	preferred	1000	0.000999000999	1	0	0	INSUFFICIENT_SUPPORT
x020021	x008315	preferred	1000	0.000999000999	1	0	0	INSUFFICIENT_SUPPORT
x020021	x014831	preferred	1000	0.000999000999	1	0	0	INSUFFICIENT_SUPPORT
x020021	x017289	preferred	1000	0.000999000999	1	0	0	INSUFFICIENT_SUPPORT
x020021	x017412	preferred	1000	0.000999000999	1	0	0	INSUFFICIENT_SUPPORT
x020021	x018500	preferred	1000	0.000999000999	1	0	0	INSUFFICIENT_SUPPORT
x020021	x018501	preferred	1000	0.000999000999	1	0	0	INSUFFICIENT_SUPPORT
x020021	x018503	preferred	1000	0.000999000999	1	0	0	INSUFFICIENT_SUPPORT
x020021	x018873	preferred	1000	0.000999000999	1	0	0	INSUFFICIENT_SUPPORT
x020021	x019712	preferred	1000	0.000999000999	1	0	0	INSUFFICIENT_SUPPORT
x020021	x019936	preferred	1000	0.000999000999	1	0	0	INSUFFICIENT_SUPPORT
x020021	x019937	preferred	1000	0.000999000999	1	0	0	INSUFFICIENT_SUPPORT
x020021	x019938	preferred	1000	0.000999000999	1	0	0	INSUFFICIENT_SUPPORT
x020021	x019939	preferred	1000	0.000999000999	1	0	0	INSUFFICIENT_SUPPORT
x020021	x019941	preferred	1000	0.000999000999	1	0	0	INSUFFICIENT_SUPPORT
x020021	x019942	preferred	1000	0.000999000999	1	0	0	INSUFFICIENT_SUPPORT
x020021	x019943	preferred	1000	0.000999000999	1	0	0	INSUFFICIENT_SUPPORT
x020021	x020017	preferred	1000	0.000999000999	1	0	0	INSUFFICIENT_SUPPORT
x020021	x020020	preferred	1000	0.000999000999	1	0	0	INSUFFICIENT_SUPPORT
x020021	x021562	preferred	1000	0.000999000999	1	0	0	INSUFFICIENT_SUPPORT
x020021	x025528	preferred	1000	0.000999000999	1	0	0	INSUFFICIENT_SUPPORT
x020021	x025534	preferred	1000	0.000999000999	1	0	0	INSUFFICIENT_SUPPORT
x020021	x025789	preferred	1000	0.000999000999	1	0	0	INSUFFICIENT_SUPPORT
x020021	x025889	preferred	1000	0.000999000999	1	0	0	INSUFFICIENT_SUPPORT
x020021	x031705	preferred	1000	0.000999000999	1	0	0	INSUFFICIENT_SUPPORT
x020021	x031707	preferred	1000	0.000999000999	1	0	0	INSUFFICIENT_SUPPORT
x020021	x038536	preferred	1000	0.000999000999	1	0	0	INSUFFICIENT_SUPPORT
x020021	x038537	preferred	1000	0.000999000999	1	0	0	INSUFFICIENT_SUPPORT
x020021	x038541	preferred	1000	0.000999000999	1	0	0	INSUFFICIENT_SUPPORT
x020021	x040209	preferred	1000	0.000999000999	1	0	0	INSUFFICIENT_SUPPORT
x020021	x040215	preferred	1000	0.000999000999	1	0	0	INSUFFICIENT_SUPPORT
x020021	x041112	preferred	1000	0.000999000999	1	0	0	INSUFFICIENT_SUPPORT
x020021	x041113	preferred	1000	0.000999000999	1	0	0	INSUFFICIENT_SUPPORT
x020021	x041114	preferred	1000	0.000999000999	1	0	0	INSUFFICIENT_SUPPORT
x020021	x041115	preferred	1000	0.000999000999	1	0	0	INSUFFICIENT_SUPPORT
x020021	x041116	preferred	1000	0.000999000999	1	0	0	INSUFFICIENT_SUPPORT
x020021	x041117	preferred	1000	0.000999000999	1	0	0	INSUFFICIENT_SUPPORT
x020021	x041118	preferred	1000	0.000999000999	1	0	0	INSUFFICIENT_SUPPORT
x020021	x041119	preferred	1000	0.000999000999	1	0	0	INSUFFICIENT_SUPPORT
x020021	x041262	preferred	1000	0.000999000999	1	0	0	INSUFFICIENT_SUPPORT
x020021	x041535	preferred	1000	0.000999000999	1	0	0	INSUFFICIENT_SUPPORT
x020022	x000104	preferred	1000	1	1	0	0.785576553	EXPECTED_FROM_NULL
x020022	x000109	depleted	1000	0.9480519481	1	0	0.5680341305	EXPECTED_FROM_NULL
x020022	x001088	preferred	1000	1	1	0	0.785576553	EXPECTED_FROM_NULL
x020022	x001428	depleted	1000	0.97002997	1	0	0.4816976186	EXPECTED_FROM_NULL
x020022	x005072	preferred	1000	1	1	0	0.8079478605	EXPECTED_FROM_NULL
x020022	x005077	preferred	1000	1	1	0	0.3416362514	EXPECTED_FROM_NULL
x020022	x005079	preferred	1000	1	1	0	0.6849860082	EXPECTED_FROM_NULL
x020022	x005104	preferred	1000	1	1	0	0.3416362514	EXPECTED_FROM_NULL
x020022	x008312	preferred	1000	1	1	0	0.3416362514	EXPECTED_FROM_NULL
x020022	x016897	preferred	1000	1	1	1	0.3416362514	EXPECTED_FROM_NULL
x020022	x016899	preferred	1000	1	1	0	0.8269071746	EXPECTED_FROM_NULL
x020022	x017412	preferred	10000	0.01059894011	0.2517482517	1	0.4835104304	EXPECTED_FROM_NULL
x020022	x017415	preferred	1000	1	1	0	0.4724245112	EXPECTED_FROM_NULL
x020022	x018497	depleted	1000	0.954045954	1	0	0.4553876415	EXPECTED_FROM_NULL
x020022	x018499	depleted	1000	0.993006993	1	1	0.4444384037	EXPECTED_FROM_NULL
x020022	x018560	depleted	1000	0.98001998	1	1	0.5421006472	EXPECTED_FROM_NULL
x020022	x018872	preferred	1000	1	1	0	0.5470813846	EXPECTED_FROM_NULL
x020022	x018877	preferred	1000	0.01898101898	0.2517482517	1	0.6274853549	EXPECTED_FROM_NULL
x020022	x018878	preferred	1000	1	1	0	0.7162122704	EXPECTED_FROM_NULL
x020022	x019936	preferred	1000	1	1	0	0.701059898	EXPECTED_FROM_NULL
x020022	x019937	preferred	1000	1	1	0	0.8079478605	EXPECTED_FROM_NULL
x020022	x019939	preferred	1000	1	1	0	0.785576553	EXPECTED_FROM_NULL
x020022	x019940	preferred	1000	1	1	0	0.5809251338	EXPECTED_FROM_NULL
x020022	x019942	preferred	1000	1	1	0	0.4481922518	EXPECTED_FROM_NULL
x020022	x019943	preferred	1000	0.05194805195	0.3077473707	1	0.6055782766	EXPECTED_FROM_NULL
x020022	x020021	depleted	1000	0.964035964	1	0	0.4880634341	EXPECTED_FROM_NULL
x020022	x025011	preferred	1000	1	1	0	0.3416362514	EXPECTED_FROM_NULL
x020022	x025531	preferred	1000	1	1	0	0.4724245112	EXPECTED_FROM_NULL
x020022	x025532	preferred	1000	1	1	0	0.4835104304	EXPECTED_FROM_NULL
x020022	x025789	preferred	1000	1	1	0	0.3416362514	EXPECTED_FROM_NULL
x020022	x025892	preferred	1000	1	1	0	0.4375805042	EXPECTED_FROM_NULL
x020022	x031616	preferred	1000	1	1	0	0.4835104304	EXPECTED_FROM_NULL
x020022	x031619	preferred	1000	1	1	0	0.3416362514	EXPECTED_FROM_NULL
x020022	x031711	preferred	1000	1	1	0	0.3416362514	EXPECTED_FROM_NULL
x020022	x033882	preferred	1000	0.02797202797	0.2631913541	1	0.5992149339	EXPECTED_FROM_NULL
x020022	x037860	depleted	1000	0.9130869131	1	0	0.383489567	EXPECTED_FROM_NULL
x020022	x037861	depleted	1000	0.9440559441	1	0	0.4547017683	EXPECTED_FROM_NULL
x020022	x038536	depleted	1000	0.98001998	1	0	0.4228592698	EXPECTED_FROM_NULL
x020022	x038537	depleted	1000	0.979020979	1	0	0.48998642	EXPECTED_FROM_NULL
x020022	x041112	depleted	1000	0.966033966	1	0	0.6027973304	EXPECTED_FROM_NULL
x020022	x041113	preferred	1000	1	1	0	0.8079478605	EXPECTED_FROM_NULL
x020022	x041114	preferred	1000	1	1	0	0.6849860082	EXPECTED_FROM_NULL
x020022	x041115	preferred	1000	0.04295704296	0.2895104895	1	0.6094119451	EXPECTED_FROM_NULL
x020022	x041116	preferred	1000	0.01998001998	0.2517482517	1	0.785576553	EXPECTED_FROM_NULL
x020022	x041117	preferred	1000	1	1	0	0.6922798005	EXPECTED_FROM_NULL
x020022	x041118	depleted	1000	0.9310689311	1	0	0.454648369	EXPECTED_FROM_NULL
x020022	x041119	depleted	1000	0.9490509491	1	0	0.4889470622	EXPECTED_FROM_NULL
x020022	x041262	preferred	1000	1	1	0	0.4835104304	EXPECTED_FROM_NULL
x020022	x041660	preferred	1000	1	1	0	0.3416362514	EXPECTED_FROM_NULL
x020022	x042469	preferred	1000	1	1	0	0.4835104304	EXPECTED_FROM_NULL
x020022	x042471	preferred	1000	1	1	0	0.3416362514	EXPECTED_FROM_NULL
x020023	x000107	depleted	1000	0.982017982	1	0	1	INSUFFICIENT_SUPPORT
x020023	x001092	preferred	1000	1	1	0	1	INSUFFICIENT_SUPPORT
x020023	x001428	depleted	1000	0.988011988	1	0	1	INSUFFICIENT_SUPPORT
x020023	x002110	depleted	1000	1	1	0	1	INSUFFICIENT_SUPPORT
x020023	x002615	preferred	1000	1	1	0	1	INSUFFICIENT_SUPPORT
x020023	x005107	preferred	1000	1	1	0	1	INSUFFICIENT_SUPPORT
x020023	x014825	depleted	1000	1	1	0	1	INSUFFICIENT_SUPPORT
x020023	x016898	depleted	1000	0.984015984	1	0	1	INSUFFICIENT_SUPPORT
x020023	x017293	preferred	1000	1	1	0	1	INSUFFICIENT_SUPPORT
x020023	x017295	preferred	1000	1	1	0	1	INSUFFICIENT_SUPPORT
x020023	x017378	depleted	1000	0.987012987	1	0	1	INSUFFICIENT_SUPPORT
x020023	x017408	depleted	1000	0.988011988	1	0	1	INSUFFICIENT_SUPPORT
x020023	x018500	depleted	1000	0.953046953	1	0	1	INSUFFICIENT_SUPPORT
x020023	x018560	preferred	1000	1	1	0	1	INSUFFICIENT_SUPPORT
x020023	x018873	preferred	1000	1	1	0	1	INSUFFICIENT_SUPPORT
x020023	x018874	preferred	1000	1	1	0	1	INSUFFICIENT_SUPPORT
x020023	x019936	depleted	1000	0.986013986	1	0	1	INSUFFICIENT_SUPPORT
x020023	x019937	depleted	1000	0.991008991	1	0	1	INSUFFICIENT_SUPPORT
x020023	x019938	depleted	1000	0.986013986	1	0	1	INSUFFICIENT_SUPPORT
x020023	x019940	depleted	1000	0.986013986	1	0	1	INSUFFICIENT_SUPPORT
x020023	x019942	depleted	1000	0.989010989	1	0	1	INSUFFICIENT_SUPPORT
x020023	x019943	depleted	1000	0.96003996	1	0	1	INSUFFICIENT_SUPPORT
x020023	x023368	preferred	1000	1	1	0	1	INSUFFICIENT_SUPPORT
x020023	x024203	preferred	1000	1	1	0	1	INSUFFICIENT_SUPPORT
x020023	x025791	preferred	1000	1	1	0	1	INSUFFICIENT_SUPPORT
x020023	x025892	preferred	1000	1	1	0	1	INSUFFICIENT_SUPPORT
x020023	x031616	preferred	1000	1	1	0	1	INSUFFICIENT_SUPPORT
x020023	x031618	depleted	1000	0.992007992	1	0	1	INSUFFICIENT_SUPPORT
x020023	x031623	depleted	1000	0.983016983	1	0	1	INSUFFICIENT_SUPPORT
x020023	x038110	preferred	1000	1	1	0	1	INSUFFICIENT_SUPPORT
x020023	x038540	depleted	1000	0.972027972	1	0	1	INSUFFICIENT_SUPPORT
x020023	x041112	preferred	1000	0.01898101898	1	1	1	INSUFFICIENT_SUPPORT
x020023	x041113	depleted	1000	0.982017982	1	0	1	INSUFFICIENT_SUPPORT
x020023	x041115	preferred	1000	1	1	0	1	INSUFFICIENT_SUPPORT
x020023	x041116	depleted	1000	0.985014985	1	0	1	INSUFFICIENT_SUPPORT
x020023	x041117	preferred	1000	1	1	0	1	INSUFFICIENT_SUPPORT
x020023	x041119	depleted	1000	0.985014985	1	0	1	INSUFFICIENT_SUPPORT
x020023	x041940	preferred	1000	1	1	0	1	INSUFFICIENT_SUPPORT
x020023	x042105	depleted	1000	0.989010989	1	0	1	INSUFFICIENT_SUPPORT
x020023	x042465	preferred	1000	0.01698301698	1	1	1	INSUFFICIENT_SUPPORT
x020023	x042468	preferred	1000	1	1	0	1	INSUFFICIENT_SUPPORT
x020023	x042469	preferred	1000	1	1	0	1	INSUFFICIENT_SUPPORT
x020023	x042471	preferred	1000	1	1	0	1	INSUFFICIENT_SUPPORT
x020329	x003192	preferred	1000	0.000999000999	1	0	0	INSUFFICIENT_SUPPORT
x020329	x037859	preferred	1000	0.000999000999	1	0	0	INSUFFICIENT_SUPPORT
x020329	x038541	preferred	1000	0.000999000999	1	0	0	INSUFFICIENT_SUPPORT
x020329	x041528	preferred	1000	0.000999000999	1	0	0	INSUFFICIENT_SUPPORT
x020329	x042805	preferred	1000	0.000999000999	1	0	0	INSUFFICIENT_SUPPORT
x020633	x001089	preferred	1000	0.000999000999	1	0	0	INSUFFICIENT_SUPPORT
x020633	x005108	preferred	1000	0.000999000999	1	0	0	INSUFFICIENT_SUPPORT
x020633	x018254	preferred	1000	0.000999000999	1	0	0	INSUFFICIENT_SUPPORT
x020633	x025399	preferred	1000	0.000999000999	1	0	0	INSUFFICIENT_SUPPORT
x020633	x037848	preferred	1000	0.000999000999	1	0	0	INSUFFICIENT_SUPPORT
x020633	x037849	preferred	1000	0.000999000999	1	0	0	INSUFFICIENT_SUPPORT
x020633	x037850	preferred	1000	0.000999000999	1	0	0	INSUFFICIENT_SUPPORT
x020633	x037852	preferred	1000	0.000999000999	1	0	0	INSUFFICIENT_SUPPORT
x020633	x037853	preferred	1000	0.000999000999	1	0	0	INSUFFICIENT_SUPPORT
x020635	x000111	preferred	1000	0.000999000999	1	0	0	INSUFFICIENT_SUPPORT
x020635	x024247	preferred	1000	0.000999000999	1	0	0	INSUFFICIENT_SUPPORT
x020635	x025395	preferred	1000	0.000999000999	1	0	0	INSUFFICIENT_SUPPORT
x020635	x037850	preferred	1000	0.000999000999	1	0	0	INSUFFICIENT_SUPPORT
x020635	x037853	preferred	1000	0.000999000999	1	0	0	INSUFFICIENT_SUPPORT
x020635	x037854	preferred	1000	0.000999000999	1	0	0	INSUFFICIENT_SUPPORT
x020635	x037861	preferred	1000	0.000999000999	1	0	0	INSUFFICIENT_SUPPORT
x020635	x037915	preferred	1000	0.000999000999	1	0	0	INSUFFICIENT_SUPPORT
x020635	x037954	preferred	1000	0.000999000999	1	0	0	INSUFFICIENT_SUPPORT
x020635	x040634	preferred	1000	0.000999000999	1	0	0	INSUFFICIENT_SUPPORT
x020639	x001092	preferred	1000	0.000999000999	1	0	0	INSUFFICIENT_SUPPORT
x020639	x002109	preferred	1000	0.000999000999	1	0	0	INSUFFICIENT_SUPPORT
x020639	x018498	preferred	1000	0.000999000999	1	0	0	INSUFFICIENT_SUPPORT
x020639	x020018	preferred	1000	0.000999000999	1	0	0	INSUFFICIENT_SUPPORT
x020639	x024242	preferred	1000	0.000999000999	1	0	0	INSUFFICIENT_SUPPORT
x020639	x025395	preferred	1000	0.000999000999	1	0	0	INSUFFICIENT_SUPPORT
x020639	x037849	preferred	1000	0.000999000999	1	0	0	INSUFFICIENT_SUPPORT
x020639	x037850	preferred	1000	0.000999000999	1	0	0	INSUFFICIENT_SUPPORT
x020639	x037853	preferred	1000	0.000999000999	1	0	0	INSUFFICIENT_SUPPORT
x020639	x037856	preferred	1000	0.000999000999	1	0	0	INSUFFICIENT_SUPPORT
x021562	x000105	preferred	1000	0.000999000999	1	0	0	INSUFFICIENT_SUPPORT
x021562	x000106	preferred	1000	0.000999000999	1	0	0	INSUFFICIENT_SUPPORT
x021562	x000108	preferred	1000	0.000999000999	1	0	0	INSUFFICIENT_SUPPORT
x021562	x000109	preferred	1000	0.000999000999	1	0	0	INSUFFICIENT_SUPPORT
x021562	x000110	preferred	1000	0.000999000999	1	0	0	INSUFFICIENT_SUPPORT
x021562	x001396	preferred	1000	0.000999000999	1	0	0	INSUFFICIENT_SUPPORT
x021562	x018878	preferred	1000	0.000999000999	1	0	0	INSUFFICIENT_SUPPORT
x021562	x037855	preferred	1000	0.000999000999	1	0	0	INSUFFICIENT_SUPPORT
x021562	x037858	preferred	1000	0.000999000999	1	0	0	INSUFFICIENT_SUPPORT
x021562	x039662	preferred	1000	0.000999000999	1	0	0	INSUFFICIENT_SUPPORT
x021566	x000104	preferred	1000	0.000999000999	1	0	0	INSUFFICIENT_SUPPORT
x021566	x000105	preferred	1000	0.000999000999	1	0	0	INSUFFICIENT_SUPPORT
x021566	x000109	preferred	1000	0.000999000999	1	0	0	INSUFFICIENT_SUPPORT
x021566	x000110	preferred	1000	0.000999000999	1	0	0	INSUFFICIENT_SUPPORT
x021566	x000111	preferred	1000	0.000999000999	1	0	0	INSUFFICIENT_SUPPORT
x021566	x001392	preferred	1000	0.000999000999	1	0	0	INSUFFICIENT_SUPPORT
x021566	x017891	preferred	1000	0.000999000999	1	0	0	INSUFFICIENT_SUPPORT
x021566	x038105	preferred	1000	0.000999000999	1	0	0	INSUFFICIENT_SUPPORT
x021566	x041117	preferred	1000	0.000999000999	1	0	0	INSUFFICIENT_SUPPORT
x021784	x001427	preferred	1000	0.000999000999	1	0	0	INSUFFICIENT_SUPPORT
x021784	x025392	preferred	1000	0.000999000999	1	0	0	INSUFFICIENT_SUPPORT
x021784	x025658	preferred	1000	0.000999000999	1	0	0	INSUFFICIENT_SUPPORT
x021785	x031705	preferred	1000	0.000999000999	1	0	0	INSUFFICIENT_SUPPORT
x021786	x022520	preferred	1000	0.000999000999	1	0	0	INSUFFICIENT_SUPPORT
x021786	x025787	preferred	1000	0.000999000999	1	0	0	INSUFFICIENT_SUPPORT
x021786	x038443	preferred	1000	0.000999000999	1	0	0	INSUFFICIENT_SUPPORT
x021790	x022525	preferred	1000	0.000999000999	1	0	0	INSUFFICIENT_SUPPORT
x021790	x025394	preferred	1000	0.000999000999	1	0	0	INSUFFICIENT_SUPPORT
x021790	x038441	preferred	1000	0.000999000999	1	0	0	INSUFFICIENT_SUPPORT
x021975	x002338	preferred	1000	0.000999000999	1	0	0	INSUFFICIENT_SUPPORT
x021975	x002342	preferred	1000	0.000999000999	1	0	0	INSUFFICIENT_SUPPORT
x021975	x002343	preferred	1000	0.000999000999	1	0	0	INSUFFICIENT_SUPPORT
x021975	x017415	preferred	1000	0.000999000999	1	0	0	INSUFFICIENT_SUPPORT
x021975	x018503	preferred	1000	0.000999000999	1	0	0	INSUFFICIENT_SUPPORT
x021975	x019718	preferred	1000	0.000999000999	1	0	0	INSUFFICIENT_SUPPORT
x021975	x037863	preferred	1000	0.000999000999	1	0	0	INSUFFICIENT_SUPPORT
x022381	x000109	preferred	1000	0.000999000999	1	0	0	INSUFFICIENT_SUPPORT
x022381	x005106	preferred	1000	0.000999000999	1	0	0	INSUFFICIENT_SUPPORT
x022381	x014829	preferred	1000	0.000999000999	1	0	0	INSUFFICIENT_SUPPORT
x022381	x016902	preferred	1000	0.000999000999	1	0	0	INSUFFICIENT_SUPPORT
x022381	x022957	preferred	1000	0.000999000999	1	0	0	INSUFFICIENT_SUPPORT
x022381	x024802	preferred	1000	0.000999000999	1	0	0	INSUFFICIENT_SUPPORT
x022381	x024803	preferred	1000	0.000999000999	1	0	0	INSUFFICIENT_SUPPORT
x022381	x024806	preferred	1000	0.000999000999	1	0	0	INSUFFICIENT_SUPPORT
x022381	x040210	preferred	1000	0.000999000999	1	0	0	INSUFFICIENT_SUPPORT
x022381	x041258	preferred	1000	0.000999000999	1	0	0	INSUFFICIENT_SUPPORT
x022520	x001425	preferred	1000	0.000999000999	1	0	0	INSUFFICIENT_SUPPORT
x022520	x001428	preferred	1000	0.000999000999	1	0	0	INSUFFICIENT_SUPPORT
x022520	x008312	preferred	1000	0.000999000999	1	0	0	INSUFFICIENT_SUPPORT
x022520	x017695	preferred	1000	0.000999000999	1	0	0	INSUFFICIENT_SUPPORT
x022520	x031704	preferred	1000	0.000999000999	1	0	0	INSUFFICIENT_SUPPORT
x022520	x034502	preferred	1000	0.000999000999	1	0	0	INSUFFICIENT_SUPPORT
x022520	x041112	preferred	1000	0.000999000999	1	0	0	INSUFFICIENT_SUPPORT
x022520	x041941	preferred	1000	0.000999000999	1	0	0	INSUFFICIENT_SUPPORT
x022521	x002337	preferred	1000	0.000999000999	1	0	0	INSUFFICIENT_SUPPORT
x022521	x017415	preferred	1000	0.000999000999	1	0	0	INSUFFICIENT_SUPPORT
x022521	x018499	preferred	1000	0.000999000999	1	0	0	INSUFFICIENT_SUPPORT
x022521	x018503	preferred	1000	0.000999000999	1	0	0	INSUFFICIENT_SUPPORT
x022521	x018878	preferred	1000	0.000999000999	1	0	0	INSUFFICIENT_SUPPORT
x022521	x019937	preferred	1000	0.000999000999	1	0	0	INSUFFICIENT_SUPPORT
x022521	x024932	preferred	1000	0.000999000999	1	0	0	INSUFFICIENT_SUPPORT
x022521	x025396	preferred	1000	0.000999000999	1	0	0	INSUFFICIENT_SUPPORT
x022521	x031620	preferred	1000	0.000999000999	1	0	0	INSUFFICIENT_SUPPORT
x022521	x034244	preferred	1000	0.000999000999	1	0	0	INSUFFICIENT_SUPPORT
x022521	x037849	preferred	1000	0.000999000999	1	0	0	INSUFFICIENT_SUPPORT
x022521	x037857	preferred	1000	0.000999000999	1	0	0	INSUFFICIENT_SUPPORT
x022522	x017415	preferred	1000	0.000999000999	1	0	0	INSUFFICIENT_SUPPORT
x022522	x018878	preferred	1000	0.000999000999	1	0	0	INSUFFICIENT_SUPPORT
x022522	x019940	preferred	1000	0.000999000999	1	0	0	INSUFFICIENT_SUPPORT
x022522	x034246	preferred	1000	0.000999000999	1	0	0	INSUFFICIENT_SUPPORT
x022522	x037848	preferred	1000	0.000999000999	1	0	0	INSUFFICIENT_SUPPORT
x022522	x037862	preferred	1000	0.000999000999	1	0	0	INSUFFICIENT_SUPPORT
x022522	x038538	preferred	1000	0.000999000999	1	0	0	INSUFFICIENT_SUPPORT
x022522	x041117	preferred	1000	0.000999000999	1	0	0	INSUFFICIENT_SUPPORT
x022522	x041805	preferred	1000	0.000999000999	1	0	0	INSUFFICIENT_SUPPORT
x022522	x042104	preferred	1000	0.000999000999	1	0	0	INSUFFICIENT_SUPPORT
x022522	x042806	preferred	1000	0.000999000999	1	0	0	INSUFFICIENT_SUPPORT
x022523	x000106	preferred	1000	0.000999000999	1	0	0	INSUFFICIENT_SUPPORT
x022523	x001424	preferred	1000	0.000999000999	1	0	0	INSUFFICIENT_SUPPORT
x022523	x017289	preferred	1000	0.000999000999	1	0	0	INSUFFICIENT_SUPPORT
x022523	x018878	preferred	1000	0.000999000999	1	0	0	INSUFFICIENT_SUPPORT
x022523	x019943	preferred	1000	0.000999000999	1	0	0	INSUFFICIENT_SUPPORT
x022523	x031621	preferred	1000	0.000999000999	1	0	0	INSUFFICIENT_SUPPORT
x022523	x034679	preferred	1000	0.000999000999	1	0	0	INSUFFICIENT_SUPPORT
x022523	x038543	preferred	1000	0.000999000999	1	0	0	INSUFFICIENT_SUPPORT
x022523	x040633	preferred	1000	0.000999000999	1	0	0	INSUFFICIENT_SUPPORT
x022523	x041805	preferred	1000	0.000999000999	1	0	0	INSUFFICIENT_SUPPORT
x022523	x042110	preferred	1000	0.000999000999	1	0	0	INSUFFICIENT_SUPPORT
x022524	x002109	preferred	1000	0.000999000999	1	0	0	INSUFFICIENT_SUPPORT
x022524	x016901	preferred	1000	0.000999000999	1	0	0	INSUFFICIENT_SUPPORT
x022524	x018499	preferred	1000	0.000999000999	1	0	0	INSUFFICIENT_SUPPORT
x022524	x018500	preferred	1000	0.000999000999	1	0	0	INSUFFICIENT_SUPPORT
x022524	x018502	preferred	1000	0.000999000999	1	0	0	INSUFFICIENT_SUPPORT
x022524	x019937	preferred	1000	0.000999000999	1	0	0	INSUFFICIENT_SUPPORT
x022524	x022381	preferred	1000	0.000999000999	1	0	0	INSUFFICIENT_SUPPORT
x022524	x024930	preferred	1000	0.000999000999	1	0	0	INSUFFICIENT_SUPPORT
x022524	x025395	preferred	1000	0.000999000999	1	0	0	INSUFFICIENT_SUPPORT
x022524	x031623	preferred	1000	0.000999000999	1	0	0	INSUFFICIENT_SUPPORT
x022524	x037863	preferred	1000	0.000999000999	1	0	0	INSUFFICIENT_SUPPORT
x022524	x038540	preferred	1000	0.000999000999	1	0	0	INSUFFICIENT_SUPPORT
x022524	x041114	preferred	1000	0.000999000999	1	0	0	INSUFFICIENT_SUPPORT
x022524	x041118	preferred	1000	0.000999000999	1	0	0	INSUFFICIENT_SUPPORT
x022524	x041803	preferred	1000	0.000999000999	1	0	0	INSUFFICIENT_SUPPORT
x022524	x042109	preferred	1000	0.000999000999	1	0	0	INSUFFICIENT_SUPPORT
x022525	x000111	preferred	1000	0.000999000999	1	0	0	INSUFFICIENT_SUPPORT
x022525	x017293	preferred	1000	0.000999000999	1	0	0	INSUFFICIENT_SUPPORT
x022525	x018498	preferred	1000	0.000999000999	1	0	0	INSUFFICIENT_SUPPORT
x022525	x018874	preferred	1000	0.000999000999	1	0	0	INSUFFICIENT_SUPPORT
x022525	x020019	preferred	1000	0.000999000999	1	0	0	INSUFFICIENT_SUPPORT
x022525	x025392	preferred	1000	0.000999000999	1	0	0	INSUFFICIENT_SUPPORT
x022525	x025398	preferred	1000	0.000999000999	1	0	0	INSUFFICIENT_SUPPORT
x022525	x031704	preferred	1000	0.000999000999	1	0	0	INSUFFICIENT_SUPPORT
x022525	x033882	preferred	1000	0.000999000999	1	0	0	INSUFFICIENT_SUPPORT
x022525	x037848	preferred	1000	0.000999000999	1	0	0	INSUFFICIENT_SUPPORT
x022525	x037857	preferred	1000	0.000999000999	1	0	0	INSUFFICIENT_SUPPORT
x022525	x037858	preferred	1000	0.000999000999	1	0	0	INSUFFICIENT_SUPPORT
x022525	x037988	preferred	1000	0.000999000999	1	0	0	INSUFFICIENT_SUPPORT
x022525	x041440	preferred	1000	0.000999000999	1	0	0	INSUFFICIENT_SUPPORT
x022525	x041469	preferred	1000	0.000999000999	1	0	0	INSUFFICIENT_SUPPORT
x022525	x041802	preferred	1000	0.000999000999	1	0	0	INSUFFICIENT_SUPPORT
x022525	x041803	preferred	1000	0.000999000999	1	0	0	INSUFFICIENT_SUPPORT
x022525	x041936	preferred	1000	0.000999000999	1	0	0	INSUFFICIENT_SUPPORT
x022525	x042106	preferred	1000	0.000999000999	1	0	0	INSUFFICIENT_SUPPORT
x022526	x017415	preferred	1000	0.000999000999	1	0	0	INSUFFICIENT_SUPPORT
x022526	x018502	preferred	1000	0.000999000999	1	0	0	INSUFFICIENT_SUPPORT
x022526	x019940	preferred	1000	0.000999000999	1	0	0	INSUFFICIENT_SUPPORT
x022526	x025399	preferred	1000	0.000999000999	1	0	0	INSUFFICIENT_SUPPORT
x022526	x037861	preferred	1000	0.000999000999	1	0	0	INSUFFICIENT_SUPPORT
x022526	x038543	preferred	1000	0.000999000999	1	0	0	INSUFFICIENT_SUPPORT
x022526	x041801	preferred	1000	0.000999000999	1	0	0	INSUFFICIENT_SUPPORT
x022526	x041803	preferred	1000	0.000999000999	1	0	0	INSUFFICIENT_SUPPORT
x022527	x018872	preferred	1000	0.000999000999	1	0	0	INSUFFICIENT_SUPPORT
x022527	x018876	preferred	1000	0.000999000999	1	0	0	INSUFFICIENT_SUPPORT
x022527	x025395	preferred	1000	0.000999000999	1	0	0	INSUFFICIENT_SUPPORT
x022527	x031617	preferred	1000	0.000999000999	1	0	0	INSUFFICIENT_SUPPORT
x022527	x031620	preferred	1000	0.000999000999	1	0	0	INSUFFICIENT_SUPPORT
x022527	x041805	preferred	1000	0.000999000999	1	0	0	INSUFFICIENT_SUPPORT
x022527	x041806	preferred	1000	0.000999000999	1	0	0	INSUFFICIENT_SUPPORT
x022527	x042105	preferred	1000	0.000999000999	1	0	0	INSUFFICIENT_SUPPORT
x022926	x001095	preferred	1000	0.000999000999	1	0	0	INSUFFICIENT_SUPPORT
x022926	x002105	preferred	1000	0.000999000999	1	0	0	INSUFFICIENT_SUPPORT
x022926	x002341	preferred	1000	0.000999000999	1	0	0	INSUFFICIENT_SUPPORT
x022926	x002976	preferred	1000	0.000999000999	1	0	0	INSUFFICIENT_SUPPORT
x022926	x017379	preferred	1000	0.000999000999	1	0	0	INSUFFICIENT_SUPPORT
x022926	x017380	preferred	1000	0.000999000999	1	0	0	INSUFFICIENT_SUPPORT
x022926	x018500	preferred	1000	0.000999000999	1	0	0	INSUFFICIENT_SUPPORT
x022926	x018502	preferred	1000	0.000999000999	1	0	0	INSUFFICIENT_SUPPORT
x022926	x021975	preferred	1000	0.000999000999	1	0	0	INSUFFICIENT_SUPPORT
x022927	x002976	preferred	1000	0.000999000999	1	0	0	INSUFFICIENT_SUPPORT
x022927	x002980	preferred	1000	0.000999000999	1	0	0	INSUFFICIENT_SUPPORT
x022927	x002981	preferred	1000	0.000999000999	1	0	0	INSUFFICIENT_SUPPORT
x022927	x040632	preferred	1000	0.000999000999	1	0	0	INSUFFICIENT_SUPPORT
x022952	x001427	preferred	1000	0.000999000999	1	0	0	INSUFFICIENT_SUPPORT
x022952	x001428	preferred	1000	0.000999000999	1	0	0	INSUFFICIENT_SUPPORT
x022952	x002343	preferred	1000	0.000999000999	1	0	0	INSUFFICIENT_SUPPORT
x022952	x011179	preferred	1000	0.000999000999	1	0	0	INSUFFICIENT_SUPPORT
x022952	x014824	preferred	1000	0.000999000999	1	0	0	INSUFFICIENT_SUPPORT
x022952	x014829	preferred	1000	0.000999000999	1	0	0	INSUFFICIENT_SUPPORT
x022952	x018497	preferred	1000	0.000999000999	1	0	0	INSUFFICIENT_SUPPORT
x022952	x018499	preferred	1000	0.000999000999	1	0	0	INSUFFICIENT_SUPPORT
x022952	x037851	preferred	1000	0.000999000999	1	0	0	INSUFFICIENT_SUPPORT
x022952	x037857	preferred	1000	0.000999000999	1	0	0	INSUFFICIENT_SUPPORT
x022952	x038537	preferred	1000	0.000999000999	1	0	0	INSUFFICIENT_SUPPORT
x022952	x038542	preferred	1000	0.000999000999	1	0	0	INSUFFICIENT_SUPPORT
x022952	x040212	preferred	1000	0.000999000999	1	0	0	INSUFFICIENT_SUPPORT
x022952	x041258	preferred	1000	0.000999000999	1	0	0	INSUFFICIENT_SUPPORT
x022952	x042104	preferred	1000	0.000999000999	1	0	0	INSUFFICIENT_SUPPORT
x022952	x042823	preferred	1000	0.000999000999	1	0	0	INSUFFICIENT_SUPPORT
x022953	x001424	preferred	1000	0.000999000999	1	0	0	INSUFFICIENT_SUPPORT
x022953	x002104	preferred	1000	0.000999000999	1	0	0	INSUFFICIENT_SUPPORT
x022953	x002338	preferred	1000	0.000999000999	1	0	0	INSUFFICIENT_SUPPORT
x022953	x015283	preferred	1000	0.000999000999	1	0	0	INSUFFICIENT_SUPPORT
x022953	x017411	preferred	1000	0.000999000999	1	0	0	INSUFFICIENT_SUPPORT
x022953	x018561	preferred	1000	0.000999000999	1	0	0	INSUFFICIENT_SUPPORT
x022953	x020016	preferred	1000	0.000999000999	1	0	0	INSUFFICIENT_SUPPORT
x022953	x031705	preferred	1000	0.000999000999	1	0	0	INSUFFICIENT_SUPPORT
x022953	x037848	preferred	1000	0.000999000999	1	0	0	INSUFFICIENT_SUPPORT
x022953	x037853	preferred	1000	0.000999000999	1	0	0	INSUFFICIENT_SUPPORT
x022953	x038536	preferred	1000	0.000999000999	1	0	0	INSUFFICIENT_SUPPORT
x022953	x038540	preferred	1000	0.000999000999	1	0	0	INSUFFICIENT_SUPPORT
x022953	x038542	preferred	1000	0.000999000999	1	0	0	INSUFFICIENT_SUPPORT
x022953	x041588	preferred	1000	0.000999000999	1	0	0	INSUFFICIENT_SUPPORT
x022953	x042106	preferred	1000	0.000999000999	1	0	0	INSUFFICIENT_SUPPORT
x022954	x001425	preferred	1000	0.000999000999	1	0	0	INSUFFICIENT_SUPPORT
x022954	x002105	preferred	1000	0.000999000999	1	0	0	INSUFFICIENT_SUPPORT
x022954	x005073	preferred	1000	0.000999000999	1	0	0	INSUFFICIENT_SUPPORT
x022954	x005107	preferred	1000	0.000999000999	1	0	0	INSUFFICIENT_SUPPORT
x022954	x014829	preferred	1000	0.000999000999	1	0	0	INSUFFICIENT_SUPPORT
x022954	x017691	preferred	1000	0.000999000999	1	0	0	INSUFFICIENT_SUPPORT
x022954	x017895	preferred	1000	0.000999000999	1	0	0	INSUFFICIENT_SUPPORT
x022954	x018498	preferred	1000	0.000999000999	1	0	0	INSUFFICIENT_SUPPORT
x022954	x018502	preferred	1000	0.000999000999	1	0	0	INSUFFICIENT_SUPPORT
x022954	x020020	preferred	1000	0.000999000999	1	0	0	INSUFFICIENT_SUPPORT
x022954	x024076	preferred	1000	0.000999000999	1	0	0	INSUFFICIENT_SUPPORT
x022954	x037854	preferred	1000	0.000999000999	1	0	0	INSUFFICIENT_SUPPORT
x022954	x037860	preferred	1000	0.000999000999	1	0	0	INSUFFICIENT_SUPPORT
x022954	x037913	preferred	1000	0.000999000999	1	0	0	INSUFFICIENT_SUPPORT
x022954	x038540	preferred	1000	0.000999000999	1	0	0	INSUFFICIENT_SUPPORT
x022954	x038543	preferred	1000	0.000999000999	1	0	0	INSUFFICIENT_SUPPORT
x022954	x041258	preferred	1000	0.000999000999	1	0	0	INSUFFICIENT_SUPPORT
x022954	x041440	preferred	1000	0.000999000999	1	0	0	INSUFFICIENT_SUPPORT
x022954	x042107	preferred	1000	0.000999000999	1	0	0	INSUFFICIENT_SUPPORT
x022954	x042801	preferred	1000	0.000999000999	1	0	0	INSUFFICIENT_SUPPORT
x022955	x001425	preferred	1000	0.000999000999	1	0	0	INSUFFICIENT_SUPPORT
x022955	x001427	preferred	1000	0.000999000999	1	0	0	INSUFFICIENT_SUPPORT
x022955	x014826	preferred	1000	0.000999000999	1	0	0	INSUFFICIENT_SUPPORT
x022955	x014829	preferred	1000	0.000999000999	1	0	0	INSUFFICIENT_SUPPORT
x022955	x014831	preferred	1000	0.000999000999	1	0	0	INSUFFICIENT_SUPPORT
x022955	x018499	preferred	1000	0.000999000999	1	0	0	INSUFFICIENT_SUPPORT
x022955	x018502	preferred	1000	0.000999000999	1	0	0	INSUFFICIENT_SUPPORT
x022955	x018503	preferred	1000	0.000999000999	1	0	0	INSUFFICIENT_SUPPORT
x022955	x018560	preferred	1000	0.000999000999	1	0	0	INSUFFICIENT_SUPPORT
x022955	x020018	preferred	1000	0.000999000999	1	0	0	INSUFFICIENT_SUPPORT
x022955	x020023	preferred	1000	0.000999000999	1	0	0	INSUFFICIENT_SUPPORT
x022955	x025533	preferred	1000	0.000999000999	1	0	0	INSUFFICIENT_SUPPORT
x022955	x025550	preferred	1000	0.000999000999	1	0	0	INSUFFICIENT_SUPPORT
x022955	x025786	preferred	1000	0.000999000999	1	0	0	INSUFFICIENT_SUPPORT
x022955	x037854	preferred	1000	0.000999000999	1	0	0	INSUFFICIENT_SUPPORT
x022955	x037855	preferred	1000	0.000999000999	1	0	0	INSUFFICIENT_SUPPORT
x022955	x037858	preferred	1000	0.000999000999	1	0	0	INSUFFICIENT_SUPPORT
x022955	x037862	preferred	1000	0.000999000999	1	0	0	INSUFFICIENT_SUPPORT
x022955	x038537	preferred	1000	0.000999000999	1	0	0	INSUFFICIENT_SUPPORT
x022955	x038540	preferred	1000	0.000999000999	1	0	0	INSUFFICIENT_SUPPORT
x022955	x038541	preferred	1000	0.000999000999	1	0	0	INSUFFICIENT_SUPPORT
x022955	x041116	preferred	1000	0.000999000999	1	0	0	INSUFFICIENT_SUPPORT
x022955	x042104	preferred	1000	0.000999000999	1	0	0	INSUFFICIENT_SUPPORT
x022956	x001090	preferred	1000	0.000999000999	1	0	0	INSUFFICIENT_SUPPORT
x022956	x001426	preferred	1000	0.000999000999	1	0	0	INSUFFICIENT_SUPPORT
x022956	x005072	preferred	1000	0.000999000999	1	0	0	INSUFFICIENT_SUPPORT
x022956	x015282	preferred	1000	0.000999000999	1	0	0	INSUFFICIENT_SUPPORT
x022956	x018499	preferred	1000	0.000999000999	1	0	0	INSUFFICIENT_SUPPORT
x022956	x018501	preferred	1000	0.000999000999	1	0	0	INSUFFICIENT_SUPPORT
x022956	x018502	preferred	1000	0.000999000999	1	0	0	INSUFFICIENT_SUPPORT
x022956	x018567	preferred	1000	0.000999000999	1	0	0	INSUFFICIENT_SUPPORT
x022956	x024245	preferred	1000	0.000999000999	1	0	0	INSUFFICIENT_SUPPORT
x022956	x025396	preferred	1000	0.000999000999	1	0	0	INSUFFICIENT_SUPPORT
x022956	x037850	preferred	1000	0.000999000999	1	0	0	INSUFFICIENT_SUPPORT
x022956	x037863	preferred	1000	0.000999000999	1	0	0	INSUFFICIENT_SUPPORT
x022956	x037958	preferred	1000	0.000999000999	1	0	0	INSUFFICIENT_SUPPORT
x022956	x038541	preferred	1000	0.000999000999	1	0	0	INSUFFICIENT_SUPPORT
x022956	x040208	preferred	1000	0.000999000999	1	0	0	INSUFFICIENT_SUPPORT
x022956	x040215	preferred	1000	0.000999000999	1	0	0	INSUFFICIENT_SUPPORT
x022956	x041534	preferred	1000	0.000999000999	1	0	0	INSUFFICIENT_SUPPORT
x022956	x041660	preferred	1000	0.000999000999	1	0	0	INSUFFICIENT_SUPPORT
x022957	x001426	preferred	1000	0.000999000999	1	0	0	INSUFFICIENT_SUPPORT
x022957	x002341	preferred	1000	0.000999000999	1	0	0	INSUFFICIENT_SUPPORT
x022957	x014828	preferred	1000	0.000999000999	1	0	0	INSUFFICIENT_SUPPORT
x022957	x015282	preferred	1000	0.000999000999	1	0	0	INSUFFICIENT_SUPPORT
x022957	x017414	preferred	1000	0.000999000999	1	0	0	INSUFFICIENT_SUPPORT
x022957	x018496	preferred	1000	0.000999000999	1	0	0	INSUFFICIENT_SUPPORT
x022957	x018500	preferred	1000	0.000999000999	1	0	0	INSUFFICIENT_SUPPORT
x022957	x018874	preferred	1000	0.000999000999	1	0	0	INSUFFICIENT_SUPPORT
x022957	x020019	preferred	1000	0.000999000999	1	0	0	INSUFFICIENT_SUPPORT
x022957	x025395	preferred	1000	0.000999000999	1	0	0	INSUFFICIENT_SUPPORT
x022957	x025785	preferred	1000	0.000999000999	1	0	0	INSUFFICIENT_SUPPORT
x022957	x031711	preferred	1000	0.000999000999	1	0	0	INSUFFICIENT_SUPPORT
x022957	x037849	preferred	1000	0.000999000999	1	0	0	INSUFFICIENT_SUPPORT
x022957	x037860	preferred	1000	0.000999000999	1	0	0	INSUFFICIENT_SUPPORT
x022957	x038538	preferred	1000	0.000999000999	1	0	0	INSUFFICIENT_SUPPORT
x022957	x038541	preferred	1000	0.000999000999	1	0	0	INSUFFICIENT_SUPPORT
x022957	x042817	preferred	1000	0.000999000999	1	0	0	INSUFFICIENT_SUPPORT
x022957	x042819	preferred	1000	0.000999000999	1	0	0	INSUFFICIENT_SUPPORT
x022958	x000107	preferred	1000	0.000999000999	1	0	0	INSUFFICIENT_SUPPORT
x022958	x000109	preferred	1000	0.000999000999	1	0	0	INSUFFICIENT_SUPPORT
x022958	x001426	preferred	1000	0.000999000999	1	0	0	INSUFFICIENT_SUPPORT
x022958	x001427	preferred	1000	0.000999000999	1	0	0	INSUFFICIENT_SUPPORT
x022958	x001637	preferred	1000	0.000999000999	1	0	0	INSUFFICIENT_SUPPORT
x022958	x002106	preferred	1000	0.000999000999	1	0	0	INSUFFICIENT_SUPPORT
x022958	x010939	preferred	1000	0.000999000999	1	0	0	INSUFFICIENT_SUPPORT
x022958	x018496	preferred	1000	0.000999000999	1	0	0	INSUFFICIENT_SUPPORT
x022958	x018498	preferred	1000	0.000999000999	1	0	0	INSUFFICIENT_SUPPORT
x022958	x018500	preferred	1000	0.000999000999	1	0	0	INSUFFICIENT_SUPPORT
x022958	x018566	preferred	1000	0.000999000999	1	0	0	INSUFFICIENT_SUPPORT
x022958	x025663	preferred	1000	0.000999000999	1	0	0	INSUFFICIENT_SUPPORT
x022958	x032444	preferred	1000	0.000999000999	1	0	0	INSUFFICIENT_SUPPORT
x022958	x033099	preferred	1000	0.000999000999	1	0	0	INSUFFICIENT_SUPPORT
x022958	x033100	preferred	1000	0.000999000999	1	0	0	INSUFFICIENT_SUPPORT
x022958	x037849	preferred	1000	0.000999000999	1	0	0	INSUFFICIENT_SUPPORT
x022958	x037858	preferred	1000	0.000999000999	1	0	0	INSUFFICIENT_SUPPORT
x022958	x037863	preferred	1000	0.000999000999	1	0	0	INSUFFICIENT_SUPPORT
x022958	x038542	preferred	1000	0.000999000999	1	0	0	INSUFFICIENT_SUPPORT
x022958	x040632	preferred	1000	0.000999000999	1	0	0	INSUFFICIENT_SUPPORT
x022958	x041663	preferred	1000	0.000999000999	1	0	0	INSUFFICIENT_SUPPORT
x022958	x042108	preferred	1000	0.000999000999	1	0	0	INSUFFICIENT_SUPPORT
x022958	x042807	preferred	1000	0.000999000999	1	0	0	INSUFFICIENT_SUPPORT
x022959	x000104	preferred	1000	0.000999000999	1	0	0	INSUFFICIENT_SUPPORT
x022959	x001430	preferred	1000	0.000999000999	1	0	0	INSUFFICIENT_SUPPORT
x022959	x002107	preferred	1000	0.000999000999	1	0	0	INSUFFICIENT_SUPPORT
x022959	x005076	preferred	1000	0.000999000999	1	0	0	INSUFFICIENT_SUPPORT
x022959	x011176	preferred	1000	0.000999000999	1	0	0	INSUFFICIENT_SUPPORT
x022959	x017376	preferred	1000	0.000999000999	1	0	0	INSUFFICIENT_SUPPORT
x022959	x018498	preferred	1000	0.000999000999	1	0	0	INSUFFICIENT_SUPPORT
x022959	x018499	preferred	1000	0.000999000999	1	0	0	INSUFFICIENT_SUPPORT
x022959	x018503	preferred	1000	0.000999000999	1	0	0	INSUFFICIENT_SUPPORT
x022959	x018874	preferred	1000	0.000999000999	1	0	0	INSUFFICIENT_SUPPORT
x022959	x018876	preferred	1000	0.000999000999	1	0	0	INSUFFICIENT_SUPPORT
x022959	x020019	preferred	1000	0.000999000999	1	0	0	INSUFFICIENT_SUPPORT
x022959	x031711	preferred	1000	0.000999000999	1	0	0	INSUFFICIENT_SUPPORT
x022959	x033882	preferred	1000	0.000999000999	1	0	0	INSUFFICIENT_SUPPORT
x022959	x037853	preferred	1000	0.000999000999	1	0	0	INSUFFICIENT_SUPPORT
x022959	x037859	preferred	1000	0.000999000999	1	0	0	INSUFFICIENT_SUPPORT
x022959	x038537	preferred	1000	0.000999000999	1	0	0	INSUFFICIENT_SUPPORT
x022959	x038539	preferred	1000	0.000999000999	1	0	0	INSUFFICIENT_SUPPORT
x022959	x038541	preferred	1000	0.000999000999	1	0	0	INSUFFICIENT_SUPPORT
x022959	x038543	preferred	1000	0.000999000999	1	0	0	INSUFFICIENT_SUPPORT
x023368	x002976	preferred	1000	0.000999000999	1	0	0	INSUFFICIENT_SUPPORT
x023368	x002977	preferred	1000	0.000999000999	1	0	0	INSUFFICIENT_SUPPORT
x023368	x017377	preferred	1000	0.000999000999	1	0	0	INSUFFICIENT_SUPPORT
x023368	x018502	preferred	1000	0.000999000999	1	0	0	INSUFFICIENT_SUPPORT
x023368	x033099	preferred	1000	0.000999000999	1	0	0	INSUFFICIENT_SUPPORT
x023520	x023920	preferred	1000	0.000999000999	1	0	0	INSUFFICIENT_SUPPORT
x023520	x023924	preferred	1000	0.000999000999	1	0	0	INSUFFICIENT_SUPPORT
x023520	x023926	preferred	1000	0.000999000999	1	0	0	INSUFFICIENT_SUPPORT
x023865	x001424	preferred	1000	0.000999000999	1	0	0	INSUFFICIENT_SUPPORT
x023865	x005109	preferred	1000	0.000999000999	1	0	0	INSUFFICIENT_SUPPORT
x023865	x018501	preferred	1000	0.000999000999	1	0	0	INSUFFICIENT_SUPPORT
x023865	x037827	preferred	1000	0.000999000999	1	0	0	INSUFFICIENT_SUPPORT
x023865	x040217	preferred	1000	0.000999000999	1	0	0	INSUFFICIENT_SUPPORT
x023869	x025394	preferred	1000	0.000999000999	1	0	0	INSUFFICIENT_SUPPORT
x023869	x037827	preferred	1000	0.000999000999	1	0	0	INSUFFICIENT_SUPPORT
x023920	x001424	preferred	1000	0.000999000999	1	0	0	INSUFFICIENT_SUPPORT
x023920	x005077	preferred	1000	0.000999000999	1	0	0	INSUFFICIENT_SUPPORT
x023920	x016897	preferred	1000	0.000999000999	1	0	0	INSUFFICIENT_SUPPORT
x023920	x017410	preferred	1000	0.000999000999	1	0	0	INSUFFICIENT_SUPPORT
x023920	x017411	preferred	1000	0.000999000999	1	0	0	INSUFFICIENT_SUPPORT
x023920	x018500	preferred	1000	0.000999000999	1	0	0	INSUFFICIENT_SUPPORT
x023920	x031618	preferred	1000	0.000999000999	1	0	0	INSUFFICIENT_SUPPORT
x023920	x031623	preferred	1000	0.000999000999	1	0	0	INSUFFICIENT_SUPPORT
x023920	x037848	preferred	1000	0.000999000999	1	0	0	INSUFFICIENT_SUPPORT
x023920	x042109	preferred	1000	0.000999000999	1	0	0	INSUFFICIENT_SUPPORT
x023924	x001425	preferred	1000	0.000999000999	1	0	0	INSUFFICIENT_SUPPORT
x023924	x008312	preferred	1000	0.000999000999	1	0	0	INSUFFICIENT_SUPPORT
x023924	x025395	preferred	1000	0.000999000999	1	0	0	INSUFFICIENT_SUPPORT
x023924	x025660	preferred	1000	0.000999000999	1	0	0	INSUFFICIENT_SUPPORT
x023924	x031618	preferred	1000	0.000999000999	1	0	0	INSUFFICIENT_SUPPORT
x023924	x031619	preferred	1000	0.000999000999	1	0	0	INSUFFICIENT_SUPPORT
x023924	x031621	preferred	1000	0.000999000999	1	0	0	INSUFFICIENT_SUPPORT
x023924	x031623	preferred	1000	0.000999000999	1	0	0	INSUFFICIENT_SUPPORT
x023924	x041261	preferred	1000	0.000999000999	1	0	0	INSUFFICIENT_SUPPORT
x023924	x042805	preferred	1000	0.000999000999	1	0	0	INSUFFICIENT_SUPPORT
x023926	x016896	preferred	1000	0.000999000999	1	0	0	INSUFFICIENT_SUPPORT
x023926	x016897	preferred	1000	0.000999000999	1	0	0	INSUFFICIENT_SUPPORT
x023926	x017410	preferred	1000	0.000999000999	1	0	0	INSUFFICIENT_SUPPORT
x023926	x017414	preferred	1000	0.000999000999	1	0	0	INSUFFICIENT_SUPPORT
x023926	x031619	preferred	1000	0.000999000999	1	0	0	INSUFFICIENT_SUPPORT
x023926	x031622	preferred	1000	0.000999000999	1	0	0	INSUFFICIENT_SUPPORT
x024076	x017994	preferred	1000	0.000999000999	1	0	0	INSUFFICIENT_SUPPORT
x024076	x033304	preferred	1000	0.000999000999	1	0	0	INSUFFICIENT_SUPPORT
x024202	x001092	preferred	1000	0.000999000999	1	0	0	INSUFFICIENT_SUPPORT
x024202	x002978	preferred	1000	0.000999000999	1	0	0	INSUFFICIENT_SUPPORT
x024202	x002979	preferred	1000	0.000999000999	1	0	0	INSUFFICIENT_SUPPORT
x024202	x002983	preferred	1000	0.000999000999	1	0	0	INSUFFICIENT_SUPPORT
x024202	x017380	preferred	1000	0.000999000999	1	0	0	INSUFFICIENT_SUPPORT
x024202	x018256	preferred	1000	0.000999000999	1	0	0	INSUFFICIENT_SUPPORT
x024202	x020329	preferred	1000	0.000999000999	1	0	0	INSUFFICIENT_SUPPORT
x024203	x002978	preferred	1000	0.000999000999	1	0	0	INSUFFICIENT_SUPPORT
x024203	x002979	preferred	1000	0.000999000999	1	0	0	INSUFFICIENT_SUPPORT
x024203	x002980	preferred	1000	0.000999000999	1	0	0	INSUFFICIENT_SUPPORT
x024203	x024928	preferred	1000	0.000999000999	1	0	0	INSUFFICIENT_SUPPORT
x024240	x022525	preferred	1000	1	1	0	1	INSUFFICIENT_SUPPORT
x024240	x038441	preferred	1000	1	1	0	1	INSUFFICIENT_SUPPORT
x024241	x013795	preferred	1000	0.000999000999	1	0	0	INSUFFICIENT_SUPPORT
x024241	x021786	preferred	1000	0.000999000999	1	0	0	INSUFFICIENT_SUPPORT
x024242	x021785	preferred	1000	0.000999000999	1	0	0	INSUFFICIENT_SUPPORT
x024243	x022521	preferred	1000	0.000999000999	1	0	0	INSUFFICIENT_SUPPORT
x024245	x022521	preferred	1000	1	1	0	1	INSUFFICIENT_SUPPORT
x024246	x013795	preferred	1000	0.000999000999	1	0	0	INSUFFICIENT_SUPPORT
x024246	x022520	preferred	1000	0.000999000999	1	0	0	INSUFFICIENT_SUPPORT
x024247	x013795	preferred	1000	0.000999000999	1	0	0	INSUFFICIENT_SUPPORT
x024247	x022526	preferred	1000	0.000999000999	1	0	0	INSUFFICIENT_SUPPORT
x024247	x025551	preferred	1000	0.000999000999	1	0	0	INSUFFICIENT_SUPPORT
x024247	x040639	preferred	1000	0.000999000999	1	0	0	INSUFFICIENT_SUPPORT
x024665	x017377	preferred	1000	0.000999000999	1	0	0	INSUFFICIENT_SUPPORT
x024671	x002978	preferred	1000	0.000999000999	1	0	0	INSUFFICIENT_SUPPORT
x024671	x014825	preferred	1000	0.000999000999	1	0	0	INSUFFICIENT_SUPPORT
x024671	x017383	preferred	1000	0.000999000999	1	0	0	INSUFFICIENT_SUPPORT
x024671	x025545	preferred	1000	0.000999000999	1	0	0	INSUFFICIENT_SUPPORT
x024671	x025785	preferred	1000	0.000999000999	1	0	0	INSUFFICIENT_SUPPORT
x024671	x034497	preferred	1000	0.000999000999	1	0	0	INSUFFICIENT_SUPPORT
x024671	x038105	preferred	1000	0.000999000999	1	0	0	INSUFFICIENT_SUPPORT
x024736	x001425	preferred	1000	0.000999000999	1	0	0	INSUFFICIENT_SUPPORT
x024736	x017889	preferred	1000	0.000999000999	1	0	0	INSUFFICIENT_SUPPORT
x024736	x018496	preferred	1000	0.000999000999	1	0	0	INSUFFICIENT_SUPPORT
x024736	x024804	preferred	1000	0.000999000999	1	0	0	INSUFFICIENT_SUPPORT
x024736	x025394	preferred	1000	0.000999000999	1	0	0	INSUFFICIENT_SUPPORT
x024736	x031618	preferred	1000	0.000999000999	1	0	0	INSUFFICIENT_SUPPORT
x024736	x038108	preferred	1000	0.000999000999	1	0	0	INSUFFICIENT_SUPPORT
x024736	x038163	preferred	1000	0.000999000999	1	0	0	INSUFFICIENT_SUPPORT
x024740	x001425	preferred	1000	0.000999000999	1	0	0	INSUFFICIENT_SUPPORT
x024740	x001431	preferred	1000	0.000999000999	1	0	0	INSUFFICIENT_SUPPORT
x024740	x005074	preferred	1000	0.000999000999	1	0	0	INSUFFICIENT_SUPPORT
x024740	x017412	preferred	1000	0.000999000999	1	0	0	INSUFFICIENT_SUPPORT
x024740	x017414	preferred	1000	0.000999000999	1	0	0	INSUFFICIENT_SUPPORT
x024740	x017695	preferred	1000	0.000999000999	1	0	0	INSUFFICIENT_SUPPORT
x024740	x018254	preferred	1000	0.000999000999	1	0	0	INSUFFICIENT_SUPPORT
x024740	x018502	preferred	1000	0.000999000999	1	0	0	INSUFFICIENT_SUPPORT
x024740	x018565	preferred	1000	0.000999000999	1	0	0	INSUFFICIENT_SUPPORT
x024740	x020019	preferred	1000	0.000999000999	1	0	0	INSUFFICIENT_SUPPORT
x024740	x033100	preferred	1000	0.000999000999	1	0	0	INSUFFICIENT_SUPPORT
x024740	x037856	preferred	1000	0.000999000999	1	0	0	INSUFFICIENT_SUPPORT
x024740	x041114	preferred	1000	0.000999000999	1	0	0	INSUFFICIENT_SUPPORT
x024740	x042110	preferred	1000	0.000999000999	1	0	0	INSUFFICIENT_SUPPORT
x024740	x042801	preferred	1000	0.000999000999	1	0	0	INSUFFICIENT_SUPPORT
x024800	x000107	preferred	1000	0.000999000999	1	0	0	INSUFFICIENT_SUPPORT
x024800	x018497	preferred	1000	0.000999000999	1	0	0	INSUFFICIENT_SUPPORT
x024800	x025547	preferred	1000	0.000999000999	1	0	0	INSUFFICIENT_SUPPORT
x024800	x025549	preferred	1000	0.000999000999	1	0	0	INSUFFICIENT_SUPPORT
x024800	x025550	preferred	1000	0.000999000999	1	0	0	INSUFFICIENT_SUPPORT
x024800	x025738	preferred	1000	0.000999000999	1	0	0	INSUFFICIENT_SUPPORT
x024800	x040637	preferred	1000	0.000999000999	1	0	0	INSUFFICIENT_SUPPORT
x024800	x041259	preferred	1000	0.000999000999	1	0	0	INSUFFICIENT_SUPPORT
x024800	x041447	preferred	1000	0.000999000999	1	0	0	INSUFFICIENT_SUPPORT
x024800	x042802	preferred	1000	0.000999000999	1	0	0	INSUFFICIENT_SUPPORT
x024801	x016452	preferred	1000	0.000999000999	1	0	0	INSUFFICIENT_SUPPORT
x024801	x018497	preferred	1000	0.000999000999	1	0	0	INSUFFICIENT_SUPPORT
x024801	x018498	preferred	1000	0.000999000999	1	0	0	INSUFFICIENT_SUPPORT
x024801	x018503	preferred	1000	0.000999000999	1	0	0	INSUFFICIENT_SUPPORT
x024801	x020019	preferred	1000	0.000999000999	1	0	0	INSUFFICIENT_SUPPORT
x024801	x022525	preferred	1000	0.000999000999	1	0	0	INSUFFICIENT_SUPPORT
x024802	x018497	preferred	1000	0.000999000999	1	0	0	INSUFFICIENT_SUPPORT
x024802	x018498	preferred	1000	0.000999000999	1	0	0	INSUFFICIENT_SUPPORT
x024802	x025545	preferred	1000	0.000999000999	1	0	0	INSUFFICIENT_SUPPORT
x024802	x037858	preferred	1000	0.000999000999	1	0	0	INSUFFICIENT_SUPPORT
x024803	x018501	preferred	1000	0.000999000999	1	0	0	INSUFFICIENT_SUPPORT
x024803	x025545	preferred	1000	0.000999000999	1	0	0	INSUFFICIENT_SUPPORT
x024803	x025549	preferred	1000	0.000999000999	1	0	0	INSUFFICIENT_SUPPORT
x024803	x042801	preferred	1000	0.000999000999	1	0	0	INSUFFICIENT_SUPPORT
x024804	x005074	preferred	1000	0.000999000999	1	0	0	INSUFFICIENT_SUPPORT
x024804	x018499	preferred	1000	0.000999000999	1	0	0	INSUFFICIENT_SUPPORT
x024804	x018501	preferred	1000	0.000999000999	1	0	0	INSUFFICIENT_SUPPORT
x024804	x023865	preferred	1000	0.000999000999	1	0	0	INSUFFICIENT_SUPPORT
x024804	x024800	preferred	1000	0.000999000999	1	0	0	INSUFFICIENT_SUPPORT
x024804	x024803	preferred	1000	0.000999000999	1	0	0	INSUFFICIENT_SUPPORT
x024804	x025548	preferred	1000	0.000999000999	1	0	0	INSUFFICIENT_SUPPORT
x024804	x025551	preferred	1000	0.000999000999	1	0	0	INSUFFICIENT_SUPPORT
x024804	x025737	preferred	1000	0.000999000999	1	0	0	INSUFFICIENT_SUPPORT
x024805	x016452	preferred	1000	0.000999000999	1	0	0	INSUFFICIENT_SUPPORT
x024805	x020018	preferred	1000	0.000999000999	1	0	0	INSUFFICIENT_SUPPORT
x024805	x022527	preferred	1000	0.000999000999	1	0	0	INSUFFICIENT_SUPPORT
x024805	x024801	preferred	1000	0.000999000999	1	0	0	INSUFFICIENT_SUPPORT
x024805	x025545	preferred	1000	0.000999000999	1	0	0	INSUFFICIENT_SUPPORT
x024805	x025550	preferred	1000	0.000999000999	1	0	0	INSUFFICIENT_SUPPORT
x024806	x018499	preferred	1000	0.000999000999	1	0	0	INSUFFICIENT_SUPPORT
x024806	x018501	preferred	1000	0.000999000999	1	0	0	INSUFFICIENT_SUPPORT
x024806	x018503	preferred	1000	0.000999000999	1	0	0	INSUFFICIENT_SUPPORT
x024806	x023869	preferred	1000	0.000999000999	1	0	0	INSUFFICIENT_SUPPORT
x024806	x042805	preferred	1000	0.000999000999	1	0	0	INSUFFICIENT_SUPPORT
x024807	x020021	preferred	1000	0.000999000999	1	0	0	INSUFFICIENT_SUPPORT
x024807	x025548	preferred	1000	0.000999000999	1	0	0	INSUFFICIENT_SUPPORT
x024807	x041257	preferred	1000	0.000999000999	1	0	0	INSUFFICIENT_SUPPORT
x024928	x002977	preferred	1000	0.000999000999	1	0	0	INSUFFICIENT_SUPPORT
x024928	x003198	preferred	1000	0.000999000999	1	0	0	INSUFFICIENT_SUPPORT
x024928	x005072	preferred	1000	0.000999000999	1	0	0	INSUFFICIENT_SUPPORT
x024928	x014830	preferred	1000	0.000999000999	1	0	0	INSUFFICIENT_SUPPORT
x024928	x025011	preferred	1000	0.000999000999	1	0	0	INSUFFICIENT_SUPPORT
x024928	x025549	preferred	1000	0.000999000999	1	0	0	INSUFFICIENT_SUPPORT
x024928	x037859	preferred	1000	0.000999000999	1	0	0	INSUFFICIENT_SUPPORT
x024928	x038538	preferred	1000	0.000999000999	1	0	0	INSUFFICIENT_SUPPORT
x024928	x038539	preferred	1000	0.000999000999	1	0	0	INSUFFICIENT_SUPPORT
x024928	x038542	preferred	1000	0.000999000999	1	0	0	INSUFFICIENT_SUPPORT
x024928	x040636	preferred	1000	0.000999000999	1	0	0	INSUFFICIENT_SUPPORT
x024929	x000108	preferred	1000	0.000999000999	1	0	0	INSUFFICIENT_SUPPORT
x024929	x002342	preferred	1000	0.000999000999	1	0	0	INSUFFICIENT_SUPPORT
x024929	x003199	preferred	1000	0.000999000999	1	0	0	INSUFFICIENT_SUPPORT
x024929	x025545	preferred	1000	0.000999000999	1	0	0	INSUFFICIENT_SUPPORT
x024929	x025555	preferred	1000	0.000999000999	1	0	0	INSUFFICIENT_SUPPORT
x024929	x038542	preferred	1000	0.000999000999	1	0	0	INSUFFICIENT_SUPPORT
x024930	x000106	preferred	1000	0.000999000999	1	0	0	INSUFFICIENT_SUPPORT
x024930	x000109	preferred	1000	0.000999000999	1	0	0	INSUFFICIENT_SUPPORT
x024930	x002980	preferred	1000	0.000999000999	1	0	0	INSUFFICIENT_SUPPORT
x024930	x003192	preferred	1000	0.000999000999	1	0	0	INSUFFICIENT_SUPPORT
x024930	x017380	preferred	1000	0.000999000999	1	0	0	INSUFFICIENT_SUPPORT
x024930	x025397	preferred	1000	0.000999000999	1	0	0	INSUFFICIENT_SUPPORT
x024930	x025552	preferred	1000	0.000999000999	1	0	0	INSUFFICIENT_SUPPORT
x024930	x025553	preferred	1000	0.000999000999	1	0	0	INSUFFICIENT_SUPPORT
x024930	x032445	preferred	1000	0.000999000999	1	0	0	INSUFFICIENT_SUPPORT
x024930	x037954	preferred	1000	0.000999000999	1	0	0	INSUFFICIENT_SUPPORT
x024930	x038538	preferred	1000	0.000999000999	1	0	0	INSUFFICIENT_SUPPORT
x024930	x040637	preferred	1000	0.000999000999	1	0	0	INSUFFICIENT_SUPPORT
x024931	x000108	preferred	1000	0.000999000999	1	0	0	INSUFFICIENT_SUPPORT
x024931	x002338	preferred	1000	0.000999000999	1	0	0	INSUFFICIENT_SUPPORT
x024931	x002977	preferred	1000	0.000999000999	1	0	0	INSUFFICIENT_SUPPORT
x024931	x017377	preferred	1000	0.000999000999	1	0	0	INSUFFICIENT_SUPPORT
x024931	x017381	preferred	1000	0.000999000999	1	0	0	INSUFFICIENT_SUPPORT
x024931	x031711	preferred	1000	0.000999000999	1	0	0	INSUFFICIENT_SUPPORT
x024931	x034499	preferred	1000	0.000999000999	1	0	0	INSUFFICIENT_SUPPORT
x024931	x037860	preferred	1000	0.000999000999	1	0	0	INSUFFICIENT_SUPPORT
x024931	x038063	preferred	1000	0.000999000999	1	0	0	INSUFFICIENT_SUPPORT
x024931	x038537	preferred	1000	0.000999000999	1	0	0	INSUFFICIENT_SUPPORT
x024932	x000105	preferred	1000	0.000999000999	1	0	0	INSUFFICIENT_SUPPORT
x024932	x000107	preferred	1000	0.000999000999	1	0	0	INSUFFICIENT_SUPPORT
x024932	x002337	preferred	1000	0.000999000999	1	0	0	INSUFFICIENT_SUPPORT
x024932	x002342	preferred	1000	0.000999000999	1	0	0	INSUFFICIENT_SUPPORT
x024932	x002977	preferred	1000	0.000999000999	1	0	0	INSUFFICIENT_SUPPORT
x024932	x017376	preferred	1000	0.000999000999	1	0	0	INSUFFICIENT_SUPPORT
x024932	x017380	preferred	1000	0.000999000999	1	0	0	INSUFFICIENT_SUPPORT
x024932	x018876	preferred	1000	0.000999000999	1	0	0	INSUFFICIENT_SUPPORT
x024932	x037848	preferred	1000	0.000999000999	1	0	0	INSUFFICIENT_SUPPORT
x024932	x040637	preferred	1000	0.000999000999	1	0	0	INSUFFICIENT_SUPPORT
x024933	x000105	preferred	1000	0.000999000999	1	0	0	INSUFFICIENT_SUPPORT
x024933	x000108	preferred	1000	0.000999000999	1	0	0	INSUFFICIENT_SUPPORT
x024933	x002977	preferred	1000	0.000999000999	1	0	0	INSUFFICIENT_SUPPORT
x024933	x002979	preferred	1000	0.000999000999	1	0	0	INSUFFICIENT_SUPPORT
x024933	x005075	preferred	1000	0.000999000999	1	0	0	INSUFFICIENT_SUPPORT
x024933	x005078	preferred	1000	0.000999000999	1	0	0	INSUFFICIENT_SUPPORT
x024933	x017377	preferred	1000	0.000999000999	1	0	0	INSUFFICIENT_SUPPORT
x024933	x017410	preferred	1000	0.000999000999	1	0	0	INSUFFICIENT_SUPPORT
x024933	x020633	preferred	1000	0.000999000999	1	0	0	INSUFFICIENT_SUPPORT
x024934	x001394	preferred	1000	0.000999000999	1	0	0	INSUFFICIENT_SUPPORT
x024934	x002339	preferred	1000	0.000999000999	1	0	0	INSUFFICIENT_SUPPORT
x024934	x017378	preferred	1000	0.000999000999	1	0	0	INSUFFICIENT_SUPPORT
x024934	x018259	preferred	1000	0.000999000999	1	0	0	INSUFFICIENT_SUPPORT
x024934	x025552	preferred	1000	0.000999000999	1	0	0	INSUFFICIENT_SUPPORT
x024934	x034496	preferred	1000	0.000999000999	1	0	0	INSUFFICIENT_SUPPORT
x024934	x034503	preferred	1000	0.000999000999	1	0	0	INSUFFICIENT_SUPPORT
x024934	x038541	preferred	1000	0.000999000999	1	0	0	INSUFFICIENT_SUPPORT
x024934	x038543	preferred	1000	0.000999000999	1	0	0	INSUFFICIENT_SUPPORT
x024935	x000105	preferred	1000	0.000999000999	1	0	0	INSUFFICIENT_SUPPORT
x024935	x000111	preferred	1000	0.000999000999	1	0	0	INSUFFICIENT_SUPPORT
x024935	x003192	preferred	1000	0.000999000999	1	0	0	INSUFFICIENT_SUPPORT
x024935	x017377	preferred	1000	0.000999000999	1	0	0	INSUFFICIENT_SUPPORT
x024935	x018876	preferred	1000	0.000999000999	1	0	0	INSUFFICIENT_SUPPORT
x024935	x025550	preferred	1000	0.000999000999	1	0	0	INSUFFICIENT_SUPPORT
x024935	x032445	preferred	1000	0.000999000999	1	0	0	INSUFFICIENT_SUPPORT
x024935	x034503	preferred	1000	0.000999000999	1	0	0	INSUFFICIENT_SUPPORT
x024935	x037862	preferred	1000	0.000999000999	1	0	0	INSUFFICIENT_SUPPORT
x025008	x007100	preferred	1000	0.000999000999	1	0	0	INSUFFICIENT_SUPPORT
x025008	x017413	preferred	1000	0.000999000999	1	0	0	INSUFFICIENT_SUPPORT
x025008	x018259	preferred	1000	0.000999000999	1	0	0	INSUFFICIENT_SUPPORT
x025008	x018501	preferred	1000	0.000999000999	1	0	0	INSUFFICIENT_SUPPORT
x025008	x018502	preferred	1000	0.000999000999	1	0	0	INSUFFICIENT_SUPPORT
x025008	x018503	preferred	1000	0.000999000999	1	0	0	INSUFFICIENT_SUPPORT
x025008	x037862	preferred	1000	0.000999000999	1	0	0	INSUFFICIENT_SUPPORT
x025009	x001430	preferred	1000	0.000999000999	1	0	0	INSUFFICIENT_SUPPORT
x025009	x002105	preferred	1000	0.000999000999	1	0	0	INSUFFICIENT_SUPPORT
x025009	x007099	preferred	1000	0.000999000999	1	0	0	INSUFFICIENT_SUPPORT
x025009	x018498	preferred	1000	0.000999000999	1	0	0	INSUFFICIENT_SUPPORT
x025009	x020023	preferred	1000	0.000999000999	1	0	0	INSUFFICIENT_SUPPORT
x025011	x001427	preferred	1000	0.000999000999	1	0	0	INSUFFICIENT_SUPPORT
x025011	x018503	preferred	1000	0.000999000999	1	0	0	INSUFFICIENT_SUPPORT
x025011	x025661	preferred	1000	0.000999000999	1	0	0	INSUFFICIENT_SUPPORT
x025011	x037957	preferred	1000	0.000999000999	1	0	0	INSUFFICIENT_SUPPORT
x025011	x038536	preferred	1000	0.000999000999	1	0	0	INSUFFICIENT_SUPPORT
x025014	x018502	preferred	1000	0.000999000999	1	0	0	INSUFFICIENT_SUPPORT
x025014	x018561	preferred	1000	0.000999000999	1	0	0	INSUFFICIENT_SUPPORT
x025014	x018563	preferred	1000	0.000999000999	1	0	0	INSUFFICIENT_SUPPORT
x025014	x018875	preferred	1000	0.000999000999	1	0	0	INSUFFICIENT_SUPPORT
x025014	x032442	preferred	1000	0.000999000999	1	0	0	INSUFFICIENT_SUPPORT
x025014	x037848	preferred	1000	0.000999000999	1	0	0	INSUFFICIENT_SUPPORT
x025014	x037851	preferred	1000	0.000999000999	1	0	0	INSUFFICIENT_SUPPORT
x025014	x037855	preferred	1000	0.000999000999	1	0	0	INSUFFICIENT_SUPPORT
x025014	x041262	preferred	1000	0.000999000999	1	0	0	INSUFFICIENT_SUPPORT
x025014	x042465	preferred	1000	0.000999000999	1	0	0	INSUFFICIENT_SUPPORT
x025015	x000110	preferred	1000	0.000999000999	1	0	0	INSUFFICIENT_SUPPORT
x025015	x001429	preferred	1000	0.000999000999	1	0	0	INSUFFICIENT_SUPPORT
x025015	x010939	preferred	1000	0.000999000999	1	0	0	INSUFFICIENT_SUPPORT
x025015	x018498	preferred	1000	0.000999000999	1	0	0	INSUFFICIENT_SUPPORT
x025015	x018872	preferred	1000	0.000999000999	1	0	0	INSUFFICIENT_SUPPORT
x025015	x020017	preferred	1000	0.000999000999	1	0	0	INSUFFICIENT_SUPPORT
x025015	x025394	preferred	1000	0.000999000999	1	0	0	INSUFFICIENT_SUPPORT
x025015	x037849	preferred	1000	0.000999000999	1	0	0	INSUFFICIENT_SUPPORT
x025015	x037852	preferred	1000	0.000999000999	1	0	0	INSUFFICIENT_SUPPORT
x025015	x037856	preferred	1000	0.000999000999	1	0	0	INSUFFICIENT_SUPPORT
x025015	x037913	preferred	1000	0.000999000999	1	0	0	INSUFFICIENT_SUPPORT
x025015	x041661	preferred	1000	0.000999000999	1	0	0	INSUFFICIENT_SUPPORT
x025015	x042111	preferred	1000	0.000999000999	1	0	0	INSUFFICIENT_SUPPORT
x025392	x000105	depleted	1000	0.9320679321	1	1	0.5040924853	EXPECTED_FROM_NULL
x025392	x000106	preferred	1000	1	1	0	0.533955353	EXPECTED_FROM_NULL
x025392	x000108	preferred	1000	1	1	0	0.6764391519	EXPECTED_FROM_NULL
x025392	x000109	depleted	1000	0.8981018981	1	0	0.3509263499	EXPECTED_FROM_NULL
x025392	x000110	depleted	1000	0.9000999001	1	0	0.4959625531	EXPECTED_FROM_NULL
x025392	x001399	preferred	1000	1	1	0	0.5215892107	EXPECTED_FROM_NULL
x025392	x002104	depleted	1000	0.9350649351	1	0	0.3897341196	EXPECTED_FROM_NULL
x025392	x014826	preferred	1000	0.01598401598	0.2517482517	1	0.358228867	EXPECTED_FROM_NULL
x025392	x016452	preferred	1000	1	1	0	0.2738482476	EXPECTED_FROM_NULL
x025392	x016455	preferred	1000	0.01298701299	0.2517482517	1	0.2738482476	EXPECTED_FROM_NULL
x025392	x017889	preferred	1000	1	1	0	0.4683940979	EXPECTED_FROM_NULL
x025392	x017890	depleted	1000	0.9410589411	1	0	0.3259275329	EXPECTED_FROM_NULL
x025392	x017891	depleted	1000	0.999000999	1	1	0.5377120656	EXPECTED_FROM_NULL
x025392	x017892	depleted	1000	0.9120879121	1	0	0.4176000891	EXPECTED_FROM_NULL
x025392	x017895	depleted	1000	0.975024975	1	0	0.7346656273	EXPECTED_FROM_NULL
x025392	x020017	depleted	1000	0.969030969	1	0	0.3969351277	EXPECTED_FROM_NULL
x025392	x020018	preferred	1000	1	1	0	0.7019230112	EXPECTED_FROM_NULL
x025392	x020019	depleted	1000	0.962037962	1	0	0.3917296457	EXPECTED_FROM_NULL
x025392	x020020	preferred	1000	1	1	0	0.6340191463	EXPECTED_FROM_NULL
x025392	x020021	preferred	1000	1	1	0	0.8013814839	EXPECTED_FROM_NULL
x025392	x025547	preferred	1000	1	1	1	0.2738482476	EXPECTED_FROM_NULL
x025392	x025760	preferred	1000	1	1	0	0.4213526177	EXPECTED_FROM_NULL
x025392	x025761	preferred	1000	1	1	0	0.2738482476	EXPECTED_FROM_NULL
x025392	x025765	preferred	1000	1	1	0	0.4796188927	EXPECTED_FROM_NULL
x025392	x025766	preferred	1000	1	1	0	0.4455862974	EXPECTED_FROM_NULL
x025392	x025893	preferred	1000	1	1	0	0.2738482476	EXPECTED_FROM_NULL
x025392	x037855	preferred	1000	0.04595404595	0.2919955581	1	0.3951361892	EXPECTED_FROM_NULL
x025392	x037856	depleted	1000	0.8771228771	1	0	0.3465431817	EXPECTED_FROM_NULL
x025392	x037857	depleted	1000	0.9040959041	1	0	0.3171170616	EXPECTED_FROM_NULL
x025392	x037858	depleted	1000	0.985014985	1	1	0.3325252429	EXPECTED_FROM_NULL
x025392	x037859	depleted	1000	0.989010989	1	1	0.3737168104	EXPECTED_FROM_NULL
x025392	x037860	depleted	1000	0.987012987	1	1	0.4257245642	EXPECTED_FROM_NULL
x025392	x037861	depleted	1000	0.999000999	1	0.6666666667	0.5323645631	EXPECTED_FROM_NULL
x025392	x037862	depleted	1000	0.8401598402	1	0	0.2769557291	EXPECTED_FROM_NULL
x025392	x037863	depleted	1000	0.8191808192	1	0	0.3328303929	EXPECTED_FROM_NULL
x025392	x037901	preferred	1000	1	1	0	0.3321562017	EXPECTED_FROM_NULL
x025392	x037903	preferred	1000	0.02397602398	0.2517482517	1	0.3507066012	EXPECTED_FROM_NULL
x025392	x038105	preferred	1000	1	1	0	0.4924017753	EXPECTED_FROM_NULL
x025392	x038106	preferred	1000	1	1	0	0.4889952034	EXPECTED_FROM_NULL
x025392	x038107	depleted	1000	0.9400599401	1	0	0.4872752267	EXPECTED_FROM_NULL
x025392	x038111	preferred	1000	1	1	0	0.2738482476	EXPECTED_FROM_NULL
x025392	x040257	preferred	1000	1	1	0	0.3442156168	EXPECTED_FROM_NULL
x025392	x040260	preferred	1000	1	1	0	0.4556953347	EXPECTED_FROM_NULL
x025392	x040261	preferred	1000	1	1	0	0.4109849391	EXPECTED_FROM_NULL
x025392	x040263	preferred	1000	1	1	0	0.4556953347	EXPECTED_FROM_NULL
x025392	x041530	preferred	1000	1	1	0	0.3600536918	EXPECTED_FROM_NULL
x025392	x042818	preferred	1000	1	1	0	0.3126920106	EXPECTED_FROM_NULL
x025393	x000104	depleted	1000	0.973026973	1	0	0.3964021899	EXPECTED_FROM_NULL
x025393	x000105	depleted	1000	0.9090909091	1	0	0.3975508568	EXPECTED_FROM_NULL
x025393	x000107	depleted	1000	0.9390609391	1	0	0.6493158814	EXPECTED_FROM_NULL
x025393	x000108	depleted	1000	0.954045954	1	0	0.5338490945	EXPECTED_FROM_NULL
x025393	x000109	depleted	1000	0.8871128871	1	0	0.3432704464	EXPECTED_FROM_NULL
x025393	x000110	depleted	1000	0.996003996	1	1	0.6567352069	EXPECTED_FROM_NULL
x025393	x000111	depleted	1000	0.9210789211	1	0	0.2969823271	EXPECTED_FROM_NULL
x025393	x001424	depleted	1000	1	1	0	0.4908965459	EXPECTED_FROM_NULL
x025393	x016455	preferred	1000	1	1	0	0.4562456031	EXPECTED_FROM_NULL
x025393	x017672	preferred	1000	1	1	1	0.2796459461	EXPECTED_FROM_NULL
x025393	x017677	preferred	1000	1	1	0	0.2514462257	EXPECTED_FROM_NULL
x025393	x017837	preferred	1000	1	1	0	0.7751383986	EXPECTED_FROM_NULL
x025393	x017888	depleted	1000	0.9250749251	1	1	0.4947798847	EXPECTED_FROM_NULL
x025393	x017889	preferred	1000	0.01098901099	0.2517482517	1	0.6173380166	EXPECTED_FROM_NULL
x025393	x017890	preferred	1000	0.01598401598	0.2517482517	1	0.3701965039	EXPECTED_FROM_NULL
x025393	x017895	depleted	1000	0.9490509491	1	0	0.4972495485	EXPECTED_FROM_NULL
x025393	x020021	depleted	1000	0.9430569431	1	0	0.5045148887	EXPECTED_FROM_NULL
x025393	x021785	preferred	1000	1	1	0	0.2514462257	EXPECTED_FROM_NULL
x025393	x024243	depleted	1000	0.9460539461	1	0	0.434093846	EXPECTED_FROM_NULL
x025393	x024245	preferred	1000	1	1	0	0.3450778217	EXPECTED_FROM_NULL
x025393	x024247	preferred	10000	0.01179882012	0.2517482517	1	0.4126889786	EXPECTED_FROM_NULL
x025393	x024804	preferred	1000	0.02197802198	0.2517482517	1	0.3020134819	EXPECTED_FROM_NULL
x025393	x025547	preferred	1000	1	1	0	0.3247388249	EXPECTED_FROM_NULL
x025393	x025763	preferred	1000	1	1	0	0.2514462257	EXPECTED_FROM_NULL
x025393	x037853	depleted	1000	1	1	1	0.434093846	EXPECTED_FROM_NULL
x025393	x037856	depleted	1000	0.9210789211	1	0	0.6190446365	EXPECTED_FROM_NULL
x025393	x037857	depleted	1000	0.977022977	1	1	0.4233001271	EXPECTED_FROM_NULL
x025393	x037858	depleted	1000	0.8751248751	1	0	0.3682809921	EXPECTED_FROM_NULL
x025393	x037859	depleted	1000	0.8871128871	1	1	0.4106504425	EXPECTED_FROM_NULL
x025393	x037860	depleted	1000	0.8391608392	1	0	0.3506385321	EXPECTED_FROM_NULL
x025393	x037861	depleted	1000	0.8661338661	1	0	0.3555021458	EXPECTED_FROM_NULL
x025393	x037862	depleted	1000	0.8781218781	1	0	0.3418674414	EXPECTED_FROM_NULL
x025393	x037863	depleted	1000	1	1	0.3333333333	0.5783953962	EXPECTED_FROM_NULL
x025393	x037882	preferred	1000	1	1	0	0.3247388249	EXPECTED_FROM_NULL
x025393	x037901	preferred	1000	1	1	0	0.3247388249	EXPECTED_FROM_NULL
x025393	x038107	preferred	1000	1	1	0	0.4562456031	EXPECTED_FROM_NULL
x025393	x040257	preferred	1000	0.01198801199	0.2517482517	1	0.2514462257	EXPECTED_FROM_NULL
x025393	x040262	preferred	1000	1	1	0	0.3232572234	EXPECTED_FROM_NULL
x025394	x000105	depleted	1000	0.9380619381	1	0	0.6292996231	EXPECTED_FROM_NULL
x025394	x000106	depleted	1000	1	1	1	0.5757332868	EXPECTED_FROM_NULL
x025394	x000107	depleted	1000	0.9200799201	1	1	0.4852098177	EXPECTED_FROM_NULL
x025394	x000108	depleted	1000	0.997002997	1	1	0.7387247249	EXPECTED_FROM_NULL
x025394	x001088	depleted	1000	0.97002997	1	1	0.8365273556	EXPECTED_FROM_NULL
x025394	x017676	preferred	1000	1	1	0	0.5591165763	EXPECTED_FROM_NULL
x025394	x017839	preferred	1000	1	1	0	0.3952054685	EXPECTED_FROM_NULL
x025394	x017888	preferred	1000	1	1	0	0.3952054685	EXPECTED_FROM_NULL
x025394	x017889	preferred	1000	1	1	0	0.3952054685	EXPECTED_FROM_NULL
x025394	x017890	preferred	1000	1	1	0	0.3952054685	EXPECTED_FROM_NULL
x025394	x017892	preferred	1000	1	1	0	0.5162058297	EXPECTED_FROM_NULL
x025394	x017893	preferred	1000	1	1	0	0.4611579566	EXPECTED_FROM_NULL
x025394	x017894	preferred	1000	1	1	0	0.3952054685	EXPECTED_FROM_NULL
x025394	x017895	preferred	1000	1	1	0	0.3952054685	EXPECTED_FROM_NULL
x025394	x020017	depleted	1000	0.966033966	1	0	0.5007411172	EXPECTED_FROM_NULL
x025394	x020018	depleted	1000	1	1	0	0.787857744	EXPECTED_FROM_NULL
x025394	x020020	preferred	1000	1	1	0	0.5835463709	EXPECTED_FROM_NULL
x025394	x022958	preferred	1000	0.04495504496	0.2919955581	1	0.5486541167	EXPECTED_FROM_NULL
x025394	x024240	depleted	1000	1	1	0	0.4824734332	EXPECTED_FROM_NULL
x025394	x024242	preferred	1000	0.02997002997	0.2631913541	1	0.7864595028	EXPECTED_FROM_NULL
x025394	x025760	preferred	1000	1	1	0	0.3952054685	EXPECTED_FROM_NULL
x025394	x025762	preferred	1000	1	1	0	0.3952054685	EXPECTED_FROM_NULL
x025394	x037848	preferred	1000	1	1	0	0.5437517473	EXPECTED_FROM_NULL
x025394	x037854	preferred	1000	0.03996003996	0.286644049	1	0.597750352	EXPECTED_FROM_NULL
x025394	x037856	depleted	1000	0.8351648352	1	0	0.4106667369	EXPECTED_FROM_NULL
x025394	x037857	depleted	1000	0.997002997	1	1	0.3857586767	EXPECTED_FROM_NULL
x025394	x037858	depleted	1000	0.985014985	1	0	0.7102768481	EXPECTED_FROM_NULL
x025394	x037859	depleted	1000	0.8831168831	1	0	0.5669202373	EXPECTED_FROM_NULL
x025394	x037860	depleted	1000	0.992007992	1	1	0.4197603739	EXPECTED_FROM_NULL
x025394	x037861	depleted	1000	0.8801198801	1	0	0.5006126881	EXPECTED_FROM_NULL
x025394	x037862	depleted	1000	0.8651348651	1	0	0.3703387228	EXPECTED_FROM_NULL
x025394	x037863	depleted	1000	0.999000999	1	0.5	0.7387247249	EXPECTED_FROM_NULL
x025394	x037903	preferred	1000	1	1	0	0.3952054685	EXPECTED_FROM_NULL
x025394	x038108	preferred	1000	1	1	0	0.3952054685	EXPECTED_FROM_NULL
x025394	x038110	preferred	1000	1	1	0	0.4566732971	EXPECTED_FROM_NULL
x025394	x040259	preferred	1000	1	1	0	0.5591165763	EXPECTED_FROM_NULL
x025394	x040261	preferred	1000	1	1	0	0.3952054685	EXPECTED_FROM_NULL
x025394	x040262	preferred	1000	1	1	0	0.3952054685	EXPECTED_FROM_NULL
x025394	x041528	preferred	1000	1	1	0	0.3952054685	EXPECTED_FROM_NULL
x025394	x041663	preferred	1000	1	1	0	0.5591165763	EXPECTED_FROM_NULL
x025394	x042800	preferred	1000	1	1	0	0.3952054685	EXPECTED_FROM_NULL
x025394	x042807	depleted	1000	1	1	1	0.5009013274	EXPECTED_FROM_NULL
x025394	x042817	preferred	1000	1	1	0	0.5162058297	EXPECTED_FROM_NULL
x025394	x042818	preferred	1000	1	1	0	0.3952054685	EXPECTED_FROM_NULL
x025394	x042820	preferred	1000	1	1	0	0.3952054685	EXPECTED_FROM_NULL
x025395	x000104	depleted	1000	0.8981018981	1	0	0.2708342804	EXPECTED_FROM_NULL
x025395	x000110	depleted	1000	0.957042957	1	0	0.2643011203	EXPECTED_FROM_NULL
x025395	x001090	preferred	1000	1	1	0	0.1609064357	EXPECTED_FROM_NULL
x025395	x001394	preferred	1000	0.04495504496	0.2919955581	1	0.3500346775	EXPECTED_FROM_NULL
x025395	x001396	preferred	1000	0.03496503497	0.2652583019	1	0.2675237833	EXPECTED_FROM_NULL
x025395	x001399	preferred	1000	1	1	0	0.2199740127	EXPECTED_FROM_NULL
x025395	x017672	preferred	1000	1	1	0	0.1848419869	EXPECTED_FROM_NULL
x025395	x017676	preferred	1000	1	1	1	0.1722625662	EXPECTED_FROM_NULL
x025395	x017838	preferred	1000	1	1	0	0.1609064357	EXPECTED_FROM_NULL
x025395	x017888	preferred	1000	1	1	0	0.1879533504	EXPECTED_FROM_NULL
x025395	x017889	preferred	1000	0.04895104895	0.3005511438	1	0.2715264299	EXPECTED_FROM_NULL
x025395	x017890	depleted	1000	0.8961038961	1	0	0.3224865331	EXPECTED_FROM_NULL
x025395	x017891	depleted	1000	0.999000999	1	1	0.3129650717	EXPECTED_FROM_NULL
x025395	x017893	preferred	1000	1	1	0	0.2510557203	EXPECTED_FROM_NULL
x025395	x020016	preferred	1000	1	1	0	0.3795320161	EXPECTED_FROM_NULL
x025395	x020017	preferred	1000	0.06293706294	0.3340505648	1	0.207950598	EXPECTED_FROM_NULL
x025395	x020021	preferred	1000	0.02697302697	0.2554504319	1	0.1951658301	EXPECTED_FROM_NULL
x025395	x020022	preferred	1000	1	1	0	0.1934496382	EXPECTED_FROM_NULL
x025395	x020023	depleted	1000	1	1	1	0.2954070164	EXPECTED_FROM_NULL
x025395	x022952	preferred	1000	1	1	0	0.1874882981	EXPECTED_FROM_NULL
x025395	x022953	preferred	1000	0.01098901099	0.2517482517	1	0.1609064357	EXPECTED_FROM_NULL
x025395	x024241	preferred	1000	1	1	0	0.2231310496	EXPECTED_FROM_NULL
x025395	x024243	preferred	1000	1	1	0	0.1942898852	EXPECTED_FROM_NULL
x025395	x024244	preferred	1000	1	1	0	0.1848419869	EXPECTED_FROM_NULL
x025395	x024245	preferred	1000	1	1	0	0.2166493803	EXPECTED_FROM_NULL
x025395	x024246	preferred	1000	1	1	1	0.2131816128	EXPECTED_FROM_NULL
x025395	x025546	preferred	1000	1	1	0	0.1862559092	EXPECTED_FROM_NULL
x025395	x025551	preferred	1000	1	1	0	0.1942898852	EXPECTED_FROM_NULL
x025395	x025766	preferred	1000	0.01398601399	0.2517482517	1	0.1609064357	EXPECTED_FROM_NULL
x025395	x037849	depleted	1000	0.9440559441	1	0	0.2657578823	EXPECTED_FROM_NULL
x025395	x037850	depleted	1000	0.975024975	1	0	0.6319006431	EXPECTED_FROM_NULL
x025395	x037856	depleted	1000	0.986013986	1	0.5	0.2942562919	EXPECTED_FROM_NULL
x025395	x037857	depleted	1000	0.97002997	1	1	0.1889599651	EXPECTED_FROM_NULL
x025395	x037858	depleted	1000	0.7822177822	1	0	0.2158880363	EXPECTED_FROM_NULL
x025395	x037859	depleted	1000	0.7592407592	1	1	0.2471092007	EXPECTED_FROM_NULL
x025395	x037860	depleted	1000	0.969030969	1	1	0.1952439182	EXPECTED_FROM_NULL
x025395	x037861	depleted	1000	0.999000999	1	0.3333333333	0.290296466	EXPECTED_FROM_NULL
x025395	x037862	depleted	1000	0.974025974	1	1	0.1731449179	EXPECTED_FROM_NULL
x025395	x037863	depleted	1000	0.969030969	1	1	0.1837422904	EXPECTED_FROM_NULL
x025395	x037958	preferred	1000	1	1	0	0.1848419869	EXPECTED_FROM_NULL
x025395	x040256	preferred	10000	0.01379862014	0.2517482517	1	0.1609064357	EXPECTED_FROM_NULL
x025395	x040257	preferred	1000	1	1	0	0.1862559092	EXPECTED_FROM_NULL
x025395	x040262	preferred	1000	1	1	0	0.1609064357	EXPECTED_FROM_NULL
x025395	x040263	preferred	1000	1	1	0	0.2216950526	EXPECTED_FROM_NULL
x025395	x041531	preferred	1000	1	1	0	0.1874882981	EXPECTED_FROM_NULL
x025395	x041656	preferred	1000	1	1	0	0.2216950526	EXPECTED_FROM_NULL
x025395	x041661	preferred	1000	1	1	0	0.2263699211	EXPECTED_FROM_NULL
x025395	x042818	preferred	1000	1	1	0	0.1744021363	EXPECTED_FROM_NULL
x025395	x042820	preferred	1000	1	1	0	0.1854659195	EXPECTED_FROM_NULL
x025396	x000104	depleted	1000	0.953046953	1	1	0.4522355893	EXPECTED_FROM_NULL
x025396	x000105	depleted	1000	0.9270729271	1	0	0.3770784521	EXPECTED_FROM_NULL
x025396	x000108	depleted	1000	0.999000999	1	1	0.4194598826	EXPECTED_FROM_NULL
x025396	x000109	depleted	1000	0.9030969031	1	0	0.3642995529	EXPECTED_FROM_NULL
x025396	x000110	depleted	1000	0.8951048951	1	0	0.2440803434	EXPECTED_FROM_NULL
x025396	x001090	preferred	1000	1	1	0	0.1908423517	EXPECTED_FROM_NULL
x025396	x001094	preferred	1000	1	1	0	0.228220805	EXPECTED_FROM_NULL
x025396	x001396	preferred	1000	0.04595404595	0.2919955581	1	0.2754705651	EXPECTED_FROM_NULL
x025396	x001397	preferred	1000	0.01398601399	0.2517482517	1	0.1908423517	EXPECTED_FROM_NULL
x025396	x001399	preferred	1000	1	1	0	0.250099188	EXPECTED_FROM_NULL
x025396	x017675	preferred	1000	1	1	1	0.2462795952	EXPECTED_FROM_NULL
x025396	x017836	preferred	1000	1	1	0	0.1908423517	EXPECTED_FROM_NULL
x025396	x017837	preferred	1000	1	1	0	0.228220805	EXPECTED_FROM_NULL
x025396	x017891	preferred	1000	1	1	0	0.387705081	EXPECTED_FROM_NULL
x025396	x017895	preferred	1000	0.02297702298	0.2517482517	1	0.3035256361	EXPECTED_FROM_NULL
x025396	x017998	preferred	1000	1	1	0	0.2423595034	EXPECTED_FROM_NULL
x025396	x020020	preferred	1000	1	1	0	0.2864357143	EXPECTED_FROM_NULL
x025396	x020022	preferred	1000	1	1	0	0.1954042934	EXPECTED_FROM_NULL
x025396	x020023	preferred	1000	1	1	0	0.2909148174	EXPECTED_FROM_NULL
x025396	x022523	preferred	1000	1	1	0	0.2504774759	EXPECTED_FROM_NULL
x025396	x024241	preferred	1000	1	1	0	0.2179113466	EXPECTED_FROM_NULL
x025396	x024242	depleted	1000	0.9370629371	1	0	0.3517216132	EXPECTED_FROM_NULL
x025396	x024244	preferred	1000	1	1	0	0.2279546531	EXPECTED_FROM_NULL
x025396	x024247	depleted	1000	0.966033966	1	0	0.4381857171	EXPECTED_FROM_NULL
x025396	x025763	preferred	1000	0.01698301698	0.2517482517	1	0.2268376217	EXPECTED_FROM_NULL
x025396	x025765	preferred	1000	1	1	0	0.2220654785	EXPECTED_FROM_NULL
x025396	x034245	preferred	1000	1	1	0	0.2083168133	EXPECTED_FROM_NULL
x025396	x034673	preferred	1000	1	1	0	0.2775130933	EXPECTED_FROM_NULL
x025396	x034676	preferred	1000	1	1	1	0.2268376217	EXPECTED_FROM_NULL
x025396	x034678	preferred	1000	1	1	0	0.2083168133	EXPECTED_FROM_NULL
x025396	x037855	preferred	1000	0.04395604396	0.2919955581	1	0.3461962047	EXPECTED_FROM_NULL
x025396	x037856	depleted	1000	0.998001998	1	0.3333333333	0.3104085562	EXPECTED_FROM_NULL
x025396	x037858	depleted	1000	0.7212787213	1	1	0.2375564141	EXPECTED_FROM_NULL
x025396	x037859	depleted	1000	0.7782217782	1	0	0.2517215055	EXPECTED_FROM_NULL
x025396	x037860	depleted	1000	0.972027972	1	1	0.3020193496	EXPECTED_FROM_NULL
x025396	x037861	depleted	1000	0.8131868132	1	0	0.2257831946	EXPECTED_FROM_NULL
x025396	x037862	depleted	1000	0.982017982	1	1	0.2283585628	EXPECTED_FROM_NULL
x025396	x037863	depleted	1000	0.7522477522	1	0	0.2475382407	EXPECTED_FROM_NULL
x025396	x037882	preferred	1000	1	1	0	0.2268376217	EXPECTED_FROM_NULL
x025396	x038106	preferred	1000	0.04895104895	0.3005511438	1	0.4511832544	EXPECTED_FROM_NULL
x025396	x038107	preferred	1000	1	1	0	0.2864357143	EXPECTED_FROM_NULL
x025396	x040259	preferred	1000	1	1	1	0.2136575605	EXPECTED_FROM_NULL
x025396	x040263	preferred	1000	1	1	0	0.2083168133	EXPECTED_FROM_NULL
x025396	x040634	preferred	1000	1	1	0	0.2241328722	EXPECTED_FROM_NULL
x025396	x041531	preferred	1000	1	1	0	0.2024446944	EXPECTED_FROM_NULL
x025396	x042801	preferred	1000	1	1	0	0.2834868365	EXPECTED_FROM_NULL
x025396	x042817	preferred	1000	1	1	0	0.2743506262	EXPECTED_FROM_NULL
x025397	x000104	depleted	1000	0.8431568432	1	0	0.173778899	EXPECTED_FROM_NULL
x025397	x000105	depleted	1000	0.8131868132	1	0	0.2369269305	EXPECTED_FROM_NULL
x025397	x000110	depleted	1000	0.8671328671	1	0	0.1915191979	EXPECTED_FROM_NULL
x025397	x001093	preferred	1000	1	1	0	0.1766952512	EXPECTED_FROM_NULL
x025397	x001393	preferred	1000	1	1	0	0.1550221722	EXPECTED_FROM_NULL
x025397	x001637	preferred	1000	1	1	0	0.1532656922	EXPECTED_FROM_NULL
x025397	x017038	preferred	1000	1	1	0	0.1228920443	EXPECTED_FROM_NULL
x025397	x017832	preferred	1000	1	1	1	0.156722804	EXPECTED_FROM_NULL
x025397	x017837	preferred	1000	1	1	0	0.1686701431	EXPECTED_FROM_NULL
x025397	x017839	preferred	1000	0.03396603397	0.2631913541	1	0.1819495282	EXPECTED_FROM_NULL
x025397	x017889	depleted	1000	0.9210789211	1	1	0.2993398451	EXPECTED_FROM_NULL
x025397	x017892	depleted	1000	0.996003996	1	1	0.2260275367	EXPECTED_FROM_NULL
x025397	x017893	depleted	1000	0.978021978	1	0	0.1799454948	EXPECTED_FROM_NULL
x025397	x017894	depleted	1000	0.8971028971	1	0	0.2549597085	EXPECTED_FROM_NULL
x025397	x020017	preferred	1000	1	1	0	0.2036839294	EXPECTED_FROM_NULL
x025397	x020018	depleted	1000	0.957042957	1	0	0.2681148356	EXPECTED_FROM_NULL
x025397	x020019	depleted	1000	0.9260739261	1	0	0.1977682967	EXPECTED_FROM_NULL
x025397	x020022	preferred	1000	1	1	0	0.217865824	EXPECTED_FROM_NULL
x025397	x022521	preferred	1000	1	1	0	0.17948983	EXPECTED_FROM_NULL
x025397	x022954	preferred	1000	1	1	0	0.1694316111	EXPECTED_FROM_NULL
x025397	x023924	preferred	1000	1	1	1	0.1673420806	EXPECTED_FROM_NULL
x025397	x024240	preferred	1000	1	1	1	0.1443431017	EXPECTED_FROM_NULL
x025397	x024241	preferred	1000	1	1	0	0.2188081864	EXPECTED_FROM_NULL
x025397	x024243	preferred	1000	1	1	1	0.1895682473	EXPECTED_FROM_NULL
x025397	x024245	preferred	1000	1	1	0	0.1516761875	EXPECTED_FROM_NULL
x025397	x025760	preferred	1000	0.06193806194	0.3311743607	1	0.1957475785	EXPECTED_FROM_NULL
x025397	x025764	preferred	1000	0.04695304695	0.2919955581	1	0.1737156323	EXPECTED_FROM_NULL
x025397	x025765	preferred	1000	0.02997002997	0.2631913541	1	0.2433866215	EXPECTED_FROM_NULL
x025397	x025766	preferred	1000	1	1	0	0.1737156323	EXPECTED_FROM_NULL
x025397	x025767	preferred	1000	1	1	0	0.1616643305	EXPECTED_FROM_NULL
x025397	x033310	preferred	1000	1	1	0	0.1362531041	EXPECTED_FROM_NULL
x025397	x037856	depleted	1000	0.971028971	1	0.5	0.2205122132	EXPECTED_FROM_NULL
x025397	x037857	depleted	1000	0.983016983	1	0.5	0.2159444672	EXPECTED_FROM_NULL
x025397	x037858	depleted	1000	0.951048951	1	1	0.175560514	EXPECTED_FROM_NULL
x025397	x037859	depleted	1000	0.996003996	1	0.5	0.1842113343	EXPECTED_FROM_NULL
x025397	x037860	depleted	1000	1	1	0.3333333333	0.2048238828	EXPECTED_FROM_NULL
x025397	x037861	depleted	1000	0.957042957	1	1	0.1600345119	EXPECTED_FROM_NULL
x025397	x037862	depleted	1000	0.995004995	1	0.5	0.1756758773	EXPECTED_FROM_NULL
x025397	x037863	depleted	1000	0.7042957043	1	0	0.1861441053	EXPECTED_FROM_NULL
x025397	x037903	preferred	1000	1	1	0	0.1357017189	EXPECTED_FROM_NULL
x025397	x038107	preferred	1000	1	1	1	0.1724695726	EXPECTED_FROM_NULL
x025397	x038111	preferred	1000	1	1	0	0.156722804	EXPECTED_FROM_NULL
x025397	x041659	preferred	1000	1	1	0	0.1500014289	EXPECTED_FROM_NULL
x025397	x041662	preferred	1000	1	1	0	0.1634073776	EXPECTED_FROM_NULL
x025397	x042818	preferred	1000	1	1	0	0.1376395215	EXPECTED_FROM_NULL
x025398	x000104	depleted	1000	0.9080919081	1	1	0.2349047658	EXPECTED_FROM_NULL
x025398	x000105	depleted	1000	0.8701298701	1	0	0.2768767902	EXPECTED_FROM_NULL
x025398	x000107	depleted	1000	0.9300699301	1	0	0.2880602518	EXPECTED_FROM_NULL
x025398	x000108	depleted	1000	0.9010989011	1	0	0.3616157466	EXPECTED_FROM_NULL
x025398	x000109	depleted	1000	0.9100899101	1	0	0.3168963094	EXPECTED_FROM_NULL
x025398	x000110	depleted	1000	0.986013986	1	1	0.3512628635	EXPECTED_FROM_NULL
x025398	x000111	depleted	1000	0.9100899101	1	0	0.1891112836	EXPECTED_FROM_NULL
x025398	x017673	preferred	1000	1	1	0	0.1848504084	EXPECTED_FROM_NULL
x025398	x017838	preferred	1000	1	1	1	0.1829687689	EXPECTED_FROM_NULL
x025398	x017891	preferred	1000	1	1	0	0.201721579	EXPECTED_FROM_NULL
x025398	x017894	preferred	1000	1	1	1	0.1992702463	EXPECTED_FROM_NULL
x025398	x020017	depleted	1000	0.98001998	1	0	0.3148677982	EXPECTED_FROM_NULL
x025398	x020019	depleted	1000	0.999000999	1	1	0.2583302316	EXPECTED_FROM_NULL
x025398	x024241	preferred	1000	0.02397602398	0.2517482517	1	0.233952942	EXPECTED_FROM_NULL
x025398	x024242	preferred	1000	1	1	0	0.1989375131	EXPECTED_FROM_NULL
x025398	x024243	preferred	1000	1	1	0	0.2157048422	EXPECTED_FROM_NULL
x025398	x024244	preferred	1000	1	1	0	0.1910038706	EXPECTED_FROM_NULL
x025398	x025555	preferred	1000	1	1	0	0.180042601	EXPECTED_FROM_NULL
x025398	x025761	preferred	1000	1	1	0	0.2836669238	EXPECTED_FROM_NULL
x025398	x034672	preferred	1000	1	1	0	0.2659524192	EXPECTED_FROM_NULL
x025398	x037848	depleted	1000	0.9440559441	1	0	0.3584133721	EXPECTED_FROM_NULL
x025398	x037856	depleted	1000	0.7782217782	1	0	0.2337240837	EXPECTED_FROM_NULL
x025398	x037857	depleted	1000	0.999000999	1	0.5	0.1964928776	EXPECTED_FROM_NULL
x025398	x037858	depleted	1000	0.996003996	1	0.5	0.2653557126	EXPECTED_FROM_NULL
x025398	x037859	depleted	1000	0.8621378621	1	0	0.2370590164	EXPECTED_FROM_NULL
x025398	x037860	depleted	1000	0.7502497502	1	0.5	0.2121894884	EXPECTED_FROM_NULL
x025398	x037861	depleted	1000	0.8301698302	1	0	0.1593878254	EXPECTED_FROM_NULL
x025398	x037862	depleted	1000	0.978021978	1	1	0.2061590812	EXPECTED_FROM_NULL
x025398	x037863	depleted	1000	1	1	0.25	0.3188798707	EXPECTED_FROM_NULL
x025398	x038105	preferred	1000	1	1	0	0.1774209099	EXPECTED_FROM_NULL
x025398	x038109	preferred	1000	1	1	0	0.1774209099	EXPECTED_FROM_NULL
x025398	x040257	preferred	1000	1	1	0	0.2325363254	EXPECTED_FROM_NULL
x025398	x040260	preferred	1000	1	1	0	0.2170830708	EXPECTED_FROM_NULL
x025398	x041533	preferred	1000	1	1	0	0.2145913909	EXPECTED_FROM_NULL
x025398	x041659	preferred	1000	1	1	1	0.1760321919	EXPECTED_FROM_NULL
x025398	x042817	preferred	1000	1	1	0	0.1829687689	EXPECTED_FROM_NULL
x025399	x000104	preferred	1000	1	1	0	0.3637132359	EXPECTED_FROM_NULL
x025399	x000106	depleted	1000	0.953046953	1	0	0.3856389591	EXPECTED_FROM_NULL
x025399	x000108	preferred	10000	0.002399760024	0.2517482517	0.5	0.4053962166	EXPECTED_FROM_NULL
x025399	x000109	depleted	1000	0.9320679321	1	0	0.3209303596	EXPECTED_FROM_NULL
x025399	x000111	depleted	1000	0.994005994	1	1	0.318809479	EXPECTED_FROM_NULL
x025399	x001088	preferred	1000	1	1	0	0.4851787376	EXPECTED_FROM_NULL
x025399	x001092	preferred	1000	0.01898101898	0.2517482517	1	0.2703675344	EXPECTED_FROM_NULL
x025399	x001394	preferred	1000	1	1	0	0.4958412297	EXPECTED_FROM_NULL
x025399	x017672	preferred	1000	1	1	1	0.2217189475	EXPECTED_FROM_NULL
x025399	x017677	preferred	1000	1	1	0	0.346853333	EXPECTED_FROM_NULL
x025399	x017834	preferred	1000	1	1	0	0.3546561769	EXPECTED_FROM_NULL
x025399	x017835	preferred	1000	1	1	0	0.2217189475	EXPECTED_FROM_NULL
x025399	x017836	preferred	1000	1	1	0	0.3546561769	EXPECTED_FROM_NULL
x025399	x017888	preferred	1000	1	1	0	0.2625724271	EXPECTED_FROM_NULL
x025399	x017889	preferred	1000	1	1	0	0.5507168271	EXPECTED_FROM_NULL
x025399	x017890	depleted	1000	0.969030969	1	0	0.3302226452	EXPECTED_FROM_NULL
x025399	x017891	depleted	1000	0.976023976	1	0	0.3830963506	EXPECTED_FROM_NULL
x025399	x017892	preferred	1000	0.04695304695	0.2919955581	1	0.3234478424	EXPECTED_FROM_NULL
x025399	x020019	preferred	1000	0.07192807193	0.3656974604	1	0.4222907403	EXPECTED_FROM_NULL
x025399	x020021	depleted	1000	0.957042957	1	0	0.2654308332	EXPECTED_FROM_NULL
x025399	x024243	preferred	1000	1	1	0	0.2917717738	EXPECTED_FROM_NULL
x025399	x024245	preferred	1000	1	1	0	0.3269716198	EXPECTED_FROM_NULL
x025399	x025766	preferred	1000	1	1	0	0.2217189475	EXPECTED_FROM_NULL
x025399	x025767	preferred	1000	1	1	0	0.346853333	EXPECTED_FROM_NULL
x025399	x034673	preferred	1000	1	1	0	0.2713026405	EXPECTED_FROM_NULL
x025399	x037853	preferred	1000	1	1	0	0.4690588637	EXPECTED_FROM_NULL
x025399	x037856	depleted	1000	0.8261738262	1	0	0.3612002164	EXPECTED_FROM_NULL
x025399	x037857	depleted	1000	0.995004995	1	0.5	0.3588024721	EXPECTED_FROM_NULL
x025399	x037858	depleted	1000	0.8371628372	1	0	0.3429724697	EXPECTED_FROM_NULL
x025399	x037859	depleted	1000	0.981018981	1	1	0.3291878908	EXPECTED_FROM_NULL
x025399	x037860	depleted	1000	0.8261738262	1	0	0.2681712666	EXPECTED_FROM_NULL
x025399	x037861	depleted	1000	1	1	0.5	0.4097387092	EXPECTED_FROM_NULL
x025399	x037862	depleted	1000	0.8711288711	1	0	0.2648156789	EXPECTED_FROM_NULL
x025399	x037863	depleted	1000	0.981018981	1	1	0.2847582292	EXPECTED_FROM_NULL
x025399	x038104	preferred	1000	0.05394605395	0.3077473707	1	0.4323422482	EXPECTED_FROM_NULL
x025399	x038108	preferred	1000	1	1	0	0.5011681096	EXPECTED_FROM_NULL
x025399	x038537	depleted	1000	0.953046953	1	0	0.3728660697	EXPECTED_FROM_NULL
x025399	x040259	preferred	1000	1	1	0	0.3094555133	EXPECTED_FROM_NULL
x025399	x040633	preferred	1000	1	1	0	0.2713026405	EXPECTED_FROM_NULL
x025399	x042801	depleted	1000	0.9190809191	1	0	0.2831776899	EXPECTED_FROM_NULL
x025399	x042802	depleted	1000	0.958041958	1	0	0.4740318521	EXPECTED_FROM_NULL
x025399	x042805	depleted	1000	0.964035964	1	0	0.4491946265	EXPECTED_FROM_NULL
x025399	x042820	preferred	1000	1	1	0	0.2703675344	EXPECTED_FROM_NULL
x025399	x042823	preferred	1000	1	1	0	0.2677673775	EXPECTED_FROM_NULL
x025528	x000108	preferred	1000	0.000999000999	1	0	0	INSUFFICIENT_SUPPORT
x025528	x001428	preferred	1000	0.000999000999	1	0	0	INSUFFICIENT_SUPPORT
x025528	x017890	preferred	1000	0.000999000999	1	0	0	INSUFFICIENT_SUPPORT
x025528	x017891	preferred	1000	0.000999000999	1	0	0	INSUFFICIENT_SUPPORT
x025528	x017895	preferred	1000	0.000999000999	1	0	0	INSUFFICIENT_SUPPORT
x025528	x022953	preferred	1000	0.000999000999	1	0	0	INSUFFICIENT_SUPPORT
x025528	x037856	preferred	1000	0.000999000999	1	0	0	INSUFFICIENT_SUPPORT
x025528	x037857	preferred	1000	0.000999000999	1	0	0	INSUFFICIENT_SUPPORT
x025528	x037858	preferred	1000	0.000999000999	1	0	0	INSUFFICIENT_SUPPORT
x025528	x037859	preferred	1000	0.000999000999	1	0	0	INSUFFICIENT_SUPPORT
x025528	x037860	preferred	1000	0.000999000999	1	0	0	INSUFFICIENT_SUPPORT
x025528	x037862	preferred	1000	0.000999000999	1	0	0	INSUFFICIENT_SUPPORT
x025528	x037863	preferred	1000	0.000999000999	1	0	0	INSUFFICIENT_SUPPORT
x025528	x038110	preferred	1000	0.000999000999	1	0	0	INSUFFICIENT_SUPPORT
x025528	x038536	preferred	1000	0.000999000999	1	0	0	INSUFFICIENT_SUPPORT
x025528	x038539	preferred	1000	0.000999000999	1	0	0	INSUFFICIENT_SUPPORT
x025529	x017891	preferred	1000	0.000999000999	1	0	0	INSUFFICIENT_SUPPORT
x025529	x018879	preferred	1000	0.000999000999	1	0	0	INSUFFICIENT_SUPPORT
x025529	x025765	preferred	1000	0.000999000999	1	0	0	INSUFFICIENT_SUPPORT
x025529	x037856	preferred	1000	0.000999000999	1	0	0	INSUFFICIENT_SUPPORT
x025529	x037857	preferred	1000	0.000999000999	1	0	0	INSUFFICIENT_SUPPORT
x025529	x037858	preferred	1000	0.000999000999	1	0	0	INSUFFICIENT_SUPPORT
x025529	x037859	preferred	1000	0.000999000999	1	0	0	INSUFFICIENT_SUPPORT
x025529	x037861	preferred	1000	0.000999000999	1	0	0	INSUFFICIENT_SUPPORT
x025529	x037863	preferred	1000	0.000999000999	1	0	0	INSUFFICIENT_SUPPORT
x025529	x038539	preferred	1000	0.000999000999	1	0	0	INSUFFICIENT_SUPPORT
x025529	x041663	preferred	1000	0.000999000999	1	0	0	INSUFFICIENT_SUPPORT
x025530	x000106	preferred	1000	0.000999000999	1	0	0	INSUFFICIENT_SUPPORT
x025530	x000108	preferred	1000	0.000999000999	1	0	0	INSUFFICIENT_SUPPORT
x025530	x000111	preferred	1000	0.000999000999	1	0	0	INSUFFICIENT_SUPPORT
x025530	x017893	preferred	1000	0.000999000999	1	0	0	INSUFFICIENT_SUPPORT
x025530	x025762	preferred	1000	0.000999000999	1	0	0	INSUFFICIENT_SUPPORT
x025530	x037856	preferred	1000	0.000999000999	1	0	0	INSUFFICIENT_SUPPORT
x025530	x037857	preferred	1000	0.000999000999	1	0	0	INSUFFICIENT_SUPPORT
x025530	x037858	preferred	1000	0.000999000999	1	0	0	INSUFFICIENT_SUPPORT
x025530	x037859	preferred	1000	0.000999000999	1	0	0	INSUFFICIENT_SUPPORT
x025530	x037860	preferred	1000	0.000999000999	1	0	0	INSUFFICIENT_SUPPORT
x025530	x037861	preferred	1000	0.000999000999	1	0	0	INSUFFICIENT_SUPPORT
x025530	x037862	preferred	1000	0.000999000999	1	0	0	INSUFFICIENT_SUPPORT
x025530	x037863	preferred	1000	0.000999000999	1	0	0	INSUFFICIENT_SUPPORT
x025530	x038108	preferred	1000	0.000999000999	1	0	0	INSUFFICIENT_SUPPORT
x025530	x038270	preferred	1000	0.000999000999	1	0	0	INSUFFICIENT_SUPPORT
x025530	x042819	preferred	1000	0.000999000999	1	0	0	INSUFFICIENT_SUPPORT
x025531	x001399	preferred	1000	0.000999000999	1	0	0	INSUFFICIENT_SUPPORT
x025531	x017836	preferred	1000	0.000999000999	1	0	0	INSUFFICIENT_SUPPORT
x025531	x017891	preferred	1000	0.000999000999	1	0	0	INSUFFICIENT_SUPPORT
x025531	x017894	preferred	1000	0.000999000999	1	0	0	INSUFFICIENT_SUPPORT
x025531	x024247	preferred	1000	0.000999000999	1	0	0	INSUFFICIENT_SUPPORT
x025531	x025761	preferred	1000	0.000999000999	1	0	0	INSUFFICIENT_SUPPORT
x025531	x037849	preferred	1000	0.000999000999	1	0	0	INSUFFICIENT_SUPPORT
x025531	x037856	preferred	1000	0.000999000999	1	0	0	INSUFFICIENT_SUPPORT
x025531	x037858	preferred	1000	0.000999000999	1	0	0	INSUFFICIENT_SUPPORT
x025531	x037859	preferred	1000	0.000999000999	1	0	0	INSUFFICIENT_SUPPORT
x025531	x037860	preferred	1000	0.000999000999	1	0	0	INSUFFICIENT_SUPPORT
x025531	x038106	preferred	1000	0.000999000999	1	0	0	INSUFFICIENT_SUPPORT
x025531	x041660	preferred	1000	0.000999000999	1	0	0	INSUFFICIENT_SUPPORT
x025531	x041663	preferred	1000	0.000999000999	1	0	0	INSUFFICIENT_SUPPORT
x025531	x042111	preferred	1000	0.000999000999	1	0	0	INSUFFICIENT_SUPPORT
x025531	x042822	preferred	1000	0.000999000999	1	0	0	INSUFFICIENT_SUPPORT
x025532	x001424	preferred	1000	0.000999000999	1	0	0	INSUFFICIENT_SUPPORT
x025532	x017891	preferred	1000	0.000999000999	1	0	0	INSUFFICIENT_SUPPORT
x025532	x024243	preferred	1000	0.000999000999	1	0	0	INSUFFICIENT_SUPPORT
x025532	x037855	preferred	1000	0.000999000999	1	0	0	INSUFFICIENT_SUPPORT
x025532	x037856	preferred	1000	0.000999000999	1	0	0	INSUFFICIENT_SUPPORT
x025532	x037859	preferred	1000	0.000999000999	1	0	0	INSUFFICIENT_SUPPORT
x025532	x037860	preferred	1000	0.000999000999	1	0	0	INSUFFICIENT_SUPPORT
x025532	x038108	preferred	1000	0.000999000999	1	0	0	INSUFFICIENT_SUPPORT
x025532	x041658	preferred	1000	0.000999000999	1	0	0	INSUFFICIENT_SUPPORT
x025532	x041659	preferred	1000	0.000999000999	1	0	0	INSUFFICIENT_SUPPORT
x025532	x042817	preferred	1000	0.000999000999	1	0	0	INSUFFICIENT_SUPPORT
x025533	x000109	preferred	1000	0.000999000999	1	0	0	INSUFFICIENT_SUPPORT
x025533	x001425	preferred	1000	0.000999000999	1	0	0	INSUFFICIENT_SUPPORT
x025533	x017891	preferred	1000	0.000999000999	1	0	0	INSUFFICIENT_SUPPORT
x025533	x020016	preferred	1000	0.000999000999	1	0	0	INSUFFICIENT_SUPPORT
x025533	x024243	preferred	1000	0.000999000999	1	0	0	INSUFFICIENT_SUPPORT
x025533	x037855	preferred	1000	0.000999000999	1	0	0	INSUFFICIENT_SUPPORT
x025533	x037858	preferred	1000	0.000999000999	1	0	0	INSUFFICIENT_SUPPORT
x025533	x037859	preferred	1000	0.000999000999	1	0	0	INSUFFICIENT_SUPPORT
x025533	x037860	preferred	1000	0.000999000999	1	0	0	INSUFFICIENT_SUPPORT
x025533	x037861	preferred	1000	0.000999000999	1	0	0	INSUFFICIENT_SUPPORT
x025533	x037862	preferred	1000	0.000999000999	1	0	0	INSUFFICIENT_SUPPORT
x025533	x037863	preferred	1000	0.000999000999	1	0	0	INSUFFICIENT_SUPPORT
x025533	x038539	preferred	1000	0.000999000999	1	0	0	INSUFFICIENT_SUPPORT
x025534	x000109	preferred	1000	0.000999000999	1	0	0	INSUFFICIENT_SUPPORT
x025534	x000111	preferred	1000	0.000999000999	1	0	0	INSUFFICIENT_SUPPORT
x025534	x017839	preferred	1000	0.000999000999	1	0	0	INSUFFICIENT_SUPPORT
x025534	x017889	preferred	1000	0.000999000999	1	0	0	INSUFFICIENT_SUPPORT
x025534	x017893	preferred	1000	0.000999000999	1	0	0	INSUFFICIENT_SUPPORT
x025534	x025544	preferred	1000	0.000999000999	1	0	0	INSUFFICIENT_SUPPORT
x025534	x037856	preferred	1000	0.000999000999	1	0	0	INSUFFICIENT_SUPPORT
x025534	x037857	preferred	1000	0.000999000999	1	0	0	INSUFFICIENT_SUPPORT
x025534	x037858	preferred	1000	0.000999000999	1	0	0	INSUFFICIENT_SUPPORT
x025534	x037859	preferred	1000	0.000999000999	1	0	0	INSUFFICIENT_SUPPORT
x025534	x037860	preferred	1000	0.000999000999	1	0	0	INSUFFICIENT_SUPPORT
x025534	x037861	preferred	1000	0.000999000999	1	0	0	INSUFFICIENT_SUPPORT
x025534	x037862	preferred	1000	0.000999000999	1	0	0	INSUFFICIENT_SUPPORT
x025534	x037863	preferred	1000	0.000999000999	1	0	0	INSUFFICIENT_SUPPORT
x025534	x042803	preferred	1000	0.000999000999	1	0	0	INSUFFICIENT_SUPPORT
x025534	x042820	preferred	1000	0.000999000999	1	0	0	INSUFFICIENT_SUPPORT
x025535	x000106	preferred	1000	0.000999000999	1	0	0	INSUFFICIENT_SUPPORT
x025535	x017890	preferred	1000	0.000999000999	1	0	0	INSUFFICIENT_SUPPORT
x025535	x020017	preferred	1000	0.000999000999	1	0	0	INSUFFICIENT_SUPPORT
x025535	x037856	preferred	1000	0.000999000999	1	0	0	INSUFFICIENT_SUPPORT
x025535	x037857	preferred	1000	0.000999000999	1	0	0	INSUFFICIENT_SUPPORT
x025535	x037858	preferred	1000	0.000999000999	1	0	0	INSUFFICIENT_SUPPORT
x025535	x037860	preferred	1000	0.000999000999	1	0	0	INSUFFICIENT_SUPPORT
x025535	x037861	preferred	1000	0.000999000999	1	0	0	INSUFFICIENT_SUPPORT
x025535	x037862	preferred	1000	0.000999000999	1	0	0	INSUFFICIENT_SUPPORT
x025535	x037863	preferred	1000	0.000999000999	1	0	0	INSUFFICIENT_SUPPORT
x025535	x042109	preferred	1000	0.000999000999	1	0	0	INSUFFICIENT_SUPPORT
x025544	x000164	preferred	1000	0.000999000999	1	0	0	INSUFFICIENT_SUPPORT
x025544	x001428	preferred	1000	0.000999000999	1	0	0	INSUFFICIENT_SUPPORT
x025544	x001431	preferred	1000	0.000999000999	1	0	0	INSUFFICIENT_SUPPORT
x025544	x022523	preferred	1000	0.000999000999	1	0	0	INSUFFICIENT_SUPPORT
x025544	x025392	preferred	1000	0.000999000999	1	0	0	INSUFFICIENT_SUPPORT
x025544	x025398	preferred	1000	0.000999000999	1	0	0	INSUFFICIENT_SUPPORT
x025544	x025399	preferred	1000	0.000999000999	1	0	0	INSUFFICIENT_SUPPORT
x025544	x037849	preferred	1000	0.000999000999	1	0	0	INSUFFICIENT_SUPPORT
x025544	x038543	preferred	1000	0.000999000999	1	0	0	INSUFFICIENT_SUPPORT
x025544	x040639	preferred	1000	0.000999000999	1	0	0	INSUFFICIENT_SUPPORT
x025544	x041257	preferred	1000	0.000999000999	1	0	0	INSUFFICIENT_SUPPORT
x025544	x041660	preferred	1000	0.000999000999	1	0	0	INSUFFICIENT_SUPPORT
x025544	x041803	preferred	1000	0.000999000999	1	0	0	INSUFFICIENT_SUPPORT
x025545	x018564	preferred	1000	0.000999000999	1	0	0	INSUFFICIENT_SUPPORT
x025545	x023520	preferred	1000	0.000999000999	1	0	0	INSUFFICIENT_SUPPORT
x025545	x025008	preferred	1000	0.000999000999	1	0	0	INSUFFICIENT_SUPPORT
x025545	x025392	preferred	1000	0.000999000999	1	0	0	INSUFFICIENT_SUPPORT
x025545	x025395	preferred	1000	0.000999000999	1	0	0	INSUFFICIENT_SUPPORT
x025545	x033096	preferred	1000	0.000999000999	1	0	0	INSUFFICIENT_SUPPORT
x025545	x034497	preferred	1000	0.000999000999	1	0	0	INSUFFICIENT_SUPPORT
x025545	x041245	preferred	1000	0.000999000999	1	0	0	INSUFFICIENT_SUPPORT
x025545	x041656	preferred	1000	0.000999000999	1	0	0	INSUFFICIENT_SUPPORT
x025546	x002342	preferred	1000	0.000999000999	1	0	0	INSUFFICIENT_SUPPORT
x025546	x017294	preferred	1000	0.000999000999	1	0	0	INSUFFICIENT_SUPPORT
x025546	x018500	preferred	1000	0.000999000999	1	0	0	INSUFFICIENT_SUPPORT
x025546	x018877	preferred	1000	0.000999000999	1	0	0	INSUFFICIENT_SUPPORT
x025546	x025395	preferred	1000	0.000999000999	1	0	0	INSUFFICIENT_SUPPORT
x025546	x025399	preferred	1000	0.000999000999	1	0	0	INSUFFICIENT_SUPPORT
x025546	x025743	preferred	1000	0.000999000999	1	0	0	INSUFFICIENT_SUPPORT
x025546	x037848	preferred	1000	0.000999000999	1	0	0	INSUFFICIENT_SUPPORT
x025546	x038536	preferred	1000	0.000999000999	1	0	0	INSUFFICIENT_SUPPORT
x025546	x038537	preferred	1000	0.000999000999	1	0	0	INSUFFICIENT_SUPPORT
x025546	x038542	preferred	1000	0.000999000999	1	0	0	INSUFFICIENT_SUPPORT
x025546	x041245	preferred	1000	0.000999000999	1	0	0	INSUFFICIENT_SUPPORT
x025546	x041259	preferred	1000	0.000999000999	1	0	0	INSUFFICIENT_SUPPORT
x025546	x041662	preferred	1000	0.000999000999	1	0	0	INSUFFICIENT_SUPPORT
x025546	x042109	preferred	1000	0.000999000999	1	0	0	INSUFFICIENT_SUPPORT
x025546	x042806	preferred	1000	0.000999000999	1	0	0	INSUFFICIENT_SUPPORT
x025547	x002339	preferred	1000	0.000999000999	1	0	0	INSUFFICIENT_SUPPORT
x025547	x014826	preferred	1000	0.000999000999	1	0	0	INSUFFICIENT_SUPPORT
x025547	x018872	preferred	1000	0.000999000999	1	0	0	INSUFFICIENT_SUPPORT
x025547	x022521	preferred	1000	0.000999000999	1	0	0	INSUFFICIENT_SUPPORT
x025547	x025392	preferred	1000	0.000999000999	1	0	0	INSUFFICIENT_SUPPORT
x025547	x025393	preferred	1000	0.000999000999	1	0	0	INSUFFICIENT_SUPPORT
x025547	x025394	preferred	1000	0.000999000999	1	0	0	INSUFFICIENT_SUPPORT
x025547	x025395	preferred	1000	0.000999000999	1	0	0	INSUFFICIENT_SUPPORT
x025547	x025396	preferred	1000	0.000999000999	1	0	0	INSUFFICIENT_SUPPORT
x025547	x025399	preferred	1000	0.000999000999	1	0	0	INSUFFICIENT_SUPPORT
x025547	x038542	preferred	1000	0.000999000999	1	0	0	INSUFFICIENT_SUPPORT
x025547	x041658	preferred	1000	0.000999000999	1	0	0	INSUFFICIENT_SUPPORT
x025548	x002106	preferred	1000	0.000999000999	1	0	0	INSUFFICIENT_SUPPORT
x025548	x005254	preferred	1000	0.000999000999	1	0	0	INSUFFICIENT_SUPPORT
x025548	x017288	preferred	1000	0.000999000999	1	0	0	INSUFFICIENT_SUPPORT
x025548	x017410	preferred	1000	0.000999000999	1	0	0	INSUFFICIENT_SUPPORT
x025548	x022520	preferred	1000	0.000999000999	1	0	0	INSUFFICIENT_SUPPORT
x025548	x025392	preferred	1000	0.000999000999	1	0	0	INSUFFICIENT_SUPPORT
x025548	x025395	preferred	1000	0.000999000999	1	0	0	INSUFFICIENT_SUPPORT
x025548	x025396	preferred	1000	0.000999000999	1	0	0	INSUFFICIENT_SUPPORT
x025548	x025656	preferred	1000	0.000999000999	1	0	0	INSUFFICIENT_SUPPORT
x025549	x002339	preferred	1000	0.000999000999	1	0	0	INSUFFICIENT_SUPPORT
x025549	x008318	preferred	1000	0.000999000999	1	0	0	INSUFFICIENT_SUPPORT
x025549	x014830	preferred	1000	0.000999000999	1	0	0	INSUFFICIENT_SUPPORT
x025549	x025398	preferred	1000	0.000999000999	1	0	0	INSUFFICIENT_SUPPORT
x025549	x025785	preferred	1000	0.000999000999	1	0	0	INSUFFICIENT_SUPPORT
x025549	x037848	preferred	1000	0.000999000999	1	0	0	INSUFFICIENT_SUPPORT
x025549	x038540	preferred	1000	0.000999000999	1	0	0	INSUFFICIENT_SUPPORT
x025549	x041659	preferred	1000	0.000999000999	1	0	0	INSUFFICIENT_SUPPORT
x025550	x000108	preferred	1000	0.000999000999	1	0	0	INSUFFICIENT_SUPPORT
x025550	x001424	preferred	1000	0.000999000999	1	0	0	INSUFFICIENT_SUPPORT
x025550	x001430	preferred	1000	0.000999000999	1	0	0	INSUFFICIENT_SUPPORT
x025550	x002342	preferred	1000	0.000999000999	1	0	0	INSUFFICIENT_SUPPORT
x025550	x014824	preferred	1000	0.000999000999	1	0	0	INSUFFICIENT_SUPPORT
x025550	x014831	preferred	1000	0.000999000999	1	0	0	INSUFFICIENT_SUPPORT
x025550	x016900	preferred	1000	0.000999000999	1	0	0	INSUFFICIENT_SUPPORT
x025550	x018501	preferred	1000	0.000999000999	1	0	0	INSUFFICIENT_SUPPORT
x025550	x018872	preferred	1000	0.000999000999	1	0	0	INSUFFICIENT_SUPPORT
x025550	x018873	preferred	1000	0.000999000999	1	0	0	INSUFFICIENT_SUPPORT
x025550	x020020	preferred	1000	0.000999000999	1	0	0	INSUFFICIENT_SUPPORT
x025550	x020022	preferred	1000	0.000999000999	1	0	0	INSUFFICIENT_SUPPORT
x025550	x025394	preferred	1000	0.000999000999	1	0	0	INSUFFICIENT_SUPPORT
x025550	x025396	preferred	1000	0.000999000999	1	0	0	INSUFFICIENT_SUPPORT
x025550	x025397	preferred	1000	0.000999000999	1	0	0	INSUFFICIENT_SUPPORT
x025550	x025399	preferred	1000	0.000999000999	1	0	0	INSUFFICIENT_SUPPORT
x025550	x038543	preferred	1000	0.000999000999	1	0	0	INSUFFICIENT_SUPPORT
x025550	x042464	preferred	1000	0.000999000999	1	0	0	INSUFFICIENT_SUPPORT
x025551	x000163	preferred	1000	0.000999000999	1	0	0	INSUFFICIENT_SUPPORT
x025551	x016902	preferred	1000	0.000999000999	1	0	0	INSUFFICIENT_SUPPORT
x025551	x017293	preferred	1000	0.000999000999	1	0	0	INSUFFICIENT_SUPPORT
x025551	x017994	preferred	1000	0.000999000999	1	0	0	INSUFFICIENT_SUPPORT
x025551	x018497	preferred	1000	0.000999000999	1	0	0	INSUFFICIENT_SUPPORT
x025551	x019939	preferred	1000	0.000999000999	1	0	0	INSUFFICIENT_SUPPORT
x025551	x024740	preferred	1000	0.000999000999	1	0	0	INSUFFICIENT_SUPPORT
x025551	x025394	preferred	1000	0.000999000999	1	0	0	INSUFFICIENT_SUPPORT
x025551	x025395	preferred	1000	0.000999000999	1	0	0	INSUFFICIENT_SUPPORT
x025551	x025663	preferred	1000	0.000999000999	1	0	0	INSUFFICIENT_SUPPORT
x025551	x038163	preferred	1000	0.000999000999	1	0	0	INSUFFICIENT_SUPPORT
x025551	x038541	preferred	1000	0.000999000999	1	0	0	INSUFFICIENT_SUPPORT
x025551	x040222	preferred	1000	0.000999000999	1	0	0	INSUFFICIENT_SUPPORT
x025551	x042800	preferred	1000	0.000999000999	1	0	0	INSUFFICIENT_SUPPORT
x025552	x002110	preferred	1000	0.000999000999	1	0	0	INSUFFICIENT_SUPPORT
x025552	x005104	preferred	1000	0.000999000999	1	0	0	INSUFFICIENT_SUPPORT
x025552	x034500	preferred	1000	0.000999000999	1	0	0	INSUFFICIENT_SUPPORT
x025552	x038063	preferred	1000	0.000999000999	1	0	0	INSUFFICIENT_SUPPORT
x025552	x041941	preferred	1000	0.000999000999	1	0	0	INSUFFICIENT_SUPPORT
x025553	x000110	preferred	1000	0.000999000999	1	0	0	INSUFFICIENT_SUPPORT
x025553	x002979	preferred	1000	0.000999000999	1	0	0	INSUFFICIENT_SUPPORT
x025553	x025551	preferred	1000	0.000999000999	1	0	0	INSUFFICIENT_SUPPORT
x025555	x002109	preferred	1000	0.000999000999	1	0	0	INSUFFICIENT_SUPPORT
x025555	x005104	preferred	1000	0.000999000999	1	0	0	INSUFFICIENT_SUPPORT
x025555	x005105	preferred	1000	0.000999000999	1	0	0	INSUFFICIENT_SUPPORT
x025555	x025546	preferred	1000	0.000999000999	1	0	0	INSUFFICIENT_SUPPORT
x025555	x025547	preferred	1000	0.000999000999	1	0	0	INSUFFICIENT_SUPPORT
x025555	x037853	preferred	1000	0.000999000999	1	0	0	INSUFFICIENT_SUPPORT
x025656	x001392	preferred	1000	0.000999000999	1	0	0	INSUFFICIENT_SUPPORT
x025656	x001394	preferred	1000	0.000999000999	1	0	0	INSUFFICIENT_SUPPORT
x025656	x005110	preferred	1000	0.000999000999	1	0	0	INSUFFICIENT_SUPPORT
x025656	x017377	preferred	1000	0.000999000999	1	0	0	INSUFFICIENT_SUPPORT
x025656	x018872	preferred	1000	0.000999000999	1	0	0	INSUFFICIENT_SUPPORT
x025656	x024931	preferred	1000	0.000999000999	1	0	0	INSUFFICIENT_SUPPORT
x025656	x025392	preferred	1000	0.000999000999	1	0	0	INSUFFICIENT_SUPPORT
x025656	x025738	preferred	1000	0.000999000999	1	0	0	INSUFFICIENT_SUPPORT
x025656	x037858	preferred	1000	0.000999000999	1	0	0	INSUFFICIENT_SUPPORT
x025656	x041801	preferred	1000	0.000999000999	1	0	0	INSUFFICIENT_SUPPORT
x025658	x022957	preferred	1000	0.000999000999	1	0	0	INSUFFICIENT_SUPPORT
x025658	x024076	preferred	1000	0.000999000999	1	0	0	INSUFFICIENT_SUPPORT
x025658	x024804	preferred	1000	0.000999000999	1	0	0	INSUFFICIENT_SUPPORT
x025658	x037862	preferred	1000	0.000999000999	1	0	0	INSUFFICIENT_SUPPORT
x025658	x042805	preferred	1000	0.000999000999	1	0	0	INSUFFICIENT_SUPPORT
x025659	x000161	preferred	1000	0.000999000999	1	0	0	INSUFFICIENT_SUPPORT
x025659	x037852	preferred	1000	0.000999000999	1	0	0	INSUFFICIENT_SUPPORT
x025659	x037863	preferred	1000	0.000999000999	1	0	0	INSUFFICIENT_SUPPORT
x025659	x039661	preferred	1000	0.000999000999	1	0	0	INSUFFICIENT_SUPPORT
x025660	x018567	preferred	1000	0.000999000999	1	0	0	INSUFFICIENT_SUPPORT
x025660	x025395	preferred	1000	0.000999000999	1	0	0	INSUFFICIENT_SUPPORT
x025660	x025551	preferred	1000	0.000999000999	1	0	0	INSUFFICIENT_SUPPORT
x025660	x039662	preferred	1000	0.000999000999	1	0	0	INSUFFICIENT_SUPPORT
x025661	x001091	preferred	1000	0.000999000999	1	0	0	INSUFFICIENT_SUPPORT
x025661	x024933	preferred	1000	0.000999000999	1	0	0	INSUFFICIENT_SUPPORT
x025661	x037863	preferred	1000	0.000999000999	1	0	0	INSUFFICIENT_SUPPORT
x025662	x015282	preferred	1000	0.000999000999	1	0	0	INSUFFICIENT_SUPPORT
x025662	x016903	preferred	1000	0.000999000999	1	0	0	INSUFFICIENT_SUPPORT
x025662	x017412	preferred	1000	0.000999000999	1	0	0	INSUFFICIENT_SUPPORT
x025662	x024935	preferred	1000	0.000999000999	1	0	0	INSUFFICIENT_SUPPORT
x025662	x025742	preferred	1000	0.000999000999	1	0	0	INSUFFICIENT_SUPPORT
x025662	x034503	preferred	1000	0.000999000999	1	0	0	INSUFFICIENT_SUPPORT
x025662	x037860	preferred	1000	0.000999000999	1	0	0	INSUFFICIENT_SUPPORT
x025662	x038540	preferred	1000	0.000999000999	1	0	0	INSUFFICIENT_SUPPORT
x025663	x000107	preferred	1000	0.000999000999	1	0	0	INSUFFICIENT_SUPPORT
x025663	x002338	preferred	1000	0.000999000999	1	0	0	INSUFFICIENT_SUPPORT
x025663	x002341	preferred	1000	0.000999000999	1	0	0	INSUFFICIENT_SUPPORT
x025663	x017893	preferred	1000	0.000999000999	1	0	0	INSUFFICIENT_SUPPORT
x025663	x018497	preferred	1000	0.000999000999	1	0	0	INSUFFICIENT_SUPPORT
x025663	x018561	preferred	1000	0.000999000999	1	0	0	INSUFFICIENT_SUPPORT
x025663	x018879	preferred	1000	0.000999000999	1	0	0	INSUFFICIENT_SUPPORT
x025663	x034500	preferred	1000	0.000999000999	1	0	0	INSUFFICIENT_SUPPORT
x025663	x037852	preferred	1000	0.000999000999	1	0	0	INSUFFICIENT_SUPPORT
x025663	x038542	preferred	1000	0.000999000999	1	0	0	INSUFFICIENT_SUPPORT
x025663	x039661	preferred	1000	0.000999000999	1	0	0	INSUFFICIENT_SUPPORT
x025663	x042819	preferred	1000	0.000999000999	1	0	0	INSUFFICIENT_SUPPORT
x025737	x001430	preferred	1000	0.000999000999	1	0	0	INSUFFICIENT_SUPPORT
x025737	x018879	preferred	1000	0.000999000999	1	0	0	INSUFFICIENT_SUPPORT
x025737	x022520	preferred	1000	0.000999000999	1	0	0	INSUFFICIENT_SUPPORT
x025737	x037827	preferred	1000	0.000999000999	1	0	0	INSUFFICIENT_SUPPORT
x025738	x002111	preferred	1000	0.000999000999	1	0	0	INSUFFICIENT_SUPPORT
x025738	x002343	preferred	1000	0.000999000999	1	0	0	INSUFFICIENT_SUPPORT
x025738	x020018	preferred	1000	0.000999000999	1	0	0	INSUFFICIENT_SUPPORT
x025738	x022524	preferred	1000	0.000999000999	1	0	0	INSUFFICIENT_SUPPORT
x025738	x022527	preferred	1000	0.000999000999	1	0	0	INSUFFICIENT_SUPPORT
x025738	x025395	preferred	1000	0.000999000999	1	0	0	INSUFFICIENT_SUPPORT
x025738	x031616	preferred	1000	0.000999000999	1	0	0	INSUFFICIENT_SUPPORT
x025738	x034496	preferred	1000	0.000999000999	1	0	0	INSUFFICIENT_SUPPORT
x025738	x037959	preferred	1000	0.000999000999	1	0	0	INSUFFICIENT_SUPPORT
x025742	x018502	preferred	1000	0.000999000999	1	0	0	INSUFFICIENT_SUPPORT
x025742	x018873	preferred	1000	0.000999000999	1	0	0	INSUFFICIENT_SUPPORT
x025742	x031619	preferred	1000	0.000999000999	1	0	0	INSUFFICIENT_SUPPORT
x025742	x037859	preferred	1000	0.000999000999	1	0	0	INSUFFICIENT_SUPPORT
x025743	x025395	preferred	1000	0.000999000999	1	0	0	INSUFFICIENT_SUPPORT
x025743	x031617	preferred	1000	0.000999000999	1	0	0	INSUFFICIENT_SUPPORT
x025761	x013795	preferred	1000	0.000999000999	1	0	0	INSUFFICIENT_SUPPORT
x025761	x024736	preferred	1000	0.000999000999	1	0	0	INSUFFICIENT_SUPPORT
x025761	x041247	preferred	1000	0.000999000999	1	0	0	INSUFFICIENT_SUPPORT
x025763	x041245	preferred	1000	0.000999000999	1	0	0	INSUFFICIENT_SUPPORT
x025767	x021784	preferred	1000	0.000999000999	1	0	0	INSUFFICIENT_SUPPORT
x025767	x021785	preferred	1000	0.000999000999	1	0	0	INSUFFICIENT_SUPPORT
x025784	x001425	preferred	1000	0.000999000999	1	0	0	INSUFFICIENT_SUPPORT
x025784	x014831	preferred	1000	0.000999000999	1	0	0	INSUFFICIENT_SUPPORT
x025784	x018503	preferred	1000	0.000999000999	1	0	0	INSUFFICIENT_SUPPORT
x025784	x018877	preferred	1000	0.000999000999	1	0	0	INSUFFICIENT_SUPPORT
x025784	x019719	preferred	1000	0.000999000999	1	0	0	INSUFFICIENT_SUPPORT
x025784	x019942	preferred	1000	0.000999000999	1	0	0	INSUFFICIENT_SUPPORT
x025784	x020022	preferred	1000	0.000999000999	1	0	0	INSUFFICIENT_SUPPORT
x025784	x024801	preferred	1000	0.000999000999	1	0	0	INSUFFICIENT_SUPPORT
x025784	x025014	preferred	1000	0.000999000999	1	0	0	INSUFFICIENT_SUPPORT
x025784	x025392	preferred	1000	0.000999000999	1	0	0	INSUFFICIENT_SUPPORT
x025784	x025396	preferred	1000	0.000999000999	1	0	0	INSUFFICIENT_SUPPORT
x025784	x034675	preferred	1000	0.000999000999	1	0	0	INSUFFICIENT_SUPPORT
x025784	x037861	preferred	1000	0.000999000999	1	0	0	INSUFFICIENT_SUPPORT
x025784	x037862	preferred	1000	0.000999000999	1	0	0	INSUFFICIENT_SUPPORT
x025784	x042105	preferred	1000	0.000999000999	1	0	0	INSUFFICIENT_SUPPORT
x025785	x000104	preferred	1000	0.000999000999	1	0	0	INSUFFICIENT_SUPPORT
x025785	x001425	preferred	1000	0.000999000999	1	0	0	INSUFFICIENT_SUPPORT
x025785	x001428	preferred	1000	0.000999000999	1	0	0	INSUFFICIENT_SUPPORT
x025785	x005072	preferred	1000	0.000999000999	1	0	0	INSUFFICIENT_SUPPORT
x025785	x005077	preferred	1000	0.000999000999	1	0	0	INSUFFICIENT_SUPPORT
x025785	x015284	preferred	1000	0.000999000999	1	0	0	INSUFFICIENT_SUPPORT
x025785	x017888	preferred	1000	0.000999000999	1	0	0	INSUFFICIENT_SUPPORT
x025785	x017894	preferred	1000	0.000999000999	1	0	0	INSUFFICIENT_SUPPORT
x025785	x020023	preferred	1000	0.000999000999	1	0	0	INSUFFICIENT_SUPPORT
x025785	x025392	preferred	1000	0.000999000999	1	0	0	INSUFFICIENT_SUPPORT
x025785	x025393	preferred	1000	0.000999000999	1	0	0	INSUFFICIENT_SUPPORT
x025785	x025394	preferred	1000	0.000999000999	1	0	0	INSUFFICIENT_SUPPORT
x025785	x025398	preferred	1000	0.000999000999	1	0	0	INSUFFICIENT_SUPPORT
x025785	x025399	preferred	1000	0.000999000999	1	0	0	INSUFFICIENT_SUPPORT
x025785	x025529	preferred	1000	0.000999000999	1	0	0	INSUFFICIENT_SUPPORT
x025785	x025888	preferred	1000	0.000999000999	1	0	0	INSUFFICIENT_SUPPORT
x025785	x034497	preferred	1000	0.000999000999	1	0	0	INSUFFICIENT_SUPPORT
x025785	x037957	preferred	1000	0.000999000999	1	0	0	INSUFFICIENT_SUPPORT
x025785	x041615	preferred	1000	0.000999000999	1	0	0	INSUFFICIENT_SUPPORT
x025786	x002336	preferred	1000	0.000999000999	1	0	0	INSUFFICIENT_SUPPORT
x025786	x014824	preferred	1000	0.000999000999	1	0	0	INSUFFICIENT_SUPPORT
x025786	x014828	preferred	1000	0.000999000999	1	0	0	INSUFFICIENT_SUPPORT
x025786	x014829	preferred	1000	0.000999000999	1	0	0	INSUFFICIENT_SUPPORT
x025786	x014831	preferred	1000	0.000999000999	1	0	0	INSUFFICIENT_SUPPORT
x025786	x015281	preferred	1000	0.000999000999	1	0	0	INSUFFICIENT_SUPPORT
x025786	x017408	preferred	1000	0.000999000999	1	0	0	INSUFFICIENT_SUPPORT
x025786	x024247	preferred	1000	0.000999000999	1	0	0	INSUFFICIENT_SUPPORT
x025786	x025392	preferred	1000	0.000999000999	1	0	0	INSUFFICIENT_SUPPORT
x025786	x025530	preferred	1000	0.000999000999	1	0	0	INSUFFICIENT_SUPPORT
x025786	x034674	preferred	1000	0.000999000999	1	0	0	INSUFFICIENT_SUPPORT
x025786	x038539	preferred	1000	0.000999000999	1	0	0	INSUFFICIENT_SUPPORT
x025786	x041535	preferred	1000	0.000999000999	1	0	0	INSUFFICIENT_SUPPORT
x025787	x002343	preferred	1000	0.000999000999	1	0	0	INSUFFICIENT_SUPPORT
x025787	x014827	preferred	1000	0.000999000999	1	0	0	INSUFFICIENT_SUPPORT
x025787	x017414	preferred	1000	0.000999000999	1	0	0	INSUFFICIENT_SUPPORT
x025787	x017415	preferred	1000	0.000999000999	1	0	0	INSUFFICIENT_SUPPORT
x025787	x017888	preferred	1000	0.000999000999	1	0	0	INSUFFICIENT_SUPPORT
x025787	x017891	preferred	1000	0.000999000999	1	0	0	INSUFFICIENT_SUPPORT
x025787	x019719	preferred	1000	0.000999000999	1	0	0	INSUFFICIENT_SUPPORT
x025787	x025392	preferred	1000	0.000999000999	1	0	0	INSUFFICIENT_SUPPORT
x025787	x025393	preferred	1000	0.000999000999	1	0	0	INSUFFICIENT_SUPPORT
x025787	x025394	preferred	1000	0.000999000999	1	0	0	INSUFFICIENT_SUPPORT
x025787	x025397	preferred	1000	0.000999000999	1	0	0	INSUFFICIENT_SUPPORT
x025787	x038539	preferred	1000	0.000999000999	1	0	0	INSUFFICIENT_SUPPORT
x025787	x038541	preferred	1000	0.000999000999	1	0	0	INSUFFICIENT_SUPPORT
x025788	x000105	preferred	1000	0.000999000999	1	0	0	INSUFFICIENT_SUPPORT
x025788	x017889	preferred	1000	0.000999000999	1	0	0	INSUFFICIENT_SUPPORT
x025788	x017894	preferred	1000	0.000999000999	1	0	0	INSUFFICIENT_SUPPORT
x025788	x025392	preferred	1000	0.000999000999	1	0	0	INSUFFICIENT_SUPPORT
x025788	x025395	preferred	1000	0.000999000999	1	0	0	INSUFFICIENT_SUPPORT
x025788	x025397	preferred	1000	0.000999000999	1	0	0	INSUFFICIENT_SUPPORT
x025788	x025399	preferred	1000	0.000999000999	1	0	0	INSUFFICIENT_SUPPORT
x025788	x034675	preferred	1000	0.000999000999	1	0	0	INSUFFICIENT_SUPPORT
x025788	x038542	preferred	1000	0.000999000999	1	0	0	INSUFFICIENT_SUPPORT
x025788	x040218	preferred	1000	0.000999000999	1	0	0	INSUFFICIENT_SUPPORT
x025788	x042107	preferred	1000	0.000999000999	1	0	0	INSUFFICIENT_SUPPORT
x025789	x002336	preferred	1000	0.000999000999	1	0	0	INSUFFICIENT_SUPPORT
x025789	x002337	preferred	1000	0.000999000999	1	0	0	INSUFFICIENT_SUPPORT
x025789	x005077	preferred	1000	0.000999000999	1	0	0	INSUFFICIENT_SUPPORT
x025789	x015287	preferred	1000	0.000999000999	1	0	0	INSUFFICIENT_SUPPORT
x025789	x018498	preferred	1000	0.000999000999	1	0	0	INSUFFICIENT_SUPPORT
x025789	x019712	preferred	1000	0.000999000999	1	0	0	INSUFFICIENT_SUPPORT
x025789	x025392	preferred	1000	0.000999000999	1	0	0	INSUFFICIENT_SUPPORT
x025789	x025396	preferred	1000	0.000999000999	1	0	0	INSUFFICIENT_SUPPORT
x025789	x025535	preferred	1000	0.000999000999	1	0	0	INSUFFICIENT_SUPPORT
x025789	x037852	preferred	1000	0.000999000999	1	0	0	INSUFFICIENT_SUPPORT
x025789	x038267	preferred	1000	0.000999000999	1	0	0	INSUFFICIENT_SUPPORT
x025789	x038539	preferred	1000	0.000999000999	1	0	0	INSUFFICIENT_SUPPORT
x025789	x038542	preferred	1000	0.000999000999	1	0	0	INSUFFICIENT_SUPPORT
x025789	x040220	preferred	1000	0.000999000999	1	0	0	INSUFFICIENT_SUPPORT
x025789	x042105	preferred	1000	0.000999000999	1	0	0	INSUFFICIENT_SUPPORT
x025790	x002338	preferred	1000	0.000999000999	1	0	0	INSUFFICIENT_SUPPORT
x025790	x005107	preferred	1000	0.000999000999	1	0	0	INSUFFICIENT_SUPPORT
x025790	x015284	preferred	1000	0.000999000999	1	0	0	INSUFFICIENT_SUPPORT
x025790	x018874	preferred	1000	0.000999000999	1	0	0	INSUFFICIENT_SUPPORT
x025790	x024243	preferred	1000	0.000999000999	1	0	0	INSUFFICIENT_SUPPORT
x025790	x025392	preferred	1000	0.000999000999	1	0	0	INSUFFICIENT_SUPPORT
x025790	x037857	preferred	1000	0.000999000999	1	0	0	INSUFFICIENT_SUPPORT
x025790	x037956	preferred	1000	0.000999000999	1	0	0	INSUFFICIENT_SUPPORT
x025790	x038536	preferred	1000	0.000999000999	1	0	0	INSUFFICIENT_SUPPORT
x025790	x038543	preferred	1000	0.000999000999	1	0	0	INSUFFICIENT_SUPPORT
x025790	x040220	preferred	1000	0.000999000999	1	0	0	INSUFFICIENT_SUPPORT
x025791	x000107	preferred	1000	0.000999000999	1	0	0	INSUFFICIENT_SUPPORT
x025791	x000108	preferred	1000	0.000999000999	1	0	0	INSUFFICIENT_SUPPORT
x025791	x001095	preferred	1000	0.000999000999	1	0	0	INSUFFICIENT_SUPPORT
x025791	x001425	preferred	1000	0.000999000999	1	0	0	INSUFFICIENT_SUPPORT
x025791	x001431	preferred	1000	0.000999000999	1	0	0	INSUFFICIENT_SUPPORT
x025791	x014828	preferred	1000	0.000999000999	1	0	0	INSUFFICIENT_SUPPORT
x025791	x015283	preferred	1000	0.000999000999	1	0	0	INSUFFICIENT_SUPPORT
x025791	x015287	preferred	1000	0.000999000999	1	0	0	INSUFFICIENT_SUPPORT
x025791	x018562	preferred	1000	0.000999000999	1	0	0	INSUFFICIENT_SUPPORT
x025791	x019719	preferred	1000	0.000999000999	1	0	0	INSUFFICIENT_SUPPORT
x025791	x025392	preferred	1000	0.000999000999	1	0	0	INSUFFICIENT_SUPPORT
x025791	x025393	preferred	1000	0.000999000999	1	0	0	INSUFFICIENT_SUPPORT
x025791	x025394	preferred	1000	0.000999000999	1	0	0	INSUFFICIENT_SUPPORT
x025791	x025397	preferred	1000	0.000999000999	1	0	0	INSUFFICIENT_SUPPORT
x025791	x025547	preferred	1000	0.000999000999	1	0	0	INSUFFICIENT_SUPPORT
x025791	x037856	preferred	1000	0.000999000999	1	0	0	INSUFFICIENT_SUPPORT
x025791	x037863	preferred	1000	0.000999000999	1	0	0	INSUFFICIENT_SUPPORT
x025791	x037956	preferred	1000	0.000999000999	1	0	0	INSUFFICIENT_SUPPORT
x025791	x041259	preferred	1000	0.000999000999	1	0	0	INSUFFICIENT_SUPPORT
x025888	x002107	preferred	1000	0.000999000999	1	0	0	INSUFFICIENT_SUPPORT
x025888	x017891	preferred	1000	0.000999000999	1	0	0	INSUFFICIENT_SUPPORT
x025888	x020017	preferred	1000	0.000999000999	1	0	0	INSUFFICIENT_SUPPORT
x025888	x038107	preferred	1000	0.000999000999	1	0	0	INSUFFICIENT_SUPPORT
x025888	x038536	preferred	1000	0.000999000999	1	0	0	INSUFFICIENT_SUPPORT
x025888	x038537	preferred	1000	0.000999000999	1	0	0	INSUFFICIENT_SUPPORT
x025888	x040216	preferred	1000	0.000999000999	1	0	0	INSUFFICIENT_SUPPORT
x025888	x041588	preferred	1000	0.000999000999	1	0	0	INSUFFICIENT_SUPPORT
x025889	x017893	preferred	1000	0.000999000999	1	0	0	INSUFFICIENT_SUPPORT
x025889	x020021	preferred	1000	0.000999000999	1	0	0	INSUFFICIENT_SUPPORT
x025889	x024244	preferred	1000	0.000999000999	1	0	0	INSUFFICIENT_SUPPORT
x025889	x037859	preferred	1000	0.000999000999	1	0	0	INSUFFICIENT_SUPPORT
x025889	x037860	preferred	1000	0.000999000999	1	0	0	INSUFFICIENT_SUPPORT
x025889	x037862	preferred	1000	0.000999000999	1	0	0	INSUFFICIENT_SUPPORT
x025889	x038540	preferred	1000	0.000999000999	1	0	0	INSUFFICIENT_SUPPORT
x025889	x038542	preferred	1000	0.000999000999	1	0	0	INSUFFICIENT_SUPPORT
x025890	x017889	preferred	1000	0.000999000999	1	0	0	INSUFFICIENT_SUPPORT
x025890	x018876	preferred	1000	0.000999000999	1	0	0	INSUFFICIENT_SUPPORT
x025890	x020022	preferred	1000	0.000999000999	1	0	0	INSUFFICIENT_SUPPORT
x025890	x031710	preferred	1000	0.000999000999	1	0	0	INSUFFICIENT_SUPPORT
x025890	x037858	preferred	1000	0.000999000999	1	0	0	INSUFFICIENT_SUPPORT
x025890	x037863	preferred	1000	0.000999000999	1	0	0	INSUFFICIENT_SUPPORT
x025890	x038108	preferred	1000	0.000999000999	1	0	0	INSUFFICIENT_SUPPORT
x025890	x038541	preferred	1000	0.000999000999	1	0	0	INSUFFICIENT_SUPPORT
x025890	x042109	preferred	1000	0.000999000999	1	0	0	INSUFFICIENT_SUPPORT
x025891	x000105	preferred	1000	0.000999000999	1	0	0	INSUFFICIENT_SUPPORT
x025891	x015284	preferred	1000	0.000999000999	1	0	0	INSUFFICIENT_SUPPORT
x025891	x017838	preferred	1000	0.000999000999	1	0	0	INSUFFICIENT_SUPPORT
x025891	x017888	preferred	1000	0.000999000999	1	0	0	INSUFFICIENT_SUPPORT
x025891	x017892	preferred	1000	0.000999000999	1	0	0	INSUFFICIENT_SUPPORT
x025891	x037860	preferred	1000	0.000999000999	1	0	0	INSUFFICIENT_SUPPORT
x025891	x037861	preferred	1000	0.000999000999	1	0	0	INSUFFICIENT_SUPPORT
x025891	x037862	preferred	1000	0.000999000999	1	0	0	INSUFFICIENT_SUPPORT
x025891	x038110	preferred	1000	0.000999000999	1	0	0	INSUFFICIENT_SUPPORT
x025891	x038537	preferred	1000	0.000999000999	1	0	0	INSUFFICIENT_SUPPORT
x025891	x038542	preferred	1000	0.000999000999	1	0	0	INSUFFICIENT_SUPPORT
x025892	x015285	preferred	1000	0.000999000999	1	0	0	INSUFFICIENT_SUPPORT
x025892	x025767	preferred	1000	0.000999000999	1	0	0	INSUFFICIENT_SUPPORT
x025892	x037859	preferred	1000	0.000999000999	1	0	0	INSUFFICIENT_SUPPORT
x025892	x037863	preferred	1000	0.000999000999	1	0	0	INSUFFICIENT_SUPPORT
x025892	x038111	preferred	1000	0.000999000999	1	0	0	INSUFFICIENT_SUPPORT
x025892	x038536	preferred	1000	0.000999000999	1	0	0	INSUFFICIENT_SUPPORT
x025892	x041658	preferred	1000	0.000999000999	1	0	0	INSUFFICIENT_SUPPORT
x025893	x017695	preferred	1000	0.000999000999	1	0	0	INSUFFICIENT_SUPPORT
x025893	x017892	preferred	1000	0.000999000999	1	0	0	INSUFFICIENT_SUPPORT
x025893	x018501	preferred	1000	0.000999000999	1	0	0	INSUFFICIENT_SUPPORT
x025893	x037857	preferred	1000	0.000999000999	1	0	0	INSUFFICIENT_SUPPORT
x025893	x037858	preferred	1000	0.000999000999	1	0	0	INSUFFICIENT_SUPPORT
x025893	x037860	preferred	1000	0.000999000999	1	0	0	INSUFFICIENT_SUPPORT
x025893	x037862	preferred	1000	0.000999000999	1	0	0	INSUFFICIENT_SUPPORT
x025893	x038543	preferred	1000	0.000999000999	1	0	0	INSUFFICIENT_SUPPORT
x031295	x001431	preferred	1000	0.000999000999	1	0	0	INSUFFICIENT_SUPPORT
x031295	x002109	preferred	1000	0.000999000999	1	0	0	INSUFFICIENT_SUPPORT
x031295	x014825	preferred	1000	0.000999000999	1	0	0	INSUFFICIENT_SUPPORT
x031295	x018503	preferred	1000	0.000999000999	1	0	0	INSUFFICIENT_SUPPORT
x031295	x025529	preferred	1000	0.000999000999	1	0	0	INSUFFICIENT_SUPPORT
x031295	x041116	preferred	1000	0.000999000999	1	0	0	INSUFFICIENT_SUPPORT
x031295	x042111	preferred	1000	0.000999000999	1	0	0	INSUFFICIENT_SUPPORT
x031616	x000105	preferred	1000	0.000999000999	1	0	0	INSUFFICIENT_SUPPORT
x031616	x000106	preferred	1000	0.000999000999	1	0	0	INSUFFICIENT_SUPPORT
x031616	x000108	preferred	1000	0.000999000999	1	0	0	INSUFFICIENT_SUPPORT
x031616	x020020	preferred	1000	0.000999000999	1	0	0	INSUFFICIENT_SUPPORT
x031616	x024800	preferred	1000	0.000999000999	1	0	0	INSUFFICIENT_SUPPORT
x031616	x041256	preferred	1000	0.000999000999	1	0	0	INSUFFICIENT_SUPPORT
x031616	x041531	preferred	1000	0.000999000999	1	0	0	INSUFFICIENT_SUPPORT
x031616	x041807	preferred	1000	0.000999000999	1	0	0	INSUFFICIENT_SUPPORT
x031617	x017410	preferred	1000	0.000999000999	1	0	0	INSUFFICIENT_SUPPORT
x031617	x024244	preferred	1000	0.000999000999	1	0	0	INSUFFICIENT_SUPPORT
x031617	x024932	preferred	1000	0.000999000999	1	0	0	INSUFFICIENT_SUPPORT
x031618	x024935	preferred	1000	0.000999000999	1	0	0	INSUFFICIENT_SUPPORT
x031618	x037863	preferred	1000	0.000999000999	1	0	0	INSUFFICIENT_SUPPORT
x031619	x000106	preferred	1000	0.000999000999	1	0	0	INSUFFICIENT_SUPPORT
x031619	x001088	preferred	1000	0.000999000999	1	0	0	INSUFFICIENT_SUPPORT
x031619	x001094	preferred	1000	0.000999000999	1	0	0	INSUFFICIENT_SUPPORT
x031619	x001095	preferred	1000	0.000999000999	1	0	0	INSUFFICIENT_SUPPORT
x031619	x003196	preferred	1000	0.000999000999	1	0	0	INSUFFICIENT_SUPPORT
x031619	x005075	preferred	1000	0.000999000999	1	0	0	INSUFFICIENT_SUPPORT
x031620	x002106	preferred	1000	0.000999000999	1	0	0	INSUFFICIENT_SUPPORT
x031620	x003195	preferred	1000	0.000999000999	1	0	0	INSUFFICIENT_SUPPORT
x031620	x018873	preferred	1000	0.000999000999	1	0	0	INSUFFICIENT_SUPPORT
x031620	x024934	preferred	1000	0.000999000999	1	0	0	INSUFFICIENT_SUPPORT
x031620	x033103	preferred	1000	0.000999000999	1	0	0	INSUFFICIENT_SUPPORT
x031620	x037850	preferred	1000	0.000999000999	1	0	0	INSUFFICIENT_SUPPORT
x031620	x037853	preferred	1000	0.000999000999	1	0	0	INSUFFICIENT_SUPPORT
x031621	x000108	preferred	1000	0.000999000999	1	0	0	INSUFFICIENT_SUPPORT
x031621	x037863	preferred	1000	0.000999000999	1	0	0	INSUFFICIENT_SUPPORT
x031621	x042807	preferred	1000	0.000999000999	1	0	0	INSUFFICIENT_SUPPORT
x031622	x000110	preferred	1000	0.000999000999	1	0	0	INSUFFICIENT_SUPPORT
x031622	x001431	preferred	1000	0.000999000999	1	0	0	INSUFFICIENT_SUPPORT
x031622	x003192	preferred	1000	0.000999000999	1	0	0	INSUFFICIENT_SUPPORT
x031623	x000104	preferred	1000	0.000999000999	1	0	0	INSUFFICIENT_SUPPORT
x031623	x000111	preferred	1000	0.000999000999	1	0	0	INSUFFICIENT_SUPPORT
x031623	x018496	preferred	1000	0.000999000999	1	0	0	INSUFFICIENT_SUPPORT
x031623	x024802	preferred	1000	0.000999000999	1	0	0	INSUFFICIENT_SUPPORT
x031623	x037856	preferred	1000	0.000999000999	1	0	0	INSUFFICIENT_SUPPORT
x031623	x037985	preferred	1000	0.000999000999	1	0	0	INSUFFICIENT_SUPPORT
x031623	x041447	preferred	1000	0.000999000999	1	0	0	INSUFFICIENT_SUPPORT
x031704	x000105	preferred	1000	0.000999000999	1	0	0	INSUFFICIENT_SUPPORT
x031704	x017409	preferred	1000	0.000999000999	1	0	0	INSUFFICIENT_SUPPORT
x031704	x017415	preferred	1000	0.000999000999	1	0	0	INSUFFICIENT_SUPPORT
x031704	x017992	preferred	1000	0.000999000999	1	0	0	INSUFFICIENT_SUPPORT
x031704	x017993	preferred	1000	0.000999000999	1	0	0	INSUFFICIENT_SUPPORT
x031704	x017995	preferred	1000	0.000999000999	1	0	0	INSUFFICIENT_SUPPORT
x031704	x017999	preferred	1000	0.000999000999	1	0	0	INSUFFICIENT_SUPPORT
x031704	x018496	preferred	1000	0.000999000999	1	0	0	INSUFFICIENT_SUPPORT
x031704	x018498	preferred	1000	0.000999000999	1	0	0	INSUFFICIENT_SUPPORT
x031704	x018499	preferred	1000	0.000999000999	1	0	0	INSUFFICIENT_SUPPORT
x031704	x018501	preferred	1000	0.000999000999	1	0	0	INSUFFICIENT_SUPPORT
x031704	x018502	preferred	1000	0.000999000999	1	0	0	INSUFFICIENT_SUPPORT
x031704	x018503	preferred	1000	0.000999000999	1	0	0	INSUFFICIENT_SUPPORT
x031704	x033310	preferred	1000	0.000999000999	1	0	0	INSUFFICIENT_SUPPORT
x031704	x037863	preferred	1000	0.000999000999	1	0	0	INSUFFICIENT_SUPPORT
x031705	x017408	preferred	1000	0.000999000999	1	0	0	INSUFFICIENT_SUPPORT
x031705	x017410	preferred	1000	0.000999000999	1	0	0	INSUFFICIENT_SUPPORT
x031705	x017411	preferred	1000	0.000999000999	1	0	0	INSUFFICIENT_SUPPORT
x031705	x017412	preferred	1000	0.000999000999	1	0	0	INSUFFICIENT_SUPPORT
x031705	x017415	preferred	1000	0.000999000999	1	0	0	INSUFFICIENT_SUPPORT
x031705	x017995	preferred	1000	0.000999000999	1	0	0	INSUFFICIENT_SUPPORT
x031705	x017999	preferred	1000	0.000999000999	1	0	0	INSUFFICIENT_SUPPORT
x031705	x018496	preferred	1000	0.000999000999	1	0	0	INSUFFICIENT_SUPPORT
x031705	x018497	preferred	1000	0.000999000999	1	0	0	INSUFFICIENT_SUPPORT
x031705	x018500	preferred	1000	0.000999000999	1	0	0	INSUFFICIENT_SUPPORT
x031705	x018501	preferred	1000	0.000999000999	1	0	0	INSUFFICIENT_SUPPORT
x031705	x018502	preferred	1000	0.000999000999	1	0	0	INSUFFICIENT_SUPPORT
x031705	x020022	preferred	1000	0.000999000999	1	0	0	INSUFFICIENT_SUPPORT
x031705	x024934	preferred	1000	0.000999000999	1	0	0	INSUFFICIENT_SUPPORT
x031705	x025765	preferred	1000	0.000999000999	1	0	0	INSUFFICIENT_SUPPORT
x031705	x037857	preferred	1000	0.000999000999	1	0	0	INSUFFICIENT_SUPPORT
x031705	x037859	preferred	1000	0.000999000999	1	0	0	INSUFFICIENT_SUPPORT
x031705	x037863	preferred	1000	0.000999000999	1	0	0	INSUFFICIENT_SUPPORT
x031705	x037987	preferred	1000	0.000999000999	1	0	0	INSUFFICIENT_SUPPORT
x031705	x038536	preferred	1000	0.000999000999	1	0	0	INSUFFICIENT_SUPPORT
x031705	x038538	preferred	1000	0.000999000999	1	0	0	INSUFFICIENT_SUPPORT
x031705	x041446	preferred	1000	0.000999000999	1	0	0	INSUFFICIENT_SUPPORT
x031706	x017409	preferred	1000	0.000999000999	1	0	0	INSUFFICIENT_SUPPORT
x031706	x017410	preferred	1000	0.000999000999	1	0	0	INSUFFICIENT_SUPPORT
x031706	x017413	preferred	1000	0.000999000999	1	0	0	INSUFFICIENT_SUPPORT
x031706	x017414	preferred	1000	0.000999000999	1	0	0	INSUFFICIENT_SUPPORT
x031706	x017415	preferred	1000	0.000999000999	1	0	0	INSUFFICIENT_SUPPORT
x031706	x017992	preferred	1000	0.000999000999	1	0	0	INSUFFICIENT_SUPPORT
x031706	x017994	preferred	1000	0.000999000999	1	0	0	INSUFFICIENT_SUPPORT
x031706	x017997	preferred	1000	0.000999000999	1	0	0	INSUFFICIENT_SUPPORT
x031706	x017998	preferred	1000	0.000999000999	1	0	0	INSUFFICIENT_SUPPORT
x031706	x018496	preferred	1000	0.000999000999	1	0	0	INSUFFICIENT_SUPPORT
x031706	x018497	preferred	1000	0.000999000999	1	0	0	INSUFFICIENT_SUPPORT
x031706	x018498	preferred	1000	0.000999000999	1	0	0	INSUFFICIENT_SUPPORT
x031706	x018499	preferred	1000	0.000999000999	1	0	0	INSUFFICIENT_SUPPORT
x031706	x018502	preferred	1000	0.000999000999	1	0	0	INSUFFICIENT_SUPPORT
x031706	x023520	preferred	1000	0.000999000999	1	0	0	INSUFFICIENT_SUPPORT
x031706	x024805	preferred	1000	0.000999000999	1	0	0	INSUFFICIENT_SUPPORT
x031706	x025762	preferred	1000	0.000999000999	1	0	0	INSUFFICIENT_SUPPORT
x031706	x033098	preferred	1000	0.000999000999	1	0	0	INSUFFICIENT_SUPPORT
x031706	x038538	preferred	1000	0.000999000999	1	0	0	INSUFFICIENT_SUPPORT
x031707	x001426	preferred	1000	0.000999000999	1	0	0	INSUFFICIENT_SUPPORT
x031707	x005074	preferred	1000	0.000999000999	1	0	0	INSUFFICIENT_SUPPORT
x031707	x017408	preferred	1000	0.000999000999	1	0	0	INSUFFICIENT_SUPPORT
x031707	x017411	preferred	1000	0.000999000999	1	0	0	INSUFFICIENT_SUPPORT
x031707	x017412	preferred	1000	0.000999000999	1	0	0	INSUFFICIENT_SUPPORT
x031707	x017413	preferred	1000	0.000999000999	1	0	0	INSUFFICIENT_SUPPORT
x031707	x017994	preferred	1000	0.000999000999	1	0	0	INSUFFICIENT_SUPPORT
x031707	x017997	preferred	1000	0.000999000999	1	0	0	INSUFFICIENT_SUPPORT
x031707	x018502	preferred	1000	0.000999000999	1	0	0	INSUFFICIENT_SUPPORT
x031707	x018503	preferred	1000	0.000999000999	1	0	0	INSUFFICIENT_SUPPORT
x031707	x024247	preferred	1000	0.000999000999	1	0	0	INSUFFICIENT_SUPPORT
x031707	x033100	preferred	1000	0.000999000999	1	0	0	INSUFFICIENT_SUPPORT
x031707	x037857	preferred	1000	0.000999000999	1	0	0	INSUFFICIENT_SUPPORT
x031707	x037860	preferred	1000	0.000999000999	1	0	0	INSUFFICIENT_SUPPORT
x031707	x042807	preferred	1000	0.000999000999	1	0	0	INSUFFICIENT_SUPPORT
x031708	x017295	preferred	1000	0.000999000999	1	0	0	INSUFFICIENT_SUPPORT
x031708	x017408	preferred	1000	0.000999000999	1	0	0	INSUFFICIENT_SUPPORT
x031708	x017410	preferred	1000	0.000999000999	1	0	0	INSUFFICIENT_SUPPORT
x031708	x017412	preferred	1000	0.000999000999	1	0	0	INSUFFICIENT_SUPPORT
x031708	x017994	preferred	1000	0.000999000999	1	0	0	INSUFFICIENT_SUPPORT
x031708	x017998	preferred	1000	0.000999000999	1	0	0	INSUFFICIENT_SUPPORT
x031708	x017999	preferred	1000	0.000999000999	1	0	0	INSUFFICIENT_SUPPORT
x031708	x018496	preferred	1000	0.000999000999	1	0	0	INSUFFICIENT_SUPPORT
x031708	x018497	preferred	1000	0.000999000999	1	0	0	INSUFFICIENT_SUPPORT
x031708	x018503	preferred	1000	0.000999000999	1	0	0	INSUFFICIENT_SUPPORT
x031708	x018875	preferred	1000	0.000999000999	1	0	0	INSUFFICIENT_SUPPORT
x031708	x034240	preferred	1000	0.000999000999	1	0	0	INSUFFICIENT_SUPPORT
x031708	x037861	preferred	1000	0.000999000999	1	0	0	INSUFFICIENT_SUPPORT
x031708	x037955	preferred	1000	0.000999000999	1	0	0	INSUFFICIENT_SUPPORT
x031709	x002111	preferred	1000	0.000999000999	1	0	0	INSUFFICIENT_SUPPORT
x031709	x017408	preferred	1000	0.000999000999	1	0	0	INSUFFICIENT_SUPPORT
x031709	x017411	preferred	1000	0.000999000999	1	0	0	INSUFFICIENT_SUPPORT
x031709	x017413	preferred	1000	0.000999000999	1	0	0	INSUFFICIENT_SUPPORT
x031709	x017994	preferred	1000	0.000999000999	1	0	0	INSUFFICIENT_SUPPORT
x031709	x017997	preferred	1000	0.000999000999	1	0	0	INSUFFICIENT_SUPPORT
x031709	x017999	preferred	1000	0.000999000999	1	0	0	INSUFFICIENT_SUPPORT
x031709	x018873	preferred	1000	0.000999000999	1	0	0	INSUFFICIENT_SUPPORT
x031709	x024246	preferred	1000	0.000999000999	1	0	0	INSUFFICIENT_SUPPORT
x031709	x024247	preferred	1000	0.000999000999	1	0	0	INSUFFICIENT_SUPPORT
x031709	x037849	preferred	1000	0.000999000999	1	0	0	INSUFFICIENT_SUPPORT
x031709	x041259	preferred	1000	0.000999000999	1	0	0	INSUFFICIENT_SUPPORT
x031709	x041263	preferred	1000	0.000999000999	1	0	0	INSUFFICIENT_SUPPORT
x031709	x041659	preferred	1000	0.000999000999	1	0	0	INSUFFICIENT_SUPPORT
x031709	x042108	preferred	1000	0.000999000999	1	0	0	INSUFFICIENT_SUPPORT
x031709	x042471	preferred	1000	0.000999000999	1	0	0	INSUFFICIENT_SUPPORT
x031710	x002336	preferred	1000	0.000999000999	1	0	0	INSUFFICIENT_SUPPORT
x031710	x017411	preferred	1000	0.000999000999	1	0	0	INSUFFICIENT_SUPPORT
x031710	x017414	preferred	1000	0.000999000999	1	0	0	INSUFFICIENT_SUPPORT
x031710	x017894	preferred	1000	0.000999000999	1	0	0	INSUFFICIENT_SUPPORT
x031710	x017992	preferred	1000	0.000999000999	1	0	0	INSUFFICIENT_SUPPORT
x031710	x017993	preferred	1000	0.000999000999	1	0	0	INSUFFICIENT_SUPPORT
x031710	x017995	preferred	1000	0.000999000999	1	0	0	INSUFFICIENT_SUPPORT
x031710	x017998	preferred	1000	0.000999000999	1	0	0	INSUFFICIENT_SUPPORT
x031710	x017999	preferred	1000	0.000999000999	1	0	0	INSUFFICIENT_SUPPORT
x031710	x018497	preferred	1000	0.000999000999	1	0	0	INSUFFICIENT_SUPPORT
x031710	x018498	preferred	1000	0.000999000999	1	0	0	INSUFFICIENT_SUPPORT
x031710	x018499	preferred	1000	0.000999000999	1	0	0	INSUFFICIENT_SUPPORT
x031710	x018501	preferred	1000	0.000999000999	1	0	0	INSUFFICIENT_SUPPORT
x031710	x018502	preferred	1000	0.000999000999	1	0	0	INSUFFICIENT_SUPPORT
x031710	x018503	preferred	1000	0.000999000999	1	0	0	INSUFFICIENT_SUPPORT
x031710	x018565	preferred	1000	0.000999000999	1	0	0	INSUFFICIENT_SUPPORT
x031710	x033096	preferred	1000	0.000999000999	1	0	0	INSUFFICIENT_SUPPORT
x031710	x033100	preferred	1000	0.000999000999	1	0	0	INSUFFICIENT_SUPPORT
x031710	x037851	preferred	1000	0.000999000999	1	0	0	INSUFFICIENT_SUPPORT
x031710	x037861	preferred	1000	0.000999000999	1	0	0	INSUFFICIENT_SUPPORT
x031710	x037958	preferred	1000	0.000999000999	1	0	0	INSUFFICIENT_SUPPORT
x031710	x038539	preferred	1000	0.000999000999	1	0	0	INSUFFICIENT_SUPPORT
x031710	x038543	preferred	1000	0.000999000999	1	0	0	INSUFFICIENT_SUPPORT
x031711	x010936	preferred	1000	0.000999000999	1	0	0	INSUFFICIENT_SUPPORT
x031711	x017408	preferred	1000	0.000999000999	1	0	0	INSUFFICIENT_SUPPORT
x031711	x017409	preferred	1000	0.000999000999	1	0	0	INSUFFICIENT_SUPPORT
x031711	x017413	preferred	1000	0.000999000999	1	0	0	INSUFFICIENT_SUPPORT
x031711	x017992	preferred	1000	0.000999000999	1	0	0	INSUFFICIENT_SUPPORT
x031711	x017994	preferred	1000	0.000999000999	1	0	0	INSUFFICIENT_SUPPORT
x031711	x017995	preferred	1000	0.000999000999	1	0	0	INSUFFICIENT_SUPPORT
x031711	x017998	preferred	1000	0.000999000999	1	0	0	INSUFFICIENT_SUPPORT
x031711	x018496	preferred	1000	0.000999000999	1	0	0	INSUFFICIENT_SUPPORT
x031711	x018497	preferred	1000	0.000999000999	1	0	0	INSUFFICIENT_SUPPORT
x031711	x018498	preferred	1000	0.000999000999	1	0	0	INSUFFICIENT_SUPPORT
x031711	x018499	preferred	1000	0.000999000999	1	0	0	INSUFFICIENT_SUPPORT
x031711	x018562	preferred	1000	0.000999000999	1	0	0	INSUFFICIENT_SUPPORT
x031711	x037862	preferred	1000	0.000999000999	1	0	0	INSUFFICIENT_SUPPORT
x031711	x042110	preferred	1000	0.000999000999	1	0	0	INSUFFICIENT_SUPPORT
x032442	x000109	preferred	1000	0.000999000999	1	0	0	INSUFFICIENT_SUPPORT
x032442	x005105	preferred	1000	0.000999000999	1	0	0	INSUFFICIENT_SUPPORT
x032442	x017835	preferred	1000	0.000999000999	1	0	0	INSUFFICIENT_SUPPORT
x032442	x020016	preferred	1000	0.000999000999	1	0	0	INSUFFICIENT_SUPPORT
x032442	x020019	preferred	1000	0.000999000999	1	0	0	INSUFFICIENT_SUPPORT
x032442	x024240	preferred	1000	0.000999000999	1	0	0	INSUFFICIENT_SUPPORT
x032442	x034679	preferred	1000	0.000999000999	1	0	0	INSUFFICIENT_SUPPORT
x032442	x037856	preferred	1000	0.000999000999	1	0	0	INSUFFICIENT_SUPPORT
x032442	x037857	preferred	1000	0.000999000999	1	0	0	INSUFFICIENT_SUPPORT
x032442	x037858	preferred	1000	0.000999000999	1	0	0	INSUFFICIENT_SUPPORT
x032442	x041535	preferred	1000	0.000999000999	1	0	0	INSUFFICIENT_SUPPORT
x032442	x042804	preferred	1000	0.000999000999	1	0	0	INSUFFICIENT_SUPPORT
x032442	x042807	preferred	1000	0.000999000999	1	0	0	INSUFFICIENT_SUPPORT
x032443	x000108	preferred	1000	0.000999000999	1	0	0	INSUFFICIENT_SUPPORT
x032443	x014829	preferred	1000	0.000999000999	1	0	0	INSUFFICIENT_SUPPORT
x032443	x018253	preferred	1000	0.000999000999	1	0	0	INSUFFICIENT_SUPPORT
x032443	x024804	preferred	1000	0.000999000999	1	0	0	INSUFFICIENT_SUPPORT
x032443	x025553	preferred	1000	0.000999000999	1	0	0	INSUFFICIENT_SUPPORT
x032443	x037848	preferred	1000	0.000999000999	1	0	0	INSUFFICIENT_SUPPORT
x032443	x037849	preferred	1000	0.000999000999	1	0	0	INSUFFICIENT_SUPPORT
x032443	x037854	preferred	1000	0.000999000999	1	0	0	INSUFFICIENT_SUPPORT
x032443	x041533	preferred	1000	0.000999000999	1	0	0	INSUFFICIENT_SUPPORT
x032443	x042107	preferred	1000	0.000999000999	1	0	0	INSUFFICIENT_SUPPORT
x032443	x042802	preferred	1000	0.000999000999	1	0	0	INSUFFICIENT_SUPPORT
x032444	x000106	preferred	1000	0.000999000999	1	0	0	INSUFFICIENT_SUPPORT
x032444	x000110	preferred	1000	0.000999000999	1	0	0	INSUFFICIENT_SUPPORT
x032444	x017837	preferred	1000	0.000999000999	1	0	0	INSUFFICIENT_SUPPORT
x032444	x018873	preferred	1000	0.000999000999	1	0	0	INSUFFICIENT_SUPPORT
x032444	x020021	preferred	1000	0.000999000999	1	0	0	INSUFFICIENT_SUPPORT
x032444	x021790	preferred	1000	0.000999000999	1	0	0	INSUFFICIENT_SUPPORT
x032444	x022958	preferred	1000	0.000999000999	1	0	0	INSUFFICIENT_SUPPORT
x032444	x037851	preferred	1000	0.000999000999	1	0	0	INSUFFICIENT_SUPPORT
x032444	x037853	preferred	1000	0.000999000999	1	0	0	INSUFFICIENT_SUPPORT
x032444	x037855	preferred	1000	0.000999000999	1	0	0	INSUFFICIENT_SUPPORT
x032444	x037860	preferred	1000	0.000999000999	1	0	0	INSUFFICIENT_SUPPORT
x032444	x037861	preferred	1000	0.000999000999	1	0	0	INSUFFICIENT_SUPPORT
x032444	x037862	preferred	1000	0.000999000999	1	0	0	INSUFFICIENT_SUPPORT
x032444	x037863	preferred	1000	0.000999000999	1	0	0	INSUFFICIENT_SUPPORT
x032444	x041535	preferred	1000	0.000999000999	1	0	0	INSUFFICIENT_SUPPORT
x032444	x041588	preferred	1000	0.000999000999	1	0	0	INSUFFICIENT_SUPPORT
x032445	x000106	preferred	1000	0.000999000999	1	0	0	INSUFFICIENT_SUPPORT
x032445	x001428	preferred	1000	0.000999000999	1	0	0	INSUFFICIENT_SUPPORT
x032445	x015284	preferred	1000	0.000999000999	1	0	0	INSUFFICIENT_SUPPORT
x032445	x017693	preferred	1000	0.000999000999	1	0	0	INSUFFICIENT_SUPPORT
x032445	x018253	preferred	1000	0.000999000999	1	0	0	INSUFFICIENT_SUPPORT
x032445	x018567	preferred	1000	0.000999000999	1	0	0	INSUFFICIENT_SUPPORT
x032445	x025765	preferred	1000	0.000999000999	1	0	0	INSUFFICIENT_SUPPORT
x032445	x037848	preferred	1000	0.000999000999	1	0	0	INSUFFICIENT_SUPPORT
x032445	x037850	preferred	1000	0.000999000999	1	0	0	INSUFFICIENT_SUPPORT
x032445	x037851	preferred	1000	0.000999000999	1	0	0	INSUFFICIENT_SUPPORT
x032445	x037858	preferred	1000	0.000999000999	1	0	0	INSUFFICIENT_SUPPORT
x032445	x040262	preferred	1000	0.000999000999	1	0	0	INSUFFICIENT_SUPPORT
x032447	x005105	preferred	1000	0.000999000999	1	0	0	INSUFFICIENT_SUPPORT
x032447	x005111	preferred	1000	0.000999000999	1	0	0	INSUFFICIENT_SUPPORT
x032447	x017408	preferred	1000	0.000999000999	1	0	0	INSUFFICIENT_SUPPORT
x032447	x018497	preferred	1000	0.000999000999	1	0	0	INSUFFICIENT_SUPPORT
x032447	x018566	preferred	1000	0.000999000999	1	0	0	INSUFFICIENT_SUPPORT
x032447	x018567	preferred	1000	0.000999000999	1	0	0	INSUFFICIENT_SUPPORT
x032447	x031704	preferred	1000	0.000999000999	1	0	0	INSUFFICIENT_SUPPORT
x032447	x037848	preferred	1000	0.000999000999	1	0	0	INSUFFICIENT_SUPPORT
x032447	x037849	preferred	1000	0.000999000999	1	0	0	INSUFFICIENT_SUPPORT
x032447	x041529	preferred	1000	0.000999000999	1	0	0	INSUFFICIENT_SUPPORT
x032993	x001091	preferred	1000	1	1	0	1	INSUFFICIENT_SUPPORT
x032993	x002976	depleted	1000	0.98001998	1	0	1	INSUFFICIENT_SUPPORT
x032993	x002977	preferred	1000	0.02297702298	1	1	1	INSUFFICIENT_SUPPORT
x032993	x002979	preferred	1000	0.000999000999	1	1	1	INSUFFICIENT_SUPPORT
x032993	x002980	preferred	1000	1	1	0	1	INSUFFICIENT_SUPPORT
x032993	x005074	preferred	1000	1	1	0	1	INSUFFICIENT_SUPPORT
x032993	x017377	preferred	1000	1	1	0	1	INSUFFICIENT_SUPPORT
x032993	x017380	depleted	1000	0.983016983	1	0	1	INSUFFICIENT_SUPPORT
x032993	x017383	preferred	1000	0.02497502498	1	1	1	INSUFFICIENT_SUPPORT
x032994	x002977	preferred	1000	0.000999000999	1	0	0	INSUFFICIENT_SUPPORT
x032994	x002978	preferred	1000	0.000999000999	1	0	0	INSUFFICIENT_SUPPORT
x032994	x002982	preferred	1000	0.000999000999	1	0	0	INSUFFICIENT_SUPPORT
x032994	x007100	preferred	1000	0.000999000999	1	0	0	INSUFFICIENT_SUPPORT
x032994	x018498	preferred	1000	0.000999000999	1	0	0	INSUFFICIENT_SUPPORT
x032994	x032443	preferred	1000	0.000999000999	1	0	0	INSUFFICIENT_SUPPORT
x032998	x002978	preferred	1000	0.000999000999	1	0	0	INSUFFICIENT_SUPPORT
x032998	x010939	preferred	1000	0.000999000999	1	0	0	INSUFFICIENT_SUPPORT
x032998	x017377	preferred	1000	0.000999000999	1	0	0	INSUFFICIENT_SUPPORT
x032998	x020639	preferred	1000	0.000999000999	1	0	0	INSUFFICIENT_SUPPORT
x032998	x032447	preferred	1000	0.000999000999	1	0	0	INSUFFICIENT_SUPPORT
x032999	x017381	preferred	1000	0.000999000999	1	0	0	INSUFFICIENT_SUPPORT
x032999	x032444	preferred	1000	0.000999000999	1	0	0	INSUFFICIENT_SUPPORT
x033096	x003192	preferred	1000	0.01398601399	1	1	1	INSUFFICIENT_SUPPORT
x033096	x016896	depleted	1000	1	1	0	1	INSUFFICIENT_SUPPORT
x033096	x016897	preferred	1000	0.03096903097	1	1	1	INSUFFICIENT_SUPPORT
x033096	x018496	preferred	1000	1	1	0	1	INSUFFICIENT_SUPPORT
x033096	x019940	preferred	1000	1	1	0	1	INSUFFICIENT_SUPPORT
x033096	x041114	preferred	1000	0.01498501499	1	1	1	INSUFFICIENT_SUPPORT
x033096	x041118	preferred	1000	1	1	0	1	INSUFFICIENT_SUPPORT
x033096	x041119	preferred	1000	1	1	0	1	INSUFFICIENT_SUPPORT
x033097	x021790	preferred	1000	0.000999000999	1	0	0	INSUFFICIENT_SUPPORT
x033097	x031704	preferred	1000	0.000999000999	1	0	0	INSUFFICIENT_SUPPORT
x033097	x031709	preferred	1000	0.000999000999	1	0	0	INSUFFICIENT_SUPPORT
x033097	x031711	preferred	1000	0.000999000999	1	0	0	INSUFFICIENT_SUPPORT
x033097	x041112	preferred	1000	0.000999000999	1	0	0	INSUFFICIENT_SUPPORT
x033097	x041115	preferred	1000	0.000999000999	1	0	0	INSUFFICIENT_SUPPORT
x033097	x042465	preferred	1000	0.000999000999	1	0	0	INSUFFICIENT_SUPPORT
x033098	x018500	preferred	1000	0.000999000999	1	0	0	INSUFFICIENT_SUPPORT
x033098	x031709	preferred	1000	0.000999000999	1	0	0	INSUFFICIENT_SUPPORT
x033098	x041119	preferred	1000	0.000999000999	1	0	0	INSUFFICIENT_SUPPORT
x033098	x042468	preferred	1000	0.000999000999	1	0	0	INSUFFICIENT_SUPPORT
x033099	x019937	preferred	1000	0.000999000999	1	0	0	INSUFFICIENT_SUPPORT
x033099	x024932	preferred	1000	0.000999000999	1	0	0	INSUFFICIENT_SUPPORT
x033099	x031706	preferred	1000	0.000999000999	1	0	0	INSUFFICIENT_SUPPORT
x033099	x031710	preferred	1000	0.000999000999	1	0	0	INSUFFICIENT_SUPPORT
x033099	x041465	preferred	1000	0.000999000999	1	0	0	INSUFFICIENT_SUPPORT
x033100	x005249	preferred	1000	0.000999000999	1	0	0	INSUFFICIENT_SUPPORT
x033100	x016901	preferred	1000	0.000999000999	1	0	0	INSUFFICIENT_SUPPORT
x033100	x016902	preferred	1000	0.000999000999	1	0	0	INSUFFICIENT_SUPPORT
x033100	x017289	preferred	1000	0.000999000999	1	0	0	INSUFFICIENT_SUPPORT
x033100	x017294	preferred	1000	0.000999000999	1	0	0	INSUFFICIENT_SUPPORT
x033100	x017379	preferred	1000	0.000999000999	1	0	0	INSUFFICIENT_SUPPORT
x033100	x017408	preferred	1000	0.000999000999	1	0	0	INSUFFICIENT_SUPPORT
x033100	x017413	preferred	1000	0.000999000999	1	0	0	INSUFFICIENT_SUPPORT
x033100	x018496	preferred	1000	0.000999000999	1	0	0	INSUFFICIENT_SUPPORT
x033100	x019938	preferred	1000	0.000999000999	1	0	0	INSUFFICIENT_SUPPORT
x033100	x041114	preferred	1000	0.000999000999	1	0	0	INSUFFICIENT_SUPPORT
x033100	x041115	preferred	1000	0.000999000999	1	0	0	INSUFFICIENT_SUPPORT
x033101	x005250	preferred	1000	0.000999000999	1	0	0	INSUFFICIENT_SUPPORT
x033101	x017295	preferred	1000	0.000999000999	1	0	0	INSUFFICIENT_SUPPORT
x033101	x031706	preferred	1000	0.000999000999	1	0	0	INSUFFICIENT_SUPPORT
x033101	x041116	preferred	1000	0.000999000999	1	0	0	INSUFFICIENT_SUPPORT
x033101	x041118	preferred	1000	0.000999000999	1	0	0	INSUFFICIENT_SUPPORT
x033101	x041119	preferred	1000	0.000999000999	1	0	0	INSUFFICIENT_SUPPORT
x033101	x042464	preferred	1000	0.000999000999	1	0	0	INSUFFICIENT_SUPPORT
x033102	x019936	preferred	1000	0.000999000999	1	0	0	INSUFFICIENT_SUPPORT
x033102	x031619	preferred	1000	0.000999000999	1	0	0	INSUFFICIENT_SUPPORT
x033102	x031710	preferred	1000	0.000999000999	1	0	0	INSUFFICIENT_SUPPORT
x033102	x041113	preferred	1000	0.000999000999	1	0	0	INSUFFICIENT_SUPPORT
x033103	x016897	preferred	1000	0.000999000999	1	0	0	INSUFFICIENT_SUPPORT
x033103	x024202	preferred	1000	0.000999000999	1	0	0	INSUFFICIENT_SUPPORT
x033103	x031617	preferred	1000	0.000999000999	1	0	0	INSUFFICIENT_SUPPORT
x033103	x031620	preferred	1000	0.000999000999	1	0	0	INSUFFICIENT_SUPPORT
x033103	x031710	preferred	1000	0.000999000999	1	0	0	INSUFFICIENT_SUPPORT
x033103	x041113	preferred	1000	0.000999000999	1	0	0	INSUFFICIENT_SUPPORT
x033304	x001429	preferred	1000	0.000999000999	1	0	0	INSUFFICIENT_SUPPORT
x033304	x016897	preferred	1000	0.000999000999	1	0	0	INSUFFICIENT_SUPPORT
x033304	x018878	preferred	1000	0.000999000999	1	0	0	INSUFFICIENT_SUPPORT
x033304	x019941	preferred	1000	0.000999000999	1	0	0	INSUFFICIENT_SUPPORT
x033304	x020021	preferred	1000	0.000999000999	1	0	0	INSUFFICIENT_SUPPORT
x033304	x031616	preferred	1000	0.000999000999	1	0	0	INSUFFICIENT_SUPPORT
x033304	x031621	preferred	1000	0.000999000999	1	0	0	INSUFFICIENT_SUPPORT
x033304	x031623	preferred	1000	0.000999000999	1	0	0	INSUFFICIENT_SUPPORT
x033304	x038675	preferred	1000	0.000999000999	1	0	0	INSUFFICIENT_SUPPORT
x033304	x041112	preferred	1000	0.000999000999	1	0	0	INSUFFICIENT_SUPPORT
x033304	x041116	preferred	1000	0.000999000999	1	0	0	INSUFFICIENT_SUPPORT
x033304	x041119	preferred	1000	0.000999000999	1	0	0	INSUFFICIENT_SUPPORT
x033309	x001425	preferred	1000	0.000999000999	1	0	0	INSUFFICIENT_SUPPORT
x033309	x001431	preferred	1000	0.000999000999	1	0	0	INSUFFICIENT_SUPPORT
x033309	x017294	preferred	1000	0.000999000999	1	0	0	INSUFFICIENT_SUPPORT
x033309	x020022	preferred	1000	0.000999000999	1	0	0	INSUFFICIENT_SUPPORT
x033309	x024804	preferred	1000	0.000999000999	1	0	0	INSUFFICIENT_SUPPORT
x033309	x031621	preferred	1000	0.000999000999	1	0	0	INSUFFICIENT_SUPPORT
x033309	x041118	preferred	1000	0.000999000999	1	0	0	INSUFFICIENT_SUPPORT
x033309	x041588	preferred	1000	0.000999000999	1	0	0	INSUFFICIENT_SUPPORT
x033309	x042823	preferred	1000	0.000999000999	1	0	0	INSUFFICIENT_SUPPORT
x033310	x025399	preferred	1000	0.000999000999	1	0	0	INSUFFICIENT_SUPPORT
x033310	x025656	preferred	1000	0.000999000999	1	0	0	INSUFFICIENT_SUPPORT
x033310	x031616	preferred	1000	0.000999000999	1	0	0	INSUFFICIENT_SUPPORT
x033310	x031710	preferred	1000	0.000999000999	1	0	0	INSUFFICIENT_SUPPORT
x033310	x033096	preferred	1000	0.000999000999	1	0	0	INSUFFICIENT_SUPPORT
x033310	x041112	preferred	1000	0.000999000999	1	0	0	INSUFFICIENT_SUPPORT
x033310	x041118	preferred	1000	0.000999000999	1	0	0	INSUFFICIENT_SUPPORT
x033311	x002107	preferred	1000	0.000999000999	1	0	0	INSUFFICIENT_SUPPORT
x033311	x019940	preferred	1000	0.000999000999	1	0	0	INSUFFICIENT_SUPPORT
x033311	x031622	preferred	1000	0.000999000999	1	0	0	INSUFFICIENT_SUPPORT
x033311	x031710	preferred	1000	0.000999000999	1	0	0	INSUFFICIENT_SUPPORT
x033311	x041591	preferred	1000	0.000999000999	1	0	0	INSUFFICIENT_SUPPORT
x033311	x042108	preferred	1000	0.000999000999	1	0	0	INSUFFICIENT_SUPPORT
x033410	x001092	preferred	1000	0.000999000999	1	0	0	INSUFFICIENT_SUPPORT
x033410	x002976	preferred	1000	0.000999000999	1	0	0	INSUFFICIENT_SUPPORT
x033410	x002978	preferred	1000	0.000999000999	1	0	0	INSUFFICIENT_SUPPORT
x033410	x017377	preferred	1000	0.000999000999	1	0	0	INSUFFICIENT_SUPPORT
x033410	x024928	preferred	1000	0.000999000999	1	0	0	INSUFFICIENT_SUPPORT
x033411	x002976	preferred	1000	0.000999000999	1	0	0	INSUFFICIENT_SUPPORT
x033411	x002980	preferred	1000	0.000999000999	1	0	0	INSUFFICIENT_SUPPORT
x033411	x002981	preferred	1000	0.000999000999	1	0	0	INSUFFICIENT_SUPPORT
x033411	x017380	preferred	1000	0.000999000999	1	0	0	INSUFFICIENT_SUPPORT
x033411	x017381	preferred	1000	0.000999000999	1	0	0	INSUFFICIENT_SUPPORT
x033411	x017415	preferred	1000	0.000999000999	1	0	0	INSUFFICIENT_SUPPORT
x033413	x002977	preferred	1000	0.000999000999	1	0	0	INSUFFICIENT_SUPPORT
x033413	x002983	preferred	1000	0.000999000999	1	0	0	INSUFFICIENT_SUPPORT
x033413	x017376	preferred	1000	0.000999000999	1	0	0	INSUFFICIENT_SUPPORT
x033413	x020639	preferred	1000	0.000999000999	1	0	0	INSUFFICIENT_SUPPORT
x033413	x024671	preferred	1000	0.000999000999	1	0	0	INSUFFICIENT_SUPPORT
x033413	x032444	preferred	1000	0.000999000999	1	0	0	INSUFFICIENT_SUPPORT
x033413	x037859	preferred	1000	0.000999000999	1	0	0	INSUFFICIENT_SUPPORT
x033413	x041257	preferred	1000	0.000999000999	1	0	0	INSUFFICIENT_SUPPORT
x033414	x002979	preferred	1000	0.000999000999	1	0	0	INSUFFICIENT_SUPPORT
x033414	x002980	preferred	1000	0.000999000999	1	0	0	INSUFFICIENT_SUPPORT
x033414	x002982	preferred	1000	0.000999000999	1	0	0	INSUFFICIENT_SUPPORT
x033414	x017378	preferred	1000	0.000999000999	1	0	0	INSUFFICIENT_SUPPORT
x033414	x017381	preferred	1000	0.000999000999	1	0	0	INSUFFICIENT_SUPPORT
x033414	x017383	preferred	1000	0.000999000999	1	0	0	INSUFFICIENT_SUPPORT
x033414	x038063	preferred	1000	0.000999000999	1	0	0	INSUFFICIENT_SUPPORT
x033414	x042800	preferred	1000	0.000999000999	1	0	0	INSUFFICIENT_SUPPORT
x033882	x018497	preferred	1000	0.000999000999	1	0	0	INSUFFICIENT_SUPPORT
x033882	x018502	preferred	1000	0.000999000999	1	0	0	INSUFFICIENT_SUPPORT
x033882	x018503	preferred	1000	0.000999000999	1	0	0	INSUFFICIENT_SUPPORT
x033882	x018872	preferred	1000	0.000999000999	1	0	0	INSUFFICIENT_SUPPORT
x033882	x020016	preferred	1000	0.000999000999	1	0	0	INSUFFICIENT_SUPPORT
x033882	x031709	preferred	1000	0.000999000999	1	0	0	INSUFFICIENT_SUPPORT
x033882	x031711	preferred	1000	0.000999000999	1	0	0	INSUFFICIENT_SUPPORT
x033882	x042804	preferred	1000	0.000999000999	1	0	0	INSUFFICIENT_SUPPORT
x034240	x000105	preferred	1000	0.000999000999	1	0	0	INSUFFICIENT_SUPPORT
x034240	x017410	preferred	1000	0.000999000999	1	0	0	INSUFFICIENT_SUPPORT
x034240	x017415	preferred	1000	0.000999000999	1	0	0	INSUFFICIENT_SUPPORT
x034240	x034497	preferred	1000	0.000999000999	1	0	0	INSUFFICIENT_SUPPORT
x034240	x037953	preferred	1000	0.000999000999	1	0	0	INSUFFICIENT_SUPPORT
x034240	x041530	preferred	1000	0.000999000999	1	0	0	INSUFFICIENT_SUPPORT
x034244	x017409	preferred	1000	0.000999000999	1	0	0	INSUFFICIENT_SUPPORT
x034245	x019936	preferred	1000	0.000999000999	1	0	0	INSUFFICIENT_SUPPORT
x034245	x022523	preferred	1000	0.000999000999	1	0	0	INSUFFICIENT_SUPPORT
x034245	x042467	preferred	1000	0.000999000999	1	0	0	INSUFFICIENT_SUPPORT
x034245	x042807	preferred	1000	0.000999000999	1	0	0	INSUFFICIENT_SUPPORT
x034246	x016897	preferred	1000	0.000999000999	1	0	0	INSUFFICIENT_SUPPORT
x034246	x016902	preferred	1000	0.000999000999	1	0	0	INSUFFICIENT_SUPPORT
x034246	x018260	preferred	1000	0.000999000999	1	0	0	INSUFFICIENT_SUPPORT
x034246	x031705	preferred	1000	0.000999000999	1	0	0	INSUFFICIENT_SUPPORT
x034246	x031710	preferred	1000	0.000999000999	1	0	0	INSUFFICIENT_SUPPORT
x034496	x005076	preferred	1000	0.000999000999	1	0	0	INSUFFICIENT_SUPPORT
x034496	x018496	preferred	1000	0.000999000999	1	0	0	INSUFFICIENT_SUPPORT
x034496	x018498	preferred	1000	0.000999000999	1	0	0	INSUFFICIENT_SUPPORT
x034496	x018500	preferred	1000	0.000999000999	1	0	0	INSUFFICIENT_SUPPORT
x034496	x018503	preferred	1000	0.000999000999	1	0	0	INSUFFICIENT_SUPPORT
x034496	x020016	preferred	1000	0.000999000999	1	0	0	INSUFFICIENT_SUPPORT
x034496	x020021	preferred	1000	0.000999000999	1	0	0	INSUFFICIENT_SUPPORT
x034496	x024804	preferred	1000	0.000999000999	1	0	0	INSUFFICIENT_SUPPORT
x034496	x034240	preferred	1000	0.000999000999	1	0	0	INSUFFICIENT_SUPPORT
x034496	x041263	preferred	1000	0.000999000999	1	0	0	INSUFFICIENT_SUPPORT
x034496	x041530	preferred	1000	0.000999000999	1	0	0	INSUFFICIENT_SUPPORT
x034497	x002109	preferred	1000	0.000999000999	1	0	0	INSUFFICIENT_SUPPORT
x034497	x018497	preferred	1000	0.000999000999	1	0	0	INSUFFICIENT_SUPPORT
x034497	x018498	preferred	1000	0.000999000999	1	0	0	INSUFFICIENT_SUPPORT
x034497	x018503	preferred	1000	0.000999000999	1	0	0	INSUFFICIENT_SUPPORT
x034497	x020021	preferred	1000	0.000999000999	1	0	0	INSUFFICIENT_SUPPORT
x034497	x020022	preferred	1000	0.000999000999	1	0	0	INSUFFICIENT_SUPPORT
x034497	x037851	preferred	1000	0.000999000999	1	0	0	INSUFFICIENT_SUPPORT
x034497	x037852	preferred	1000	0.000999000999	1	0	0	INSUFFICIENT_SUPPORT
x034497	x037853	preferred	1000	0.000999000999	1	0	0	INSUFFICIENT_SUPPORT
x034497	x037854	preferred	1000	0.000999000999	1	0	0	INSUFFICIENT_SUPPORT
x034497	x038106	preferred	1000	0.000999000999	1	0	0	INSUFFICIENT_SUPPORT
x034497	x040638	preferred	1000	0.000999000999	1	0	0	INSUFFICIENT_SUPPORT
x034497	x041258	preferred	1000	0.000999000999	1	0	0	INSUFFICIENT_SUPPORT
x034497	x041260	preferred	1000	0.000999000999	1	0	0	INSUFFICIENT_SUPPORT
x034497	x041261	preferred	1000	0.000999000999	1	0	0	INSUFFICIENT_SUPPORT
x034498	x005077	preferred	1000	0.000999000999	1	0	0	INSUFFICIENT_SUPPORT
x034498	x005078	preferred	1000	0.000999000999	1	0	0	INSUFFICIENT_SUPPORT
x034498	x018496	preferred	1000	0.000999000999	1	0	0	INSUFFICIENT_SUPPORT
x034498	x018498	preferred	1000	0.000999000999	1	0	0	INSUFFICIENT_SUPPORT
x034498	x018499	preferred	1000	0.000999000999	1	0	0	INSUFFICIENT_SUPPORT
x034498	x018500	preferred	1000	0.000999000999	1	0	0	INSUFFICIENT_SUPPORT
x034498	x037848	preferred	1000	0.000999000999	1	0	0	INSUFFICIENT_SUPPORT
x034498	x037850	preferred	1000	0.000999000999	1	0	0	INSUFFICIENT_SUPPORT
x034498	x038541	preferred	1000	0.000999000999	1	0	0	INSUFFICIENT_SUPPORT
x034498	x040632	preferred	1000	0.000999000999	1	0	0	INSUFFICIENT_SUPPORT
x034499	x002977	preferred	1000	0.000999000999	1	0	0	INSUFFICIENT_SUPPORT
x034499	x003198	preferred	1000	0.000999000999	1	0	0	INSUFFICIENT_SUPPORT
x034499	x018501	preferred	1000	0.000999000999	1	0	0	INSUFFICIENT_SUPPORT
x034499	x020016	preferred	1000	0.000999000999	1	0	0	INSUFFICIENT_SUPPORT
x034499	x037852	preferred	1000	0.000999000999	1	0	0	INSUFFICIENT_SUPPORT
x034499	x037856	preferred	1000	0.000999000999	1	0	0	INSUFFICIENT_SUPPORT
x034499	x041262	preferred	1000	0.000999000999	1	0	0	INSUFFICIENT_SUPPORT
x034500	x001431	preferred	1000	0.000999000999	1	0	0	INSUFFICIENT_SUPPORT
x034500	x020016	preferred	1000	0.000999000999	1	0	0	INSUFFICIENT_SUPPORT
x034500	x037854	preferred	1000	0.000999000999	1	0	0	INSUFFICIENT_SUPPORT
x034500	x037862	preferred	1000	0.000999000999	1	0	0	INSUFFICIENT_SUPPORT
x034500	x041445	preferred	1000	0.000999000999	1	0	0	INSUFFICIENT_SUPPORT
x034501	x018498	preferred	1000	0.000999000999	1	0	0	INSUFFICIENT_SUPPORT
x034501	x018500	preferred	1000	0.000999000999	1	0	0	INSUFFICIENT_SUPPORT
x034501	x021566	preferred	1000	0.000999000999	1	0	0	INSUFFICIENT_SUPPORT
x034501	x037848	preferred	1000	0.000999000999	1	0	0	INSUFFICIENT_SUPPORT
x034501	x037852	preferred	1000	0.000999000999	1	0	0	INSUFFICIENT_SUPPORT
x034501	x041263	preferred	1000	0.000999000999	1	0	0	INSUFFICIENT_SUPPORT
x034502	x001428	preferred	1000	0.000999000999	1	0	0	INSUFFICIENT_SUPPORT
x034502	x005077	preferred	1000	0.000999000999	1	0	0	INSUFFICIENT_SUPPORT
x034502	x018503	preferred	1000	0.000999000999	1	0	0	INSUFFICIENT_SUPPORT
x034502	x018561	preferred	1000	0.000999000999	1	0	0	INSUFFICIENT_SUPPORT
x034502	x037849	preferred	1000	0.000999000999	1	0	0	INSUFFICIENT_SUPPORT
x034502	x037854	preferred	1000	0.000999000999	1	0	0	INSUFFICIENT_SUPPORT
x034502	x037990	preferred	1000	0.000999000999	1	0	0	INSUFFICIENT_SUPPORT
x034502	x041258	preferred	1000	0.000999000999	1	0	0	INSUFFICIENT_SUPPORT
x034503	x017414	preferred	1000	0.000999000999	1	0	0	INSUFFICIENT_SUPPORT
x034503	x018499	preferred	1000	0.000999000999	1	0	0	INSUFFICIENT_SUPPORT
x034503	x020017	preferred	1000	0.000999000999	1	0	0	INSUFFICIENT_SUPPORT
x034503	x037987	preferred	1000	0.000999000999	1	0	0	INSUFFICIENT_SUPPORT
x034503	x040634	preferred	1000	0.000999000999	1	0	0	INSUFFICIENT_SUPPORT
x034503	x040638	preferred	1000	0.000999000999	1	0	0	INSUFFICIENT_SUPPORT
x034503	x042800	preferred	1000	0.000999000999	1	0	0	INSUFFICIENT_SUPPORT
x034672	x025397	preferred	1000	0.000999000999	1	0	0	INSUFFICIENT_SUPPORT
x034672	x034240	preferred	1000	0.000999000999	1	0	0	INSUFFICIENT_SUPPORT
x034673	x025394	preferred	1000	0.000999000999	1	0	0	INSUFFICIENT_SUPPORT
x034673	x025548	preferred	1000	0.000999000999	1	0	0	INSUFFICIENT_SUPPORT
x034674	x021786	preferred	1000	0.000999000999	1	0	0	INSUFFICIENT_SUPPORT
x034674	x025544	preferred	1000	0.000999000999	1	0	0	INSUFFICIENT_SUPPORT
x034674	x025546	preferred	1000	0.000999000999	1	0	0	INSUFFICIENT_SUPPORT
x034674	x038441	preferred	1000	0.000999000999	1	0	0	INSUFFICIENT_SUPPORT
x034674	x038443	preferred	1000	0.000999000999	1	0	0	INSUFFICIENT_SUPPORT
x034675	x021785	preferred	1000	0.000999000999	1	0	0	INSUFFICIENT_SUPPORT
x034675	x034244	preferred	1000	0.000999000999	1	0	0	INSUFFICIENT_SUPPORT
x034676	x002338	preferred	1000	0.000999000999	1	0	0	INSUFFICIENT_SUPPORT
x034676	x021790	preferred	1000	0.000999000999	1	0	0	INSUFFICIENT_SUPPORT
x034676	x025398	preferred	1000	0.000999000999	1	0	0	INSUFFICIENT_SUPPORT
x034676	x025399	preferred	1000	0.000999000999	1	0	0	INSUFFICIENT_SUPPORT
x034678	x021784	preferred	1000	0.000999000999	1	0	0	INSUFFICIENT_SUPPORT
x034678	x025397	preferred	1000	0.000999000999	1	0	0	INSUFFICIENT_SUPPORT
x034678	x025547	preferred	1000	0.000999000999	1	0	0	INSUFFICIENT_SUPPORT
x034679	x025399	preferred	1000	0.000999000999	1	0	0	INSUFFICIENT_SUPPORT
x034679	x025544	preferred	1000	0.000999000999	1	0	0	INSUFFICIENT_SUPPORT
x034679	x038443	preferred	1000	0.000999000999	1	0	0	INSUFFICIENT_SUPPORT
x037264	x002977	preferred	1000	0.000999000999	1	0	0	INSUFFICIENT_SUPPORT
x037264	x003197	preferred	1000	0.000999000999	1	0	0	INSUFFICIENT_SUPPORT
x037264	x038063	preferred	1000	0.000999000999	1	0	0	INSUFFICIENT_SUPPORT
x037264	x042803	preferred	1000	0.000999000999	1	0	0	INSUFFICIENT_SUPPORT
x037267	x002982	preferred	1000	0.000999000999	1	0	0	INSUFFICIENT_SUPPORT
x037267	x020633	preferred	1000	0.000999000999	1	0	0	INSUFFICIENT_SUPPORT
x037267	x038063	preferred	1000	0.000999000999	1	0	0	INSUFFICIENT_SUPPORT
x037268	x020639	preferred	1000	0.000999000999	1	0	0	INSUFFICIENT_SUPPORT
x037268	x038057	preferred	1000	0.000999000999	1	0	0	INSUFFICIENT_SUPPORT
x037827	x018497	preferred	1000	0.000999000999	1	0	0	INSUFFICIENT_SUPPORT
x037827	x018503	preferred	1000	0.000999000999	1	0	0	INSUFFICIENT_SUPPORT
x037827	x037853	preferred	1000	0.000999000999	1	0	0	INSUFFICIENT_SUPPORT
x037848	x002337	preferred	1000	0.000999000999	1	0	0	INSUFFICIENT_SUPPORT
x037848	x003701	preferred	1000	0.000999000999	1	0	0	INSUFFICIENT_SUPPORT
x037848	x005072	preferred	1000	0.000999000999	1	0	0	INSUFFICIENT_SUPPORT
x037848	x016897	preferred	1000	0.000999000999	1	0	0	INSUFFICIENT_SUPPORT
x037848	x017412	preferred	1000	0.000999000999	1	0	0	INSUFFICIENT_SUPPORT
x037848	x017415	preferred	1000	0.000999000999	1	0	0	INSUFFICIENT_SUPPORT
x037848	x017891	preferred	1000	0.000999000999	1	0	0	INSUFFICIENT_SUPPORT
x037848	x017895	preferred	1000	0.000999000999	1	0	0	INSUFFICIENT_SUPPORT
x037848	x018496	preferred	1000	0.000999000999	1	0	0	INSUFFICIENT_SUPPORT
x037848	x018498	preferred	1000	0.000999000999	1	0	0	INSUFFICIENT_SUPPORT
x037848	x018500	preferred	1000	0.000999000999	1	0	0	INSUFFICIENT_SUPPORT
x037848	x018501	preferred	1000	0.000999000999	1	0	0	INSUFFICIENT_SUPPORT
x037848	x018502	preferred	1000	0.000999000999	1	0	0	INSUFFICIENT_SUPPORT
x037848	x018503	preferred	1000	0.000999000999	1	0	0	INSUFFICIENT_SUPPORT
x037848	x019938	preferred	1000	0.000999000999	1	0	0	INSUFFICIENT_SUPPORT
x037848	x019942	preferred	1000	0.000999000999	1	0	0	INSUFFICIENT_SUPPORT
x037848	x020019	preferred	1000	0.000999000999	1	0	0	INSUFFICIENT_SUPPORT
x037848	x020020	preferred	1000	0.000999000999	1	0	0	INSUFFICIENT_SUPPORT
x037848	x020021	preferred	1000	0.000999000999	1	0	0	INSUFFICIENT_SUPPORT
x037848	x020022	preferred	1000	0.000999000999	1	0	0	INSUFFICIENT_SUPPORT
x037848	x025394	preferred	1000	0.000999000999	1	0	0	INSUFFICIENT_SUPPORT
x037848	x033096	preferred	1000	0.000999000999	1	0	0	INSUFFICIENT_SUPPORT
x037848	x037858	preferred	1000	0.000999000999	1	0	0	INSUFFICIENT_SUPPORT
x037848	x037859	preferred	1000	0.000999000999	1	0	0	INSUFFICIENT_SUPPORT
x037848	x037860	preferred	1000	0.000999000999	1	0	0	INSUFFICIENT_SUPPORT
x037848	x037862	preferred	1000	0.000999000999	1	0	0	INSUFFICIENT_SUPPORT
x037848	x037863	preferred	1000	0.000999000999	1	0	0	INSUFFICIENT_SUPPORT
x037848	x037955	preferred	1000	0.000999000999	1	0	0	INSUFFICIENT_SUPPORT
x037848	x037984	preferred	1000	0.000999000999	1	0	0	INSUFFICIENT_SUPPORT
x037848	x037988	preferred	1000	0.000999000999	1	0	0	INSUFFICIENT_SUPPORT
x037848	x038107	preferred	1000	0.000999000999	1	0	0	INSUFFICIENT_SUPPORT
x037848	x041118	preferred	1000	0.000999000999	1	0	0	INSUFFICIENT_SUPPORT
x037848	x041258	preferred	1000	0.000999000999	1	0	0	INSUFFICIENT_SUPPORT
x037848	x041261	preferred	1000	0.000999000999	1	0	0	INSUFFICIENT_SUPPORT
x037848	x041657	preferred	1000	0.000999000999	1	0	0	INSUFFICIENT_SUPPORT
x037848	x041663	preferred	1000	0.000999000999	1	0	0	INSUFFICIENT_SUPPORT
x037848	x042804	preferred	1000	0.000999000999	1	0	0	INSUFFICIENT_SUPPORT
x037848	x042805	preferred	1000	0.000999000999	1	0	0	INSUFFICIENT_SUPPORT
x037848	x042806	preferred	1000	0.000999000999	1	0	0	INSUFFICIENT_SUPPORT
x037848	x042820	preferred	1000	0.000999000999	1	0	0	INSUFFICIENT_SUPPORT
x037849	x000105	preferred	1000	0.000999000999	1	0	0	INSUFFICIENT_SUPPORT
x037849	x001399	preferred	1000	0.000999000999	1	0	0	INSUFFICIENT_SUPPORT
x037849	x005079	preferred	1000	0.000999000999	1	0	0	INSUFFICIENT_SUPPORT
x037849	x017293	preferred	1000	0.000999000999	1	0	0	INSUFFICIENT_SUPPORT
x037849	x017408	preferred	1000	0.000999000999	1	0	0	INSUFFICIENT_SUPPORT
x037849	x017413	preferred	1000	0.000999000999	1	0	0	INSUFFICIENT_SUPPORT
x037849	x017414	preferred	1000	0.000999000999	1	0	0	INSUFFICIENT_SUPPORT
x037849	x017415	preferred	1000	0.000999000999	1	0	0	INSUFFICIENT_SUPPORT
x037849	x017993	preferred	1000	0.000999000999	1	0	0	INSUFFICIENT_SUPPORT
x037849	x018496	preferred	1000	0.000999000999	1	0	0	INSUFFICIENT_SUPPORT
x037849	x018497	preferred	1000	0.000999000999	1	0	0	INSUFFICIENT_SUPPORT
x037849	x018498	preferred	1000	0.000999000999	1	0	0	INSUFFICIENT_SUPPORT
x037849	x018499	preferred	1000	0.000999000999	1	0	0	INSUFFICIENT_SUPPORT
x037849	x018500	preferred	1000	0.000999000999	1	0	0	INSUFFICIENT_SUPPORT
x037849	x018501	preferred	1000	0.000999000999	1	0	0	INSUFFICIENT_SUPPORT
x037849	x018502	preferred	1000	0.000999000999	1	0	0	INSUFFICIENT_SUPPORT
x037849	x018879	preferred	1000	0.000999000999	1	0	0	INSUFFICIENT_SUPPORT
x037849	x019938	preferred	1000	0.000999000999	1	0	0	INSUFFICIENT_SUPPORT
x037849	x019939	preferred	1000	0.000999000999	1	0	0	INSUFFICIENT_SUPPORT
x037849	x019941	preferred	1000	0.000999000999	1	0	0	INSUFFICIENT_SUPPORT
x037849	x019942	preferred	1000	0.000999000999	1	0	0	INSUFFICIENT_SUPPORT
x037849	x020016	preferred	1000	0.000999000999	1	0	0	INSUFFICIENT_SUPPORT
x037849	x020017	preferred	1000	0.000999000999	1	0	0	INSUFFICIENT_SUPPORT
x037849	x020018	preferred	1000	0.000999000999	1	0	0	INSUFFICIENT_SUPPORT
x037849	x020021	preferred	1000	0.000999000999	1	0	0	INSUFFICIENT_SUPPORT
x037849	x020022	preferred	1000	0.000999000999	1	0	0	INSUFFICIENT_SUPPORT
x037849	x024241	preferred	1000	0.000999000999	1	0	0	INSUFFICIENT_SUPPORT
x037849	x024246	preferred	1000	0.000999000999	1	0	0	INSUFFICIENT_SUPPORT
x037849	x024736	preferred	1000	0.000999000999	1	0	0	INSUFFICIENT_SUPPORT
x037849	x024801	preferred	1000	0.000999000999	1	0	0	INSUFFICIENT_SUPPORT
x037849	x024928	preferred	1000	0.000999000999	1	0	0	INSUFFICIENT_SUPPORT
x037849	x031704	preferred	1000	0.000999000999	1	0	0	INSUFFICIENT_SUPPORT
x037849	x033100	preferred	1000	0.000999000999	1	0	0	INSUFFICIENT_SUPPORT
x037849	x037856	preferred	1000	0.000999000999	1	0	0	INSUFFICIENT_SUPPORT
x037849	x037858	preferred	1000	0.000999000999	1	0	0	INSUFFICIENT_SUPPORT
x037849	x037860	preferred	1000	0.000999000999	1	0	0	INSUFFICIENT_SUPPORT
x037849	x037861	preferred	1000	0.000999000999	1	0	0	INSUFFICIENT_SUPPORT
x037849	x037953	preferred	1000	0.000999000999	1	0	0	INSUFFICIENT_SUPPORT
x037849	x037956	preferred	1000	0.000999000999	1	0	0	INSUFFICIENT_SUPPORT
x037849	x037959	preferred	1000	0.000999000999	1	0	0	INSUFFICIENT_SUPPORT
x037849	x037984	preferred	1000	0.000999000999	1	0	0	INSUFFICIENT_SUPPORT
x037849	x037985	preferred	1000	0.000999000999	1	0	0	INSUFFICIENT_SUPPORT
x037849	x037986	preferred	1000	0.000999000999	1	0	0	INSUFFICIENT_SUPPORT
x037849	x037987	preferred	1000	0.000999000999	1	0	0	INSUFFICIENT_SUPPORT
x037849	x037989	preferred	1000	0.000999000999	1	0	0	INSUFFICIENT_SUPPORT
x037849	x038540	preferred	1000	0.000999000999	1	0	0	INSUFFICIENT_SUPPORT
x037849	x041116	preferred	1000	0.000999000999	1	0	0	INSUFFICIENT_SUPPORT
x037849	x041247	preferred	1000	0.000999000999	1	0	0	INSUFFICIENT_SUPPORT
x037849	x041256	preferred	1000	0.000999000999	1	0	0	INSUFFICIENT_SUPPORT
x037849	x041257	preferred	1000	0.000999000999	1	0	0	INSUFFICIENT_SUPPORT
x037849	x041260	preferred	1000	0.000999000999	1	0	0	INSUFFICIENT_SUPPORT
x037849	x041262	preferred	1000	0.000999000999	1	0	0	INSUFFICIENT_SUPPORT
x037849	x041263	preferred	1000	0.000999000999	1	0	0	INSUFFICIENT_SUPPORT
x037849	x041661	preferred	1000	0.000999000999	1	0	0	INSUFFICIENT_SUPPORT
x037849	x041662	preferred	1000	0.000999000999	1	0	0	INSUFFICIENT_SUPPORT
x037849	x042465	preferred	1000	0.000999000999	1	0	0	INSUFFICIENT_SUPPORT
x037849	x042800	preferred	1000	0.000999000999	1	0	0	INSUFFICIENT_SUPPORT
x037849	x042802	preferred	1000	0.000999000999	1	0	0	INSUFFICIENT_SUPPORT
x037849	x042807	preferred	1000	0.000999000999	1	0	0	INSUFFICIENT_SUPPORT
x037850	x000104	preferred	1000	1	1	0	0.6257777147	INSUFFICIENT_SUPPORT
x037850	x000107	depleted	1000	1	1	0	0.764478278	INSUFFICIENT_SUPPORT
x037850	x000109	depleted	1000	0.9150849151	1	0	0.5808275785	INSUFFICIENT_SUPPORT
x037850	x001088	preferred	1000	1	1	0	0.5018009746	INSUFFICIENT_SUPPORT
x037850	x001092	preferred	1000	1	1	0	0.5018009746	INSUFFICIENT_SUPPORT
x037850	x001093	preferred	1000	1	1	0	0.5018009746	INSUFFICIENT_SUPPORT
x037850	x001392	preferred	1000	1	1	0	0.5018009746	INSUFFICIENT_SUPPORT
x037850	x001395	preferred	1000	1	1	0	0.5018009746	INSUFFICIENT_SUPPORT
x037850	x015280	preferred	1000	1	1	0	0.5018009746	INSUFFICIENT_SUPPORT
x037850	x017408	preferred	1000	0.01198801199	1	1	0.8514458566	INSUFFICIENT_SUPPORT
x037850	x017411	preferred	1000	1	1	0	0.5185695981	INSUFFICIENT_SUPPORT
x037850	x017412	preferred	1000	1	1	0	0.9148728945	INSUFFICIENT_SUPPORT
x037850	x017414	preferred	1000	1	1	0	0.5018009746	INSUFFICIENT_SUPPORT
x037850	x017675	preferred	1000	1	1	0	0.5018009746	INSUFFICIENT_SUPPORT
x037850	x018496	depleted	1000	0.958041958	1	0	0.5760497458	INSUFFICIENT_SUPPORT
x037850	x018498	preferred	1000	0.03696303696	1	1	0.5185695981	INSUFFICIENT_SUPPORT
x037850	x018499	depleted	1000	0.999000999	1	1	0.8927807177	INSUFFICIENT_SUPPORT
x037850	x018500	preferred	1000	0.000999000999	1	0.5	0.8233476908	INSUFFICIENT_SUPPORT
x037850	x018501	preferred	1000	1	1	0	0.5534873795	INSUFFICIENT_SUPPORT
x037850	x018502	depleted	1000	0.965034965	1	0	0.5760497458	INSUFFICIENT_SUPPORT
x037850	x018503	depleted	1000	0.9210789211	1	0	0.5022343773	INSUFFICIENT_SUPPORT
x037850	x019937	preferred	1000	1	1	0	0.5185695981	INSUFFICIENT_SUPPORT
x037850	x019942	preferred	1000	1	1	0	0.5018009746	INSUFFICIENT_SUPPORT
x037850	x020016	preferred	1000	0.06893106893	1	1	0.9148728945	INSUFFICIENT_SUPPORT
x037850	x020017	depleted	1000	0.96003996	1	0	0.9064447327	INSUFFICIENT_SUPPORT
x037850	x020023	preferred	1000	1	1	0	0.5018009746	INSUFFICIENT_SUPPORT
x037850	x024740	preferred	1000	0.01498501499	1	1	0.5018009746	INSUFFICIENT_SUPPORT
x037850	x024805	preferred	1000	1	1	0	0.7573203512	INSUFFICIENT_SUPPORT
x037850	x025532	preferred	1000	1	1	0	0.9083058969	INSUFFICIENT_SUPPORT
x037850	x025544	preferred	1000	0.01398601399	1	1	0.7545330206	INSUFFICIENT_SUPPORT
x037850	x025550	preferred	1000	1	1	0	0.9083058969	INSUFFICIENT_SUPPORT
x037850	x025737	preferred	1000	1	1	0	0.5018009746	INSUFFICIENT_SUPPORT
x037850	x031616	preferred	1000	1	1	0	0.9083058969	INSUFFICIENT_SUPPORT
x037850	x031617	preferred	1000	1	1	0	0.9083058969	INSUFFICIENT_SUPPORT
x037850	x033882	preferred	1000	1	1	0	0.7545330206	INSUFFICIENT_SUPPORT
x037850	x037862	depleted	1000	0.968031968	1	1	0.5882198057	INSUFFICIENT_SUPPORT
x037850	x037863	depleted	1000	0.9060939061	1	0	0.5014690947	INSUFFICIENT_SUPPORT
x037850	x037955	preferred	1000	1	1	0	0.7545330206	INSUFFICIENT_SUPPORT
x037850	x037959	preferred	1000	1	1	0	0.5018009746	INSUFFICIENT_SUPPORT
x037850	x037986	preferred	1000	1	1	0	0.5018009746	INSUFFICIENT_SUPPORT
x037850	x038104	preferred	1000	1	1	0	0.9148728945	INSUFFICIENT_SUPPORT
x037850	x038105	preferred	1000	1	1	0	0.9083058969	INSUFFICIENT_SUPPORT
x037850	x038109	preferred	1000	1	1	0	0.5018009746	INSUFFICIENT_SUPPORT
x037850	x038538	depleted	1000	0.983016983	1	0	0.5055776225	INSUFFICIENT_SUPPORT
x037850	x041118	depleted	1000	0.999000999	1	1	0.5082471197	INSUFFICIENT_SUPPORT
x037850	x041259	preferred	1000	1	1	0	0.6257777147	INSUFFICIENT_SUPPORT
x037850	x041585	preferred	1000	1	1	0	0.9083058969	INSUFFICIENT_SUPPORT
x037850	x041661	preferred	1000	1	1	0	0.7573203512	INSUFFICIENT_SUPPORT
x037850	x041942	preferred	1000	1	1	0	0.5018009746	INSUFFICIENT_SUPPORT
x037850	x042800	preferred	1000	0.02497502498	1	1	0.7545330206	INSUFFICIENT_SUPPORT
x037850	x042802	depleted	1000	0.992007992	1	0	0.8570492669	INSUFFICIENT_SUPPORT
x037850	x042803	preferred	1000	1	1	0	0.5018009746	INSUFFICIENT_SUPPORT
x037850	x042804	preferred	1000	1	1	0	0.7545330206	INSUFFICIENT_SUPPORT
x037850	x042806	depleted	1000	0.964035964	1	0	0.8570492669	INSUFFICIENT_SUPPORT
x037850	x042807	preferred	1000	1	1	0	0.6246497997	INSUFFICIENT_SUPPORT
x037851	x001428	preferred	1000	0.000999000999	1	0	0	INSUFFICIENT_SUPPORT
x037851	x002110	preferred	1000	0.000999000999	1	0	0	INSUFFICIENT_SUPPORT
x037851	x017408	preferred	1000	0.000999000999	1	0	0	INSUFFICIENT_SUPPORT
x037851	x017409	preferred	1000	0.000999000999	1	0	0	INSUFFICIENT_SUPPORT
x037851	x017410	preferred	1000	0.000999000999	1	0	0	INSUFFICIENT_SUPPORT
x037851	x017412	preferred	1000	0.000999000999	1	0	0	INSUFFICIENT_SUPPORT
x037851	x017413	preferred	1000	0.000999000999	1	0	0	INSUFFICIENT_SUPPORT
x037851	x017414	preferred	1000	0.000999000999	1	0	0	INSUFFICIENT_SUPPORT
x037851	x017415	preferred	1000	0.000999000999	1	0	0	INSUFFICIENT_SUPPORT
x037851	x018496	preferred	1000	0.000999000999	1	0	0	INSUFFICIENT_SUPPORT
x037851	x018497	preferred	1000	0.000999000999	1	0	0	INSUFFICIENT_SUPPORT
x037851	x018498	preferred	1000	0.000999000999	1	0	0	INSUFFICIENT_SUPPORT
x037851	x018499	preferred	1000	0.000999000999	1	0	0	INSUFFICIENT_SUPPORT
x037851	x018500	preferred	1000	0.000999000999	1	0	0	INSUFFICIENT_SUPPORT
x037851	x018502	preferred	1000	0.000999000999	1	0	0	INSUFFICIENT_SUPPORT
x037851	x018503	preferred	1000	0.000999000999	1	0	0	INSUFFICIENT_SUPPORT
x037851	x018560	preferred	1000	0.000999000999	1	0	0	INSUFFICIENT_SUPPORT
x037851	x018564	preferred	1000	0.000999000999	1	0	0	INSUFFICIENT_SUPPORT
x037851	x018566	preferred	1000	0.000999000999	1	0	0	INSUFFICIENT_SUPPORT
x037851	x019939	preferred	1000	0.000999000999	1	0	0	INSUFFICIENT_SUPPORT
x037851	x019940	preferred	1000	0.000999000999	1	0	0	INSUFFICIENT_SUPPORT
x037851	x019942	preferred	1000	0.000999000999	1	0	0	INSUFFICIENT_SUPPORT
x037851	x019943	preferred	1000	0.000999000999	1	0	0	INSUFFICIENT_SUPPORT
x037851	x020023	preferred	1000	0.000999000999	1	0	0	INSUFFICIENT_SUPPORT
x037851	x024076	preferred	1000	0.000999000999	1	0	0	INSUFFICIENT_SUPPORT
x037851	x024935	preferred	1000	0.000999000999	1	0	0	INSUFFICIENT_SUPPORT
x037851	x033101	preferred	1000	0.000999000999	1	0	0	INSUFFICIENT_SUPPORT
x037851	x033103	preferred	1000	0.000999000999	1	0	0	INSUFFICIENT_SUPPORT
x037851	x034672	preferred	1000	0.000999000999	1	0	0	INSUFFICIENT_SUPPORT
x037851	x037856	preferred	1000	0.000999000999	1	0	0	INSUFFICIENT_SUPPORT
x037851	x037859	preferred	1000	0.000999000999	1	0	0	INSUFFICIENT_SUPPORT
x037851	x037861	preferred	1000	0.000999000999	1	0	0	INSUFFICIENT_SUPPORT
x037851	x037863	preferred	1000	0.000999000999	1	0	0	INSUFFICIENT_SUPPORT
x037851	x037954	preferred	1000	0.000999000999	1	0	0	INSUFFICIENT_SUPPORT
x037851	x037985	preferred	1000	0.000999000999	1	0	0	INSUFFICIENT_SUPPORT
x037851	x041113	preferred	1000	0.000999000999	1	0	0	INSUFFICIENT_SUPPORT
x037851	x041114	preferred	1000	0.000999000999	1	0	0	INSUFFICIENT_SUPPORT
x037851	x041116	preferred	1000	0.000999000999	1	0	0	INSUFFICIENT_SUPPORT
x037851	x041118	preferred	1000	0.000999000999	1	0	0	INSUFFICIENT_SUPPORT
x037851	x041259	preferred	1000	0.000999000999	1	0	0	INSUFFICIENT_SUPPORT
x037851	x041261	preferred	1000	0.000999000999	1	0	0	INSUFFICIENT_SUPPORT
x037851	x042801	preferred	1000	0.000999000999	1	0	0	INSUFFICIENT_SUPPORT
x037851	x042802	preferred	1000	0.000999000999	1	0	0	INSUFFICIENT_SUPPORT
x037851	x042819	preferred	1000	0.000999000999	1	0	0	INSUFFICIENT_SUPPORT
x037852	x002339	preferred	1000	0.000999000999	1	0	0	INSUFFICIENT_SUPPORT
x037852	x014827	preferred	1000	0.000999000999	1	0	0	INSUFFICIENT_SUPPORT
x037852	x017409	preferred	1000	0.000999000999	1	0	0	INSUFFICIENT_SUPPORT
x037852	x017410	preferred	1000	0.000999000999	1	0	0	INSUFFICIENT_SUPPORT
x037852	x017414	preferred	1000	0.000999000999	1	0	0	INSUFFICIENT_SUPPORT
x037852	x017415	preferred	1000	0.000999000999	1	0	0	INSUFFICIENT_SUPPORT
x037852	x017888	preferred	1000	0.000999000999	1	0	0	INSUFFICIENT_SUPPORT
x037852	x017891	preferred	1000	0.000999000999	1	0	0	INSUFFICIENT_SUPPORT
x037852	x018496	preferred	1000	0.000999000999	1	0	0	INSUFFICIENT_SUPPORT
x037852	x018498	preferred	1000	0.000999000999	1	0	0	INSUFFICIENT_SUPPORT
x037852	x018500	preferred	1000	0.000999000999	1	0	0	INSUFFICIENT_SUPPORT
x037852	x018501	preferred	1000	0.000999000999	1	0	0	INSUFFICIENT_SUPPORT
x037852	x018564	preferred	1000	0.000999000999	1	0	0	INSUFFICIENT_SUPPORT
x037852	x019941	preferred	1000	0.000999000999	1	0	0	INSUFFICIENT_SUPPORT
x037852	x019942	preferred	1000	0.000999000999	1	0	0	INSUFFICIENT_SUPPORT
x037852	x019943	preferred	1000	0.000999000999	1	0	0	INSUFFICIENT_SUPPORT
x037852	x020016	preferred	1000	0.000999000999	1	0	0	INSUFFICIENT_SUPPORT
x037852	x020019	preferred	1000	0.000999000999	1	0	0	INSUFFICIENT_SUPPORT
x037852	x020021	preferred	1000	0.000999000999	1	0	0	INSUFFICIENT_SUPPORT
x037852	x020022	preferred	1000	0.000999000999	1	0	0	INSUFFICIENT_SUPPORT
x037852	x024243	preferred	1000	0.000999000999	1	0	0	INSUFFICIENT_SUPPORT
x037852	x024246	preferred	1000	0.000999000999	1	0	0	INSUFFICIENT_SUPPORT
x037852	x024801	preferred	1000	0.000999000999	1	0	0	INSUFFICIENT_SUPPORT
x037852	x025399	preferred	1000	0.000999000999	1	0	0	INSUFFICIENT_SUPPORT
x037852	x025761	preferred	1000	0.000999000999	1	0	0	INSUFFICIENT_SUPPORT
x037852	x025766	preferred	1000	0.000999000999	1	0	0	INSUFFICIENT_SUPPORT
x037852	x031619	preferred	1000	0.000999000999	1	0	0	INSUFFICIENT_SUPPORT
x037852	x033100	preferred	1000	0.000999000999	1	0	0	INSUFFICIENT_SUPPORT
x037852	x033304	preferred	1000	0.000999000999	1	0	0	INSUFFICIENT_SUPPORT
x037852	x037857	preferred	1000	0.000999000999	1	0	0	INSUFFICIENT_SUPPORT
x037852	x037860	preferred	1000	0.000999000999	1	0	0	INSUFFICIENT_SUPPORT
x037852	x037861	preferred	1000	0.000999000999	1	0	0	INSUFFICIENT_SUPPORT
x037852	x037958	preferred	1000	0.000999000999	1	0	0	INSUFFICIENT_SUPPORT
x037852	x037987	preferred	1000	0.000999000999	1	0	0	INSUFFICIENT_SUPPORT
x037852	x037990	preferred	1000	0.000999000999	1	0	0	INSUFFICIENT_SUPPORT
x037852	x041115	preferred	1000	0.000999000999	1	0	0	INSUFFICIENT_SUPPORT
x037852	x041260	preferred	1000	0.000999000999	1	0	0	INSUFFICIENT_SUPPORT
x037852	x041261	preferred	1000	0.000999000999	1	0	0	INSUFFICIENT_SUPPORT
x037852	x041262	preferred	1000	0.000999000999	1	0	0	INSUFFICIENT_SUPPORT
x037852	x042471	preferred	1000	0.000999000999	1	0	0	INSUFFICIENT_SUPPORT
x037852	x042801	preferred	1000	0.000999000999	1	0	0	INSUFFICIENT_SUPPORT
x037852	x042802	preferred	1000	0.000999000999	1	0	0	INSUFFICIENT_SUPPORT
x037852	x042803	preferred	1000	0.000999000999	1	0	0	INSUFFICIENT_SUPPORT
x037852	x042804	preferred	1000	0.000999000999	1	0	0	INSUFFICIENT_SUPPORT
x037852	x042806	preferred	1000	0.000999000999	1	0	0	INSUFFICIENT_SUPPORT
x037853	x000110	preferred	1000	0.000999000999	1	0	0	INSUFFICIENT_SUPPORT
x037853	x001398	preferred	1000	0.000999000999	1	0	0	INSUFFICIENT_SUPPORT
x037853	x017408	preferred	1000	0.000999000999	1	0	0	INSUFFICIENT_SUPPORT
x037853	x017409	preferred	1000	0.000999000999	1	0	0	INSUFFICIENT_SUPPORT
x037853	x017410	preferred	1000	0.000999000999	1	0	0	INSUFFICIENT_SUPPORT
x037853	x017411	preferred	1000	0.000999000999	1	0	0	INSUFFICIENT_SUPPORT
x037853	x017413	preferred	1000	0.000999000999	1	0	0	INSUFFICIENT_SUPPORT
x037853	x017414	preferred	1000	0.000999000999	1	0	0	INSUFFICIENT_SUPPORT
x037853	x017415	preferred	1000	0.000999000999	1	0	0	INSUFFICIENT_SUPPORT
x037853	x017893	preferred	1000	0.000999000999	1	0	0	INSUFFICIENT_SUPPORT
x037853	x018496	preferred	1000	0.000999000999	1	0	0	INSUFFICIENT_SUPPORT
x037853	x018497	preferred	1000	0.000999000999	1	0	0	INSUFFICIENT_SUPPORT
x037853	x018498	preferred	1000	0.000999000999	1	0	0	INSUFFICIENT_SUPPORT
x037853	x018499	preferred	1000	0.000999000999	1	0	0	INSUFFICIENT_SUPPORT
x037853	x018500	preferred	1000	0.000999000999	1	0	0	INSUFFICIENT_SUPPORT
x037853	x018503	preferred	1000	0.000999000999	1	0	0	INSUFFICIENT_SUPPORT
x037853	x018560	preferred	1000	0.000999000999	1	0	0	INSUFFICIENT_SUPPORT
x037853	x018564	preferred	1000	0.000999000999	1	0	0	INSUFFICIENT_SUPPORT
x037853	x018566	preferred	1000	0.000999000999	1	0	0	INSUFFICIENT_SUPPORT
x037853	x018873	preferred	1000	0.000999000999	1	0	0	INSUFFICIENT_SUPPORT
x037853	x018874	preferred	1000	0.000999000999	1	0	0	INSUFFICIENT_SUPPORT
x037853	x019936	preferred	1000	0.000999000999	1	0	0	INSUFFICIENT_SUPPORT
x037853	x019937	preferred	1000	0.000999000999	1	0	0	INSUFFICIENT_SUPPORT
x037853	x019938	preferred	1000	0.000999000999	1	0	0	INSUFFICIENT_SUPPORT
x037853	x019940	preferred	1000	0.000999000999	1	0	0	INSUFFICIENT_SUPPORT
x037853	x019941	preferred	1000	0.000999000999	1	0	0	INSUFFICIENT_SUPPORT
x037853	x020017	preferred	1000	0.000999000999	1	0	0	INSUFFICIENT_SUPPORT
x037853	x020019	preferred	1000	0.000999000999	1	0	0	INSUFFICIENT_SUPPORT
x037853	x020023	preferred	1000	0.000999000999	1	0	0	INSUFFICIENT_SUPPORT
x037853	x021790	preferred	1000	0.000999000999	1	0	0	INSUFFICIENT_SUPPORT
x037853	x022927	preferred	1000	0.000999000999	1	0	0	INSUFFICIENT_SUPPORT
x037853	x024240	preferred	1000	0.000999000999	1	0	0	INSUFFICIENT_SUPPORT
x037853	x024242	preferred	1000	0.000999000999	1	0	0	INSUFFICIENT_SUPPORT
x037853	x024802	preferred	1000	0.000999000999	1	0	0	INSUFFICIENT_SUPPORT
x037853	x025396	preferred	1000	0.000999000999	1	0	0	INSUFFICIENT_SUPPORT
x037853	x025397	preferred	1000	0.000999000999	1	0	0	INSUFFICIENT_SUPPORT
x037853	x031619	preferred	1000	0.000999000999	1	0	0	INSUFFICIENT_SUPPORT
x037853	x033096	preferred	1000	0.000999000999	1	0	0	INSUFFICIENT_SUPPORT
x037853	x033101	preferred	1000	0.000999000999	1	0	0	INSUFFICIENT_SUPPORT
x037853	x034246	preferred	1000	0.000999000999	1	0	0	INSUFFICIENT_SUPPORT
x037853	x034673	preferred	1000	0.000999000999	1	0	0	INSUFFICIENT_SUPPORT
x037853	x037859	preferred	1000	0.000999000999	1	0	0	INSUFFICIENT_SUPPORT
x037853	x037861	preferred	1000	0.000999000999	1	0	0	INSUFFICIENT_SUPPORT
x037853	x037862	preferred	1000	0.000999000999	1	0	0	INSUFFICIENT_SUPPORT
x037853	x037957	preferred	1000	0.000999000999	1	0	0	INSUFFICIENT_SUPPORT
x037853	x037987	preferred	1000	0.000999000999	1	0	0	INSUFFICIENT_SUPPORT
x037853	x041112	preferred	1000	0.000999000999	1	0	0	INSUFFICIENT_SUPPORT
x037853	x041114	preferred	1000	0.000999000999	1	0	0	INSUFFICIENT_SUPPORT
x037853	x041257	preferred	1000	0.000999000999	1	0	0	INSUFFICIENT_SUPPORT
x037853	x041261	preferred	1000	0.000999000999	1	0	0	INSUFFICIENT_SUPPORT
x037853	x041262	preferred	1000	0.000999000999	1	0	0	INSUFFICIENT_SUPPORT
x037853	x041263	preferred	1000	0.000999000999	1	0	0	INSUFFICIENT_SUPPORT
x037853	x042800	preferred	1000	0.000999000999	1	0	0	INSUFFICIENT_SUPPORT
x037853	x042803	preferred	1000	0.000999000999	1	0	0	INSUFFICIENT_SUPPORT
x037853	x042804	preferred	1000	0.000999000999	1	0	0	INSUFFICIENT_SUPPORT
x037853	x042805	preferred	1000	0.000999000999	1	0	0	INSUFFICIENT_SUPPORT
x037853	x042806	preferred	1000	0.000999000999	1	0	0	INSUFFICIENT_SUPPORT
x037853	x042807	preferred	1000	0.000999000999	1	0	0	INSUFFICIENT_SUPPORT
x037854	x000108	depleted	1000	0.9490509491	1	0	1	INSUFFICIENT_SUPPORT
x037854	x001088	preferred	1000	1	1	0	1	INSUFFICIENT_SUPPORT
x037854	x001397	preferred	1000	1	1	0	1	INSUFFICIENT_SUPPORT
x037854	x002340	depleted	1000	1	1	0	1	INSUFFICIENT_SUPPORT
x037854	x005075	depleted	1000	1	1	0	1	INSUFFICIENT_SUPPORT
x037854	x014824	depleted	1000	1	1	0	1	INSUFFICIENT_SUPPORT
x037854	x017408	depleted	1000	1	1	0	1	INSUFFICIENT_SUPPORT
x037854	x017409	preferred	1000	1	1	0	1	INSUFFICIENT_SUPPORT
x037854	x017410	preferred	1000	1	1	0	1	INSUFFICIENT_SUPPORT
x037854	x017412	depleted	1000	0.979020979	1	0	1	INSUFFICIENT_SUPPORT
x037854	x017413	preferred	1000	1	1	0	1	INSUFFICIENT_SUPPORT
x037854	x018497	depleted	1000	1	1	0	1	INSUFFICIENT_SUPPORT
x037854	x018498	depleted	1000	0.971028971	1	0	1	INSUFFICIENT_SUPPORT
x037854	x018499	depleted	1000	0.987012987	1	0	1	INSUFFICIENT_SUPPORT
x037854	x018500	depleted	1000	1	1	0	1	INSUFFICIENT_SUPPORT
x037854	x018502	depleted	1000	0.979020979	1	0	1	INSUFFICIENT_SUPPORT
x037854	x018875	depleted	1000	0.989010989	1	0	1	INSUFFICIENT_SUPPORT
x037854	x019940	depleted	1000	0.983016983	1	0	1	INSUFFICIENT_SUPPORT
x037854	x019942	preferred	1000	0.03496503497	1	1	1	INSUFFICIENT_SUPPORT
x037854	x019943	depleted	1000	0.984015984	1	0	1	INSUFFICIENT_SUPPORT
x037854	x020016	preferred	1000	1	1	0	1	INSUFFICIENT_SUPPORT
x037854	x020018	depleted	1000	1	1	0	1	INSUFFICIENT_SUPPORT
x037854	x020020	preferred	1000	0.02397602398	1	1	1	INSUFFICIENT_SUPPORT
x037854	x020021	depleted	1000	0.984015984	1	0	1	INSUFFICIENT_SUPPORT
x037854	x020022	preferred	1000	1	1	0	1	INSUFFICIENT_SUPPORT
x037854	x024076	preferred	1000	1	1	0	1	INSUFFICIENT_SUPPORT
x037854	x024804	depleted	1000	0.98001998	1	0	1	INSUFFICIENT_SUPPORT
x037854	x025659	preferred	1000	0.01398601399	1	1	1	INSUFFICIENT_SUPPORT
x037854	x025764	preferred	1000	1	1	0	1	INSUFFICIENT_SUPPORT
x037854	x033097	preferred	1000	1	1	0	1	INSUFFICIENT_SUPPORT
x037854	x037859	depleted	1000	0.956043956	1	0	1	INSUFFICIENT_SUPPORT
x037854	x037860	depleted	1000	0.964035964	1	0	1	INSUFFICIENT_SUPPORT
x037854	x037862	depleted	1000	1	1	1	1	INSUFFICIENT_SUPPORT
x037854	x037959	preferred	1000	1	1	0	1	INSUFFICIENT_SUPPORT
x037854	x037989	preferred	1000	1	1	0	1	INSUFFICIENT_SUPPORT
x037854	x037990	depleted	1000	1	1	0	1	INSUFFICIENT_SUPPORT
x037854	x038106	preferred	1000	1	1	0	1	INSUFFICIENT_SUPPORT
x037854	x038107	preferred	1000	1	1	0	1	INSUFFICIENT_SUPPORT
x037854	x041117	depleted	1000	0.986013986	1	0	1	INSUFFICIENT_SUPPORT
x037854	x041256	preferred	1000	1	1	0	1	INSUFFICIENT_SUPPORT
x037854	x041258	preferred	1000	1	1	0	1	INSUFFICIENT_SUPPORT
x037854	x041261	preferred	1000	1	1	0	1	INSUFFICIENT_SUPPORT
x037854	x041263	preferred	1000	1	1	0	1	INSUFFICIENT_SUPPORT
x037854	x042800	preferred	1000	1	1	0	1	INSUFFICIENT_SUPPORT
x037854	x042803	preferred	1000	1	1	0	1	INSUFFICIENT_SUPPORT
x037854	x042805	preferred	1000	0.01498501499	1	1	1	INSUFFICIENT_SUPPORT
x037854	x042807	preferred	1000	1	1	0	1	INSUFFICIENT_SUPPORT
x037854	x042823	preferred	1000	1	1	0	1	INSUFFICIENT_SUPPORT
x037855	x000107	preferred	1000	0.000999000999	1	0	0	INSUFFICIENT_SUPPORT
x037855	x000108	preferred	1000	0.000999000999	1	0	0	INSUFFICIENT_SUPPORT
x037855	x001424	preferred	1000	0.000999000999	1	0	0	INSUFFICIENT_SUPPORT
x037855	x007098	preferred	1000	0.000999000999	1	0	0	INSUFFICIENT_SUPPORT
x037855	x017408	preferred	1000	0.000999000999	1	0	0	INSUFFICIENT_SUPPORT
x037855	x017409	preferred	1000	0.000999000999	1	0	0	INSUFFICIENT_SUPPORT
x037855	x017411	preferred	1000	0.000999000999	1	0	0	INSUFFICIENT_SUPPORT
x037855	x017412	preferred	1000	0.000999000999	1	0	0	INSUFFICIENT_SUPPORT
x037855	x018497	preferred	1000	0.000999000999	1	0	0	INSUFFICIENT_SUPPORT
x037855	x018499	preferred	1000	0.000999000999	1	0	0	INSUFFICIENT_SUPPORT
x037855	x018500	preferred	1000	0.000999000999	1	0	0	INSUFFICIENT_SUPPORT
x037855	x018501	preferred	1000	0.000999000999	1	0	0	INSUFFICIENT_SUPPORT
x037855	x018502	preferred	1000	0.000999000999	1	0	0	INSUFFICIENT_SUPPORT
x037855	x018503	preferred	1000	0.000999000999	1	0	0	INSUFFICIENT_SUPPORT
x037855	x018564	preferred	1000	0.000999000999	1	0	0	INSUFFICIENT_SUPPORT
x037855	x019938	preferred	1000	0.000999000999	1	0	0	INSUFFICIENT_SUPPORT
x037855	x019942	preferred	1000	0.000999000999	1	0	0	INSUFFICIENT_SUPPORT
x037855	x019943	preferred	1000	0.000999000999	1	0	0	INSUFFICIENT_SUPPORT
x037855	x020018	preferred	1000	0.000999000999	1	0	0	INSUFFICIENT_SUPPORT
x037855	x020020	preferred	1000	0.000999000999	1	0	0	INSUFFICIENT_SUPPORT
x037855	x020021	preferred	1000	0.000999000999	1	0	0	INSUFFICIENT_SUPPORT
x037855	x020022	preferred	1000	0.000999000999	1	0	0	INSUFFICIENT_SUPPORT
x037855	x020023	preferred	1000	0.000999000999	1	0	0	INSUFFICIENT_SUPPORT
x037855	x024242	preferred	1000	0.000999000999	1	0	0	INSUFFICIENT_SUPPORT
x037855	x024244	preferred	1000	0.000999000999	1	0	0	INSUFFICIENT_SUPPORT
x037855	x024246	preferred	1000	0.000999000999	1	0	0	INSUFFICIENT_SUPPORT
x037855	x024740	preferred	1000	0.000999000999	1	0	0	INSUFFICIENT_SUPPORT
x037855	x024802	preferred	1000	0.000999000999	1	0	0	INSUFFICIENT_SUPPORT
x037855	x024806	preferred	1000	0.000999000999	1	0	0	INSUFFICIENT_SUPPORT
x037855	x025396	preferred	1000	0.000999000999	1	0	0	INSUFFICIENT_SUPPORT
x037855	x025660	preferred	1000	0.000999000999	1	0	0	INSUFFICIENT_SUPPORT
x037855	x025760	preferred	1000	0.000999000999	1	0	0	INSUFFICIENT_SUPPORT
x037855	x025762	preferred	1000	0.000999000999	1	0	0	INSUFFICIENT_SUPPORT
x037855	x031616	preferred	1000	0.000999000999	1	0	0	INSUFFICIENT_SUPPORT
x037855	x033096	preferred	1000	0.000999000999	1	0	0	INSUFFICIENT_SUPPORT
x037855	x033100	preferred	1000	0.000999000999	1	0	0	INSUFFICIENT_SUPPORT
x037855	x034672	preferred	1000	0.000999000999	1	0	0	INSUFFICIENT_SUPPORT
x037855	x037857	preferred	1000	0.000999000999	1	0	0	INSUFFICIENT_SUPPORT
x037855	x037859	preferred	1000	0.000999000999	1	0	0	INSUFFICIENT_SUPPORT
x037855	x037860	preferred	1000	0.000999000999	1	0	0	INSUFFICIENT_SUPPORT
x037855	x037984	preferred	1000	0.000999000999	1	0	0	INSUFFICIENT_SUPPORT
x037855	x037989	preferred	1000	0.000999000999	1	0	0	INSUFFICIENT_SUPPORT
x037855	x040219	preferred	1000	0.000999000999	1	0	0	INSUFFICIENT_SUPPORT
x037855	x040634	preferred	1000	0.000999000999	1	0	0	INSUFFICIENT_SUPPORT
x037855	x041257	preferred	1000	0.000999000999	1	0	0	INSUFFICIENT_SUPPORT
x037855	x041261	preferred	1000	0.000999000999	1	0	0	INSUFFICIENT_SUPPORT
x037855	x041262	preferred	1000	0.000999000999	1	0	0	INSUFFICIENT_SUPPORT
x037855	x041263	preferred	1000	0.000999000999	1	0	0	INSUFFICIENT_SUPPORT
x037855	x041584	preferred	1000	0.000999000999	1	0	0	INSUFFICIENT_SUPPORT
x037855	x041660	preferred	1000	0.000999000999	1	0	0	INSUFFICIENT_SUPPORT
x037855	x042468	preferred	1000	0.000999000999	1	0	0	INSUFFICIENT_SUPPORT
x037855	x042800	preferred	1000	0.000999000999	1	0	0	INSUFFICIENT_SUPPORT
x037855	x042803	preferred	1000	0.000999000999	1	0	0	INSUFFICIENT_SUPPORT
x037856	x024736	preferred	1000	1	1	0	0.04836769333	EXPECTED_FROM_NULL
x037856	x025737	preferred	1000	1	1	0	0.06301124864	EXPECTED_FROM_NULL
x037856	x025742	preferred	1000	0.03196803197	0.2631913541	0.5	0.0502562483	EXPECTED_FROM_NULL
x037856	x025743	preferred	1000	1	1	1	0.05348852493	EXPECTED_FROM_NULL
x037856	x025889	preferred	1000	1	1	0	0.05584187764	EXPECTED_FROM_NULL
x037856	x039081	preferred	1000	1	1	0	0.04895273447	EXPECTED_FROM_NULL
x037856	x039085	preferred	1000	1	1	0	0.04824332114	EXPECTED_FROM_NULL
x037856	x040633	preferred	1000	1	1	1	0.05301061793	EXPECTED_FROM_NULL
x037856	x041247	preferred	1000	1	1	0	0.05996796922	EXPECTED_FROM_NULL
x037857	x005079	preferred	1000	0.05294705295	0.3077473707	1	0.0586830868	EXPECTED_FROM_NULL
x037857	x013429	preferred	1000	1	1	1	0.04174345756	EXPECTED_FROM_NULL
x037857	x022521	preferred	1000	1	1	1	0.05114902509	EXPECTED_FROM_NULL
x037857	x022522	preferred	1000	1	1	1	0.04980830727	EXPECTED_FROM_NULL
x037857	x022525	preferred	1000	0.03096903097	0.2631913541	0.5	0.04565562935	EXPECTED_FROM_NULL
x037857	x023869	preferred	1000	1	1	0	0.04364618484	EXPECTED_FROM_NULL
x037857	x024736	preferred	1000	1	1	1	0.04380102179	EXPECTED_FROM_NULL
x037857	x025550	preferred	1000	1	1	0	0.05382467201	EXPECTED_FROM_NULL
x037857	x025738	preferred	1000	0.01498501499	0.2517482517	1	0.04262255516	EXPECTED_FROM_NULL
x037857	x025743	preferred	1000	1	1	1	0.03958058911	EXPECTED_FROM_NULL
x037857	x031295	preferred	1000	1	1	1	0.04508269601	EXPECTED_FROM_NULL
x037857	x038443	preferred	1000	0.05294705295	0.3077473707	1	0.04520770485	EXPECTED_FROM_NULL
x037857	x039081	preferred	1000	0.05394605395	0.3077473707	1	0.04017387962	EXPECTED_FROM_NULL
x037857	x039082	preferred	1000	1	1	0	0.04215217641	EXPECTED_FROM_NULL
x037857	x039085	preferred	1000	0.05194805195	0.3077473707	1	0.040681181	EXPECTED_FROM_NULL
x037857	x039086	preferred	1000	1	1	0	0.04073267189	EXPECTED_FROM_NULL
x037857	x040635	preferred	1000	1	1	0	0.04073267189	EXPECTED_FROM_NULL
x037857	x040636	preferred	1000	0.04695304695	0.2919955581	0.5	0.04207444263	EXPECTED_FROM_NULL
x037858	x003701	preferred	1000	1	1	1	0.04531446226	EXPECTED_FROM_NULL
x037858	x021786	preferred	1000	1	1	0	0.04286756687	EXPECTED_FROM_NULL
x037858	x021790	preferred	1000	1	1	0	0.04436946651	EXPECTED_FROM_NULL
x037858	x022525	preferred	1000	1	1	1	0.04589408129	EXPECTED_FROM_NULL
x037858	x024736	preferred	1000	1	1	1	0.04586829146	EXPECTED_FROM_NULL
x037858	x024740	preferred	1000	1	1	0	0.0423306365	EXPECTED_FROM_NULL
x037858	x025555	preferred	1000	1	1	0	0.04337569913	EXPECTED_FROM_NULL
x037858	x025737	preferred	1000	1	1	1	0.04667420431	EXPECTED_FROM_NULL
x037858	x025742	preferred	1000	0.0999000999	0.4654509478	1	0.04820769504	EXPECTED_FROM_NULL
x037858	x031295	preferred	1000	1	1	0.5	0.04313481645	EXPECTED_FROM_NULL
x037858	x038441	preferred	1000	0.1298701299	0.5899116557	1	0.04883273467	EXPECTED_FROM_NULL
x037858	x038443	preferred	1000	1	1	0	0.04819299032	EXPECTED_FROM_NULL
x037858	x039082	preferred	1000	1	1	1	0.0450594659	EXPECTED_FROM_NULL
x037858	x039085	preferred	1000	1	1	1	0.04682016619	EXPECTED_FROM_NULL
x037858	x039663	preferred	1000	1	1	0.5	0.04529062063	EXPECTED_FROM_NULL
x037859	x004345	preferred	1000	1	1	1	0.04970438623	EXPECTED_FROM_NULL
x037859	x016452	preferred	1000	0.05694305694	0.3149255325	1	0.04284570388	EXPECTED_FROM_NULL
x037859	x016455	preferred	1000	0.1478521479	0.6632748057	1	0.0531790219	EXPECTED_FROM_NULL
x037859	x021786	preferred	1000	0.03396603397	0.2631913541	1	0.04382462334	EXPECTED_FROM_NULL
x037859	x022524	preferred	1000	0.04595404595	0.2919955581	1	0.05482844011	EXPECTED_FROM_NULL
x037859	x022525	preferred	1000	1	1	1	0.05144519699	EXPECTED_FROM_NULL
x037859	x022526	preferred	1000	1	1	1	0.04940709873	EXPECTED_FROM_NULL
x037859	x022527	preferred	1000	1	1	0	0.04649287356	EXPECTED_FROM_NULL
x037859	x024740	preferred	1000	0.06393606394	0.3381144403	0.5	0.04521254779	EXPECTED_FROM_NULL
x037859	x025545	preferred	1000	1	1	0	0.05241670157	EXPECTED_FROM_NULL
x037859	x025547	preferred	1000	0.04695304695	0.2919955581	1	0.05267929854	EXPECTED_FROM_NULL
x037859	x025553	preferred	1000	1	1	1	0.04585711243	EXPECTED_FROM_NULL
x037859	x025738	preferred	1000	1	1	0.5	0.04382025305	EXPECTED_FROM_NULL
x037859	x031295	preferred	1000	1	1	0	0.04338005602	EXPECTED_FROM_NULL
x037859	x039081	preferred	1000	1	1	1	0.04490642505	EXPECTED_FROM_NULL
x037859	x039661	preferred	1000	0.06693306693	0.3476201218	1	0.0465437631	EXPECTED_FROM_NULL
x037859	x040634	preferred	1000	0.06893106893	0.3541883648	1	0.04884912899	EXPECTED_FROM_NULL
x037859	x040638	preferred	1000	1	1	1	0.04503628538	EXPECTED_FROM_NULL
x037860	x004345	preferred	1000	0.01698301698	0.2517482517	1	0.04165814165	EXPECTED_FROM_NULL
x037860	x016455	preferred	1000	0.07492507493	0.3756623999	1	0.04196800561	EXPECTED_FROM_NULL
x037860	x022520	preferred	1000	1	1	0	0.04220952349	EXPECTED_FROM_NULL
x037860	x022526	preferred	1000	0.07792207792	0.3801652893	1	0.04550528073	EXPECTED_FROM_NULL
x037860	x024736	preferred	1000	1	1	1	0.04295581039	EXPECTED_FROM_NULL
x037860	x025553	preferred	1000	1	1	0	0.04231381186	EXPECTED_FROM_NULL
x037860	x025738	preferred	1000	0.03896103896	0.2865712967	0.5	0.04072056658	EXPECTED_FROM_NULL
x037860	x025742	preferred	10000	0.002099790021	0.2517482517	0.5	0.04261730722	EXPECTED_FROM_NULL
x037860	x025743	preferred	1000	1	1	0	0.04108607281	EXPECTED_FROM_NULL
x037860	x031295	preferred	1000	1	1	0	0.04130261142	EXPECTED_FROM_NULL
x037860	x038443	preferred	1000	0.07692307692	0.3801652893	1	0.04336549201	EXPECTED_FROM_NULL
x037860	x039082	preferred	1000	0.04195804196	0.2895104895	1	0.04073660196	EXPECTED_FROM_NULL
x037860	x039085	preferred	1000	1	1	0	0.04381698368	EXPECTED_FROM_NULL
x037860	x039086	preferred	1000	0.02397602398	0.2517482517	1	0.03966139587	EXPECTED_FROM_NULL
x037860	x039661	preferred	1000	1	1	0	0.04011808573	EXPECTED_FROM_NULL
x037860	x041247	preferred	1000	0.05194805195	0.3077473707	1	0.04695769366	EXPECTED_FROM_NULL
x037861	x004345	preferred	1000	1	1	0	0.05011557937	EXPECTED_FROM_NULL
x037861	x016455	preferred	1000	1	1	0	0.05748137568	EXPECTED_FROM_NULL
x037861	x022521	preferred	1000	1	1	0	0.05560350815	EXPECTED_FROM_NULL
x037861	x022522	preferred	1000	1	1	0	0.05303362834	EXPECTED_FROM_NULL
x037861	x025555	preferred	1000	1	1	0	0.05491062477	EXPECTED_FROM_NULL
x037861	x025738	preferred	1000	1	1	1	0.05433431957	EXPECTED_FROM_NULL
x037861	x038441	preferred	1000	0.05394605395	0.3077473707	1	0.05003783557	EXPECTED_FROM_NULL
x037861	x039081	preferred	1000	1	1	1	0.05073994923	EXPECTED_FROM_NULL
x037861	x039082	preferred	1000	0.05294705295	0.3077473707	1	0.05091539911	EXPECTED_FROM_NULL
x037861	x039084	preferred	1000	0.02297702298	0.2517482517	0.3333333333	0.04667204758	EXPECTED_FROM_NULL
x037861	x039085	preferred	1000	0.01198801199	0.2517482517	1	0.04617125207	EXPECTED_FROM_NULL
x037861	x039086	preferred	1000	0.05194805195	0.3077473707	0.5	0.05011557937	EXPECTED_FROM_NULL
x037861	x041245	preferred	1000	1	1	1	0.04881262425	EXPECTED_FROM_NULL
x037862	x003701	preferred	1000	0.02997002997	0.2631913541	1	0.04462383896	EXPECTED_FROM_NULL
x037862	x004345	preferred	1000	1	1	0	0.04559298351	EXPECTED_FROM_NULL
x037862	x016452	preferred	1000	1	1	0	0.04995158051	EXPECTED_FROM_NULL
x037862	x022524	preferred	10000	0.000899910009	0.2276772323	0.5	0.04585413681	EXPECTED_FROM_NULL
x037862	x025544	preferred	1000	0.0999000999	0.4654509478	1	0.06132335541	EXPECTED_FROM_NULL
x037862	x025547	preferred	1000	0.06093906094	0.3311743607	1	0.05157181416	EXPECTED_FROM_NULL
x037862	x025551	preferred	1000	0.08991008991	0.4313898023	1	0.05915131684	EXPECTED_FROM_NULL
x037862	x025552	preferred	1000	1	1	0	0.04079993026	EXPECTED_FROM_NULL
x037862	x025553	preferred	1000	1	1	0	0.04167659294	EXPECTED_FROM_NULL
x037862	x025738	preferred	1000	1	1	0	0.04318321222	EXPECTED_FROM_NULL
x037862	x025743	preferred	1000	0.01798201798	0.2517482517	1	0.0415462453	EXPECTED_FROM_NULL
x037862	x031707	preferred	1000	1	1	0	0.05536632805	EXPECTED_FROM_NULL
x037862	x039082	preferred	1000	0.05594405594	0.3105859658	1	0.04605526248	EXPECTED_FROM_NULL
x037862	x039084	preferred	1000	0.03196803197	0.2631913541	1	0.04338198179	EXPECTED_FROM_NULL
x037862	x039086	preferred	1000	0.04395604396	0.2919955581	1	0.04364410539	EXPECTED_FROM_NULL
x037862	x040632	preferred	1000	0.07792207792	0.3801652893	1	0.04620583126	EXPECTED_FROM_NULL
x037862	x040637	preferred	1000	0.07692307692	0.3801652893	1	0.04706384086	EXPECTED_FROM_NULL
x037862	x041245	preferred	1000	0.04295704296	0.2895104895	1	0.04138851648	EXPECTED_FROM_NULL
x037862	x041247	preferred	1000	1	1	1	0.04192347627	EXPECTED_FROM_NULL
x037862	x041445	preferred	1000	1	1	1	0.04441829849	EXPECTED_FROM_NULL
x037863	x003701	preferred	1000	1	1	0	0.04379588511	EXPECTED_FROM_NULL
x037863	x016452	preferred	1000	0.1018981019	0.4732383002	1	0.0449374563	EXPECTED_FROM_NULL
x037863	x022521	preferred	1000	1	1	1	0.04509803339	EXPECTED_FROM_NULL
x037863	x022525	preferred	1000	1	1	1	0.04277565138	EXPECTED_FROM_NULL
x037863	x022527	preferred	1000	1	1	1	0.04166848302	EXPECTED_FROM_NULL
x037863	x023865	preferred	1000	1	1	0	0.04082593334	EXPECTED_FROM_NULL
x037863	x025546	preferred	1000	0.07592407592	0.3793585725	1	0.0496685911	EXPECTED_FROM_NULL
x037863	x025549	preferred	1000	0.08891108891	0.4280138466	1	0.04197495593	EXPECTED_FROM_NULL
x037863	x025737	preferred	1000	1	1	0	0.04040828543	EXPECTED_FROM_NULL
x037863	x031295	preferred	1000	0.02497502498	0.254850783	0.5	0.03954548011	EXPECTED_FROM_NULL
x037863	x039081	preferred	10000	0.01299870013	0.2517482517	0.3333333333	0.03774984774	EXPECTED_FROM_NULL
x037863	x039082	preferred	1000	1	1	0	0.03973672197	EXPECTED_FROM_NULL
x037863	x039084	preferred	1000	1	1	1	0.04088715258	EXPECTED_FROM_NULL
x037863	x039085	preferred	1000	0.03596403596	0.2714160839	1	0.04107101098	EXPECTED_FROM_NULL
x037863	x040634	preferred	1000	1	1	0	0.04656413269	EXPECTED_FROM_NULL
x037863	x040639	preferred	1000	1	1	1	0.04397014696	EXPECTED_FROM_NULL
x037863	x041941	preferred	1000	1	1	0	0.0422659841	EXPECTED_FROM_NULL
x037897	x002341	preferred	1000	0.000999000999	1	0	0	INSUFFICIENT_SUPPORT
x037897	x017410	preferred	1000	0.000999000999	1	0	0	INSUFFICIENT_SUPPORT
x037897	x017688	preferred	1000	0.000999000999	1	0	0	INSUFFICIENT_SUPPORT
x037897	x018875	preferred	1000	0.000999000999	1	0	0	INSUFFICIENT_SUPPORT
x037897	x018877	preferred	1000	0.000999000999	1	0	0	INSUFFICIENT_SUPPORT
x037897	x020017	preferred	1000	0.000999000999	1	0	0	INSUFFICIENT_SUPPORT
x037897	x025393	preferred	1000	0.000999000999	1	0	0	INSUFFICIENT_SUPPORT
x037897	x038057	preferred	1000	0.000999000999	1	0	0	INSUFFICIENT_SUPPORT
x037897	x038539	preferred	1000	0.000999000999	1	0	0	INSUFFICIENT_SUPPORT
x037901	x001095	preferred	1000	0.000999000999	1	0	0	INSUFFICIENT_SUPPORT
x037901	x001424	preferred	1000	0.000999000999	1	0	0	INSUFFICIENT_SUPPORT
x037901	x010943	preferred	1000	0.000999000999	1	0	0	INSUFFICIENT_SUPPORT
x037901	x020021	preferred	1000	0.000999000999	1	0	0	INSUFFICIENT_SUPPORT
x037901	x024804	preferred	1000	0.000999000999	1	0	0	INSUFFICIENT_SUPPORT
x037901	x031708	preferred	1000	0.000999000999	1	0	0	INSUFFICIENT_SUPPORT
x037901	x037959	preferred	1000	0.000999000999	1	0	0	INSUFFICIENT_SUPPORT
x037901	x037987	preferred	1000	0.000999000999	1	0	0	INSUFFICIENT_SUPPORT
x037901	x037988	preferred	1000	0.000999000999	1	0	0	INSUFFICIENT_SUPPORT
x037901	x041256	preferred	1000	0.000999000999	1	0	0	INSUFFICIENT_SUPPORT
x037903	x000107	preferred	1000	0.000999000999	1	0	0	INSUFFICIENT_SUPPORT
x037903	x000111	preferred	1000	0.000999000999	1	0	0	INSUFFICIENT_SUPPORT
x037903	x001088	preferred	1000	0.000999000999	1	0	0	INSUFFICIENT_SUPPORT
x037903	x001425	preferred	1000	0.000999000999	1	0	0	INSUFFICIENT_SUPPORT
x037903	x001426	preferred	1000	0.000999000999	1	0	0	INSUFFICIENT_SUPPORT
x037903	x005074	preferred	1000	0.000999000999	1	0	0	INSUFFICIENT_SUPPORT
x037903	x005077	preferred	1000	0.000999000999	1	0	0	INSUFFICIENT_SUPPORT
x037903	x014824	preferred	1000	0.000999000999	1	0	0	INSUFFICIENT_SUPPORT
x037903	x018566	preferred	1000	0.000999000999	1	0	0	INSUFFICIENT_SUPPORT
x037903	x037854	preferred	1000	0.000999000999	1	0	0	INSUFFICIENT_SUPPORT
x037903	x038537	preferred	1000	0.000999000999	1	0	0	INSUFFICIENT_SUPPORT
x037903	x038538	preferred	1000	0.000999000999	1	0	0	INSUFFICIENT_SUPPORT
x037903	x041263	preferred	1000	0.000999000999	1	0	0	INSUFFICIENT_SUPPORT
x037903	x041806	preferred	1000	0.000999000999	1	0	0	INSUFFICIENT_SUPPORT
x037903	x042111	preferred	1000	0.000999000999	1	0	0	INSUFFICIENT_SUPPORT
x037912	x002107	preferred	1000	0.000999000999	1	0	0	INSUFFICIENT_SUPPORT
x037912	x002976	preferred	1000	0.000999000999	1	0	0	INSUFFICIENT_SUPPORT
x037912	x017411	preferred	1000	0.000999000999	1	0	0	INSUFFICIENT_SUPPORT
x037912	x017412	preferred	1000	0.000999000999	1	0	0	INSUFFICIENT_SUPPORT
x037912	x018498	preferred	1000	0.000999000999	1	0	0	INSUFFICIENT_SUPPORT
x037912	x018499	preferred	1000	0.000999000999	1	0	0	INSUFFICIENT_SUPPORT
x037912	x018500	preferred	1000	0.000999000999	1	0	0	INSUFFICIENT_SUPPORT
x037912	x042107	preferred	1000	0.000999000999	1	0	0	INSUFFICIENT_SUPPORT
x037913	x001430	preferred	1000	0.000999000999	1	0	0	INSUFFICIENT_SUPPORT
x037913	x017415	preferred	1000	0.000999000999	1	0	0	INSUFFICIENT_SUPPORT
x037913	x018501	preferred	1000	0.000999000999	1	0	0	INSUFFICIENT_SUPPORT
x037913	x018503	preferred	1000	0.000999000999	1	0	0	INSUFFICIENT_SUPPORT
x037913	x018566	preferred	1000	0.000999000999	1	0	0	INSUFFICIENT_SUPPORT
x037913	x019937	preferred	1000	0.000999000999	1	0	0	INSUFFICIENT_SUPPORT
x037913	x020018	preferred	1000	0.000999000999	1	0	0	INSUFFICIENT_SUPPORT
x037913	x024806	preferred	1000	0.000999000999	1	0	0	INSUFFICIENT_SUPPORT
x037913	x031708	preferred	1000	0.000999000999	1	0	0	INSUFFICIENT_SUPPORT
x037913	x037955	preferred	1000	0.000999000999	1	0	0	INSUFFICIENT_SUPPORT
x037913	x038543	preferred	1000	0.000999000999	1	0	0	INSUFFICIENT_SUPPORT
x037914	x002336	preferred	1000	0.000999000999	1	0	0	INSUFFICIENT_SUPPORT
x037914	x008315	preferred	1000	0.000999000999	1	0	0	INSUFFICIENT_SUPPORT
x037914	x017409	preferred	1000	0.000999000999	1	0	0	INSUFFICIENT_SUPPORT
x037914	x017415	preferred	1000	0.000999000999	1	0	0	INSUFFICIENT_SUPPORT
x037914	x018498	preferred	1000	0.000999000999	1	0	0	INSUFFICIENT_SUPPORT
x037914	x033103	preferred	1000	0.000999000999	1	0	0	INSUFFICIENT_SUPPORT
x037914	x037863	preferred	1000	0.000999000999	1	0	0	INSUFFICIENT_SUPPORT
x037914	x038543	preferred	1000	0.000999000999	1	0	0	INSUFFICIENT_SUPPORT
x037914	x041259	preferred	1000	0.000999000999	1	0	0	INSUFFICIENT_SUPPORT
x037915	x005074	preferred	1000	0.000999000999	1	0	0	INSUFFICIENT_SUPPORT
x037915	x017409	preferred	1000	0.000999000999	1	0	0	INSUFFICIENT_SUPPORT
x037915	x018500	preferred	1000	0.000999000999	1	0	0	INSUFFICIENT_SUPPORT
x037915	x018501	preferred	1000	0.000999000999	1	0	0	INSUFFICIENT_SUPPORT
x037915	x018502	preferred	1000	0.000999000999	1	0	0	INSUFFICIENT_SUPPORT
x037915	x020021	preferred	1000	0.000999000999	1	0	0	INSUFFICIENT_SUPPORT
x037915	x025395	preferred	1000	0.000999000999	1	0	0	INSUFFICIENT_SUPPORT
x037915	x031706	preferred	1000	0.000999000999	1	0	0	INSUFFICIENT_SUPPORT
x037952	x001889	preferred	1000	0.000999000999	1	0	0	INSUFFICIENT_SUPPORT
x037952	x001891	preferred	1000	0.000999000999	1	0	0	INSUFFICIENT_SUPPORT
x037952	x001895	preferred	1000	0.000999000999	1	0	0	INSUFFICIENT_SUPPORT
x037952	x017413	preferred	1000	0.000999000999	1	0	0	INSUFFICIENT_SUPPORT
x037952	x019936	preferred	1000	0.000999000999	1	0	0	INSUFFICIENT_SUPPORT
x037952	x019937	preferred	1000	0.000999000999	1	0	0	INSUFFICIENT_SUPPORT
x037952	x019938	preferred	1000	0.000999000999	1	0	0	INSUFFICIENT_SUPPORT
x037952	x019940	preferred	1000	0.000999000999	1	0	0	INSUFFICIENT_SUPPORT
x037952	x019941	preferred	1000	0.000999000999	1	0	0	INSUFFICIENT_SUPPORT
x037952	x019942	preferred	1000	0.000999000999	1	0	0	INSUFFICIENT_SUPPORT
x037952	x019943	preferred	1000	0.000999000999	1	0	0	INSUFFICIENT_SUPPORT
x037952	x025014	preferred	1000	0.000999000999	1	0	0	INSUFFICIENT_SUPPORT
x037952	x038536	preferred	1000	0.000999000999	1	0	0	INSUFFICIENT_SUPPORT
x037952	x041112	preferred	1000	0.000999000999	1	0	0	INSUFFICIENT_SUPPORT
x037952	x041114	preferred	1000	0.000999000999	1	0	0	INSUFFICIENT_SUPPORT
x037952	x041115	preferred	1000	0.000999000999	1	0	0	INSUFFICIENT_SUPPORT
x037952	x041116	preferred	1000	0.000999000999	1	0	0	INSUFFICIENT_SUPPORT
x037952	x041118	preferred	1000	0.000999000999	1	0	0	INSUFFICIENT_SUPPORT
x037952	x041119	preferred	1000	0.000999000999	1	0	0	INSUFFICIENT_SUPPORT
x037952	x041258	preferred	1000	0.000999000999	1	0	0	INSUFFICIENT_SUPPORT
x037952	x041465	preferred	1000	0.000999000999	1	0	0	INSUFFICIENT_SUPPORT
x037952	x041471	preferred	1000	0.000999000999	1	0	0	INSUFFICIENT_SUPPORT
x037952	x041936	preferred	1000	0.000999000999	1	0	0	INSUFFICIENT_SUPPORT
x037953	x001889	preferred	1000	0.000999000999	1	0	0	INSUFFICIENT_SUPPORT
x037953	x001893	preferred	1000	0.000999000999	1	0	0	INSUFFICIENT_SUPPORT
x037953	x016897	preferred	1000	0.000999000999	1	0	0	INSUFFICIENT_SUPPORT
x037953	x018501	preferred	1000	0.000999000999	1	0	0	INSUFFICIENT_SUPPORT
x037953	x019936	preferred	1000	0.000999000999	1	0	0	INSUFFICIENT_SUPPORT
x037953	x019941	preferred	1000	0.000999000999	1	0	0	INSUFFICIENT_SUPPORT
x037953	x019942	preferred	1000	0.000999000999	1	0	0	INSUFFICIENT_SUPPORT
x037953	x019943	preferred	1000	0.000999000999	1	0	0	INSUFFICIENT_SUPPORT
x037953	x025531	preferred	1000	0.000999000999	1	0	0	INSUFFICIENT_SUPPORT
x037953	x034499	preferred	1000	0.000999000999	1	0	0	INSUFFICIENT_SUPPORT
x037953	x041112	preferred	1000	0.000999000999	1	0	0	INSUFFICIENT_SUPPORT
x037953	x041113	preferred	1000	0.000999000999	1	0	0	INSUFFICIENT_SUPPORT
x037953	x041115	preferred	1000	0.000999000999	1	0	0	INSUFFICIENT_SUPPORT
x037953	x041116	preferred	1000	0.000999000999	1	0	0	INSUFFICIENT_SUPPORT
x037953	x041117	preferred	1000	0.000999000999	1	0	0	INSUFFICIENT_SUPPORT
x037953	x041118	preferred	1000	0.000999000999	1	0	0	INSUFFICIENT_SUPPORT
x037953	x041470	preferred	1000	0.000999000999	1	0	0	INSUFFICIENT_SUPPORT
x037953	x041471	preferred	1000	0.000999000999	1	0	0	INSUFFICIENT_SUPPORT
x037954	x001891	preferred	1000	0.000999000999	1	0	0	INSUFFICIENT_SUPPORT
x037954	x008315	preferred	1000	0.000999000999	1	0	0	INSUFFICIENT_SUPPORT
x037954	x019940	preferred	1000	0.000999000999	1	0	0	INSUFFICIENT_SUPPORT
x037954	x031618	preferred	1000	0.000999000999	1	0	0	INSUFFICIENT_SUPPORT
x037954	x031619	preferred	1000	0.000999000999	1	0	0	INSUFFICIENT_SUPPORT
x037954	x031621	preferred	1000	0.000999000999	1	0	0	INSUFFICIENT_SUPPORT
x037954	x031704	preferred	1000	0.000999000999	1	0	0	INSUFFICIENT_SUPPORT
x037954	x041113	preferred	1000	0.000999000999	1	0	0	INSUFFICIENT_SUPPORT
x037954	x041114	preferred	1000	0.000999000999	1	0	0	INSUFFICIENT_SUPPORT
x037954	x041116	preferred	1000	0.000999000999	1	0	0	INSUFFICIENT_SUPPORT
x037954	x041117	preferred	1000	0.000999000999	1	0	0	INSUFFICIENT_SUPPORT
x037954	x041118	preferred	1000	0.000999000999	1	0	0	INSUFFICIENT_SUPPORT
x037954	x041119	preferred	1000	0.000999000999	1	0	0	INSUFFICIENT_SUPPORT
x037954	x041464	preferred	1000	0.000999000999	1	0	0	INSUFFICIENT_SUPPORT
x037954	x041591	preferred	1000	0.000999000999	1	0	0	INSUFFICIENT_SUPPORT
x037954	x041941	preferred	1000	0.000999000999	1	0	0	INSUFFICIENT_SUPPORT
x037955	x001888	preferred	1000	0.000999000999	1	0	0	INSUFFICIENT_SUPPORT
x037955	x001889	preferred	1000	0.000999000999	1	0	0	INSUFFICIENT_SUPPORT
x037955	x002978	preferred	1000	0.000999000999	1	0	0	INSUFFICIENT_SUPPORT
x037955	x018497	preferred	1000	0.000999000999	1	0	0	INSUFFICIENT_SUPPORT
x037955	x019938	preferred	1000	0.000999000999	1	0	0	INSUFFICIENT_SUPPORT
x037955	x019939	preferred	1000	0.000999000999	1	0	0	INSUFFICIENT_SUPPORT
x037955	x019940	preferred	1000	0.000999000999	1	0	0	INSUFFICIENT_SUPPORT
x037955	x019943	preferred	1000	0.000999000999	1	0	0	INSUFFICIENT_SUPPORT
x037955	x020022	preferred	1000	0.000999000999	1	0	0	INSUFFICIENT_SUPPORT
x037955	x024203	preferred	1000	0.000999000999	1	0	0	INSUFFICIENT_SUPPORT
x037955	x038541	preferred	1000	0.000999000999	1	0	0	INSUFFICIENT_SUPPORT
x037955	x038542	preferred	1000	0.000999000999	1	0	0	INSUFFICIENT_SUPPORT
x037955	x041112	preferred	1000	0.000999000999	1	0	0	INSUFFICIENT_SUPPORT
x037955	x041113	preferred	1000	0.000999000999	1	0	0	INSUFFICIENT_SUPPORT
x037955	x041114	preferred	1000	0.000999000999	1	0	0	INSUFFICIENT_SUPPORT
x037955	x041115	preferred	1000	0.000999000999	1	0	0	INSUFFICIENT_SUPPORT
x037955	x041116	preferred	1000	0.000999000999	1	0	0	INSUFFICIENT_SUPPORT
x037955	x041117	preferred	1000	0.000999000999	1	0	0	INSUFFICIENT_SUPPORT
x037955	x041119	preferred	1000	0.000999000999	1	0	0	INSUFFICIENT_SUPPORT
x037955	x041256	preferred	1000	0.000999000999	1	0	0	INSUFFICIENT_SUPPORT
x037955	x041259	preferred	1000	0.000999000999	1	0	0	INSUFFICIENT_SUPPORT
x037955	x041464	preferred	1000	0.000999000999	1	0	0	INSUFFICIENT_SUPPORT
x037956	x000105	preferred	1000	0.000999000999	1	0	0	INSUFFICIENT_SUPPORT
x037956	x001889	preferred	1000	0.000999000999	1	0	0	INSUFFICIENT_SUPPORT
x037956	x001891	preferred	1000	0.000999000999	1	0	0	INSUFFICIENT_SUPPORT
x037956	x001894	preferred	1000	0.000999000999	1	0	0	INSUFFICIENT_SUPPORT
x037956	x001895	preferred	1000	0.000999000999	1	0	0	INSUFFICIENT_SUPPORT
x037956	x002106	preferred	1000	0.000999000999	1	0	0	INSUFFICIENT_SUPPORT
x037956	x005076	preferred	1000	0.000999000999	1	0	0	INSUFFICIENT_SUPPORT
x037956	x014830	preferred	1000	0.000999000999	1	0	0	INSUFFICIENT_SUPPORT
x037956	x018496	preferred	1000	0.000999000999	1	0	0	INSUFFICIENT_SUPPORT
x037956	x019936	preferred	1000	0.000999000999	1	0	0	INSUFFICIENT_SUPPORT
x037956	x019938	preferred	1000	0.000999000999	1	0	0	INSUFFICIENT_SUPPORT
x037956	x019939	preferred	1000	0.000999000999	1	0	0	INSUFFICIENT_SUPPORT
x037956	x019942	preferred	1000	0.000999000999	1	0	0	INSUFFICIENT_SUPPORT
x037956	x025529	preferred	1000	0.000999000999	1	0	0	INSUFFICIENT_SUPPORT
x037956	x037855	preferred	1000	0.000999000999	1	0	0	INSUFFICIENT_SUPPORT
x037956	x038540	preferred	1000	0.000999000999	1	0	0	INSUFFICIENT_SUPPORT
x037956	x041113	preferred	1000	0.000999000999	1	0	0	INSUFFICIENT_SUPPORT
x037956	x041114	preferred	1000	0.000999000999	1	0	0	INSUFFICIENT_SUPPORT
x037956	x041115	preferred	1000	0.000999000999	1	0	0	INSUFFICIENT_SUPPORT
x037956	x041116	preferred	1000	0.000999000999	1	0	0	INSUFFICIENT_SUPPORT
x037956	x041118	preferred	1000	0.000999000999	1	0	0	INSUFFICIENT_SUPPORT
x037956	x041119	preferred	1000	0.000999000999	1	0	0	INSUFFICIENT_SUPPORT
x037956	x041465	preferred	1000	0.000999000999	1	0	0	INSUFFICIENT_SUPPORT
x037957	x001890	preferred	1000	0.000999000999	1	0	0	INSUFFICIENT_SUPPORT
x037957	x005077	preferred	1000	0.000999000999	1	0	0	INSUFFICIENT_SUPPORT
x037957	x017292	preferred	1000	0.000999000999	1	0	0	INSUFFICIENT_SUPPORT
x037957	x017295	preferred	1000	0.000999000999	1	0	0	INSUFFICIENT_SUPPORT
x037957	x017413	preferred	1000	0.000999000999	1	0	0	INSUFFICIENT_SUPPORT
x037957	x019936	preferred	1000	0.000999000999	1	0	0	INSUFFICIENT_SUPPORT
x037957	x019938	preferred	1000	0.000999000999	1	0	0	INSUFFICIENT_SUPPORT
x037957	x019940	preferred	1000	0.000999000999	1	0	0	INSUFFICIENT_SUPPORT
x037957	x019943	preferred	1000	0.000999000999	1	0	0	INSUFFICIENT_SUPPORT
x037957	x022926	preferred	1000	0.000999000999	1	0	0	INSUFFICIENT_SUPPORT
x037957	x031704	preferred	1000	0.000999000999	1	0	0	INSUFFICIENT_SUPPORT
x037957	x037848	preferred	1000	0.000999000999	1	0	0	INSUFFICIENT_SUPPORT
x037957	x038539	preferred	1000	0.000999000999	1	0	0	INSUFFICIENT_SUPPORT
x037957	x041113	preferred	1000	0.000999000999	1	0	0	INSUFFICIENT_SUPPORT
x037957	x041114	preferred	1000	0.000999000999	1	0	0	INSUFFICIENT_SUPPORT
x037957	x041115	preferred	1000	0.000999000999	1	0	0	INSUFFICIENT_SUPPORT
x037957	x041119	preferred	1000	0.000999000999	1	0	0	INSUFFICIENT_SUPPORT
x037957	x041467	preferred	1000	0.000999000999	1	0	0	INSUFFICIENT_SUPPORT
x037957	x041469	preferred	1000	0.000999000999	1	0	0	INSUFFICIENT_SUPPORT
x037957	x041615	preferred	1000	0.000999000999	1	0	0	INSUFFICIENT_SUPPORT
x037958	x001888	preferred	1000	0.000999000999	1	0	0	INSUFFICIENT_SUPPORT
x037958	x001893	preferred	1000	0.000999000999	1	0	0	INSUFFICIENT_SUPPORT
x037958	x005248	preferred	1000	0.000999000999	1	0	0	INSUFFICIENT_SUPPORT
x037958	x019936	preferred	1000	0.000999000999	1	0	0	INSUFFICIENT_SUPPORT
x037958	x019938	preferred	1000	0.000999000999	1	0	0	INSUFFICIENT_SUPPORT
x037958	x019940	preferred	1000	0.000999000999	1	0	0	INSUFFICIENT_SUPPORT
x037958	x019942	preferred	1000	0.000999000999	1	0	0	INSUFFICIENT_SUPPORT
x037958	x019943	preferred	1000	0.000999000999	1	0	0	INSUFFICIENT_SUPPORT
x037958	x038536	preferred	1000	0.000999000999	1	0	0	INSUFFICIENT_SUPPORT
x037958	x041113	preferred	1000	0.000999000999	1	0	0	INSUFFICIENT_SUPPORT
x037958	x041115	preferred	1000	0.000999000999	1	0	0	INSUFFICIENT_SUPPORT
x037958	x041116	preferred	1000	0.000999000999	1	0	0	INSUFFICIENT_SUPPORT
x037958	x041118	preferred	1000	0.000999000999	1	0	0	INSUFFICIENT_SUPPORT
x037958	x041464	preferred	1000	0.000999000999	1	0	0	INSUFFICIENT_SUPPORT
x037958	x041468	preferred	1000	0.000999000999	1	0	0	INSUFFICIENT_SUPPORT
x037958	x041471	preferred	1000	0.000999000999	1	0	0	INSUFFICIENT_SUPPORT
x037958	x042108	preferred	1000	0.000999000999	1	0	0	INSUFFICIENT_SUPPORT
x037958	x042803	preferred	1000	0.000999000999	1	0	0	INSUFFICIENT_SUPPORT
x037959	x000106	preferred	1000	0.000999000999	1	0	0	INSUFFICIENT_SUPPORT
x037959	x001891	preferred	1000	0.000999000999	1	0	0	INSUFFICIENT_SUPPORT
x037959	x005076	preferred	1000	0.000999000999	1	0	0	INSUFFICIENT_SUPPORT
x037959	x017415	preferred	1000	0.000999000999	1	0	0	INSUFFICIENT_SUPPORT
x037959	x018496	preferred	1000	0.000999000999	1	0	0	INSUFFICIENT_SUPPORT
x037959	x019936	preferred	1000	0.000999000999	1	0	0	INSUFFICIENT_SUPPORT
x037959	x019937	preferred	1000	0.000999000999	1	0	0	INSUFFICIENT_SUPPORT
x037959	x019939	preferred	1000	0.000999000999	1	0	0	INSUFFICIENT_SUPPORT
x037959	x019941	preferred	1000	0.000999000999	1	0	0	INSUFFICIENT_SUPPORT
x037959	x019942	preferred	1000	0.000999000999	1	0	0	INSUFFICIENT_SUPPORT
x037959	x019943	preferred	1000	0.000999000999	1	0	0	INSUFFICIENT_SUPPORT
x037959	x031616	preferred	1000	0.000999000999	1	0	0	INSUFFICIENT_SUPPORT
x037959	x031623	preferred	1000	0.000999000999	1	0	0	INSUFFICIENT_SUPPORT
x037959	x033101	preferred	1000	0.000999000999	1	0	0	INSUFFICIENT_SUPPORT
x037959	x041112	preferred	1000	0.000999000999	1	0	0	INSUFFICIENT_SUPPORT
x037959	x041113	preferred	1000	0.000999000999	1	0	0	INSUFFICIENT_SUPPORT
x037959	x041114	preferred	1000	0.000999000999	1	0	0	INSUFFICIENT_SUPPORT
x037959	x041115	preferred	1000	0.000999000999	1	0	0	INSUFFICIENT_SUPPORT
x037959	x041116	preferred	1000	0.000999000999	1	0	0	INSUFFICIENT_SUPPORT
x037959	x041117	preferred	1000	0.000999000999	1	0	0	INSUFFICIENT_SUPPORT
x037959	x041118	preferred	1000	0.000999000999	1	0	0	INSUFFICIENT_SUPPORT
x037959	x041466	preferred	1000	0.000999000999	1	0	0	INSUFFICIENT_SUPPORT
x037984	x001891	preferred	1000	0.000999000999	1	0	0	INSUFFICIENT_SUPPORT
x037984	x001895	preferred	1000	0.000999000999	1	0	0	INSUFFICIENT_SUPPORT
x037984	x016903	preferred	1000	0.000999000999	1	0	0	INSUFFICIENT_SUPPORT
x037984	x017377	preferred	1000	0.000999000999	1	0	0	INSUFFICIENT_SUPPORT
x037984	x041464	preferred	1000	0.000999000999	1	0	0	INSUFFICIENT_SUPPORT
x037984	x041466	preferred	1000	0.000999000999	1	0	0	INSUFFICIENT_SUPPORT
x037984	x041942	preferred	1000	0.000999000999	1	0	0	INSUFFICIENT_SUPPORT
x037984	x042466	preferred	1000	0.000999000999	1	0	0	INSUFFICIENT_SUPPORT
x037984	x042467	preferred	1000	0.000999000999	1	0	0	INSUFFICIENT_SUPPORT
x037984	x042470	preferred	1000	0.000999000999	1	0	0	INSUFFICIENT_SUPPORT
x037985	x001891	preferred	1000	0.000999000999	1	0	0	INSUFFICIENT_SUPPORT
x037985	x001893	preferred	1000	0.000999000999	1	0	0	INSUFFICIENT_SUPPORT
x037985	x001894	preferred	1000	0.000999000999	1	0	0	INSUFFICIENT_SUPPORT
x037985	x016897	preferred	1000	0.000999000999	1	0	0	INSUFFICIENT_SUPPORT
x037985	x016899	preferred	1000	0.000999000999	1	0	0	INSUFFICIENT_SUPPORT
x037985	x016902	preferred	1000	0.000999000999	1	0	0	INSUFFICIENT_SUPPORT
x037985	x017383	preferred	1000	0.000999000999	1	0	0	INSUFFICIENT_SUPPORT
x037985	x041470	preferred	1000	0.000999000999	1	0	0	INSUFFICIENT_SUPPORT
x037986	x001889	preferred	1000	0.000999000999	1	0	0	INSUFFICIENT_SUPPORT
x037986	x001890	preferred	1000	0.000999000999	1	0	0	INSUFFICIENT_SUPPORT
x037986	x005249	preferred	1000	0.000999000999	1	0	0	INSUFFICIENT_SUPPORT
x037986	x016902	preferred	1000	0.000999000999	1	0	0	INSUFFICIENT_SUPPORT
x037986	x041470	preferred	1000	0.000999000999	1	0	0	INSUFFICIENT_SUPPORT
x037987	x001894	preferred	1000	0.000999000999	1	0	0	INSUFFICIENT_SUPPORT
x037987	x001895	preferred	1000	0.000999000999	1	0	0	INSUFFICIENT_SUPPORT
x037987	x005252	preferred	1000	0.000999000999	1	0	0	INSUFFICIENT_SUPPORT
x037987	x016896	preferred	1000	0.000999000999	1	0	0	INSUFFICIENT_SUPPORT
x037987	x016899	preferred	1000	0.000999000999	1	0	0	INSUFFICIENT_SUPPORT
x037987	x017376	preferred	1000	0.000999000999	1	0	0	INSUFFICIENT_SUPPORT
x037987	x017377	preferred	1000	0.000999000999	1	0	0	INSUFFICIENT_SUPPORT
x037987	x017379	preferred	1000	0.000999000999	1	0	0	INSUFFICIENT_SUPPORT
x037987	x017383	preferred	1000	0.000999000999	1	0	0	INSUFFICIENT_SUPPORT
x037987	x041466	preferred	1000	0.000999000999	1	0	0	INSUFFICIENT_SUPPORT
x037987	x041468	preferred	1000	0.000999000999	1	0	0	INSUFFICIENT_SUPPORT
x037987	x041471	preferred	1000	0.000999000999	1	0	0	INSUFFICIENT_SUPPORT
x037987	x041936	preferred	1000	0.000999000999	1	0	0	INSUFFICIENT_SUPPORT
x037988	x001889	preferred	1000	0.000999000999	1	0	0	INSUFFICIENT_SUPPORT
x037988	x001894	preferred	1000	0.000999000999	1	0	0	INSUFFICIENT_SUPPORT
x037988	x016898	preferred	1000	0.000999000999	1	0	0	INSUFFICIENT_SUPPORT
x037988	x016900	preferred	1000	0.000999000999	1	0	0	INSUFFICIENT_SUPPORT
x037988	x016902	preferred	1000	0.000999000999	1	0	0	INSUFFICIENT_SUPPORT
x037988	x016903	preferred	1000	0.000999000999	1	0	0	INSUFFICIENT_SUPPORT
x037988	x022926	preferred	1000	0.000999000999	1	0	0	INSUFFICIENT_SUPPORT
x037988	x024671	preferred	1000	0.000999000999	1	0	0	INSUFFICIENT_SUPPORT
x037988	x038057	preferred	1000	0.000999000999	1	0	0	INSUFFICIENT_SUPPORT
x037988	x041468	preferred	1000	0.000999000999	1	0	0	INSUFFICIENT_SUPPORT
x037988	x041941	preferred	1000	0.000999000999	1	0	0	INSUFFICIENT_SUPPORT
x037989	x001888	preferred	1000	0.000999000999	1	0	0	INSUFFICIENT_SUPPORT
x037989	x001891	preferred	1000	0.000999000999	1	0	0	INSUFFICIENT_SUPPORT
x037989	x001895	preferred	1000	0.000999000999	1	0	0	INSUFFICIENT_SUPPORT
x037989	x005254	preferred	1000	0.000999000999	1	0	0	INSUFFICIENT_SUPPORT
x037989	x008319	preferred	1000	0.000999000999	1	0	0	INSUFFICIENT_SUPPORT
x037989	x016896	preferred	1000	0.000999000999	1	0	0	INSUFFICIENT_SUPPORT
x037989	x016901	preferred	1000	0.000999000999	1	0	0	INSUFFICIENT_SUPPORT
x037989	x041471	preferred	1000	0.000999000999	1	0	0	INSUFFICIENT_SUPPORT
x037990	x001095	preferred	1000	0.000999000999	1	0	0	INSUFFICIENT_SUPPORT
x037990	x001889	preferred	1000	0.000999000999	1	0	0	INSUFFICIENT_SUPPORT
x037990	x001890	preferred	1000	0.000999000999	1	0	0	INSUFFICIENT_SUPPORT
x037990	x001893	preferred	1000	0.000999000999	1	0	0	INSUFFICIENT_SUPPORT
x037990	x008319	preferred	1000	0.000999000999	1	0	0	INSUFFICIENT_SUPPORT
x037990	x037850	preferred	1000	0.000999000999	1	0	0	INSUFFICIENT_SUPPORT
x037990	x041469	preferred	1000	0.000999000999	1	0	0	INSUFFICIENT_SUPPORT
x037990	x041470	preferred	1000	0.000999000999	1	0	0	INSUFFICIENT_SUPPORT
x037990	x041471	preferred	1000	0.000999000999	1	0	0	INSUFFICIENT_SUPPORT
x037990	x042464	preferred	1000	0.000999000999	1	0	0	INSUFFICIENT_SUPPORT
x037990	x042470	preferred	1000	0.000999000999	1	0	0	INSUFFICIENT_SUPPORT
x038057	x024933	preferred	1000	0.000999000999	1	0	0	INSUFFICIENT_SUPPORT
x038057	x025395	preferred	1000	0.000999000999	1	0	0	INSUFFICIENT_SUPPORT
x038057	x034500	preferred	1000	0.000999000999	1	0	0	INSUFFICIENT_SUPPORT
x038057	x037848	preferred	1000	0.000999000999	1	0	0	INSUFFICIENT_SUPPORT
x038057	x037849	preferred	1000	0.000999000999	1	0	0	INSUFFICIENT_SUPPORT
x038057	x037853	preferred	1000	0.000999000999	1	0	0	INSUFFICIENT_SUPPORT
x038057	x037854	preferred	1000	0.000999000999	1	0	0	INSUFFICIENT_SUPPORT
x038057	x037984	preferred	1000	0.000999000999	1	0	0	INSUFFICIENT_SUPPORT
x038057	x038110	preferred	1000	0.000999000999	1	0	0	INSUFFICIENT_SUPPORT
x038057	x041256	preferred	1000	0.000999000999	1	0	0	INSUFFICIENT_SUPPORT
x038057	x041535	preferred	1000	0.000999000999	1	0	0	INSUFFICIENT_SUPPORT
x038057	x042802	preferred	1000	0.000999000999	1	0	0	INSUFFICIENT_SUPPORT
x038063	x002983	preferred	1000	0.000999000999	1	0	0	INSUFFICIENT_SUPPORT
x038063	x018565	preferred	1000	0.000999000999	1	0	0	INSUFFICIENT_SUPPORT
x038063	x020021	preferred	1000	0.000999000999	1	0	0	INSUFFICIENT_SUPPORT
x038063	x022957	preferred	1000	0.000999000999	1	0	0	INSUFFICIENT_SUPPORT
x038063	x025395	preferred	1000	0.000999000999	1	0	0	INSUFFICIENT_SUPPORT
x038063	x025399	preferred	1000	0.000999000999	1	0	0	INSUFFICIENT_SUPPORT
x038063	x034498	preferred	1000	0.000999000999	1	0	0	INSUFFICIENT_SUPPORT
x038063	x034502	preferred	1000	0.000999000999	1	0	0	INSUFFICIENT_SUPPORT
x038063	x037849	preferred	1000	0.000999000999	1	0	0	INSUFFICIENT_SUPPORT
x038063	x037912	preferred	1000	0.000999000999	1	0	0	INSUFFICIENT_SUPPORT
x038104	x019936	preferred	1000	0.000999000999	1	0	0	INSUFFICIENT_SUPPORT
x038104	x019939	preferred	1000	0.000999000999	1	0	0	INSUFFICIENT_SUPPORT
x038104	x019942	preferred	1000	0.000999000999	1	0	0	INSUFFICIENT_SUPPORT
x038104	x023520	preferred	1000	0.000999000999	1	0	0	INSUFFICIENT_SUPPORT
x038104	x040632	preferred	1000	0.000999000999	1	0	0	INSUFFICIENT_SUPPORT
x038105	x001431	preferred	1000	0.000999000999	1	0	0	INSUFFICIENT_SUPPORT
x038105	x017032	preferred	1000	0.000999000999	1	0	0	INSUFFICIENT_SUPPORT
x038105	x017415	preferred	1000	0.000999000999	1	0	0	INSUFFICIENT_SUPPORT
x038105	x022523	preferred	1000	0.000999000999	1	0	0	INSUFFICIENT_SUPPORT
x038105	x022524	preferred	1000	0.000999000999	1	0	0	INSUFFICIENT_SUPPORT
x038105	x025530	preferred	1000	0.000999000999	1	0	0	INSUFFICIENT_SUPPORT
x038105	x037957	preferred	1000	0.000999000999	1	0	0	INSUFFICIENT_SUPPORT
x038105	x039086	preferred	1000	0.000999000999	1	0	0	INSUFFICIENT_SUPPORT
x038105	x042802	preferred	1000	0.000999000999	1	0	0	INSUFFICIENT_SUPPORT
x038106	x000105	preferred	1000	0.000999000999	1	0	0	INSUFFICIENT_SUPPORT
x038106	x019936	preferred	1000	0.000999000999	1	0	0	INSUFFICIENT_SUPPORT
x038106	x019940	preferred	1000	0.000999000999	1	0	0	INSUFFICIENT_SUPPORT
x038106	x019941	preferred	1000	0.000999000999	1	0	0	INSUFFICIENT_SUPPORT
x038106	x019943	preferred	1000	0.000999000999	1	0	0	INSUFFICIENT_SUPPORT
x038106	x020020	preferred	1000	0.000999000999	1	0	0	INSUFFICIENT_SUPPORT
x038106	x024802	preferred	1000	0.000999000999	1	0	0	INSUFFICIENT_SUPPORT
x038106	x025550	preferred	1000	0.000999000999	1	0	0	INSUFFICIENT_SUPPORT
x038106	x037913	preferred	1000	0.000999000999	1	0	0	INSUFFICIENT_SUPPORT
x038106	x038542	preferred	1000	0.000999000999	1	0	0	INSUFFICIENT_SUPPORT
x038106	x041245	preferred	1000	0.000999000999	1	0	0	INSUFFICIENT_SUPPORT
x038107	x017993	preferred	1000	0.000999000999	1	0	0	INSUFFICIENT_SUPPORT
x038107	x019936	preferred	1000	0.000999000999	1	0	0	INSUFFICIENT_SUPPORT
x038107	x019939	preferred	1000	0.000999000999	1	0	0	INSUFFICIENT_SUPPORT
x038107	x019941	preferred	1000	0.000999000999	1	0	0	INSUFFICIENT_SUPPORT
x038107	x022522	preferred	1000	0.000999000999	1	0	0	INSUFFICIENT_SUPPORT
x038107	x037954	preferred	1000	0.000999000999	1	0	0	INSUFFICIENT_SUPPORT
x038107	x037986	preferred	1000	0.000999000999	1	0	0	INSUFFICIENT_SUPPORT
x038107	x040214	preferred	1000	0.000999000999	1	0	0	INSUFFICIENT_SUPPORT
x038107	x041118	preferred	1000	0.000999000999	1	0	0	INSUFFICIENT_SUPPORT
x038107	x041119	preferred	1000	0.000999000999	1	0	0	INSUFFICIENT_SUPPORT
x038107	x042807	preferred	1000	0.000999000999	1	0	0	INSUFFICIENT_SUPPORT
x038108	x001431	preferred	1000	0.000999000999	1	0	0	INSUFFICIENT_SUPPORT
x038108	x018496	preferred	1000	0.000999000999	1	0	0	INSUFFICIENT_SUPPORT
x038108	x019942	preferred	1000	0.000999000999	1	0	0	INSUFFICIENT_SUPPORT
x038108	x025396	preferred	1000	0.000999000999	1	0	0	INSUFFICIENT_SUPPORT
x038108	x025550	preferred	1000	0.000999000999	1	0	0	INSUFFICIENT_SUPPORT
x038108	x025551	preferred	1000	0.000999000999	1	0	0	INSUFFICIENT_SUPPORT
x038108	x025765	preferred	1000	0.000999000999	1	0	0	INSUFFICIENT_SUPPORT
x038108	x038441	preferred	1000	0.000999000999	1	0	0	INSUFFICIENT_SUPPORT
x038108	x041247	preferred	1000	0.000999000999	1	0	0	INSUFFICIENT_SUPPORT
x038109	x018497	preferred	1000	0.000999000999	1	0	0	INSUFFICIENT_SUPPORT
x038109	x018500	preferred	1000	0.000999000999	1	0	0	INSUFFICIENT_SUPPORT
x038109	x018562	preferred	1000	0.000999000999	1	0	0	INSUFFICIENT_SUPPORT
x038109	x019937	preferred	1000	0.000999000999	1	0	0	INSUFFICIENT_SUPPORT
x038109	x024736	preferred	1000	0.000999000999	1	0	0	INSUFFICIENT_SUPPORT
x038110	x000104	preferred	1000	0.000999000999	1	0	0	INSUFFICIENT_SUPPORT
x038110	x001425	preferred	1000	0.000999000999	1	0	0	INSUFFICIENT_SUPPORT
x038110	x019936	preferred	1000	0.000999000999	1	0	0	INSUFFICIENT_SUPPORT
x038110	x019938	preferred	1000	0.000999000999	1	0	0	INSUFFICIENT_SUPPORT
x038110	x019940	preferred	1000	0.000999000999	1	0	0	INSUFFICIENT_SUPPORT
x038110	x019941	preferred	1000	0.000999000999	1	0	0	INSUFFICIENT_SUPPORT
x038110	x020016	preferred	1000	0.000999000999	1	0	0	INSUFFICIENT_SUPPORT
x038110	x020019	preferred	1000	0.000999000999	1	0	0	INSUFFICIENT_SUPPORT
x038110	x037989	preferred	1000	0.000999000999	1	0	0	INSUFFICIENT_SUPPORT
x038110	x038441	preferred	1000	0.000999000999	1	0	0	INSUFFICIENT_SUPPORT
x038110	x041115	preferred	1000	0.000999000999	1	0	0	INSUFFICIENT_SUPPORT
x038110	x041256	preferred	1000	0.000999000999	1	0	0	INSUFFICIENT_SUPPORT
x038111	x003239	preferred	1000	0.000999000999	1	0	0	INSUFFICIENT_SUPPORT
x038111	x015281	preferred	1000	0.000999000999	1	0	0	INSUFFICIENT_SUPPORT
x038111	x017408	preferred	1000	0.000999000999	1	0	0	INSUFFICIENT_SUPPORT
x038111	x019938	preferred	1000	0.000999000999	1	0	0	INSUFFICIENT_SUPPORT
x038111	x019939	preferred	1000	0.000999000999	1	0	0	INSUFFICIENT_SUPPORT
x038111	x019940	preferred	1000	0.000999000999	1	0	0	INSUFFICIENT_SUPPORT
x038111	x019941	preferred	1000	0.000999000999	1	0	0	INSUFFICIENT_SUPPORT
x038111	x019942	preferred	1000	0.000999000999	1	0	0	INSUFFICIENT_SUPPORT
x038111	x020022	preferred	1000	0.000999000999	1	0	0	INSUFFICIENT_SUPPORT
x038111	x031709	preferred	1000	0.000999000999	1	0	0	INSUFFICIENT_SUPPORT
x038111	x034245	preferred	1000	0.000999000999	1	0	0	INSUFFICIENT_SUPPORT
x038163	x000108	preferred	1000	0.000999000999	1	0	0	INSUFFICIENT_SUPPORT
x038163	x001428	preferred	1000	0.000999000999	1	0	0	INSUFFICIENT_SUPPORT
x038163	x017414	preferred	1000	0.000999000999	1	0	0	INSUFFICIENT_SUPPORT
x038163	x017888	preferred	1000	0.000999000999	1	0	0	INSUFFICIENT_SUPPORT
x038163	x018503	preferred	1000	0.000999000999	1	0	0	INSUFFICIENT_SUPPORT
x038163	x019941	preferred	1000	0.000999000999	1	0	0	INSUFFICIENT_SUPPORT
x038163	x024246	preferred	1000	0.000999000999	1	0	0	INSUFFICIENT_SUPPORT
x038163	x034673	preferred	1000	0.000999000999	1	0	0	INSUFFICIENT_SUPPORT
x038163	x037987	preferred	1000	0.000999000999	1	0	0	INSUFFICIENT_SUPPORT
x038267	x019712	preferred	1000	0.000999000999	1	0	0	INSUFFICIENT_SUPPORT
x038267	x020018	preferred	1000	0.000999000999	1	0	0	INSUFFICIENT_SUPPORT
x038267	x024242	preferred	1000	0.000999000999	1	0	0	INSUFFICIENT_SUPPORT
x038267	x037856	preferred	1000	0.000999000999	1	0	0	INSUFFICIENT_SUPPORT
x038267	x037861	preferred	1000	0.000999000999	1	0	0	INSUFFICIENT_SUPPORT
x038267	x037862	preferred	1000	0.000999000999	1	0	0	INSUFFICIENT_SUPPORT
x038270	x001429	preferred	1000	0.000999000999	1	0	0	INSUFFICIENT_SUPPORT
x038270	x002336	preferred	1000	0.000999000999	1	0	0	INSUFFICIENT_SUPPORT
x038270	x037857	preferred	1000	0.000999000999	1	0	0	INSUFFICIENT_SUPPORT
x038270	x037858	preferred	1000	0.000999000999	1	0	0	INSUFFICIENT_SUPPORT
x038270	x037860	preferred	1000	0.000999000999	1	0	0	INSUFFICIENT_SUPPORT
x038270	x037863	preferred	1000	0.000999000999	1	0	0	INSUFFICIENT_SUPPORT
x038270	x041661	preferred	1000	0.000999000999	1	0	0	INSUFFICIENT_SUPPORT
x038270	x042108	preferred	1000	0.000999000999	1	0	0	INSUFFICIENT_SUPPORT
x038270	x042801	preferred	1000	0.000999000999	1	0	0	INSUFFICIENT_SUPPORT
x038441	x000106	preferred	1000	0.000999000999	1	0	0	INSUFFICIENT_SUPPORT
x038441	x001429	preferred	1000	0.000999000999	1	0	0	INSUFFICIENT_SUPPORT
x038441	x002339	preferred	1000	0.000999000999	1	0	0	INSUFFICIENT_SUPPORT
x038441	x002340	preferred	1000	0.000999000999	1	0	0	INSUFFICIENT_SUPPORT
x038441	x003195	preferred	1000	0.000999000999	1	0	0	INSUFFICIENT_SUPPORT
x038441	x018503	preferred	1000	0.000999000999	1	0	0	INSUFFICIENT_SUPPORT
x038441	x018560	preferred	1000	0.000999000999	1	0	0	INSUFFICIENT_SUPPORT
x038441	x018878	preferred	1000	0.000999000999	1	0	0	INSUFFICIENT_SUPPORT
x038441	x019942	preferred	1000	0.000999000999	1	0	0	INSUFFICIENT_SUPPORT
x038441	x025396	preferred	1000	0.000999000999	1	0	0	INSUFFICIENT_SUPPORT
x038441	x037952	preferred	1000	0.000999000999	1	0	0	INSUFFICIENT_SUPPORT
x038441	x038539	preferred	1000	0.000999000999	1	0	0	INSUFFICIENT_SUPPORT
x038443	x001425	preferred	1000	0.000999000999	1	0	0	INSUFFICIENT_SUPPORT
x038443	x002342	preferred	1000	0.000999000999	1	0	0	INSUFFICIENT_SUPPORT
x038443	x017889	preferred	1000	0.000999000999	1	0	0	INSUFFICIENT_SUPPORT
x038443	x018496	preferred	1000	0.000999000999	1	0	0	INSUFFICIENT_SUPPORT
x038443	x018500	preferred	1000	0.000999000999	1	0	0	INSUFFICIENT_SUPPORT
x038443	x018872	preferred	1000	0.000999000999	1	0	0	INSUFFICIENT_SUPPORT
x038443	x025395	preferred	1000	0.000999000999	1	0	0	INSUFFICIENT_SUPPORT
x038443	x025531	preferred	1000	0.000999000999	1	0	0	INSUFFICIENT_SUPPORT
x038443	x037856	preferred	1000	0.000999000999	1	0	0	INSUFFICIENT_SUPPORT
x038443	x038539	preferred	1000	0.000999000999	1	0	0	INSUFFICIENT_SUPPORT
x038443	x041115	preferred	1000	0.000999000999	1	0	0	INSUFFICIENT_SUPPORT
x038536	x000106	depleted	1000	0.9220779221	1	0	0.2776479196	EXPECTED_FROM_NULL
x038536	x000107	depleted	1000	0.9170829171	1	0	0.2888412737	EXPECTED_FROM_NULL
x038536	x000108	depleted	1000	0.9190809191	1	0	0.3186985433	EXPECTED_FROM_NULL
x038536	x000110	depleted	1000	0.9200799201	1	0	0.2670347078	EXPECTED_FROM_NULL
x038536	x000111	depleted	1000	0.965034965	1	0	0.3821064927	EXPECTED_FROM_NULL
x038536	x001399	preferred	1000	0.02297702298	0.2517482517	1	0.1786323731	EXPECTED_FROM_NULL
x038536	x002978	preferred	1000	1	1	0	0.3016619336	EXPECTED_FROM_NULL
x038536	x002979	preferred	1000	1	1	0	0.3181602264	EXPECTED_FROM_NULL
x038536	x002980	preferred	1000	1	1	1	0.1942680031	EXPECTED_FROM_NULL
x038536	x002981	preferred	1000	1	1	0	0.2085264761	EXPECTED_FROM_NULL
x038536	x002982	preferred	1000	1	1	0	0.1786323731	EXPECTED_FROM_NULL
x038536	x002983	preferred	1000	1	1	1	0.1777338843	EXPECTED_FROM_NULL
x038536	x010936	preferred	1000	1	1	0	0.1539027045	EXPECTED_FROM_NULL
x038536	x013429	preferred	1000	1	1	0	0.1786323731	EXPECTED_FROM_NULL
x038536	x017380	preferred	1000	1	1	1	0.1644910635	EXPECTED_FROM_NULL
x038536	x017382	preferred	1000	0.05494505495	0.3085867621	1	0.2483606294	EXPECTED_FROM_NULL
x038536	x017383	preferred	1000	1	1	0	0.1539027045	EXPECTED_FROM_NULL
x038536	x017678	preferred	1000	1	1	0	0.2382190201	EXPECTED_FROM_NULL
x038536	x017837	preferred	1000	1	1	0	0.2152908953	EXPECTED_FROM_NULL
x038536	x017891	preferred	1000	1	1	0	0.2245124473	EXPECTED_FROM_NULL
x038536	x017893	depleted	1000	0.9100899101	1	0	0.2535611351	EXPECTED_FROM_NULL
x038536	x020018	preferred	1000	1	1	0	0.2192966081	EXPECTED_FROM_NULL
x038536	x022954	preferred	1000	1	1	0	0.2696891049	EXPECTED_FROM_NULL
x038536	x022955	preferred	1000	1	1	0	0.2677065682	EXPECTED_FROM_NULL
x038536	x022956	preferred	1000	1	1	0	0.2083873791	EXPECTED_FROM_NULL
x038536	x022958	preferred	1000	1	1	1	0.2209408265	EXPECTED_FROM_NULL
x038536	x024240	preferred	1000	1	1	0	0.20127326	EXPECTED_FROM_NULL
x038536	x024242	preferred	1000	1	1	0	0.2194084432	EXPECTED_FROM_NULL
x038536	x024243	preferred	1000	1	1	0	0.3887222108	EXPECTED_FROM_NULL
x038536	x024245	preferred	1000	1	1	0	0.3347375427	EXPECTED_FROM_NULL
x038536	x024246	depleted	1000	0.9240759241	1	0	0.3331316795	EXPECTED_FROM_NULL
x038536	x024247	preferred	1000	0.01498501499	0.2517482517	1	0.2981137873	EXPECTED_FROM_NULL
x038536	x024802	preferred	1000	1	1	1	0.1920852877	EXPECTED_FROM_NULL
x038536	x025549	preferred	1000	1	1	0	0.1786323731	EXPECTED_FROM_NULL
x038536	x025760	preferred	1000	1	1	1	0.1539027045	EXPECTED_FROM_NULL
x038536	x025761	preferred	10000	0.00899910009	0.2517482517	1	0.2095806291	EXPECTED_FROM_NULL
x038536	x032442	preferred	1000	1	1	0	0.1539027045	EXPECTED_FROM_NULL
x038536	x032443	preferred	1000	1	1	0	0.1539027045	EXPECTED_FROM_NULL
x038536	x032447	preferred	1000	1	1	1	0.1644910635	EXPECTED_FROM_NULL
x038536	x037854	depleted	1000	0.956043956	1	0	0.2994907271	EXPECTED_FROM_NULL
x038536	x037856	depleted	1000	0.7852147852	1	0	0.2450388118	EXPECTED_FROM_NULL
x038536	x037857	depleted	1000	0.971028971	1	1	0.2447062886	EXPECTED_FROM_NULL
x038536	x037858	depleted	1000	0.8091908092	1	0	0.2046630519	EXPECTED_FROM_NULL
x038536	x037859	depleted	1000	0.7582417582	1	0	0.2165476081	EXPECTED_FROM_NULL
x038536	x037860	depleted	1000	0.8121878122	1	0	0.1856399718	EXPECTED_FROM_NULL
x038536	x037861	depleted	1000	0.8761238761	1	0	0.2488583187	EXPECTED_FROM_NULL
x038536	x037863	depleted	1000	0.7912087912	1	0	0.2944956877	EXPECTED_FROM_NULL
x038536	x037897	preferred	1000	1	1	0	0.1763371264	EXPECTED_FROM_NULL
x038536	x037901	preferred	1000	0.01198801199	0.2517482517	1	0.1539027045	EXPECTED_FROM_NULL
x038536	x038104	preferred	1000	1	1	0	0.2095806291	EXPECTED_FROM_NULL
x038536	x038106	preferred	1000	1	1	0	0.2619000729	EXPECTED_FROM_NULL
x038536	x040263	preferred	1000	1	1	0	0.1669695257	EXPECTED_FROM_NULL
x038536	x041658	preferred	1000	0.02197802198	0.2517482517	1	0.2352480889	EXPECTED_FROM_NULL
x038536	x042801	preferred	1000	1	1	0	0.6043938407	EXPECTED_FROM_NULL
x038536	x042803	preferred	1000	0.04595404595	0.2919955581	1	0.2711551761	EXPECTED_FROM_NULL
x038536	x042805	preferred	1000	0.08491508492	0.4128924767	1	0.4725443668	EXPECTED_FROM_NULL
x038536	x042806	depleted	1000	0.955044955	1	0	0.3920893838	EXPECTED_FROM_NULL
x038537	x000104	depleted	1000	0.9340659341	1	0	0.3226965949	EXPECTED_FROM_NULL
x038537	x000110	depleted	1000	0.9070929071	1	1	0.4152862749	EXPECTED_FROM_NULL
x038537	x002976	preferred	1000	1	1	0	0.333215264	EXPECTED_FROM_NULL
x038537	x002977	preferred	1000	1	1	0	0.3419513692	EXPECTED_FROM_NULL
x038537	x002978	preferred	1000	1	1	0	0.3636942966	EXPECTED_FROM_NULL
x038537	x002979	preferred	1000	1	1	0	0.4276801776	EXPECTED_FROM_NULL
x038537	x002980	preferred	1000	0.03196803197	0.2631913541	1	0.3362259698	EXPECTED_FROM_NULL
x038537	x002981	preferred	1000	1	1	0	0.3419513692	EXPECTED_FROM_NULL
x038537	x002982	preferred	1000	1	1	0	0.2625291245	EXPECTED_FROM_NULL
x038537	x002983	preferred	1000	1	1	0	0.4645992903	EXPECTED_FROM_NULL
x038537	x007099	preferred	1000	0.02997002997	0.2631913541	1	0.3362259698	EXPECTED_FROM_NULL
x038537	x010939	preferred	1000	1	1	0	0.4902720949	EXPECTED_FROM_NULL
x038537	x017383	preferred	1000	0.07692307692	0.3801652893	1	0.482063315	EXPECTED_FROM_NULL
x038537	x017834	preferred	1000	1	1	0	0.3362259698	EXPECTED_FROM_NULL
x038537	x017892	preferred	1000	1	1	0	0.3843811393	EXPECTED_FROM_NULL
x038537	x017893	preferred	1000	0.05294705295	0.3077473707	1	0.4492304857	EXPECTED_FROM_NULL
x038537	x020018	depleted	1000	0.97002997	1	0	0.4549531973	EXPECTED_FROM_NULL
x038537	x020019	depleted	1000	0.9490509491	1	0	0.4809719176	EXPECTED_FROM_NULL
x038537	x020639	preferred	1000	1	1	0	0.3186070295	EXPECTED_FROM_NULL
x038537	x022952	preferred	1000	1	1	0	0.482063315	EXPECTED_FROM_NULL
x038537	x022957	preferred	1000	1	1	0	0.2625291245	EXPECTED_FROM_NULL
x038537	x022958	preferred	1000	1	1	0	0.4645992903	EXPECTED_FROM_NULL
x038537	x024240	preferred	1000	1	1	0	0.388989497	EXPECTED_FROM_NULL
x038537	x024245	preferred	1000	0.08591408591	0.4163528779	1	0.4236288498	EXPECTED_FROM_NULL
x038537	x024247	preferred	1000	1	1	0	0.7328067703	EXPECTED_FROM_NULL
x038537	x025760	preferred	1000	1	1	0	0.3419513692	EXPECTED_FROM_NULL
x038537	x025762	preferred	1000	1	1	0	0.4902720949	EXPECTED_FROM_NULL
x038537	x032442	preferred	1000	1	1	0	0.2625291245	EXPECTED_FROM_NULL
x038537	x032443	preferred	1000	1	1	0	0.2625291245	EXPECTED_FROM_NULL
x038537	x032445	preferred	1000	1	1	0	0.3419513692	EXPECTED_FROM_NULL
x038537	x034674	preferred	1000	1	1	0	0.2625291245	EXPECTED_FROM_NULL
x038537	x037856	depleted	1000	0.972027972	1	1	0.4224152298	EXPECTED_FROM_NULL
x038537	x037857	depleted	1000	0.8811188811	1	0	0.3435737519	EXPECTED_FROM_NULL
x038537	x037858	depleted	1000	0.8911088911	1	0	0.3975932684	EXPECTED_FROM_NULL
x038537	x037859	depleted	1000	0.8841158841	1	0	0.3063192373	EXPECTED_FROM_NULL
x038537	x037861	depleted	1000	0.8801198801	1	0	0.2774050213	EXPECTED_FROM_NULL
x038537	x037862	depleted	1000	0.8581418581	1	0	0.3111306746	EXPECTED_FROM_NULL
x038537	x037863	depleted	1000	0.997002997	1	1	0.4570645574	EXPECTED_FROM_NULL
x038537	x039662	preferred	1000	1	1	0	0.2625291245	EXPECTED_FROM_NULL
x038537	x040256	preferred	1000	1	1	0	0.3419513692	EXPECTED_FROM_NULL
x038537	x040260	preferred	1000	0.01098901099	0.2517482517	1	0.4802073171	EXPECTED_FROM_NULL
x038537	x040636	preferred	1000	1	1	0	0.2625291245	EXPECTED_FROM_NULL
x038537	x042802	preferred	1000	1	1	0	0.4725106853	EXPECTED_FROM_NULL
x038537	x042803	preferred	1000	1	1	0	0.2625291245	EXPECTED_FROM_NULL
x038537	x042804	preferred	1000	1	1	0	0.2930463781	EXPECTED_FROM_NULL
x038537	x042807	preferred	1000	1	1	0	0.333215264	EXPECTED_FROM_NULL
x038538	x000107	depleted	1000	0.9230769231	1	0	0.5437665382	EXPECTED_FROM_NULL
x038538	x000111	depleted	1000	0.981018981	1	0	0.9875907074	EXPECTED_FROM_NULL
x038538	x001090	preferred	1000	1	1	0	0.3636342782	EXPECTED_FROM_NULL
x038538	x001397	preferred	1000	1	1	0	0.3636342782	EXPECTED_FROM_NULL
x038538	x001399	preferred	1000	1	1	0	0.3952882984	EXPECTED_FROM_NULL
x038538	x002976	preferred	1000	1	1	0	0.3636342782	EXPECTED_FROM_NULL
x038538	x002977	preferred	1000	1	1	0	0.3613530923	EXPECTED_FROM_NULL
x038538	x002978	preferred	1000	0.01898101898	0.2517482517	1	0.5282390181	EXPECTED_FROM_NULL
x038538	x002979	preferred	1000	1	1	0	0.701600761	EXPECTED_FROM_NULL
x038538	x002980	preferred	1000	0.03996003996	0.286644049	1	0.6806433028	EXPECTED_FROM_NULL
x038538	x002982	preferred	1000	1	1	0	0.4714996182	EXPECTED_FROM_NULL
x038538	x010938	preferred	1000	1	1	0	0.3636342782	EXPECTED_FROM_NULL
x038538	x010942	preferred	1000	1	1	0	0.3636342782	EXPECTED_FROM_NULL
x038538	x017381	depleted	1000	0.9410589411	1	0	0.4809104239	EXPECTED_FROM_NULL
x038538	x017674	preferred	1000	1	1	0	0.5331280867	EXPECTED_FROM_NULL
x038538	x017676	preferred	1000	1	1	1	0.4267135942	EXPECTED_FROM_NULL
x038538	x017837	preferred	1000	1	1	0	0.3636342782	EXPECTED_FROM_NULL
x038538	x017889	preferred	1000	1	1	0	0.5091263873	EXPECTED_FROM_NULL
x038538	x017891	depleted	1000	0.956043956	1	0	0.6134566809	EXPECTED_FROM_NULL
x038538	x017892	depleted	1000	0.9440559441	1	0	0.6134566809	EXPECTED_FROM_NULL
x038538	x020021	depleted	1000	0.954045954	1	0	0.8317166326	EXPECTED_FROM_NULL
x038538	x020022	preferred	1000	1	1	0	0.3952882984	EXPECTED_FROM_NULL
x038538	x022952	depleted	1000	0.983016983	1	0	0.7116953473	EXPECTED_FROM_NULL
x038538	x022956	preferred	1000	1	1	0	0.4714996182	EXPECTED_FROM_NULL
x038538	x022957	preferred	1000	1	1	0	0.5282390181	EXPECTED_FROM_NULL
x038538	x022958	preferred	1000	1	1	0	0.3636342782	EXPECTED_FROM_NULL
x038538	x022959	preferred	1000	1	1	0	0.3636342782	EXPECTED_FROM_NULL
x038538	x024240	preferred	1000	1	1	0	0.5282390181	EXPECTED_FROM_NULL
x038538	x024243	preferred	1000	1	1	0	0.3636342782	EXPECTED_FROM_NULL
x038538	x024245	preferred	1000	1	1	0	0.3952882984	EXPECTED_FROM_NULL
x038538	x025761	preferred	1000	1	1	0	0.5331280867	EXPECTED_FROM_NULL
x038538	x025765	preferred	1000	0.01898101898	0.2517482517	1	0.5331280867	EXPECTED_FROM_NULL
x038538	x025767	preferred	1000	1	1	0	0.4354873298	EXPECTED_FROM_NULL
x038538	x037851	preferred	1000	1	1	0	0.869970902	EXPECTED_FROM_NULL
x038538	x037856	depleted	1000	0.8811188811	1	1	0.3990978799	EXPECTED_FROM_NULL
x038538	x037858	depleted	1000	0.985014985	1	1	0.4657791997	EXPECTED_FROM_NULL
x038538	x037859	depleted	1000	0.9180819181	1	0	0.3531882111	EXPECTED_FROM_NULL
x038538	x037860	depleted	1000	0.8501498501	1	0	0.3772447104	EXPECTED_FROM_NULL
x038538	x037863	preferred	10000	0.00099990001	0.2276772323	1	0.8440111427	EXPECTED_FROM_NULL
x038538	x037903	preferred	10000	0.01219878012	0.2517482517	1	0.3636342782	EXPECTED_FROM_NULL
x038538	x038063	preferred	1000	1	1	0	0.3636342782	EXPECTED_FROM_NULL
x038538	x038106	preferred	1000	1	1	0	0.3636342782	EXPECTED_FROM_NULL
x038538	x038110	preferred	1000	1	1	0	0.8643793669	EXPECTED_FROM_NULL
x038538	x040263	preferred	1000	1	1	0	0.4714996182	EXPECTED_FROM_NULL
x038538	x042801	depleted	1000	0.9400599401	1	0	0.5977765827	EXPECTED_FROM_NULL
x038538	x042802	preferred	1000	1	1	0	0.9815579981	EXPECTED_FROM_NULL
x038538	x042803	preferred	1000	1	1	0	0.5331280867	EXPECTED_FROM_NULL
x038538	x042819	preferred	1000	1	1	0	0.3636342782	EXPECTED_FROM_NULL
x038539	x000106	depleted	1000	0.8811188811	1	0	0.2380868382	EXPECTED_FROM_NULL
x038539	x000110	depleted	1000	0.969030969	1	0	0.291680441	EXPECTED_FROM_NULL
x038539	x000111	preferred	1000	1	1	0	0.2108022609	EXPECTED_FROM_NULL
x038539	x001089	preferred	1000	1	1	0	0.1747907162	EXPECTED_FROM_NULL
x038539	x002976	preferred	1000	0.09190809191	0.435211847	0.5	0.3297965769	EXPECTED_FROM_NULL
x038539	x002978	preferred	1000	1	1	0	0.2593890397	EXPECTED_FROM_NULL
x038539	x002979	preferred	1000	1	1	0	0.2451662404	EXPECTED_FROM_NULL
x038539	x002982	preferred	1000	0.06993006993	0.3567910962	1	0.3847680705	EXPECTED_FROM_NULL
x038539	x002983	preferred	1000	0.01598401598	0.2517482517	1	0.2001589502	EXPECTED_FROM_NULL
x038539	x017381	preferred	1000	1	1	0	0.3252054213	EXPECTED_FROM_NULL
x038539	x017383	preferred	1000	1	1	0	0.3206982037	EXPECTED_FROM_NULL
x038539	x017678	preferred	1000	1	1	1	0.2174835813	EXPECTED_FROM_NULL
x038539	x017835	preferred	1000	1	1	1	0.1960382792	EXPECTED_FROM_NULL
x038539	x017836	preferred	1000	0.01598401598	0.2517482517	1	0.1700673126	EXPECTED_FROM_NULL
x038539	x017888	preferred	10000	0.01079892011	0.2517482517	1	0.17202669	EXPECTED_FROM_NULL
x038539	x017891	preferred	1000	1	1	0	0.2317671972	EXPECTED_FROM_NULL
x038539	x017893	depleted	1000	0.8771228771	1	0	0.1689819742	EXPECTED_FROM_NULL
x038539	x018562	preferred	1000	1	1	1	0.1557370898	EXPECTED_FROM_NULL
x038539	x020016	preferred	1000	1	1	1	0.3633909389	EXPECTED_FROM_NULL
x038539	x020639	preferred	1000	1	1	0	0.181158928	EXPECTED_FROM_NULL
x038539	x021975	preferred	1000	1	1	0	0.1747907162	EXPECTED_FROM_NULL
x038539	x022952	preferred	1000	1	1	0	0.3252054213	EXPECTED_FROM_NULL
x038539	x022953	preferred	10000	0.01409859014	0.2517482517	1	0.190749586	EXPECTED_FROM_NULL
x038539	x022954	preferred	1000	1	1	0	0.2969581249	EXPECTED_FROM_NULL
x038539	x022955	preferred	1000	0.03396603397	0.2631913541	1	0.20260508	EXPECTED_FROM_NULL
x038539	x022957	preferred	1000	0.01798201798	0.2517482517	1	0.210730792	EXPECTED_FROM_NULL
x038539	x022959	preferred	1000	1	1	1	0.1946728534	EXPECTED_FROM_NULL
x038539	x023924	preferred	1000	1	1	0	0.1667213309	EXPECTED_FROM_NULL
x038539	x024242	preferred	1000	1	1	1	0.1933076602	EXPECTED_FROM_NULL
x038539	x024245	preferred	1000	1	1	0	0.3024830638	EXPECTED_FROM_NULL
x038539	x024247	preferred	1000	1	1	1	0.2072257371	EXPECTED_FROM_NULL
x038539	x025765	preferred	1000	1	1	0	0.3044054629	EXPECTED_FROM_NULL
x038539	x032444	preferred	1000	1	1	0	0.2551670255	EXPECTED_FROM_NULL
x038539	x037852	preferred	1000	1	1	0	0.2198426425	EXPECTED_FROM_NULL
x038539	x037856	depleted	1000	0.8181818182	1	0	0.2473496618	EXPECTED_FROM_NULL
x038539	x037857	depleted	1000	0.8521478521	1	0	0.2087551522	EXPECTED_FROM_NULL
x038539	x037858	depleted	1000	0.7932067932	1	0	0.2451608881	EXPECTED_FROM_NULL
x038539	x037859	depleted	1000	0.8561438561	1	0	0.287462477	EXPECTED_FROM_NULL
x038539	x037860	depleted	1000	0.7262737263	1	0	0.2027795437	EXPECTED_FROM_NULL
x038539	x037861	depleted	1000	0.6953046953	1	0	0.2370898081	EXPECTED_FROM_NULL
x038539	x037862	depleted	1000	0.981018981	1	1	0.1910245386	EXPECTED_FROM_NULL
x038539	x038107	preferred	1000	1	1	0	0.181158928	EXPECTED_FROM_NULL
x038539	x040256	preferred	1000	1	1	0	0.3044054629	EXPECTED_FROM_NULL
x038539	x040258	preferred	1000	0.04095904096	0.2895104895	1	0.2164993266	EXPECTED_FROM_NULL
x038539	x040260	preferred	1000	1	1	0	0.2561047431	EXPECTED_FROM_NULL
x038539	x042801	preferred	1000	1	1	0	0.2511213425	EXPECTED_FROM_NULL
x038539	x042803	preferred	1000	0.06193806194	0.3311743607	1	0.2645253427	EXPECTED_FROM_NULL
x038539	x042805	depleted	1000	0.999000999	1	1	0.2276541552	EXPECTED_FROM_NULL
x038539	x042807	depleted	1000	0.8981018981	1	0	0.1962499755	EXPECTED_FROM_NULL
x038540	x000105	depleted	1000	0.8581418581	1	0	0.1921229275	EXPECTED_FROM_NULL
x038540	x001089	preferred	1000	1	1	1	0.1862199838	EXPECTED_FROM_NULL
x038540	x001398	preferred	1000	1	1	0	0.1404080974	EXPECTED_FROM_NULL
x038540	x002976	preferred	1000	1	1	0	0.1847392483	EXPECTED_FROM_NULL
x038540	x002977	preferred	1000	1	1	1	0.1430487269	EXPECTED_FROM_NULL
x038540	x002979	preferred	1000	0.01198801199	0.2517482517	1	0.1533389398	EXPECTED_FROM_NULL
x038540	x002981	preferred	1000	1	1	0	0.1817372197	EXPECTED_FROM_NULL
x038540	x002983	preferred	1000	1	1	0	0.1542550064	EXPECTED_FROM_NULL
x038540	x007098	preferred	1000	1	1	0	0.1596685227	EXPECTED_FROM_NULL
x038540	x010936	preferred	1000	1	1	0	0.1406842488	EXPECTED_FROM_NULL
x038540	x017038	preferred	1000	1	1	0	0.1396587811	EXPECTED_FROM_NULL
x038540	x017378	preferred	1000	0.09190809191	0.435211847	1	0.2051129694	EXPECTED_FROM_NULL
x038540	x017379	preferred	1000	1	1	0	0.3255507641	EXPECTED_FROM_NULL
x038540	x017380	preferred	1000	1	1	0	0.2007104618	EXPECTED_FROM_NULL
x038540	x017382	preferred	1000	0.03496503497	0.2652583019	1	0.1933920026	EXPECTED_FROM_NULL
x038540	x017672	preferred	1000	1	1	0	0.1393126618	EXPECTED_FROM_NULL
x038540	x017673	preferred	1000	1	1	0	0.140313547	EXPECTED_FROM_NULL
x038540	x017832	preferred	1000	0.01998001998	0.2517482517	0.5	0.1552812688	EXPECTED_FROM_NULL
x038540	x017833	preferred	1000	1	1	1	0.1479594461	EXPECTED_FROM_NULL
x038540	x017834	preferred	1000	1	1	0	0.1393126618	EXPECTED_FROM_NULL
x038540	x017835	preferred	1000	1	1	0	0.1254384597	EXPECTED_FROM_NULL
x038540	x017837	preferred	1000	1	1	0	0.1939914608	EXPECTED_FROM_NULL
x038540	x017888	preferred	1000	1	1	1	0.1773038121	EXPECTED_FROM_NULL
x038540	x017890	preferred	1000	1	1	0	0.1895166782	EXPECTED_FROM_NULL
x038540	x017893	preferred	1000	0.1068931069	0.4948501977	1	0.197740394	EXPECTED_FROM_NULL
x038540	x017894	preferred	1000	1	1	0	0.1675462499	EXPECTED_FROM_NULL
x038540	x018254	preferred	1000	1	1	0	0.1254384597	EXPECTED_FROM_NULL
x038540	x020023	preferred	1000	0.05194805195	0.3077473707	1	0.2408036428	EXPECTED_FROM_NULL
x038540	x022952	preferred	1000	1	1	0	0.1492963248	EXPECTED_FROM_NULL
x038540	x022953	preferred	1000	1	1	0	0.473136653	EXPECTED_FROM_NULL
x038540	x022957	preferred	1000	1	1	1	0.1684290844	EXPECTED_FROM_NULL
x038540	x022958	preferred	1000	0.03196803197	0.2631913541	1	0.1492963248	EXPECTED_FROM_NULL
x038540	x024240	preferred	1000	1	1	1	0.1326030778	EXPECTED_FROM_NULL
x038540	x024243	depleted	1000	0.952047952	1	0	0.2713606344	EXPECTED_FROM_NULL
x038540	x024245	preferred	1000	1	1	0	0.2607341754	EXPECTED_FROM_NULL
x038540	x024800	preferred	1000	0.03696303696	0.2760795905	1	0.1931316074	EXPECTED_FROM_NULL
x038540	x024802	preferred	1000	1	1	0	0.1394651466	EXPECTED_FROM_NULL
x038540	x025550	preferred	1000	1	1	0	0.1651332166	EXPECTED_FROM_NULL
x038540	x025761	preferred	1000	1	1	0	0.158373741	EXPECTED_FROM_NULL
x038540	x025766	preferred	1000	1	1	0	0.1570215917	EXPECTED_FROM_NULL
x038540	x032442	preferred	1000	0.02097902098	0.2517482517	1	0.137937189	EXPECTED_FROM_NULL
x038540	x037854	depleted	1000	0.959040959	1	0	0.2815477832	EXPECTED_FROM_NULL
x038540	x037856	depleted	1000	0.993006993	1	1	0.1880356677	EXPECTED_FROM_NULL
x038540	x037857	depleted	1000	0.998001998	1	0.5	0.1900281307	EXPECTED_FROM_NULL
x038540	x037858	depleted	1000	0.981018981	1	1	0.2029162339	EXPECTED_FROM_NULL
x038540	x037859	depleted	1000	0.956043956	1	1	0.1963319715	EXPECTED_FROM_NULL
x038540	x037860	depleted	1000	0.7552447552	1	0	0.1530446099	EXPECTED_FROM_NULL
x038540	x037861	depleted	1000	0.7592407592	1	0	0.2022729309	EXPECTED_FROM_NULL
x038540	x037863	depleted	1000	0.965034965	1	1	0.1888350929	EXPECTED_FROM_NULL
x038540	x040256	preferred	1000	1	1	0	0.2506197558	EXPECTED_FROM_NULL
x038540	x041529	preferred	1000	1	1	1	0.1446395399	EXPECTED_FROM_NULL
x038540	x041532	preferred	1000	1	1	0	0.1406842488	EXPECTED_FROM_NULL
x038540	x041657	preferred	1000	1	1	0	0.194386009	EXPECTED_FROM_NULL
x038540	x042803	depleted	1000	0.9050949051	1	0	0.1932121453	EXPECTED_FROM_NULL
x038540	x042805	preferred	1000	0.02197802198	0.2517482517	1	0.2063515661	EXPECTED_FROM_NULL
x038540	x042818	preferred	1000	1	1	1	0.1475710179	EXPECTED_FROM_NULL
x038541	x000108	depleted	1000	0.9040959041	1	0	0.2780286184	EXPECTED_FROM_NULL
x038541	x002976	preferred	1000	1	1	0	0.2265267073	EXPECTED_FROM_NULL
x038541	x002977	preferred	1000	1	1	0	0.242702568	EXPECTED_FROM_NULL
x038541	x002978	preferred	1000	1	1	0	0.2817044723	EXPECTED_FROM_NULL
x038541	x002979	preferred	1000	1	1	0	0.3322951287	EXPECTED_FROM_NULL
x038541	x002980	preferred	10000	0.0104989501	0.2517482517	1	0.2263262997	EXPECTED_FROM_NULL
x038541	x002981	preferred	1000	1	1	0	0.1796522721	EXPECTED_FROM_NULL
x038541	x002982	preferred	1000	1	1	0	0.212134213	EXPECTED_FROM_NULL
x038541	x002983	preferred	1000	1	1	0	0.2175778773	EXPECTED_FROM_NULL
x038541	x010943	preferred	1000	0.04295704296	0.2895104895	1	0.2898503704	EXPECTED_FROM_NULL
x038541	x017376	depleted	1000	0.9250749251	1	0	0.2831116419	EXPECTED_FROM_NULL
x038541	x017378	preferred	1000	1	1	0	0.2104129744	EXPECTED_FROM_NULL
x038541	x017380	preferred	1000	1	1	0	0.3224116953	EXPECTED_FROM_NULL
x038541	x017381	preferred	1000	0.02097902098	0.2517482517	1	0.2589543223	EXPECTED_FROM_NULL
x038541	x017409	preferred	1000	0.03096903097	0.2631913541	1	0.3524927851	EXPECTED_FROM_NULL
x038541	x017675	preferred	1000	1	1	0	0.1835412207	EXPECTED_FROM_NULL
x038541	x017832	preferred	1000	1	1	0	0.232744919	EXPECTED_FROM_NULL
x038541	x017838	preferred	1000	0.01498501499	0.2517482517	1	0.3355628452	EXPECTED_FROM_NULL
x038541	x017889	preferred	1000	1	1	0	0.3284676309	EXPECTED_FROM_NULL
x038541	x017890	depleted	1000	0.9430569431	1	0	0.4748622072	EXPECTED_FROM_NULL
x038541	x017891	depleted	1000	0.9430569431	1	1	0.2651375241	EXPECTED_FROM_NULL
x038541	x017892	preferred	1000	1	1	0	0.2562525424	EXPECTED_FROM_NULL
x038541	x017894	preferred	1000	1	1	0	0.2352480746	EXPECTED_FROM_NULL
x038541	x020018	depleted	1000	0.9340659341	1	0	0.3424097783	EXPECTED_FROM_NULL
x038541	x021975	preferred	1000	1	1	0	0.1835412207	EXPECTED_FROM_NULL
x038541	x022953	preferred	1000	1	1	0	0.1969622109	EXPECTED_FROM_NULL
x038541	x022955	preferred	1000	1	1	1	0.2391765342	EXPECTED_FROM_NULL
x038541	x022956	preferred	1000	0.02197802198	0.2517482517	1	0.3503272199	EXPECTED_FROM_NULL
x038541	x024242	preferred	1000	1	1	0	0.211106472	EXPECTED_FROM_NULL
x038541	x024247	preferred	1000	1	1	0	0.3454492621	EXPECTED_FROM_NULL
x038541	x024740	preferred	1000	1	1	0	0.2102400534	EXPECTED_FROM_NULL
x038541	x025546	preferred	1000	1	1	0	0.211106472	EXPECTED_FROM_NULL
x038541	x025765	preferred	1000	1	1	1	0.2136380743	EXPECTED_FROM_NULL
x038541	x032447	preferred	1000	1	1	1	0.1979388656	EXPECTED_FROM_NULL
x038541	x034672	preferred	1000	1	1	0	0.1835412207	EXPECTED_FROM_NULL
x038541	x034673	preferred	1000	1	1	0	0.2175778773	EXPECTED_FROM_NULL
x038541	x037853	preferred	1000	1	1	0	0.4295614773	EXPECTED_FROM_NULL
x038541	x037856	depleted	1000	0.8281718282	1	0	0.2923393555	EXPECTED_FROM_NULL
x038541	x037857	depleted	1000	0.998001998	1	0.5	0.3108743134	EXPECTED_FROM_NULL
x038541	x037858	depleted	1000	0.9470529471	1	1	0.3845009542	EXPECTED_FROM_NULL
x038541	x037859	depleted	1000	0.8791208791	1	0	0.293289782	EXPECTED_FROM_NULL
x038541	x037860	depleted	1000	0.8401598402	1	0	0.2350673169	EXPECTED_FROM_NULL
x038541	x037861	depleted	1000	0.991008991	1	1	0.2398100611	EXPECTED_FROM_NULL
x038541	x037862	depleted	1000	0.8651348651	1	1	0.2433835584	EXPECTED_FROM_NULL
x038541	x037863	depleted	1000	0.8281718282	1	0	0.2461387451	EXPECTED_FROM_NULL
x038541	x038106	preferred	1000	1	1	0	0.3322951287	EXPECTED_FROM_NULL
x038541	x038107	preferred	1000	1	1	0	0.212134213	EXPECTED_FROM_NULL
x038541	x040259	preferred	10000	0.01079892011	0.2517482517	1	0.2175778773	EXPECTED_FROM_NULL
x038541	x040263	preferred	1000	1	1	0	0.212134213	EXPECTED_FROM_NULL
x038541	x041532	preferred	1000	1	1	0	0.1835412207	EXPECTED_FROM_NULL
x038541	x042801	preferred	1000	1	1	0	0.2969001317	EXPECTED_FROM_NULL
x038541	x042803	preferred	1000	1	1	0	0.2258224014	EXPECTED_FROM_NULL
x038541	x042804	preferred	1000	1	1	0	0.3311582399	EXPECTED_FROM_NULL
x038541	x042805	preferred	1000	1	1	0	0.2471804924	EXPECTED_FROM_NULL
x038541	x042822	preferred	1000	1	1	0	0.1835412207	EXPECTED_FROM_NULL
x038541	x042823	preferred	1000	1	1	0	0.1835412207	EXPECTED_FROM_NULL
x038542	x000105	depleted	1000	0.962037962	1	0	0.4258279522	EXPECTED_FROM_NULL
x038542	x000109	depleted	1000	0.9330669331	1	0	0.3579577697	EXPECTED_FROM_NULL
x038542	x000166	preferred	1000	1	1	0	0.261013592	EXPECTED_FROM_NULL
x038542	x001424	depleted	1000	0.987012987	1	0	0.4232269162	EXPECTED_FROM_NULL
x038542	x002978	preferred	1000	1	1	0	0.3070514581	EXPECTED_FROM_NULL
x038542	x002979	preferred	1000	1	1	0	0.3560507778	EXPECTED_FROM_NULL
x038542	x002980	preferred	1000	1	1	0	0.2900146963	EXPECTED_FROM_NULL
x038542	x002982	preferred	1000	1	1	0	0.2773220671	EXPECTED_FROM_NULL
x038542	x007098	preferred	1000	1	1	0	0.2869968362	EXPECTED_FROM_NULL
x038542	x010938	preferred	1000	1	1	1	0.2528862398	EXPECTED_FROM_NULL
x038542	x017377	preferred	1000	1	1	0	0.4159537569	EXPECTED_FROM_NULL
x038542	x017380	preferred	1000	1	1	1	0.5180947386	EXPECTED_FROM_NULL
x038542	x017833	preferred	1000	0.03196803197	0.2631913541	1	0.3560507778	EXPECTED_FROM_NULL
x038542	x017836	preferred	1000	1	1	0	0.4520979808	EXPECTED_FROM_NULL
x038542	x017888	preferred	1000	1	1	0	0.29380398	EXPECTED_FROM_NULL
x038542	x017892	preferred	1000	1	1	1	0.3414804956	EXPECTED_FROM_NULL
x038542	x017894	preferred	1000	1	1	0	0.261013592	EXPECTED_FROM_NULL
x038542	x022952	preferred	1000	1	1	0	0.3823942643	EXPECTED_FROM_NULL
x038542	x022955	preferred	1000	0.01698301698	0.2517482517	1	0.2773220671	EXPECTED_FROM_NULL
x038542	x022956	preferred	1000	1	1	0	0.4523941162	EXPECTED_FROM_NULL
x038542	x022957	depleted	1000	0.9460539461	1	0	0.4317244521	EXPECTED_FROM_NULL
x038542	x023520	preferred	1000	1	1	1	0.2292106927	EXPECTED_FROM_NULL
x038542	x024240	preferred	1000	1	1	0	0.261013592	EXPECTED_FROM_NULL
x038542	x024246	depleted	1000	0.967032967	1	0	0.3560080607	EXPECTED_FROM_NULL
x038542	x024800	preferred	1000	1	1	0	0.2869968362	EXPECTED_FROM_NULL
x038542	x032442	preferred	1000	1	1	0	0.2869968362	EXPECTED_FROM_NULL
x038542	x032444	preferred	1000	1	1	0	0.2804678809	EXPECTED_FROM_NULL
x038542	x037854	preferred	1000	1	1	0	0.3402487002	EXPECTED_FROM_NULL
x038542	x037856	depleted	1000	0.998001998	1	0.5	0.5086690206	EXPECTED_FROM_NULL
x038542	x037858	depleted	1000	0.9020979021	1	0	0.3506140619	EXPECTED_FROM_NULL
x038542	x037859	depleted	1000	0.8911088911	1	0	0.3348384716	EXPECTED_FROM_NULL
x038542	x037860	depleted	1000	0.8831168831	1	0	0.3121016942	EXPECTED_FROM_NULL
x038542	x037861	depleted	1000	0.8951048951	1	0	0.2450223966	EXPECTED_FROM_NULL
x038542	x037862	depleted	1000	0.8871128871	1	0	0.2830417266	EXPECTED_FROM_NULL
x038542	x037863	depleted	1000	0.8971028971	1	0	0.463150919	EXPECTED_FROM_NULL
x038542	x038063	preferred	1000	1	1	0	0.2742987803	EXPECTED_FROM_NULL
x038542	x038107	preferred	1000	1	1	0	0.2773220671	EXPECTED_FROM_NULL
x038542	x040258	preferred	1000	1	1	0	0.2869968362	EXPECTED_FROM_NULL
x038542	x040259	preferred	1000	1	1	0	0.261013592	EXPECTED_FROM_NULL
x038542	x041534	preferred	1000	1	1	0	0.2804678809	EXPECTED_FROM_NULL
x038542	x042807	depleted	1000	0.953046953	1	0	0.3616390262	EXPECTED_FROM_NULL
x038543	x000109	preferred	1000	1	1	0	0.21368902	EXPECTED_FROM_NULL
x038543	x000111	depleted	1000	0.9120879121	1	0	0.3238345384	EXPECTED_FROM_NULL
x038543	x002976	preferred	1000	1	1	0	0.3469145153	EXPECTED_FROM_NULL
x038543	x002977	preferred	1000	1	1	0	0.2924320873	EXPECTED_FROM_NULL
x038543	x002978	preferred	1000	0.05194805195	0.3077473707	1	0.3593245571	EXPECTED_FROM_NULL
x038543	x002980	preferred	1000	1	1	1	0.2989737915	EXPECTED_FROM_NULL
x038543	x002981	preferred	1000	1	1	0	0.3044830925	EXPECTED_FROM_NULL
x038543	x007100	preferred	1000	1	1	0	0.2670285093	EXPECTED_FROM_NULL
x038543	x010936	preferred	1000	1	1	0	0.266917577	EXPECTED_FROM_NULL
x038543	x017376	preferred	1000	1	1	0	0.2878090422	EXPECTED_FROM_NULL
x038543	x017378	preferred	1000	1	1	0	0.2169743897	EXPECTED_FROM_NULL
x038543	x017379	preferred	1000	1	1	0	0.4953844717	EXPECTED_FROM_NULL
x038543	x017382	preferred	1000	1	1	0	0.3471019295	EXPECTED_FROM_NULL
x038543	x017673	preferred	1000	1	1	1	0.2536432253	EXPECTED_FROM_NULL
x038543	x017839	preferred	1000	1	1	0	0.4324848159	EXPECTED_FROM_NULL
x038543	x017890	preferred	1000	1	1	1	0.2991129761	EXPECTED_FROM_NULL
x038543	x017893	depleted	1000	0.9470529471	1	0	0.4861690672	EXPECTED_FROM_NULL
x038543	x017995	preferred	1000	1	1	0	0.3469145153	EXPECTED_FROM_NULL
x038543	x020022	depleted	1000	0.9330669331	1	0	0.2849380967	EXPECTED_FROM_NULL
x038543	x021975	preferred	1000	1	1	0	0.3168762136	EXPECTED_FROM_NULL
x038543	x022525	preferred	1000	1	1	0	0.2169743897	EXPECTED_FROM_NULL
x038543	x022952	preferred	1000	0.01098901099	0.2517482517	1	0.2169743897	EXPECTED_FROM_NULL
x038543	x022953	preferred	1000	1	1	0	0.4135584417	EXPECTED_FROM_NULL
x038543	x022955	depleted	1000	0.964035964	1	0	0.3860512957	EXPECTED_FROM_NULL
x038543	x022957	preferred	1000	1	1	0	0.3471019295	EXPECTED_FROM_NULL
x038543	x022958	preferred	1000	0.02597402597	0.2554504319	1	0.4033399777	EXPECTED_FROM_NULL
x038543	x024247	preferred	1000	1	1	0	0.3968135556	EXPECTED_FROM_NULL
x038543	x025763	preferred	1000	1	1	0	0.2940820619	EXPECTED_FROM_NULL
x038543	x025764	preferred	1000	1	1	0	0.4492815647	EXPECTED_FROM_NULL
x038543	x032445	preferred	1000	1	1	0	0.25293298	EXPECTED_FROM_NULL
x038543	x034503	preferred	1000	1	1	0	0.2421455035	EXPECTED_FROM_NULL
x038543	x034673	preferred	1000	1	1	0	0.266917577	EXPECTED_FROM_NULL
x038543	x037851	preferred	1000	1	1	0	0.4957667175	EXPECTED_FROM_NULL
x038543	x037856	depleted	1000	0.9040959041	1	0	0.3795974757	EXPECTED_FROM_NULL
x038543	x037857	depleted	1000	0.8861138861	1	0	0.2896146308	EXPECTED_FROM_NULL
x038543	x037858	depleted	1000	0.8631368631	1	0	0.2234405423	EXPECTED_FROM_NULL
x038543	x037859	depleted	1000	0.7512487512	1	0	0.2563767418	EXPECTED_FROM_NULL
x038543	x037860	depleted	1000	0.8621378621	1	0	0.2931079505	EXPECTED_FROM_NULL
x038543	x037861	depleted	1000	0.8931068931	1	0	0.3852319903	EXPECTED_FROM_NULL
x038543	x037862	depleted	1000	0.8991008991	1	1	0.3025055531	EXPECTED_FROM_NULL
x038543	x037863	depleted	1000	0.7842157842	1	0	0.371265754	EXPECTED_FROM_NULL
x038543	x038057	preferred	1000	1	1	0	0.2670285093	EXPECTED_FROM_NULL
x038543	x038110	preferred	1000	1	1	0	0.3469145153	EXPECTED_FROM_NULL
x038543	x040260	preferred	1000	1	1	0	0.3800811343	EXPECTED_FROM_NULL
x038543	x040261	preferred	1000	1	1	0	0.2670285093	EXPECTED_FROM_NULL
x038543	x042800	preferred	1000	1	1	0	0.2832523303	EXPECTED_FROM_NULL
x038675	x000107	preferred	1000	0.000999000999	1	0	0	INSUFFICIENT_SUPPORT
x038675	x001095	preferred	1000	0.000999000999	1	0	0	INSUFFICIENT_SUPPORT
x038675	x001430	preferred	1000	0.000999000999	1	0	0	INSUFFICIENT_SUPPORT
x038675	x011181	preferred	1000	0.000999000999	1	0	0	INSUFFICIENT_SUPPORT
x038675	x017895	preferred	1000	0.000999000999	1	0	0	INSUFFICIENT_SUPPORT
x038675	x037857	preferred	1000	0.000999000999	1	0	0	INSUFFICIENT_SUPPORT
x038675	x037861	preferred	1000	0.000999000999	1	0	0	INSUFFICIENT_SUPPORT
x038675	x038537	preferred	1000	0.000999000999	1	0	0	INSUFFICIENT_SUPPORT
x038675	x038539	preferred	1000	0.000999000999	1	0	0	INSUFFICIENT_SUPPORT
x039081	x000110	preferred	1000	0.000999000999	1	0	0	INSUFFICIENT_SUPPORT
x039081	x016901	preferred	1000	0.000999000999	1	0	0	INSUFFICIENT_SUPPORT
x039081	x018498	preferred	1000	0.000999000999	1	0	0	INSUFFICIENT_SUPPORT
x039081	x019937	preferred	1000	0.000999000999	1	0	0	INSUFFICIENT_SUPPORT
x039081	x025393	preferred	1000	0.000999000999	1	0	0	INSUFFICIENT_SUPPORT
x039081	x025660	preferred	1000	0.000999000999	1	0	0	INSUFFICIENT_SUPPORT
x039081	x041113	preferred	1000	0.000999000999	1	0	0	INSUFFICIENT_SUPPORT
x039081	x041663	preferred	1000	0.000999000999	1	0	0	INSUFFICIENT_SUPPORT
x039082	x000105	preferred	1000	0.000999000999	1	0	0	INSUFFICIENT_SUPPORT
x039082	x001427	preferred	1000	0.000999000999	1	0	0	INSUFFICIENT_SUPPORT
x039082	x005079	preferred	1000	0.000999000999	1	0	0	INSUFFICIENT_SUPPORT
x039082	x019937	preferred	1000	0.000999000999	1	0	0	INSUFFICIENT_SUPPORT
x039082	x020021	preferred	1000	0.000999000999	1	0	0	INSUFFICIENT_SUPPORT
x039082	x041533	preferred	1000	0.000999000999	1	0	0	INSUFFICIENT_SUPPORT
x039084	x001424	preferred	1000	0.000999000999	1	0	0	INSUFFICIENT_SUPPORT
x039084	x001428	preferred	1000	0.000999000999	1	0	0	INSUFFICIENT_SUPPORT
x039084	x016902	preferred	1000	0.000999000999	1	0	0	INSUFFICIENT_SUPPORT
x039084	x019719	preferred	1000	0.000999000999	1	0	0	INSUFFICIENT_SUPPORT
x039084	x025397	preferred	1000	0.000999000999	1	0	0	INSUFFICIENT_SUPPORT
x039084	x037913	preferred	1000	0.000999000999	1	0	0	INSUFFICIENT_SUPPORT
x039084	x041117	preferred	1000	0.000999000999	1	0	0	INSUFFICIENT_SUPPORT
x039084	x041659	preferred	1000	0.000999000999	1	0	0	INSUFFICIENT_SUPPORT
x039085	x000110	preferred	1000	0.000999000999	1	0	0	INSUFFICIENT_SUPPORT
x039085	x002340	preferred	1000	0.000999000999	1	0	0	INSUFFICIENT_SUPPORT
x039085	x018500	preferred	1000	0.000999000999	1	0	0	INSUFFICIENT_SUPPORT
x039085	x024240	preferred	1000	0.000999000999	1	0	0	INSUFFICIENT_SUPPORT
x039085	x041114	preferred	1000	0.000999000999	1	0	0	INSUFFICIENT_SUPPORT
x039086	x001426	preferred	1000	0.000999000999	1	0	0	INSUFFICIENT_SUPPORT
x039086	x018496	preferred	1000	0.000999000999	1	0	0	INSUFFICIENT_SUPPORT
x039086	x019937	preferred	1000	0.000999000999	1	0	0	INSUFFICIENT_SUPPORT
x039086	x032993	preferred	1000	0.000999000999	1	0	0	INSUFFICIENT_SUPPORT
x039086	x037914	preferred	1000	0.000999000999	1	0	0	INSUFFICIENT_SUPPORT
x039086	x041117	preferred	1000	0.000999000999	1	0	0	INSUFFICIENT_SUPPORT
x039660	x025656	preferred	1000	0.000999000999	1	0	0	INSUFFICIENT_SUPPORT
x039660	x041802	preferred	1000	0.000999000999	1	0	0	INSUFFICIENT_SUPPORT
x039661	x018501	preferred	1000	0.000999000999	1	0	0	INSUFFICIENT_SUPPORT
x039661	x025658	preferred	1000	0.000999000999	1	0	0	INSUFFICIENT_SUPPORT
x039661	x041806	preferred	1000	0.000999000999	1	0	0	INSUFFICIENT_SUPPORT
x039662	x014828	preferred	1000	0.000999000999	1	0	0	INSUFFICIENT_SUPPORT
x039663	x016452	preferred	1000	0.000999000999	1	0	0	INSUFFICIENT_SUPPORT
x039663	x025396	preferred	1000	0.000999000999	1	0	0	INSUFFICIENT_SUPPORT
x039663	x025791	preferred	1000	0.000999000999	1	0	0	INSUFFICIENT_SUPPORT
x040208	x001424	preferred	1000	0.000999000999	1	0	0	INSUFFICIENT_SUPPORT
x040208	x005109	preferred	1000	0.000999000999	1	0	0	INSUFFICIENT_SUPPORT
x040208	x015287	preferred	1000	0.000999000999	1	0	0	INSUFFICIENT_SUPPORT
x040208	x018872	preferred	1000	0.000999000999	1	0	0	INSUFFICIENT_SUPPORT
x040208	x020023	preferred	1000	0.000999000999	1	0	0	INSUFFICIENT_SUPPORT
x040208	x037859	preferred	1000	0.000999000999	1	0	0	INSUFFICIENT_SUPPORT
x040208	x037862	preferred	1000	0.000999000999	1	0	0	INSUFFICIENT_SUPPORT
x040208	x038104	preferred	1000	0.000999000999	1	0	0	INSUFFICIENT_SUPPORT
x040208	x038540	preferred	1000	0.000999000999	1	0	0	INSUFFICIENT_SUPPORT
x040208	x038542	preferred	1000	0.000999000999	1	0	0	INSUFFICIENT_SUPPORT
x040208	x042104	preferred	1000	0.000999000999	1	0	0	INSUFFICIENT_SUPPORT
x040209	x001425	preferred	1000	0.000999000999	1	0	0	INSUFFICIENT_SUPPORT
x040209	x001426	preferred	1000	0.000999000999	1	0	0	INSUFFICIENT_SUPPORT
x040209	x001427	preferred	1000	0.000999000999	1	0	0	INSUFFICIENT_SUPPORT
x040209	x001428	preferred	1000	0.000999000999	1	0	0	INSUFFICIENT_SUPPORT
x040209	x001430	preferred	1000	0.000999000999	1	0	0	INSUFFICIENT_SUPPORT
x040209	x002107	preferred	1000	0.000999000999	1	0	0	INSUFFICIENT_SUPPORT
x040209	x002340	preferred	1000	0.000999000999	1	0	0	INSUFFICIENT_SUPPORT
x040209	x018879	preferred	1000	0.000999000999	1	0	0	INSUFFICIENT_SUPPORT
x040209	x024243	preferred	1000	0.000999000999	1	0	0	INSUFFICIENT_SUPPORT
x040209	x037850	preferred	1000	0.000999000999	1	0	0	INSUFFICIENT_SUPPORT
x040209	x037858	preferred	1000	0.000999000999	1	0	0	INSUFFICIENT_SUPPORT
x040209	x037860	preferred	1000	0.000999000999	1	0	0	INSUFFICIENT_SUPPORT
x040209	x038541	preferred	1000	0.000999000999	1	0	0	INSUFFICIENT_SUPPORT
x040210	x001094	preferred	1000	0.000999000999	1	0	0	INSUFFICIENT_SUPPORT
x040210	x001426	preferred	1000	0.000999000999	1	0	0	INSUFFICIENT_SUPPORT
x040210	x002336	preferred	1000	0.000999000999	1	0	0	INSUFFICIENT_SUPPORT
x040210	x014830	preferred	1000	0.000999000999	1	0	0	INSUFFICIENT_SUPPORT
x040210	x017893	preferred	1000	0.000999000999	1	0	0	INSUFFICIENT_SUPPORT
x040210	x017894	preferred	1000	0.000999000999	1	0	0	INSUFFICIENT_SUPPORT
x040210	x018876	preferred	1000	0.000999000999	1	0	0	INSUFFICIENT_SUPPORT
x040210	x037861	preferred	1000	0.000999000999	1	0	0	INSUFFICIENT_SUPPORT
x040210	x038536	preferred	1000	0.000999000999	1	0	0	INSUFFICIENT_SUPPORT
x040210	x038539	preferred	1000	0.000999000999	1	0	0	INSUFFICIENT_SUPPORT
x040210	x041260	preferred	1000	0.000999000999	1	0	0	INSUFFICIENT_SUPPORT
x040210	x042104	preferred	1000	0.000999000999	1	0	0	INSUFFICIENT_SUPPORT
x040210	x042111	preferred	1000	0.000999000999	1	0	0	INSUFFICIENT_SUPPORT
x040211	x000109	preferred	1000	0.000999000999	1	0	0	INSUFFICIENT_SUPPORT
x040211	x001424	preferred	1000	0.000999000999	1	0	0	INSUFFICIENT_SUPPORT
x040211	x002109	preferred	1000	0.000999000999	1	0	0	INSUFFICIENT_SUPPORT
x040211	x002341	preferred	1000	0.000999000999	1	0	0	INSUFFICIENT_SUPPORT
x040211	x005074	preferred	1000	0.000999000999	1	0	0	INSUFFICIENT_SUPPORT
x040211	x017894	preferred	1000	0.000999000999	1	0	0	INSUFFICIENT_SUPPORT
x040211	x018873	preferred	1000	0.000999000999	1	0	0	INSUFFICIENT_SUPPORT
x040211	x018877	preferred	1000	0.000999000999	1	0	0	INSUFFICIENT_SUPPORT
x040211	x023920	preferred	1000	0.000999000999	1	0	0	INSUFFICIENT_SUPPORT
x040211	x024245	preferred	1000	0.000999000999	1	0	0	INSUFFICIENT_SUPPORT
x040211	x033097	preferred	1000	0.000999000999	1	0	0	INSUFFICIENT_SUPPORT
x040211	x037857	preferred	1000	0.000999000999	1	0	0	INSUFFICIENT_SUPPORT
x040211	x037952	preferred	1000	0.000999000999	1	0	0	INSUFFICIENT_SUPPORT
x040211	x037957	preferred	1000	0.000999000999	1	0	0	INSUFFICIENT_SUPPORT
x040211	x038543	preferred	1000	0.000999000999	1	0	0	INSUFFICIENT_SUPPORT
x040212	x001094	preferred	1000	0.000999000999	1	0	0	INSUFFICIENT_SUPPORT
x040212	x001426	preferred	1000	0.000999000999	1	0	0	INSUFFICIENT_SUPPORT
x040212	x001431	preferred	1000	0.000999000999	1	0	0	INSUFFICIENT_SUPPORT
x040212	x002342	preferred	1000	0.000999000999	1	0	0	INSUFFICIENT_SUPPORT
x040212	x017894	preferred	1000	0.000999000999	1	0	0	INSUFFICIENT_SUPPORT
x040212	x018502	preferred	1000	0.000999000999	1	0	0	INSUFFICIENT_SUPPORT
x040212	x018874	preferred	1000	0.000999000999	1	0	0	INSUFFICIENT_SUPPORT
x040212	x019719	preferred	1000	0.000999000999	1	0	0	INSUFFICIENT_SUPPORT
x040212	x037859	preferred	1000	0.000999000999	1	0	0	INSUFFICIENT_SUPPORT
x040212	x038537	preferred	1000	0.000999000999	1	0	0	INSUFFICIENT_SUPPORT
x040212	x038538	preferred	1000	0.000999000999	1	0	0	INSUFFICIENT_SUPPORT
x040212	x038540	preferred	1000	0.000999000999	1	0	0	INSUFFICIENT_SUPPORT
x040212	x040217	preferred	1000	0.000999000999	1	0	0	INSUFFICIENT_SUPPORT
x040212	x041533	preferred	1000	0.000999000999	1	0	0	INSUFFICIENT_SUPPORT
x040213	x000108	preferred	1000	0.000999000999	1	0	0	INSUFFICIENT_SUPPORT
x040213	x001429	preferred	1000	0.000999000999	1	0	0	INSUFFICIENT_SUPPORT
x040213	x003239	preferred	1000	0.000999000999	1	0	0	INSUFFICIENT_SUPPORT
x040213	x015286	preferred	1000	0.000999000999	1	0	0	INSUFFICIENT_SUPPORT
x040213	x017691	preferred	1000	0.000999000999	1	0	0	INSUFFICIENT_SUPPORT
x040213	x037856	preferred	1000	0.000999000999	1	0	0	INSUFFICIENT_SUPPORT
x040213	x038538	preferred	1000	0.000999000999	1	0	0	INSUFFICIENT_SUPPORT
x040213	x038539	preferred	1000	0.000999000999	1	0	0	INSUFFICIENT_SUPPORT
x040213	x038543	preferred	1000	0.000999000999	1	0	0	INSUFFICIENT_SUPPORT
x040213	x040218	preferred	1000	0.000999000999	1	0	0	INSUFFICIENT_SUPPORT
x040213	x042110	preferred	1000	0.000999000999	1	0	0	INSUFFICIENT_SUPPORT
x040214	x001424	preferred	1000	0.000999000999	1	0	0	INSUFFICIENT_SUPPORT
x040214	x001425	preferred	1000	0.000999000999	1	0	0	INSUFFICIENT_SUPPORT
x040214	x001427	preferred	1000	0.000999000999	1	0	0	INSUFFICIENT_SUPPORT
x040214	x001430	preferred	1000	0.000999000999	1	0	0	INSUFFICIENT_SUPPORT
x040214	x017675	preferred	1000	0.000999000999	1	0	0	INSUFFICIENT_SUPPORT
x040214	x017892	preferred	1000	0.000999000999	1	0	0	INSUFFICIENT_SUPPORT
x040214	x018499	preferred	1000	0.000999000999	1	0	0	INSUFFICIENT_SUPPORT
x040214	x018878	preferred	1000	0.000999000999	1	0	0	INSUFFICIENT_SUPPORT
x040214	x024243	preferred	1000	0.000999000999	1	0	0	INSUFFICIENT_SUPPORT
x040214	x024246	preferred	1000	0.000999000999	1	0	0	INSUFFICIENT_SUPPORT
x040214	x037861	preferred	1000	0.000999000999	1	0	0	INSUFFICIENT_SUPPORT
x040214	x037863	preferred	1000	0.000999000999	1	0	0	INSUFFICIENT_SUPPORT
x040214	x038536	preferred	1000	0.000999000999	1	0	0	INSUFFICIENT_SUPPORT
x040215	x001429	preferred	1000	0.000999000999	1	0	0	INSUFFICIENT_SUPPORT
x040215	x001637	preferred	1000	0.000999000999	1	0	0	INSUFFICIENT_SUPPORT
x040215	x002341	preferred	1000	0.000999000999	1	0	0	INSUFFICIENT_SUPPORT
x040215	x005106	preferred	1000	0.000999000999	1	0	0	INSUFFICIENT_SUPPORT
x040215	x005109	preferred	1000	0.000999000999	1	0	0	INSUFFICIENT_SUPPORT
x040215	x017895	preferred	1000	0.000999000999	1	0	0	INSUFFICIENT_SUPPORT
x040215	x018502	preferred	1000	0.000999000999	1	0	0	INSUFFICIENT_SUPPORT
x040215	x018878	preferred	1000	0.000999000999	1	0	0	INSUFFICIENT_SUPPORT
x040215	x024241	preferred	1000	0.000999000999	1	0	0	INSUFFICIENT_SUPPORT
x040215	x025550	preferred	1000	0.000999000999	1	0	0	INSUFFICIENT_SUPPORT
x040215	x037857	preferred	1000	0.000999000999	1	0	0	INSUFFICIENT_SUPPORT
x040215	x037858	preferred	1000	0.000999000999	1	0	0	INSUFFICIENT_SUPPORT
x040215	x037859	preferred	1000	0.000999000999	1	0	0	INSUFFICIENT_SUPPORT
x040215	x038542	preferred	1000	0.000999000999	1	0	0	INSUFFICIENT_SUPPORT
x040216	x005076	preferred	1000	0.000999000999	1	0	0	INSUFFICIENT_SUPPORT
x040216	x017677	preferred	1000	0.000999000999	1	0	0	INSUFFICIENT_SUPPORT
x040216	x017888	preferred	1000	0.000999000999	1	0	0	INSUFFICIENT_SUPPORT
x040216	x017890	preferred	1000	0.000999000999	1	0	0	INSUFFICIENT_SUPPORT
x040216	x017892	preferred	1000	0.000999000999	1	0	0	INSUFFICIENT_SUPPORT
x040216	x022955	preferred	1000	0.000999000999	1	0	0	INSUFFICIENT_SUPPORT
x040216	x022959	preferred	1000	0.000999000999	1	0	0	INSUFFICIENT_SUPPORT
x040216	x037854	preferred	1000	0.000999000999	1	0	0	INSUFFICIENT_SUPPORT
x040216	x037856	preferred	1000	0.000999000999	1	0	0	INSUFFICIENT_SUPPORT
x040216	x037858	preferred	1000	0.000999000999	1	0	0	INSUFFICIENT_SUPPORT
x040216	x037859	preferred	1000	0.000999000999	1	0	0	INSUFFICIENT_SUPPORT
x040216	x037860	preferred	1000	0.000999000999	1	0	0	INSUFFICIENT_SUPPORT
x040216	x037861	preferred	1000	0.000999000999	1	0	0	INSUFFICIENT_SUPPORT
x040216	x037862	preferred	1000	0.000999000999	1	0	0	INSUFFICIENT_SUPPORT
x040216	x037863	preferred	1000	0.000999000999	1	0	0	INSUFFICIENT_SUPPORT
x040217	x000104	preferred	1000	0.000999000999	1	0	0	INSUFFICIENT_SUPPORT
x040217	x000107	preferred	1000	0.000999000999	1	0	0	INSUFFICIENT_SUPPORT
x040217	x017415	preferred	1000	0.000999000999	1	0	0	INSUFFICIENT_SUPPORT
x040217	x017675	preferred	1000	0.000999000999	1	0	0	INSUFFICIENT_SUPPORT
x040217	x017677	preferred	1000	0.000999000999	1	0	0	INSUFFICIENT_SUPPORT
x040217	x017678	preferred	1000	0.000999000999	1	0	0	INSUFFICIENT_SUPPORT
x040217	x017832	preferred	1000	0.000999000999	1	0	0	INSUFFICIENT_SUPPORT
x040217	x017895	preferred	1000	0.000999000999	1	0	0	INSUFFICIENT_SUPPORT
x040217	x020018	preferred	1000	0.000999000999	1	0	0	INSUFFICIENT_SUPPORT
x040217	x020023	preferred	1000	0.000999000999	1	0	0	INSUFFICIENT_SUPPORT
x040217	x025762	preferred	1000	0.000999000999	1	0	0	INSUFFICIENT_SUPPORT
x040217	x025765	preferred	1000	0.000999000999	1	0	0	INSUFFICIENT_SUPPORT
x040217	x037855	preferred	1000	0.000999000999	1	0	0	INSUFFICIENT_SUPPORT
x040217	x037856	preferred	1000	0.000999000999	1	0	0	INSUFFICIENT_SUPPORT
x040217	x037858	preferred	1000	0.000999000999	1	0	0	INSUFFICIENT_SUPPORT
x040217	x037859	preferred	1000	0.000999000999	1	0	0	INSUFFICIENT_SUPPORT
x040217	x037860	preferred	1000	0.000999000999	1	0	0	INSUFFICIENT_SUPPORT
x040217	x037861	preferred	1000	0.000999000999	1	0	0	INSUFFICIENT_SUPPORT
x040217	x037862	preferred	1000	0.000999000999	1	0	0	INSUFFICIENT_SUPPORT
x040217	x037863	preferred	1000	0.000999000999	1	0	0	INSUFFICIENT_SUPPORT
x040217	x038110	preferred	1000	0.000999000999	1	0	0	INSUFFICIENT_SUPPORT
x040217	x041659	preferred	1000	0.000999000999	1	0	0	INSUFFICIENT_SUPPORT
x040218	x000104	preferred	1000	0.000999000999	1	0	0	INSUFFICIENT_SUPPORT
x040218	x001088	preferred	1000	0.000999000999	1	0	0	INSUFFICIENT_SUPPORT
x040218	x017832	preferred	1000	0.000999000999	1	0	0	INSUFFICIENT_SUPPORT
x040218	x017891	preferred	1000	0.000999000999	1	0	0	INSUFFICIENT_SUPPORT
x040218	x020019	preferred	1000	0.000999000999	1	0	0	INSUFFICIENT_SUPPORT
x040218	x020020	preferred	1000	0.000999000999	1	0	0	INSUFFICIENT_SUPPORT
x040218	x024246	preferred	1000	0.000999000999	1	0	0	INSUFFICIENT_SUPPORT
x040218	x025761	preferred	1000	0.000999000999	1	0	0	INSUFFICIENT_SUPPORT
x040218	x037856	preferred	1000	0.000999000999	1	0	0	INSUFFICIENT_SUPPORT
x040218	x037858	preferred	1000	0.000999000999	1	0	0	INSUFFICIENT_SUPPORT
x040218	x037860	preferred	1000	0.000999000999	1	0	0	INSUFFICIENT_SUPPORT
x040218	x037863	preferred	1000	0.000999000999	1	0	0	INSUFFICIENT_SUPPORT
x040218	x040261	preferred	1000	0.000999000999	1	0	0	INSUFFICIENT_SUPPORT
x040218	x042801	preferred	1000	0.000999000999	1	0	0	INSUFFICIENT_SUPPORT
x040218	x042816	preferred	1000	0.000999000999	1	0	0	INSUFFICIENT_SUPPORT
x040219	x000104	preferred	1000	0.000999000999	1	0	0	INSUFFICIENT_SUPPORT
x040219	x002105	preferred	1000	0.000999000999	1	0	0	INSUFFICIENT_SUPPORT
x040219	x017895	preferred	1000	0.000999000999	1	0	0	INSUFFICIENT_SUPPORT
x040219	x020016	preferred	1000	0.000999000999	1	0	0	INSUFFICIENT_SUPPORT
x040219	x020017	preferred	1000	0.000999000999	1	0	0	INSUFFICIENT_SUPPORT
x040219	x022953	preferred	1000	0.000999000999	1	0	0	INSUFFICIENT_SUPPORT
x040219	x024246	preferred	1000	0.000999000999	1	0	0	INSUFFICIENT_SUPPORT
x040219	x037848	preferred	1000	0.000999000999	1	0	0	INSUFFICIENT_SUPPORT
x040219	x037856	preferred	1000	0.000999000999	1	0	0	INSUFFICIENT_SUPPORT
x040219	x037857	preferred	1000	0.000999000999	1	0	0	INSUFFICIENT_SUPPORT
x040219	x037858	preferred	1000	0.000999000999	1	0	0	INSUFFICIENT_SUPPORT
x040219	x037860	preferred	1000	0.000999000999	1	0	0	INSUFFICIENT_SUPPORT
x040219	x037861	preferred	1000	0.000999000999	1	0	0	INSUFFICIENT_SUPPORT
x040219	x037863	preferred	1000	0.000999000999	1	0	0	INSUFFICIENT_SUPPORT
x040219	x039661	preferred	1000	0.000999000999	1	0	0	INSUFFICIENT_SUPPORT
x040219	x040256	preferred	1000	0.000999000999	1	0	0	INSUFFICIENT_SUPPORT
x040219	x042800	preferred	1000	0.000999000999	1	0	0	INSUFFICIENT_SUPPORT
x040220	x000108	preferred	1000	0.000999000999	1	0	0	INSUFFICIENT_SUPPORT
x040220	x000109	preferred	1000	0.000999000999	1	0	0	INSUFFICIENT_SUPPORT
x040220	x017888	preferred	1000	0.000999000999	1	0	0	INSUFFICIENT_SUPPORT
x040220	x017891	preferred	1000	0.000999000999	1	0	0	INSUFFICIENT_SUPPORT
x040220	x017895	preferred	1000	0.000999000999	1	0	0	INSUFFICIENT_SUPPORT
x040220	x022954	preferred	1000	0.000999000999	1	0	0	INSUFFICIENT_SUPPORT
x040220	x025546	preferred	1000	0.000999000999	1	0	0	INSUFFICIENT_SUPPORT
x040220	x037855	preferred	1000	0.000999000999	1	0	0	INSUFFICIENT_SUPPORT
x040220	x037856	preferred	1000	0.000999000999	1	0	0	INSUFFICIENT_SUPPORT
x040220	x037859	preferred	1000	0.000999000999	1	0	0	INSUFFICIENT_SUPPORT
x040220	x037860	preferred	1000	0.000999000999	1	0	0	INSUFFICIENT_SUPPORT
x040220	x037861	preferred	1000	0.000999000999	1	0	0	INSUFFICIENT_SUPPORT
x040220	x037862	preferred	1000	0.000999000999	1	0	0	INSUFFICIENT_SUPPORT
x040220	x042806	preferred	1000	0.000999000999	1	0	0	INSUFFICIENT_SUPPORT
x040221	x000104	preferred	1000	0.000999000999	1	0	0	INSUFFICIENT_SUPPORT
x040221	x000108	preferred	1000	0.000999000999	1	0	0	INSUFFICIENT_SUPPORT
x040221	x017674	preferred	1000	0.000999000999	1	0	0	INSUFFICIENT_SUPPORT
x040221	x017834	preferred	1000	0.000999000999	1	0	0	INSUFFICIENT_SUPPORT
x040221	x017892	preferred	1000	0.000999000999	1	0	0	INSUFFICIENT_SUPPORT
x040221	x017894	preferred	1000	0.000999000999	1	0	0	INSUFFICIENT_SUPPORT
x040221	x020019	preferred	1000	0.000999000999	1	0	0	INSUFFICIENT_SUPPORT
x040221	x022954	preferred	1000	0.000999000999	1	0	0	INSUFFICIENT_SUPPORT
x040221	x024241	preferred	1000	0.000999000999	1	0	0	INSUFFICIENT_SUPPORT
x040221	x037856	preferred	1000	0.000999000999	1	0	0	INSUFFICIENT_SUPPORT
x040221	x037857	preferred	1000	0.000999000999	1	0	0	INSUFFICIENT_SUPPORT
x040221	x037858	preferred	1000	0.000999000999	1	0	0	INSUFFICIENT_SUPPORT
x040221	x037859	preferred	1000	0.000999000999	1	0	0	INSUFFICIENT_SUPPORT
x040221	x037860	preferred	1000	0.000999000999	1	0	0	INSUFFICIENT_SUPPORT
x040221	x037861	preferred	1000	0.000999000999	1	0	0	INSUFFICIENT_SUPPORT
x040221	x037862	preferred	1000	0.000999000999	1	0	0	INSUFFICIENT_SUPPORT
x040221	x037863	preferred	1000	0.000999000999	1	0	0	INSUFFICIENT_SUPPORT
x040221	x040256	preferred	1000	0.000999000999	1	0	0	INSUFFICIENT_SUPPORT
x040221	x040257	preferred	1000	0.000999000999	1	0	0	INSUFFICIENT_SUPPORT
x040221	x041656	preferred	1000	0.000999000999	1	0	0	INSUFFICIENT_SUPPORT
x040221	x041661	preferred	1000	0.000999000999	1	0	0	INSUFFICIENT_SUPPORT
x040221	x042801	preferred	1000	0.000999000999	1	0	0	INSUFFICIENT_SUPPORT
x040222	x017674	preferred	1000	0.000999000999	1	0	0	INSUFFICIENT_SUPPORT
x040222	x017890	preferred	1000	0.000999000999	1	0	0	INSUFFICIENT_SUPPORT
x040222	x020016	preferred	1000	0.000999000999	1	0	0	INSUFFICIENT_SUPPORT
x040222	x024245	preferred	1000	0.000999000999	1	0	0	INSUFFICIENT_SUPPORT
x040222	x025767	preferred	1000	0.000999000999	1	0	0	INSUFFICIENT_SUPPORT
x040222	x037857	preferred	1000	0.000999000999	1	0	0	INSUFFICIENT_SUPPORT
x040222	x037859	preferred	1000	0.000999000999	1	0	0	INSUFFICIENT_SUPPORT
x040222	x037860	preferred	1000	0.000999000999	1	0	0	INSUFFICIENT_SUPPORT
x040222	x037861	preferred	1000	0.000999000999	1	0	0	INSUFFICIENT_SUPPORT
x040222	x037862	preferred	1000	0.000999000999	1	0	0	INSUFFICIENT_SUPPORT
x040222	x037863	preferred	1000	0.000999000999	1	0	0	INSUFFICIENT_SUPPORT
x040222	x041657	preferred	1000	0.000999000999	1	0	0	INSUFFICIENT_SUPPORT
x040222	x042819	preferred	1000	0.000999000999	1	0	0	INSUFFICIENT_SUPPORT
x040223	x000108	preferred	1000	0.000999000999	1	0	0	INSUFFICIENT_SUPPORT
x040223	x017672	preferred	1000	0.000999000999	1	0	0	INSUFFICIENT_SUPPORT
x040223	x017836	preferred	1000	0.000999000999	1	0	0	INSUFFICIENT_SUPPORT
x040223	x017888	preferred	1000	0.000999000999	1	0	0	INSUFFICIENT_SUPPORT
x040223	x017889	preferred	1000	0.000999000999	1	0	0	INSUFFICIENT_SUPPORT
x040223	x017895	preferred	1000	0.000999000999	1	0	0	INSUFFICIENT_SUPPORT
x040223	x037856	preferred	1000	0.000999000999	1	0	0	INSUFFICIENT_SUPPORT
x040223	x037857	preferred	1000	0.000999000999	1	0	0	INSUFFICIENT_SUPPORT
x040223	x037858	preferred	1000	0.000999000999	1	0	0	INSUFFICIENT_SUPPORT
x040223	x037859	preferred	1000	0.000999000999	1	0	0	INSUFFICIENT_SUPPORT
x040223	x037862	preferred	1000	0.000999000999	1	0	0	INSUFFICIENT_SUPPORT
x040223	x037863	preferred	1000	0.000999000999	1	0	0	INSUFFICIENT_SUPPORT
x040256	x014830	preferred	1000	0.000999000999	1	0	0	INSUFFICIENT_SUPPORT
x040256	x018498	preferred	1000	0.000999000999	1	0	0	INSUFFICIENT_SUPPORT
x040256	x018500	preferred	1000	0.000999000999	1	0	0	INSUFFICIENT_SUPPORT
x040256	x021975	preferred	1000	0.000999000999	1	0	0	INSUFFICIENT_SUPPORT
x040256	x025545	preferred	1000	0.000999000999	1	0	0	INSUFFICIENT_SUPPORT
x040256	x025784	preferred	1000	0.000999000999	1	0	0	INSUFFICIENT_SUPPORT
x040256	x032447	preferred	1000	0.000999000999	1	0	0	INSUFFICIENT_SUPPORT
x040256	x037956	preferred	1000	0.000999000999	1	0	0	INSUFFICIENT_SUPPORT
x040256	x038537	preferred	1000	0.000999000999	1	0	0	INSUFFICIENT_SUPPORT
x040256	x038541	preferred	1000	0.000999000999	1	0	0	INSUFFICIENT_SUPPORT
x040256	x041532	preferred	1000	0.000999000999	1	0	0	INSUFFICIENT_SUPPORT
x040256	x041586	preferred	1000	0.000999000999	1	0	0	INSUFFICIENT_SUPPORT
x040256	x042800	preferred	1000	0.000999000999	1	0	0	INSUFFICIENT_SUPPORT
x040257	x000110	preferred	1000	0.000999000999	1	0	0	INSUFFICIENT_SUPPORT
x040257	x001090	preferred	1000	0.000999000999	1	0	0	INSUFFICIENT_SUPPORT
x040257	x002108	preferred	1000	0.000999000999	1	0	0	INSUFFICIENT_SUPPORT
x040257	x002339	preferred	1000	0.000999000999	1	0	0	INSUFFICIENT_SUPPORT
x040257	x018562	preferred	1000	0.000999000999	1	0	0	INSUFFICIENT_SUPPORT
x040257	x020019	preferred	1000	0.000999000999	1	0	0	INSUFFICIENT_SUPPORT
x040257	x025663	preferred	1000	0.000999000999	1	0	0	INSUFFICIENT_SUPPORT
x040257	x025763	preferred	1000	0.000999000999	1	0	0	INSUFFICIENT_SUPPORT
x040257	x025784	preferred	1000	0.000999000999	1	0	0	INSUFFICIENT_SUPPORT
x040257	x038106	preferred	1000	0.000999000999	1	0	0	INSUFFICIENT_SUPPORT
x040257	x042110	preferred	1000	0.000999000999	1	0	0	INSUFFICIENT_SUPPORT
x040258	x002109	preferred	1000	0.000999000999	1	0	0	INSUFFICIENT_SUPPORT
x040258	x002111	preferred	1000	0.000999000999	1	0	0	INSUFFICIENT_SUPPORT
x040258	x002337	preferred	1000	0.000999000999	1	0	0	INSUFFICIENT_SUPPORT
x040258	x002340	preferred	1000	0.000999000999	1	0	0	INSUFFICIENT_SUPPORT
x040258	x015281	preferred	1000	0.000999000999	1	0	0	INSUFFICIENT_SUPPORT
x040258	x015286	preferred	1000	0.000999000999	1	0	0	INSUFFICIENT_SUPPORT
x040258	x017376	preferred	1000	0.000999000999	1	0	0	INSUFFICIENT_SUPPORT
x040258	x018875	preferred	1000	0.000999000999	1	0	0	INSUFFICIENT_SUPPORT
x040258	x019714	preferred	1000	0.000999000999	1	0	0	INSUFFICIENT_SUPPORT
x040258	x020019	preferred	1000	0.000999000999	1	0	0	INSUFFICIENT_SUPPORT
x040258	x020023	preferred	1000	0.000999000999	1	0	0	INSUFFICIENT_SUPPORT
x040258	x037862	preferred	1000	0.000999000999	1	0	0	INSUFFICIENT_SUPPORT
x040258	x037912	preferred	1000	0.000999000999	1	0	0	INSUFFICIENT_SUPPORT
x040258	x038539	preferred	1000	0.000999000999	1	0	0	INSUFFICIENT_SUPPORT
x040259	x018258	preferred	1000	0.000999000999	1	0	0	INSUFFICIENT_SUPPORT
x040259	x018872	preferred	1000	0.000999000999	1	0	0	INSUFFICIENT_SUPPORT
x040259	x020019	preferred	1000	0.000999000999	1	0	0	INSUFFICIENT_SUPPORT
x040259	x033102	preferred	1000	0.000999000999	1	0	0	INSUFFICIENT_SUPPORT
x040259	x033103	preferred	1000	0.000999000999	1	0	0	INSUFFICIENT_SUPPORT
x040259	x037849	preferred	1000	0.000999000999	1	0	0	INSUFFICIENT_SUPPORT
x040259	x037852	preferred	1000	0.000999000999	1	0	0	INSUFFICIENT_SUPPORT
x040259	x041534	preferred	1000	0.000999000999	1	0	0	INSUFFICIENT_SUPPORT
x040260	x002341	preferred	1000	0.000999000999	1	0	0	INSUFFICIENT_SUPPORT
x040260	x015284	preferred	1000	0.000999000999	1	0	0	INSUFFICIENT_SUPPORT
x040260	x015285	preferred	1000	0.000999000999	1	0	0	INSUFFICIENT_SUPPORT
x040260	x018258	preferred	1000	0.000999000999	1	0	0	INSUFFICIENT_SUPPORT
x040260	x018878	preferred	1000	0.000999000999	1	0	0	INSUFFICIENT_SUPPORT
x040260	x018879	preferred	1000	0.000999000999	1	0	0	INSUFFICIENT_SUPPORT
x040260	x025533	preferred	1000	0.000999000999	1	0	0	INSUFFICIENT_SUPPORT
x040260	x037854	preferred	1000	0.000999000999	1	0	0	INSUFFICIENT_SUPPORT
x040260	x037857	preferred	1000	0.000999000999	1	0	0	INSUFFICIENT_SUPPORT
x040260	x038537	preferred	1000	0.000999000999	1	0	0	INSUFFICIENT_SUPPORT
x040260	x038538	preferred	1000	0.000999000999	1	0	0	INSUFFICIENT_SUPPORT
x040260	x038541	preferred	1000	0.000999000999	1	0	0	INSUFFICIENT_SUPPORT
x040260	x040221	preferred	1000	0.000999000999	1	0	0	INSUFFICIENT_SUPPORT
x040260	x041260	preferred	1000	0.000999000999	1	0	0	INSUFFICIENT_SUPPORT
x040260	x041584	preferred	1000	0.000999000999	1	0	0	INSUFFICIENT_SUPPORT
x040261	x001426	preferred	1000	0.000999000999	1	0	0	INSUFFICIENT_SUPPORT
x040261	x001893	preferred	1000	0.000999000999	1	0	0	INSUFFICIENT_SUPPORT
x040261	x023924	preferred	1000	0.000999000999	1	0	0	INSUFFICIENT_SUPPORT
x040261	x024801	preferred	1000	0.000999000999	1	0	0	INSUFFICIENT_SUPPORT
x040261	x025535	preferred	1000	0.000999000999	1	0	0	INSUFFICIENT_SUPPORT
x040261	x032445	preferred	1000	0.000999000999	1	0	0	INSUFFICIENT_SUPPORT
x040261	x037858	preferred	1000	0.000999000999	1	0	0	INSUFFICIENT_SUPPORT
x040261	x037957	preferred	1000	0.000999000999	1	0	0	INSUFFICIENT_SUPPORT
x040261	x041260	preferred	1000	0.000999000999	1	0	0	INSUFFICIENT_SUPPORT
x040261	x042108	preferred	1000	0.000999000999	1	0	0	INSUFFICIENT_SUPPORT
x040262	x001088	preferred	1000	0.000999000999	1	0	0	INSUFFICIENT_SUPPORT
x040262	x001426	preferred	1000	0.000999000999	1	0	0	INSUFFICIENT_SUPPORT
x040262	x001431	preferred	1000	0.000999000999	1	0	0	INSUFFICIENT_SUPPORT
x040262	x003239	preferred	1000	0.000999000999	1	0	0	INSUFFICIENT_SUPPORT
x040262	x005248	preferred	1000	0.000999000999	1	0	0	INSUFFICIENT_SUPPORT
x040262	x014826	preferred	1000	0.000999000999	1	0	0	INSUFFICIENT_SUPPORT
x040262	x020020	preferred	1000	0.000999000999	1	0	0	INSUFFICIENT_SUPPORT
x040262	x025534	preferred	1000	0.000999000999	1	0	0	INSUFFICIENT_SUPPORT
x040262	x025788	preferred	1000	0.000999000999	1	0	0	INSUFFICIENT_SUPPORT
x040262	x033098	preferred	1000	0.000999000999	1	0	0	INSUFFICIENT_SUPPORT
x040262	x034497	preferred	1000	0.000999000999	1	0	0	INSUFFICIENT_SUPPORT
x040262	x037862	preferred	1000	0.000999000999	1	0	0	INSUFFICIENT_SUPPORT
x040262	x037953	preferred	1000	0.000999000999	1	0	0	INSUFFICIENT_SUPPORT
x040262	x041534	preferred	1000	0.000999000999	1	0	0	INSUFFICIENT_SUPPORT
x040263	x001089	preferred	1000	0.000999000999	1	0	0	INSUFFICIENT_SUPPORT
x040263	x018874	preferred	1000	0.000999000999	1	0	0	INSUFFICIENT_SUPPORT
x040263	x018876	preferred	1000	0.000999000999	1	0	0	INSUFFICIENT_SUPPORT
x040263	x020023	preferred	1000	0.000999000999	1	0	0	INSUFFICIENT_SUPPORT
x040263	x023520	preferred	1000	0.000999000999	1	0	0	INSUFFICIENT_SUPPORT
x040263	x025534	preferred	1000	0.000999000999	1	0	0	INSUFFICIENT_SUPPORT
x040263	x038540	preferred	1000	0.000999000999	1	0	0	INSUFFICIENT_SUPPORT
x040263	x042108	preferred	1000	0.000999000999	1	0	0	INSUFFICIENT_SUPPORT
x040263	x042110	preferred	1000	0.000999000999	1	0	0	INSUFFICIENT_SUPPORT
x040263	x042111	preferred	1000	0.000999000999	1	0	0	INSUFFICIENT_SUPPORT
x040632	x041442	preferred	1000	0.000999000999	1	0	0	INSUFFICIENT_SUPPORT
x040634	x034244	preferred	1000	0.000999000999	1	0	0	INSUFFICIENT_SUPPORT
x040634	x041447	preferred	1000	0.000999000999	1	0	0	INSUFFICIENT_SUPPORT
x040635	x022522	preferred	1000	0.000999000999	1	0	0	INSUFFICIENT_SUPPORT
x040636	x041440	preferred	1000	0.000999000999	1	0	0	INSUFFICIENT_SUPPORT
x040637	x041442	preferred	1000	0.000999000999	1	0	0	INSUFFICIENT_SUPPORT
x040638	x041443	preferred	1000	0.000999000999	1	0	0	INSUFFICIENT_SUPPORT
x041112	x000106	preferred	1000	0.000999000999	1	0	0	INSUFFICIENT_SUPPORT
x041112	x000107	preferred	1000	0.000999000999	1	0	0	INSUFFICIENT_SUPPORT
x041112	x000108	preferred	1000	0.000999000999	1	0	0	INSUFFICIENT_SUPPORT
x041112	x000110	preferred	1000	0.000999000999	1	0	0	INSUFFICIENT_SUPPORT
x041112	x000111	preferred	1000	0.000999000999	1	0	0	INSUFFICIENT_SUPPORT
x041112	x000164	preferred	1000	0.000999000999	1	0	0	INSUFFICIENT_SUPPORT
x041112	x001637	preferred	1000	0.000999000999	1	0	0	INSUFFICIENT_SUPPORT
x041112	x002104	preferred	1000	0.000999000999	1	0	0	INSUFFICIENT_SUPPORT
x041112	x002111	preferred	1000	0.000999000999	1	0	0	INSUFFICIENT_SUPPORT
x041112	x017412	preferred	1000	0.000999000999	1	0	0	INSUFFICIENT_SUPPORT
x041112	x017413	preferred	1000	0.000999000999	1	0	0	INSUFFICIENT_SUPPORT
x041112	x018873	preferred	1000	0.000999000999	1	0	0	INSUFFICIENT_SUPPORT
x041112	x018874	preferred	1000	0.000999000999	1	0	0	INSUFFICIENT_SUPPORT
x041112	x018876	preferred	1000	0.000999000999	1	0	0	INSUFFICIENT_SUPPORT
x041112	x024929	preferred	1000	0.000999000999	1	0	0	INSUFFICIENT_SUPPORT
x041112	x024930	preferred	1000	0.000999000999	1	0	0	INSUFFICIENT_SUPPORT
x041112	x037853	preferred	1000	0.000999000999	1	0	0	INSUFFICIENT_SUPPORT
x041112	x037855	preferred	1000	0.000999000999	1	0	0	INSUFFICIENT_SUPPORT
x041112	x037860	preferred	1000	0.000999000999	1	0	0	INSUFFICIENT_SUPPORT
x041112	x038542	preferred	1000	0.000999000999	1	0	0	INSUFFICIENT_SUPPORT
x041112	x040632	preferred	1000	0.000999000999	1	0	0	INSUFFICIENT_SUPPORT
x041113	x000107	preferred	1000	0.000999000999	1	0	0	INSUFFICIENT_SUPPORT
x041113	x000108	preferred	1000	0.000999000999	1	0	0	INSUFFICIENT_SUPPORT
x041113	x000109	preferred	1000	0.000999000999	1	0	0	INSUFFICIENT_SUPPORT
x041113	x000111	preferred	1000	0.000999000999	1	0	0	INSUFFICIENT_SUPPORT
x041113	x017413	preferred	1000	0.000999000999	1	0	0	INSUFFICIENT_SUPPORT
x041113	x018500	preferred	1000	0.000999000999	1	0	0	INSUFFICIENT_SUPPORT
x041113	x018872	preferred	1000	0.000999000999	1	0	0	INSUFFICIENT_SUPPORT
x041113	x018874	preferred	1000	0.000999000999	1	0	0	INSUFFICIENT_SUPPORT
x041113	x018876	preferred	1000	0.000999000999	1	0	0	INSUFFICIENT_SUPPORT
x041113	x018878	preferred	1000	0.000999000999	1	0	0	INSUFFICIENT_SUPPORT
x041113	x020017	preferred	1000	0.000999000999	1	0	0	INSUFFICIENT_SUPPORT
x041113	x020329	preferred	1000	0.000999000999	1	0	0	INSUFFICIENT_SUPPORT
x041113	x024671	preferred	1000	0.000999000999	1	0	0	INSUFFICIENT_SUPPORT
x041113	x024801	preferred	1000	0.000999000999	1	0	0	INSUFFICIENT_SUPPORT
x041113	x024803	preferred	1000	0.000999000999	1	0	0	INSUFFICIENT_SUPPORT
x041113	x024804	preferred	1000	0.000999000999	1	0	0	INSUFFICIENT_SUPPORT
x041113	x025534	preferred	1000	0.000999000999	1	0	0	INSUFFICIENT_SUPPORT
x041113	x025552	preferred	1000	0.000999000999	1	0	0	INSUFFICIENT_SUPPORT
x041113	x034674	preferred	1000	0.000999000999	1	0	0	INSUFFICIENT_SUPPORT
x041113	x037848	preferred	1000	0.000999000999	1	0	0	INSUFFICIENT_SUPPORT
x041113	x037854	preferred	1000	0.000999000999	1	0	0	INSUFFICIENT_SUPPORT
x041113	x037856	preferred	1000	0.000999000999	1	0	0	INSUFFICIENT_SUPPORT
x041113	x037857	preferred	1000	0.000999000999	1	0	0	INSUFFICIENT_SUPPORT
x041113	x037858	preferred	1000	0.000999000999	1	0	0	INSUFFICIENT_SUPPORT
x041113	x037862	preferred	1000	0.000999000999	1	0	0	INSUFFICIENT_SUPPORT
x041113	x038543	preferred	1000	0.000999000999	1	0	0	INSUFFICIENT_SUPPORT
x041113	x041442	preferred	1000	0.000999000999	1	0	0	INSUFFICIENT_SUPPORT
x041113	x041529	preferred	1000	0.000999000999	1	0	0	INSUFFICIENT_SUPPORT
x041114	x000105	depleted	1000	0.991008991	1	0	0.6348423554	INSUFFICIENT_SUPPORT
x041114	x000107	depleted	1000	0.9420579421	1	0	0.8797152184	INSUFFICIENT_SUPPORT
x041114	x000111	depleted	1000	0.9490509491	1	0	0.6477863643	INSUFFICIENT_SUPPORT
x041114	x001088	depleted	1000	0.988011988	1	0	0.6568954306	INSUFFICIENT_SUPPORT
x041114	x001394	preferred	1000	1	1	0	0.5069727711	INSUFFICIENT_SUPPORT
x041114	x001396	preferred	1000	1	1	0	0.8696814531	INSUFFICIENT_SUPPORT
x041114	x011176	preferred	1000	0.01098901099	1	1	0.5069727711	INSUFFICIENT_SUPPORT
x041114	x017999	preferred	1000	1	1	0	0.5069727711	INSUFFICIENT_SUPPORT
x041114	x018258	preferred	1000	1	1	0	0.8942808642	INSUFFICIENT_SUPPORT
x041114	x018500	depleted	1000	0.97002997	1	0	0.5401502669	INSUFFICIENT_SUPPORT
x041114	x018876	depleted	1000	0.986013986	1	0	0.7453382831	INSUFFICIENT_SUPPORT
x041114	x018878	depleted	1000	0.992007992	1	0	0.7453382831	INSUFFICIENT_SUPPORT
x041114	x020016	depleted	1000	0.969030969	1	0	0.5259264943	INSUFFICIENT_SUPPORT
x041114	x020017	preferred	1000	1	1	0	0.7818616823	INSUFFICIENT_SUPPORT
x041114	x024805	preferred	1000	1	1	0	0.7945306489	INSUFFICIENT_SUPPORT
x041114	x025529	preferred	1000	0.01398601399	1	1	0.8696814531	INSUFFICIENT_SUPPORT
x041114	x025547	preferred	1000	1	1	0	0.552109076	INSUFFICIENT_SUPPORT
x041114	x037857	depleted	1000	0.9210789211	1	0	0.5326121329	INSUFFICIENT_SUPPORT
x041114	x037859	depleted	1000	0.9270729271	1	0	0.5892292378	INSUFFICIENT_SUPPORT
x041114	x038538	depleted	1000	0.98001998	1	0	0.5672089683	INSUFFICIENT_SUPPORT
x041114	x038540	depleted	1000	0.99000999	1	0	0.5892292378	INSUFFICIENT_SUPPORT
x041114	x038543	preferred	1000	0.007992007992	1	1	0.5501066643	INSUFFICIENT_SUPPORT
x041114	x040209	preferred	1000	1	1	0	0.5069727711	INSUFFICIENT_SUPPORT
x041115	x000104	depleted	1000	0.984015984	1	0	0.4281901627	EXPECTED_FROM_NULL
x041115	x000106	depleted	1000	0.981018981	1	0	0.5430129417	EXPECTED_FROM_NULL
x041115	x000108	depleted	1000	0.996003996	1	1	0.5900752827	EXPECTED_FROM_NULL
x041115	x000109	depleted	1000	0.966033966	1	0	0.456079789	EXPECTED_FROM_NULL
x041115	x001395	preferred	1000	1	1	0	0.3390993162	EXPECTED_FROM_NULL
x041115	x001431	depleted	1000	0.999000999	1	1	0.4353561268	EXPECTED_FROM_NULL
x041115	x002104	preferred	1000	1	1	0	0.8074630736	EXPECTED_FROM_NULL
x041115	x002105	preferred	1000	1	1	0	0.7020688173	EXPECTED_FROM_NULL
x041115	x002339	depleted	1000	0.97002997	1	0	0.646401802	EXPECTED_FROM_NULL
x041115	x017409	preferred	1000	0.02897102897	0.2631913541	1	0.5914538565	EXPECTED_FROM_NULL
x041115	x018500	depleted	1000	0.9220779221	1	0	0.4933922343	EXPECTED_FROM_NULL
x041115	x018876	preferred	1000	0.02597402597	0.2554504319	1	0.4262961113	EXPECTED_FROM_NULL
x041115	x018878	preferred	1000	1	1	0	0.5275968117	EXPECTED_FROM_NULL
x041115	x024244	preferred	1000	0.01598401598	0.2517482517	1	0.3390993162	EXPECTED_FROM_NULL
x041115	x024671	preferred	1000	1	1	0	0.4784445379	EXPECTED_FROM_NULL
x041115	x024801	preferred	1000	1	1	1	0.437334154	EXPECTED_FROM_NULL
x041115	x024802	preferred	1000	1	1	1	0.3390993162	EXPECTED_FROM_NULL
x041115	x024803	preferred	1000	1	1	0	0.3390993162	EXPECTED_FROM_NULL
x041115	x025791	preferred	1000	1	1	0	0.4756543213	EXPECTED_FROM_NULL
x041115	x034496	preferred	1000	1	1	0	0.7755048403	EXPECTED_FROM_NULL
x041115	x034672	preferred	1000	1	1	1	0.3922136029	EXPECTED_FROM_NULL
x041115	x034674	preferred	1000	1	1	0	0.3390993162	EXPECTED_FROM_NULL
x041115	x037856	depleted	1000	0.9330669331	1	0	0.6610181146	EXPECTED_FROM_NULL
x041115	x037859	depleted	1000	0.9240759241	1	0	0.4001196379	EXPECTED_FROM_NULL
x041115	x038537	depleted	1000	0.988011988	1	0	0.4927607389	EXPECTED_FROM_NULL
x041115	x038538	depleted	1000	0.982017982	1	0	0.3899316933	EXPECTED_FROM_NULL
x041115	x038539	preferred	1000	0.03396603397	0.2631913541	1	0.5269544984	EXPECTED_FROM_NULL
x041115	x038541	preferred	1000	0.02897102897	0.2631913541	1	0.5275968117	EXPECTED_FROM_NULL
x041115	x040218	preferred	1000	1	1	0	0.4784445379	EXPECTED_FROM_NULL
x041116	x000107	preferred	1000	0.000999000999	1	0	0	INSUFFICIENT_SUPPORT
x041116	x000108	preferred	1000	0.000999000999	1	0	0	INSUFFICIENT_SUPPORT
x041116	x000109	preferred	1000	0.000999000999	1	0	0	INSUFFICIENT_SUPPORT
x041116	x000110	preferred	1000	0.000999000999	1	0	0	INSUFFICIENT_SUPPORT
x041116	x000111	preferred	1000	0.000999000999	1	0	0	INSUFFICIENT_SUPPORT
x041116	x001088	preferred	1000	0.000999000999	1	0	0	INSUFFICIENT_SUPPORT
x041116	x002106	preferred	1000	0.000999000999	1	0	0	INSUFFICIENT_SUPPORT
x041116	x002109	preferred	1000	0.000999000999	1	0	0	INSUFFICIENT_SUPPORT
x041116	x002337	preferred	1000	0.000999000999	1	0	0	INSUFFICIENT_SUPPORT
x041116	x005077	preferred	1000	0.000999000999	1	0	0	INSUFFICIENT_SUPPORT
x041116	x018875	preferred	1000	0.000999000999	1	0	0	INSUFFICIENT_SUPPORT
x041116	x018877	preferred	1000	0.000999000999	1	0	0	INSUFFICIENT_SUPPORT
x041116	x020019	preferred	1000	0.000999000999	1	0	0	INSUFFICIENT_SUPPORT
x041116	x020020	preferred	1000	0.000999000999	1	0	0	INSUFFICIENT_SUPPORT
x041116	x023865	preferred	1000	0.000999000999	1	0	0	INSUFFICIENT_SUPPORT
x041116	x024242	preferred	1000	0.000999000999	1	0	0	INSUFFICIENT_SUPPORT
x041116	x024247	preferred	1000	0.000999000999	1	0	0	INSUFFICIENT_SUPPORT
x041116	x024806	preferred	1000	0.000999000999	1	0	0	INSUFFICIENT_SUPPORT
x041116	x024807	preferred	1000	0.000999000999	1	0	0	INSUFFICIENT_SUPPORT
x041116	x025393	preferred	1000	0.000999000999	1	0	0	INSUFFICIENT_SUPPORT
x041116	x025397	preferred	1000	0.000999000999	1	0	0	INSUFFICIENT_SUPPORT
x041116	x025528	preferred	1000	0.000999000999	1	0	0	INSUFFICIENT_SUPPORT
x041116	x025547	preferred	1000	0.000999000999	1	0	0	INSUFFICIENT_SUPPORT
x041116	x025555	preferred	1000	0.000999000999	1	0	0	INSUFFICIENT_SUPPORT
x041116	x025760	preferred	1000	0.000999000999	1	0	0	INSUFFICIENT_SUPPORT
x041116	x037853	preferred	1000	0.000999000999	1	0	0	INSUFFICIENT_SUPPORT
x041116	x037854	preferred	1000	0.000999000999	1	0	0	INSUFFICIENT_SUPPORT
x041116	x037855	preferred	1000	0.000999000999	1	0	0	INSUFFICIENT_SUPPORT
x041116	x037856	preferred	1000	0.000999000999	1	0	0	INSUFFICIENT_SUPPORT
x041116	x037857	preferred	1000	0.000999000999	1	0	0	INSUFFICIENT_SUPPORT
x041116	x037859	preferred	1000	0.000999000999	1	0	0	INSUFFICIENT_SUPPORT
x041116	x037860	preferred	1000	0.000999000999	1	0	0	INSUFFICIENT_SUPPORT
x041116	x037861	preferred	1000	0.000999000999	1	0	0	INSUFFICIENT_SUPPORT
x041116	x038536	preferred	1000	0.000999000999	1	0	0	INSUFFICIENT_SUPPORT
x041116	x040637	preferred	1000	0.000999000999	1	0	0	INSUFFICIENT_SUPPORT
x041116	x041440	preferred	1000	0.000999000999	1	0	0	INSUFFICIENT_SUPPORT
x041117	x000105	depleted	1000	0.988011988	1	0	1	INSUFFICIENT_SUPPORT
x041117	x000107	preferred	1000	1	1	0	1	INSUFFICIENT_SUPPORT
x041117	x000108	depleted	1000	0.974025974	1	0	1	INSUFFICIENT_SUPPORT
x041117	x000109	depleted	1000	0.9310689311	1	0	1	INSUFFICIENT_SUPPORT
x041117	x000110	depleted	1000	0.956043956	1	0	1	INSUFFICIENT_SUPPORT
x041117	x001090	depleted	1000	0.973026973	1	0	1	INSUFFICIENT_SUPPORT
x041117	x001396	preferred	1000	1	1	0	1	INSUFFICIENT_SUPPORT
x041117	x001399	preferred	1000	1	1	0	1	INSUFFICIENT_SUPPORT
x041117	x002110	depleted	1000	0.988011988	1	0	1	INSUFFICIENT_SUPPORT
x041117	x017411	preferred	1000	1	1	0	1	INSUFFICIENT_SUPPORT
x041117	x018498	preferred	1000	1	1	0	1	INSUFFICIENT_SUPPORT
x041117	x020019	preferred	1000	1	1	0	1	INSUFFICIENT_SUPPORT
x041117	x020020	depleted	1000	0.986013986	1	0	1	INSUFFICIENT_SUPPORT
x041117	x024807	preferred	1000	1	1	0	1	INSUFFICIENT_SUPPORT
x041117	x024932	preferred	1000	1	1	0	1	INSUFFICIENT_SUPPORT
x041117	x025396	depleted	1000	1	1	0	1	INSUFFICIENT_SUPPORT
x041117	x025533	preferred	1000	1	1	0	1	INSUFFICIENT_SUPPORT
x041117	x025535	preferred	1000	1	1	0	1	INSUFFICIENT_SUPPORT
x041117	x025544	preferred	1000	0.01098901099	1	1	1	INSUFFICIENT_SUPPORT
x041117	x025547	preferred	1000	1	1	0	1	INSUFFICIENT_SUPPORT
x041117	x037853	preferred	1000	0.01398601399	1	1	1	INSUFFICIENT_SUPPORT
x041117	x037859	depleted	1000	0.95004995	1	0	1	INSUFFICIENT_SUPPORT
x041117	x037860	depleted	1000	0.957042957	1	0	1	INSUFFICIENT_SUPPORT
x041117	x037863	depleted	1000	0.955044955	1	0	1	INSUFFICIENT_SUPPORT
x041117	x038109	preferred	1000	1	1	0	1	INSUFFICIENT_SUPPORT
x041117	x038540	depleted	1000	1	1	0	1	INSUFFICIENT_SUPPORT
x041117	x041260	preferred	1000	1	1	0	1	INSUFFICIENT_SUPPORT
x041117	x042106	preferred	1000	1	1	0	1	INSUFFICIENT_SUPPORT
x041118	x000104	depleted	1000	0.991008991	1	0	0.4386905542	EXPECTED_FROM_NULL
x041118	x000107	preferred	1000	0.02397602398	0.2517482517	0.5	0.7636406208	EXPECTED_FROM_NULL
x041118	x000108	depleted	1000	0.9400599401	1	0	0.3263400797	EXPECTED_FROM_NULL
x041118	x000111	depleted	1000	0.9420579421	1	0	0.3724743528	EXPECTED_FROM_NULL
x041118	x001392	preferred	1000	1	1	0	0.4676515674	EXPECTED_FROM_NULL
x041118	x001397	preferred	1000	1	1	0	0.3359854431	EXPECTED_FROM_NULL
x041118	x002109	preferred	1000	1	1	0	0.3939134332	EXPECTED_FROM_NULL
x041118	x017892	preferred	1000	1	1	0	0.4676515674	EXPECTED_FROM_NULL
x041118	x018875	depleted	1000	0.965034965	1	0	0.4325309162	EXPECTED_FROM_NULL
x041118	x018877	depleted	1000	0.987012987	1	0	0.399274315	EXPECTED_FROM_NULL
x041118	x024665	preferred	1000	1	1	0	0.4868657986	EXPECTED_FROM_NULL
x041118	x024802	preferred	1000	1	1	0	0.2941604641	EXPECTED_FROM_NULL
x041118	x024804	preferred	1000	1	1	0	0.4503243494	EXPECTED_FROM_NULL
x041118	x024807	preferred	1000	0.01798201798	0.2517482517	1	0.3248666125	EXPECTED_FROM_NULL
x041118	x024934	preferred	1000	1	1	0	0.3430731379	EXPECTED_FROM_NULL
x041118	x024935	preferred	1000	1	1	0	0.2648510851	EXPECTED_FROM_NULL
x041118	x025551	preferred	1000	0.02697302697	0.2554504319	1	0.4497415839	EXPECTED_FROM_NULL
x041118	x037850	preferred	1000	1	1	0	0.6225168246	EXPECTED_FROM_NULL
x041118	x037852	preferred	1000	0.02897102897	0.2631913541	1	0.4247663592	EXPECTED_FROM_NULL
x041118	x037855	depleted	1000	0.969030969	1	0	0.4201280872	EXPECTED_FROM_NULL
x041118	x037858	depleted	1000	0.992007992	1	1	0.4735266585	EXPECTED_FROM_NULL
x041118	x037859	depleted	1000	0.8981018981	1	0	0.5123176094	EXPECTED_FROM_NULL
x041118	x037860	depleted	1000	0.8711288711	1	1	0.3761860238	EXPECTED_FROM_NULL
x041118	x037863	depleted	1000	0.985014985	1	1	0.3571322556	EXPECTED_FROM_NULL
x041118	x037953	preferred	1000	1	1	0	0.3939134332	EXPECTED_FROM_NULL
x041118	x038541	depleted	1000	0.971028971	1	0	0.3567247092	EXPECTED_FROM_NULL
x041118	x038542	depleted	1000	0.962037962	1	0	0.407697358	EXPECTED_FROM_NULL
x041118	x040209	preferred	1000	1	1	0	0.3430731379	EXPECTED_FROM_NULL
x041118	x040223	preferred	1000	0.01598401598	0.2517482517	1	0.3334199741	EXPECTED_FROM_NULL
x041119	x000104	preferred	1000	1	1	0	0.5584656883	INSUFFICIENT_SUPPORT
x041119	x000107	depleted	1000	0.9300699301	1	0	0.5155750696	INSUFFICIENT_SUPPORT
x041119	x000109	preferred	1000	1	1	0	0.860138714	INSUFFICIENT_SUPPORT
x041119	x000110	depleted	1000	0.999000999	1	1	0.7800078112	INSUFFICIENT_SUPPORT
x041119	x000111	depleted	1000	0.952047952	1	0	0.5459281252	INSUFFICIENT_SUPPORT
x041119	x000166	preferred	1000	1	1	0	0.5273714893	INSUFFICIENT_SUPPORT
x041119	x001393	preferred	1000	1	1	0	0.5273714893	INSUFFICIENT_SUPPORT
x041119	x001399	preferred	1000	1	1	0	0.5273714893	INSUFFICIENT_SUPPORT
x041119	x002104	preferred	1000	1	1	0	0.7808714595	INSUFFICIENT_SUPPORT
x041119	x002337	depleted	1000	0.979020979	1	0	0.709143942	INSUFFICIENT_SUPPORT
x041119	x002338	preferred	1000	0.01498501499	1	1	0.6648894608	INSUFFICIENT_SUPPORT
x041119	x002342	preferred	1000	1	1	0	0.9597657027	INSUFFICIENT_SUPPORT
x041119	x017838	preferred	1000	1	1	0	0.860138714	INSUFFICIENT_SUPPORT
x041119	x018872	depleted	1000	0.962037962	1	0	0.5459281252	INSUFFICIENT_SUPPORT
x041119	x018874	depleted	1000	0.991008991	1	0	0.8571260014	INSUFFICIENT_SUPPORT
x041119	x022381	preferred	1000	1	1	0	0.860138714	INSUFFICIENT_SUPPORT
x041119	x024671	preferred	1000	1	1	0	0.860138714	INSUFFICIENT_SUPPORT
x041119	x024807	preferred	1000	1	1	0	0.860138714	INSUFFICIENT_SUPPORT
x041119	x024929	preferred	1000	1	1	0	0.5273714893	INSUFFICIENT_SUPPORT
x041119	x024934	preferred	1000	0.01098901099	1	1	0.5273714893	INSUFFICIENT_SUPPORT
x041119	x024935	preferred	1000	1	1	0	0.5273714893	INSUFFICIENT_SUPPORT
x041119	x025392	depleted	1000	0.973026973	1	0	0.6660281164	INSUFFICIENT_SUPPORT
x041119	x025528	preferred	1000	1	1	0	0.860138714	INSUFFICIENT_SUPPORT
x041119	x025535	preferred	1000	1	1	0	0.5273714893	INSUFFICIENT_SUPPORT
x041119	x034503	preferred	1000	1	1	0	0.5273714893	INSUFFICIENT_SUPPORT
x041119	x037851	preferred	1000	1	1	0	0.7765947583	INSUFFICIENT_SUPPORT
x041119	x037856	depleted	1000	0.9490509491	1	0	0.5855355092	INSUFFICIENT_SUPPORT
x041119	x037857	depleted	1000	0.9420579421	1	0	0.5066476049	INSUFFICIENT_SUPPORT
x041119	x037913	preferred	1000	1	1	0	0.7808714595	INSUFFICIENT_SUPPORT
x041119	x038540	depleted	1000	0.963036963	1	0	0.6128735301	INSUFFICIENT_SUPPORT
x041119	x038541	depleted	1000	0.978021978	1	0	0.7087478018	INSUFFICIENT_SUPPORT
x041119	x040637	preferred	1000	1	1	0	0.5273714893	INSUFFICIENT_SUPPORT
x041245	x001428	preferred	1000	0.000999000999	1	0	0	INSUFFICIENT_SUPPORT
x041245	x001430	preferred	1000	0.000999000999	1	0	0	INSUFFICIENT_SUPPORT
x041245	x005110	preferred	1000	0.000999000999	1	0	0	INSUFFICIENT_SUPPORT
x041245	x018503	preferred	1000	0.000999000999	1	0	0	INSUFFICIENT_SUPPORT
x041245	x025399	preferred	1000	0.000999000999	1	0	0	INSUFFICIENT_SUPPORT
x041245	x037986	preferred	1000	0.000999000999	1	0	0	INSUFFICIENT_SUPPORT
x041245	x041261	preferred	1000	0.000999000999	1	0	0	INSUFFICIENT_SUPPORT
x041245	x042807	preferred	1000	0.000999000999	1	0	0	INSUFFICIENT_SUPPORT
x041247	x018878	preferred	1000	0.000999000999	1	0	0	INSUFFICIENT_SUPPORT
x041247	x037854	preferred	1000	0.000999000999	1	0	0	INSUFFICIENT_SUPPORT
x041247	x038537	preferred	1000	0.000999000999	1	0	0	INSUFFICIENT_SUPPORT
x041247	x038539	preferred	1000	0.000999000999	1	0	0	INSUFFICIENT_SUPPORT
x041247	x038543	preferred	1000	0.000999000999	1	0	0	INSUFFICIENT_SUPPORT
x041247	x040212	preferred	1000	0.000999000999	1	0	0	INSUFFICIENT_SUPPORT
x041256	x005248	preferred	1000	1	1	0	1	INSUFFICIENT_SUPPORT
x041256	x008314	preferred	1000	1	1	0	1	INSUFFICIENT_SUPPORT
x041256	x008318	preferred	1000	0.01098901099	1	1	1	INSUFFICIENT_SUPPORT
x041256	x016897	preferred	1000	1	1	0	1	INSUFFICIENT_SUPPORT
x041256	x016898	preferred	1000	1	1	0	1	INSUFFICIENT_SUPPORT
x041256	x016900	preferred	1000	1	1	0	1	INSUFFICIENT_SUPPORT
x041256	x016901	preferred	1000	1	1	0	1	INSUFFICIENT_SUPPORT
x041256	x017380	depleted	1000	0.975024975	1	0	1	INSUFFICIENT_SUPPORT
x041256	x022926	preferred	1000	1	1	0	1	INSUFFICIENT_SUPPORT
x041256	x022927	preferred	1000	1	1	0	1	INSUFFICIENT_SUPPORT
x041256	x024203	preferred	1000	1	1	0	1	INSUFFICIENT_SUPPORT
x041256	x038543	preferred	1000	1	1	0	1	INSUFFICIENT_SUPPORT
x041256	x041464	preferred	1000	0.01898101898	1	1	1	INSUFFICIENT_SUPPORT
x041256	x041466	preferred	1000	1	1	0	1	INSUFFICIENT_SUPPORT
x041256	x041467	preferred	1000	0.01598401598	1	1	1	INSUFFICIENT_SUPPORT
x041256	x041940	preferred	1000	1	1	0	1	INSUFFICIENT_SUPPORT
x041257	x001093	preferred	1000	0.000999000999	1	0	0	INSUFFICIENT_SUPPORT
x041257	x001894	preferred	1000	0.000999000999	1	0	0	INSUFFICIENT_SUPPORT
x041257	x001895	preferred	1000	0.000999000999	1	0	0	INSUFFICIENT_SUPPORT
x041257	x005249	preferred	1000	0.000999000999	1	0	0	INSUFFICIENT_SUPPORT
x041257	x005250	preferred	1000	0.000999000999	1	0	0	INSUFFICIENT_SUPPORT
x041257	x008317	preferred	1000	0.000999000999	1	0	0	INSUFFICIENT_SUPPORT
x041257	x008318	preferred	1000	0.000999000999	1	0	0	INSUFFICIENT_SUPPORT
x041257	x008319	preferred	1000	0.000999000999	1	0	0	INSUFFICIENT_SUPPORT
x041257	x010943	preferred	1000	0.000999000999	1	0	0	INSUFFICIENT_SUPPORT
x041257	x016898	preferred	1000	0.000999000999	1	0	0	INSUFFICIENT_SUPPORT
x041257	x016902	preferred	1000	0.000999000999	1	0	0	INSUFFICIENT_SUPPORT
x041257	x017379	preferred	1000	0.000999000999	1	0	0	INSUFFICIENT_SUPPORT
x041257	x017691	preferred	1000	0.000999000999	1	0	0	INSUFFICIENT_SUPPORT
x041257	x022927	preferred	1000	0.000999000999	1	0	0	INSUFFICIENT_SUPPORT
x041257	x024931	preferred	1000	0.000999000999	1	0	0	INSUFFICIENT_SUPPORT
x041257	x032998	preferred	1000	0.000999000999	1	0	0	INSUFFICIENT_SUPPORT
x041257	x033413	preferred	1000	0.000999000999	1	0	0	INSUFFICIENT_SUPPORT
x041257	x033414	preferred	1000	0.000999000999	1	0	0	INSUFFICIENT_SUPPORT
x041257	x041464	preferred	1000	0.000999000999	1	0	0	INSUFFICIENT_SUPPORT
x041257	x041468	preferred	1000	0.000999000999	1	0	0	INSUFFICIENT_SUPPORT
x041257	x041941	preferred	1000	0.000999000999	1	0	0	INSUFFICIENT_SUPPORT
x041258	x001095	preferred	1000	0.000999000999	1	0	0	INSUFFICIENT_SUPPORT
x041258	x005254	preferred	1000	0.000999000999	1	0	0	INSUFFICIENT_SUPPORT
x041258	x008317	preferred	1000	0.000999000999	1	0	0	INSUFFICIENT_SUPPORT
x041258	x016898	preferred	1000	0.000999000999	1	0	0	INSUFFICIENT_SUPPORT
x041258	x016900	preferred	1000	0.000999000999	1	0	0	INSUFFICIENT_SUPPORT
x041258	x016901	preferred	1000	0.000999000999	1	0	0	INSUFFICIENT_SUPPORT
x041258	x017377	preferred	1000	0.000999000999	1	0	0	INSUFFICIENT_SUPPORT
x041258	x017380	preferred	1000	0.000999000999	1	0	0	INSUFFICIENT_SUPPORT
x041258	x024202	preferred	1000	0.000999000999	1	0	0	INSUFFICIENT_SUPPORT
x041258	x032993	preferred	1000	0.000999000999	1	0	0	INSUFFICIENT_SUPPORT
x041258	x032999	preferred	1000	0.000999000999	1	0	0	INSUFFICIENT_SUPPORT
x041258	x041466	preferred	1000	0.000999000999	1	0	0	INSUFFICIENT_SUPPORT
x041258	x041467	preferred	1000	0.000999000999	1	0	0	INSUFFICIENT_SUPPORT
x041258	x041468	preferred	1000	0.000999000999	1	0	0	INSUFFICIENT_SUPPORT
x041259	x001091	preferred	1000	0.000999000999	1	0	0	INSUFFICIENT_SUPPORT
x041259	x001890	preferred	1000	0.000999000999	1	0	0	INSUFFICIENT_SUPPORT
x041259	x001894	preferred	1000	0.000999000999	1	0	0	INSUFFICIENT_SUPPORT
x041259	x005251	preferred	1000	0.000999000999	1	0	0	INSUFFICIENT_SUPPORT
x041259	x008312	preferred	1000	0.000999000999	1	0	0	INSUFFICIENT_SUPPORT
x041259	x016898	preferred	1000	0.000999000999	1	0	0	INSUFFICIENT_SUPPORT
x041259	x016900	preferred	1000	0.000999000999	1	0	0	INSUFFICIENT_SUPPORT
x041259	x016901	preferred	1000	0.000999000999	1	0	0	INSUFFICIENT_SUPPORT
x041259	x017376	preferred	1000	0.000999000999	1	0	0	INSUFFICIENT_SUPPORT
x041259	x017382	preferred	1000	0.000999000999	1	0	0	INSUFFICIENT_SUPPORT
x041259	x017383	preferred	1000	0.000999000999	1	0	0	INSUFFICIENT_SUPPORT
x041259	x032993	preferred	1000	0.000999000999	1	0	0	INSUFFICIENT_SUPPORT
x041259	x032999	preferred	1000	0.000999000999	1	0	0	INSUFFICIENT_SUPPORT
x041259	x041464	preferred	1000	0.000999000999	1	0	0	INSUFFICIENT_SUPPORT
x041259	x041467	preferred	1000	0.000999000999	1	0	0	INSUFFICIENT_SUPPORT
x041259	x041471	preferred	1000	0.000999000999	1	0	0	INSUFFICIENT_SUPPORT
x041260	x001095	preferred	1000	1	1	0	1	INSUFFICIENT_SUPPORT
x041260	x001889	preferred	1000	1	1	0	1	INSUFFICIENT_SUPPORT
x041260	x005250	preferred	1000	1	1	0	1	INSUFFICIENT_SUPPORT
x041260	x005251	preferred	1000	1	1	0	1	INSUFFICIENT_SUPPORT
x041260	x008312	preferred	1000	1	1	0	1	INSUFFICIENT_SUPPORT
x041260	x008319	preferred	1000	1	1	0	1	INSUFFICIENT_SUPPORT
x041260	x016897	preferred	1000	0.01698301698	1	1	1	INSUFFICIENT_SUPPORT
x041260	x016900	preferred	1000	1	1	0	1	INSUFFICIENT_SUPPORT
x041260	x016903	preferred	1000	1	1	0	1	INSUFFICIENT_SUPPORT
x041260	x017378	preferred	1000	1	1	0	1	INSUFFICIENT_SUPPORT
x041260	x017381	preferred	1000	1	1	0	1	INSUFFICIENT_SUPPORT
x041260	x017383	preferred	1000	1	1	0	1	INSUFFICIENT_SUPPORT
x041260	x024203	preferred	1000	1	1	0	1	INSUFFICIENT_SUPPORT
x041260	x039660	preferred	1000	1	1	0	1	INSUFFICIENT_SUPPORT
x041260	x040634	preferred	1000	1	1	0	1	INSUFFICIENT_SUPPORT
x041260	x041466	preferred	1000	0.01798201798	1	1	1	INSUFFICIENT_SUPPORT
x041260	x041468	preferred	1000	1	1	0	1	INSUFFICIENT_SUPPORT
x041260	x041469	depleted	1000	0.962037962	1	0	1	INSUFFICIENT_SUPPORT
x041260	x041471	depleted	1000	0.992007992	1	0	1	INSUFFICIENT_SUPPORT
x041261	x001092	preferred	1000	0.008991008991	1	1	1	INSUFFICIENT_SUPPORT
x041261	x001093	depleted	1000	0.987012987	1	0	1	INSUFFICIENT_SUPPORT
x041261	x001094	preferred	1000	1	1	0	1	INSUFFICIENT_SUPPORT
x041261	x001894	preferred	1000	1	1	0	1	INSUFFICIENT_SUPPORT
x041261	x005252	preferred	1000	1	1	0	1	INSUFFICIENT_SUPPORT
x041261	x005254	preferred	1000	0.01698301698	1	1	1	INSUFFICIENT_SUPPORT
x041261	x008317	preferred	1000	1	1	0	1	INSUFFICIENT_SUPPORT
x041261	x016896	preferred	1000	1	1	0	1	INSUFFICIENT_SUPPORT
x041261	x016897	preferred	1000	1	1	0	1	INSUFFICIENT_SUPPORT
x041261	x016898	preferred	1000	1	1	0	1	INSUFFICIENT_SUPPORT
x041261	x016899	preferred	1000	0.01398601399	1	1	1	INSUFFICIENT_SUPPORT
x041261	x017382	preferred	1000	1	1	0	1	INSUFFICIENT_SUPPORT
x041261	x022927	preferred	1000	0.01898101898	1	1	1	INSUFFICIENT_SUPPORT
x041261	x032994	preferred	1000	1	1	0	1	INSUFFICIENT_SUPPORT
x041261	x038540	depleted	1000	1	1	0	1	INSUFFICIENT_SUPPORT
x041261	x038675	preferred	1000	1	1	0	1	INSUFFICIENT_SUPPORT
x041261	x041465	preferred	1000	1	1	0	1	INSUFFICIENT_SUPPORT
x041261	x041469	preferred	1000	1	1	0	1	INSUFFICIENT_SUPPORT
x041261	x041471	preferred	1000	1	1	0	1	INSUFFICIENT_SUPPORT
x041262	x001093	preferred	1000	0.000999000999	1	0	0	INSUFFICIENT_SUPPORT
x041262	x001095	preferred	1000	0.000999000999	1	0	0	INSUFFICIENT_SUPPORT
x041262	x001888	preferred	1000	0.000999000999	1	0	0	INSUFFICIENT_SUPPORT
x041262	x001889	preferred	1000	0.000999000999	1	0	0	INSUFFICIENT_SUPPORT
x041262	x001895	preferred	1000	0.000999000999	1	0	0	INSUFFICIENT_SUPPORT
x041262	x008313	preferred	1000	0.000999000999	1	0	0	INSUFFICIENT_SUPPORT
x041262	x008319	preferred	1000	0.000999000999	1	0	0	INSUFFICIENT_SUPPORT
x041262	x010938	preferred	1000	0.000999000999	1	0	0	INSUFFICIENT_SUPPORT
x041262	x016897	preferred	1000	0.000999000999	1	0	0	INSUFFICIENT_SUPPORT
x041262	x016899	preferred	1000	0.000999000999	1	0	0	INSUFFICIENT_SUPPORT
x041262	x016900	preferred	1000	0.000999000999	1	0	0	INSUFFICIENT_SUPPORT
x041262	x016901	preferred	1000	0.000999000999	1	0	0	INSUFFICIENT_SUPPORT
x041262	x017376	preferred	1000	0.000999000999	1	0	0	INSUFFICIENT_SUPPORT
x041262	x017383	preferred	1000	0.000999000999	1	0	0	INSUFFICIENT_SUPPORT
x041262	x020639	preferred	1000	0.000999000999	1	0	0	INSUFFICIENT_SUPPORT
x041262	x023368	preferred	1000	0.000999000999	1	0	0	INSUFFICIENT_SUPPORT
x041262	x032993	preferred	1000	0.000999000999	1	0	0	INSUFFICIENT_SUPPORT
x041262	x032999	preferred	1000	0.000999000999	1	0	0	INSUFFICIENT_SUPPORT
x041262	x033410	preferred	1000	0.000999000999	1	0	0	INSUFFICIENT_SUPPORT
x041262	x038675	preferred	1000	0.000999000999	1	0	0	INSUFFICIENT_SUPPORT
x041262	x041465	preferred	1000	0.000999000999	1	0	0	INSUFFICIENT_SUPPORT
x041262	x041467	preferred	1000	0.000999000999	1	0	0	INSUFFICIENT_SUPPORT
x041262	x041468	preferred	1000	0.000999000999	1	0	0	INSUFFICIENT_SUPPORT
x041262	x041471	preferred	1000	0.000999000999	1	0	0	INSUFFICIENT_SUPPORT
x041262	x041936	preferred	1000	0.000999000999	1	0	0	INSUFFICIENT_SUPPORT
x041262	x041939	preferred	1000	0.000999000999	1	0	0	INSUFFICIENT_SUPPORT
x041263	x001091	preferred	1000	0.000999000999	1	0	0	INSUFFICIENT_SUPPORT
x041263	x001893	preferred	1000	0.000999000999	1	0	0	INSUFFICIENT_SUPPORT
x041263	x005249	preferred	1000	0.000999000999	1	0	0	INSUFFICIENT_SUPPORT
x041263	x005254	preferred	1000	0.000999000999	1	0	0	INSUFFICIENT_SUPPORT
x041263	x008313	preferred	1000	0.000999000999	1	0	0	INSUFFICIENT_SUPPORT
x041263	x016898	preferred	1000	0.000999000999	1	0	0	INSUFFICIENT_SUPPORT
x041263	x016899	preferred	1000	0.000999000999	1	0	0	INSUFFICIENT_SUPPORT
x041263	x016901	preferred	1000	0.000999000999	1	0	0	INSUFFICIENT_SUPPORT
x041263	x016903	preferred	1000	0.000999000999	1	0	0	INSUFFICIENT_SUPPORT
x041263	x017376	preferred	1000	0.000999000999	1	0	0	INSUFFICIENT_SUPPORT
x041263	x017379	preferred	1000	0.000999000999	1	0	0	INSUFFICIENT_SUPPORT
x041263	x017382	preferred	1000	0.000999000999	1	0	0	INSUFFICIENT_SUPPORT
x041263	x025555	preferred	1000	0.000999000999	1	0	0	INSUFFICIENT_SUPPORT
x041263	x032993	preferred	1000	0.000999000999	1	0	0	INSUFFICIENT_SUPPORT
x041263	x032994	preferred	1000	0.000999000999	1	0	0	INSUFFICIENT_SUPPORT
x041263	x032999	preferred	1000	0.000999000999	1	0	0	INSUFFICIENT_SUPPORT
x041263	x041466	preferred	1000	0.000999000999	1	0	0	INSUFFICIENT_SUPPORT
x041263	x041469	preferred	1000	0.000999000999	1	0	0	INSUFFICIENT_SUPPORT
x041440	x001430	preferred	1000	0.000999000999	1	0	0	INSUFFICIENT_SUPPORT
x041440	x002107	preferred	1000	0.000999000999	1	0	0	INSUFFICIENT_SUPPORT
x041440	x002108	preferred	1000	0.000999000999	1	0	0	INSUFFICIENT_SUPPORT
x041440	x010939	preferred	1000	0.000999000999	1	0	0	INSUFFICIENT_SUPPORT
x041440	x017413	preferred	1000	0.000999000999	1	0	0	INSUFFICIENT_SUPPORT
x041440	x031704	preferred	1000	0.000999000999	1	0	0	INSUFFICIENT_SUPPORT
x041440	x031708	preferred	1000	0.000999000999	1	0	0	INSUFFICIENT_SUPPORT
x041440	x031709	preferred	1000	0.000999000999	1	0	0	INSUFFICIENT_SUPPORT
x041440	x037851	preferred	1000	0.000999000999	1	0	0	INSUFFICIENT_SUPPORT
x041440	x037853	preferred	1000	0.000999000999	1	0	0	INSUFFICIENT_SUPPORT
x041440	x038538	preferred	1000	0.000999000999	1	0	0	INSUFFICIENT_SUPPORT
x041440	x038542	preferred	1000	0.000999000999	1	0	0	INSUFFICIENT_SUPPORT
x041440	x040214	preferred	1000	0.000999000999	1	0	0	INSUFFICIENT_SUPPORT
x041440	x042802	preferred	1000	0.000999000999	1	0	0	INSUFFICIENT_SUPPORT
x041440	x042803	preferred	1000	0.000999000999	1	0	0	INSUFFICIENT_SUPPORT
x041442	x001424	preferred	1000	0.000999000999	1	0	0	INSUFFICIENT_SUPPORT
x041442	x017412	preferred	1000	0.000999000999	1	0	0	INSUFFICIENT_SUPPORT
x041442	x018496	preferred	1000	0.000999000999	1	0	0	INSUFFICIENT_SUPPORT
x041442	x018500	preferred	1000	0.000999000999	1	0	0	INSUFFICIENT_SUPPORT
x041442	x018501	preferred	1000	0.000999000999	1	0	0	INSUFFICIENT_SUPPORT
x041442	x031705	preferred	1000	0.000999000999	1	0	0	INSUFFICIENT_SUPPORT
x041442	x037854	preferred	1000	0.000999000999	1	0	0	INSUFFICIENT_SUPPORT
x041442	x037855	preferred	1000	0.000999000999	1	0	0	INSUFFICIENT_SUPPORT
x041442	x037860	preferred	1000	0.000999000999	1	0	0	INSUFFICIENT_SUPPORT
x041442	x041260	preferred	1000	0.000999000999	1	0	0	INSUFFICIENT_SUPPORT
x041442	x041584	preferred	1000	0.000999000999	1	0	0	INSUFFICIENT_SUPPORT
x041442	x042105	preferred	1000	0.000999000999	1	0	0	INSUFFICIENT_SUPPORT
x041443	x015285	preferred	1000	0.000999000999	1	0	0	INSUFFICIENT_SUPPORT
x041443	x025009	preferred	1000	0.000999000999	1	0	0	INSUFFICIENT_SUPPORT
x041443	x034240	preferred	1000	0.000999000999	1	0	0	INSUFFICIENT_SUPPORT
x041443	x037852	preferred	1000	0.000999000999	1	0	0	INSUFFICIENT_SUPPORT
x041443	x037858	preferred	1000	0.000999000999	1	0	0	INSUFFICIENT_SUPPORT
x041443	x041445	preferred	1000	0.000999000999	1	0	0	INSUFFICIENT_SUPPORT
x041443	x042802	preferred	1000	0.000999000999	1	0	0	INSUFFICIENT_SUPPORT
x041445	x014824	preferred	1000	0.000999000999	1	0	0	INSUFFICIENT_SUPPORT
x041445	x017997	preferred	1000	0.000999000999	1	0	0	INSUFFICIENT_SUPPORT
x041445	x018565	preferred	1000	0.000999000999	1	0	0	INSUFFICIENT_SUPPORT
x041445	x020016	preferred	1000	0.000999000999	1	0	0	INSUFFICIENT_SUPPORT
x041445	x037955	preferred	1000	0.000999000999	1	0	0	INSUFFICIENT_SUPPORT
x041445	x037959	preferred	1000	0.000999000999	1	0	0	INSUFFICIENT_SUPPORT
x041445	x038536	preferred	1000	0.000999000999	1	0	0	INSUFFICIENT_SUPPORT
x041446	x001428	preferred	1000	0.000999000999	1	0	0	INSUFFICIENT_SUPPORT
x041446	x018565	preferred	1000	0.000999000999	1	0	0	INSUFFICIENT_SUPPORT
x041446	x025399	preferred	1000	0.000999000999	1	0	0	INSUFFICIENT_SUPPORT
x041446	x025546	preferred	1000	0.000999000999	1	0	0	INSUFFICIENT_SUPPORT
x041446	x025789	preferred	1000	0.000999000999	1	0	0	INSUFFICIENT_SUPPORT
x041447	x017377	preferred	1000	0.000999000999	1	0	0	INSUFFICIENT_SUPPORT
x041447	x018499	preferred	1000	0.000999000999	1	0	0	INSUFFICIENT_SUPPORT
x041447	x018502	preferred	1000	0.000999000999	1	0	0	INSUFFICIENT_SUPPORT
x041447	x018878	preferred	1000	0.000999000999	1	0	0	INSUFFICIENT_SUPPORT
x041447	x037854	preferred	1000	0.000999000999	1	0	0	INSUFFICIENT_SUPPORT
x041447	x037863	preferred	1000	0.000999000999	1	0	0	INSUFFICIENT_SUPPORT
x041447	x038542	preferred	1000	0.000999000999	1	0	0	INSUFFICIENT_SUPPORT
x041447	x041440	preferred	1000	0.000999000999	1	0	0	INSUFFICIENT_SUPPORT
x041464	x001090	preferred	1000	0.000999000999	1	0	0	INSUFFICIENT_SUPPORT
x041464	x001398	preferred	1000	0.000999000999	1	0	0	INSUFFICIENT_SUPPORT
x041464	x005078	preferred	1000	0.000999000999	1	0	0	INSUFFICIENT_SUPPORT
x041464	x018877	preferred	1000	0.000999000999	1	0	0	INSUFFICIENT_SUPPORT
x041464	x024930	preferred	1000	0.000999000999	1	0	0	INSUFFICIENT_SUPPORT
x041464	x037862	preferred	1000	0.000999000999	1	0	0	INSUFFICIENT_SUPPORT
x041464	x042818	preferred	1000	0.000999000999	1	0	0	INSUFFICIENT_SUPPORT
x041465	x001088	preferred	1000	0.000999000999	1	0	0	INSUFFICIENT_SUPPORT
x041465	x002104	preferred	1000	0.000999000999	1	0	0	INSUFFICIENT_SUPPORT
x041465	x018874	preferred	1000	0.000999000999	1	0	0	INSUFFICIENT_SUPPORT
x041465	x018875	preferred	1000	0.000999000999	1	0	0	INSUFFICIENT_SUPPORT
x041465	x025549	preferred	1000	0.000999000999	1	0	0	INSUFFICIENT_SUPPORT
x041465	x037861	preferred	1000	0.000999000999	1	0	0	INSUFFICIENT_SUPPORT
x041465	x038537	preferred	1000	0.000999000999	1	0	0	INSUFFICIENT_SUPPORT
x041465	x041445	preferred	1000	0.000999000999	1	0	0	INSUFFICIENT_SUPPORT
x041466	x000107	preferred	1000	0.000999000999	1	0	0	INSUFFICIENT_SUPPORT
x041466	x001089	preferred	1000	0.000999000999	1	0	0	INSUFFICIENT_SUPPORT
x041466	x001092	preferred	1000	0.000999000999	1	0	0	INSUFFICIENT_SUPPORT
x041466	x001093	preferred	1000	0.000999000999	1	0	0	INSUFFICIENT_SUPPORT
x041466	x002339	preferred	1000	0.000999000999	1	0	0	INSUFFICIENT_SUPPORT
x041466	x017413	preferred	1000	0.000999000999	1	0	0	INSUFFICIENT_SUPPORT
x041466	x018499	preferred	1000	0.000999000999	1	0	0	INSUFFICIENT_SUPPORT
x041466	x018873	preferred	1000	0.000999000999	1	0	0	INSUFFICIENT_SUPPORT
x041466	x018874	preferred	1000	0.000999000999	1	0	0	INSUFFICIENT_SUPPORT
x041466	x038536	preferred	1000	0.000999000999	1	0	0	INSUFFICIENT_SUPPORT
x041466	x038538	preferred	1000	0.000999000999	1	0	0	INSUFFICIENT_SUPPORT
x041466	x039662	preferred	1000	0.000999000999	1	0	0	INSUFFICIENT_SUPPORT
x041466	x040216	preferred	1000	0.000999000999	1	0	0	INSUFFICIENT_SUPPORT
x041467	x000111	preferred	1000	0.000999000999	1	0	0	INSUFFICIENT_SUPPORT
x041467	x000164	preferred	1000	0.000999000999	1	0	0	INSUFFICIENT_SUPPORT
x041467	x018872	preferred	1000	0.000999000999	1	0	0	INSUFFICIENT_SUPPORT
x041467	x018874	preferred	1000	0.000999000999	1	0	0	INSUFFICIENT_SUPPORT
x041467	x025546	preferred	1000	0.000999000999	1	0	0	INSUFFICIENT_SUPPORT
x041467	x025553	preferred	1000	0.000999000999	1	0	0	INSUFFICIENT_SUPPORT
x041467	x025760	preferred	1000	0.000999000999	1	0	0	INSUFFICIENT_SUPPORT
x041467	x038541	preferred	1000	0.000999000999	1	0	0	INSUFFICIENT_SUPPORT
x041467	x038543	preferred	1000	0.000999000999	1	0	0	INSUFFICIENT_SUPPORT
x041467	x041260	preferred	1000	0.000999000999	1	0	0	INSUFFICIENT_SUPPORT
x041468	x005077	preferred	1000	0.000999000999	1	0	0	INSUFFICIENT_SUPPORT
x041468	x017894	preferred	1000	0.000999000999	1	0	0	INSUFFICIENT_SUPPORT
x041468	x018872	preferred	1000	0.000999000999	1	0	0	INSUFFICIENT_SUPPORT
x041468	x018875	preferred	1000	0.000999000999	1	0	0	INSUFFICIENT_SUPPORT
x041468	x018878	preferred	1000	0.000999000999	1	0	0	INSUFFICIENT_SUPPORT
x041468	x024932	preferred	1000	0.000999000999	1	0	0	INSUFFICIENT_SUPPORT
x041468	x037955	preferred	1000	0.000999000999	1	0	0	INSUFFICIENT_SUPPORT
x041468	x038542	preferred	1000	0.000999000999	1	0	0	INSUFFICIENT_SUPPORT
x041468	x041446	preferred	1000	0.000999000999	1	0	0	INSUFFICIENT_SUPPORT
x041469	x001091	preferred	1000	0.000999000999	1	0	0	INSUFFICIENT_SUPPORT
x041469	x024930	preferred	1000	0.000999000999	1	0	0	INSUFFICIENT_SUPPORT
x041469	x042803	preferred	1000	0.000999000999	1	0	0	INSUFFICIENT_SUPPORT
x041470	x034240	preferred	1000	0.000999000999	1	0	0	INSUFFICIENT_SUPPORT
x041471	x001093	preferred	1000	0.000999000999	1	0	0	INSUFFICIENT_SUPPORT
x041471	x037863	preferred	1000	0.000999000999	1	0	0	INSUFFICIENT_SUPPORT
x041471	x038537	preferred	1000	0.000999000999	1	0	0	INSUFFICIENT_SUPPORT
x041471	x038542	preferred	1000	0.000999000999	1	0	0	INSUFFICIENT_SUPPORT
x041528	x000107	preferred	1000	0.000999000999	1	0	0	INSUFFICIENT_SUPPORT
x041528	x010938	preferred	1000	0.000999000999	1	0	0	INSUFFICIENT_SUPPORT
x041528	x018496	preferred	1000	0.000999000999	1	0	0	INSUFFICIENT_SUPPORT
x041528	x018498	preferred	1000	0.000999000999	1	0	0	INSUFFICIENT_SUPPORT
x041528	x019936	preferred	1000	0.000999000999	1	0	0	INSUFFICIENT_SUPPORT
x041528	x041115	preferred	1000	0.000999000999	1	0	0	INSUFFICIENT_SUPPORT
x041529	x000108	preferred	1000	0.000999000999	1	0	0	INSUFFICIENT_SUPPORT
x041529	x001890	preferred	1000	0.000999000999	1	0	0	INSUFFICIENT_SUPPORT
x041529	x017379	preferred	1000	0.000999000999	1	0	0	INSUFFICIENT_SUPPORT
x041529	x017409	preferred	1000	0.000999000999	1	0	0	INSUFFICIENT_SUPPORT
x041529	x018498	preferred	1000	0.000999000999	1	0	0	INSUFFICIENT_SUPPORT
x041529	x018502	preferred	1000	0.000999000999	1	0	0	INSUFFICIENT_SUPPORT
x041529	x018503	preferred	1000	0.000999000999	1	0	0	INSUFFICIENT_SUPPORT
x041529	x019941	preferred	1000	0.000999000999	1	0	0	INSUFFICIENT_SUPPORT
x041529	x041118	preferred	1000	0.000999000999	1	0	0	INSUFFICIENT_SUPPORT
x041529	x042803	preferred	1000	0.000999000999	1	0	0	INSUFFICIENT_SUPPORT
x041530	x001392	preferred	1000	0.000999000999	1	0	0	INSUFFICIENT_SUPPORT
x041530	x008319	preferred	1000	0.000999000999	1	0	0	INSUFFICIENT_SUPPORT
x041530	x010936	preferred	1000	0.000999000999	1	0	0	INSUFFICIENT_SUPPORT
x041530	x016897	preferred	1000	0.000999000999	1	0	0	INSUFFICIENT_SUPPORT
x041530	x017411	preferred	1000	0.000999000999	1	0	0	INSUFFICIENT_SUPPORT
x041530	x018499	preferred	1000	0.000999000999	1	0	0	INSUFFICIENT_SUPPORT
x041530	x019939	preferred	1000	0.000999000999	1	0	0	INSUFFICIENT_SUPPORT
x041530	x031618	preferred	1000	0.000999000999	1	0	0	INSUFFICIENT_SUPPORT
x041530	x037856	preferred	1000	0.000999000999	1	0	0	INSUFFICIENT_SUPPORT
x041530	x041116	preferred	1000	0.000999000999	1	0	0	INSUFFICIENT_SUPPORT
x041530	x042106	preferred	1000	0.000999000999	1	0	0	INSUFFICIENT_SUPPORT
x041531	x000108	preferred	1000	0.000999000999	1	0	0	INSUFFICIENT_SUPPORT
x041531	x000111	preferred	1000	0.000999000999	1	0	0	INSUFFICIENT_SUPPORT
x041531	x008318	preferred	1000	0.000999000999	1	0	0	INSUFFICIENT_SUPPORT
x041531	x017377	preferred	1000	0.000999000999	1	0	0	INSUFFICIENT_SUPPORT
x041531	x017415	preferred	1000	0.000999000999	1	0	0	INSUFFICIENT_SUPPORT
x041531	x018498	preferred	1000	0.000999000999	1	0	0	INSUFFICIENT_SUPPORT
x041531	x019938	preferred	1000	0.000999000999	1	0	0	INSUFFICIENT_SUPPORT
x041531	x019942	preferred	1000	0.000999000999	1	0	0	INSUFFICIENT_SUPPORT
x041531	x031619	preferred	1000	0.000999000999	1	0	0	INSUFFICIENT_SUPPORT
x041531	x037987	preferred	1000	0.000999000999	1	0	0	INSUFFICIENT_SUPPORT
x041531	x038538	preferred	1000	0.000999000999	1	0	0	INSUFFICIENT_SUPPORT
x041531	x041117	preferred	1000	0.000999000999	1	0	0	INSUFFICIENT_SUPPORT
x041531	x041257	preferred	1000	0.000999000999	1	0	0	INSUFFICIENT_SUPPORT
x041531	x042803	preferred	1000	0.000999000999	1	0	0	INSUFFICIENT_SUPPORT
x041532	x010939	preferred	1000	0.000999000999	1	0	0	INSUFFICIENT_SUPPORT
x041532	x018496	preferred	1000	0.000999000999	1	0	0	INSUFFICIENT_SUPPORT
x041532	x019942	preferred	1000	0.000999000999	1	0	0	INSUFFICIENT_SUPPORT
x041532	x041263	preferred	1000	0.000999000999	1	0	0	INSUFFICIENT_SUPPORT
x041533	x000104	preferred	1000	0.000999000999	1	0	0	INSUFFICIENT_SUPPORT
x041533	x000111	preferred	1000	0.000999000999	1	0	0	INSUFFICIENT_SUPPORT
x041533	x008313	preferred	1000	0.000999000999	1	0	0	INSUFFICIENT_SUPPORT
x041533	x008319	preferred	1000	0.000999000999	1	0	0	INSUFFICIENT_SUPPORT
x041533	x010936	preferred	1000	0.000999000999	1	0	0	INSUFFICIENT_SUPPORT
x041533	x017376	preferred	1000	0.000999000999	1	0	0	INSUFFICIENT_SUPPORT
x041533	x018496	preferred	1000	0.000999000999	1	0	0	INSUFFICIENT_SUPPORT
x041533	x018878	preferred	1000	0.000999000999	1	0	0	INSUFFICIENT_SUPPORT
x041533	x019938	preferred	1000	0.000999000999	1	0	0	INSUFFICIENT_SUPPORT
x041533	x019940	preferred	1000	0.000999000999	1	0	0	INSUFFICIENT_SUPPORT
x041533	x020022	preferred	1000	0.000999000999	1	0	0	INSUFFICIENT_SUPPORT
x041533	x037858	preferred	1000	0.000999000999	1	0	0	INSUFFICIENT_SUPPORT
x041533	x041114	preferred	1000	0.000999000999	1	0	0	INSUFFICIENT_SUPPORT
x041533	x042800	preferred	1000	0.000999000999	1	0	0	INSUFFICIENT_SUPPORT
x041533	x042804	preferred	1000	0.000999000999	1	0	0	INSUFFICIENT_SUPPORT
x041534	x000104	preferred	1000	0.000999000999	1	0	0	INSUFFICIENT_SUPPORT
x041534	x000105	preferred	1000	0.000999000999	1	0	0	INSUFFICIENT_SUPPORT
x041534	x018503	preferred	1000	0.000999000999	1	0	0	INSUFFICIENT_SUPPORT
x041534	x019936	preferred	1000	0.000999000999	1	0	0	INSUFFICIENT_SUPPORT
x041534	x020021	preferred	1000	0.000999000999	1	0	0	INSUFFICIENT_SUPPORT
x041534	x020023	preferred	1000	0.000999000999	1	0	0	INSUFFICIENT_SUPPORT
x041534	x038537	preferred	1000	0.000999000999	1	0	0	INSUFFICIENT_SUPPORT
x041534	x042111	preferred	1000	0.000999000999	1	0	0	INSUFFICIENT_SUPPORT
x041534	x042807	preferred	1000	0.000999000999	1	0	0	INSUFFICIENT_SUPPORT
x041535	x000108	preferred	1000	0.000999000999	1	0	0	INSUFFICIENT_SUPPORT
x041535	x008314	preferred	1000	0.000999000999	1	0	0	INSUFFICIENT_SUPPORT
x041535	x010942	preferred	1000	0.000999000999	1	0	0	INSUFFICIENT_SUPPORT
x041535	x016902	preferred	1000	0.000999000999	1	0	0	INSUFFICIENT_SUPPORT
x041535	x018497	preferred	1000	0.000999000999	1	0	0	INSUFFICIENT_SUPPORT
x041535	x019937	preferred	1000	0.000999000999	1	0	0	INSUFFICIENT_SUPPORT
x041535	x019939	preferred	1000	0.000999000999	1	0	0	INSUFFICIENT_SUPPORT
x041535	x020022	preferred	1000	0.000999000999	1	0	0	INSUFFICIENT_SUPPORT
x041535	x025009	preferred	1000	0.000999000999	1	0	0	INSUFFICIENT_SUPPORT
x041535	x038109	preferred	1000	0.000999000999	1	0	0	INSUFFICIENT_SUPPORT
x041535	x041115	preferred	1000	0.000999000999	1	0	0	INSUFFICIENT_SUPPORT
x041535	x042468	preferred	1000	0.000999000999	1	0	0	INSUFFICIENT_SUPPORT
x041584	x017411	preferred	1000	0.000999000999	1	0	0	INSUFFICIENT_SUPPORT
x041584	x017413	preferred	1000	0.000999000999	1	0	0	INSUFFICIENT_SUPPORT
x041584	x018498	preferred	1000	0.000999000999	1	0	0	INSUFFICIENT_SUPPORT
x041584	x018500	preferred	1000	0.000999000999	1	0	0	INSUFFICIENT_SUPPORT
x041584	x018502	preferred	1000	0.000999000999	1	0	0	INSUFFICIENT_SUPPORT
x041584	x037851	preferred	1000	0.000999000999	1	0	0	INSUFFICIENT_SUPPORT
x041584	x037860	preferred	1000	0.000999000999	1	0	0	INSUFFICIENT_SUPPORT
x041584	x037953	preferred	1000	0.000999000999	1	0	0	INSUFFICIENT_SUPPORT
x041584	x041259	preferred	1000	0.000999000999	1	0	0	INSUFFICIENT_SUPPORT
x041584	x041260	preferred	1000	0.000999000999	1	0	0	INSUFFICIENT_SUPPORT
x041584	x041262	preferred	1000	0.000999000999	1	0	0	INSUFFICIENT_SUPPORT
x041585	x017410	preferred	1000	0.000999000999	1	0	0	INSUFFICIENT_SUPPORT
x041585	x017411	preferred	1000	0.000999000999	1	0	0	INSUFFICIENT_SUPPORT
x041585	x017414	preferred	1000	0.000999000999	1	0	0	INSUFFICIENT_SUPPORT
x041585	x018496	preferred	1000	0.000999000999	1	0	0	INSUFFICIENT_SUPPORT
x041585	x018497	preferred	1000	0.000999000999	1	0	0	INSUFFICIENT_SUPPORT
x041585	x018499	preferred	1000	0.000999000999	1	0	0	INSUFFICIENT_SUPPORT
x041585	x018502	preferred	1000	0.000999000999	1	0	0	INSUFFICIENT_SUPPORT
x041585	x020021	preferred	1000	0.000999000999	1	0	0	INSUFFICIENT_SUPPORT
x041585	x025764	preferred	1000	0.000999000999	1	0	0	INSUFFICIENT_SUPPORT
x041585	x041261	preferred	1000	0.000999000999	1	0	0	INSUFFICIENT_SUPPORT
x041585	x042805	preferred	1000	0.000999000999	1	0	0	INSUFFICIENT_SUPPORT
x041586	x017412	preferred	1000	0.000999000999	1	0	0	INSUFFICIENT_SUPPORT
x041586	x018501	preferred	1000	0.000999000999	1	0	0	INSUFFICIENT_SUPPORT
x041586	x018502	preferred	1000	0.000999000999	1	0	0	INSUFFICIENT_SUPPORT
x041586	x018503	preferred	1000	0.000999000999	1	0	0	INSUFFICIENT_SUPPORT
x041586	x037987	preferred	1000	0.000999000999	1	0	0	INSUFFICIENT_SUPPORT
x041586	x041261	preferred	1000	0.000999000999	1	0	0	INSUFFICIENT_SUPPORT
x041588	x002338	preferred	1000	0.000999000999	1	0	0	INSUFFICIENT_SUPPORT
x041588	x017409	preferred	1000	0.000999000999	1	0	0	INSUFFICIENT_SUPPORT
x041588	x017414	preferred	1000	0.000999000999	1	0	0	INSUFFICIENT_SUPPORT
x041588	x018497	preferred	1000	0.000999000999	1	0	0	INSUFFICIENT_SUPPORT
x041588	x018498	preferred	1000	0.000999000999	1	0	0	INSUFFICIENT_SUPPORT
x041588	x018501	preferred	1000	0.000999000999	1	0	0	INSUFFICIENT_SUPPORT
x041588	x018503	preferred	1000	0.000999000999	1	0	0	INSUFFICIENT_SUPPORT
x041588	x024247	preferred	1000	0.000999000999	1	0	0	INSUFFICIENT_SUPPORT
x041588	x037857	preferred	1000	0.000999000999	1	0	0	INSUFFICIENT_SUPPORT
x041588	x037986	preferred	1000	0.000999000999	1	0	0	INSUFFICIENT_SUPPORT
x041588	x041257	preferred	1000	0.000999000999	1	0	0	INSUFFICIENT_SUPPORT
x041588	x041261	preferred	1000	0.000999000999	1	0	0	INSUFFICIENT_SUPPORT
x041591	x017410	preferred	1000	0.000999000999	1	0	0	INSUFFICIENT_SUPPORT
x041591	x017414	preferred	1000	0.000999000999	1	0	0	INSUFFICIENT_SUPPORT
x041591	x018501	preferred	1000	0.000999000999	1	0	0	INSUFFICIENT_SUPPORT
x041591	x018502	preferred	1000	0.000999000999	1	0	0	INSUFFICIENT_SUPPORT
x041591	x018878	preferred	1000	0.000999000999	1	0	0	INSUFFICIENT_SUPPORT
x041591	x041256	preferred	1000	0.000999000999	1	0	0	INSUFFICIENT_SUPPORT
x041591	x041261	preferred	1000	0.000999000999	1	0	0	INSUFFICIENT_SUPPORT
x041591	x042800	preferred	1000	0.000999000999	1	0	0	INSUFFICIENT_SUPPORT
x041615	x017408	preferred	1000	0.000999000999	1	0	0	INSUFFICIENT_SUPPORT
x041615	x017414	preferred	1000	0.000999000999	1	0	0	INSUFFICIENT_SUPPORT
x041615	x018496	preferred	1000	0.000999000999	1	0	0	INSUFFICIENT_SUPPORT
x041615	x018501	preferred	1000	0.000999000999	1	0	0	INSUFFICIENT_SUPPORT
x041615	x037856	preferred	1000	0.000999000999	1	0	0	INSUFFICIENT_SUPPORT
x041615	x037858	preferred	1000	0.000999000999	1	0	0	INSUFFICIENT_SUPPORT
x041615	x037859	preferred	1000	0.000999000999	1	0	0	INSUFFICIENT_SUPPORT
x041615	x037861	preferred	1000	0.000999000999	1	0	0	INSUFFICIENT_SUPPORT
x041615	x037862	preferred	1000	0.000999000999	1	0	0	INSUFFICIENT_SUPPORT
x041615	x037986	preferred	1000	0.000999000999	1	0	0	INSUFFICIENT_SUPPORT
x041615	x041257	preferred	1000	0.000999000999	1	0	0	INSUFFICIENT_SUPPORT
x041656	x008312	preferred	1000	0.000999000999	1	0	0	INSUFFICIENT_SUPPORT
x041656	x016897	preferred	1000	0.000999000999	1	0	0	INSUFFICIENT_SUPPORT
x041656	x017289	preferred	1000	0.000999000999	1	0	0	INSUFFICIENT_SUPPORT
x041656	x017409	preferred	1000	0.000999000999	1	0	0	INSUFFICIENT_SUPPORT
x041656	x017413	preferred	1000	0.000999000999	1	0	0	INSUFFICIENT_SUPPORT
x041656	x017890	preferred	1000	0.000999000999	1	0	0	INSUFFICIENT_SUPPORT
x041656	x018497	preferred	1000	0.000999000999	1	0	0	INSUFFICIENT_SUPPORT
x041656	x019936	preferred	1000	0.000999000999	1	0	0	INSUFFICIENT_SUPPORT
x041656	x019941	preferred	1000	0.000999000999	1	0	0	INSUFFICIENT_SUPPORT
x041656	x024803	preferred	1000	0.000999000999	1	0	0	INSUFFICIENT_SUPPORT
x041656	x025011	preferred	1000	0.000999000999	1	0	0	INSUFFICIENT_SUPPORT
x041656	x033102	preferred	1000	0.000999000999	1	0	0	INSUFFICIENT_SUPPORT
x041656	x033411	preferred	1000	0.000999000999	1	0	0	INSUFFICIENT_SUPPORT
x041656	x037856	preferred	1000	0.000999000999	1	0	0	INSUFFICIENT_SUPPORT
x041656	x040639	preferred	1000	0.000999000999	1	0	0	INSUFFICIENT_SUPPORT
x041656	x041113	preferred	1000	0.000999000999	1	0	0	INSUFFICIENT_SUPPORT
x041656	x042467	preferred	1000	0.000999000999	1	0	0	INSUFFICIENT_SUPPORT
x041656	x042804	preferred	1000	0.000999000999	1	0	0	INSUFFICIENT_SUPPORT
x041657	x001888	preferred	1000	0.000999000999	1	0	0	INSUFFICIENT_SUPPORT
x041657	x016899	preferred	1000	0.000999000999	1	0	0	INSUFFICIENT_SUPPORT
x041657	x016900	preferred	1000	0.000999000999	1	0	0	INSUFFICIENT_SUPPORT
x041657	x016902	preferred	1000	0.000999000999	1	0	0	INSUFFICIENT_SUPPORT
x041657	x017411	preferred	1000	0.000999000999	1	0	0	INSUFFICIENT_SUPPORT
x041657	x018497	preferred	1000	0.000999000999	1	0	0	INSUFFICIENT_SUPPORT
x041657	x018498	preferred	1000	0.000999000999	1	0	0	INSUFFICIENT_SUPPORT
x041657	x018499	preferred	1000	0.000999000999	1	0	0	INSUFFICIENT_SUPPORT
x041657	x018501	preferred	1000	0.000999000999	1	0	0	INSUFFICIENT_SUPPORT
x041657	x024245	preferred	1000	0.000999000999	1	0	0	INSUFFICIENT_SUPPORT
x041657	x041114	preferred	1000	0.000999000999	1	0	0	INSUFFICIENT_SUPPORT
x041657	x041118	preferred	1000	0.000999000999	1	0	0	INSUFFICIENT_SUPPORT
x041657	x041119	preferred	1000	0.000999000999	1	0	0	INSUFFICIENT_SUPPORT
x041657	x041256	preferred	1000	0.000999000999	1	0	0	INSUFFICIENT_SUPPORT
x041657	x041259	preferred	1000	0.000999000999	1	0	0	INSUFFICIENT_SUPPORT
x041657	x041261	preferred	1000	0.000999000999	1	0	0	INSUFFICIENT_SUPPORT
x041657	x041262	preferred	1000	0.000999000999	1	0	0	INSUFFICIENT_SUPPORT
x041657	x042805	preferred	1000	0.000999000999	1	0	0	INSUFFICIENT_SUPPORT
x041658	x005104	preferred	1000	1	1	0	1	INSUFFICIENT_SUPPORT
x041658	x017383	preferred	1000	1	1	0	1	INSUFFICIENT_SUPPORT
x041658	x017408	preferred	1000	0.01398601399	1	1	1	INSUFFICIENT_SUPPORT
x041658	x017409	preferred	1000	1	1	0	1	INSUFFICIENT_SUPPORT
x041658	x017413	preferred	1000	1	1	0	1	INSUFFICIENT_SUPPORT
x041658	x018501	depleted	1000	0.98001998	1	0	1	INSUFFICIENT_SUPPORT
x041658	x019937	preferred	1000	1	1	0	1	INSUFFICIENT_SUPPORT
x041658	x019938	preferred	1000	1	1	0	1	INSUFFICIENT_SUPPORT
x041658	x019941	preferred	1000	1	1	0	1	INSUFFICIENT_SUPPORT
x041658	x023520	preferred	1000	0.01398601399	1	1	1	INSUFFICIENT_SUPPORT
x041658	x033099	preferred	1000	0.02797202797	1	1	1	INSUFFICIENT_SUPPORT
x041658	x037859	depleted	1000	0.9310689311	1	0	1	INSUFFICIENT_SUPPORT
x041658	x037860	depleted	1000	0.971028971	1	0	1	INSUFFICIENT_SUPPORT
x041658	x041112	preferred	1000	1	1	0	1	INSUFFICIENT_SUPPORT
x041658	x041115	preferred	1000	1	1	0	1	INSUFFICIENT_SUPPORT
x041658	x041260	preferred	1000	0.01398601399	1	1	1	INSUFFICIENT_SUPPORT
x041658	x041262	preferred	1000	1	1	0	1	INSUFFICIENT_SUPPORT
x041658	x041936	preferred	1000	1	1	0	1	INSUFFICIENT_SUPPORT
x041658	x041939	preferred	1000	1	1	0	1	INSUFFICIENT_SUPPORT
x041658	x042465	preferred	1000	1	1	0	1	INSUFFICIENT_SUPPORT
x041658	x042801	preferred	1000	1	1	0	1	INSUFFICIENT_SUPPORT
x041659	x000104	preferred	1000	0.000999000999	1	0	0	INSUFFICIENT_SUPPORT
x041659	x000110	preferred	1000	0.000999000999	1	0	0	INSUFFICIENT_SUPPORT
x041659	x016896	preferred	1000	0.000999000999	1	0	0	INSUFFICIENT_SUPPORT
x041659	x016899	preferred	1000	0.000999000999	1	0	0	INSUFFICIENT_SUPPORT
x041659	x016900	preferred	1000	0.000999000999	1	0	0	INSUFFICIENT_SUPPORT
x041659	x017292	preferred	1000	0.000999000999	1	0	0	INSUFFICIENT_SUPPORT
x041659	x017410	preferred	1000	0.000999000999	1	0	0	INSUFFICIENT_SUPPORT
x041659	x017414	preferred	1000	0.000999000999	1	0	0	INSUFFICIENT_SUPPORT
x041659	x017415	preferred	1000	0.000999000999	1	0	0	INSUFFICIENT_SUPPORT
x041659	x018496	preferred	1000	0.000999000999	1	0	0	INSUFFICIENT_SUPPORT
x041659	x018499	preferred	1000	0.000999000999	1	0	0	INSUFFICIENT_SUPPORT
x041659	x018500	preferred	1000	0.000999000999	1	0	0	INSUFFICIENT_SUPPORT
x041659	x018501	preferred	1000	0.000999000999	1	0	0	INSUFFICIENT_SUPPORT
x041659	x018502	preferred	1000	0.000999000999	1	0	0	INSUFFICIENT_SUPPORT
x041659	x019936	preferred	1000	0.000999000999	1	0	0	INSUFFICIENT_SUPPORT
x041659	x024804	preferred	1000	0.000999000999	1	0	0	INSUFFICIENT_SUPPORT
x041659	x025394	preferred	1000	0.000999000999	1	0	0	INSUFFICIENT_SUPPORT
x041659	x037858	preferred	1000	0.000999000999	1	0	0	INSUFFICIENT_SUPPORT
x041659	x037859	preferred	1000	0.000999000999	1	0	0	INSUFFICIENT_SUPPORT
x041659	x037987	preferred	1000	0.000999000999	1	0	0	INSUFFICIENT_SUPPORT
x041659	x041112	preferred	1000	0.000999000999	1	0	0	INSUFFICIENT_SUPPORT
x041659	x041115	preferred	1000	0.000999000999	1	0	0	INSUFFICIENT_SUPPORT
x041659	x041116	preferred	1000	0.000999000999	1	0	0	INSUFFICIENT_SUPPORT
x041659	x041257	preferred	1000	0.000999000999	1	0	0	INSUFFICIENT_SUPPORT
x041659	x041465	preferred	1000	0.000999000999	1	0	0	INSUFFICIENT_SUPPORT
x041659	x041468	preferred	1000	0.000999000999	1	0	0	INSUFFICIENT_SUPPORT
x041659	x042469	preferred	1000	0.000999000999	1	0	0	INSUFFICIENT_SUPPORT
x041659	x042807	preferred	1000	0.000999000999	1	0	0	INSUFFICIENT_SUPPORT
x041660	x016897	preferred	1000	0.000999000999	1	0	0	INSUFFICIENT_SUPPORT
x041660	x016902	preferred	1000	0.000999000999	1	0	0	INSUFFICIENT_SUPPORT
x041660	x017293	preferred	1000	0.000999000999	1	0	0	INSUFFICIENT_SUPPORT
x041660	x017414	preferred	1000	0.000999000999	1	0	0	INSUFFICIENT_SUPPORT
x041660	x017998	preferred	1000	0.000999000999	1	0	0	INSUFFICIENT_SUPPORT
x041660	x018496	preferred	1000	0.000999000999	1	0	0	INSUFFICIENT_SUPPORT
x041660	x018498	preferred	1000	0.000999000999	1	0	0	INSUFFICIENT_SUPPORT
x041660	x018499	preferred	1000	0.000999000999	1	0	0	INSUFFICIENT_SUPPORT
x041660	x018875	preferred	1000	0.000999000999	1	0	0	INSUFFICIENT_SUPPORT
x041660	x019938	preferred	1000	0.000999000999	1	0	0	INSUFFICIENT_SUPPORT
x041660	x020018	preferred	1000	0.000999000999	1	0	0	INSUFFICIENT_SUPPORT
x041660	x020023	preferred	1000	0.000999000999	1	0	0	INSUFFICIENT_SUPPORT
x041660	x041113	preferred	1000	0.000999000999	1	0	0	INSUFFICIENT_SUPPORT
x041660	x042465	preferred	1000	0.000999000999	1	0	0	INSUFFICIENT_SUPPORT
x041660	x042805	preferred	1000	0.000999000999	1	0	0	INSUFFICIENT_SUPPORT
x041661	x016902	preferred	1000	0.000999000999	1	0	0	INSUFFICIENT_SUPPORT
x041661	x016903	preferred	1000	0.000999000999	1	0	0	INSUFFICIENT_SUPPORT
x041661	x017288	preferred	1000	0.000999000999	1	0	0	INSUFFICIENT_SUPPORT
x041661	x017894	preferred	1000	0.000999000999	1	0	0	INSUFFICIENT_SUPPORT
x041661	x018497	preferred	1000	0.000999000999	1	0	0	INSUFFICIENT_SUPPORT
x041661	x018500	preferred	1000	0.000999000999	1	0	0	INSUFFICIENT_SUPPORT
x041661	x018501	preferred	1000	0.000999000999	1	0	0	INSUFFICIENT_SUPPORT
x041661	x018502	preferred	1000	0.000999000999	1	0	0	INSUFFICIENT_SUPPORT
x041661	x018877	preferred	1000	0.000999000999	1	0	0	INSUFFICIENT_SUPPORT
x041661	x019936	preferred	1000	0.000999000999	1	0	0	INSUFFICIENT_SUPPORT
x041661	x019937	preferred	1000	0.000999000999	1	0	0	INSUFFICIENT_SUPPORT
x041661	x020020	preferred	1000	0.000999000999	1	0	0	INSUFFICIENT_SUPPORT
x041661	x032993	preferred	1000	0.000999000999	1	0	0	INSUFFICIENT_SUPPORT
x041661	x037858	preferred	1000	0.000999000999	1	0	0	INSUFFICIENT_SUPPORT
x041661	x038539	preferred	1000	0.000999000999	1	0	0	INSUFFICIENT_SUPPORT
x041661	x038675	preferred	1000	0.000999000999	1	0	0	INSUFFICIENT_SUPPORT
x041661	x041112	preferred	1000	0.000999000999	1	0	0	INSUFFICIENT_SUPPORT
x041661	x041115	preferred	1000	0.000999000999	1	0	0	INSUFFICIENT_SUPPORT
x041661	x041260	preferred	1000	0.000999000999	1	0	0	INSUFFICIENT_SUPPORT
x041661	x041263	preferred	1000	0.000999000999	1	0	0	INSUFFICIENT_SUPPORT
x041661	x042465	preferred	1000	0.000999000999	1	0	0	INSUFFICIENT_SUPPORT
x041661	x042466	preferred	1000	0.000999000999	1	0	0	INSUFFICIENT_SUPPORT
x041661	x042816	preferred	1000	0.000999000999	1	0	0	INSUFFICIENT_SUPPORT
x041662	x000106	preferred	1000	0.000999000999	1	0	0	INSUFFICIENT_SUPPORT
x041662	x016903	preferred	1000	0.000999000999	1	0	0	INSUFFICIENT_SUPPORT
x041662	x017292	preferred	1000	0.000999000999	1	0	0	INSUFFICIENT_SUPPORT
x041662	x017295	preferred	1000	0.000999000999	1	0	0	INSUFFICIENT_SUPPORT
x041662	x017408	preferred	1000	0.000999000999	1	0	0	INSUFFICIENT_SUPPORT
x041662	x017412	preferred	1000	0.000999000999	1	0	0	INSUFFICIENT_SUPPORT
x041662	x018501	preferred	1000	0.000999000999	1	0	0	INSUFFICIENT_SUPPORT
x041662	x018503	preferred	1000	0.000999000999	1	0	0	INSUFFICIENT_SUPPORT
x041662	x019940	preferred	1000	0.000999000999	1	0	0	INSUFFICIENT_SUPPORT
x041662	x019941	preferred	1000	0.000999000999	1	0	0	INSUFFICIENT_SUPPORT
x041662	x023368	preferred	1000	0.000999000999	1	0	0	INSUFFICIENT_SUPPORT
x041662	x037859	preferred	1000	0.000999000999	1	0	0	INSUFFICIENT_SUPPORT
x041662	x041113	preferred	1000	0.000999000999	1	0	0	INSUFFICIENT_SUPPORT
x041662	x041118	preferred	1000	0.000999000999	1	0	0	INSUFFICIENT_SUPPORT
x041662	x041119	preferred	1000	0.000999000999	1	0	0	INSUFFICIENT_SUPPORT
x041662	x041469	preferred	1000	0.000999000999	1	0	0	INSUFFICIENT_SUPPORT
x041663	x001893	preferred	1000	0.000999000999	1	0	0	INSUFFICIENT_SUPPORT
x041663	x001895	preferred	1000	0.000999000999	1	0	0	INSUFFICIENT_SUPPORT
x041663	x016902	preferred	1000	0.000999000999	1	0	0	INSUFFICIENT_SUPPORT
x041663	x017410	preferred	1000	0.000999000999	1	0	0	INSUFFICIENT_SUPPORT
x041663	x018260	preferred	1000	0.000999000999	1	0	0	INSUFFICIENT_SUPPORT
x041663	x018498	preferred	1000	0.000999000999	1	0	0	INSUFFICIENT_SUPPORT
x041663	x018500	preferred	1000	0.000999000999	1	0	0	INSUFFICIENT_SUPPORT
x041663	x018501	preferred	1000	0.000999000999	1	0	0	INSUFFICIENT_SUPPORT
x041663	x019936	preferred	1000	0.000999000999	1	0	0	INSUFFICIENT_SUPPORT
x041663	x019939	preferred	1000	0.000999000999	1	0	0	INSUFFICIENT_SUPPORT
x041663	x019942	preferred	1000	0.000999000999	1	0	0	INSUFFICIENT_SUPPORT
x041663	x024241	preferred	1000	0.000999000999	1	0	0	INSUFFICIENT_SUPPORT
x041663	x033097	preferred	1000	0.000999000999	1	0	0	INSUFFICIENT_SUPPORT
x041663	x033100	preferred	1000	0.000999000999	1	0	0	INSUFFICIENT_SUPPORT
x041663	x033310	preferred	1000	0.000999000999	1	0	0	INSUFFICIENT_SUPPORT
x041663	x037858	preferred	1000	0.000999000999	1	0	0	INSUFFICIENT_SUPPORT
x041663	x037861	preferred	1000	0.000999000999	1	0	0	INSUFFICIENT_SUPPORT
x041663	x041259	preferred	1000	0.000999000999	1	0	0	INSUFFICIENT_SUPPORT
x041663	x041261	preferred	1000	0.000999000999	1	0	0	INSUFFICIENT_SUPPORT
x041663	x042464	preferred	1000	0.000999000999	1	0	0	INSUFFICIENT_SUPPORT
x041663	x042465	preferred	1000	0.000999000999	1	0	0	INSUFFICIENT_SUPPORT
x041663	x042807	preferred	1000	0.000999000999	1	0	0	INSUFFICIENT_SUPPORT
x041801	x002104	preferred	1000	0.000999000999	1	0	0	INSUFFICIENT_SUPPORT
x041801	x017294	preferred	1000	0.000999000999	1	0	0	INSUFFICIENT_SUPPORT
x041801	x019937	preferred	1000	0.000999000999	1	0	0	INSUFFICIENT_SUPPORT
x041801	x025760	preferred	1000	0.000999000999	1	0	0	INSUFFICIENT_SUPPORT
x041801	x041112	preferred	1000	0.000999000999	1	0	0	INSUFFICIENT_SUPPORT
x041801	x041468	preferred	1000	0.000999000999	1	0	0	INSUFFICIENT_SUPPORT
x041801	x041941	preferred	1000	0.000999000999	1	0	0	INSUFFICIENT_SUPPORT
x041802	x001893	preferred	1000	0.000999000999	1	0	0	INSUFFICIENT_SUPPORT
x041802	x008315	preferred	1000	0.000999000999	1	0	0	INSUFFICIENT_SUPPORT
x041802	x016900	preferred	1000	0.000999000999	1	0	0	INSUFFICIENT_SUPPORT
x041802	x016902	preferred	1000	0.000999000999	1	0	0	INSUFFICIENT_SUPPORT
x041802	x016903	preferred	1000	0.000999000999	1	0	0	INSUFFICIENT_SUPPORT
x041803	x016900	preferred	1000	0.000999000999	1	0	0	INSUFFICIENT_SUPPORT
x041803	x016901	preferred	1000	0.000999000999	1	0	0	INSUFFICIENT_SUPPORT
x041803	x016903	preferred	1000	0.000999000999	1	0	0	INSUFFICIENT_SUPPORT
x041803	x017293	preferred	1000	0.000999000999	1	0	0	INSUFFICIENT_SUPPORT
x041803	x017382	preferred	1000	0.000999000999	1	0	0	INSUFFICIENT_SUPPORT
x041803	x041469	preferred	1000	0.000999000999	1	0	0	INSUFFICIENT_SUPPORT
x041803	x042109	preferred	1000	0.000999000999	1	0	0	INSUFFICIENT_SUPPORT
x041805	x001895	preferred	1000	0.000999000999	1	0	0	INSUFFICIENT_SUPPORT
x041805	x017288	preferred	1000	0.000999000999	1	0	0	INSUFFICIENT_SUPPORT
x041805	x017381	preferred	1000	0.000999000999	1	0	0	INSUFFICIENT_SUPPORT
x041805	x019939	preferred	1000	0.000999000999	1	0	0	INSUFFICIENT_SUPPORT
x041805	x019943	preferred	1000	0.000999000999	1	0	0	INSUFFICIENT_SUPPORT
x041805	x041116	preferred	1000	0.000999000999	1	0	0	INSUFFICIENT_SUPPORT
x041805	x041118	preferred	1000	0.000999000999	1	0	0	INSUFFICIENT_SUPPORT
x041806	x001891	preferred	1000	0.000999000999	1	0	0	INSUFFICIENT_SUPPORT
x041806	x016903	preferred	1000	0.000999000999	1	0	0	INSUFFICIENT_SUPPORT
x041806	x017382	preferred	1000	0.000999000999	1	0	0	INSUFFICIENT_SUPPORT
x041806	x018497	preferred	1000	0.000999000999	1	0	0	INSUFFICIENT_SUPPORT
x041806	x041118	preferred	1000	0.000999000999	1	0	0	INSUFFICIENT_SUPPORT
x041806	x041464	preferred	1000	0.000999000999	1	0	0	INSUFFICIENT_SUPPORT
x041806	x042467	preferred	1000	0.000999000999	1	0	0	INSUFFICIENT_SUPPORT
x041807	x001889	preferred	1000	0.000999000999	1	0	0	INSUFFICIENT_SUPPORT
x041807	x007099	preferred	1000	0.000999000999	1	0	0	INSUFFICIENT_SUPPORT
x041807	x008319	preferred	1000	0.000999000999	1	0	0	INSUFFICIENT_SUPPORT
x041807	x016896	preferred	1000	0.000999000999	1	0	0	INSUFFICIENT_SUPPORT
x041807	x016899	preferred	1000	0.000999000999	1	0	0	INSUFFICIENT_SUPPORT
x041807	x016900	preferred	1000	0.000999000999	1	0	0	INSUFFICIENT_SUPPORT
x041807	x019938	preferred	1000	0.000999000999	1	0	0	INSUFFICIENT_SUPPORT
x041807	x019941	preferred	1000	0.000999000999	1	0	0	INSUFFICIENT_SUPPORT
x041936	x002977	preferred	1000	0.000999000999	1	0	0	INSUFFICIENT_SUPPORT
x041936	x002980	preferred	1000	0.000999000999	1	0	0	INSUFFICIENT_SUPPORT
x041936	x002981	preferred	1000	0.000999000999	1	0	0	INSUFFICIENT_SUPPORT
x041936	x002982	preferred	1000	0.000999000999	1	0	0	INSUFFICIENT_SUPPORT
x041936	x010936	preferred	1000	0.000999000999	1	0	0	INSUFFICIENT_SUPPORT
x041936	x020639	preferred	1000	0.000999000999	1	0	0	INSUFFICIENT_SUPPORT
x041936	x024935	preferred	1000	0.000999000999	1	0	0	INSUFFICIENT_SUPPORT
x041938	x002977	preferred	1000	0.000999000999	1	0	0	INSUFFICIENT_SUPPORT
x041938	x002978	preferred	1000	0.000999000999	1	0	0	INSUFFICIENT_SUPPORT
x041938	x002983	preferred	1000	0.000999000999	1	0	0	INSUFFICIENT_SUPPORT
x041938	x017377	preferred	1000	0.000999000999	1	0	0	INSUFFICIENT_SUPPORT
x041938	x018498	preferred	1000	0.000999000999	1	0	0	INSUFFICIENT_SUPPORT
x041938	x021975	preferred	1000	0.000999000999	1	0	0	INSUFFICIENT_SUPPORT
x041938	x038057	preferred	1000	0.000999000999	1	0	0	INSUFFICIENT_SUPPORT
x041939	x002981	preferred	1000	0.000999000999	1	0	0	INSUFFICIENT_SUPPORT
x041939	x005073	preferred	1000	0.000999000999	1	0	0	INSUFFICIENT_SUPPORT
x041939	x017381	preferred	1000	0.000999000999	1	0	0	INSUFFICIENT_SUPPORT
x041939	x017383	preferred	1000	0.000999000999	1	0	0	INSUFFICIENT_SUPPORT
x041940	x001431	preferred	1000	0.000999000999	1	0	0	INSUFFICIENT_SUPPORT
x041940	x002976	preferred	1000	0.000999000999	1	0	0	INSUFFICIENT_SUPPORT
x041940	x002979	preferred	1000	0.000999000999	1	0	0	INSUFFICIENT_SUPPORT
x041940	x002980	preferred	1000	0.000999000999	1	0	0	INSUFFICIENT_SUPPORT
x041940	x002981	preferred	1000	0.000999000999	1	0	0	INSUFFICIENT_SUPPORT
x041940	x002982	preferred	1000	0.000999000999	1	0	0	INSUFFICIENT_SUPPORT
x041940	x017377	preferred	1000	0.000999000999	1	0	0	INSUFFICIENT_SUPPORT
x041940	x024934	preferred	1000	0.000999000999	1	0	0	INSUFFICIENT_SUPPORT
x041940	x032444	preferred	1000	0.000999000999	1	0	0	INSUFFICIENT_SUPPORT
x041941	x002976	preferred	1000	0.000999000999	1	0	0	INSUFFICIENT_SUPPORT
x041941	x002979	preferred	1000	0.000999000999	1	0	0	INSUFFICIENT_SUPPORT
x041941	x007099	preferred	1000	0.000999000999	1	0	0	INSUFFICIENT_SUPPORT
x041941	x010938	preferred	1000	0.000999000999	1	0	0	INSUFFICIENT_SUPPORT
x041941	x017379	preferred	1000	0.000999000999	1	0	0	INSUFFICIENT_SUPPORT
x041941	x018496	preferred	1000	0.000999000999	1	0	0	INSUFFICIENT_SUPPORT
x041941	x018872	preferred	1000	0.000999000999	1	0	0	INSUFFICIENT_SUPPORT
x041941	x024932	preferred	1000	0.000999000999	1	0	0	INSUFFICIENT_SUPPORT
x041942	x002981	preferred	1000	0.000999000999	1	0	0	INSUFFICIENT_SUPPORT
x041942	x002982	preferred	1000	0.000999000999	1	0	0	INSUFFICIENT_SUPPORT
x041942	x005074	preferred	1000	0.000999000999	1	0	0	INSUFFICIENT_SUPPORT
x041942	x010939	preferred	1000	0.000999000999	1	0	0	INSUFFICIENT_SUPPORT
x041942	x017382	preferred	1000	0.000999000999	1	0	0	INSUFFICIENT_SUPPORT
x041942	x024928	preferred	1000	0.000999000999	1	0	0	INSUFFICIENT_SUPPORT
x041942	x032443	preferred	1000	0.000999000999	1	0	0	INSUFFICIENT_SUPPORT
x042104	x000104	preferred	1000	0.000999000999	1	0	0	INSUFFICIENT_SUPPORT
x042104	x000105	preferred	1000	0.000999000999	1	0	0	INSUFFICIENT_SUPPORT
x042104	x000106	preferred	1000	0.000999000999	1	0	0	INSUFFICIENT_SUPPORT
x042104	x000107	preferred	1000	0.000999000999	1	0	0	INSUFFICIENT_SUPPORT
x042104	x000109	preferred	1000	0.000999000999	1	0	0	INSUFFICIENT_SUPPORT
x042104	x000110	preferred	1000	0.000999000999	1	0	0	INSUFFICIENT_SUPPORT
x042104	x000111	preferred	1000	0.000999000999	1	0	0	INSUFFICIENT_SUPPORT
x042104	x001091	preferred	1000	0.000999000999	1	0	0	INSUFFICIENT_SUPPORT
x042104	x001395	preferred	1000	0.000999000999	1	0	0	INSUFFICIENT_SUPPORT
x042104	x017832	preferred	1000	0.000999000999	1	0	0	INSUFFICIENT_SUPPORT
x042104	x017839	preferred	1000	0.000999000999	1	0	0	INSUFFICIENT_SUPPORT
x042104	x017889	preferred	1000	0.000999000999	1	0	0	INSUFFICIENT_SUPPORT
x042104	x017891	preferred	1000	0.000999000999	1	0	0	INSUFFICIENT_SUPPORT
x042104	x017895	preferred	1000	0.000999000999	1	0	0	INSUFFICIENT_SUPPORT
x042104	x020022	preferred	1000	0.000999000999	1	0	0	INSUFFICIENT_SUPPORT
x042104	x022955	preferred	1000	0.000999000999	1	0	0	INSUFFICIENT_SUPPORT
x042104	x024247	preferred	1000	0.000999000999	1	0	0	INSUFFICIENT_SUPPORT
x042104	x034676	preferred	1000	0.000999000999	1	0	0	INSUFFICIENT_SUPPORT
x042104	x037856	preferred	1000	0.000999000999	1	0	0	INSUFFICIENT_SUPPORT
x042104	x037857	preferred	1000	0.000999000999	1	0	0	INSUFFICIENT_SUPPORT
x042104	x037858	preferred	1000	0.000999000999	1	0	0	INSUFFICIENT_SUPPORT
x042104	x037859	preferred	1000	0.000999000999	1	0	0	INSUFFICIENT_SUPPORT
x042104	x037860	preferred	1000	0.000999000999	1	0	0	INSUFFICIENT_SUPPORT
x042104	x037861	preferred	1000	0.000999000999	1	0	0	INSUFFICIENT_SUPPORT
x042104	x037862	preferred	1000	0.000999000999	1	0	0	INSUFFICIENT_SUPPORT
x042104	x038105	preferred	1000	0.000999000999	1	0	0	INSUFFICIENT_SUPPORT
x042104	x040258	preferred	1000	0.000999000999	1	0	0	INSUFFICIENT_SUPPORT
x042104	x040259	preferred	1000	0.000999000999	1	0	0	INSUFFICIENT_SUPPORT
x042104	x040261	preferred	1000	0.000999000999	1	0	0	INSUFFICIENT_SUPPORT
x042104	x040262	preferred	1000	0.000999000999	1	0	0	INSUFFICIENT_SUPPORT
x042104	x042804	preferred	1000	0.000999000999	1	0	0	INSUFFICIENT_SUPPORT
x042104	x042805	preferred	1000	0.000999000999	1	0	0	INSUFFICIENT_SUPPORT
x042105	x000104	preferred	1000	0.000999000999	1	0	0	INSUFFICIENT_SUPPORT
x042105	x000106	preferred	1000	0.000999000999	1	0	0	INSUFFICIENT_SUPPORT
x042105	x000107	preferred	1000	0.000999000999	1	0	0	INSUFFICIENT_SUPPORT
x042105	x000109	preferred	1000	0.000999000999	1	0	0	INSUFFICIENT_SUPPORT
x042105	x000110	preferred	1000	0.000999000999	1	0	0	INSUFFICIENT_SUPPORT
x042105	x000111	preferred	1000	0.000999000999	1	0	0	INSUFFICIENT_SUPPORT
x042105	x001092	preferred	1000	0.000999000999	1	0	0	INSUFFICIENT_SUPPORT
x042105	x001394	preferred	1000	0.000999000999	1	0	0	INSUFFICIENT_SUPPORT
x042105	x001396	preferred	1000	0.000999000999	1	0	0	INSUFFICIENT_SUPPORT
x042105	x017835	preferred	1000	0.000999000999	1	0	0	INSUFFICIENT_SUPPORT
x042105	x017888	preferred	1000	0.000999000999	1	0	0	INSUFFICIENT_SUPPORT
x042105	x017890	preferred	1000	0.000999000999	1	0	0	INSUFFICIENT_SUPPORT
x042105	x017892	preferred	1000	0.000999000999	1	0	0	INSUFFICIENT_SUPPORT
x042105	x022955	preferred	1000	0.000999000999	1	0	0	INSUFFICIENT_SUPPORT
x042105	x037856	preferred	1000	0.000999000999	1	0	0	INSUFFICIENT_SUPPORT
x042105	x037857	preferred	1000	0.000999000999	1	0	0	INSUFFICIENT_SUPPORT
x042105	x037858	preferred	1000	0.000999000999	1	0	0	INSUFFICIENT_SUPPORT
x042105	x037860	preferred	1000	0.000999000999	1	0	0	INSUFFICIENT_SUPPORT
x042105	x037861	preferred	1000	0.000999000999	1	0	0	INSUFFICIENT_SUPPORT
x042105	x037862	preferred	1000	0.000999000999	1	0	0	INSUFFICIENT_SUPPORT
x042105	x037863	preferred	1000	0.000999000999	1	0	0	INSUFFICIENT_SUPPORT
x042105	x037903	preferred	1000	0.000999000999	1	0	0	INSUFFICIENT_SUPPORT
x042105	x040258	preferred	1000	0.000999000999	1	0	0	INSUFFICIENT_SUPPORT
x042105	x041531	preferred	1000	0.000999000999	1	0	0	INSUFFICIENT_SUPPORT
x042105	x042800	preferred	1000	0.000999000999	1	0	0	INSUFFICIENT_SUPPORT
x042105	x042801	preferred	1000	0.000999000999	1	0	0	INSUFFICIENT_SUPPORT
x042105	x042802	preferred	1000	0.000999000999	1	0	0	INSUFFICIENT_SUPPORT
x042105	x042807	preferred	1000	0.000999000999	1	0	0	INSUFFICIENT_SUPPORT
x042105	x042816	preferred	1000	0.000999000999	1	0	0	INSUFFICIENT_SUPPORT
x042106	x000104	preferred	1000	0.000999000999	1	0	0	INSUFFICIENT_SUPPORT
x042106	x000105	preferred	1000	0.000999000999	1	0	0	INSUFFICIENT_SUPPORT
x042106	x000107	preferred	1000	0.000999000999	1	0	0	INSUFFICIENT_SUPPORT
x042106	x000108	preferred	1000	0.000999000999	1	0	0	INSUFFICIENT_SUPPORT
x042106	x000110	preferred	1000	0.000999000999	1	0	0	INSUFFICIENT_SUPPORT
x042106	x000111	preferred	1000	0.000999000999	1	0	0	INSUFFICIENT_SUPPORT
x042106	x001090	preferred	1000	0.000999000999	1	0	0	INSUFFICIENT_SUPPORT
x042106	x001396	preferred	1000	0.000999000999	1	0	0	INSUFFICIENT_SUPPORT
x042106	x017678	preferred	1000	0.000999000999	1	0	0	INSUFFICIENT_SUPPORT
x042106	x017838	preferred	1000	0.000999000999	1	0	0	INSUFFICIENT_SUPPORT
x042106	x017889	preferred	1000	0.000999000999	1	0	0	INSUFFICIENT_SUPPORT
x042106	x017890	preferred	1000	0.000999000999	1	0	0	INSUFFICIENT_SUPPORT
x042106	x017891	preferred	1000	0.000999000999	1	0	0	INSUFFICIENT_SUPPORT
x042106	x017892	preferred	1000	0.000999000999	1	0	0	INSUFFICIENT_SUPPORT
x042106	x022956	preferred	1000	0.000999000999	1	0	0	INSUFFICIENT_SUPPORT
x042106	x024246	preferred	1000	0.000999000999	1	0	0	INSUFFICIENT_SUPPORT
x042106	x025767	preferred	1000	0.000999000999	1	0	0	INSUFFICIENT_SUPPORT
x042106	x034678	preferred	1000	0.000999000999	1	0	0	INSUFFICIENT_SUPPORT
x042106	x037853	preferred	1000	0.000999000999	1	0	0	INSUFFICIENT_SUPPORT
x042106	x037856	preferred	1000	0.000999000999	1	0	0	INSUFFICIENT_SUPPORT
x042106	x037857	preferred	1000	0.000999000999	1	0	0	INSUFFICIENT_SUPPORT
x042106	x037859	preferred	1000	0.000999000999	1	0	0	INSUFFICIENT_SUPPORT
x042106	x037861	preferred	1000	0.000999000999	1	0	0	INSUFFICIENT_SUPPORT
x042106	x037862	preferred	1000	0.000999000999	1	0	0	INSUFFICIENT_SUPPORT
x042106	x037863	preferred	1000	0.000999000999	1	0	0	INSUFFICIENT_SUPPORT
x042106	x038105	preferred	1000	0.000999000999	1	0	0	INSUFFICIENT_SUPPORT
x042106	x039663	preferred	1000	0.000999000999	1	0	0	INSUFFICIENT_SUPPORT
x042106	x042801	preferred	1000	0.000999000999	1	0	0	INSUFFICIENT_SUPPORT
x042107	x000104	preferred	1000	0.000999000999	1	0	0	INSUFFICIENT_SUPPORT
x042107	x000105	preferred	1000	0.000999000999	1	0	0	INSUFFICIENT_SUPPORT
x042107	x000106	preferred	1000	0.000999000999	1	0	0	INSUFFICIENT_SUPPORT
x042107	x000108	preferred	1000	0.000999000999	1	0	0	INSUFFICIENT_SUPPORT
x042107	x000110	preferred	1000	0.000999000999	1	0	0	INSUFFICIENT_SUPPORT
x042107	x000111	preferred	1000	0.000999000999	1	0	0	INSUFFICIENT_SUPPORT
x042107	x005072	preferred	1000	0.000999000999	1	0	0	INSUFFICIENT_SUPPORT
x042107	x017833	preferred	1000	0.000999000999	1	0	0	INSUFFICIENT_SUPPORT
x042107	x017835	preferred	1000	0.000999000999	1	0	0	INSUFFICIENT_SUPPORT
x042107	x017888	preferred	1000	0.000999000999	1	0	0	INSUFFICIENT_SUPPORT
x042107	x017889	preferred	1000	0.000999000999	1	0	0	INSUFFICIENT_SUPPORT
x042107	x017890	preferred	1000	0.000999000999	1	0	0	INSUFFICIENT_SUPPORT
x042107	x022954	preferred	1000	0.000999000999	1	0	0	INSUFFICIENT_SUPPORT
x042107	x024241	preferred	1000	0.000999000999	1	0	0	INSUFFICIENT_SUPPORT
x042107	x025544	preferred	1000	0.000999000999	1	0	0	INSUFFICIENT_SUPPORT
x042107	x025764	preferred	1000	0.000999000999	1	0	0	INSUFFICIENT_SUPPORT
x042107	x025766	preferred	1000	0.000999000999	1	0	0	INSUFFICIENT_SUPPORT
x042107	x034678	preferred	1000	0.000999000999	1	0	0	INSUFFICIENT_SUPPORT
x042107	x037858	preferred	1000	0.000999000999	1	0	0	INSUFFICIENT_SUPPORT
x042107	x037859	preferred	1000	0.000999000999	1	0	0	INSUFFICIENT_SUPPORT
x042107	x037860	preferred	1000	0.000999000999	1	0	0	INSUFFICIENT_SUPPORT
x042107	x037861	preferred	1000	0.000999000999	1	0	0	INSUFFICIENT_SUPPORT
x042107	x037862	preferred	1000	0.000999000999	1	0	0	INSUFFICIENT_SUPPORT
x042107	x037863	preferred	1000	0.000999000999	1	0	0	INSUFFICIENT_SUPPORT
x042107	x039662	preferred	1000	0.000999000999	1	0	0	INSUFFICIENT_SUPPORT
x042107	x040256	preferred	1000	0.000999000999	1	0	0	INSUFFICIENT_SUPPORT
x042107	x042807	preferred	1000	0.000999000999	1	0	0	INSUFFICIENT_SUPPORT
x042107	x042817	preferred	1000	0.000999000999	1	0	0	INSUFFICIENT_SUPPORT
x042108	x000105	preferred	1000	0.000999000999	1	0	0	INSUFFICIENT_SUPPORT
x042108	x000107	preferred	1000	0.000999000999	1	0	0	INSUFFICIENT_SUPPORT
x042108	x000108	preferred	1000	0.000999000999	1	0	0	INSUFFICIENT_SUPPORT
x042108	x000110	preferred	1000	0.000999000999	1	0	0	INSUFFICIENT_SUPPORT
x042108	x000111	preferred	1000	0.000999000999	1	0	0	INSUFFICIENT_SUPPORT
x042108	x001093	preferred	1000	0.000999000999	1	0	0	INSUFFICIENT_SUPPORT
x042108	x001393	preferred	1000	0.000999000999	1	0	0	INSUFFICIENT_SUPPORT
x042108	x001394	preferred	1000	0.000999000999	1	0	0	INSUFFICIENT_SUPPORT
x042108	x001397	preferred	1000	0.000999000999	1	0	0	INSUFFICIENT_SUPPORT
x042108	x017836	preferred	1000	0.000999000999	1	0	0	INSUFFICIENT_SUPPORT
x042108	x017891	preferred	1000	0.000999000999	1	0	0	INSUFFICIENT_SUPPORT
x042108	x017892	preferred	1000	0.000999000999	1	0	0	INSUFFICIENT_SUPPORT
x042108	x020016	preferred	1000	0.000999000999	1	0	0	INSUFFICIENT_SUPPORT
x042108	x024241	preferred	1000	0.000999000999	1	0	0	INSUFFICIENT_SUPPORT
x042108	x024247	preferred	1000	0.000999000999	1	0	0	INSUFFICIENT_SUPPORT
x042108	x025765	preferred	1000	0.000999000999	1	0	0	INSUFFICIENT_SUPPORT
x042108	x037856	preferred	1000	0.000999000999	1	0	0	INSUFFICIENT_SUPPORT
x042108	x037858	preferred	1000	0.000999000999	1	0	0	INSUFFICIENT_SUPPORT
x042108	x037859	preferred	1000	0.000999000999	1	0	0	INSUFFICIENT_SUPPORT
x042108	x037861	preferred	1000	0.000999000999	1	0	0	INSUFFICIENT_SUPPORT
x042108	x037862	preferred	1000	0.000999000999	1	0	0	INSUFFICIENT_SUPPORT
x042108	x038111	preferred	1000	0.000999000999	1	0	0	INSUFFICIENT_SUPPORT
x042108	x040257	preferred	1000	0.000999000999	1	0	0	INSUFFICIENT_SUPPORT
x042108	x040260	preferred	1000	0.000999000999	1	0	0	INSUFFICIENT_SUPPORT
x042108	x040262	preferred	1000	0.000999000999	1	0	0	INSUFFICIENT_SUPPORT
x042108	x042802	preferred	1000	0.000999000999	1	0	0	INSUFFICIENT_SUPPORT
x042109	x000104	preferred	1000	0.000999000999	1	0	0	INSUFFICIENT_SUPPORT
x042109	x000105	preferred	1000	0.000999000999	1	0	0	INSUFFICIENT_SUPPORT
x042109	x000106	preferred	1000	0.000999000999	1	0	0	INSUFFICIENT_SUPPORT
x042109	x000107	preferred	1000	0.000999000999	1	0	0	INSUFFICIENT_SUPPORT
x042109	x000108	preferred	1000	0.000999000999	1	0	0	INSUFFICIENT_SUPPORT
x042109	x000109	preferred	1000	0.000999000999	1	0	0	INSUFFICIENT_SUPPORT
x042109	x000111	preferred	1000	0.000999000999	1	0	0	INSUFFICIENT_SUPPORT
x042109	x017833	preferred	1000	0.000999000999	1	0	0	INSUFFICIENT_SUPPORT
x042109	x017836	preferred	1000	0.000999000999	1	0	0	INSUFFICIENT_SUPPORT
x042109	x017837	preferred	1000	0.000999000999	1	0	0	INSUFFICIENT_SUPPORT
x042109	x017839	preferred	1000	0.000999000999	1	0	0	INSUFFICIENT_SUPPORT
x042109	x017891	preferred	1000	0.000999000999	1	0	0	INSUFFICIENT_SUPPORT
x042109	x017892	preferred	1000	0.000999000999	1	0	0	INSUFFICIENT_SUPPORT
x042109	x017893	preferred	1000	0.000999000999	1	0	0	INSUFFICIENT_SUPPORT
x042109	x022954	preferred	1000	0.000999000999	1	0	0	INSUFFICIENT_SUPPORT
x042109	x022957	preferred	1000	0.000999000999	1	0	0	INSUFFICIENT_SUPPORT
x042109	x022958	preferred	1000	0.000999000999	1	0	0	INSUFFICIENT_SUPPORT
x042109	x024241	preferred	1000	0.000999000999	1	0	0	INSUFFICIENT_SUPPORT
x042109	x024243	preferred	1000	0.000999000999	1	0	0	INSUFFICIENT_SUPPORT
x042109	x024245	preferred	1000	0.000999000999	1	0	0	INSUFFICIENT_SUPPORT
x042109	x025762	preferred	1000	0.000999000999	1	0	0	INSUFFICIENT_SUPPORT
x042109	x025763	preferred	1000	0.000999000999	1	0	0	INSUFFICIENT_SUPPORT
x042109	x025766	preferred	1000	0.000999000999	1	0	0	INSUFFICIENT_SUPPORT
x042109	x034245	preferred	1000	0.000999000999	1	0	0	INSUFFICIENT_SUPPORT
x042109	x037857	preferred	1000	0.000999000999	1	0	0	INSUFFICIENT_SUPPORT
x042109	x037858	preferred	1000	0.000999000999	1	0	0	INSUFFICIENT_SUPPORT
x042109	x037860	preferred	1000	0.000999000999	1	0	0	INSUFFICIENT_SUPPORT
x042109	x037861	preferred	1000	0.000999000999	1	0	0	INSUFFICIENT_SUPPORT
x042109	x037863	preferred	1000	0.000999000999	1	0	0	INSUFFICIENT_SUPPORT
x042109	x040258	preferred	1000	0.000999000999	1	0	0	INSUFFICIENT_SUPPORT
x042109	x041658	preferred	1000	0.000999000999	1	0	0	INSUFFICIENT_SUPPORT
x042109	x042802	preferred	1000	0.000999000999	1	0	0	INSUFFICIENT_SUPPORT
x042109	x042817	preferred	1000	0.000999000999	1	0	0	INSUFFICIENT_SUPPORT
x042110	x000104	preferred	1000	0.000999000999	1	0	0	INSUFFICIENT_SUPPORT
x042110	x000106	preferred	1000	0.000999000999	1	0	0	INSUFFICIENT_SUPPORT
x042110	x000108	preferred	1000	0.000999000999	1	0	0	INSUFFICIENT_SUPPORT
x042110	x000109	preferred	1000	0.000999000999	1	0	0	INSUFFICIENT_SUPPORT
x042110	x000110	preferred	1000	0.000999000999	1	0	0	INSUFFICIENT_SUPPORT
x042110	x000111	preferred	1000	0.000999000999	1	0	0	INSUFFICIENT_SUPPORT
x042110	x001394	preferred	1000	0.000999000999	1	0	0	INSUFFICIENT_SUPPORT
x042110	x017673	preferred	1000	0.000999000999	1	0	0	INSUFFICIENT_SUPPORT
x042110	x017675	preferred	1000	0.000999000999	1	0	0	INSUFFICIENT_SUPPORT
x042110	x017838	preferred	1000	0.000999000999	1	0	0	INSUFFICIENT_SUPPORT
x042110	x017890	preferred	1000	0.000999000999	1	0	0	INSUFFICIENT_SUPPORT
x042110	x017891	preferred	1000	0.000999000999	1	0	0	INSUFFICIENT_SUPPORT
x042110	x020020	preferred	1000	0.000999000999	1	0	0	INSUFFICIENT_SUPPORT
x042110	x022957	preferred	1000	0.000999000999	1	0	0	INSUFFICIENT_SUPPORT
x042110	x024243	preferred	1000	0.000999000999	1	0	0	INSUFFICIENT_SUPPORT
x042110	x024247	preferred	1000	0.000999000999	1	0	0	INSUFFICIENT_SUPPORT
x042110	x034672	preferred	1000	0.000999000999	1	0	0	INSUFFICIENT_SUPPORT
x042110	x034673	preferred	1000	0.000999000999	1	0	0	INSUFFICIENT_SUPPORT
x042110	x037856	preferred	1000	0.000999000999	1	0	0	INSUFFICIENT_SUPPORT
x042110	x037857	preferred	1000	0.000999000999	1	0	0	INSUFFICIENT_SUPPORT
x042110	x037858	preferred	1000	0.000999000999	1	0	0	INSUFFICIENT_SUPPORT
x042110	x037859	preferred	1000	0.000999000999	1	0	0	INSUFFICIENT_SUPPORT
x042110	x039660	preferred	1000	0.000999000999	1	0	0	INSUFFICIENT_SUPPORT
x042110	x040263	preferred	1000	0.000999000999	1	0	0	INSUFFICIENT_SUPPORT
x042110	x041659	preferred	1000	0.000999000999	1	0	0	INSUFFICIENT_SUPPORT
x042110	x041663	preferred	1000	0.000999000999	1	0	0	INSUFFICIENT_SUPPORT
x042111	x000105	preferred	1000	0.000999000999	1	0	0	INSUFFICIENT_SUPPORT
x042111	x000107	preferred	1000	0.000999000999	1	0	0	INSUFFICIENT_SUPPORT
x042111	x000108	preferred	1000	0.000999000999	1	0	0	INSUFFICIENT_SUPPORT
x042111	x000109	preferred	1000	0.000999000999	1	0	0	INSUFFICIENT_SUPPORT
x042111	x000110	preferred	1000	0.000999000999	1	0	0	INSUFFICIENT_SUPPORT
x042111	x001091	preferred	1000	0.000999000999	1	0	0	INSUFFICIENT_SUPPORT
x042111	x001392	preferred	1000	0.000999000999	1	0	0	INSUFFICIENT_SUPPORT
x042111	x001399	preferred	1000	0.000999000999	1	0	0	INSUFFICIENT_SUPPORT
x042111	x017836	preferred	1000	0.000999000999	1	0	0	INSUFFICIENT_SUPPORT
x042111	x017889	preferred	1000	0.000999000999	1	0	0	INSUFFICIENT_SUPPORT
x042111	x017890	preferred	1000	0.000999000999	1	0	0	INSUFFICIENT_SUPPORT
x042111	x017892	preferred	1000	0.000999000999	1	0	0	INSUFFICIENT_SUPPORT
x042111	x024242	preferred	1000	0.000999000999	1	0	0	INSUFFICIENT_SUPPORT
x042111	x024806	preferred	1000	0.000999000999	1	0	0	INSUFFICIENT_SUPPORT
x042111	x025760	preferred	1000	0.000999000999	1	0	0	INSUFFICIENT_SUPPORT
x042111	x037857	preferred	1000	0.000999000999	1	0	0	INSUFFICIENT_SUPPORT
x042111	x037858	preferred	1000	0.000999000999	1	0	0	INSUFFICIENT_SUPPORT
x042111	x037859	preferred	1000	0.000999000999	1	0	0	INSUFFICIENT_SUPPORT
x042111	x037860	preferred	1000	0.000999000999	1	0	0	INSUFFICIENT_SUPPORT
x042111	x037861	preferred	1000	0.000999000999	1	0	0	INSUFFICIENT_SUPPORT
x042111	x037863	preferred	1000	0.000999000999	1	0	0	INSUFFICIENT_SUPPORT
x042111	x037882	preferred	1000	0.000999000999	1	0	0	INSUFFICIENT_SUPPORT
x042464	x002976	preferred	1000	0.000999000999	1	0	0	INSUFFICIENT_SUPPORT
x042464	x002980	preferred	1000	0.000999000999	1	0	0	INSUFFICIENT_SUPPORT
x042464	x002981	preferred	1000	0.000999000999	1	0	0	INSUFFICIENT_SUPPORT
x042464	x002983	preferred	1000	0.000999000999	1	0	0	INSUFFICIENT_SUPPORT
x042464	x017376	preferred	1000	0.000999000999	1	0	0	INSUFFICIENT_SUPPORT
x042464	x024928	preferred	1000	0.000999000999	1	0	0	INSUFFICIENT_SUPPORT
x042465	x002981	preferred	1000	0.000999000999	1	0	0	INSUFFICIENT_SUPPORT
x042465	x002982	preferred	1000	0.000999000999	1	0	0	INSUFFICIENT_SUPPORT
x042465	x010943	preferred	1000	0.000999000999	1	0	0	INSUFFICIENT_SUPPORT
x042465	x017376	preferred	1000	0.000999000999	1	0	0	INSUFFICIENT_SUPPORT
x042465	x017377	preferred	1000	0.000999000999	1	0	0	INSUFFICIENT_SUPPORT
x042465	x017379	preferred	1000	0.000999000999	1	0	0	INSUFFICIENT_SUPPORT
x042465	x017380	preferred	1000	0.000999000999	1	0	0	INSUFFICIENT_SUPPORT
x042465	x017381	preferred	1000	0.000999000999	1	0	0	INSUFFICIENT_SUPPORT
x042465	x017382	preferred	1000	0.000999000999	1	0	0	INSUFFICIENT_SUPPORT
x042465	x020022	preferred	1000	0.000999000999	1	0	0	INSUFFICIENT_SUPPORT
x042465	x020639	preferred	1000	0.000999000999	1	0	0	INSUFFICIENT_SUPPORT
x042465	x037912	preferred	1000	0.000999000999	1	0	0	INSUFFICIENT_SUPPORT
x042465	x042801	preferred	1000	0.000999000999	1	0	0	INSUFFICIENT_SUPPORT
x042465	x042802	preferred	1000	0.000999000999	1	0	0	INSUFFICIENT_SUPPORT
x042465	x042807	preferred	1000	0.000999000999	1	0	0	INSUFFICIENT_SUPPORT
x042466	x002978	preferred	1000	0.000999000999	1	0	0	INSUFFICIENT_SUPPORT
x042466	x002981	preferred	1000	0.000999000999	1	0	0	INSUFFICIENT_SUPPORT
x042466	x017378	preferred	1000	0.000999000999	1	0	0	INSUFFICIENT_SUPPORT
x042466	x017380	preferred	1000	0.000999000999	1	0	0	INSUFFICIENT_SUPPORT
x042466	x017411	preferred	1000	0.000999000999	1	0	0	INSUFFICIENT_SUPPORT
x042466	x024935	preferred	1000	0.000999000999	1	0	0	INSUFFICIENT_SUPPORT
x042467	x017377	preferred	1000	0.000999000999	1	0	0	INSUFFICIENT_SUPPORT
x042467	x017383	preferred	1000	0.000999000999	1	0	0	INSUFFICIENT_SUPPORT
x042467	x042806	preferred	1000	0.000999000999	1	0	0	INSUFFICIENT_SUPPORT
x042468	x002977	preferred	1000	0.000999000999	1	0	0	INSUFFICIENT_SUPPORT
x042468	x002978	preferred	1000	0.000999000999	1	0	0	INSUFFICIENT_SUPPORT
x042468	x002980	preferred	1000	0.000999000999	1	0	0	INSUFFICIENT_SUPPORT
x042468	x002981	preferred	1000	0.000999000999	1	0	0	INSUFFICIENT_SUPPORT
x042468	x002982	preferred	1000	0.000999000999	1	0	0	INSUFFICIENT_SUPPORT
x042468	x017377	preferred	1000	0.000999000999	1	0	0	INSUFFICIENT_SUPPORT
x042468	x017379	preferred	1000	0.000999000999	1	0	0	INSUFFICIENT_SUPPORT
x042468	x017381	preferred	1000	0.000999000999	1	0	0	INSUFFICIENT_SUPPORT
x042468	x018496	preferred	1000	0.000999000999	1	0	0	INSUFFICIENT_SUPPORT
x042468	x024930	preferred	1000	0.000999000999	1	0	0	INSUFFICIENT_SUPPORT
x042468	x024934	preferred	1000	0.000999000999	1	0	0	INSUFFICIENT_SUPPORT
x042468	x042806	preferred	1000	0.000999000999	1	0	0	INSUFFICIENT_SUPPORT
x042469	x002976	preferred	1000	0.000999000999	1	0	0	INSUFFICIENT_SUPPORT
x042469	x002982	preferred	1000	0.000999000999	1	0	0	INSUFFICIENT_SUPPORT
x042469	x017378	preferred	1000	0.000999000999	1	0	0	INSUFFICIENT_SUPPORT
x042469	x017380	preferred	1000	0.000999000999	1	0	0	INSUFFICIENT_SUPPORT
x042469	x017382	preferred	1000	0.000999000999	1	0	0	INSUFFICIENT_SUPPORT
x042469	x042802	preferred	1000	0.000999000999	1	0	0	INSUFFICIENT_SUPPORT
x042470	x002983	preferred	1000	0.000999000999	1	0	0	INSUFFICIENT_SUPPORT
x042470	x017376	preferred	1000	0.000999000999	1	0	0	INSUFFICIENT_SUPPORT
x042470	x017381	preferred	1000	0.000999000999	1	0	0	INSUFFICIENT_SUPPORT
x042470	x024928	preferred	1000	0.000999000999	1	0	0	INSUFFICIENT_SUPPORT
x042470	x024934	preferred	1000	0.000999000999	1	0	0	INSUFFICIENT_SUPPORT
x042470	x024935	preferred	1000	0.000999000999	1	0	0	INSUFFICIENT_SUPPORT
x042470	x025553	preferred	1000	0.000999000999	1	0	0	INSUFFICIENT_SUPPORT
x042470	x042804	preferred	1000	0.000999000999	1	0	0	INSUFFICIENT_SUPPORT
x042471	x002976	preferred	1000	0.000999000999	1	0	0	INSUFFICIENT_SUPPORT
x042471	x002978	preferred	1000	0.000999000999	1	0	0	INSUFFICIENT_SUPPORT
x042471	x002979	preferred	1000	0.000999000999	1	0	0	INSUFFICIENT_SUPPORT
x042471	x002981	preferred	1000	0.000999000999	1	0	0	INSUFFICIENT_SUPPORT
x042471	x002983	preferred	1000	0.000999000999	1	0	0	INSUFFICIENT_SUPPORT
x042471	x007098	preferred	1000	0.000999000999	1	0	0	INSUFFICIENT_SUPPORT
x042471	x017381	preferred	1000	0.000999000999	1	0	0	INSUFFICIENT_SUPPORT
x042471	x017382	preferred	1000	0.000999000999	1	0	0	INSUFFICIENT_SUPPORT
x042471	x017409	preferred	1000	0.000999000999	1	0	0	INSUFFICIENT_SUPPORT
x042471	x042807	preferred	1000	0.000999000999	1	0	0	INSUFFICIENT_SUPPORT
x042800	x001095	depleted	1000	1	1	0	1	INSUFFICIENT_SUPPORT
x042800	x001425	preferred	1000	1	1	0	1	INSUFFICIENT_SUPPORT
x042800	x001889	depleted	1000	0.984015984	1	0	1	INSUFFICIENT_SUPPORT
x042800	x001895	depleted	1000	0.982017982	1	0	1	INSUFFICIENT_SUPPORT
x042800	x002106	preferred	1000	1	1	0	1	INSUFFICIENT_SUPPORT
x042800	x002111	depleted	1000	1	1	0	1	INSUFFICIENT_SUPPORT
x042800	x002337	depleted	1000	1	1	0	1	INSUFFICIENT_SUPPORT
x042800	x005248	preferred	1000	1	1	0	1	INSUFFICIENT_SUPPORT
x042800	x005249	preferred	1000	1	1	0	1	INSUFFICIENT_SUPPORT
x042800	x005254	preferred	1000	1	1	0	1	INSUFFICIENT_SUPPORT
x042800	x014824	depleted	1000	1	1	0	1	INSUFFICIENT_SUPPORT
x042800	x016900	depleted	1000	0.98001998	1	0	1	INSUFFICIENT_SUPPORT
x042800	x016903	preferred	1000	1	1	0	1	INSUFFICIENT_SUPPORT
x042800	x017377	depleted	1000	0.985014985	1	0	1	INSUFFICIENT_SUPPORT
x042800	x017379	depleted	1000	0.985014985	1	0	1	INSUFFICIENT_SUPPORT
x042800	x017380	preferred	1000	1	1	0	1	INSUFFICIENT_SUPPORT
x042800	x017381	preferred	1000	0.02397602398	1	1	1	INSUFFICIENT_SUPPORT
x042800	x018256	preferred	1000	0.01598401598	1	1	1	INSUFFICIENT_SUPPORT
x042800	x020635	preferred	1000	1	1	0	1	INSUFFICIENT_SUPPORT
x042800	x023368	preferred	1000	1	1	0	1	INSUFFICIENT_SUPPORT
x042800	x024202	preferred	1000	1	1	0	1	INSUFFICIENT_SUPPORT
x042800	x024242	depleted	1000	0.982017982	1	0	1	INSUFFICIENT_SUPPORT
x042800	x032999	preferred	1000	1	1	0	1	INSUFFICIENT_SUPPORT
x042800	x033410	preferred	1000	1	1	0	1	INSUFFICIENT_SUPPORT
x042800	x037848	depleted	1000	0.981018981	1	0	1	INSUFFICIENT_SUPPORT
x042800	x037850	depleted	1000	0.988011988	1	0	1	INSUFFICIENT_SUPPORT
x042800	x037860	depleted	1000	0.958041958	1	0	1	INSUFFICIENT_SUPPORT
x042800	x038104	preferred	1000	1	1	0	1	INSUFFICIENT_SUPPORT
x042800	x038537	depleted	1000	1	1	0	1	INSUFFICIENT_SUPPORT
x042800	x041468	preferred	1000	1	1	0	1	INSUFFICIENT_SUPPORT
x042800	x041936	preferred	1000	1	1	0	1	INSUFFICIENT_SUPPORT
x042800	x041939	preferred	1000	1	1	0	1	INSUFFICIENT_SUPPORT
x042800	x042464	preferred	1000	1	1	0	1	INSUFFICIENT_SUPPORT
x042800	x042471	preferred	1000	0.01498501499	1	1	1	INSUFFICIENT_SUPPORT
x042801	x001427	depleted	1000	1	1	0	1	INSUFFICIENT_SUPPORT
x042801	x001888	preferred	1000	1	1	0	1	INSUFFICIENT_SUPPORT
x042801	x001889	preferred	1000	1	1	0	1	INSUFFICIENT_SUPPORT
x042801	x001893	preferred	1000	1	1	0	1	INSUFFICIENT_SUPPORT
x042801	x001894	preferred	1000	1	1	0	1	INSUFFICIENT_SUPPORT
x042801	x005077	preferred	1000	0.02197802198	1	1	1	INSUFFICIENT_SUPPORT
x042801	x005250	preferred	1000	1	1	0	1	INSUFFICIENT_SUPPORT
x042801	x005251	preferred	1000	1	1	0	1	INSUFFICIENT_SUPPORT
x042801	x014826	preferred	1000	1	1	0	1	INSUFFICIENT_SUPPORT
x042801	x014827	preferred	1000	1	1	0	1	INSUFFICIENT_SUPPORT
x042801	x016901	preferred	1000	1	1	0	1	INSUFFICIENT_SUPPORT
x042801	x016902	preferred	1000	1	1	0	1	INSUFFICIENT_SUPPORT
x042801	x017377	preferred	1000	1	1	0	1	INSUFFICIENT_SUPPORT
x042801	x017381	preferred	1000	1	1	0	1	INSUFFICIENT_SUPPORT
x042801	x017695	preferred	1000	1	1	0	1	INSUFFICIENT_SUPPORT
x042801	x018256	preferred	1000	1	1	0	1	INSUFFICIENT_SUPPORT
x042801	x018501	depleted	1000	0.986013986	1	0	1	INSUFFICIENT_SUPPORT
x042801	x018562	preferred	1000	1	1	0	1	INSUFFICIENT_SUPPORT
x042801	x018873	depleted	1000	0.985014985	1	0	1	INSUFFICIENT_SUPPORT
x042801	x018878	preferred	1000	0.02197802198	1	1	1	INSUFFICIENT_SUPPORT
x042801	x020635	preferred	1000	1	1	0	1	INSUFFICIENT_SUPPORT
x042801	x025658	preferred	1000	1	1	0	1	INSUFFICIENT_SUPPORT
x042801	x032445	preferred	1000	1	1	0	1	INSUFFICIENT_SUPPORT
x042801	x032447	preferred	1000	1	1	0	1	INSUFFICIENT_SUPPORT
x042801	x037854	preferred	1000	1	1	0	1	INSUFFICIENT_SUPPORT
x042801	x037858	depleted	1000	0.981018981	1	0	1	INSUFFICIENT_SUPPORT
x042801	x038536	depleted	1000	1	1	0	1	INSUFFICIENT_SUPPORT
x042801	x040219	preferred	1000	1	1	0	1	INSUFFICIENT_SUPPORT
x042801	x041467	preferred	1000	1	1	0	1	INSUFFICIENT_SUPPORT
x042801	x041529	depleted	1000	0.986013986	1	0	1	INSUFFICIENT_SUPPORT
x042801	x041936	preferred	1000	1	1	0	1	INSUFFICIENT_SUPPORT
x042801	x041942	preferred	1000	1	1	0	1	INSUFFICIENT_SUPPORT
x042801	x042106	preferred	1000	1	1	0	1	INSUFFICIENT_SUPPORT
x042801	x042468	preferred	1000	1	1	0	1	INSUFFICIENT_SUPPORT
x042802	x000104	depleted	1000	0.968031968	1	0	1	INSUFFICIENT_SUPPORT
x042802	x001890	depleted	1000	0.976023976	1	0	1	INSUFFICIENT_SUPPORT
x042802	x001893	preferred	1000	1	1	0	1	INSUFFICIENT_SUPPORT
x042802	x005252	preferred	1000	1	1	0	1	INSUFFICIENT_SUPPORT
x042802	x014826	preferred	1000	1	1	0	1	INSUFFICIENT_SUPPORT
x042802	x014829	preferred	1000	1	1	0	1	INSUFFICIENT_SUPPORT
x042802	x014830	preferred	1000	1	1	0	1	INSUFFICIENT_SUPPORT
x042802	x016897	preferred	1000	1	1	0	1	INSUFFICIENT_SUPPORT
x042802	x016902	preferred	1000	1	1	0	1	INSUFFICIENT_SUPPORT
x042802	x017378	depleted	1000	0.976023976	1	0	1	INSUFFICIENT_SUPPORT
x042802	x017380	depleted	1000	0.975024975	1	0	1	INSUFFICIENT_SUPPORT
x042802	x017383	preferred	1000	1	1	0	1	INSUFFICIENT_SUPPORT
x042802	x017688	preferred	1000	0.01998001998	1	1	1	INSUFFICIENT_SUPPORT
x042802	x017995	preferred	1000	1	1	0	1	INSUFFICIENT_SUPPORT
x042802	x018498	depleted	1000	0.9400599401	1	0	1	INSUFFICIENT_SUPPORT
x042802	x018499	depleted	1000	0.9420579421	1	0	1	INSUFFICIENT_SUPPORT
x042802	x018875	depleted	1000	1	1	0	1	INSUFFICIENT_SUPPORT
x042802	x022927	preferred	1000	1	1	0	1	INSUFFICIENT_SUPPORT
x042802	x024203	preferred	1000	1	1	0	1	INSUFFICIENT_SUPPORT
x042802	x024247	depleted	1000	0.969030969	1	0	1	INSUFFICIENT_SUPPORT
x042802	x025014	preferred	1000	1	1	0	1	INSUFFICIENT_SUPPORT
x042802	x031708	preferred	1000	1	1	0	1	INSUFFICIENT_SUPPORT
x042802	x032443	preferred	1000	1	1	0	1	INSUFFICIENT_SUPPORT
x042802	x032445	preferred	1000	0.02297702298	1	1	1	INSUFFICIENT_SUPPORT
x042802	x032447	preferred	1000	0.03196803197	1	1	1	INSUFFICIENT_SUPPORT
x042802	x038539	depleted	1000	0.9310689311	1	0	1	INSUFFICIENT_SUPPORT
x042802	x038540	depleted	1000	0.979020979	1	0	1	INSUFFICIENT_SUPPORT
x042802	x038543	preferred	1000	1	1	0	1	INSUFFICIENT_SUPPORT
x042802	x039661	preferred	1000	0.01698301698	1	1	1	INSUFFICIENT_SUPPORT
x042802	x040212	preferred	1000	1	1	0	1	INSUFFICIENT_SUPPORT
x042802	x041936	preferred	1000	1	1	0	1	INSUFFICIENT_SUPPORT
x042802	x041939	depleted	1000	0.984015984	1	0	1	INSUFFICIENT_SUPPORT
x042802	x041940	preferred	1000	0.01698301698	1	1	1	INSUFFICIENT_SUPPORT
x042802	x042470	preferred	1000	1	1	0	1	INSUFFICIENT_SUPPORT
x042802	x042823	preferred	1000	1	1	0	1	INSUFFICIENT_SUPPORT
x042803	x000104	preferred	1000	0.000999000999	1	0	0	INSUFFICIENT_SUPPORT
x042803	x001428	preferred	1000	0.000999000999	1	0	0	INSUFFICIENT_SUPPORT
x042803	x001888	preferred	1000	0.000999000999	1	0	0	INSUFFICIENT_SUPPORT
x042803	x001889	preferred	1000	0.000999000999	1	0	0	INSUFFICIENT_SUPPORT
x042803	x001890	preferred	1000	0.000999000999	1	0	0	INSUFFICIENT_SUPPORT
x042803	x001894	preferred	1000	0.000999000999	1	0	0	INSUFFICIENT_SUPPORT
x042803	x002111	preferred	1000	0.000999000999	1	0	0	INSUFFICIENT_SUPPORT
x042803	x005076	preferred	1000	0.000999000999	1	0	0	INSUFFICIENT_SUPPORT
x042803	x005109	preferred	1000	0.000999000999	1	0	0	INSUFFICIENT_SUPPORT
x042803	x005252	preferred	1000	0.000999000999	1	0	0	INSUFFICIENT_SUPPORT
x042803	x005254	preferred	1000	0.000999000999	1	0	0	INSUFFICIENT_SUPPORT
x042803	x016897	preferred	1000	0.000999000999	1	0	0	INSUFFICIENT_SUPPORT
x042803	x016900	preferred	1000	0.000999000999	1	0	0	INSUFFICIENT_SUPPORT
x042803	x017379	preferred	1000	0.000999000999	1	0	0	INSUFFICIENT_SUPPORT
x042803	x017380	preferred	1000	0.000999000999	1	0	0	INSUFFICIENT_SUPPORT
x042803	x017382	preferred	1000	0.000999000999	1	0	0	INSUFFICIENT_SUPPORT
x042803	x018561	preferred	1000	0.000999000999	1	0	0	INSUFFICIENT_SUPPORT
x042803	x021975	preferred	1000	0.000999000999	1	0	0	INSUFFICIENT_SUPPORT
x042803	x024804	preferred	1000	0.000999000999	1	0	0	INSUFFICIENT_SUPPORT
x042803	x031705	preferred	1000	0.000999000999	1	0	0	INSUFFICIENT_SUPPORT
x042803	x031707	preferred	1000	0.000999000999	1	0	0	INSUFFICIENT_SUPPORT
x042803	x032442	preferred	1000	0.000999000999	1	0	0	INSUFFICIENT_SUPPORT
x042803	x033882	preferred	1000	0.000999000999	1	0	0	INSUFFICIENT_SUPPORT
x042803	x038057	preferred	1000	0.000999000999	1	0	0	INSUFFICIENT_SUPPORT
x042803	x038540	preferred	1000	0.000999000999	1	0	0	INSUFFICIENT_SUPPORT
x042803	x041258	preferred	1000	0.000999000999	1	0	0	INSUFFICIENT_SUPPORT
x042803	x041936	preferred	1000	0.000999000999	1	0	0	INSUFFICIENT_SUPPORT
x042803	x041940	preferred	1000	0.000999000999	1	0	0	INSUFFICIENT_SUPPORT
x042803	x041942	preferred	1000	0.000999000999	1	0	0	INSUFFICIENT_SUPPORT
x042803	x042108	preferred	1000	0.000999000999	1	0	0	INSUFFICIENT_SUPPORT
x042803	x042464	preferred	1000	0.000999000999	1	0	0	INSUFFICIENT_SUPPORT
x042804	x000104	preferred	1000	1	1	0	1	INSUFFICIENT_SUPPORT
x042804	x001394	preferred	1000	1	1	0	1	INSUFFICIENT_SUPPORT
x042804	x001890	preferred	1000	1	1	0	1	INSUFFICIENT_SUPPORT
x042804	x001894	preferred	1000	1	1	0	1	INSUFFICIENT_SUPPORT
x042804	x003193	preferred	1000	1	1	0	1	INSUFFICIENT_SUPPORT
x042804	x005074	preferred	1000	1	1	0	1	INSUFFICIENT_SUPPORT
x042804	x005250	preferred	1000	0.00999000999	1	1	1	INSUFFICIENT_SUPPORT
x042804	x005251	preferred	1000	1	1	0	1	INSUFFICIENT_SUPPORT
x042804	x016901	preferred	1000	1	1	0	1	INSUFFICIENT_SUPPORT
x042804	x017380	depleted	1000	0.982017982	1	0	1	INSUFFICIENT_SUPPORT
x042804	x017381	preferred	1000	1	1	0	1	INSUFFICIENT_SUPPORT
x042804	x017382	preferred	1000	0.02397602398	1	1	1	INSUFFICIENT_SUPPORT
x042804	x017383	preferred	1000	1	1	0	1	INSUFFICIENT_SUPPORT
x042804	x017695	preferred	1000	1	1	0	1	INSUFFICIENT_SUPPORT
x042804	x017995	preferred	1000	1	1	0	1	INSUFFICIENT_SUPPORT
x042804	x018502	depleted	1000	0.983016983	1	0	1	INSUFFICIENT_SUPPORT
x042804	x018503	depleted	1000	0.984015984	1	0	1	INSUFFICIENT_SUPPORT
x042804	x020633	preferred	1000	1	1	0	1	INSUFFICIENT_SUPPORT
x042804	x020635	preferred	1000	1	1	0	1	INSUFFICIENT_SUPPORT
x042804	x024202	preferred	1000	1	1	0	1	INSUFFICIENT_SUPPORT
x042804	x024203	preferred	1000	1	1	0	1	INSUFFICIENT_SUPPORT
x042804	x025014	depleted	1000	0.989010989	1	0	1	INSUFFICIENT_SUPPORT
x042804	x025529	preferred	1000	1	1	0	1	INSUFFICIENT_SUPPORT
x042804	x032442	preferred	1000	1	1	0	1	INSUFFICIENT_SUPPORT
x042804	x033414	preferred	1000	1	1	0	1	INSUFFICIENT_SUPPORT
x042804	x037849	depleted	1000	0.977022977	1	0	1	INSUFFICIENT_SUPPORT
x042804	x037855	preferred	1000	1	1	0	1	INSUFFICIENT_SUPPORT
x042804	x037914	preferred	1000	1	1	0	1	INSUFFICIENT_SUPPORT
x042804	x038063	preferred	1000	1	1	0	1	INSUFFICIENT_SUPPORT
x042804	x038538	preferred	1000	0.00999000999	1	1	1	INSUFFICIENT_SUPPORT
x042804	x038539	depleted	1000	0.99000999	1	0	1	INSUFFICIENT_SUPPORT
x042804	x038540	depleted	1000	1	1	0	1	INSUFFICIENT_SUPPORT
x042804	x041440	preferred	1000	1	1	0	1	INSUFFICIENT_SUPPORT
x042804	x041936	preferred	1000	1	1	0	1	INSUFFICIENT_SUPPORT
x042804	x041941	preferred	1000	1	1	0	1	INSUFFICIENT_SUPPORT
x042804	x041942	preferred	1000	1	1	0	1	INSUFFICIENT_SUPPORT
x042804	x042464	preferred	1000	0.01798201798	1	1	1	INSUFFICIENT_SUPPORT
x042804	x042465	preferred	1000	1	1	0	1	INSUFFICIENT_SUPPORT
x042804	x042467	preferred	1000	1	1	0	1	INSUFFICIENT_SUPPORT
x042804	x042468	preferred	1000	1	1	0	1	INSUFFICIENT_SUPPORT
x042804	x042804	depleted	1000	1	1	1	1	INSUFFICIENT_SUPPORT
x042805	x000105	depleted	1000	0.963036963	1	0	0.5752270865	INSUFFICIENT_SUPPORT
x042805	x001427	depleted	1000	1	1	0	0.5775191429	INSUFFICIENT_SUPPORT
x042805	x001888	preferred	1000	1	1	0	0.5352788607	INSUFFICIENT_SUPPORT
x042805	x001891	preferred	1000	1	1	0	0.5352788607	INSUFFICIENT_SUPPORT
x042805	x001893	preferred	1000	0.01298701299	1	1	0.5352788607	INSUFFICIENT_SUPPORT
x042805	x002343	preferred	1000	1	1	0	0.9319814797	INSUFFICIENT_SUPPORT
x042805	x005251	preferred	1000	1	1	0	0.9319814797	INSUFFICIENT_SUPPORT
x042805	x005252	preferred	1000	1	1	0	0.9319814797	INSUFFICIENT_SUPPORT
x042805	x007099	preferred	1000	1	1	0	0.5352788607	INSUFFICIENT_SUPPORT
x042805	x010943	preferred	1000	1	1	0	0.6999605983	INSUFFICIENT_SUPPORT
x042805	x014825	preferred	1000	1	1	0	0.9319814797	INSUFFICIENT_SUPPORT
x042805	x016901	preferred	1000	1	1	0	0.6999605983	INSUFFICIENT_SUPPORT
x042805	x017376	preferred	1000	1	1	0	0.5352788607	INSUFFICIENT_SUPPORT
x042805	x017379	depleted	1000	0.973026973	1	0	0.5193070218	INSUFFICIENT_SUPPORT
x042805	x017380	depleted	1000	0.964035964	1	0	0.9059029279	INSUFFICIENT_SUPPORT
x042805	x017382	preferred	1000	1	1	0	0.6999605983	INSUFFICIENT_SUPPORT
x042805	x018498	depleted	1000	0.9320679321	1	0	0.5580287826	INSUFFICIENT_SUPPORT
x042805	x018560	preferred	1000	1	1	0	0.6999605983	INSUFFICIENT_SUPPORT
x042805	x018872	preferred	1000	0.01098901099	1	1	0.872262307	INSUFFICIENT_SUPPORT
x042805	x018877	preferred	1000	1	1	0	0.935933135	INSUFFICIENT_SUPPORT
x042805	x019713	preferred	1000	1	1	0	0.9319814797	INSUFFICIENT_SUPPORT
x042805	x019943	preferred	1000	1	1	0	0.6649095164	INSUFFICIENT_SUPPORT
x042805	x022927	preferred	1000	0.00999000999	1	1	0.5352788607	INSUFFICIENT_SUPPORT
x042805	x024202	preferred	1000	1	1	0	0.9319814797	INSUFFICIENT_SUPPORT
x042805	x024243	preferred	1000	1	1	0	0.935933135	INSUFFICIENT_SUPPORT
x042805	x024800	preferred	1000	1	1	0	0.5352788607	INSUFFICIENT_SUPPORT
x042805	x025392	depleted	1000	0.999000999	1	1	0.7334183462	INSUFFICIENT_SUPPORT
x042805	x032447	preferred	1000	0.01198801199	1	1	0.5352788607	INSUFFICIENT_SUPPORT
x042805	x037853	depleted	1000	1	1	0	0.5193070218	INSUFFICIENT_SUPPORT
x042805	x038106	depleted	1000	0.971028971	1	0	0.8446387765	INSUFFICIENT_SUPPORT
x042805	x038539	depleted	1000	0.9450549451	1	0	0.9502973757	INSUFFICIENT_SUPPORT
x042805	x038540	preferred	1000	1	1	0	0.6999605983	INSUFFICIENT_SUPPORT
x042805	x038543	depleted	1000	1	1	0	0.8883138955	INSUFFICIENT_SUPPORT
x042805	x041464	preferred	1000	1	1	0	0.935933135	INSUFFICIENT_SUPPORT
x042805	x041941	depleted	1000	0.962037962	1	0	0.8883138955	INSUFFICIENT_SUPPORT
x042805	x041942	preferred	1000	1	1	0	0.935933135	INSUFFICIENT_SUPPORT
x042805	x042470	preferred	1000	1	1	0	0.5352788607	INSUFFICIENT_SUPPORT
x042806	x001088	preferred	1000	0.000999000999	1	0	0	INSUFFICIENT_SUPPORT
x042806	x001428	preferred	1000	0.000999000999	1	0	0	INSUFFICIENT_SUPPORT
x042806	x001891	preferred	1000	0.000999000999	1	0	0	INSUFFICIENT_SUPPORT
x042806	x001895	preferred	1000	0.000999000999	1	0	0	INSUFFICIENT_SUPPORT
x042806	x002340	preferred	1000	0.000999000999	1	0	0	INSUFFICIENT_SUPPORT
x042806	x005249	preferred	1000	0.000999000999	1	0	0	INSUFFICIENT_SUPPORT
x042806	x010938	preferred	1000	0.000999000999	1	0	0	INSUFFICIENT_SUPPORT
x042806	x010939	preferred	1000	0.000999000999	1	0	0	INSUFFICIENT_SUPPORT
x042806	x010943	preferred	1000	0.000999000999	1	0	0	INSUFFICIENT_SUPPORT
x042806	x014829	preferred	1000	0.000999000999	1	0	0	INSUFFICIENT_SUPPORT
x042806	x016896	preferred	1000	0.000999000999	1	0	0	INSUFFICIENT_SUPPORT
x042806	x016898	preferred	1000	0.000999000999	1	0	0	INSUFFICIENT_SUPPORT
x042806	x017376	preferred	1000	0.000999000999	1	0	0	INSUFFICIENT_SUPPORT
x042806	x017377	preferred	1000	0.000999000999	1	0	0	INSUFFICIENT_SUPPORT
x042806	x017379	preferred	1000	0.000999000999	1	0	0	INSUFFICIENT_SUPPORT
x042806	x018496	preferred	1000	0.000999000999	1	0	0	INSUFFICIENT_SUPPORT
x042806	x018501	preferred	1000	0.000999000999	1	0	0	INSUFFICIENT_SUPPORT
x042806	x024241	preferred	1000	0.000999000999	1	0	0	INSUFFICIENT_SUPPORT
x042806	x024244	preferred	1000	0.000999000999	1	0	0	INSUFFICIENT_SUPPORT
x042806	x024247	preferred	1000	0.000999000999	1	0	0	INSUFFICIENT_SUPPORT
x042806	x034672	preferred	1000	0.000999000999	1	0	0	INSUFFICIENT_SUPPORT
x042806	x037850	preferred	1000	0.000999000999	1	0	0	INSUFFICIENT_SUPPORT
x042806	x037861	preferred	1000	0.000999000999	1	0	0	INSUFFICIENT_SUPPORT
x042806	x037954	preferred	1000	0.000999000999	1	0	0	INSUFFICIENT_SUPPORT
x042806	x038538	preferred	1000	0.000999000999	1	0	0	INSUFFICIENT_SUPPORT
x042806	x038541	preferred	1000	0.000999000999	1	0	0	INSUFFICIENT_SUPPORT
x042806	x039660	preferred	1000	0.000999000999	1	0	0	INSUFFICIENT_SUPPORT
x042806	x041936	preferred	1000	0.000999000999	1	0	0	INSUFFICIENT_SUPPORT
x042806	x041938	preferred	1000	0.000999000999	1	0	0	INSUFFICIENT_SUPPORT
x042806	x041939	preferred	1000	0.000999000999	1	0	0	INSUFFICIENT_SUPPORT
x042806	x042468	preferred	1000	0.000999000999	1	0	0	INSUFFICIENT_SUPPORT
x042807	x000107	preferred	1000	1	1	0	0.6504014811	INSUFFICIENT_SUPPORT
x042807	x001428	preferred	1000	0.01598401598	1	1	0.6392149671	INSUFFICIENT_SUPPORT
x042807	x001889	preferred	1000	1	1	0	0.5450668709	INSUFFICIENT_SUPPORT
x042807	x001890	preferred	1000	1	1	0	0.9294404164	INSUFFICIENT_SUPPORT
x042807	x001894	preferred	1000	1	1	0	0.6504014811	INSUFFICIENT_SUPPORT
x042807	x010943	preferred	1000	1	1	0	0.691619708	INSUFFICIENT_SUPPORT
x042807	x016900	preferred	1000	1	1	0	0.5450668709	INSUFFICIENT_SUPPORT
x042807	x017376	preferred	1000	0.01398601399	1	1	0.5450668709	INSUFFICIENT_SUPPORT
x042807	x017378	preferred	1000	1	1	0	0.9294404164	INSUFFICIENT_SUPPORT
x042807	x017379	preferred	1000	1	1	0	0.9294404164	INSUFFICIENT_SUPPORT
x042807	x017380	depleted	1000	0.9250749251	1	0	0.5557381371	INSUFFICIENT_SUPPORT
x042807	x017381	preferred	1000	1	1	0	0.5450668709	INSUFFICIENT_SUPPORT
x042807	x017382	preferred	1000	1	1	0	0.691619708	INSUFFICIENT_SUPPORT
x042807	x017693	preferred	1000	1	1	0	0.5450668709	INSUFFICIENT_SUPPORT
x042807	x018496	preferred	1000	1	1	0	0.6504014811	INSUFFICIENT_SUPPORT
x042807	x018498	depleted	1000	0.975024975	1	0	0.5013734844	INSUFFICIENT_SUPPORT
x042807	x018501	depleted	1000	0.977022977	1	0	0.7848774323	INSUFFICIENT_SUPPORT
x042807	x019943	preferred	1000	1	1	0	0.5450668709	INSUFFICIENT_SUPPORT
x042807	x020329	preferred	1000	1	1	0	0.5450668709	INSUFFICIENT_SUPPORT
x042807	x023368	preferred	1000	1	1	0	0.5450668709	INSUFFICIENT_SUPPORT
x042807	x024203	preferred	1000	1	1	0	0.5450668709	INSUFFICIENT_SUPPORT
x042807	x032445	preferred	1000	1	1	0	0.5450668709	INSUFFICIENT_SUPPORT
x042807	x032447	preferred	1000	1	1	0	0.9074408245	INSUFFICIENT_SUPPORT
x042807	x032993	depleted	1000	0.997002997	1	1	0.5136416735	INSUFFICIENT_SUPPORT
x042807	x037849	preferred	1000	1	1	0	0.691619708	INSUFFICIENT_SUPPORT
x042807	x037851	depleted	1000	0.992007992	1	0	0.6168272472	INSUFFICIENT_SUPPORT
x042807	x038110	preferred	1000	1	1	0	0.9074408245	INSUFFICIENT_SUPPORT
x042807	x038541	preferred	1000	0.01998001998	1	1	0.8469587714	INSUFFICIENT_SUPPORT
x042807	x040218	preferred	1000	1	1	0	0.5450668709	INSUFFICIENT_SUPPORT
x042807	x041116	preferred	1000	1	1	0	0.9294404164	INSUFFICIENT_SUPPORT
x042807	x041465	preferred	1000	1	1	0	0.5450668709	INSUFFICIENT_SUPPORT
x042807	x041936	preferred	1000	0.01898101898	1	1	0.9294404164	INSUFFICIENT_SUPPORT
x042807	x041940	preferred	1000	1	1	0	0.9074408245	INSUFFICIENT_SUPPORT
x042807	x041942	preferred	1000	1	1	0	0.5450668709	INSUFFICIENT_SUPPORT
x042807	x042469	preferred	1000	1	1	0	0.9294404164	INSUFFICIENT_SUPPORT
x042816	x017032	preferred	1000	0.000999000999	1	0	0	INSUFFICIENT_SUPPORT
x042817	x013795	preferred	1000	0.000999000999	1	0	0	INSUFFICIENT_SUPPORT
