page_id	descriptor_id	pass1	pass2	final_value	adjudication_rule	reviewer_note
f1r	COMP_ILLUSTRATION_REGIONS	0	NOT_AUDITED	0	SINGLE_FULL_PASS_PREDECLARED_AUDIT	Full visual pass; outside predeclared audit sample
f1r	COMP_CENTRAL_ILLUSTRATION	ABSENT	NOT_AUDITED	ABSENT	SINGLE_FULL_PASS_PREDECLARED_AUDIT	Full visual pass; outside predeclared audit sample
f1r	OBJ_PLANT_LIKE	0	NOT_AUDITED	0	SINGLE_FULL_PASS_PREDECLARED_AUDIT	Full visual pass; outside predeclared audit sample
f1r	OBJ_HUMAN_LIKE	0	NOT_AUDITED	0	SINGLE_FULL_PASS_PREDECLARED_AUDIT	Full visual pass; outside predeclared audit sample
f1r	OBJ_CONTAINER_LIKE	0	NOT_AUDITED	0	SINGLE_FULL_PASS_PREDECLARED_AUDIT	Full visual pass; outside predeclared audit sample
f1r	OBJ_STAR_LIKE	0	NOT_AUDITED	0	SINGLE_FULL_PASS_PREDECLARED_AUDIT	Full visual pass; outside predeclared audit sample
f1r	OBJ_CIRCULAR_UNITS	0	NOT_AUDITED	0	SINGLE_FULL_PASS_PREDECLARED_AUDIT	Full visual pass; outside predeclared audit sample
f1r	GEO_RADIAL	ABSENT	NOT_AUDITED	ABSENT	SINGLE_FULL_PASS_PREDECLARED_AUDIT	Full visual pass; outside predeclared audit sample
f1r	GEO_CONCENTRIC	ABSENT	NOT_AUDITED	ABSENT	SINGLE_FULL_PASS_PREDECLARED_AUDIT	Full visual pass; outside predeclared audit sample
f1r	GEO_BRANCHING	ABSENT	NOT_AUDITED	ABSENT	SINGLE_FULL_PASS_PREDECLARED_AUDIT	Full visual pass; outside predeclared audit sample
f1r	FIG_RELATION	NOT_APPLICABLE	NOT_AUDITED	NOT_APPLICABLE	SINGLE_FULL_PASS_PREDECLARED_AUDIT	Full visual pass; outside predeclared audit sample
f1r	FIG_ENCLOSED	NOT_APPLICABLE	NOT_AUDITED	NOT_APPLICABLE	SINGLE_FULL_PASS_PREDECLARED_AUDIT	Full visual pass; outside predeclared audit sample
f1r	TXT_RADIAL	ABSENT	NOT_AUDITED	ABSENT	SINGLE_FULL_PASS_PREDECLARED_AUDIT	Full visual pass; outside predeclared audit sample
f1r	VIS_DENSITY	LOW	NOT_AUDITED	LOW	SINGLE_FULL_PASS_PREDECLARED_AUDIT	Full visual pass; outside predeclared audit sample
f1r	VIS_COMPLEXITY	LOW	NOT_AUDITED	LOW	SINGLE_FULL_PASS_PREDECLARED_AUDIT	Full visual pass; outside predeclared audit sample
f1v	COMP_ILLUSTRATION_REGIONS	1	1	1	INDEPENDENT_AUDIT_FINAL	Independent clean-room audit value
f1v	COMP_CENTRAL_ILLUSTRATION	PRESENT	PRESENT	PRESENT	INDEPENDENT_AUDIT_FINAL	Independent clean-room audit value
f1v	OBJ_PLANT_LIKE	1	1	1	INDEPENDENT_AUDIT_FINAL	Independent clean-room audit value
f1v	OBJ_HUMAN_LIKE	0	0	0	INDEPENDENT_AUDIT_FINAL	Independent clean-room audit value
f1v	OBJ_CONTAINER_LIKE	0	0	0	INDEPENDENT_AUDIT_FINAL	Independent clean-room audit value
f1v	OBJ_STAR_LIKE	0	0	0	INDEPENDENT_AUDIT_FINAL	Independent clean-room audit value
f1v	OBJ_CIRCULAR_UNITS	0	0	0	INDEPENDENT_AUDIT_FINAL	Independent clean-room audit value
f1v	GEO_RADIAL	ABSENT	ABSENT	ABSENT	INDEPENDENT_AUDIT_FINAL	Independent clean-room audit value
f1v	GEO_CONCENTRIC	ABSENT	ABSENT	ABSENT	INDEPENDENT_AUDIT_FINAL	Independent clean-room audit value
f1v	GEO_BRANCHING	PRESENT	PRESENT	PRESENT	INDEPENDENT_AUDIT_FINAL	Independent clean-room audit value
f1v	FIG_RELATION	NOT_APPLICABLE	NOT_APPLICABLE	NOT_APPLICABLE	INDEPENDENT_AUDIT_FINAL	Independent clean-room audit value
f1v	FIG_ENCLOSED	NOT_APPLICABLE	NOT_APPLICABLE	NOT_APPLICABLE	INDEPENDENT_AUDIT_FINAL	Independent clean-room audit value
f1v	TXT_RADIAL	ABSENT	ABSENT	ABSENT	INDEPENDENT_AUDIT_FINAL	Independent clean-room audit value
f1v	VIS_DENSITY	MEDIUM	MEDIUM	MEDIUM	INDEPENDENT_AUDIT_FINAL	Independent clean-room audit value
f1v	VIS_COMPLEXITY	MEDIUM	MEDIUM	MEDIUM	INDEPENDENT_AUDIT_FINAL	Independent clean-room audit value
f2r	COMP_ILLUSTRATION_REGIONS	1	NOT_AUDITED	1	SINGLE_FULL_PASS_PREDECLARED_AUDIT	Full visual pass; outside predeclared audit sample
f2r	COMP_CENTRAL_ILLUSTRATION	PRESENT	NOT_AUDITED	PRESENT	SINGLE_FULL_PASS_PREDECLARED_AUDIT	Full visual pass; outside predeclared audit sample
f2r	OBJ_PLANT_LIKE	1	NOT_AUDITED	1	SINGLE_FULL_PASS_PREDECLARED_AUDIT	Full visual pass; outside predeclared audit sample
f2r	OBJ_HUMAN_LIKE	0	NOT_AUDITED	0	SINGLE_FULL_PASS_PREDECLARED_AUDIT	Full visual pass; outside predeclared audit sample
f2r	OBJ_CONTAINER_LIKE	0	NOT_AUDITED	0	SINGLE_FULL_PASS_PREDECLARED_AUDIT	Full visual pass; outside predeclared audit sample
f2r	OBJ_STAR_LIKE	0	NOT_AUDITED	0	SINGLE_FULL_PASS_PREDECLARED_AUDIT	Full visual pass; outside predeclared audit sample
f2r	OBJ_CIRCULAR_UNITS	0	NOT_AUDITED	0	SINGLE_FULL_PASS_PREDECLARED_AUDIT	Full visual pass; outside predeclared audit sample
f2r	GEO_RADIAL	ABSENT	NOT_AUDITED	ABSENT	SINGLE_FULL_PASS_PREDECLARED_AUDIT	Full visual pass; outside predeclared audit sample
f2r	GEO_CONCENTRIC	ABSENT	NOT_AUDITED	ABSENT	SINGLE_FULL_PASS_PREDECLARED_AUDIT	Full visual pass; outside predeclared audit sample
f2r	GEO_BRANCHING	PRESENT	NOT_AUDITED	PRESENT	SINGLE_FULL_PASS_PREDECLARED_AUDIT	Full visual pass; outside predeclared audit sample
f2r	FIG_RELATION	NOT_APPLICABLE	NOT_AUDITED	NOT_APPLICABLE	SINGLE_FULL_PASS_PREDECLARED_AUDIT	Full visual pass; outside predeclared audit sample
f2r	FIG_ENCLOSED	NOT_APPLICABLE	NOT_AUDITED	NOT_APPLICABLE	SINGLE_FULL_PASS_PREDECLARED_AUDIT	Full visual pass; outside predeclared audit sample
f2r	TXT_RADIAL	ABSENT	NOT_AUDITED	ABSENT	SINGLE_FULL_PASS_PREDECLARED_AUDIT	Full visual pass; outside predeclared audit sample
f2r	VIS_DENSITY	MEDIUM	NOT_AUDITED	MEDIUM	SINGLE_FULL_PASS_PREDECLARED_AUDIT	Full visual pass; outside predeclared audit sample
f2r	VIS_COMPLEXITY	MEDIUM	NOT_AUDITED	MEDIUM	SINGLE_FULL_PASS_PREDECLARED_AUDIT	Full visual pass; outside predeclared audit sample
f2v	COMP_ILLUSTRATION_REGIONS	1	NOT_AUDITED	1	SINGLE_FULL_PASS_PREDECLARED_AUDIT	Full visual pass; outside predeclared audit sample
f2v	COMP_CENTRAL_ILLUSTRATION	PRESENT	NOT_AUDITED	PRESENT	SINGLE_FULL_PASS_PREDECLARED_AUDIT	Full visual pass; outside predeclared audit sample
f2v	OBJ_PLANT_LIKE	1	NOT_AUDITED	1	SINGLE_FULL_PASS_PREDECLARED_AUDIT	Full visual pass; outside predeclared audit sample
f2v	OBJ_HUMAN_LIKE	0	NOT_AUDITED	0	SINGLE_FULL_PASS_PREDECLARED_AUDIT	Full visual pass; outside predeclared audit sample
f2v	OBJ_CONTAINER_LIKE	0	NOT_AUDITED	0	SINGLE_FULL_PASS_PREDECLARED_AUDIT	Full visual pass; outside predeclared audit sample
f2v	OBJ_STAR_LIKE	0	NOT_AUDITED	0	SINGLE_FULL_PASS_PREDECLARED_AUDIT	Full visual pass; outside predeclared audit sample
f2v	OBJ_CIRCULAR_UNITS	0	NOT_AUDITED	0	SINGLE_FULL_PASS_PREDECLARED_AUDIT	Full visual pass; outside predeclared audit sample
f2v	GEO_RADIAL	ABSENT	NOT_AUDITED	ABSENT	SINGLE_FULL_PASS_PREDECLARED_AUDIT	Full visual pass; outside predeclared audit sample
f2v	GEO_CONCENTRIC	ABSENT	NOT_AUDITED	ABSENT	SINGLE_FULL_PASS_PREDECLARED_AUDIT	Full visual pass; outside predeclared audit sample
f2v	GEO_BRANCHING	PRESENT	NOT_AUDITED	PRESENT	SINGLE_FULL_PASS_PREDECLARED_AUDIT	Full visual pass; outside predeclared audit sample
f2v	FIG_RELATION	NOT_APPLICABLE	NOT_AUDITED	NOT_APPLICABLE	SINGLE_FULL_PASS_PREDECLARED_AUDIT	Full visual pass; outside predeclared audit sample
f2v	FIG_ENCLOSED	NOT_APPLICABLE	NOT_AUDITED	NOT_APPLICABLE	SINGLE_FULL_PASS_PREDECLARED_AUDIT	Full visual pass; outside predeclared audit sample
f2v	TXT_RADIAL	ABSENT	NOT_AUDITED	ABSENT	SINGLE_FULL_PASS_PREDECLARED_AUDIT	Full visual pass; outside predeclared audit sample
f2v	VIS_DENSITY	MEDIUM	NOT_AUDITED	MEDIUM	SINGLE_FULL_PASS_PREDECLARED_AUDIT	Full visual pass; outside predeclared audit sample
f2v	VIS_COMPLEXITY	MEDIUM	NOT_AUDITED	MEDIUM	SINGLE_FULL_PASS_PREDECLARED_AUDIT	Full visual pass; outside predeclared audit sample
f3r	COMP_ILLUSTRATION_REGIONS	1	NOT_AUDITED	1	SINGLE_FULL_PASS_PREDECLARED_AUDIT	Full visual pass; outside predeclared audit sample
f3r	COMP_CENTRAL_ILLUSTRATION	PRESENT	NOT_AUDITED	PRESENT	SINGLE_FULL_PASS_PREDECLARED_AUDIT	Full visual pass; outside predeclared audit sample
f3r	OBJ_PLANT_LIKE	1	NOT_AUDITED	1	SINGLE_FULL_PASS_PREDECLARED_AUDIT	Full visual pass; outside predeclared audit sample
f3r	OBJ_HUMAN_LIKE	0	NOT_AUDITED	0	SINGLE_FULL_PASS_PREDECLARED_AUDIT	Full visual pass; outside predeclared audit sample
f3r	OBJ_CONTAINER_LIKE	0	NOT_AUDITED	0	SINGLE_FULL_PASS_PREDECLARED_AUDIT	Full visual pass; outside predeclared audit sample
f3r	OBJ_STAR_LIKE	0	NOT_AUDITED	0	SINGLE_FULL_PASS_PREDECLARED_AUDIT	Full visual pass; outside predeclared audit sample
f3r	OBJ_CIRCULAR_UNITS	0	NOT_AUDITED	0	SINGLE_FULL_PASS_PREDECLARED_AUDIT	Full visual pass; outside predeclared audit sample
f3r	GEO_RADIAL	ABSENT	NOT_AUDITED	ABSENT	SINGLE_FULL_PASS_PREDECLARED_AUDIT	Full visual pass; outside predeclared audit sample
f3r	GEO_CONCENTRIC	ABSENT	NOT_AUDITED	ABSENT	SINGLE_FULL_PASS_PREDECLARED_AUDIT	Full visual pass; outside predeclared audit sample
f3r	GEO_BRANCHING	PRESENT	NOT_AUDITED	PRESENT	SINGLE_FULL_PASS_PREDECLARED_AUDIT	Full visual pass; outside predeclared audit sample
f3r	FIG_RELATION	NOT_APPLICABLE	NOT_AUDITED	NOT_APPLICABLE	SINGLE_FULL_PASS_PREDECLARED_AUDIT	Full visual pass; outside predeclared audit sample
f3r	FIG_ENCLOSED	NOT_APPLICABLE	NOT_AUDITED	NOT_APPLICABLE	SINGLE_FULL_PASS_PREDECLARED_AUDIT	Full visual pass; outside predeclared audit sample
f3r	TXT_RADIAL	ABSENT	NOT_AUDITED	ABSENT	SINGLE_FULL_PASS_PREDECLARED_AUDIT	Full visual pass; outside predeclared audit sample
f3r	VIS_DENSITY	MEDIUM	NOT_AUDITED	MEDIUM	SINGLE_FULL_PASS_PREDECLARED_AUDIT	Full visual pass; outside predeclared audit sample
f3r	VIS_COMPLEXITY	MEDIUM	NOT_AUDITED	MEDIUM	SINGLE_FULL_PASS_PREDECLARED_AUDIT	Full visual pass; outside predeclared audit sample
f3v	COMP_ILLUSTRATION_REGIONS	1	NOT_AUDITED	1	SINGLE_FULL_PASS_PREDECLARED_AUDIT	Full visual pass; outside predeclared audit sample
f3v	COMP_CENTRAL_ILLUSTRATION	PRESENT	NOT_AUDITED	PRESENT	SINGLE_FULL_PASS_PREDECLARED_AUDIT	Full visual pass; outside predeclared audit sample
f3v	OBJ_PLANT_LIKE	1	NOT_AUDITED	1	SINGLE_FULL_PASS_PREDECLARED_AUDIT	Full visual pass; outside predeclared audit sample
f3v	OBJ_HUMAN_LIKE	0	NOT_AUDITED	0	SINGLE_FULL_PASS_PREDECLARED_AUDIT	Full visual pass; outside predeclared audit sample
f3v	OBJ_CONTAINER_LIKE	0	NOT_AUDITED	0	SINGLE_FULL_PASS_PREDECLARED_AUDIT	Full visual pass; outside predeclared audit sample
f3v	OBJ_STAR_LIKE	0	NOT_AUDITED	0	SINGLE_FULL_PASS_PREDECLARED_AUDIT	Full visual pass; outside predeclared audit sample
f3v	OBJ_CIRCULAR_UNITS	0	NOT_AUDITED	0	SINGLE_FULL_PASS_PREDECLARED_AUDIT	Full visual pass; outside predeclared audit sample
f3v	GEO_RADIAL	ABSENT	NOT_AUDITED	ABSENT	SINGLE_FULL_PASS_PREDECLARED_AUDIT	Full visual pass; outside predeclared audit sample
f3v	GEO_CONCENTRIC	ABSENT	NOT_AUDITED	ABSENT	SINGLE_FULL_PASS_PREDECLARED_AUDIT	Full visual pass; outside predeclared audit sample
f3v	GEO_BRANCHING	PRESENT	NOT_AUDITED	PRESENT	SINGLE_FULL_PASS_PREDECLARED_AUDIT	Full visual pass; outside predeclared audit sample
f3v	FIG_RELATION	NOT_APPLICABLE	NOT_AUDITED	NOT_APPLICABLE	SINGLE_FULL_PASS_PREDECLARED_AUDIT	Full visual pass; outside predeclared audit sample
f3v	FIG_ENCLOSED	NOT_APPLICABLE	NOT_AUDITED	NOT_APPLICABLE	SINGLE_FULL_PASS_PREDECLARED_AUDIT	Full visual pass; outside predeclared audit sample
f3v	TXT_RADIAL	ABSENT	NOT_AUDITED	ABSENT	SINGLE_FULL_PASS_PREDECLARED_AUDIT	Full visual pass; outside predeclared audit sample
f3v	VIS_DENSITY	MEDIUM	NOT_AUDITED	MEDIUM	SINGLE_FULL_PASS_PREDECLARED_AUDIT	Full visual pass; outside predeclared audit sample
f3v	VIS_COMPLEXITY	MEDIUM	NOT_AUDITED	MEDIUM	SINGLE_FULL_PASS_PREDECLARED_AUDIT	Full visual pass; outside predeclared audit sample
f4r	COMP_ILLUSTRATION_REGIONS	1	NOT_AUDITED	1	SINGLE_FULL_PASS_PREDECLARED_AUDIT	Full visual pass; outside predeclared audit sample
f4r	COMP_CENTRAL_ILLUSTRATION	PRESENT	NOT_AUDITED	PRESENT	SINGLE_FULL_PASS_PREDECLARED_AUDIT	Full visual pass; outside predeclared audit sample
f4r	OBJ_PLANT_LIKE	1	NOT_AUDITED	1	SINGLE_FULL_PASS_PREDECLARED_AUDIT	Full visual pass; outside predeclared audit sample
f4r	OBJ_HUMAN_LIKE	0	NOT_AUDITED	0	SINGLE_FULL_PASS_PREDECLARED_AUDIT	Full visual pass; outside predeclared audit sample
f4r	OBJ_CONTAINER_LIKE	0	NOT_AUDITED	0	SINGLE_FULL_PASS_PREDECLARED_AUDIT	Full visual pass; outside predeclared audit sample
f4r	OBJ_STAR_LIKE	0	NOT_AUDITED	0	SINGLE_FULL_PASS_PREDECLARED_AUDIT	Full visual pass; outside predeclared audit sample
f4r	OBJ_CIRCULAR_UNITS	0	NOT_AUDITED	0	SINGLE_FULL_PASS_PREDECLARED_AUDIT	Full visual pass; outside predeclared audit sample
f4r	GEO_RADIAL	ABSENT	NOT_AUDITED	ABSENT	SINGLE_FULL_PASS_PREDECLARED_AUDIT	Full visual pass; outside predeclared audit sample
f4r	GEO_CONCENTRIC	ABSENT	NOT_AUDITED	ABSENT	SINGLE_FULL_PASS_PREDECLARED_AUDIT	Full visual pass; outside predeclared audit sample
f4r	GEO_BRANCHING	PRESENT	NOT_AUDITED	PRESENT	SINGLE_FULL_PASS_PREDECLARED_AUDIT	Full visual pass; outside predeclared audit sample
f4r	FIG_RELATION	NOT_APPLICABLE	NOT_AUDITED	NOT_APPLICABLE	SINGLE_FULL_PASS_PREDECLARED_AUDIT	Full visual pass; outside predeclared audit sample
f4r	FIG_ENCLOSED	NOT_APPLICABLE	NOT_AUDITED	NOT_APPLICABLE	SINGLE_FULL_PASS_PREDECLARED_AUDIT	Full visual pass; outside predeclared audit sample
f4r	TXT_RADIAL	ABSENT	NOT_AUDITED	ABSENT	SINGLE_FULL_PASS_PREDECLARED_AUDIT	Full visual pass; outside predeclared audit sample
f4r	VIS_DENSITY	MEDIUM	NOT_AUDITED	MEDIUM	SINGLE_FULL_PASS_PREDECLARED_AUDIT	Full visual pass; outside predeclared audit sample
f4r	VIS_COMPLEXITY	MEDIUM	NOT_AUDITED	MEDIUM	SINGLE_FULL_PASS_PREDECLARED_AUDIT	Full visual pass; outside predeclared audit sample
f4v	COMP_ILLUSTRATION_REGIONS	1	NOT_AUDITED	1	SINGLE_FULL_PASS_PREDECLARED_AUDIT	Full visual pass; outside predeclared audit sample
f4v	COMP_CENTRAL_ILLUSTRATION	PRESENT	NOT_AUDITED	PRESENT	SINGLE_FULL_PASS_PREDECLARED_AUDIT	Full visual pass; outside predeclared audit sample
f4v	OBJ_PLANT_LIKE	1	NOT_AUDITED	1	SINGLE_FULL_PASS_PREDECLARED_AUDIT	Full visual pass; outside predeclared audit sample
f4v	OBJ_HUMAN_LIKE	0	NOT_AUDITED	0	SINGLE_FULL_PASS_PREDECLARED_AUDIT	Full visual pass; outside predeclared audit sample
f4v	OBJ_CONTAINER_LIKE	0	NOT_AUDITED	0	SINGLE_FULL_PASS_PREDECLARED_AUDIT	Full visual pass; outside predeclared audit sample
f4v	OBJ_STAR_LIKE	0	NOT_AUDITED	0	SINGLE_FULL_PASS_PREDECLARED_AUDIT	Full visual pass; outside predeclared audit sample
f4v	OBJ_CIRCULAR_UNITS	0	NOT_AUDITED	0	SINGLE_FULL_PASS_PREDECLARED_AUDIT	Full visual pass; outside predeclared audit sample
f4v	GEO_RADIAL	ABSENT	NOT_AUDITED	ABSENT	SINGLE_FULL_PASS_PREDECLARED_AUDIT	Full visual pass; outside predeclared audit sample
f4v	GEO_CONCENTRIC	ABSENT	NOT_AUDITED	ABSENT	SINGLE_FULL_PASS_PREDECLARED_AUDIT	Full visual pass; outside predeclared audit sample
f4v	GEO_BRANCHING	PRESENT	NOT_AUDITED	PRESENT	SINGLE_FULL_PASS_PREDECLARED_AUDIT	Full visual pass; outside predeclared audit sample
f4v	FIG_RELATION	NOT_APPLICABLE	NOT_AUDITED	NOT_APPLICABLE	SINGLE_FULL_PASS_PREDECLARED_AUDIT	Full visual pass; outside predeclared audit sample
f4v	FIG_ENCLOSED	NOT_APPLICABLE	NOT_AUDITED	NOT_APPLICABLE	SINGLE_FULL_PASS_PREDECLARED_AUDIT	Full visual pass; outside predeclared audit sample
f4v	TXT_RADIAL	ABSENT	NOT_AUDITED	ABSENT	SINGLE_FULL_PASS_PREDECLARED_AUDIT	Full visual pass; outside predeclared audit sample
f4v	VIS_DENSITY	MEDIUM	NOT_AUDITED	MEDIUM	SINGLE_FULL_PASS_PREDECLARED_AUDIT	Full visual pass; outside predeclared audit sample
f4v	VIS_COMPLEXITY	MEDIUM	NOT_AUDITED	MEDIUM	SINGLE_FULL_PASS_PREDECLARED_AUDIT	Full visual pass; outside predeclared audit sample
f5r	COMP_ILLUSTRATION_REGIONS	1	NOT_AUDITED	1	SINGLE_FULL_PASS_PREDECLARED_AUDIT	Full visual pass; outside predeclared audit sample
f5r	COMP_CENTRAL_ILLUSTRATION	PRESENT	NOT_AUDITED	PRESENT	SINGLE_FULL_PASS_PREDECLARED_AUDIT	Full visual pass; outside predeclared audit sample
f5r	OBJ_PLANT_LIKE	1	NOT_AUDITED	1	SINGLE_FULL_PASS_PREDECLARED_AUDIT	Full visual pass; outside predeclared audit sample
f5r	OBJ_HUMAN_LIKE	0	NOT_AUDITED	0	SINGLE_FULL_PASS_PREDECLARED_AUDIT	Full visual pass; outside predeclared audit sample
f5r	OBJ_CONTAINER_LIKE	0	NOT_AUDITED	0	SINGLE_FULL_PASS_PREDECLARED_AUDIT	Full visual pass; outside predeclared audit sample
f5r	OBJ_STAR_LIKE	0	NOT_AUDITED	0	SINGLE_FULL_PASS_PREDECLARED_AUDIT	Full visual pass; outside predeclared audit sample
f5r	OBJ_CIRCULAR_UNITS	0	NOT_AUDITED	0	SINGLE_FULL_PASS_PREDECLARED_AUDIT	Full visual pass; outside predeclared audit sample
f5r	GEO_RADIAL	ABSENT	NOT_AUDITED	ABSENT	SINGLE_FULL_PASS_PREDECLARED_AUDIT	Full visual pass; outside predeclared audit sample
f5r	GEO_CONCENTRIC	ABSENT	NOT_AUDITED	ABSENT	SINGLE_FULL_PASS_PREDECLARED_AUDIT	Full visual pass; outside predeclared audit sample
f5r	GEO_BRANCHING	PRESENT	NOT_AUDITED	PRESENT	SINGLE_FULL_PASS_PREDECLARED_AUDIT	Full visual pass; outside predeclared audit sample
f5r	FIG_RELATION	NOT_APPLICABLE	NOT_AUDITED	NOT_APPLICABLE	SINGLE_FULL_PASS_PREDECLARED_AUDIT	Full visual pass; outside predeclared audit sample
f5r	FIG_ENCLOSED	NOT_APPLICABLE	NOT_AUDITED	NOT_APPLICABLE	SINGLE_FULL_PASS_PREDECLARED_AUDIT	Full visual pass; outside predeclared audit sample
f5r	TXT_RADIAL	ABSENT	NOT_AUDITED	ABSENT	SINGLE_FULL_PASS_PREDECLARED_AUDIT	Full visual pass; outside predeclared audit sample
f5r	VIS_DENSITY	MEDIUM	NOT_AUDITED	MEDIUM	SINGLE_FULL_PASS_PREDECLARED_AUDIT	Full visual pass; outside predeclared audit sample
f5r	VIS_COMPLEXITY	MEDIUM	NOT_AUDITED	MEDIUM	SINGLE_FULL_PASS_PREDECLARED_AUDIT	Full visual pass; outside predeclared audit sample
f5v	COMP_ILLUSTRATION_REGIONS	1	NOT_AUDITED	1	SINGLE_FULL_PASS_PREDECLARED_AUDIT	Full visual pass; outside predeclared audit sample
f5v	COMP_CENTRAL_ILLUSTRATION	PRESENT	NOT_AUDITED	PRESENT	SINGLE_FULL_PASS_PREDECLARED_AUDIT	Full visual pass; outside predeclared audit sample
f5v	OBJ_PLANT_LIKE	1	NOT_AUDITED	1	SINGLE_FULL_PASS_PREDECLARED_AUDIT	Full visual pass; outside predeclared audit sample
f5v	OBJ_HUMAN_LIKE	0	NOT_AUDITED	0	SINGLE_FULL_PASS_PREDECLARED_AUDIT	Full visual pass; outside predeclared audit sample
f5v	OBJ_CONTAINER_LIKE	0	NOT_AUDITED	0	SINGLE_FULL_PASS_PREDECLARED_AUDIT	Full visual pass; outside predeclared audit sample
f5v	OBJ_STAR_LIKE	0	NOT_AUDITED	0	SINGLE_FULL_PASS_PREDECLARED_AUDIT	Full visual pass; outside predeclared audit sample
f5v	OBJ_CIRCULAR_UNITS	0	NOT_AUDITED	0	SINGLE_FULL_PASS_PREDECLARED_AUDIT	Full visual pass; outside predeclared audit sample
f5v	GEO_RADIAL	ABSENT	NOT_AUDITED	ABSENT	SINGLE_FULL_PASS_PREDECLARED_AUDIT	Full visual pass; outside predeclared audit sample
f5v	GEO_CONCENTRIC	ABSENT	NOT_AUDITED	ABSENT	SINGLE_FULL_PASS_PREDECLARED_AUDIT	Full visual pass; outside predeclared audit sample
f5v	GEO_BRANCHING	PRESENT	NOT_AUDITED	PRESENT	SINGLE_FULL_PASS_PREDECLARED_AUDIT	Full visual pass; outside predeclared audit sample
f5v	FIG_RELATION	NOT_APPLICABLE	NOT_AUDITED	NOT_APPLICABLE	SINGLE_FULL_PASS_PREDECLARED_AUDIT	Full visual pass; outside predeclared audit sample
f5v	FIG_ENCLOSED	NOT_APPLICABLE	NOT_AUDITED	NOT_APPLICABLE	SINGLE_FULL_PASS_PREDECLARED_AUDIT	Full visual pass; outside predeclared audit sample
f5v	TXT_RADIAL	ABSENT	NOT_AUDITED	ABSENT	SINGLE_FULL_PASS_PREDECLARED_AUDIT	Full visual pass; outside predeclared audit sample
f5v	VIS_DENSITY	MEDIUM	NOT_AUDITED	MEDIUM	SINGLE_FULL_PASS_PREDECLARED_AUDIT	Full visual pass; outside predeclared audit sample
f5v	VIS_COMPLEXITY	MEDIUM	NOT_AUDITED	MEDIUM	SINGLE_FULL_PASS_PREDECLARED_AUDIT	Full visual pass; outside predeclared audit sample
f6r	COMP_ILLUSTRATION_REGIONS	1	NOT_AUDITED	1	SINGLE_FULL_PASS_PREDECLARED_AUDIT	Full visual pass; outside predeclared audit sample
f6r	COMP_CENTRAL_ILLUSTRATION	PRESENT	NOT_AUDITED	PRESENT	SINGLE_FULL_PASS_PREDECLARED_AUDIT	Full visual pass; outside predeclared audit sample
f6r	OBJ_PLANT_LIKE	1	NOT_AUDITED	1	SINGLE_FULL_PASS_PREDECLARED_AUDIT	Full visual pass; outside predeclared audit sample
f6r	OBJ_HUMAN_LIKE	0	NOT_AUDITED	0	SINGLE_FULL_PASS_PREDECLARED_AUDIT	Full visual pass; outside predeclared audit sample
f6r	OBJ_CONTAINER_LIKE	0	NOT_AUDITED	0	SINGLE_FULL_PASS_PREDECLARED_AUDIT	Full visual pass; outside predeclared audit sample
f6r	OBJ_STAR_LIKE	0	NOT_AUDITED	0	SINGLE_FULL_PASS_PREDECLARED_AUDIT	Full visual pass; outside predeclared audit sample
f6r	OBJ_CIRCULAR_UNITS	0	NOT_AUDITED	0	SINGLE_FULL_PASS_PREDECLARED_AUDIT	Full visual pass; outside predeclared audit sample
f6r	GEO_RADIAL	ABSENT	NOT_AUDITED	ABSENT	SINGLE_FULL_PASS_PREDECLARED_AUDIT	Full visual pass; outside predeclared audit sample
f6r	GEO_CONCENTRIC	ABSENT	NOT_AUDITED	ABSENT	SINGLE_FULL_PASS_PREDECLARED_AUDIT	Full visual pass; outside predeclared audit sample
f6r	GEO_BRANCHING	PRESENT	NOT_AUDITED	PRESENT	SINGLE_FULL_PASS_PREDECLARED_AUDIT	Full visual pass; outside predeclared audit sample
f6r	FIG_RELATION	NOT_APPLICABLE	NOT_AUDITED	NOT_APPLICABLE	SINGLE_FULL_PASS_PREDECLARED_AUDIT	Full visual pass; outside predeclared audit sample
f6r	FIG_ENCLOSED	NOT_APPLICABLE	NOT_AUDITED	NOT_APPLICABLE	SINGLE_FULL_PASS_PREDECLARED_AUDIT	Full visual pass; outside predeclared audit sample
f6r	TXT_RADIAL	ABSENT	NOT_AUDITED	ABSENT	SINGLE_FULL_PASS_PREDECLARED_AUDIT	Full visual pass; outside predeclared audit sample
f6r	VIS_DENSITY	MEDIUM	NOT_AUDITED	MEDIUM	SINGLE_FULL_PASS_PREDECLARED_AUDIT	Full visual pass; outside predeclared audit sample
f6r	VIS_COMPLEXITY	MEDIUM	NOT_AUDITED	MEDIUM	SINGLE_FULL_PASS_PREDECLARED_AUDIT	Full visual pass; outside predeclared audit sample
f6v	COMP_ILLUSTRATION_REGIONS	1	NOT_AUDITED	1	SINGLE_FULL_PASS_PREDECLARED_AUDIT	Full visual pass; outside predeclared audit sample
f6v	COMP_CENTRAL_ILLUSTRATION	PRESENT	NOT_AUDITED	PRESENT	SINGLE_FULL_PASS_PREDECLARED_AUDIT	Full visual pass; outside predeclared audit sample
f6v	OBJ_PLANT_LIKE	1	NOT_AUDITED	1	SINGLE_FULL_PASS_PREDECLARED_AUDIT	Full visual pass; outside predeclared audit sample
f6v	OBJ_HUMAN_LIKE	0	NOT_AUDITED	0	SINGLE_FULL_PASS_PREDECLARED_AUDIT	Full visual pass; outside predeclared audit sample
f6v	OBJ_CONTAINER_LIKE	0	NOT_AUDITED	0	SINGLE_FULL_PASS_PREDECLARED_AUDIT	Full visual pass; outside predeclared audit sample
f6v	OBJ_STAR_LIKE	0	NOT_AUDITED	0	SINGLE_FULL_PASS_PREDECLARED_AUDIT	Full visual pass; outside predeclared audit sample
f6v	OBJ_CIRCULAR_UNITS	0	NOT_AUDITED	0	SINGLE_FULL_PASS_PREDECLARED_AUDIT	Full visual pass; outside predeclared audit sample
f6v	GEO_RADIAL	ABSENT	NOT_AUDITED	ABSENT	SINGLE_FULL_PASS_PREDECLARED_AUDIT	Full visual pass; outside predeclared audit sample
f6v	GEO_CONCENTRIC	ABSENT	NOT_AUDITED	ABSENT	SINGLE_FULL_PASS_PREDECLARED_AUDIT	Full visual pass; outside predeclared audit sample
f6v	GEO_BRANCHING	PRESENT	NOT_AUDITED	PRESENT	SINGLE_FULL_PASS_PREDECLARED_AUDIT	Full visual pass; outside predeclared audit sample
f6v	FIG_RELATION	NOT_APPLICABLE	NOT_AUDITED	NOT_APPLICABLE	SINGLE_FULL_PASS_PREDECLARED_AUDIT	Full visual pass; outside predeclared audit sample
f6v	FIG_ENCLOSED	NOT_APPLICABLE	NOT_AUDITED	NOT_APPLICABLE	SINGLE_FULL_PASS_PREDECLARED_AUDIT	Full visual pass; outside predeclared audit sample
f6v	TXT_RADIAL	ABSENT	NOT_AUDITED	ABSENT	SINGLE_FULL_PASS_PREDECLARED_AUDIT	Full visual pass; outside predeclared audit sample
f6v	VIS_DENSITY	MEDIUM	NOT_AUDITED	MEDIUM	SINGLE_FULL_PASS_PREDECLARED_AUDIT	Full visual pass; outside predeclared audit sample
f6v	VIS_COMPLEXITY	MEDIUM	NOT_AUDITED	MEDIUM	SINGLE_FULL_PASS_PREDECLARED_AUDIT	Full visual pass; outside predeclared audit sample
f7r	COMP_ILLUSTRATION_REGIONS	1	1	1	INDEPENDENT_AUDIT_FINAL	Independent clean-room audit value
f7r	COMP_CENTRAL_ILLUSTRATION	PRESENT	PRESENT	PRESENT	INDEPENDENT_AUDIT_FINAL	Independent clean-room audit value
f7r	OBJ_PLANT_LIKE	1	1	1	INDEPENDENT_AUDIT_FINAL	Independent clean-room audit value
f7r	OBJ_HUMAN_LIKE	0	0	0	INDEPENDENT_AUDIT_FINAL	Independent clean-room audit value
f7r	OBJ_CONTAINER_LIKE	0	0	0	INDEPENDENT_AUDIT_FINAL	Independent clean-room audit value
f7r	OBJ_STAR_LIKE	0	1+	1+	INDEPENDENT_AUDIT_FINAL	Independent clean-room audit value
f7r	OBJ_CIRCULAR_UNITS	0	0	0	INDEPENDENT_AUDIT_FINAL	Independent clean-room audit value
f7r	GEO_RADIAL	ABSENT	ABSENT	ABSENT	INDEPENDENT_AUDIT_FINAL	Independent clean-room audit value
f7r	GEO_CONCENTRIC	ABSENT	ABSENT	ABSENT	INDEPENDENT_AUDIT_FINAL	Independent clean-room audit value
f7r	GEO_BRANCHING	PRESENT	PRESENT	PRESENT	INDEPENDENT_AUDIT_FINAL	Independent clean-room audit value
f7r	FIG_RELATION	NOT_APPLICABLE	NOT_APPLICABLE	NOT_APPLICABLE	INDEPENDENT_AUDIT_FINAL	Independent clean-room audit value
f7r	FIG_ENCLOSED	NOT_APPLICABLE	NOT_APPLICABLE	NOT_APPLICABLE	INDEPENDENT_AUDIT_FINAL	Independent clean-room audit value
f7r	TXT_RADIAL	ABSENT	ABSENT	ABSENT	INDEPENDENT_AUDIT_FINAL	Independent clean-room audit value
f7r	VIS_DENSITY	MEDIUM	MEDIUM	MEDIUM	INDEPENDENT_AUDIT_FINAL	Independent clean-room audit value
f7r	VIS_COMPLEXITY	MEDIUM	MEDIUM	MEDIUM	INDEPENDENT_AUDIT_FINAL	Independent clean-room audit value
f7v	COMP_ILLUSTRATION_REGIONS	1	NOT_AUDITED	1	SINGLE_FULL_PASS_PREDECLARED_AUDIT	Full visual pass; outside predeclared audit sample
f7v	COMP_CENTRAL_ILLUSTRATION	PRESENT	NOT_AUDITED	PRESENT	SINGLE_FULL_PASS_PREDECLARED_AUDIT	Full visual pass; outside predeclared audit sample
f7v	OBJ_PLANT_LIKE	1	NOT_AUDITED	1	SINGLE_FULL_PASS_PREDECLARED_AUDIT	Full visual pass; outside predeclared audit sample
f7v	OBJ_HUMAN_LIKE	0	NOT_AUDITED	0	SINGLE_FULL_PASS_PREDECLARED_AUDIT	Full visual pass; outside predeclared audit sample
f7v	OBJ_CONTAINER_LIKE	0	NOT_AUDITED	0	SINGLE_FULL_PASS_PREDECLARED_AUDIT	Full visual pass; outside predeclared audit sample
f7v	OBJ_STAR_LIKE	0	NOT_AUDITED	0	SINGLE_FULL_PASS_PREDECLARED_AUDIT	Full visual pass; outside predeclared audit sample
f7v	OBJ_CIRCULAR_UNITS	0	NOT_AUDITED	0	SINGLE_FULL_PASS_PREDECLARED_AUDIT	Full visual pass; outside predeclared audit sample
f7v	GEO_RADIAL	ABSENT	NOT_AUDITED	ABSENT	SINGLE_FULL_PASS_PREDECLARED_AUDIT	Full visual pass; outside predeclared audit sample
f7v	GEO_CONCENTRIC	ABSENT	NOT_AUDITED	ABSENT	SINGLE_FULL_PASS_PREDECLARED_AUDIT	Full visual pass; outside predeclared audit sample
f7v	GEO_BRANCHING	PRESENT	NOT_AUDITED	PRESENT	SINGLE_FULL_PASS_PREDECLARED_AUDIT	Full visual pass; outside predeclared audit sample
f7v	FIG_RELATION	NOT_APPLICABLE	NOT_AUDITED	NOT_APPLICABLE	SINGLE_FULL_PASS_PREDECLARED_AUDIT	Full visual pass; outside predeclared audit sample
f7v	FIG_ENCLOSED	NOT_APPLICABLE	NOT_AUDITED	NOT_APPLICABLE	SINGLE_FULL_PASS_PREDECLARED_AUDIT	Full visual pass; outside predeclared audit sample
f7v	TXT_RADIAL	ABSENT	NOT_AUDITED	ABSENT	SINGLE_FULL_PASS_PREDECLARED_AUDIT	Full visual pass; outside predeclared audit sample
f7v	VIS_DENSITY	MEDIUM	NOT_AUDITED	MEDIUM	SINGLE_FULL_PASS_PREDECLARED_AUDIT	Full visual pass; outside predeclared audit sample
f7v	VIS_COMPLEXITY	MEDIUM	NOT_AUDITED	MEDIUM	SINGLE_FULL_PASS_PREDECLARED_AUDIT	Full visual pass; outside predeclared audit sample
f8r	COMP_ILLUSTRATION_REGIONS	1	NOT_AUDITED	1	SINGLE_FULL_PASS_PREDECLARED_AUDIT	Full visual pass; outside predeclared audit sample
f8r	COMP_CENTRAL_ILLUSTRATION	PRESENT	NOT_AUDITED	PRESENT	SINGLE_FULL_PASS_PREDECLARED_AUDIT	Full visual pass; outside predeclared audit sample
f8r	OBJ_PLANT_LIKE	1	NOT_AUDITED	1	SINGLE_FULL_PASS_PREDECLARED_AUDIT	Full visual pass; outside predeclared audit sample
f8r	OBJ_HUMAN_LIKE	0	NOT_AUDITED	0	SINGLE_FULL_PASS_PREDECLARED_AUDIT	Full visual pass; outside predeclared audit sample
f8r	OBJ_CONTAINER_LIKE	0	NOT_AUDITED	0	SINGLE_FULL_PASS_PREDECLARED_AUDIT	Full visual pass; outside predeclared audit sample
f8r	OBJ_STAR_LIKE	0	NOT_AUDITED	0	SINGLE_FULL_PASS_PREDECLARED_AUDIT	Full visual pass; outside predeclared audit sample
f8r	OBJ_CIRCULAR_UNITS	0	NOT_AUDITED	0	SINGLE_FULL_PASS_PREDECLARED_AUDIT	Full visual pass; outside predeclared audit sample
f8r	GEO_RADIAL	ABSENT	NOT_AUDITED	ABSENT	SINGLE_FULL_PASS_PREDECLARED_AUDIT	Full visual pass; outside predeclared audit sample
f8r	GEO_CONCENTRIC	ABSENT	NOT_AUDITED	ABSENT	SINGLE_FULL_PASS_PREDECLARED_AUDIT	Full visual pass; outside predeclared audit sample
f8r	GEO_BRANCHING	PRESENT	NOT_AUDITED	PRESENT	SINGLE_FULL_PASS_PREDECLARED_AUDIT	Full visual pass; outside predeclared audit sample
f8r	FIG_RELATION	NOT_APPLICABLE	NOT_AUDITED	NOT_APPLICABLE	SINGLE_FULL_PASS_PREDECLARED_AUDIT	Full visual pass; outside predeclared audit sample
f8r	FIG_ENCLOSED	NOT_APPLICABLE	NOT_AUDITED	NOT_APPLICABLE	SINGLE_FULL_PASS_PREDECLARED_AUDIT	Full visual pass; outside predeclared audit sample
f8r	TXT_RADIAL	ABSENT	NOT_AUDITED	ABSENT	SINGLE_FULL_PASS_PREDECLARED_AUDIT	Full visual pass; outside predeclared audit sample
f8r	VIS_DENSITY	MEDIUM	NOT_AUDITED	MEDIUM	SINGLE_FULL_PASS_PREDECLARED_AUDIT	Full visual pass; outside predeclared audit sample
f8r	VIS_COMPLEXITY	MEDIUM	NOT_AUDITED	MEDIUM	SINGLE_FULL_PASS_PREDECLARED_AUDIT	Full visual pass; outside predeclared audit sample
f8v	COMP_ILLUSTRATION_REGIONS	1	1	1	INDEPENDENT_AUDIT_FINAL	Independent clean-room audit value
f8v	COMP_CENTRAL_ILLUSTRATION	PRESENT	PRESENT	PRESENT	INDEPENDENT_AUDIT_FINAL	Independent clean-room audit value
f8v	OBJ_PLANT_LIKE	1	1	1	INDEPENDENT_AUDIT_FINAL	Independent clean-room audit value
f8v	OBJ_HUMAN_LIKE	0	0	0	INDEPENDENT_AUDIT_FINAL	Independent clean-room audit value
f8v	OBJ_CONTAINER_LIKE	0	0	0	INDEPENDENT_AUDIT_FINAL	Independent clean-room audit value
f8v	OBJ_STAR_LIKE	0	1+	1+	INDEPENDENT_AUDIT_FINAL	Independent clean-room audit value
f8v	OBJ_CIRCULAR_UNITS	0	0	0	INDEPENDENT_AUDIT_FINAL	Independent clean-room audit value
f8v	GEO_RADIAL	ABSENT	ABSENT	ABSENT	INDEPENDENT_AUDIT_FINAL	Independent clean-room audit value
f8v	GEO_CONCENTRIC	ABSENT	ABSENT	ABSENT	INDEPENDENT_AUDIT_FINAL	Independent clean-room audit value
f8v	GEO_BRANCHING	PRESENT	PRESENT	PRESENT	INDEPENDENT_AUDIT_FINAL	Independent clean-room audit value
f8v	FIG_RELATION	NOT_APPLICABLE	NOT_APPLICABLE	NOT_APPLICABLE	INDEPENDENT_AUDIT_FINAL	Independent clean-room audit value
f8v	FIG_ENCLOSED	NOT_APPLICABLE	NOT_APPLICABLE	NOT_APPLICABLE	INDEPENDENT_AUDIT_FINAL	Independent clean-room audit value
f8v	TXT_RADIAL	ABSENT	ABSENT	ABSENT	INDEPENDENT_AUDIT_FINAL	Independent clean-room audit value
f8v	VIS_DENSITY	MEDIUM	MEDIUM	MEDIUM	INDEPENDENT_AUDIT_FINAL	Independent clean-room audit value
f8v	VIS_COMPLEXITY	MEDIUM	MEDIUM	MEDIUM	INDEPENDENT_AUDIT_FINAL	Independent clean-room audit value
f9r	COMP_ILLUSTRATION_REGIONS	1	NOT_AUDITED	1	SINGLE_FULL_PASS_PREDECLARED_AUDIT	Full visual pass; outside predeclared audit sample
f9r	COMP_CENTRAL_ILLUSTRATION	PRESENT	NOT_AUDITED	PRESENT	SINGLE_FULL_PASS_PREDECLARED_AUDIT	Full visual pass; outside predeclared audit sample
f9r	OBJ_PLANT_LIKE	1	NOT_AUDITED	1	SINGLE_FULL_PASS_PREDECLARED_AUDIT	Full visual pass; outside predeclared audit sample
f9r	OBJ_HUMAN_LIKE	0	NOT_AUDITED	0	SINGLE_FULL_PASS_PREDECLARED_AUDIT	Full visual pass; outside predeclared audit sample
f9r	OBJ_CONTAINER_LIKE	0	NOT_AUDITED	0	SINGLE_FULL_PASS_PREDECLARED_AUDIT	Full visual pass; outside predeclared audit sample
f9r	OBJ_STAR_LIKE	0	NOT_AUDITED	0	SINGLE_FULL_PASS_PREDECLARED_AUDIT	Full visual pass; outside predeclared audit sample
f9r	OBJ_CIRCULAR_UNITS	0	NOT_AUDITED	0	SINGLE_FULL_PASS_PREDECLARED_AUDIT	Full visual pass; outside predeclared audit sample
f9r	GEO_RADIAL	ABSENT	NOT_AUDITED	ABSENT	SINGLE_FULL_PASS_PREDECLARED_AUDIT	Full visual pass; outside predeclared audit sample
f9r	GEO_CONCENTRIC	ABSENT	NOT_AUDITED	ABSENT	SINGLE_FULL_PASS_PREDECLARED_AUDIT	Full visual pass; outside predeclared audit sample
f9r	GEO_BRANCHING	PRESENT	NOT_AUDITED	PRESENT	SINGLE_FULL_PASS_PREDECLARED_AUDIT	Full visual pass; outside predeclared audit sample
f9r	FIG_RELATION	NOT_APPLICABLE	NOT_AUDITED	NOT_APPLICABLE	SINGLE_FULL_PASS_PREDECLARED_AUDIT	Full visual pass; outside predeclared audit sample
f9r	FIG_ENCLOSED	NOT_APPLICABLE	NOT_AUDITED	NOT_APPLICABLE	SINGLE_FULL_PASS_PREDECLARED_AUDIT	Full visual pass; outside predeclared audit sample
f9r	TXT_RADIAL	ABSENT	NOT_AUDITED	ABSENT	SINGLE_FULL_PASS_PREDECLARED_AUDIT	Full visual pass; outside predeclared audit sample
f9r	VIS_DENSITY	MEDIUM	NOT_AUDITED	MEDIUM	SINGLE_FULL_PASS_PREDECLARED_AUDIT	Full visual pass; outside predeclared audit sample
f9r	VIS_COMPLEXITY	MEDIUM	NOT_AUDITED	MEDIUM	SINGLE_FULL_PASS_PREDECLARED_AUDIT	Full visual pass; outside predeclared audit sample
f9v	COMP_ILLUSTRATION_REGIONS	1	NOT_AUDITED	1	SINGLE_FULL_PASS_PREDECLARED_AUDIT	Full visual pass; outside predeclared audit sample
f9v	COMP_CENTRAL_ILLUSTRATION	PRESENT	NOT_AUDITED	PRESENT	SINGLE_FULL_PASS_PREDECLARED_AUDIT	Full visual pass; outside predeclared audit sample
f9v	OBJ_PLANT_LIKE	1	NOT_AUDITED	1	SINGLE_FULL_PASS_PREDECLARED_AUDIT	Full visual pass; outside predeclared audit sample
f9v	OBJ_HUMAN_LIKE	0	NOT_AUDITED	0	SINGLE_FULL_PASS_PREDECLARED_AUDIT	Full visual pass; outside predeclared audit sample
f9v	OBJ_CONTAINER_LIKE	0	NOT_AUDITED	0	SINGLE_FULL_PASS_PREDECLARED_AUDIT	Full visual pass; outside predeclared audit sample
f9v	OBJ_STAR_LIKE	0	NOT_AUDITED	0	SINGLE_FULL_PASS_PREDECLARED_AUDIT	Full visual pass; outside predeclared audit sample
f9v	OBJ_CIRCULAR_UNITS	0	NOT_AUDITED	0	SINGLE_FULL_PASS_PREDECLARED_AUDIT	Full visual pass; outside predeclared audit sample
f9v	GEO_RADIAL	ABSENT	NOT_AUDITED	ABSENT	SINGLE_FULL_PASS_PREDECLARED_AUDIT	Full visual pass; outside predeclared audit sample
f9v	GEO_CONCENTRIC	ABSENT	NOT_AUDITED	ABSENT	SINGLE_FULL_PASS_PREDECLARED_AUDIT	Full visual pass; outside predeclared audit sample
f9v	GEO_BRANCHING	PRESENT	NOT_AUDITED	PRESENT	SINGLE_FULL_PASS_PREDECLARED_AUDIT	Full visual pass; outside predeclared audit sample
f9v	FIG_RELATION	NOT_APPLICABLE	NOT_AUDITED	NOT_APPLICABLE	SINGLE_FULL_PASS_PREDECLARED_AUDIT	Full visual pass; outside predeclared audit sample
f9v	FIG_ENCLOSED	NOT_APPLICABLE	NOT_AUDITED	NOT_APPLICABLE	SINGLE_FULL_PASS_PREDECLARED_AUDIT	Full visual pass; outside predeclared audit sample
f9v	TXT_RADIAL	ABSENT	NOT_AUDITED	ABSENT	SINGLE_FULL_PASS_PREDECLARED_AUDIT	Full visual pass; outside predeclared audit sample
f9v	VIS_DENSITY	MEDIUM	NOT_AUDITED	MEDIUM	SINGLE_FULL_PASS_PREDECLARED_AUDIT	Full visual pass; outside predeclared audit sample
f9v	VIS_COMPLEXITY	MEDIUM	NOT_AUDITED	MEDIUM	SINGLE_FULL_PASS_PREDECLARED_AUDIT	Full visual pass; outside predeclared audit sample
f10r	COMP_ILLUSTRATION_REGIONS	1	NOT_AUDITED	1	SINGLE_FULL_PASS_PREDECLARED_AUDIT	Full visual pass; outside predeclared audit sample
f10r	COMP_CENTRAL_ILLUSTRATION	PRESENT	NOT_AUDITED	PRESENT	SINGLE_FULL_PASS_PREDECLARED_AUDIT	Full visual pass; outside predeclared audit sample
f10r	OBJ_PLANT_LIKE	1	NOT_AUDITED	1	SINGLE_FULL_PASS_PREDECLARED_AUDIT	Full visual pass; outside predeclared audit sample
f10r	OBJ_HUMAN_LIKE	0	NOT_AUDITED	0	SINGLE_FULL_PASS_PREDECLARED_AUDIT	Full visual pass; outside predeclared audit sample
f10r	OBJ_CONTAINER_LIKE	0	NOT_AUDITED	0	SINGLE_FULL_PASS_PREDECLARED_AUDIT	Full visual pass; outside predeclared audit sample
f10r	OBJ_STAR_LIKE	0	NOT_AUDITED	0	SINGLE_FULL_PASS_PREDECLARED_AUDIT	Full visual pass; outside predeclared audit sample
f10r	OBJ_CIRCULAR_UNITS	0	NOT_AUDITED	0	SINGLE_FULL_PASS_PREDECLARED_AUDIT	Full visual pass; outside predeclared audit sample
f10r	GEO_RADIAL	ABSENT	NOT_AUDITED	ABSENT	SINGLE_FULL_PASS_PREDECLARED_AUDIT	Full visual pass; outside predeclared audit sample
f10r	GEO_CONCENTRIC	ABSENT	NOT_AUDITED	ABSENT	SINGLE_FULL_PASS_PREDECLARED_AUDIT	Full visual pass; outside predeclared audit sample
f10r	GEO_BRANCHING	PRESENT	NOT_AUDITED	PRESENT	SINGLE_FULL_PASS_PREDECLARED_AUDIT	Full visual pass; outside predeclared audit sample
f10r	FIG_RELATION	NOT_APPLICABLE	NOT_AUDITED	NOT_APPLICABLE	SINGLE_FULL_PASS_PREDECLARED_AUDIT	Full visual pass; outside predeclared audit sample
f10r	FIG_ENCLOSED	NOT_APPLICABLE	NOT_AUDITED	NOT_APPLICABLE	SINGLE_FULL_PASS_PREDECLARED_AUDIT	Full visual pass; outside predeclared audit sample
f10r	TXT_RADIAL	ABSENT	NOT_AUDITED	ABSENT	SINGLE_FULL_PASS_PREDECLARED_AUDIT	Full visual pass; outside predeclared audit sample
f10r	VIS_DENSITY	MEDIUM	NOT_AUDITED	MEDIUM	SINGLE_FULL_PASS_PREDECLARED_AUDIT	Full visual pass; outside predeclared audit sample
f10r	VIS_COMPLEXITY	MEDIUM	NOT_AUDITED	MEDIUM	SINGLE_FULL_PASS_PREDECLARED_AUDIT	Full visual pass; outside predeclared audit sample
f10v	COMP_ILLUSTRATION_REGIONS	1	NOT_AUDITED	1	SINGLE_FULL_PASS_PREDECLARED_AUDIT	Full visual pass; outside predeclared audit sample
f10v	COMP_CENTRAL_ILLUSTRATION	PRESENT	NOT_AUDITED	PRESENT	SINGLE_FULL_PASS_PREDECLARED_AUDIT	Full visual pass; outside predeclared audit sample
f10v	OBJ_PLANT_LIKE	1	NOT_AUDITED	1	SINGLE_FULL_PASS_PREDECLARED_AUDIT	Full visual pass; outside predeclared audit sample
f10v	OBJ_HUMAN_LIKE	0	NOT_AUDITED	0	SINGLE_FULL_PASS_PREDECLARED_AUDIT	Full visual pass; outside predeclared audit sample
f10v	OBJ_CONTAINER_LIKE	0	NOT_AUDITED	0	SINGLE_FULL_PASS_PREDECLARED_AUDIT	Full visual pass; outside predeclared audit sample
f10v	OBJ_STAR_LIKE	0	NOT_AUDITED	0	SINGLE_FULL_PASS_PREDECLARED_AUDIT	Full visual pass; outside predeclared audit sample
f10v	OBJ_CIRCULAR_UNITS	0	NOT_AUDITED	0	SINGLE_FULL_PASS_PREDECLARED_AUDIT	Full visual pass; outside predeclared audit sample
f10v	GEO_RADIAL	ABSENT	NOT_AUDITED	ABSENT	SINGLE_FULL_PASS_PREDECLARED_AUDIT	Full visual pass; outside predeclared audit sample
f10v	GEO_CONCENTRIC	ABSENT	NOT_AUDITED	ABSENT	SINGLE_FULL_PASS_PREDECLARED_AUDIT	Full visual pass; outside predeclared audit sample
f10v	GEO_BRANCHING	PRESENT	NOT_AUDITED	PRESENT	SINGLE_FULL_PASS_PREDECLARED_AUDIT	Full visual pass; outside predeclared audit sample
f10v	FIG_RELATION	NOT_APPLICABLE	NOT_AUDITED	NOT_APPLICABLE	SINGLE_FULL_PASS_PREDECLARED_AUDIT	Full visual pass; outside predeclared audit sample
f10v	FIG_ENCLOSED	NOT_APPLICABLE	NOT_AUDITED	NOT_APPLICABLE	SINGLE_FULL_PASS_PREDECLARED_AUDIT	Full visual pass; outside predeclared audit sample
f10v	TXT_RADIAL	ABSENT	NOT_AUDITED	ABSENT	SINGLE_FULL_PASS_PREDECLARED_AUDIT	Full visual pass; outside predeclared audit sample
f10v	VIS_DENSITY	MEDIUM	NOT_AUDITED	MEDIUM	SINGLE_FULL_PASS_PREDECLARED_AUDIT	Full visual pass; outside predeclared audit sample
f10v	VIS_COMPLEXITY	MEDIUM	NOT_AUDITED	MEDIUM	SINGLE_FULL_PASS_PREDECLARED_AUDIT	Full visual pass; outside predeclared audit sample
f11r	COMP_ILLUSTRATION_REGIONS	1	NOT_AUDITED	1	SINGLE_FULL_PASS_PREDECLARED_AUDIT	Full visual pass; outside predeclared audit sample
f11r	COMP_CENTRAL_ILLUSTRATION	PRESENT	NOT_AUDITED	PRESENT	SINGLE_FULL_PASS_PREDECLARED_AUDIT	Full visual pass; outside predeclared audit sample
f11r	OBJ_PLANT_LIKE	1	NOT_AUDITED	1	SINGLE_FULL_PASS_PREDECLARED_AUDIT	Full visual pass; outside predeclared audit sample
f11r	OBJ_HUMAN_LIKE	0	NOT_AUDITED	0	SINGLE_FULL_PASS_PREDECLARED_AUDIT	Full visual pass; outside predeclared audit sample
f11r	OBJ_CONTAINER_LIKE	0	NOT_AUDITED	0	SINGLE_FULL_PASS_PREDECLARED_AUDIT	Full visual pass; outside predeclared audit sample
f11r	OBJ_STAR_LIKE	0	NOT_AUDITED	0	SINGLE_FULL_PASS_PREDECLARED_AUDIT	Full visual pass; outside predeclared audit sample
f11r	OBJ_CIRCULAR_UNITS	0	NOT_AUDITED	0	SINGLE_FULL_PASS_PREDECLARED_AUDIT	Full visual pass; outside predeclared audit sample
f11r	GEO_RADIAL	ABSENT	NOT_AUDITED	ABSENT	SINGLE_FULL_PASS_PREDECLARED_AUDIT	Full visual pass; outside predeclared audit sample
f11r	GEO_CONCENTRIC	ABSENT	NOT_AUDITED	ABSENT	SINGLE_FULL_PASS_PREDECLARED_AUDIT	Full visual pass; outside predeclared audit sample
f11r	GEO_BRANCHING	PRESENT	NOT_AUDITED	PRESENT	SINGLE_FULL_PASS_PREDECLARED_AUDIT	Full visual pass; outside predeclared audit sample
f11r	FIG_RELATION	NOT_APPLICABLE	NOT_AUDITED	NOT_APPLICABLE	SINGLE_FULL_PASS_PREDECLARED_AUDIT	Full visual pass; outside predeclared audit sample
f11r	FIG_ENCLOSED	NOT_APPLICABLE	NOT_AUDITED	NOT_APPLICABLE	SINGLE_FULL_PASS_PREDECLARED_AUDIT	Full visual pass; outside predeclared audit sample
f11r	TXT_RADIAL	ABSENT	NOT_AUDITED	ABSENT	SINGLE_FULL_PASS_PREDECLARED_AUDIT	Full visual pass; outside predeclared audit sample
f11r	VIS_DENSITY	MEDIUM	NOT_AUDITED	MEDIUM	SINGLE_FULL_PASS_PREDECLARED_AUDIT	Full visual pass; outside predeclared audit sample
f11r	VIS_COMPLEXITY	MEDIUM	NOT_AUDITED	MEDIUM	SINGLE_FULL_PASS_PREDECLARED_AUDIT	Full visual pass; outside predeclared audit sample
f11v	COMP_ILLUSTRATION_REGIONS	1	NOT_AUDITED	1	SINGLE_FULL_PASS_PREDECLARED_AUDIT	Full visual pass; outside predeclared audit sample
f11v	COMP_CENTRAL_ILLUSTRATION	PRESENT	NOT_AUDITED	PRESENT	SINGLE_FULL_PASS_PREDECLARED_AUDIT	Full visual pass; outside predeclared audit sample
f11v	OBJ_PLANT_LIKE	1	NOT_AUDITED	1	SINGLE_FULL_PASS_PREDECLARED_AUDIT	Full visual pass; outside predeclared audit sample
f11v	OBJ_HUMAN_LIKE	0	NOT_AUDITED	0	SINGLE_FULL_PASS_PREDECLARED_AUDIT	Full visual pass; outside predeclared audit sample
f11v	OBJ_CONTAINER_LIKE	0	NOT_AUDITED	0	SINGLE_FULL_PASS_PREDECLARED_AUDIT	Full visual pass; outside predeclared audit sample
f11v	OBJ_STAR_LIKE	0	NOT_AUDITED	0	SINGLE_FULL_PASS_PREDECLARED_AUDIT	Full visual pass; outside predeclared audit sample
f11v	OBJ_CIRCULAR_UNITS	0	NOT_AUDITED	0	SINGLE_FULL_PASS_PREDECLARED_AUDIT	Full visual pass; outside predeclared audit sample
f11v	GEO_RADIAL	ABSENT	NOT_AUDITED	ABSENT	SINGLE_FULL_PASS_PREDECLARED_AUDIT	Full visual pass; outside predeclared audit sample
f11v	GEO_CONCENTRIC	ABSENT	NOT_AUDITED	ABSENT	SINGLE_FULL_PASS_PREDECLARED_AUDIT	Full visual pass; outside predeclared audit sample
f11v	GEO_BRANCHING	PRESENT	NOT_AUDITED	PRESENT	SINGLE_FULL_PASS_PREDECLARED_AUDIT	Full visual pass; outside predeclared audit sample
f11v	FIG_RELATION	NOT_APPLICABLE	NOT_AUDITED	NOT_APPLICABLE	SINGLE_FULL_PASS_PREDECLARED_AUDIT	Full visual pass; outside predeclared audit sample
f11v	FIG_ENCLOSED	NOT_APPLICABLE	NOT_AUDITED	NOT_APPLICABLE	SINGLE_FULL_PASS_PREDECLARED_AUDIT	Full visual pass; outside predeclared audit sample
f11v	TXT_RADIAL	ABSENT	NOT_AUDITED	ABSENT	SINGLE_FULL_PASS_PREDECLARED_AUDIT	Full visual pass; outside predeclared audit sample
f11v	VIS_DENSITY	MEDIUM	NOT_AUDITED	MEDIUM	SINGLE_FULL_PASS_PREDECLARED_AUDIT	Full visual pass; outside predeclared audit sample
f11v	VIS_COMPLEXITY	MEDIUM	NOT_AUDITED	MEDIUM	SINGLE_FULL_PASS_PREDECLARED_AUDIT	Full visual pass; outside predeclared audit sample
f13r	COMP_ILLUSTRATION_REGIONS	1	NOT_AUDITED	1	SINGLE_FULL_PASS_PREDECLARED_AUDIT	Full visual pass; outside predeclared audit sample
f13r	COMP_CENTRAL_ILLUSTRATION	PRESENT	NOT_AUDITED	PRESENT	SINGLE_FULL_PASS_PREDECLARED_AUDIT	Full visual pass; outside predeclared audit sample
f13r	OBJ_PLANT_LIKE	1	NOT_AUDITED	1	SINGLE_FULL_PASS_PREDECLARED_AUDIT	Full visual pass; outside predeclared audit sample
f13r	OBJ_HUMAN_LIKE	0	NOT_AUDITED	0	SINGLE_FULL_PASS_PREDECLARED_AUDIT	Full visual pass; outside predeclared audit sample
f13r	OBJ_CONTAINER_LIKE	0	NOT_AUDITED	0	SINGLE_FULL_PASS_PREDECLARED_AUDIT	Full visual pass; outside predeclared audit sample
f13r	OBJ_STAR_LIKE	0	NOT_AUDITED	0	SINGLE_FULL_PASS_PREDECLARED_AUDIT	Full visual pass; outside predeclared audit sample
f13r	OBJ_CIRCULAR_UNITS	0	NOT_AUDITED	0	SINGLE_FULL_PASS_PREDECLARED_AUDIT	Full visual pass; outside predeclared audit sample
f13r	GEO_RADIAL	ABSENT	NOT_AUDITED	ABSENT	SINGLE_FULL_PASS_PREDECLARED_AUDIT	Full visual pass; outside predeclared audit sample
f13r	GEO_CONCENTRIC	ABSENT	NOT_AUDITED	ABSENT	SINGLE_FULL_PASS_PREDECLARED_AUDIT	Full visual pass; outside predeclared audit sample
f13r	GEO_BRANCHING	PRESENT	NOT_AUDITED	PRESENT	SINGLE_FULL_PASS_PREDECLARED_AUDIT	Full visual pass; outside predeclared audit sample
f13r	FIG_RELATION	NOT_APPLICABLE	NOT_AUDITED	NOT_APPLICABLE	SINGLE_FULL_PASS_PREDECLARED_AUDIT	Full visual pass; outside predeclared audit sample
f13r	FIG_ENCLOSED	NOT_APPLICABLE	NOT_AUDITED	NOT_APPLICABLE	SINGLE_FULL_PASS_PREDECLARED_AUDIT	Full visual pass; outside predeclared audit sample
f13r	TXT_RADIAL	ABSENT	NOT_AUDITED	ABSENT	SINGLE_FULL_PASS_PREDECLARED_AUDIT	Full visual pass; outside predeclared audit sample
f13r	VIS_DENSITY	MEDIUM	NOT_AUDITED	MEDIUM	SINGLE_FULL_PASS_PREDECLARED_AUDIT	Full visual pass; outside predeclared audit sample
f13r	VIS_COMPLEXITY	MEDIUM	NOT_AUDITED	MEDIUM	SINGLE_FULL_PASS_PREDECLARED_AUDIT	Full visual pass; outside predeclared audit sample
f13v	COMP_ILLUSTRATION_REGIONS	1	NOT_AUDITED	1	SINGLE_FULL_PASS_PREDECLARED_AUDIT	Full visual pass; outside predeclared audit sample
f13v	COMP_CENTRAL_ILLUSTRATION	PRESENT	NOT_AUDITED	PRESENT	SINGLE_FULL_PASS_PREDECLARED_AUDIT	Full visual pass; outside predeclared audit sample
f13v	OBJ_PLANT_LIKE	1	NOT_AUDITED	1	SINGLE_FULL_PASS_PREDECLARED_AUDIT	Full visual pass; outside predeclared audit sample
f13v	OBJ_HUMAN_LIKE	0	NOT_AUDITED	0	SINGLE_FULL_PASS_PREDECLARED_AUDIT	Full visual pass; outside predeclared audit sample
f13v	OBJ_CONTAINER_LIKE	0	NOT_AUDITED	0	SINGLE_FULL_PASS_PREDECLARED_AUDIT	Full visual pass; outside predeclared audit sample
f13v	OBJ_STAR_LIKE	0	NOT_AUDITED	0	SINGLE_FULL_PASS_PREDECLARED_AUDIT	Full visual pass; outside predeclared audit sample
f13v	OBJ_CIRCULAR_UNITS	0	NOT_AUDITED	0	SINGLE_FULL_PASS_PREDECLARED_AUDIT	Full visual pass; outside predeclared audit sample
f13v	GEO_RADIAL	ABSENT	NOT_AUDITED	ABSENT	SINGLE_FULL_PASS_PREDECLARED_AUDIT	Full visual pass; outside predeclared audit sample
f13v	GEO_CONCENTRIC	ABSENT	NOT_AUDITED	ABSENT	SINGLE_FULL_PASS_PREDECLARED_AUDIT	Full visual pass; outside predeclared audit sample
f13v	GEO_BRANCHING	PRESENT	NOT_AUDITED	PRESENT	SINGLE_FULL_PASS_PREDECLARED_AUDIT	Full visual pass; outside predeclared audit sample
f13v	FIG_RELATION	NOT_APPLICABLE	NOT_AUDITED	NOT_APPLICABLE	SINGLE_FULL_PASS_PREDECLARED_AUDIT	Full visual pass; outside predeclared audit sample
f13v	FIG_ENCLOSED	NOT_APPLICABLE	NOT_AUDITED	NOT_APPLICABLE	SINGLE_FULL_PASS_PREDECLARED_AUDIT	Full visual pass; outside predeclared audit sample
f13v	TXT_RADIAL	ABSENT	NOT_AUDITED	ABSENT	SINGLE_FULL_PASS_PREDECLARED_AUDIT	Full visual pass; outside predeclared audit sample
f13v	VIS_DENSITY	MEDIUM	NOT_AUDITED	MEDIUM	SINGLE_FULL_PASS_PREDECLARED_AUDIT	Full visual pass; outside predeclared audit sample
f13v	VIS_COMPLEXITY	MEDIUM	NOT_AUDITED	MEDIUM	SINGLE_FULL_PASS_PREDECLARED_AUDIT	Full visual pass; outside predeclared audit sample
f14r	COMP_ILLUSTRATION_REGIONS	1	NOT_AUDITED	1	SINGLE_FULL_PASS_PREDECLARED_AUDIT	Full visual pass; outside predeclared audit sample
f14r	COMP_CENTRAL_ILLUSTRATION	PRESENT	NOT_AUDITED	PRESENT	SINGLE_FULL_PASS_PREDECLARED_AUDIT	Full visual pass; outside predeclared audit sample
f14r	OBJ_PLANT_LIKE	1	NOT_AUDITED	1	SINGLE_FULL_PASS_PREDECLARED_AUDIT	Full visual pass; outside predeclared audit sample
f14r	OBJ_HUMAN_LIKE	0	NOT_AUDITED	0	SINGLE_FULL_PASS_PREDECLARED_AUDIT	Full visual pass; outside predeclared audit sample
f14r	OBJ_CONTAINER_LIKE	0	NOT_AUDITED	0	SINGLE_FULL_PASS_PREDECLARED_AUDIT	Full visual pass; outside predeclared audit sample
f14r	OBJ_STAR_LIKE	0	NOT_AUDITED	0	SINGLE_FULL_PASS_PREDECLARED_AUDIT	Full visual pass; outside predeclared audit sample
f14r	OBJ_CIRCULAR_UNITS	0	NOT_AUDITED	0	SINGLE_FULL_PASS_PREDECLARED_AUDIT	Full visual pass; outside predeclared audit sample
f14r	GEO_RADIAL	ABSENT	NOT_AUDITED	ABSENT	SINGLE_FULL_PASS_PREDECLARED_AUDIT	Full visual pass; outside predeclared audit sample
f14r	GEO_CONCENTRIC	ABSENT	NOT_AUDITED	ABSENT	SINGLE_FULL_PASS_PREDECLARED_AUDIT	Full visual pass; outside predeclared audit sample
f14r	GEO_BRANCHING	PRESENT	NOT_AUDITED	PRESENT	SINGLE_FULL_PASS_PREDECLARED_AUDIT	Full visual pass; outside predeclared audit sample
f14r	FIG_RELATION	NOT_APPLICABLE	NOT_AUDITED	NOT_APPLICABLE	SINGLE_FULL_PASS_PREDECLARED_AUDIT	Full visual pass; outside predeclared audit sample
f14r	FIG_ENCLOSED	NOT_APPLICABLE	NOT_AUDITED	NOT_APPLICABLE	SINGLE_FULL_PASS_PREDECLARED_AUDIT	Full visual pass; outside predeclared audit sample
f14r	TXT_RADIAL	ABSENT	NOT_AUDITED	ABSENT	SINGLE_FULL_PASS_PREDECLARED_AUDIT	Full visual pass; outside predeclared audit sample
f14r	VIS_DENSITY	MEDIUM	NOT_AUDITED	MEDIUM	SINGLE_FULL_PASS_PREDECLARED_AUDIT	Full visual pass; outside predeclared audit sample
f14r	VIS_COMPLEXITY	MEDIUM	NOT_AUDITED	MEDIUM	SINGLE_FULL_PASS_PREDECLARED_AUDIT	Full visual pass; outside predeclared audit sample
f14v	COMP_ILLUSTRATION_REGIONS	1	1	1	INDEPENDENT_AUDIT_FINAL	Independent clean-room audit value
f14v	COMP_CENTRAL_ILLUSTRATION	PRESENT	PRESENT	PRESENT	INDEPENDENT_AUDIT_FINAL	Independent clean-room audit value
f14v	OBJ_PLANT_LIKE	1	1	1	INDEPENDENT_AUDIT_FINAL	Independent clean-room audit value
f14v	OBJ_HUMAN_LIKE	0	0	0	INDEPENDENT_AUDIT_FINAL	Independent clean-room audit value
f14v	OBJ_CONTAINER_LIKE	0	0	0	INDEPENDENT_AUDIT_FINAL	Independent clean-room audit value
f14v	OBJ_STAR_LIKE	0	0	0	INDEPENDENT_AUDIT_FINAL	Independent clean-room audit value
f14v	OBJ_CIRCULAR_UNITS	0	0	0	INDEPENDENT_AUDIT_FINAL	Independent clean-room audit value
f14v	GEO_RADIAL	ABSENT	ABSENT	ABSENT	INDEPENDENT_AUDIT_FINAL	Independent clean-room audit value
f14v	GEO_CONCENTRIC	ABSENT	ABSENT	ABSENT	INDEPENDENT_AUDIT_FINAL	Independent clean-room audit value
f14v	GEO_BRANCHING	PRESENT	PRESENT	PRESENT	INDEPENDENT_AUDIT_FINAL	Independent clean-room audit value
f14v	FIG_RELATION	NOT_APPLICABLE	NOT_APPLICABLE	NOT_APPLICABLE	INDEPENDENT_AUDIT_FINAL	Independent clean-room audit value
f14v	FIG_ENCLOSED	NOT_APPLICABLE	NOT_APPLICABLE	NOT_APPLICABLE	INDEPENDENT_AUDIT_FINAL	Independent clean-room audit value
f14v	TXT_RADIAL	ABSENT	ABSENT	ABSENT	INDEPENDENT_AUDIT_FINAL	Independent clean-room audit value
f14v	VIS_DENSITY	MEDIUM	MEDIUM	MEDIUM	INDEPENDENT_AUDIT_FINAL	Independent clean-room audit value
f14v	VIS_COMPLEXITY	MEDIUM	MEDIUM	MEDIUM	INDEPENDENT_AUDIT_FINAL	Independent clean-room audit value
f15r	COMP_ILLUSTRATION_REGIONS	1	1	1	INDEPENDENT_AUDIT_FINAL	Independent clean-room audit value
f15r	COMP_CENTRAL_ILLUSTRATION	PRESENT	PRESENT	PRESENT	INDEPENDENT_AUDIT_FINAL	Independent clean-room audit value
f15r	OBJ_PLANT_LIKE	1	1	1	INDEPENDENT_AUDIT_FINAL	Independent clean-room audit value
f15r	OBJ_HUMAN_LIKE	0	0	0	INDEPENDENT_AUDIT_FINAL	Independent clean-room audit value
f15r	OBJ_CONTAINER_LIKE	0	0	0	INDEPENDENT_AUDIT_FINAL	Independent clean-room audit value
f15r	OBJ_STAR_LIKE	0	1+	1+	INDEPENDENT_AUDIT_FINAL	Independent clean-room audit value
f15r	OBJ_CIRCULAR_UNITS	0	0	0	INDEPENDENT_AUDIT_FINAL	Independent clean-room audit value
f15r	GEO_RADIAL	ABSENT	ABSENT	ABSENT	INDEPENDENT_AUDIT_FINAL	Independent clean-room audit value
f15r	GEO_CONCENTRIC	ABSENT	ABSENT	ABSENT	INDEPENDENT_AUDIT_FINAL	Independent clean-room audit value
f15r	GEO_BRANCHING	PRESENT	PRESENT	PRESENT	INDEPENDENT_AUDIT_FINAL	Independent clean-room audit value
f15r	FIG_RELATION	NOT_APPLICABLE	NOT_APPLICABLE	NOT_APPLICABLE	INDEPENDENT_AUDIT_FINAL	Independent clean-room audit value
f15r	FIG_ENCLOSED	NOT_APPLICABLE	NOT_APPLICABLE	NOT_APPLICABLE	INDEPENDENT_AUDIT_FINAL	Independent clean-room audit value
f15r	TXT_RADIAL	ABSENT	ABSENT	ABSENT	INDEPENDENT_AUDIT_FINAL	Independent clean-room audit value
f15r	VIS_DENSITY	MEDIUM	MEDIUM	MEDIUM	INDEPENDENT_AUDIT_FINAL	Independent clean-room audit value
f15r	VIS_COMPLEXITY	MEDIUM	MEDIUM	MEDIUM	INDEPENDENT_AUDIT_FINAL	Independent clean-room audit value
f15v	COMP_ILLUSTRATION_REGIONS	1	NOT_AUDITED	1	SINGLE_FULL_PASS_PREDECLARED_AUDIT	Full visual pass; outside predeclared audit sample
f15v	COMP_CENTRAL_ILLUSTRATION	PRESENT	NOT_AUDITED	PRESENT	SINGLE_FULL_PASS_PREDECLARED_AUDIT	Full visual pass; outside predeclared audit sample
f15v	OBJ_PLANT_LIKE	1	NOT_AUDITED	1	SINGLE_FULL_PASS_PREDECLARED_AUDIT	Full visual pass; outside predeclared audit sample
f15v	OBJ_HUMAN_LIKE	0	NOT_AUDITED	0	SINGLE_FULL_PASS_PREDECLARED_AUDIT	Full visual pass; outside predeclared audit sample
f15v	OBJ_CONTAINER_LIKE	0	NOT_AUDITED	0	SINGLE_FULL_PASS_PREDECLARED_AUDIT	Full visual pass; outside predeclared audit sample
f15v	OBJ_STAR_LIKE	0	NOT_AUDITED	0	SINGLE_FULL_PASS_PREDECLARED_AUDIT	Full visual pass; outside predeclared audit sample
f15v	OBJ_CIRCULAR_UNITS	0	NOT_AUDITED	0	SINGLE_FULL_PASS_PREDECLARED_AUDIT	Full visual pass; outside predeclared audit sample
f15v	GEO_RADIAL	ABSENT	NOT_AUDITED	ABSENT	SINGLE_FULL_PASS_PREDECLARED_AUDIT	Full visual pass; outside predeclared audit sample
f15v	GEO_CONCENTRIC	ABSENT	NOT_AUDITED	ABSENT	SINGLE_FULL_PASS_PREDECLARED_AUDIT	Full visual pass; outside predeclared audit sample
f15v	GEO_BRANCHING	PRESENT	NOT_AUDITED	PRESENT	SINGLE_FULL_PASS_PREDECLARED_AUDIT	Full visual pass; outside predeclared audit sample
f15v	FIG_RELATION	NOT_APPLICABLE	NOT_AUDITED	NOT_APPLICABLE	SINGLE_FULL_PASS_PREDECLARED_AUDIT	Full visual pass; outside predeclared audit sample
f15v	FIG_ENCLOSED	NOT_APPLICABLE	NOT_AUDITED	NOT_APPLICABLE	SINGLE_FULL_PASS_PREDECLARED_AUDIT	Full visual pass; outside predeclared audit sample
f15v	TXT_RADIAL	ABSENT	NOT_AUDITED	ABSENT	SINGLE_FULL_PASS_PREDECLARED_AUDIT	Full visual pass; outside predeclared audit sample
f15v	VIS_DENSITY	MEDIUM	NOT_AUDITED	MEDIUM	SINGLE_FULL_PASS_PREDECLARED_AUDIT	Full visual pass; outside predeclared audit sample
f15v	VIS_COMPLEXITY	MEDIUM	NOT_AUDITED	MEDIUM	SINGLE_FULL_PASS_PREDECLARED_AUDIT	Full visual pass; outside predeclared audit sample
f16r	COMP_ILLUSTRATION_REGIONS	1	NOT_AUDITED	1	SINGLE_FULL_PASS_PREDECLARED_AUDIT	Full visual pass; outside predeclared audit sample
f16r	COMP_CENTRAL_ILLUSTRATION	PRESENT	NOT_AUDITED	PRESENT	SINGLE_FULL_PASS_PREDECLARED_AUDIT	Full visual pass; outside predeclared audit sample
f16r	OBJ_PLANT_LIKE	1	NOT_AUDITED	1	SINGLE_FULL_PASS_PREDECLARED_AUDIT	Full visual pass; outside predeclared audit sample
f16r	OBJ_HUMAN_LIKE	0	NOT_AUDITED	0	SINGLE_FULL_PASS_PREDECLARED_AUDIT	Full visual pass; outside predeclared audit sample
f16r	OBJ_CONTAINER_LIKE	0	NOT_AUDITED	0	SINGLE_FULL_PASS_PREDECLARED_AUDIT	Full visual pass; outside predeclared audit sample
f16r	OBJ_STAR_LIKE	0	NOT_AUDITED	0	SINGLE_FULL_PASS_PREDECLARED_AUDIT	Full visual pass; outside predeclared audit sample
f16r	OBJ_CIRCULAR_UNITS	0	NOT_AUDITED	0	SINGLE_FULL_PASS_PREDECLARED_AUDIT	Full visual pass; outside predeclared audit sample
f16r	GEO_RADIAL	ABSENT	NOT_AUDITED	ABSENT	SINGLE_FULL_PASS_PREDECLARED_AUDIT	Full visual pass; outside predeclared audit sample
f16r	GEO_CONCENTRIC	ABSENT	NOT_AUDITED	ABSENT	SINGLE_FULL_PASS_PREDECLARED_AUDIT	Full visual pass; outside predeclared audit sample
f16r	GEO_BRANCHING	PRESENT	NOT_AUDITED	PRESENT	SINGLE_FULL_PASS_PREDECLARED_AUDIT	Full visual pass; outside predeclared audit sample
f16r	FIG_RELATION	NOT_APPLICABLE	NOT_AUDITED	NOT_APPLICABLE	SINGLE_FULL_PASS_PREDECLARED_AUDIT	Full visual pass; outside predeclared audit sample
f16r	FIG_ENCLOSED	NOT_APPLICABLE	NOT_AUDITED	NOT_APPLICABLE	SINGLE_FULL_PASS_PREDECLARED_AUDIT	Full visual pass; outside predeclared audit sample
f16r	TXT_RADIAL	ABSENT	NOT_AUDITED	ABSENT	SINGLE_FULL_PASS_PREDECLARED_AUDIT	Full visual pass; outside predeclared audit sample
f16r	VIS_DENSITY	MEDIUM	NOT_AUDITED	MEDIUM	SINGLE_FULL_PASS_PREDECLARED_AUDIT	Full visual pass; outside predeclared audit sample
f16r	VIS_COMPLEXITY	MEDIUM	NOT_AUDITED	MEDIUM	SINGLE_FULL_PASS_PREDECLARED_AUDIT	Full visual pass; outside predeclared audit sample
f16v	COMP_ILLUSTRATION_REGIONS	1	NOT_AUDITED	1	SINGLE_FULL_PASS_PREDECLARED_AUDIT	Full visual pass; outside predeclared audit sample
f16v	COMP_CENTRAL_ILLUSTRATION	PRESENT	NOT_AUDITED	PRESENT	SINGLE_FULL_PASS_PREDECLARED_AUDIT	Full visual pass; outside predeclared audit sample
f16v	OBJ_PLANT_LIKE	1	NOT_AUDITED	1	SINGLE_FULL_PASS_PREDECLARED_AUDIT	Full visual pass; outside predeclared audit sample
f16v	OBJ_HUMAN_LIKE	0	NOT_AUDITED	0	SINGLE_FULL_PASS_PREDECLARED_AUDIT	Full visual pass; outside predeclared audit sample
f16v	OBJ_CONTAINER_LIKE	0	NOT_AUDITED	0	SINGLE_FULL_PASS_PREDECLARED_AUDIT	Full visual pass; outside predeclared audit sample
f16v	OBJ_STAR_LIKE	0	NOT_AUDITED	0	SINGLE_FULL_PASS_PREDECLARED_AUDIT	Full visual pass; outside predeclared audit sample
f16v	OBJ_CIRCULAR_UNITS	0	NOT_AUDITED	0	SINGLE_FULL_PASS_PREDECLARED_AUDIT	Full visual pass; outside predeclared audit sample
f16v	GEO_RADIAL	ABSENT	NOT_AUDITED	ABSENT	SINGLE_FULL_PASS_PREDECLARED_AUDIT	Full visual pass; outside predeclared audit sample
f16v	GEO_CONCENTRIC	ABSENT	NOT_AUDITED	ABSENT	SINGLE_FULL_PASS_PREDECLARED_AUDIT	Full visual pass; outside predeclared audit sample
f16v	GEO_BRANCHING	PRESENT	NOT_AUDITED	PRESENT	SINGLE_FULL_PASS_PREDECLARED_AUDIT	Full visual pass; outside predeclared audit sample
f16v	FIG_RELATION	NOT_APPLICABLE	NOT_AUDITED	NOT_APPLICABLE	SINGLE_FULL_PASS_PREDECLARED_AUDIT	Full visual pass; outside predeclared audit sample
f16v	FIG_ENCLOSED	NOT_APPLICABLE	NOT_AUDITED	NOT_APPLICABLE	SINGLE_FULL_PASS_PREDECLARED_AUDIT	Full visual pass; outside predeclared audit sample
f16v	TXT_RADIAL	ABSENT	NOT_AUDITED	ABSENT	SINGLE_FULL_PASS_PREDECLARED_AUDIT	Full visual pass; outside predeclared audit sample
f16v	VIS_DENSITY	MEDIUM	NOT_AUDITED	MEDIUM	SINGLE_FULL_PASS_PREDECLARED_AUDIT	Full visual pass; outside predeclared audit sample
f16v	VIS_COMPLEXITY	MEDIUM	NOT_AUDITED	MEDIUM	SINGLE_FULL_PASS_PREDECLARED_AUDIT	Full visual pass; outside predeclared audit sample
f17r	COMP_ILLUSTRATION_REGIONS	1	NOT_AUDITED	1	SINGLE_FULL_PASS_PREDECLARED_AUDIT	Full visual pass; outside predeclared audit sample
f17r	COMP_CENTRAL_ILLUSTRATION	PRESENT	NOT_AUDITED	PRESENT	SINGLE_FULL_PASS_PREDECLARED_AUDIT	Full visual pass; outside predeclared audit sample
f17r	OBJ_PLANT_LIKE	1	NOT_AUDITED	1	SINGLE_FULL_PASS_PREDECLARED_AUDIT	Full visual pass; outside predeclared audit sample
f17r	OBJ_HUMAN_LIKE	0	NOT_AUDITED	0	SINGLE_FULL_PASS_PREDECLARED_AUDIT	Full visual pass; outside predeclared audit sample
f17r	OBJ_CONTAINER_LIKE	0	NOT_AUDITED	0	SINGLE_FULL_PASS_PREDECLARED_AUDIT	Full visual pass; outside predeclared audit sample
f17r	OBJ_STAR_LIKE	0	NOT_AUDITED	0	SINGLE_FULL_PASS_PREDECLARED_AUDIT	Full visual pass; outside predeclared audit sample
f17r	OBJ_CIRCULAR_UNITS	0	NOT_AUDITED	0	SINGLE_FULL_PASS_PREDECLARED_AUDIT	Full visual pass; outside predeclared audit sample
f17r	GEO_RADIAL	ABSENT	NOT_AUDITED	ABSENT	SINGLE_FULL_PASS_PREDECLARED_AUDIT	Full visual pass; outside predeclared audit sample
f17r	GEO_CONCENTRIC	ABSENT	NOT_AUDITED	ABSENT	SINGLE_FULL_PASS_PREDECLARED_AUDIT	Full visual pass; outside predeclared audit sample
f17r	GEO_BRANCHING	PRESENT	NOT_AUDITED	PRESENT	SINGLE_FULL_PASS_PREDECLARED_AUDIT	Full visual pass; outside predeclared audit sample
f17r	FIG_RELATION	NOT_APPLICABLE	NOT_AUDITED	NOT_APPLICABLE	SINGLE_FULL_PASS_PREDECLARED_AUDIT	Full visual pass; outside predeclared audit sample
f17r	FIG_ENCLOSED	NOT_APPLICABLE	NOT_AUDITED	NOT_APPLICABLE	SINGLE_FULL_PASS_PREDECLARED_AUDIT	Full visual pass; outside predeclared audit sample
f17r	TXT_RADIAL	ABSENT	NOT_AUDITED	ABSENT	SINGLE_FULL_PASS_PREDECLARED_AUDIT	Full visual pass; outside predeclared audit sample
f17r	VIS_DENSITY	MEDIUM	NOT_AUDITED	MEDIUM	SINGLE_FULL_PASS_PREDECLARED_AUDIT	Full visual pass; outside predeclared audit sample
f17r	VIS_COMPLEXITY	MEDIUM	NOT_AUDITED	MEDIUM	SINGLE_FULL_PASS_PREDECLARED_AUDIT	Full visual pass; outside predeclared audit sample
f17v	COMP_ILLUSTRATION_REGIONS	1	NOT_AUDITED	1	SINGLE_FULL_PASS_PREDECLARED_AUDIT	Full visual pass; outside predeclared audit sample
f17v	COMP_CENTRAL_ILLUSTRATION	PRESENT	NOT_AUDITED	PRESENT	SINGLE_FULL_PASS_PREDECLARED_AUDIT	Full visual pass; outside predeclared audit sample
f17v	OBJ_PLANT_LIKE	1	NOT_AUDITED	1	SINGLE_FULL_PASS_PREDECLARED_AUDIT	Full visual pass; outside predeclared audit sample
f17v	OBJ_HUMAN_LIKE	0	NOT_AUDITED	0	SINGLE_FULL_PASS_PREDECLARED_AUDIT	Full visual pass; outside predeclared audit sample
f17v	OBJ_CONTAINER_LIKE	0	NOT_AUDITED	0	SINGLE_FULL_PASS_PREDECLARED_AUDIT	Full visual pass; outside predeclared audit sample
f17v	OBJ_STAR_LIKE	0	NOT_AUDITED	0	SINGLE_FULL_PASS_PREDECLARED_AUDIT	Full visual pass; outside predeclared audit sample
f17v	OBJ_CIRCULAR_UNITS	0	NOT_AUDITED	0	SINGLE_FULL_PASS_PREDECLARED_AUDIT	Full visual pass; outside predeclared audit sample
f17v	GEO_RADIAL	ABSENT	NOT_AUDITED	ABSENT	SINGLE_FULL_PASS_PREDECLARED_AUDIT	Full visual pass; outside predeclared audit sample
f17v	GEO_CONCENTRIC	ABSENT	NOT_AUDITED	ABSENT	SINGLE_FULL_PASS_PREDECLARED_AUDIT	Full visual pass; outside predeclared audit sample
f17v	GEO_BRANCHING	PRESENT	NOT_AUDITED	PRESENT	SINGLE_FULL_PASS_PREDECLARED_AUDIT	Full visual pass; outside predeclared audit sample
f17v	FIG_RELATION	NOT_APPLICABLE	NOT_AUDITED	NOT_APPLICABLE	SINGLE_FULL_PASS_PREDECLARED_AUDIT	Full visual pass; outside predeclared audit sample
f17v	FIG_ENCLOSED	NOT_APPLICABLE	NOT_AUDITED	NOT_APPLICABLE	SINGLE_FULL_PASS_PREDECLARED_AUDIT	Full visual pass; outside predeclared audit sample
f17v	TXT_RADIAL	ABSENT	NOT_AUDITED	ABSENT	SINGLE_FULL_PASS_PREDECLARED_AUDIT	Full visual pass; outside predeclared audit sample
f17v	VIS_DENSITY	MEDIUM	NOT_AUDITED	MEDIUM	SINGLE_FULL_PASS_PREDECLARED_AUDIT	Full visual pass; outside predeclared audit sample
f17v	VIS_COMPLEXITY	MEDIUM	NOT_AUDITED	MEDIUM	SINGLE_FULL_PASS_PREDECLARED_AUDIT	Full visual pass; outside predeclared audit sample
f18r	COMP_ILLUSTRATION_REGIONS	1	NOT_AUDITED	1	SINGLE_FULL_PASS_PREDECLARED_AUDIT	Full visual pass; outside predeclared audit sample
f18r	COMP_CENTRAL_ILLUSTRATION	PRESENT	NOT_AUDITED	PRESENT	SINGLE_FULL_PASS_PREDECLARED_AUDIT	Full visual pass; outside predeclared audit sample
f18r	OBJ_PLANT_LIKE	1	NOT_AUDITED	1	SINGLE_FULL_PASS_PREDECLARED_AUDIT	Full visual pass; outside predeclared audit sample
f18r	OBJ_HUMAN_LIKE	0	NOT_AUDITED	0	SINGLE_FULL_PASS_PREDECLARED_AUDIT	Full visual pass; outside predeclared audit sample
f18r	OBJ_CONTAINER_LIKE	0	NOT_AUDITED	0	SINGLE_FULL_PASS_PREDECLARED_AUDIT	Full visual pass; outside predeclared audit sample
f18r	OBJ_STAR_LIKE	0	NOT_AUDITED	0	SINGLE_FULL_PASS_PREDECLARED_AUDIT	Full visual pass; outside predeclared audit sample
f18r	OBJ_CIRCULAR_UNITS	0	NOT_AUDITED	0	SINGLE_FULL_PASS_PREDECLARED_AUDIT	Full visual pass; outside predeclared audit sample
f18r	GEO_RADIAL	ABSENT	NOT_AUDITED	ABSENT	SINGLE_FULL_PASS_PREDECLARED_AUDIT	Full visual pass; outside predeclared audit sample
f18r	GEO_CONCENTRIC	ABSENT	NOT_AUDITED	ABSENT	SINGLE_FULL_PASS_PREDECLARED_AUDIT	Full visual pass; outside predeclared audit sample
f18r	GEO_BRANCHING	PRESENT	NOT_AUDITED	PRESENT	SINGLE_FULL_PASS_PREDECLARED_AUDIT	Full visual pass; outside predeclared audit sample
f18r	FIG_RELATION	NOT_APPLICABLE	NOT_AUDITED	NOT_APPLICABLE	SINGLE_FULL_PASS_PREDECLARED_AUDIT	Full visual pass; outside predeclared audit sample
f18r	FIG_ENCLOSED	NOT_APPLICABLE	NOT_AUDITED	NOT_APPLICABLE	SINGLE_FULL_PASS_PREDECLARED_AUDIT	Full visual pass; outside predeclared audit sample
f18r	TXT_RADIAL	ABSENT	NOT_AUDITED	ABSENT	SINGLE_FULL_PASS_PREDECLARED_AUDIT	Full visual pass; outside predeclared audit sample
f18r	VIS_DENSITY	MEDIUM	NOT_AUDITED	MEDIUM	SINGLE_FULL_PASS_PREDECLARED_AUDIT	Full visual pass; outside predeclared audit sample
f18r	VIS_COMPLEXITY	MEDIUM	NOT_AUDITED	MEDIUM	SINGLE_FULL_PASS_PREDECLARED_AUDIT	Full visual pass; outside predeclared audit sample
f18v	COMP_ILLUSTRATION_REGIONS	1	1	1	INDEPENDENT_AUDIT_FINAL	Independent clean-room audit value
f18v	COMP_CENTRAL_ILLUSTRATION	PRESENT	PRESENT	PRESENT	INDEPENDENT_AUDIT_FINAL	Independent clean-room audit value
f18v	OBJ_PLANT_LIKE	1	1	1	INDEPENDENT_AUDIT_FINAL	Independent clean-room audit value
f18v	OBJ_HUMAN_LIKE	0	0	0	INDEPENDENT_AUDIT_FINAL	Independent clean-room audit value
f18v	OBJ_CONTAINER_LIKE	0	0	0	INDEPENDENT_AUDIT_FINAL	Independent clean-room audit value
f18v	OBJ_STAR_LIKE	0	1+	1+	INDEPENDENT_AUDIT_FINAL	Independent clean-room audit value
f18v	OBJ_CIRCULAR_UNITS	0	0	0	INDEPENDENT_AUDIT_FINAL	Independent clean-room audit value
f18v	GEO_RADIAL	ABSENT	ABSENT	ABSENT	INDEPENDENT_AUDIT_FINAL	Independent clean-room audit value
f18v	GEO_CONCENTRIC	ABSENT	ABSENT	ABSENT	INDEPENDENT_AUDIT_FINAL	Independent clean-room audit value
f18v	GEO_BRANCHING	PRESENT	PRESENT	PRESENT	INDEPENDENT_AUDIT_FINAL	Independent clean-room audit value
f18v	FIG_RELATION	NOT_APPLICABLE	NOT_APPLICABLE	NOT_APPLICABLE	INDEPENDENT_AUDIT_FINAL	Independent clean-room audit value
f18v	FIG_ENCLOSED	NOT_APPLICABLE	NOT_APPLICABLE	NOT_APPLICABLE	INDEPENDENT_AUDIT_FINAL	Independent clean-room audit value
f18v	TXT_RADIAL	ABSENT	ABSENT	ABSENT	INDEPENDENT_AUDIT_FINAL	Independent clean-room audit value
f18v	VIS_DENSITY	MEDIUM	MEDIUM	MEDIUM	INDEPENDENT_AUDIT_FINAL	Independent clean-room audit value
f18v	VIS_COMPLEXITY	MEDIUM	MEDIUM	MEDIUM	INDEPENDENT_AUDIT_FINAL	Independent clean-room audit value
f19r	COMP_ILLUSTRATION_REGIONS	1	NOT_AUDITED	1	SINGLE_FULL_PASS_PREDECLARED_AUDIT	Full visual pass; outside predeclared audit sample
f19r	COMP_CENTRAL_ILLUSTRATION	PRESENT	NOT_AUDITED	PRESENT	SINGLE_FULL_PASS_PREDECLARED_AUDIT	Full visual pass; outside predeclared audit sample
f19r	OBJ_PLANT_LIKE	1	NOT_AUDITED	1	SINGLE_FULL_PASS_PREDECLARED_AUDIT	Full visual pass; outside predeclared audit sample
f19r	OBJ_HUMAN_LIKE	0	NOT_AUDITED	0	SINGLE_FULL_PASS_PREDECLARED_AUDIT	Full visual pass; outside predeclared audit sample
f19r	OBJ_CONTAINER_LIKE	0	NOT_AUDITED	0	SINGLE_FULL_PASS_PREDECLARED_AUDIT	Full visual pass; outside predeclared audit sample
f19r	OBJ_STAR_LIKE	0	NOT_AUDITED	0	SINGLE_FULL_PASS_PREDECLARED_AUDIT	Full visual pass; outside predeclared audit sample
f19r	OBJ_CIRCULAR_UNITS	0	NOT_AUDITED	0	SINGLE_FULL_PASS_PREDECLARED_AUDIT	Full visual pass; outside predeclared audit sample
f19r	GEO_RADIAL	ABSENT	NOT_AUDITED	ABSENT	SINGLE_FULL_PASS_PREDECLARED_AUDIT	Full visual pass; outside predeclared audit sample
f19r	GEO_CONCENTRIC	ABSENT	NOT_AUDITED	ABSENT	SINGLE_FULL_PASS_PREDECLARED_AUDIT	Full visual pass; outside predeclared audit sample
f19r	GEO_BRANCHING	PRESENT	NOT_AUDITED	PRESENT	SINGLE_FULL_PASS_PREDECLARED_AUDIT	Full visual pass; outside predeclared audit sample
f19r	FIG_RELATION	NOT_APPLICABLE	NOT_AUDITED	NOT_APPLICABLE	SINGLE_FULL_PASS_PREDECLARED_AUDIT	Full visual pass; outside predeclared audit sample
f19r	FIG_ENCLOSED	NOT_APPLICABLE	NOT_AUDITED	NOT_APPLICABLE	SINGLE_FULL_PASS_PREDECLARED_AUDIT	Full visual pass; outside predeclared audit sample
f19r	TXT_RADIAL	ABSENT	NOT_AUDITED	ABSENT	SINGLE_FULL_PASS_PREDECLARED_AUDIT	Full visual pass; outside predeclared audit sample
f19r	VIS_DENSITY	MEDIUM	NOT_AUDITED	MEDIUM	SINGLE_FULL_PASS_PREDECLARED_AUDIT	Full visual pass; outside predeclared audit sample
f19r	VIS_COMPLEXITY	MEDIUM	NOT_AUDITED	MEDIUM	SINGLE_FULL_PASS_PREDECLARED_AUDIT	Full visual pass; outside predeclared audit sample
f19v	COMP_ILLUSTRATION_REGIONS	1	NOT_AUDITED	1	SINGLE_FULL_PASS_PREDECLARED_AUDIT	Full visual pass; outside predeclared audit sample
f19v	COMP_CENTRAL_ILLUSTRATION	PRESENT	NOT_AUDITED	PRESENT	SINGLE_FULL_PASS_PREDECLARED_AUDIT	Full visual pass; outside predeclared audit sample
f19v	OBJ_PLANT_LIKE	1	NOT_AUDITED	1	SINGLE_FULL_PASS_PREDECLARED_AUDIT	Full visual pass; outside predeclared audit sample
f19v	OBJ_HUMAN_LIKE	0	NOT_AUDITED	0	SINGLE_FULL_PASS_PREDECLARED_AUDIT	Full visual pass; outside predeclared audit sample
f19v	OBJ_CONTAINER_LIKE	0	NOT_AUDITED	0	SINGLE_FULL_PASS_PREDECLARED_AUDIT	Full visual pass; outside predeclared audit sample
f19v	OBJ_STAR_LIKE	0	NOT_AUDITED	0	SINGLE_FULL_PASS_PREDECLARED_AUDIT	Full visual pass; outside predeclared audit sample
f19v	OBJ_CIRCULAR_UNITS	0	NOT_AUDITED	0	SINGLE_FULL_PASS_PREDECLARED_AUDIT	Full visual pass; outside predeclared audit sample
f19v	GEO_RADIAL	ABSENT	NOT_AUDITED	ABSENT	SINGLE_FULL_PASS_PREDECLARED_AUDIT	Full visual pass; outside predeclared audit sample
f19v	GEO_CONCENTRIC	ABSENT	NOT_AUDITED	ABSENT	SINGLE_FULL_PASS_PREDECLARED_AUDIT	Full visual pass; outside predeclared audit sample
f19v	GEO_BRANCHING	PRESENT	NOT_AUDITED	PRESENT	SINGLE_FULL_PASS_PREDECLARED_AUDIT	Full visual pass; outside predeclared audit sample
f19v	FIG_RELATION	NOT_APPLICABLE	NOT_AUDITED	NOT_APPLICABLE	SINGLE_FULL_PASS_PREDECLARED_AUDIT	Full visual pass; outside predeclared audit sample
f19v	FIG_ENCLOSED	NOT_APPLICABLE	NOT_AUDITED	NOT_APPLICABLE	SINGLE_FULL_PASS_PREDECLARED_AUDIT	Full visual pass; outside predeclared audit sample
f19v	TXT_RADIAL	ABSENT	NOT_AUDITED	ABSENT	SINGLE_FULL_PASS_PREDECLARED_AUDIT	Full visual pass; outside predeclared audit sample
f19v	VIS_DENSITY	MEDIUM	NOT_AUDITED	MEDIUM	SINGLE_FULL_PASS_PREDECLARED_AUDIT	Full visual pass; outside predeclared audit sample
f19v	VIS_COMPLEXITY	MEDIUM	NOT_AUDITED	MEDIUM	SINGLE_FULL_PASS_PREDECLARED_AUDIT	Full visual pass; outside predeclared audit sample
f20r	COMP_ILLUSTRATION_REGIONS	1	1	1	INDEPENDENT_AUDIT_FINAL	Independent clean-room audit value
f20r	COMP_CENTRAL_ILLUSTRATION	PRESENT	PRESENT	PRESENT	INDEPENDENT_AUDIT_FINAL	Independent clean-room audit value
f20r	OBJ_PLANT_LIKE	1	1	1	INDEPENDENT_AUDIT_FINAL	Independent clean-room audit value
f20r	OBJ_HUMAN_LIKE	0	0	0	INDEPENDENT_AUDIT_FINAL	Independent clean-room audit value
f20r	OBJ_CONTAINER_LIKE	0	0	0	INDEPENDENT_AUDIT_FINAL	Independent clean-room audit value
f20r	OBJ_STAR_LIKE	0	1+	1+	INDEPENDENT_AUDIT_FINAL	Independent clean-room audit value
f20r	OBJ_CIRCULAR_UNITS	0	0	0	INDEPENDENT_AUDIT_FINAL	Independent clean-room audit value
f20r	GEO_RADIAL	ABSENT	ABSENT	ABSENT	INDEPENDENT_AUDIT_FINAL	Independent clean-room audit value
f20r	GEO_CONCENTRIC	ABSENT	ABSENT	ABSENT	INDEPENDENT_AUDIT_FINAL	Independent clean-room audit value
f20r	GEO_BRANCHING	PRESENT	PRESENT	PRESENT	INDEPENDENT_AUDIT_FINAL	Independent clean-room audit value
f20r	FIG_RELATION	NOT_APPLICABLE	NOT_APPLICABLE	NOT_APPLICABLE	INDEPENDENT_AUDIT_FINAL	Independent clean-room audit value
f20r	FIG_ENCLOSED	NOT_APPLICABLE	NOT_APPLICABLE	NOT_APPLICABLE	INDEPENDENT_AUDIT_FINAL	Independent clean-room audit value
f20r	TXT_RADIAL	ABSENT	ABSENT	ABSENT	INDEPENDENT_AUDIT_FINAL	Independent clean-room audit value
f20r	VIS_DENSITY	MEDIUM	MEDIUM	MEDIUM	INDEPENDENT_AUDIT_FINAL	Independent clean-room audit value
f20r	VIS_COMPLEXITY	MEDIUM	MEDIUM	MEDIUM	INDEPENDENT_AUDIT_FINAL	Independent clean-room audit value
f20v	COMP_ILLUSTRATION_REGIONS	1	NOT_AUDITED	1	SINGLE_FULL_PASS_PREDECLARED_AUDIT	Full visual pass; outside predeclared audit sample
f20v	COMP_CENTRAL_ILLUSTRATION	PRESENT	NOT_AUDITED	PRESENT	SINGLE_FULL_PASS_PREDECLARED_AUDIT	Full visual pass; outside predeclared audit sample
f20v	OBJ_PLANT_LIKE	1	NOT_AUDITED	1	SINGLE_FULL_PASS_PREDECLARED_AUDIT	Full visual pass; outside predeclared audit sample
f20v	OBJ_HUMAN_LIKE	0	NOT_AUDITED	0	SINGLE_FULL_PASS_PREDECLARED_AUDIT	Full visual pass; outside predeclared audit sample
f20v	OBJ_CONTAINER_LIKE	0	NOT_AUDITED	0	SINGLE_FULL_PASS_PREDECLARED_AUDIT	Full visual pass; outside predeclared audit sample
f20v	OBJ_STAR_LIKE	0	NOT_AUDITED	0	SINGLE_FULL_PASS_PREDECLARED_AUDIT	Full visual pass; outside predeclared audit sample
f20v	OBJ_CIRCULAR_UNITS	0	NOT_AUDITED	0	SINGLE_FULL_PASS_PREDECLARED_AUDIT	Full visual pass; outside predeclared audit sample
f20v	GEO_RADIAL	ABSENT	NOT_AUDITED	ABSENT	SINGLE_FULL_PASS_PREDECLARED_AUDIT	Full visual pass; outside predeclared audit sample
f20v	GEO_CONCENTRIC	ABSENT	NOT_AUDITED	ABSENT	SINGLE_FULL_PASS_PREDECLARED_AUDIT	Full visual pass; outside predeclared audit sample
f20v	GEO_BRANCHING	PRESENT	NOT_AUDITED	PRESENT	SINGLE_FULL_PASS_PREDECLARED_AUDIT	Full visual pass; outside predeclared audit sample
f20v	FIG_RELATION	NOT_APPLICABLE	NOT_AUDITED	NOT_APPLICABLE	SINGLE_FULL_PASS_PREDECLARED_AUDIT	Full visual pass; outside predeclared audit sample
f20v	FIG_ENCLOSED	NOT_APPLICABLE	NOT_AUDITED	NOT_APPLICABLE	SINGLE_FULL_PASS_PREDECLARED_AUDIT	Full visual pass; outside predeclared audit sample
f20v	TXT_RADIAL	ABSENT	NOT_AUDITED	ABSENT	SINGLE_FULL_PASS_PREDECLARED_AUDIT	Full visual pass; outside predeclared audit sample
f20v	VIS_DENSITY	MEDIUM	NOT_AUDITED	MEDIUM	SINGLE_FULL_PASS_PREDECLARED_AUDIT	Full visual pass; outside predeclared audit sample
f20v	VIS_COMPLEXITY	MEDIUM	NOT_AUDITED	MEDIUM	SINGLE_FULL_PASS_PREDECLARED_AUDIT	Full visual pass; outside predeclared audit sample
f21r	COMP_ILLUSTRATION_REGIONS	1	NOT_AUDITED	1	SINGLE_FULL_PASS_PREDECLARED_AUDIT	Full visual pass; outside predeclared audit sample
f21r	COMP_CENTRAL_ILLUSTRATION	PRESENT	NOT_AUDITED	PRESENT	SINGLE_FULL_PASS_PREDECLARED_AUDIT	Full visual pass; outside predeclared audit sample
f21r	OBJ_PLANT_LIKE	1	NOT_AUDITED	1	SINGLE_FULL_PASS_PREDECLARED_AUDIT	Full visual pass; outside predeclared audit sample
f21r	OBJ_HUMAN_LIKE	0	NOT_AUDITED	0	SINGLE_FULL_PASS_PREDECLARED_AUDIT	Full visual pass; outside predeclared audit sample
f21r	OBJ_CONTAINER_LIKE	0	NOT_AUDITED	0	SINGLE_FULL_PASS_PREDECLARED_AUDIT	Full visual pass; outside predeclared audit sample
f21r	OBJ_STAR_LIKE	0	NOT_AUDITED	0	SINGLE_FULL_PASS_PREDECLARED_AUDIT	Full visual pass; outside predeclared audit sample
f21r	OBJ_CIRCULAR_UNITS	0	NOT_AUDITED	0	SINGLE_FULL_PASS_PREDECLARED_AUDIT	Full visual pass; outside predeclared audit sample
f21r	GEO_RADIAL	ABSENT	NOT_AUDITED	ABSENT	SINGLE_FULL_PASS_PREDECLARED_AUDIT	Full visual pass; outside predeclared audit sample
f21r	GEO_CONCENTRIC	ABSENT	NOT_AUDITED	ABSENT	SINGLE_FULL_PASS_PREDECLARED_AUDIT	Full visual pass; outside predeclared audit sample
f21r	GEO_BRANCHING	PRESENT	NOT_AUDITED	PRESENT	SINGLE_FULL_PASS_PREDECLARED_AUDIT	Full visual pass; outside predeclared audit sample
f21r	FIG_RELATION	NOT_APPLICABLE	NOT_AUDITED	NOT_APPLICABLE	SINGLE_FULL_PASS_PREDECLARED_AUDIT	Full visual pass; outside predeclared audit sample
f21r	FIG_ENCLOSED	NOT_APPLICABLE	NOT_AUDITED	NOT_APPLICABLE	SINGLE_FULL_PASS_PREDECLARED_AUDIT	Full visual pass; outside predeclared audit sample
f21r	TXT_RADIAL	ABSENT	NOT_AUDITED	ABSENT	SINGLE_FULL_PASS_PREDECLARED_AUDIT	Full visual pass; outside predeclared audit sample
f21r	VIS_DENSITY	MEDIUM	NOT_AUDITED	MEDIUM	SINGLE_FULL_PASS_PREDECLARED_AUDIT	Full visual pass; outside predeclared audit sample
f21r	VIS_COMPLEXITY	MEDIUM	NOT_AUDITED	MEDIUM	SINGLE_FULL_PASS_PREDECLARED_AUDIT	Full visual pass; outside predeclared audit sample
f21v	COMP_ILLUSTRATION_REGIONS	1	NOT_AUDITED	1	SINGLE_FULL_PASS_PREDECLARED_AUDIT	Full visual pass; outside predeclared audit sample
f21v	COMP_CENTRAL_ILLUSTRATION	PRESENT	NOT_AUDITED	PRESENT	SINGLE_FULL_PASS_PREDECLARED_AUDIT	Full visual pass; outside predeclared audit sample
f21v	OBJ_PLANT_LIKE	1	NOT_AUDITED	1	SINGLE_FULL_PASS_PREDECLARED_AUDIT	Full visual pass; outside predeclared audit sample
f21v	OBJ_HUMAN_LIKE	0	NOT_AUDITED	0	SINGLE_FULL_PASS_PREDECLARED_AUDIT	Full visual pass; outside predeclared audit sample
f21v	OBJ_CONTAINER_LIKE	0	NOT_AUDITED	0	SINGLE_FULL_PASS_PREDECLARED_AUDIT	Full visual pass; outside predeclared audit sample
f21v	OBJ_STAR_LIKE	0	NOT_AUDITED	0	SINGLE_FULL_PASS_PREDECLARED_AUDIT	Full visual pass; outside predeclared audit sample
f21v	OBJ_CIRCULAR_UNITS	0	NOT_AUDITED	0	SINGLE_FULL_PASS_PREDECLARED_AUDIT	Full visual pass; outside predeclared audit sample
f21v	GEO_RADIAL	ABSENT	NOT_AUDITED	ABSENT	SINGLE_FULL_PASS_PREDECLARED_AUDIT	Full visual pass; outside predeclared audit sample
f21v	GEO_CONCENTRIC	ABSENT	NOT_AUDITED	ABSENT	SINGLE_FULL_PASS_PREDECLARED_AUDIT	Full visual pass; outside predeclared audit sample
f21v	GEO_BRANCHING	PRESENT	NOT_AUDITED	PRESENT	SINGLE_FULL_PASS_PREDECLARED_AUDIT	Full visual pass; outside predeclared audit sample
f21v	FIG_RELATION	NOT_APPLICABLE	NOT_AUDITED	NOT_APPLICABLE	SINGLE_FULL_PASS_PREDECLARED_AUDIT	Full visual pass; outside predeclared audit sample
f21v	FIG_ENCLOSED	NOT_APPLICABLE	NOT_AUDITED	NOT_APPLICABLE	SINGLE_FULL_PASS_PREDECLARED_AUDIT	Full visual pass; outside predeclared audit sample
f21v	TXT_RADIAL	ABSENT	NOT_AUDITED	ABSENT	SINGLE_FULL_PASS_PREDECLARED_AUDIT	Full visual pass; outside predeclared audit sample
f21v	VIS_DENSITY	MEDIUM	NOT_AUDITED	MEDIUM	SINGLE_FULL_PASS_PREDECLARED_AUDIT	Full visual pass; outside predeclared audit sample
f21v	VIS_COMPLEXITY	MEDIUM	NOT_AUDITED	MEDIUM	SINGLE_FULL_PASS_PREDECLARED_AUDIT	Full visual pass; outside predeclared audit sample
f22r	COMP_ILLUSTRATION_REGIONS	1	NOT_AUDITED	1	SINGLE_FULL_PASS_PREDECLARED_AUDIT	Full visual pass; outside predeclared audit sample
f22r	COMP_CENTRAL_ILLUSTRATION	PRESENT	NOT_AUDITED	PRESENT	SINGLE_FULL_PASS_PREDECLARED_AUDIT	Full visual pass; outside predeclared audit sample
f22r	OBJ_PLANT_LIKE	1	NOT_AUDITED	1	SINGLE_FULL_PASS_PREDECLARED_AUDIT	Full visual pass; outside predeclared audit sample
f22r	OBJ_HUMAN_LIKE	0	NOT_AUDITED	0	SINGLE_FULL_PASS_PREDECLARED_AUDIT	Full visual pass; outside predeclared audit sample
f22r	OBJ_CONTAINER_LIKE	0	NOT_AUDITED	0	SINGLE_FULL_PASS_PREDECLARED_AUDIT	Full visual pass; outside predeclared audit sample
f22r	OBJ_STAR_LIKE	0	NOT_AUDITED	0	SINGLE_FULL_PASS_PREDECLARED_AUDIT	Full visual pass; outside predeclared audit sample
f22r	OBJ_CIRCULAR_UNITS	0	NOT_AUDITED	0	SINGLE_FULL_PASS_PREDECLARED_AUDIT	Full visual pass; outside predeclared audit sample
f22r	GEO_RADIAL	ABSENT	NOT_AUDITED	ABSENT	SINGLE_FULL_PASS_PREDECLARED_AUDIT	Full visual pass; outside predeclared audit sample
f22r	GEO_CONCENTRIC	ABSENT	NOT_AUDITED	ABSENT	SINGLE_FULL_PASS_PREDECLARED_AUDIT	Full visual pass; outside predeclared audit sample
f22r	GEO_BRANCHING	PRESENT	NOT_AUDITED	PRESENT	SINGLE_FULL_PASS_PREDECLARED_AUDIT	Full visual pass; outside predeclared audit sample
f22r	FIG_RELATION	NOT_APPLICABLE	NOT_AUDITED	NOT_APPLICABLE	SINGLE_FULL_PASS_PREDECLARED_AUDIT	Full visual pass; outside predeclared audit sample
f22r	FIG_ENCLOSED	NOT_APPLICABLE	NOT_AUDITED	NOT_APPLICABLE	SINGLE_FULL_PASS_PREDECLARED_AUDIT	Full visual pass; outside predeclared audit sample
f22r	TXT_RADIAL	ABSENT	NOT_AUDITED	ABSENT	SINGLE_FULL_PASS_PREDECLARED_AUDIT	Full visual pass; outside predeclared audit sample
f22r	VIS_DENSITY	MEDIUM	NOT_AUDITED	MEDIUM	SINGLE_FULL_PASS_PREDECLARED_AUDIT	Full visual pass; outside predeclared audit sample
f22r	VIS_COMPLEXITY	MEDIUM	NOT_AUDITED	MEDIUM	SINGLE_FULL_PASS_PREDECLARED_AUDIT	Full visual pass; outside predeclared audit sample
f22v	COMP_ILLUSTRATION_REGIONS	1	1	1	INDEPENDENT_AUDIT_FINAL	Independent clean-room audit value
f22v	COMP_CENTRAL_ILLUSTRATION	PRESENT	PRESENT	PRESENT	INDEPENDENT_AUDIT_FINAL	Independent clean-room audit value
f22v	OBJ_PLANT_LIKE	1	1	1	INDEPENDENT_AUDIT_FINAL	Independent clean-room audit value
f22v	OBJ_HUMAN_LIKE	0	0	0	INDEPENDENT_AUDIT_FINAL	Independent clean-room audit value
f22v	OBJ_CONTAINER_LIKE	0	0	0	INDEPENDENT_AUDIT_FINAL	Independent clean-room audit value
f22v	OBJ_STAR_LIKE	0	0	0	INDEPENDENT_AUDIT_FINAL	Independent clean-room audit value
f22v	OBJ_CIRCULAR_UNITS	0	0	0	INDEPENDENT_AUDIT_FINAL	Independent clean-room audit value
f22v	GEO_RADIAL	ABSENT	ABSENT	ABSENT	INDEPENDENT_AUDIT_FINAL	Independent clean-room audit value
f22v	GEO_CONCENTRIC	ABSENT	ABSENT	ABSENT	INDEPENDENT_AUDIT_FINAL	Independent clean-room audit value
f22v	GEO_BRANCHING	PRESENT	PRESENT	PRESENT	INDEPENDENT_AUDIT_FINAL	Independent clean-room audit value
f22v	FIG_RELATION	NOT_APPLICABLE	NOT_APPLICABLE	NOT_APPLICABLE	INDEPENDENT_AUDIT_FINAL	Independent clean-room audit value
f22v	FIG_ENCLOSED	NOT_APPLICABLE	NOT_APPLICABLE	NOT_APPLICABLE	INDEPENDENT_AUDIT_FINAL	Independent clean-room audit value
f22v	TXT_RADIAL	ABSENT	ABSENT	ABSENT	INDEPENDENT_AUDIT_FINAL	Independent clean-room audit value
f22v	VIS_DENSITY	MEDIUM	MEDIUM	MEDIUM	INDEPENDENT_AUDIT_FINAL	Independent clean-room audit value
f22v	VIS_COMPLEXITY	MEDIUM	MEDIUM	MEDIUM	INDEPENDENT_AUDIT_FINAL	Independent clean-room audit value
f23r	COMP_ILLUSTRATION_REGIONS	1	1	1	INDEPENDENT_AUDIT_FINAL	Independent clean-room audit value
f23r	COMP_CENTRAL_ILLUSTRATION	PRESENT	PRESENT	PRESENT	INDEPENDENT_AUDIT_FINAL	Independent clean-room audit value
f23r	OBJ_PLANT_LIKE	1	1	1	INDEPENDENT_AUDIT_FINAL	Independent clean-room audit value
f23r	OBJ_HUMAN_LIKE	0	0	0	INDEPENDENT_AUDIT_FINAL	Independent clean-room audit value
f23r	OBJ_CONTAINER_LIKE	0	0	0	INDEPENDENT_AUDIT_FINAL	Independent clean-room audit value
f23r	OBJ_STAR_LIKE	0	1+	1+	INDEPENDENT_AUDIT_FINAL	Independent clean-room audit value
f23r	OBJ_CIRCULAR_UNITS	0	0	0	INDEPENDENT_AUDIT_FINAL	Independent clean-room audit value
f23r	GEO_RADIAL	ABSENT	ABSENT	ABSENT	INDEPENDENT_AUDIT_FINAL	Independent clean-room audit value
f23r	GEO_CONCENTRIC	ABSENT	ABSENT	ABSENT	INDEPENDENT_AUDIT_FINAL	Independent clean-room audit value
f23r	GEO_BRANCHING	PRESENT	PRESENT	PRESENT	INDEPENDENT_AUDIT_FINAL	Independent clean-room audit value
f23r	FIG_RELATION	NOT_APPLICABLE	NOT_APPLICABLE	NOT_APPLICABLE	INDEPENDENT_AUDIT_FINAL	Independent clean-room audit value
f23r	FIG_ENCLOSED	NOT_APPLICABLE	NOT_APPLICABLE	NOT_APPLICABLE	INDEPENDENT_AUDIT_FINAL	Independent clean-room audit value
f23r	TXT_RADIAL	ABSENT	ABSENT	ABSENT	INDEPENDENT_AUDIT_FINAL	Independent clean-room audit value
f23r	VIS_DENSITY	MEDIUM	MEDIUM	MEDIUM	INDEPENDENT_AUDIT_FINAL	Independent clean-room audit value
f23r	VIS_COMPLEXITY	MEDIUM	MEDIUM	MEDIUM	INDEPENDENT_AUDIT_FINAL	Independent clean-room audit value
f23v	COMP_ILLUSTRATION_REGIONS	1	1	1	INDEPENDENT_AUDIT_FINAL	Independent clean-room audit value
f23v	COMP_CENTRAL_ILLUSTRATION	PRESENT	PRESENT	PRESENT	INDEPENDENT_AUDIT_FINAL	Independent clean-room audit value
f23v	OBJ_PLANT_LIKE	1	0	0	INDEPENDENT_AUDIT_FINAL	Independent clean-room audit value
f23v	OBJ_HUMAN_LIKE	0	0	0	INDEPENDENT_AUDIT_FINAL	Independent clean-room audit value
f23v	OBJ_CONTAINER_LIKE	0	0	0	INDEPENDENT_AUDIT_FINAL	Independent clean-room audit value
f23v	OBJ_STAR_LIKE	0	0	0	INDEPENDENT_AUDIT_FINAL	Independent clean-room audit value
f23v	OBJ_CIRCULAR_UNITS	0	1	1	INDEPENDENT_AUDIT_FINAL	Independent clean-room audit value
f23v	GEO_RADIAL	ABSENT	PRESENT	PRESENT	INDEPENDENT_AUDIT_FINAL	Independent clean-room audit value
f23v	GEO_CONCENTRIC	ABSENT	PRESENT	PRESENT	INDEPENDENT_AUDIT_FINAL	Independent clean-room audit value
f23v	GEO_BRANCHING	PRESENT	ABSENT	ABSENT	INDEPENDENT_AUDIT_FINAL	Independent clean-room audit value
f23v	FIG_RELATION	NOT_APPLICABLE	NOT_APPLICABLE	NOT_APPLICABLE	INDEPENDENT_AUDIT_FINAL	Independent clean-room audit value
f23v	FIG_ENCLOSED	NOT_APPLICABLE	NOT_APPLICABLE	NOT_APPLICABLE	INDEPENDENT_AUDIT_FINAL	Independent clean-room audit value
f23v	TXT_RADIAL	ABSENT	PRESENT	PRESENT	INDEPENDENT_AUDIT_FINAL	Independent clean-room audit value
f23v	VIS_DENSITY	MEDIUM	HIGH	HIGH	INDEPENDENT_AUDIT_FINAL	Independent clean-room audit value
f23v	VIS_COMPLEXITY	MEDIUM	HIGH	HIGH	INDEPENDENT_AUDIT_FINAL	Independent clean-room audit value
f24r	COMP_ILLUSTRATION_REGIONS	1	1	1	INDEPENDENT_AUDIT_FINAL	Independent clean-room audit value
f24r	COMP_CENTRAL_ILLUSTRATION	PRESENT	PRESENT	PRESENT	INDEPENDENT_AUDIT_FINAL	Independent clean-room audit value
f24r	OBJ_PLANT_LIKE	1	1	1	INDEPENDENT_AUDIT_FINAL	Independent clean-room audit value
f24r	OBJ_HUMAN_LIKE	0	0	0	INDEPENDENT_AUDIT_FINAL	Independent clean-room audit value
f24r	OBJ_CONTAINER_LIKE	0	0	0	INDEPENDENT_AUDIT_FINAL	Independent clean-room audit value
f24r	OBJ_STAR_LIKE	0	1+	1+	INDEPENDENT_AUDIT_FINAL	Independent clean-room audit value
f24r	OBJ_CIRCULAR_UNITS	0	0	0	INDEPENDENT_AUDIT_FINAL	Independent clean-room audit value
f24r	GEO_RADIAL	ABSENT	ABSENT	ABSENT	INDEPENDENT_AUDIT_FINAL	Independent clean-room audit value
f24r	GEO_CONCENTRIC	ABSENT	ABSENT	ABSENT	INDEPENDENT_AUDIT_FINAL	Independent clean-room audit value
f24r	GEO_BRANCHING	PRESENT	PRESENT	PRESENT	INDEPENDENT_AUDIT_FINAL	Independent clean-room audit value
f24r	FIG_RELATION	NOT_APPLICABLE	NOT_APPLICABLE	NOT_APPLICABLE	INDEPENDENT_AUDIT_FINAL	Independent clean-room audit value
f24r	FIG_ENCLOSED	NOT_APPLICABLE	NOT_APPLICABLE	NOT_APPLICABLE	INDEPENDENT_AUDIT_FINAL	Independent clean-room audit value
f24r	TXT_RADIAL	ABSENT	ABSENT	ABSENT	INDEPENDENT_AUDIT_FINAL	Independent clean-room audit value
f24r	VIS_DENSITY	MEDIUM	MEDIUM	MEDIUM	INDEPENDENT_AUDIT_FINAL	Independent clean-room audit value
f24r	VIS_COMPLEXITY	MEDIUM	MEDIUM	MEDIUM	INDEPENDENT_AUDIT_FINAL	Independent clean-room audit value
f24v	COMP_ILLUSTRATION_REGIONS	1	NOT_AUDITED	1	SINGLE_FULL_PASS_PREDECLARED_AUDIT	Full visual pass; outside predeclared audit sample
f24v	COMP_CENTRAL_ILLUSTRATION	PRESENT	NOT_AUDITED	PRESENT	SINGLE_FULL_PASS_PREDECLARED_AUDIT	Full visual pass; outside predeclared audit sample
f24v	OBJ_PLANT_LIKE	1	NOT_AUDITED	1	SINGLE_FULL_PASS_PREDECLARED_AUDIT	Full visual pass; outside predeclared audit sample
f24v	OBJ_HUMAN_LIKE	0	NOT_AUDITED	0	SINGLE_FULL_PASS_PREDECLARED_AUDIT	Full visual pass; outside predeclared audit sample
f24v	OBJ_CONTAINER_LIKE	0	NOT_AUDITED	0	SINGLE_FULL_PASS_PREDECLARED_AUDIT	Full visual pass; outside predeclared audit sample
f24v	OBJ_STAR_LIKE	0	NOT_AUDITED	0	SINGLE_FULL_PASS_PREDECLARED_AUDIT	Full visual pass; outside predeclared audit sample
f24v	OBJ_CIRCULAR_UNITS	0	NOT_AUDITED	0	SINGLE_FULL_PASS_PREDECLARED_AUDIT	Full visual pass; outside predeclared audit sample
f24v	GEO_RADIAL	ABSENT	NOT_AUDITED	ABSENT	SINGLE_FULL_PASS_PREDECLARED_AUDIT	Full visual pass; outside predeclared audit sample
f24v	GEO_CONCENTRIC	ABSENT	NOT_AUDITED	ABSENT	SINGLE_FULL_PASS_PREDECLARED_AUDIT	Full visual pass; outside predeclared audit sample
f24v	GEO_BRANCHING	PRESENT	NOT_AUDITED	PRESENT	SINGLE_FULL_PASS_PREDECLARED_AUDIT	Full visual pass; outside predeclared audit sample
f24v	FIG_RELATION	NOT_APPLICABLE	NOT_AUDITED	NOT_APPLICABLE	SINGLE_FULL_PASS_PREDECLARED_AUDIT	Full visual pass; outside predeclared audit sample
f24v	FIG_ENCLOSED	NOT_APPLICABLE	NOT_AUDITED	NOT_APPLICABLE	SINGLE_FULL_PASS_PREDECLARED_AUDIT	Full visual pass; outside predeclared audit sample
f24v	TXT_RADIAL	ABSENT	NOT_AUDITED	ABSENT	SINGLE_FULL_PASS_PREDECLARED_AUDIT	Full visual pass; outside predeclared audit sample
f24v	VIS_DENSITY	MEDIUM	NOT_AUDITED	MEDIUM	SINGLE_FULL_PASS_PREDECLARED_AUDIT	Full visual pass; outside predeclared audit sample
f24v	VIS_COMPLEXITY	MEDIUM	NOT_AUDITED	MEDIUM	SINGLE_FULL_PASS_PREDECLARED_AUDIT	Full visual pass; outside predeclared audit sample
f25r	COMP_ILLUSTRATION_REGIONS	1	NOT_AUDITED	1	SINGLE_FULL_PASS_PREDECLARED_AUDIT	Full visual pass; outside predeclared audit sample
f25r	COMP_CENTRAL_ILLUSTRATION	PRESENT	NOT_AUDITED	PRESENT	SINGLE_FULL_PASS_PREDECLARED_AUDIT	Full visual pass; outside predeclared audit sample
f25r	OBJ_PLANT_LIKE	1	NOT_AUDITED	1	SINGLE_FULL_PASS_PREDECLARED_AUDIT	Full visual pass; outside predeclared audit sample
f25r	OBJ_HUMAN_LIKE	0	NOT_AUDITED	0	SINGLE_FULL_PASS_PREDECLARED_AUDIT	Full visual pass; outside predeclared audit sample
f25r	OBJ_CONTAINER_LIKE	0	NOT_AUDITED	0	SINGLE_FULL_PASS_PREDECLARED_AUDIT	Full visual pass; outside predeclared audit sample
f25r	OBJ_STAR_LIKE	0	NOT_AUDITED	0	SINGLE_FULL_PASS_PREDECLARED_AUDIT	Full visual pass; outside predeclared audit sample
f25r	OBJ_CIRCULAR_UNITS	0	NOT_AUDITED	0	SINGLE_FULL_PASS_PREDECLARED_AUDIT	Full visual pass; outside predeclared audit sample
f25r	GEO_RADIAL	ABSENT	NOT_AUDITED	ABSENT	SINGLE_FULL_PASS_PREDECLARED_AUDIT	Full visual pass; outside predeclared audit sample
f25r	GEO_CONCENTRIC	ABSENT	NOT_AUDITED	ABSENT	SINGLE_FULL_PASS_PREDECLARED_AUDIT	Full visual pass; outside predeclared audit sample
f25r	GEO_BRANCHING	PRESENT	NOT_AUDITED	PRESENT	SINGLE_FULL_PASS_PREDECLARED_AUDIT	Full visual pass; outside predeclared audit sample
f25r	FIG_RELATION	NOT_APPLICABLE	NOT_AUDITED	NOT_APPLICABLE	SINGLE_FULL_PASS_PREDECLARED_AUDIT	Full visual pass; outside predeclared audit sample
f25r	FIG_ENCLOSED	NOT_APPLICABLE	NOT_AUDITED	NOT_APPLICABLE	SINGLE_FULL_PASS_PREDECLARED_AUDIT	Full visual pass; outside predeclared audit sample
f25r	TXT_RADIAL	ABSENT	NOT_AUDITED	ABSENT	SINGLE_FULL_PASS_PREDECLARED_AUDIT	Full visual pass; outside predeclared audit sample
f25r	VIS_DENSITY	MEDIUM	NOT_AUDITED	MEDIUM	SINGLE_FULL_PASS_PREDECLARED_AUDIT	Full visual pass; outside predeclared audit sample
f25r	VIS_COMPLEXITY	MEDIUM	NOT_AUDITED	MEDIUM	SINGLE_FULL_PASS_PREDECLARED_AUDIT	Full visual pass; outside predeclared audit sample
f25v	COMP_ILLUSTRATION_REGIONS	1	1	1	INDEPENDENT_AUDIT_FINAL	Independent clean-room audit value
f25v	COMP_CENTRAL_ILLUSTRATION	PRESENT	PRESENT	PRESENT	INDEPENDENT_AUDIT_FINAL	Independent clean-room audit value
f25v	OBJ_PLANT_LIKE	1	1	1	INDEPENDENT_AUDIT_FINAL	Independent clean-room audit value
f25v	OBJ_HUMAN_LIKE	0	0	0	INDEPENDENT_AUDIT_FINAL	Independent clean-room audit value
f25v	OBJ_CONTAINER_LIKE	0	0	0	INDEPENDENT_AUDIT_FINAL	Independent clean-room audit value
f25v	OBJ_STAR_LIKE	0	1+	1+	INDEPENDENT_AUDIT_FINAL	Independent clean-room audit value
f25v	OBJ_CIRCULAR_UNITS	0	0	0	INDEPENDENT_AUDIT_FINAL	Independent clean-room audit value
f25v	GEO_RADIAL	ABSENT	ABSENT	ABSENT	INDEPENDENT_AUDIT_FINAL	Independent clean-room audit value
f25v	GEO_CONCENTRIC	ABSENT	ABSENT	ABSENT	INDEPENDENT_AUDIT_FINAL	Independent clean-room audit value
f25v	GEO_BRANCHING	PRESENT	PRESENT	PRESENT	INDEPENDENT_AUDIT_FINAL	Independent clean-room audit value
f25v	FIG_RELATION	NOT_APPLICABLE	NOT_APPLICABLE	NOT_APPLICABLE	INDEPENDENT_AUDIT_FINAL	Independent clean-room audit value
f25v	FIG_ENCLOSED	NOT_APPLICABLE	NOT_APPLICABLE	NOT_APPLICABLE	INDEPENDENT_AUDIT_FINAL	Independent clean-room audit value
f25v	TXT_RADIAL	ABSENT	ABSENT	ABSENT	INDEPENDENT_AUDIT_FINAL	Independent clean-room audit value
f25v	VIS_DENSITY	MEDIUM	MEDIUM	MEDIUM	INDEPENDENT_AUDIT_FINAL	Independent clean-room audit value
f25v	VIS_COMPLEXITY	MEDIUM	MEDIUM	MEDIUM	INDEPENDENT_AUDIT_FINAL	Independent clean-room audit value
f26r	COMP_ILLUSTRATION_REGIONS	1	NOT_AUDITED	1	SINGLE_FULL_PASS_PREDECLARED_AUDIT	Full visual pass; outside predeclared audit sample
f26r	COMP_CENTRAL_ILLUSTRATION	PRESENT	NOT_AUDITED	PRESENT	SINGLE_FULL_PASS_PREDECLARED_AUDIT	Full visual pass; outside predeclared audit sample
f26r	OBJ_PLANT_LIKE	1	NOT_AUDITED	1	SINGLE_FULL_PASS_PREDECLARED_AUDIT	Full visual pass; outside predeclared audit sample
f26r	OBJ_HUMAN_LIKE	0	NOT_AUDITED	0	SINGLE_FULL_PASS_PREDECLARED_AUDIT	Full visual pass; outside predeclared audit sample
f26r	OBJ_CONTAINER_LIKE	0	NOT_AUDITED	0	SINGLE_FULL_PASS_PREDECLARED_AUDIT	Full visual pass; outside predeclared audit sample
f26r	OBJ_STAR_LIKE	0	NOT_AUDITED	0	SINGLE_FULL_PASS_PREDECLARED_AUDIT	Full visual pass; outside predeclared audit sample
f26r	OBJ_CIRCULAR_UNITS	0	NOT_AUDITED	0	SINGLE_FULL_PASS_PREDECLARED_AUDIT	Full visual pass; outside predeclared audit sample
f26r	GEO_RADIAL	ABSENT	NOT_AUDITED	ABSENT	SINGLE_FULL_PASS_PREDECLARED_AUDIT	Full visual pass; outside predeclared audit sample
f26r	GEO_CONCENTRIC	ABSENT	NOT_AUDITED	ABSENT	SINGLE_FULL_PASS_PREDECLARED_AUDIT	Full visual pass; outside predeclared audit sample
f26r	GEO_BRANCHING	PRESENT	NOT_AUDITED	PRESENT	SINGLE_FULL_PASS_PREDECLARED_AUDIT	Full visual pass; outside predeclared audit sample
f26r	FIG_RELATION	NOT_APPLICABLE	NOT_AUDITED	NOT_APPLICABLE	SINGLE_FULL_PASS_PREDECLARED_AUDIT	Full visual pass; outside predeclared audit sample
f26r	FIG_ENCLOSED	NOT_APPLICABLE	NOT_AUDITED	NOT_APPLICABLE	SINGLE_FULL_PASS_PREDECLARED_AUDIT	Full visual pass; outside predeclared audit sample
f26r	TXT_RADIAL	ABSENT	NOT_AUDITED	ABSENT	SINGLE_FULL_PASS_PREDECLARED_AUDIT	Full visual pass; outside predeclared audit sample
f26r	VIS_DENSITY	MEDIUM	NOT_AUDITED	MEDIUM	SINGLE_FULL_PASS_PREDECLARED_AUDIT	Full visual pass; outside predeclared audit sample
f26r	VIS_COMPLEXITY	MEDIUM	NOT_AUDITED	MEDIUM	SINGLE_FULL_PASS_PREDECLARED_AUDIT	Full visual pass; outside predeclared audit sample
f26v	COMP_ILLUSTRATION_REGIONS	1	1	1	INDEPENDENT_AUDIT_FINAL	Independent clean-room audit value
f26v	COMP_CENTRAL_ILLUSTRATION	PRESENT	PRESENT	PRESENT	INDEPENDENT_AUDIT_FINAL	Independent clean-room audit value
f26v	OBJ_PLANT_LIKE	1	1	1	INDEPENDENT_AUDIT_FINAL	Independent clean-room audit value
f26v	OBJ_HUMAN_LIKE	0	0	0	INDEPENDENT_AUDIT_FINAL	Independent clean-room audit value
f26v	OBJ_CONTAINER_LIKE	0	0	0	INDEPENDENT_AUDIT_FINAL	Independent clean-room audit value
f26v	OBJ_STAR_LIKE	0	1+	1+	INDEPENDENT_AUDIT_FINAL	Independent clean-room audit value
f26v	OBJ_CIRCULAR_UNITS	0	0	0	INDEPENDENT_AUDIT_FINAL	Independent clean-room audit value
f26v	GEO_RADIAL	ABSENT	ABSENT	ABSENT	INDEPENDENT_AUDIT_FINAL	Independent clean-room audit value
f26v	GEO_CONCENTRIC	ABSENT	ABSENT	ABSENT	INDEPENDENT_AUDIT_FINAL	Independent clean-room audit value
f26v	GEO_BRANCHING	PRESENT	PRESENT	PRESENT	INDEPENDENT_AUDIT_FINAL	Independent clean-room audit value
f26v	FIG_RELATION	NOT_APPLICABLE	NOT_APPLICABLE	NOT_APPLICABLE	INDEPENDENT_AUDIT_FINAL	Independent clean-room audit value
f26v	FIG_ENCLOSED	NOT_APPLICABLE	NOT_APPLICABLE	NOT_APPLICABLE	INDEPENDENT_AUDIT_FINAL	Independent clean-room audit value
f26v	TXT_RADIAL	ABSENT	ABSENT	ABSENT	INDEPENDENT_AUDIT_FINAL	Independent clean-room audit value
f26v	VIS_DENSITY	MEDIUM	MEDIUM	MEDIUM	INDEPENDENT_AUDIT_FINAL	Independent clean-room audit value
f26v	VIS_COMPLEXITY	MEDIUM	MEDIUM	MEDIUM	INDEPENDENT_AUDIT_FINAL	Independent clean-room audit value
f27r	COMP_ILLUSTRATION_REGIONS	1	NOT_AUDITED	1	SINGLE_FULL_PASS_PREDECLARED_AUDIT	Full visual pass; outside predeclared audit sample
f27r	COMP_CENTRAL_ILLUSTRATION	PRESENT	NOT_AUDITED	PRESENT	SINGLE_FULL_PASS_PREDECLARED_AUDIT	Full visual pass; outside predeclared audit sample
f27r	OBJ_PLANT_LIKE	1	NOT_AUDITED	1	SINGLE_FULL_PASS_PREDECLARED_AUDIT	Full visual pass; outside predeclared audit sample
f27r	OBJ_HUMAN_LIKE	0	NOT_AUDITED	0	SINGLE_FULL_PASS_PREDECLARED_AUDIT	Full visual pass; outside predeclared audit sample
f27r	OBJ_CONTAINER_LIKE	0	NOT_AUDITED	0	SINGLE_FULL_PASS_PREDECLARED_AUDIT	Full visual pass; outside predeclared audit sample
f27r	OBJ_STAR_LIKE	0	NOT_AUDITED	0	SINGLE_FULL_PASS_PREDECLARED_AUDIT	Full visual pass; outside predeclared audit sample
f27r	OBJ_CIRCULAR_UNITS	0	NOT_AUDITED	0	SINGLE_FULL_PASS_PREDECLARED_AUDIT	Full visual pass; outside predeclared audit sample
f27r	GEO_RADIAL	ABSENT	NOT_AUDITED	ABSENT	SINGLE_FULL_PASS_PREDECLARED_AUDIT	Full visual pass; outside predeclared audit sample
f27r	GEO_CONCENTRIC	ABSENT	NOT_AUDITED	ABSENT	SINGLE_FULL_PASS_PREDECLARED_AUDIT	Full visual pass; outside predeclared audit sample
f27r	GEO_BRANCHING	PRESENT	NOT_AUDITED	PRESENT	SINGLE_FULL_PASS_PREDECLARED_AUDIT	Full visual pass; outside predeclared audit sample
f27r	FIG_RELATION	NOT_APPLICABLE	NOT_AUDITED	NOT_APPLICABLE	SINGLE_FULL_PASS_PREDECLARED_AUDIT	Full visual pass; outside predeclared audit sample
f27r	FIG_ENCLOSED	NOT_APPLICABLE	NOT_AUDITED	NOT_APPLICABLE	SINGLE_FULL_PASS_PREDECLARED_AUDIT	Full visual pass; outside predeclared audit sample
f27r	TXT_RADIAL	ABSENT	NOT_AUDITED	ABSENT	SINGLE_FULL_PASS_PREDECLARED_AUDIT	Full visual pass; outside predeclared audit sample
f27r	VIS_DENSITY	MEDIUM	NOT_AUDITED	MEDIUM	SINGLE_FULL_PASS_PREDECLARED_AUDIT	Full visual pass; outside predeclared audit sample
f27r	VIS_COMPLEXITY	MEDIUM	NOT_AUDITED	MEDIUM	SINGLE_FULL_PASS_PREDECLARED_AUDIT	Full visual pass; outside predeclared audit sample
f27v	COMP_ILLUSTRATION_REGIONS	1	NOT_AUDITED	1	SINGLE_FULL_PASS_PREDECLARED_AUDIT	Full visual pass; outside predeclared audit sample
f27v	COMP_CENTRAL_ILLUSTRATION	PRESENT	NOT_AUDITED	PRESENT	SINGLE_FULL_PASS_PREDECLARED_AUDIT	Full visual pass; outside predeclared audit sample
f27v	OBJ_PLANT_LIKE	1	NOT_AUDITED	1	SINGLE_FULL_PASS_PREDECLARED_AUDIT	Full visual pass; outside predeclared audit sample
f27v	OBJ_HUMAN_LIKE	0	NOT_AUDITED	0	SINGLE_FULL_PASS_PREDECLARED_AUDIT	Full visual pass; outside predeclared audit sample
f27v	OBJ_CONTAINER_LIKE	0	NOT_AUDITED	0	SINGLE_FULL_PASS_PREDECLARED_AUDIT	Full visual pass; outside predeclared audit sample
f27v	OBJ_STAR_LIKE	0	NOT_AUDITED	0	SINGLE_FULL_PASS_PREDECLARED_AUDIT	Full visual pass; outside predeclared audit sample
f27v	OBJ_CIRCULAR_UNITS	0	NOT_AUDITED	0	SINGLE_FULL_PASS_PREDECLARED_AUDIT	Full visual pass; outside predeclared audit sample
f27v	GEO_RADIAL	ABSENT	NOT_AUDITED	ABSENT	SINGLE_FULL_PASS_PREDECLARED_AUDIT	Full visual pass; outside predeclared audit sample
f27v	GEO_CONCENTRIC	ABSENT	NOT_AUDITED	ABSENT	SINGLE_FULL_PASS_PREDECLARED_AUDIT	Full visual pass; outside predeclared audit sample
f27v	GEO_BRANCHING	PRESENT	NOT_AUDITED	PRESENT	SINGLE_FULL_PASS_PREDECLARED_AUDIT	Full visual pass; outside predeclared audit sample
f27v	FIG_RELATION	NOT_APPLICABLE	NOT_AUDITED	NOT_APPLICABLE	SINGLE_FULL_PASS_PREDECLARED_AUDIT	Full visual pass; outside predeclared audit sample
f27v	FIG_ENCLOSED	NOT_APPLICABLE	NOT_AUDITED	NOT_APPLICABLE	SINGLE_FULL_PASS_PREDECLARED_AUDIT	Full visual pass; outside predeclared audit sample
f27v	TXT_RADIAL	ABSENT	NOT_AUDITED	ABSENT	SINGLE_FULL_PASS_PREDECLARED_AUDIT	Full visual pass; outside predeclared audit sample
f27v	VIS_DENSITY	MEDIUM	NOT_AUDITED	MEDIUM	SINGLE_FULL_PASS_PREDECLARED_AUDIT	Full visual pass; outside predeclared audit sample
f27v	VIS_COMPLEXITY	MEDIUM	NOT_AUDITED	MEDIUM	SINGLE_FULL_PASS_PREDECLARED_AUDIT	Full visual pass; outside predeclared audit sample
f28r	COMP_ILLUSTRATION_REGIONS	1	NOT_AUDITED	1	SINGLE_FULL_PASS_PREDECLARED_AUDIT	Full visual pass; outside predeclared audit sample
f28r	COMP_CENTRAL_ILLUSTRATION	PRESENT	NOT_AUDITED	PRESENT	SINGLE_FULL_PASS_PREDECLARED_AUDIT	Full visual pass; outside predeclared audit sample
f28r	OBJ_PLANT_LIKE	1	NOT_AUDITED	1	SINGLE_FULL_PASS_PREDECLARED_AUDIT	Full visual pass; outside predeclared audit sample
f28r	OBJ_HUMAN_LIKE	0	NOT_AUDITED	0	SINGLE_FULL_PASS_PREDECLARED_AUDIT	Full visual pass; outside predeclared audit sample
f28r	OBJ_CONTAINER_LIKE	0	NOT_AUDITED	0	SINGLE_FULL_PASS_PREDECLARED_AUDIT	Full visual pass; outside predeclared audit sample
f28r	OBJ_STAR_LIKE	0	NOT_AUDITED	0	SINGLE_FULL_PASS_PREDECLARED_AUDIT	Full visual pass; outside predeclared audit sample
f28r	OBJ_CIRCULAR_UNITS	0	NOT_AUDITED	0	SINGLE_FULL_PASS_PREDECLARED_AUDIT	Full visual pass; outside predeclared audit sample
f28r	GEO_RADIAL	ABSENT	NOT_AUDITED	ABSENT	SINGLE_FULL_PASS_PREDECLARED_AUDIT	Full visual pass; outside predeclared audit sample
f28r	GEO_CONCENTRIC	ABSENT	NOT_AUDITED	ABSENT	SINGLE_FULL_PASS_PREDECLARED_AUDIT	Full visual pass; outside predeclared audit sample
f28r	GEO_BRANCHING	PRESENT	NOT_AUDITED	PRESENT	SINGLE_FULL_PASS_PREDECLARED_AUDIT	Full visual pass; outside predeclared audit sample
f28r	FIG_RELATION	NOT_APPLICABLE	NOT_AUDITED	NOT_APPLICABLE	SINGLE_FULL_PASS_PREDECLARED_AUDIT	Full visual pass; outside predeclared audit sample
f28r	FIG_ENCLOSED	NOT_APPLICABLE	NOT_AUDITED	NOT_APPLICABLE	SINGLE_FULL_PASS_PREDECLARED_AUDIT	Full visual pass; outside predeclared audit sample
f28r	TXT_RADIAL	ABSENT	NOT_AUDITED	ABSENT	SINGLE_FULL_PASS_PREDECLARED_AUDIT	Full visual pass; outside predeclared audit sample
f28r	VIS_DENSITY	MEDIUM	NOT_AUDITED	MEDIUM	SINGLE_FULL_PASS_PREDECLARED_AUDIT	Full visual pass; outside predeclared audit sample
f28r	VIS_COMPLEXITY	MEDIUM	NOT_AUDITED	MEDIUM	SINGLE_FULL_PASS_PREDECLARED_AUDIT	Full visual pass; outside predeclared audit sample
f28v	COMP_ILLUSTRATION_REGIONS	1	NOT_AUDITED	1	SINGLE_FULL_PASS_PREDECLARED_AUDIT	Full visual pass; outside predeclared audit sample
f28v	COMP_CENTRAL_ILLUSTRATION	PRESENT	NOT_AUDITED	PRESENT	SINGLE_FULL_PASS_PREDECLARED_AUDIT	Full visual pass; outside predeclared audit sample
f28v	OBJ_PLANT_LIKE	1	NOT_AUDITED	1	SINGLE_FULL_PASS_PREDECLARED_AUDIT	Full visual pass; outside predeclared audit sample
f28v	OBJ_HUMAN_LIKE	0	NOT_AUDITED	0	SINGLE_FULL_PASS_PREDECLARED_AUDIT	Full visual pass; outside predeclared audit sample
f28v	OBJ_CONTAINER_LIKE	0	NOT_AUDITED	0	SINGLE_FULL_PASS_PREDECLARED_AUDIT	Full visual pass; outside predeclared audit sample
f28v	OBJ_STAR_LIKE	0	NOT_AUDITED	0	SINGLE_FULL_PASS_PREDECLARED_AUDIT	Full visual pass; outside predeclared audit sample
f28v	OBJ_CIRCULAR_UNITS	0	NOT_AUDITED	0	SINGLE_FULL_PASS_PREDECLARED_AUDIT	Full visual pass; outside predeclared audit sample
f28v	GEO_RADIAL	ABSENT	NOT_AUDITED	ABSENT	SINGLE_FULL_PASS_PREDECLARED_AUDIT	Full visual pass; outside predeclared audit sample
f28v	GEO_CONCENTRIC	ABSENT	NOT_AUDITED	ABSENT	SINGLE_FULL_PASS_PREDECLARED_AUDIT	Full visual pass; outside predeclared audit sample
f28v	GEO_BRANCHING	PRESENT	NOT_AUDITED	PRESENT	SINGLE_FULL_PASS_PREDECLARED_AUDIT	Full visual pass; outside predeclared audit sample
f28v	FIG_RELATION	NOT_APPLICABLE	NOT_AUDITED	NOT_APPLICABLE	SINGLE_FULL_PASS_PREDECLARED_AUDIT	Full visual pass; outside predeclared audit sample
f28v	FIG_ENCLOSED	NOT_APPLICABLE	NOT_AUDITED	NOT_APPLICABLE	SINGLE_FULL_PASS_PREDECLARED_AUDIT	Full visual pass; outside predeclared audit sample
f28v	TXT_RADIAL	ABSENT	NOT_AUDITED	ABSENT	SINGLE_FULL_PASS_PREDECLARED_AUDIT	Full visual pass; outside predeclared audit sample
f28v	VIS_DENSITY	MEDIUM	NOT_AUDITED	MEDIUM	SINGLE_FULL_PASS_PREDECLARED_AUDIT	Full visual pass; outside predeclared audit sample
f28v	VIS_COMPLEXITY	MEDIUM	NOT_AUDITED	MEDIUM	SINGLE_FULL_PASS_PREDECLARED_AUDIT	Full visual pass; outside predeclared audit sample
f29r	COMP_ILLUSTRATION_REGIONS	1	NOT_AUDITED	1	SINGLE_FULL_PASS_PREDECLARED_AUDIT	Full visual pass; outside predeclared audit sample
f29r	COMP_CENTRAL_ILLUSTRATION	PRESENT	NOT_AUDITED	PRESENT	SINGLE_FULL_PASS_PREDECLARED_AUDIT	Full visual pass; outside predeclared audit sample
f29r	OBJ_PLANT_LIKE	1	NOT_AUDITED	1	SINGLE_FULL_PASS_PREDECLARED_AUDIT	Full visual pass; outside predeclared audit sample
f29r	OBJ_HUMAN_LIKE	0	NOT_AUDITED	0	SINGLE_FULL_PASS_PREDECLARED_AUDIT	Full visual pass; outside predeclared audit sample
f29r	OBJ_CONTAINER_LIKE	0	NOT_AUDITED	0	SINGLE_FULL_PASS_PREDECLARED_AUDIT	Full visual pass; outside predeclared audit sample
f29r	OBJ_STAR_LIKE	0	NOT_AUDITED	0	SINGLE_FULL_PASS_PREDECLARED_AUDIT	Full visual pass; outside predeclared audit sample
f29r	OBJ_CIRCULAR_UNITS	0	NOT_AUDITED	0	SINGLE_FULL_PASS_PREDECLARED_AUDIT	Full visual pass; outside predeclared audit sample
f29r	GEO_RADIAL	ABSENT	NOT_AUDITED	ABSENT	SINGLE_FULL_PASS_PREDECLARED_AUDIT	Full visual pass; outside predeclared audit sample
f29r	GEO_CONCENTRIC	ABSENT	NOT_AUDITED	ABSENT	SINGLE_FULL_PASS_PREDECLARED_AUDIT	Full visual pass; outside predeclared audit sample
f29r	GEO_BRANCHING	PRESENT	NOT_AUDITED	PRESENT	SINGLE_FULL_PASS_PREDECLARED_AUDIT	Full visual pass; outside predeclared audit sample
f29r	FIG_RELATION	NOT_APPLICABLE	NOT_AUDITED	NOT_APPLICABLE	SINGLE_FULL_PASS_PREDECLARED_AUDIT	Full visual pass; outside predeclared audit sample
f29r	FIG_ENCLOSED	NOT_APPLICABLE	NOT_AUDITED	NOT_APPLICABLE	SINGLE_FULL_PASS_PREDECLARED_AUDIT	Full visual pass; outside predeclared audit sample
f29r	TXT_RADIAL	ABSENT	NOT_AUDITED	ABSENT	SINGLE_FULL_PASS_PREDECLARED_AUDIT	Full visual pass; outside predeclared audit sample
f29r	VIS_DENSITY	MEDIUM	NOT_AUDITED	MEDIUM	SINGLE_FULL_PASS_PREDECLARED_AUDIT	Full visual pass; outside predeclared audit sample
f29r	VIS_COMPLEXITY	MEDIUM	NOT_AUDITED	MEDIUM	SINGLE_FULL_PASS_PREDECLARED_AUDIT	Full visual pass; outside predeclared audit sample
f29v	COMP_ILLUSTRATION_REGIONS	1	NOT_AUDITED	1	SINGLE_FULL_PASS_PREDECLARED_AUDIT	Full visual pass; outside predeclared audit sample
f29v	COMP_CENTRAL_ILLUSTRATION	PRESENT	NOT_AUDITED	PRESENT	SINGLE_FULL_PASS_PREDECLARED_AUDIT	Full visual pass; outside predeclared audit sample
f29v	OBJ_PLANT_LIKE	1	NOT_AUDITED	1	SINGLE_FULL_PASS_PREDECLARED_AUDIT	Full visual pass; outside predeclared audit sample
f29v	OBJ_HUMAN_LIKE	0	NOT_AUDITED	0	SINGLE_FULL_PASS_PREDECLARED_AUDIT	Full visual pass; outside predeclared audit sample
f29v	OBJ_CONTAINER_LIKE	0	NOT_AUDITED	0	SINGLE_FULL_PASS_PREDECLARED_AUDIT	Full visual pass; outside predeclared audit sample
f29v	OBJ_STAR_LIKE	0	NOT_AUDITED	0	SINGLE_FULL_PASS_PREDECLARED_AUDIT	Full visual pass; outside predeclared audit sample
f29v	OBJ_CIRCULAR_UNITS	0	NOT_AUDITED	0	SINGLE_FULL_PASS_PREDECLARED_AUDIT	Full visual pass; outside predeclared audit sample
f29v	GEO_RADIAL	ABSENT	NOT_AUDITED	ABSENT	SINGLE_FULL_PASS_PREDECLARED_AUDIT	Full visual pass; outside predeclared audit sample
f29v	GEO_CONCENTRIC	ABSENT	NOT_AUDITED	ABSENT	SINGLE_FULL_PASS_PREDECLARED_AUDIT	Full visual pass; outside predeclared audit sample
f29v	GEO_BRANCHING	PRESENT	NOT_AUDITED	PRESENT	SINGLE_FULL_PASS_PREDECLARED_AUDIT	Full visual pass; outside predeclared audit sample
f29v	FIG_RELATION	NOT_APPLICABLE	NOT_AUDITED	NOT_APPLICABLE	SINGLE_FULL_PASS_PREDECLARED_AUDIT	Full visual pass; outside predeclared audit sample
f29v	FIG_ENCLOSED	NOT_APPLICABLE	NOT_AUDITED	NOT_APPLICABLE	SINGLE_FULL_PASS_PREDECLARED_AUDIT	Full visual pass; outside predeclared audit sample
f29v	TXT_RADIAL	ABSENT	NOT_AUDITED	ABSENT	SINGLE_FULL_PASS_PREDECLARED_AUDIT	Full visual pass; outside predeclared audit sample
f29v	VIS_DENSITY	MEDIUM	NOT_AUDITED	MEDIUM	SINGLE_FULL_PASS_PREDECLARED_AUDIT	Full visual pass; outside predeclared audit sample
f29v	VIS_COMPLEXITY	MEDIUM	NOT_AUDITED	MEDIUM	SINGLE_FULL_PASS_PREDECLARED_AUDIT	Full visual pass; outside predeclared audit sample
f30r	COMP_ILLUSTRATION_REGIONS	1	NOT_AUDITED	1	SINGLE_FULL_PASS_PREDECLARED_AUDIT	Full visual pass; outside predeclared audit sample
f30r	COMP_CENTRAL_ILLUSTRATION	PRESENT	NOT_AUDITED	PRESENT	SINGLE_FULL_PASS_PREDECLARED_AUDIT	Full visual pass; outside predeclared audit sample
f30r	OBJ_PLANT_LIKE	1	NOT_AUDITED	1	SINGLE_FULL_PASS_PREDECLARED_AUDIT	Full visual pass; outside predeclared audit sample
f30r	OBJ_HUMAN_LIKE	0	NOT_AUDITED	0	SINGLE_FULL_PASS_PREDECLARED_AUDIT	Full visual pass; outside predeclared audit sample
f30r	OBJ_CONTAINER_LIKE	0	NOT_AUDITED	0	SINGLE_FULL_PASS_PREDECLARED_AUDIT	Full visual pass; outside predeclared audit sample
f30r	OBJ_STAR_LIKE	0	NOT_AUDITED	0	SINGLE_FULL_PASS_PREDECLARED_AUDIT	Full visual pass; outside predeclared audit sample
f30r	OBJ_CIRCULAR_UNITS	0	NOT_AUDITED	0	SINGLE_FULL_PASS_PREDECLARED_AUDIT	Full visual pass; outside predeclared audit sample
f30r	GEO_RADIAL	ABSENT	NOT_AUDITED	ABSENT	SINGLE_FULL_PASS_PREDECLARED_AUDIT	Full visual pass; outside predeclared audit sample
f30r	GEO_CONCENTRIC	ABSENT	NOT_AUDITED	ABSENT	SINGLE_FULL_PASS_PREDECLARED_AUDIT	Full visual pass; outside predeclared audit sample
f30r	GEO_BRANCHING	PRESENT	NOT_AUDITED	PRESENT	SINGLE_FULL_PASS_PREDECLARED_AUDIT	Full visual pass; outside predeclared audit sample
f30r	FIG_RELATION	NOT_APPLICABLE	NOT_AUDITED	NOT_APPLICABLE	SINGLE_FULL_PASS_PREDECLARED_AUDIT	Full visual pass; outside predeclared audit sample
f30r	FIG_ENCLOSED	NOT_APPLICABLE	NOT_AUDITED	NOT_APPLICABLE	SINGLE_FULL_PASS_PREDECLARED_AUDIT	Full visual pass; outside predeclared audit sample
f30r	TXT_RADIAL	ABSENT	NOT_AUDITED	ABSENT	SINGLE_FULL_PASS_PREDECLARED_AUDIT	Full visual pass; outside predeclared audit sample
f30r	VIS_DENSITY	MEDIUM	NOT_AUDITED	MEDIUM	SINGLE_FULL_PASS_PREDECLARED_AUDIT	Full visual pass; outside predeclared audit sample
f30r	VIS_COMPLEXITY	MEDIUM	NOT_AUDITED	MEDIUM	SINGLE_FULL_PASS_PREDECLARED_AUDIT	Full visual pass; outside predeclared audit sample
f30v	COMP_ILLUSTRATION_REGIONS	1	1	1	INDEPENDENT_AUDIT_FINAL	Independent clean-room audit value
f30v	COMP_CENTRAL_ILLUSTRATION	PRESENT	PRESENT	PRESENT	INDEPENDENT_AUDIT_FINAL	Independent clean-room audit value
f30v	OBJ_PLANT_LIKE	1	1	1	INDEPENDENT_AUDIT_FINAL	Independent clean-room audit value
f30v	OBJ_HUMAN_LIKE	0	0	0	INDEPENDENT_AUDIT_FINAL	Independent clean-room audit value
f30v	OBJ_CONTAINER_LIKE	0	0	0	INDEPENDENT_AUDIT_FINAL	Independent clean-room audit value
f30v	OBJ_STAR_LIKE	0	0	0	INDEPENDENT_AUDIT_FINAL	Independent clean-room audit value
f30v	OBJ_CIRCULAR_UNITS	0	0	0	INDEPENDENT_AUDIT_FINAL	Independent clean-room audit value
f30v	GEO_RADIAL	ABSENT	ABSENT	ABSENT	INDEPENDENT_AUDIT_FINAL	Independent clean-room audit value
f30v	GEO_CONCENTRIC	ABSENT	ABSENT	ABSENT	INDEPENDENT_AUDIT_FINAL	Independent clean-room audit value
f30v	GEO_BRANCHING	PRESENT	PRESENT	PRESENT	INDEPENDENT_AUDIT_FINAL	Independent clean-room audit value
f30v	FIG_RELATION	NOT_APPLICABLE	NOT_APPLICABLE	NOT_APPLICABLE	INDEPENDENT_AUDIT_FINAL	Independent clean-room audit value
f30v	FIG_ENCLOSED	NOT_APPLICABLE	NOT_APPLICABLE	NOT_APPLICABLE	INDEPENDENT_AUDIT_FINAL	Independent clean-room audit value
f30v	TXT_RADIAL	ABSENT	ABSENT	ABSENT	INDEPENDENT_AUDIT_FINAL	Independent clean-room audit value
f30v	VIS_DENSITY	MEDIUM	MEDIUM	MEDIUM	INDEPENDENT_AUDIT_FINAL	Independent clean-room audit value
f30v	VIS_COMPLEXITY	MEDIUM	MEDIUM	MEDIUM	INDEPENDENT_AUDIT_FINAL	Independent clean-room audit value
f31r	COMP_ILLUSTRATION_REGIONS	1	NOT_AUDITED	1	SINGLE_FULL_PASS_PREDECLARED_AUDIT	Full visual pass; outside predeclared audit sample
f31r	COMP_CENTRAL_ILLUSTRATION	PRESENT	NOT_AUDITED	PRESENT	SINGLE_FULL_PASS_PREDECLARED_AUDIT	Full visual pass; outside predeclared audit sample
f31r	OBJ_PLANT_LIKE	1	NOT_AUDITED	1	SINGLE_FULL_PASS_PREDECLARED_AUDIT	Full visual pass; outside predeclared audit sample
f31r	OBJ_HUMAN_LIKE	0	NOT_AUDITED	0	SINGLE_FULL_PASS_PREDECLARED_AUDIT	Full visual pass; outside predeclared audit sample
f31r	OBJ_CONTAINER_LIKE	0	NOT_AUDITED	0	SINGLE_FULL_PASS_PREDECLARED_AUDIT	Full visual pass; outside predeclared audit sample
f31r	OBJ_STAR_LIKE	0	NOT_AUDITED	0	SINGLE_FULL_PASS_PREDECLARED_AUDIT	Full visual pass; outside predeclared audit sample
f31r	OBJ_CIRCULAR_UNITS	0	NOT_AUDITED	0	SINGLE_FULL_PASS_PREDECLARED_AUDIT	Full visual pass; outside predeclared audit sample
f31r	GEO_RADIAL	ABSENT	NOT_AUDITED	ABSENT	SINGLE_FULL_PASS_PREDECLARED_AUDIT	Full visual pass; outside predeclared audit sample
f31r	GEO_CONCENTRIC	ABSENT	NOT_AUDITED	ABSENT	SINGLE_FULL_PASS_PREDECLARED_AUDIT	Full visual pass; outside predeclared audit sample
f31r	GEO_BRANCHING	PRESENT	NOT_AUDITED	PRESENT	SINGLE_FULL_PASS_PREDECLARED_AUDIT	Full visual pass; outside predeclared audit sample
f31r	FIG_RELATION	NOT_APPLICABLE	NOT_AUDITED	NOT_APPLICABLE	SINGLE_FULL_PASS_PREDECLARED_AUDIT	Full visual pass; outside predeclared audit sample
f31r	FIG_ENCLOSED	NOT_APPLICABLE	NOT_AUDITED	NOT_APPLICABLE	SINGLE_FULL_PASS_PREDECLARED_AUDIT	Full visual pass; outside predeclared audit sample
f31r	TXT_RADIAL	ABSENT	NOT_AUDITED	ABSENT	SINGLE_FULL_PASS_PREDECLARED_AUDIT	Full visual pass; outside predeclared audit sample
f31r	VIS_DENSITY	MEDIUM	NOT_AUDITED	MEDIUM	SINGLE_FULL_PASS_PREDECLARED_AUDIT	Full visual pass; outside predeclared audit sample
f31r	VIS_COMPLEXITY	MEDIUM	NOT_AUDITED	MEDIUM	SINGLE_FULL_PASS_PREDECLARED_AUDIT	Full visual pass; outside predeclared audit sample
f31v	COMP_ILLUSTRATION_REGIONS	1	NOT_AUDITED	1	SINGLE_FULL_PASS_PREDECLARED_AUDIT	Full visual pass; outside predeclared audit sample
f31v	COMP_CENTRAL_ILLUSTRATION	PRESENT	NOT_AUDITED	PRESENT	SINGLE_FULL_PASS_PREDECLARED_AUDIT	Full visual pass; outside predeclared audit sample
f31v	OBJ_PLANT_LIKE	1	NOT_AUDITED	1	SINGLE_FULL_PASS_PREDECLARED_AUDIT	Full visual pass; outside predeclared audit sample
f31v	OBJ_HUMAN_LIKE	0	NOT_AUDITED	0	SINGLE_FULL_PASS_PREDECLARED_AUDIT	Full visual pass; outside predeclared audit sample
f31v	OBJ_CONTAINER_LIKE	0	NOT_AUDITED	0	SINGLE_FULL_PASS_PREDECLARED_AUDIT	Full visual pass; outside predeclared audit sample
f31v	OBJ_STAR_LIKE	0	NOT_AUDITED	0	SINGLE_FULL_PASS_PREDECLARED_AUDIT	Full visual pass; outside predeclared audit sample
f31v	OBJ_CIRCULAR_UNITS	0	NOT_AUDITED	0	SINGLE_FULL_PASS_PREDECLARED_AUDIT	Full visual pass; outside predeclared audit sample
f31v	GEO_RADIAL	ABSENT	NOT_AUDITED	ABSENT	SINGLE_FULL_PASS_PREDECLARED_AUDIT	Full visual pass; outside predeclared audit sample
f31v	GEO_CONCENTRIC	ABSENT	NOT_AUDITED	ABSENT	SINGLE_FULL_PASS_PREDECLARED_AUDIT	Full visual pass; outside predeclared audit sample
f31v	GEO_BRANCHING	PRESENT	NOT_AUDITED	PRESENT	SINGLE_FULL_PASS_PREDECLARED_AUDIT	Full visual pass; outside predeclared audit sample
f31v	FIG_RELATION	NOT_APPLICABLE	NOT_AUDITED	NOT_APPLICABLE	SINGLE_FULL_PASS_PREDECLARED_AUDIT	Full visual pass; outside predeclared audit sample
f31v	FIG_ENCLOSED	NOT_APPLICABLE	NOT_AUDITED	NOT_APPLICABLE	SINGLE_FULL_PASS_PREDECLARED_AUDIT	Full visual pass; outside predeclared audit sample
f31v	TXT_RADIAL	ABSENT	NOT_AUDITED	ABSENT	SINGLE_FULL_PASS_PREDECLARED_AUDIT	Full visual pass; outside predeclared audit sample
f31v	VIS_DENSITY	MEDIUM	NOT_AUDITED	MEDIUM	SINGLE_FULL_PASS_PREDECLARED_AUDIT	Full visual pass; outside predeclared audit sample
f31v	VIS_COMPLEXITY	MEDIUM	NOT_AUDITED	MEDIUM	SINGLE_FULL_PASS_PREDECLARED_AUDIT	Full visual pass; outside predeclared audit sample
f32r	COMP_ILLUSTRATION_REGIONS	1	NOT_AUDITED	1	SINGLE_FULL_PASS_PREDECLARED_AUDIT	Full visual pass; outside predeclared audit sample
f32r	COMP_CENTRAL_ILLUSTRATION	PRESENT	NOT_AUDITED	PRESENT	SINGLE_FULL_PASS_PREDECLARED_AUDIT	Full visual pass; outside predeclared audit sample
f32r	OBJ_PLANT_LIKE	1	NOT_AUDITED	1	SINGLE_FULL_PASS_PREDECLARED_AUDIT	Full visual pass; outside predeclared audit sample
f32r	OBJ_HUMAN_LIKE	0	NOT_AUDITED	0	SINGLE_FULL_PASS_PREDECLARED_AUDIT	Full visual pass; outside predeclared audit sample
f32r	OBJ_CONTAINER_LIKE	0	NOT_AUDITED	0	SINGLE_FULL_PASS_PREDECLARED_AUDIT	Full visual pass; outside predeclared audit sample
f32r	OBJ_STAR_LIKE	0	NOT_AUDITED	0	SINGLE_FULL_PASS_PREDECLARED_AUDIT	Full visual pass; outside predeclared audit sample
f32r	OBJ_CIRCULAR_UNITS	0	NOT_AUDITED	0	SINGLE_FULL_PASS_PREDECLARED_AUDIT	Full visual pass; outside predeclared audit sample
f32r	GEO_RADIAL	ABSENT	NOT_AUDITED	ABSENT	SINGLE_FULL_PASS_PREDECLARED_AUDIT	Full visual pass; outside predeclared audit sample
f32r	GEO_CONCENTRIC	ABSENT	NOT_AUDITED	ABSENT	SINGLE_FULL_PASS_PREDECLARED_AUDIT	Full visual pass; outside predeclared audit sample
f32r	GEO_BRANCHING	PRESENT	NOT_AUDITED	PRESENT	SINGLE_FULL_PASS_PREDECLARED_AUDIT	Full visual pass; outside predeclared audit sample
f32r	FIG_RELATION	NOT_APPLICABLE	NOT_AUDITED	NOT_APPLICABLE	SINGLE_FULL_PASS_PREDECLARED_AUDIT	Full visual pass; outside predeclared audit sample
f32r	FIG_ENCLOSED	NOT_APPLICABLE	NOT_AUDITED	NOT_APPLICABLE	SINGLE_FULL_PASS_PREDECLARED_AUDIT	Full visual pass; outside predeclared audit sample
f32r	TXT_RADIAL	ABSENT	NOT_AUDITED	ABSENT	SINGLE_FULL_PASS_PREDECLARED_AUDIT	Full visual pass; outside predeclared audit sample
f32r	VIS_DENSITY	MEDIUM	NOT_AUDITED	MEDIUM	SINGLE_FULL_PASS_PREDECLARED_AUDIT	Full visual pass; outside predeclared audit sample
f32r	VIS_COMPLEXITY	MEDIUM	NOT_AUDITED	MEDIUM	SINGLE_FULL_PASS_PREDECLARED_AUDIT	Full visual pass; outside predeclared audit sample
f32v	COMP_ILLUSTRATION_REGIONS	1	NOT_AUDITED	1	SINGLE_FULL_PASS_PREDECLARED_AUDIT	Full visual pass; outside predeclared audit sample
f32v	COMP_CENTRAL_ILLUSTRATION	PRESENT	NOT_AUDITED	PRESENT	SINGLE_FULL_PASS_PREDECLARED_AUDIT	Full visual pass; outside predeclared audit sample
f32v	OBJ_PLANT_LIKE	1	NOT_AUDITED	1	SINGLE_FULL_PASS_PREDECLARED_AUDIT	Full visual pass; outside predeclared audit sample
f32v	OBJ_HUMAN_LIKE	0	NOT_AUDITED	0	SINGLE_FULL_PASS_PREDECLARED_AUDIT	Full visual pass; outside predeclared audit sample
f32v	OBJ_CONTAINER_LIKE	0	NOT_AUDITED	0	SINGLE_FULL_PASS_PREDECLARED_AUDIT	Full visual pass; outside predeclared audit sample
f32v	OBJ_STAR_LIKE	0	NOT_AUDITED	0	SINGLE_FULL_PASS_PREDECLARED_AUDIT	Full visual pass; outside predeclared audit sample
f32v	OBJ_CIRCULAR_UNITS	0	NOT_AUDITED	0	SINGLE_FULL_PASS_PREDECLARED_AUDIT	Full visual pass; outside predeclared audit sample
f32v	GEO_RADIAL	ABSENT	NOT_AUDITED	ABSENT	SINGLE_FULL_PASS_PREDECLARED_AUDIT	Full visual pass; outside predeclared audit sample
f32v	GEO_CONCENTRIC	ABSENT	NOT_AUDITED	ABSENT	SINGLE_FULL_PASS_PREDECLARED_AUDIT	Full visual pass; outside predeclared audit sample
f32v	GEO_BRANCHING	PRESENT	NOT_AUDITED	PRESENT	SINGLE_FULL_PASS_PREDECLARED_AUDIT	Full visual pass; outside predeclared audit sample
f32v	FIG_RELATION	NOT_APPLICABLE	NOT_AUDITED	NOT_APPLICABLE	SINGLE_FULL_PASS_PREDECLARED_AUDIT	Full visual pass; outside predeclared audit sample
f32v	FIG_ENCLOSED	NOT_APPLICABLE	NOT_AUDITED	NOT_APPLICABLE	SINGLE_FULL_PASS_PREDECLARED_AUDIT	Full visual pass; outside predeclared audit sample
f32v	TXT_RADIAL	ABSENT	NOT_AUDITED	ABSENT	SINGLE_FULL_PASS_PREDECLARED_AUDIT	Full visual pass; outside predeclared audit sample
f32v	VIS_DENSITY	MEDIUM	NOT_AUDITED	MEDIUM	SINGLE_FULL_PASS_PREDECLARED_AUDIT	Full visual pass; outside predeclared audit sample
f32v	VIS_COMPLEXITY	MEDIUM	NOT_AUDITED	MEDIUM	SINGLE_FULL_PASS_PREDECLARED_AUDIT	Full visual pass; outside predeclared audit sample
f33r	COMP_ILLUSTRATION_REGIONS	1	NOT_AUDITED	1	SINGLE_FULL_PASS_PREDECLARED_AUDIT	Full visual pass; outside predeclared audit sample
f33r	COMP_CENTRAL_ILLUSTRATION	PRESENT	NOT_AUDITED	PRESENT	SINGLE_FULL_PASS_PREDECLARED_AUDIT	Full visual pass; outside predeclared audit sample
f33r	OBJ_PLANT_LIKE	1	NOT_AUDITED	1	SINGLE_FULL_PASS_PREDECLARED_AUDIT	Full visual pass; outside predeclared audit sample
f33r	OBJ_HUMAN_LIKE	0	NOT_AUDITED	0	SINGLE_FULL_PASS_PREDECLARED_AUDIT	Full visual pass; outside predeclared audit sample
f33r	OBJ_CONTAINER_LIKE	0	NOT_AUDITED	0	SINGLE_FULL_PASS_PREDECLARED_AUDIT	Full visual pass; outside predeclared audit sample
f33r	OBJ_STAR_LIKE	0	NOT_AUDITED	0	SINGLE_FULL_PASS_PREDECLARED_AUDIT	Full visual pass; outside predeclared audit sample
f33r	OBJ_CIRCULAR_UNITS	0	NOT_AUDITED	0	SINGLE_FULL_PASS_PREDECLARED_AUDIT	Full visual pass; outside predeclared audit sample
f33r	GEO_RADIAL	ABSENT	NOT_AUDITED	ABSENT	SINGLE_FULL_PASS_PREDECLARED_AUDIT	Full visual pass; outside predeclared audit sample
f33r	GEO_CONCENTRIC	ABSENT	NOT_AUDITED	ABSENT	SINGLE_FULL_PASS_PREDECLARED_AUDIT	Full visual pass; outside predeclared audit sample
f33r	GEO_BRANCHING	PRESENT	NOT_AUDITED	PRESENT	SINGLE_FULL_PASS_PREDECLARED_AUDIT	Full visual pass; outside predeclared audit sample
f33r	FIG_RELATION	NOT_APPLICABLE	NOT_AUDITED	NOT_APPLICABLE	SINGLE_FULL_PASS_PREDECLARED_AUDIT	Full visual pass; outside predeclared audit sample
f33r	FIG_ENCLOSED	NOT_APPLICABLE	NOT_AUDITED	NOT_APPLICABLE	SINGLE_FULL_PASS_PREDECLARED_AUDIT	Full visual pass; outside predeclared audit sample
f33r	TXT_RADIAL	ABSENT	NOT_AUDITED	ABSENT	SINGLE_FULL_PASS_PREDECLARED_AUDIT	Full visual pass; outside predeclared audit sample
f33r	VIS_DENSITY	MEDIUM	NOT_AUDITED	MEDIUM	SINGLE_FULL_PASS_PREDECLARED_AUDIT	Full visual pass; outside predeclared audit sample
f33r	VIS_COMPLEXITY	MEDIUM	NOT_AUDITED	MEDIUM	SINGLE_FULL_PASS_PREDECLARED_AUDIT	Full visual pass; outside predeclared audit sample
f33v	COMP_ILLUSTRATION_REGIONS	1	NOT_AUDITED	1	SINGLE_FULL_PASS_PREDECLARED_AUDIT	Full visual pass; outside predeclared audit sample
f33v	COMP_CENTRAL_ILLUSTRATION	PRESENT	NOT_AUDITED	PRESENT	SINGLE_FULL_PASS_PREDECLARED_AUDIT	Full visual pass; outside predeclared audit sample
f33v	OBJ_PLANT_LIKE	1	NOT_AUDITED	1	SINGLE_FULL_PASS_PREDECLARED_AUDIT	Full visual pass; outside predeclared audit sample
f33v	OBJ_HUMAN_LIKE	0	NOT_AUDITED	0	SINGLE_FULL_PASS_PREDECLARED_AUDIT	Full visual pass; outside predeclared audit sample
f33v	OBJ_CONTAINER_LIKE	0	NOT_AUDITED	0	SINGLE_FULL_PASS_PREDECLARED_AUDIT	Full visual pass; outside predeclared audit sample
f33v	OBJ_STAR_LIKE	0	NOT_AUDITED	0	SINGLE_FULL_PASS_PREDECLARED_AUDIT	Full visual pass; outside predeclared audit sample
f33v	OBJ_CIRCULAR_UNITS	0	NOT_AUDITED	0	SINGLE_FULL_PASS_PREDECLARED_AUDIT	Full visual pass; outside predeclared audit sample
f33v	GEO_RADIAL	ABSENT	NOT_AUDITED	ABSENT	SINGLE_FULL_PASS_PREDECLARED_AUDIT	Full visual pass; outside predeclared audit sample
f33v	GEO_CONCENTRIC	ABSENT	NOT_AUDITED	ABSENT	SINGLE_FULL_PASS_PREDECLARED_AUDIT	Full visual pass; outside predeclared audit sample
f33v	GEO_BRANCHING	PRESENT	NOT_AUDITED	PRESENT	SINGLE_FULL_PASS_PREDECLARED_AUDIT	Full visual pass; outside predeclared audit sample
f33v	FIG_RELATION	NOT_APPLICABLE	NOT_AUDITED	NOT_APPLICABLE	SINGLE_FULL_PASS_PREDECLARED_AUDIT	Full visual pass; outside predeclared audit sample
f33v	FIG_ENCLOSED	NOT_APPLICABLE	NOT_AUDITED	NOT_APPLICABLE	SINGLE_FULL_PASS_PREDECLARED_AUDIT	Full visual pass; outside predeclared audit sample
f33v	TXT_RADIAL	ABSENT	NOT_AUDITED	ABSENT	SINGLE_FULL_PASS_PREDECLARED_AUDIT	Full visual pass; outside predeclared audit sample
f33v	VIS_DENSITY	MEDIUM	NOT_AUDITED	MEDIUM	SINGLE_FULL_PASS_PREDECLARED_AUDIT	Full visual pass; outside predeclared audit sample
f33v	VIS_COMPLEXITY	MEDIUM	NOT_AUDITED	MEDIUM	SINGLE_FULL_PASS_PREDECLARED_AUDIT	Full visual pass; outside predeclared audit sample
f34r	COMP_ILLUSTRATION_REGIONS	1	NOT_AUDITED	1	SINGLE_FULL_PASS_PREDECLARED_AUDIT	Full visual pass; outside predeclared audit sample
f34r	COMP_CENTRAL_ILLUSTRATION	PRESENT	NOT_AUDITED	PRESENT	SINGLE_FULL_PASS_PREDECLARED_AUDIT	Full visual pass; outside predeclared audit sample
f34r	OBJ_PLANT_LIKE	1	NOT_AUDITED	1	SINGLE_FULL_PASS_PREDECLARED_AUDIT	Full visual pass; outside predeclared audit sample
f34r	OBJ_HUMAN_LIKE	0	NOT_AUDITED	0	SINGLE_FULL_PASS_PREDECLARED_AUDIT	Full visual pass; outside predeclared audit sample
f34r	OBJ_CONTAINER_LIKE	0	NOT_AUDITED	0	SINGLE_FULL_PASS_PREDECLARED_AUDIT	Full visual pass; outside predeclared audit sample
f34r	OBJ_STAR_LIKE	0	NOT_AUDITED	0	SINGLE_FULL_PASS_PREDECLARED_AUDIT	Full visual pass; outside predeclared audit sample
f34r	OBJ_CIRCULAR_UNITS	0	NOT_AUDITED	0	SINGLE_FULL_PASS_PREDECLARED_AUDIT	Full visual pass; outside predeclared audit sample
f34r	GEO_RADIAL	ABSENT	NOT_AUDITED	ABSENT	SINGLE_FULL_PASS_PREDECLARED_AUDIT	Full visual pass; outside predeclared audit sample
f34r	GEO_CONCENTRIC	ABSENT	NOT_AUDITED	ABSENT	SINGLE_FULL_PASS_PREDECLARED_AUDIT	Full visual pass; outside predeclared audit sample
f34r	GEO_BRANCHING	PRESENT	NOT_AUDITED	PRESENT	SINGLE_FULL_PASS_PREDECLARED_AUDIT	Full visual pass; outside predeclared audit sample
f34r	FIG_RELATION	NOT_APPLICABLE	NOT_AUDITED	NOT_APPLICABLE	SINGLE_FULL_PASS_PREDECLARED_AUDIT	Full visual pass; outside predeclared audit sample
f34r	FIG_ENCLOSED	NOT_APPLICABLE	NOT_AUDITED	NOT_APPLICABLE	SINGLE_FULL_PASS_PREDECLARED_AUDIT	Full visual pass; outside predeclared audit sample
f34r	TXT_RADIAL	ABSENT	NOT_AUDITED	ABSENT	SINGLE_FULL_PASS_PREDECLARED_AUDIT	Full visual pass; outside predeclared audit sample
f34r	VIS_DENSITY	MEDIUM	NOT_AUDITED	MEDIUM	SINGLE_FULL_PASS_PREDECLARED_AUDIT	Full visual pass; outside predeclared audit sample
f34r	VIS_COMPLEXITY	MEDIUM	NOT_AUDITED	MEDIUM	SINGLE_FULL_PASS_PREDECLARED_AUDIT	Full visual pass; outside predeclared audit sample
f34v	COMP_ILLUSTRATION_REGIONS	1	NOT_AUDITED	1	SINGLE_FULL_PASS_PREDECLARED_AUDIT	Full visual pass; outside predeclared audit sample
f34v	COMP_CENTRAL_ILLUSTRATION	PRESENT	NOT_AUDITED	PRESENT	SINGLE_FULL_PASS_PREDECLARED_AUDIT	Full visual pass; outside predeclared audit sample
f34v	OBJ_PLANT_LIKE	1	NOT_AUDITED	1	SINGLE_FULL_PASS_PREDECLARED_AUDIT	Full visual pass; outside predeclared audit sample
f34v	OBJ_HUMAN_LIKE	0	NOT_AUDITED	0	SINGLE_FULL_PASS_PREDECLARED_AUDIT	Full visual pass; outside predeclared audit sample
f34v	OBJ_CONTAINER_LIKE	0	NOT_AUDITED	0	SINGLE_FULL_PASS_PREDECLARED_AUDIT	Full visual pass; outside predeclared audit sample
f34v	OBJ_STAR_LIKE	0	NOT_AUDITED	0	SINGLE_FULL_PASS_PREDECLARED_AUDIT	Full visual pass; outside predeclared audit sample
f34v	OBJ_CIRCULAR_UNITS	0	NOT_AUDITED	0	SINGLE_FULL_PASS_PREDECLARED_AUDIT	Full visual pass; outside predeclared audit sample
f34v	GEO_RADIAL	ABSENT	NOT_AUDITED	ABSENT	SINGLE_FULL_PASS_PREDECLARED_AUDIT	Full visual pass; outside predeclared audit sample
f34v	GEO_CONCENTRIC	ABSENT	NOT_AUDITED	ABSENT	SINGLE_FULL_PASS_PREDECLARED_AUDIT	Full visual pass; outside predeclared audit sample
f34v	GEO_BRANCHING	PRESENT	NOT_AUDITED	PRESENT	SINGLE_FULL_PASS_PREDECLARED_AUDIT	Full visual pass; outside predeclared audit sample
f34v	FIG_RELATION	NOT_APPLICABLE	NOT_AUDITED	NOT_APPLICABLE	SINGLE_FULL_PASS_PREDECLARED_AUDIT	Full visual pass; outside predeclared audit sample
f34v	FIG_ENCLOSED	NOT_APPLICABLE	NOT_AUDITED	NOT_APPLICABLE	SINGLE_FULL_PASS_PREDECLARED_AUDIT	Full visual pass; outside predeclared audit sample
f34v	TXT_RADIAL	ABSENT	NOT_AUDITED	ABSENT	SINGLE_FULL_PASS_PREDECLARED_AUDIT	Full visual pass; outside predeclared audit sample
f34v	VIS_DENSITY	MEDIUM	NOT_AUDITED	MEDIUM	SINGLE_FULL_PASS_PREDECLARED_AUDIT	Full visual pass; outside predeclared audit sample
f34v	VIS_COMPLEXITY	MEDIUM	NOT_AUDITED	MEDIUM	SINGLE_FULL_PASS_PREDECLARED_AUDIT	Full visual pass; outside predeclared audit sample
f35r	COMP_ILLUSTRATION_REGIONS	1	NOT_AUDITED	1	SINGLE_FULL_PASS_PREDECLARED_AUDIT	Full visual pass; outside predeclared audit sample
f35r	COMP_CENTRAL_ILLUSTRATION	PRESENT	NOT_AUDITED	PRESENT	SINGLE_FULL_PASS_PREDECLARED_AUDIT	Full visual pass; outside predeclared audit sample
f35r	OBJ_PLANT_LIKE	1	NOT_AUDITED	1	SINGLE_FULL_PASS_PREDECLARED_AUDIT	Full visual pass; outside predeclared audit sample
f35r	OBJ_HUMAN_LIKE	0	NOT_AUDITED	0	SINGLE_FULL_PASS_PREDECLARED_AUDIT	Full visual pass; outside predeclared audit sample
f35r	OBJ_CONTAINER_LIKE	0	NOT_AUDITED	0	SINGLE_FULL_PASS_PREDECLARED_AUDIT	Full visual pass; outside predeclared audit sample
f35r	OBJ_STAR_LIKE	0	NOT_AUDITED	0	SINGLE_FULL_PASS_PREDECLARED_AUDIT	Full visual pass; outside predeclared audit sample
f35r	OBJ_CIRCULAR_UNITS	0	NOT_AUDITED	0	SINGLE_FULL_PASS_PREDECLARED_AUDIT	Full visual pass; outside predeclared audit sample
f35r	GEO_RADIAL	ABSENT	NOT_AUDITED	ABSENT	SINGLE_FULL_PASS_PREDECLARED_AUDIT	Full visual pass; outside predeclared audit sample
f35r	GEO_CONCENTRIC	ABSENT	NOT_AUDITED	ABSENT	SINGLE_FULL_PASS_PREDECLARED_AUDIT	Full visual pass; outside predeclared audit sample
f35r	GEO_BRANCHING	PRESENT	NOT_AUDITED	PRESENT	SINGLE_FULL_PASS_PREDECLARED_AUDIT	Full visual pass; outside predeclared audit sample
f35r	FIG_RELATION	NOT_APPLICABLE	NOT_AUDITED	NOT_APPLICABLE	SINGLE_FULL_PASS_PREDECLARED_AUDIT	Full visual pass; outside predeclared audit sample
f35r	FIG_ENCLOSED	NOT_APPLICABLE	NOT_AUDITED	NOT_APPLICABLE	SINGLE_FULL_PASS_PREDECLARED_AUDIT	Full visual pass; outside predeclared audit sample
f35r	TXT_RADIAL	ABSENT	NOT_AUDITED	ABSENT	SINGLE_FULL_PASS_PREDECLARED_AUDIT	Full visual pass; outside predeclared audit sample
f35r	VIS_DENSITY	MEDIUM	NOT_AUDITED	MEDIUM	SINGLE_FULL_PASS_PREDECLARED_AUDIT	Full visual pass; outside predeclared audit sample
f35r	VIS_COMPLEXITY	MEDIUM	NOT_AUDITED	MEDIUM	SINGLE_FULL_PASS_PREDECLARED_AUDIT	Full visual pass; outside predeclared audit sample
f35v	COMP_ILLUSTRATION_REGIONS	1	NOT_AUDITED	1	SINGLE_FULL_PASS_PREDECLARED_AUDIT	Full visual pass; outside predeclared audit sample
f35v	COMP_CENTRAL_ILLUSTRATION	PRESENT	NOT_AUDITED	PRESENT	SINGLE_FULL_PASS_PREDECLARED_AUDIT	Full visual pass; outside predeclared audit sample
f35v	OBJ_PLANT_LIKE	1	NOT_AUDITED	1	SINGLE_FULL_PASS_PREDECLARED_AUDIT	Full visual pass; outside predeclared audit sample
f35v	OBJ_HUMAN_LIKE	0	NOT_AUDITED	0	SINGLE_FULL_PASS_PREDECLARED_AUDIT	Full visual pass; outside predeclared audit sample
f35v	OBJ_CONTAINER_LIKE	0	NOT_AUDITED	0	SINGLE_FULL_PASS_PREDECLARED_AUDIT	Full visual pass; outside predeclared audit sample
f35v	OBJ_STAR_LIKE	0	NOT_AUDITED	0	SINGLE_FULL_PASS_PREDECLARED_AUDIT	Full visual pass; outside predeclared audit sample
f35v	OBJ_CIRCULAR_UNITS	0	NOT_AUDITED	0	SINGLE_FULL_PASS_PREDECLARED_AUDIT	Full visual pass; outside predeclared audit sample
f35v	GEO_RADIAL	ABSENT	NOT_AUDITED	ABSENT	SINGLE_FULL_PASS_PREDECLARED_AUDIT	Full visual pass; outside predeclared audit sample
f35v	GEO_CONCENTRIC	ABSENT	NOT_AUDITED	ABSENT	SINGLE_FULL_PASS_PREDECLARED_AUDIT	Full visual pass; outside predeclared audit sample
f35v	GEO_BRANCHING	PRESENT	NOT_AUDITED	PRESENT	SINGLE_FULL_PASS_PREDECLARED_AUDIT	Full visual pass; outside predeclared audit sample
f35v	FIG_RELATION	NOT_APPLICABLE	NOT_AUDITED	NOT_APPLICABLE	SINGLE_FULL_PASS_PREDECLARED_AUDIT	Full visual pass; outside predeclared audit sample
f35v	FIG_ENCLOSED	NOT_APPLICABLE	NOT_AUDITED	NOT_APPLICABLE	SINGLE_FULL_PASS_PREDECLARED_AUDIT	Full visual pass; outside predeclared audit sample
f35v	TXT_RADIAL	ABSENT	NOT_AUDITED	ABSENT	SINGLE_FULL_PASS_PREDECLARED_AUDIT	Full visual pass; outside predeclared audit sample
f35v	VIS_DENSITY	MEDIUM	NOT_AUDITED	MEDIUM	SINGLE_FULL_PASS_PREDECLARED_AUDIT	Full visual pass; outside predeclared audit sample
f35v	VIS_COMPLEXITY	MEDIUM	NOT_AUDITED	MEDIUM	SINGLE_FULL_PASS_PREDECLARED_AUDIT	Full visual pass; outside predeclared audit sample
f36r	COMP_ILLUSTRATION_REGIONS	1	NOT_AUDITED	1	SINGLE_FULL_PASS_PREDECLARED_AUDIT	Full visual pass; outside predeclared audit sample
f36r	COMP_CENTRAL_ILLUSTRATION	PRESENT	NOT_AUDITED	PRESENT	SINGLE_FULL_PASS_PREDECLARED_AUDIT	Full visual pass; outside predeclared audit sample
f36r	OBJ_PLANT_LIKE	1	NOT_AUDITED	1	SINGLE_FULL_PASS_PREDECLARED_AUDIT	Full visual pass; outside predeclared audit sample
f36r	OBJ_HUMAN_LIKE	0	NOT_AUDITED	0	SINGLE_FULL_PASS_PREDECLARED_AUDIT	Full visual pass; outside predeclared audit sample
f36r	OBJ_CONTAINER_LIKE	0	NOT_AUDITED	0	SINGLE_FULL_PASS_PREDECLARED_AUDIT	Full visual pass; outside predeclared audit sample
f36r	OBJ_STAR_LIKE	0	NOT_AUDITED	0	SINGLE_FULL_PASS_PREDECLARED_AUDIT	Full visual pass; outside predeclared audit sample
f36r	OBJ_CIRCULAR_UNITS	0	NOT_AUDITED	0	SINGLE_FULL_PASS_PREDECLARED_AUDIT	Full visual pass; outside predeclared audit sample
f36r	GEO_RADIAL	ABSENT	NOT_AUDITED	ABSENT	SINGLE_FULL_PASS_PREDECLARED_AUDIT	Full visual pass; outside predeclared audit sample
f36r	GEO_CONCENTRIC	ABSENT	NOT_AUDITED	ABSENT	SINGLE_FULL_PASS_PREDECLARED_AUDIT	Full visual pass; outside predeclared audit sample
f36r	GEO_BRANCHING	PRESENT	NOT_AUDITED	PRESENT	SINGLE_FULL_PASS_PREDECLARED_AUDIT	Full visual pass; outside predeclared audit sample
f36r	FIG_RELATION	NOT_APPLICABLE	NOT_AUDITED	NOT_APPLICABLE	SINGLE_FULL_PASS_PREDECLARED_AUDIT	Full visual pass; outside predeclared audit sample
f36r	FIG_ENCLOSED	NOT_APPLICABLE	NOT_AUDITED	NOT_APPLICABLE	SINGLE_FULL_PASS_PREDECLARED_AUDIT	Full visual pass; outside predeclared audit sample
f36r	TXT_RADIAL	ABSENT	NOT_AUDITED	ABSENT	SINGLE_FULL_PASS_PREDECLARED_AUDIT	Full visual pass; outside predeclared audit sample
f36r	VIS_DENSITY	MEDIUM	NOT_AUDITED	MEDIUM	SINGLE_FULL_PASS_PREDECLARED_AUDIT	Full visual pass; outside predeclared audit sample
f36r	VIS_COMPLEXITY	MEDIUM	NOT_AUDITED	MEDIUM	SINGLE_FULL_PASS_PREDECLARED_AUDIT	Full visual pass; outside predeclared audit sample
f36v	COMP_ILLUSTRATION_REGIONS	1	NOT_AUDITED	1	SINGLE_FULL_PASS_PREDECLARED_AUDIT	Full visual pass; outside predeclared audit sample
f36v	COMP_CENTRAL_ILLUSTRATION	PRESENT	NOT_AUDITED	PRESENT	SINGLE_FULL_PASS_PREDECLARED_AUDIT	Full visual pass; outside predeclared audit sample
f36v	OBJ_PLANT_LIKE	1	NOT_AUDITED	1	SINGLE_FULL_PASS_PREDECLARED_AUDIT	Full visual pass; outside predeclared audit sample
f36v	OBJ_HUMAN_LIKE	0	NOT_AUDITED	0	SINGLE_FULL_PASS_PREDECLARED_AUDIT	Full visual pass; outside predeclared audit sample
f36v	OBJ_CONTAINER_LIKE	0	NOT_AUDITED	0	SINGLE_FULL_PASS_PREDECLARED_AUDIT	Full visual pass; outside predeclared audit sample
f36v	OBJ_STAR_LIKE	0	NOT_AUDITED	0	SINGLE_FULL_PASS_PREDECLARED_AUDIT	Full visual pass; outside predeclared audit sample
f36v	OBJ_CIRCULAR_UNITS	0	NOT_AUDITED	0	SINGLE_FULL_PASS_PREDECLARED_AUDIT	Full visual pass; outside predeclared audit sample
f36v	GEO_RADIAL	ABSENT	NOT_AUDITED	ABSENT	SINGLE_FULL_PASS_PREDECLARED_AUDIT	Full visual pass; outside predeclared audit sample
f36v	GEO_CONCENTRIC	ABSENT	NOT_AUDITED	ABSENT	SINGLE_FULL_PASS_PREDECLARED_AUDIT	Full visual pass; outside predeclared audit sample
f36v	GEO_BRANCHING	PRESENT	NOT_AUDITED	PRESENT	SINGLE_FULL_PASS_PREDECLARED_AUDIT	Full visual pass; outside predeclared audit sample
f36v	FIG_RELATION	NOT_APPLICABLE	NOT_AUDITED	NOT_APPLICABLE	SINGLE_FULL_PASS_PREDECLARED_AUDIT	Full visual pass; outside predeclared audit sample
f36v	FIG_ENCLOSED	NOT_APPLICABLE	NOT_AUDITED	NOT_APPLICABLE	SINGLE_FULL_PASS_PREDECLARED_AUDIT	Full visual pass; outside predeclared audit sample
f36v	TXT_RADIAL	ABSENT	NOT_AUDITED	ABSENT	SINGLE_FULL_PASS_PREDECLARED_AUDIT	Full visual pass; outside predeclared audit sample
f36v	VIS_DENSITY	MEDIUM	NOT_AUDITED	MEDIUM	SINGLE_FULL_PASS_PREDECLARED_AUDIT	Full visual pass; outside predeclared audit sample
f36v	VIS_COMPLEXITY	MEDIUM	NOT_AUDITED	MEDIUM	SINGLE_FULL_PASS_PREDECLARED_AUDIT	Full visual pass; outside predeclared audit sample
f37r	COMP_ILLUSTRATION_REGIONS	1	NOT_AUDITED	1	SINGLE_FULL_PASS_PREDECLARED_AUDIT	Full visual pass; outside predeclared audit sample
f37r	COMP_CENTRAL_ILLUSTRATION	PRESENT	NOT_AUDITED	PRESENT	SINGLE_FULL_PASS_PREDECLARED_AUDIT	Full visual pass; outside predeclared audit sample
f37r	OBJ_PLANT_LIKE	1	NOT_AUDITED	1	SINGLE_FULL_PASS_PREDECLARED_AUDIT	Full visual pass; outside predeclared audit sample
f37r	OBJ_HUMAN_LIKE	0	NOT_AUDITED	0	SINGLE_FULL_PASS_PREDECLARED_AUDIT	Full visual pass; outside predeclared audit sample
f37r	OBJ_CONTAINER_LIKE	0	NOT_AUDITED	0	SINGLE_FULL_PASS_PREDECLARED_AUDIT	Full visual pass; outside predeclared audit sample
f37r	OBJ_STAR_LIKE	0	NOT_AUDITED	0	SINGLE_FULL_PASS_PREDECLARED_AUDIT	Full visual pass; outside predeclared audit sample
f37r	OBJ_CIRCULAR_UNITS	0	NOT_AUDITED	0	SINGLE_FULL_PASS_PREDECLARED_AUDIT	Full visual pass; outside predeclared audit sample
f37r	GEO_RADIAL	ABSENT	NOT_AUDITED	ABSENT	SINGLE_FULL_PASS_PREDECLARED_AUDIT	Full visual pass; outside predeclared audit sample
f37r	GEO_CONCENTRIC	ABSENT	NOT_AUDITED	ABSENT	SINGLE_FULL_PASS_PREDECLARED_AUDIT	Full visual pass; outside predeclared audit sample
f37r	GEO_BRANCHING	PRESENT	NOT_AUDITED	PRESENT	SINGLE_FULL_PASS_PREDECLARED_AUDIT	Full visual pass; outside predeclared audit sample
f37r	FIG_RELATION	NOT_APPLICABLE	NOT_AUDITED	NOT_APPLICABLE	SINGLE_FULL_PASS_PREDECLARED_AUDIT	Full visual pass; outside predeclared audit sample
f37r	FIG_ENCLOSED	NOT_APPLICABLE	NOT_AUDITED	NOT_APPLICABLE	SINGLE_FULL_PASS_PREDECLARED_AUDIT	Full visual pass; outside predeclared audit sample
f37r	TXT_RADIAL	ABSENT	NOT_AUDITED	ABSENT	SINGLE_FULL_PASS_PREDECLARED_AUDIT	Full visual pass; outside predeclared audit sample
f37r	VIS_DENSITY	MEDIUM	NOT_AUDITED	MEDIUM	SINGLE_FULL_PASS_PREDECLARED_AUDIT	Full visual pass; outside predeclared audit sample
f37r	VIS_COMPLEXITY	MEDIUM	NOT_AUDITED	MEDIUM	SINGLE_FULL_PASS_PREDECLARED_AUDIT	Full visual pass; outside predeclared audit sample
f37v	COMP_ILLUSTRATION_REGIONS	1	NOT_AUDITED	1	SINGLE_FULL_PASS_PREDECLARED_AUDIT	Full visual pass; outside predeclared audit sample
f37v	COMP_CENTRAL_ILLUSTRATION	PRESENT	NOT_AUDITED	PRESENT	SINGLE_FULL_PASS_PREDECLARED_AUDIT	Full visual pass; outside predeclared audit sample
f37v	OBJ_PLANT_LIKE	1	NOT_AUDITED	1	SINGLE_FULL_PASS_PREDECLARED_AUDIT	Full visual pass; outside predeclared audit sample
f37v	OBJ_HUMAN_LIKE	0	NOT_AUDITED	0	SINGLE_FULL_PASS_PREDECLARED_AUDIT	Full visual pass; outside predeclared audit sample
f37v	OBJ_CONTAINER_LIKE	0	NOT_AUDITED	0	SINGLE_FULL_PASS_PREDECLARED_AUDIT	Full visual pass; outside predeclared audit sample
f37v	OBJ_STAR_LIKE	0	NOT_AUDITED	0	SINGLE_FULL_PASS_PREDECLARED_AUDIT	Full visual pass; outside predeclared audit sample
f37v	OBJ_CIRCULAR_UNITS	0	NOT_AUDITED	0	SINGLE_FULL_PASS_PREDECLARED_AUDIT	Full visual pass; outside predeclared audit sample
f37v	GEO_RADIAL	ABSENT	NOT_AUDITED	ABSENT	SINGLE_FULL_PASS_PREDECLARED_AUDIT	Full visual pass; outside predeclared audit sample
f37v	GEO_CONCENTRIC	ABSENT	NOT_AUDITED	ABSENT	SINGLE_FULL_PASS_PREDECLARED_AUDIT	Full visual pass; outside predeclared audit sample
f37v	GEO_BRANCHING	PRESENT	NOT_AUDITED	PRESENT	SINGLE_FULL_PASS_PREDECLARED_AUDIT	Full visual pass; outside predeclared audit sample
f37v	FIG_RELATION	NOT_APPLICABLE	NOT_AUDITED	NOT_APPLICABLE	SINGLE_FULL_PASS_PREDECLARED_AUDIT	Full visual pass; outside predeclared audit sample
f37v	FIG_ENCLOSED	NOT_APPLICABLE	NOT_AUDITED	NOT_APPLICABLE	SINGLE_FULL_PASS_PREDECLARED_AUDIT	Full visual pass; outside predeclared audit sample
f37v	TXT_RADIAL	ABSENT	NOT_AUDITED	ABSENT	SINGLE_FULL_PASS_PREDECLARED_AUDIT	Full visual pass; outside predeclared audit sample
f37v	VIS_DENSITY	MEDIUM	NOT_AUDITED	MEDIUM	SINGLE_FULL_PASS_PREDECLARED_AUDIT	Full visual pass; outside predeclared audit sample
f37v	VIS_COMPLEXITY	MEDIUM	NOT_AUDITED	MEDIUM	SINGLE_FULL_PASS_PREDECLARED_AUDIT	Full visual pass; outside predeclared audit sample
f38r	COMP_ILLUSTRATION_REGIONS	1	NOT_AUDITED	1	SINGLE_FULL_PASS_PREDECLARED_AUDIT	Full visual pass; outside predeclared audit sample
f38r	COMP_CENTRAL_ILLUSTRATION	PRESENT	NOT_AUDITED	PRESENT	SINGLE_FULL_PASS_PREDECLARED_AUDIT	Full visual pass; outside predeclared audit sample
f38r	OBJ_PLANT_LIKE	1	NOT_AUDITED	1	SINGLE_FULL_PASS_PREDECLARED_AUDIT	Full visual pass; outside predeclared audit sample
f38r	OBJ_HUMAN_LIKE	0	NOT_AUDITED	0	SINGLE_FULL_PASS_PREDECLARED_AUDIT	Full visual pass; outside predeclared audit sample
f38r	OBJ_CONTAINER_LIKE	0	NOT_AUDITED	0	SINGLE_FULL_PASS_PREDECLARED_AUDIT	Full visual pass; outside predeclared audit sample
f38r	OBJ_STAR_LIKE	0	NOT_AUDITED	0	SINGLE_FULL_PASS_PREDECLARED_AUDIT	Full visual pass; outside predeclared audit sample
f38r	OBJ_CIRCULAR_UNITS	0	NOT_AUDITED	0	SINGLE_FULL_PASS_PREDECLARED_AUDIT	Full visual pass; outside predeclared audit sample
f38r	GEO_RADIAL	ABSENT	NOT_AUDITED	ABSENT	SINGLE_FULL_PASS_PREDECLARED_AUDIT	Full visual pass; outside predeclared audit sample
f38r	GEO_CONCENTRIC	ABSENT	NOT_AUDITED	ABSENT	SINGLE_FULL_PASS_PREDECLARED_AUDIT	Full visual pass; outside predeclared audit sample
f38r	GEO_BRANCHING	PRESENT	NOT_AUDITED	PRESENT	SINGLE_FULL_PASS_PREDECLARED_AUDIT	Full visual pass; outside predeclared audit sample
f38r	FIG_RELATION	NOT_APPLICABLE	NOT_AUDITED	NOT_APPLICABLE	SINGLE_FULL_PASS_PREDECLARED_AUDIT	Full visual pass; outside predeclared audit sample
f38r	FIG_ENCLOSED	NOT_APPLICABLE	NOT_AUDITED	NOT_APPLICABLE	SINGLE_FULL_PASS_PREDECLARED_AUDIT	Full visual pass; outside predeclared audit sample
f38r	TXT_RADIAL	ABSENT	NOT_AUDITED	ABSENT	SINGLE_FULL_PASS_PREDECLARED_AUDIT	Full visual pass; outside predeclared audit sample
f38r	VIS_DENSITY	MEDIUM	NOT_AUDITED	MEDIUM	SINGLE_FULL_PASS_PREDECLARED_AUDIT	Full visual pass; outside predeclared audit sample
f38r	VIS_COMPLEXITY	MEDIUM	NOT_AUDITED	MEDIUM	SINGLE_FULL_PASS_PREDECLARED_AUDIT	Full visual pass; outside predeclared audit sample
f38v	COMP_ILLUSTRATION_REGIONS	1	1	1	INDEPENDENT_AUDIT_FINAL	Independent clean-room audit value
f38v	COMP_CENTRAL_ILLUSTRATION	PRESENT	PRESENT	PRESENT	INDEPENDENT_AUDIT_FINAL	Independent clean-room audit value
f38v	OBJ_PLANT_LIKE	1	1	1	INDEPENDENT_AUDIT_FINAL	Independent clean-room audit value
f38v	OBJ_HUMAN_LIKE	0	0	0	INDEPENDENT_AUDIT_FINAL	Independent clean-room audit value
f38v	OBJ_CONTAINER_LIKE	0	0	0	INDEPENDENT_AUDIT_FINAL	Independent clean-room audit value
f38v	OBJ_STAR_LIKE	0	1+	1+	INDEPENDENT_AUDIT_FINAL	Independent clean-room audit value
f38v	OBJ_CIRCULAR_UNITS	0	0	0	INDEPENDENT_AUDIT_FINAL	Independent clean-room audit value
f38v	GEO_RADIAL	ABSENT	ABSENT	ABSENT	INDEPENDENT_AUDIT_FINAL	Independent clean-room audit value
f38v	GEO_CONCENTRIC	ABSENT	ABSENT	ABSENT	INDEPENDENT_AUDIT_FINAL	Independent clean-room audit value
f38v	GEO_BRANCHING	PRESENT	PRESENT	PRESENT	INDEPENDENT_AUDIT_FINAL	Independent clean-room audit value
f38v	FIG_RELATION	NOT_APPLICABLE	NOT_APPLICABLE	NOT_APPLICABLE	INDEPENDENT_AUDIT_FINAL	Independent clean-room audit value
f38v	FIG_ENCLOSED	NOT_APPLICABLE	NOT_APPLICABLE	NOT_APPLICABLE	INDEPENDENT_AUDIT_FINAL	Independent clean-room audit value
f38v	TXT_RADIAL	ABSENT	ABSENT	ABSENT	INDEPENDENT_AUDIT_FINAL	Independent clean-room audit value
f38v	VIS_DENSITY	MEDIUM	MEDIUM	MEDIUM	INDEPENDENT_AUDIT_FINAL	Independent clean-room audit value
f38v	VIS_COMPLEXITY	MEDIUM	MEDIUM	MEDIUM	INDEPENDENT_AUDIT_FINAL	Independent clean-room audit value
f39r	COMP_ILLUSTRATION_REGIONS	1	1	1	INDEPENDENT_AUDIT_FINAL	Independent clean-room audit value
f39r	COMP_CENTRAL_ILLUSTRATION	PRESENT	PRESENT	PRESENT	INDEPENDENT_AUDIT_FINAL	Independent clean-room audit value
f39r	OBJ_PLANT_LIKE	1	4+	4+	INDEPENDENT_AUDIT_FINAL	Independent clean-room audit value
f39r	OBJ_HUMAN_LIKE	0	0	0	INDEPENDENT_AUDIT_FINAL	Independent clean-room audit value
f39r	OBJ_CONTAINER_LIKE	0	0	0	INDEPENDENT_AUDIT_FINAL	Independent clean-room audit value
f39r	OBJ_STAR_LIKE	0	1+	1+	INDEPENDENT_AUDIT_FINAL	Independent clean-room audit value
f39r	OBJ_CIRCULAR_UNITS	0	0	0	INDEPENDENT_AUDIT_FINAL	Independent clean-room audit value
f39r	GEO_RADIAL	ABSENT	ABSENT	ABSENT	INDEPENDENT_AUDIT_FINAL	Independent clean-room audit value
f39r	GEO_CONCENTRIC	ABSENT	ABSENT	ABSENT	INDEPENDENT_AUDIT_FINAL	Independent clean-room audit value
f39r	GEO_BRANCHING	PRESENT	PRESENT	PRESENT	INDEPENDENT_AUDIT_FINAL	Independent clean-room audit value
f39r	FIG_RELATION	NOT_APPLICABLE	NOT_APPLICABLE	NOT_APPLICABLE	INDEPENDENT_AUDIT_FINAL	Independent clean-room audit value
f39r	FIG_ENCLOSED	NOT_APPLICABLE	NOT_APPLICABLE	NOT_APPLICABLE	INDEPENDENT_AUDIT_FINAL	Independent clean-room audit value
f39r	TXT_RADIAL	ABSENT	ABSENT	ABSENT	INDEPENDENT_AUDIT_FINAL	Independent clean-room audit value
f39r	VIS_DENSITY	MEDIUM	MEDIUM	MEDIUM	INDEPENDENT_AUDIT_FINAL	Independent clean-room audit value
f39r	VIS_COMPLEXITY	MEDIUM	MEDIUM	MEDIUM	INDEPENDENT_AUDIT_FINAL	Independent clean-room audit value
f39v	COMP_ILLUSTRATION_REGIONS	1	1	1	INDEPENDENT_AUDIT_FINAL	Independent clean-room audit value
f39v	COMP_CENTRAL_ILLUSTRATION	PRESENT	PRESENT	PRESENT	INDEPENDENT_AUDIT_FINAL	Independent clean-room audit value
f39v	OBJ_PLANT_LIKE	1	1	1	INDEPENDENT_AUDIT_FINAL	Independent clean-room audit value
f39v	OBJ_HUMAN_LIKE	0	0	0	INDEPENDENT_AUDIT_FINAL	Independent clean-room audit value
f39v	OBJ_CONTAINER_LIKE	0	0	0	INDEPENDENT_AUDIT_FINAL	Independent clean-room audit value
f39v	OBJ_STAR_LIKE	0	1+	1+	INDEPENDENT_AUDIT_FINAL	Independent clean-room audit value
f39v	OBJ_CIRCULAR_UNITS	0	0	0	INDEPENDENT_AUDIT_FINAL	Independent clean-room audit value
f39v	GEO_RADIAL	ABSENT	ABSENT	ABSENT	INDEPENDENT_AUDIT_FINAL	Independent clean-room audit value
f39v	GEO_CONCENTRIC	ABSENT	ABSENT	ABSENT	INDEPENDENT_AUDIT_FINAL	Independent clean-room audit value
f39v	GEO_BRANCHING	PRESENT	PRESENT	PRESENT	INDEPENDENT_AUDIT_FINAL	Independent clean-room audit value
f39v	FIG_RELATION	NOT_APPLICABLE	NOT_APPLICABLE	NOT_APPLICABLE	INDEPENDENT_AUDIT_FINAL	Independent clean-room audit value
f39v	FIG_ENCLOSED	NOT_APPLICABLE	NOT_APPLICABLE	NOT_APPLICABLE	INDEPENDENT_AUDIT_FINAL	Independent clean-room audit value
f39v	TXT_RADIAL	ABSENT	ABSENT	ABSENT	INDEPENDENT_AUDIT_FINAL	Independent clean-room audit value
f39v	VIS_DENSITY	MEDIUM	MEDIUM	MEDIUM	INDEPENDENT_AUDIT_FINAL	Independent clean-room audit value
f39v	VIS_COMPLEXITY	MEDIUM	MEDIUM	MEDIUM	INDEPENDENT_AUDIT_FINAL	Independent clean-room audit value
f40r	COMP_ILLUSTRATION_REGIONS	1	NOT_AUDITED	1	SINGLE_FULL_PASS_PREDECLARED_AUDIT	Full visual pass; outside predeclared audit sample
f40r	COMP_CENTRAL_ILLUSTRATION	PRESENT	NOT_AUDITED	PRESENT	SINGLE_FULL_PASS_PREDECLARED_AUDIT	Full visual pass; outside predeclared audit sample
f40r	OBJ_PLANT_LIKE	1	NOT_AUDITED	1	SINGLE_FULL_PASS_PREDECLARED_AUDIT	Full visual pass; outside predeclared audit sample
f40r	OBJ_HUMAN_LIKE	0	NOT_AUDITED	0	SINGLE_FULL_PASS_PREDECLARED_AUDIT	Full visual pass; outside predeclared audit sample
f40r	OBJ_CONTAINER_LIKE	0	NOT_AUDITED	0	SINGLE_FULL_PASS_PREDECLARED_AUDIT	Full visual pass; outside predeclared audit sample
f40r	OBJ_STAR_LIKE	0	NOT_AUDITED	0	SINGLE_FULL_PASS_PREDECLARED_AUDIT	Full visual pass; outside predeclared audit sample
f40r	OBJ_CIRCULAR_UNITS	0	NOT_AUDITED	0	SINGLE_FULL_PASS_PREDECLARED_AUDIT	Full visual pass; outside predeclared audit sample
f40r	GEO_RADIAL	ABSENT	NOT_AUDITED	ABSENT	SINGLE_FULL_PASS_PREDECLARED_AUDIT	Full visual pass; outside predeclared audit sample
f40r	GEO_CONCENTRIC	ABSENT	NOT_AUDITED	ABSENT	SINGLE_FULL_PASS_PREDECLARED_AUDIT	Full visual pass; outside predeclared audit sample
f40r	GEO_BRANCHING	PRESENT	NOT_AUDITED	PRESENT	SINGLE_FULL_PASS_PREDECLARED_AUDIT	Full visual pass; outside predeclared audit sample
f40r	FIG_RELATION	NOT_APPLICABLE	NOT_AUDITED	NOT_APPLICABLE	SINGLE_FULL_PASS_PREDECLARED_AUDIT	Full visual pass; outside predeclared audit sample
f40r	FIG_ENCLOSED	NOT_APPLICABLE	NOT_AUDITED	NOT_APPLICABLE	SINGLE_FULL_PASS_PREDECLARED_AUDIT	Full visual pass; outside predeclared audit sample
f40r	TXT_RADIAL	ABSENT	NOT_AUDITED	ABSENT	SINGLE_FULL_PASS_PREDECLARED_AUDIT	Full visual pass; outside predeclared audit sample
f40r	VIS_DENSITY	MEDIUM	NOT_AUDITED	MEDIUM	SINGLE_FULL_PASS_PREDECLARED_AUDIT	Full visual pass; outside predeclared audit sample
f40r	VIS_COMPLEXITY	MEDIUM	NOT_AUDITED	MEDIUM	SINGLE_FULL_PASS_PREDECLARED_AUDIT	Full visual pass; outside predeclared audit sample
f40v	COMP_ILLUSTRATION_REGIONS	1	NOT_AUDITED	1	SINGLE_FULL_PASS_PREDECLARED_AUDIT	Full visual pass; outside predeclared audit sample
f40v	COMP_CENTRAL_ILLUSTRATION	PRESENT	NOT_AUDITED	PRESENT	SINGLE_FULL_PASS_PREDECLARED_AUDIT	Full visual pass; outside predeclared audit sample
f40v	OBJ_PLANT_LIKE	1	NOT_AUDITED	1	SINGLE_FULL_PASS_PREDECLARED_AUDIT	Full visual pass; outside predeclared audit sample
f40v	OBJ_HUMAN_LIKE	0	NOT_AUDITED	0	SINGLE_FULL_PASS_PREDECLARED_AUDIT	Full visual pass; outside predeclared audit sample
f40v	OBJ_CONTAINER_LIKE	0	NOT_AUDITED	0	SINGLE_FULL_PASS_PREDECLARED_AUDIT	Full visual pass; outside predeclared audit sample
f40v	OBJ_STAR_LIKE	0	NOT_AUDITED	0	SINGLE_FULL_PASS_PREDECLARED_AUDIT	Full visual pass; outside predeclared audit sample
f40v	OBJ_CIRCULAR_UNITS	0	NOT_AUDITED	0	SINGLE_FULL_PASS_PREDECLARED_AUDIT	Full visual pass; outside predeclared audit sample
f40v	GEO_RADIAL	ABSENT	NOT_AUDITED	ABSENT	SINGLE_FULL_PASS_PREDECLARED_AUDIT	Full visual pass; outside predeclared audit sample
f40v	GEO_CONCENTRIC	ABSENT	NOT_AUDITED	ABSENT	SINGLE_FULL_PASS_PREDECLARED_AUDIT	Full visual pass; outside predeclared audit sample
f40v	GEO_BRANCHING	PRESENT	NOT_AUDITED	PRESENT	SINGLE_FULL_PASS_PREDECLARED_AUDIT	Full visual pass; outside predeclared audit sample
f40v	FIG_RELATION	NOT_APPLICABLE	NOT_AUDITED	NOT_APPLICABLE	SINGLE_FULL_PASS_PREDECLARED_AUDIT	Full visual pass; outside predeclared audit sample
f40v	FIG_ENCLOSED	NOT_APPLICABLE	NOT_AUDITED	NOT_APPLICABLE	SINGLE_FULL_PASS_PREDECLARED_AUDIT	Full visual pass; outside predeclared audit sample
f40v	TXT_RADIAL	ABSENT	NOT_AUDITED	ABSENT	SINGLE_FULL_PASS_PREDECLARED_AUDIT	Full visual pass; outside predeclared audit sample
f40v	VIS_DENSITY	MEDIUM	NOT_AUDITED	MEDIUM	SINGLE_FULL_PASS_PREDECLARED_AUDIT	Full visual pass; outside predeclared audit sample
f40v	VIS_COMPLEXITY	MEDIUM	NOT_AUDITED	MEDIUM	SINGLE_FULL_PASS_PREDECLARED_AUDIT	Full visual pass; outside predeclared audit sample
f41r	COMP_ILLUSTRATION_REGIONS	1	1	1	INDEPENDENT_AUDIT_FINAL	Independent clean-room audit value
f41r	COMP_CENTRAL_ILLUSTRATION	PRESENT	PRESENT	PRESENT	INDEPENDENT_AUDIT_FINAL	Independent clean-room audit value
f41r	OBJ_PLANT_LIKE	1	1	1	INDEPENDENT_AUDIT_FINAL	Independent clean-room audit value
f41r	OBJ_HUMAN_LIKE	0	0	0	INDEPENDENT_AUDIT_FINAL	Independent clean-room audit value
f41r	OBJ_CONTAINER_LIKE	0	0	0	INDEPENDENT_AUDIT_FINAL	Independent clean-room audit value
f41r	OBJ_STAR_LIKE	0	0	0	INDEPENDENT_AUDIT_FINAL	Independent clean-room audit value
f41r	OBJ_CIRCULAR_UNITS	0	0	0	INDEPENDENT_AUDIT_FINAL	Independent clean-room audit value
f41r	GEO_RADIAL	ABSENT	ABSENT	ABSENT	INDEPENDENT_AUDIT_FINAL	Independent clean-room audit value
f41r	GEO_CONCENTRIC	ABSENT	ABSENT	ABSENT	INDEPENDENT_AUDIT_FINAL	Independent clean-room audit value
f41r	GEO_BRANCHING	PRESENT	PRESENT	PRESENT	INDEPENDENT_AUDIT_FINAL	Independent clean-room audit value
f41r	FIG_RELATION	NOT_APPLICABLE	NOT_APPLICABLE	NOT_APPLICABLE	INDEPENDENT_AUDIT_FINAL	Independent clean-room audit value
f41r	FIG_ENCLOSED	NOT_APPLICABLE	NOT_APPLICABLE	NOT_APPLICABLE	INDEPENDENT_AUDIT_FINAL	Independent clean-room audit value
f41r	TXT_RADIAL	ABSENT	ABSENT	ABSENT	INDEPENDENT_AUDIT_FINAL	Independent clean-room audit value
f41r	VIS_DENSITY	MEDIUM	MEDIUM	MEDIUM	INDEPENDENT_AUDIT_FINAL	Independent clean-room audit value
f41r	VIS_COMPLEXITY	MEDIUM	MEDIUM	MEDIUM	INDEPENDENT_AUDIT_FINAL	Independent clean-room audit value
f41v	COMP_ILLUSTRATION_REGIONS	1	NOT_AUDITED	1	SINGLE_FULL_PASS_PREDECLARED_AUDIT	Full visual pass; outside predeclared audit sample
f41v	COMP_CENTRAL_ILLUSTRATION	PRESENT	NOT_AUDITED	PRESENT	SINGLE_FULL_PASS_PREDECLARED_AUDIT	Full visual pass; outside predeclared audit sample
f41v	OBJ_PLANT_LIKE	1	NOT_AUDITED	1	SINGLE_FULL_PASS_PREDECLARED_AUDIT	Full visual pass; outside predeclared audit sample
f41v	OBJ_HUMAN_LIKE	0	NOT_AUDITED	0	SINGLE_FULL_PASS_PREDECLARED_AUDIT	Full visual pass; outside predeclared audit sample
f41v	OBJ_CONTAINER_LIKE	0	NOT_AUDITED	0	SINGLE_FULL_PASS_PREDECLARED_AUDIT	Full visual pass; outside predeclared audit sample
f41v	OBJ_STAR_LIKE	0	NOT_AUDITED	0	SINGLE_FULL_PASS_PREDECLARED_AUDIT	Full visual pass; outside predeclared audit sample
f41v	OBJ_CIRCULAR_UNITS	0	NOT_AUDITED	0	SINGLE_FULL_PASS_PREDECLARED_AUDIT	Full visual pass; outside predeclared audit sample
f41v	GEO_RADIAL	ABSENT	NOT_AUDITED	ABSENT	SINGLE_FULL_PASS_PREDECLARED_AUDIT	Full visual pass; outside predeclared audit sample
f41v	GEO_CONCENTRIC	ABSENT	NOT_AUDITED	ABSENT	SINGLE_FULL_PASS_PREDECLARED_AUDIT	Full visual pass; outside predeclared audit sample
f41v	GEO_BRANCHING	PRESENT	NOT_AUDITED	PRESENT	SINGLE_FULL_PASS_PREDECLARED_AUDIT	Full visual pass; outside predeclared audit sample
f41v	FIG_RELATION	NOT_APPLICABLE	NOT_AUDITED	NOT_APPLICABLE	SINGLE_FULL_PASS_PREDECLARED_AUDIT	Full visual pass; outside predeclared audit sample
f41v	FIG_ENCLOSED	NOT_APPLICABLE	NOT_AUDITED	NOT_APPLICABLE	SINGLE_FULL_PASS_PREDECLARED_AUDIT	Full visual pass; outside predeclared audit sample
f41v	TXT_RADIAL	ABSENT	NOT_AUDITED	ABSENT	SINGLE_FULL_PASS_PREDECLARED_AUDIT	Full visual pass; outside predeclared audit sample
f41v	VIS_DENSITY	MEDIUM	NOT_AUDITED	MEDIUM	SINGLE_FULL_PASS_PREDECLARED_AUDIT	Full visual pass; outside predeclared audit sample
f41v	VIS_COMPLEXITY	MEDIUM	NOT_AUDITED	MEDIUM	SINGLE_FULL_PASS_PREDECLARED_AUDIT	Full visual pass; outside predeclared audit sample
f42r	COMP_ILLUSTRATION_REGIONS	1	NOT_AUDITED	1	SINGLE_FULL_PASS_PREDECLARED_AUDIT	Full visual pass; outside predeclared audit sample
f42r	COMP_CENTRAL_ILLUSTRATION	PRESENT	NOT_AUDITED	PRESENT	SINGLE_FULL_PASS_PREDECLARED_AUDIT	Full visual pass; outside predeclared audit sample
f42r	OBJ_PLANT_LIKE	1	NOT_AUDITED	1	SINGLE_FULL_PASS_PREDECLARED_AUDIT	Full visual pass; outside predeclared audit sample
f42r	OBJ_HUMAN_LIKE	0	NOT_AUDITED	0	SINGLE_FULL_PASS_PREDECLARED_AUDIT	Full visual pass; outside predeclared audit sample
f42r	OBJ_CONTAINER_LIKE	0	NOT_AUDITED	0	SINGLE_FULL_PASS_PREDECLARED_AUDIT	Full visual pass; outside predeclared audit sample
f42r	OBJ_STAR_LIKE	0	NOT_AUDITED	0	SINGLE_FULL_PASS_PREDECLARED_AUDIT	Full visual pass; outside predeclared audit sample
f42r	OBJ_CIRCULAR_UNITS	0	NOT_AUDITED	0	SINGLE_FULL_PASS_PREDECLARED_AUDIT	Full visual pass; outside predeclared audit sample
f42r	GEO_RADIAL	ABSENT	NOT_AUDITED	ABSENT	SINGLE_FULL_PASS_PREDECLARED_AUDIT	Full visual pass; outside predeclared audit sample
f42r	GEO_CONCENTRIC	ABSENT	NOT_AUDITED	ABSENT	SINGLE_FULL_PASS_PREDECLARED_AUDIT	Full visual pass; outside predeclared audit sample
f42r	GEO_BRANCHING	PRESENT	NOT_AUDITED	PRESENT	SINGLE_FULL_PASS_PREDECLARED_AUDIT	Full visual pass; outside predeclared audit sample
f42r	FIG_RELATION	NOT_APPLICABLE	NOT_AUDITED	NOT_APPLICABLE	SINGLE_FULL_PASS_PREDECLARED_AUDIT	Full visual pass; outside predeclared audit sample
f42r	FIG_ENCLOSED	NOT_APPLICABLE	NOT_AUDITED	NOT_APPLICABLE	SINGLE_FULL_PASS_PREDECLARED_AUDIT	Full visual pass; outside predeclared audit sample
f42r	TXT_RADIAL	ABSENT	NOT_AUDITED	ABSENT	SINGLE_FULL_PASS_PREDECLARED_AUDIT	Full visual pass; outside predeclared audit sample
f42r	VIS_DENSITY	MEDIUM	NOT_AUDITED	MEDIUM	SINGLE_FULL_PASS_PREDECLARED_AUDIT	Full visual pass; outside predeclared audit sample
f42r	VIS_COMPLEXITY	MEDIUM	NOT_AUDITED	MEDIUM	SINGLE_FULL_PASS_PREDECLARED_AUDIT	Full visual pass; outside predeclared audit sample
f42v	COMP_ILLUSTRATION_REGIONS	1	NOT_AUDITED	1	SINGLE_FULL_PASS_PREDECLARED_AUDIT	Full visual pass; outside predeclared audit sample
f42v	COMP_CENTRAL_ILLUSTRATION	PRESENT	NOT_AUDITED	PRESENT	SINGLE_FULL_PASS_PREDECLARED_AUDIT	Full visual pass; outside predeclared audit sample
f42v	OBJ_PLANT_LIKE	1	NOT_AUDITED	1	SINGLE_FULL_PASS_PREDECLARED_AUDIT	Full visual pass; outside predeclared audit sample
f42v	OBJ_HUMAN_LIKE	0	NOT_AUDITED	0	SINGLE_FULL_PASS_PREDECLARED_AUDIT	Full visual pass; outside predeclared audit sample
f42v	OBJ_CONTAINER_LIKE	0	NOT_AUDITED	0	SINGLE_FULL_PASS_PREDECLARED_AUDIT	Full visual pass; outside predeclared audit sample
f42v	OBJ_STAR_LIKE	0	NOT_AUDITED	0	SINGLE_FULL_PASS_PREDECLARED_AUDIT	Full visual pass; outside predeclared audit sample
f42v	OBJ_CIRCULAR_UNITS	0	NOT_AUDITED	0	SINGLE_FULL_PASS_PREDECLARED_AUDIT	Full visual pass; outside predeclared audit sample
f42v	GEO_RADIAL	ABSENT	NOT_AUDITED	ABSENT	SINGLE_FULL_PASS_PREDECLARED_AUDIT	Full visual pass; outside predeclared audit sample
f42v	GEO_CONCENTRIC	ABSENT	NOT_AUDITED	ABSENT	SINGLE_FULL_PASS_PREDECLARED_AUDIT	Full visual pass; outside predeclared audit sample
f42v	GEO_BRANCHING	PRESENT	NOT_AUDITED	PRESENT	SINGLE_FULL_PASS_PREDECLARED_AUDIT	Full visual pass; outside predeclared audit sample
f42v	FIG_RELATION	NOT_APPLICABLE	NOT_AUDITED	NOT_APPLICABLE	SINGLE_FULL_PASS_PREDECLARED_AUDIT	Full visual pass; outside predeclared audit sample
f42v	FIG_ENCLOSED	NOT_APPLICABLE	NOT_AUDITED	NOT_APPLICABLE	SINGLE_FULL_PASS_PREDECLARED_AUDIT	Full visual pass; outside predeclared audit sample
f42v	TXT_RADIAL	ABSENT	NOT_AUDITED	ABSENT	SINGLE_FULL_PASS_PREDECLARED_AUDIT	Full visual pass; outside predeclared audit sample
f42v	VIS_DENSITY	MEDIUM	NOT_AUDITED	MEDIUM	SINGLE_FULL_PASS_PREDECLARED_AUDIT	Full visual pass; outside predeclared audit sample
f42v	VIS_COMPLEXITY	MEDIUM	NOT_AUDITED	MEDIUM	SINGLE_FULL_PASS_PREDECLARED_AUDIT	Full visual pass; outside predeclared audit sample
f43r	COMP_ILLUSTRATION_REGIONS	1	NOT_AUDITED	1	SINGLE_FULL_PASS_PREDECLARED_AUDIT	Full visual pass; outside predeclared audit sample
f43r	COMP_CENTRAL_ILLUSTRATION	PRESENT	NOT_AUDITED	PRESENT	SINGLE_FULL_PASS_PREDECLARED_AUDIT	Full visual pass; outside predeclared audit sample
f43r	OBJ_PLANT_LIKE	1	NOT_AUDITED	1	SINGLE_FULL_PASS_PREDECLARED_AUDIT	Full visual pass; outside predeclared audit sample
f43r	OBJ_HUMAN_LIKE	0	NOT_AUDITED	0	SINGLE_FULL_PASS_PREDECLARED_AUDIT	Full visual pass; outside predeclared audit sample
f43r	OBJ_CONTAINER_LIKE	0	NOT_AUDITED	0	SINGLE_FULL_PASS_PREDECLARED_AUDIT	Full visual pass; outside predeclared audit sample
f43r	OBJ_STAR_LIKE	0	NOT_AUDITED	0	SINGLE_FULL_PASS_PREDECLARED_AUDIT	Full visual pass; outside predeclared audit sample
f43r	OBJ_CIRCULAR_UNITS	0	NOT_AUDITED	0	SINGLE_FULL_PASS_PREDECLARED_AUDIT	Full visual pass; outside predeclared audit sample
f43r	GEO_RADIAL	ABSENT	NOT_AUDITED	ABSENT	SINGLE_FULL_PASS_PREDECLARED_AUDIT	Full visual pass; outside predeclared audit sample
f43r	GEO_CONCENTRIC	ABSENT	NOT_AUDITED	ABSENT	SINGLE_FULL_PASS_PREDECLARED_AUDIT	Full visual pass; outside predeclared audit sample
f43r	GEO_BRANCHING	PRESENT	NOT_AUDITED	PRESENT	SINGLE_FULL_PASS_PREDECLARED_AUDIT	Full visual pass; outside predeclared audit sample
f43r	FIG_RELATION	NOT_APPLICABLE	NOT_AUDITED	NOT_APPLICABLE	SINGLE_FULL_PASS_PREDECLARED_AUDIT	Full visual pass; outside predeclared audit sample
f43r	FIG_ENCLOSED	NOT_APPLICABLE	NOT_AUDITED	NOT_APPLICABLE	SINGLE_FULL_PASS_PREDECLARED_AUDIT	Full visual pass; outside predeclared audit sample
f43r	TXT_RADIAL	ABSENT	NOT_AUDITED	ABSENT	SINGLE_FULL_PASS_PREDECLARED_AUDIT	Full visual pass; outside predeclared audit sample
f43r	VIS_DENSITY	MEDIUM	NOT_AUDITED	MEDIUM	SINGLE_FULL_PASS_PREDECLARED_AUDIT	Full visual pass; outside predeclared audit sample
f43r	VIS_COMPLEXITY	MEDIUM	NOT_AUDITED	MEDIUM	SINGLE_FULL_PASS_PREDECLARED_AUDIT	Full visual pass; outside predeclared audit sample
f43v	COMP_ILLUSTRATION_REGIONS	1	NOT_AUDITED	1	SINGLE_FULL_PASS_PREDECLARED_AUDIT	Full visual pass; outside predeclared audit sample
f43v	COMP_CENTRAL_ILLUSTRATION	PRESENT	NOT_AUDITED	PRESENT	SINGLE_FULL_PASS_PREDECLARED_AUDIT	Full visual pass; outside predeclared audit sample
f43v	OBJ_PLANT_LIKE	1	NOT_AUDITED	1	SINGLE_FULL_PASS_PREDECLARED_AUDIT	Full visual pass; outside predeclared audit sample
f43v	OBJ_HUMAN_LIKE	0	NOT_AUDITED	0	SINGLE_FULL_PASS_PREDECLARED_AUDIT	Full visual pass; outside predeclared audit sample
f43v	OBJ_CONTAINER_LIKE	0	NOT_AUDITED	0	SINGLE_FULL_PASS_PREDECLARED_AUDIT	Full visual pass; outside predeclared audit sample
f43v	OBJ_STAR_LIKE	0	NOT_AUDITED	0	SINGLE_FULL_PASS_PREDECLARED_AUDIT	Full visual pass; outside predeclared audit sample
f43v	OBJ_CIRCULAR_UNITS	0	NOT_AUDITED	0	SINGLE_FULL_PASS_PREDECLARED_AUDIT	Full visual pass; outside predeclared audit sample
f43v	GEO_RADIAL	ABSENT	NOT_AUDITED	ABSENT	SINGLE_FULL_PASS_PREDECLARED_AUDIT	Full visual pass; outside predeclared audit sample
f43v	GEO_CONCENTRIC	ABSENT	NOT_AUDITED	ABSENT	SINGLE_FULL_PASS_PREDECLARED_AUDIT	Full visual pass; outside predeclared audit sample
f43v	GEO_BRANCHING	PRESENT	NOT_AUDITED	PRESENT	SINGLE_FULL_PASS_PREDECLARED_AUDIT	Full visual pass; outside predeclared audit sample
f43v	FIG_RELATION	NOT_APPLICABLE	NOT_AUDITED	NOT_APPLICABLE	SINGLE_FULL_PASS_PREDECLARED_AUDIT	Full visual pass; outside predeclared audit sample
f43v	FIG_ENCLOSED	NOT_APPLICABLE	NOT_AUDITED	NOT_APPLICABLE	SINGLE_FULL_PASS_PREDECLARED_AUDIT	Full visual pass; outside predeclared audit sample
f43v	TXT_RADIAL	ABSENT	NOT_AUDITED	ABSENT	SINGLE_FULL_PASS_PREDECLARED_AUDIT	Full visual pass; outside predeclared audit sample
f43v	VIS_DENSITY	MEDIUM	NOT_AUDITED	MEDIUM	SINGLE_FULL_PASS_PREDECLARED_AUDIT	Full visual pass; outside predeclared audit sample
f43v	VIS_COMPLEXITY	MEDIUM	NOT_AUDITED	MEDIUM	SINGLE_FULL_PASS_PREDECLARED_AUDIT	Full visual pass; outside predeclared audit sample
f44r	COMP_ILLUSTRATION_REGIONS	1	NOT_AUDITED	1	SINGLE_FULL_PASS_PREDECLARED_AUDIT	Full visual pass; outside predeclared audit sample
f44r	COMP_CENTRAL_ILLUSTRATION	PRESENT	NOT_AUDITED	PRESENT	SINGLE_FULL_PASS_PREDECLARED_AUDIT	Full visual pass; outside predeclared audit sample
f44r	OBJ_PLANT_LIKE	1	NOT_AUDITED	1	SINGLE_FULL_PASS_PREDECLARED_AUDIT	Full visual pass; outside predeclared audit sample
f44r	OBJ_HUMAN_LIKE	0	NOT_AUDITED	0	SINGLE_FULL_PASS_PREDECLARED_AUDIT	Full visual pass; outside predeclared audit sample
f44r	OBJ_CONTAINER_LIKE	0	NOT_AUDITED	0	SINGLE_FULL_PASS_PREDECLARED_AUDIT	Full visual pass; outside predeclared audit sample
f44r	OBJ_STAR_LIKE	0	NOT_AUDITED	0	SINGLE_FULL_PASS_PREDECLARED_AUDIT	Full visual pass; outside predeclared audit sample
f44r	OBJ_CIRCULAR_UNITS	0	NOT_AUDITED	0	SINGLE_FULL_PASS_PREDECLARED_AUDIT	Full visual pass; outside predeclared audit sample
f44r	GEO_RADIAL	ABSENT	NOT_AUDITED	ABSENT	SINGLE_FULL_PASS_PREDECLARED_AUDIT	Full visual pass; outside predeclared audit sample
f44r	GEO_CONCENTRIC	ABSENT	NOT_AUDITED	ABSENT	SINGLE_FULL_PASS_PREDECLARED_AUDIT	Full visual pass; outside predeclared audit sample
f44r	GEO_BRANCHING	PRESENT	NOT_AUDITED	PRESENT	SINGLE_FULL_PASS_PREDECLARED_AUDIT	Full visual pass; outside predeclared audit sample
f44r	FIG_RELATION	NOT_APPLICABLE	NOT_AUDITED	NOT_APPLICABLE	SINGLE_FULL_PASS_PREDECLARED_AUDIT	Full visual pass; outside predeclared audit sample
f44r	FIG_ENCLOSED	NOT_APPLICABLE	NOT_AUDITED	NOT_APPLICABLE	SINGLE_FULL_PASS_PREDECLARED_AUDIT	Full visual pass; outside predeclared audit sample
f44r	TXT_RADIAL	ABSENT	NOT_AUDITED	ABSENT	SINGLE_FULL_PASS_PREDECLARED_AUDIT	Full visual pass; outside predeclared audit sample
f44r	VIS_DENSITY	MEDIUM	NOT_AUDITED	MEDIUM	SINGLE_FULL_PASS_PREDECLARED_AUDIT	Full visual pass; outside predeclared audit sample
f44r	VIS_COMPLEXITY	MEDIUM	NOT_AUDITED	MEDIUM	SINGLE_FULL_PASS_PREDECLARED_AUDIT	Full visual pass; outside predeclared audit sample
f44v	COMP_ILLUSTRATION_REGIONS	1	NOT_AUDITED	1	SINGLE_FULL_PASS_PREDECLARED_AUDIT	Full visual pass; outside predeclared audit sample
f44v	COMP_CENTRAL_ILLUSTRATION	PRESENT	NOT_AUDITED	PRESENT	SINGLE_FULL_PASS_PREDECLARED_AUDIT	Full visual pass; outside predeclared audit sample
f44v	OBJ_PLANT_LIKE	1	NOT_AUDITED	1	SINGLE_FULL_PASS_PREDECLARED_AUDIT	Full visual pass; outside predeclared audit sample
f44v	OBJ_HUMAN_LIKE	0	NOT_AUDITED	0	SINGLE_FULL_PASS_PREDECLARED_AUDIT	Full visual pass; outside predeclared audit sample
f44v	OBJ_CONTAINER_LIKE	0	NOT_AUDITED	0	SINGLE_FULL_PASS_PREDECLARED_AUDIT	Full visual pass; outside predeclared audit sample
f44v	OBJ_STAR_LIKE	0	NOT_AUDITED	0	SINGLE_FULL_PASS_PREDECLARED_AUDIT	Full visual pass; outside predeclared audit sample
f44v	OBJ_CIRCULAR_UNITS	0	NOT_AUDITED	0	SINGLE_FULL_PASS_PREDECLARED_AUDIT	Full visual pass; outside predeclared audit sample
f44v	GEO_RADIAL	ABSENT	NOT_AUDITED	ABSENT	SINGLE_FULL_PASS_PREDECLARED_AUDIT	Full visual pass; outside predeclared audit sample
f44v	GEO_CONCENTRIC	ABSENT	NOT_AUDITED	ABSENT	SINGLE_FULL_PASS_PREDECLARED_AUDIT	Full visual pass; outside predeclared audit sample
f44v	GEO_BRANCHING	PRESENT	NOT_AUDITED	PRESENT	SINGLE_FULL_PASS_PREDECLARED_AUDIT	Full visual pass; outside predeclared audit sample
f44v	FIG_RELATION	NOT_APPLICABLE	NOT_AUDITED	NOT_APPLICABLE	SINGLE_FULL_PASS_PREDECLARED_AUDIT	Full visual pass; outside predeclared audit sample
f44v	FIG_ENCLOSED	NOT_APPLICABLE	NOT_AUDITED	NOT_APPLICABLE	SINGLE_FULL_PASS_PREDECLARED_AUDIT	Full visual pass; outside predeclared audit sample
f44v	TXT_RADIAL	ABSENT	NOT_AUDITED	ABSENT	SINGLE_FULL_PASS_PREDECLARED_AUDIT	Full visual pass; outside predeclared audit sample
f44v	VIS_DENSITY	MEDIUM	NOT_AUDITED	MEDIUM	SINGLE_FULL_PASS_PREDECLARED_AUDIT	Full visual pass; outside predeclared audit sample
f44v	VIS_COMPLEXITY	MEDIUM	NOT_AUDITED	MEDIUM	SINGLE_FULL_PASS_PREDECLARED_AUDIT	Full visual pass; outside predeclared audit sample
f45r	COMP_ILLUSTRATION_REGIONS	1	1	1	INDEPENDENT_AUDIT_FINAL	Independent clean-room audit value
f45r	COMP_CENTRAL_ILLUSTRATION	PRESENT	PRESENT	PRESENT	INDEPENDENT_AUDIT_FINAL	Independent clean-room audit value
f45r	OBJ_PLANT_LIKE	1	1	1	INDEPENDENT_AUDIT_FINAL	Independent clean-room audit value
f45r	OBJ_HUMAN_LIKE	0	0	0	INDEPENDENT_AUDIT_FINAL	Independent clean-room audit value
f45r	OBJ_CONTAINER_LIKE	0	0	0	INDEPENDENT_AUDIT_FINAL	Independent clean-room audit value
f45r	OBJ_STAR_LIKE	0	1+	1+	INDEPENDENT_AUDIT_FINAL	Independent clean-room audit value
f45r	OBJ_CIRCULAR_UNITS	0	0	0	INDEPENDENT_AUDIT_FINAL	Independent clean-room audit value
f45r	GEO_RADIAL	ABSENT	ABSENT	ABSENT	INDEPENDENT_AUDIT_FINAL	Independent clean-room audit value
f45r	GEO_CONCENTRIC	ABSENT	ABSENT	ABSENT	INDEPENDENT_AUDIT_FINAL	Independent clean-room audit value
f45r	GEO_BRANCHING	PRESENT	PRESENT	PRESENT	INDEPENDENT_AUDIT_FINAL	Independent clean-room audit value
f45r	FIG_RELATION	NOT_APPLICABLE	NOT_APPLICABLE	NOT_APPLICABLE	INDEPENDENT_AUDIT_FINAL	Independent clean-room audit value
f45r	FIG_ENCLOSED	NOT_APPLICABLE	NOT_APPLICABLE	NOT_APPLICABLE	INDEPENDENT_AUDIT_FINAL	Independent clean-room audit value
f45r	TXT_RADIAL	ABSENT	ABSENT	ABSENT	INDEPENDENT_AUDIT_FINAL	Independent clean-room audit value
f45r	VIS_DENSITY	MEDIUM	MEDIUM	MEDIUM	INDEPENDENT_AUDIT_FINAL	Independent clean-room audit value
f45r	VIS_COMPLEXITY	MEDIUM	MEDIUM	MEDIUM	INDEPENDENT_AUDIT_FINAL	Independent clean-room audit value
f45v	COMP_ILLUSTRATION_REGIONS	1	NOT_AUDITED	1	SINGLE_FULL_PASS_PREDECLARED_AUDIT	Full visual pass; outside predeclared audit sample
f45v	COMP_CENTRAL_ILLUSTRATION	PRESENT	NOT_AUDITED	PRESENT	SINGLE_FULL_PASS_PREDECLARED_AUDIT	Full visual pass; outside predeclared audit sample
f45v	OBJ_PLANT_LIKE	1	NOT_AUDITED	1	SINGLE_FULL_PASS_PREDECLARED_AUDIT	Full visual pass; outside predeclared audit sample
f45v	OBJ_HUMAN_LIKE	0	NOT_AUDITED	0	SINGLE_FULL_PASS_PREDECLARED_AUDIT	Full visual pass; outside predeclared audit sample
f45v	OBJ_CONTAINER_LIKE	0	NOT_AUDITED	0	SINGLE_FULL_PASS_PREDECLARED_AUDIT	Full visual pass; outside predeclared audit sample
f45v	OBJ_STAR_LIKE	0	NOT_AUDITED	0	SINGLE_FULL_PASS_PREDECLARED_AUDIT	Full visual pass; outside predeclared audit sample
f45v	OBJ_CIRCULAR_UNITS	0	NOT_AUDITED	0	SINGLE_FULL_PASS_PREDECLARED_AUDIT	Full visual pass; outside predeclared audit sample
f45v	GEO_RADIAL	ABSENT	NOT_AUDITED	ABSENT	SINGLE_FULL_PASS_PREDECLARED_AUDIT	Full visual pass; outside predeclared audit sample
f45v	GEO_CONCENTRIC	ABSENT	NOT_AUDITED	ABSENT	SINGLE_FULL_PASS_PREDECLARED_AUDIT	Full visual pass; outside predeclared audit sample
f45v	GEO_BRANCHING	PRESENT	NOT_AUDITED	PRESENT	SINGLE_FULL_PASS_PREDECLARED_AUDIT	Full visual pass; outside predeclared audit sample
f45v	FIG_RELATION	NOT_APPLICABLE	NOT_AUDITED	NOT_APPLICABLE	SINGLE_FULL_PASS_PREDECLARED_AUDIT	Full visual pass; outside predeclared audit sample
f45v	FIG_ENCLOSED	NOT_APPLICABLE	NOT_AUDITED	NOT_APPLICABLE	SINGLE_FULL_PASS_PREDECLARED_AUDIT	Full visual pass; outside predeclared audit sample
f45v	TXT_RADIAL	ABSENT	NOT_AUDITED	ABSENT	SINGLE_FULL_PASS_PREDECLARED_AUDIT	Full visual pass; outside predeclared audit sample
f45v	VIS_DENSITY	MEDIUM	NOT_AUDITED	MEDIUM	SINGLE_FULL_PASS_PREDECLARED_AUDIT	Full visual pass; outside predeclared audit sample
f45v	VIS_COMPLEXITY	MEDIUM	NOT_AUDITED	MEDIUM	SINGLE_FULL_PASS_PREDECLARED_AUDIT	Full visual pass; outside predeclared audit sample
f46r	COMP_ILLUSTRATION_REGIONS	1	NOT_AUDITED	1	SINGLE_FULL_PASS_PREDECLARED_AUDIT	Full visual pass; outside predeclared audit sample
f46r	COMP_CENTRAL_ILLUSTRATION	PRESENT	NOT_AUDITED	PRESENT	SINGLE_FULL_PASS_PREDECLARED_AUDIT	Full visual pass; outside predeclared audit sample
f46r	OBJ_PLANT_LIKE	1	NOT_AUDITED	1	SINGLE_FULL_PASS_PREDECLARED_AUDIT	Full visual pass; outside predeclared audit sample
f46r	OBJ_HUMAN_LIKE	0	NOT_AUDITED	0	SINGLE_FULL_PASS_PREDECLARED_AUDIT	Full visual pass; outside predeclared audit sample
f46r	OBJ_CONTAINER_LIKE	0	NOT_AUDITED	0	SINGLE_FULL_PASS_PREDECLARED_AUDIT	Full visual pass; outside predeclared audit sample
f46r	OBJ_STAR_LIKE	0	NOT_AUDITED	0	SINGLE_FULL_PASS_PREDECLARED_AUDIT	Full visual pass; outside predeclared audit sample
f46r	OBJ_CIRCULAR_UNITS	0	NOT_AUDITED	0	SINGLE_FULL_PASS_PREDECLARED_AUDIT	Full visual pass; outside predeclared audit sample
f46r	GEO_RADIAL	ABSENT	NOT_AUDITED	ABSENT	SINGLE_FULL_PASS_PREDECLARED_AUDIT	Full visual pass; outside predeclared audit sample
f46r	GEO_CONCENTRIC	ABSENT	NOT_AUDITED	ABSENT	SINGLE_FULL_PASS_PREDECLARED_AUDIT	Full visual pass; outside predeclared audit sample
f46r	GEO_BRANCHING	PRESENT	NOT_AUDITED	PRESENT	SINGLE_FULL_PASS_PREDECLARED_AUDIT	Full visual pass; outside predeclared audit sample
f46r	FIG_RELATION	NOT_APPLICABLE	NOT_AUDITED	NOT_APPLICABLE	SINGLE_FULL_PASS_PREDECLARED_AUDIT	Full visual pass; outside predeclared audit sample
f46r	FIG_ENCLOSED	NOT_APPLICABLE	NOT_AUDITED	NOT_APPLICABLE	SINGLE_FULL_PASS_PREDECLARED_AUDIT	Full visual pass; outside predeclared audit sample
f46r	TXT_RADIAL	ABSENT	NOT_AUDITED	ABSENT	SINGLE_FULL_PASS_PREDECLARED_AUDIT	Full visual pass; outside predeclared audit sample
f46r	VIS_DENSITY	MEDIUM	NOT_AUDITED	MEDIUM	SINGLE_FULL_PASS_PREDECLARED_AUDIT	Full visual pass; outside predeclared audit sample
f46r	VIS_COMPLEXITY	MEDIUM	NOT_AUDITED	MEDIUM	SINGLE_FULL_PASS_PREDECLARED_AUDIT	Full visual pass; outside predeclared audit sample
f46v	COMP_ILLUSTRATION_REGIONS	1	NOT_AUDITED	1	SINGLE_FULL_PASS_PREDECLARED_AUDIT	Full visual pass; outside predeclared audit sample
f46v	COMP_CENTRAL_ILLUSTRATION	PRESENT	NOT_AUDITED	PRESENT	SINGLE_FULL_PASS_PREDECLARED_AUDIT	Full visual pass; outside predeclared audit sample
f46v	OBJ_PLANT_LIKE	1	NOT_AUDITED	1	SINGLE_FULL_PASS_PREDECLARED_AUDIT	Full visual pass; outside predeclared audit sample
f46v	OBJ_HUMAN_LIKE	0	NOT_AUDITED	0	SINGLE_FULL_PASS_PREDECLARED_AUDIT	Full visual pass; outside predeclared audit sample
f46v	OBJ_CONTAINER_LIKE	0	NOT_AUDITED	0	SINGLE_FULL_PASS_PREDECLARED_AUDIT	Full visual pass; outside predeclared audit sample
f46v	OBJ_STAR_LIKE	0	NOT_AUDITED	0	SINGLE_FULL_PASS_PREDECLARED_AUDIT	Full visual pass; outside predeclared audit sample
f46v	OBJ_CIRCULAR_UNITS	0	NOT_AUDITED	0	SINGLE_FULL_PASS_PREDECLARED_AUDIT	Full visual pass; outside predeclared audit sample
f46v	GEO_RADIAL	ABSENT	NOT_AUDITED	ABSENT	SINGLE_FULL_PASS_PREDECLARED_AUDIT	Full visual pass; outside predeclared audit sample
f46v	GEO_CONCENTRIC	ABSENT	NOT_AUDITED	ABSENT	SINGLE_FULL_PASS_PREDECLARED_AUDIT	Full visual pass; outside predeclared audit sample
f46v	GEO_BRANCHING	PRESENT	NOT_AUDITED	PRESENT	SINGLE_FULL_PASS_PREDECLARED_AUDIT	Full visual pass; outside predeclared audit sample
f46v	FIG_RELATION	NOT_APPLICABLE	NOT_AUDITED	NOT_APPLICABLE	SINGLE_FULL_PASS_PREDECLARED_AUDIT	Full visual pass; outside predeclared audit sample
f46v	FIG_ENCLOSED	NOT_APPLICABLE	NOT_AUDITED	NOT_APPLICABLE	SINGLE_FULL_PASS_PREDECLARED_AUDIT	Full visual pass; outside predeclared audit sample
f46v	TXT_RADIAL	ABSENT	NOT_AUDITED	ABSENT	SINGLE_FULL_PASS_PREDECLARED_AUDIT	Full visual pass; outside predeclared audit sample
f46v	VIS_DENSITY	MEDIUM	NOT_AUDITED	MEDIUM	SINGLE_FULL_PASS_PREDECLARED_AUDIT	Full visual pass; outside predeclared audit sample
f46v	VIS_COMPLEXITY	MEDIUM	NOT_AUDITED	MEDIUM	SINGLE_FULL_PASS_PREDECLARED_AUDIT	Full visual pass; outside predeclared audit sample
f47r	COMP_ILLUSTRATION_REGIONS	1	NOT_AUDITED	1	SINGLE_FULL_PASS_PREDECLARED_AUDIT	Full visual pass; outside predeclared audit sample
f47r	COMP_CENTRAL_ILLUSTRATION	PRESENT	NOT_AUDITED	PRESENT	SINGLE_FULL_PASS_PREDECLARED_AUDIT	Full visual pass; outside predeclared audit sample
f47r	OBJ_PLANT_LIKE	1	NOT_AUDITED	1	SINGLE_FULL_PASS_PREDECLARED_AUDIT	Full visual pass; outside predeclared audit sample
f47r	OBJ_HUMAN_LIKE	0	NOT_AUDITED	0	SINGLE_FULL_PASS_PREDECLARED_AUDIT	Full visual pass; outside predeclared audit sample
f47r	OBJ_CONTAINER_LIKE	0	NOT_AUDITED	0	SINGLE_FULL_PASS_PREDECLARED_AUDIT	Full visual pass; outside predeclared audit sample
f47r	OBJ_STAR_LIKE	0	NOT_AUDITED	0	SINGLE_FULL_PASS_PREDECLARED_AUDIT	Full visual pass; outside predeclared audit sample
f47r	OBJ_CIRCULAR_UNITS	0	NOT_AUDITED	0	SINGLE_FULL_PASS_PREDECLARED_AUDIT	Full visual pass; outside predeclared audit sample
f47r	GEO_RADIAL	ABSENT	NOT_AUDITED	ABSENT	SINGLE_FULL_PASS_PREDECLARED_AUDIT	Full visual pass; outside predeclared audit sample
f47r	GEO_CONCENTRIC	ABSENT	NOT_AUDITED	ABSENT	SINGLE_FULL_PASS_PREDECLARED_AUDIT	Full visual pass; outside predeclared audit sample
f47r	GEO_BRANCHING	PRESENT	NOT_AUDITED	PRESENT	SINGLE_FULL_PASS_PREDECLARED_AUDIT	Full visual pass; outside predeclared audit sample
f47r	FIG_RELATION	NOT_APPLICABLE	NOT_AUDITED	NOT_APPLICABLE	SINGLE_FULL_PASS_PREDECLARED_AUDIT	Full visual pass; outside predeclared audit sample
f47r	FIG_ENCLOSED	NOT_APPLICABLE	NOT_AUDITED	NOT_APPLICABLE	SINGLE_FULL_PASS_PREDECLARED_AUDIT	Full visual pass; outside predeclared audit sample
f47r	TXT_RADIAL	ABSENT	NOT_AUDITED	ABSENT	SINGLE_FULL_PASS_PREDECLARED_AUDIT	Full visual pass; outside predeclared audit sample
f47r	VIS_DENSITY	MEDIUM	NOT_AUDITED	MEDIUM	SINGLE_FULL_PASS_PREDECLARED_AUDIT	Full visual pass; outside predeclared audit sample
f47r	VIS_COMPLEXITY	MEDIUM	NOT_AUDITED	MEDIUM	SINGLE_FULL_PASS_PREDECLARED_AUDIT	Full visual pass; outside predeclared audit sample
f47v	COMP_ILLUSTRATION_REGIONS	1	NOT_AUDITED	1	SINGLE_FULL_PASS_PREDECLARED_AUDIT	Full visual pass; outside predeclared audit sample
f47v	COMP_CENTRAL_ILLUSTRATION	PRESENT	NOT_AUDITED	PRESENT	SINGLE_FULL_PASS_PREDECLARED_AUDIT	Full visual pass; outside predeclared audit sample
f47v	OBJ_PLANT_LIKE	1	NOT_AUDITED	1	SINGLE_FULL_PASS_PREDECLARED_AUDIT	Full visual pass; outside predeclared audit sample
f47v	OBJ_HUMAN_LIKE	0	NOT_AUDITED	0	SINGLE_FULL_PASS_PREDECLARED_AUDIT	Full visual pass; outside predeclared audit sample
f47v	OBJ_CONTAINER_LIKE	0	NOT_AUDITED	0	SINGLE_FULL_PASS_PREDECLARED_AUDIT	Full visual pass; outside predeclared audit sample
f47v	OBJ_STAR_LIKE	0	NOT_AUDITED	0	SINGLE_FULL_PASS_PREDECLARED_AUDIT	Full visual pass; outside predeclared audit sample
f47v	OBJ_CIRCULAR_UNITS	0	NOT_AUDITED	0	SINGLE_FULL_PASS_PREDECLARED_AUDIT	Full visual pass; outside predeclared audit sample
f47v	GEO_RADIAL	ABSENT	NOT_AUDITED	ABSENT	SINGLE_FULL_PASS_PREDECLARED_AUDIT	Full visual pass; outside predeclared audit sample
f47v	GEO_CONCENTRIC	ABSENT	NOT_AUDITED	ABSENT	SINGLE_FULL_PASS_PREDECLARED_AUDIT	Full visual pass; outside predeclared audit sample
f47v	GEO_BRANCHING	PRESENT	NOT_AUDITED	PRESENT	SINGLE_FULL_PASS_PREDECLARED_AUDIT	Full visual pass; outside predeclared audit sample
f47v	FIG_RELATION	NOT_APPLICABLE	NOT_AUDITED	NOT_APPLICABLE	SINGLE_FULL_PASS_PREDECLARED_AUDIT	Full visual pass; outside predeclared audit sample
f47v	FIG_ENCLOSED	NOT_APPLICABLE	NOT_AUDITED	NOT_APPLICABLE	SINGLE_FULL_PASS_PREDECLARED_AUDIT	Full visual pass; outside predeclared audit sample
f47v	TXT_RADIAL	ABSENT	NOT_AUDITED	ABSENT	SINGLE_FULL_PASS_PREDECLARED_AUDIT	Full visual pass; outside predeclared audit sample
f47v	VIS_DENSITY	MEDIUM	NOT_AUDITED	MEDIUM	SINGLE_FULL_PASS_PREDECLARED_AUDIT	Full visual pass; outside predeclared audit sample
f47v	VIS_COMPLEXITY	MEDIUM	NOT_AUDITED	MEDIUM	SINGLE_FULL_PASS_PREDECLARED_AUDIT	Full visual pass; outside predeclared audit sample
f48r	COMP_ILLUSTRATION_REGIONS	1	1	1	INDEPENDENT_AUDIT_FINAL	Independent clean-room audit value
f48r	COMP_CENTRAL_ILLUSTRATION	PRESENT	PRESENT	PRESENT	INDEPENDENT_AUDIT_FINAL	Independent clean-room audit value
f48r	OBJ_PLANT_LIKE	1	1	1	INDEPENDENT_AUDIT_FINAL	Independent clean-room audit value
f48r	OBJ_HUMAN_LIKE	0	0	0	INDEPENDENT_AUDIT_FINAL	Independent clean-room audit value
f48r	OBJ_CONTAINER_LIKE	0	0	0	INDEPENDENT_AUDIT_FINAL	Independent clean-room audit value
f48r	OBJ_STAR_LIKE	0	1+	1+	INDEPENDENT_AUDIT_FINAL	Independent clean-room audit value
f48r	OBJ_CIRCULAR_UNITS	0	0	0	INDEPENDENT_AUDIT_FINAL	Independent clean-room audit value
f48r	GEO_RADIAL	ABSENT	ABSENT	ABSENT	INDEPENDENT_AUDIT_FINAL	Independent clean-room audit value
f48r	GEO_CONCENTRIC	ABSENT	ABSENT	ABSENT	INDEPENDENT_AUDIT_FINAL	Independent clean-room audit value
f48r	GEO_BRANCHING	PRESENT	PRESENT	PRESENT	INDEPENDENT_AUDIT_FINAL	Independent clean-room audit value
f48r	FIG_RELATION	NOT_APPLICABLE	NOT_APPLICABLE	NOT_APPLICABLE	INDEPENDENT_AUDIT_FINAL	Independent clean-room audit value
f48r	FIG_ENCLOSED	NOT_APPLICABLE	NOT_APPLICABLE	NOT_APPLICABLE	INDEPENDENT_AUDIT_FINAL	Independent clean-room audit value
f48r	TXT_RADIAL	ABSENT	ABSENT	ABSENT	INDEPENDENT_AUDIT_FINAL	Independent clean-room audit value
f48r	VIS_DENSITY	MEDIUM	MEDIUM	MEDIUM	INDEPENDENT_AUDIT_FINAL	Independent clean-room audit value
f48r	VIS_COMPLEXITY	MEDIUM	MEDIUM	MEDIUM	INDEPENDENT_AUDIT_FINAL	Independent clean-room audit value
f48v	COMP_ILLUSTRATION_REGIONS	1	MULTIPLE	MULTIPLE	INDEPENDENT_AUDIT_FINAL	Independent clean-room audit value
f48v	COMP_CENTRAL_ILLUSTRATION	PRESENT	PRESENT	PRESENT	INDEPENDENT_AUDIT_FINAL	Independent clean-room audit value
f48v	OBJ_PLANT_LIKE	1	4+	4+	INDEPENDENT_AUDIT_FINAL	Independent clean-room audit value
f48v	OBJ_HUMAN_LIKE	0	0	0	INDEPENDENT_AUDIT_FINAL	Independent clean-room audit value
f48v	OBJ_CONTAINER_LIKE	0	1	1	INDEPENDENT_AUDIT_FINAL	Independent clean-room audit value
f48v	OBJ_STAR_LIKE	0	1+	1+	INDEPENDENT_AUDIT_FINAL	Independent clean-room audit value
f48v	OBJ_CIRCULAR_UNITS	0	0	0	INDEPENDENT_AUDIT_FINAL	Independent clean-room audit value
f48v	GEO_RADIAL	ABSENT	ABSENT	ABSENT	INDEPENDENT_AUDIT_FINAL	Independent clean-room audit value
f48v	GEO_CONCENTRIC	ABSENT	ABSENT	ABSENT	INDEPENDENT_AUDIT_FINAL	Independent clean-room audit value
f48v	GEO_BRANCHING	PRESENT	PRESENT	PRESENT	INDEPENDENT_AUDIT_FINAL	Independent clean-room audit value
f48v	FIG_RELATION	NOT_APPLICABLE	NOT_APPLICABLE	NOT_APPLICABLE	INDEPENDENT_AUDIT_FINAL	Independent clean-room audit value
f48v	FIG_ENCLOSED	NOT_APPLICABLE	NOT_APPLICABLE	NOT_APPLICABLE	INDEPENDENT_AUDIT_FINAL	Independent clean-room audit value
f48v	TXT_RADIAL	ABSENT	ABSENT	ABSENT	INDEPENDENT_AUDIT_FINAL	Independent clean-room audit value
f48v	VIS_DENSITY	MEDIUM	HIGH	HIGH	INDEPENDENT_AUDIT_FINAL	Independent clean-room audit value
f48v	VIS_COMPLEXITY	MEDIUM	MEDIUM	MEDIUM	INDEPENDENT_AUDIT_FINAL	Independent clean-room audit value
f49r	COMP_ILLUSTRATION_REGIONS	1	1	1	INDEPENDENT_AUDIT_FINAL	Independent clean-room audit value
f49r	COMP_CENTRAL_ILLUSTRATION	PRESENT	PRESENT	PRESENT	INDEPENDENT_AUDIT_FINAL	Independent clean-room audit value
f49r	OBJ_PLANT_LIKE	1	1	1	INDEPENDENT_AUDIT_FINAL	Independent clean-room audit value
f49r	OBJ_HUMAN_LIKE	0	0	0	INDEPENDENT_AUDIT_FINAL	Independent clean-room audit value
f49r	OBJ_CONTAINER_LIKE	0	0	0	INDEPENDENT_AUDIT_FINAL	Independent clean-room audit value
f49r	OBJ_STAR_LIKE	0	1+	1+	INDEPENDENT_AUDIT_FINAL	Independent clean-room audit value
f49r	OBJ_CIRCULAR_UNITS	0	0	0	INDEPENDENT_AUDIT_FINAL	Independent clean-room audit value
f49r	GEO_RADIAL	ABSENT	ABSENT	ABSENT	INDEPENDENT_AUDIT_FINAL	Independent clean-room audit value
f49r	GEO_CONCENTRIC	ABSENT	ABSENT	ABSENT	INDEPENDENT_AUDIT_FINAL	Independent clean-room audit value
f49r	GEO_BRANCHING	PRESENT	PRESENT	PRESENT	INDEPENDENT_AUDIT_FINAL	Independent clean-room audit value
f49r	FIG_RELATION	NOT_APPLICABLE	NOT_APPLICABLE	NOT_APPLICABLE	INDEPENDENT_AUDIT_FINAL	Independent clean-room audit value
f49r	FIG_ENCLOSED	NOT_APPLICABLE	NOT_APPLICABLE	NOT_APPLICABLE	INDEPENDENT_AUDIT_FINAL	Independent clean-room audit value
f49r	TXT_RADIAL	ABSENT	ABSENT	ABSENT	INDEPENDENT_AUDIT_FINAL	Independent clean-room audit value
f49r	VIS_DENSITY	MEDIUM	MEDIUM	MEDIUM	INDEPENDENT_AUDIT_FINAL	Independent clean-room audit value
f49r	VIS_COMPLEXITY	MEDIUM	MEDIUM	MEDIUM	INDEPENDENT_AUDIT_FINAL	Independent clean-room audit value
f49v	COMP_ILLUSTRATION_REGIONS	1	NOT_AUDITED	1	SINGLE_FULL_PASS_PREDECLARED_AUDIT	Full visual pass; outside predeclared audit sample
f49v	COMP_CENTRAL_ILLUSTRATION	PRESENT	NOT_AUDITED	PRESENT	SINGLE_FULL_PASS_PREDECLARED_AUDIT	Full visual pass; outside predeclared audit sample
f49v	OBJ_PLANT_LIKE	1	NOT_AUDITED	1	SINGLE_FULL_PASS_PREDECLARED_AUDIT	Full visual pass; outside predeclared audit sample
f49v	OBJ_HUMAN_LIKE	0	NOT_AUDITED	0	SINGLE_FULL_PASS_PREDECLARED_AUDIT	Full visual pass; outside predeclared audit sample
f49v	OBJ_CONTAINER_LIKE	0	NOT_AUDITED	0	SINGLE_FULL_PASS_PREDECLARED_AUDIT	Full visual pass; outside predeclared audit sample
f49v	OBJ_STAR_LIKE	0	NOT_AUDITED	0	SINGLE_FULL_PASS_PREDECLARED_AUDIT	Full visual pass; outside predeclared audit sample
f49v	OBJ_CIRCULAR_UNITS	0	NOT_AUDITED	0	SINGLE_FULL_PASS_PREDECLARED_AUDIT	Full visual pass; outside predeclared audit sample
f49v	GEO_RADIAL	ABSENT	NOT_AUDITED	ABSENT	SINGLE_FULL_PASS_PREDECLARED_AUDIT	Full visual pass; outside predeclared audit sample
f49v	GEO_CONCENTRIC	ABSENT	NOT_AUDITED	ABSENT	SINGLE_FULL_PASS_PREDECLARED_AUDIT	Full visual pass; outside predeclared audit sample
f49v	GEO_BRANCHING	PRESENT	NOT_AUDITED	PRESENT	SINGLE_FULL_PASS_PREDECLARED_AUDIT	Full visual pass; outside predeclared audit sample
f49v	FIG_RELATION	NOT_APPLICABLE	NOT_AUDITED	NOT_APPLICABLE	SINGLE_FULL_PASS_PREDECLARED_AUDIT	Full visual pass; outside predeclared audit sample
f49v	FIG_ENCLOSED	NOT_APPLICABLE	NOT_AUDITED	NOT_APPLICABLE	SINGLE_FULL_PASS_PREDECLARED_AUDIT	Full visual pass; outside predeclared audit sample
f49v	TXT_RADIAL	ABSENT	NOT_AUDITED	ABSENT	SINGLE_FULL_PASS_PREDECLARED_AUDIT	Full visual pass; outside predeclared audit sample
f49v	VIS_DENSITY	MEDIUM	NOT_AUDITED	MEDIUM	SINGLE_FULL_PASS_PREDECLARED_AUDIT	Full visual pass; outside predeclared audit sample
f49v	VIS_COMPLEXITY	MEDIUM	NOT_AUDITED	MEDIUM	SINGLE_FULL_PASS_PREDECLARED_AUDIT	Full visual pass; outside predeclared audit sample
f50r	COMP_ILLUSTRATION_REGIONS	1	NOT_AUDITED	1	SINGLE_FULL_PASS_PREDECLARED_AUDIT	Full visual pass; outside predeclared audit sample
f50r	COMP_CENTRAL_ILLUSTRATION	PRESENT	NOT_AUDITED	PRESENT	SINGLE_FULL_PASS_PREDECLARED_AUDIT	Full visual pass; outside predeclared audit sample
f50r	OBJ_PLANT_LIKE	1	NOT_AUDITED	1	SINGLE_FULL_PASS_PREDECLARED_AUDIT	Full visual pass; outside predeclared audit sample
f50r	OBJ_HUMAN_LIKE	0	NOT_AUDITED	0	SINGLE_FULL_PASS_PREDECLARED_AUDIT	Full visual pass; outside predeclared audit sample
f50r	OBJ_CONTAINER_LIKE	0	NOT_AUDITED	0	SINGLE_FULL_PASS_PREDECLARED_AUDIT	Full visual pass; outside predeclared audit sample
f50r	OBJ_STAR_LIKE	0	NOT_AUDITED	0	SINGLE_FULL_PASS_PREDECLARED_AUDIT	Full visual pass; outside predeclared audit sample
f50r	OBJ_CIRCULAR_UNITS	0	NOT_AUDITED	0	SINGLE_FULL_PASS_PREDECLARED_AUDIT	Full visual pass; outside predeclared audit sample
f50r	GEO_RADIAL	ABSENT	NOT_AUDITED	ABSENT	SINGLE_FULL_PASS_PREDECLARED_AUDIT	Full visual pass; outside predeclared audit sample
f50r	GEO_CONCENTRIC	ABSENT	NOT_AUDITED	ABSENT	SINGLE_FULL_PASS_PREDECLARED_AUDIT	Full visual pass; outside predeclared audit sample
f50r	GEO_BRANCHING	PRESENT	NOT_AUDITED	PRESENT	SINGLE_FULL_PASS_PREDECLARED_AUDIT	Full visual pass; outside predeclared audit sample
f50r	FIG_RELATION	NOT_APPLICABLE	NOT_AUDITED	NOT_APPLICABLE	SINGLE_FULL_PASS_PREDECLARED_AUDIT	Full visual pass; outside predeclared audit sample
f50r	FIG_ENCLOSED	NOT_APPLICABLE	NOT_AUDITED	NOT_APPLICABLE	SINGLE_FULL_PASS_PREDECLARED_AUDIT	Full visual pass; outside predeclared audit sample
f50r	TXT_RADIAL	ABSENT	NOT_AUDITED	ABSENT	SINGLE_FULL_PASS_PREDECLARED_AUDIT	Full visual pass; outside predeclared audit sample
f50r	VIS_DENSITY	MEDIUM	NOT_AUDITED	MEDIUM	SINGLE_FULL_PASS_PREDECLARED_AUDIT	Full visual pass; outside predeclared audit sample
f50r	VIS_COMPLEXITY	MEDIUM	NOT_AUDITED	MEDIUM	SINGLE_FULL_PASS_PREDECLARED_AUDIT	Full visual pass; outside predeclared audit sample
f50v	COMP_ILLUSTRATION_REGIONS	1	NOT_AUDITED	1	SINGLE_FULL_PASS_PREDECLARED_AUDIT	Full visual pass; outside predeclared audit sample
f50v	COMP_CENTRAL_ILLUSTRATION	PRESENT	NOT_AUDITED	PRESENT	SINGLE_FULL_PASS_PREDECLARED_AUDIT	Full visual pass; outside predeclared audit sample
f50v	OBJ_PLANT_LIKE	1	NOT_AUDITED	1	SINGLE_FULL_PASS_PREDECLARED_AUDIT	Full visual pass; outside predeclared audit sample
f50v	OBJ_HUMAN_LIKE	0	NOT_AUDITED	0	SINGLE_FULL_PASS_PREDECLARED_AUDIT	Full visual pass; outside predeclared audit sample
f50v	OBJ_CONTAINER_LIKE	0	NOT_AUDITED	0	SINGLE_FULL_PASS_PREDECLARED_AUDIT	Full visual pass; outside predeclared audit sample
f50v	OBJ_STAR_LIKE	0	NOT_AUDITED	0	SINGLE_FULL_PASS_PREDECLARED_AUDIT	Full visual pass; outside predeclared audit sample
f50v	OBJ_CIRCULAR_UNITS	0	NOT_AUDITED	0	SINGLE_FULL_PASS_PREDECLARED_AUDIT	Full visual pass; outside predeclared audit sample
f50v	GEO_RADIAL	ABSENT	NOT_AUDITED	ABSENT	SINGLE_FULL_PASS_PREDECLARED_AUDIT	Full visual pass; outside predeclared audit sample
f50v	GEO_CONCENTRIC	ABSENT	NOT_AUDITED	ABSENT	SINGLE_FULL_PASS_PREDECLARED_AUDIT	Full visual pass; outside predeclared audit sample
f50v	GEO_BRANCHING	PRESENT	NOT_AUDITED	PRESENT	SINGLE_FULL_PASS_PREDECLARED_AUDIT	Full visual pass; outside predeclared audit sample
f50v	FIG_RELATION	NOT_APPLICABLE	NOT_AUDITED	NOT_APPLICABLE	SINGLE_FULL_PASS_PREDECLARED_AUDIT	Full visual pass; outside predeclared audit sample
f50v	FIG_ENCLOSED	NOT_APPLICABLE	NOT_AUDITED	NOT_APPLICABLE	SINGLE_FULL_PASS_PREDECLARED_AUDIT	Full visual pass; outside predeclared audit sample
f50v	TXT_RADIAL	ABSENT	NOT_AUDITED	ABSENT	SINGLE_FULL_PASS_PREDECLARED_AUDIT	Full visual pass; outside predeclared audit sample
f50v	VIS_DENSITY	MEDIUM	NOT_AUDITED	MEDIUM	SINGLE_FULL_PASS_PREDECLARED_AUDIT	Full visual pass; outside predeclared audit sample
f50v	VIS_COMPLEXITY	MEDIUM	NOT_AUDITED	MEDIUM	SINGLE_FULL_PASS_PREDECLARED_AUDIT	Full visual pass; outside predeclared audit sample
f51r	COMP_ILLUSTRATION_REGIONS	1	NOT_AUDITED	1	SINGLE_FULL_PASS_PREDECLARED_AUDIT	Full visual pass; outside predeclared audit sample
f51r	COMP_CENTRAL_ILLUSTRATION	PRESENT	NOT_AUDITED	PRESENT	SINGLE_FULL_PASS_PREDECLARED_AUDIT	Full visual pass; outside predeclared audit sample
f51r	OBJ_PLANT_LIKE	1	NOT_AUDITED	1	SINGLE_FULL_PASS_PREDECLARED_AUDIT	Full visual pass; outside predeclared audit sample
f51r	OBJ_HUMAN_LIKE	0	NOT_AUDITED	0	SINGLE_FULL_PASS_PREDECLARED_AUDIT	Full visual pass; outside predeclared audit sample
f51r	OBJ_CONTAINER_LIKE	0	NOT_AUDITED	0	SINGLE_FULL_PASS_PREDECLARED_AUDIT	Full visual pass; outside predeclared audit sample
f51r	OBJ_STAR_LIKE	0	NOT_AUDITED	0	SINGLE_FULL_PASS_PREDECLARED_AUDIT	Full visual pass; outside predeclared audit sample
f51r	OBJ_CIRCULAR_UNITS	0	NOT_AUDITED	0	SINGLE_FULL_PASS_PREDECLARED_AUDIT	Full visual pass; outside predeclared audit sample
f51r	GEO_RADIAL	ABSENT	NOT_AUDITED	ABSENT	SINGLE_FULL_PASS_PREDECLARED_AUDIT	Full visual pass; outside predeclared audit sample
f51r	GEO_CONCENTRIC	ABSENT	NOT_AUDITED	ABSENT	SINGLE_FULL_PASS_PREDECLARED_AUDIT	Full visual pass; outside predeclared audit sample
f51r	GEO_BRANCHING	PRESENT	NOT_AUDITED	PRESENT	SINGLE_FULL_PASS_PREDECLARED_AUDIT	Full visual pass; outside predeclared audit sample
f51r	FIG_RELATION	NOT_APPLICABLE	NOT_AUDITED	NOT_APPLICABLE	SINGLE_FULL_PASS_PREDECLARED_AUDIT	Full visual pass; outside predeclared audit sample
f51r	FIG_ENCLOSED	NOT_APPLICABLE	NOT_AUDITED	NOT_APPLICABLE	SINGLE_FULL_PASS_PREDECLARED_AUDIT	Full visual pass; outside predeclared audit sample
f51r	TXT_RADIAL	ABSENT	NOT_AUDITED	ABSENT	SINGLE_FULL_PASS_PREDECLARED_AUDIT	Full visual pass; outside predeclared audit sample
f51r	VIS_DENSITY	MEDIUM	NOT_AUDITED	MEDIUM	SINGLE_FULL_PASS_PREDECLARED_AUDIT	Full visual pass; outside predeclared audit sample
f51r	VIS_COMPLEXITY	MEDIUM	NOT_AUDITED	MEDIUM	SINGLE_FULL_PASS_PREDECLARED_AUDIT	Full visual pass; outside predeclared audit sample
f51v	COMP_ILLUSTRATION_REGIONS	1	NOT_AUDITED	1	SINGLE_FULL_PASS_PREDECLARED_AUDIT	Full visual pass; outside predeclared audit sample
f51v	COMP_CENTRAL_ILLUSTRATION	PRESENT	NOT_AUDITED	PRESENT	SINGLE_FULL_PASS_PREDECLARED_AUDIT	Full visual pass; outside predeclared audit sample
f51v	OBJ_PLANT_LIKE	1	NOT_AUDITED	1	SINGLE_FULL_PASS_PREDECLARED_AUDIT	Full visual pass; outside predeclared audit sample
f51v	OBJ_HUMAN_LIKE	0	NOT_AUDITED	0	SINGLE_FULL_PASS_PREDECLARED_AUDIT	Full visual pass; outside predeclared audit sample
f51v	OBJ_CONTAINER_LIKE	0	NOT_AUDITED	0	SINGLE_FULL_PASS_PREDECLARED_AUDIT	Full visual pass; outside predeclared audit sample
f51v	OBJ_STAR_LIKE	0	NOT_AUDITED	0	SINGLE_FULL_PASS_PREDECLARED_AUDIT	Full visual pass; outside predeclared audit sample
f51v	OBJ_CIRCULAR_UNITS	0	NOT_AUDITED	0	SINGLE_FULL_PASS_PREDECLARED_AUDIT	Full visual pass; outside predeclared audit sample
f51v	GEO_RADIAL	ABSENT	NOT_AUDITED	ABSENT	SINGLE_FULL_PASS_PREDECLARED_AUDIT	Full visual pass; outside predeclared audit sample
f51v	GEO_CONCENTRIC	ABSENT	NOT_AUDITED	ABSENT	SINGLE_FULL_PASS_PREDECLARED_AUDIT	Full visual pass; outside predeclared audit sample
f51v	GEO_BRANCHING	PRESENT	NOT_AUDITED	PRESENT	SINGLE_FULL_PASS_PREDECLARED_AUDIT	Full visual pass; outside predeclared audit sample
f51v	FIG_RELATION	NOT_APPLICABLE	NOT_AUDITED	NOT_APPLICABLE	SINGLE_FULL_PASS_PREDECLARED_AUDIT	Full visual pass; outside predeclared audit sample
f51v	FIG_ENCLOSED	NOT_APPLICABLE	NOT_AUDITED	NOT_APPLICABLE	SINGLE_FULL_PASS_PREDECLARED_AUDIT	Full visual pass; outside predeclared audit sample
f51v	TXT_RADIAL	ABSENT	NOT_AUDITED	ABSENT	SINGLE_FULL_PASS_PREDECLARED_AUDIT	Full visual pass; outside predeclared audit sample
f51v	VIS_DENSITY	MEDIUM	NOT_AUDITED	MEDIUM	SINGLE_FULL_PASS_PREDECLARED_AUDIT	Full visual pass; outside predeclared audit sample
f51v	VIS_COMPLEXITY	MEDIUM	NOT_AUDITED	MEDIUM	SINGLE_FULL_PASS_PREDECLARED_AUDIT	Full visual pass; outside predeclared audit sample
f52r	COMP_ILLUSTRATION_REGIONS	1	NOT_AUDITED	1	SINGLE_FULL_PASS_PREDECLARED_AUDIT	Full visual pass; outside predeclared audit sample
f52r	COMP_CENTRAL_ILLUSTRATION	PRESENT	NOT_AUDITED	PRESENT	SINGLE_FULL_PASS_PREDECLARED_AUDIT	Full visual pass; outside predeclared audit sample
f52r	OBJ_PLANT_LIKE	1	NOT_AUDITED	1	SINGLE_FULL_PASS_PREDECLARED_AUDIT	Full visual pass; outside predeclared audit sample
f52r	OBJ_HUMAN_LIKE	0	NOT_AUDITED	0	SINGLE_FULL_PASS_PREDECLARED_AUDIT	Full visual pass; outside predeclared audit sample
f52r	OBJ_CONTAINER_LIKE	0	NOT_AUDITED	0	SINGLE_FULL_PASS_PREDECLARED_AUDIT	Full visual pass; outside predeclared audit sample
f52r	OBJ_STAR_LIKE	0	NOT_AUDITED	0	SINGLE_FULL_PASS_PREDECLARED_AUDIT	Full visual pass; outside predeclared audit sample
f52r	OBJ_CIRCULAR_UNITS	0	NOT_AUDITED	0	SINGLE_FULL_PASS_PREDECLARED_AUDIT	Full visual pass; outside predeclared audit sample
f52r	GEO_RADIAL	ABSENT	NOT_AUDITED	ABSENT	SINGLE_FULL_PASS_PREDECLARED_AUDIT	Full visual pass; outside predeclared audit sample
f52r	GEO_CONCENTRIC	ABSENT	NOT_AUDITED	ABSENT	SINGLE_FULL_PASS_PREDECLARED_AUDIT	Full visual pass; outside predeclared audit sample
f52r	GEO_BRANCHING	PRESENT	NOT_AUDITED	PRESENT	SINGLE_FULL_PASS_PREDECLARED_AUDIT	Full visual pass; outside predeclared audit sample
f52r	FIG_RELATION	NOT_APPLICABLE	NOT_AUDITED	NOT_APPLICABLE	SINGLE_FULL_PASS_PREDECLARED_AUDIT	Full visual pass; outside predeclared audit sample
f52r	FIG_ENCLOSED	NOT_APPLICABLE	NOT_AUDITED	NOT_APPLICABLE	SINGLE_FULL_PASS_PREDECLARED_AUDIT	Full visual pass; outside predeclared audit sample
f52r	TXT_RADIAL	ABSENT	NOT_AUDITED	ABSENT	SINGLE_FULL_PASS_PREDECLARED_AUDIT	Full visual pass; outside predeclared audit sample
f52r	VIS_DENSITY	MEDIUM	NOT_AUDITED	MEDIUM	SINGLE_FULL_PASS_PREDECLARED_AUDIT	Full visual pass; outside predeclared audit sample
f52r	VIS_COMPLEXITY	MEDIUM	NOT_AUDITED	MEDIUM	SINGLE_FULL_PASS_PREDECLARED_AUDIT	Full visual pass; outside predeclared audit sample
f52v	COMP_ILLUSTRATION_REGIONS	1	NOT_AUDITED	1	SINGLE_FULL_PASS_PREDECLARED_AUDIT	Full visual pass; outside predeclared audit sample
f52v	COMP_CENTRAL_ILLUSTRATION	PRESENT	NOT_AUDITED	PRESENT	SINGLE_FULL_PASS_PREDECLARED_AUDIT	Full visual pass; outside predeclared audit sample
f52v	OBJ_PLANT_LIKE	1	NOT_AUDITED	1	SINGLE_FULL_PASS_PREDECLARED_AUDIT	Full visual pass; outside predeclared audit sample
f52v	OBJ_HUMAN_LIKE	0	NOT_AUDITED	0	SINGLE_FULL_PASS_PREDECLARED_AUDIT	Full visual pass; outside predeclared audit sample
f52v	OBJ_CONTAINER_LIKE	0	NOT_AUDITED	0	SINGLE_FULL_PASS_PREDECLARED_AUDIT	Full visual pass; outside predeclared audit sample
f52v	OBJ_STAR_LIKE	0	NOT_AUDITED	0	SINGLE_FULL_PASS_PREDECLARED_AUDIT	Full visual pass; outside predeclared audit sample
f52v	OBJ_CIRCULAR_UNITS	0	NOT_AUDITED	0	SINGLE_FULL_PASS_PREDECLARED_AUDIT	Full visual pass; outside predeclared audit sample
f52v	GEO_RADIAL	ABSENT	NOT_AUDITED	ABSENT	SINGLE_FULL_PASS_PREDECLARED_AUDIT	Full visual pass; outside predeclared audit sample
f52v	GEO_CONCENTRIC	ABSENT	NOT_AUDITED	ABSENT	SINGLE_FULL_PASS_PREDECLARED_AUDIT	Full visual pass; outside predeclared audit sample
f52v	GEO_BRANCHING	PRESENT	NOT_AUDITED	PRESENT	SINGLE_FULL_PASS_PREDECLARED_AUDIT	Full visual pass; outside predeclared audit sample
f52v	FIG_RELATION	NOT_APPLICABLE	NOT_AUDITED	NOT_APPLICABLE	SINGLE_FULL_PASS_PREDECLARED_AUDIT	Full visual pass; outside predeclared audit sample
f52v	FIG_ENCLOSED	NOT_APPLICABLE	NOT_AUDITED	NOT_APPLICABLE	SINGLE_FULL_PASS_PREDECLARED_AUDIT	Full visual pass; outside predeclared audit sample
f52v	TXT_RADIAL	ABSENT	NOT_AUDITED	ABSENT	SINGLE_FULL_PASS_PREDECLARED_AUDIT	Full visual pass; outside predeclared audit sample
f52v	VIS_DENSITY	MEDIUM	NOT_AUDITED	MEDIUM	SINGLE_FULL_PASS_PREDECLARED_AUDIT	Full visual pass; outside predeclared audit sample
f52v	VIS_COMPLEXITY	MEDIUM	NOT_AUDITED	MEDIUM	SINGLE_FULL_PASS_PREDECLARED_AUDIT	Full visual pass; outside predeclared audit sample
f53r	COMP_ILLUSTRATION_REGIONS	1	NOT_AUDITED	1	SINGLE_FULL_PASS_PREDECLARED_AUDIT	Full visual pass; outside predeclared audit sample
f53r	COMP_CENTRAL_ILLUSTRATION	PRESENT	NOT_AUDITED	PRESENT	SINGLE_FULL_PASS_PREDECLARED_AUDIT	Full visual pass; outside predeclared audit sample
f53r	OBJ_PLANT_LIKE	1	NOT_AUDITED	1	SINGLE_FULL_PASS_PREDECLARED_AUDIT	Full visual pass; outside predeclared audit sample
f53r	OBJ_HUMAN_LIKE	0	NOT_AUDITED	0	SINGLE_FULL_PASS_PREDECLARED_AUDIT	Full visual pass; outside predeclared audit sample
f53r	OBJ_CONTAINER_LIKE	0	NOT_AUDITED	0	SINGLE_FULL_PASS_PREDECLARED_AUDIT	Full visual pass; outside predeclared audit sample
f53r	OBJ_STAR_LIKE	0	NOT_AUDITED	0	SINGLE_FULL_PASS_PREDECLARED_AUDIT	Full visual pass; outside predeclared audit sample
f53r	OBJ_CIRCULAR_UNITS	0	NOT_AUDITED	0	SINGLE_FULL_PASS_PREDECLARED_AUDIT	Full visual pass; outside predeclared audit sample
f53r	GEO_RADIAL	ABSENT	NOT_AUDITED	ABSENT	SINGLE_FULL_PASS_PREDECLARED_AUDIT	Full visual pass; outside predeclared audit sample
f53r	GEO_CONCENTRIC	ABSENT	NOT_AUDITED	ABSENT	SINGLE_FULL_PASS_PREDECLARED_AUDIT	Full visual pass; outside predeclared audit sample
f53r	GEO_BRANCHING	PRESENT	NOT_AUDITED	PRESENT	SINGLE_FULL_PASS_PREDECLARED_AUDIT	Full visual pass; outside predeclared audit sample
f53r	FIG_RELATION	NOT_APPLICABLE	NOT_AUDITED	NOT_APPLICABLE	SINGLE_FULL_PASS_PREDECLARED_AUDIT	Full visual pass; outside predeclared audit sample
f53r	FIG_ENCLOSED	NOT_APPLICABLE	NOT_AUDITED	NOT_APPLICABLE	SINGLE_FULL_PASS_PREDECLARED_AUDIT	Full visual pass; outside predeclared audit sample
f53r	TXT_RADIAL	ABSENT	NOT_AUDITED	ABSENT	SINGLE_FULL_PASS_PREDECLARED_AUDIT	Full visual pass; outside predeclared audit sample
f53r	VIS_DENSITY	MEDIUM	NOT_AUDITED	MEDIUM	SINGLE_FULL_PASS_PREDECLARED_AUDIT	Full visual pass; outside predeclared audit sample
f53r	VIS_COMPLEXITY	MEDIUM	NOT_AUDITED	MEDIUM	SINGLE_FULL_PASS_PREDECLARED_AUDIT	Full visual pass; outside predeclared audit sample
f53v	COMP_ILLUSTRATION_REGIONS	1	NOT_AUDITED	1	SINGLE_FULL_PASS_PREDECLARED_AUDIT	Full visual pass; outside predeclared audit sample
f53v	COMP_CENTRAL_ILLUSTRATION	PRESENT	NOT_AUDITED	PRESENT	SINGLE_FULL_PASS_PREDECLARED_AUDIT	Full visual pass; outside predeclared audit sample
f53v	OBJ_PLANT_LIKE	1	NOT_AUDITED	1	SINGLE_FULL_PASS_PREDECLARED_AUDIT	Full visual pass; outside predeclared audit sample
f53v	OBJ_HUMAN_LIKE	0	NOT_AUDITED	0	SINGLE_FULL_PASS_PREDECLARED_AUDIT	Full visual pass; outside predeclared audit sample
f53v	OBJ_CONTAINER_LIKE	0	NOT_AUDITED	0	SINGLE_FULL_PASS_PREDECLARED_AUDIT	Full visual pass; outside predeclared audit sample
f53v	OBJ_STAR_LIKE	0	NOT_AUDITED	0	SINGLE_FULL_PASS_PREDECLARED_AUDIT	Full visual pass; outside predeclared audit sample
f53v	OBJ_CIRCULAR_UNITS	0	NOT_AUDITED	0	SINGLE_FULL_PASS_PREDECLARED_AUDIT	Full visual pass; outside predeclared audit sample
f53v	GEO_RADIAL	ABSENT	NOT_AUDITED	ABSENT	SINGLE_FULL_PASS_PREDECLARED_AUDIT	Full visual pass; outside predeclared audit sample
f53v	GEO_CONCENTRIC	ABSENT	NOT_AUDITED	ABSENT	SINGLE_FULL_PASS_PREDECLARED_AUDIT	Full visual pass; outside predeclared audit sample
f53v	GEO_BRANCHING	PRESENT	NOT_AUDITED	PRESENT	SINGLE_FULL_PASS_PREDECLARED_AUDIT	Full visual pass; outside predeclared audit sample
f53v	FIG_RELATION	NOT_APPLICABLE	NOT_AUDITED	NOT_APPLICABLE	SINGLE_FULL_PASS_PREDECLARED_AUDIT	Full visual pass; outside predeclared audit sample
f53v	FIG_ENCLOSED	NOT_APPLICABLE	NOT_AUDITED	NOT_APPLICABLE	SINGLE_FULL_PASS_PREDECLARED_AUDIT	Full visual pass; outside predeclared audit sample
f53v	TXT_RADIAL	ABSENT	NOT_AUDITED	ABSENT	SINGLE_FULL_PASS_PREDECLARED_AUDIT	Full visual pass; outside predeclared audit sample
f53v	VIS_DENSITY	MEDIUM	NOT_AUDITED	MEDIUM	SINGLE_FULL_PASS_PREDECLARED_AUDIT	Full visual pass; outside predeclared audit sample
f53v	VIS_COMPLEXITY	MEDIUM	NOT_AUDITED	MEDIUM	SINGLE_FULL_PASS_PREDECLARED_AUDIT	Full visual pass; outside predeclared audit sample
f54r	COMP_ILLUSTRATION_REGIONS	1	NOT_AUDITED	1	SINGLE_FULL_PASS_PREDECLARED_AUDIT	Full visual pass; outside predeclared audit sample
f54r	COMP_CENTRAL_ILLUSTRATION	PRESENT	NOT_AUDITED	PRESENT	SINGLE_FULL_PASS_PREDECLARED_AUDIT	Full visual pass; outside predeclared audit sample
f54r	OBJ_PLANT_LIKE	1	NOT_AUDITED	1	SINGLE_FULL_PASS_PREDECLARED_AUDIT	Full visual pass; outside predeclared audit sample
f54r	OBJ_HUMAN_LIKE	0	NOT_AUDITED	0	SINGLE_FULL_PASS_PREDECLARED_AUDIT	Full visual pass; outside predeclared audit sample
f54r	OBJ_CONTAINER_LIKE	0	NOT_AUDITED	0	SINGLE_FULL_PASS_PREDECLARED_AUDIT	Full visual pass; outside predeclared audit sample
f54r	OBJ_STAR_LIKE	0	NOT_AUDITED	0	SINGLE_FULL_PASS_PREDECLARED_AUDIT	Full visual pass; outside predeclared audit sample
f54r	OBJ_CIRCULAR_UNITS	0	NOT_AUDITED	0	SINGLE_FULL_PASS_PREDECLARED_AUDIT	Full visual pass; outside predeclared audit sample
f54r	GEO_RADIAL	ABSENT	NOT_AUDITED	ABSENT	SINGLE_FULL_PASS_PREDECLARED_AUDIT	Full visual pass; outside predeclared audit sample
f54r	GEO_CONCENTRIC	ABSENT	NOT_AUDITED	ABSENT	SINGLE_FULL_PASS_PREDECLARED_AUDIT	Full visual pass; outside predeclared audit sample
f54r	GEO_BRANCHING	PRESENT	NOT_AUDITED	PRESENT	SINGLE_FULL_PASS_PREDECLARED_AUDIT	Full visual pass; outside predeclared audit sample
f54r	FIG_RELATION	NOT_APPLICABLE	NOT_AUDITED	NOT_APPLICABLE	SINGLE_FULL_PASS_PREDECLARED_AUDIT	Full visual pass; outside predeclared audit sample
f54r	FIG_ENCLOSED	NOT_APPLICABLE	NOT_AUDITED	NOT_APPLICABLE	SINGLE_FULL_PASS_PREDECLARED_AUDIT	Full visual pass; outside predeclared audit sample
f54r	TXT_RADIAL	ABSENT	NOT_AUDITED	ABSENT	SINGLE_FULL_PASS_PREDECLARED_AUDIT	Full visual pass; outside predeclared audit sample
f54r	VIS_DENSITY	MEDIUM	NOT_AUDITED	MEDIUM	SINGLE_FULL_PASS_PREDECLARED_AUDIT	Full visual pass; outside predeclared audit sample
f54r	VIS_COMPLEXITY	MEDIUM	NOT_AUDITED	MEDIUM	SINGLE_FULL_PASS_PREDECLARED_AUDIT	Full visual pass; outside predeclared audit sample
f54v	COMP_ILLUSTRATION_REGIONS	1	NOT_AUDITED	1	SINGLE_FULL_PASS_PREDECLARED_AUDIT	Full visual pass; outside predeclared audit sample
f54v	COMP_CENTRAL_ILLUSTRATION	PRESENT	NOT_AUDITED	PRESENT	SINGLE_FULL_PASS_PREDECLARED_AUDIT	Full visual pass; outside predeclared audit sample
f54v	OBJ_PLANT_LIKE	1	NOT_AUDITED	1	SINGLE_FULL_PASS_PREDECLARED_AUDIT	Full visual pass; outside predeclared audit sample
f54v	OBJ_HUMAN_LIKE	0	NOT_AUDITED	0	SINGLE_FULL_PASS_PREDECLARED_AUDIT	Full visual pass; outside predeclared audit sample
f54v	OBJ_CONTAINER_LIKE	0	NOT_AUDITED	0	SINGLE_FULL_PASS_PREDECLARED_AUDIT	Full visual pass; outside predeclared audit sample
f54v	OBJ_STAR_LIKE	0	NOT_AUDITED	0	SINGLE_FULL_PASS_PREDECLARED_AUDIT	Full visual pass; outside predeclared audit sample
f54v	OBJ_CIRCULAR_UNITS	0	NOT_AUDITED	0	SINGLE_FULL_PASS_PREDECLARED_AUDIT	Full visual pass; outside predeclared audit sample
f54v	GEO_RADIAL	ABSENT	NOT_AUDITED	ABSENT	SINGLE_FULL_PASS_PREDECLARED_AUDIT	Full visual pass; outside predeclared audit sample
f54v	GEO_CONCENTRIC	ABSENT	NOT_AUDITED	ABSENT	SINGLE_FULL_PASS_PREDECLARED_AUDIT	Full visual pass; outside predeclared audit sample
f54v	GEO_BRANCHING	PRESENT	NOT_AUDITED	PRESENT	SINGLE_FULL_PASS_PREDECLARED_AUDIT	Full visual pass; outside predeclared audit sample
f54v	FIG_RELATION	NOT_APPLICABLE	NOT_AUDITED	NOT_APPLICABLE	SINGLE_FULL_PASS_PREDECLARED_AUDIT	Full visual pass; outside predeclared audit sample
f54v	FIG_ENCLOSED	NOT_APPLICABLE	NOT_AUDITED	NOT_APPLICABLE	SINGLE_FULL_PASS_PREDECLARED_AUDIT	Full visual pass; outside predeclared audit sample
f54v	TXT_RADIAL	ABSENT	NOT_AUDITED	ABSENT	SINGLE_FULL_PASS_PREDECLARED_AUDIT	Full visual pass; outside predeclared audit sample
f54v	VIS_DENSITY	MEDIUM	NOT_AUDITED	MEDIUM	SINGLE_FULL_PASS_PREDECLARED_AUDIT	Full visual pass; outside predeclared audit sample
f54v	VIS_COMPLEXITY	MEDIUM	NOT_AUDITED	MEDIUM	SINGLE_FULL_PASS_PREDECLARED_AUDIT	Full visual pass; outside predeclared audit sample
f55r	COMP_ILLUSTRATION_REGIONS	1	1	1	INDEPENDENT_AUDIT_FINAL	Independent clean-room audit value
f55r	COMP_CENTRAL_ILLUSTRATION	PRESENT	PRESENT	PRESENT	INDEPENDENT_AUDIT_FINAL	Independent clean-room audit value
f55r	OBJ_PLANT_LIKE	1	1	1	INDEPENDENT_AUDIT_FINAL	Independent clean-room audit value
f55r	OBJ_HUMAN_LIKE	0	0	0	INDEPENDENT_AUDIT_FINAL	Independent clean-room audit value
f55r	OBJ_CONTAINER_LIKE	0	0	0	INDEPENDENT_AUDIT_FINAL	Independent clean-room audit value
f55r	OBJ_STAR_LIKE	0	1+	1+	INDEPENDENT_AUDIT_FINAL	Independent clean-room audit value
f55r	OBJ_CIRCULAR_UNITS	0	0	0	INDEPENDENT_AUDIT_FINAL	Independent clean-room audit value
f55r	GEO_RADIAL	ABSENT	ABSENT	ABSENT	INDEPENDENT_AUDIT_FINAL	Independent clean-room audit value
f55r	GEO_CONCENTRIC	ABSENT	ABSENT	ABSENT	INDEPENDENT_AUDIT_FINAL	Independent clean-room audit value
f55r	GEO_BRANCHING	PRESENT	PRESENT	PRESENT	INDEPENDENT_AUDIT_FINAL	Independent clean-room audit value
f55r	FIG_RELATION	NOT_APPLICABLE	NOT_APPLICABLE	NOT_APPLICABLE	INDEPENDENT_AUDIT_FINAL	Independent clean-room audit value
f55r	FIG_ENCLOSED	NOT_APPLICABLE	NOT_APPLICABLE	NOT_APPLICABLE	INDEPENDENT_AUDIT_FINAL	Independent clean-room audit value
f55r	TXT_RADIAL	ABSENT	ABSENT	ABSENT	INDEPENDENT_AUDIT_FINAL	Independent clean-room audit value
f55r	VIS_DENSITY	MEDIUM	MEDIUM	MEDIUM	INDEPENDENT_AUDIT_FINAL	Independent clean-room audit value
f55r	VIS_COMPLEXITY	MEDIUM	MEDIUM	MEDIUM	INDEPENDENT_AUDIT_FINAL	Independent clean-room audit value
f55v	COMP_ILLUSTRATION_REGIONS	1	1	1	INDEPENDENT_AUDIT_FINAL	Independent clean-room audit value
f55v	COMP_CENTRAL_ILLUSTRATION	PRESENT	PRESENT	PRESENT	INDEPENDENT_AUDIT_FINAL	Independent clean-room audit value
f55v	OBJ_PLANT_LIKE	1	1	1	INDEPENDENT_AUDIT_FINAL	Independent clean-room audit value
f55v	OBJ_HUMAN_LIKE	0	0	0	INDEPENDENT_AUDIT_FINAL	Independent clean-room audit value
f55v	OBJ_CONTAINER_LIKE	0	0	0	INDEPENDENT_AUDIT_FINAL	Independent clean-room audit value
f55v	OBJ_STAR_LIKE	0	1+	1+	INDEPENDENT_AUDIT_FINAL	Independent clean-room audit value
f55v	OBJ_CIRCULAR_UNITS	0	0	0	INDEPENDENT_AUDIT_FINAL	Independent clean-room audit value
f55v	GEO_RADIAL	ABSENT	ABSENT	ABSENT	INDEPENDENT_AUDIT_FINAL	Independent clean-room audit value
f55v	GEO_CONCENTRIC	ABSENT	ABSENT	ABSENT	INDEPENDENT_AUDIT_FINAL	Independent clean-room audit value
f55v	GEO_BRANCHING	PRESENT	PRESENT	PRESENT	INDEPENDENT_AUDIT_FINAL	Independent clean-room audit value
f55v	FIG_RELATION	NOT_APPLICABLE	NOT_APPLICABLE	NOT_APPLICABLE	INDEPENDENT_AUDIT_FINAL	Independent clean-room audit value
f55v	FIG_ENCLOSED	NOT_APPLICABLE	NOT_APPLICABLE	NOT_APPLICABLE	INDEPENDENT_AUDIT_FINAL	Independent clean-room audit value
f55v	TXT_RADIAL	ABSENT	ABSENT	ABSENT	INDEPENDENT_AUDIT_FINAL	Independent clean-room audit value
f55v	VIS_DENSITY	MEDIUM	MEDIUM	MEDIUM	INDEPENDENT_AUDIT_FINAL	Independent clean-room audit value
f55v	VIS_COMPLEXITY	MEDIUM	MEDIUM	MEDIUM	INDEPENDENT_AUDIT_FINAL	Independent clean-room audit value
f56r	COMP_ILLUSTRATION_REGIONS	1	NOT_AUDITED	1	SINGLE_FULL_PASS_PREDECLARED_AUDIT	Full visual pass; outside predeclared audit sample
f56r	COMP_CENTRAL_ILLUSTRATION	PRESENT	NOT_AUDITED	PRESENT	SINGLE_FULL_PASS_PREDECLARED_AUDIT	Full visual pass; outside predeclared audit sample
f56r	OBJ_PLANT_LIKE	1	NOT_AUDITED	1	SINGLE_FULL_PASS_PREDECLARED_AUDIT	Full visual pass; outside predeclared audit sample
f56r	OBJ_HUMAN_LIKE	0	NOT_AUDITED	0	SINGLE_FULL_PASS_PREDECLARED_AUDIT	Full visual pass; outside predeclared audit sample
f56r	OBJ_CONTAINER_LIKE	0	NOT_AUDITED	0	SINGLE_FULL_PASS_PREDECLARED_AUDIT	Full visual pass; outside predeclared audit sample
f56r	OBJ_STAR_LIKE	0	NOT_AUDITED	0	SINGLE_FULL_PASS_PREDECLARED_AUDIT	Full visual pass; outside predeclared audit sample
f56r	OBJ_CIRCULAR_UNITS	0	NOT_AUDITED	0	SINGLE_FULL_PASS_PREDECLARED_AUDIT	Full visual pass; outside predeclared audit sample
f56r	GEO_RADIAL	ABSENT	NOT_AUDITED	ABSENT	SINGLE_FULL_PASS_PREDECLARED_AUDIT	Full visual pass; outside predeclared audit sample
f56r	GEO_CONCENTRIC	ABSENT	NOT_AUDITED	ABSENT	SINGLE_FULL_PASS_PREDECLARED_AUDIT	Full visual pass; outside predeclared audit sample
f56r	GEO_BRANCHING	PRESENT	NOT_AUDITED	PRESENT	SINGLE_FULL_PASS_PREDECLARED_AUDIT	Full visual pass; outside predeclared audit sample
f56r	FIG_RELATION	NOT_APPLICABLE	NOT_AUDITED	NOT_APPLICABLE	SINGLE_FULL_PASS_PREDECLARED_AUDIT	Full visual pass; outside predeclared audit sample
f56r	FIG_ENCLOSED	NOT_APPLICABLE	NOT_AUDITED	NOT_APPLICABLE	SINGLE_FULL_PASS_PREDECLARED_AUDIT	Full visual pass; outside predeclared audit sample
f56r	TXT_RADIAL	ABSENT	NOT_AUDITED	ABSENT	SINGLE_FULL_PASS_PREDECLARED_AUDIT	Full visual pass; outside predeclared audit sample
f56r	VIS_DENSITY	MEDIUM	NOT_AUDITED	MEDIUM	SINGLE_FULL_PASS_PREDECLARED_AUDIT	Full visual pass; outside predeclared audit sample
f56r	VIS_COMPLEXITY	MEDIUM	NOT_AUDITED	MEDIUM	SINGLE_FULL_PASS_PREDECLARED_AUDIT	Full visual pass; outside predeclared audit sample
f56v	COMP_ILLUSTRATION_REGIONS	1	NOT_AUDITED	1	SINGLE_FULL_PASS_PREDECLARED_AUDIT	Full visual pass; outside predeclared audit sample
f56v	COMP_CENTRAL_ILLUSTRATION	PRESENT	NOT_AUDITED	PRESENT	SINGLE_FULL_PASS_PREDECLARED_AUDIT	Full visual pass; outside predeclared audit sample
f56v	OBJ_PLANT_LIKE	1	NOT_AUDITED	1	SINGLE_FULL_PASS_PREDECLARED_AUDIT	Full visual pass; outside predeclared audit sample
f56v	OBJ_HUMAN_LIKE	0	NOT_AUDITED	0	SINGLE_FULL_PASS_PREDECLARED_AUDIT	Full visual pass; outside predeclared audit sample
f56v	OBJ_CONTAINER_LIKE	0	NOT_AUDITED	0	SINGLE_FULL_PASS_PREDECLARED_AUDIT	Full visual pass; outside predeclared audit sample
f56v	OBJ_STAR_LIKE	0	NOT_AUDITED	0	SINGLE_FULL_PASS_PREDECLARED_AUDIT	Full visual pass; outside predeclared audit sample
f56v	OBJ_CIRCULAR_UNITS	0	NOT_AUDITED	0	SINGLE_FULL_PASS_PREDECLARED_AUDIT	Full visual pass; outside predeclared audit sample
f56v	GEO_RADIAL	ABSENT	NOT_AUDITED	ABSENT	SINGLE_FULL_PASS_PREDECLARED_AUDIT	Full visual pass; outside predeclared audit sample
f56v	GEO_CONCENTRIC	ABSENT	NOT_AUDITED	ABSENT	SINGLE_FULL_PASS_PREDECLARED_AUDIT	Full visual pass; outside predeclared audit sample
f56v	GEO_BRANCHING	PRESENT	NOT_AUDITED	PRESENT	SINGLE_FULL_PASS_PREDECLARED_AUDIT	Full visual pass; outside predeclared audit sample
f56v	FIG_RELATION	NOT_APPLICABLE	NOT_AUDITED	NOT_APPLICABLE	SINGLE_FULL_PASS_PREDECLARED_AUDIT	Full visual pass; outside predeclared audit sample
f56v	FIG_ENCLOSED	NOT_APPLICABLE	NOT_AUDITED	NOT_APPLICABLE	SINGLE_FULL_PASS_PREDECLARED_AUDIT	Full visual pass; outside predeclared audit sample
f56v	TXT_RADIAL	ABSENT	NOT_AUDITED	ABSENT	SINGLE_FULL_PASS_PREDECLARED_AUDIT	Full visual pass; outside predeclared audit sample
f56v	VIS_DENSITY	MEDIUM	NOT_AUDITED	MEDIUM	SINGLE_FULL_PASS_PREDECLARED_AUDIT	Full visual pass; outside predeclared audit sample
f56v	VIS_COMPLEXITY	MEDIUM	NOT_AUDITED	MEDIUM	SINGLE_FULL_PASS_PREDECLARED_AUDIT	Full visual pass; outside predeclared audit sample
f57r	COMP_ILLUSTRATION_REGIONS	1	NOT_AUDITED	1	SINGLE_FULL_PASS_PREDECLARED_AUDIT	Full visual pass; outside predeclared audit sample
f57r	COMP_CENTRAL_ILLUSTRATION	PRESENT	NOT_AUDITED	PRESENT	SINGLE_FULL_PASS_PREDECLARED_AUDIT	Full visual pass; outside predeclared audit sample
f57r	OBJ_PLANT_LIKE	1	NOT_AUDITED	1	SINGLE_FULL_PASS_PREDECLARED_AUDIT	Full visual pass; outside predeclared audit sample
f57r	OBJ_HUMAN_LIKE	0	NOT_AUDITED	0	SINGLE_FULL_PASS_PREDECLARED_AUDIT	Full visual pass; outside predeclared audit sample
f57r	OBJ_CONTAINER_LIKE	0	NOT_AUDITED	0	SINGLE_FULL_PASS_PREDECLARED_AUDIT	Full visual pass; outside predeclared audit sample
f57r	OBJ_STAR_LIKE	0	NOT_AUDITED	0	SINGLE_FULL_PASS_PREDECLARED_AUDIT	Full visual pass; outside predeclared audit sample
f57r	OBJ_CIRCULAR_UNITS	0	NOT_AUDITED	0	SINGLE_FULL_PASS_PREDECLARED_AUDIT	Full visual pass; outside predeclared audit sample
f57r	GEO_RADIAL	ABSENT	NOT_AUDITED	ABSENT	SINGLE_FULL_PASS_PREDECLARED_AUDIT	Full visual pass; outside predeclared audit sample
f57r	GEO_CONCENTRIC	ABSENT	NOT_AUDITED	ABSENT	SINGLE_FULL_PASS_PREDECLARED_AUDIT	Full visual pass; outside predeclared audit sample
f57r	GEO_BRANCHING	PRESENT	NOT_AUDITED	PRESENT	SINGLE_FULL_PASS_PREDECLARED_AUDIT	Full visual pass; outside predeclared audit sample
f57r	FIG_RELATION	NOT_APPLICABLE	NOT_AUDITED	NOT_APPLICABLE	SINGLE_FULL_PASS_PREDECLARED_AUDIT	Full visual pass; outside predeclared audit sample
f57r	FIG_ENCLOSED	NOT_APPLICABLE	NOT_AUDITED	NOT_APPLICABLE	SINGLE_FULL_PASS_PREDECLARED_AUDIT	Full visual pass; outside predeclared audit sample
f57r	TXT_RADIAL	ABSENT	NOT_AUDITED	ABSENT	SINGLE_FULL_PASS_PREDECLARED_AUDIT	Full visual pass; outside predeclared audit sample
f57r	VIS_DENSITY	MEDIUM	NOT_AUDITED	MEDIUM	SINGLE_FULL_PASS_PREDECLARED_AUDIT	Full visual pass; outside predeclared audit sample
f57r	VIS_COMPLEXITY	MEDIUM	NOT_AUDITED	MEDIUM	SINGLE_FULL_PASS_PREDECLARED_AUDIT	Full visual pass; outside predeclared audit sample
f57v	COMP_ILLUSTRATION_REGIONS	1	NOT_AUDITED	1	SINGLE_FULL_PASS_PREDECLARED_AUDIT	Full visual pass; outside predeclared audit sample
f57v	COMP_CENTRAL_ILLUSTRATION	PRESENT	NOT_AUDITED	PRESENT	SINGLE_FULL_PASS_PREDECLARED_AUDIT	Full visual pass; outside predeclared audit sample
f57v	OBJ_PLANT_LIKE	0	NOT_AUDITED	0	SINGLE_FULL_PASS_PREDECLARED_AUDIT	Full visual pass; outside predeclared audit sample
f57v	OBJ_HUMAN_LIKE	0	NOT_AUDITED	0	SINGLE_FULL_PASS_PREDECLARED_AUDIT	Full visual pass; outside predeclared audit sample
f57v	OBJ_CONTAINER_LIKE	0	NOT_AUDITED	0	SINGLE_FULL_PASS_PREDECLARED_AUDIT	Full visual pass; outside predeclared audit sample
f57v	OBJ_STAR_LIKE	1+	NOT_AUDITED	1+	SINGLE_FULL_PASS_PREDECLARED_AUDIT	Full visual pass; outside predeclared audit sample
f57v	OBJ_CIRCULAR_UNITS	1	NOT_AUDITED	1	SINGLE_FULL_PASS_PREDECLARED_AUDIT	Full visual pass; outside predeclared audit sample
f57v	GEO_RADIAL	PRESENT	NOT_AUDITED	PRESENT	SINGLE_FULL_PASS_PREDECLARED_AUDIT	Full visual pass; outside predeclared audit sample
f57v	GEO_CONCENTRIC	PRESENT	NOT_AUDITED	PRESENT	SINGLE_FULL_PASS_PREDECLARED_AUDIT	Full visual pass; outside predeclared audit sample
f57v	GEO_BRANCHING	ABSENT	NOT_AUDITED	ABSENT	SINGLE_FULL_PASS_PREDECLARED_AUDIT	Full visual pass; outside predeclared audit sample
f57v	FIG_RELATION	NOT_APPLICABLE	NOT_AUDITED	NOT_APPLICABLE	SINGLE_FULL_PASS_PREDECLARED_AUDIT	Full visual pass; outside predeclared audit sample
f57v	FIG_ENCLOSED	NOT_APPLICABLE	NOT_AUDITED	NOT_APPLICABLE	SINGLE_FULL_PASS_PREDECLARED_AUDIT	Full visual pass; outside predeclared audit sample
f57v	TXT_RADIAL	PRESENT	NOT_AUDITED	PRESENT	SINGLE_FULL_PASS_PREDECLARED_AUDIT	Full visual pass; outside predeclared audit sample
f57v	VIS_DENSITY	HIGH	NOT_AUDITED	HIGH	SINGLE_FULL_PASS_PREDECLARED_AUDIT	Full visual pass; outside predeclared audit sample
f57v	VIS_COMPLEXITY	HIGH	NOT_AUDITED	HIGH	SINGLE_FULL_PASS_PREDECLARED_AUDIT	Full visual pass; outside predeclared audit sample
f58r	COMP_ILLUSTRATION_REGIONS	MULTIPLE	NOT_AUDITED	MULTIPLE	SINGLE_FULL_PASS_PREDECLARED_AUDIT	Full visual pass; outside predeclared audit sample
f58r	COMP_CENTRAL_ILLUSTRATION	ABSENT	NOT_AUDITED	ABSENT	SINGLE_FULL_PASS_PREDECLARED_AUDIT	Full visual pass; outside predeclared audit sample
f58r	OBJ_PLANT_LIKE	0	NOT_AUDITED	0	SINGLE_FULL_PASS_PREDECLARED_AUDIT	Full visual pass; outside predeclared audit sample
f58r	OBJ_HUMAN_LIKE	0	NOT_AUDITED	0	SINGLE_FULL_PASS_PREDECLARED_AUDIT	Full visual pass; outside predeclared audit sample
f58r	OBJ_CONTAINER_LIKE	0	NOT_AUDITED	0	SINGLE_FULL_PASS_PREDECLARED_AUDIT	Full visual pass; outside predeclared audit sample
f58r	OBJ_STAR_LIKE	1+	NOT_AUDITED	1+	SINGLE_FULL_PASS_PREDECLARED_AUDIT	Full visual pass; outside predeclared audit sample
f58r	OBJ_CIRCULAR_UNITS	0	NOT_AUDITED	0	SINGLE_FULL_PASS_PREDECLARED_AUDIT	Full visual pass; outside predeclared audit sample
f58r	GEO_RADIAL	ABSENT	NOT_AUDITED	ABSENT	SINGLE_FULL_PASS_PREDECLARED_AUDIT	Full visual pass; outside predeclared audit sample
f58r	GEO_CONCENTRIC	ABSENT	NOT_AUDITED	ABSENT	SINGLE_FULL_PASS_PREDECLARED_AUDIT	Full visual pass; outside predeclared audit sample
f58r	GEO_BRANCHING	ABSENT	NOT_AUDITED	ABSENT	SINGLE_FULL_PASS_PREDECLARED_AUDIT	Full visual pass; outside predeclared audit sample
f58r	FIG_RELATION	NOT_APPLICABLE	NOT_AUDITED	NOT_APPLICABLE	SINGLE_FULL_PASS_PREDECLARED_AUDIT	Full visual pass; outside predeclared audit sample
f58r	FIG_ENCLOSED	NOT_APPLICABLE	NOT_AUDITED	NOT_APPLICABLE	SINGLE_FULL_PASS_PREDECLARED_AUDIT	Full visual pass; outside predeclared audit sample
f58r	TXT_RADIAL	ABSENT	NOT_AUDITED	ABSENT	SINGLE_FULL_PASS_PREDECLARED_AUDIT	Full visual pass; outside predeclared audit sample
f58r	VIS_DENSITY	LOW	NOT_AUDITED	LOW	SINGLE_FULL_PASS_PREDECLARED_AUDIT	Full visual pass; outside predeclared audit sample
f58r	VIS_COMPLEXITY	LOW	NOT_AUDITED	LOW	SINGLE_FULL_PASS_PREDECLARED_AUDIT	Full visual pass; outside predeclared audit sample
f58v	COMP_ILLUSTRATION_REGIONS	MULTIPLE	NOT_AUDITED	MULTIPLE	SINGLE_FULL_PASS_PREDECLARED_AUDIT	Full visual pass; outside predeclared audit sample
f58v	COMP_CENTRAL_ILLUSTRATION	ABSENT	NOT_AUDITED	ABSENT	SINGLE_FULL_PASS_PREDECLARED_AUDIT	Full visual pass; outside predeclared audit sample
f58v	OBJ_PLANT_LIKE	0	NOT_AUDITED	0	SINGLE_FULL_PASS_PREDECLARED_AUDIT	Full visual pass; outside predeclared audit sample
f58v	OBJ_HUMAN_LIKE	0	NOT_AUDITED	0	SINGLE_FULL_PASS_PREDECLARED_AUDIT	Full visual pass; outside predeclared audit sample
f58v	OBJ_CONTAINER_LIKE	0	NOT_AUDITED	0	SINGLE_FULL_PASS_PREDECLARED_AUDIT	Full visual pass; outside predeclared audit sample
f58v	OBJ_STAR_LIKE	1+	NOT_AUDITED	1+	SINGLE_FULL_PASS_PREDECLARED_AUDIT	Full visual pass; outside predeclared audit sample
f58v	OBJ_CIRCULAR_UNITS	0	NOT_AUDITED	0	SINGLE_FULL_PASS_PREDECLARED_AUDIT	Full visual pass; outside predeclared audit sample
f58v	GEO_RADIAL	ABSENT	NOT_AUDITED	ABSENT	SINGLE_FULL_PASS_PREDECLARED_AUDIT	Full visual pass; outside predeclared audit sample
f58v	GEO_CONCENTRIC	ABSENT	NOT_AUDITED	ABSENT	SINGLE_FULL_PASS_PREDECLARED_AUDIT	Full visual pass; outside predeclared audit sample
f58v	GEO_BRANCHING	ABSENT	NOT_AUDITED	ABSENT	SINGLE_FULL_PASS_PREDECLARED_AUDIT	Full visual pass; outside predeclared audit sample
f58v	FIG_RELATION	NOT_APPLICABLE	NOT_AUDITED	NOT_APPLICABLE	SINGLE_FULL_PASS_PREDECLARED_AUDIT	Full visual pass; outside predeclared audit sample
f58v	FIG_ENCLOSED	NOT_APPLICABLE	NOT_AUDITED	NOT_APPLICABLE	SINGLE_FULL_PASS_PREDECLARED_AUDIT	Full visual pass; outside predeclared audit sample
f58v	TXT_RADIAL	ABSENT	NOT_AUDITED	ABSENT	SINGLE_FULL_PASS_PREDECLARED_AUDIT	Full visual pass; outside predeclared audit sample
f58v	VIS_DENSITY	LOW	NOT_AUDITED	LOW	SINGLE_FULL_PASS_PREDECLARED_AUDIT	Full visual pass; outside predeclared audit sample
f58v	VIS_COMPLEXITY	LOW	NOT_AUDITED	LOW	SINGLE_FULL_PASS_PREDECLARED_AUDIT	Full visual pass; outside predeclared audit sample
f65r	COMP_ILLUSTRATION_REGIONS	1	1	1	INDEPENDENT_AUDIT_FINAL	Independent clean-room audit value
f65r	COMP_CENTRAL_ILLUSTRATION	PRESENT	PRESENT	PRESENT	INDEPENDENT_AUDIT_FINAL	Independent clean-room audit value
f65r	OBJ_PLANT_LIKE	1	1	1	INDEPENDENT_AUDIT_FINAL	Independent clean-room audit value
f65r	OBJ_HUMAN_LIKE	0	0	0	INDEPENDENT_AUDIT_FINAL	Independent clean-room audit value
f65r	OBJ_CONTAINER_LIKE	0	0	0	INDEPENDENT_AUDIT_FINAL	Independent clean-room audit value
f65r	OBJ_STAR_LIKE	0	1+	1+	INDEPENDENT_AUDIT_FINAL	Independent clean-room audit value
f65r	OBJ_CIRCULAR_UNITS	0	0	0	INDEPENDENT_AUDIT_FINAL	Independent clean-room audit value
f65r	GEO_RADIAL	ABSENT	ABSENT	ABSENT	INDEPENDENT_AUDIT_FINAL	Independent clean-room audit value
f65r	GEO_CONCENTRIC	ABSENT	ABSENT	ABSENT	INDEPENDENT_AUDIT_FINAL	Independent clean-room audit value
f65r	GEO_BRANCHING	PRESENT	PRESENT	PRESENT	INDEPENDENT_AUDIT_FINAL	Independent clean-room audit value
f65r	FIG_RELATION	NOT_APPLICABLE	NOT_APPLICABLE	NOT_APPLICABLE	INDEPENDENT_AUDIT_FINAL	Independent clean-room audit value
f65r	FIG_ENCLOSED	NOT_APPLICABLE	NOT_APPLICABLE	NOT_APPLICABLE	INDEPENDENT_AUDIT_FINAL	Independent clean-room audit value
f65r	TXT_RADIAL	ABSENT	ABSENT	ABSENT	INDEPENDENT_AUDIT_FINAL	Independent clean-room audit value
f65r	VIS_DENSITY	MEDIUM	MEDIUM	MEDIUM	INDEPENDENT_AUDIT_FINAL	Independent clean-room audit value
f65r	VIS_COMPLEXITY	MEDIUM	MEDIUM	MEDIUM	INDEPENDENT_AUDIT_FINAL	Independent clean-room audit value
f65v	COMP_ILLUSTRATION_REGIONS	1	NOT_AUDITED	1	SINGLE_FULL_PASS_PREDECLARED_AUDIT	Full visual pass; outside predeclared audit sample
f65v	COMP_CENTRAL_ILLUSTRATION	PRESENT	NOT_AUDITED	PRESENT	SINGLE_FULL_PASS_PREDECLARED_AUDIT	Full visual pass; outside predeclared audit sample
f65v	OBJ_PLANT_LIKE	1	NOT_AUDITED	1	SINGLE_FULL_PASS_PREDECLARED_AUDIT	Full visual pass; outside predeclared audit sample
f65v	OBJ_HUMAN_LIKE	0	NOT_AUDITED	0	SINGLE_FULL_PASS_PREDECLARED_AUDIT	Full visual pass; outside predeclared audit sample
f65v	OBJ_CONTAINER_LIKE	0	NOT_AUDITED	0	SINGLE_FULL_PASS_PREDECLARED_AUDIT	Full visual pass; outside predeclared audit sample
f65v	OBJ_STAR_LIKE	0	NOT_AUDITED	0	SINGLE_FULL_PASS_PREDECLARED_AUDIT	Full visual pass; outside predeclared audit sample
f65v	OBJ_CIRCULAR_UNITS	0	NOT_AUDITED	0	SINGLE_FULL_PASS_PREDECLARED_AUDIT	Full visual pass; outside predeclared audit sample
f65v	GEO_RADIAL	ABSENT	NOT_AUDITED	ABSENT	SINGLE_FULL_PASS_PREDECLARED_AUDIT	Full visual pass; outside predeclared audit sample
f65v	GEO_CONCENTRIC	ABSENT	NOT_AUDITED	ABSENT	SINGLE_FULL_PASS_PREDECLARED_AUDIT	Full visual pass; outside predeclared audit sample
f65v	GEO_BRANCHING	PRESENT	NOT_AUDITED	PRESENT	SINGLE_FULL_PASS_PREDECLARED_AUDIT	Full visual pass; outside predeclared audit sample
f65v	FIG_RELATION	NOT_APPLICABLE	NOT_AUDITED	NOT_APPLICABLE	SINGLE_FULL_PASS_PREDECLARED_AUDIT	Full visual pass; outside predeclared audit sample
f65v	FIG_ENCLOSED	NOT_APPLICABLE	NOT_AUDITED	NOT_APPLICABLE	SINGLE_FULL_PASS_PREDECLARED_AUDIT	Full visual pass; outside predeclared audit sample
f65v	TXT_RADIAL	ABSENT	NOT_AUDITED	ABSENT	SINGLE_FULL_PASS_PREDECLARED_AUDIT	Full visual pass; outside predeclared audit sample
f65v	VIS_DENSITY	MEDIUM	NOT_AUDITED	MEDIUM	SINGLE_FULL_PASS_PREDECLARED_AUDIT	Full visual pass; outside predeclared audit sample
f65v	VIS_COMPLEXITY	MEDIUM	NOT_AUDITED	MEDIUM	SINGLE_FULL_PASS_PREDECLARED_AUDIT	Full visual pass; outside predeclared audit sample
f66r	COMP_ILLUSTRATION_REGIONS	0	NOT_AUDITED	0	SINGLE_FULL_PASS_PREDECLARED_AUDIT	Full visual pass; outside predeclared audit sample
f66r	COMP_CENTRAL_ILLUSTRATION	ABSENT	NOT_AUDITED	ABSENT	SINGLE_FULL_PASS_PREDECLARED_AUDIT	Full visual pass; outside predeclared audit sample
f66r	OBJ_PLANT_LIKE	0	NOT_AUDITED	0	SINGLE_FULL_PASS_PREDECLARED_AUDIT	Full visual pass; outside predeclared audit sample
f66r	OBJ_HUMAN_LIKE	0	NOT_AUDITED	0	SINGLE_FULL_PASS_PREDECLARED_AUDIT	Full visual pass; outside predeclared audit sample
f66r	OBJ_CONTAINER_LIKE	0	NOT_AUDITED	0	SINGLE_FULL_PASS_PREDECLARED_AUDIT	Full visual pass; outside predeclared audit sample
f66r	OBJ_STAR_LIKE	0	NOT_AUDITED	0	SINGLE_FULL_PASS_PREDECLARED_AUDIT	Full visual pass; outside predeclared audit sample
f66r	OBJ_CIRCULAR_UNITS	0	NOT_AUDITED	0	SINGLE_FULL_PASS_PREDECLARED_AUDIT	Full visual pass; outside predeclared audit sample
f66r	GEO_RADIAL	ABSENT	NOT_AUDITED	ABSENT	SINGLE_FULL_PASS_PREDECLARED_AUDIT	Full visual pass; outside predeclared audit sample
f66r	GEO_CONCENTRIC	ABSENT	NOT_AUDITED	ABSENT	SINGLE_FULL_PASS_PREDECLARED_AUDIT	Full visual pass; outside predeclared audit sample
f66r	GEO_BRANCHING	ABSENT	NOT_AUDITED	ABSENT	SINGLE_FULL_PASS_PREDECLARED_AUDIT	Full visual pass; outside predeclared audit sample
f66r	FIG_RELATION	NOT_APPLICABLE	NOT_AUDITED	NOT_APPLICABLE	SINGLE_FULL_PASS_PREDECLARED_AUDIT	Full visual pass; outside predeclared audit sample
f66r	FIG_ENCLOSED	NOT_APPLICABLE	NOT_AUDITED	NOT_APPLICABLE	SINGLE_FULL_PASS_PREDECLARED_AUDIT	Full visual pass; outside predeclared audit sample
f66r	TXT_RADIAL	ABSENT	NOT_AUDITED	ABSENT	SINGLE_FULL_PASS_PREDECLARED_AUDIT	Full visual pass; outside predeclared audit sample
f66r	VIS_DENSITY	LOW	NOT_AUDITED	LOW	SINGLE_FULL_PASS_PREDECLARED_AUDIT	Full visual pass; outside predeclared audit sample
f66r	VIS_COMPLEXITY	LOW	NOT_AUDITED	LOW	SINGLE_FULL_PASS_PREDECLARED_AUDIT	Full visual pass; outside predeclared audit sample
f66v	COMP_ILLUSTRATION_REGIONS	1	NOT_AUDITED	1	SINGLE_FULL_PASS_PREDECLARED_AUDIT	Full visual pass; outside predeclared audit sample
f66v	COMP_CENTRAL_ILLUSTRATION	PRESENT	NOT_AUDITED	PRESENT	SINGLE_FULL_PASS_PREDECLARED_AUDIT	Full visual pass; outside predeclared audit sample
f66v	OBJ_PLANT_LIKE	1	NOT_AUDITED	1	SINGLE_FULL_PASS_PREDECLARED_AUDIT	Full visual pass; outside predeclared audit sample
f66v	OBJ_HUMAN_LIKE	0	NOT_AUDITED	0	SINGLE_FULL_PASS_PREDECLARED_AUDIT	Full visual pass; outside predeclared audit sample
f66v	OBJ_CONTAINER_LIKE	0	NOT_AUDITED	0	SINGLE_FULL_PASS_PREDECLARED_AUDIT	Full visual pass; outside predeclared audit sample
f66v	OBJ_STAR_LIKE	0	NOT_AUDITED	0	SINGLE_FULL_PASS_PREDECLARED_AUDIT	Full visual pass; outside predeclared audit sample
f66v	OBJ_CIRCULAR_UNITS	0	NOT_AUDITED	0	SINGLE_FULL_PASS_PREDECLARED_AUDIT	Full visual pass; outside predeclared audit sample
f66v	GEO_RADIAL	ABSENT	NOT_AUDITED	ABSENT	SINGLE_FULL_PASS_PREDECLARED_AUDIT	Full visual pass; outside predeclared audit sample
f66v	GEO_CONCENTRIC	ABSENT	NOT_AUDITED	ABSENT	SINGLE_FULL_PASS_PREDECLARED_AUDIT	Full visual pass; outside predeclared audit sample
f66v	GEO_BRANCHING	PRESENT	NOT_AUDITED	PRESENT	SINGLE_FULL_PASS_PREDECLARED_AUDIT	Full visual pass; outside predeclared audit sample
f66v	FIG_RELATION	NOT_APPLICABLE	NOT_AUDITED	NOT_APPLICABLE	SINGLE_FULL_PASS_PREDECLARED_AUDIT	Full visual pass; outside predeclared audit sample
f66v	FIG_ENCLOSED	NOT_APPLICABLE	NOT_AUDITED	NOT_APPLICABLE	SINGLE_FULL_PASS_PREDECLARED_AUDIT	Full visual pass; outside predeclared audit sample
f66v	TXT_RADIAL	ABSENT	NOT_AUDITED	ABSENT	SINGLE_FULL_PASS_PREDECLARED_AUDIT	Full visual pass; outside predeclared audit sample
f66v	VIS_DENSITY	MEDIUM	NOT_AUDITED	MEDIUM	SINGLE_FULL_PASS_PREDECLARED_AUDIT	Full visual pass; outside predeclared audit sample
f66v	VIS_COMPLEXITY	MEDIUM	NOT_AUDITED	MEDIUM	SINGLE_FULL_PASS_PREDECLARED_AUDIT	Full visual pass; outside predeclared audit sample
f67r1	COMP_ILLUSTRATION_REGIONS	NOT_VISIBLE	NOT_AUDITED	NOT_VISIBLE	SINGLE_FULL_PASS_PREDECLARED_AUDIT	Full visual pass; outside predeclared audit sample
f67r1	COMP_CENTRAL_ILLUSTRATION	NOT_VISIBLE	NOT_AUDITED	NOT_VISIBLE	SINGLE_FULL_PASS_PREDECLARED_AUDIT	Full visual pass; outside predeclared audit sample
f67r1	OBJ_PLANT_LIKE	NOT_VISIBLE	NOT_AUDITED	NOT_VISIBLE	SINGLE_FULL_PASS_PREDECLARED_AUDIT	Full visual pass; outside predeclared audit sample
f67r1	OBJ_HUMAN_LIKE	NOT_VISIBLE	NOT_AUDITED	NOT_VISIBLE	SINGLE_FULL_PASS_PREDECLARED_AUDIT	Full visual pass; outside predeclared audit sample
f67r1	OBJ_CONTAINER_LIKE	NOT_VISIBLE	NOT_AUDITED	NOT_VISIBLE	SINGLE_FULL_PASS_PREDECLARED_AUDIT	Full visual pass; outside predeclared audit sample
f67r1	OBJ_STAR_LIKE	NOT_VISIBLE	NOT_AUDITED	NOT_VISIBLE	SINGLE_FULL_PASS_PREDECLARED_AUDIT	Full visual pass; outside predeclared audit sample
f67r1	OBJ_CIRCULAR_UNITS	NOT_VISIBLE	NOT_AUDITED	NOT_VISIBLE	SINGLE_FULL_PASS_PREDECLARED_AUDIT	Full visual pass; outside predeclared audit sample
f67r1	GEO_RADIAL	NOT_VISIBLE	NOT_AUDITED	NOT_VISIBLE	SINGLE_FULL_PASS_PREDECLARED_AUDIT	Full visual pass; outside predeclared audit sample
f67r1	GEO_CONCENTRIC	NOT_VISIBLE	NOT_AUDITED	NOT_VISIBLE	SINGLE_FULL_PASS_PREDECLARED_AUDIT	Full visual pass; outside predeclared audit sample
f67r1	GEO_BRANCHING	NOT_VISIBLE	NOT_AUDITED	NOT_VISIBLE	SINGLE_FULL_PASS_PREDECLARED_AUDIT	Full visual pass; outside predeclared audit sample
f67r1	FIG_RELATION	NOT_VISIBLE	NOT_AUDITED	NOT_VISIBLE	SINGLE_FULL_PASS_PREDECLARED_AUDIT	Full visual pass; outside predeclared audit sample
f67r1	FIG_ENCLOSED	NOT_VISIBLE	NOT_AUDITED	NOT_VISIBLE	SINGLE_FULL_PASS_PREDECLARED_AUDIT	Full visual pass; outside predeclared audit sample
f67r1	TXT_RADIAL	NOT_VISIBLE	NOT_AUDITED	NOT_VISIBLE	SINGLE_FULL_PASS_PREDECLARED_AUDIT	Full visual pass; outside predeclared audit sample
f67r1	VIS_DENSITY	NOT_VISIBLE	NOT_AUDITED	NOT_VISIBLE	SINGLE_FULL_PASS_PREDECLARED_AUDIT	Full visual pass; outside predeclared audit sample
f67r1	VIS_COMPLEXITY	NOT_VISIBLE	NOT_AUDITED	NOT_VISIBLE	SINGLE_FULL_PASS_PREDECLARED_AUDIT	Full visual pass; outside predeclared audit sample
f67r2	COMP_ILLUSTRATION_REGIONS	NOT_VISIBLE	NOT_AUDITED	NOT_VISIBLE	SINGLE_FULL_PASS_PREDECLARED_AUDIT	Full visual pass; outside predeclared audit sample
f67r2	COMP_CENTRAL_ILLUSTRATION	NOT_VISIBLE	NOT_AUDITED	NOT_VISIBLE	SINGLE_FULL_PASS_PREDECLARED_AUDIT	Full visual pass; outside predeclared audit sample
f67r2	OBJ_PLANT_LIKE	NOT_VISIBLE	NOT_AUDITED	NOT_VISIBLE	SINGLE_FULL_PASS_PREDECLARED_AUDIT	Full visual pass; outside predeclared audit sample
f67r2	OBJ_HUMAN_LIKE	NOT_VISIBLE	NOT_AUDITED	NOT_VISIBLE	SINGLE_FULL_PASS_PREDECLARED_AUDIT	Full visual pass; outside predeclared audit sample
f67r2	OBJ_CONTAINER_LIKE	NOT_VISIBLE	NOT_AUDITED	NOT_VISIBLE	SINGLE_FULL_PASS_PREDECLARED_AUDIT	Full visual pass; outside predeclared audit sample
f67r2	OBJ_STAR_LIKE	NOT_VISIBLE	NOT_AUDITED	NOT_VISIBLE	SINGLE_FULL_PASS_PREDECLARED_AUDIT	Full visual pass; outside predeclared audit sample
f67r2	OBJ_CIRCULAR_UNITS	NOT_VISIBLE	NOT_AUDITED	NOT_VISIBLE	SINGLE_FULL_PASS_PREDECLARED_AUDIT	Full visual pass; outside predeclared audit sample
f67r2	GEO_RADIAL	NOT_VISIBLE	NOT_AUDITED	NOT_VISIBLE	SINGLE_FULL_PASS_PREDECLARED_AUDIT	Full visual pass; outside predeclared audit sample
f67r2	GEO_CONCENTRIC	NOT_VISIBLE	NOT_AUDITED	NOT_VISIBLE	SINGLE_FULL_PASS_PREDECLARED_AUDIT	Full visual pass; outside predeclared audit sample
f67r2	GEO_BRANCHING	NOT_VISIBLE	NOT_AUDITED	NOT_VISIBLE	SINGLE_FULL_PASS_PREDECLARED_AUDIT	Full visual pass; outside predeclared audit sample
f67r2	FIG_RELATION	NOT_VISIBLE	NOT_AUDITED	NOT_VISIBLE	SINGLE_FULL_PASS_PREDECLARED_AUDIT	Full visual pass; outside predeclared audit sample
f67r2	FIG_ENCLOSED	NOT_VISIBLE	NOT_AUDITED	NOT_VISIBLE	SINGLE_FULL_PASS_PREDECLARED_AUDIT	Full visual pass; outside predeclared audit sample
f67r2	TXT_RADIAL	NOT_VISIBLE	NOT_AUDITED	NOT_VISIBLE	SINGLE_FULL_PASS_PREDECLARED_AUDIT	Full visual pass; outside predeclared audit sample
f67r2	VIS_DENSITY	NOT_VISIBLE	NOT_AUDITED	NOT_VISIBLE	SINGLE_FULL_PASS_PREDECLARED_AUDIT	Full visual pass; outside predeclared audit sample
f67r2	VIS_COMPLEXITY	NOT_VISIBLE	NOT_AUDITED	NOT_VISIBLE	SINGLE_FULL_PASS_PREDECLARED_AUDIT	Full visual pass; outside predeclared audit sample
f67v2	COMP_ILLUSTRATION_REGIONS	NOT_VISIBLE	NOT_AUDITED	NOT_VISIBLE	SINGLE_FULL_PASS_PREDECLARED_AUDIT	Full visual pass; outside predeclared audit sample
f67v2	COMP_CENTRAL_ILLUSTRATION	NOT_VISIBLE	NOT_AUDITED	NOT_VISIBLE	SINGLE_FULL_PASS_PREDECLARED_AUDIT	Full visual pass; outside predeclared audit sample
f67v2	OBJ_PLANT_LIKE	NOT_VISIBLE	NOT_AUDITED	NOT_VISIBLE	SINGLE_FULL_PASS_PREDECLARED_AUDIT	Full visual pass; outside predeclared audit sample
f67v2	OBJ_HUMAN_LIKE	NOT_VISIBLE	NOT_AUDITED	NOT_VISIBLE	SINGLE_FULL_PASS_PREDECLARED_AUDIT	Full visual pass; outside predeclared audit sample
f67v2	OBJ_CONTAINER_LIKE	NOT_VISIBLE	NOT_AUDITED	NOT_VISIBLE	SINGLE_FULL_PASS_PREDECLARED_AUDIT	Full visual pass; outside predeclared audit sample
f67v2	OBJ_STAR_LIKE	NOT_VISIBLE	NOT_AUDITED	NOT_VISIBLE	SINGLE_FULL_PASS_PREDECLARED_AUDIT	Full visual pass; outside predeclared audit sample
f67v2	OBJ_CIRCULAR_UNITS	NOT_VISIBLE	NOT_AUDITED	NOT_VISIBLE	SINGLE_FULL_PASS_PREDECLARED_AUDIT	Full visual pass; outside predeclared audit sample
f67v2	GEO_RADIAL	NOT_VISIBLE	NOT_AUDITED	NOT_VISIBLE	SINGLE_FULL_PASS_PREDECLARED_AUDIT	Full visual pass; outside predeclared audit sample
f67v2	GEO_CONCENTRIC	NOT_VISIBLE	NOT_AUDITED	NOT_VISIBLE	SINGLE_FULL_PASS_PREDECLARED_AUDIT	Full visual pass; outside predeclared audit sample
f67v2	GEO_BRANCHING	NOT_VISIBLE	NOT_AUDITED	NOT_VISIBLE	SINGLE_FULL_PASS_PREDECLARED_AUDIT	Full visual pass; outside predeclared audit sample
f67v2	FIG_RELATION	NOT_VISIBLE	NOT_AUDITED	NOT_VISIBLE	SINGLE_FULL_PASS_PREDECLARED_AUDIT	Full visual pass; outside predeclared audit sample
f67v2	FIG_ENCLOSED	NOT_VISIBLE	NOT_AUDITED	NOT_VISIBLE	SINGLE_FULL_PASS_PREDECLARED_AUDIT	Full visual pass; outside predeclared audit sample
f67v2	TXT_RADIAL	NOT_VISIBLE	NOT_AUDITED	NOT_VISIBLE	SINGLE_FULL_PASS_PREDECLARED_AUDIT	Full visual pass; outside predeclared audit sample
f67v2	VIS_DENSITY	NOT_VISIBLE	NOT_AUDITED	NOT_VISIBLE	SINGLE_FULL_PASS_PREDECLARED_AUDIT	Full visual pass; outside predeclared audit sample
f67v2	VIS_COMPLEXITY	NOT_VISIBLE	NOT_AUDITED	NOT_VISIBLE	SINGLE_FULL_PASS_PREDECLARED_AUDIT	Full visual pass; outside predeclared audit sample
f67v1	COMP_ILLUSTRATION_REGIONS	NOT_VISIBLE	NOT_AUDITED	NOT_VISIBLE	SINGLE_FULL_PASS_PREDECLARED_AUDIT	Full visual pass; outside predeclared audit sample
f67v1	COMP_CENTRAL_ILLUSTRATION	NOT_VISIBLE	NOT_AUDITED	NOT_VISIBLE	SINGLE_FULL_PASS_PREDECLARED_AUDIT	Full visual pass; outside predeclared audit sample
f67v1	OBJ_PLANT_LIKE	NOT_VISIBLE	NOT_AUDITED	NOT_VISIBLE	SINGLE_FULL_PASS_PREDECLARED_AUDIT	Full visual pass; outside predeclared audit sample
f67v1	OBJ_HUMAN_LIKE	NOT_VISIBLE	NOT_AUDITED	NOT_VISIBLE	SINGLE_FULL_PASS_PREDECLARED_AUDIT	Full visual pass; outside predeclared audit sample
f67v1	OBJ_CONTAINER_LIKE	NOT_VISIBLE	NOT_AUDITED	NOT_VISIBLE	SINGLE_FULL_PASS_PREDECLARED_AUDIT	Full visual pass; outside predeclared audit sample
f67v1	OBJ_STAR_LIKE	NOT_VISIBLE	NOT_AUDITED	NOT_VISIBLE	SINGLE_FULL_PASS_PREDECLARED_AUDIT	Full visual pass; outside predeclared audit sample
f67v1	OBJ_CIRCULAR_UNITS	NOT_VISIBLE	NOT_AUDITED	NOT_VISIBLE	SINGLE_FULL_PASS_PREDECLARED_AUDIT	Full visual pass; outside predeclared audit sample
f67v1	GEO_RADIAL	NOT_VISIBLE	NOT_AUDITED	NOT_VISIBLE	SINGLE_FULL_PASS_PREDECLARED_AUDIT	Full visual pass; outside predeclared audit sample
f67v1	GEO_CONCENTRIC	NOT_VISIBLE	NOT_AUDITED	NOT_VISIBLE	SINGLE_FULL_PASS_PREDECLARED_AUDIT	Full visual pass; outside predeclared audit sample
f67v1	GEO_BRANCHING	NOT_VISIBLE	NOT_AUDITED	NOT_VISIBLE	SINGLE_FULL_PASS_PREDECLARED_AUDIT	Full visual pass; outside predeclared audit sample
f67v1	FIG_RELATION	NOT_VISIBLE	NOT_AUDITED	NOT_VISIBLE	SINGLE_FULL_PASS_PREDECLARED_AUDIT	Full visual pass; outside predeclared audit sample
f67v1	FIG_ENCLOSED	NOT_VISIBLE	NOT_AUDITED	NOT_VISIBLE	SINGLE_FULL_PASS_PREDECLARED_AUDIT	Full visual pass; outside predeclared audit sample
f67v1	TXT_RADIAL	NOT_VISIBLE	NOT_AUDITED	NOT_VISIBLE	SINGLE_FULL_PASS_PREDECLARED_AUDIT	Full visual pass; outside predeclared audit sample
f67v1	VIS_DENSITY	NOT_VISIBLE	NOT_AUDITED	NOT_VISIBLE	SINGLE_FULL_PASS_PREDECLARED_AUDIT	Full visual pass; outside predeclared audit sample
f67v1	VIS_COMPLEXITY	NOT_VISIBLE	NOT_AUDITED	NOT_VISIBLE	SINGLE_FULL_PASS_PREDECLARED_AUDIT	Full visual pass; outside predeclared audit sample
f68r1	COMP_ILLUSTRATION_REGIONS	NOT_VISIBLE	NOT_AUDITED	NOT_VISIBLE	SINGLE_FULL_PASS_PREDECLARED_AUDIT	Full visual pass; outside predeclared audit sample
f68r1	COMP_CENTRAL_ILLUSTRATION	NOT_VISIBLE	NOT_AUDITED	NOT_VISIBLE	SINGLE_FULL_PASS_PREDECLARED_AUDIT	Full visual pass; outside predeclared audit sample
f68r1	OBJ_PLANT_LIKE	NOT_VISIBLE	NOT_AUDITED	NOT_VISIBLE	SINGLE_FULL_PASS_PREDECLARED_AUDIT	Full visual pass; outside predeclared audit sample
f68r1	OBJ_HUMAN_LIKE	NOT_VISIBLE	NOT_AUDITED	NOT_VISIBLE	SINGLE_FULL_PASS_PREDECLARED_AUDIT	Full visual pass; outside predeclared audit sample
f68r1	OBJ_CONTAINER_LIKE	NOT_VISIBLE	NOT_AUDITED	NOT_VISIBLE	SINGLE_FULL_PASS_PREDECLARED_AUDIT	Full visual pass; outside predeclared audit sample
f68r1	OBJ_STAR_LIKE	NOT_VISIBLE	NOT_AUDITED	NOT_VISIBLE	SINGLE_FULL_PASS_PREDECLARED_AUDIT	Full visual pass; outside predeclared audit sample
f68r1	OBJ_CIRCULAR_UNITS	NOT_VISIBLE	NOT_AUDITED	NOT_VISIBLE	SINGLE_FULL_PASS_PREDECLARED_AUDIT	Full visual pass; outside predeclared audit sample
f68r1	GEO_RADIAL	NOT_VISIBLE	NOT_AUDITED	NOT_VISIBLE	SINGLE_FULL_PASS_PREDECLARED_AUDIT	Full visual pass; outside predeclared audit sample
f68r1	GEO_CONCENTRIC	NOT_VISIBLE	NOT_AUDITED	NOT_VISIBLE	SINGLE_FULL_PASS_PREDECLARED_AUDIT	Full visual pass; outside predeclared audit sample
f68r1	GEO_BRANCHING	NOT_VISIBLE	NOT_AUDITED	NOT_VISIBLE	SINGLE_FULL_PASS_PREDECLARED_AUDIT	Full visual pass; outside predeclared audit sample
f68r1	FIG_RELATION	NOT_VISIBLE	NOT_AUDITED	NOT_VISIBLE	SINGLE_FULL_PASS_PREDECLARED_AUDIT	Full visual pass; outside predeclared audit sample
f68r1	FIG_ENCLOSED	NOT_VISIBLE	NOT_AUDITED	NOT_VISIBLE	SINGLE_FULL_PASS_PREDECLARED_AUDIT	Full visual pass; outside predeclared audit sample
f68r1	TXT_RADIAL	NOT_VISIBLE	NOT_AUDITED	NOT_VISIBLE	SINGLE_FULL_PASS_PREDECLARED_AUDIT	Full visual pass; outside predeclared audit sample
f68r1	VIS_DENSITY	NOT_VISIBLE	NOT_AUDITED	NOT_VISIBLE	SINGLE_FULL_PASS_PREDECLARED_AUDIT	Full visual pass; outside predeclared audit sample
f68r1	VIS_COMPLEXITY	NOT_VISIBLE	NOT_AUDITED	NOT_VISIBLE	SINGLE_FULL_PASS_PREDECLARED_AUDIT	Full visual pass; outside predeclared audit sample
f68r2	COMP_ILLUSTRATION_REGIONS	NOT_VISIBLE	MULTIPLE	MULTIPLE	INDEPENDENT_AUDIT_FINAL	Independent clean-room audit value
f68r2	COMP_CENTRAL_ILLUSTRATION	NOT_VISIBLE	PRESENT	PRESENT	INDEPENDENT_AUDIT_FINAL	Independent clean-room audit value
f68r2	OBJ_PLANT_LIKE	NOT_VISIBLE	0	0	INDEPENDENT_AUDIT_FINAL	Independent clean-room audit value
f68r2	OBJ_HUMAN_LIKE	NOT_VISIBLE	0	0	INDEPENDENT_AUDIT_FINAL	Independent clean-room audit value
f68r2	OBJ_CONTAINER_LIKE	NOT_VISIBLE	0	0	INDEPENDENT_AUDIT_FINAL	Independent clean-room audit value
f68r2	OBJ_STAR_LIKE	NOT_VISIBLE	1+	1+	INDEPENDENT_AUDIT_FINAL	Independent clean-room audit value
f68r2	OBJ_CIRCULAR_UNITS	NOT_VISIBLE	2-3	2-3	INDEPENDENT_AUDIT_FINAL	Independent clean-room audit value
f68r2	GEO_RADIAL	NOT_VISIBLE	PRESENT	PRESENT	INDEPENDENT_AUDIT_FINAL	Independent clean-room audit value
f68r2	GEO_CONCENTRIC	NOT_VISIBLE	PRESENT	PRESENT	INDEPENDENT_AUDIT_FINAL	Independent clean-room audit value
f68r2	GEO_BRANCHING	NOT_VISIBLE	ABSENT	ABSENT	INDEPENDENT_AUDIT_FINAL	Independent clean-room audit value
f68r2	FIG_RELATION	NOT_VISIBLE	NOT_APPLICABLE	NOT_APPLICABLE	INDEPENDENT_AUDIT_FINAL	Independent clean-room audit value
f68r2	FIG_ENCLOSED	NOT_VISIBLE	NOT_APPLICABLE	NOT_APPLICABLE	INDEPENDENT_AUDIT_FINAL	Independent clean-room audit value
f68r2	TXT_RADIAL	NOT_VISIBLE	ABSENT	ABSENT	INDEPENDENT_AUDIT_FINAL	Independent clean-room audit value
f68r2	VIS_DENSITY	NOT_VISIBLE	MEDIUM	MEDIUM	INDEPENDENT_AUDIT_FINAL	Independent clean-room audit value
f68r2	VIS_COMPLEXITY	NOT_VISIBLE	MEDIUM	MEDIUM	INDEPENDENT_AUDIT_FINAL	Independent clean-room audit value
f68r3	COMP_ILLUSTRATION_REGIONS	NOT_VISIBLE	NOT_AUDITED	NOT_VISIBLE	SINGLE_FULL_PASS_PREDECLARED_AUDIT	Full visual pass; outside predeclared audit sample
f68r3	COMP_CENTRAL_ILLUSTRATION	NOT_VISIBLE	NOT_AUDITED	NOT_VISIBLE	SINGLE_FULL_PASS_PREDECLARED_AUDIT	Full visual pass; outside predeclared audit sample
f68r3	OBJ_PLANT_LIKE	NOT_VISIBLE	NOT_AUDITED	NOT_VISIBLE	SINGLE_FULL_PASS_PREDECLARED_AUDIT	Full visual pass; outside predeclared audit sample
f68r3	OBJ_HUMAN_LIKE	NOT_VISIBLE	NOT_AUDITED	NOT_VISIBLE	SINGLE_FULL_PASS_PREDECLARED_AUDIT	Full visual pass; outside predeclared audit sample
f68r3	OBJ_CONTAINER_LIKE	NOT_VISIBLE	NOT_AUDITED	NOT_VISIBLE	SINGLE_FULL_PASS_PREDECLARED_AUDIT	Full visual pass; outside predeclared audit sample
f68r3	OBJ_STAR_LIKE	NOT_VISIBLE	NOT_AUDITED	NOT_VISIBLE	SINGLE_FULL_PASS_PREDECLARED_AUDIT	Full visual pass; outside predeclared audit sample
f68r3	OBJ_CIRCULAR_UNITS	NOT_VISIBLE	NOT_AUDITED	NOT_VISIBLE	SINGLE_FULL_PASS_PREDECLARED_AUDIT	Full visual pass; outside predeclared audit sample
f68r3	GEO_RADIAL	NOT_VISIBLE	NOT_AUDITED	NOT_VISIBLE	SINGLE_FULL_PASS_PREDECLARED_AUDIT	Full visual pass; outside predeclared audit sample
f68r3	GEO_CONCENTRIC	NOT_VISIBLE	NOT_AUDITED	NOT_VISIBLE	SINGLE_FULL_PASS_PREDECLARED_AUDIT	Full visual pass; outside predeclared audit sample
f68r3	GEO_BRANCHING	NOT_VISIBLE	NOT_AUDITED	NOT_VISIBLE	SINGLE_FULL_PASS_PREDECLARED_AUDIT	Full visual pass; outside predeclared audit sample
f68r3	FIG_RELATION	NOT_VISIBLE	NOT_AUDITED	NOT_VISIBLE	SINGLE_FULL_PASS_PREDECLARED_AUDIT	Full visual pass; outside predeclared audit sample
f68r3	FIG_ENCLOSED	NOT_VISIBLE	NOT_AUDITED	NOT_VISIBLE	SINGLE_FULL_PASS_PREDECLARED_AUDIT	Full visual pass; outside predeclared audit sample
f68r3	TXT_RADIAL	NOT_VISIBLE	NOT_AUDITED	NOT_VISIBLE	SINGLE_FULL_PASS_PREDECLARED_AUDIT	Full visual pass; outside predeclared audit sample
f68r3	VIS_DENSITY	NOT_VISIBLE	NOT_AUDITED	NOT_VISIBLE	SINGLE_FULL_PASS_PREDECLARED_AUDIT	Full visual pass; outside predeclared audit sample
f68r3	VIS_COMPLEXITY	NOT_VISIBLE	NOT_AUDITED	NOT_VISIBLE	SINGLE_FULL_PASS_PREDECLARED_AUDIT	Full visual pass; outside predeclared audit sample
f68v3	COMP_ILLUSTRATION_REGIONS	NOT_VISIBLE	NOT_AUDITED	NOT_VISIBLE	SINGLE_FULL_PASS_PREDECLARED_AUDIT	Full visual pass; outside predeclared audit sample
f68v3	COMP_CENTRAL_ILLUSTRATION	NOT_VISIBLE	NOT_AUDITED	NOT_VISIBLE	SINGLE_FULL_PASS_PREDECLARED_AUDIT	Full visual pass; outside predeclared audit sample
f68v3	OBJ_PLANT_LIKE	NOT_VISIBLE	NOT_AUDITED	NOT_VISIBLE	SINGLE_FULL_PASS_PREDECLARED_AUDIT	Full visual pass; outside predeclared audit sample
f68v3	OBJ_HUMAN_LIKE	NOT_VISIBLE	NOT_AUDITED	NOT_VISIBLE	SINGLE_FULL_PASS_PREDECLARED_AUDIT	Full visual pass; outside predeclared audit sample
f68v3	OBJ_CONTAINER_LIKE	NOT_VISIBLE	NOT_AUDITED	NOT_VISIBLE	SINGLE_FULL_PASS_PREDECLARED_AUDIT	Full visual pass; outside predeclared audit sample
f68v3	OBJ_STAR_LIKE	NOT_VISIBLE	NOT_AUDITED	NOT_VISIBLE	SINGLE_FULL_PASS_PREDECLARED_AUDIT	Full visual pass; outside predeclared audit sample
f68v3	OBJ_CIRCULAR_UNITS	NOT_VISIBLE	NOT_AUDITED	NOT_VISIBLE	SINGLE_FULL_PASS_PREDECLARED_AUDIT	Full visual pass; outside predeclared audit sample
f68v3	GEO_RADIAL	NOT_VISIBLE	NOT_AUDITED	NOT_VISIBLE	SINGLE_FULL_PASS_PREDECLARED_AUDIT	Full visual pass; outside predeclared audit sample
f68v3	GEO_CONCENTRIC	NOT_VISIBLE	NOT_AUDITED	NOT_VISIBLE	SINGLE_FULL_PASS_PREDECLARED_AUDIT	Full visual pass; outside predeclared audit sample
f68v3	GEO_BRANCHING	NOT_VISIBLE	NOT_AUDITED	NOT_VISIBLE	SINGLE_FULL_PASS_PREDECLARED_AUDIT	Full visual pass; outside predeclared audit sample
f68v3	FIG_RELATION	NOT_VISIBLE	NOT_AUDITED	NOT_VISIBLE	SINGLE_FULL_PASS_PREDECLARED_AUDIT	Full visual pass; outside predeclared audit sample
f68v3	FIG_ENCLOSED	NOT_VISIBLE	NOT_AUDITED	NOT_VISIBLE	SINGLE_FULL_PASS_PREDECLARED_AUDIT	Full visual pass; outside predeclared audit sample
f68v3	TXT_RADIAL	NOT_VISIBLE	NOT_AUDITED	NOT_VISIBLE	SINGLE_FULL_PASS_PREDECLARED_AUDIT	Full visual pass; outside predeclared audit sample
f68v3	VIS_DENSITY	NOT_VISIBLE	NOT_AUDITED	NOT_VISIBLE	SINGLE_FULL_PASS_PREDECLARED_AUDIT	Full visual pass; outside predeclared audit sample
f68v3	VIS_COMPLEXITY	NOT_VISIBLE	NOT_AUDITED	NOT_VISIBLE	SINGLE_FULL_PASS_PREDECLARED_AUDIT	Full visual pass; outside predeclared audit sample
f68v2	COMP_ILLUSTRATION_REGIONS	NOT_VISIBLE	NOT_AUDITED	NOT_VISIBLE	SINGLE_FULL_PASS_PREDECLARED_AUDIT	Full visual pass; outside predeclared audit sample
f68v2	COMP_CENTRAL_ILLUSTRATION	NOT_VISIBLE	NOT_AUDITED	NOT_VISIBLE	SINGLE_FULL_PASS_PREDECLARED_AUDIT	Full visual pass; outside predeclared audit sample
f68v2	OBJ_PLANT_LIKE	NOT_VISIBLE	NOT_AUDITED	NOT_VISIBLE	SINGLE_FULL_PASS_PREDECLARED_AUDIT	Full visual pass; outside predeclared audit sample
f68v2	OBJ_HUMAN_LIKE	NOT_VISIBLE	NOT_AUDITED	NOT_VISIBLE	SINGLE_FULL_PASS_PREDECLARED_AUDIT	Full visual pass; outside predeclared audit sample
f68v2	OBJ_CONTAINER_LIKE	NOT_VISIBLE	NOT_AUDITED	NOT_VISIBLE	SINGLE_FULL_PASS_PREDECLARED_AUDIT	Full visual pass; outside predeclared audit sample
f68v2	OBJ_STAR_LIKE	NOT_VISIBLE	NOT_AUDITED	NOT_VISIBLE	SINGLE_FULL_PASS_PREDECLARED_AUDIT	Full visual pass; outside predeclared audit sample
f68v2	OBJ_CIRCULAR_UNITS	NOT_VISIBLE	NOT_AUDITED	NOT_VISIBLE	SINGLE_FULL_PASS_PREDECLARED_AUDIT	Full visual pass; outside predeclared audit sample
f68v2	GEO_RADIAL	NOT_VISIBLE	NOT_AUDITED	NOT_VISIBLE	SINGLE_FULL_PASS_PREDECLARED_AUDIT	Full visual pass; outside predeclared audit sample
f68v2	GEO_CONCENTRIC	NOT_VISIBLE	NOT_AUDITED	NOT_VISIBLE	SINGLE_FULL_PASS_PREDECLARED_AUDIT	Full visual pass; outside predeclared audit sample
f68v2	GEO_BRANCHING	NOT_VISIBLE	NOT_AUDITED	NOT_VISIBLE	SINGLE_FULL_PASS_PREDECLARED_AUDIT	Full visual pass; outside predeclared audit sample
f68v2	FIG_RELATION	NOT_VISIBLE	NOT_AUDITED	NOT_VISIBLE	SINGLE_FULL_PASS_PREDECLARED_AUDIT	Full visual pass; outside predeclared audit sample
f68v2	FIG_ENCLOSED	NOT_VISIBLE	NOT_AUDITED	NOT_VISIBLE	SINGLE_FULL_PASS_PREDECLARED_AUDIT	Full visual pass; outside predeclared audit sample
f68v2	TXT_RADIAL	NOT_VISIBLE	NOT_AUDITED	NOT_VISIBLE	SINGLE_FULL_PASS_PREDECLARED_AUDIT	Full visual pass; outside predeclared audit sample
f68v2	VIS_DENSITY	NOT_VISIBLE	NOT_AUDITED	NOT_VISIBLE	SINGLE_FULL_PASS_PREDECLARED_AUDIT	Full visual pass; outside predeclared audit sample
f68v2	VIS_COMPLEXITY	NOT_VISIBLE	NOT_AUDITED	NOT_VISIBLE	SINGLE_FULL_PASS_PREDECLARED_AUDIT	Full visual pass; outside predeclared audit sample
f68v1	COMP_ILLUSTRATION_REGIONS	NOT_VISIBLE	NOT_AUDITED	NOT_VISIBLE	SINGLE_FULL_PASS_PREDECLARED_AUDIT	Full visual pass; outside predeclared audit sample
f68v1	COMP_CENTRAL_ILLUSTRATION	NOT_VISIBLE	NOT_AUDITED	NOT_VISIBLE	SINGLE_FULL_PASS_PREDECLARED_AUDIT	Full visual pass; outside predeclared audit sample
f68v1	OBJ_PLANT_LIKE	NOT_VISIBLE	NOT_AUDITED	NOT_VISIBLE	SINGLE_FULL_PASS_PREDECLARED_AUDIT	Full visual pass; outside predeclared audit sample
f68v1	OBJ_HUMAN_LIKE	NOT_VISIBLE	NOT_AUDITED	NOT_VISIBLE	SINGLE_FULL_PASS_PREDECLARED_AUDIT	Full visual pass; outside predeclared audit sample
f68v1	OBJ_CONTAINER_LIKE	NOT_VISIBLE	NOT_AUDITED	NOT_VISIBLE	SINGLE_FULL_PASS_PREDECLARED_AUDIT	Full visual pass; outside predeclared audit sample
f68v1	OBJ_STAR_LIKE	NOT_VISIBLE	NOT_AUDITED	NOT_VISIBLE	SINGLE_FULL_PASS_PREDECLARED_AUDIT	Full visual pass; outside predeclared audit sample
f68v1	OBJ_CIRCULAR_UNITS	NOT_VISIBLE	NOT_AUDITED	NOT_VISIBLE	SINGLE_FULL_PASS_PREDECLARED_AUDIT	Full visual pass; outside predeclared audit sample
f68v1	GEO_RADIAL	NOT_VISIBLE	NOT_AUDITED	NOT_VISIBLE	SINGLE_FULL_PASS_PREDECLARED_AUDIT	Full visual pass; outside predeclared audit sample
f68v1	GEO_CONCENTRIC	NOT_VISIBLE	NOT_AUDITED	NOT_VISIBLE	SINGLE_FULL_PASS_PREDECLARED_AUDIT	Full visual pass; outside predeclared audit sample
f68v1	GEO_BRANCHING	NOT_VISIBLE	NOT_AUDITED	NOT_VISIBLE	SINGLE_FULL_PASS_PREDECLARED_AUDIT	Full visual pass; outside predeclared audit sample
f68v1	FIG_RELATION	NOT_VISIBLE	NOT_AUDITED	NOT_VISIBLE	SINGLE_FULL_PASS_PREDECLARED_AUDIT	Full visual pass; outside predeclared audit sample
f68v1	FIG_ENCLOSED	NOT_VISIBLE	NOT_AUDITED	NOT_VISIBLE	SINGLE_FULL_PASS_PREDECLARED_AUDIT	Full visual pass; outside predeclared audit sample
f68v1	TXT_RADIAL	NOT_VISIBLE	NOT_AUDITED	NOT_VISIBLE	SINGLE_FULL_PASS_PREDECLARED_AUDIT	Full visual pass; outside predeclared audit sample
f68v1	VIS_DENSITY	NOT_VISIBLE	NOT_AUDITED	NOT_VISIBLE	SINGLE_FULL_PASS_PREDECLARED_AUDIT	Full visual pass; outside predeclared audit sample
f68v1	VIS_COMPLEXITY	NOT_VISIBLE	NOT_AUDITED	NOT_VISIBLE	SINGLE_FULL_PASS_PREDECLARED_AUDIT	Full visual pass; outside predeclared audit sample
f69r	COMP_ILLUSTRATION_REGIONS	1	1	1	INDEPENDENT_AUDIT_FINAL	Independent clean-room audit value
f69r	COMP_CENTRAL_ILLUSTRATION	PRESENT	PRESENT	PRESENT	INDEPENDENT_AUDIT_FINAL	Independent clean-room audit value
f69r	OBJ_PLANT_LIKE	0	0	0	INDEPENDENT_AUDIT_FINAL	Independent clean-room audit value
f69r	OBJ_HUMAN_LIKE	0	0	0	INDEPENDENT_AUDIT_FINAL	Independent clean-room audit value
f69r	OBJ_CONTAINER_LIKE	0	0	0	INDEPENDENT_AUDIT_FINAL	Independent clean-room audit value
f69r	OBJ_STAR_LIKE	1+	1+	1+	INDEPENDENT_AUDIT_FINAL	Independent clean-room audit value
f69r	OBJ_CIRCULAR_UNITS	1	1	1	INDEPENDENT_AUDIT_FINAL	Independent clean-room audit value
f69r	GEO_RADIAL	PRESENT	PRESENT	PRESENT	INDEPENDENT_AUDIT_FINAL	Independent clean-room audit value
f69r	GEO_CONCENTRIC	PRESENT	PRESENT	PRESENT	INDEPENDENT_AUDIT_FINAL	Independent clean-room audit value
f69r	GEO_BRANCHING	ABSENT	ABSENT	ABSENT	INDEPENDENT_AUDIT_FINAL	Independent clean-room audit value
f69r	FIG_RELATION	NOT_APPLICABLE	NOT_APPLICABLE	NOT_APPLICABLE	INDEPENDENT_AUDIT_FINAL	Independent clean-room audit value
f69r	FIG_ENCLOSED	NOT_APPLICABLE	NOT_APPLICABLE	NOT_APPLICABLE	INDEPENDENT_AUDIT_FINAL	Independent clean-room audit value
f69r	TXT_RADIAL	PRESENT	PRESENT	PRESENT	INDEPENDENT_AUDIT_FINAL	Independent clean-room audit value
f69r	VIS_DENSITY	HIGH	MEDIUM	MEDIUM	INDEPENDENT_AUDIT_FINAL	Independent clean-room audit value
f69r	VIS_COMPLEXITY	HIGH	HIGH	HIGH	INDEPENDENT_AUDIT_FINAL	Independent clean-room audit value
f69v	COMP_ILLUSTRATION_REGIONS	1	1	1	INDEPENDENT_AUDIT_FINAL	Independent clean-room audit value
f69v	COMP_CENTRAL_ILLUSTRATION	PRESENT	PRESENT	PRESENT	INDEPENDENT_AUDIT_FINAL	Independent clean-room audit value
f69v	OBJ_PLANT_LIKE	0	0	0	INDEPENDENT_AUDIT_FINAL	Independent clean-room audit value
f69v	OBJ_HUMAN_LIKE	0	0	0	INDEPENDENT_AUDIT_FINAL	Independent clean-room audit value
f69v	OBJ_CONTAINER_LIKE	0	0	0	INDEPENDENT_AUDIT_FINAL	Independent clean-room audit value
f69v	OBJ_STAR_LIKE	1+	1+	1+	INDEPENDENT_AUDIT_FINAL	Independent clean-room audit value
f69v	OBJ_CIRCULAR_UNITS	1	1	1	INDEPENDENT_AUDIT_FINAL	Independent clean-room audit value
f69v	GEO_RADIAL	PRESENT	PRESENT	PRESENT	INDEPENDENT_AUDIT_FINAL	Independent clean-room audit value
f69v	GEO_CONCENTRIC	PRESENT	PRESENT	PRESENT	INDEPENDENT_AUDIT_FINAL	Independent clean-room audit value
f69v	GEO_BRANCHING	ABSENT	ABSENT	ABSENT	INDEPENDENT_AUDIT_FINAL	Independent clean-room audit value
f69v	FIG_RELATION	NOT_APPLICABLE	NOT_APPLICABLE	NOT_APPLICABLE	INDEPENDENT_AUDIT_FINAL	Independent clean-room audit value
f69v	FIG_ENCLOSED	NOT_APPLICABLE	NOT_APPLICABLE	NOT_APPLICABLE	INDEPENDENT_AUDIT_FINAL	Independent clean-room audit value
f69v	TXT_RADIAL	PRESENT	PRESENT	PRESENT	INDEPENDENT_AUDIT_FINAL	Independent clean-room audit value
f69v	VIS_DENSITY	HIGH	MEDIUM	MEDIUM	INDEPENDENT_AUDIT_FINAL	Independent clean-room audit value
f69v	VIS_COMPLEXITY	HIGH	HIGH	HIGH	INDEPENDENT_AUDIT_FINAL	Independent clean-room audit value
f70r1	COMP_ILLUSTRATION_REGIONS	NOT_VISIBLE	NOT_AUDITED	NOT_VISIBLE	SINGLE_FULL_PASS_PREDECLARED_AUDIT	Full visual pass; outside predeclared audit sample
f70r1	COMP_CENTRAL_ILLUSTRATION	NOT_VISIBLE	NOT_AUDITED	NOT_VISIBLE	SINGLE_FULL_PASS_PREDECLARED_AUDIT	Full visual pass; outside predeclared audit sample
f70r1	OBJ_PLANT_LIKE	NOT_VISIBLE	NOT_AUDITED	NOT_VISIBLE	SINGLE_FULL_PASS_PREDECLARED_AUDIT	Full visual pass; outside predeclared audit sample
f70r1	OBJ_HUMAN_LIKE	NOT_VISIBLE	NOT_AUDITED	NOT_VISIBLE	SINGLE_FULL_PASS_PREDECLARED_AUDIT	Full visual pass; outside predeclared audit sample
f70r1	OBJ_CONTAINER_LIKE	NOT_VISIBLE	NOT_AUDITED	NOT_VISIBLE	SINGLE_FULL_PASS_PREDECLARED_AUDIT	Full visual pass; outside predeclared audit sample
f70r1	OBJ_STAR_LIKE	NOT_VISIBLE	NOT_AUDITED	NOT_VISIBLE	SINGLE_FULL_PASS_PREDECLARED_AUDIT	Full visual pass; outside predeclared audit sample
f70r1	OBJ_CIRCULAR_UNITS	NOT_VISIBLE	NOT_AUDITED	NOT_VISIBLE	SINGLE_FULL_PASS_PREDECLARED_AUDIT	Full visual pass; outside predeclared audit sample
f70r1	GEO_RADIAL	NOT_VISIBLE	NOT_AUDITED	NOT_VISIBLE	SINGLE_FULL_PASS_PREDECLARED_AUDIT	Full visual pass; outside predeclared audit sample
f70r1	GEO_CONCENTRIC	NOT_VISIBLE	NOT_AUDITED	NOT_VISIBLE	SINGLE_FULL_PASS_PREDECLARED_AUDIT	Full visual pass; outside predeclared audit sample
f70r1	GEO_BRANCHING	NOT_VISIBLE	NOT_AUDITED	NOT_VISIBLE	SINGLE_FULL_PASS_PREDECLARED_AUDIT	Full visual pass; outside predeclared audit sample
f70r1	FIG_RELATION	NOT_VISIBLE	NOT_AUDITED	NOT_VISIBLE	SINGLE_FULL_PASS_PREDECLARED_AUDIT	Full visual pass; outside predeclared audit sample
f70r1	FIG_ENCLOSED	NOT_VISIBLE	NOT_AUDITED	NOT_VISIBLE	SINGLE_FULL_PASS_PREDECLARED_AUDIT	Full visual pass; outside predeclared audit sample
f70r1	TXT_RADIAL	NOT_VISIBLE	NOT_AUDITED	NOT_VISIBLE	SINGLE_FULL_PASS_PREDECLARED_AUDIT	Full visual pass; outside predeclared audit sample
f70r1	VIS_DENSITY	NOT_VISIBLE	NOT_AUDITED	NOT_VISIBLE	SINGLE_FULL_PASS_PREDECLARED_AUDIT	Full visual pass; outside predeclared audit sample
f70r1	VIS_COMPLEXITY	NOT_VISIBLE	NOT_AUDITED	NOT_VISIBLE	SINGLE_FULL_PASS_PREDECLARED_AUDIT	Full visual pass; outside predeclared audit sample
f70r2	COMP_ILLUSTRATION_REGIONS	NOT_VISIBLE	1	1	INDEPENDENT_AUDIT_FINAL	Independent clean-room audit value
f70r2	COMP_CENTRAL_ILLUSTRATION	NOT_VISIBLE	PRESENT	PRESENT	INDEPENDENT_AUDIT_FINAL	Independent clean-room audit value
f70r2	OBJ_PLANT_LIKE	NOT_VISIBLE	0	0	INDEPENDENT_AUDIT_FINAL	Independent clean-room audit value
f70r2	OBJ_HUMAN_LIKE	NOT_VISIBLE	0	0	INDEPENDENT_AUDIT_FINAL	Independent clean-room audit value
f70r2	OBJ_CONTAINER_LIKE	NOT_VISIBLE	0	0	INDEPENDENT_AUDIT_FINAL	Independent clean-room audit value
f70r2	OBJ_STAR_LIKE	NOT_VISIBLE	1+	1+	INDEPENDENT_AUDIT_FINAL	Independent clean-room audit value
f70r2	OBJ_CIRCULAR_UNITS	NOT_VISIBLE	1	1	INDEPENDENT_AUDIT_FINAL	Independent clean-room audit value
f70r2	GEO_RADIAL	NOT_VISIBLE	PRESENT	PRESENT	INDEPENDENT_AUDIT_FINAL	Independent clean-room audit value
f70r2	GEO_CONCENTRIC	NOT_VISIBLE	PRESENT	PRESENT	INDEPENDENT_AUDIT_FINAL	Independent clean-room audit value
f70r2	GEO_BRANCHING	NOT_VISIBLE	ABSENT	ABSENT	INDEPENDENT_AUDIT_FINAL	Independent clean-room audit value
f70r2	FIG_RELATION	NOT_VISIBLE	NOT_APPLICABLE	NOT_APPLICABLE	INDEPENDENT_AUDIT_FINAL	Independent clean-room audit value
f70r2	FIG_ENCLOSED	NOT_VISIBLE	NOT_APPLICABLE	NOT_APPLICABLE	INDEPENDENT_AUDIT_FINAL	Independent clean-room audit value
f70r2	TXT_RADIAL	NOT_VISIBLE	PRESENT	PRESENT	INDEPENDENT_AUDIT_FINAL	Independent clean-room audit value
f70r2	VIS_DENSITY	NOT_VISIBLE	MEDIUM	MEDIUM	INDEPENDENT_AUDIT_FINAL	Independent clean-room audit value
f70r2	VIS_COMPLEXITY	NOT_VISIBLE	HIGH	HIGH	INDEPENDENT_AUDIT_FINAL	Independent clean-room audit value
f70v2	COMP_ILLUSTRATION_REGIONS	NOT_VISIBLE	NOT_AUDITED	NOT_VISIBLE	SINGLE_FULL_PASS_PREDECLARED_AUDIT	Full visual pass; outside predeclared audit sample
f70v2	COMP_CENTRAL_ILLUSTRATION	NOT_VISIBLE	NOT_AUDITED	NOT_VISIBLE	SINGLE_FULL_PASS_PREDECLARED_AUDIT	Full visual pass; outside predeclared audit sample
f70v2	OBJ_PLANT_LIKE	NOT_VISIBLE	NOT_AUDITED	NOT_VISIBLE	SINGLE_FULL_PASS_PREDECLARED_AUDIT	Full visual pass; outside predeclared audit sample
f70v2	OBJ_HUMAN_LIKE	NOT_VISIBLE	NOT_AUDITED	NOT_VISIBLE	SINGLE_FULL_PASS_PREDECLARED_AUDIT	Full visual pass; outside predeclared audit sample
f70v2	OBJ_CONTAINER_LIKE	NOT_VISIBLE	NOT_AUDITED	NOT_VISIBLE	SINGLE_FULL_PASS_PREDECLARED_AUDIT	Full visual pass; outside predeclared audit sample
f70v2	OBJ_STAR_LIKE	NOT_VISIBLE	NOT_AUDITED	NOT_VISIBLE	SINGLE_FULL_PASS_PREDECLARED_AUDIT	Full visual pass; outside predeclared audit sample
f70v2	OBJ_CIRCULAR_UNITS	NOT_VISIBLE	NOT_AUDITED	NOT_VISIBLE	SINGLE_FULL_PASS_PREDECLARED_AUDIT	Full visual pass; outside predeclared audit sample
f70v2	GEO_RADIAL	NOT_VISIBLE	NOT_AUDITED	NOT_VISIBLE	SINGLE_FULL_PASS_PREDECLARED_AUDIT	Full visual pass; outside predeclared audit sample
f70v2	GEO_CONCENTRIC	NOT_VISIBLE	NOT_AUDITED	NOT_VISIBLE	SINGLE_FULL_PASS_PREDECLARED_AUDIT	Full visual pass; outside predeclared audit sample
f70v2	GEO_BRANCHING	NOT_VISIBLE	NOT_AUDITED	NOT_VISIBLE	SINGLE_FULL_PASS_PREDECLARED_AUDIT	Full visual pass; outside predeclared audit sample
f70v2	FIG_RELATION	NOT_VISIBLE	NOT_AUDITED	NOT_VISIBLE	SINGLE_FULL_PASS_PREDECLARED_AUDIT	Full visual pass; outside predeclared audit sample
f70v2	FIG_ENCLOSED	NOT_VISIBLE	NOT_AUDITED	NOT_VISIBLE	SINGLE_FULL_PASS_PREDECLARED_AUDIT	Full visual pass; outside predeclared audit sample
f70v2	TXT_RADIAL	NOT_VISIBLE	NOT_AUDITED	NOT_VISIBLE	SINGLE_FULL_PASS_PREDECLARED_AUDIT	Full visual pass; outside predeclared audit sample
f70v2	VIS_DENSITY	NOT_VISIBLE	NOT_AUDITED	NOT_VISIBLE	SINGLE_FULL_PASS_PREDECLARED_AUDIT	Full visual pass; outside predeclared audit sample
f70v2	VIS_COMPLEXITY	NOT_VISIBLE	NOT_AUDITED	NOT_VISIBLE	SINGLE_FULL_PASS_PREDECLARED_AUDIT	Full visual pass; outside predeclared audit sample
f70v1	COMP_ILLUSTRATION_REGIONS	NOT_VISIBLE	1	1	INDEPENDENT_AUDIT_FINAL	Independent clean-room audit value
f70v1	COMP_CENTRAL_ILLUSTRATION	NOT_VISIBLE	PRESENT	PRESENT	INDEPENDENT_AUDIT_FINAL	Independent clean-room audit value
f70v1	OBJ_PLANT_LIKE	NOT_VISIBLE	0	0	INDEPENDENT_AUDIT_FINAL	Independent clean-room audit value
f70v1	OBJ_HUMAN_LIKE	NOT_VISIBLE	4+	4+	INDEPENDENT_AUDIT_FINAL	Independent clean-room audit value
f70v1	OBJ_CONTAINER_LIKE	NOT_VISIBLE	1	1	INDEPENDENT_AUDIT_FINAL	Independent clean-room audit value
f70v1	OBJ_STAR_LIKE	NOT_VISIBLE	1+	1+	INDEPENDENT_AUDIT_FINAL	Independent clean-room audit value
f70v1	OBJ_CIRCULAR_UNITS	NOT_VISIBLE	1	1	INDEPENDENT_AUDIT_FINAL	Independent clean-room audit value
f70v1	GEO_RADIAL	NOT_VISIBLE	PRESENT	PRESENT	INDEPENDENT_AUDIT_FINAL	Independent clean-room audit value
f70v1	GEO_CONCENTRIC	NOT_VISIBLE	PRESENT	PRESENT	INDEPENDENT_AUDIT_FINAL	Independent clean-room audit value
f70v1	GEO_BRANCHING	NOT_VISIBLE	ABSENT	ABSENT	INDEPENDENT_AUDIT_FINAL	Independent clean-room audit value
f70v1	FIG_RELATION	NOT_VISIBLE	INTERACTING	INTERACTING	INDEPENDENT_AUDIT_FINAL	Independent clean-room audit value
f70v1	FIG_ENCLOSED	NOT_VISIBLE	PRESENT	PRESENT	INDEPENDENT_AUDIT_FINAL	Independent clean-room audit value
f70v1	TXT_RADIAL	NOT_VISIBLE	PRESENT	PRESENT	INDEPENDENT_AUDIT_FINAL	Independent clean-room audit value
f70v1	VIS_DENSITY	NOT_VISIBLE	MEDIUM	MEDIUM	INDEPENDENT_AUDIT_FINAL	Independent clean-room audit value
f70v1	VIS_COMPLEXITY	NOT_VISIBLE	HIGH	HIGH	INDEPENDENT_AUDIT_FINAL	Independent clean-room audit value
f71r	COMP_ILLUSTRATION_REGIONS	1	NOT_AUDITED	1	SINGLE_FULL_PASS_PREDECLARED_AUDIT	Full visual pass; outside predeclared audit sample
f71r	COMP_CENTRAL_ILLUSTRATION	PRESENT	NOT_AUDITED	PRESENT	SINGLE_FULL_PASS_PREDECLARED_AUDIT	Full visual pass; outside predeclared audit sample
f71r	OBJ_PLANT_LIKE	0	NOT_AUDITED	0	SINGLE_FULL_PASS_PREDECLARED_AUDIT	Full visual pass; outside predeclared audit sample
f71r	OBJ_HUMAN_LIKE	4+	NOT_AUDITED	4+	SINGLE_FULL_PASS_PREDECLARED_AUDIT	Full visual pass; outside predeclared audit sample
f71r	OBJ_CONTAINER_LIKE	0	NOT_AUDITED	0	SINGLE_FULL_PASS_PREDECLARED_AUDIT	Full visual pass; outside predeclared audit sample
f71r	OBJ_STAR_LIKE	1+	NOT_AUDITED	1+	SINGLE_FULL_PASS_PREDECLARED_AUDIT	Full visual pass; outside predeclared audit sample
f71r	OBJ_CIRCULAR_UNITS	1	NOT_AUDITED	1	SINGLE_FULL_PASS_PREDECLARED_AUDIT	Full visual pass; outside predeclared audit sample
f71r	GEO_RADIAL	PRESENT	NOT_AUDITED	PRESENT	SINGLE_FULL_PASS_PREDECLARED_AUDIT	Full visual pass; outside predeclared audit sample
f71r	GEO_CONCENTRIC	PRESENT	NOT_AUDITED	PRESENT	SINGLE_FULL_PASS_PREDECLARED_AUDIT	Full visual pass; outside predeclared audit sample
f71r	GEO_BRANCHING	ABSENT	NOT_AUDITED	ABSENT	SINGLE_FULL_PASS_PREDECLARED_AUDIT	Full visual pass; outside predeclared audit sample
f71r	FIG_RELATION	ISOLATED	NOT_AUDITED	ISOLATED	SINGLE_FULL_PASS_PREDECLARED_AUDIT	Full visual pass; outside predeclared audit sample
f71r	FIG_ENCLOSED	ABSENT	NOT_AUDITED	ABSENT	SINGLE_FULL_PASS_PREDECLARED_AUDIT	Full visual pass; outside predeclared audit sample
f71r	TXT_RADIAL	PRESENT	NOT_AUDITED	PRESENT	SINGLE_FULL_PASS_PREDECLARED_AUDIT	Full visual pass; outside predeclared audit sample
f71r	VIS_DENSITY	HIGH	NOT_AUDITED	HIGH	SINGLE_FULL_PASS_PREDECLARED_AUDIT	Full visual pass; outside predeclared audit sample
f71r	VIS_COMPLEXITY	HIGH	NOT_AUDITED	HIGH	SINGLE_FULL_PASS_PREDECLARED_AUDIT	Full visual pass; outside predeclared audit sample
f71v	COMP_ILLUSTRATION_REGIONS	1	NOT_AUDITED	1	SINGLE_FULL_PASS_PREDECLARED_AUDIT	Full visual pass; outside predeclared audit sample
f71v	COMP_CENTRAL_ILLUSTRATION	PRESENT	NOT_AUDITED	PRESENT	SINGLE_FULL_PASS_PREDECLARED_AUDIT	Full visual pass; outside predeclared audit sample
f71v	OBJ_PLANT_LIKE	0	NOT_AUDITED	0	SINGLE_FULL_PASS_PREDECLARED_AUDIT	Full visual pass; outside predeclared audit sample
f71v	OBJ_HUMAN_LIKE	4+	NOT_AUDITED	4+	SINGLE_FULL_PASS_PREDECLARED_AUDIT	Full visual pass; outside predeclared audit sample
f71v	OBJ_CONTAINER_LIKE	0	NOT_AUDITED	0	SINGLE_FULL_PASS_PREDECLARED_AUDIT	Full visual pass; outside predeclared audit sample
f71v	OBJ_STAR_LIKE	1+	NOT_AUDITED	1+	SINGLE_FULL_PASS_PREDECLARED_AUDIT	Full visual pass; outside predeclared audit sample
f71v	OBJ_CIRCULAR_UNITS	1	NOT_AUDITED	1	SINGLE_FULL_PASS_PREDECLARED_AUDIT	Full visual pass; outside predeclared audit sample
f71v	GEO_RADIAL	PRESENT	NOT_AUDITED	PRESENT	SINGLE_FULL_PASS_PREDECLARED_AUDIT	Full visual pass; outside predeclared audit sample
f71v	GEO_CONCENTRIC	PRESENT	NOT_AUDITED	PRESENT	SINGLE_FULL_PASS_PREDECLARED_AUDIT	Full visual pass; outside predeclared audit sample
f71v	GEO_BRANCHING	ABSENT	NOT_AUDITED	ABSENT	SINGLE_FULL_PASS_PREDECLARED_AUDIT	Full visual pass; outside predeclared audit sample
f71v	FIG_RELATION	ISOLATED	NOT_AUDITED	ISOLATED	SINGLE_FULL_PASS_PREDECLARED_AUDIT	Full visual pass; outside predeclared audit sample
f71v	FIG_ENCLOSED	ABSENT	NOT_AUDITED	ABSENT	SINGLE_FULL_PASS_PREDECLARED_AUDIT	Full visual pass; outside predeclared audit sample
f71v	TXT_RADIAL	PRESENT	NOT_AUDITED	PRESENT	SINGLE_FULL_PASS_PREDECLARED_AUDIT	Full visual pass; outside predeclared audit sample
f71v	VIS_DENSITY	HIGH	NOT_AUDITED	HIGH	SINGLE_FULL_PASS_PREDECLARED_AUDIT	Full visual pass; outside predeclared audit sample
f71v	VIS_COMPLEXITY	HIGH	NOT_AUDITED	HIGH	SINGLE_FULL_PASS_PREDECLARED_AUDIT	Full visual pass; outside predeclared audit sample
f72r1	COMP_ILLUSTRATION_REGIONS	NOT_VISIBLE	NOT_AUDITED	NOT_VISIBLE	SINGLE_FULL_PASS_PREDECLARED_AUDIT	Full visual pass; outside predeclared audit sample
f72r1	COMP_CENTRAL_ILLUSTRATION	NOT_VISIBLE	NOT_AUDITED	NOT_VISIBLE	SINGLE_FULL_PASS_PREDECLARED_AUDIT	Full visual pass; outside predeclared audit sample
f72r1	OBJ_PLANT_LIKE	NOT_VISIBLE	NOT_AUDITED	NOT_VISIBLE	SINGLE_FULL_PASS_PREDECLARED_AUDIT	Full visual pass; outside predeclared audit sample
f72r1	OBJ_HUMAN_LIKE	NOT_VISIBLE	NOT_AUDITED	NOT_VISIBLE	SINGLE_FULL_PASS_PREDECLARED_AUDIT	Full visual pass; outside predeclared audit sample
f72r1	OBJ_CONTAINER_LIKE	NOT_VISIBLE	NOT_AUDITED	NOT_VISIBLE	SINGLE_FULL_PASS_PREDECLARED_AUDIT	Full visual pass; outside predeclared audit sample
f72r1	OBJ_STAR_LIKE	NOT_VISIBLE	NOT_AUDITED	NOT_VISIBLE	SINGLE_FULL_PASS_PREDECLARED_AUDIT	Full visual pass; outside predeclared audit sample
f72r1	OBJ_CIRCULAR_UNITS	NOT_VISIBLE	NOT_AUDITED	NOT_VISIBLE	SINGLE_FULL_PASS_PREDECLARED_AUDIT	Full visual pass; outside predeclared audit sample
f72r1	GEO_RADIAL	NOT_VISIBLE	NOT_AUDITED	NOT_VISIBLE	SINGLE_FULL_PASS_PREDECLARED_AUDIT	Full visual pass; outside predeclared audit sample
f72r1	GEO_CONCENTRIC	NOT_VISIBLE	NOT_AUDITED	NOT_VISIBLE	SINGLE_FULL_PASS_PREDECLARED_AUDIT	Full visual pass; outside predeclared audit sample
f72r1	GEO_BRANCHING	NOT_VISIBLE	NOT_AUDITED	NOT_VISIBLE	SINGLE_FULL_PASS_PREDECLARED_AUDIT	Full visual pass; outside predeclared audit sample
f72r1	FIG_RELATION	NOT_VISIBLE	NOT_AUDITED	NOT_VISIBLE	SINGLE_FULL_PASS_PREDECLARED_AUDIT	Full visual pass; outside predeclared audit sample
f72r1	FIG_ENCLOSED	NOT_VISIBLE	NOT_AUDITED	NOT_VISIBLE	SINGLE_FULL_PASS_PREDECLARED_AUDIT	Full visual pass; outside predeclared audit sample
f72r1	TXT_RADIAL	NOT_VISIBLE	NOT_AUDITED	NOT_VISIBLE	SINGLE_FULL_PASS_PREDECLARED_AUDIT	Full visual pass; outside predeclared audit sample
f72r1	VIS_DENSITY	NOT_VISIBLE	NOT_AUDITED	NOT_VISIBLE	SINGLE_FULL_PASS_PREDECLARED_AUDIT	Full visual pass; outside predeclared audit sample
f72r1	VIS_COMPLEXITY	NOT_VISIBLE	NOT_AUDITED	NOT_VISIBLE	SINGLE_FULL_PASS_PREDECLARED_AUDIT	Full visual pass; outside predeclared audit sample
f72r2	COMP_ILLUSTRATION_REGIONS	NOT_VISIBLE	NOT_AUDITED	NOT_VISIBLE	SINGLE_FULL_PASS_PREDECLARED_AUDIT	Full visual pass; outside predeclared audit sample
f72r2	COMP_CENTRAL_ILLUSTRATION	NOT_VISIBLE	NOT_AUDITED	NOT_VISIBLE	SINGLE_FULL_PASS_PREDECLARED_AUDIT	Full visual pass; outside predeclared audit sample
f72r2	OBJ_PLANT_LIKE	NOT_VISIBLE	NOT_AUDITED	NOT_VISIBLE	SINGLE_FULL_PASS_PREDECLARED_AUDIT	Full visual pass; outside predeclared audit sample
f72r2	OBJ_HUMAN_LIKE	NOT_VISIBLE	NOT_AUDITED	NOT_VISIBLE	SINGLE_FULL_PASS_PREDECLARED_AUDIT	Full visual pass; outside predeclared audit sample
f72r2	OBJ_CONTAINER_LIKE	NOT_VISIBLE	NOT_AUDITED	NOT_VISIBLE	SINGLE_FULL_PASS_PREDECLARED_AUDIT	Full visual pass; outside predeclared audit sample
f72r2	OBJ_STAR_LIKE	NOT_VISIBLE	NOT_AUDITED	NOT_VISIBLE	SINGLE_FULL_PASS_PREDECLARED_AUDIT	Full visual pass; outside predeclared audit sample
f72r2	OBJ_CIRCULAR_UNITS	NOT_VISIBLE	NOT_AUDITED	NOT_VISIBLE	SINGLE_FULL_PASS_PREDECLARED_AUDIT	Full visual pass; outside predeclared audit sample
f72r2	GEO_RADIAL	NOT_VISIBLE	NOT_AUDITED	NOT_VISIBLE	SINGLE_FULL_PASS_PREDECLARED_AUDIT	Full visual pass; outside predeclared audit sample
f72r2	GEO_CONCENTRIC	NOT_VISIBLE	NOT_AUDITED	NOT_VISIBLE	SINGLE_FULL_PASS_PREDECLARED_AUDIT	Full visual pass; outside predeclared audit sample
f72r2	GEO_BRANCHING	NOT_VISIBLE	NOT_AUDITED	NOT_VISIBLE	SINGLE_FULL_PASS_PREDECLARED_AUDIT	Full visual pass; outside predeclared audit sample
f72r2	FIG_RELATION	NOT_VISIBLE	NOT_AUDITED	NOT_VISIBLE	SINGLE_FULL_PASS_PREDECLARED_AUDIT	Full visual pass; outside predeclared audit sample
f72r2	FIG_ENCLOSED	NOT_VISIBLE	NOT_AUDITED	NOT_VISIBLE	SINGLE_FULL_PASS_PREDECLARED_AUDIT	Full visual pass; outside predeclared audit sample
f72r2	TXT_RADIAL	NOT_VISIBLE	NOT_AUDITED	NOT_VISIBLE	SINGLE_FULL_PASS_PREDECLARED_AUDIT	Full visual pass; outside predeclared audit sample
f72r2	VIS_DENSITY	NOT_VISIBLE	NOT_AUDITED	NOT_VISIBLE	SINGLE_FULL_PASS_PREDECLARED_AUDIT	Full visual pass; outside predeclared audit sample
f72r2	VIS_COMPLEXITY	NOT_VISIBLE	NOT_AUDITED	NOT_VISIBLE	SINGLE_FULL_PASS_PREDECLARED_AUDIT	Full visual pass; outside predeclared audit sample
f72r3	COMP_ILLUSTRATION_REGIONS	NOT_VISIBLE	NOT_AUDITED	NOT_VISIBLE	SINGLE_FULL_PASS_PREDECLARED_AUDIT	Full visual pass; outside predeclared audit sample
f72r3	COMP_CENTRAL_ILLUSTRATION	NOT_VISIBLE	NOT_AUDITED	NOT_VISIBLE	SINGLE_FULL_PASS_PREDECLARED_AUDIT	Full visual pass; outside predeclared audit sample
f72r3	OBJ_PLANT_LIKE	NOT_VISIBLE	NOT_AUDITED	NOT_VISIBLE	SINGLE_FULL_PASS_PREDECLARED_AUDIT	Full visual pass; outside predeclared audit sample
f72r3	OBJ_HUMAN_LIKE	NOT_VISIBLE	NOT_AUDITED	NOT_VISIBLE	SINGLE_FULL_PASS_PREDECLARED_AUDIT	Full visual pass; outside predeclared audit sample
f72r3	OBJ_CONTAINER_LIKE	NOT_VISIBLE	NOT_AUDITED	NOT_VISIBLE	SINGLE_FULL_PASS_PREDECLARED_AUDIT	Full visual pass; outside predeclared audit sample
f72r3	OBJ_STAR_LIKE	NOT_VISIBLE	NOT_AUDITED	NOT_VISIBLE	SINGLE_FULL_PASS_PREDECLARED_AUDIT	Full visual pass; outside predeclared audit sample
f72r3	OBJ_CIRCULAR_UNITS	NOT_VISIBLE	NOT_AUDITED	NOT_VISIBLE	SINGLE_FULL_PASS_PREDECLARED_AUDIT	Full visual pass; outside predeclared audit sample
f72r3	GEO_RADIAL	NOT_VISIBLE	NOT_AUDITED	NOT_VISIBLE	SINGLE_FULL_PASS_PREDECLARED_AUDIT	Full visual pass; outside predeclared audit sample
f72r3	GEO_CONCENTRIC	NOT_VISIBLE	NOT_AUDITED	NOT_VISIBLE	SINGLE_FULL_PASS_PREDECLARED_AUDIT	Full visual pass; outside predeclared audit sample
f72r3	GEO_BRANCHING	NOT_VISIBLE	NOT_AUDITED	NOT_VISIBLE	SINGLE_FULL_PASS_PREDECLARED_AUDIT	Full visual pass; outside predeclared audit sample
f72r3	FIG_RELATION	NOT_VISIBLE	NOT_AUDITED	NOT_VISIBLE	SINGLE_FULL_PASS_PREDECLARED_AUDIT	Full visual pass; outside predeclared audit sample
f72r3	FIG_ENCLOSED	NOT_VISIBLE	NOT_AUDITED	NOT_VISIBLE	SINGLE_FULL_PASS_PREDECLARED_AUDIT	Full visual pass; outside predeclared audit sample
f72r3	TXT_RADIAL	NOT_VISIBLE	NOT_AUDITED	NOT_VISIBLE	SINGLE_FULL_PASS_PREDECLARED_AUDIT	Full visual pass; outside predeclared audit sample
f72r3	VIS_DENSITY	NOT_VISIBLE	NOT_AUDITED	NOT_VISIBLE	SINGLE_FULL_PASS_PREDECLARED_AUDIT	Full visual pass; outside predeclared audit sample
f72r3	VIS_COMPLEXITY	NOT_VISIBLE	NOT_AUDITED	NOT_VISIBLE	SINGLE_FULL_PASS_PREDECLARED_AUDIT	Full visual pass; outside predeclared audit sample
f72v3	COMP_ILLUSTRATION_REGIONS	NOT_VISIBLE	NOT_AUDITED	NOT_VISIBLE	SINGLE_FULL_PASS_PREDECLARED_AUDIT	Full visual pass; outside predeclared audit sample
f72v3	COMP_CENTRAL_ILLUSTRATION	NOT_VISIBLE	NOT_AUDITED	NOT_VISIBLE	SINGLE_FULL_PASS_PREDECLARED_AUDIT	Full visual pass; outside predeclared audit sample
f72v3	OBJ_PLANT_LIKE	NOT_VISIBLE	NOT_AUDITED	NOT_VISIBLE	SINGLE_FULL_PASS_PREDECLARED_AUDIT	Full visual pass; outside predeclared audit sample
f72v3	OBJ_HUMAN_LIKE	NOT_VISIBLE	NOT_AUDITED	NOT_VISIBLE	SINGLE_FULL_PASS_PREDECLARED_AUDIT	Full visual pass; outside predeclared audit sample
f72v3	OBJ_CONTAINER_LIKE	NOT_VISIBLE	NOT_AUDITED	NOT_VISIBLE	SINGLE_FULL_PASS_PREDECLARED_AUDIT	Full visual pass; outside predeclared audit sample
f72v3	OBJ_STAR_LIKE	NOT_VISIBLE	NOT_AUDITED	NOT_VISIBLE	SINGLE_FULL_PASS_PREDECLARED_AUDIT	Full visual pass; outside predeclared audit sample
f72v3	OBJ_CIRCULAR_UNITS	NOT_VISIBLE	NOT_AUDITED	NOT_VISIBLE	SINGLE_FULL_PASS_PREDECLARED_AUDIT	Full visual pass; outside predeclared audit sample
f72v3	GEO_RADIAL	NOT_VISIBLE	NOT_AUDITED	NOT_VISIBLE	SINGLE_FULL_PASS_PREDECLARED_AUDIT	Full visual pass; outside predeclared audit sample
f72v3	GEO_CONCENTRIC	NOT_VISIBLE	NOT_AUDITED	NOT_VISIBLE	SINGLE_FULL_PASS_PREDECLARED_AUDIT	Full visual pass; outside predeclared audit sample
f72v3	GEO_BRANCHING	NOT_VISIBLE	NOT_AUDITED	NOT_VISIBLE	SINGLE_FULL_PASS_PREDECLARED_AUDIT	Full visual pass; outside predeclared audit sample
f72v3	FIG_RELATION	NOT_VISIBLE	NOT_AUDITED	NOT_VISIBLE	SINGLE_FULL_PASS_PREDECLARED_AUDIT	Full visual pass; outside predeclared audit sample
f72v3	FIG_ENCLOSED	NOT_VISIBLE	NOT_AUDITED	NOT_VISIBLE	SINGLE_FULL_PASS_PREDECLARED_AUDIT	Full visual pass; outside predeclared audit sample
f72v3	TXT_RADIAL	NOT_VISIBLE	NOT_AUDITED	NOT_VISIBLE	SINGLE_FULL_PASS_PREDECLARED_AUDIT	Full visual pass; outside predeclared audit sample
f72v3	VIS_DENSITY	NOT_VISIBLE	NOT_AUDITED	NOT_VISIBLE	SINGLE_FULL_PASS_PREDECLARED_AUDIT	Full visual pass; outside predeclared audit sample
f72v3	VIS_COMPLEXITY	NOT_VISIBLE	NOT_AUDITED	NOT_VISIBLE	SINGLE_FULL_PASS_PREDECLARED_AUDIT	Full visual pass; outside predeclared audit sample
f72v2	COMP_ILLUSTRATION_REGIONS	NOT_VISIBLE	NOT_AUDITED	NOT_VISIBLE	SINGLE_FULL_PASS_PREDECLARED_AUDIT	Full visual pass; outside predeclared audit sample
f72v2	COMP_CENTRAL_ILLUSTRATION	NOT_VISIBLE	NOT_AUDITED	NOT_VISIBLE	SINGLE_FULL_PASS_PREDECLARED_AUDIT	Full visual pass; outside predeclared audit sample
f72v2	OBJ_PLANT_LIKE	NOT_VISIBLE	NOT_AUDITED	NOT_VISIBLE	SINGLE_FULL_PASS_PREDECLARED_AUDIT	Full visual pass; outside predeclared audit sample
f72v2	OBJ_HUMAN_LIKE	NOT_VISIBLE	NOT_AUDITED	NOT_VISIBLE	SINGLE_FULL_PASS_PREDECLARED_AUDIT	Full visual pass; outside predeclared audit sample
f72v2	OBJ_CONTAINER_LIKE	NOT_VISIBLE	NOT_AUDITED	NOT_VISIBLE	SINGLE_FULL_PASS_PREDECLARED_AUDIT	Full visual pass; outside predeclared audit sample
f72v2	OBJ_STAR_LIKE	NOT_VISIBLE	NOT_AUDITED	NOT_VISIBLE	SINGLE_FULL_PASS_PREDECLARED_AUDIT	Full visual pass; outside predeclared audit sample
f72v2	OBJ_CIRCULAR_UNITS	NOT_VISIBLE	NOT_AUDITED	NOT_VISIBLE	SINGLE_FULL_PASS_PREDECLARED_AUDIT	Full visual pass; outside predeclared audit sample
f72v2	GEO_RADIAL	NOT_VISIBLE	NOT_AUDITED	NOT_VISIBLE	SINGLE_FULL_PASS_PREDECLARED_AUDIT	Full visual pass; outside predeclared audit sample
f72v2	GEO_CONCENTRIC	NOT_VISIBLE	NOT_AUDITED	NOT_VISIBLE	SINGLE_FULL_PASS_PREDECLARED_AUDIT	Full visual pass; outside predeclared audit sample
f72v2	GEO_BRANCHING	NOT_VISIBLE	NOT_AUDITED	NOT_VISIBLE	SINGLE_FULL_PASS_PREDECLARED_AUDIT	Full visual pass; outside predeclared audit sample
f72v2	FIG_RELATION	NOT_VISIBLE	NOT_AUDITED	NOT_VISIBLE	SINGLE_FULL_PASS_PREDECLARED_AUDIT	Full visual pass; outside predeclared audit sample
f72v2	FIG_ENCLOSED	NOT_VISIBLE	NOT_AUDITED	NOT_VISIBLE	SINGLE_FULL_PASS_PREDECLARED_AUDIT	Full visual pass; outside predeclared audit sample
f72v2	TXT_RADIAL	NOT_VISIBLE	NOT_AUDITED	NOT_VISIBLE	SINGLE_FULL_PASS_PREDECLARED_AUDIT	Full visual pass; outside predeclared audit sample
f72v2	VIS_DENSITY	NOT_VISIBLE	NOT_AUDITED	NOT_VISIBLE	SINGLE_FULL_PASS_PREDECLARED_AUDIT	Full visual pass; outside predeclared audit sample
f72v2	VIS_COMPLEXITY	NOT_VISIBLE	NOT_AUDITED	NOT_VISIBLE	SINGLE_FULL_PASS_PREDECLARED_AUDIT	Full visual pass; outside predeclared audit sample
f72v1	COMP_ILLUSTRATION_REGIONS	NOT_VISIBLE	NOT_AUDITED	NOT_VISIBLE	SINGLE_FULL_PASS_PREDECLARED_AUDIT	Full visual pass; outside predeclared audit sample
f72v1	COMP_CENTRAL_ILLUSTRATION	NOT_VISIBLE	NOT_AUDITED	NOT_VISIBLE	SINGLE_FULL_PASS_PREDECLARED_AUDIT	Full visual pass; outside predeclared audit sample
f72v1	OBJ_PLANT_LIKE	NOT_VISIBLE	NOT_AUDITED	NOT_VISIBLE	SINGLE_FULL_PASS_PREDECLARED_AUDIT	Full visual pass; outside predeclared audit sample
f72v1	OBJ_HUMAN_LIKE	NOT_VISIBLE	NOT_AUDITED	NOT_VISIBLE	SINGLE_FULL_PASS_PREDECLARED_AUDIT	Full visual pass; outside predeclared audit sample
f72v1	OBJ_CONTAINER_LIKE	NOT_VISIBLE	NOT_AUDITED	NOT_VISIBLE	SINGLE_FULL_PASS_PREDECLARED_AUDIT	Full visual pass; outside predeclared audit sample
f72v1	OBJ_STAR_LIKE	NOT_VISIBLE	NOT_AUDITED	NOT_VISIBLE	SINGLE_FULL_PASS_PREDECLARED_AUDIT	Full visual pass; outside predeclared audit sample
f72v1	OBJ_CIRCULAR_UNITS	NOT_VISIBLE	NOT_AUDITED	NOT_VISIBLE	SINGLE_FULL_PASS_PREDECLARED_AUDIT	Full visual pass; outside predeclared audit sample
f72v1	GEO_RADIAL	NOT_VISIBLE	NOT_AUDITED	NOT_VISIBLE	SINGLE_FULL_PASS_PREDECLARED_AUDIT	Full visual pass; outside predeclared audit sample
f72v1	GEO_CONCENTRIC	NOT_VISIBLE	NOT_AUDITED	NOT_VISIBLE	SINGLE_FULL_PASS_PREDECLARED_AUDIT	Full visual pass; outside predeclared audit sample
f72v1	GEO_BRANCHING	NOT_VISIBLE	NOT_AUDITED	NOT_VISIBLE	SINGLE_FULL_PASS_PREDECLARED_AUDIT	Full visual pass; outside predeclared audit sample
f72v1	FIG_RELATION	NOT_VISIBLE	NOT_AUDITED	NOT_VISIBLE	SINGLE_FULL_PASS_PREDECLARED_AUDIT	Full visual pass; outside predeclared audit sample
f72v1	FIG_ENCLOSED	NOT_VISIBLE	NOT_AUDITED	NOT_VISIBLE	SINGLE_FULL_PASS_PREDECLARED_AUDIT	Full visual pass; outside predeclared audit sample
f72v1	TXT_RADIAL	NOT_VISIBLE	NOT_AUDITED	NOT_VISIBLE	SINGLE_FULL_PASS_PREDECLARED_AUDIT	Full visual pass; outside predeclared audit sample
f72v1	VIS_DENSITY	NOT_VISIBLE	NOT_AUDITED	NOT_VISIBLE	SINGLE_FULL_PASS_PREDECLARED_AUDIT	Full visual pass; outside predeclared audit sample
f72v1	VIS_COMPLEXITY	NOT_VISIBLE	NOT_AUDITED	NOT_VISIBLE	SINGLE_FULL_PASS_PREDECLARED_AUDIT	Full visual pass; outside predeclared audit sample
f73r	COMP_ILLUSTRATION_REGIONS	1	NOT_AUDITED	1	SINGLE_FULL_PASS_PREDECLARED_AUDIT	Full visual pass; outside predeclared audit sample
f73r	COMP_CENTRAL_ILLUSTRATION	PRESENT	NOT_AUDITED	PRESENT	SINGLE_FULL_PASS_PREDECLARED_AUDIT	Full visual pass; outside predeclared audit sample
f73r	OBJ_PLANT_LIKE	0	NOT_AUDITED	0	SINGLE_FULL_PASS_PREDECLARED_AUDIT	Full visual pass; outside predeclared audit sample
f73r	OBJ_HUMAN_LIKE	4+	NOT_AUDITED	4+	SINGLE_FULL_PASS_PREDECLARED_AUDIT	Full visual pass; outside predeclared audit sample
f73r	OBJ_CONTAINER_LIKE	0	NOT_AUDITED	0	SINGLE_FULL_PASS_PREDECLARED_AUDIT	Full visual pass; outside predeclared audit sample
f73r	OBJ_STAR_LIKE	1+	NOT_AUDITED	1+	SINGLE_FULL_PASS_PREDECLARED_AUDIT	Full visual pass; outside predeclared audit sample
f73r	OBJ_CIRCULAR_UNITS	1	NOT_AUDITED	1	SINGLE_FULL_PASS_PREDECLARED_AUDIT	Full visual pass; outside predeclared audit sample
f73r	GEO_RADIAL	PRESENT	NOT_AUDITED	PRESENT	SINGLE_FULL_PASS_PREDECLARED_AUDIT	Full visual pass; outside predeclared audit sample
f73r	GEO_CONCENTRIC	PRESENT	NOT_AUDITED	PRESENT	SINGLE_FULL_PASS_PREDECLARED_AUDIT	Full visual pass; outside predeclared audit sample
f73r	GEO_BRANCHING	ABSENT	NOT_AUDITED	ABSENT	SINGLE_FULL_PASS_PREDECLARED_AUDIT	Full visual pass; outside predeclared audit sample
f73r	FIG_RELATION	ISOLATED	NOT_AUDITED	ISOLATED	SINGLE_FULL_PASS_PREDECLARED_AUDIT	Full visual pass; outside predeclared audit sample
f73r	FIG_ENCLOSED	ABSENT	NOT_AUDITED	ABSENT	SINGLE_FULL_PASS_PREDECLARED_AUDIT	Full visual pass; outside predeclared audit sample
f73r	TXT_RADIAL	PRESENT	NOT_AUDITED	PRESENT	SINGLE_FULL_PASS_PREDECLARED_AUDIT	Full visual pass; outside predeclared audit sample
f73r	VIS_DENSITY	HIGH	NOT_AUDITED	HIGH	SINGLE_FULL_PASS_PREDECLARED_AUDIT	Full visual pass; outside predeclared audit sample
f73r	VIS_COMPLEXITY	HIGH	NOT_AUDITED	HIGH	SINGLE_FULL_PASS_PREDECLARED_AUDIT	Full visual pass; outside predeclared audit sample
f73v	COMP_ILLUSTRATION_REGIONS	1	NOT_AUDITED	1	SINGLE_FULL_PASS_PREDECLARED_AUDIT	Full visual pass; outside predeclared audit sample
f73v	COMP_CENTRAL_ILLUSTRATION	PRESENT	NOT_AUDITED	PRESENT	SINGLE_FULL_PASS_PREDECLARED_AUDIT	Full visual pass; outside predeclared audit sample
f73v	OBJ_PLANT_LIKE	0	NOT_AUDITED	0	SINGLE_FULL_PASS_PREDECLARED_AUDIT	Full visual pass; outside predeclared audit sample
f73v	OBJ_HUMAN_LIKE	4+	NOT_AUDITED	4+	SINGLE_FULL_PASS_PREDECLARED_AUDIT	Full visual pass; outside predeclared audit sample
f73v	OBJ_CONTAINER_LIKE	0	NOT_AUDITED	0	SINGLE_FULL_PASS_PREDECLARED_AUDIT	Full visual pass; outside predeclared audit sample
f73v	OBJ_STAR_LIKE	1+	NOT_AUDITED	1+	SINGLE_FULL_PASS_PREDECLARED_AUDIT	Full visual pass; outside predeclared audit sample
f73v	OBJ_CIRCULAR_UNITS	1	NOT_AUDITED	1	SINGLE_FULL_PASS_PREDECLARED_AUDIT	Full visual pass; outside predeclared audit sample
f73v	GEO_RADIAL	PRESENT	NOT_AUDITED	PRESENT	SINGLE_FULL_PASS_PREDECLARED_AUDIT	Full visual pass; outside predeclared audit sample
f73v	GEO_CONCENTRIC	PRESENT	NOT_AUDITED	PRESENT	SINGLE_FULL_PASS_PREDECLARED_AUDIT	Full visual pass; outside predeclared audit sample
f73v	GEO_BRANCHING	ABSENT	NOT_AUDITED	ABSENT	SINGLE_FULL_PASS_PREDECLARED_AUDIT	Full visual pass; outside predeclared audit sample
f73v	FIG_RELATION	ISOLATED	NOT_AUDITED	ISOLATED	SINGLE_FULL_PASS_PREDECLARED_AUDIT	Full visual pass; outside predeclared audit sample
f73v	FIG_ENCLOSED	ABSENT	NOT_AUDITED	ABSENT	SINGLE_FULL_PASS_PREDECLARED_AUDIT	Full visual pass; outside predeclared audit sample
f73v	TXT_RADIAL	PRESENT	NOT_AUDITED	PRESENT	SINGLE_FULL_PASS_PREDECLARED_AUDIT	Full visual pass; outside predeclared audit sample
f73v	VIS_DENSITY	HIGH	NOT_AUDITED	HIGH	SINGLE_FULL_PASS_PREDECLARED_AUDIT	Full visual pass; outside predeclared audit sample
f73v	VIS_COMPLEXITY	HIGH	NOT_AUDITED	HIGH	SINGLE_FULL_PASS_PREDECLARED_AUDIT	Full visual pass; outside predeclared audit sample
f75r	COMP_ILLUSTRATION_REGIONS	MULTIPLE	NOT_AUDITED	MULTIPLE	SINGLE_FULL_PASS_PREDECLARED_AUDIT	Full visual pass; outside predeclared audit sample
f75r	COMP_CENTRAL_ILLUSTRATION	ABSENT	NOT_AUDITED	ABSENT	SINGLE_FULL_PASS_PREDECLARED_AUDIT	Full visual pass; outside predeclared audit sample
f75r	OBJ_PLANT_LIKE	0	NOT_AUDITED	0	SINGLE_FULL_PASS_PREDECLARED_AUDIT	Full visual pass; outside predeclared audit sample
f75r	OBJ_HUMAN_LIKE	4+	NOT_AUDITED	4+	SINGLE_FULL_PASS_PREDECLARED_AUDIT	Full visual pass; outside predeclared audit sample
f75r	OBJ_CONTAINER_LIKE	2-3	NOT_AUDITED	2-3	SINGLE_FULL_PASS_PREDECLARED_AUDIT	Full visual pass; outside predeclared audit sample
f75r	OBJ_STAR_LIKE	0	NOT_AUDITED	0	SINGLE_FULL_PASS_PREDECLARED_AUDIT	Full visual pass; outside predeclared audit sample
f75r	OBJ_CIRCULAR_UNITS	0	NOT_AUDITED	0	SINGLE_FULL_PASS_PREDECLARED_AUDIT	Full visual pass; outside predeclared audit sample
f75r	GEO_RADIAL	ABSENT	NOT_AUDITED	ABSENT	SINGLE_FULL_PASS_PREDECLARED_AUDIT	Full visual pass; outside predeclared audit sample
f75r	GEO_CONCENTRIC	ABSENT	NOT_AUDITED	ABSENT	SINGLE_FULL_PASS_PREDECLARED_AUDIT	Full visual pass; outside predeclared audit sample
f75r	GEO_BRANCHING	ABSENT	NOT_AUDITED	ABSENT	SINGLE_FULL_PASS_PREDECLARED_AUDIT	Full visual pass; outside predeclared audit sample
f75r	FIG_RELATION	INTERACTING	NOT_AUDITED	INTERACTING	SINGLE_FULL_PASS_PREDECLARED_AUDIT	Full visual pass; outside predeclared audit sample
f75r	FIG_ENCLOSED	PRESENT	NOT_AUDITED	PRESENT	SINGLE_FULL_PASS_PREDECLARED_AUDIT	Full visual pass; outside predeclared audit sample
f75r	TXT_RADIAL	ABSENT	NOT_AUDITED	ABSENT	SINGLE_FULL_PASS_PREDECLARED_AUDIT	Full visual pass; outside predeclared audit sample
f75r	VIS_DENSITY	HIGH	NOT_AUDITED	HIGH	SINGLE_FULL_PASS_PREDECLARED_AUDIT	Full visual pass; outside predeclared audit sample
f75r	VIS_COMPLEXITY	HIGH	NOT_AUDITED	HIGH	SINGLE_FULL_PASS_PREDECLARED_AUDIT	Full visual pass; outside predeclared audit sample
f75v	COMP_ILLUSTRATION_REGIONS	MULTIPLE	NOT_AUDITED	MULTIPLE	SINGLE_FULL_PASS_PREDECLARED_AUDIT	Full visual pass; outside predeclared audit sample
f75v	COMP_CENTRAL_ILLUSTRATION	ABSENT	NOT_AUDITED	ABSENT	SINGLE_FULL_PASS_PREDECLARED_AUDIT	Full visual pass; outside predeclared audit sample
f75v	OBJ_PLANT_LIKE	0	NOT_AUDITED	0	SINGLE_FULL_PASS_PREDECLARED_AUDIT	Full visual pass; outside predeclared audit sample
f75v	OBJ_HUMAN_LIKE	4+	NOT_AUDITED	4+	SINGLE_FULL_PASS_PREDECLARED_AUDIT	Full visual pass; outside predeclared audit sample
f75v	OBJ_CONTAINER_LIKE	2-3	NOT_AUDITED	2-3	SINGLE_FULL_PASS_PREDECLARED_AUDIT	Full visual pass; outside predeclared audit sample
f75v	OBJ_STAR_LIKE	0	NOT_AUDITED	0	SINGLE_FULL_PASS_PREDECLARED_AUDIT	Full visual pass; outside predeclared audit sample
f75v	OBJ_CIRCULAR_UNITS	0	NOT_AUDITED	0	SINGLE_FULL_PASS_PREDECLARED_AUDIT	Full visual pass; outside predeclared audit sample
f75v	GEO_RADIAL	ABSENT	NOT_AUDITED	ABSENT	SINGLE_FULL_PASS_PREDECLARED_AUDIT	Full visual pass; outside predeclared audit sample
f75v	GEO_CONCENTRIC	ABSENT	NOT_AUDITED	ABSENT	SINGLE_FULL_PASS_PREDECLARED_AUDIT	Full visual pass; outside predeclared audit sample
f75v	GEO_BRANCHING	ABSENT	NOT_AUDITED	ABSENT	SINGLE_FULL_PASS_PREDECLARED_AUDIT	Full visual pass; outside predeclared audit sample
f75v	FIG_RELATION	INTERACTING	NOT_AUDITED	INTERACTING	SINGLE_FULL_PASS_PREDECLARED_AUDIT	Full visual pass; outside predeclared audit sample
f75v	FIG_ENCLOSED	PRESENT	NOT_AUDITED	PRESENT	SINGLE_FULL_PASS_PREDECLARED_AUDIT	Full visual pass; outside predeclared audit sample
f75v	TXT_RADIAL	ABSENT	NOT_AUDITED	ABSENT	SINGLE_FULL_PASS_PREDECLARED_AUDIT	Full visual pass; outside predeclared audit sample
f75v	VIS_DENSITY	HIGH	NOT_AUDITED	HIGH	SINGLE_FULL_PASS_PREDECLARED_AUDIT	Full visual pass; outside predeclared audit sample
f75v	VIS_COMPLEXITY	HIGH	NOT_AUDITED	HIGH	SINGLE_FULL_PASS_PREDECLARED_AUDIT	Full visual pass; outside predeclared audit sample
f76r	COMP_ILLUSTRATION_REGIONS	0	NOT_AUDITED	0	SINGLE_FULL_PASS_PREDECLARED_AUDIT	Full visual pass; outside predeclared audit sample
f76r	COMP_CENTRAL_ILLUSTRATION	ABSENT	NOT_AUDITED	ABSENT	SINGLE_FULL_PASS_PREDECLARED_AUDIT	Full visual pass; outside predeclared audit sample
f76r	OBJ_PLANT_LIKE	0	NOT_AUDITED	0	SINGLE_FULL_PASS_PREDECLARED_AUDIT	Full visual pass; outside predeclared audit sample
f76r	OBJ_HUMAN_LIKE	0	NOT_AUDITED	0	SINGLE_FULL_PASS_PREDECLARED_AUDIT	Full visual pass; outside predeclared audit sample
f76r	OBJ_CONTAINER_LIKE	0	NOT_AUDITED	0	SINGLE_FULL_PASS_PREDECLARED_AUDIT	Full visual pass; outside predeclared audit sample
f76r	OBJ_STAR_LIKE	0	NOT_AUDITED	0	SINGLE_FULL_PASS_PREDECLARED_AUDIT	Full visual pass; outside predeclared audit sample
f76r	OBJ_CIRCULAR_UNITS	0	NOT_AUDITED	0	SINGLE_FULL_PASS_PREDECLARED_AUDIT	Full visual pass; outside predeclared audit sample
f76r	GEO_RADIAL	ABSENT	NOT_AUDITED	ABSENT	SINGLE_FULL_PASS_PREDECLARED_AUDIT	Full visual pass; outside predeclared audit sample
f76r	GEO_CONCENTRIC	ABSENT	NOT_AUDITED	ABSENT	SINGLE_FULL_PASS_PREDECLARED_AUDIT	Full visual pass; outside predeclared audit sample
f76r	GEO_BRANCHING	ABSENT	NOT_AUDITED	ABSENT	SINGLE_FULL_PASS_PREDECLARED_AUDIT	Full visual pass; outside predeclared audit sample
f76r	FIG_RELATION	NOT_APPLICABLE	NOT_AUDITED	NOT_APPLICABLE	SINGLE_FULL_PASS_PREDECLARED_AUDIT	Full visual pass; outside predeclared audit sample
f76r	FIG_ENCLOSED	NOT_APPLICABLE	NOT_AUDITED	NOT_APPLICABLE	SINGLE_FULL_PASS_PREDECLARED_AUDIT	Full visual pass; outside predeclared audit sample
f76r	TXT_RADIAL	ABSENT	NOT_AUDITED	ABSENT	SINGLE_FULL_PASS_PREDECLARED_AUDIT	Full visual pass; outside predeclared audit sample
f76r	VIS_DENSITY	LOW	NOT_AUDITED	LOW	SINGLE_FULL_PASS_PREDECLARED_AUDIT	Full visual pass; outside predeclared audit sample
f76r	VIS_COMPLEXITY	LOW	NOT_AUDITED	LOW	SINGLE_FULL_PASS_PREDECLARED_AUDIT	Full visual pass; outside predeclared audit sample
f76v	COMP_ILLUSTRATION_REGIONS	MULTIPLE	NOT_AUDITED	MULTIPLE	SINGLE_FULL_PASS_PREDECLARED_AUDIT	Full visual pass; outside predeclared audit sample
f76v	COMP_CENTRAL_ILLUSTRATION	ABSENT	NOT_AUDITED	ABSENT	SINGLE_FULL_PASS_PREDECLARED_AUDIT	Full visual pass; outside predeclared audit sample
f76v	OBJ_PLANT_LIKE	0	NOT_AUDITED	0	SINGLE_FULL_PASS_PREDECLARED_AUDIT	Full visual pass; outside predeclared audit sample
f76v	OBJ_HUMAN_LIKE	4+	NOT_AUDITED	4+	SINGLE_FULL_PASS_PREDECLARED_AUDIT	Full visual pass; outside predeclared audit sample
f76v	OBJ_CONTAINER_LIKE	2-3	NOT_AUDITED	2-3	SINGLE_FULL_PASS_PREDECLARED_AUDIT	Full visual pass; outside predeclared audit sample
f76v	OBJ_STAR_LIKE	0	NOT_AUDITED	0	SINGLE_FULL_PASS_PREDECLARED_AUDIT	Full visual pass; outside predeclared audit sample
f76v	OBJ_CIRCULAR_UNITS	0	NOT_AUDITED	0	SINGLE_FULL_PASS_PREDECLARED_AUDIT	Full visual pass; outside predeclared audit sample
f76v	GEO_RADIAL	ABSENT	NOT_AUDITED	ABSENT	SINGLE_FULL_PASS_PREDECLARED_AUDIT	Full visual pass; outside predeclared audit sample
f76v	GEO_CONCENTRIC	ABSENT	NOT_AUDITED	ABSENT	SINGLE_FULL_PASS_PREDECLARED_AUDIT	Full visual pass; outside predeclared audit sample
f76v	GEO_BRANCHING	ABSENT	NOT_AUDITED	ABSENT	SINGLE_FULL_PASS_PREDECLARED_AUDIT	Full visual pass; outside predeclared audit sample
f76v	FIG_RELATION	INTERACTING	NOT_AUDITED	INTERACTING	SINGLE_FULL_PASS_PREDECLARED_AUDIT	Full visual pass; outside predeclared audit sample
f76v	FIG_ENCLOSED	PRESENT	NOT_AUDITED	PRESENT	SINGLE_FULL_PASS_PREDECLARED_AUDIT	Full visual pass; outside predeclared audit sample
f76v	TXT_RADIAL	ABSENT	NOT_AUDITED	ABSENT	SINGLE_FULL_PASS_PREDECLARED_AUDIT	Full visual pass; outside predeclared audit sample
f76v	VIS_DENSITY	HIGH	NOT_AUDITED	HIGH	SINGLE_FULL_PASS_PREDECLARED_AUDIT	Full visual pass; outside predeclared audit sample
f76v	VIS_COMPLEXITY	HIGH	NOT_AUDITED	HIGH	SINGLE_FULL_PASS_PREDECLARED_AUDIT	Full visual pass; outside predeclared audit sample
f77r	COMP_ILLUSTRATION_REGIONS	MULTIPLE	NOT_AUDITED	MULTIPLE	SINGLE_FULL_PASS_PREDECLARED_AUDIT	Full visual pass; outside predeclared audit sample
f77r	COMP_CENTRAL_ILLUSTRATION	ABSENT	NOT_AUDITED	ABSENT	SINGLE_FULL_PASS_PREDECLARED_AUDIT	Full visual pass; outside predeclared audit sample
f77r	OBJ_PLANT_LIKE	0	NOT_AUDITED	0	SINGLE_FULL_PASS_PREDECLARED_AUDIT	Full visual pass; outside predeclared audit sample
f77r	OBJ_HUMAN_LIKE	4+	NOT_AUDITED	4+	SINGLE_FULL_PASS_PREDECLARED_AUDIT	Full visual pass; outside predeclared audit sample
f77r	OBJ_CONTAINER_LIKE	2-3	NOT_AUDITED	2-3	SINGLE_FULL_PASS_PREDECLARED_AUDIT	Full visual pass; outside predeclared audit sample
f77r	OBJ_STAR_LIKE	0	NOT_AUDITED	0	SINGLE_FULL_PASS_PREDECLARED_AUDIT	Full visual pass; outside predeclared audit sample
f77r	OBJ_CIRCULAR_UNITS	0	NOT_AUDITED	0	SINGLE_FULL_PASS_PREDECLARED_AUDIT	Full visual pass; outside predeclared audit sample
f77r	GEO_RADIAL	ABSENT	NOT_AUDITED	ABSENT	SINGLE_FULL_PASS_PREDECLARED_AUDIT	Full visual pass; outside predeclared audit sample
f77r	GEO_CONCENTRIC	ABSENT	NOT_AUDITED	ABSENT	SINGLE_FULL_PASS_PREDECLARED_AUDIT	Full visual pass; outside predeclared audit sample
f77r	GEO_BRANCHING	ABSENT	NOT_AUDITED	ABSENT	SINGLE_FULL_PASS_PREDECLARED_AUDIT	Full visual pass; outside predeclared audit sample
f77r	FIG_RELATION	INTERACTING	NOT_AUDITED	INTERACTING	SINGLE_FULL_PASS_PREDECLARED_AUDIT	Full visual pass; outside predeclared audit sample
f77r	FIG_ENCLOSED	PRESENT	NOT_AUDITED	PRESENT	SINGLE_FULL_PASS_PREDECLARED_AUDIT	Full visual pass; outside predeclared audit sample
f77r	TXT_RADIAL	ABSENT	NOT_AUDITED	ABSENT	SINGLE_FULL_PASS_PREDECLARED_AUDIT	Full visual pass; outside predeclared audit sample
f77r	VIS_DENSITY	HIGH	NOT_AUDITED	HIGH	SINGLE_FULL_PASS_PREDECLARED_AUDIT	Full visual pass; outside predeclared audit sample
f77r	VIS_COMPLEXITY	HIGH	NOT_AUDITED	HIGH	SINGLE_FULL_PASS_PREDECLARED_AUDIT	Full visual pass; outside predeclared audit sample
f77v	COMP_ILLUSTRATION_REGIONS	MULTIPLE	NOT_AUDITED	MULTIPLE	SINGLE_FULL_PASS_PREDECLARED_AUDIT	Full visual pass; outside predeclared audit sample
f77v	COMP_CENTRAL_ILLUSTRATION	ABSENT	NOT_AUDITED	ABSENT	SINGLE_FULL_PASS_PREDECLARED_AUDIT	Full visual pass; outside predeclared audit sample
f77v	OBJ_PLANT_LIKE	0	NOT_AUDITED	0	SINGLE_FULL_PASS_PREDECLARED_AUDIT	Full visual pass; outside predeclared audit sample
f77v	OBJ_HUMAN_LIKE	4+	NOT_AUDITED	4+	SINGLE_FULL_PASS_PREDECLARED_AUDIT	Full visual pass; outside predeclared audit sample
f77v	OBJ_CONTAINER_LIKE	2-3	NOT_AUDITED	2-3	SINGLE_FULL_PASS_PREDECLARED_AUDIT	Full visual pass; outside predeclared audit sample
f77v	OBJ_STAR_LIKE	0	NOT_AUDITED	0	SINGLE_FULL_PASS_PREDECLARED_AUDIT	Full visual pass; outside predeclared audit sample
f77v	OBJ_CIRCULAR_UNITS	0	NOT_AUDITED	0	SINGLE_FULL_PASS_PREDECLARED_AUDIT	Full visual pass; outside predeclared audit sample
f77v	GEO_RADIAL	ABSENT	NOT_AUDITED	ABSENT	SINGLE_FULL_PASS_PREDECLARED_AUDIT	Full visual pass; outside predeclared audit sample
f77v	GEO_CONCENTRIC	ABSENT	NOT_AUDITED	ABSENT	SINGLE_FULL_PASS_PREDECLARED_AUDIT	Full visual pass; outside predeclared audit sample
f77v	GEO_BRANCHING	ABSENT	NOT_AUDITED	ABSENT	SINGLE_FULL_PASS_PREDECLARED_AUDIT	Full visual pass; outside predeclared audit sample
f77v	FIG_RELATION	INTERACTING	NOT_AUDITED	INTERACTING	SINGLE_FULL_PASS_PREDECLARED_AUDIT	Full visual pass; outside predeclared audit sample
f77v	FIG_ENCLOSED	PRESENT	NOT_AUDITED	PRESENT	SINGLE_FULL_PASS_PREDECLARED_AUDIT	Full visual pass; outside predeclared audit sample
f77v	TXT_RADIAL	ABSENT	NOT_AUDITED	ABSENT	SINGLE_FULL_PASS_PREDECLARED_AUDIT	Full visual pass; outside predeclared audit sample
f77v	VIS_DENSITY	HIGH	NOT_AUDITED	HIGH	SINGLE_FULL_PASS_PREDECLARED_AUDIT	Full visual pass; outside predeclared audit sample
f77v	VIS_COMPLEXITY	HIGH	NOT_AUDITED	HIGH	SINGLE_FULL_PASS_PREDECLARED_AUDIT	Full visual pass; outside predeclared audit sample
f78r	COMP_ILLUSTRATION_REGIONS	MULTIPLE	NOT_AUDITED	MULTIPLE	SINGLE_FULL_PASS_PREDECLARED_AUDIT	Full visual pass; outside predeclared audit sample
f78r	COMP_CENTRAL_ILLUSTRATION	ABSENT	NOT_AUDITED	ABSENT	SINGLE_FULL_PASS_PREDECLARED_AUDIT	Full visual pass; outside predeclared audit sample
f78r	OBJ_PLANT_LIKE	0	NOT_AUDITED	0	SINGLE_FULL_PASS_PREDECLARED_AUDIT	Full visual pass; outside predeclared audit sample
f78r	OBJ_HUMAN_LIKE	4+	NOT_AUDITED	4+	SINGLE_FULL_PASS_PREDECLARED_AUDIT	Full visual pass; outside predeclared audit sample
f78r	OBJ_CONTAINER_LIKE	2-3	NOT_AUDITED	2-3	SINGLE_FULL_PASS_PREDECLARED_AUDIT	Full visual pass; outside predeclared audit sample
f78r	OBJ_STAR_LIKE	0	NOT_AUDITED	0	SINGLE_FULL_PASS_PREDECLARED_AUDIT	Full visual pass; outside predeclared audit sample
f78r	OBJ_CIRCULAR_UNITS	0	NOT_AUDITED	0	SINGLE_FULL_PASS_PREDECLARED_AUDIT	Full visual pass; outside predeclared audit sample
f78r	GEO_RADIAL	ABSENT	NOT_AUDITED	ABSENT	SINGLE_FULL_PASS_PREDECLARED_AUDIT	Full visual pass; outside predeclared audit sample
f78r	GEO_CONCENTRIC	ABSENT	NOT_AUDITED	ABSENT	SINGLE_FULL_PASS_PREDECLARED_AUDIT	Full visual pass; outside predeclared audit sample
f78r	GEO_BRANCHING	ABSENT	NOT_AUDITED	ABSENT	SINGLE_FULL_PASS_PREDECLARED_AUDIT	Full visual pass; outside predeclared audit sample
f78r	FIG_RELATION	INTERACTING	NOT_AUDITED	INTERACTING	SINGLE_FULL_PASS_PREDECLARED_AUDIT	Full visual pass; outside predeclared audit sample
f78r	FIG_ENCLOSED	PRESENT	NOT_AUDITED	PRESENT	SINGLE_FULL_PASS_PREDECLARED_AUDIT	Full visual pass; outside predeclared audit sample
f78r	TXT_RADIAL	ABSENT	NOT_AUDITED	ABSENT	SINGLE_FULL_PASS_PREDECLARED_AUDIT	Full visual pass; outside predeclared audit sample
f78r	VIS_DENSITY	HIGH	NOT_AUDITED	HIGH	SINGLE_FULL_PASS_PREDECLARED_AUDIT	Full visual pass; outside predeclared audit sample
f78r	VIS_COMPLEXITY	HIGH	NOT_AUDITED	HIGH	SINGLE_FULL_PASS_PREDECLARED_AUDIT	Full visual pass; outside predeclared audit sample
f78v	COMP_ILLUSTRATION_REGIONS	MULTIPLE	NOT_AUDITED	MULTIPLE	SINGLE_FULL_PASS_PREDECLARED_AUDIT	Full visual pass; outside predeclared audit sample
f78v	COMP_CENTRAL_ILLUSTRATION	ABSENT	NOT_AUDITED	ABSENT	SINGLE_FULL_PASS_PREDECLARED_AUDIT	Full visual pass; outside predeclared audit sample
f78v	OBJ_PLANT_LIKE	0	NOT_AUDITED	0	SINGLE_FULL_PASS_PREDECLARED_AUDIT	Full visual pass; outside predeclared audit sample
f78v	OBJ_HUMAN_LIKE	4+	NOT_AUDITED	4+	SINGLE_FULL_PASS_PREDECLARED_AUDIT	Full visual pass; outside predeclared audit sample
f78v	OBJ_CONTAINER_LIKE	2-3	NOT_AUDITED	2-3	SINGLE_FULL_PASS_PREDECLARED_AUDIT	Full visual pass; outside predeclared audit sample
f78v	OBJ_STAR_LIKE	0	NOT_AUDITED	0	SINGLE_FULL_PASS_PREDECLARED_AUDIT	Full visual pass; outside predeclared audit sample
f78v	OBJ_CIRCULAR_UNITS	0	NOT_AUDITED	0	SINGLE_FULL_PASS_PREDECLARED_AUDIT	Full visual pass; outside predeclared audit sample
f78v	GEO_RADIAL	ABSENT	NOT_AUDITED	ABSENT	SINGLE_FULL_PASS_PREDECLARED_AUDIT	Full visual pass; outside predeclared audit sample
f78v	GEO_CONCENTRIC	ABSENT	NOT_AUDITED	ABSENT	SINGLE_FULL_PASS_PREDECLARED_AUDIT	Full visual pass; outside predeclared audit sample
f78v	GEO_BRANCHING	ABSENT	NOT_AUDITED	ABSENT	SINGLE_FULL_PASS_PREDECLARED_AUDIT	Full visual pass; outside predeclared audit sample
f78v	FIG_RELATION	INTERACTING	NOT_AUDITED	INTERACTING	SINGLE_FULL_PASS_PREDECLARED_AUDIT	Full visual pass; outside predeclared audit sample
f78v	FIG_ENCLOSED	PRESENT	NOT_AUDITED	PRESENT	SINGLE_FULL_PASS_PREDECLARED_AUDIT	Full visual pass; outside predeclared audit sample
f78v	TXT_RADIAL	ABSENT	NOT_AUDITED	ABSENT	SINGLE_FULL_PASS_PREDECLARED_AUDIT	Full visual pass; outside predeclared audit sample
f78v	VIS_DENSITY	HIGH	NOT_AUDITED	HIGH	SINGLE_FULL_PASS_PREDECLARED_AUDIT	Full visual pass; outside predeclared audit sample
f78v	VIS_COMPLEXITY	HIGH	NOT_AUDITED	HIGH	SINGLE_FULL_PASS_PREDECLARED_AUDIT	Full visual pass; outside predeclared audit sample
f79r	COMP_ILLUSTRATION_REGIONS	MULTIPLE	NOT_AUDITED	MULTIPLE	SINGLE_FULL_PASS_PREDECLARED_AUDIT	Full visual pass; outside predeclared audit sample
f79r	COMP_CENTRAL_ILLUSTRATION	ABSENT	NOT_AUDITED	ABSENT	SINGLE_FULL_PASS_PREDECLARED_AUDIT	Full visual pass; outside predeclared audit sample
f79r	OBJ_PLANT_LIKE	0	NOT_AUDITED	0	SINGLE_FULL_PASS_PREDECLARED_AUDIT	Full visual pass; outside predeclared audit sample
f79r	OBJ_HUMAN_LIKE	4+	NOT_AUDITED	4+	SINGLE_FULL_PASS_PREDECLARED_AUDIT	Full visual pass; outside predeclared audit sample
f79r	OBJ_CONTAINER_LIKE	2-3	NOT_AUDITED	2-3	SINGLE_FULL_PASS_PREDECLARED_AUDIT	Full visual pass; outside predeclared audit sample
f79r	OBJ_STAR_LIKE	0	NOT_AUDITED	0	SINGLE_FULL_PASS_PREDECLARED_AUDIT	Full visual pass; outside predeclared audit sample
f79r	OBJ_CIRCULAR_UNITS	0	NOT_AUDITED	0	SINGLE_FULL_PASS_PREDECLARED_AUDIT	Full visual pass; outside predeclared audit sample
f79r	GEO_RADIAL	ABSENT	NOT_AUDITED	ABSENT	SINGLE_FULL_PASS_PREDECLARED_AUDIT	Full visual pass; outside predeclared audit sample
f79r	GEO_CONCENTRIC	ABSENT	NOT_AUDITED	ABSENT	SINGLE_FULL_PASS_PREDECLARED_AUDIT	Full visual pass; outside predeclared audit sample
f79r	GEO_BRANCHING	ABSENT	NOT_AUDITED	ABSENT	SINGLE_FULL_PASS_PREDECLARED_AUDIT	Full visual pass; outside predeclared audit sample
f79r	FIG_RELATION	INTERACTING	NOT_AUDITED	INTERACTING	SINGLE_FULL_PASS_PREDECLARED_AUDIT	Full visual pass; outside predeclared audit sample
f79r	FIG_ENCLOSED	PRESENT	NOT_AUDITED	PRESENT	SINGLE_FULL_PASS_PREDECLARED_AUDIT	Full visual pass; outside predeclared audit sample
f79r	TXT_RADIAL	ABSENT	NOT_AUDITED	ABSENT	SINGLE_FULL_PASS_PREDECLARED_AUDIT	Full visual pass; outside predeclared audit sample
f79r	VIS_DENSITY	HIGH	NOT_AUDITED	HIGH	SINGLE_FULL_PASS_PREDECLARED_AUDIT	Full visual pass; outside predeclared audit sample
f79r	VIS_COMPLEXITY	HIGH	NOT_AUDITED	HIGH	SINGLE_FULL_PASS_PREDECLARED_AUDIT	Full visual pass; outside predeclared audit sample
f79v	COMP_ILLUSTRATION_REGIONS	MULTIPLE	NOT_AUDITED	MULTIPLE	SINGLE_FULL_PASS_PREDECLARED_AUDIT	Full visual pass; outside predeclared audit sample
f79v	COMP_CENTRAL_ILLUSTRATION	ABSENT	NOT_AUDITED	ABSENT	SINGLE_FULL_PASS_PREDECLARED_AUDIT	Full visual pass; outside predeclared audit sample
f79v	OBJ_PLANT_LIKE	0	NOT_AUDITED	0	SINGLE_FULL_PASS_PREDECLARED_AUDIT	Full visual pass; outside predeclared audit sample
f79v	OBJ_HUMAN_LIKE	4+	NOT_AUDITED	4+	SINGLE_FULL_PASS_PREDECLARED_AUDIT	Full visual pass; outside predeclared audit sample
f79v	OBJ_CONTAINER_LIKE	2-3	NOT_AUDITED	2-3	SINGLE_FULL_PASS_PREDECLARED_AUDIT	Full visual pass; outside predeclared audit sample
f79v	OBJ_STAR_LIKE	0	NOT_AUDITED	0	SINGLE_FULL_PASS_PREDECLARED_AUDIT	Full visual pass; outside predeclared audit sample
f79v	OBJ_CIRCULAR_UNITS	0	NOT_AUDITED	0	SINGLE_FULL_PASS_PREDECLARED_AUDIT	Full visual pass; outside predeclared audit sample
f79v	GEO_RADIAL	ABSENT	NOT_AUDITED	ABSENT	SINGLE_FULL_PASS_PREDECLARED_AUDIT	Full visual pass; outside predeclared audit sample
f79v	GEO_CONCENTRIC	ABSENT	NOT_AUDITED	ABSENT	SINGLE_FULL_PASS_PREDECLARED_AUDIT	Full visual pass; outside predeclared audit sample
f79v	GEO_BRANCHING	ABSENT	NOT_AUDITED	ABSENT	SINGLE_FULL_PASS_PREDECLARED_AUDIT	Full visual pass; outside predeclared audit sample
f79v	FIG_RELATION	INTERACTING	NOT_AUDITED	INTERACTING	SINGLE_FULL_PASS_PREDECLARED_AUDIT	Full visual pass; outside predeclared audit sample
f79v	FIG_ENCLOSED	PRESENT	NOT_AUDITED	PRESENT	SINGLE_FULL_PASS_PREDECLARED_AUDIT	Full visual pass; outside predeclared audit sample
f79v	TXT_RADIAL	ABSENT	NOT_AUDITED	ABSENT	SINGLE_FULL_PASS_PREDECLARED_AUDIT	Full visual pass; outside predeclared audit sample
f79v	VIS_DENSITY	HIGH	NOT_AUDITED	HIGH	SINGLE_FULL_PASS_PREDECLARED_AUDIT	Full visual pass; outside predeclared audit sample
f79v	VIS_COMPLEXITY	HIGH	NOT_AUDITED	HIGH	SINGLE_FULL_PASS_PREDECLARED_AUDIT	Full visual pass; outside predeclared audit sample
f80r	COMP_ILLUSTRATION_REGIONS	MULTIPLE	NOT_AUDITED	MULTIPLE	SINGLE_FULL_PASS_PREDECLARED_AUDIT	Full visual pass; outside predeclared audit sample
f80r	COMP_CENTRAL_ILLUSTRATION	ABSENT	NOT_AUDITED	ABSENT	SINGLE_FULL_PASS_PREDECLARED_AUDIT	Full visual pass; outside predeclared audit sample
f80r	OBJ_PLANT_LIKE	0	NOT_AUDITED	0	SINGLE_FULL_PASS_PREDECLARED_AUDIT	Full visual pass; outside predeclared audit sample
f80r	OBJ_HUMAN_LIKE	4+	NOT_AUDITED	4+	SINGLE_FULL_PASS_PREDECLARED_AUDIT	Full visual pass; outside predeclared audit sample
f80r	OBJ_CONTAINER_LIKE	2-3	NOT_AUDITED	2-3	SINGLE_FULL_PASS_PREDECLARED_AUDIT	Full visual pass; outside predeclared audit sample
f80r	OBJ_STAR_LIKE	0	NOT_AUDITED	0	SINGLE_FULL_PASS_PREDECLARED_AUDIT	Full visual pass; outside predeclared audit sample
f80r	OBJ_CIRCULAR_UNITS	0	NOT_AUDITED	0	SINGLE_FULL_PASS_PREDECLARED_AUDIT	Full visual pass; outside predeclared audit sample
f80r	GEO_RADIAL	ABSENT	NOT_AUDITED	ABSENT	SINGLE_FULL_PASS_PREDECLARED_AUDIT	Full visual pass; outside predeclared audit sample
f80r	GEO_CONCENTRIC	ABSENT	NOT_AUDITED	ABSENT	SINGLE_FULL_PASS_PREDECLARED_AUDIT	Full visual pass; outside predeclared audit sample
f80r	GEO_BRANCHING	ABSENT	NOT_AUDITED	ABSENT	SINGLE_FULL_PASS_PREDECLARED_AUDIT	Full visual pass; outside predeclared audit sample
f80r	FIG_RELATION	INTERACTING	NOT_AUDITED	INTERACTING	SINGLE_FULL_PASS_PREDECLARED_AUDIT	Full visual pass; outside predeclared audit sample
f80r	FIG_ENCLOSED	PRESENT	NOT_AUDITED	PRESENT	SINGLE_FULL_PASS_PREDECLARED_AUDIT	Full visual pass; outside predeclared audit sample
f80r	TXT_RADIAL	ABSENT	NOT_AUDITED	ABSENT	SINGLE_FULL_PASS_PREDECLARED_AUDIT	Full visual pass; outside predeclared audit sample
f80r	VIS_DENSITY	HIGH	NOT_AUDITED	HIGH	SINGLE_FULL_PASS_PREDECLARED_AUDIT	Full visual pass; outside predeclared audit sample
f80r	VIS_COMPLEXITY	HIGH	NOT_AUDITED	HIGH	SINGLE_FULL_PASS_PREDECLARED_AUDIT	Full visual pass; outside predeclared audit sample
f80v	COMP_ILLUSTRATION_REGIONS	MULTIPLE	NOT_AUDITED	MULTIPLE	SINGLE_FULL_PASS_PREDECLARED_AUDIT	Full visual pass; outside predeclared audit sample
f80v	COMP_CENTRAL_ILLUSTRATION	ABSENT	NOT_AUDITED	ABSENT	SINGLE_FULL_PASS_PREDECLARED_AUDIT	Full visual pass; outside predeclared audit sample
f80v	OBJ_PLANT_LIKE	0	NOT_AUDITED	0	SINGLE_FULL_PASS_PREDECLARED_AUDIT	Full visual pass; outside predeclared audit sample
f80v	OBJ_HUMAN_LIKE	4+	NOT_AUDITED	4+	SINGLE_FULL_PASS_PREDECLARED_AUDIT	Full visual pass; outside predeclared audit sample
f80v	OBJ_CONTAINER_LIKE	2-3	NOT_AUDITED	2-3	SINGLE_FULL_PASS_PREDECLARED_AUDIT	Full visual pass; outside predeclared audit sample
f80v	OBJ_STAR_LIKE	0	NOT_AUDITED	0	SINGLE_FULL_PASS_PREDECLARED_AUDIT	Full visual pass; outside predeclared audit sample
f80v	OBJ_CIRCULAR_UNITS	0	NOT_AUDITED	0	SINGLE_FULL_PASS_PREDECLARED_AUDIT	Full visual pass; outside predeclared audit sample
f80v	GEO_RADIAL	ABSENT	NOT_AUDITED	ABSENT	SINGLE_FULL_PASS_PREDECLARED_AUDIT	Full visual pass; outside predeclared audit sample
f80v	GEO_CONCENTRIC	ABSENT	NOT_AUDITED	ABSENT	SINGLE_FULL_PASS_PREDECLARED_AUDIT	Full visual pass; outside predeclared audit sample
f80v	GEO_BRANCHING	ABSENT	NOT_AUDITED	ABSENT	SINGLE_FULL_PASS_PREDECLARED_AUDIT	Full visual pass; outside predeclared audit sample
f80v	FIG_RELATION	INTERACTING	NOT_AUDITED	INTERACTING	SINGLE_FULL_PASS_PREDECLARED_AUDIT	Full visual pass; outside predeclared audit sample
f80v	FIG_ENCLOSED	PRESENT	NOT_AUDITED	PRESENT	SINGLE_FULL_PASS_PREDECLARED_AUDIT	Full visual pass; outside predeclared audit sample
f80v	TXT_RADIAL	ABSENT	NOT_AUDITED	ABSENT	SINGLE_FULL_PASS_PREDECLARED_AUDIT	Full visual pass; outside predeclared audit sample
f80v	VIS_DENSITY	HIGH	NOT_AUDITED	HIGH	SINGLE_FULL_PASS_PREDECLARED_AUDIT	Full visual pass; outside predeclared audit sample
f80v	VIS_COMPLEXITY	HIGH	NOT_AUDITED	HIGH	SINGLE_FULL_PASS_PREDECLARED_AUDIT	Full visual pass; outside predeclared audit sample
f81r	COMP_ILLUSTRATION_REGIONS	MULTIPLE	NOT_AUDITED	MULTIPLE	SINGLE_FULL_PASS_PREDECLARED_AUDIT	Full visual pass; outside predeclared audit sample
f81r	COMP_CENTRAL_ILLUSTRATION	ABSENT	NOT_AUDITED	ABSENT	SINGLE_FULL_PASS_PREDECLARED_AUDIT	Full visual pass; outside predeclared audit sample
f81r	OBJ_PLANT_LIKE	0	NOT_AUDITED	0	SINGLE_FULL_PASS_PREDECLARED_AUDIT	Full visual pass; outside predeclared audit sample
f81r	OBJ_HUMAN_LIKE	4+	NOT_AUDITED	4+	SINGLE_FULL_PASS_PREDECLARED_AUDIT	Full visual pass; outside predeclared audit sample
f81r	OBJ_CONTAINER_LIKE	2-3	NOT_AUDITED	2-3	SINGLE_FULL_PASS_PREDECLARED_AUDIT	Full visual pass; outside predeclared audit sample
f81r	OBJ_STAR_LIKE	0	NOT_AUDITED	0	SINGLE_FULL_PASS_PREDECLARED_AUDIT	Full visual pass; outside predeclared audit sample
f81r	OBJ_CIRCULAR_UNITS	0	NOT_AUDITED	0	SINGLE_FULL_PASS_PREDECLARED_AUDIT	Full visual pass; outside predeclared audit sample
f81r	GEO_RADIAL	ABSENT	NOT_AUDITED	ABSENT	SINGLE_FULL_PASS_PREDECLARED_AUDIT	Full visual pass; outside predeclared audit sample
f81r	GEO_CONCENTRIC	ABSENT	NOT_AUDITED	ABSENT	SINGLE_FULL_PASS_PREDECLARED_AUDIT	Full visual pass; outside predeclared audit sample
f81r	GEO_BRANCHING	ABSENT	NOT_AUDITED	ABSENT	SINGLE_FULL_PASS_PREDECLARED_AUDIT	Full visual pass; outside predeclared audit sample
f81r	FIG_RELATION	INTERACTING	NOT_AUDITED	INTERACTING	SINGLE_FULL_PASS_PREDECLARED_AUDIT	Full visual pass; outside predeclared audit sample
f81r	FIG_ENCLOSED	PRESENT	NOT_AUDITED	PRESENT	SINGLE_FULL_PASS_PREDECLARED_AUDIT	Full visual pass; outside predeclared audit sample
f81r	TXT_RADIAL	ABSENT	NOT_AUDITED	ABSENT	SINGLE_FULL_PASS_PREDECLARED_AUDIT	Full visual pass; outside predeclared audit sample
f81r	VIS_DENSITY	HIGH	NOT_AUDITED	HIGH	SINGLE_FULL_PASS_PREDECLARED_AUDIT	Full visual pass; outside predeclared audit sample
f81r	VIS_COMPLEXITY	HIGH	NOT_AUDITED	HIGH	SINGLE_FULL_PASS_PREDECLARED_AUDIT	Full visual pass; outside predeclared audit sample
f81v	COMP_ILLUSTRATION_REGIONS	MULTIPLE	NOT_AUDITED	MULTIPLE	SINGLE_FULL_PASS_PREDECLARED_AUDIT	Full visual pass; outside predeclared audit sample
f81v	COMP_CENTRAL_ILLUSTRATION	ABSENT	NOT_AUDITED	ABSENT	SINGLE_FULL_PASS_PREDECLARED_AUDIT	Full visual pass; outside predeclared audit sample
f81v	OBJ_PLANT_LIKE	0	NOT_AUDITED	0	SINGLE_FULL_PASS_PREDECLARED_AUDIT	Full visual pass; outside predeclared audit sample
f81v	OBJ_HUMAN_LIKE	4+	NOT_AUDITED	4+	SINGLE_FULL_PASS_PREDECLARED_AUDIT	Full visual pass; outside predeclared audit sample
f81v	OBJ_CONTAINER_LIKE	2-3	NOT_AUDITED	2-3	SINGLE_FULL_PASS_PREDECLARED_AUDIT	Full visual pass; outside predeclared audit sample
f81v	OBJ_STAR_LIKE	0	NOT_AUDITED	0	SINGLE_FULL_PASS_PREDECLARED_AUDIT	Full visual pass; outside predeclared audit sample
f81v	OBJ_CIRCULAR_UNITS	0	NOT_AUDITED	0	SINGLE_FULL_PASS_PREDECLARED_AUDIT	Full visual pass; outside predeclared audit sample
f81v	GEO_RADIAL	ABSENT	NOT_AUDITED	ABSENT	SINGLE_FULL_PASS_PREDECLARED_AUDIT	Full visual pass; outside predeclared audit sample
f81v	GEO_CONCENTRIC	ABSENT	NOT_AUDITED	ABSENT	SINGLE_FULL_PASS_PREDECLARED_AUDIT	Full visual pass; outside predeclared audit sample
f81v	GEO_BRANCHING	ABSENT	NOT_AUDITED	ABSENT	SINGLE_FULL_PASS_PREDECLARED_AUDIT	Full visual pass; outside predeclared audit sample
f81v	FIG_RELATION	INTERACTING	NOT_AUDITED	INTERACTING	SINGLE_FULL_PASS_PREDECLARED_AUDIT	Full visual pass; outside predeclared audit sample
f81v	FIG_ENCLOSED	PRESENT	NOT_AUDITED	PRESENT	SINGLE_FULL_PASS_PREDECLARED_AUDIT	Full visual pass; outside predeclared audit sample
f81v	TXT_RADIAL	ABSENT	NOT_AUDITED	ABSENT	SINGLE_FULL_PASS_PREDECLARED_AUDIT	Full visual pass; outside predeclared audit sample
f81v	VIS_DENSITY	HIGH	NOT_AUDITED	HIGH	SINGLE_FULL_PASS_PREDECLARED_AUDIT	Full visual pass; outside predeclared audit sample
f81v	VIS_COMPLEXITY	HIGH	NOT_AUDITED	HIGH	SINGLE_FULL_PASS_PREDECLARED_AUDIT	Full visual pass; outside predeclared audit sample
f82r	COMP_ILLUSTRATION_REGIONS	MULTIPLE	NOT_AUDITED	MULTIPLE	SINGLE_FULL_PASS_PREDECLARED_AUDIT	Full visual pass; outside predeclared audit sample
f82r	COMP_CENTRAL_ILLUSTRATION	ABSENT	NOT_AUDITED	ABSENT	SINGLE_FULL_PASS_PREDECLARED_AUDIT	Full visual pass; outside predeclared audit sample
f82r	OBJ_PLANT_LIKE	0	NOT_AUDITED	0	SINGLE_FULL_PASS_PREDECLARED_AUDIT	Full visual pass; outside predeclared audit sample
f82r	OBJ_HUMAN_LIKE	4+	NOT_AUDITED	4+	SINGLE_FULL_PASS_PREDECLARED_AUDIT	Full visual pass; outside predeclared audit sample
f82r	OBJ_CONTAINER_LIKE	2-3	NOT_AUDITED	2-3	SINGLE_FULL_PASS_PREDECLARED_AUDIT	Full visual pass; outside predeclared audit sample
f82r	OBJ_STAR_LIKE	0	NOT_AUDITED	0	SINGLE_FULL_PASS_PREDECLARED_AUDIT	Full visual pass; outside predeclared audit sample
f82r	OBJ_CIRCULAR_UNITS	0	NOT_AUDITED	0	SINGLE_FULL_PASS_PREDECLARED_AUDIT	Full visual pass; outside predeclared audit sample
f82r	GEO_RADIAL	ABSENT	NOT_AUDITED	ABSENT	SINGLE_FULL_PASS_PREDECLARED_AUDIT	Full visual pass; outside predeclared audit sample
f82r	GEO_CONCENTRIC	ABSENT	NOT_AUDITED	ABSENT	SINGLE_FULL_PASS_PREDECLARED_AUDIT	Full visual pass; outside predeclared audit sample
f82r	GEO_BRANCHING	ABSENT	NOT_AUDITED	ABSENT	SINGLE_FULL_PASS_PREDECLARED_AUDIT	Full visual pass; outside predeclared audit sample
f82r	FIG_RELATION	INTERACTING	NOT_AUDITED	INTERACTING	SINGLE_FULL_PASS_PREDECLARED_AUDIT	Full visual pass; outside predeclared audit sample
f82r	FIG_ENCLOSED	PRESENT	NOT_AUDITED	PRESENT	SINGLE_FULL_PASS_PREDECLARED_AUDIT	Full visual pass; outside predeclared audit sample
f82r	TXT_RADIAL	ABSENT	NOT_AUDITED	ABSENT	SINGLE_FULL_PASS_PREDECLARED_AUDIT	Full visual pass; outside predeclared audit sample
f82r	VIS_DENSITY	HIGH	NOT_AUDITED	HIGH	SINGLE_FULL_PASS_PREDECLARED_AUDIT	Full visual pass; outside predeclared audit sample
f82r	VIS_COMPLEXITY	HIGH	NOT_AUDITED	HIGH	SINGLE_FULL_PASS_PREDECLARED_AUDIT	Full visual pass; outside predeclared audit sample
f82v	COMP_ILLUSTRATION_REGIONS	MULTIPLE	MULTIPLE	MULTIPLE	INDEPENDENT_AUDIT_FINAL	Independent clean-room audit value
f82v	COMP_CENTRAL_ILLUSTRATION	ABSENT	PRESENT	PRESENT	INDEPENDENT_AUDIT_FINAL	Independent clean-room audit value
f82v	OBJ_PLANT_LIKE	0	0	0	INDEPENDENT_AUDIT_FINAL	Independent clean-room audit value
f82v	OBJ_HUMAN_LIKE	4+	4+	4+	INDEPENDENT_AUDIT_FINAL	Independent clean-room audit value
f82v	OBJ_CONTAINER_LIKE	2-3	4+	4+	INDEPENDENT_AUDIT_FINAL	Independent clean-room audit value
f82v	OBJ_STAR_LIKE	0	0	0	INDEPENDENT_AUDIT_FINAL	Independent clean-room audit value
f82v	OBJ_CIRCULAR_UNITS	0	0	0	INDEPENDENT_AUDIT_FINAL	Independent clean-room audit value
f82v	GEO_RADIAL	ABSENT	ABSENT	ABSENT	INDEPENDENT_AUDIT_FINAL	Independent clean-room audit value
f82v	GEO_CONCENTRIC	ABSENT	ABSENT	ABSENT	INDEPENDENT_AUDIT_FINAL	Independent clean-room audit value
f82v	GEO_BRANCHING	ABSENT	ABSENT	ABSENT	INDEPENDENT_AUDIT_FINAL	Independent clean-room audit value
f82v	FIG_RELATION	INTERACTING	MIXED	MIXED	INDEPENDENT_AUDIT_FINAL	Independent clean-room audit value
f82v	FIG_ENCLOSED	PRESENT	PRESENT	PRESENT	INDEPENDENT_AUDIT_FINAL	Independent clean-room audit value
f82v	TXT_RADIAL	ABSENT	ABSENT	ABSENT	INDEPENDENT_AUDIT_FINAL	Independent clean-room audit value
f82v	VIS_DENSITY	HIGH	HIGH	HIGH	INDEPENDENT_AUDIT_FINAL	Independent clean-room audit value
f82v	VIS_COMPLEXITY	HIGH	HIGH	HIGH	INDEPENDENT_AUDIT_FINAL	Independent clean-room audit value
f83r	COMP_ILLUSTRATION_REGIONS	MULTIPLE	NOT_AUDITED	MULTIPLE	SINGLE_FULL_PASS_PREDECLARED_AUDIT	Full visual pass; outside predeclared audit sample
f83r	COMP_CENTRAL_ILLUSTRATION	ABSENT	NOT_AUDITED	ABSENT	SINGLE_FULL_PASS_PREDECLARED_AUDIT	Full visual pass; outside predeclared audit sample
f83r	OBJ_PLANT_LIKE	0	NOT_AUDITED	0	SINGLE_FULL_PASS_PREDECLARED_AUDIT	Full visual pass; outside predeclared audit sample
f83r	OBJ_HUMAN_LIKE	4+	NOT_AUDITED	4+	SINGLE_FULL_PASS_PREDECLARED_AUDIT	Full visual pass; outside predeclared audit sample
f83r	OBJ_CONTAINER_LIKE	2-3	NOT_AUDITED	2-3	SINGLE_FULL_PASS_PREDECLARED_AUDIT	Full visual pass; outside predeclared audit sample
f83r	OBJ_STAR_LIKE	0	NOT_AUDITED	0	SINGLE_FULL_PASS_PREDECLARED_AUDIT	Full visual pass; outside predeclared audit sample
f83r	OBJ_CIRCULAR_UNITS	0	NOT_AUDITED	0	SINGLE_FULL_PASS_PREDECLARED_AUDIT	Full visual pass; outside predeclared audit sample
f83r	GEO_RADIAL	ABSENT	NOT_AUDITED	ABSENT	SINGLE_FULL_PASS_PREDECLARED_AUDIT	Full visual pass; outside predeclared audit sample
f83r	GEO_CONCENTRIC	ABSENT	NOT_AUDITED	ABSENT	SINGLE_FULL_PASS_PREDECLARED_AUDIT	Full visual pass; outside predeclared audit sample
f83r	GEO_BRANCHING	ABSENT	NOT_AUDITED	ABSENT	SINGLE_FULL_PASS_PREDECLARED_AUDIT	Full visual pass; outside predeclared audit sample
f83r	FIG_RELATION	INTERACTING	NOT_AUDITED	INTERACTING	SINGLE_FULL_PASS_PREDECLARED_AUDIT	Full visual pass; outside predeclared audit sample
f83r	FIG_ENCLOSED	PRESENT	NOT_AUDITED	PRESENT	SINGLE_FULL_PASS_PREDECLARED_AUDIT	Full visual pass; outside predeclared audit sample
f83r	TXT_RADIAL	ABSENT	NOT_AUDITED	ABSENT	SINGLE_FULL_PASS_PREDECLARED_AUDIT	Full visual pass; outside predeclared audit sample
f83r	VIS_DENSITY	HIGH	NOT_AUDITED	HIGH	SINGLE_FULL_PASS_PREDECLARED_AUDIT	Full visual pass; outside predeclared audit sample
f83r	VIS_COMPLEXITY	HIGH	NOT_AUDITED	HIGH	SINGLE_FULL_PASS_PREDECLARED_AUDIT	Full visual pass; outside predeclared audit sample
f83v	COMP_ILLUSTRATION_REGIONS	MULTIPLE	NOT_AUDITED	MULTIPLE	SINGLE_FULL_PASS_PREDECLARED_AUDIT	Full visual pass; outside predeclared audit sample
f83v	COMP_CENTRAL_ILLUSTRATION	ABSENT	NOT_AUDITED	ABSENT	SINGLE_FULL_PASS_PREDECLARED_AUDIT	Full visual pass; outside predeclared audit sample
f83v	OBJ_PLANT_LIKE	0	NOT_AUDITED	0	SINGLE_FULL_PASS_PREDECLARED_AUDIT	Full visual pass; outside predeclared audit sample
f83v	OBJ_HUMAN_LIKE	4+	NOT_AUDITED	4+	SINGLE_FULL_PASS_PREDECLARED_AUDIT	Full visual pass; outside predeclared audit sample
f83v	OBJ_CONTAINER_LIKE	2-3	NOT_AUDITED	2-3	SINGLE_FULL_PASS_PREDECLARED_AUDIT	Full visual pass; outside predeclared audit sample
f83v	OBJ_STAR_LIKE	0	NOT_AUDITED	0	SINGLE_FULL_PASS_PREDECLARED_AUDIT	Full visual pass; outside predeclared audit sample
f83v	OBJ_CIRCULAR_UNITS	0	NOT_AUDITED	0	SINGLE_FULL_PASS_PREDECLARED_AUDIT	Full visual pass; outside predeclared audit sample
f83v	GEO_RADIAL	ABSENT	NOT_AUDITED	ABSENT	SINGLE_FULL_PASS_PREDECLARED_AUDIT	Full visual pass; outside predeclared audit sample
f83v	GEO_CONCENTRIC	ABSENT	NOT_AUDITED	ABSENT	SINGLE_FULL_PASS_PREDECLARED_AUDIT	Full visual pass; outside predeclared audit sample
f83v	GEO_BRANCHING	ABSENT	NOT_AUDITED	ABSENT	SINGLE_FULL_PASS_PREDECLARED_AUDIT	Full visual pass; outside predeclared audit sample
f83v	FIG_RELATION	INTERACTING	NOT_AUDITED	INTERACTING	SINGLE_FULL_PASS_PREDECLARED_AUDIT	Full visual pass; outside predeclared audit sample
f83v	FIG_ENCLOSED	PRESENT	NOT_AUDITED	PRESENT	SINGLE_FULL_PASS_PREDECLARED_AUDIT	Full visual pass; outside predeclared audit sample
f83v	TXT_RADIAL	ABSENT	NOT_AUDITED	ABSENT	SINGLE_FULL_PASS_PREDECLARED_AUDIT	Full visual pass; outside predeclared audit sample
f83v	VIS_DENSITY	HIGH	NOT_AUDITED	HIGH	SINGLE_FULL_PASS_PREDECLARED_AUDIT	Full visual pass; outside predeclared audit sample
f83v	VIS_COMPLEXITY	HIGH	NOT_AUDITED	HIGH	SINGLE_FULL_PASS_PREDECLARED_AUDIT	Full visual pass; outside predeclared audit sample
f84r	COMP_ILLUSTRATION_REGIONS	MULTIPLE	NOT_AUDITED	MULTIPLE	SINGLE_FULL_PASS_PREDECLARED_AUDIT	Full visual pass; outside predeclared audit sample
f84r	COMP_CENTRAL_ILLUSTRATION	ABSENT	NOT_AUDITED	ABSENT	SINGLE_FULL_PASS_PREDECLARED_AUDIT	Full visual pass; outside predeclared audit sample
f84r	OBJ_PLANT_LIKE	0	NOT_AUDITED	0	SINGLE_FULL_PASS_PREDECLARED_AUDIT	Full visual pass; outside predeclared audit sample
f84r	OBJ_HUMAN_LIKE	4+	NOT_AUDITED	4+	SINGLE_FULL_PASS_PREDECLARED_AUDIT	Full visual pass; outside predeclared audit sample
f84r	OBJ_CONTAINER_LIKE	2-3	NOT_AUDITED	2-3	SINGLE_FULL_PASS_PREDECLARED_AUDIT	Full visual pass; outside predeclared audit sample
f84r	OBJ_STAR_LIKE	0	NOT_AUDITED	0	SINGLE_FULL_PASS_PREDECLARED_AUDIT	Full visual pass; outside predeclared audit sample
f84r	OBJ_CIRCULAR_UNITS	0	NOT_AUDITED	0	SINGLE_FULL_PASS_PREDECLARED_AUDIT	Full visual pass; outside predeclared audit sample
f84r	GEO_RADIAL	ABSENT	NOT_AUDITED	ABSENT	SINGLE_FULL_PASS_PREDECLARED_AUDIT	Full visual pass; outside predeclared audit sample
f84r	GEO_CONCENTRIC	ABSENT	NOT_AUDITED	ABSENT	SINGLE_FULL_PASS_PREDECLARED_AUDIT	Full visual pass; outside predeclared audit sample
f84r	GEO_BRANCHING	ABSENT	NOT_AUDITED	ABSENT	SINGLE_FULL_PASS_PREDECLARED_AUDIT	Full visual pass; outside predeclared audit sample
f84r	FIG_RELATION	INTERACTING	NOT_AUDITED	INTERACTING	SINGLE_FULL_PASS_PREDECLARED_AUDIT	Full visual pass; outside predeclared audit sample
f84r	FIG_ENCLOSED	PRESENT	NOT_AUDITED	PRESENT	SINGLE_FULL_PASS_PREDECLARED_AUDIT	Full visual pass; outside predeclared audit sample
f84r	TXT_RADIAL	ABSENT	NOT_AUDITED	ABSENT	SINGLE_FULL_PASS_PREDECLARED_AUDIT	Full visual pass; outside predeclared audit sample
f84r	VIS_DENSITY	HIGH	NOT_AUDITED	HIGH	SINGLE_FULL_PASS_PREDECLARED_AUDIT	Full visual pass; outside predeclared audit sample
f84r	VIS_COMPLEXITY	HIGH	NOT_AUDITED	HIGH	SINGLE_FULL_PASS_PREDECLARED_AUDIT	Full visual pass; outside predeclared audit sample
f84v	COMP_ILLUSTRATION_REGIONS	MULTIPLE	NOT_AUDITED	MULTIPLE	SINGLE_FULL_PASS_PREDECLARED_AUDIT	Full visual pass; outside predeclared audit sample
f84v	COMP_CENTRAL_ILLUSTRATION	ABSENT	NOT_AUDITED	ABSENT	SINGLE_FULL_PASS_PREDECLARED_AUDIT	Full visual pass; outside predeclared audit sample
f84v	OBJ_PLANT_LIKE	0	NOT_AUDITED	0	SINGLE_FULL_PASS_PREDECLARED_AUDIT	Full visual pass; outside predeclared audit sample
f84v	OBJ_HUMAN_LIKE	4+	NOT_AUDITED	4+	SINGLE_FULL_PASS_PREDECLARED_AUDIT	Full visual pass; outside predeclared audit sample
f84v	OBJ_CONTAINER_LIKE	2-3	NOT_AUDITED	2-3	SINGLE_FULL_PASS_PREDECLARED_AUDIT	Full visual pass; outside predeclared audit sample
f84v	OBJ_STAR_LIKE	0	NOT_AUDITED	0	SINGLE_FULL_PASS_PREDECLARED_AUDIT	Full visual pass; outside predeclared audit sample
f84v	OBJ_CIRCULAR_UNITS	0	NOT_AUDITED	0	SINGLE_FULL_PASS_PREDECLARED_AUDIT	Full visual pass; outside predeclared audit sample
f84v	GEO_RADIAL	ABSENT	NOT_AUDITED	ABSENT	SINGLE_FULL_PASS_PREDECLARED_AUDIT	Full visual pass; outside predeclared audit sample
f84v	GEO_CONCENTRIC	ABSENT	NOT_AUDITED	ABSENT	SINGLE_FULL_PASS_PREDECLARED_AUDIT	Full visual pass; outside predeclared audit sample
f84v	GEO_BRANCHING	ABSENT	NOT_AUDITED	ABSENT	SINGLE_FULL_PASS_PREDECLARED_AUDIT	Full visual pass; outside predeclared audit sample
f84v	FIG_RELATION	INTERACTING	NOT_AUDITED	INTERACTING	SINGLE_FULL_PASS_PREDECLARED_AUDIT	Full visual pass; outside predeclared audit sample
f84v	FIG_ENCLOSED	PRESENT	NOT_AUDITED	PRESENT	SINGLE_FULL_PASS_PREDECLARED_AUDIT	Full visual pass; outside predeclared audit sample
f84v	TXT_RADIAL	ABSENT	NOT_AUDITED	ABSENT	SINGLE_FULL_PASS_PREDECLARED_AUDIT	Full visual pass; outside predeclared audit sample
f84v	VIS_DENSITY	HIGH	NOT_AUDITED	HIGH	SINGLE_FULL_PASS_PREDECLARED_AUDIT	Full visual pass; outside predeclared audit sample
f84v	VIS_COMPLEXITY	HIGH	NOT_AUDITED	HIGH	SINGLE_FULL_PASS_PREDECLARED_AUDIT	Full visual pass; outside predeclared audit sample
f85r1	COMP_ILLUSTRATION_REGIONS	NOT_VISIBLE	0	0	INDEPENDENT_AUDIT_FINAL	Independent clean-room audit value
f85r1	COMP_CENTRAL_ILLUSTRATION	NOT_VISIBLE	ABSENT	ABSENT	INDEPENDENT_AUDIT_FINAL	Independent clean-room audit value
f85r1	OBJ_PLANT_LIKE	NOT_VISIBLE	0	0	INDEPENDENT_AUDIT_FINAL	Independent clean-room audit value
f85r1	OBJ_HUMAN_LIKE	NOT_VISIBLE	0	0	INDEPENDENT_AUDIT_FINAL	Independent clean-room audit value
f85r1	OBJ_CONTAINER_LIKE	NOT_VISIBLE	0	0	INDEPENDENT_AUDIT_FINAL	Independent clean-room audit value
f85r1	OBJ_STAR_LIKE	NOT_VISIBLE	0	0	INDEPENDENT_AUDIT_FINAL	Independent clean-room audit value
f85r1	OBJ_CIRCULAR_UNITS	NOT_VISIBLE	0	0	INDEPENDENT_AUDIT_FINAL	Independent clean-room audit value
f85r1	GEO_RADIAL	NOT_VISIBLE	ABSENT	ABSENT	INDEPENDENT_AUDIT_FINAL	Independent clean-room audit value
f85r1	GEO_CONCENTRIC	NOT_VISIBLE	ABSENT	ABSENT	INDEPENDENT_AUDIT_FINAL	Independent clean-room audit value
f85r1	GEO_BRANCHING	NOT_VISIBLE	ABSENT	ABSENT	INDEPENDENT_AUDIT_FINAL	Independent clean-room audit value
f85r1	FIG_RELATION	NOT_VISIBLE	NOT_APPLICABLE	NOT_APPLICABLE	INDEPENDENT_AUDIT_FINAL	Independent clean-room audit value
f85r1	FIG_ENCLOSED	NOT_VISIBLE	NOT_APPLICABLE	NOT_APPLICABLE	INDEPENDENT_AUDIT_FINAL	Independent clean-room audit value
f85r1	TXT_RADIAL	NOT_VISIBLE	ABSENT	ABSENT	INDEPENDENT_AUDIT_FINAL	Independent clean-room audit value
f85r1	VIS_DENSITY	NOT_VISIBLE	LOW	LOW	INDEPENDENT_AUDIT_FINAL	Independent clean-room audit value
f85r1	VIS_COMPLEXITY	NOT_VISIBLE	LOW	LOW	INDEPENDENT_AUDIT_FINAL	Independent clean-room audit value
f85r2	COMP_ILLUSTRATION_REGIONS	NOT_VISIBLE	NOT_AUDITED	NOT_VISIBLE	SINGLE_FULL_PASS_PREDECLARED_AUDIT	Full visual pass; outside predeclared audit sample
f85r2	COMP_CENTRAL_ILLUSTRATION	NOT_VISIBLE	NOT_AUDITED	NOT_VISIBLE	SINGLE_FULL_PASS_PREDECLARED_AUDIT	Full visual pass; outside predeclared audit sample
f85r2	OBJ_PLANT_LIKE	NOT_VISIBLE	NOT_AUDITED	NOT_VISIBLE	SINGLE_FULL_PASS_PREDECLARED_AUDIT	Full visual pass; outside predeclared audit sample
f85r2	OBJ_HUMAN_LIKE	NOT_VISIBLE	NOT_AUDITED	NOT_VISIBLE	SINGLE_FULL_PASS_PREDECLARED_AUDIT	Full visual pass; outside predeclared audit sample
f85r2	OBJ_CONTAINER_LIKE	NOT_VISIBLE	NOT_AUDITED	NOT_VISIBLE	SINGLE_FULL_PASS_PREDECLARED_AUDIT	Full visual pass; outside predeclared audit sample
f85r2	OBJ_STAR_LIKE	NOT_VISIBLE	NOT_AUDITED	NOT_VISIBLE	SINGLE_FULL_PASS_PREDECLARED_AUDIT	Full visual pass; outside predeclared audit sample
f85r2	OBJ_CIRCULAR_UNITS	NOT_VISIBLE	NOT_AUDITED	NOT_VISIBLE	SINGLE_FULL_PASS_PREDECLARED_AUDIT	Full visual pass; outside predeclared audit sample
f85r2	GEO_RADIAL	NOT_VISIBLE	NOT_AUDITED	NOT_VISIBLE	SINGLE_FULL_PASS_PREDECLARED_AUDIT	Full visual pass; outside predeclared audit sample
f85r2	GEO_CONCENTRIC	NOT_VISIBLE	NOT_AUDITED	NOT_VISIBLE	SINGLE_FULL_PASS_PREDECLARED_AUDIT	Full visual pass; outside predeclared audit sample
f85r2	GEO_BRANCHING	NOT_VISIBLE	NOT_AUDITED	NOT_VISIBLE	SINGLE_FULL_PASS_PREDECLARED_AUDIT	Full visual pass; outside predeclared audit sample
f85r2	FIG_RELATION	NOT_VISIBLE	NOT_AUDITED	NOT_VISIBLE	SINGLE_FULL_PASS_PREDECLARED_AUDIT	Full visual pass; outside predeclared audit sample
f85r2	FIG_ENCLOSED	NOT_VISIBLE	NOT_AUDITED	NOT_VISIBLE	SINGLE_FULL_PASS_PREDECLARED_AUDIT	Full visual pass; outside predeclared audit sample
f85r2	TXT_RADIAL	NOT_VISIBLE	NOT_AUDITED	NOT_VISIBLE	SINGLE_FULL_PASS_PREDECLARED_AUDIT	Full visual pass; outside predeclared audit sample
f85r2	VIS_DENSITY	NOT_VISIBLE	NOT_AUDITED	NOT_VISIBLE	SINGLE_FULL_PASS_PREDECLARED_AUDIT	Full visual pass; outside predeclared audit sample
f85r2	VIS_COMPLEXITY	NOT_VISIBLE	NOT_AUDITED	NOT_VISIBLE	SINGLE_FULL_PASS_PREDECLARED_AUDIT	Full visual pass; outside predeclared audit sample
fRos	COMP_ILLUSTRATION_REGIONS	1	NOT_AUDITED	1	SINGLE_FULL_PASS_PREDECLARED_AUDIT	Full visual pass; outside predeclared audit sample
fRos	COMP_CENTRAL_ILLUSTRATION	PRESENT	NOT_AUDITED	PRESENT	SINGLE_FULL_PASS_PREDECLARED_AUDIT	Full visual pass; outside predeclared audit sample
fRos	OBJ_PLANT_LIKE	0	NOT_AUDITED	0	SINGLE_FULL_PASS_PREDECLARED_AUDIT	Full visual pass; outside predeclared audit sample
fRos	OBJ_HUMAN_LIKE	0	NOT_AUDITED	0	SINGLE_FULL_PASS_PREDECLARED_AUDIT	Full visual pass; outside predeclared audit sample
fRos	OBJ_CONTAINER_LIKE	0	NOT_AUDITED	0	SINGLE_FULL_PASS_PREDECLARED_AUDIT	Full visual pass; outside predeclared audit sample
fRos	OBJ_STAR_LIKE	1+	NOT_AUDITED	1+	SINGLE_FULL_PASS_PREDECLARED_AUDIT	Full visual pass; outside predeclared audit sample
fRos	OBJ_CIRCULAR_UNITS	1	NOT_AUDITED	1	SINGLE_FULL_PASS_PREDECLARED_AUDIT	Full visual pass; outside predeclared audit sample
fRos	GEO_RADIAL	PRESENT	NOT_AUDITED	PRESENT	SINGLE_FULL_PASS_PREDECLARED_AUDIT	Full visual pass; outside predeclared audit sample
fRos	GEO_CONCENTRIC	PRESENT	NOT_AUDITED	PRESENT	SINGLE_FULL_PASS_PREDECLARED_AUDIT	Full visual pass; outside predeclared audit sample
fRos	GEO_BRANCHING	ABSENT	NOT_AUDITED	ABSENT	SINGLE_FULL_PASS_PREDECLARED_AUDIT	Full visual pass; outside predeclared audit sample
fRos	FIG_RELATION	NOT_APPLICABLE	NOT_AUDITED	NOT_APPLICABLE	SINGLE_FULL_PASS_PREDECLARED_AUDIT	Full visual pass; outside predeclared audit sample
fRos	FIG_ENCLOSED	NOT_APPLICABLE	NOT_AUDITED	NOT_APPLICABLE	SINGLE_FULL_PASS_PREDECLARED_AUDIT	Full visual pass; outside predeclared audit sample
fRos	TXT_RADIAL	PRESENT	NOT_AUDITED	PRESENT	SINGLE_FULL_PASS_PREDECLARED_AUDIT	Full visual pass; outside predeclared audit sample
fRos	VIS_DENSITY	HIGH	NOT_AUDITED	HIGH	SINGLE_FULL_PASS_PREDECLARED_AUDIT	Full visual pass; outside predeclared audit sample
fRos	VIS_COMPLEXITY	HIGH	NOT_AUDITED	HIGH	SINGLE_FULL_PASS_PREDECLARED_AUDIT	Full visual pass; outside predeclared audit sample
f86v4	COMP_ILLUSTRATION_REGIONS	NOT_VISIBLE	1	1	INDEPENDENT_AUDIT_FINAL	Independent clean-room audit value
f86v4	COMP_CENTRAL_ILLUSTRATION	NOT_VISIBLE	PRESENT	PRESENT	INDEPENDENT_AUDIT_FINAL	Independent clean-room audit value
f86v4	OBJ_PLANT_LIKE	NOT_VISIBLE	0	0	INDEPENDENT_AUDIT_FINAL	Independent clean-room audit value
f86v4	OBJ_HUMAN_LIKE	NOT_VISIBLE	0	0	INDEPENDENT_AUDIT_FINAL	Independent clean-room audit value
f86v4	OBJ_CONTAINER_LIKE	NOT_VISIBLE	0	0	INDEPENDENT_AUDIT_FINAL	Independent clean-room audit value
f86v4	OBJ_STAR_LIKE	NOT_VISIBLE	1+	1+	INDEPENDENT_AUDIT_FINAL	Independent clean-room audit value
f86v4	OBJ_CIRCULAR_UNITS	NOT_VISIBLE	1	1	INDEPENDENT_AUDIT_FINAL	Independent clean-room audit value
f86v4	GEO_RADIAL	NOT_VISIBLE	PRESENT	PRESENT	INDEPENDENT_AUDIT_FINAL	Independent clean-room audit value
f86v4	GEO_CONCENTRIC	NOT_VISIBLE	PRESENT	PRESENT	INDEPENDENT_AUDIT_FINAL	Independent clean-room audit value
f86v4	GEO_BRANCHING	NOT_VISIBLE	ABSENT	ABSENT	INDEPENDENT_AUDIT_FINAL	Independent clean-room audit value
f86v4	FIG_RELATION	NOT_VISIBLE	NOT_APPLICABLE	NOT_APPLICABLE	INDEPENDENT_AUDIT_FINAL	Independent clean-room audit value
f86v4	FIG_ENCLOSED	NOT_VISIBLE	NOT_APPLICABLE	NOT_APPLICABLE	INDEPENDENT_AUDIT_FINAL	Independent clean-room audit value
f86v4	TXT_RADIAL	NOT_VISIBLE	PRESENT	PRESENT	INDEPENDENT_AUDIT_FINAL	Independent clean-room audit value
f86v4	VIS_DENSITY	NOT_VISIBLE	HIGH	HIGH	INDEPENDENT_AUDIT_FINAL	Independent clean-room audit value
f86v4	VIS_COMPLEXITY	NOT_VISIBLE	HIGH	HIGH	INDEPENDENT_AUDIT_FINAL	Independent clean-room audit value
f86v6	COMP_ILLUSTRATION_REGIONS	NOT_VISIBLE	NOT_AUDITED	NOT_VISIBLE	SINGLE_FULL_PASS_PREDECLARED_AUDIT	Full visual pass; outside predeclared audit sample
f86v6	COMP_CENTRAL_ILLUSTRATION	NOT_VISIBLE	NOT_AUDITED	NOT_VISIBLE	SINGLE_FULL_PASS_PREDECLARED_AUDIT	Full visual pass; outside predeclared audit sample
f86v6	OBJ_PLANT_LIKE	NOT_VISIBLE	NOT_AUDITED	NOT_VISIBLE	SINGLE_FULL_PASS_PREDECLARED_AUDIT	Full visual pass; outside predeclared audit sample
f86v6	OBJ_HUMAN_LIKE	NOT_VISIBLE	NOT_AUDITED	NOT_VISIBLE	SINGLE_FULL_PASS_PREDECLARED_AUDIT	Full visual pass; outside predeclared audit sample
f86v6	OBJ_CONTAINER_LIKE	NOT_VISIBLE	NOT_AUDITED	NOT_VISIBLE	SINGLE_FULL_PASS_PREDECLARED_AUDIT	Full visual pass; outside predeclared audit sample
f86v6	OBJ_STAR_LIKE	NOT_VISIBLE	NOT_AUDITED	NOT_VISIBLE	SINGLE_FULL_PASS_PREDECLARED_AUDIT	Full visual pass; outside predeclared audit sample
f86v6	OBJ_CIRCULAR_UNITS	NOT_VISIBLE	NOT_AUDITED	NOT_VISIBLE	SINGLE_FULL_PASS_PREDECLARED_AUDIT	Full visual pass; outside predeclared audit sample
f86v6	GEO_RADIAL	NOT_VISIBLE	NOT_AUDITED	NOT_VISIBLE	SINGLE_FULL_PASS_PREDECLARED_AUDIT	Full visual pass; outside predeclared audit sample
f86v6	GEO_CONCENTRIC	NOT_VISIBLE	NOT_AUDITED	NOT_VISIBLE	SINGLE_FULL_PASS_PREDECLARED_AUDIT	Full visual pass; outside predeclared audit sample
f86v6	GEO_BRANCHING	NOT_VISIBLE	NOT_AUDITED	NOT_VISIBLE	SINGLE_FULL_PASS_PREDECLARED_AUDIT	Full visual pass; outside predeclared audit sample
f86v6	FIG_RELATION	NOT_VISIBLE	NOT_AUDITED	NOT_VISIBLE	SINGLE_FULL_PASS_PREDECLARED_AUDIT	Full visual pass; outside predeclared audit sample
f86v6	FIG_ENCLOSED	NOT_VISIBLE	NOT_AUDITED	NOT_VISIBLE	SINGLE_FULL_PASS_PREDECLARED_AUDIT	Full visual pass; outside predeclared audit sample
f86v6	TXT_RADIAL	NOT_VISIBLE	NOT_AUDITED	NOT_VISIBLE	SINGLE_FULL_PASS_PREDECLARED_AUDIT	Full visual pass; outside predeclared audit sample
f86v6	VIS_DENSITY	NOT_VISIBLE	NOT_AUDITED	NOT_VISIBLE	SINGLE_FULL_PASS_PREDECLARED_AUDIT	Full visual pass; outside predeclared audit sample
f86v6	VIS_COMPLEXITY	NOT_VISIBLE	NOT_AUDITED	NOT_VISIBLE	SINGLE_FULL_PASS_PREDECLARED_AUDIT	Full visual pass; outside predeclared audit sample
f86v5	COMP_ILLUSTRATION_REGIONS	NOT_VISIBLE	NOT_AUDITED	NOT_VISIBLE	SINGLE_FULL_PASS_PREDECLARED_AUDIT	Full visual pass; outside predeclared audit sample
f86v5	COMP_CENTRAL_ILLUSTRATION	NOT_VISIBLE	NOT_AUDITED	NOT_VISIBLE	SINGLE_FULL_PASS_PREDECLARED_AUDIT	Full visual pass; outside predeclared audit sample
f86v5	OBJ_PLANT_LIKE	NOT_VISIBLE	NOT_AUDITED	NOT_VISIBLE	SINGLE_FULL_PASS_PREDECLARED_AUDIT	Full visual pass; outside predeclared audit sample
f86v5	OBJ_HUMAN_LIKE	NOT_VISIBLE	NOT_AUDITED	NOT_VISIBLE	SINGLE_FULL_PASS_PREDECLARED_AUDIT	Full visual pass; outside predeclared audit sample
f86v5	OBJ_CONTAINER_LIKE	NOT_VISIBLE	NOT_AUDITED	NOT_VISIBLE	SINGLE_FULL_PASS_PREDECLARED_AUDIT	Full visual pass; outside predeclared audit sample
f86v5	OBJ_STAR_LIKE	NOT_VISIBLE	NOT_AUDITED	NOT_VISIBLE	SINGLE_FULL_PASS_PREDECLARED_AUDIT	Full visual pass; outside predeclared audit sample
f86v5	OBJ_CIRCULAR_UNITS	NOT_VISIBLE	NOT_AUDITED	NOT_VISIBLE	SINGLE_FULL_PASS_PREDECLARED_AUDIT	Full visual pass; outside predeclared audit sample
f86v5	GEO_RADIAL	NOT_VISIBLE	NOT_AUDITED	NOT_VISIBLE	SINGLE_FULL_PASS_PREDECLARED_AUDIT	Full visual pass; outside predeclared audit sample
f86v5	GEO_CONCENTRIC	NOT_VISIBLE	NOT_AUDITED	NOT_VISIBLE	SINGLE_FULL_PASS_PREDECLARED_AUDIT	Full visual pass; outside predeclared audit sample
f86v5	GEO_BRANCHING	NOT_VISIBLE	NOT_AUDITED	NOT_VISIBLE	SINGLE_FULL_PASS_PREDECLARED_AUDIT	Full visual pass; outside predeclared audit sample
f86v5	FIG_RELATION	NOT_VISIBLE	NOT_AUDITED	NOT_VISIBLE	SINGLE_FULL_PASS_PREDECLARED_AUDIT	Full visual pass; outside predeclared audit sample
f86v5	FIG_ENCLOSED	NOT_VISIBLE	NOT_AUDITED	NOT_VISIBLE	SINGLE_FULL_PASS_PREDECLARED_AUDIT	Full visual pass; outside predeclared audit sample
f86v5	TXT_RADIAL	NOT_VISIBLE	NOT_AUDITED	NOT_VISIBLE	SINGLE_FULL_PASS_PREDECLARED_AUDIT	Full visual pass; outside predeclared audit sample
f86v5	VIS_DENSITY	NOT_VISIBLE	NOT_AUDITED	NOT_VISIBLE	SINGLE_FULL_PASS_PREDECLARED_AUDIT	Full visual pass; outside predeclared audit sample
f86v5	VIS_COMPLEXITY	NOT_VISIBLE	NOT_AUDITED	NOT_VISIBLE	SINGLE_FULL_PASS_PREDECLARED_AUDIT	Full visual pass; outside predeclared audit sample
f86v3	COMP_ILLUSTRATION_REGIONS	NOT_VISIBLE	NOT_AUDITED	NOT_VISIBLE	SINGLE_FULL_PASS_PREDECLARED_AUDIT	Full visual pass; outside predeclared audit sample
f86v3	COMP_CENTRAL_ILLUSTRATION	NOT_VISIBLE	NOT_AUDITED	NOT_VISIBLE	SINGLE_FULL_PASS_PREDECLARED_AUDIT	Full visual pass; outside predeclared audit sample
f86v3	OBJ_PLANT_LIKE	NOT_VISIBLE	NOT_AUDITED	NOT_VISIBLE	SINGLE_FULL_PASS_PREDECLARED_AUDIT	Full visual pass; outside predeclared audit sample
f86v3	OBJ_HUMAN_LIKE	NOT_VISIBLE	NOT_AUDITED	NOT_VISIBLE	SINGLE_FULL_PASS_PREDECLARED_AUDIT	Full visual pass; outside predeclared audit sample
f86v3	OBJ_CONTAINER_LIKE	NOT_VISIBLE	NOT_AUDITED	NOT_VISIBLE	SINGLE_FULL_PASS_PREDECLARED_AUDIT	Full visual pass; outside predeclared audit sample
f86v3	OBJ_STAR_LIKE	NOT_VISIBLE	NOT_AUDITED	NOT_VISIBLE	SINGLE_FULL_PASS_PREDECLARED_AUDIT	Full visual pass; outside predeclared audit sample
f86v3	OBJ_CIRCULAR_UNITS	NOT_VISIBLE	NOT_AUDITED	NOT_VISIBLE	SINGLE_FULL_PASS_PREDECLARED_AUDIT	Full visual pass; outside predeclared audit sample
f86v3	GEO_RADIAL	NOT_VISIBLE	NOT_AUDITED	NOT_VISIBLE	SINGLE_FULL_PASS_PREDECLARED_AUDIT	Full visual pass; outside predeclared audit sample
f86v3	GEO_CONCENTRIC	NOT_VISIBLE	NOT_AUDITED	NOT_VISIBLE	SINGLE_FULL_PASS_PREDECLARED_AUDIT	Full visual pass; outside predeclared audit sample
f86v3	GEO_BRANCHING	NOT_VISIBLE	NOT_AUDITED	NOT_VISIBLE	SINGLE_FULL_PASS_PREDECLARED_AUDIT	Full visual pass; outside predeclared audit sample
f86v3	FIG_RELATION	NOT_VISIBLE	NOT_AUDITED	NOT_VISIBLE	SINGLE_FULL_PASS_PREDECLARED_AUDIT	Full visual pass; outside predeclared audit sample
f86v3	FIG_ENCLOSED	NOT_VISIBLE	NOT_AUDITED	NOT_VISIBLE	SINGLE_FULL_PASS_PREDECLARED_AUDIT	Full visual pass; outside predeclared audit sample
f86v3	TXT_RADIAL	NOT_VISIBLE	NOT_AUDITED	NOT_VISIBLE	SINGLE_FULL_PASS_PREDECLARED_AUDIT	Full visual pass; outside predeclared audit sample
f86v3	VIS_DENSITY	NOT_VISIBLE	NOT_AUDITED	NOT_VISIBLE	SINGLE_FULL_PASS_PREDECLARED_AUDIT	Full visual pass; outside predeclared audit sample
f86v3	VIS_COMPLEXITY	NOT_VISIBLE	NOT_AUDITED	NOT_VISIBLE	SINGLE_FULL_PASS_PREDECLARED_AUDIT	Full visual pass; outside predeclared audit sample
f87r	COMP_ILLUSTRATION_REGIONS	1	NOT_AUDITED	1	SINGLE_FULL_PASS_PREDECLARED_AUDIT	Full visual pass; outside predeclared audit sample
f87r	COMP_CENTRAL_ILLUSTRATION	PRESENT	NOT_AUDITED	PRESENT	SINGLE_FULL_PASS_PREDECLARED_AUDIT	Full visual pass; outside predeclared audit sample
f87r	OBJ_PLANT_LIKE	1	NOT_AUDITED	1	SINGLE_FULL_PASS_PREDECLARED_AUDIT	Full visual pass; outside predeclared audit sample
f87r	OBJ_HUMAN_LIKE	0	NOT_AUDITED	0	SINGLE_FULL_PASS_PREDECLARED_AUDIT	Full visual pass; outside predeclared audit sample
f87r	OBJ_CONTAINER_LIKE	0	NOT_AUDITED	0	SINGLE_FULL_PASS_PREDECLARED_AUDIT	Full visual pass; outside predeclared audit sample
f87r	OBJ_STAR_LIKE	0	NOT_AUDITED	0	SINGLE_FULL_PASS_PREDECLARED_AUDIT	Full visual pass; outside predeclared audit sample
f87r	OBJ_CIRCULAR_UNITS	0	NOT_AUDITED	0	SINGLE_FULL_PASS_PREDECLARED_AUDIT	Full visual pass; outside predeclared audit sample
f87r	GEO_RADIAL	ABSENT	NOT_AUDITED	ABSENT	SINGLE_FULL_PASS_PREDECLARED_AUDIT	Full visual pass; outside predeclared audit sample
f87r	GEO_CONCENTRIC	ABSENT	NOT_AUDITED	ABSENT	SINGLE_FULL_PASS_PREDECLARED_AUDIT	Full visual pass; outside predeclared audit sample
f87r	GEO_BRANCHING	PRESENT	NOT_AUDITED	PRESENT	SINGLE_FULL_PASS_PREDECLARED_AUDIT	Full visual pass; outside predeclared audit sample
f87r	FIG_RELATION	NOT_APPLICABLE	NOT_AUDITED	NOT_APPLICABLE	SINGLE_FULL_PASS_PREDECLARED_AUDIT	Full visual pass; outside predeclared audit sample
f87r	FIG_ENCLOSED	NOT_APPLICABLE	NOT_AUDITED	NOT_APPLICABLE	SINGLE_FULL_PASS_PREDECLARED_AUDIT	Full visual pass; outside predeclared audit sample
f87r	TXT_RADIAL	ABSENT	NOT_AUDITED	ABSENT	SINGLE_FULL_PASS_PREDECLARED_AUDIT	Full visual pass; outside predeclared audit sample
f87r	VIS_DENSITY	MEDIUM	NOT_AUDITED	MEDIUM	SINGLE_FULL_PASS_PREDECLARED_AUDIT	Full visual pass; outside predeclared audit sample
f87r	VIS_COMPLEXITY	MEDIUM	NOT_AUDITED	MEDIUM	SINGLE_FULL_PASS_PREDECLARED_AUDIT	Full visual pass; outside predeclared audit sample
f87v	COMP_ILLUSTRATION_REGIONS	1	NOT_AUDITED	1	SINGLE_FULL_PASS_PREDECLARED_AUDIT	Full visual pass; outside predeclared audit sample
f87v	COMP_CENTRAL_ILLUSTRATION	PRESENT	NOT_AUDITED	PRESENT	SINGLE_FULL_PASS_PREDECLARED_AUDIT	Full visual pass; outside predeclared audit sample
f87v	OBJ_PLANT_LIKE	1	NOT_AUDITED	1	SINGLE_FULL_PASS_PREDECLARED_AUDIT	Full visual pass; outside predeclared audit sample
f87v	OBJ_HUMAN_LIKE	0	NOT_AUDITED	0	SINGLE_FULL_PASS_PREDECLARED_AUDIT	Full visual pass; outside predeclared audit sample
f87v	OBJ_CONTAINER_LIKE	0	NOT_AUDITED	0	SINGLE_FULL_PASS_PREDECLARED_AUDIT	Full visual pass; outside predeclared audit sample
f87v	OBJ_STAR_LIKE	0	NOT_AUDITED	0	SINGLE_FULL_PASS_PREDECLARED_AUDIT	Full visual pass; outside predeclared audit sample
f87v	OBJ_CIRCULAR_UNITS	0	NOT_AUDITED	0	SINGLE_FULL_PASS_PREDECLARED_AUDIT	Full visual pass; outside predeclared audit sample
f87v	GEO_RADIAL	ABSENT	NOT_AUDITED	ABSENT	SINGLE_FULL_PASS_PREDECLARED_AUDIT	Full visual pass; outside predeclared audit sample
f87v	GEO_CONCENTRIC	ABSENT	NOT_AUDITED	ABSENT	SINGLE_FULL_PASS_PREDECLARED_AUDIT	Full visual pass; outside predeclared audit sample
f87v	GEO_BRANCHING	PRESENT	NOT_AUDITED	PRESENT	SINGLE_FULL_PASS_PREDECLARED_AUDIT	Full visual pass; outside predeclared audit sample
f87v	FIG_RELATION	NOT_APPLICABLE	NOT_AUDITED	NOT_APPLICABLE	SINGLE_FULL_PASS_PREDECLARED_AUDIT	Full visual pass; outside predeclared audit sample
f87v	FIG_ENCLOSED	NOT_APPLICABLE	NOT_AUDITED	NOT_APPLICABLE	SINGLE_FULL_PASS_PREDECLARED_AUDIT	Full visual pass; outside predeclared audit sample
f87v	TXT_RADIAL	ABSENT	NOT_AUDITED	ABSENT	SINGLE_FULL_PASS_PREDECLARED_AUDIT	Full visual pass; outside predeclared audit sample
f87v	VIS_DENSITY	MEDIUM	NOT_AUDITED	MEDIUM	SINGLE_FULL_PASS_PREDECLARED_AUDIT	Full visual pass; outside predeclared audit sample
f87v	VIS_COMPLEXITY	MEDIUM	NOT_AUDITED	MEDIUM	SINGLE_FULL_PASS_PREDECLARED_AUDIT	Full visual pass; outside predeclared audit sample
f88r	COMP_ILLUSTRATION_REGIONS	MULTIPLE	NOT_AUDITED	MULTIPLE	SINGLE_FULL_PASS_PREDECLARED_AUDIT	Full visual pass; outside predeclared audit sample
f88r	COMP_CENTRAL_ILLUSTRATION	ABSENT	NOT_AUDITED	ABSENT	SINGLE_FULL_PASS_PREDECLARED_AUDIT	Full visual pass; outside predeclared audit sample
f88r	OBJ_PLANT_LIKE	4+	NOT_AUDITED	4+	SINGLE_FULL_PASS_PREDECLARED_AUDIT	Full visual pass; outside predeclared audit sample
f88r	OBJ_HUMAN_LIKE	0	NOT_AUDITED	0	SINGLE_FULL_PASS_PREDECLARED_AUDIT	Full visual pass; outside predeclared audit sample
f88r	OBJ_CONTAINER_LIKE	2-3	NOT_AUDITED	2-3	SINGLE_FULL_PASS_PREDECLARED_AUDIT	Full visual pass; outside predeclared audit sample
f88r	OBJ_STAR_LIKE	0	NOT_AUDITED	0	SINGLE_FULL_PASS_PREDECLARED_AUDIT	Full visual pass; outside predeclared audit sample
f88r	OBJ_CIRCULAR_UNITS	0	NOT_AUDITED	0	SINGLE_FULL_PASS_PREDECLARED_AUDIT	Full visual pass; outside predeclared audit sample
f88r	GEO_RADIAL	ABSENT	NOT_AUDITED	ABSENT	SINGLE_FULL_PASS_PREDECLARED_AUDIT	Full visual pass; outside predeclared audit sample
f88r	GEO_CONCENTRIC	ABSENT	NOT_AUDITED	ABSENT	SINGLE_FULL_PASS_PREDECLARED_AUDIT	Full visual pass; outside predeclared audit sample
f88r	GEO_BRANCHING	PRESENT	NOT_AUDITED	PRESENT	SINGLE_FULL_PASS_PREDECLARED_AUDIT	Full visual pass; outside predeclared audit sample
f88r	FIG_RELATION	NOT_APPLICABLE	NOT_AUDITED	NOT_APPLICABLE	SINGLE_FULL_PASS_PREDECLARED_AUDIT	Full visual pass; outside predeclared audit sample
f88r	FIG_ENCLOSED	NOT_APPLICABLE	NOT_AUDITED	NOT_APPLICABLE	SINGLE_FULL_PASS_PREDECLARED_AUDIT	Full visual pass; outside predeclared audit sample
f88r	TXT_RADIAL	ABSENT	NOT_AUDITED	ABSENT	SINGLE_FULL_PASS_PREDECLARED_AUDIT	Full visual pass; outside predeclared audit sample
f88r	VIS_DENSITY	HIGH	NOT_AUDITED	HIGH	SINGLE_FULL_PASS_PREDECLARED_AUDIT	Full visual pass; outside predeclared audit sample
f88r	VIS_COMPLEXITY	HIGH	NOT_AUDITED	HIGH	SINGLE_FULL_PASS_PREDECLARED_AUDIT	Full visual pass; outside predeclared audit sample
f88v	COMP_ILLUSTRATION_REGIONS	MULTIPLE	MULTIPLE	MULTIPLE	INDEPENDENT_AUDIT_FINAL	Independent clean-room audit value
f88v	COMP_CENTRAL_ILLUSTRATION	ABSENT	PRESENT	PRESENT	INDEPENDENT_AUDIT_FINAL	Independent clean-room audit value
f88v	OBJ_PLANT_LIKE	4+	4+	4+	INDEPENDENT_AUDIT_FINAL	Independent clean-room audit value
f88v	OBJ_HUMAN_LIKE	0	0	0	INDEPENDENT_AUDIT_FINAL	Independent clean-room audit value
f88v	OBJ_CONTAINER_LIKE	2-3	4+	4+	INDEPENDENT_AUDIT_FINAL	Independent clean-room audit value
f88v	OBJ_STAR_LIKE	0	0	0	INDEPENDENT_AUDIT_FINAL	Independent clean-room audit value
f88v	OBJ_CIRCULAR_UNITS	0	0	0	INDEPENDENT_AUDIT_FINAL	Independent clean-room audit value
f88v	GEO_RADIAL	ABSENT	ABSENT	ABSENT	INDEPENDENT_AUDIT_FINAL	Independent clean-room audit value
f88v	GEO_CONCENTRIC	ABSENT	ABSENT	ABSENT	INDEPENDENT_AUDIT_FINAL	Independent clean-room audit value
f88v	GEO_BRANCHING	PRESENT	PRESENT	PRESENT	INDEPENDENT_AUDIT_FINAL	Independent clean-room audit value
f88v	FIG_RELATION	NOT_APPLICABLE	NOT_APPLICABLE	NOT_APPLICABLE	INDEPENDENT_AUDIT_FINAL	Independent clean-room audit value
f88v	FIG_ENCLOSED	NOT_APPLICABLE	NOT_APPLICABLE	NOT_APPLICABLE	INDEPENDENT_AUDIT_FINAL	Independent clean-room audit value
f88v	TXT_RADIAL	ABSENT	ABSENT	ABSENT	INDEPENDENT_AUDIT_FINAL	Independent clean-room audit value
f88v	VIS_DENSITY	HIGH	HIGH	HIGH	INDEPENDENT_AUDIT_FINAL	Independent clean-room audit value
f88v	VIS_COMPLEXITY	HIGH	HIGH	HIGH	INDEPENDENT_AUDIT_FINAL	Independent clean-room audit value
f89r1	COMP_ILLUSTRATION_REGIONS	NOT_VISIBLE	NOT_AUDITED	NOT_VISIBLE	SINGLE_FULL_PASS_PREDECLARED_AUDIT	Full visual pass; outside predeclared audit sample
f89r1	COMP_CENTRAL_ILLUSTRATION	NOT_VISIBLE	NOT_AUDITED	NOT_VISIBLE	SINGLE_FULL_PASS_PREDECLARED_AUDIT	Full visual pass; outside predeclared audit sample
f89r1	OBJ_PLANT_LIKE	NOT_VISIBLE	NOT_AUDITED	NOT_VISIBLE	SINGLE_FULL_PASS_PREDECLARED_AUDIT	Full visual pass; outside predeclared audit sample
f89r1	OBJ_HUMAN_LIKE	NOT_VISIBLE	NOT_AUDITED	NOT_VISIBLE	SINGLE_FULL_PASS_PREDECLARED_AUDIT	Full visual pass; outside predeclared audit sample
f89r1	OBJ_CONTAINER_LIKE	NOT_VISIBLE	NOT_AUDITED	NOT_VISIBLE	SINGLE_FULL_PASS_PREDECLARED_AUDIT	Full visual pass; outside predeclared audit sample
f89r1	OBJ_STAR_LIKE	NOT_VISIBLE	NOT_AUDITED	NOT_VISIBLE	SINGLE_FULL_PASS_PREDECLARED_AUDIT	Full visual pass; outside predeclared audit sample
f89r1	OBJ_CIRCULAR_UNITS	NOT_VISIBLE	NOT_AUDITED	NOT_VISIBLE	SINGLE_FULL_PASS_PREDECLARED_AUDIT	Full visual pass; outside predeclared audit sample
f89r1	GEO_RADIAL	NOT_VISIBLE	NOT_AUDITED	NOT_VISIBLE	SINGLE_FULL_PASS_PREDECLARED_AUDIT	Full visual pass; outside predeclared audit sample
f89r1	GEO_CONCENTRIC	NOT_VISIBLE	NOT_AUDITED	NOT_VISIBLE	SINGLE_FULL_PASS_PREDECLARED_AUDIT	Full visual pass; outside predeclared audit sample
f89r1	GEO_BRANCHING	NOT_VISIBLE	NOT_AUDITED	NOT_VISIBLE	SINGLE_FULL_PASS_PREDECLARED_AUDIT	Full visual pass; outside predeclared audit sample
f89r1	FIG_RELATION	NOT_VISIBLE	NOT_AUDITED	NOT_VISIBLE	SINGLE_FULL_PASS_PREDECLARED_AUDIT	Full visual pass; outside predeclared audit sample
f89r1	FIG_ENCLOSED	NOT_VISIBLE	NOT_AUDITED	NOT_VISIBLE	SINGLE_FULL_PASS_PREDECLARED_AUDIT	Full visual pass; outside predeclared audit sample
f89r1	TXT_RADIAL	NOT_VISIBLE	NOT_AUDITED	NOT_VISIBLE	SINGLE_FULL_PASS_PREDECLARED_AUDIT	Full visual pass; outside predeclared audit sample
f89r1	VIS_DENSITY	NOT_VISIBLE	NOT_AUDITED	NOT_VISIBLE	SINGLE_FULL_PASS_PREDECLARED_AUDIT	Full visual pass; outside predeclared audit sample
f89r1	VIS_COMPLEXITY	NOT_VISIBLE	NOT_AUDITED	NOT_VISIBLE	SINGLE_FULL_PASS_PREDECLARED_AUDIT	Full visual pass; outside predeclared audit sample
f89r2	COMP_ILLUSTRATION_REGIONS	NOT_VISIBLE	NOT_AUDITED	NOT_VISIBLE	SINGLE_FULL_PASS_PREDECLARED_AUDIT	Full visual pass; outside predeclared audit sample
f89r2	COMP_CENTRAL_ILLUSTRATION	NOT_VISIBLE	NOT_AUDITED	NOT_VISIBLE	SINGLE_FULL_PASS_PREDECLARED_AUDIT	Full visual pass; outside predeclared audit sample
f89r2	OBJ_PLANT_LIKE	NOT_VISIBLE	NOT_AUDITED	NOT_VISIBLE	SINGLE_FULL_PASS_PREDECLARED_AUDIT	Full visual pass; outside predeclared audit sample
f89r2	OBJ_HUMAN_LIKE	NOT_VISIBLE	NOT_AUDITED	NOT_VISIBLE	SINGLE_FULL_PASS_PREDECLARED_AUDIT	Full visual pass; outside predeclared audit sample
f89r2	OBJ_CONTAINER_LIKE	NOT_VISIBLE	NOT_AUDITED	NOT_VISIBLE	SINGLE_FULL_PASS_PREDECLARED_AUDIT	Full visual pass; outside predeclared audit sample
f89r2	OBJ_STAR_LIKE	NOT_VISIBLE	NOT_AUDITED	NOT_VISIBLE	SINGLE_FULL_PASS_PREDECLARED_AUDIT	Full visual pass; outside predeclared audit sample
f89r2	OBJ_CIRCULAR_UNITS	NOT_VISIBLE	NOT_AUDITED	NOT_VISIBLE	SINGLE_FULL_PASS_PREDECLARED_AUDIT	Full visual pass; outside predeclared audit sample
f89r2	GEO_RADIAL	NOT_VISIBLE	NOT_AUDITED	NOT_VISIBLE	SINGLE_FULL_PASS_PREDECLARED_AUDIT	Full visual pass; outside predeclared audit sample
f89r2	GEO_CONCENTRIC	NOT_VISIBLE	NOT_AUDITED	NOT_VISIBLE	SINGLE_FULL_PASS_PREDECLARED_AUDIT	Full visual pass; outside predeclared audit sample
f89r2	GEO_BRANCHING	NOT_VISIBLE	NOT_AUDITED	NOT_VISIBLE	SINGLE_FULL_PASS_PREDECLARED_AUDIT	Full visual pass; outside predeclared audit sample
f89r2	FIG_RELATION	NOT_VISIBLE	NOT_AUDITED	NOT_VISIBLE	SINGLE_FULL_PASS_PREDECLARED_AUDIT	Full visual pass; outside predeclared audit sample
f89r2	FIG_ENCLOSED	NOT_VISIBLE	NOT_AUDITED	NOT_VISIBLE	SINGLE_FULL_PASS_PREDECLARED_AUDIT	Full visual pass; outside predeclared audit sample
f89r2	TXT_RADIAL	NOT_VISIBLE	NOT_AUDITED	NOT_VISIBLE	SINGLE_FULL_PASS_PREDECLARED_AUDIT	Full visual pass; outside predeclared audit sample
f89r2	VIS_DENSITY	NOT_VISIBLE	NOT_AUDITED	NOT_VISIBLE	SINGLE_FULL_PASS_PREDECLARED_AUDIT	Full visual pass; outside predeclared audit sample
f89r2	VIS_COMPLEXITY	NOT_VISIBLE	NOT_AUDITED	NOT_VISIBLE	SINGLE_FULL_PASS_PREDECLARED_AUDIT	Full visual pass; outside predeclared audit sample
f89v2	COMP_ILLUSTRATION_REGIONS	NOT_VISIBLE	MULTIPLE	MULTIPLE	INDEPENDENT_AUDIT_FINAL	Independent clean-room audit value
f89v2	COMP_CENTRAL_ILLUSTRATION	NOT_VISIBLE	PRESENT	PRESENT	INDEPENDENT_AUDIT_FINAL	Independent clean-room audit value
f89v2	OBJ_PLANT_LIKE	NOT_VISIBLE	4+	4+	INDEPENDENT_AUDIT_FINAL	Independent clean-room audit value
f89v2	OBJ_HUMAN_LIKE	NOT_VISIBLE	0	0	INDEPENDENT_AUDIT_FINAL	Independent clean-room audit value
f89v2	OBJ_CONTAINER_LIKE	NOT_VISIBLE	2-3	2-3	INDEPENDENT_AUDIT_FINAL	Independent clean-room audit value
f89v2	OBJ_STAR_LIKE	NOT_VISIBLE	0	0	INDEPENDENT_AUDIT_FINAL	Independent clean-room audit value
f89v2	OBJ_CIRCULAR_UNITS	NOT_VISIBLE	0	0	INDEPENDENT_AUDIT_FINAL	Independent clean-room audit value
f89v2	GEO_RADIAL	NOT_VISIBLE	ABSENT	ABSENT	INDEPENDENT_AUDIT_FINAL	Independent clean-room audit value
f89v2	GEO_CONCENTRIC	NOT_VISIBLE	ABSENT	ABSENT	INDEPENDENT_AUDIT_FINAL	Independent clean-room audit value
f89v2	GEO_BRANCHING	NOT_VISIBLE	PRESENT	PRESENT	INDEPENDENT_AUDIT_FINAL	Independent clean-room audit value
f89v2	FIG_RELATION	NOT_VISIBLE	NOT_APPLICABLE	NOT_APPLICABLE	INDEPENDENT_AUDIT_FINAL	Independent clean-room audit value
f89v2	FIG_ENCLOSED	NOT_VISIBLE	NOT_APPLICABLE	NOT_APPLICABLE	INDEPENDENT_AUDIT_FINAL	Independent clean-room audit value
f89v2	TXT_RADIAL	NOT_VISIBLE	ABSENT	ABSENT	INDEPENDENT_AUDIT_FINAL	Independent clean-room audit value
f89v2	VIS_DENSITY	NOT_VISIBLE	HIGH	HIGH	INDEPENDENT_AUDIT_FINAL	Independent clean-room audit value
f89v2	VIS_COMPLEXITY	NOT_VISIBLE	HIGH	HIGH	INDEPENDENT_AUDIT_FINAL	Independent clean-room audit value
f89v1	COMP_ILLUSTRATION_REGIONS	NOT_VISIBLE	MULTIPLE	MULTIPLE	INDEPENDENT_AUDIT_FINAL	Independent clean-room audit value
f89v1	COMP_CENTRAL_ILLUSTRATION	NOT_VISIBLE	PRESENT	PRESENT	INDEPENDENT_AUDIT_FINAL	Independent clean-room audit value
f89v1	OBJ_PLANT_LIKE	NOT_VISIBLE	4+	4+	INDEPENDENT_AUDIT_FINAL	Independent clean-room audit value
f89v1	OBJ_HUMAN_LIKE	NOT_VISIBLE	0	0	INDEPENDENT_AUDIT_FINAL	Independent clean-room audit value
f89v1	OBJ_CONTAINER_LIKE	NOT_VISIBLE	2-3	2-3	INDEPENDENT_AUDIT_FINAL	Independent clean-room audit value
f89v1	OBJ_STAR_LIKE	NOT_VISIBLE	0	0	INDEPENDENT_AUDIT_FINAL	Independent clean-room audit value
f89v1	OBJ_CIRCULAR_UNITS	NOT_VISIBLE	0	0	INDEPENDENT_AUDIT_FINAL	Independent clean-room audit value
f89v1	GEO_RADIAL	NOT_VISIBLE	ABSENT	ABSENT	INDEPENDENT_AUDIT_FINAL	Independent clean-room audit value
f89v1	GEO_CONCENTRIC	NOT_VISIBLE	ABSENT	ABSENT	INDEPENDENT_AUDIT_FINAL	Independent clean-room audit value
f89v1	GEO_BRANCHING	NOT_VISIBLE	PRESENT	PRESENT	INDEPENDENT_AUDIT_FINAL	Independent clean-room audit value
f89v1	FIG_RELATION	NOT_VISIBLE	NOT_APPLICABLE	NOT_APPLICABLE	INDEPENDENT_AUDIT_FINAL	Independent clean-room audit value
f89v1	FIG_ENCLOSED	NOT_VISIBLE	NOT_APPLICABLE	NOT_APPLICABLE	INDEPENDENT_AUDIT_FINAL	Independent clean-room audit value
f89v1	TXT_RADIAL	NOT_VISIBLE	ABSENT	ABSENT	INDEPENDENT_AUDIT_FINAL	Independent clean-room audit value
f89v1	VIS_DENSITY	NOT_VISIBLE	HIGH	HIGH	INDEPENDENT_AUDIT_FINAL	Independent clean-room audit value
f89v1	VIS_COMPLEXITY	NOT_VISIBLE	MEDIUM	MEDIUM	INDEPENDENT_AUDIT_FINAL	Independent clean-room audit value
f90r1	COMP_ILLUSTRATION_REGIONS	NOT_VISIBLE	1	1	INDEPENDENT_AUDIT_FINAL	Independent clean-room audit value
f90r1	COMP_CENTRAL_ILLUSTRATION	NOT_VISIBLE	PRESENT	PRESENT	INDEPENDENT_AUDIT_FINAL	Independent clean-room audit value
f90r1	OBJ_PLANT_LIKE	NOT_VISIBLE	1	1	INDEPENDENT_AUDIT_FINAL	Independent clean-room audit value
f90r1	OBJ_HUMAN_LIKE	NOT_VISIBLE	0	0	INDEPENDENT_AUDIT_FINAL	Independent clean-room audit value
f90r1	OBJ_CONTAINER_LIKE	NOT_VISIBLE	0	0	INDEPENDENT_AUDIT_FINAL	Independent clean-room audit value
f90r1	OBJ_STAR_LIKE	NOT_VISIBLE	1+	1+	INDEPENDENT_AUDIT_FINAL	Independent clean-room audit value
f90r1	OBJ_CIRCULAR_UNITS	NOT_VISIBLE	0	0	INDEPENDENT_AUDIT_FINAL	Independent clean-room audit value
f90r1	GEO_RADIAL	NOT_VISIBLE	ABSENT	ABSENT	INDEPENDENT_AUDIT_FINAL	Independent clean-room audit value
f90r1	GEO_CONCENTRIC	NOT_VISIBLE	ABSENT	ABSENT	INDEPENDENT_AUDIT_FINAL	Independent clean-room audit value
f90r1	GEO_BRANCHING	NOT_VISIBLE	PRESENT	PRESENT	INDEPENDENT_AUDIT_FINAL	Independent clean-room audit value
f90r1	FIG_RELATION	NOT_VISIBLE	NOT_APPLICABLE	NOT_APPLICABLE	INDEPENDENT_AUDIT_FINAL	Independent clean-room audit value
f90r1	FIG_ENCLOSED	NOT_VISIBLE	NOT_APPLICABLE	NOT_APPLICABLE	INDEPENDENT_AUDIT_FINAL	Independent clean-room audit value
f90r1	TXT_RADIAL	NOT_VISIBLE	ABSENT	ABSENT	INDEPENDENT_AUDIT_FINAL	Independent clean-room audit value
f90r1	VIS_DENSITY	NOT_VISIBLE	MEDIUM	MEDIUM	INDEPENDENT_AUDIT_FINAL	Independent clean-room audit value
f90r1	VIS_COMPLEXITY	NOT_VISIBLE	MEDIUM	MEDIUM	INDEPENDENT_AUDIT_FINAL	Independent clean-room audit value
f90r2	COMP_ILLUSTRATION_REGIONS	NOT_VISIBLE	NOT_AUDITED	NOT_VISIBLE	SINGLE_FULL_PASS_PREDECLARED_AUDIT	Full visual pass; outside predeclared audit sample
f90r2	COMP_CENTRAL_ILLUSTRATION	NOT_VISIBLE	NOT_AUDITED	NOT_VISIBLE	SINGLE_FULL_PASS_PREDECLARED_AUDIT	Full visual pass; outside predeclared audit sample
f90r2	OBJ_PLANT_LIKE	NOT_VISIBLE	NOT_AUDITED	NOT_VISIBLE	SINGLE_FULL_PASS_PREDECLARED_AUDIT	Full visual pass; outside predeclared audit sample
f90r2	OBJ_HUMAN_LIKE	NOT_VISIBLE	NOT_AUDITED	NOT_VISIBLE	SINGLE_FULL_PASS_PREDECLARED_AUDIT	Full visual pass; outside predeclared audit sample
f90r2	OBJ_CONTAINER_LIKE	NOT_VISIBLE	NOT_AUDITED	NOT_VISIBLE	SINGLE_FULL_PASS_PREDECLARED_AUDIT	Full visual pass; outside predeclared audit sample
f90r2	OBJ_STAR_LIKE	NOT_VISIBLE	NOT_AUDITED	NOT_VISIBLE	SINGLE_FULL_PASS_PREDECLARED_AUDIT	Full visual pass; outside predeclared audit sample
f90r2	OBJ_CIRCULAR_UNITS	NOT_VISIBLE	NOT_AUDITED	NOT_VISIBLE	SINGLE_FULL_PASS_PREDECLARED_AUDIT	Full visual pass; outside predeclared audit sample
f90r2	GEO_RADIAL	NOT_VISIBLE	NOT_AUDITED	NOT_VISIBLE	SINGLE_FULL_PASS_PREDECLARED_AUDIT	Full visual pass; outside predeclared audit sample
f90r2	GEO_CONCENTRIC	NOT_VISIBLE	NOT_AUDITED	NOT_VISIBLE	SINGLE_FULL_PASS_PREDECLARED_AUDIT	Full visual pass; outside predeclared audit sample
f90r2	GEO_BRANCHING	NOT_VISIBLE	NOT_AUDITED	NOT_VISIBLE	SINGLE_FULL_PASS_PREDECLARED_AUDIT	Full visual pass; outside predeclared audit sample
f90r2	FIG_RELATION	NOT_VISIBLE	NOT_AUDITED	NOT_VISIBLE	SINGLE_FULL_PASS_PREDECLARED_AUDIT	Full visual pass; outside predeclared audit sample
f90r2	FIG_ENCLOSED	NOT_VISIBLE	NOT_AUDITED	NOT_VISIBLE	SINGLE_FULL_PASS_PREDECLARED_AUDIT	Full visual pass; outside predeclared audit sample
f90r2	TXT_RADIAL	NOT_VISIBLE	NOT_AUDITED	NOT_VISIBLE	SINGLE_FULL_PASS_PREDECLARED_AUDIT	Full visual pass; outside predeclared audit sample
f90r2	VIS_DENSITY	NOT_VISIBLE	NOT_AUDITED	NOT_VISIBLE	SINGLE_FULL_PASS_PREDECLARED_AUDIT	Full visual pass; outside predeclared audit sample
f90r2	VIS_COMPLEXITY	NOT_VISIBLE	NOT_AUDITED	NOT_VISIBLE	SINGLE_FULL_PASS_PREDECLARED_AUDIT	Full visual pass; outside predeclared audit sample
f90v2	COMP_ILLUSTRATION_REGIONS	NOT_VISIBLE	NOT_AUDITED	NOT_VISIBLE	SINGLE_FULL_PASS_PREDECLARED_AUDIT	Full visual pass; outside predeclared audit sample
f90v2	COMP_CENTRAL_ILLUSTRATION	NOT_VISIBLE	NOT_AUDITED	NOT_VISIBLE	SINGLE_FULL_PASS_PREDECLARED_AUDIT	Full visual pass; outside predeclared audit sample
f90v2	OBJ_PLANT_LIKE	NOT_VISIBLE	NOT_AUDITED	NOT_VISIBLE	SINGLE_FULL_PASS_PREDECLARED_AUDIT	Full visual pass; outside predeclared audit sample
f90v2	OBJ_HUMAN_LIKE	NOT_VISIBLE	NOT_AUDITED	NOT_VISIBLE	SINGLE_FULL_PASS_PREDECLARED_AUDIT	Full visual pass; outside predeclared audit sample
f90v2	OBJ_CONTAINER_LIKE	NOT_VISIBLE	NOT_AUDITED	NOT_VISIBLE	SINGLE_FULL_PASS_PREDECLARED_AUDIT	Full visual pass; outside predeclared audit sample
f90v2	OBJ_STAR_LIKE	NOT_VISIBLE	NOT_AUDITED	NOT_VISIBLE	SINGLE_FULL_PASS_PREDECLARED_AUDIT	Full visual pass; outside predeclared audit sample
f90v2	OBJ_CIRCULAR_UNITS	NOT_VISIBLE	NOT_AUDITED	NOT_VISIBLE	SINGLE_FULL_PASS_PREDECLARED_AUDIT	Full visual pass; outside predeclared audit sample
f90v2	GEO_RADIAL	NOT_VISIBLE	NOT_AUDITED	NOT_VISIBLE	SINGLE_FULL_PASS_PREDECLARED_AUDIT	Full visual pass; outside predeclared audit sample
f90v2	GEO_CONCENTRIC	NOT_VISIBLE	NOT_AUDITED	NOT_VISIBLE	SINGLE_FULL_PASS_PREDECLARED_AUDIT	Full visual pass; outside predeclared audit sample
f90v2	GEO_BRANCHING	NOT_VISIBLE	NOT_AUDITED	NOT_VISIBLE	SINGLE_FULL_PASS_PREDECLARED_AUDIT	Full visual pass; outside predeclared audit sample
f90v2	FIG_RELATION	NOT_VISIBLE	NOT_AUDITED	NOT_VISIBLE	SINGLE_FULL_PASS_PREDECLARED_AUDIT	Full visual pass; outside predeclared audit sample
f90v2	FIG_ENCLOSED	NOT_VISIBLE	NOT_AUDITED	NOT_VISIBLE	SINGLE_FULL_PASS_PREDECLARED_AUDIT	Full visual pass; outside predeclared audit sample
f90v2	TXT_RADIAL	NOT_VISIBLE	NOT_AUDITED	NOT_VISIBLE	SINGLE_FULL_PASS_PREDECLARED_AUDIT	Full visual pass; outside predeclared audit sample
f90v2	VIS_DENSITY	NOT_VISIBLE	NOT_AUDITED	NOT_VISIBLE	SINGLE_FULL_PASS_PREDECLARED_AUDIT	Full visual pass; outside predeclared audit sample
f90v2	VIS_COMPLEXITY	NOT_VISIBLE	NOT_AUDITED	NOT_VISIBLE	SINGLE_FULL_PASS_PREDECLARED_AUDIT	Full visual pass; outside predeclared audit sample
f90v1	COMP_ILLUSTRATION_REGIONS	NOT_VISIBLE	NOT_AUDITED	NOT_VISIBLE	SINGLE_FULL_PASS_PREDECLARED_AUDIT	Full visual pass; outside predeclared audit sample
f90v1	COMP_CENTRAL_ILLUSTRATION	NOT_VISIBLE	NOT_AUDITED	NOT_VISIBLE	SINGLE_FULL_PASS_PREDECLARED_AUDIT	Full visual pass; outside predeclared audit sample
f90v1	OBJ_PLANT_LIKE	NOT_VISIBLE	NOT_AUDITED	NOT_VISIBLE	SINGLE_FULL_PASS_PREDECLARED_AUDIT	Full visual pass; outside predeclared audit sample
f90v1	OBJ_HUMAN_LIKE	NOT_VISIBLE	NOT_AUDITED	NOT_VISIBLE	SINGLE_FULL_PASS_PREDECLARED_AUDIT	Full visual pass; outside predeclared audit sample
f90v1	OBJ_CONTAINER_LIKE	NOT_VISIBLE	NOT_AUDITED	NOT_VISIBLE	SINGLE_FULL_PASS_PREDECLARED_AUDIT	Full visual pass; outside predeclared audit sample
f90v1	OBJ_STAR_LIKE	NOT_VISIBLE	NOT_AUDITED	NOT_VISIBLE	SINGLE_FULL_PASS_PREDECLARED_AUDIT	Full visual pass; outside predeclared audit sample
f90v1	OBJ_CIRCULAR_UNITS	NOT_VISIBLE	NOT_AUDITED	NOT_VISIBLE	SINGLE_FULL_PASS_PREDECLARED_AUDIT	Full visual pass; outside predeclared audit sample
f90v1	GEO_RADIAL	NOT_VISIBLE	NOT_AUDITED	NOT_VISIBLE	SINGLE_FULL_PASS_PREDECLARED_AUDIT	Full visual pass; outside predeclared audit sample
f90v1	GEO_CONCENTRIC	NOT_VISIBLE	NOT_AUDITED	NOT_VISIBLE	SINGLE_FULL_PASS_PREDECLARED_AUDIT	Full visual pass; outside predeclared audit sample
f90v1	GEO_BRANCHING	NOT_VISIBLE	NOT_AUDITED	NOT_VISIBLE	SINGLE_FULL_PASS_PREDECLARED_AUDIT	Full visual pass; outside predeclared audit sample
f90v1	FIG_RELATION	NOT_VISIBLE	NOT_AUDITED	NOT_VISIBLE	SINGLE_FULL_PASS_PREDECLARED_AUDIT	Full visual pass; outside predeclared audit sample
f90v1	FIG_ENCLOSED	NOT_VISIBLE	NOT_AUDITED	NOT_VISIBLE	SINGLE_FULL_PASS_PREDECLARED_AUDIT	Full visual pass; outside predeclared audit sample
f90v1	TXT_RADIAL	NOT_VISIBLE	NOT_AUDITED	NOT_VISIBLE	SINGLE_FULL_PASS_PREDECLARED_AUDIT	Full visual pass; outside predeclared audit sample
f90v1	VIS_DENSITY	NOT_VISIBLE	NOT_AUDITED	NOT_VISIBLE	SINGLE_FULL_PASS_PREDECLARED_AUDIT	Full visual pass; outside predeclared audit sample
f90v1	VIS_COMPLEXITY	NOT_VISIBLE	NOT_AUDITED	NOT_VISIBLE	SINGLE_FULL_PASS_PREDECLARED_AUDIT	Full visual pass; outside predeclared audit sample
f93r	COMP_ILLUSTRATION_REGIONS	1	NOT_AUDITED	1	SINGLE_FULL_PASS_PREDECLARED_AUDIT	Full visual pass; outside predeclared audit sample
f93r	COMP_CENTRAL_ILLUSTRATION	PRESENT	NOT_AUDITED	PRESENT	SINGLE_FULL_PASS_PREDECLARED_AUDIT	Full visual pass; outside predeclared audit sample
f93r	OBJ_PLANT_LIKE	1	NOT_AUDITED	1	SINGLE_FULL_PASS_PREDECLARED_AUDIT	Full visual pass; outside predeclared audit sample
f93r	OBJ_HUMAN_LIKE	0	NOT_AUDITED	0	SINGLE_FULL_PASS_PREDECLARED_AUDIT	Full visual pass; outside predeclared audit sample
f93r	OBJ_CONTAINER_LIKE	0	NOT_AUDITED	0	SINGLE_FULL_PASS_PREDECLARED_AUDIT	Full visual pass; outside predeclared audit sample
f93r	OBJ_STAR_LIKE	0	NOT_AUDITED	0	SINGLE_FULL_PASS_PREDECLARED_AUDIT	Full visual pass; outside predeclared audit sample
f93r	OBJ_CIRCULAR_UNITS	0	NOT_AUDITED	0	SINGLE_FULL_PASS_PREDECLARED_AUDIT	Full visual pass; outside predeclared audit sample
f93r	GEO_RADIAL	ABSENT	NOT_AUDITED	ABSENT	SINGLE_FULL_PASS_PREDECLARED_AUDIT	Full visual pass; outside predeclared audit sample
f93r	GEO_CONCENTRIC	ABSENT	NOT_AUDITED	ABSENT	SINGLE_FULL_PASS_PREDECLARED_AUDIT	Full visual pass; outside predeclared audit sample
f93r	GEO_BRANCHING	PRESENT	NOT_AUDITED	PRESENT	SINGLE_FULL_PASS_PREDECLARED_AUDIT	Full visual pass; outside predeclared audit sample
f93r	FIG_RELATION	NOT_APPLICABLE	NOT_AUDITED	NOT_APPLICABLE	SINGLE_FULL_PASS_PREDECLARED_AUDIT	Full visual pass; outside predeclared audit sample
f93r	FIG_ENCLOSED	NOT_APPLICABLE	NOT_AUDITED	NOT_APPLICABLE	SINGLE_FULL_PASS_PREDECLARED_AUDIT	Full visual pass; outside predeclared audit sample
f93r	TXT_RADIAL	ABSENT	NOT_AUDITED	ABSENT	SINGLE_FULL_PASS_PREDECLARED_AUDIT	Full visual pass; outside predeclared audit sample
f93r	VIS_DENSITY	MEDIUM	NOT_AUDITED	MEDIUM	SINGLE_FULL_PASS_PREDECLARED_AUDIT	Full visual pass; outside predeclared audit sample
f93r	VIS_COMPLEXITY	MEDIUM	NOT_AUDITED	MEDIUM	SINGLE_FULL_PASS_PREDECLARED_AUDIT	Full visual pass; outside predeclared audit sample
f93v	COMP_ILLUSTRATION_REGIONS	1	NOT_AUDITED	1	SINGLE_FULL_PASS_PREDECLARED_AUDIT	Full visual pass; outside predeclared audit sample
f93v	COMP_CENTRAL_ILLUSTRATION	PRESENT	NOT_AUDITED	PRESENT	SINGLE_FULL_PASS_PREDECLARED_AUDIT	Full visual pass; outside predeclared audit sample
f93v	OBJ_PLANT_LIKE	1	NOT_AUDITED	1	SINGLE_FULL_PASS_PREDECLARED_AUDIT	Full visual pass; outside predeclared audit sample
f93v	OBJ_HUMAN_LIKE	0	NOT_AUDITED	0	SINGLE_FULL_PASS_PREDECLARED_AUDIT	Full visual pass; outside predeclared audit sample
f93v	OBJ_CONTAINER_LIKE	0	NOT_AUDITED	0	SINGLE_FULL_PASS_PREDECLARED_AUDIT	Full visual pass; outside predeclared audit sample
f93v	OBJ_STAR_LIKE	0	NOT_AUDITED	0	SINGLE_FULL_PASS_PREDECLARED_AUDIT	Full visual pass; outside predeclared audit sample
f93v	OBJ_CIRCULAR_UNITS	0	NOT_AUDITED	0	SINGLE_FULL_PASS_PREDECLARED_AUDIT	Full visual pass; outside predeclared audit sample
f93v	GEO_RADIAL	ABSENT	NOT_AUDITED	ABSENT	SINGLE_FULL_PASS_PREDECLARED_AUDIT	Full visual pass; outside predeclared audit sample
f93v	GEO_CONCENTRIC	ABSENT	NOT_AUDITED	ABSENT	SINGLE_FULL_PASS_PREDECLARED_AUDIT	Full visual pass; outside predeclared audit sample
f93v	GEO_BRANCHING	PRESENT	NOT_AUDITED	PRESENT	SINGLE_FULL_PASS_PREDECLARED_AUDIT	Full visual pass; outside predeclared audit sample
f93v	FIG_RELATION	NOT_APPLICABLE	NOT_AUDITED	NOT_APPLICABLE	SINGLE_FULL_PASS_PREDECLARED_AUDIT	Full visual pass; outside predeclared audit sample
f93v	FIG_ENCLOSED	NOT_APPLICABLE	NOT_AUDITED	NOT_APPLICABLE	SINGLE_FULL_PASS_PREDECLARED_AUDIT	Full visual pass; outside predeclared audit sample
f93v	TXT_RADIAL	ABSENT	NOT_AUDITED	ABSENT	SINGLE_FULL_PASS_PREDECLARED_AUDIT	Full visual pass; outside predeclared audit sample
f93v	VIS_DENSITY	MEDIUM	NOT_AUDITED	MEDIUM	SINGLE_FULL_PASS_PREDECLARED_AUDIT	Full visual pass; outside predeclared audit sample
f93v	VIS_COMPLEXITY	MEDIUM	NOT_AUDITED	MEDIUM	SINGLE_FULL_PASS_PREDECLARED_AUDIT	Full visual pass; outside predeclared audit sample
f94r	COMP_ILLUSTRATION_REGIONS	1	1	1	INDEPENDENT_AUDIT_FINAL	Independent clean-room audit value
f94r	COMP_CENTRAL_ILLUSTRATION	PRESENT	PRESENT	PRESENT	INDEPENDENT_AUDIT_FINAL	Independent clean-room audit value
f94r	OBJ_PLANT_LIKE	1	1	1	INDEPENDENT_AUDIT_FINAL	Independent clean-room audit value
f94r	OBJ_HUMAN_LIKE	0	0	0	INDEPENDENT_AUDIT_FINAL	Independent clean-room audit value
f94r	OBJ_CONTAINER_LIKE	0	0	0	INDEPENDENT_AUDIT_FINAL	Independent clean-room audit value
f94r	OBJ_STAR_LIKE	0	0	0	INDEPENDENT_AUDIT_FINAL	Independent clean-room audit value
f94r	OBJ_CIRCULAR_UNITS	0	0	0	INDEPENDENT_AUDIT_FINAL	Independent clean-room audit value
f94r	GEO_RADIAL	ABSENT	ABSENT	ABSENT	INDEPENDENT_AUDIT_FINAL	Independent clean-room audit value
f94r	GEO_CONCENTRIC	ABSENT	ABSENT	ABSENT	INDEPENDENT_AUDIT_FINAL	Independent clean-room audit value
f94r	GEO_BRANCHING	PRESENT	PRESENT	PRESENT	INDEPENDENT_AUDIT_FINAL	Independent clean-room audit value
f94r	FIG_RELATION	NOT_APPLICABLE	NOT_APPLICABLE	NOT_APPLICABLE	INDEPENDENT_AUDIT_FINAL	Independent clean-room audit value
f94r	FIG_ENCLOSED	NOT_APPLICABLE	NOT_APPLICABLE	NOT_APPLICABLE	INDEPENDENT_AUDIT_FINAL	Independent clean-room audit value
f94r	TXT_RADIAL	ABSENT	ABSENT	ABSENT	INDEPENDENT_AUDIT_FINAL	Independent clean-room audit value
f94r	VIS_DENSITY	MEDIUM	MEDIUM	MEDIUM	INDEPENDENT_AUDIT_FINAL	Independent clean-room audit value
f94r	VIS_COMPLEXITY	MEDIUM	MEDIUM	MEDIUM	INDEPENDENT_AUDIT_FINAL	Independent clean-room audit value
f94v	COMP_ILLUSTRATION_REGIONS	1	NOT_AUDITED	1	SINGLE_FULL_PASS_PREDECLARED_AUDIT	Full visual pass; outside predeclared audit sample
f94v	COMP_CENTRAL_ILLUSTRATION	PRESENT	NOT_AUDITED	PRESENT	SINGLE_FULL_PASS_PREDECLARED_AUDIT	Full visual pass; outside predeclared audit sample
f94v	OBJ_PLANT_LIKE	1	NOT_AUDITED	1	SINGLE_FULL_PASS_PREDECLARED_AUDIT	Full visual pass; outside predeclared audit sample
f94v	OBJ_HUMAN_LIKE	0	NOT_AUDITED	0	SINGLE_FULL_PASS_PREDECLARED_AUDIT	Full visual pass; outside predeclared audit sample
f94v	OBJ_CONTAINER_LIKE	0	NOT_AUDITED	0	SINGLE_FULL_PASS_PREDECLARED_AUDIT	Full visual pass; outside predeclared audit sample
f94v	OBJ_STAR_LIKE	0	NOT_AUDITED	0	SINGLE_FULL_PASS_PREDECLARED_AUDIT	Full visual pass; outside predeclared audit sample
f94v	OBJ_CIRCULAR_UNITS	0	NOT_AUDITED	0	SINGLE_FULL_PASS_PREDECLARED_AUDIT	Full visual pass; outside predeclared audit sample
f94v	GEO_RADIAL	ABSENT	NOT_AUDITED	ABSENT	SINGLE_FULL_PASS_PREDECLARED_AUDIT	Full visual pass; outside predeclared audit sample
f94v	GEO_CONCENTRIC	ABSENT	NOT_AUDITED	ABSENT	SINGLE_FULL_PASS_PREDECLARED_AUDIT	Full visual pass; outside predeclared audit sample
f94v	GEO_BRANCHING	PRESENT	NOT_AUDITED	PRESENT	SINGLE_FULL_PASS_PREDECLARED_AUDIT	Full visual pass; outside predeclared audit sample
f94v	FIG_RELATION	NOT_APPLICABLE	NOT_AUDITED	NOT_APPLICABLE	SINGLE_FULL_PASS_PREDECLARED_AUDIT	Full visual pass; outside predeclared audit sample
f94v	FIG_ENCLOSED	NOT_APPLICABLE	NOT_AUDITED	NOT_APPLICABLE	SINGLE_FULL_PASS_PREDECLARED_AUDIT	Full visual pass; outside predeclared audit sample
f94v	TXT_RADIAL	ABSENT	NOT_AUDITED	ABSENT	SINGLE_FULL_PASS_PREDECLARED_AUDIT	Full visual pass; outside predeclared audit sample
f94v	VIS_DENSITY	MEDIUM	NOT_AUDITED	MEDIUM	SINGLE_FULL_PASS_PREDECLARED_AUDIT	Full visual pass; outside predeclared audit sample
f94v	VIS_COMPLEXITY	MEDIUM	NOT_AUDITED	MEDIUM	SINGLE_FULL_PASS_PREDECLARED_AUDIT	Full visual pass; outside predeclared audit sample
f95r1	COMP_ILLUSTRATION_REGIONS	NOT_VISIBLE	NOT_AUDITED	NOT_VISIBLE	SINGLE_FULL_PASS_PREDECLARED_AUDIT	Full visual pass; outside predeclared audit sample
f95r1	COMP_CENTRAL_ILLUSTRATION	NOT_VISIBLE	NOT_AUDITED	NOT_VISIBLE	SINGLE_FULL_PASS_PREDECLARED_AUDIT	Full visual pass; outside predeclared audit sample
f95r1	OBJ_PLANT_LIKE	NOT_VISIBLE	NOT_AUDITED	NOT_VISIBLE	SINGLE_FULL_PASS_PREDECLARED_AUDIT	Full visual pass; outside predeclared audit sample
f95r1	OBJ_HUMAN_LIKE	NOT_VISIBLE	NOT_AUDITED	NOT_VISIBLE	SINGLE_FULL_PASS_PREDECLARED_AUDIT	Full visual pass; outside predeclared audit sample
f95r1	OBJ_CONTAINER_LIKE	NOT_VISIBLE	NOT_AUDITED	NOT_VISIBLE	SINGLE_FULL_PASS_PREDECLARED_AUDIT	Full visual pass; outside predeclared audit sample
f95r1	OBJ_STAR_LIKE	NOT_VISIBLE	NOT_AUDITED	NOT_VISIBLE	SINGLE_FULL_PASS_PREDECLARED_AUDIT	Full visual pass; outside predeclared audit sample
f95r1	OBJ_CIRCULAR_UNITS	NOT_VISIBLE	NOT_AUDITED	NOT_VISIBLE	SINGLE_FULL_PASS_PREDECLARED_AUDIT	Full visual pass; outside predeclared audit sample
f95r1	GEO_RADIAL	NOT_VISIBLE	NOT_AUDITED	NOT_VISIBLE	SINGLE_FULL_PASS_PREDECLARED_AUDIT	Full visual pass; outside predeclared audit sample
f95r1	GEO_CONCENTRIC	NOT_VISIBLE	NOT_AUDITED	NOT_VISIBLE	SINGLE_FULL_PASS_PREDECLARED_AUDIT	Full visual pass; outside predeclared audit sample
f95r1	GEO_BRANCHING	NOT_VISIBLE	NOT_AUDITED	NOT_VISIBLE	SINGLE_FULL_PASS_PREDECLARED_AUDIT	Full visual pass; outside predeclared audit sample
f95r1	FIG_RELATION	NOT_VISIBLE	NOT_AUDITED	NOT_VISIBLE	SINGLE_FULL_PASS_PREDECLARED_AUDIT	Full visual pass; outside predeclared audit sample
f95r1	FIG_ENCLOSED	NOT_VISIBLE	NOT_AUDITED	NOT_VISIBLE	SINGLE_FULL_PASS_PREDECLARED_AUDIT	Full visual pass; outside predeclared audit sample
f95r1	TXT_RADIAL	NOT_VISIBLE	NOT_AUDITED	NOT_VISIBLE	SINGLE_FULL_PASS_PREDECLARED_AUDIT	Full visual pass; outside predeclared audit sample
f95r1	VIS_DENSITY	NOT_VISIBLE	NOT_AUDITED	NOT_VISIBLE	SINGLE_FULL_PASS_PREDECLARED_AUDIT	Full visual pass; outside predeclared audit sample
f95r1	VIS_COMPLEXITY	NOT_VISIBLE	NOT_AUDITED	NOT_VISIBLE	SINGLE_FULL_PASS_PREDECLARED_AUDIT	Full visual pass; outside predeclared audit sample
f95r2	COMP_ILLUSTRATION_REGIONS	NOT_VISIBLE	NOT_AUDITED	NOT_VISIBLE	SINGLE_FULL_PASS_PREDECLARED_AUDIT	Full visual pass; outside predeclared audit sample
f95r2	COMP_CENTRAL_ILLUSTRATION	NOT_VISIBLE	NOT_AUDITED	NOT_VISIBLE	SINGLE_FULL_PASS_PREDECLARED_AUDIT	Full visual pass; outside predeclared audit sample
f95r2	OBJ_PLANT_LIKE	NOT_VISIBLE	NOT_AUDITED	NOT_VISIBLE	SINGLE_FULL_PASS_PREDECLARED_AUDIT	Full visual pass; outside predeclared audit sample
f95r2	OBJ_HUMAN_LIKE	NOT_VISIBLE	NOT_AUDITED	NOT_VISIBLE	SINGLE_FULL_PASS_PREDECLARED_AUDIT	Full visual pass; outside predeclared audit sample
f95r2	OBJ_CONTAINER_LIKE	NOT_VISIBLE	NOT_AUDITED	NOT_VISIBLE	SINGLE_FULL_PASS_PREDECLARED_AUDIT	Full visual pass; outside predeclared audit sample
f95r2	OBJ_STAR_LIKE	NOT_VISIBLE	NOT_AUDITED	NOT_VISIBLE	SINGLE_FULL_PASS_PREDECLARED_AUDIT	Full visual pass; outside predeclared audit sample
f95r2	OBJ_CIRCULAR_UNITS	NOT_VISIBLE	NOT_AUDITED	NOT_VISIBLE	SINGLE_FULL_PASS_PREDECLARED_AUDIT	Full visual pass; outside predeclared audit sample
f95r2	GEO_RADIAL	NOT_VISIBLE	NOT_AUDITED	NOT_VISIBLE	SINGLE_FULL_PASS_PREDECLARED_AUDIT	Full visual pass; outside predeclared audit sample
f95r2	GEO_CONCENTRIC	NOT_VISIBLE	NOT_AUDITED	NOT_VISIBLE	SINGLE_FULL_PASS_PREDECLARED_AUDIT	Full visual pass; outside predeclared audit sample
f95r2	GEO_BRANCHING	NOT_VISIBLE	NOT_AUDITED	NOT_VISIBLE	SINGLE_FULL_PASS_PREDECLARED_AUDIT	Full visual pass; outside predeclared audit sample
f95r2	FIG_RELATION	NOT_VISIBLE	NOT_AUDITED	NOT_VISIBLE	SINGLE_FULL_PASS_PREDECLARED_AUDIT	Full visual pass; outside predeclared audit sample
f95r2	FIG_ENCLOSED	NOT_VISIBLE	NOT_AUDITED	NOT_VISIBLE	SINGLE_FULL_PASS_PREDECLARED_AUDIT	Full visual pass; outside predeclared audit sample
f95r2	TXT_RADIAL	NOT_VISIBLE	NOT_AUDITED	NOT_VISIBLE	SINGLE_FULL_PASS_PREDECLARED_AUDIT	Full visual pass; outside predeclared audit sample
f95r2	VIS_DENSITY	NOT_VISIBLE	NOT_AUDITED	NOT_VISIBLE	SINGLE_FULL_PASS_PREDECLARED_AUDIT	Full visual pass; outside predeclared audit sample
f95r2	VIS_COMPLEXITY	NOT_VISIBLE	NOT_AUDITED	NOT_VISIBLE	SINGLE_FULL_PASS_PREDECLARED_AUDIT	Full visual pass; outside predeclared audit sample
f95v2	COMP_ILLUSTRATION_REGIONS	NOT_VISIBLE	NOT_AUDITED	NOT_VISIBLE	SINGLE_FULL_PASS_PREDECLARED_AUDIT	Full visual pass; outside predeclared audit sample
f95v2	COMP_CENTRAL_ILLUSTRATION	NOT_VISIBLE	NOT_AUDITED	NOT_VISIBLE	SINGLE_FULL_PASS_PREDECLARED_AUDIT	Full visual pass; outside predeclared audit sample
f95v2	OBJ_PLANT_LIKE	NOT_VISIBLE	NOT_AUDITED	NOT_VISIBLE	SINGLE_FULL_PASS_PREDECLARED_AUDIT	Full visual pass; outside predeclared audit sample
f95v2	OBJ_HUMAN_LIKE	NOT_VISIBLE	NOT_AUDITED	NOT_VISIBLE	SINGLE_FULL_PASS_PREDECLARED_AUDIT	Full visual pass; outside predeclared audit sample
f95v2	OBJ_CONTAINER_LIKE	NOT_VISIBLE	NOT_AUDITED	NOT_VISIBLE	SINGLE_FULL_PASS_PREDECLARED_AUDIT	Full visual pass; outside predeclared audit sample
f95v2	OBJ_STAR_LIKE	NOT_VISIBLE	NOT_AUDITED	NOT_VISIBLE	SINGLE_FULL_PASS_PREDECLARED_AUDIT	Full visual pass; outside predeclared audit sample
f95v2	OBJ_CIRCULAR_UNITS	NOT_VISIBLE	NOT_AUDITED	NOT_VISIBLE	SINGLE_FULL_PASS_PREDECLARED_AUDIT	Full visual pass; outside predeclared audit sample
f95v2	GEO_RADIAL	NOT_VISIBLE	NOT_AUDITED	NOT_VISIBLE	SINGLE_FULL_PASS_PREDECLARED_AUDIT	Full visual pass; outside predeclared audit sample
f95v2	GEO_CONCENTRIC	NOT_VISIBLE	NOT_AUDITED	NOT_VISIBLE	SINGLE_FULL_PASS_PREDECLARED_AUDIT	Full visual pass; outside predeclared audit sample
f95v2	GEO_BRANCHING	NOT_VISIBLE	NOT_AUDITED	NOT_VISIBLE	SINGLE_FULL_PASS_PREDECLARED_AUDIT	Full visual pass; outside predeclared audit sample
f95v2	FIG_RELATION	NOT_VISIBLE	NOT_AUDITED	NOT_VISIBLE	SINGLE_FULL_PASS_PREDECLARED_AUDIT	Full visual pass; outside predeclared audit sample
f95v2	FIG_ENCLOSED	NOT_VISIBLE	NOT_AUDITED	NOT_VISIBLE	SINGLE_FULL_PASS_PREDECLARED_AUDIT	Full visual pass; outside predeclared audit sample
f95v2	TXT_RADIAL	NOT_VISIBLE	NOT_AUDITED	NOT_VISIBLE	SINGLE_FULL_PASS_PREDECLARED_AUDIT	Full visual pass; outside predeclared audit sample
f95v2	VIS_DENSITY	NOT_VISIBLE	NOT_AUDITED	NOT_VISIBLE	SINGLE_FULL_PASS_PREDECLARED_AUDIT	Full visual pass; outside predeclared audit sample
f95v2	VIS_COMPLEXITY	NOT_VISIBLE	NOT_AUDITED	NOT_VISIBLE	SINGLE_FULL_PASS_PREDECLARED_AUDIT	Full visual pass; outside predeclared audit sample
f95v1	COMP_ILLUSTRATION_REGIONS	NOT_VISIBLE	1	1	INDEPENDENT_AUDIT_FINAL	Independent clean-room audit value
f95v1	COMP_CENTRAL_ILLUSTRATION	NOT_VISIBLE	PRESENT	PRESENT	INDEPENDENT_AUDIT_FINAL	Independent clean-room audit value
f95v1	OBJ_PLANT_LIKE	NOT_VISIBLE	1	1	INDEPENDENT_AUDIT_FINAL	Independent clean-room audit value
f95v1	OBJ_HUMAN_LIKE	NOT_VISIBLE	0	0	INDEPENDENT_AUDIT_FINAL	Independent clean-room audit value
f95v1	OBJ_CONTAINER_LIKE	NOT_VISIBLE	0	0	INDEPENDENT_AUDIT_FINAL	Independent clean-room audit value
f95v1	OBJ_STAR_LIKE	NOT_VISIBLE	1+	1+	INDEPENDENT_AUDIT_FINAL	Independent clean-room audit value
f95v1	OBJ_CIRCULAR_UNITS	NOT_VISIBLE	0	0	INDEPENDENT_AUDIT_FINAL	Independent clean-room audit value
f95v1	GEO_RADIAL	NOT_VISIBLE	ABSENT	ABSENT	INDEPENDENT_AUDIT_FINAL	Independent clean-room audit value
f95v1	GEO_CONCENTRIC	NOT_VISIBLE	ABSENT	ABSENT	INDEPENDENT_AUDIT_FINAL	Independent clean-room audit value
f95v1	GEO_BRANCHING	NOT_VISIBLE	PRESENT	PRESENT	INDEPENDENT_AUDIT_FINAL	Independent clean-room audit value
f95v1	FIG_RELATION	NOT_VISIBLE	NOT_APPLICABLE	NOT_APPLICABLE	INDEPENDENT_AUDIT_FINAL	Independent clean-room audit value
f95v1	FIG_ENCLOSED	NOT_VISIBLE	NOT_APPLICABLE	NOT_APPLICABLE	INDEPENDENT_AUDIT_FINAL	Independent clean-room audit value
f95v1	TXT_RADIAL	NOT_VISIBLE	ABSENT	ABSENT	INDEPENDENT_AUDIT_FINAL	Independent clean-room audit value
f95v1	VIS_DENSITY	NOT_VISIBLE	MEDIUM	MEDIUM	INDEPENDENT_AUDIT_FINAL	Independent clean-room audit value
f95v1	VIS_COMPLEXITY	NOT_VISIBLE	MEDIUM	MEDIUM	INDEPENDENT_AUDIT_FINAL	Independent clean-room audit value
f96r	COMP_ILLUSTRATION_REGIONS	1	NOT_AUDITED	1	SINGLE_FULL_PASS_PREDECLARED_AUDIT	Full visual pass; outside predeclared audit sample
f96r	COMP_CENTRAL_ILLUSTRATION	PRESENT	NOT_AUDITED	PRESENT	SINGLE_FULL_PASS_PREDECLARED_AUDIT	Full visual pass; outside predeclared audit sample
f96r	OBJ_PLANT_LIKE	1	NOT_AUDITED	1	SINGLE_FULL_PASS_PREDECLARED_AUDIT	Full visual pass; outside predeclared audit sample
f96r	OBJ_HUMAN_LIKE	0	NOT_AUDITED	0	SINGLE_FULL_PASS_PREDECLARED_AUDIT	Full visual pass; outside predeclared audit sample
f96r	OBJ_CONTAINER_LIKE	0	NOT_AUDITED	0	SINGLE_FULL_PASS_PREDECLARED_AUDIT	Full visual pass; outside predeclared audit sample
f96r	OBJ_STAR_LIKE	0	NOT_AUDITED	0	SINGLE_FULL_PASS_PREDECLARED_AUDIT	Full visual pass; outside predeclared audit sample
f96r	OBJ_CIRCULAR_UNITS	0	NOT_AUDITED	0	SINGLE_FULL_PASS_PREDECLARED_AUDIT	Full visual pass; outside predeclared audit sample
f96r	GEO_RADIAL	ABSENT	NOT_AUDITED	ABSENT	SINGLE_FULL_PASS_PREDECLARED_AUDIT	Full visual pass; outside predeclared audit sample
f96r	GEO_CONCENTRIC	ABSENT	NOT_AUDITED	ABSENT	SINGLE_FULL_PASS_PREDECLARED_AUDIT	Full visual pass; outside predeclared audit sample
f96r	GEO_BRANCHING	PRESENT	NOT_AUDITED	PRESENT	SINGLE_FULL_PASS_PREDECLARED_AUDIT	Full visual pass; outside predeclared audit sample
f96r	FIG_RELATION	NOT_APPLICABLE	NOT_AUDITED	NOT_APPLICABLE	SINGLE_FULL_PASS_PREDECLARED_AUDIT	Full visual pass; outside predeclared audit sample
f96r	FIG_ENCLOSED	NOT_APPLICABLE	NOT_AUDITED	NOT_APPLICABLE	SINGLE_FULL_PASS_PREDECLARED_AUDIT	Full visual pass; outside predeclared audit sample
f96r	TXT_RADIAL	ABSENT	NOT_AUDITED	ABSENT	SINGLE_FULL_PASS_PREDECLARED_AUDIT	Full visual pass; outside predeclared audit sample
f96r	VIS_DENSITY	MEDIUM	NOT_AUDITED	MEDIUM	SINGLE_FULL_PASS_PREDECLARED_AUDIT	Full visual pass; outside predeclared audit sample
f96r	VIS_COMPLEXITY	MEDIUM	NOT_AUDITED	MEDIUM	SINGLE_FULL_PASS_PREDECLARED_AUDIT	Full visual pass; outside predeclared audit sample
f96v	COMP_ILLUSTRATION_REGIONS	1	1	1	INDEPENDENT_AUDIT_FINAL	Independent clean-room audit value
f96v	COMP_CENTRAL_ILLUSTRATION	PRESENT	PRESENT	PRESENT	INDEPENDENT_AUDIT_FINAL	Independent clean-room audit value
f96v	OBJ_PLANT_LIKE	1	1	1	INDEPENDENT_AUDIT_FINAL	Independent clean-room audit value
f96v	OBJ_HUMAN_LIKE	0	0	0	INDEPENDENT_AUDIT_FINAL	Independent clean-room audit value
f96v	OBJ_CONTAINER_LIKE	0	0	0	INDEPENDENT_AUDIT_FINAL	Independent clean-room audit value
f96v	OBJ_STAR_LIKE	0	0	0	INDEPENDENT_AUDIT_FINAL	Independent clean-room audit value
f96v	OBJ_CIRCULAR_UNITS	0	0	0	INDEPENDENT_AUDIT_FINAL	Independent clean-room audit value
f96v	GEO_RADIAL	ABSENT	ABSENT	ABSENT	INDEPENDENT_AUDIT_FINAL	Independent clean-room audit value
f96v	GEO_CONCENTRIC	ABSENT	ABSENT	ABSENT	INDEPENDENT_AUDIT_FINAL	Independent clean-room audit value
f96v	GEO_BRANCHING	PRESENT	PRESENT	PRESENT	INDEPENDENT_AUDIT_FINAL	Independent clean-room audit value
f96v	FIG_RELATION	NOT_APPLICABLE	NOT_APPLICABLE	NOT_APPLICABLE	INDEPENDENT_AUDIT_FINAL	Independent clean-room audit value
f96v	FIG_ENCLOSED	NOT_APPLICABLE	NOT_APPLICABLE	NOT_APPLICABLE	INDEPENDENT_AUDIT_FINAL	Independent clean-room audit value
f96v	TXT_RADIAL	ABSENT	ABSENT	ABSENT	INDEPENDENT_AUDIT_FINAL	Independent clean-room audit value
f96v	VIS_DENSITY	MEDIUM	MEDIUM	MEDIUM	INDEPENDENT_AUDIT_FINAL	Independent clean-room audit value
f96v	VIS_COMPLEXITY	MEDIUM	MEDIUM	MEDIUM	INDEPENDENT_AUDIT_FINAL	Independent clean-room audit value
f99r	COMP_ILLUSTRATION_REGIONS	MULTIPLE	MULTIPLE	MULTIPLE	INDEPENDENT_AUDIT_FINAL	Independent clean-room audit value
f99r	COMP_CENTRAL_ILLUSTRATION	ABSENT	PRESENT	PRESENT	INDEPENDENT_AUDIT_FINAL	Independent clean-room audit value
f99r	OBJ_PLANT_LIKE	4+	4+	4+	INDEPENDENT_AUDIT_FINAL	Independent clean-room audit value
f99r	OBJ_HUMAN_LIKE	0	0	0	INDEPENDENT_AUDIT_FINAL	Independent clean-room audit value
f99r	OBJ_CONTAINER_LIKE	2-3	4+	4+	INDEPENDENT_AUDIT_FINAL	Independent clean-room audit value
f99r	OBJ_STAR_LIKE	0	0	0	INDEPENDENT_AUDIT_FINAL	Independent clean-room audit value
f99r	OBJ_CIRCULAR_UNITS	0	0	0	INDEPENDENT_AUDIT_FINAL	Independent clean-room audit value
f99r	GEO_RADIAL	ABSENT	ABSENT	ABSENT	INDEPENDENT_AUDIT_FINAL	Independent clean-room audit value
f99r	GEO_CONCENTRIC	ABSENT	ABSENT	ABSENT	INDEPENDENT_AUDIT_FINAL	Independent clean-room audit value
f99r	GEO_BRANCHING	PRESENT	PRESENT	PRESENT	INDEPENDENT_AUDIT_FINAL	Independent clean-room audit value
f99r	FIG_RELATION	NOT_APPLICABLE	NOT_APPLICABLE	NOT_APPLICABLE	INDEPENDENT_AUDIT_FINAL	Independent clean-room audit value
f99r	FIG_ENCLOSED	NOT_APPLICABLE	NOT_APPLICABLE	NOT_APPLICABLE	INDEPENDENT_AUDIT_FINAL	Independent clean-room audit value
f99r	TXT_RADIAL	ABSENT	ABSENT	ABSENT	INDEPENDENT_AUDIT_FINAL	Independent clean-room audit value
f99r	VIS_DENSITY	HIGH	HIGH	HIGH	INDEPENDENT_AUDIT_FINAL	Independent clean-room audit value
f99r	VIS_COMPLEXITY	HIGH	HIGH	HIGH	INDEPENDENT_AUDIT_FINAL	Independent clean-room audit value
f99v	COMP_ILLUSTRATION_REGIONS	MULTIPLE	NOT_AUDITED	MULTIPLE	SINGLE_FULL_PASS_PREDECLARED_AUDIT	Full visual pass; outside predeclared audit sample
f99v	COMP_CENTRAL_ILLUSTRATION	ABSENT	NOT_AUDITED	ABSENT	SINGLE_FULL_PASS_PREDECLARED_AUDIT	Full visual pass; outside predeclared audit sample
f99v	OBJ_PLANT_LIKE	4+	NOT_AUDITED	4+	SINGLE_FULL_PASS_PREDECLARED_AUDIT	Full visual pass; outside predeclared audit sample
f99v	OBJ_HUMAN_LIKE	0	NOT_AUDITED	0	SINGLE_FULL_PASS_PREDECLARED_AUDIT	Full visual pass; outside predeclared audit sample
f99v	OBJ_CONTAINER_LIKE	2-3	NOT_AUDITED	2-3	SINGLE_FULL_PASS_PREDECLARED_AUDIT	Full visual pass; outside predeclared audit sample
f99v	OBJ_STAR_LIKE	0	NOT_AUDITED	0	SINGLE_FULL_PASS_PREDECLARED_AUDIT	Full visual pass; outside predeclared audit sample
f99v	OBJ_CIRCULAR_UNITS	0	NOT_AUDITED	0	SINGLE_FULL_PASS_PREDECLARED_AUDIT	Full visual pass; outside predeclared audit sample
f99v	GEO_RADIAL	ABSENT	NOT_AUDITED	ABSENT	SINGLE_FULL_PASS_PREDECLARED_AUDIT	Full visual pass; outside predeclared audit sample
f99v	GEO_CONCENTRIC	ABSENT	NOT_AUDITED	ABSENT	SINGLE_FULL_PASS_PREDECLARED_AUDIT	Full visual pass; outside predeclared audit sample
f99v	GEO_BRANCHING	PRESENT	NOT_AUDITED	PRESENT	SINGLE_FULL_PASS_PREDECLARED_AUDIT	Full visual pass; outside predeclared audit sample
f99v	FIG_RELATION	NOT_APPLICABLE	NOT_AUDITED	NOT_APPLICABLE	SINGLE_FULL_PASS_PREDECLARED_AUDIT	Full visual pass; outside predeclared audit sample
f99v	FIG_ENCLOSED	NOT_APPLICABLE	NOT_AUDITED	NOT_APPLICABLE	SINGLE_FULL_PASS_PREDECLARED_AUDIT	Full visual pass; outside predeclared audit sample
f99v	TXT_RADIAL	ABSENT	NOT_AUDITED	ABSENT	SINGLE_FULL_PASS_PREDECLARED_AUDIT	Full visual pass; outside predeclared audit sample
f99v	VIS_DENSITY	HIGH	NOT_AUDITED	HIGH	SINGLE_FULL_PASS_PREDECLARED_AUDIT	Full visual pass; outside predeclared audit sample
f99v	VIS_COMPLEXITY	HIGH	NOT_AUDITED	HIGH	SINGLE_FULL_PASS_PREDECLARED_AUDIT	Full visual pass; outside predeclared audit sample
f100r	COMP_ILLUSTRATION_REGIONS	MULTIPLE	MULTIPLE	MULTIPLE	INDEPENDENT_AUDIT_FINAL	Independent clean-room audit value
f100r	COMP_CENTRAL_ILLUSTRATION	ABSENT	PRESENT	PRESENT	INDEPENDENT_AUDIT_FINAL	Independent clean-room audit value
f100r	OBJ_PLANT_LIKE	4+	4+	4+	INDEPENDENT_AUDIT_FINAL	Independent clean-room audit value
f100r	OBJ_HUMAN_LIKE	0	0	0	INDEPENDENT_AUDIT_FINAL	Independent clean-room audit value
f100r	OBJ_CONTAINER_LIKE	2-3	2-3	2-3	INDEPENDENT_AUDIT_FINAL	Independent clean-room audit value
f100r	OBJ_STAR_LIKE	0	0	0	INDEPENDENT_AUDIT_FINAL	Independent clean-room audit value
f100r	OBJ_CIRCULAR_UNITS	0	0	0	INDEPENDENT_AUDIT_FINAL	Independent clean-room audit value
f100r	GEO_RADIAL	ABSENT	ABSENT	ABSENT	INDEPENDENT_AUDIT_FINAL	Independent clean-room audit value
f100r	GEO_CONCENTRIC	ABSENT	ABSENT	ABSENT	INDEPENDENT_AUDIT_FINAL	Independent clean-room audit value
f100r	GEO_BRANCHING	PRESENT	PRESENT	PRESENT	INDEPENDENT_AUDIT_FINAL	Independent clean-room audit value
f100r	FIG_RELATION	NOT_APPLICABLE	NOT_APPLICABLE	NOT_APPLICABLE	INDEPENDENT_AUDIT_FINAL	Independent clean-room audit value
f100r	FIG_ENCLOSED	NOT_APPLICABLE	NOT_APPLICABLE	NOT_APPLICABLE	INDEPENDENT_AUDIT_FINAL	Independent clean-room audit value
f100r	TXT_RADIAL	ABSENT	ABSENT	ABSENT	INDEPENDENT_AUDIT_FINAL	Independent clean-room audit value
f100r	VIS_DENSITY	HIGH	HIGH	HIGH	INDEPENDENT_AUDIT_FINAL	Independent clean-room audit value
f100r	VIS_COMPLEXITY	HIGH	HIGH	HIGH	INDEPENDENT_AUDIT_FINAL	Independent clean-room audit value
f100v	COMP_ILLUSTRATION_REGIONS	MULTIPLE	NOT_AUDITED	MULTIPLE	SINGLE_FULL_PASS_PREDECLARED_AUDIT	Full visual pass; outside predeclared audit sample
f100v	COMP_CENTRAL_ILLUSTRATION	ABSENT	NOT_AUDITED	ABSENT	SINGLE_FULL_PASS_PREDECLARED_AUDIT	Full visual pass; outside predeclared audit sample
f100v	OBJ_PLANT_LIKE	4+	NOT_AUDITED	4+	SINGLE_FULL_PASS_PREDECLARED_AUDIT	Full visual pass; outside predeclared audit sample
f100v	OBJ_HUMAN_LIKE	0	NOT_AUDITED	0	SINGLE_FULL_PASS_PREDECLARED_AUDIT	Full visual pass; outside predeclared audit sample
f100v	OBJ_CONTAINER_LIKE	2-3	NOT_AUDITED	2-3	SINGLE_FULL_PASS_PREDECLARED_AUDIT	Full visual pass; outside predeclared audit sample
f100v	OBJ_STAR_LIKE	0	NOT_AUDITED	0	SINGLE_FULL_PASS_PREDECLARED_AUDIT	Full visual pass; outside predeclared audit sample
f100v	OBJ_CIRCULAR_UNITS	0	NOT_AUDITED	0	SINGLE_FULL_PASS_PREDECLARED_AUDIT	Full visual pass; outside predeclared audit sample
f100v	GEO_RADIAL	ABSENT	NOT_AUDITED	ABSENT	SINGLE_FULL_PASS_PREDECLARED_AUDIT	Full visual pass; outside predeclared audit sample
f100v	GEO_CONCENTRIC	ABSENT	NOT_AUDITED	ABSENT	SINGLE_FULL_PASS_PREDECLARED_AUDIT	Full visual pass; outside predeclared audit sample
f100v	GEO_BRANCHING	PRESENT	NOT_AUDITED	PRESENT	SINGLE_FULL_PASS_PREDECLARED_AUDIT	Full visual pass; outside predeclared audit sample
f100v	FIG_RELATION	NOT_APPLICABLE	NOT_AUDITED	NOT_APPLICABLE	SINGLE_FULL_PASS_PREDECLARED_AUDIT	Full visual pass; outside predeclared audit sample
f100v	FIG_ENCLOSED	NOT_APPLICABLE	NOT_AUDITED	NOT_APPLICABLE	SINGLE_FULL_PASS_PREDECLARED_AUDIT	Full visual pass; outside predeclared audit sample
f100v	TXT_RADIAL	ABSENT	NOT_AUDITED	ABSENT	SINGLE_FULL_PASS_PREDECLARED_AUDIT	Full visual pass; outside predeclared audit sample
f100v	VIS_DENSITY	HIGH	NOT_AUDITED	HIGH	SINGLE_FULL_PASS_PREDECLARED_AUDIT	Full visual pass; outside predeclared audit sample
f100v	VIS_COMPLEXITY	HIGH	NOT_AUDITED	HIGH	SINGLE_FULL_PASS_PREDECLARED_AUDIT	Full visual pass; outside predeclared audit sample
f101r	COMP_ILLUSTRATION_REGIONS	MULTIPLE	NOT_AUDITED	MULTIPLE	SINGLE_FULL_PASS_PREDECLARED_AUDIT	Full visual pass; outside predeclared audit sample
f101r	COMP_CENTRAL_ILLUSTRATION	ABSENT	NOT_AUDITED	ABSENT	SINGLE_FULL_PASS_PREDECLARED_AUDIT	Full visual pass; outside predeclared audit sample
f101r	OBJ_PLANT_LIKE	4+	NOT_AUDITED	4+	SINGLE_FULL_PASS_PREDECLARED_AUDIT	Full visual pass; outside predeclared audit sample
f101r	OBJ_HUMAN_LIKE	0	NOT_AUDITED	0	SINGLE_FULL_PASS_PREDECLARED_AUDIT	Full visual pass; outside predeclared audit sample
f101r	OBJ_CONTAINER_LIKE	2-3	NOT_AUDITED	2-3	SINGLE_FULL_PASS_PREDECLARED_AUDIT	Full visual pass; outside predeclared audit sample
f101r	OBJ_STAR_LIKE	0	NOT_AUDITED	0	SINGLE_FULL_PASS_PREDECLARED_AUDIT	Full visual pass; outside predeclared audit sample
f101r	OBJ_CIRCULAR_UNITS	0	NOT_AUDITED	0	SINGLE_FULL_PASS_PREDECLARED_AUDIT	Full visual pass; outside predeclared audit sample
f101r	GEO_RADIAL	ABSENT	NOT_AUDITED	ABSENT	SINGLE_FULL_PASS_PREDECLARED_AUDIT	Full visual pass; outside predeclared audit sample
f101r	GEO_CONCENTRIC	ABSENT	NOT_AUDITED	ABSENT	SINGLE_FULL_PASS_PREDECLARED_AUDIT	Full visual pass; outside predeclared audit sample
f101r	GEO_BRANCHING	PRESENT	NOT_AUDITED	PRESENT	SINGLE_FULL_PASS_PREDECLARED_AUDIT	Full visual pass; outside predeclared audit sample
f101r	FIG_RELATION	NOT_APPLICABLE	NOT_AUDITED	NOT_APPLICABLE	SINGLE_FULL_PASS_PREDECLARED_AUDIT	Full visual pass; outside predeclared audit sample
f101r	FIG_ENCLOSED	NOT_APPLICABLE	NOT_AUDITED	NOT_APPLICABLE	SINGLE_FULL_PASS_PREDECLARED_AUDIT	Full visual pass; outside predeclared audit sample
f101r	TXT_RADIAL	ABSENT	NOT_AUDITED	ABSENT	SINGLE_FULL_PASS_PREDECLARED_AUDIT	Full visual pass; outside predeclared audit sample
f101r	VIS_DENSITY	HIGH	NOT_AUDITED	HIGH	SINGLE_FULL_PASS_PREDECLARED_AUDIT	Full visual pass; outside predeclared audit sample
f101r	VIS_COMPLEXITY	HIGH	NOT_AUDITED	HIGH	SINGLE_FULL_PASS_PREDECLARED_AUDIT	Full visual pass; outside predeclared audit sample
f101v	COMP_ILLUSTRATION_REGIONS	MULTIPLE	NOT_AUDITED	MULTIPLE	SINGLE_FULL_PASS_PREDECLARED_AUDIT	Full visual pass; outside predeclared audit sample
f101v	COMP_CENTRAL_ILLUSTRATION	ABSENT	NOT_AUDITED	ABSENT	SINGLE_FULL_PASS_PREDECLARED_AUDIT	Full visual pass; outside predeclared audit sample
f101v	OBJ_PLANT_LIKE	4+	NOT_AUDITED	4+	SINGLE_FULL_PASS_PREDECLARED_AUDIT	Full visual pass; outside predeclared audit sample
f101v	OBJ_HUMAN_LIKE	0	NOT_AUDITED	0	SINGLE_FULL_PASS_PREDECLARED_AUDIT	Full visual pass; outside predeclared audit sample
f101v	OBJ_CONTAINER_LIKE	2-3	NOT_AUDITED	2-3	SINGLE_FULL_PASS_PREDECLARED_AUDIT	Full visual pass; outside predeclared audit sample
f101v	OBJ_STAR_LIKE	0	NOT_AUDITED	0	SINGLE_FULL_PASS_PREDECLARED_AUDIT	Full visual pass; outside predeclared audit sample
f101v	OBJ_CIRCULAR_UNITS	0	NOT_AUDITED	0	SINGLE_FULL_PASS_PREDECLARED_AUDIT	Full visual pass; outside predeclared audit sample
f101v	GEO_RADIAL	ABSENT	NOT_AUDITED	ABSENT	SINGLE_FULL_PASS_PREDECLARED_AUDIT	Full visual pass; outside predeclared audit sample
f101v	GEO_CONCENTRIC	ABSENT	NOT_AUDITED	ABSENT	SINGLE_FULL_PASS_PREDECLARED_AUDIT	Full visual pass; outside predeclared audit sample
f101v	GEO_BRANCHING	PRESENT	NOT_AUDITED	PRESENT	SINGLE_FULL_PASS_PREDECLARED_AUDIT	Full visual pass; outside predeclared audit sample
f101v	FIG_RELATION	NOT_APPLICABLE	NOT_AUDITED	NOT_APPLICABLE	SINGLE_FULL_PASS_PREDECLARED_AUDIT	Full visual pass; outside predeclared audit sample
f101v	FIG_ENCLOSED	NOT_APPLICABLE	NOT_AUDITED	NOT_APPLICABLE	SINGLE_FULL_PASS_PREDECLARED_AUDIT	Full visual pass; outside predeclared audit sample
f101v	TXT_RADIAL	ABSENT	NOT_AUDITED	ABSENT	SINGLE_FULL_PASS_PREDECLARED_AUDIT	Full visual pass; outside predeclared audit sample
f101v	VIS_DENSITY	HIGH	NOT_AUDITED	HIGH	SINGLE_FULL_PASS_PREDECLARED_AUDIT	Full visual pass; outside predeclared audit sample
f101v	VIS_COMPLEXITY	HIGH	NOT_AUDITED	HIGH	SINGLE_FULL_PASS_PREDECLARED_AUDIT	Full visual pass; outside predeclared audit sample
f102r1	COMP_ILLUSTRATION_REGIONS	NOT_VISIBLE	NOT_AUDITED	NOT_VISIBLE	SINGLE_FULL_PASS_PREDECLARED_AUDIT	Full visual pass; outside predeclared audit sample
f102r1	COMP_CENTRAL_ILLUSTRATION	NOT_VISIBLE	NOT_AUDITED	NOT_VISIBLE	SINGLE_FULL_PASS_PREDECLARED_AUDIT	Full visual pass; outside predeclared audit sample
f102r1	OBJ_PLANT_LIKE	NOT_VISIBLE	NOT_AUDITED	NOT_VISIBLE	SINGLE_FULL_PASS_PREDECLARED_AUDIT	Full visual pass; outside predeclared audit sample
f102r1	OBJ_HUMAN_LIKE	NOT_VISIBLE	NOT_AUDITED	NOT_VISIBLE	SINGLE_FULL_PASS_PREDECLARED_AUDIT	Full visual pass; outside predeclared audit sample
f102r1	OBJ_CONTAINER_LIKE	NOT_VISIBLE	NOT_AUDITED	NOT_VISIBLE	SINGLE_FULL_PASS_PREDECLARED_AUDIT	Full visual pass; outside predeclared audit sample
f102r1	OBJ_STAR_LIKE	NOT_VISIBLE	NOT_AUDITED	NOT_VISIBLE	SINGLE_FULL_PASS_PREDECLARED_AUDIT	Full visual pass; outside predeclared audit sample
f102r1	OBJ_CIRCULAR_UNITS	NOT_VISIBLE	NOT_AUDITED	NOT_VISIBLE	SINGLE_FULL_PASS_PREDECLARED_AUDIT	Full visual pass; outside predeclared audit sample
f102r1	GEO_RADIAL	NOT_VISIBLE	NOT_AUDITED	NOT_VISIBLE	SINGLE_FULL_PASS_PREDECLARED_AUDIT	Full visual pass; outside predeclared audit sample
f102r1	GEO_CONCENTRIC	NOT_VISIBLE	NOT_AUDITED	NOT_VISIBLE	SINGLE_FULL_PASS_PREDECLARED_AUDIT	Full visual pass; outside predeclared audit sample
f102r1	GEO_BRANCHING	NOT_VISIBLE	NOT_AUDITED	NOT_VISIBLE	SINGLE_FULL_PASS_PREDECLARED_AUDIT	Full visual pass; outside predeclared audit sample
f102r1	FIG_RELATION	NOT_VISIBLE	NOT_AUDITED	NOT_VISIBLE	SINGLE_FULL_PASS_PREDECLARED_AUDIT	Full visual pass; outside predeclared audit sample
f102r1	FIG_ENCLOSED	NOT_VISIBLE	NOT_AUDITED	NOT_VISIBLE	SINGLE_FULL_PASS_PREDECLARED_AUDIT	Full visual pass; outside predeclared audit sample
f102r1	TXT_RADIAL	NOT_VISIBLE	NOT_AUDITED	NOT_VISIBLE	SINGLE_FULL_PASS_PREDECLARED_AUDIT	Full visual pass; outside predeclared audit sample
f102r1	VIS_DENSITY	NOT_VISIBLE	NOT_AUDITED	NOT_VISIBLE	SINGLE_FULL_PASS_PREDECLARED_AUDIT	Full visual pass; outside predeclared audit sample
f102r1	VIS_COMPLEXITY	NOT_VISIBLE	NOT_AUDITED	NOT_VISIBLE	SINGLE_FULL_PASS_PREDECLARED_AUDIT	Full visual pass; outside predeclared audit sample
f102r2	COMP_ILLUSTRATION_REGIONS	NOT_VISIBLE	NOT_AUDITED	NOT_VISIBLE	SINGLE_FULL_PASS_PREDECLARED_AUDIT	Full visual pass; outside predeclared audit sample
f102r2	COMP_CENTRAL_ILLUSTRATION	NOT_VISIBLE	NOT_AUDITED	NOT_VISIBLE	SINGLE_FULL_PASS_PREDECLARED_AUDIT	Full visual pass; outside predeclared audit sample
f102r2	OBJ_PLANT_LIKE	NOT_VISIBLE	NOT_AUDITED	NOT_VISIBLE	SINGLE_FULL_PASS_PREDECLARED_AUDIT	Full visual pass; outside predeclared audit sample
f102r2	OBJ_HUMAN_LIKE	NOT_VISIBLE	NOT_AUDITED	NOT_VISIBLE	SINGLE_FULL_PASS_PREDECLARED_AUDIT	Full visual pass; outside predeclared audit sample
f102r2	OBJ_CONTAINER_LIKE	NOT_VISIBLE	NOT_AUDITED	NOT_VISIBLE	SINGLE_FULL_PASS_PREDECLARED_AUDIT	Full visual pass; outside predeclared audit sample
f102r2	OBJ_STAR_LIKE	NOT_VISIBLE	NOT_AUDITED	NOT_VISIBLE	SINGLE_FULL_PASS_PREDECLARED_AUDIT	Full visual pass; outside predeclared audit sample
f102r2	OBJ_CIRCULAR_UNITS	NOT_VISIBLE	NOT_AUDITED	NOT_VISIBLE	SINGLE_FULL_PASS_PREDECLARED_AUDIT	Full visual pass; outside predeclared audit sample
f102r2	GEO_RADIAL	NOT_VISIBLE	NOT_AUDITED	NOT_VISIBLE	SINGLE_FULL_PASS_PREDECLARED_AUDIT	Full visual pass; outside predeclared audit sample
f102r2	GEO_CONCENTRIC	NOT_VISIBLE	NOT_AUDITED	NOT_VISIBLE	SINGLE_FULL_PASS_PREDECLARED_AUDIT	Full visual pass; outside predeclared audit sample
f102r2	GEO_BRANCHING	NOT_VISIBLE	NOT_AUDITED	NOT_VISIBLE	SINGLE_FULL_PASS_PREDECLARED_AUDIT	Full visual pass; outside predeclared audit sample
f102r2	FIG_RELATION	NOT_VISIBLE	NOT_AUDITED	NOT_VISIBLE	SINGLE_FULL_PASS_PREDECLARED_AUDIT	Full visual pass; outside predeclared audit sample
f102r2	FIG_ENCLOSED	NOT_VISIBLE	NOT_AUDITED	NOT_VISIBLE	SINGLE_FULL_PASS_PREDECLARED_AUDIT	Full visual pass; outside predeclared audit sample
f102r2	TXT_RADIAL	NOT_VISIBLE	NOT_AUDITED	NOT_VISIBLE	SINGLE_FULL_PASS_PREDECLARED_AUDIT	Full visual pass; outside predeclared audit sample
f102r2	VIS_DENSITY	NOT_VISIBLE	NOT_AUDITED	NOT_VISIBLE	SINGLE_FULL_PASS_PREDECLARED_AUDIT	Full visual pass; outside predeclared audit sample
f102r2	VIS_COMPLEXITY	NOT_VISIBLE	NOT_AUDITED	NOT_VISIBLE	SINGLE_FULL_PASS_PREDECLARED_AUDIT	Full visual pass; outside predeclared audit sample
f102v2	COMP_ILLUSTRATION_REGIONS	NOT_VISIBLE	MULTIPLE	MULTIPLE	INDEPENDENT_AUDIT_FINAL	Independent clean-room audit value
f102v2	COMP_CENTRAL_ILLUSTRATION	NOT_VISIBLE	PRESENT	PRESENT	INDEPENDENT_AUDIT_FINAL	Independent clean-room audit value
f102v2	OBJ_PLANT_LIKE	NOT_VISIBLE	4+	4+	INDEPENDENT_AUDIT_FINAL	Independent clean-room audit value
f102v2	OBJ_HUMAN_LIKE	NOT_VISIBLE	0	0	INDEPENDENT_AUDIT_FINAL	Independent clean-room audit value
f102v2	OBJ_CONTAINER_LIKE	NOT_VISIBLE	4+	4+	INDEPENDENT_AUDIT_FINAL	Independent clean-room audit value
f102v2	OBJ_STAR_LIKE	NOT_VISIBLE	0	0	INDEPENDENT_AUDIT_FINAL	Independent clean-room audit value
f102v2	OBJ_CIRCULAR_UNITS	NOT_VISIBLE	0	0	INDEPENDENT_AUDIT_FINAL	Independent clean-room audit value
f102v2	GEO_RADIAL	NOT_VISIBLE	ABSENT	ABSENT	INDEPENDENT_AUDIT_FINAL	Independent clean-room audit value
f102v2	GEO_CONCENTRIC	NOT_VISIBLE	ABSENT	ABSENT	INDEPENDENT_AUDIT_FINAL	Independent clean-room audit value
f102v2	GEO_BRANCHING	NOT_VISIBLE	PRESENT	PRESENT	INDEPENDENT_AUDIT_FINAL	Independent clean-room audit value
f102v2	FIG_RELATION	NOT_VISIBLE	NOT_APPLICABLE	NOT_APPLICABLE	INDEPENDENT_AUDIT_FINAL	Independent clean-room audit value
f102v2	FIG_ENCLOSED	NOT_VISIBLE	NOT_APPLICABLE	NOT_APPLICABLE	INDEPENDENT_AUDIT_FINAL	Independent clean-room audit value
f102v2	TXT_RADIAL	NOT_VISIBLE	ABSENT	ABSENT	INDEPENDENT_AUDIT_FINAL	Independent clean-room audit value
f102v2	VIS_DENSITY	NOT_VISIBLE	HIGH	HIGH	INDEPENDENT_AUDIT_FINAL	Independent clean-room audit value
f102v2	VIS_COMPLEXITY	NOT_VISIBLE	HIGH	HIGH	INDEPENDENT_AUDIT_FINAL	Independent clean-room audit value
f102v1	COMP_ILLUSTRATION_REGIONS	NOT_VISIBLE	NOT_AUDITED	NOT_VISIBLE	SINGLE_FULL_PASS_PREDECLARED_AUDIT	Full visual pass; outside predeclared audit sample
f102v1	COMP_CENTRAL_ILLUSTRATION	NOT_VISIBLE	NOT_AUDITED	NOT_VISIBLE	SINGLE_FULL_PASS_PREDECLARED_AUDIT	Full visual pass; outside predeclared audit sample
f102v1	OBJ_PLANT_LIKE	NOT_VISIBLE	NOT_AUDITED	NOT_VISIBLE	SINGLE_FULL_PASS_PREDECLARED_AUDIT	Full visual pass; outside predeclared audit sample
f102v1	OBJ_HUMAN_LIKE	NOT_VISIBLE	NOT_AUDITED	NOT_VISIBLE	SINGLE_FULL_PASS_PREDECLARED_AUDIT	Full visual pass; outside predeclared audit sample
f102v1	OBJ_CONTAINER_LIKE	NOT_VISIBLE	NOT_AUDITED	NOT_VISIBLE	SINGLE_FULL_PASS_PREDECLARED_AUDIT	Full visual pass; outside predeclared audit sample
f102v1	OBJ_STAR_LIKE	NOT_VISIBLE	NOT_AUDITED	NOT_VISIBLE	SINGLE_FULL_PASS_PREDECLARED_AUDIT	Full visual pass; outside predeclared audit sample
f102v1	OBJ_CIRCULAR_UNITS	NOT_VISIBLE	NOT_AUDITED	NOT_VISIBLE	SINGLE_FULL_PASS_PREDECLARED_AUDIT	Full visual pass; outside predeclared audit sample
f102v1	GEO_RADIAL	NOT_VISIBLE	NOT_AUDITED	NOT_VISIBLE	SINGLE_FULL_PASS_PREDECLARED_AUDIT	Full visual pass; outside predeclared audit sample
f102v1	GEO_CONCENTRIC	NOT_VISIBLE	NOT_AUDITED	NOT_VISIBLE	SINGLE_FULL_PASS_PREDECLARED_AUDIT	Full visual pass; outside predeclared audit sample
f102v1	GEO_BRANCHING	NOT_VISIBLE	NOT_AUDITED	NOT_VISIBLE	SINGLE_FULL_PASS_PREDECLARED_AUDIT	Full visual pass; outside predeclared audit sample
f102v1	FIG_RELATION	NOT_VISIBLE	NOT_AUDITED	NOT_VISIBLE	SINGLE_FULL_PASS_PREDECLARED_AUDIT	Full visual pass; outside predeclared audit sample
f102v1	FIG_ENCLOSED	NOT_VISIBLE	NOT_AUDITED	NOT_VISIBLE	SINGLE_FULL_PASS_PREDECLARED_AUDIT	Full visual pass; outside predeclared audit sample
f102v1	TXT_RADIAL	NOT_VISIBLE	NOT_AUDITED	NOT_VISIBLE	SINGLE_FULL_PASS_PREDECLARED_AUDIT	Full visual pass; outside predeclared audit sample
f102v1	VIS_DENSITY	NOT_VISIBLE	NOT_AUDITED	NOT_VISIBLE	SINGLE_FULL_PASS_PREDECLARED_AUDIT	Full visual pass; outside predeclared audit sample
f102v1	VIS_COMPLEXITY	NOT_VISIBLE	NOT_AUDITED	NOT_VISIBLE	SINGLE_FULL_PASS_PREDECLARED_AUDIT	Full visual pass; outside predeclared audit sample
f103r	COMP_ILLUSTRATION_REGIONS	MULTIPLE	NOT_AUDITED	MULTIPLE	SINGLE_FULL_PASS_PREDECLARED_AUDIT	Full visual pass; outside predeclared audit sample
f103r	COMP_CENTRAL_ILLUSTRATION	ABSENT	NOT_AUDITED	ABSENT	SINGLE_FULL_PASS_PREDECLARED_AUDIT	Full visual pass; outside predeclared audit sample
f103r	OBJ_PLANT_LIKE	0	NOT_AUDITED	0	SINGLE_FULL_PASS_PREDECLARED_AUDIT	Full visual pass; outside predeclared audit sample
f103r	OBJ_HUMAN_LIKE	0	NOT_AUDITED	0	SINGLE_FULL_PASS_PREDECLARED_AUDIT	Full visual pass; outside predeclared audit sample
f103r	OBJ_CONTAINER_LIKE	0	NOT_AUDITED	0	SINGLE_FULL_PASS_PREDECLARED_AUDIT	Full visual pass; outside predeclared audit sample
f103r	OBJ_STAR_LIKE	1+	NOT_AUDITED	1+	SINGLE_FULL_PASS_PREDECLARED_AUDIT	Full visual pass; outside predeclared audit sample
f103r	OBJ_CIRCULAR_UNITS	0	NOT_AUDITED	0	SINGLE_FULL_PASS_PREDECLARED_AUDIT	Full visual pass; outside predeclared audit sample
f103r	GEO_RADIAL	ABSENT	NOT_AUDITED	ABSENT	SINGLE_FULL_PASS_PREDECLARED_AUDIT	Full visual pass; outside predeclared audit sample
f103r	GEO_CONCENTRIC	ABSENT	NOT_AUDITED	ABSENT	SINGLE_FULL_PASS_PREDECLARED_AUDIT	Full visual pass; outside predeclared audit sample
f103r	GEO_BRANCHING	ABSENT	NOT_AUDITED	ABSENT	SINGLE_FULL_PASS_PREDECLARED_AUDIT	Full visual pass; outside predeclared audit sample
f103r	FIG_RELATION	NOT_APPLICABLE	NOT_AUDITED	NOT_APPLICABLE	SINGLE_FULL_PASS_PREDECLARED_AUDIT	Full visual pass; outside predeclared audit sample
f103r	FIG_ENCLOSED	NOT_APPLICABLE	NOT_AUDITED	NOT_APPLICABLE	SINGLE_FULL_PASS_PREDECLARED_AUDIT	Full visual pass; outside predeclared audit sample
f103r	TXT_RADIAL	ABSENT	NOT_AUDITED	ABSENT	SINGLE_FULL_PASS_PREDECLARED_AUDIT	Full visual pass; outside predeclared audit sample
f103r	VIS_DENSITY	LOW	NOT_AUDITED	LOW	SINGLE_FULL_PASS_PREDECLARED_AUDIT	Full visual pass; outside predeclared audit sample
f103r	VIS_COMPLEXITY	LOW	NOT_AUDITED	LOW	SINGLE_FULL_PASS_PREDECLARED_AUDIT	Full visual pass; outside predeclared audit sample
f103v	COMP_ILLUSTRATION_REGIONS	MULTIPLE	NOT_AUDITED	MULTIPLE	SINGLE_FULL_PASS_PREDECLARED_AUDIT	Full visual pass; outside predeclared audit sample
f103v	COMP_CENTRAL_ILLUSTRATION	ABSENT	NOT_AUDITED	ABSENT	SINGLE_FULL_PASS_PREDECLARED_AUDIT	Full visual pass; outside predeclared audit sample
f103v	OBJ_PLANT_LIKE	0	NOT_AUDITED	0	SINGLE_FULL_PASS_PREDECLARED_AUDIT	Full visual pass; outside predeclared audit sample
f103v	OBJ_HUMAN_LIKE	0	NOT_AUDITED	0	SINGLE_FULL_PASS_PREDECLARED_AUDIT	Full visual pass; outside predeclared audit sample
f103v	OBJ_CONTAINER_LIKE	0	NOT_AUDITED	0	SINGLE_FULL_PASS_PREDECLARED_AUDIT	Full visual pass; outside predeclared audit sample
f103v	OBJ_STAR_LIKE	1+	NOT_AUDITED	1+	SINGLE_FULL_PASS_PREDECLARED_AUDIT	Full visual pass; outside predeclared audit sample
f103v	OBJ_CIRCULAR_UNITS	0	NOT_AUDITED	0	SINGLE_FULL_PASS_PREDECLARED_AUDIT	Full visual pass; outside predeclared audit sample
f103v	GEO_RADIAL	ABSENT	NOT_AUDITED	ABSENT	SINGLE_FULL_PASS_PREDECLARED_AUDIT	Full visual pass; outside predeclared audit sample
f103v	GEO_CONCENTRIC	ABSENT	NOT_AUDITED	ABSENT	SINGLE_FULL_PASS_PREDECLARED_AUDIT	Full visual pass; outside predeclared audit sample
f103v	GEO_BRANCHING	ABSENT	NOT_AUDITED	ABSENT	SINGLE_FULL_PASS_PREDECLARED_AUDIT	Full visual pass; outside predeclared audit sample
f103v	FIG_RELATION	NOT_APPLICABLE	NOT_AUDITED	NOT_APPLICABLE	SINGLE_FULL_PASS_PREDECLARED_AUDIT	Full visual pass; outside predeclared audit sample
f103v	FIG_ENCLOSED	NOT_APPLICABLE	NOT_AUDITED	NOT_APPLICABLE	SINGLE_FULL_PASS_PREDECLARED_AUDIT	Full visual pass; outside predeclared audit sample
f103v	TXT_RADIAL	ABSENT	NOT_AUDITED	ABSENT	SINGLE_FULL_PASS_PREDECLARED_AUDIT	Full visual pass; outside predeclared audit sample
f103v	VIS_DENSITY	LOW	NOT_AUDITED	LOW	SINGLE_FULL_PASS_PREDECLARED_AUDIT	Full visual pass; outside predeclared audit sample
f103v	VIS_COMPLEXITY	LOW	NOT_AUDITED	LOW	SINGLE_FULL_PASS_PREDECLARED_AUDIT	Full visual pass; outside predeclared audit sample
f104r	COMP_ILLUSTRATION_REGIONS	MULTIPLE	NOT_AUDITED	MULTIPLE	SINGLE_FULL_PASS_PREDECLARED_AUDIT	Full visual pass; outside predeclared audit sample
f104r	COMP_CENTRAL_ILLUSTRATION	ABSENT	NOT_AUDITED	ABSENT	SINGLE_FULL_PASS_PREDECLARED_AUDIT	Full visual pass; outside predeclared audit sample
f104r	OBJ_PLANT_LIKE	0	NOT_AUDITED	0	SINGLE_FULL_PASS_PREDECLARED_AUDIT	Full visual pass; outside predeclared audit sample
f104r	OBJ_HUMAN_LIKE	0	NOT_AUDITED	0	SINGLE_FULL_PASS_PREDECLARED_AUDIT	Full visual pass; outside predeclared audit sample
f104r	OBJ_CONTAINER_LIKE	0	NOT_AUDITED	0	SINGLE_FULL_PASS_PREDECLARED_AUDIT	Full visual pass; outside predeclared audit sample
f104r	OBJ_STAR_LIKE	1+	NOT_AUDITED	1+	SINGLE_FULL_PASS_PREDECLARED_AUDIT	Full visual pass; outside predeclared audit sample
f104r	OBJ_CIRCULAR_UNITS	0	NOT_AUDITED	0	SINGLE_FULL_PASS_PREDECLARED_AUDIT	Full visual pass; outside predeclared audit sample
f104r	GEO_RADIAL	ABSENT	NOT_AUDITED	ABSENT	SINGLE_FULL_PASS_PREDECLARED_AUDIT	Full visual pass; outside predeclared audit sample
f104r	GEO_CONCENTRIC	ABSENT	NOT_AUDITED	ABSENT	SINGLE_FULL_PASS_PREDECLARED_AUDIT	Full visual pass; outside predeclared audit sample
f104r	GEO_BRANCHING	ABSENT	NOT_AUDITED	ABSENT	SINGLE_FULL_PASS_PREDECLARED_AUDIT	Full visual pass; outside predeclared audit sample
f104r	FIG_RELATION	NOT_APPLICABLE	NOT_AUDITED	NOT_APPLICABLE	SINGLE_FULL_PASS_PREDECLARED_AUDIT	Full visual pass; outside predeclared audit sample
f104r	FIG_ENCLOSED	NOT_APPLICABLE	NOT_AUDITED	NOT_APPLICABLE	SINGLE_FULL_PASS_PREDECLARED_AUDIT	Full visual pass; outside predeclared audit sample
f104r	TXT_RADIAL	ABSENT	NOT_AUDITED	ABSENT	SINGLE_FULL_PASS_PREDECLARED_AUDIT	Full visual pass; outside predeclared audit sample
f104r	VIS_DENSITY	LOW	NOT_AUDITED	LOW	SINGLE_FULL_PASS_PREDECLARED_AUDIT	Full visual pass; outside predeclared audit sample
f104r	VIS_COMPLEXITY	LOW	NOT_AUDITED	LOW	SINGLE_FULL_PASS_PREDECLARED_AUDIT	Full visual pass; outside predeclared audit sample
f104v	COMP_ILLUSTRATION_REGIONS	MULTIPLE	NOT_AUDITED	MULTIPLE	SINGLE_FULL_PASS_PREDECLARED_AUDIT	Full visual pass; outside predeclared audit sample
f104v	COMP_CENTRAL_ILLUSTRATION	ABSENT	NOT_AUDITED	ABSENT	SINGLE_FULL_PASS_PREDECLARED_AUDIT	Full visual pass; outside predeclared audit sample
f104v	OBJ_PLANT_LIKE	0	NOT_AUDITED	0	SINGLE_FULL_PASS_PREDECLARED_AUDIT	Full visual pass; outside predeclared audit sample
f104v	OBJ_HUMAN_LIKE	0	NOT_AUDITED	0	SINGLE_FULL_PASS_PREDECLARED_AUDIT	Full visual pass; outside predeclared audit sample
f104v	OBJ_CONTAINER_LIKE	0	NOT_AUDITED	0	SINGLE_FULL_PASS_PREDECLARED_AUDIT	Full visual pass; outside predeclared audit sample
f104v	OBJ_STAR_LIKE	1+	NOT_AUDITED	1+	SINGLE_FULL_PASS_PREDECLARED_AUDIT	Full visual pass; outside predeclared audit sample
f104v	OBJ_CIRCULAR_UNITS	0	NOT_AUDITED	0	SINGLE_FULL_PASS_PREDECLARED_AUDIT	Full visual pass; outside predeclared audit sample
f104v	GEO_RADIAL	ABSENT	NOT_AUDITED	ABSENT	SINGLE_FULL_PASS_PREDECLARED_AUDIT	Full visual pass; outside predeclared audit sample
f104v	GEO_CONCENTRIC	ABSENT	NOT_AUDITED	ABSENT	SINGLE_FULL_PASS_PREDECLARED_AUDIT	Full visual pass; outside predeclared audit sample
f104v	GEO_BRANCHING	ABSENT	NOT_AUDITED	ABSENT	SINGLE_FULL_PASS_PREDECLARED_AUDIT	Full visual pass; outside predeclared audit sample
f104v	FIG_RELATION	NOT_APPLICABLE	NOT_AUDITED	NOT_APPLICABLE	SINGLE_FULL_PASS_PREDECLARED_AUDIT	Full visual pass; outside predeclared audit sample
f104v	FIG_ENCLOSED	NOT_APPLICABLE	NOT_AUDITED	NOT_APPLICABLE	SINGLE_FULL_PASS_PREDECLARED_AUDIT	Full visual pass; outside predeclared audit sample
f104v	TXT_RADIAL	ABSENT	NOT_AUDITED	ABSENT	SINGLE_FULL_PASS_PREDECLARED_AUDIT	Full visual pass; outside predeclared audit sample
f104v	VIS_DENSITY	LOW	NOT_AUDITED	LOW	SINGLE_FULL_PASS_PREDECLARED_AUDIT	Full visual pass; outside predeclared audit sample
f104v	VIS_COMPLEXITY	LOW	NOT_AUDITED	LOW	SINGLE_FULL_PASS_PREDECLARED_AUDIT	Full visual pass; outside predeclared audit sample
f105r	COMP_ILLUSTRATION_REGIONS	MULTIPLE	NOT_AUDITED	MULTIPLE	SINGLE_FULL_PASS_PREDECLARED_AUDIT	Full visual pass; outside predeclared audit sample
f105r	COMP_CENTRAL_ILLUSTRATION	ABSENT	NOT_AUDITED	ABSENT	SINGLE_FULL_PASS_PREDECLARED_AUDIT	Full visual pass; outside predeclared audit sample
f105r	OBJ_PLANT_LIKE	0	NOT_AUDITED	0	SINGLE_FULL_PASS_PREDECLARED_AUDIT	Full visual pass; outside predeclared audit sample
f105r	OBJ_HUMAN_LIKE	0	NOT_AUDITED	0	SINGLE_FULL_PASS_PREDECLARED_AUDIT	Full visual pass; outside predeclared audit sample
f105r	OBJ_CONTAINER_LIKE	0	NOT_AUDITED	0	SINGLE_FULL_PASS_PREDECLARED_AUDIT	Full visual pass; outside predeclared audit sample
f105r	OBJ_STAR_LIKE	1+	NOT_AUDITED	1+	SINGLE_FULL_PASS_PREDECLARED_AUDIT	Full visual pass; outside predeclared audit sample
f105r	OBJ_CIRCULAR_UNITS	0	NOT_AUDITED	0	SINGLE_FULL_PASS_PREDECLARED_AUDIT	Full visual pass; outside predeclared audit sample
f105r	GEO_RADIAL	ABSENT	NOT_AUDITED	ABSENT	SINGLE_FULL_PASS_PREDECLARED_AUDIT	Full visual pass; outside predeclared audit sample
f105r	GEO_CONCENTRIC	ABSENT	NOT_AUDITED	ABSENT	SINGLE_FULL_PASS_PREDECLARED_AUDIT	Full visual pass; outside predeclared audit sample
f105r	GEO_BRANCHING	ABSENT	NOT_AUDITED	ABSENT	SINGLE_FULL_PASS_PREDECLARED_AUDIT	Full visual pass; outside predeclared audit sample
f105r	FIG_RELATION	NOT_APPLICABLE	NOT_AUDITED	NOT_APPLICABLE	SINGLE_FULL_PASS_PREDECLARED_AUDIT	Full visual pass; outside predeclared audit sample
f105r	FIG_ENCLOSED	NOT_APPLICABLE	NOT_AUDITED	NOT_APPLICABLE	SINGLE_FULL_PASS_PREDECLARED_AUDIT	Full visual pass; outside predeclared audit sample
f105r	TXT_RADIAL	ABSENT	NOT_AUDITED	ABSENT	SINGLE_FULL_PASS_PREDECLARED_AUDIT	Full visual pass; outside predeclared audit sample
f105r	VIS_DENSITY	LOW	NOT_AUDITED	LOW	SINGLE_FULL_PASS_PREDECLARED_AUDIT	Full visual pass; outside predeclared audit sample
f105r	VIS_COMPLEXITY	LOW	NOT_AUDITED	LOW	SINGLE_FULL_PASS_PREDECLARED_AUDIT	Full visual pass; outside predeclared audit sample
f105v	COMP_ILLUSTRATION_REGIONS	MULTIPLE	NOT_AUDITED	MULTIPLE	SINGLE_FULL_PASS_PREDECLARED_AUDIT	Full visual pass; outside predeclared audit sample
f105v	COMP_CENTRAL_ILLUSTRATION	ABSENT	NOT_AUDITED	ABSENT	SINGLE_FULL_PASS_PREDECLARED_AUDIT	Full visual pass; outside predeclared audit sample
f105v	OBJ_PLANT_LIKE	0	NOT_AUDITED	0	SINGLE_FULL_PASS_PREDECLARED_AUDIT	Full visual pass; outside predeclared audit sample
f105v	OBJ_HUMAN_LIKE	0	NOT_AUDITED	0	SINGLE_FULL_PASS_PREDECLARED_AUDIT	Full visual pass; outside predeclared audit sample
f105v	OBJ_CONTAINER_LIKE	0	NOT_AUDITED	0	SINGLE_FULL_PASS_PREDECLARED_AUDIT	Full visual pass; outside predeclared audit sample
f105v	OBJ_STAR_LIKE	1+	NOT_AUDITED	1+	SINGLE_FULL_PASS_PREDECLARED_AUDIT	Full visual pass; outside predeclared audit sample
f105v	OBJ_CIRCULAR_UNITS	0	NOT_AUDITED	0	SINGLE_FULL_PASS_PREDECLARED_AUDIT	Full visual pass; outside predeclared audit sample
f105v	GEO_RADIAL	ABSENT	NOT_AUDITED	ABSENT	SINGLE_FULL_PASS_PREDECLARED_AUDIT	Full visual pass; outside predeclared audit sample
f105v	GEO_CONCENTRIC	ABSENT	NOT_AUDITED	ABSENT	SINGLE_FULL_PASS_PREDECLARED_AUDIT	Full visual pass; outside predeclared audit sample
f105v	GEO_BRANCHING	ABSENT	NOT_AUDITED	ABSENT	SINGLE_FULL_PASS_PREDECLARED_AUDIT	Full visual pass; outside predeclared audit sample
f105v	FIG_RELATION	NOT_APPLICABLE	NOT_AUDITED	NOT_APPLICABLE	SINGLE_FULL_PASS_PREDECLARED_AUDIT	Full visual pass; outside predeclared audit sample
f105v	FIG_ENCLOSED	NOT_APPLICABLE	NOT_AUDITED	NOT_APPLICABLE	SINGLE_FULL_PASS_PREDECLARED_AUDIT	Full visual pass; outside predeclared audit sample
f105v	TXT_RADIAL	ABSENT	NOT_AUDITED	ABSENT	SINGLE_FULL_PASS_PREDECLARED_AUDIT	Full visual pass; outside predeclared audit sample
f105v	VIS_DENSITY	LOW	NOT_AUDITED	LOW	SINGLE_FULL_PASS_PREDECLARED_AUDIT	Full visual pass; outside predeclared audit sample
f105v	VIS_COMPLEXITY	LOW	NOT_AUDITED	LOW	SINGLE_FULL_PASS_PREDECLARED_AUDIT	Full visual pass; outside predeclared audit sample
f106r	COMP_ILLUSTRATION_REGIONS	MULTIPLE	MULTIPLE	MULTIPLE	INDEPENDENT_AUDIT_FINAL	Independent clean-room audit value
f106r	COMP_CENTRAL_ILLUSTRATION	ABSENT	ABSENT	ABSENT	INDEPENDENT_AUDIT_FINAL	Independent clean-room audit value
f106r	OBJ_PLANT_LIKE	0	0	0	INDEPENDENT_AUDIT_FINAL	Independent clean-room audit value
f106r	OBJ_HUMAN_LIKE	0	0	0	INDEPENDENT_AUDIT_FINAL	Independent clean-room audit value
f106r	OBJ_CONTAINER_LIKE	0	0	0	INDEPENDENT_AUDIT_FINAL	Independent clean-room audit value
f106r	OBJ_STAR_LIKE	1+	1+	1+	INDEPENDENT_AUDIT_FINAL	Independent clean-room audit value
f106r	OBJ_CIRCULAR_UNITS	0	0	0	INDEPENDENT_AUDIT_FINAL	Independent clean-room audit value
f106r	GEO_RADIAL	ABSENT	ABSENT	ABSENT	INDEPENDENT_AUDIT_FINAL	Independent clean-room audit value
f106r	GEO_CONCENTRIC	ABSENT	ABSENT	ABSENT	INDEPENDENT_AUDIT_FINAL	Independent clean-room audit value
f106r	GEO_BRANCHING	ABSENT	ABSENT	ABSENT	INDEPENDENT_AUDIT_FINAL	Independent clean-room audit value
f106r	FIG_RELATION	NOT_APPLICABLE	NOT_APPLICABLE	NOT_APPLICABLE	INDEPENDENT_AUDIT_FINAL	Independent clean-room audit value
f106r	FIG_ENCLOSED	NOT_APPLICABLE	NOT_APPLICABLE	NOT_APPLICABLE	INDEPENDENT_AUDIT_FINAL	Independent clean-room audit value
f106r	TXT_RADIAL	ABSENT	ABSENT	ABSENT	INDEPENDENT_AUDIT_FINAL	Independent clean-room audit value
f106r	VIS_DENSITY	LOW	LOW	LOW	INDEPENDENT_AUDIT_FINAL	Independent clean-room audit value
f106r	VIS_COMPLEXITY	LOW	LOW	LOW	INDEPENDENT_AUDIT_FINAL	Independent clean-room audit value
f106v	COMP_ILLUSTRATION_REGIONS	MULTIPLE	MULTIPLE	MULTIPLE	INDEPENDENT_AUDIT_FINAL	Independent clean-room audit value
f106v	COMP_CENTRAL_ILLUSTRATION	ABSENT	ABSENT	ABSENT	INDEPENDENT_AUDIT_FINAL	Independent clean-room audit value
f106v	OBJ_PLANT_LIKE	0	0	0	INDEPENDENT_AUDIT_FINAL	Independent clean-room audit value
f106v	OBJ_HUMAN_LIKE	0	0	0	INDEPENDENT_AUDIT_FINAL	Independent clean-room audit value
f106v	OBJ_CONTAINER_LIKE	0	0	0	INDEPENDENT_AUDIT_FINAL	Independent clean-room audit value
f106v	OBJ_STAR_LIKE	1+	1+	1+	INDEPENDENT_AUDIT_FINAL	Independent clean-room audit value
f106v	OBJ_CIRCULAR_UNITS	0	0	0	INDEPENDENT_AUDIT_FINAL	Independent clean-room audit value
f106v	GEO_RADIAL	ABSENT	ABSENT	ABSENT	INDEPENDENT_AUDIT_FINAL	Independent clean-room audit value
f106v	GEO_CONCENTRIC	ABSENT	ABSENT	ABSENT	INDEPENDENT_AUDIT_FINAL	Independent clean-room audit value
f106v	GEO_BRANCHING	ABSENT	ABSENT	ABSENT	INDEPENDENT_AUDIT_FINAL	Independent clean-room audit value
f106v	FIG_RELATION	NOT_APPLICABLE	NOT_APPLICABLE	NOT_APPLICABLE	INDEPENDENT_AUDIT_FINAL	Independent clean-room audit value
f106v	FIG_ENCLOSED	NOT_APPLICABLE	NOT_APPLICABLE	NOT_APPLICABLE	INDEPENDENT_AUDIT_FINAL	Independent clean-room audit value
f106v	TXT_RADIAL	ABSENT	ABSENT	ABSENT	INDEPENDENT_AUDIT_FINAL	Independent clean-room audit value
f106v	VIS_DENSITY	LOW	LOW	LOW	INDEPENDENT_AUDIT_FINAL	Independent clean-room audit value
f106v	VIS_COMPLEXITY	LOW	LOW	LOW	INDEPENDENT_AUDIT_FINAL	Independent clean-room audit value
f107r	COMP_ILLUSTRATION_REGIONS	MULTIPLE	NOT_AUDITED	MULTIPLE	SINGLE_FULL_PASS_PREDECLARED_AUDIT	Full visual pass; outside predeclared audit sample
f107r	COMP_CENTRAL_ILLUSTRATION	ABSENT	NOT_AUDITED	ABSENT	SINGLE_FULL_PASS_PREDECLARED_AUDIT	Full visual pass; outside predeclared audit sample
f107r	OBJ_PLANT_LIKE	0	NOT_AUDITED	0	SINGLE_FULL_PASS_PREDECLARED_AUDIT	Full visual pass; outside predeclared audit sample
f107r	OBJ_HUMAN_LIKE	0	NOT_AUDITED	0	SINGLE_FULL_PASS_PREDECLARED_AUDIT	Full visual pass; outside predeclared audit sample
f107r	OBJ_CONTAINER_LIKE	0	NOT_AUDITED	0	SINGLE_FULL_PASS_PREDECLARED_AUDIT	Full visual pass; outside predeclared audit sample
f107r	OBJ_STAR_LIKE	1+	NOT_AUDITED	1+	SINGLE_FULL_PASS_PREDECLARED_AUDIT	Full visual pass; outside predeclared audit sample
f107r	OBJ_CIRCULAR_UNITS	0	NOT_AUDITED	0	SINGLE_FULL_PASS_PREDECLARED_AUDIT	Full visual pass; outside predeclared audit sample
f107r	GEO_RADIAL	ABSENT	NOT_AUDITED	ABSENT	SINGLE_FULL_PASS_PREDECLARED_AUDIT	Full visual pass; outside predeclared audit sample
f107r	GEO_CONCENTRIC	ABSENT	NOT_AUDITED	ABSENT	SINGLE_FULL_PASS_PREDECLARED_AUDIT	Full visual pass; outside predeclared audit sample
f107r	GEO_BRANCHING	ABSENT	NOT_AUDITED	ABSENT	SINGLE_FULL_PASS_PREDECLARED_AUDIT	Full visual pass; outside predeclared audit sample
f107r	FIG_RELATION	NOT_APPLICABLE	NOT_AUDITED	NOT_APPLICABLE	SINGLE_FULL_PASS_PREDECLARED_AUDIT	Full visual pass; outside predeclared audit sample
f107r	FIG_ENCLOSED	NOT_APPLICABLE	NOT_AUDITED	NOT_APPLICABLE	SINGLE_FULL_PASS_PREDECLARED_AUDIT	Full visual pass; outside predeclared audit sample
f107r	TXT_RADIAL	ABSENT	NOT_AUDITED	ABSENT	SINGLE_FULL_PASS_PREDECLARED_AUDIT	Full visual pass; outside predeclared audit sample
f107r	VIS_DENSITY	LOW	NOT_AUDITED	LOW	SINGLE_FULL_PASS_PREDECLARED_AUDIT	Full visual pass; outside predeclared audit sample
f107r	VIS_COMPLEXITY	LOW	NOT_AUDITED	LOW	SINGLE_FULL_PASS_PREDECLARED_AUDIT	Full visual pass; outside predeclared audit sample
f107v	COMP_ILLUSTRATION_REGIONS	MULTIPLE	NOT_AUDITED	MULTIPLE	SINGLE_FULL_PASS_PREDECLARED_AUDIT	Full visual pass; outside predeclared audit sample
f107v	COMP_CENTRAL_ILLUSTRATION	ABSENT	NOT_AUDITED	ABSENT	SINGLE_FULL_PASS_PREDECLARED_AUDIT	Full visual pass; outside predeclared audit sample
f107v	OBJ_PLANT_LIKE	0	NOT_AUDITED	0	SINGLE_FULL_PASS_PREDECLARED_AUDIT	Full visual pass; outside predeclared audit sample
f107v	OBJ_HUMAN_LIKE	0	NOT_AUDITED	0	SINGLE_FULL_PASS_PREDECLARED_AUDIT	Full visual pass; outside predeclared audit sample
f107v	OBJ_CONTAINER_LIKE	0	NOT_AUDITED	0	SINGLE_FULL_PASS_PREDECLARED_AUDIT	Full visual pass; outside predeclared audit sample
f107v	OBJ_STAR_LIKE	1+	NOT_AUDITED	1+	SINGLE_FULL_PASS_PREDECLARED_AUDIT	Full visual pass; outside predeclared audit sample
f107v	OBJ_CIRCULAR_UNITS	0	NOT_AUDITED	0	SINGLE_FULL_PASS_PREDECLARED_AUDIT	Full visual pass; outside predeclared audit sample
f107v	GEO_RADIAL	ABSENT	NOT_AUDITED	ABSENT	SINGLE_FULL_PASS_PREDECLARED_AUDIT	Full visual pass; outside predeclared audit sample
f107v	GEO_CONCENTRIC	ABSENT	NOT_AUDITED	ABSENT	SINGLE_FULL_PASS_PREDECLARED_AUDIT	Full visual pass; outside predeclared audit sample
f107v	GEO_BRANCHING	ABSENT	NOT_AUDITED	ABSENT	SINGLE_FULL_PASS_PREDECLARED_AUDIT	Full visual pass; outside predeclared audit sample
f107v	FIG_RELATION	NOT_APPLICABLE	NOT_AUDITED	NOT_APPLICABLE	SINGLE_FULL_PASS_PREDECLARED_AUDIT	Full visual pass; outside predeclared audit sample
f107v	FIG_ENCLOSED	NOT_APPLICABLE	NOT_AUDITED	NOT_APPLICABLE	SINGLE_FULL_PASS_PREDECLARED_AUDIT	Full visual pass; outside predeclared audit sample
f107v	TXT_RADIAL	ABSENT	NOT_AUDITED	ABSENT	SINGLE_FULL_PASS_PREDECLARED_AUDIT	Full visual pass; outside predeclared audit sample
f107v	VIS_DENSITY	LOW	NOT_AUDITED	LOW	SINGLE_FULL_PASS_PREDECLARED_AUDIT	Full visual pass; outside predeclared audit sample
f107v	VIS_COMPLEXITY	LOW	NOT_AUDITED	LOW	SINGLE_FULL_PASS_PREDECLARED_AUDIT	Full visual pass; outside predeclared audit sample
f108r	COMP_ILLUSTRATION_REGIONS	MULTIPLE	NOT_AUDITED	MULTIPLE	SINGLE_FULL_PASS_PREDECLARED_AUDIT	Full visual pass; outside predeclared audit sample
f108r	COMP_CENTRAL_ILLUSTRATION	ABSENT	NOT_AUDITED	ABSENT	SINGLE_FULL_PASS_PREDECLARED_AUDIT	Full visual pass; outside predeclared audit sample
f108r	OBJ_PLANT_LIKE	0	NOT_AUDITED	0	SINGLE_FULL_PASS_PREDECLARED_AUDIT	Full visual pass; outside predeclared audit sample
f108r	OBJ_HUMAN_LIKE	0	NOT_AUDITED	0	SINGLE_FULL_PASS_PREDECLARED_AUDIT	Full visual pass; outside predeclared audit sample
f108r	OBJ_CONTAINER_LIKE	0	NOT_AUDITED	0	SINGLE_FULL_PASS_PREDECLARED_AUDIT	Full visual pass; outside predeclared audit sample
f108r	OBJ_STAR_LIKE	1+	NOT_AUDITED	1+	SINGLE_FULL_PASS_PREDECLARED_AUDIT	Full visual pass; outside predeclared audit sample
f108r	OBJ_CIRCULAR_UNITS	0	NOT_AUDITED	0	SINGLE_FULL_PASS_PREDECLARED_AUDIT	Full visual pass; outside predeclared audit sample
f108r	GEO_RADIAL	ABSENT	NOT_AUDITED	ABSENT	SINGLE_FULL_PASS_PREDECLARED_AUDIT	Full visual pass; outside predeclared audit sample
f108r	GEO_CONCENTRIC	ABSENT	NOT_AUDITED	ABSENT	SINGLE_FULL_PASS_PREDECLARED_AUDIT	Full visual pass; outside predeclared audit sample
f108r	GEO_BRANCHING	ABSENT	NOT_AUDITED	ABSENT	SINGLE_FULL_PASS_PREDECLARED_AUDIT	Full visual pass; outside predeclared audit sample
f108r	FIG_RELATION	NOT_APPLICABLE	NOT_AUDITED	NOT_APPLICABLE	SINGLE_FULL_PASS_PREDECLARED_AUDIT	Full visual pass; outside predeclared audit sample
f108r	FIG_ENCLOSED	NOT_APPLICABLE	NOT_AUDITED	NOT_APPLICABLE	SINGLE_FULL_PASS_PREDECLARED_AUDIT	Full visual pass; outside predeclared audit sample
f108r	TXT_RADIAL	ABSENT	NOT_AUDITED	ABSENT	SINGLE_FULL_PASS_PREDECLARED_AUDIT	Full visual pass; outside predeclared audit sample
f108r	VIS_DENSITY	LOW	NOT_AUDITED	LOW	SINGLE_FULL_PASS_PREDECLARED_AUDIT	Full visual pass; outside predeclared audit sample
f108r	VIS_COMPLEXITY	LOW	NOT_AUDITED	LOW	SINGLE_FULL_PASS_PREDECLARED_AUDIT	Full visual pass; outside predeclared audit sample
f108v	COMP_ILLUSTRATION_REGIONS	MULTIPLE	NOT_AUDITED	MULTIPLE	SINGLE_FULL_PASS_PREDECLARED_AUDIT	Full visual pass; outside predeclared audit sample
f108v	COMP_CENTRAL_ILLUSTRATION	ABSENT	NOT_AUDITED	ABSENT	SINGLE_FULL_PASS_PREDECLARED_AUDIT	Full visual pass; outside predeclared audit sample
f108v	OBJ_PLANT_LIKE	0	NOT_AUDITED	0	SINGLE_FULL_PASS_PREDECLARED_AUDIT	Full visual pass; outside predeclared audit sample
f108v	OBJ_HUMAN_LIKE	0	NOT_AUDITED	0	SINGLE_FULL_PASS_PREDECLARED_AUDIT	Full visual pass; outside predeclared audit sample
f108v	OBJ_CONTAINER_LIKE	0	NOT_AUDITED	0	SINGLE_FULL_PASS_PREDECLARED_AUDIT	Full visual pass; outside predeclared audit sample
f108v	OBJ_STAR_LIKE	1+	NOT_AUDITED	1+	SINGLE_FULL_PASS_PREDECLARED_AUDIT	Full visual pass; outside predeclared audit sample
f108v	OBJ_CIRCULAR_UNITS	0	NOT_AUDITED	0	SINGLE_FULL_PASS_PREDECLARED_AUDIT	Full visual pass; outside predeclared audit sample
f108v	GEO_RADIAL	ABSENT	NOT_AUDITED	ABSENT	SINGLE_FULL_PASS_PREDECLARED_AUDIT	Full visual pass; outside predeclared audit sample
f108v	GEO_CONCENTRIC	ABSENT	NOT_AUDITED	ABSENT	SINGLE_FULL_PASS_PREDECLARED_AUDIT	Full visual pass; outside predeclared audit sample
f108v	GEO_BRANCHING	ABSENT	NOT_AUDITED	ABSENT	SINGLE_FULL_PASS_PREDECLARED_AUDIT	Full visual pass; outside predeclared audit sample
f108v	FIG_RELATION	NOT_APPLICABLE	NOT_AUDITED	NOT_APPLICABLE	SINGLE_FULL_PASS_PREDECLARED_AUDIT	Full visual pass; outside predeclared audit sample
f108v	FIG_ENCLOSED	NOT_APPLICABLE	NOT_AUDITED	NOT_APPLICABLE	SINGLE_FULL_PASS_PREDECLARED_AUDIT	Full visual pass; outside predeclared audit sample
f108v	TXT_RADIAL	ABSENT	NOT_AUDITED	ABSENT	SINGLE_FULL_PASS_PREDECLARED_AUDIT	Full visual pass; outside predeclared audit sample
f108v	VIS_DENSITY	LOW	NOT_AUDITED	LOW	SINGLE_FULL_PASS_PREDECLARED_AUDIT	Full visual pass; outside predeclared audit sample
f108v	VIS_COMPLEXITY	LOW	NOT_AUDITED	LOW	SINGLE_FULL_PASS_PREDECLARED_AUDIT	Full visual pass; outside predeclared audit sample
f111r	COMP_ILLUSTRATION_REGIONS	MULTIPLE	NOT_AUDITED	MULTIPLE	SINGLE_FULL_PASS_PREDECLARED_AUDIT	Full visual pass; outside predeclared audit sample
f111r	COMP_CENTRAL_ILLUSTRATION	ABSENT	NOT_AUDITED	ABSENT	SINGLE_FULL_PASS_PREDECLARED_AUDIT	Full visual pass; outside predeclared audit sample
f111r	OBJ_PLANT_LIKE	0	NOT_AUDITED	0	SINGLE_FULL_PASS_PREDECLARED_AUDIT	Full visual pass; outside predeclared audit sample
f111r	OBJ_HUMAN_LIKE	0	NOT_AUDITED	0	SINGLE_FULL_PASS_PREDECLARED_AUDIT	Full visual pass; outside predeclared audit sample
f111r	OBJ_CONTAINER_LIKE	0	NOT_AUDITED	0	SINGLE_FULL_PASS_PREDECLARED_AUDIT	Full visual pass; outside predeclared audit sample
f111r	OBJ_STAR_LIKE	1+	NOT_AUDITED	1+	SINGLE_FULL_PASS_PREDECLARED_AUDIT	Full visual pass; outside predeclared audit sample
f111r	OBJ_CIRCULAR_UNITS	0	NOT_AUDITED	0	SINGLE_FULL_PASS_PREDECLARED_AUDIT	Full visual pass; outside predeclared audit sample
f111r	GEO_RADIAL	ABSENT	NOT_AUDITED	ABSENT	SINGLE_FULL_PASS_PREDECLARED_AUDIT	Full visual pass; outside predeclared audit sample
f111r	GEO_CONCENTRIC	ABSENT	NOT_AUDITED	ABSENT	SINGLE_FULL_PASS_PREDECLARED_AUDIT	Full visual pass; outside predeclared audit sample
f111r	GEO_BRANCHING	ABSENT	NOT_AUDITED	ABSENT	SINGLE_FULL_PASS_PREDECLARED_AUDIT	Full visual pass; outside predeclared audit sample
f111r	FIG_RELATION	NOT_APPLICABLE	NOT_AUDITED	NOT_APPLICABLE	SINGLE_FULL_PASS_PREDECLARED_AUDIT	Full visual pass; outside predeclared audit sample
f111r	FIG_ENCLOSED	NOT_APPLICABLE	NOT_AUDITED	NOT_APPLICABLE	SINGLE_FULL_PASS_PREDECLARED_AUDIT	Full visual pass; outside predeclared audit sample
f111r	TXT_RADIAL	ABSENT	NOT_AUDITED	ABSENT	SINGLE_FULL_PASS_PREDECLARED_AUDIT	Full visual pass; outside predeclared audit sample
f111r	VIS_DENSITY	LOW	NOT_AUDITED	LOW	SINGLE_FULL_PASS_PREDECLARED_AUDIT	Full visual pass; outside predeclared audit sample
f111r	VIS_COMPLEXITY	LOW	NOT_AUDITED	LOW	SINGLE_FULL_PASS_PREDECLARED_AUDIT	Full visual pass; outside predeclared audit sample
f111v	COMP_ILLUSTRATION_REGIONS	MULTIPLE	NOT_AUDITED	MULTIPLE	SINGLE_FULL_PASS_PREDECLARED_AUDIT	Full visual pass; outside predeclared audit sample
f111v	COMP_CENTRAL_ILLUSTRATION	ABSENT	NOT_AUDITED	ABSENT	SINGLE_FULL_PASS_PREDECLARED_AUDIT	Full visual pass; outside predeclared audit sample
f111v	OBJ_PLANT_LIKE	0	NOT_AUDITED	0	SINGLE_FULL_PASS_PREDECLARED_AUDIT	Full visual pass; outside predeclared audit sample
f111v	OBJ_HUMAN_LIKE	0	NOT_AUDITED	0	SINGLE_FULL_PASS_PREDECLARED_AUDIT	Full visual pass; outside predeclared audit sample
f111v	OBJ_CONTAINER_LIKE	0	NOT_AUDITED	0	SINGLE_FULL_PASS_PREDECLARED_AUDIT	Full visual pass; outside predeclared audit sample
f111v	OBJ_STAR_LIKE	1+	NOT_AUDITED	1+	SINGLE_FULL_PASS_PREDECLARED_AUDIT	Full visual pass; outside predeclared audit sample
f111v	OBJ_CIRCULAR_UNITS	0	NOT_AUDITED	0	SINGLE_FULL_PASS_PREDECLARED_AUDIT	Full visual pass; outside predeclared audit sample
f111v	GEO_RADIAL	ABSENT	NOT_AUDITED	ABSENT	SINGLE_FULL_PASS_PREDECLARED_AUDIT	Full visual pass; outside predeclared audit sample
f111v	GEO_CONCENTRIC	ABSENT	NOT_AUDITED	ABSENT	SINGLE_FULL_PASS_PREDECLARED_AUDIT	Full visual pass; outside predeclared audit sample
f111v	GEO_BRANCHING	ABSENT	NOT_AUDITED	ABSENT	SINGLE_FULL_PASS_PREDECLARED_AUDIT	Full visual pass; outside predeclared audit sample
f111v	FIG_RELATION	NOT_APPLICABLE	NOT_AUDITED	NOT_APPLICABLE	SINGLE_FULL_PASS_PREDECLARED_AUDIT	Full visual pass; outside predeclared audit sample
f111v	FIG_ENCLOSED	NOT_APPLICABLE	NOT_AUDITED	NOT_APPLICABLE	SINGLE_FULL_PASS_PREDECLARED_AUDIT	Full visual pass; outside predeclared audit sample
f111v	TXT_RADIAL	ABSENT	NOT_AUDITED	ABSENT	SINGLE_FULL_PASS_PREDECLARED_AUDIT	Full visual pass; outside predeclared audit sample
f111v	VIS_DENSITY	LOW	NOT_AUDITED	LOW	SINGLE_FULL_PASS_PREDECLARED_AUDIT	Full visual pass; outside predeclared audit sample
f111v	VIS_COMPLEXITY	LOW	NOT_AUDITED	LOW	SINGLE_FULL_PASS_PREDECLARED_AUDIT	Full visual pass; outside predeclared audit sample
f112r	COMP_ILLUSTRATION_REGIONS	MULTIPLE	NOT_AUDITED	MULTIPLE	SINGLE_FULL_PASS_PREDECLARED_AUDIT	Full visual pass; outside predeclared audit sample
f112r	COMP_CENTRAL_ILLUSTRATION	ABSENT	NOT_AUDITED	ABSENT	SINGLE_FULL_PASS_PREDECLARED_AUDIT	Full visual pass; outside predeclared audit sample
f112r	OBJ_PLANT_LIKE	0	NOT_AUDITED	0	SINGLE_FULL_PASS_PREDECLARED_AUDIT	Full visual pass; outside predeclared audit sample
f112r	OBJ_HUMAN_LIKE	0	NOT_AUDITED	0	SINGLE_FULL_PASS_PREDECLARED_AUDIT	Full visual pass; outside predeclared audit sample
f112r	OBJ_CONTAINER_LIKE	0	NOT_AUDITED	0	SINGLE_FULL_PASS_PREDECLARED_AUDIT	Full visual pass; outside predeclared audit sample
f112r	OBJ_STAR_LIKE	1+	NOT_AUDITED	1+	SINGLE_FULL_PASS_PREDECLARED_AUDIT	Full visual pass; outside predeclared audit sample
f112r	OBJ_CIRCULAR_UNITS	0	NOT_AUDITED	0	SINGLE_FULL_PASS_PREDECLARED_AUDIT	Full visual pass; outside predeclared audit sample
f112r	GEO_RADIAL	ABSENT	NOT_AUDITED	ABSENT	SINGLE_FULL_PASS_PREDECLARED_AUDIT	Full visual pass; outside predeclared audit sample
f112r	GEO_CONCENTRIC	ABSENT	NOT_AUDITED	ABSENT	SINGLE_FULL_PASS_PREDECLARED_AUDIT	Full visual pass; outside predeclared audit sample
f112r	GEO_BRANCHING	ABSENT	NOT_AUDITED	ABSENT	SINGLE_FULL_PASS_PREDECLARED_AUDIT	Full visual pass; outside predeclared audit sample
f112r	FIG_RELATION	NOT_APPLICABLE	NOT_AUDITED	NOT_APPLICABLE	SINGLE_FULL_PASS_PREDECLARED_AUDIT	Full visual pass; outside predeclared audit sample
f112r	FIG_ENCLOSED	NOT_APPLICABLE	NOT_AUDITED	NOT_APPLICABLE	SINGLE_FULL_PASS_PREDECLARED_AUDIT	Full visual pass; outside predeclared audit sample
f112r	TXT_RADIAL	ABSENT	NOT_AUDITED	ABSENT	SINGLE_FULL_PASS_PREDECLARED_AUDIT	Full visual pass; outside predeclared audit sample
f112r	VIS_DENSITY	LOW	NOT_AUDITED	LOW	SINGLE_FULL_PASS_PREDECLARED_AUDIT	Full visual pass; outside predeclared audit sample
f112r	VIS_COMPLEXITY	LOW	NOT_AUDITED	LOW	SINGLE_FULL_PASS_PREDECLARED_AUDIT	Full visual pass; outside predeclared audit sample
f112v	COMP_ILLUSTRATION_REGIONS	MULTIPLE	MULTIPLE	MULTIPLE	INDEPENDENT_AUDIT_FINAL	Independent clean-room audit value
f112v	COMP_CENTRAL_ILLUSTRATION	ABSENT	ABSENT	ABSENT	INDEPENDENT_AUDIT_FINAL	Independent clean-room audit value
f112v	OBJ_PLANT_LIKE	0	0	0	INDEPENDENT_AUDIT_FINAL	Independent clean-room audit value
f112v	OBJ_HUMAN_LIKE	0	0	0	INDEPENDENT_AUDIT_FINAL	Independent clean-room audit value
f112v	OBJ_CONTAINER_LIKE	0	0	0	INDEPENDENT_AUDIT_FINAL	Independent clean-room audit value
f112v	OBJ_STAR_LIKE	1+	1+	1+	INDEPENDENT_AUDIT_FINAL	Independent clean-room audit value
f112v	OBJ_CIRCULAR_UNITS	0	0	0	INDEPENDENT_AUDIT_FINAL	Independent clean-room audit value
f112v	GEO_RADIAL	ABSENT	ABSENT	ABSENT	INDEPENDENT_AUDIT_FINAL	Independent clean-room audit value
f112v	GEO_CONCENTRIC	ABSENT	ABSENT	ABSENT	INDEPENDENT_AUDIT_FINAL	Independent clean-room audit value
f112v	GEO_BRANCHING	ABSENT	ABSENT	ABSENT	INDEPENDENT_AUDIT_FINAL	Independent clean-room audit value
f112v	FIG_RELATION	NOT_APPLICABLE	NOT_APPLICABLE	NOT_APPLICABLE	INDEPENDENT_AUDIT_FINAL	Independent clean-room audit value
f112v	FIG_ENCLOSED	NOT_APPLICABLE	NOT_APPLICABLE	NOT_APPLICABLE	INDEPENDENT_AUDIT_FINAL	Independent clean-room audit value
f112v	TXT_RADIAL	ABSENT	ABSENT	ABSENT	INDEPENDENT_AUDIT_FINAL	Independent clean-room audit value
f112v	VIS_DENSITY	LOW	LOW	LOW	INDEPENDENT_AUDIT_FINAL	Independent clean-room audit value
f112v	VIS_COMPLEXITY	LOW	LOW	LOW	INDEPENDENT_AUDIT_FINAL	Independent clean-room audit value
f113r	COMP_ILLUSTRATION_REGIONS	MULTIPLE	NOT_AUDITED	MULTIPLE	SINGLE_FULL_PASS_PREDECLARED_AUDIT	Full visual pass; outside predeclared audit sample
f113r	COMP_CENTRAL_ILLUSTRATION	ABSENT	NOT_AUDITED	ABSENT	SINGLE_FULL_PASS_PREDECLARED_AUDIT	Full visual pass; outside predeclared audit sample
f113r	OBJ_PLANT_LIKE	0	NOT_AUDITED	0	SINGLE_FULL_PASS_PREDECLARED_AUDIT	Full visual pass; outside predeclared audit sample
f113r	OBJ_HUMAN_LIKE	0	NOT_AUDITED	0	SINGLE_FULL_PASS_PREDECLARED_AUDIT	Full visual pass; outside predeclared audit sample
f113r	OBJ_CONTAINER_LIKE	0	NOT_AUDITED	0	SINGLE_FULL_PASS_PREDECLARED_AUDIT	Full visual pass; outside predeclared audit sample
f113r	OBJ_STAR_LIKE	1+	NOT_AUDITED	1+	SINGLE_FULL_PASS_PREDECLARED_AUDIT	Full visual pass; outside predeclared audit sample
f113r	OBJ_CIRCULAR_UNITS	0	NOT_AUDITED	0	SINGLE_FULL_PASS_PREDECLARED_AUDIT	Full visual pass; outside predeclared audit sample
f113r	GEO_RADIAL	ABSENT	NOT_AUDITED	ABSENT	SINGLE_FULL_PASS_PREDECLARED_AUDIT	Full visual pass; outside predeclared audit sample
f113r	GEO_CONCENTRIC	ABSENT	NOT_AUDITED	ABSENT	SINGLE_FULL_PASS_PREDECLARED_AUDIT	Full visual pass; outside predeclared audit sample
f113r	GEO_BRANCHING	ABSENT	NOT_AUDITED	ABSENT	SINGLE_FULL_PASS_PREDECLARED_AUDIT	Full visual pass; outside predeclared audit sample
f113r	FIG_RELATION	NOT_APPLICABLE	NOT_AUDITED	NOT_APPLICABLE	SINGLE_FULL_PASS_PREDECLARED_AUDIT	Full visual pass; outside predeclared audit sample
f113r	FIG_ENCLOSED	NOT_APPLICABLE	NOT_AUDITED	NOT_APPLICABLE	SINGLE_FULL_PASS_PREDECLARED_AUDIT	Full visual pass; outside predeclared audit sample
f113r	TXT_RADIAL	ABSENT	NOT_AUDITED	ABSENT	SINGLE_FULL_PASS_PREDECLARED_AUDIT	Full visual pass; outside predeclared audit sample
f113r	VIS_DENSITY	LOW	NOT_AUDITED	LOW	SINGLE_FULL_PASS_PREDECLARED_AUDIT	Full visual pass; outside predeclared audit sample
f113r	VIS_COMPLEXITY	LOW	NOT_AUDITED	LOW	SINGLE_FULL_PASS_PREDECLARED_AUDIT	Full visual pass; outside predeclared audit sample
f113v	COMP_ILLUSTRATION_REGIONS	MULTIPLE	NOT_AUDITED	MULTIPLE	SINGLE_FULL_PASS_PREDECLARED_AUDIT	Full visual pass; outside predeclared audit sample
f113v	COMP_CENTRAL_ILLUSTRATION	ABSENT	NOT_AUDITED	ABSENT	SINGLE_FULL_PASS_PREDECLARED_AUDIT	Full visual pass; outside predeclared audit sample
f113v	OBJ_PLANT_LIKE	0	NOT_AUDITED	0	SINGLE_FULL_PASS_PREDECLARED_AUDIT	Full visual pass; outside predeclared audit sample
f113v	OBJ_HUMAN_LIKE	0	NOT_AUDITED	0	SINGLE_FULL_PASS_PREDECLARED_AUDIT	Full visual pass; outside predeclared audit sample
f113v	OBJ_CONTAINER_LIKE	0	NOT_AUDITED	0	SINGLE_FULL_PASS_PREDECLARED_AUDIT	Full visual pass; outside predeclared audit sample
f113v	OBJ_STAR_LIKE	1+	NOT_AUDITED	1+	SINGLE_FULL_PASS_PREDECLARED_AUDIT	Full visual pass; outside predeclared audit sample
f113v	OBJ_CIRCULAR_UNITS	0	NOT_AUDITED	0	SINGLE_FULL_PASS_PREDECLARED_AUDIT	Full visual pass; outside predeclared audit sample
f113v	GEO_RADIAL	ABSENT	NOT_AUDITED	ABSENT	SINGLE_FULL_PASS_PREDECLARED_AUDIT	Full visual pass; outside predeclared audit sample
f113v	GEO_CONCENTRIC	ABSENT	NOT_AUDITED	ABSENT	SINGLE_FULL_PASS_PREDECLARED_AUDIT	Full visual pass; outside predeclared audit sample
f113v	GEO_BRANCHING	ABSENT	NOT_AUDITED	ABSENT	SINGLE_FULL_PASS_PREDECLARED_AUDIT	Full visual pass; outside predeclared audit sample
f113v	FIG_RELATION	NOT_APPLICABLE	NOT_AUDITED	NOT_APPLICABLE	SINGLE_FULL_PASS_PREDECLARED_AUDIT	Full visual pass; outside predeclared audit sample
f113v	FIG_ENCLOSED	NOT_APPLICABLE	NOT_AUDITED	NOT_APPLICABLE	SINGLE_FULL_PASS_PREDECLARED_AUDIT	Full visual pass; outside predeclared audit sample
f113v	TXT_RADIAL	ABSENT	NOT_AUDITED	ABSENT	SINGLE_FULL_PASS_PREDECLARED_AUDIT	Full visual pass; outside predeclared audit sample
f113v	VIS_DENSITY	LOW	NOT_AUDITED	LOW	SINGLE_FULL_PASS_PREDECLARED_AUDIT	Full visual pass; outside predeclared audit sample
f113v	VIS_COMPLEXITY	LOW	NOT_AUDITED	LOW	SINGLE_FULL_PASS_PREDECLARED_AUDIT	Full visual pass; outside predeclared audit sample
f114r	COMP_ILLUSTRATION_REGIONS	MULTIPLE	NOT_AUDITED	MULTIPLE	SINGLE_FULL_PASS_PREDECLARED_AUDIT	Full visual pass; outside predeclared audit sample
f114r	COMP_CENTRAL_ILLUSTRATION	ABSENT	NOT_AUDITED	ABSENT	SINGLE_FULL_PASS_PREDECLARED_AUDIT	Full visual pass; outside predeclared audit sample
f114r	OBJ_PLANT_LIKE	0	NOT_AUDITED	0	SINGLE_FULL_PASS_PREDECLARED_AUDIT	Full visual pass; outside predeclared audit sample
f114r	OBJ_HUMAN_LIKE	0	NOT_AUDITED	0	SINGLE_FULL_PASS_PREDECLARED_AUDIT	Full visual pass; outside predeclared audit sample
f114r	OBJ_CONTAINER_LIKE	0	NOT_AUDITED	0	SINGLE_FULL_PASS_PREDECLARED_AUDIT	Full visual pass; outside predeclared audit sample
f114r	OBJ_STAR_LIKE	1+	NOT_AUDITED	1+	SINGLE_FULL_PASS_PREDECLARED_AUDIT	Full visual pass; outside predeclared audit sample
f114r	OBJ_CIRCULAR_UNITS	0	NOT_AUDITED	0	SINGLE_FULL_PASS_PREDECLARED_AUDIT	Full visual pass; outside predeclared audit sample
f114r	GEO_RADIAL	ABSENT	NOT_AUDITED	ABSENT	SINGLE_FULL_PASS_PREDECLARED_AUDIT	Full visual pass; outside predeclared audit sample
f114r	GEO_CONCENTRIC	ABSENT	NOT_AUDITED	ABSENT	SINGLE_FULL_PASS_PREDECLARED_AUDIT	Full visual pass; outside predeclared audit sample
f114r	GEO_BRANCHING	ABSENT	NOT_AUDITED	ABSENT	SINGLE_FULL_PASS_PREDECLARED_AUDIT	Full visual pass; outside predeclared audit sample
f114r	FIG_RELATION	NOT_APPLICABLE	NOT_AUDITED	NOT_APPLICABLE	SINGLE_FULL_PASS_PREDECLARED_AUDIT	Full visual pass; outside predeclared audit sample
f114r	FIG_ENCLOSED	NOT_APPLICABLE	NOT_AUDITED	NOT_APPLICABLE	SINGLE_FULL_PASS_PREDECLARED_AUDIT	Full visual pass; outside predeclared audit sample
f114r	TXT_RADIAL	ABSENT	NOT_AUDITED	ABSENT	SINGLE_FULL_PASS_PREDECLARED_AUDIT	Full visual pass; outside predeclared audit sample
f114r	VIS_DENSITY	LOW	NOT_AUDITED	LOW	SINGLE_FULL_PASS_PREDECLARED_AUDIT	Full visual pass; outside predeclared audit sample
f114r	VIS_COMPLEXITY	LOW	NOT_AUDITED	LOW	SINGLE_FULL_PASS_PREDECLARED_AUDIT	Full visual pass; outside predeclared audit sample
f114v	COMP_ILLUSTRATION_REGIONS	MULTIPLE	NOT_AUDITED	MULTIPLE	SINGLE_FULL_PASS_PREDECLARED_AUDIT	Full visual pass; outside predeclared audit sample
f114v	COMP_CENTRAL_ILLUSTRATION	ABSENT	NOT_AUDITED	ABSENT	SINGLE_FULL_PASS_PREDECLARED_AUDIT	Full visual pass; outside predeclared audit sample
f114v	OBJ_PLANT_LIKE	0	NOT_AUDITED	0	SINGLE_FULL_PASS_PREDECLARED_AUDIT	Full visual pass; outside predeclared audit sample
f114v	OBJ_HUMAN_LIKE	0	NOT_AUDITED	0	SINGLE_FULL_PASS_PREDECLARED_AUDIT	Full visual pass; outside predeclared audit sample
f114v	OBJ_CONTAINER_LIKE	0	NOT_AUDITED	0	SINGLE_FULL_PASS_PREDECLARED_AUDIT	Full visual pass; outside predeclared audit sample
f114v	OBJ_STAR_LIKE	1+	NOT_AUDITED	1+	SINGLE_FULL_PASS_PREDECLARED_AUDIT	Full visual pass; outside predeclared audit sample
f114v	OBJ_CIRCULAR_UNITS	0	NOT_AUDITED	0	SINGLE_FULL_PASS_PREDECLARED_AUDIT	Full visual pass; outside predeclared audit sample
f114v	GEO_RADIAL	ABSENT	NOT_AUDITED	ABSENT	SINGLE_FULL_PASS_PREDECLARED_AUDIT	Full visual pass; outside predeclared audit sample
f114v	GEO_CONCENTRIC	ABSENT	NOT_AUDITED	ABSENT	SINGLE_FULL_PASS_PREDECLARED_AUDIT	Full visual pass; outside predeclared audit sample
f114v	GEO_BRANCHING	ABSENT	NOT_AUDITED	ABSENT	SINGLE_FULL_PASS_PREDECLARED_AUDIT	Full visual pass; outside predeclared audit sample
f114v	FIG_RELATION	NOT_APPLICABLE	NOT_AUDITED	NOT_APPLICABLE	SINGLE_FULL_PASS_PREDECLARED_AUDIT	Full visual pass; outside predeclared audit sample
f114v	FIG_ENCLOSED	NOT_APPLICABLE	NOT_AUDITED	NOT_APPLICABLE	SINGLE_FULL_PASS_PREDECLARED_AUDIT	Full visual pass; outside predeclared audit sample
f114v	TXT_RADIAL	ABSENT	NOT_AUDITED	ABSENT	SINGLE_FULL_PASS_PREDECLARED_AUDIT	Full visual pass; outside predeclared audit sample
f114v	VIS_DENSITY	LOW	NOT_AUDITED	LOW	SINGLE_FULL_PASS_PREDECLARED_AUDIT	Full visual pass; outside predeclared audit sample
f114v	VIS_COMPLEXITY	LOW	NOT_AUDITED	LOW	SINGLE_FULL_PASS_PREDECLARED_AUDIT	Full visual pass; outside predeclared audit sample
f115r	COMP_ILLUSTRATION_REGIONS	MULTIPLE	NOT_AUDITED	MULTIPLE	SINGLE_FULL_PASS_PREDECLARED_AUDIT	Full visual pass; outside predeclared audit sample
f115r	COMP_CENTRAL_ILLUSTRATION	ABSENT	NOT_AUDITED	ABSENT	SINGLE_FULL_PASS_PREDECLARED_AUDIT	Full visual pass; outside predeclared audit sample
f115r	OBJ_PLANT_LIKE	0	NOT_AUDITED	0	SINGLE_FULL_PASS_PREDECLARED_AUDIT	Full visual pass; outside predeclared audit sample
f115r	OBJ_HUMAN_LIKE	0	NOT_AUDITED	0	SINGLE_FULL_PASS_PREDECLARED_AUDIT	Full visual pass; outside predeclared audit sample
f115r	OBJ_CONTAINER_LIKE	0	NOT_AUDITED	0	SINGLE_FULL_PASS_PREDECLARED_AUDIT	Full visual pass; outside predeclared audit sample
f115r	OBJ_STAR_LIKE	1+	NOT_AUDITED	1+	SINGLE_FULL_PASS_PREDECLARED_AUDIT	Full visual pass; outside predeclared audit sample
f115r	OBJ_CIRCULAR_UNITS	0	NOT_AUDITED	0	SINGLE_FULL_PASS_PREDECLARED_AUDIT	Full visual pass; outside predeclared audit sample
f115r	GEO_RADIAL	ABSENT	NOT_AUDITED	ABSENT	SINGLE_FULL_PASS_PREDECLARED_AUDIT	Full visual pass; outside predeclared audit sample
f115r	GEO_CONCENTRIC	ABSENT	NOT_AUDITED	ABSENT	SINGLE_FULL_PASS_PREDECLARED_AUDIT	Full visual pass; outside predeclared audit sample
f115r	GEO_BRANCHING	ABSENT	NOT_AUDITED	ABSENT	SINGLE_FULL_PASS_PREDECLARED_AUDIT	Full visual pass; outside predeclared audit sample
f115r	FIG_RELATION	NOT_APPLICABLE	NOT_AUDITED	NOT_APPLICABLE	SINGLE_FULL_PASS_PREDECLARED_AUDIT	Full visual pass; outside predeclared audit sample
f115r	FIG_ENCLOSED	NOT_APPLICABLE	NOT_AUDITED	NOT_APPLICABLE	SINGLE_FULL_PASS_PREDECLARED_AUDIT	Full visual pass; outside predeclared audit sample
f115r	TXT_RADIAL	ABSENT	NOT_AUDITED	ABSENT	SINGLE_FULL_PASS_PREDECLARED_AUDIT	Full visual pass; outside predeclared audit sample
f115r	VIS_DENSITY	LOW	NOT_AUDITED	LOW	SINGLE_FULL_PASS_PREDECLARED_AUDIT	Full visual pass; outside predeclared audit sample
f115r	VIS_COMPLEXITY	LOW	NOT_AUDITED	LOW	SINGLE_FULL_PASS_PREDECLARED_AUDIT	Full visual pass; outside predeclared audit sample
f115v	COMP_ILLUSTRATION_REGIONS	MULTIPLE	NOT_AUDITED	MULTIPLE	SINGLE_FULL_PASS_PREDECLARED_AUDIT	Full visual pass; outside predeclared audit sample
f115v	COMP_CENTRAL_ILLUSTRATION	ABSENT	NOT_AUDITED	ABSENT	SINGLE_FULL_PASS_PREDECLARED_AUDIT	Full visual pass; outside predeclared audit sample
f115v	OBJ_PLANT_LIKE	0	NOT_AUDITED	0	SINGLE_FULL_PASS_PREDECLARED_AUDIT	Full visual pass; outside predeclared audit sample
f115v	OBJ_HUMAN_LIKE	0	NOT_AUDITED	0	SINGLE_FULL_PASS_PREDECLARED_AUDIT	Full visual pass; outside predeclared audit sample
f115v	OBJ_CONTAINER_LIKE	0	NOT_AUDITED	0	SINGLE_FULL_PASS_PREDECLARED_AUDIT	Full visual pass; outside predeclared audit sample
f115v	OBJ_STAR_LIKE	1+	NOT_AUDITED	1+	SINGLE_FULL_PASS_PREDECLARED_AUDIT	Full visual pass; outside predeclared audit sample
f115v	OBJ_CIRCULAR_UNITS	0	NOT_AUDITED	0	SINGLE_FULL_PASS_PREDECLARED_AUDIT	Full visual pass; outside predeclared audit sample
f115v	GEO_RADIAL	ABSENT	NOT_AUDITED	ABSENT	SINGLE_FULL_PASS_PREDECLARED_AUDIT	Full visual pass; outside predeclared audit sample
f115v	GEO_CONCENTRIC	ABSENT	NOT_AUDITED	ABSENT	SINGLE_FULL_PASS_PREDECLARED_AUDIT	Full visual pass; outside predeclared audit sample
f115v	GEO_BRANCHING	ABSENT	NOT_AUDITED	ABSENT	SINGLE_FULL_PASS_PREDECLARED_AUDIT	Full visual pass; outside predeclared audit sample
f115v	FIG_RELATION	NOT_APPLICABLE	NOT_AUDITED	NOT_APPLICABLE	SINGLE_FULL_PASS_PREDECLARED_AUDIT	Full visual pass; outside predeclared audit sample
f115v	FIG_ENCLOSED	NOT_APPLICABLE	NOT_AUDITED	NOT_APPLICABLE	SINGLE_FULL_PASS_PREDECLARED_AUDIT	Full visual pass; outside predeclared audit sample
f115v	TXT_RADIAL	ABSENT	NOT_AUDITED	ABSENT	SINGLE_FULL_PASS_PREDECLARED_AUDIT	Full visual pass; outside predeclared audit sample
f115v	VIS_DENSITY	LOW	NOT_AUDITED	LOW	SINGLE_FULL_PASS_PREDECLARED_AUDIT	Full visual pass; outside predeclared audit sample
f115v	VIS_COMPLEXITY	LOW	NOT_AUDITED	LOW	SINGLE_FULL_PASS_PREDECLARED_AUDIT	Full visual pass; outside predeclared audit sample
f116r	COMP_ILLUSTRATION_REGIONS	MULTIPLE	NOT_AUDITED	MULTIPLE	SINGLE_FULL_PASS_PREDECLARED_AUDIT	Full visual pass; outside predeclared audit sample
f116r	COMP_CENTRAL_ILLUSTRATION	ABSENT	NOT_AUDITED	ABSENT	SINGLE_FULL_PASS_PREDECLARED_AUDIT	Full visual pass; outside predeclared audit sample
f116r	OBJ_PLANT_LIKE	0	NOT_AUDITED	0	SINGLE_FULL_PASS_PREDECLARED_AUDIT	Full visual pass; outside predeclared audit sample
f116r	OBJ_HUMAN_LIKE	0	NOT_AUDITED	0	SINGLE_FULL_PASS_PREDECLARED_AUDIT	Full visual pass; outside predeclared audit sample
f116r	OBJ_CONTAINER_LIKE	0	NOT_AUDITED	0	SINGLE_FULL_PASS_PREDECLARED_AUDIT	Full visual pass; outside predeclared audit sample
f116r	OBJ_STAR_LIKE	1+	NOT_AUDITED	1+	SINGLE_FULL_PASS_PREDECLARED_AUDIT	Full visual pass; outside predeclared audit sample
f116r	OBJ_CIRCULAR_UNITS	0	NOT_AUDITED	0	SINGLE_FULL_PASS_PREDECLARED_AUDIT	Full visual pass; outside predeclared audit sample
f116r	GEO_RADIAL	ABSENT	NOT_AUDITED	ABSENT	SINGLE_FULL_PASS_PREDECLARED_AUDIT	Full visual pass; outside predeclared audit sample
f116r	GEO_CONCENTRIC	ABSENT	NOT_AUDITED	ABSENT	SINGLE_FULL_PASS_PREDECLARED_AUDIT	Full visual pass; outside predeclared audit sample
f116r	GEO_BRANCHING	ABSENT	NOT_AUDITED	ABSENT	SINGLE_FULL_PASS_PREDECLARED_AUDIT	Full visual pass; outside predeclared audit sample
f116r	FIG_RELATION	NOT_APPLICABLE	NOT_AUDITED	NOT_APPLICABLE	SINGLE_FULL_PASS_PREDECLARED_AUDIT	Full visual pass; outside predeclared audit sample
f116r	FIG_ENCLOSED	NOT_APPLICABLE	NOT_AUDITED	NOT_APPLICABLE	SINGLE_FULL_PASS_PREDECLARED_AUDIT	Full visual pass; outside predeclared audit sample
f116r	TXT_RADIAL	ABSENT	NOT_AUDITED	ABSENT	SINGLE_FULL_PASS_PREDECLARED_AUDIT	Full visual pass; outside predeclared audit sample
f116r	VIS_DENSITY	LOW	NOT_AUDITED	LOW	SINGLE_FULL_PASS_PREDECLARED_AUDIT	Full visual pass; outside predeclared audit sample
f116r	VIS_COMPLEXITY	LOW	NOT_AUDITED	LOW	SINGLE_FULL_PASS_PREDECLARED_AUDIT	Full visual pass; outside predeclared audit sample
f116v	COMP_ILLUSTRATION_REGIONS	0	NOT_AUDITED	0	SINGLE_FULL_PASS_PREDECLARED_AUDIT	Full visual pass; outside predeclared audit sample
f116v	COMP_CENTRAL_ILLUSTRATION	ABSENT	NOT_AUDITED	ABSENT	SINGLE_FULL_PASS_PREDECLARED_AUDIT	Full visual pass; outside predeclared audit sample
f116v	OBJ_PLANT_LIKE	0	NOT_AUDITED	0	SINGLE_FULL_PASS_PREDECLARED_AUDIT	Full visual pass; outside predeclared audit sample
f116v	OBJ_HUMAN_LIKE	0	NOT_AUDITED	0	SINGLE_FULL_PASS_PREDECLARED_AUDIT	Full visual pass; outside predeclared audit sample
f116v	OBJ_CONTAINER_LIKE	0	NOT_AUDITED	0	SINGLE_FULL_PASS_PREDECLARED_AUDIT	Full visual pass; outside predeclared audit sample
f116v	OBJ_STAR_LIKE	0	NOT_AUDITED	0	SINGLE_FULL_PASS_PREDECLARED_AUDIT	Full visual pass; outside predeclared audit sample
f116v	OBJ_CIRCULAR_UNITS	0	NOT_AUDITED	0	SINGLE_FULL_PASS_PREDECLARED_AUDIT	Full visual pass; outside predeclared audit sample
f116v	GEO_RADIAL	ABSENT	NOT_AUDITED	ABSENT	SINGLE_FULL_PASS_PREDECLARED_AUDIT	Full visual pass; outside predeclared audit sample
f116v	GEO_CONCENTRIC	ABSENT	NOT_AUDITED	ABSENT	SINGLE_FULL_PASS_PREDECLARED_AUDIT	Full visual pass; outside predeclared audit sample
f116v	GEO_BRANCHING	ABSENT	NOT_AUDITED	ABSENT	SINGLE_FULL_PASS_PREDECLARED_AUDIT	Full visual pass; outside predeclared audit sample
f116v	FIG_RELATION	NOT_APPLICABLE	NOT_AUDITED	NOT_APPLICABLE	SINGLE_FULL_PASS_PREDECLARED_AUDIT	Full visual pass; outside predeclared audit sample
f116v	FIG_ENCLOSED	NOT_APPLICABLE	NOT_AUDITED	NOT_APPLICABLE	SINGLE_FULL_PASS_PREDECLARED_AUDIT	Full visual pass; outside predeclared audit sample
f116v	TXT_RADIAL	ABSENT	NOT_AUDITED	ABSENT	SINGLE_FULL_PASS_PREDECLARED_AUDIT	Full visual pass; outside predeclared audit sample
f116v	VIS_DENSITY	LOW	NOT_AUDITED	LOW	SINGLE_FULL_PASS_PREDECLARED_AUDIT	Full visual pass; outside predeclared audit sample
f116v	VIS_COMPLEXITY	LOW	NOT_AUDITED	LOW	SINGLE_FULL_PASS_PREDECLARED_AUDIT	Full visual pass; outside predeclared audit sample
