path	package	version	bytes	sha256	role	frozen
research/astro_spatial_annotation/ASTRO_ANNOTATION_AGREEMENT.tsv	astro_spatial_annotation	A-spatial-1	423	a8ccac65e1646ace8d970193c6f5f978af7f63feac7d92cf52d398496e5c340b	FROZEN_PACKAGE_AUDIT_INPUT	YES
research/astro_spatial_annotation/ASTRO_ANNOTATION_PROTOCOL.md	astro_spatial_annotation	A-spatial-1	2393	1d3bf893550203a18523e3b30c31553894480ffa399cdc827f28a360a401050b	FROZEN_PACKAGE_AUDIT_INPUT	YES
research/astro_spatial_annotation/ASTRO_CYCLIC_ORDER.tsv	astro_spatial_annotation	A-spatial-1	4330	c25d30e370a07cc7413a2c873ef9fb3ff0c030eba1d1388f2459ed5fe7266d85	FROZEN_PACKAGE_AUDIT_INPUT	YES
research/astro_spatial_annotation/ASTRO_LABELS_SPATIAL.tsv	astro_spatial_annotation	A-spatial-1	8507	a0bc01f4c4a34b8df293f3fd1b918345f778bbf5c4950aabb067f7f739aec034	PRIMARY_SOURCE_OBJECTS	YES
research/astro_spatial_annotation/ASTRO_LABEL_OBJECT_RELATIONS.tsv	astro_spatial_annotation	A-spatial-1	3219	f8a03ee20510f559437592de60a306466c17fceb000c5613e77b833577173d9b	VERSIONED_RELATION_RECORD	YES
research/astro_spatial_annotation/ASTRO_MANUAL_SEED.tsv	astro_spatial_annotation	A-spatial-1	6241	8cd5ce1c9b2784125d12ece2140ee8f059b321e8695662b321300a3942b59698	FROZEN_PACKAGE_AUDIT_INPUT	YES
research/astro_spatial_annotation/ASTRO_OBJECTS.tsv	astro_spatial_annotation	A-spatial-1	8752	572c5c6aceb98f1e2e09356f6746bbe1e393ed90c07b6e67b2f476744b9feba6	PRIMARY_SOURCE_OBJECTS	YES
research/astro_spatial_annotation/ASTRO_OBJECT_ONTOLOGY.md	astro_spatial_annotation	A-spatial-1	1672	c374f6fab6021163abcd43ab229d491cef0a7d6faf00cffed25064070b00c0c4	FROZEN_PACKAGE_AUDIT_INPUT	YES
research/astro_spatial_annotation/ASTRO_POLAR_COORDINATES.tsv	astro_spatial_annotation	A-spatial-1	8950	227c6ccf7ef8ef0f6d2a78b70e8bd5332c65ccf272f2cba8b82e5937c01837ee	FROZEN_PACKAGE_AUDIT_INPUT	YES
research/astro_spatial_annotation/ASTRO_RINGS.tsv	astro_spatial_annotation	A-spatial-1	1336	79fad40de01d7ddccbbe3d4d7a709b17fd1c8a0bdc069b43be70dbac051c2eea	FROZEN_PACKAGE_AUDIT_INPUT	YES
research/astro_spatial_annotation/ASTRO_SPATIAL_CLUSTERS.tsv	astro_spatial_annotation	A-spatial-1	3000	d5442dbaadd3a934ebac42d8dfdd5228f5137bf230fbf8e9dcc06bf52162a268	FROZEN_PACKAGE_AUDIT_INPUT	YES
research/astro_spatial_annotation/ASTRO_SPATIAL_NEIGHBORS.tsv	astro_spatial_annotation	A-spatial-1	33714	0f487a78bf5db579fa4e19de4a7aadc0da49c126343c429b8ee9fd51a3cc1833	FROZEN_PACKAGE_AUDIT_INPUT	YES
research/astro_spatial_annotation/ASTRO_SPATIAL_QUALITY_REPORT.md	astro_spatial_annotation	A-spatial-1	2006	873995d2c9cd4a90b00f3cb7e69fb446e964d6ef442b793371f74ed57df2d945	FROZEN_PACKAGE_AUDIT_INPUT	YES
research/astro_spatial_annotation/ASTRO_SPATIAL_SOURCE_REGISTRY.tsv	astro_spatial_annotation	A-spatial-1	2306	863f3c33b54cb27cc16345a5c498f9dafdf96803fb06f84dc02f4797c375494e	FROZEN_PACKAGE_AUDIT_INPUT	YES
research/astro_spatial_annotation/ASTRO_STAR_SPATIAL_DATASET.tsv	astro_spatial_annotation	A-spatial-1	6967	bcaca72c55867a264171d0cb8c7859b3c67f0ad23f403b264d39629cf20e97fc	FROZEN_PACKAGE_AUDIT_INPUT	YES
research/astro_spatial_annotation/ASTRO_STOLFI_SPATIAL_BRIDGE.tsv	astro_spatial_annotation	A-spatial-1	21735	ad884723669500b53d3b33f7b52c2521293e93a987ce4c37beac16760a7f5fd2	FROZEN_PACKAGE_AUDIT_INPUT	YES
research/astro_spatial_annotation/ASTRO_STRUCTURAL_ELIGIBILITY.md	astro_spatial_annotation	A-spatial-1	956	2715f64a440a97822c8dcb0f7907c7b1ff25f3a7d20f0cd5f71450c520612f2a	FROZEN_PACKAGE_AUDIT_INPUT	YES
research/astro_spatial_annotation/ASTRO_ZL3B_SPATIAL_BRIDGE.tsv	astro_spatial_annotation	A-spatial-1	11737	3fa93083de3969268cf0601337f5c36cb7232c37714fe7f2ee5c315b9e64cb11	FROZEN_PACKAGE_AUDIT_INPUT	YES
research/astro_spatial_annotation/SHA256SUMS	astro_spatial_annotation	A-spatial-1	1917	9e2e28cfbcce089bf7594643d7afff09bb74282c06cb9cfa597fb67d03c7ffe7	CHECKSUM_LEDGER	YES
research/astro_spatial_annotation/main.py	astro_spatial_annotation	A-spatial-1	18959	551a3ece66b7c0460af550e7b69c77eb670a0e0d60a81c2f7cf86338b449a351	FROZEN_PACKAGE_AUDIT_INPUT	YES
research/astro_spatial_annotation/manifest.json	astro_spatial_annotation	A-spatial-1	2880	2ff6b0110e46bf6259faf700963f6154019843d913db3606cd3c2a07d05d74ed	FROZEN_MANIFEST	YES
research/astro_spatial_annotation/test_main.py	astro_spatial_annotation	A-spatial-1	2349	2ba25f380251104c6d03da3b5e00712d17f8111fb57407cb1549db3f92b5a9d6	FROZEN_PACKAGE_AUDIT_INPUT	YES
research/astro_spatial_annotation_ai_b/AI_B_AGREEMENT_SUMMARY.md	astro_spatial_annotation_ai_b	AI1-frozen	3103	35576a7d4b95311af1c61d90b6b50a169d97752471f3cb1c681bf70e4ac00be4	FROZEN_PACKAGE_AUDIT_INPUT	YES
research/astro_spatial_annotation_ai_b/AI_B_A_DISAGREEMENTS.tsv	astro_spatial_annotation_ai_b	AI1-frozen	75316	fe0e1292d6ff86c08b3f6a3c9aaba7e74b0889515ab8a28824dbf7b5bd14deea	FROZEN_PACKAGE_AUDIT_INPUT	YES
research/astro_spatial_annotation_ai_b/AI_B_A_MATCH_LABELS.tsv	astro_spatial_annotation_ai_b	AI1-frozen	15790	1f916b59f54948c7c691d592289688eef91aee15c7c1bf385171b7fd548d467e	FROZEN_PAIRWISE_MATCH	YES
research/astro_spatial_annotation_ai_b/AI_B_A_MATCH_OBJECTS.tsv	astro_spatial_annotation_ai_b	AI1-frozen	38760	7a2397be93d46602a351f0559e1c7e5eded13b4598def82442991eb626c568e4	FROZEN_PAIRWISE_MATCH	YES
research/astro_spatial_annotation_ai_b/AI_B_A_RELATION_AGREEMENT.tsv	astro_spatial_annotation_ai_b	AI1-frozen	3300	9b778e2601b6799e8540dc7f6f524c68b9f44cd46e5a61ad4e7bf27a74252bbd	VERSIONED_RELATION_RECORD	YES
research/astro_spatial_annotation_ai_b/AI_B_INPUT_MANIFEST.json	astro_spatial_annotation_ai_b	AI1-frozen	2358	326e6df81c128033db02d4c8609d43c85ed0f27a5f6322c71fcf04d9e0512acf	FROZEN_MANIFEST	YES
research/astro_spatial_annotation_ai_b/AI_B_LABELS.tsv	astro_spatial_annotation_ai_b	AI1-frozen	30843	7041bdf8145743508158bf41b158491262b6b169f3e9cdb6ef6048f0948c8db6	PRIMARY_SOURCE_OBJECTS	YES
research/astro_spatial_annotation_ai_b/AI_B_LABEL_OBJECT_RELATIONS.tsv	astro_spatial_annotation_ai_b	AI1-frozen	18055	899558c7db55850b4a09ce6ae6e784a4476f8ce1bf4171f8a5e760748e188e0c	VERSIONED_RELATION_RECORD	YES
research/astro_spatial_annotation_ai_b/AI_B_MANIFEST.json	astro_spatial_annotation_ai_b	AI1-frozen	1856	134d01b3e98a6a65bdeab4a376b7d30f3aed1c0d5045f7a4ed352f4fbe43fda1	FROZEN_MANIFEST	YES
research/astro_spatial_annotation_ai_b/AI_B_OBJECTS.tsv	astro_spatial_annotation_ai_b	AI1-frozen	75010	e08e625574cdf534e67db41b4ce1f107042fdb7c10b3dadf11fe461bea7bac17	PRIMARY_SOURCE_OBJECTS	YES
research/astro_spatial_annotation_ai_b/AI_B_PRIMARY_PASS_REPORT.md	astro_spatial_annotation_ai_b	AI1-frozen	1459	3b33f4742dd28d98b30a43f8b30e3c68274c7cde0e520b844cb2d69545e4d636	FROZEN_PACKAGE_AUDIT_INPUT	YES
research/astro_spatial_annotation_ai_b/AI_B_STRUCTURAL_SENSITIVITY.tsv	astro_spatial_annotation_ai_b	AI1-frozen	637	f15bd5603b762b907d680fb69ee03ecbfbc77064b48e87ca77708a53e7735a6f	FROZEN_PACKAGE_AUDIT_INPUT	YES
research/astro_spatial_annotation_ai_b/SHA256SUMS	astro_spatial_annotation_ai_b	AI1-frozen	1091	a5cb9865c0a089f8fa591413755c12664a505d6d72709208957f758b6091eaa4	CHECKSUM_LEDGER	YES
research/astro_spatial_annotation_ai_b/package/crops/f67r1.jpg	astro_spatial_annotation_ai_b	AI1-frozen	4124555	4049ca0d5fde0d6cc45cd5a69aed3335c15a113e44caff4895ce8f42ae35746d	CANONICAL_OR_DERIVED_IMAGE	YES
research/astro_spatial_annotation_ai_b/package/crops/f67r2.jpg	astro_spatial_annotation_ai_b	AI1-frozen	4128694	ffd4e793fe08743ab0cf61213593d8df2cbf81f57195696d800743c57bde05b2	CANONICAL_OR_DERIVED_IMAGE	YES
research/astro_spatial_annotation_ai_b/package/crops/f67v1.jpg	astro_spatial_annotation_ai_b	AI1-frozen	5010883	59dce81c368aa53ea28eeea80998cd9f621dcc72a70e441099ef5b804fc213f2	CANONICAL_OR_DERIVED_IMAGE	YES
research/astro_spatial_annotation_ai_b/package/crops/f68r1.jpg	astro_spatial_annotation_ai_b	AI1-frozen	4135029	b72cc6b6ea965f144bbd9682280cbe555b39d9adb66546be6ccafc8059eb6bd6	CANONICAL_OR_DERIVED_IMAGE	YES
research/astro_spatial_annotation_ai_b/package/crops/f68r2.jpg	astro_spatial_annotation_ai_b	AI1-frozen	4188311	5d6fc428b83c3f78de088e9a780043ae6089dfbfe8ba13fe72f7a61812562c52	CANONICAL_OR_DERIVED_IMAGE	YES
research/astro_spatial_annotation_ai_b/package/crops/f68r3.jpg	astro_spatial_annotation_ai_b	AI1-frozen	6997439	ef23e7889735a656c6d2a4d8c055921d1f07c60e6083ae3a6823f57799f32fa4	CANONICAL_OR_DERIVED_IMAGE	YES
research/astro_spatial_annotation_ai_b/package/crops/f68v1.jpg	astro_spatial_annotation_ai_b	AI1-frozen	4000882	5c2615b7350d49e3f90b01563694aa43de0fe7bfc0a1556b068642613c4a5763	CANONICAL_OR_DERIVED_IMAGE	YES
research/astro_spatial_annotation_ai_b/package/crops/f68v2.jpg	astro_spatial_annotation_ai_b	AI1-frozen	3496796	4a10b81107de7cfde68e247831bd9f5ec6c9a582367e59d799776dc4bec8f4b0	CANONICAL_OR_DERIVED_IMAGE	YES
research/astro_spatial_annotation_ai_b2/AI1_AI2_LABEL_MATCH.tsv	astro_spatial_annotation_ai_b2	AI2-frozen	22685	c55ede3e14de6b497e6ef51cc99391b9019645e4e51f3e5f4ed1132f3960596d	FROZEN_PAIRWISE_MATCH	YES
research/astro_spatial_annotation_ai_b2/AI1_AI2_OBJECT_MATCH.tsv	astro_spatial_annotation_ai_b2	AI2-frozen	65306	ecb813fd94d49739fbab7a5dc57df1da13b8842d4023db64a0c56596c34bd3bb	FROZEN_PAIRWISE_MATCH	YES
research/astro_spatial_annotation_ai_b2/AI1_AI2_RELATION_AGREEMENT.tsv	astro_spatial_annotation_ai_b2	AI2-frozen	17370	e70bc6e6b66f624102aa01e5c29d51829942bb0f2c054ef4a3502d661feacf2f	VERSIONED_RELATION_RECORD	YES
research/astro_spatial_annotation_ai_b2/AI2_AGREEMENT_SUMMARY.md	astro_spatial_annotation_ai_b2	AI2-frozen	4961	99eb83cd9c7d6cd6d8aaeadb766f07a880f0043303669065aa503001a79785d2	FROZEN_PACKAGE_AUDIT_INPUT	YES
research/astro_spatial_annotation_ai_b2/AI2_INPUT_MANIFEST.json	astro_spatial_annotation_ai_b2	AI2-frozen	2996	7874fbbb267e02249defa8ed1408e455a073c7c389c0c900bdeefa353f55ea50	FROZEN_MANIFEST	YES
research/astro_spatial_annotation_ai_b2/AI2_LABELS.tsv	astro_spatial_annotation_ai_b2	AI2-frozen	38138	15a81b58bdb225588c0aab8f7c04a224f479771ca10fee2b8047b128ca3e3de1	PRIMARY_SOURCE_OBJECTS	YES
research/astro_spatial_annotation_ai_b2/AI2_LABEL_OBJECT_RELATIONS.tsv	astro_spatial_annotation_ai_b2	AI2-frozen	118452	d2fbcc6c699aecd1f6e58641f6b0e90baa1bd5902ce7e7fa1a2a331d302f1de1	VERSIONED_RELATION_RECORD	YES
research/astro_spatial_annotation_ai_b2/AI2_MANIFEST.json	astro_spatial_annotation_ai_b2	AI2-frozen	3098	936932b10a51edd25f7720d8c2d2b65b23e2cb12e54f9b52e48067763d7bf618	FROZEN_MANIFEST	YES
research/astro_spatial_annotation_ai_b2/AI2_OBJECTS.tsv	astro_spatial_annotation_ai_b2	AI2-frozen	111350	fecda1d02b7486fa40e873f2dc8e9b05dd019f524925d22d67588de197de7429	PRIMARY_SOURCE_OBJECTS	YES
research/astro_spatial_annotation_ai_b2/AI2_PRIMARY_PASS_REPORT.md	astro_spatial_annotation_ai_b2	AI2-frozen	8921	cfd5f3a85d62c51c1775e8ab94daeec952cebaa125f4b6e17f5723760328ac5a	FROZEN_PACKAGE_AUDIT_INPUT	YES
research/astro_spatial_annotation_ai_b2/AI2_STAGE1_MANIFEST.json	astro_spatial_annotation_ai_b2	AI2-frozen	375	ee76af54e4e006d01fa8caa5133d04cc3a1c89045cf273e7444fb59829808dcd	FROZEN_MANIFEST	YES
research/astro_spatial_annotation_ai_b2/AI2_STAGE2_MANIFEST.json	astro_spatial_annotation_ai_b2	AI2-frozen	252	7127bcd112add517b5c646d012b00dc509529e6f54441483546c1690999ec04c	FROZEN_MANIFEST	YES
research/astro_spatial_annotation_ai_b2/AI2_STRUCTURAL_SENSITIVITY.tsv	astro_spatial_annotation_ai_b2	AI2-frozen	1303	c39ef3028734a8d7971ba6dd6eaaf0d133a5f58966a41d22a13da040d6da9a43	FROZEN_PACKAGE_AUDIT_INPUT	YES
research/astro_spatial_annotation_ai_b2/AI_CONSENSUS_LABEL_DATASET.tsv	astro_spatial_annotation_ai_b2	AI2-frozen	12962	c965bba02193d34e06c408f10ebc038668a0cca334bb88252bf55d2f6bafa754	FROZEN_PACKAGE_AUDIT_INPUT	YES
research/astro_spatial_annotation_ai_b2/AI_CONSENSUS_STAR_DATASET.tsv	astro_spatial_annotation_ai_b2	AI2-frozen	23221	a236adb5cfcb94e3b85069a49e6c987f25f448e0c9400f27c5d25b3d85cb0a50	FROZEN_PACKAGE_AUDIT_INPUT	YES
research/astro_spatial_annotation_ai_b2/A_AI2_LABEL_MATCH.tsv	astro_spatial_annotation_ai_b2	AI2-frozen	16853	16b48fa973d0e1caf0d9a8e2ab84b8773b852c303dd2c09e9fb2c3dadbf81189	FROZEN_PAIRWISE_MATCH	YES
research/astro_spatial_annotation_ai_b2/A_AI2_OBJECT_MATCH.tsv	astro_spatial_annotation_ai_b2	AI2-frozen	48717	bb0b0f058ac15f4db7e2ffeab3cbe1805b4cd8c82d323253d54014a0fb2e1dbe	FROZEN_PAIRWISE_MATCH	YES
research/astro_spatial_annotation_ai_b2/SHA256SUMS	astro_spatial_annotation_ai_b2	AI2-frozen	1828	b6641aa026023513d66c263d52f1ef22e38d7d83ac4ab387d8c575dfdc1702c8	CHECKSUM_LEDGER	YES
research/astro_spatial_annotation_ai_b2/THREE_WAY_DISAGREEMENTS.tsv	astro_spatial_annotation_ai_b2	AI2-frozen	100439	4b625b2c05ce0a83c8759f5afb5365ca7a16a071c69194b896dd6fb8f01cb263	FROZEN_PACKAGE_AUDIT_INPUT	YES
research/astro_spatial_annotation_ai_b2/THREE_WAY_LABEL_SUPPORT.tsv	astro_spatial_annotation_ai_b2	AI2-frozen	12956	dfa48277fcd3a88fffd62e0c1750bac91cce53acb6c7a507dbacfd04048ace54	FROZEN_PACKAGE_AUDIT_INPUT	YES
research/astro_spatial_annotation_ai_b2/THREE_WAY_OBJECT_SUPPORT.tsv	astro_spatial_annotation_ai_b2	AI2-frozen	39778	42e84e9660d0f465489623d046c10782dff31ca89d0531045ffae05f9c3ce7cc	FROZEN_PACKAGE_AUDIT_INPUT	YES
research/astro_spatial_annotation_ai_b2/package/crops/f67r1.jpg	astro_spatial_annotation_ai_b2	AI2-frozen	4124555	4049ca0d5fde0d6cc45cd5a69aed3335c15a113e44caff4895ce8f42ae35746d	CANONICAL_OR_DERIVED_IMAGE	YES
research/astro_spatial_annotation_ai_b2/package/crops/f67r2.jpg	astro_spatial_annotation_ai_b2	AI2-frozen	4128694	ffd4e793fe08743ab0cf61213593d8df2cbf81f57195696d800743c57bde05b2	CANONICAL_OR_DERIVED_IMAGE	YES
research/astro_spatial_annotation_ai_b2/package/crops/f67v1.jpg	astro_spatial_annotation_ai_b2	AI2-frozen	5010883	59dce81c368aa53ea28eeea80998cd9f621dcc72a70e441099ef5b804fc213f2	CANONICAL_OR_DERIVED_IMAGE	YES
research/astro_spatial_annotation_ai_b2/package/crops/f68r1.jpg	astro_spatial_annotation_ai_b2	AI2-frozen	4135029	b72cc6b6ea965f144bbd9682280cbe555b39d9adb66546be6ccafc8059eb6bd6	CANONICAL_OR_DERIVED_IMAGE	YES
research/astro_spatial_annotation_ai_b2/package/crops/f68r2.jpg	astro_spatial_annotation_ai_b2	AI2-frozen	4188311	5d6fc428b83c3f78de088e9a780043ae6089dfbfe8ba13fe72f7a61812562c52	CANONICAL_OR_DERIVED_IMAGE	YES
research/astro_spatial_annotation_ai_b2/package/crops/f68r3.jpg	astro_spatial_annotation_ai_b2	AI2-frozen	6997439	ef23e7889735a656c6d2a4d8c055921d1f07c60e6083ae3a6823f57799f32fa4	CANONICAL_OR_DERIVED_IMAGE	YES
research/astro_spatial_annotation_ai_b2/package/crops/f68v1.jpg	astro_spatial_annotation_ai_b2	AI2-frozen	4000882	5c2615b7350d49e3f90b01563694aa43de0fe7bfc0a1556b068642613c4a5763	CANONICAL_OR_DERIVED_IMAGE	YES
research/astro_spatial_annotation_ai_b2/package/crops/f68v2.jpg	astro_spatial_annotation_ai_b2	AI2-frozen	3496796	4a10b81107de7cfde68e247831bd9f5ec6c9a582367e59d799776dc4bec8f4b0	CANONICAL_OR_DERIVED_IMAGE	YES
research/astro_spatial_human_adjudication/BUILD_SUMMARY.json	astro_spatial_human_adjudication	human-1.2/attachment-2	1017	58d007bc1930f1e1745f007895e6ea82ab35e71a2cda27fca9161bceaa6bb7b3	FROZEN_PACKAGE_AUDIT_INPUT	YES
research/astro_spatial_human_adjudication/CVAT_PROJECT_SETUP.md	astro_spatial_human_adjudication	human-1.2/attachment-2	5050	8bed6614128b0d2e149f10cd8e28c05b316e647dea237bb2665fd3a8b1dc2331	FROZEN_PACKAGE_AUDIT_INPUT	YES
research/astro_spatial_human_adjudication/CVAT_STAR_LABEL_SCHEMA.json	astro_spatial_human_adjudication	human-1.2/attachment-2	1332	c4d0735926f5fd31172e9d37596af1877dd30fafc33bcd68ffd5d21dfe5d4d6e	FROZEN_PACKAGE_AUDIT_INPUT	YES
research/astro_spatial_human_adjudication/CVAT_TEXT_LABEL_SCHEMA.json	astro_spatial_human_adjudication	human-1.2/attachment-2	1141	dc23c17add4ca56ef1f387fc6a1d6758bc07806075098fb216ff30814fdd3d87	FROZEN_PACKAGE_AUDIT_INPUT	YES
research/astro_spatial_human_adjudication/HUMAN_ADJUDICATION_GUIDE.md	astro_spatial_human_adjudication	human-1.2/attachment-2	3407	c6df8fe6ac9dccff3c9c82af25ca3a8a16d8babcf5ca1c74cbedf90265dcd240	FROZEN_PACKAGE_AUDIT_INPUT	YES
research/astro_spatial_human_adjudication/HUMAN_ADJUDICATION_PROTOCOL_FROZEN.md	astro_spatial_human_adjudication	human-1.2/attachment-2	3476	9b33c65ac744041c765ca79d748988966059c1fdfbaa7c71704aedb712cdcfa6	FROZEN_PACKAGE_AUDIT_INPUT	YES
research/astro_spatial_human_adjudication/HUMAN_ADJUDICATION_PROTOCOL_FROZEN.sha256	astro_spatial_human_adjudication	human-1.2/attachment-2	104	f7aec2ba4b6e4eb308cb5b9ea8882558e57313b0f1e9815d9b72e640f19116e1	FROZEN_PACKAGE_AUDIT_INPUT	YES
research/astro_spatial_human_adjudication/HUMAN_CALIBRATION_GUIDE.md	astro_spatial_human_adjudication	human-1.2/attachment-2	1080	479782cf52fe5587ed4599bcc0f5b506c8f32bf924519dda97378faa0ff432ee	REVIEW_PHASE_RECORD	YES
research/astro_spatial_human_adjudication/HUMAN_CALIBRATION_INGEST_VALIDATION.md	astro_spatial_human_adjudication	human-1.2/attachment-2	1734	ca9a455a4de70042423620d1f564d84a1b1078422acf320fc22ba1079cc8402b	REVIEW_PHASE_RECORD	YES
research/astro_spatial_human_adjudication/HUMAN_CALIBRATION_REPORT.md	astro_spatial_human_adjudication	human-1.2/attachment-2	3967	3bdcbf681f74ed338ca4199e6e19aafcba386ec576c1ccc9ae3ddfaf889ad7ec	REVIEW_PHASE_RECORD	YES
research/astro_spatial_human_adjudication/HUMAN_CALIBRATION_SET.tsv	astro_spatial_human_adjudication	human-1.2/attachment-2	12609	c9d15c4b00cf2517b99595d0bd006445ab6c964127fdbdb47587a74968103e93	REVIEW_PHASE_RECORD	YES
research/astro_spatial_human_adjudication/HUMAN_CANDIDATE_LABELS.tsv	astro_spatial_human_adjudication	human-1.2/attachment-2	124997	a4feff974626d7558632d897b10dd8790c9b03b8f1c5da3de3d45dc5c2cd933f	RECONCILIATION_PROVENANCE	YES
research/astro_spatial_human_adjudication/HUMAN_CANDIDATE_OBJECTS.tsv	astro_spatial_human_adjudication	human-1.2/attachment-2	319477	8fc6fd819e2e4bb8b2bf185786efb19a8bf6f7b8dc8b707cf2a8cc2dd1bb3f10	RECONCILIATION_PROVENANCE	YES
research/astro_spatial_human_adjudication/HUMAN_CANDIDATE_RELATIONS.tsv	astro_spatial_human_adjudication	human-1.2/attachment-2	109790	b942ad03c3f4904eafe0f976974bcfbe6654c1a78f714fa0137c39dd8841414d	RECONCILIATION_PROVENANCE	YES
research/astro_spatial_human_adjudication/HUMAN_CONSENSUS_QC_REPORT.md	astro_spatial_human_adjudication	human-1.2/attachment-2	1387	9cf8635c65994cd8d5f0381a222279e4cd23a017da10df22263ed8068efd28f1	REVIEW_PHASE_RECORD	YES
research/astro_spatial_human_adjudication/HUMAN_HIGH_REVIEW_REPORT.md	astro_spatial_human_adjudication	human-1.2/attachment-2	2513	a9cc4dd54d450047bd2921950505989bc57b1a20dba88e78c54cb4e78b6d5f33	REVIEW_PHASE_RECORD	YES
research/astro_spatial_human_adjudication/HUMAN_LABEL_ADJUDICATION.tsv	astro_spatial_human_adjudication	human-1.2/attachment-2	51026	759858238436ccf67f0b7bf4391d13ddc35ffc7cb0d727981836224ced0844a0	FINAL_HUMAN_DECISIONS_AND_GEOMETRY	YES
research/astro_spatial_human_adjudication/HUMAN_LABEL_CALIBRATION_FOLLOWUP.tsv	astro_spatial_human_adjudication	human-1.2/attachment-2	1518	245b1aebaf439d79e88aa430b36bc1e95273b3873239b53c58fac10661fe6253	REVIEW_PHASE_RECORD	YES
research/astro_spatial_human_adjudication/HUMAN_LABEL_OBJECT_RELATIONS.tsv	astro_spatial_human_adjudication	human-1.2/attachment-2	42971	00526ad89d5d223a89399c8dd368b7447b5c77f9b41fa8fece7fc5d32f25694b	VERSIONED_RELATION_RECORD	YES
research/astro_spatial_human_adjudication/HUMAN_LABEL_STAR_ATTACHMENT_PROTOCOL_V2.md	astro_spatial_human_adjudication	human-1.2/attachment-2	2838	9923a207c6c4b4e04cd4536ca2333131266769ea7275d1866fc622ad4436d503	VERSIONED_RELATION_RECORD	YES
research/astro_spatial_human_adjudication/HUMAN_LABEL_STAR_ATTACHMENT_PROTOCOL_V2.sha256	astro_spatial_human_adjudication	human-1.2/attachment-2	109	1075be7beb94af891db204e31fbe580e2d9691666402030e80cb6bee4c175ec4	VERSIONED_RELATION_RECORD	YES
research/astro_spatial_human_adjudication/HUMAN_LABEL_STAR_ATTACHMENT_V2_FREEZE_REPORT.md	astro_spatial_human_adjudication	human-1.2/attachment-2	1975	a06be7de4b742a522b369ff218747623616dc5aad7b7f791a2e9b1e8fb713a26	VERSIONED_RELATION_RECORD	YES
research/astro_spatial_human_adjudication/HUMAN_LABEL_STAR_ATTACHMENT_V2_GUIDE.md	astro_spatial_human_adjudication	human-1.2/attachment-2	5817	b61ba137db6270b2570555b3259301de85cd386f553f939b03ae65570e38954e	VERSIONED_RELATION_RECORD	YES
research/astro_spatial_human_adjudication/HUMAN_LABEL_STAR_ATTACHMENT_V2_INGEST_VALIDATION.md	astro_spatial_human_adjudication	human-1.2/attachment-2	2875	83985adfac48bd0fefbc1229cdcb4c35409cffa0af23c732eceef7147f870af6	VERSIONED_RELATION_RECORD	YES
research/astro_spatial_human_adjudication/HUMAN_LABEL_STAR_ATTACHMENT_V2_VALIDATION.md	astro_spatial_human_adjudication	human-1.2/attachment-2	2046	bc6b53ae0e34964cfb5eaae31c2454b350621b3b5c56c8dfbe4f8fd14bf3b82c	VERSIONED_RELATION_RECORD	YES
research/astro_spatial_human_adjudication/HUMAN_LABEL_STAR_RELATION_GUIDE.md	astro_spatial_human_adjudication	human-1.2/attachment-2	4737	0950156c5ca2e175d03e10798fbd97b93779f54c6344e2b454f4619b85054ba0	VERSIONED_RELATION_RECORD	YES
research/astro_spatial_human_adjudication/HUMAN_LABEL_STAR_RELATION_VALIDATION.md	astro_spatial_human_adjudication	human-1.2/attachment-2	2245	6c63d0553d42e191918715b18f47810ad10856d8a0b5d8cf324fd85dfbeb5b72	VERSIONED_RELATION_RECORD	YES
research/astro_spatial_human_adjudication/HUMAN_PACKAGE_VALIDATION.md	astro_spatial_human_adjudication	human-1.2/attachment-2	4698	7442cf915a6658dc5a334c3882662ab21614786316089705d7713a724824462a	FROZEN_PACKAGE_AUDIT_INPUT	YES
research/astro_spatial_human_adjudication/HUMAN_PRODUCTION_FREEZE_REPORT.md	astro_spatial_human_adjudication	human-1.2/attachment-2	2535	d3680c978df9fc32626c8fffd54efed76bae3bf24a8a22e6729dcc43aabed788	FROZEN_PACKAGE_AUDIT_INPUT	YES
research/astro_spatial_human_adjudication/HUMAN_PRODUCTION_UNREVIEWED.tsv	astro_spatial_human_adjudication	human-1.2/attachment-2	459	4c4a4eee0bb1049d2fd6c575f422b848e7e54df420ab3e01a2a431880c4676c3	FROZEN_PACKAGE_AUDIT_INPUT	YES
research/astro_spatial_human_adjudication/HUMAN_REVIEW_PRIORITY.tsv	astro_spatial_human_adjudication	human-1.2/attachment-2	71807	bccf5ae469e7390593aeb5dbb997cb2e14c8e4631cedaaf2caa038b5aca369c9	FROZEN_PACKAGE_AUDIT_INPUT	YES
research/astro_spatial_human_adjudication/HUMAN_STAR_ADJUDICATION.tsv	astro_spatial_human_adjudication	human-1.2/attachment-2	67274	997c135b3bacd529c01dcf7817be3f0471d82af63d78f991559cee3c7c09baef	FINAL_HUMAN_DECISIONS_AND_GEOMETRY	YES
research/astro_spatial_human_adjudication/IMAGE_MANIFEST.tsv	astro_spatial_human_adjudication	human-1.2/attachment-2	921	62959fc3e8a2adb818a6d8ca78f5f3d3959b13814af6dd09f1fe676a4520489c	FROZEN_PACKAGE_AUDIT_INPUT	YES
research/astro_spatial_human_adjudication/SHA256SUMS	astro_spatial_human_adjudication	human-1.2/attachment-2	63847	4203e6301cf81d2503a7027b3b0b2166b6eb295ee18dace407127352c2bce075	CHECKSUM_LEDGER	YES
research/astro_spatial_human_adjudication/candidates/README.md	astro_spatial_human_adjudication	human-1.2/attachment-2	194	d508b7ce47856a5deae25de8735b41bf9e83b899b0043c2f61d41eb3aed1a0f5	FROZEN_PACKAGE_AUDIT_INPUT	YES
research/astro_spatial_human_adjudication/cvat/label_calibration_followup_h1.xml	astro_spatial_human_adjudication	human-1.2/attachment-2	4946	998c67e9f4197d54721130740684345756d3f0087c3ade9f9a5d6a7cc659c287	FROZEN_PACKAGE_AUDIT_INPUT	YES
research/astro_spatial_human_adjudication/cvat/label_calibration_followup_h1.zip	astro_spatial_human_adjudication	human-1.2/attachment-2	1026	47316522fc43e7a296a8ad25972617a67841c7206866ce0a958760cc3194fe42	FROZEN_PACKAGE_AUDIT_INPUT	YES
research/astro_spatial_human_adjudication/cvat/label_calibration_h1.xml	astro_spatial_human_adjudication	human-1.2/attachment-2	59517	17d67d914e37347b47e363a434fe5f776c3820a73431bb40fcbc6a146db33af3	FROZEN_PACKAGE_AUDIT_INPUT	YES
research/astro_spatial_human_adjudication/cvat/label_calibration_h1.zip	astro_spatial_human_adjudication	human-1.2/attachment-2	4082	9ec8084b8aac745a8f8a8f3eefd15b7900ee3d4c902b024e605b3cc2030931a2	FROZEN_PACKAGE_AUDIT_INPUT	YES
research/astro_spatial_human_adjudication/cvat/label_consensus_qc_h1.xml	astro_spatial_human_adjudication	human-1.2/attachment-2	14058	3ab7091eab5535cd7f2e9fdd61c07fc7e7d152cff8fb51d5ddd2e07657b913c4	FROZEN_PACKAGE_AUDIT_INPUT	YES
research/astro_spatial_human_adjudication/cvat/label_consensus_qc_h1.zip	astro_spatial_human_adjudication	human-1.2/attachment-2	1670	78873f7338ab283951765b41569d8be8f028aea74bb5aee50a5ca7575ed8c2bf	FROZEN_PACKAGE_AUDIT_INPUT	YES
research/astro_spatial_human_adjudication/cvat/label_consensus_qc_pending_h1.xml	astro_spatial_human_adjudication	human-1.2/attachment-2	4313	335d801d4e4cce73c20a9d138e1d54e85e17702ceee5ef566ca3bb0d812c8666	FROZEN_PACKAGE_AUDIT_INPUT	YES
research/astro_spatial_human_adjudication/cvat/label_consensus_qc_pending_h1.zip	astro_spatial_human_adjudication	human-1.2/attachment-2	986	e22ddd4f56be4afda67241f4a5095d83c64af7a9d561abd2490f45a868ec56ad	FROZEN_PACKAGE_AUDIT_INPUT	YES
research/astro_spatial_human_adjudication/cvat/label_high_h1.xml	astro_spatial_human_adjudication	human-1.2/attachment-2	167550	8c00f421181f8fc1b64b0ab45046ced38bf4047b4dae305692a8c68060d01ff6	FROZEN_PACKAGE_AUDIT_INPUT	YES
research/astro_spatial_human_adjudication/cvat/label_high_h1.zip	astro_spatial_human_adjudication	human-1.2/attachment-2	9819	795813162e5ffcfb0346281961cdbba8b471bbd9db1e45e1560e15635ec423b3	FROZEN_PACKAGE_AUDIT_INPUT	YES
research/astro_spatial_human_adjudication/cvat/label_medium_pending_h1.xml	astro_spatial_human_adjudication	human-1.2/attachment-2	6760	9b3b49896bd6d1c14b376312dc1e19e409581db3643cdd7094429777dd1968f2	FROZEN_PACKAGE_AUDIT_INPUT	YES
research/astro_spatial_human_adjudication/cvat/label_medium_pending_h1.zip	astro_spatial_human_adjudication	human-1.2/attachment-2	1181	632d1bcfc323e7f7c839e878dd64deafef7834bc7c8b22eb8ad95e6506f73bd6	FROZEN_PACKAGE_AUDIT_INPUT	YES
research/astro_spatial_human_adjudication/cvat/star_calibration_h1.xml	astro_spatial_human_adjudication	human-1.2/attachment-2	88457	c7470292a75d81ad090823392126f734730bfac3dd27e28b92db241bc4838bdb	FROZEN_PACKAGE_AUDIT_INPUT	YES
research/astro_spatial_human_adjudication/cvat/star_calibration_h1.zip	astro_spatial_human_adjudication	human-1.2/attachment-2	6745	641858f646a747b17318958cc9821937ee0616cd9091203fa06739376934ea57	FROZEN_PACKAGE_AUDIT_INPUT	YES
research/astro_spatial_human_adjudication/cvat/star_consensus_qc_h1.xml	astro_spatial_human_adjudication	human-1.2/attachment-2	17365	785f7f58551b682a8570254df4b08ef87c2502361e36a25c3e527912d360b5b9	FROZEN_PACKAGE_AUDIT_INPUT	YES
research/astro_spatial_human_adjudication/cvat/star_consensus_qc_h1.zip	astro_spatial_human_adjudication	human-1.2/attachment-2	2070	c380442b824073dd45ab7c4acc46ea51ad026e0d195f4b9360bc9713b4070c96	FROZEN_PACKAGE_AUDIT_INPUT	YES
research/astro_spatial_human_adjudication/cvat/star_consensus_qc_pending_h1.xml	astro_spatial_human_adjudication	human-1.2/attachment-2	6238	d9fcead0d82924f4d2b9254c1f8690e8c4b328378cfc9a6b0eb4a3dc861ba256	FROZEN_PACKAGE_AUDIT_INPUT	YES
research/astro_spatial_human_adjudication/cvat/star_consensus_qc_pending_h1.zip	astro_spatial_human_adjudication	human-1.2/attachment-2	1135	f9d9ca60d6e4c7783ed32a0f73171bcac5115f76d9fae08133fae9f1e8d6e55a	FROZEN_PACKAGE_AUDIT_INPUT	YES
research/astro_spatial_human_adjudication/cvat/star_high_h1.xml	astro_spatial_human_adjudication	human-1.2/attachment-2	161626	000d8834b3caeeaa09cc1c11207c99a071b322f18460073659bc2d759a5dc03b	FROZEN_PACKAGE_AUDIT_INPUT	YES
research/astro_spatial_human_adjudication/cvat/star_high_h1.zip	astro_spatial_human_adjudication	human-1.2/attachment-2	12446	27cd2026c60b169d87c1b710871b283b8a0aa046d6e28e2d1e9d93bc5e67aa44	FROZEN_PACKAGE_AUDIT_INPUT	YES
research/astro_spatial_human_adjudication/cvat/star_medium_pending_h1.xml	astro_spatial_human_adjudication	human-1.2/attachment-2	13227	efa84e35161e2bc9d3af50dfaaf84ea7dd37bcfd5b91d06a31aff3d51c86bc00	FROZEN_PACKAGE_AUDIT_INPUT	YES
research/astro_spatial_human_adjudication/cvat/star_medium_pending_h1.zip	astro_spatial_human_adjudication	human-1.2/attachment-2	1723	609e63a1ad0b30fdbd5f260b4f4649f0ccea64bb31b43179345e567b7493ac07	FROZEN_PACKAGE_AUDIT_INPUT	YES
research/astro_spatial_human_adjudication/exports/HUMAN_CALIBRATION_AGREEMENT_METRICS.json	astro_spatial_human_adjudication	human-1.2/attachment-2	709	629a2a621aab45cf1024d94990f8bbda76bd2b4db24e5659e61b93c2cec7f832	REVIEW_PHASE_RECORD	YES
research/astro_spatial_human_adjudication/exports/HUMAN_CONSENSUS_QC_METRICS.json	astro_spatial_human_adjudication	human-1.2/attachment-2	673	aba65e4c0e2812330460dcbc1433faebdffee56ed7fca62c84df4eaf477eb853	REVIEW_PHASE_RECORD	YES
research/astro_spatial_human_adjudication/exports/HUMAN_HIGH_AGREEMENT_METRICS.json	astro_spatial_human_adjudication	human-1.2/attachment-2	700	f7e9722c8b24ad82844cc8e23167df186a59da28b3c73560d3ffe85b32f29dce	REVIEW_PHASE_RECORD	YES
research/astro_spatial_human_adjudication/exports/HUMAN_HIGH_REVIEW_OVERRIDES_R01.tsv	astro_spatial_human_adjudication	human-1.2/attachment-2	739	e1dade2c1d84401ab757afe20f5275b362b43af1d01421387fd2841607e2287d	REVIEW_PHASE_RECORD	YES
research/astro_spatial_human_adjudication/exports/HUMAN_LABEL_CALIBRATION_R01_FINAL.tsv	astro_spatial_human_adjudication	human-1.2/attachment-2	16209	739d9976fa399865cc632ad7adc902327e0f8a6564c54f87f2b56906608d2166	REVIEW_PHASE_RECORD	YES
research/astro_spatial_human_adjudication/exports/HUMAN_LABEL_CALIBRATION_R01_PARTIAL.tsv	astro_spatial_human_adjudication	human-1.2/attachment-2	16215	0ab393b4b54fb444d1732bd59a2b42644ffd36504e8d20427ecfda5408a1adb3	REVIEW_PHASE_RECORD	YES
research/astro_spatial_human_adjudication/exports/HUMAN_LABEL_CALIBRATION_RING_FOLLOWUP_R01.tsv	astro_spatial_human_adjudication	human-1.2/attachment-2	735	9b570b038b5de1f99c85838be4dc04a122c62604540e0d5bf6977a7e34b8343b	REVIEW_PHASE_RECORD	YES
research/astro_spatial_human_adjudication/exports/HUMAN_LABEL_CONSENSUS_QC_R01_AS_EXPORTED.tsv	astro_spatial_human_adjudication	human-1.2/attachment-2	554	f795dbdd0a908bae00087192e65bfd6fd3c778f77bbb7da9e4e24aa4e89a291a	REVIEW_PHASE_RECORD	YES
research/astro_spatial_human_adjudication/exports/HUMAN_LABEL_CONSENSUS_QC_R01_FINAL.tsv	astro_spatial_human_adjudication	human-1.2/attachment-2	554	f795dbdd0a908bae00087192e65bfd6fd3c778f77bbb7da9e4e24aa4e89a291a	REVIEW_PHASE_RECORD	YES
research/astro_spatial_human_adjudication/exports/HUMAN_LABEL_HIGH_R01_AS_EXPORTED.tsv	astro_spatial_human_adjudication	human-1.2/attachment-2	47305	89e8683fb4fd805a62a9d06f992d554225308a315d051912c96ef0e565d20bc5	REVIEW_PHASE_RECORD	YES
research/astro_spatial_human_adjudication/exports/HUMAN_LABEL_HIGH_R01_FINAL.tsv	astro_spatial_human_adjudication	human-1.2/attachment-2	47746	0d60f1ac2b130b083cd58da9eb7fbfee83339444e065c375492ac4ee6c5b1b4a	REVIEW_PHASE_RECORD	YES
research/astro_spatial_human_adjudication/exports/HUMAN_LABEL_MEDIUM_R01.tsv	astro_spatial_human_adjudication	human-1.2/attachment-2	1268	3e1d637802f2c9c38d1ca601c17c9c9d1bc426391be0247f1e6ab3c8108be5a5	REVIEW_PHASE_RECORD	YES
research/astro_spatial_human_adjudication/exports/HUMAN_LABEL_STAR_ATTACHMENT_V2_F68V2_R01.tsv	astro_spatial_human_adjudication	human-1.2/attachment-2	3977	bed8808d73ec8e4cf3aa259a926a45a3f0908c0f065a846495577b93be3ab184	VERSIONED_RELATION_RECORD	YES
research/astro_spatial_human_adjudication/exports/HUMAN_LABEL_STAR_ATTACHMENT_V2_FINAL_R01.tsv	astro_spatial_human_adjudication	human-1.2/attachment-2	42971	00526ad89d5d223a89399c8dd368b7447b5c77f9b41fa8fece7fc5d32f25694b	VERSIONED_RELATION_RECORD	YES
research/astro_spatial_human_adjudication/exports/HUMAN_LABEL_STAR_ATTACHMENT_V2_MAIN_R01.tsv	astro_spatial_human_adjudication	human-1.2/attachment-2	12751	48cb529988a326b20c5ed44abbbcb0455c6bf684952acbfb5efae4db2d4062d8	VERSIONED_RELATION_RECORD	YES
research/astro_spatial_human_adjudication/exports/HUMAN_LABEL_STAR_ATTACHMENT_V2_METRICS.json	astro_spatial_human_adjudication	human-1.2/attachment-2	866	ff3b9789d9fc19c59a0e86434cd361c358fdddd863a59d1468a4d48e0edfb5f0	VERSIONED_RELATION_RECORD	YES
research/astro_spatial_human_adjudication/exports/HUMAN_LABEL_STAR_ATTACHMENT_V2_REVIEWER_OVERRIDES_R01.tsv	astro_spatial_human_adjudication	human-1.2/attachment-2	203	054337d40f6353405a637070d353030c2935425f9e9d4b6468a49c39e100cedf	VERSIONED_RELATION_RECORD	YES
research/astro_spatial_human_adjudication/exports/HUMAN_PRODUCTION_AGREEMENT_METRICS.json	astro_spatial_human_adjudication	human-1.2/attachment-2	699	e8882d33c0e522579ea145465cf83d1976915338fe2388a8130409d9578744ae	FROZEN_PACKAGE_AUDIT_INPUT	YES
research/astro_spatial_human_adjudication/exports/HUMAN_STAR_CALIBRATION_R01.tsv	astro_spatial_human_adjudication	human-1.2/attachment-2	31345	4625f614c9a1c115db95dcbfd3e8e5034a1ec6fd9b028b2d8ae82895446fe84c	REVIEW_PHASE_RECORD	YES
research/astro_spatial_human_adjudication/exports/HUMAN_STAR_CONSENSUS_QC_R01_AS_EXPORTED.tsv	astro_spatial_human_adjudication	human-1.2/attachment-2	1204	484f7dc65a5a2ef983b5e3627ec146301d48c18d39b93de4e55cd95ae5068354	REVIEW_PHASE_RECORD	YES
research/astro_spatial_human_adjudication/exports/HUMAN_STAR_CONSENSUS_QC_R01_FINAL.tsv	astro_spatial_human_adjudication	human-1.2/attachment-2	1204	e6957ae79b41b4f4d58823c431371ce6e1011550acdb69f1facc37748801baaf	REVIEW_PHASE_RECORD	YES
research/astro_spatial_human_adjudication/exports/HUMAN_STAR_HIGH_R01_AS_EXPORTED.tsv	astro_spatial_human_adjudication	human-1.2/attachment-2	58303	47983cd0af9602fe147b8cbee9b1a04b5342aded46aa8184707f918020e6aff1	REVIEW_PHASE_RECORD	YES
research/astro_spatial_human_adjudication/exports/HUMAN_STAR_HIGH_R01_FINAL.tsv	astro_spatial_human_adjudication	human-1.2/attachment-2	58385	205242ffc83d6eeefe5f4435eeb18284640f74450c14847f3883a707ca87d6fa	REVIEW_PHASE_RECORD	YES
research/astro_spatial_human_adjudication/exports/HUMAN_STAR_MEDIUM_R01.tsv	astro_spatial_human_adjudication	human-1.2/attachment-2	3758	0fbae3d0b0f412a7443e582213e0cf8c5cd7d549597243fb8807f87d2963d907	REVIEW_PHASE_RECORD	YES
research/astro_spatial_human_adjudication/exports/README.md	astro_spatial_human_adjudication	human-1.2/attachment-2	1318	74fec576fc831c511558d6fc1be8e4af3e705bf4a09fabe5ceaee18d26478527	FROZEN_PACKAGE_AUDIT_INPUT	YES
research/astro_spatial_human_adjudication/exports/job_16_annotations_2026_09_14_10_16_23_cvat for images 1.1.zip	astro_spatial_human_adjudication	human-1.2/attachment-2	116201	4f86c03628c406d38646c807584562c9ac4a21586c0dd250176db767795a89d9	FROZEN_PACKAGE_AUDIT_INPUT	YES
research/astro_spatial_human_adjudication/exports/job_17_annotations_2026_09_14_10_51_55_cvat for images 1.1.zip	astro_spatial_human_adjudication	human-1.2/attachment-2	39265	cf10f41adc22949708ca0f808a51b8dd5d721de12758f0a4c863b2bff4e0c3dd	FROZEN_PACKAGE_AUDIT_INPUT	YES
research/astro_spatial_human_adjudication/exports/job_3_annotations_2026_09_03_10_20_31_cvat for images 1.1.zip	astro_spatial_human_adjudication	human-1.2/attachment-2	81030	6177908d260d375cd3aa9f7c6668846cd04be1ac381b81462651943f820a05e9	FROZEN_PACKAGE_AUDIT_INPUT	YES
research/astro_spatial_human_adjudication/exports/star_calibration_reviewed_R01.xml	astro_spatial_human_adjudication	human-1.2/attachment-2	80902	e14d4b241e517214694872535466de9f9c42762fb30bed3fdb5f9841c85de170	FROZEN_PACKAGE_AUDIT_INPUT	YES
research/astro_spatial_human_adjudication/exports/task_10_annotations_2026_09_12_13_43_37_cvat for images 1.1.zip	astro_spatial_human_adjudication	human-1.2/attachment-2	5180	7d6a8afcb52663d633b6252f1aa5a9e9dfe1adf641a15ed83e4d30eb824e6838	FROZEN_PACKAGE_AUDIT_INPUT	YES
research/astro_spatial_human_adjudication/exports/task_11_annotations_2026_09_12_13_48_52_cvat for images 1.1.zip	astro_spatial_human_adjudication	human-1.2/attachment-2	6855	d754ed8dc72d5473aca9bf75471c2898a84e86ac4143b586a95b1e4d6ec32e91	FROZEN_PACKAGE_AUDIT_INPUT	YES
research/astro_spatial_human_adjudication/exports/task_12_annotations_2026_09_13_10_53_04_cvat for images 1.1.zip	astro_spatial_human_adjudication	human-1.2/attachment-2	13173	371c737b4283b464098bf107d6b856c37c2c1d917d5bcd59c7e6f1ab9f7a4f1a	FROZEN_PACKAGE_AUDIT_INPUT	YES
research/astro_spatial_human_adjudication/exports/task_13_annotations_2026_09_13_11_00_30_cvat for images 1.1.zip	astro_spatial_human_adjudication	human-1.2/attachment-2	7580	e3fe9e9dc2e044d43d10b4ee17a6ef71606a0c476b973b02e704d3addefe7bf3	FROZEN_PACKAGE_AUDIT_INPUT	YES
research/astro_spatial_human_adjudication/exports/task_6_annotations_2026_09_10_15_21_44_cvat for images 1.1.zip	astro_spatial_human_adjudication	human-1.2/attachment-2	58095	a4dd61c5b44acd68ec3b4967c85ca32cf8d01a0846f65798cf19cfa180385fec	FROZEN_PACKAGE_AUDIT_INPUT	YES
research/astro_spatial_human_adjudication/exports/task_7_annotations_2026_09_10_16_40_41_cvat for images 1.1.zip	astro_spatial_human_adjudication	human-1.2/attachment-2	5738	f9bf50dfbc0d8f6a46367623468e85a5f21721009681b5648115dd5bd99cf238	FROZEN_PACKAGE_AUDIT_INPUT	YES
research/astro_spatial_human_adjudication/exports/task_8_annotations_2026_09_12_10_59_03_cvat for images 1.1.zip	astro_spatial_human_adjudication	human-1.2/attachment-2	147156	e2094ff606f18d6fce510ca5f190289ffa9967676a64bb4c29555fd83e5d64bc	FROZEN_PACKAGE_AUDIT_INPUT	YES
research/astro_spatial_human_adjudication/exports/task_9_annotations_2026_09_12_13_21_49_cvat for images 1.1.zip	astro_spatial_human_adjudication	human-1.2/attachment-2	163176	1cbe8eeba9747b36641d20eebeb70f7c9bf02979a162d33334c5b9bddef49dd0	FROZEN_PACKAGE_AUDIT_INPUT	YES
research/astro_spatial_human_adjudication/images/f67r1.jpg	astro_spatial_human_adjudication	human-1.2/attachment-2	4124555	4049ca0d5fde0d6cc45cd5a69aed3335c15a113e44caff4895ce8f42ae35746d	CANONICAL_OR_DERIVED_IMAGE	YES
research/astro_spatial_human_adjudication/images/f67r2.jpg	astro_spatial_human_adjudication	human-1.2/attachment-2	4128694	ffd4e793fe08743ab0cf61213593d8df2cbf81f57195696d800743c57bde05b2	CANONICAL_OR_DERIVED_IMAGE	YES
research/astro_spatial_human_adjudication/images/f67v1.jpg	astro_spatial_human_adjudication	human-1.2/attachment-2	5010883	59dce81c368aa53ea28eeea80998cd9f621dcc72a70e441099ef5b804fc213f2	CANONICAL_OR_DERIVED_IMAGE	YES
research/astro_spatial_human_adjudication/images/f68r1.jpg	astro_spatial_human_adjudication	human-1.2/attachment-2	4135029	b72cc6b6ea965f144bbd9682280cbe555b39d9adb66546be6ccafc8059eb6bd6	CANONICAL_OR_DERIVED_IMAGE	YES
research/astro_spatial_human_adjudication/images/f68r2.jpg	astro_spatial_human_adjudication	human-1.2/attachment-2	4188311	5d6fc428b83c3f78de088e9a780043ae6089dfbfe8ba13fe72f7a61812562c52	CANONICAL_OR_DERIVED_IMAGE	YES
research/astro_spatial_human_adjudication/images/f68r3.jpg	astro_spatial_human_adjudication	human-1.2/attachment-2	6997439	ef23e7889735a656c6d2a4d8c055921d1f07c60e6083ae3a6823f57799f32fa4	CANONICAL_OR_DERIVED_IMAGE	YES
research/astro_spatial_human_adjudication/images/f68v1.jpg	astro_spatial_human_adjudication	human-1.2/attachment-2	4000882	5c2615b7350d49e3f90b01563694aa43de0fe7bfc0a1556b068642613c4a5763	CANONICAL_OR_DERIVED_IMAGE	YES
research/astro_spatial_human_adjudication/images/f68v2.jpg	astro_spatial_human_adjudication	human-1.2/attachment-2	3496796	4a10b81107de7cfde68e247831bd9f5ec6c9a582367e59d799776dc4bec8f4b0	CANONICAL_OR_DERIVED_IMAGE	YES
research/astro_spatial_human_adjudication/instructions/README.md	astro_spatial_human_adjudication	human-1.2/attachment-2	193	2e04162a081ffdb5f3d40a5770dfeeab446cffc5afbaeca68300e8d7fd28086a	FROZEN_PACKAGE_AUDIT_INPUT	YES
research/astro_spatial_human_adjudication/manifest.json	astro_spatial_human_adjudication	human-1.2/attachment-2	100073	b61baab8160fe0f1d5e721aaaea8ef57d47eb02cec642cb6654cc1732a95b1fb	FROZEN_MANIFEST	YES
research/astro_spatial_human_adjudication/relations/CVAT_LABEL_STAR_RELATION_SCHEMA.json	astro_spatial_human_adjudication	human-1.2/attachment-2	2948	c51bd212c6275d58d2f5ac4356620d0040a674e234145e1e211c7aa58229c192	VERSIONED_RELATION_RECORD	YES
research/astro_spatial_human_adjudication/relations/LABEL_STAR_RELATIONS_IMAGES.zip	astro_spatial_human_adjudication	human-1.2/attachment-2	630381140	66c7b9374d6e93eb607d0506512d2654763c57a1d6ada73ec2f01c23c8ea5a5d	VERSIONED_RELATION_RECORD	YES
research/astro_spatial_human_adjudication/relations/LABEL_STAR_RELATION_EXCLUSIONS.tsv	astro_spatial_human_adjudication	human-1.2/attachment-2	32149	aefaadfa55ab7dd6bc053b2e7a9ca7e2bfbe9108125f57605780f0f8fd0c20d1	VERSIONED_RELATION_RECORD	YES
research/astro_spatial_human_adjudication/relations/LABEL_STAR_RELATION_QUEUE.tsv	astro_spatial_human_adjudication	human-1.2/attachment-2	36816	89509a5abf898a91c49f2475a3507bf78fc79c936fbb9e1782b0ad610c476b06	VERSIONED_RELATION_RECORD	YES
research/astro_spatial_human_adjudication/relations/RELATIONS_MANIFEST.json	astro_spatial_human_adjudication	human-1.2/attachment-2	95778	65288d45bc0063646187183c9228e2bc618f127e84732567c2a3ee3502427454	FROZEN_MANIFEST	YES
research/astro_spatial_human_adjudication/relations/cvat/label_star_relations_h1.xml	astro_spatial_human_adjudication	human-1.2/attachment-2	444023	a74ca9f2ddfb11bf6a27f2413084dd47fc6dda923674297a54a5f1b0835d0153	FROZEN_PACKAGE_AUDIT_INPUT	YES
research/astro_spatial_human_adjudication/relations/cvat/label_star_relations_h1.zip	astro_spatial_human_adjudication	human-1.2/attachment-2	32810	532e57aae0a21b071e53abd4628c03409de58c18d35aba04a6a9919b48d98a4d	FROZEN_PACKAGE_AUDIT_INPUT	YES
research/astro_spatial_human_adjudication/relations/images/HREL_010769343D76.png	astro_spatial_human_adjudication	human-1.2/attachment-2	1621618	500808383564e06f945d0614f454ef66059c7b55a5c4082659dc04983e201cc0	CANONICAL_OR_DERIVED_IMAGE	YES
research/astro_spatial_human_adjudication/relations/images/HREL_02F57EA45C41.png	astro_spatial_human_adjudication	human-1.2/attachment-2	7481185	f74c73980e3cbb1a85f53f98f4e3b4cd72fb32264c51ab5ae25d96c9ae7bd42c	CANONICAL_OR_DERIVED_IMAGE	YES
research/astro_spatial_human_adjudication/relations/images/HREL_0380F95231D5.png	astro_spatial_human_adjudication	human-1.2/attachment-2	2538818	2aca705478d8a84904e99752f4e4d0e6587a51902d9f3b916199d1a9abf27afa	CANONICAL_OR_DERIVED_IMAGE	YES
research/astro_spatial_human_adjudication/relations/images/HREL_0444D7FF2F71.png	astro_spatial_human_adjudication	human-1.2/attachment-2	1124802	88e2d813c40a874911db3ccd1dd4666ba6018e511ec21232a66b272117d0cbee	CANONICAL_OR_DERIVED_IMAGE	YES
research/astro_spatial_human_adjudication/relations/images/HREL_04969FAB8690.png	astro_spatial_human_adjudication	human-1.2/attachment-2	2170160	4f18450360a2c49d1c57926bdc7164f525228adf8548c5dd399a6f55d38c8744	CANONICAL_OR_DERIVED_IMAGE	YES
research/astro_spatial_human_adjudication/relations/images/HREL_053DFC9161E1.png	astro_spatial_human_adjudication	human-1.2/attachment-2	3214640	02aa8653d8a7f8785d82607f027cdce2fe61b1ca62f6a5f81a0fa539dd87f8f7	CANONICAL_OR_DERIVED_IMAGE	YES
research/astro_spatial_human_adjudication/relations/images/HREL_0576DFF210B1.png	astro_spatial_human_adjudication	human-1.2/attachment-2	1089867	2dd90ec8a637a6474b3fcb236ab9f6357786a1377e293b99db0a9afdff271565	CANONICAL_OR_DERIVED_IMAGE	YES
research/astro_spatial_human_adjudication/relations/images/HREL_0601823D5197.png	astro_spatial_human_adjudication	human-1.2/attachment-2	904793	6bcc083609b12fd21154af1db4cb02955f60b1fb2ae74d0fcd14b88801009ef9	CANONICAL_OR_DERIVED_IMAGE	YES
research/astro_spatial_human_adjudication/relations/images/HREL_062C38607772.png	astro_spatial_human_adjudication	human-1.2/attachment-2	1185308	736b5178b9a1e009aa75580bce012eeaa1e7638ebac0c47767d753f0f83f4e71	CANONICAL_OR_DERIVED_IMAGE	YES
research/astro_spatial_human_adjudication/relations/images/HREL_070CDBB7280B.png	astro_spatial_human_adjudication	human-1.2/attachment-2	1415209	d2bda50b2c6a95cd411d9c94162431e48130256cb6b20bd26429ee144698fb50	CANONICAL_OR_DERIVED_IMAGE	YES
research/astro_spatial_human_adjudication/relations/images/HREL_07924C4A15D6.png	astro_spatial_human_adjudication	human-1.2/attachment-2	1175940	7938b6cae246c08e518513f2be73ff7246dd7be732bdab5ecbe045d0e66b5f93	CANONICAL_OR_DERIVED_IMAGE	YES
research/astro_spatial_human_adjudication/relations/images/HREL_07C9FE9E9C9C.png	astro_spatial_human_adjudication	human-1.2/attachment-2	1668520	0804615c0a40d6b3a42d83e7aad0de863d13ce330fa4278095a8876dc2eeab3e	CANONICAL_OR_DERIVED_IMAGE	YES
research/astro_spatial_human_adjudication/relations/images/HREL_080AF5D80554.png	astro_spatial_human_adjudication	human-1.2/attachment-2	1095551	0519fa729c15b5581dfad03b74b71677c942a07ca899c077cd2236eed2b3b499	CANONICAL_OR_DERIVED_IMAGE	YES
research/astro_spatial_human_adjudication/relations/images/HREL_08CEA4C75079.png	astro_spatial_human_adjudication	human-1.2/attachment-2	943075	2f0e9b6e82c93315296cd2cff84e4ff3d7d34e654e37741a85eaa71a45ac8aea	CANONICAL_OR_DERIVED_IMAGE	YES
research/astro_spatial_human_adjudication/relations/images/HREL_08FADE70CB93.png	astro_spatial_human_adjudication	human-1.2/attachment-2	874090	85291e72d64d6b7ef50b00ba1322fb5fde84702ecd38a94c3db107de193c7764	CANONICAL_OR_DERIVED_IMAGE	YES
research/astro_spatial_human_adjudication/relations/images/HREL_0989231B630C.png	astro_spatial_human_adjudication	human-1.2/attachment-2	885617	592564233b885f0f9735f3f2bcfada41ca2c11515c939045e3cf929b07eb9a5e	CANONICAL_OR_DERIVED_IMAGE	YES
research/astro_spatial_human_adjudication/relations/images/HREL_0A661693F295.png	astro_spatial_human_adjudication	human-1.2/attachment-2	1073880	7669250802846e55d5c5505b0fcc298be9cfe6877d8a0577bffac0875e754516	CANONICAL_OR_DERIVED_IMAGE	YES
research/astro_spatial_human_adjudication/relations/images/HREL_0AC8D10EFBA8.png	astro_spatial_human_adjudication	human-1.2/attachment-2	1929436	f8bd37c26db939eed732eb27ac2f6fa53debf70b6eb5280de97c4c871d56523b	CANONICAL_OR_DERIVED_IMAGE	YES
research/astro_spatial_human_adjudication/relations/images/HREL_0AFF80A99118.png	astro_spatial_human_adjudication	human-1.2/attachment-2	1832968	17a2ed08f01553d8a53073fd6988be8415795d2ad7b14c439abc33be9e8d0a8c	CANONICAL_OR_DERIVED_IMAGE	YES
research/astro_spatial_human_adjudication/relations/images/HREL_0B76AF0D052F.png	astro_spatial_human_adjudication	human-1.2/attachment-2	2236644	c6d25d4c033dd109e8f2bbbf1b6faad3f9e8a8195c35d7b0397e2071a2dc25d4	CANONICAL_OR_DERIVED_IMAGE	YES
research/astro_spatial_human_adjudication/relations/images/HREL_0C19F8B26778.png	astro_spatial_human_adjudication	human-1.2/attachment-2	1306013	421f7cc7ade8eec677137814605c708fbe7cce875b0ec1f7490ec7154765aa9e	CANONICAL_OR_DERIVED_IMAGE	YES
research/astro_spatial_human_adjudication/relations/images/HREL_0CF0D6D15E20.png	astro_spatial_human_adjudication	human-1.2/attachment-2	1053174	5bfccd611e0d02b77ddd1f4326ff209d2eea8bbb452ce83ccfee7226434a855f	CANONICAL_OR_DERIVED_IMAGE	YES
research/astro_spatial_human_adjudication/relations/images/HREL_0D2093F31CC8.png	astro_spatial_human_adjudication	human-1.2/attachment-2	1405940	18064b8d06deb18c9ee51dfb4ce27519896fda84f75e097847f0d940cf4682fe	CANONICAL_OR_DERIVED_IMAGE	YES
research/astro_spatial_human_adjudication/relations/images/HREL_0E468A25C12C.png	astro_spatial_human_adjudication	human-1.2/attachment-2	1315079	a95fac89e8845bd48714bbbc064fb35f8c845d9c607dcfae6e90d9bdbe50f733	CANONICAL_OR_DERIVED_IMAGE	YES
research/astro_spatial_human_adjudication/relations/images/HREL_0E6825765E5F.png	astro_spatial_human_adjudication	human-1.2/attachment-2	1090802	b4bdbe8788046489b158fc3cd273c8344c90395d93c9b077163e308e7f05c29d	CANONICAL_OR_DERIVED_IMAGE	YES
research/astro_spatial_human_adjudication/relations/images/HREL_0E820FDD8856.png	astro_spatial_human_adjudication	human-1.2/attachment-2	2822845	f2c5ecf3ca872235fd9d4c75475c890b4dabe610356f004f954ba9b02848a238	CANONICAL_OR_DERIVED_IMAGE	YES
research/astro_spatial_human_adjudication/relations/images/HREL_0EAF0EFD7A0F.png	astro_spatial_human_adjudication	human-1.2/attachment-2	3963933	f0bb99c91982c549c59961051cfd24c53eed9298e77aa70c387b6c83f175aa2a	CANONICAL_OR_DERIVED_IMAGE	YES
research/astro_spatial_human_adjudication/relations/images/HREL_0FC333E5212B.png	astro_spatial_human_adjudication	human-1.2/attachment-2	1163314	62bce3ca7fc9d4d89df0591117301d76d361bf062613f863097c537fafcc22fa	CANONICAL_OR_DERIVED_IMAGE	YES
research/astro_spatial_human_adjudication/relations/images/HREL_0FCE58748C19.png	astro_spatial_human_adjudication	human-1.2/attachment-2	934802	cebebdb6b26ed0bcdfae15c7766e0a51f7df189a36db806eae4450e951e525a7	CANONICAL_OR_DERIVED_IMAGE	YES
research/astro_spatial_human_adjudication/relations/images/HREL_10FB1C572505.png	astro_spatial_human_adjudication	human-1.2/attachment-2	1215918	1332955fe6960e039e513626f5895656532f472daac270b154daadb8ca22787e	CANONICAL_OR_DERIVED_IMAGE	YES
research/astro_spatial_human_adjudication/relations/images/HREL_1149A2EB5587.png	astro_spatial_human_adjudication	human-1.2/attachment-2	2869013	cbd4775bca7f6b9a980dc411d94bb1a097be624ab1d625034ae2bba54dc8ddeb	CANONICAL_OR_DERIVED_IMAGE	YES
research/astro_spatial_human_adjudication/relations/images/HREL_117FCF5B2D92.png	astro_spatial_human_adjudication	human-1.2/attachment-2	1747612	385a62c093b5c78f062420724c5fbd28fb2f1cf795d32bf32ab6ea0d91a02ae5	CANONICAL_OR_DERIVED_IMAGE	YES
research/astro_spatial_human_adjudication/relations/images/HREL_118FB3814811.png	astro_spatial_human_adjudication	human-1.2/attachment-2	3252267	68c80b01443afd56a1c33f8d95c5c51ff1438c09653f8d4e050465b885d4a7cb	CANONICAL_OR_DERIVED_IMAGE	YES
research/astro_spatial_human_adjudication/relations/images/HREL_1330529DA084.png	astro_spatial_human_adjudication	human-1.2/attachment-2	1599980	01acbc29bafce64d7017e96c9c9efefc3d1bc427727e06dc8ffcd62e128542e3	CANONICAL_OR_DERIVED_IMAGE	YES
research/astro_spatial_human_adjudication/relations/images/HREL_135E6853FD38.png	astro_spatial_human_adjudication	human-1.2/attachment-2	933035	48b98819951bc8d64e8492bc73a44c80a47849730fe96f912f47bae73fdf6e3b	CANONICAL_OR_DERIVED_IMAGE	YES
research/astro_spatial_human_adjudication/relations/images/HREL_137484BA35C0.png	astro_spatial_human_adjudication	human-1.2/attachment-2	1438897	0cd9f6b52d17f678fffb923f3ce471bcf0f8ad83572efa468c9db6c66414e186	CANONICAL_OR_DERIVED_IMAGE	YES
research/astro_spatial_human_adjudication/relations/images/HREL_1653FDC18A0D.png	astro_spatial_human_adjudication	human-1.2/attachment-2	938290	b673ee8eabe0faccac46c434902724b03db84cee2cd446f79883e7c72c164742	CANONICAL_OR_DERIVED_IMAGE	YES
research/astro_spatial_human_adjudication/relations/images/HREL_1684618424C5.png	astro_spatial_human_adjudication	human-1.2/attachment-2	1165855	be2ced8ed3c53f0eb765506b21935cc19187e70431ccd5500c6b60c9046c0f49	CANONICAL_OR_DERIVED_IMAGE	YES
research/astro_spatial_human_adjudication/relations/images/HREL_16D856A1AA51.png	astro_spatial_human_adjudication	human-1.2/attachment-2	1277874	37a2ab160047824ac5be72b53639cd24d61248bd8e9f581ff131388d1a3d57af	CANONICAL_OR_DERIVED_IMAGE	YES
research/astro_spatial_human_adjudication/relations/images/HREL_19303FF740B1.png	astro_spatial_human_adjudication	human-1.2/attachment-2	1413505	f4797701cff1497c09239232206dbd72dc1bcd7c959549bdd5332c916a29996d	CANONICAL_OR_DERIVED_IMAGE	YES
research/astro_spatial_human_adjudication/relations/images/HREL_19DB053CCF40.png	astro_spatial_human_adjudication	human-1.2/attachment-2	2062980	786c6e4be0eb4c13bc53618821b3c5503af6884c3d048c98e70352b93ba5cc05	CANONICAL_OR_DERIVED_IMAGE	YES
research/astro_spatial_human_adjudication/relations/images/HREL_1A66A7A00B9B.png	astro_spatial_human_adjudication	human-1.2/attachment-2	1057518	58dbfb98e48ec25c7354383c405cd036fdeee1ef4e58a1e301a5220fa8723f0a	CANONICAL_OR_DERIVED_IMAGE	YES
research/astro_spatial_human_adjudication/relations/images/HREL_1B81EAA8627E.png	astro_spatial_human_adjudication	human-1.2/attachment-2	5738915	aa485d39b4ad496c38d214bec1509889df48a7a258a9354044f325b597eeba1e	CANONICAL_OR_DERIVED_IMAGE	YES
research/astro_spatial_human_adjudication/relations/images/HREL_1C9E214B9708.png	astro_spatial_human_adjudication	human-1.2/attachment-2	2267374	c115f107e3496f1a0b51ab2f012baa63196eab8c30598177d81f607a05136b49	CANONICAL_OR_DERIVED_IMAGE	YES
research/astro_spatial_human_adjudication/relations/images/HREL_1D5D94F4E9DB.png	astro_spatial_human_adjudication	human-1.2/attachment-2	977143	a87fa54af12579eb0f23648f82f5c7adbe095405d0460ee67afe6251a7b81a41	CANONICAL_OR_DERIVED_IMAGE	YES
research/astro_spatial_human_adjudication/relations/images/HREL_1EF732373F58.png	astro_spatial_human_adjudication	human-1.2/attachment-2	1013865	c6678a80fdaab02c0e4557aea968214fc535d8fbe6143644f61fd2670e2920dd	CANONICAL_OR_DERIVED_IMAGE	YES
research/astro_spatial_human_adjudication/relations/images/HREL_1FB3E7BAA79C.png	astro_spatial_human_adjudication	human-1.2/attachment-2	1541253	049cfa37c4be0bdb2443ecbcfb451122c396b8f500e9c8edfc293227c901a7d9	CANONICAL_OR_DERIVED_IMAGE	YES
research/astro_spatial_human_adjudication/relations/images/HREL_2019FBE597FE.png	astro_spatial_human_adjudication	human-1.2/attachment-2	1108496	7b537339fda7545e1b5d9f2d4a906dd6e7f226e74d84c1830102312c1d459223	CANONICAL_OR_DERIVED_IMAGE	YES
research/astro_spatial_human_adjudication/relations/images/HREL_2032524A23BA.png	astro_spatial_human_adjudication	human-1.2/attachment-2	8725678	229a561822858a0b47e96cac4fef1b5f74d35d53462dea5c59845f26a1f13926	CANONICAL_OR_DERIVED_IMAGE	YES
research/astro_spatial_human_adjudication/relations/images/HREL_22DA315B6B55.png	astro_spatial_human_adjudication	human-1.2/attachment-2	2518083	62463363f7e8c141bac7189d26475b1e63776f5ff648c1ddabae5a54e819446d	CANONICAL_OR_DERIVED_IMAGE	YES
research/astro_spatial_human_adjudication/relations/images/HREL_22E065995570.png	astro_spatial_human_adjudication	human-1.2/attachment-2	2315011	4c936bdd6a8400536800490d59888833b648e23db14794679c3be9de5829e22d	CANONICAL_OR_DERIVED_IMAGE	YES
research/astro_spatial_human_adjudication/relations/images/HREL_25043D7B220F.png	astro_spatial_human_adjudication	human-1.2/attachment-2	905842	65677ae167a87f3f835cdd344876a135a66e4968c18c14e1584c619be60aaa60	CANONICAL_OR_DERIVED_IMAGE	YES
research/astro_spatial_human_adjudication/relations/images/HREL_2519AC5CEF73.png	astro_spatial_human_adjudication	human-1.2/attachment-2	921679	8827f811de3dafb7df6c77e58db0f2b8725e3378ea271da2c493dc95dbfe4290	CANONICAL_OR_DERIVED_IMAGE	YES
research/astro_spatial_human_adjudication/relations/images/HREL_2534A073621F.png	astro_spatial_human_adjudication	human-1.2/attachment-2	2650262	47a3c4f822a9cc55e44141052ca3a460e5123a7e91b00bd77dbbe1d183ec2d3b	CANONICAL_OR_DERIVED_IMAGE	YES
research/astro_spatial_human_adjudication/relations/images/HREL_263543C51674.png	astro_spatial_human_adjudication	human-1.2/attachment-2	1462836	10e65408d8b3ca4ac4121c0c7fc2a79fa969384f30bc86a3f6a076a958f9cc7c	CANONICAL_OR_DERIVED_IMAGE	YES
research/astro_spatial_human_adjudication/relations/images/HREL_26ABF01B9125.png	astro_spatial_human_adjudication	human-1.2/attachment-2	3421269	0ff9d6a5b09e7adb3dea968503dedc8d1f8a5ae02ed098922a66fb77740029f7	CANONICAL_OR_DERIVED_IMAGE	YES
research/astro_spatial_human_adjudication/relations/images/HREL_26B916F971C9.png	astro_spatial_human_adjudication	human-1.2/attachment-2	969073	064d80985681d46eeb657f5b7fb43137b96fe1cd86849cff7da465e3cb6431fb	CANONICAL_OR_DERIVED_IMAGE	YES
research/astro_spatial_human_adjudication/relations/images/HREL_271085788AFD.png	astro_spatial_human_adjudication	human-1.2/attachment-2	1157623	92d06e3a16454c713b7646ae04b542e0b3627eb8b3bc191935eb39f3bb94fa03	CANONICAL_OR_DERIVED_IMAGE	YES
research/astro_spatial_human_adjudication/relations/images/HREL_27B2E224D0F1.png	astro_spatial_human_adjudication	human-1.2/attachment-2	1526832	81b52ece57c900c73f1de5b0d44693276124f13879bace6ceabe2e9046f083f2	CANONICAL_OR_DERIVED_IMAGE	YES
research/astro_spatial_human_adjudication/relations/images/HREL_27BF694E6330.png	astro_spatial_human_adjudication	human-1.2/attachment-2	2269223	d0ccea47cf6e5ee8a315de8336e865204eb7c03da415072ca7a1007ee2a7d6cb	CANONICAL_OR_DERIVED_IMAGE	YES
research/astro_spatial_human_adjudication/relations/images/HREL_2A44A81EB61D.png	astro_spatial_human_adjudication	human-1.2/attachment-2	1972108	7c2ecbb0f68c2c005f22cde0c8eff2db436bfbc41d51426ca3ef1574c6ecdfe6	CANONICAL_OR_DERIVED_IMAGE	YES
research/astro_spatial_human_adjudication/relations/images/HREL_2AD873A2A75D.png	astro_spatial_human_adjudication	human-1.2/attachment-2	1102832	d91a4114020b7dc72546248acdf014d3913f804973e474a03d1c2d01989e1b48	CANONICAL_OR_DERIVED_IMAGE	YES
research/astro_spatial_human_adjudication/relations/images/HREL_2AE1A63313A6.png	astro_spatial_human_adjudication	human-1.2/attachment-2	1218156	c4269a400d4b0debf677c6098fec563b7dc32268949619d7c7898bc88faf7acd	CANONICAL_OR_DERIVED_IMAGE	YES
research/astro_spatial_human_adjudication/relations/images/HREL_2B85CD27E82D.png	astro_spatial_human_adjudication	human-1.2/attachment-2	991772	469518f9bbc5b5fa15810a063a3f13f90fab97269e2206fd33b61244ee7266b1	CANONICAL_OR_DERIVED_IMAGE	YES
research/astro_spatial_human_adjudication/relations/images/HREL_2BA7541485E8.png	astro_spatial_human_adjudication	human-1.2/attachment-2	1225615	36c4a5ab0e76a4c1bedfe3a74b6be19601a232aa73f741ac99a1dd73fe4fdb2f	CANONICAL_OR_DERIVED_IMAGE	YES
research/astro_spatial_human_adjudication/relations/images/HREL_2C09300FAFD3.png	astro_spatial_human_adjudication	human-1.2/attachment-2	987513	5db44015b86b009a5b091756527e933ddc2619bb87f93e729df71dc4e1832b2f	CANONICAL_OR_DERIVED_IMAGE	YES
research/astro_spatial_human_adjudication/relations/images/HREL_2C45519648C7.png	astro_spatial_human_adjudication	human-1.2/attachment-2	1406521	27705fa2439f4fcfd6a9ebe1de8ed5f9d09a7624cd7b2fff954c614631efc0c2	CANONICAL_OR_DERIVED_IMAGE	YES
research/astro_spatial_human_adjudication/relations/images/HREL_2F82AFA633B2.png	astro_spatial_human_adjudication	human-1.2/attachment-2	1051024	ba20343eeccdcb8671d5a3070e47dbb0b1be5c1e3668123a2f968a98b8db9821	CANONICAL_OR_DERIVED_IMAGE	YES
research/astro_spatial_human_adjudication/relations/images/HREL_30E1D1E54962.png	astro_spatial_human_adjudication	human-1.2/attachment-2	1834841	cf9999b92846caded47645e59dc9c8ca9fe5a2fe1f8d423df30dc9c448712532	CANONICAL_OR_DERIVED_IMAGE	YES
research/astro_spatial_human_adjudication/relations/images/HREL_3258F03F1E11.png	astro_spatial_human_adjudication	human-1.2/attachment-2	2718571	841a833b835164260e14f500a50a40febdd74b09a698a7dc7e41d12dc18fd5a3	CANONICAL_OR_DERIVED_IMAGE	YES
research/astro_spatial_human_adjudication/relations/images/HREL_3302721CB0B7.png	astro_spatial_human_adjudication	human-1.2/attachment-2	1262685	b03d299c818c3886b641c07f8eabf62f9477fca172b268d6cd8fe149d2ab0d40	CANONICAL_OR_DERIVED_IMAGE	YES
research/astro_spatial_human_adjudication/relations/images/HREL_339D4E35A82F.png	astro_spatial_human_adjudication	human-1.2/attachment-2	1510080	18ae6b3733ad0ec6a2df08b02c16c059735f31312ec7a5311c6c1b63dc62fe1d	CANONICAL_OR_DERIVED_IMAGE	YES
research/astro_spatial_human_adjudication/relations/images/HREL_35C5C6B6A022.png	astro_spatial_human_adjudication	human-1.2/attachment-2	1169616	36e23972951e66ece9b9adef461e2b892b2a327f4aae3168beed9b5964c2fe56	CANONICAL_OR_DERIVED_IMAGE	YES
research/astro_spatial_human_adjudication/relations/images/HREL_381DAD02F755.png	astro_spatial_human_adjudication	human-1.2/attachment-2	1494493	7167033f2ff93c182845c2df553c2791478c7ea1e39ef07ebc1f8340069ae881	CANONICAL_OR_DERIVED_IMAGE	YES
research/astro_spatial_human_adjudication/relations/images/HREL_38AE87FBF9B4.png	astro_spatial_human_adjudication	human-1.2/attachment-2	7864832	cdcf688dcbfe0e7561dc39a71ab2253fe42ff1951cc285183cc5cad734640603	CANONICAL_OR_DERIVED_IMAGE	YES
research/astro_spatial_human_adjudication/relations/images/HREL_3931AFAFE507.png	astro_spatial_human_adjudication	human-1.2/attachment-2	1413906	125ba8367805a25440545bec2381edf7b392b2c5bc9ed518d5bdab3178a2862f	CANONICAL_OR_DERIVED_IMAGE	YES
research/astro_spatial_human_adjudication/relations/images/HREL_39E5448417E4.png	astro_spatial_human_adjudication	human-1.2/attachment-2	1284399	c3a6fff48cee989e165825d8679060010f0321b1940e0f63280e06ceae46ae47	CANONICAL_OR_DERIVED_IMAGE	YES
research/astro_spatial_human_adjudication/relations/images/HREL_3AF0FA1AFA46.png	astro_spatial_human_adjudication	human-1.2/attachment-2	1232690	fe68caa4b4619563faa0865430fb8c50741343ff4ecff1678fe5b53a56442577	CANONICAL_OR_DERIVED_IMAGE	YES
research/astro_spatial_human_adjudication/relations/images/HREL_3BDF791DF8CA.png	astro_spatial_human_adjudication	human-1.2/attachment-2	4206946	77ced1d7f350711ec97b121d4f2e9711bba5c3a02534c9e6fa994b862fdbe57c	CANONICAL_OR_DERIVED_IMAGE	YES
research/astro_spatial_human_adjudication/relations/images/HREL_3BFF396809D1.png	astro_spatial_human_adjudication	human-1.2/attachment-2	911270	4533e734b253e6a0b041bf6f204289aeb23dc63469624511359742c27f4cbf52	CANONICAL_OR_DERIVED_IMAGE	YES
research/astro_spatial_human_adjudication/relations/images/HREL_3C860C3C3E9B.png	astro_spatial_human_adjudication	human-1.2/attachment-2	1261514	99c101913ccb072de7ac73af2a8d9e19021383522c61373adc8a0a4a41862647	CANONICAL_OR_DERIVED_IMAGE	YES
research/astro_spatial_human_adjudication/relations/images/HREL_3D61EDB66906.png	astro_spatial_human_adjudication	human-1.2/attachment-2	3327207	ae5aa89d7e5c8187bb6cd3a8097b6e66bda9abf33aab166d6ccb744986893242	CANONICAL_OR_DERIVED_IMAGE	YES
research/astro_spatial_human_adjudication/relations/images/HREL_3E67CC1AFCB7.png	astro_spatial_human_adjudication	human-1.2/attachment-2	2869013	cbd4775bca7f6b9a980dc411d94bb1a097be624ab1d625034ae2bba54dc8ddeb	CANONICAL_OR_DERIVED_IMAGE	YES
research/astro_spatial_human_adjudication/relations/images/HREL_3ECF2B986CF3.png	astro_spatial_human_adjudication	human-1.2/attachment-2	4183185	81f2ecdef5ab8008a5bbc4570807ecfa162b50d4867d12ba432233974299bbf9	CANONICAL_OR_DERIVED_IMAGE	YES
research/astro_spatial_human_adjudication/relations/images/HREL_3EEBA5E94C88.png	astro_spatial_human_adjudication	human-1.2/attachment-2	2195175	1451ba590dc27e297d24bb85ce897db3a672b07d2a508f7f33c0442bb12bfcaf	CANONICAL_OR_DERIVED_IMAGE	YES
research/astro_spatial_human_adjudication/relations/images/HREL_408C4071759D.png	astro_spatial_human_adjudication	human-1.2/attachment-2	1331945	21b4e5eaddaf0acc62ee00e53ba919518eeb1e6914da0992d221973553722059	CANONICAL_OR_DERIVED_IMAGE	YES
research/astro_spatial_human_adjudication/relations/images/HREL_40B97AC14D2A.png	astro_spatial_human_adjudication	human-1.2/attachment-2	1462123	a20d8d18076a1f20b6e2df9859adea6fc1de6a8e3fbf4ad2bacd159d14844cbd	CANONICAL_OR_DERIVED_IMAGE	YES
research/astro_spatial_human_adjudication/relations/images/HREL_40C9FF796E44.png	astro_spatial_human_adjudication	human-1.2/attachment-2	1269137	c02a50763d3561d5b059a3ec09b1a5eceb561f25845c9c1e88b1937f471360cb	CANONICAL_OR_DERIVED_IMAGE	YES
research/astro_spatial_human_adjudication/relations/images/HREL_41861F8671D0.png	astro_spatial_human_adjudication	human-1.2/attachment-2	1302777	bbe8f6ac645998139c2c2e7a12773ea2f354322de287c4e0f6d6e6fbb8047a57	CANONICAL_OR_DERIVED_IMAGE	YES
research/astro_spatial_human_adjudication/relations/images/HREL_43D0DFDDB749.png	astro_spatial_human_adjudication	human-1.2/attachment-2	3260040	d125b059a0f06fe37100b01b5b0fc263ae15aea4cff354ab48d997fd9bd84eba	CANONICAL_OR_DERIVED_IMAGE	YES
research/astro_spatial_human_adjudication/relations/images/HREL_4497EF30D8DF.png	astro_spatial_human_adjudication	human-1.2/attachment-2	1207011	3578f22371872496a92802d5a5f35ec98bae4cefc3e5631399809c6fca0e34b7	CANONICAL_OR_DERIVED_IMAGE	YES
research/astro_spatial_human_adjudication/relations/images/HREL_4839DF70DD0A.png	astro_spatial_human_adjudication	human-1.2/attachment-2	1978750	feccb8e4df64180df36bb103923804a807d6ad5df5f63ce689922c0906e2e651	CANONICAL_OR_DERIVED_IMAGE	YES
research/astro_spatial_human_adjudication/relations/images/HREL_487EF18E7CA2.png	astro_spatial_human_adjudication	human-1.2/attachment-2	1197506	bdaed75972448533ef158bac9580d77631a80f558e6d0541b0505fa1a024e7c3	CANONICAL_OR_DERIVED_IMAGE	YES
research/astro_spatial_human_adjudication/relations/images/HREL_489573F838FD.png	astro_spatial_human_adjudication	human-1.2/attachment-2	1282078	dd79354e852c250cb433e7b179a5395b045917121cabde466289fac9bb5486f2	CANONICAL_OR_DERIVED_IMAGE	YES
research/astro_spatial_human_adjudication/relations/images/HREL_49E284182411.png	astro_spatial_human_adjudication	human-1.2/attachment-2	944147	f19868f048cf2b597fb32b23dd5e52a969b72b97594bff8ccd1be1eea262188e	CANONICAL_OR_DERIVED_IMAGE	YES
research/astro_spatial_human_adjudication/relations/images/HREL_4A5036361547.png	astro_spatial_human_adjudication	human-1.2/attachment-2	1279790	9fa2f892e76d57908f0cc8608cd261a1e9f4e6a2c2e0cceeba626f29256f9788	CANONICAL_OR_DERIVED_IMAGE	YES
research/astro_spatial_human_adjudication/relations/images/HREL_4A63D1A21AD1.png	astro_spatial_human_adjudication	human-1.2/attachment-2	1054201	641c31ff72e92aeeda404a0352351e9fae83d2db893cc1dee9bc719aa4bd2c6e	CANONICAL_OR_DERIVED_IMAGE	YES
research/astro_spatial_human_adjudication/relations/images/HREL_4A977E1D3F73.png	astro_spatial_human_adjudication	human-1.2/attachment-2	980634	047c518afcf14ec3db8fc450c31d4456c86eb0851803d5ea57ff9a68730fe03e	CANONICAL_OR_DERIVED_IMAGE	YES
research/astro_spatial_human_adjudication/relations/images/HREL_4B5D97283153.png	astro_spatial_human_adjudication	human-1.2/attachment-2	1416960	155e135520a9bdcba2afd8a2cc70c36592abc0c96d3b3020b6c3fbcc55688189	CANONICAL_OR_DERIVED_IMAGE	YES
research/astro_spatial_human_adjudication/relations/images/HREL_4CFBF50AC081.png	astro_spatial_human_adjudication	human-1.2/attachment-2	954305	bceadc884213031e1ae87f44e47ccfa1323d23b310a54990dc7c7bf0a2b6ab75	CANONICAL_OR_DERIVED_IMAGE	YES
research/astro_spatial_human_adjudication/relations/images/HREL_4DA0511DA2BC.png	astro_spatial_human_adjudication	human-1.2/attachment-2	1134369	1cd9a9687c2371eac6cadb661c1b6b7f2953a3ca31c1d08c4c816ab19c00e543	CANONICAL_OR_DERIVED_IMAGE	YES
research/astro_spatial_human_adjudication/relations/images/HREL_4F3F15BD32F8.png	astro_spatial_human_adjudication	human-1.2/attachment-2	3208193	a4d9edf7a86acd2687ce6569047077dfea0946562934651a743e6ba8590f97ea	CANONICAL_OR_DERIVED_IMAGE	YES
research/astro_spatial_human_adjudication/relations/images/HREL_4FBE8B7EA139.png	astro_spatial_human_adjudication	human-1.2/attachment-2	2851042	353252c8a306930e026c93521dcf7671bf01e39960172d64019f512bd48e43ea	CANONICAL_OR_DERIVED_IMAGE	YES
research/astro_spatial_human_adjudication/relations/images/HREL_50BF46B87477.png	astro_spatial_human_adjudication	human-1.2/attachment-2	3869392	0368b5d345cd8bdb65d0db8da87e5f4e347f4cb589cfa47049cc9f19cfe30918	CANONICAL_OR_DERIVED_IMAGE	YES
research/astro_spatial_human_adjudication/relations/images/HREL_51FCEFDD471F.png	astro_spatial_human_adjudication	human-1.2/attachment-2	1150278	efa6c21aa02efb12155acb23b408353b258c26434f89d0ef0a8e5280fb20318f	CANONICAL_OR_DERIVED_IMAGE	YES
research/astro_spatial_human_adjudication/relations/images/HREL_5263B5BA26CC.png	astro_spatial_human_adjudication	human-1.2/attachment-2	1012868	b2232f8f7a03d0b405907f0228b11fed5e5bd1a22a9aab14e46dec122759ce10	CANONICAL_OR_DERIVED_IMAGE	YES
research/astro_spatial_human_adjudication/relations/images/HREL_52C95CAD230F.png	astro_spatial_human_adjudication	human-1.2/attachment-2	3095572	f798bbd96d1c8b13ab3a3bfc1e1787a9c1724f94ae91557db7c6bb0c489dc515	CANONICAL_OR_DERIVED_IMAGE	YES
research/astro_spatial_human_adjudication/relations/images/HREL_531B3502513A.png	astro_spatial_human_adjudication	human-1.2/attachment-2	7035353	a6017801385dbac8fae7600473aedf75ab5265abc7cb757b86d9488d519d739b	CANONICAL_OR_DERIVED_IMAGE	YES
research/astro_spatial_human_adjudication/relations/images/HREL_537531C6AAE4.png	astro_spatial_human_adjudication	human-1.2/attachment-2	1882921	293a8738fe45848a0d7d1c93b0fa47346e06c7c31be7b2d6a2a62d760205f030	CANONICAL_OR_DERIVED_IMAGE	YES
research/astro_spatial_human_adjudication/relations/images/HREL_549668417CBB.png	astro_spatial_human_adjudication	human-1.2/attachment-2	1073784	33286190dff3a68018bb9f13bca6f9544763edb03bf37d0bd0f22e558ec8f5c3	CANONICAL_OR_DERIVED_IMAGE	YES
research/astro_spatial_human_adjudication/relations/images/HREL_54B767927468.png	astro_spatial_human_adjudication	human-1.2/attachment-2	1220663	95840062b381908eddba41eee56c842e852613558a94fcde610f961ab9600052	CANONICAL_OR_DERIVED_IMAGE	YES
research/astro_spatial_human_adjudication/relations/images/HREL_550BEB2D23E5.png	astro_spatial_human_adjudication	human-1.2/attachment-2	1037010	74492a1a7206403989ea691f0166ff54d8d9a6225343ddc02ba7659eb4c6a9bc	CANONICAL_OR_DERIVED_IMAGE	YES
research/astro_spatial_human_adjudication/relations/images/HREL_566A27FB41F7.png	astro_spatial_human_adjudication	human-1.2/attachment-2	1191518	eb58b0bb38cbf2e8cea286bbcf692fe056c8996e68f4262332734797c653fb04	CANONICAL_OR_DERIVED_IMAGE	YES
research/astro_spatial_human_adjudication/relations/images/HREL_579A2D6F0B49.png	astro_spatial_human_adjudication	human-1.2/attachment-2	1785754	d69d2c697a63987a4cf7407d1ca9e44af8f8824072edc44932da5205c0e4d018	CANONICAL_OR_DERIVED_IMAGE	YES
research/astro_spatial_human_adjudication/relations/images/HREL_583FBE8AEAAF.png	astro_spatial_human_adjudication	human-1.2/attachment-2	1396341	e24ef0137d48c70039871b130e356b57f658e04acfa4fd0e26bed057d7e2eaf9	CANONICAL_OR_DERIVED_IMAGE	YES
research/astro_spatial_human_adjudication/relations/images/HREL_5849D652BA10.png	astro_spatial_human_adjudication	human-1.2/attachment-2	963247	3567b1fca948021c213a3cca8f0a25080d85a422984d8b05f110d198b84bf906	CANONICAL_OR_DERIVED_IMAGE	YES
research/astro_spatial_human_adjudication/relations/images/HREL_58C3D82887A8.png	astro_spatial_human_adjudication	human-1.2/attachment-2	1464874	1474e5ea1d22c135d6d281459cc4d61e7dd311a8f367ec287faf6f4d81cd0a3e	CANONICAL_OR_DERIVED_IMAGE	YES
research/astro_spatial_human_adjudication/relations/images/HREL_58CE26758F54.png	astro_spatial_human_adjudication	human-1.2/attachment-2	1045318	d95683e11d50302d18f36fccf053867cedea0c288963e7a0d691821a4ad491f7	CANONICAL_OR_DERIVED_IMAGE	YES
research/astro_spatial_human_adjudication/relations/images/HREL_5978D08EFD89.png	astro_spatial_human_adjudication	human-1.2/attachment-2	2497859	5dd50e52a876976855b50aa88ddc857ebb79f39a5bc564b1cbce7b9bbead8b97	CANONICAL_OR_DERIVED_IMAGE	YES
research/astro_spatial_human_adjudication/relations/images/HREL_5A851945C38E.png	astro_spatial_human_adjudication	human-1.2/attachment-2	1082002	48e9bc5740f3e501c2757fd6a0651ff2386379a1f20cafce844e42a0270b3b08	CANONICAL_OR_DERIVED_IMAGE	YES
research/astro_spatial_human_adjudication/relations/images/HREL_5AF3E1B9BF6E.png	astro_spatial_human_adjudication	human-1.2/attachment-2	1149665	73483a1985f8cf1a63c8067c97e7b34705375cbec6d1e0b5f930d028638ce45f	CANONICAL_OR_DERIVED_IMAGE	YES
research/astro_spatial_human_adjudication/relations/images/HREL_5C7857224EEE.png	astro_spatial_human_adjudication	human-1.2/attachment-2	1988533	e3c6e6ef9df56cac6b9437c580c8835524ec939d9b907f6ebdf26b07fe5714df	CANONICAL_OR_DERIVED_IMAGE	YES
research/astro_spatial_human_adjudication/relations/images/HREL_5CE3149A06D3.png	astro_spatial_human_adjudication	human-1.2/attachment-2	1952018	645a3c720bd90906fe74a6cea4d189221a9ade0c6b1751d586f2a0811b891e14	CANONICAL_OR_DERIVED_IMAGE	YES
research/astro_spatial_human_adjudication/relations/images/HREL_5DF3B7E338B7.png	astro_spatial_human_adjudication	human-1.2/attachment-2	1801110	d0801f3fa0ffaf630369b4648dd8c707deb6579f2893d95c06367e2bfd69e5d9	CANONICAL_OR_DERIVED_IMAGE	YES
research/astro_spatial_human_adjudication/relations/images/HREL_601DECED2C95.png	astro_spatial_human_adjudication	human-1.2/attachment-2	2075024	ae198ae9c2a8ebd1b2e58024d4d0aa56790fa19c8dc664a8f596e64ff6f85372	CANONICAL_OR_DERIVED_IMAGE	YES
research/astro_spatial_human_adjudication/relations/images/HREL_604A1C90F9C8.png	astro_spatial_human_adjudication	human-1.2/attachment-2	1619631	e93710e8bed12d3fd54312551cbea065809c62ef36808c5b11da4b296a4254dc	CANONICAL_OR_DERIVED_IMAGE	YES
research/astro_spatial_human_adjudication/relations/images/HREL_6090550A8C66.png	astro_spatial_human_adjudication	human-1.2/attachment-2	2111531	03060e14c06c698b7e4123a096b1fa1474a04b7659356aa70532ee42773f6fc3	CANONICAL_OR_DERIVED_IMAGE	YES
research/astro_spatial_human_adjudication/relations/images/HREL_61979E57282D.png	astro_spatial_human_adjudication	human-1.2/attachment-2	1904494	ea338c9c34908fc131429d12327449aa7edd6104c92a08504582847637486a3e	CANONICAL_OR_DERIVED_IMAGE	YES
research/astro_spatial_human_adjudication/relations/images/HREL_622E126FC2ED.png	astro_spatial_human_adjudication	human-1.2/attachment-2	1073536	8f52c1aa9e2eacde5e6a6a8a3ff0008775001f30cb43b5038a64a45d2ca24c13	CANONICAL_OR_DERIVED_IMAGE	YES
research/astro_spatial_human_adjudication/relations/images/HREL_6296B7F8C4F4.png	astro_spatial_human_adjudication	human-1.2/attachment-2	9526991	d1b3f35c5eb207e1449bc215d19342b04198cf5f106f5b213824d6c889cd1034	CANONICAL_OR_DERIVED_IMAGE	YES
research/astro_spatial_human_adjudication/relations/images/HREL_62B009CB5668.png	astro_spatial_human_adjudication	human-1.2/attachment-2	1679412	f89a1dd3df4f6f03f4739c83d04967b701a0b373ea7fd4b9f27c9e1d1fa828a1	CANONICAL_OR_DERIVED_IMAGE	YES
research/astro_spatial_human_adjudication/relations/images/HREL_64EF6C40CF59.png	astro_spatial_human_adjudication	human-1.2/attachment-2	1001757	3e318cd4782be02f5535091cd500c5b4d7bdea0975bb3ca7ad12a1c92f3bf456	CANONICAL_OR_DERIVED_IMAGE	YES
research/astro_spatial_human_adjudication/relations/images/HREL_64FEFD640E3E.png	astro_spatial_human_adjudication	human-1.2/attachment-2	2448782	8051d8ac03a3bed09927d09f1b9d25a7ca5c780c1aa7aa9d5fab9f21ac5840d6	CANONICAL_OR_DERIVED_IMAGE	YES
research/astro_spatial_human_adjudication/relations/images/HREL_66529B2B831C.png	astro_spatial_human_adjudication	human-1.2/attachment-2	1316837	f4ed74eed476afee133b89c84bdbb2d67516c802ca27277d5e5c45f067a2bfb3	CANONICAL_OR_DERIVED_IMAGE	YES
research/astro_spatial_human_adjudication/relations/images/HREL_66F81315935C.png	astro_spatial_human_adjudication	human-1.2/attachment-2	992676	82284e77b4aabb709e7c593dbbb0d49bdebdf485dc93d3abec3872575b1432ba	CANONICAL_OR_DERIVED_IMAGE	YES
research/astro_spatial_human_adjudication/relations/images/HREL_68BD06396134.png	astro_spatial_human_adjudication	human-1.2/attachment-2	2593968	45faae279cdff30d458fdeb6e4be293400e001468e5a2cd143a40e1262d2d1b3	CANONICAL_OR_DERIVED_IMAGE	YES
research/astro_spatial_human_adjudication/relations/images/HREL_691164C43CE8.png	astro_spatial_human_adjudication	human-1.2/attachment-2	998024	0e9f19cb5f53bd8447cb765a0665172e046144dac3a638eb5cb26bcaf647bf4b	CANONICAL_OR_DERIVED_IMAGE	YES
research/astro_spatial_human_adjudication/relations/images/HREL_69578074B9CB.png	astro_spatial_human_adjudication	human-1.2/attachment-2	3435731	9bea9ca92549b50f1f3bf3ccc87b50381086707cd4271f3d13523d84a64578af	CANONICAL_OR_DERIVED_IMAGE	YES
research/astro_spatial_human_adjudication/relations/images/HREL_69C654DA8FE6.png	astro_spatial_human_adjudication	human-1.2/attachment-2	1525277	ff1c9c69f5adba48dc96f2c98bc1a405758fab0dfd11a1127a388dda173b29cd	CANONICAL_OR_DERIVED_IMAGE	YES
research/astro_spatial_human_adjudication/relations/images/HREL_6B4049A24363.png	astro_spatial_human_adjudication	human-1.2/attachment-2	1080998	77276fcce0aa6ba9d7b29913161b110dfb3784fa30355ab32d02de4d2c9d979b	CANONICAL_OR_DERIVED_IMAGE	YES
research/astro_spatial_human_adjudication/relations/images/HREL_6B5685FF51B6.png	astro_spatial_human_adjudication	human-1.2/attachment-2	2137839	ca346f7dec1698269fb11f0259f7b2e3584bfa59c2178128f58c31d0add9ecca	CANONICAL_OR_DERIVED_IMAGE	YES
research/astro_spatial_human_adjudication/relations/images/HREL_6BBF367816C2.png	astro_spatial_human_adjudication	human-1.2/attachment-2	2186943	33d934bf0a663dd6dc2bcf3dafd12f941ee67cbe9e9a0dce1cdd002e7c9fde17	CANONICAL_OR_DERIVED_IMAGE	YES
research/astro_spatial_human_adjudication/relations/images/HREL_6C2FF076F73E.png	astro_spatial_human_adjudication	human-1.2/attachment-2	952988	897991684d6ccb9a67e9e288221e7de0aa3cc78909cc886d61b2754c47d32862	CANONICAL_OR_DERIVED_IMAGE	YES
research/astro_spatial_human_adjudication/relations/images/HREL_6C530B075F30.png	astro_spatial_human_adjudication	human-1.2/attachment-2	1832968	17a2ed08f01553d8a53073fd6988be8415795d2ad7b14c439abc33be9e8d0a8c	CANONICAL_OR_DERIVED_IMAGE	YES
research/astro_spatial_human_adjudication/relations/images/HREL_6C87CCA9FDBD.png	astro_spatial_human_adjudication	human-1.2/attachment-2	1039992	c636c7f0a92cda41bcd5aa9ef74c3c91a1660f7b56508857081829ee5c4dd0f3	CANONICAL_OR_DERIVED_IMAGE	YES
research/astro_spatial_human_adjudication/relations/images/HREL_6DD987933811.png	astro_spatial_human_adjudication	human-1.2/attachment-2	1286160	ee30e4317f2f903793c5b89bc8dac95c2936f9140e1f727411788575e74fd72c	CANONICAL_OR_DERIVED_IMAGE	YES
research/astro_spatial_human_adjudication/relations/images/HREL_6E496E611420.png	astro_spatial_human_adjudication	human-1.2/attachment-2	1952018	645a3c720bd90906fe74a6cea4d189221a9ade0c6b1751d586f2a0811b891e14	CANONICAL_OR_DERIVED_IMAGE	YES
research/astro_spatial_human_adjudication/relations/images/HREL_6E565F920B53.png	astro_spatial_human_adjudication	human-1.2/attachment-2	2314133	ababbf817b4d471b0f8b055aaeba2850ebaf5c4b01bea4395173de938857d317	CANONICAL_OR_DERIVED_IMAGE	YES
research/astro_spatial_human_adjudication/relations/images/HREL_6E8DBFA9F8E9.png	astro_spatial_human_adjudication	human-1.2/attachment-2	2943322	17b33ff3d645b86b32a7c9e23bba26d085e0a053989710461dadb8b9e9c52318	CANONICAL_OR_DERIVED_IMAGE	YES
research/astro_spatial_human_adjudication/relations/images/HREL_6F7E5CD69CDB.png	astro_spatial_human_adjudication	human-1.2/attachment-2	4532754	9f54003862b5fa928cc7a175f3429d052573f9fed4746534fc9b74cc7efcbddc	CANONICAL_OR_DERIVED_IMAGE	YES
research/astro_spatial_human_adjudication/relations/images/HREL_6F98437AC90A.png	astro_spatial_human_adjudication	human-1.2/attachment-2	2137839	ca346f7dec1698269fb11f0259f7b2e3584bfa59c2178128f58c31d0add9ecca	CANONICAL_OR_DERIVED_IMAGE	YES
research/astro_spatial_human_adjudication/relations/images/HREL_70179A693FC6.png	astro_spatial_human_adjudication	human-1.2/attachment-2	958335	329924c1367219c452fc80d8f144325cec3d23f8d0f9f2c7386b09ff3013ef99	CANONICAL_OR_DERIVED_IMAGE	YES
research/astro_spatial_human_adjudication/relations/images/HREL_707254C42024.png	astro_spatial_human_adjudication	human-1.2/attachment-2	2241991	53dd8f4b4c7f88a41287ec8c85ab2bb056d468115603de546e534b322a435893	CANONICAL_OR_DERIVED_IMAGE	YES
research/astro_spatial_human_adjudication/relations/images/HREL_70CE31C526E6.png	astro_spatial_human_adjudication	human-1.2/attachment-2	1171572	0c3ec9f935c1b42ef54376bd0b578fa4e70776dc5131fe1da7691451882d1d61	CANONICAL_OR_DERIVED_IMAGE	YES
research/astro_spatial_human_adjudication/relations/images/HREL_72F20B2F5371.png	astro_spatial_human_adjudication	human-1.2/attachment-2	1471658	f9b4c2b2898b80cca9200a1e3b8fa0f3b88ac72ae7eb0e5e81b0f4a7d42c36db	CANONICAL_OR_DERIVED_IMAGE	YES
research/astro_spatial_human_adjudication/relations/images/HREL_736FA5A7AB83.png	astro_spatial_human_adjudication	human-1.2/attachment-2	1331766	9725ee1becdb84625bea048aadf9e564057e1900cff8dc0b7bcdc727396a6770	CANONICAL_OR_DERIVED_IMAGE	YES
research/astro_spatial_human_adjudication/relations/images/HREL_73F1F79103C1.png	astro_spatial_human_adjudication	human-1.2/attachment-2	1231791	adb367671962d0387712b3b7e5ea5084cb477aa77264514c0100dedc9ab76bf4	CANONICAL_OR_DERIVED_IMAGE	YES
research/astro_spatial_human_adjudication/relations/images/HREL_7544B2724CFC.png	astro_spatial_human_adjudication	human-1.2/attachment-2	3285665	b3b1aed733fc5d5f50d03a9792252d0757369ce087cb6e70d10ee87d920020bc	CANONICAL_OR_DERIVED_IMAGE	YES
research/astro_spatial_human_adjudication/relations/images/HREL_75AE4F78EC71.png	astro_spatial_human_adjudication	human-1.2/attachment-2	993388	1bf119186ea7811281a2423bae0b625acc0870d72e60335e13af15e0f286b9a5	CANONICAL_OR_DERIVED_IMAGE	YES
research/astro_spatial_human_adjudication/relations/images/HREL_7683BFF416FC.png	astro_spatial_human_adjudication	human-1.2/attachment-2	3624405	f2ea2032b3e2a0573e20f2a8d1b190d5a5549b6e1f437d023a6d2cdb59da766a	CANONICAL_OR_DERIVED_IMAGE	YES
research/astro_spatial_human_adjudication/relations/images/HREL_77EA91DE2FBC.png	astro_spatial_human_adjudication	human-1.2/attachment-2	1315810	df49985736c9c71125558d4274898ef50e49241860b1def1b6a412ab663868bb	CANONICAL_OR_DERIVED_IMAGE	YES
research/astro_spatial_human_adjudication/relations/images/HREL_7822A72429EB.png	astro_spatial_human_adjudication	human-1.2/attachment-2	1138170	a6753482fcc75372792ec138b7b7c46fd108a9460b4b2829f3ebc1b3442b0bf1	CANONICAL_OR_DERIVED_IMAGE	YES
research/astro_spatial_human_adjudication/relations/images/HREL_7836B7506E79.png	astro_spatial_human_adjudication	human-1.2/attachment-2	1212511	f4da7c408d310efb1cf27f8f07627b1c6f7a21244fe8d0a49094da72033d2424	CANONICAL_OR_DERIVED_IMAGE	YES
research/astro_spatial_human_adjudication/relations/images/HREL_7B3D90D7222C.png	astro_spatial_human_adjudication	human-1.2/attachment-2	1519597	d5b1ef505781b8399a506fec3c62f0a9678e0a2120f759c051a09319c3e31568	CANONICAL_OR_DERIVED_IMAGE	YES
research/astro_spatial_human_adjudication/relations/images/HREL_7C73704A112C.png	astro_spatial_human_adjudication	human-1.2/attachment-2	769593	f9c83845f6df64e86f96e0fa62f7bedb1e5a51308a35a35c850f751f7f367af4	CANONICAL_OR_DERIVED_IMAGE	YES
research/astro_spatial_human_adjudication/relations/images/HREL_7C82DF33FDED.png	astro_spatial_human_adjudication	human-1.2/attachment-2	1196907	cd50c9405aabac018bbb6d1f65b8b238a8f60861cb9df7d81e704c83b181ed82	CANONICAL_OR_DERIVED_IMAGE	YES
research/astro_spatial_human_adjudication/relations/images/HREL_7E2051FFD470.png	astro_spatial_human_adjudication	human-1.2/attachment-2	2976811	e79e6dc3d91c5e0c424e4f78e0e6fd32a5d2180b44a2e2ebb4e896cda8b74eca	CANONICAL_OR_DERIVED_IMAGE	YES
research/astro_spatial_human_adjudication/relations/images/HREL_7F18D8A79C26.png	astro_spatial_human_adjudication	human-1.2/attachment-2	969635	dc472eae9df3d78d864ed381685971c8f6291d2f2f43f8111176396054154a8e	CANONICAL_OR_DERIVED_IMAGE	YES
research/astro_spatial_human_adjudication/relations/images/HREL_7F1AEDAC313E.png	astro_spatial_human_adjudication	human-1.2/attachment-2	1417538	ce76314aba968c41f48070715897b70f0f00b8770ee39772db38682b3e99b027	CANONICAL_OR_DERIVED_IMAGE	YES
research/astro_spatial_human_adjudication/relations/images/HREL_7F5A955FF2A4.png	astro_spatial_human_adjudication	human-1.2/attachment-2	951629	396610b5890b81ac335b67ef25cd5677e338f671840076c8b427821c7baeb866	CANONICAL_OR_DERIVED_IMAGE	YES
research/astro_spatial_human_adjudication/relations/images/HREL_80080CAA4F33.png	astro_spatial_human_adjudication	human-1.2/attachment-2	2465464	a9176518d0e326b295a5fbdb93f297f10abdd57828673ca826bf0acc58c11a25	CANONICAL_OR_DERIVED_IMAGE	YES
research/astro_spatial_human_adjudication/relations/images/HREL_820C38924F49.png	astro_spatial_human_adjudication	human-1.2/attachment-2	1297931	2f5becabf2b9f346f7d93afbe9fc6bb8b979d6d402f6a65d534c69daf024f539	CANONICAL_OR_DERIVED_IMAGE	YES
research/astro_spatial_human_adjudication/relations/images/HREL_82EC8E256101.png	astro_spatial_human_adjudication	human-1.2/attachment-2	1074620	34dccbb8248e517142428ec4a53179a7c53f662b4a9100861f8b9f4372e334da	CANONICAL_OR_DERIVED_IMAGE	YES
research/astro_spatial_human_adjudication/relations/images/HREL_8389EE287829.png	astro_spatial_human_adjudication	human-1.2/attachment-2	1269198	ae5e64fa0b196ebc98577706c0c07ed9191b9df19d75986a6277c34cb2dd6760	CANONICAL_OR_DERIVED_IMAGE	YES
research/astro_spatial_human_adjudication/relations/images/HREL_84C32B358223.png	astro_spatial_human_adjudication	human-1.2/attachment-2	1380498	768356b3f0c4ff0b34473152816b59bb1daf0cf1e8d98b5e1ebe674dd4046e68	CANONICAL_OR_DERIVED_IMAGE	YES
research/astro_spatial_human_adjudication/relations/images/HREL_85BB80FB9F4B.png	astro_spatial_human_adjudication	human-1.2/attachment-2	2405937	931d99045847ac2f822a7665c58da9f2c0e8669765f805c96d56415477fbbbde	CANONICAL_OR_DERIVED_IMAGE	YES
research/astro_spatial_human_adjudication/relations/images/HREL_8A48ABBA744D.png	astro_spatial_human_adjudication	human-1.2/attachment-2	1298123	5534403da107932e4e84034326cf5857436cd10462a040d60cec2c0f62edd46b	CANONICAL_OR_DERIVED_IMAGE	YES
research/astro_spatial_human_adjudication/relations/images/HREL_8A686ADAEBFD.png	astro_spatial_human_adjudication	human-1.2/attachment-2	2137839	ca346f7dec1698269fb11f0259f7b2e3584bfa59c2178128f58c31d0add9ecca	CANONICAL_OR_DERIVED_IMAGE	YES
research/astro_spatial_human_adjudication/relations/images/HREL_8A7B666DD0B2.png	astro_spatial_human_adjudication	human-1.2/attachment-2	1405449	53b1d5d03d54ff3cce661cd91c100b577308dc33a4acbd12d34474713ecb8b3e	CANONICAL_OR_DERIVED_IMAGE	YES
research/astro_spatial_human_adjudication/relations/images/HREL_8CA601B473D5.png	astro_spatial_human_adjudication	human-1.2/attachment-2	878060	207a919188836aa21964c13a61cb51c8d93e545769b3e2f35f86bd4b1cace572	CANONICAL_OR_DERIVED_IMAGE	YES
research/astro_spatial_human_adjudication/relations/images/HREL_8CBC5CB2EB2B.png	astro_spatial_human_adjudication	human-1.2/attachment-2	2508716	cb54d1f3afd587b1cc3597d969204dc057defbbbda473e0ba148ee7846039f7b	CANONICAL_OR_DERIVED_IMAGE	YES
research/astro_spatial_human_adjudication/relations/images/HREL_8D97BF7AF609.png	astro_spatial_human_adjudication	human-1.2/attachment-2	788033	2979f6241cd15205a64c67180827d5def3abe6405c6e6645f11210b28f7cb3c4	CANONICAL_OR_DERIVED_IMAGE	YES
research/astro_spatial_human_adjudication/relations/images/HREL_8DF3F10A2A82.png	astro_spatial_human_adjudication	human-1.2/attachment-2	2094454	e7a334147bebc8386c972dba1b5402905026da0728d1f4e84146a732efe49567	CANONICAL_OR_DERIVED_IMAGE	YES
research/astro_spatial_human_adjudication/relations/images/HREL_8E2CB764D35D.png	astro_spatial_human_adjudication	human-1.2/attachment-2	1097262	33854cad77c7e9ec0abcbbd3b27460ea036679e0d0b6c25ea810dce7570d7a15	CANONICAL_OR_DERIVED_IMAGE	YES
research/astro_spatial_human_adjudication/relations/images/HREL_8E8F2BFC5D2D.png	astro_spatial_human_adjudication	human-1.2/attachment-2	2248417	da744f36a29cec6a2c2f59b5595d690f1c2e32c240d34abd44472b7e181d08d0	CANONICAL_OR_DERIVED_IMAGE	YES
research/astro_spatial_human_adjudication/relations/images/HREL_8FE034814C60.png	astro_spatial_human_adjudication	human-1.2/attachment-2	1134474	404a2c9631435177903cc096a023025ede4d473d57fd3e777f6a5cdc6bb128df	CANONICAL_OR_DERIVED_IMAGE	YES
research/astro_spatial_human_adjudication/relations/images/HREL_9022BEE2C502.png	astro_spatial_human_adjudication	human-1.2/attachment-2	2213387	7dd8365b03d7d802cda9c84d2899f695cb0f5ba27387918cbed273ded176b2f9	CANONICAL_OR_DERIVED_IMAGE	YES
research/astro_spatial_human_adjudication/relations/images/HREL_903DB2DDDF39.png	astro_spatial_human_adjudication	human-1.2/attachment-2	1113277	544eb7843fbb8b8460c93cdc520443c87f53527128755757e846c08c0e438c02	CANONICAL_OR_DERIVED_IMAGE	YES
research/astro_spatial_human_adjudication/relations/images/HREL_90D4844F206E.png	astro_spatial_human_adjudication	human-1.2/attachment-2	1346006	6ef47986fff44818ba23ebd076cce5379db92161466910bad8cbb2f15da0bde9	CANONICAL_OR_DERIVED_IMAGE	YES
research/astro_spatial_human_adjudication/relations/images/HREL_90F8A973DBA7.png	astro_spatial_human_adjudication	human-1.2/attachment-2	7863421	56af86181d7c9cc00669f8208905b5c360c71c337074c41a922fac3e7c04bb32	CANONICAL_OR_DERIVED_IMAGE	YES
research/astro_spatial_human_adjudication/relations/images/HREL_914AC4042BBE.png	astro_spatial_human_adjudication	human-1.2/attachment-2	2269831	5ab3c49876543e124d8c1d798d3d31b49cff3b948ea23487a0c8e4f2d82d4238	CANONICAL_OR_DERIVED_IMAGE	YES
research/astro_spatial_human_adjudication/relations/images/HREL_9249720EB136.png	astro_spatial_human_adjudication	human-1.2/attachment-2	1460502	4c28db63d59a7f301f87817a5d654ac73a0a9b6bf7a57650cc0ef3b793d46474	CANONICAL_OR_DERIVED_IMAGE	YES
research/astro_spatial_human_adjudication/relations/images/HREL_9385149094D0.png	astro_spatial_human_adjudication	human-1.2/attachment-2	997427	f7b9a8f51cf773bbcb087b76c619a5056d4dd5a2842e093c61006c35419a32df	CANONICAL_OR_DERIVED_IMAGE	YES
research/astro_spatial_human_adjudication/relations/images/HREL_950A3C984871.png	astro_spatial_human_adjudication	human-1.2/attachment-2	1398825	6b8f9e08b37f520677809b23ee867cc50ffb79e7d8001879580d004b5eae9fa9	CANONICAL_OR_DERIVED_IMAGE	YES
research/astro_spatial_human_adjudication/relations/images/HREL_96AB8CDDE272.png	astro_spatial_human_adjudication	human-1.2/attachment-2	1705090	6d227f2b24e0e95285da196ec020ef854166c7f5f2b7cfe2a32c331858fefa28	CANONICAL_OR_DERIVED_IMAGE	YES
research/astro_spatial_human_adjudication/relations/images/HREL_98AA96BF10A8.png	astro_spatial_human_adjudication	human-1.2/attachment-2	4554926	147078c506bb3ce0b5f96525005fa8bc645dd8c81e651b34bd9b5433ea086958	CANONICAL_OR_DERIVED_IMAGE	YES
research/astro_spatial_human_adjudication/relations/images/HREL_98FE6A52AB66.png	astro_spatial_human_adjudication	human-1.2/attachment-2	1102195	7cc068db8a64167042350e434ecc856716024370f75bc1ba656422a2d7a040ea	CANONICAL_OR_DERIVED_IMAGE	YES
research/astro_spatial_human_adjudication/relations/images/HREL_9AC33398577D.png	astro_spatial_human_adjudication	human-1.2/attachment-2	2045123	5d0d7d83706898307977fe23905fc0054bd4e2b6c9cc2062713f69f081c85765	CANONICAL_OR_DERIVED_IMAGE	YES
research/astro_spatial_human_adjudication/relations/images/HREL_9BFAC88FE137.png	astro_spatial_human_adjudication	human-1.2/attachment-2	980634	047c518afcf14ec3db8fc450c31d4456c86eb0851803d5ea57ff9a68730fe03e	CANONICAL_OR_DERIVED_IMAGE	YES
research/astro_spatial_human_adjudication/relations/images/HREL_9C552F7B6992.png	astro_spatial_human_adjudication	human-1.2/attachment-2	1167701	67f15527558618fce40e34d5e2c38e3a4a3f6c843bfbd3e88551dbc2dea46ca5	CANONICAL_OR_DERIVED_IMAGE	YES
research/astro_spatial_human_adjudication/relations/images/HREL_9CA3207BAFA1.png	astro_spatial_human_adjudication	human-1.2/attachment-2	2137839	ca346f7dec1698269fb11f0259f7b2e3584bfa59c2178128f58c31d0add9ecca	CANONICAL_OR_DERIVED_IMAGE	YES
research/astro_spatial_human_adjudication/relations/images/HREL_9E7C8361844B.png	astro_spatial_human_adjudication	human-1.2/attachment-2	1208170	1cae9dcce4fa32733a1240411a88284769b011c8a0d816ac5c75a80a45075a63	CANONICAL_OR_DERIVED_IMAGE	YES
research/astro_spatial_human_adjudication/relations/images/HREL_9F09D6FFCE91.png	astro_spatial_human_adjudication	human-1.2/attachment-2	1181969	c04d2d0b8c598db993c120f34e62a13c2391ec324ffae910fd4b0e0150869dbe	CANONICAL_OR_DERIVED_IMAGE	YES
research/astro_spatial_human_adjudication/relations/images/HREL_9F6D19F4CDF0.png	astro_spatial_human_adjudication	human-1.2/attachment-2	1266147	10f5ca6653fd8697b6fc793c087eaac83a6d1493b75bf24a52e1c1955efd4e24	CANONICAL_OR_DERIVED_IMAGE	YES
research/astro_spatial_human_adjudication/relations/images/HREL_9FF1165CCBCC.png	astro_spatial_human_adjudication	human-1.2/attachment-2	1132695	67558381b7a06a6da5bb65d47b6750813b5241d05a8c851cc84c34df51194aba	CANONICAL_OR_DERIVED_IMAGE	YES
research/astro_spatial_human_adjudication/relations/images/HREL_A0681D757DB5.png	astro_spatial_human_adjudication	human-1.2/attachment-2	1056783	cb0b79d290fddb4e4d7d61115bdf047e71990a16979ac1ca9f1804a53cce44bf	CANONICAL_OR_DERIVED_IMAGE	YES
research/astro_spatial_human_adjudication/relations/images/HREL_A146634C9055.png	astro_spatial_human_adjudication	human-1.2/attachment-2	1118424	e86163ed22e926355dd20bc2aa5736610fefe323c1bc8427c9a7ee6b136dc0b5	CANONICAL_OR_DERIVED_IMAGE	YES
research/astro_spatial_human_adjudication/relations/images/HREL_A19D0C2B025B.png	astro_spatial_human_adjudication	human-1.2/attachment-2	1067417	ccd396c4a53108d72f4324999dff24135890b9612334aa42b71b1a12a7f37fab	CANONICAL_OR_DERIVED_IMAGE	YES
research/astro_spatial_human_adjudication/relations/images/HREL_A1E28D46E5E2.png	astro_spatial_human_adjudication	human-1.2/attachment-2	2442383	c5ab0a8bafaf42ca441c9b303098b481f06e57bdc29652250ff3d3e20b8dadff	CANONICAL_OR_DERIVED_IMAGE	YES
research/astro_spatial_human_adjudication/relations/images/HREL_A1E95F375432.png	astro_spatial_human_adjudication	human-1.2/attachment-2	1327441	f8e9e702c75222853f9c0cf889c610ebd4f65aeee9f4e82758c55b4e809bf74a	CANONICAL_OR_DERIVED_IMAGE	YES
research/astro_spatial_human_adjudication/relations/images/HREL_A2A7DA73B599.png	astro_spatial_human_adjudication	human-1.2/attachment-2	1259073	2286141e55f8e7989f75d5dbfee5383ca4b99533e49703e9f1b12c87e73bf7a0	CANONICAL_OR_DERIVED_IMAGE	YES
research/astro_spatial_human_adjudication/relations/images/HREL_A395D3AB76EA.png	astro_spatial_human_adjudication	human-1.2/attachment-2	2095241	c6a8cb2575a97d80c3c059a7817135ac6c4fb90bade08f594824885c66be9d50	CANONICAL_OR_DERIVED_IMAGE	YES
research/astro_spatial_human_adjudication/relations/images/HREL_A5EC466176D6.png	astro_spatial_human_adjudication	human-1.2/attachment-2	992379	f49f1af9a20f86ebcac40d2650a94b79a38b78dc1816621c38a472a8d1cb922e	CANONICAL_OR_DERIVED_IMAGE	YES
research/astro_spatial_human_adjudication/relations/images/HREL_A61DF8C015A0.png	astro_spatial_human_adjudication	human-1.2/attachment-2	1297507	9df77dd6272f2b7ff922f7c8743b229a5a9f0c88f1189af00fcb1399ac0d1694	CANONICAL_OR_DERIVED_IMAGE	YES
research/astro_spatial_human_adjudication/relations/images/HREL_A689AA4443B0.png	astro_spatial_human_adjudication	human-1.2/attachment-2	1146910	28872e93ab721d5b635d7902a7c01182f9fbd0f5e9c31eb12fd8d098a2d2510a	CANONICAL_OR_DERIVED_IMAGE	YES
research/astro_spatial_human_adjudication/relations/images/HREL_A84AF6F24D09.png	astro_spatial_human_adjudication	human-1.2/attachment-2	1057836	14583d9baafcae44c5a2091d37e0ebf5da2f9e60cd1a2adb344738fb83dfde1e	CANONICAL_OR_DERIVED_IMAGE	YES
research/astro_spatial_human_adjudication/relations/images/HREL_A876527BA0F6.png	astro_spatial_human_adjudication	human-1.2/attachment-2	2967366	4234b557f11c736160354b463b03e4560b99fa30daade76493f2f3b7d472ce25	CANONICAL_OR_DERIVED_IMAGE	YES
research/astro_spatial_human_adjudication/relations/images/HREL_A9F689129DB2.png	astro_spatial_human_adjudication	human-1.2/attachment-2	9068847	8f46cd851389e95800ac4c7601d689005dc9012ec2efd98a03099d657f119996	CANONICAL_OR_DERIVED_IMAGE	YES
research/astro_spatial_human_adjudication/relations/images/HREL_AA6B9CE78FC5.png	astro_spatial_human_adjudication	human-1.2/attachment-2	1547519	caa585c06a4d9408f36496f8a7de44481976b659dfcbf99d7d8dcb0c1cd9b124	CANONICAL_OR_DERIVED_IMAGE	YES
research/astro_spatial_human_adjudication/relations/images/HREL_AC0176975DEC.png	astro_spatial_human_adjudication	human-1.2/attachment-2	2046951	b182fa7add739838c30d62b2d3fed12dd27ab255f76c554ac423d770c22db3e0	CANONICAL_OR_DERIVED_IMAGE	YES
research/astro_spatial_human_adjudication/relations/images/HREL_ADEB0D4CA235.png	astro_spatial_human_adjudication	human-1.2/attachment-2	3016487	adabf9a46f18fff820adf132cd3b58a2afc5a01cb8269b4ca8336756a6ccf20e	CANONICAL_OR_DERIVED_IMAGE	YES
research/astro_spatial_human_adjudication/relations/images/HREL_AEB4CD98CD37.png	astro_spatial_human_adjudication	human-1.2/attachment-2	3303414	ed47a03094e738058925347fa00e84cbe868b5bba601055c656717b899215e83	CANONICAL_OR_DERIVED_IMAGE	YES
research/astro_spatial_human_adjudication/relations/images/HREL_B013DA96A25A.png	astro_spatial_human_adjudication	human-1.2/attachment-2	1410965	06058d8a81cc36e8a0ab7d50cf5816df50ead28993a4be19905afe2ad130dbd1	CANONICAL_OR_DERIVED_IMAGE	YES
research/astro_spatial_human_adjudication/relations/images/HREL_B0A01B6B96B0.png	astro_spatial_human_adjudication	human-1.2/attachment-2	4195490	0465d17cda54a9938e26d27f26f494970354d688610cfed5c503b940cc6628d4	CANONICAL_OR_DERIVED_IMAGE	YES
research/astro_spatial_human_adjudication/relations/images/HREL_B0A132F68C09.png	astro_spatial_human_adjudication	human-1.2/attachment-2	4396704	f74cc9ca6679b4d2b03ad48cdedea796d0fbe4fe41aca4e2140d162b06a68a5a	CANONICAL_OR_DERIVED_IMAGE	YES
research/astro_spatial_human_adjudication/relations/images/HREL_B0D6AD8CE17A.png	astro_spatial_human_adjudication	human-1.2/attachment-2	2146921	a166497bb91be428cc1fcf49d53bd5f11de3b87881ccb982bcea11b847195aae	CANONICAL_OR_DERIVED_IMAGE	YES
research/astro_spatial_human_adjudication/relations/images/HREL_B177CF90126B.png	astro_spatial_human_adjudication	human-1.2/attachment-2	1126106	2c684efac86ada3f6b06d549add0df251416a78e29048c2a96d1959738f9f3e0	CANONICAL_OR_DERIVED_IMAGE	YES
research/astro_spatial_human_adjudication/relations/images/HREL_B2282E412277.png	astro_spatial_human_adjudication	human-1.2/attachment-2	1304106	7b5301bc4ffbfa8b058034b703123af893f18d6de9a153e51ab95d57b57f64e4	CANONICAL_OR_DERIVED_IMAGE	YES
research/astro_spatial_human_adjudication/relations/images/HREL_B2EC83886B95.png	astro_spatial_human_adjudication	human-1.2/attachment-2	2485449	95d2442ebd20b7807eacf61b43bcc9fccb3b10f559f80f00b4f611bfd5284680	CANONICAL_OR_DERIVED_IMAGE	YES
research/astro_spatial_human_adjudication/relations/images/HREL_B3CFEFB2C4B6.png	astro_spatial_human_adjudication	human-1.2/attachment-2	4792962	5538873e21ea4a33a0db2f2ea094d25427ad4dbc078ff78009a17467afb4c5de	CANONICAL_OR_DERIVED_IMAGE	YES
research/astro_spatial_human_adjudication/relations/images/HREL_B4A4E2F99594.png	astro_spatial_human_adjudication	human-1.2/attachment-2	1185723	a85c3eb3de46aff667f64cc95722ace62c5f68f0d49b904d4659938410aa241f	CANONICAL_OR_DERIVED_IMAGE	YES
research/astro_spatial_human_adjudication/relations/images/HREL_B5304FAC3F2F.png	astro_spatial_human_adjudication	human-1.2/attachment-2	1158248	0ec718ee9110858124857735d7b18d035db95e46d8d96812fe5d4ccbf875b078	CANONICAL_OR_DERIVED_IMAGE	YES
research/astro_spatial_human_adjudication/relations/images/HREL_B61939DAC2F0.png	astro_spatial_human_adjudication	human-1.2/attachment-2	1349806	e10b7644842f4567c8aa8d35705d0089583acf68f0687853b34904beb1b05cd0	CANONICAL_OR_DERIVED_IMAGE	YES
research/astro_spatial_human_adjudication/relations/images/HREL_B663FE2916D0.png	astro_spatial_human_adjudication	human-1.2/attachment-2	1283441	a029c863b1a862dca6bc47f568b5c0e504f575372968cff16d8801d43fbdbea6	CANONICAL_OR_DERIVED_IMAGE	YES
research/astro_spatial_human_adjudication/relations/images/HREL_B75B07DF8835.png	astro_spatial_human_adjudication	human-1.2/attachment-2	1056159	c7adba69e7690386af50ea8603a9c5c14e40813ec42b1f6e847a4baf1675ee6e	CANONICAL_OR_DERIVED_IMAGE	YES
research/astro_spatial_human_adjudication/relations/images/HREL_B7D7F72D8F3A.png	astro_spatial_human_adjudication	human-1.2/attachment-2	1228976	550bc1493a484a7199fdece0ddd7a407710c8575d8b570a5cc5abd4ad3eaa5dc	CANONICAL_OR_DERIVED_IMAGE	YES
research/astro_spatial_human_adjudication/relations/images/HREL_B86B4C0EE555.png	astro_spatial_human_adjudication	human-1.2/attachment-2	1186916	373a393ea785a88ca814db2a7e671a0e4f5d20735a8c1702de735a43a40df159	CANONICAL_OR_DERIVED_IMAGE	YES
research/astro_spatial_human_adjudication/relations/images/HREL_B8EB69FB80B0.png	astro_spatial_human_adjudication	human-1.2/attachment-2	1202083	aa9d4e14c468f7addfdd3049ac31efcae657e731dcff78c4a095ba5e05b374cb	CANONICAL_OR_DERIVED_IMAGE	YES
research/astro_spatial_human_adjudication/relations/images/HREL_B90C357919AE.png	astro_spatial_human_adjudication	human-1.2/attachment-2	1931176	ebbd7b9d39f563f59c0cd0c63602fb880d6055e033d57590a9f8775f6a2ee07a	CANONICAL_OR_DERIVED_IMAGE	YES
research/astro_spatial_human_adjudication/relations/images/HREL_BA8C060B9926.png	astro_spatial_human_adjudication	human-1.2/attachment-2	1218559	3aad58d70b9857cca3fb013085f66b0d5435aec97f77ba4a28edc07fab7fe8f8	CANONICAL_OR_DERIVED_IMAGE	YES
research/astro_spatial_human_adjudication/relations/images/HREL_BC0C8D31EC5F.png	astro_spatial_human_adjudication	human-1.2/attachment-2	1148490	26cb9841ceffd7280010ec201ae8b70e092e63edcb9020b9b82529c87248511b	CANONICAL_OR_DERIVED_IMAGE	YES
research/astro_spatial_human_adjudication/relations/images/HREL_BCE35A2738F2.png	astro_spatial_human_adjudication	human-1.2/attachment-2	1019894	87e3704a62e352ef9e59b940de4b14b8e96d1a46174dbf4a485dbe37736237fa	CANONICAL_OR_DERIVED_IMAGE	YES
research/astro_spatial_human_adjudication/relations/images/HREL_BD33222703C8.png	astro_spatial_human_adjudication	human-1.2/attachment-2	1321602	d00ea85c7efcd2adaf4f9410b1f23cf80e65d0198049c8b23286f2b3f30f84ec	CANONICAL_OR_DERIVED_IMAGE	YES
research/astro_spatial_human_adjudication/relations/images/HREL_BDABF7D32F94.png	astro_spatial_human_adjudication	human-1.2/attachment-2	1944037	4d468c0123df1812f0fda274954e7dc8e6be2ec848ce825d36384a529e7a5dd8	CANONICAL_OR_DERIVED_IMAGE	YES
research/astro_spatial_human_adjudication/relations/images/HREL_BDC91A48F36A.png	astro_spatial_human_adjudication	human-1.2/attachment-2	1092158	db94da834be3e761a72bcf1be9f804a703a5de1086ff7964f7123bf74b0afc44	CANONICAL_OR_DERIVED_IMAGE	YES
research/astro_spatial_human_adjudication/relations/images/HREL_BE50A040F5C5.png	astro_spatial_human_adjudication	human-1.2/attachment-2	1272097	afffd7b3bc3bc0f8fa62055173cd4d7f83375b27cd8515697a7daa7bdfa58ff6	CANONICAL_OR_DERIVED_IMAGE	YES
research/astro_spatial_human_adjudication/relations/images/HREL_BEBCFAB356B2.png	astro_spatial_human_adjudication	human-1.2/attachment-2	972628	64b6b6ec923587ff992c97d2783297df06dac9b864be539a3a1ec2612e0911e3	CANONICAL_OR_DERIVED_IMAGE	YES
research/astro_spatial_human_adjudication/relations/images/HREL_BF77339690FB.png	astro_spatial_human_adjudication	human-1.2/attachment-2	1031259	a7d735011de9e2debd681798b8e3b4ca798f87741d99f776643476d8bf4b68d7	CANONICAL_OR_DERIVED_IMAGE	YES
research/astro_spatial_human_adjudication/relations/images/HREL_C0AA1162057E.png	astro_spatial_human_adjudication	human-1.2/attachment-2	1832968	17a2ed08f01553d8a53073fd6988be8415795d2ad7b14c439abc33be9e8d0a8c	CANONICAL_OR_DERIVED_IMAGE	YES
research/astro_spatial_human_adjudication/relations/images/HREL_C0D41FF08E1B.png	astro_spatial_human_adjudication	human-1.2/attachment-2	2943322	17b33ff3d645b86b32a7c9e23bba26d085e0a053989710461dadb8b9e9c52318	CANONICAL_OR_DERIVED_IMAGE	YES
research/astro_spatial_human_adjudication/relations/images/HREL_C0FFA777D644.png	astro_spatial_human_adjudication	human-1.2/attachment-2	1277258	cda9f706783af0cec5bd69b0b4b3445e080402273ca7fa66ecc8e9dbf9873843	CANONICAL_OR_DERIVED_IMAGE	YES
research/astro_spatial_human_adjudication/relations/images/HREL_C1B16AAEBA90.png	astro_spatial_human_adjudication	human-1.2/attachment-2	1442724	d120563b6bb15acb03d6732ccc4c2dbdfecf196c619f6394591d3d2ec4defea2	CANONICAL_OR_DERIVED_IMAGE	YES
research/astro_spatial_human_adjudication/relations/images/HREL_C3BF0F7E218C.png	astro_spatial_human_adjudication	human-1.2/attachment-2	4231956	f3f7c52efcdef4e50cb3fce021a0a9c515b363dd50d4c21fb4b0c79d65a1eb95	CANONICAL_OR_DERIVED_IMAGE	YES
research/astro_spatial_human_adjudication/relations/images/HREL_C468F3BE7B90.png	astro_spatial_human_adjudication	human-1.2/attachment-2	1133574	b9b7841174d366ff6eea9f883fd321e0cf386391dacf59eaccc35fa39ef405b4	CANONICAL_OR_DERIVED_IMAGE	YES
research/astro_spatial_human_adjudication/relations/images/HREL_C4BB6AE82618.png	astro_spatial_human_adjudication	human-1.2/attachment-2	1322322	d927f46092b3933b49a1ce615093838c5af00d4d665f4dc64a8aa64335624bb8	CANONICAL_OR_DERIVED_IMAGE	YES
research/astro_spatial_human_adjudication/relations/images/HREL_C675650733B0.png	astro_spatial_human_adjudication	human-1.2/attachment-2	1146143	842b955f95d774f5d9600a80d34f6fe5d24729a694501ccb70b269d3ee13bc35	CANONICAL_OR_DERIVED_IMAGE	YES
research/astro_spatial_human_adjudication/relations/images/HREL_C756E432B58D.png	astro_spatial_human_adjudication	human-1.2/attachment-2	2943322	17b33ff3d645b86b32a7c9e23bba26d085e0a053989710461dadb8b9e9c52318	CANONICAL_OR_DERIVED_IMAGE	YES
research/astro_spatial_human_adjudication/relations/images/HREL_C7662D39AD88.png	astro_spatial_human_adjudication	human-1.2/attachment-2	3095572	f798bbd96d1c8b13ab3a3bfc1e1787a9c1724f94ae91557db7c6bb0c489dc515	CANONICAL_OR_DERIVED_IMAGE	YES
research/astro_spatial_human_adjudication/relations/images/HREL_C846439BA486.png	astro_spatial_human_adjudication	human-1.2/attachment-2	1254497	fabd3f9785dd7b2b09b70d5c33c5d838e0ad1f79cbb12038865e5b6f13a01537	CANONICAL_OR_DERIVED_IMAGE	YES
research/astro_spatial_human_adjudication/relations/images/HREL_C903308FF6C4.png	astro_spatial_human_adjudication	human-1.2/attachment-2	1040619	721b30ca726f90d4145ee563f0422723b3ecbbe9226574d756547d8e2cabcc57	CANONICAL_OR_DERIVED_IMAGE	YES
research/astro_spatial_human_adjudication/relations/images/HREL_C95EC00AF82A.png	astro_spatial_human_adjudication	human-1.2/attachment-2	2189602	611477b906c167cc04c09a077a205a272e883e1edf9061d35dfbdc3b306ac155	CANONICAL_OR_DERIVED_IMAGE	YES
research/astro_spatial_human_adjudication/relations/images/HREL_C9B85CCA3303.png	astro_spatial_human_adjudication	human-1.2/attachment-2	1981880	dde3c605ff63b747893e735faf26951b9eb8b87dfadc800be1f747ef67a72451	CANONICAL_OR_DERIVED_IMAGE	YES
research/astro_spatial_human_adjudication/relations/images/HREL_C9C963A1AC52.png	astro_spatial_human_adjudication	human-1.2/attachment-2	872474	befd81e0135a1e432eaffd6d8d8272e654ca9f847ccb3597337f511ebc15703d	CANONICAL_OR_DERIVED_IMAGE	YES
research/astro_spatial_human_adjudication/relations/images/HREL_CA07AB1E742C.png	astro_spatial_human_adjudication	human-1.2/attachment-2	1298269	9c600fdcf305962093fcd54e186baa9f2f3203dc67a3bd7b56a8cc4a9d8337e3	CANONICAL_OR_DERIVED_IMAGE	YES
research/astro_spatial_human_adjudication/relations/images/HREL_CA11B59BEF46.png	astro_spatial_human_adjudication	human-1.2/attachment-2	1305519	fb6145b2ae08e2fba9f75428334329d3616d43a618fd6b468e922fc5d553dfc3	CANONICAL_OR_DERIVED_IMAGE	YES
research/astro_spatial_human_adjudication/relations/images/HREL_CA167059449E.png	astro_spatial_human_adjudication	human-1.2/attachment-2	1278680	ba440c7694190c0dee2906d92ce64edc864d746ba262c70aa21f4465f6839c76	CANONICAL_OR_DERIVED_IMAGE	YES
research/astro_spatial_human_adjudication/relations/images/HREL_CD114D8D1DC9.png	astro_spatial_human_adjudication	human-1.2/attachment-2	1307029	5209d71ad6fd4a2fedff05ce93e081725ef5321eb07df4335745e8f3342e1517	CANONICAL_OR_DERIVED_IMAGE	YES
research/astro_spatial_human_adjudication/relations/images/HREL_CD3E56AEE064.png	astro_spatial_human_adjudication	human-1.2/attachment-2	1060214	14b0ffe5c64bbbcbc3427bc4979901d51485958b3504ac492945f5a4ea230592	CANONICAL_OR_DERIVED_IMAGE	YES
research/astro_spatial_human_adjudication/relations/images/HREL_CD5AB4BD8D25.png	astro_spatial_human_adjudication	human-1.2/attachment-2	849606	1cd87990547ba893c943cb075d6b96bbedf4305aec1513eefe19a6678c86122a	CANONICAL_OR_DERIVED_IMAGE	YES
research/astro_spatial_human_adjudication/relations/images/HREL_CD760C3F73C0.png	astro_spatial_human_adjudication	human-1.2/attachment-2	1414378	9be2cd3e2badab22757f6497418c356a9eb1fb67ade24bd3d935a03a5cb70d5d	CANONICAL_OR_DERIVED_IMAGE	YES
research/astro_spatial_human_adjudication/relations/images/HREL_CDBD967CE504.png	astro_spatial_human_adjudication	human-1.2/attachment-2	1186332	de5952c8b72c13b6f23c889e7320b098854a365bc10a37987fe864b01e895b6a	CANONICAL_OR_DERIVED_IMAGE	YES
research/astro_spatial_human_adjudication/relations/images/HREL_CE345A221C82.png	astro_spatial_human_adjudication	human-1.2/attachment-2	1667896	e84ad298c161866e2489255d5e203cf03356876c16858d91e9e7e985a16e73cd	CANONICAL_OR_DERIVED_IMAGE	YES
research/astro_spatial_human_adjudication/relations/images/HREL_CEC8C40AAFC2.png	astro_spatial_human_adjudication	human-1.2/attachment-2	1268257	77c49a1deeca003a815909d2e8d6149f12313bf8aa15ed90a66e5c6b3dc53cd0	CANONICAL_OR_DERIVED_IMAGE	YES
research/astro_spatial_human_adjudication/relations/images/HREL_CFA794EE1A2E.png	astro_spatial_human_adjudication	human-1.2/attachment-2	1085076	b09e35ab40f19401a553c83a382d41938b4175e802109404f0638966282547e5	CANONICAL_OR_DERIVED_IMAGE	YES
research/astro_spatial_human_adjudication/relations/images/HREL_D0D24E2B4AC0.png	astro_spatial_human_adjudication	human-1.2/attachment-2	2062365	c0fe2f03f3d12c5802d49f1c4383ae5ed1a96484e8af988d9da679c441b5db0b	CANONICAL_OR_DERIVED_IMAGE	YES
research/astro_spatial_human_adjudication/relations/images/HREL_D0E325A3698E.png	astro_spatial_human_adjudication	human-1.2/attachment-2	1145762	d9a92410d80054761678b0e2722bd8a2763ed25cd54f6e40f1723b7ca623d7a9	CANONICAL_OR_DERIVED_IMAGE	YES
research/astro_spatial_human_adjudication/relations/images/HREL_D1568B5F2178.png	astro_spatial_human_adjudication	human-1.2/attachment-2	4749677	43c7cf3245033ecfbdb5f593666831c87a9565076154fcab7b14f161d2e413d0	CANONICAL_OR_DERIVED_IMAGE	YES
research/astro_spatial_human_adjudication/relations/images/HREL_D295A87BEAAC.png	astro_spatial_human_adjudication	human-1.2/attachment-2	3654133	fd4d8bd3e73c1df7e2a228a0f8320babdef00909fd32e37522cadd8a67a7d82f	CANONICAL_OR_DERIVED_IMAGE	YES
research/astro_spatial_human_adjudication/relations/images/HREL_D550E0F999B0.png	astro_spatial_human_adjudication	human-1.2/attachment-2	2869013	cbd4775bca7f6b9a980dc411d94bb1a097be624ab1d625034ae2bba54dc8ddeb	CANONICAL_OR_DERIVED_IMAGE	YES
research/astro_spatial_human_adjudication/relations/images/HREL_D649F8ED30AE.png	astro_spatial_human_adjudication	human-1.2/attachment-2	1912181	2e2c4e562359af2ce6bd15190a9ca36110f9baa65195bfadd14e7911b7626692	CANONICAL_OR_DERIVED_IMAGE	YES
research/astro_spatial_human_adjudication/relations/images/HREL_D65AECCC734F.png	astro_spatial_human_adjudication	human-1.2/attachment-2	1119404	38ba9e28a895778dce42bca1ee16462e6cd9452e7f9429e32abc37527071fc83	CANONICAL_OR_DERIVED_IMAGE	YES
research/astro_spatial_human_adjudication/relations/images/HREL_D69F3D4C8A24.png	astro_spatial_human_adjudication	human-1.2/attachment-2	1131815	6c3d8cf0feb4dba73ec1a329c0ba3b9bdf4dabcdcbce5125fcafbc6689d5e9d8	CANONICAL_OR_DERIVED_IMAGE	YES
research/astro_spatial_human_adjudication/relations/images/HREL_D7294AE2DA47.png	astro_spatial_human_adjudication	human-1.2/attachment-2	1630470	c21f45a71b6c8279ebf1e015e1c97efd5a297b133f73f3cf848e323a2064ef53	CANONICAL_OR_DERIVED_IMAGE	YES
research/astro_spatial_human_adjudication/relations/images/HREL_D8CF189E44E2.png	astro_spatial_human_adjudication	human-1.2/attachment-2	1120537	047e6320c0045904e1aea8b2b21c8e77e14c9e1d04f3e1ba265bf18c0df0cf14	CANONICAL_OR_DERIVED_IMAGE	YES
research/astro_spatial_human_adjudication/relations/images/HREL_DAC4A3F4CB8F.png	astro_spatial_human_adjudication	human-1.2/attachment-2	1097447	bd74af0c5cf1a47da385eb5015c7ef548d88d7dc1503b7b5ebfd099ff87fe98d	CANONICAL_OR_DERIVED_IMAGE	YES
research/astro_spatial_human_adjudication/relations/images/HREL_DC58DF874C51.png	astro_spatial_human_adjudication	human-1.2/attachment-2	926703	fd38a18d62eb4944d3a687d46ac129934c3ea47fdb73a13fbb8f1cb8146cb926	CANONICAL_OR_DERIVED_IMAGE	YES
research/astro_spatial_human_adjudication/relations/images/HREL_DC5F2F5F9A5C.png	astro_spatial_human_adjudication	human-1.2/attachment-2	1092790	747a6780ec55d00f3f656029456ae1d1a0d5d1ea18b0d81772c6be3174f97a56	CANONICAL_OR_DERIVED_IMAGE	YES
research/astro_spatial_human_adjudication/relations/images/HREL_DC8A45500D8A.png	astro_spatial_human_adjudication	human-1.2/attachment-2	1222286	01f694953a8af4cb6727503c89cc8898f9bd27f64b0b40b8c3a35bf571794383	CANONICAL_OR_DERIVED_IMAGE	YES
research/astro_spatial_human_adjudication/relations/images/HREL_DD1C20DED101.png	astro_spatial_human_adjudication	human-1.2/attachment-2	2076800	e83ba7b428915959af30d8b48c6e2c2e5698438c20382d5e54d3955968ae0fd7	CANONICAL_OR_DERIVED_IMAGE	YES
research/astro_spatial_human_adjudication/relations/images/HREL_DE1F905F7E82.png	astro_spatial_human_adjudication	human-1.2/attachment-2	1156267	f8f7aa8be1035629f7256d1afdaf2317cb91df020711eebc4fab28d0c9dff404	CANONICAL_OR_DERIVED_IMAGE	YES
research/astro_spatial_human_adjudication/relations/images/HREL_DEB234B161F6.png	astro_spatial_human_adjudication	human-1.2/attachment-2	1162696	5117d0c05fd93b6b799aa6105a51d7d29a5293f3d7628c3f3e63a7f6d9d692f9	CANONICAL_OR_DERIVED_IMAGE	YES
research/astro_spatial_human_adjudication/relations/images/HREL_DF94F8399F86.png	astro_spatial_human_adjudication	human-1.2/attachment-2	2978224	847299a37ac5ddcb51d61468e2bb37d534efc41c69b10d1068e06aae58933237	CANONICAL_OR_DERIVED_IMAGE	YES
research/astro_spatial_human_adjudication/relations/images/HREL_DFF8C61302C5.png	astro_spatial_human_adjudication	human-1.2/attachment-2	1262678	e505051b9d8defc1b516fef6c2a12a505a381ffcd66238a7a58d722c2d74c333	CANONICAL_OR_DERIVED_IMAGE	YES
research/astro_spatial_human_adjudication/relations/images/HREL_E15837E328B8.png	astro_spatial_human_adjudication	human-1.2/attachment-2	6317542	d7793988689beee9cacc1368a0826ba6904d7af03069c094b2b81e7e209fa751	CANONICAL_OR_DERIVED_IMAGE	YES
research/astro_spatial_human_adjudication/relations/images/HREL_E4A5E684202C.png	astro_spatial_human_adjudication	human-1.2/attachment-2	2079013	9e9289ef932ec133f51c9beddaec2234faff741108967b51b1a35977ffcd19f3	CANONICAL_OR_DERIVED_IMAGE	YES
research/astro_spatial_human_adjudication/relations/images/HREL_E588E34C22BF.png	astro_spatial_human_adjudication	human-1.2/attachment-2	1906340	5e962117ea0210e9a51f2272937119a6dd2310d21c5e604a5dc42c9cc82c8d6b	CANONICAL_OR_DERIVED_IMAGE	YES
research/astro_spatial_human_adjudication/relations/images/HREL_E6D89AE5C373.png	astro_spatial_human_adjudication	human-1.2/attachment-2	1499674	1504b5a39da821df9d259c5abe7663ca706ec4cc29de0f0a1c47cd647fab46a8	CANONICAL_OR_DERIVED_IMAGE	YES
research/astro_spatial_human_adjudication/relations/images/HREL_E6EDA87AEEC4.png	astro_spatial_human_adjudication	human-1.2/attachment-2	1474701	b9daad9be472798e52c149f6b75db1927f68a7d19a70f0fcb859a46c78f941cf	CANONICAL_OR_DERIVED_IMAGE	YES
research/astro_spatial_human_adjudication/relations/images/HREL_E7900FED7261.png	astro_spatial_human_adjudication	human-1.2/attachment-2	1402406	dcc7dd2a70a67231b7441d86b50e0a97480d26694cdcf4d7b97998d4a579f038	CANONICAL_OR_DERIVED_IMAGE	YES
research/astro_spatial_human_adjudication/relations/images/HREL_E7DE81F900EA.png	astro_spatial_human_adjudication	human-1.2/attachment-2	1466962	e2e76704b46358ce1e3318b8f23a54a8d9e083d081f7ab4a157ff9fb18fb0c67	CANONICAL_OR_DERIVED_IMAGE	YES
research/astro_spatial_human_adjudication/relations/images/HREL_E80265D77E20.png	astro_spatial_human_adjudication	human-1.2/attachment-2	1204924	5039545f12a44f63cdf6148989f0af90e70768672ca0751a86019bda95a9de7f	CANONICAL_OR_DERIVED_IMAGE	YES
research/astro_spatial_human_adjudication/relations/images/HREL_E8A499B21F14.png	astro_spatial_human_adjudication	human-1.2/attachment-2	1534535	003381b16b8c986044ea3858d595ee0419ddabf3aad989291426cdb0253d5b55	CANONICAL_OR_DERIVED_IMAGE	YES
research/astro_spatial_human_adjudication/relations/images/HREL_E941D77F4CF5.png	astro_spatial_human_adjudication	human-1.2/attachment-2	1040084	dd161e923dea46be1076b9174f39eda412daf55e759ff3081bf2c5267706d0d9	CANONICAL_OR_DERIVED_IMAGE	YES
research/astro_spatial_human_adjudication/relations/images/HREL_E94ED378615F.png	astro_spatial_human_adjudication	human-1.2/attachment-2	964283	019440a3fe0603805ae0054b97bd59fcdef76e3d3f8d136d01a6517f6bd841ef	CANONICAL_OR_DERIVED_IMAGE	YES
research/astro_spatial_human_adjudication/relations/images/HREL_EB160D44C97E.png	astro_spatial_human_adjudication	human-1.2/attachment-2	2945725	3eaf172030c9acca018f3838c64473432d8f0a246714ec27da0d1379a6fb712d	CANONICAL_OR_DERIVED_IMAGE	YES
research/astro_spatial_human_adjudication/relations/images/HREL_EB6F99F77796.png	astro_spatial_human_adjudication	human-1.2/attachment-2	967195	eb24653ace2c6c71e6b5aee20355318a9d9878c680c9f287c4ba8dc62c0751d5	CANONICAL_OR_DERIVED_IMAGE	YES
research/astro_spatial_human_adjudication/relations/images/HREL_EC60DA3D98D9.png	astro_spatial_human_adjudication	human-1.2/attachment-2	3286879	33c70d9ead72f2c04b0d22cd665b818524b50c267882767552ccaa08d87cf103	CANONICAL_OR_DERIVED_IMAGE	YES
research/astro_spatial_human_adjudication/relations/images/HREL_EFC92EF9D631.png	astro_spatial_human_adjudication	human-1.2/attachment-2	1906340	5e962117ea0210e9a51f2272937119a6dd2310d21c5e604a5dc42c9cc82c8d6b	CANONICAL_OR_DERIVED_IMAGE	YES
research/astro_spatial_human_adjudication/relations/images/HREL_F2F58DC80E41.png	astro_spatial_human_adjudication	human-1.2/attachment-2	1316328	f91e0d6ab4f36cae58f5dc230d21900408de555e617d642a93d9ad1a81856df0	CANONICAL_OR_DERIVED_IMAGE	YES
research/astro_spatial_human_adjudication/relations/images/HREL_F34D2BEEB199.png	astro_spatial_human_adjudication	human-1.2/attachment-2	3031463	4b72d5d3b0feb6199d541ffe7e38ea93ba480203b3b036f83a09a85c6f5210b9	CANONICAL_OR_DERIVED_IMAGE	YES
research/astro_spatial_human_adjudication/relations/images/HREL_F3A6A9C2C3B8.png	astro_spatial_human_adjudication	human-1.2/attachment-2	2509520	556115e3bbe8c8b46d9a8bfaf508c3c1fc477c91387230e6f56b8d19646ce01a	CANONICAL_OR_DERIVED_IMAGE	YES
research/astro_spatial_human_adjudication/relations/images/HREL_F484D8F5A6E0.png	astro_spatial_human_adjudication	human-1.2/attachment-2	1334962	0bf7a3b023effc33337b0c35d9e30e41a406a5a0223f311f6401bddab1d1823a	CANONICAL_OR_DERIVED_IMAGE	YES
research/astro_spatial_human_adjudication/relations/images/HREL_F49854066641.png	astro_spatial_human_adjudication	human-1.2/attachment-2	1248744	e0ba79c4faf28d12cceb33c89eff490e49c84e8c87c598069a38c30a9e26b447	CANONICAL_OR_DERIVED_IMAGE	YES
research/astro_spatial_human_adjudication/relations/images/HREL_F61B29D7AB5F.png	astro_spatial_human_adjudication	human-1.2/attachment-2	1662181	a7214aa0b6f761bae252777789b7f16c1aff4f08b45e5c4392b6930aea6390c7	CANONICAL_OR_DERIVED_IMAGE	YES
research/astro_spatial_human_adjudication/relations/images/HREL_F621D79141C5.png	astro_spatial_human_adjudication	human-1.2/attachment-2	1236611	4fc088db8e6354a85c038dd54a072cc5835ae3f52e71120c2faf2d2a36f1258a	CANONICAL_OR_DERIVED_IMAGE	YES
research/astro_spatial_human_adjudication/relations/images/HREL_F6E8533929E0.png	astro_spatial_human_adjudication	human-1.2/attachment-2	1003286	290c7a786bef8d1f2133ae3f3d0c9247f52920a56a7fcb206fd16780d655bd23	CANONICAL_OR_DERIVED_IMAGE	YES
research/astro_spatial_human_adjudication/relations/images/HREL_F7503CE1DAB8.png	astro_spatial_human_adjudication	human-1.2/attachment-2	2963243	9b1029636f26e9324b4cf963ed658e7ca6352ceb0b7c02aa446f95e02ec7f787	CANONICAL_OR_DERIVED_IMAGE	YES
research/astro_spatial_human_adjudication/relations/images/HREL_F7F3DBCD167D.png	astro_spatial_human_adjudication	human-1.2/attachment-2	982522	07f2739989696ca057c328b46d0af27747e33cb16af303e24ead64249d566cd9	CANONICAL_OR_DERIVED_IMAGE	YES
research/astro_spatial_human_adjudication/relations/images/HREL_F85FDFB67586.png	astro_spatial_human_adjudication	human-1.2/attachment-2	2753820	462f57bacdc61c06a89f810f17c1658dccae0960584550c98dbd5fd3f2e5da4a	CANONICAL_OR_DERIVED_IMAGE	YES
research/astro_spatial_human_adjudication/relations/images/HREL_F8B595F736F4.png	astro_spatial_human_adjudication	human-1.2/attachment-2	1334861	75c2ee03a4af6d3cf1eee7dd04709bfa7cb1d389ca5f2a4926f4abd3096c2f26	CANONICAL_OR_DERIVED_IMAGE	YES
research/astro_spatial_human_adjudication/relations/images/HREL_FADB7C9C746C.png	astro_spatial_human_adjudication	human-1.2/attachment-2	1651334	efd280373c91ff0f4163efe19723ce38c788d68effacd82aca7124d83d6cabe1	CANONICAL_OR_DERIVED_IMAGE	YES
research/astro_spatial_human_adjudication/relations/images/HREL_FC0B0863E6DE.png	astro_spatial_human_adjudication	human-1.2/attachment-2	1324325	79433e1a3ca891528316a48760c9bbf9d28b8d346bf141e2d61580b24edc77d7	CANONICAL_OR_DERIVED_IMAGE	YES
research/astro_spatial_human_adjudication/relations/images/HREL_FC22F4F9B054.png	astro_spatial_human_adjudication	human-1.2/attachment-2	1357848	8720a884c1a6483443632afe365825a4884d59294b23f71a2b905c774ecd61ae	CANONICAL_OR_DERIVED_IMAGE	YES
research/astro_spatial_human_adjudication/relations/images/HREL_FFFC88F8167B.png	astro_spatial_human_adjudication	human-1.2/attachment-2	1007545	9854f280c0bb0489ec2b4c677c368bb2705c2231ed07827cd3b76483b09d741b	CANONICAL_OR_DERIVED_IMAGE	YES
research/astro_spatial_human_adjudication/relations/images/ZZ_CONTEXT_f67r1.jpg	astro_spatial_human_adjudication	human-1.2/attachment-2	4124555	4049ca0d5fde0d6cc45cd5a69aed3335c15a113e44caff4895ce8f42ae35746d	CANONICAL_OR_DERIVED_IMAGE	YES
research/astro_spatial_human_adjudication/relations/images/ZZ_CONTEXT_f67v1.jpg	astro_spatial_human_adjudication	human-1.2/attachment-2	5010883	59dce81c368aa53ea28eeea80998cd9f621dcc72a70e441099ef5b804fc213f2	CANONICAL_OR_DERIVED_IMAGE	YES
research/astro_spatial_human_adjudication/relations/images/ZZ_CONTEXT_f68r1.jpg	astro_spatial_human_adjudication	human-1.2/attachment-2	4135029	b72cc6b6ea965f144bbd9682280cbe555b39d9adb66546be6ccafc8059eb6bd6	CANONICAL_OR_DERIVED_IMAGE	YES
research/astro_spatial_human_adjudication/relations/images/ZZ_CONTEXT_f68r2.jpg	astro_spatial_human_adjudication	human-1.2/attachment-2	4188311	5d6fc428b83c3f78de088e9a780043ae6089dfbfe8ba13fe72f7a61812562c52	CANONICAL_OR_DERIVED_IMAGE	YES
research/astro_spatial_human_adjudication/relations/images/ZZ_CONTEXT_f68r3.jpg	astro_spatial_human_adjudication	human-1.2/attachment-2	6997439	ef23e7889735a656c6d2a4d8c055921d1f07c60e6083ae3a6823f57799f32fa4	CANONICAL_OR_DERIVED_IMAGE	YES
research/astro_spatial_human_adjudication/relations/images/ZZ_CONTEXT_f68v1.jpg	astro_spatial_human_adjudication	human-1.2/attachment-2	4000882	5c2615b7350d49e3f90b01563694aa43de0fe7bfc0a1556b068642613c4a5763	CANONICAL_OR_DERIVED_IMAGE	YES
research/astro_spatial_human_adjudication/relations/images/ZZ_CONTEXT_f68v2.jpg	astro_spatial_human_adjudication	human-1.2/attachment-2	3496796	4a10b81107de7cfde68e247831bd9f5ec6c9a582367e59d799776dc4bec8f4b0	CANONICAL_OR_DERIVED_IMAGE	YES
research/astro_spatial_human_adjudication/relations_v2/CVAT_LABEL_STAR_ATTACHMENT_SCHEMA.json	astro_spatial_human_adjudication	human-1.2/attachment-2	2336	1208c122b7715b21878667ec7a0fee46f84567a80d305b90cfd9d43b3b909e6c	VERSIONED_RELATION_RECORD	YES
research/astro_spatial_human_adjudication/relations_v2/RELATIONS_V2_MANIFEST.json	astro_spatial_human_adjudication	human-1.2/attachment-2	23776	3e1634c089005c6831ed7c17434162342ea08e1c9ebaf686d534a28b394c4653	FROZEN_MANIFEST	YES
research/astro_spatial_human_adjudication/relations_v2/REVIEWER_PANEL_DECISIONS.tsv	astro_spatial_human_adjudication	human-1.2/attachment-2	26581	c2fae00ff94235533656f67abcf172313949d8a1f3c4e236215fce47f1c2eb4d	FROZEN_PACKAGE_AUDIT_INPUT	YES
research/astro_spatial_human_adjudication/relations_v2/RIGHT_RULE_FILTERED.tsv	astro_spatial_human_adjudication	human-1.2/attachment-2	6854	9eb5702b71a25858508da4b4307fb5c6a8462eae7e045e0e64822496ad3d3987	FROZEN_PACKAGE_AUDIT_INPUT	YES
research/astro_spatial_human_adjudication/relations_v2/f68v2/ANNOTATIONS.zip	astro_spatial_human_adjudication	human-1.2/attachment-2	3194	29e1687645948df607e0dd55faffb24ebbb71e0f5a9c23d7677fe5d3da1f32ea	FROZEN_PACKAGE_AUDIT_INPUT	YES
research/astro_spatial_human_adjudication/relations_v2/f68v2/IMAGES.zip	astro_spatial_human_adjudication	human-1.2/attachment-2	52969507	42f6f185ba7ee2c3b2dbe17afc57a7718562000c24d50704712952ab3918e939	FROZEN_PACKAGE_AUDIT_INPUT	YES
research/astro_spatial_human_adjudication/relations_v2/f68v2/QUEUE.tsv	astro_spatial_human_adjudication	human-1.2/attachment-2	3023	1e40213fc068c6ec223d1be3f0a35abc3918ec20bf60c40f078c6ea8f695f838	FROZEN_PACKAGE_AUDIT_INPUT	YES
research/astro_spatial_human_adjudication/relations_v2/f68v2/annotations.xml	astro_spatial_human_adjudication	human-1.2/attachment-2	33888	dcc336d0b16ad84f5df2ad5b20df0200c21530ba5d06eb9534e484924f831ce1	FROZEN_PACKAGE_AUDIT_INPUT	YES
research/astro_spatial_human_adjudication/relations_v2/f68v2/images/HREL_0601823D5197.png	astro_spatial_human_adjudication	human-1.2/attachment-2	904793	6bcc083609b12fd21154af1db4cb02955f60b1fb2ae74d0fcd14b88801009ef9	CANONICAL_OR_DERIVED_IMAGE	YES
research/astro_spatial_human_adjudication/relations_v2/f68v2/images/HREL_0E468A25C12C.png	astro_spatial_human_adjudication	human-1.2/attachment-2	1315079	a95fac89e8845bd48714bbbc064fb35f8c845d9c607dcfae6e90d9bdbe50f733	CANONICAL_OR_DERIVED_IMAGE	YES
research/astro_spatial_human_adjudication/relations_v2/f68v2/images/HREL_0FC333E5212B.png	astro_spatial_human_adjudication	human-1.2/attachment-2	1163314	62bce3ca7fc9d4d89df0591117301d76d361bf062613f863097c537fafcc22fa	CANONICAL_OR_DERIVED_IMAGE	YES
research/astro_spatial_human_adjudication/relations_v2/f68v2/images/HREL_1A66A7A00B9B.png	astro_spatial_human_adjudication	human-1.2/attachment-2	1057518	58dbfb98e48ec25c7354383c405cd036fdeee1ef4e58a1e301a5220fa8723f0a	CANONICAL_OR_DERIVED_IMAGE	YES
research/astro_spatial_human_adjudication/relations_v2/f68v2/images/HREL_1B81EAA8627E.png	astro_spatial_human_adjudication	human-1.2/attachment-2	5738915	aa485d39b4ad496c38d214bec1509889df48a7a258a9354044f325b597eeba1e	CANONICAL_OR_DERIVED_IMAGE	YES
research/astro_spatial_human_adjudication/relations_v2/f68v2/images/HREL_2B85CD27E82D.png	astro_spatial_human_adjudication	human-1.2/attachment-2	991772	469518f9bbc5b5fa15810a063a3f13f90fab97269e2206fd33b61244ee7266b1	CANONICAL_OR_DERIVED_IMAGE	YES
research/astro_spatial_human_adjudication/relations_v2/f68v2/images/HREL_4497EF30D8DF.png	astro_spatial_human_adjudication	human-1.2/attachment-2	1207011	3578f22371872496a92802d5a5f35ec98bae4cefc3e5631399809c6fca0e34b7	CANONICAL_OR_DERIVED_IMAGE	YES
research/astro_spatial_human_adjudication/relations_v2/f68v2/images/HREL_4A977E1D3F73.png	astro_spatial_human_adjudication	human-1.2/attachment-2	980634	047c518afcf14ec3db8fc450c31d4456c86eb0851803d5ea57ff9a68730fe03e	CANONICAL_OR_DERIVED_IMAGE	YES
research/astro_spatial_human_adjudication/relations_v2/f68v2/images/HREL_4F3F15BD32F8.png	astro_spatial_human_adjudication	human-1.2/attachment-2	3208193	a4d9edf7a86acd2687ce6569047077dfea0946562934651a743e6ba8590f97ea	CANONICAL_OR_DERIVED_IMAGE	YES
research/astro_spatial_human_adjudication/relations_v2/f68v2/images/HREL_50BF46B87477.png	astro_spatial_human_adjudication	human-1.2/attachment-2	3869392	0368b5d345cd8bdb65d0db8da87e5f4e347f4cb589cfa47049cc9f19cfe30918	CANONICAL_OR_DERIVED_IMAGE	YES
research/astro_spatial_human_adjudication/relations_v2/f68v2/images/HREL_550BEB2D23E5.png	astro_spatial_human_adjudication	human-1.2/attachment-2	1037010	74492a1a7206403989ea691f0166ff54d8d9a6225343ddc02ba7659eb4c6a9bc	CANONICAL_OR_DERIVED_IMAGE	YES
research/astro_spatial_human_adjudication/relations_v2/f68v2/images/HREL_5849D652BA10.png	astro_spatial_human_adjudication	human-1.2/attachment-2	963247	3567b1fca948021c213a3cca8f0a25080d85a422984d8b05f110d198b84bf906	CANONICAL_OR_DERIVED_IMAGE	YES
research/astro_spatial_human_adjudication/relations_v2/f68v2/images/HREL_58C3D82887A8.png	astro_spatial_human_adjudication	human-1.2/attachment-2	1464874	1474e5ea1d22c135d6d281459cc4d61e7dd311a8f367ec287faf6f4d81cd0a3e	CANONICAL_OR_DERIVED_IMAGE	YES
research/astro_spatial_human_adjudication/relations_v2/f68v2/images/HREL_75AE4F78EC71.png	astro_spatial_human_adjudication	human-1.2/attachment-2	993388	1bf119186ea7811281a2423bae0b625acc0870d72e60335e13af15e0f286b9a5	CANONICAL_OR_DERIVED_IMAGE	YES
research/astro_spatial_human_adjudication/relations_v2/f68v2/images/HREL_8E2CB764D35D.png	astro_spatial_human_adjudication	human-1.2/attachment-2	1097262	33854cad77c7e9ec0abcbbd3b27460ea036679e0d0b6c25ea810dce7570d7a15	CANONICAL_OR_DERIVED_IMAGE	YES
research/astro_spatial_human_adjudication/relations_v2/f68v2/images/HREL_9BFAC88FE137.png	astro_spatial_human_adjudication	human-1.2/attachment-2	980634	047c518afcf14ec3db8fc450c31d4456c86eb0851803d5ea57ff9a68730fe03e	CANONICAL_OR_DERIVED_IMAGE	YES
research/astro_spatial_human_adjudication/relations_v2/f68v2/images/HREL_A2A7DA73B599.png	astro_spatial_human_adjudication	human-1.2/attachment-2	1259073	2286141e55f8e7989f75d5dbfee5383ca4b99533e49703e9f1b12c87e73bf7a0	CANONICAL_OR_DERIVED_IMAGE	YES
research/astro_spatial_human_adjudication/relations_v2/f68v2/images/HREL_B0A132F68C09.png	astro_spatial_human_adjudication	human-1.2/attachment-2	4396704	f74cc9ca6679b4d2b03ad48cdedea796d0fbe4fe41aca4e2140d162b06a68a5a	CANONICAL_OR_DERIVED_IMAGE	YES
research/astro_spatial_human_adjudication/relations_v2/f68v2/images/HREL_B3CFEFB2C4B6.png	astro_spatial_human_adjudication	human-1.2/attachment-2	4792962	5538873e21ea4a33a0db2f2ea094d25427ad4dbc078ff78009a17467afb4c5de	CANONICAL_OR_DERIVED_IMAGE	YES
research/astro_spatial_human_adjudication/relations_v2/f68v2/images/HREL_B5304FAC3F2F.png	astro_spatial_human_adjudication	human-1.2/attachment-2	1158248	0ec718ee9110858124857735d7b18d035db95e46d8d96812fe5d4ccbf875b078	CANONICAL_OR_DERIVED_IMAGE	YES
research/astro_spatial_human_adjudication/relations_v2/f68v2/images/HREL_B61939DAC2F0.png	astro_spatial_human_adjudication	human-1.2/attachment-2	1349806	e10b7644842f4567c8aa8d35705d0089583acf68f0687853b34904beb1b05cd0	CANONICAL_OR_DERIVED_IMAGE	YES
research/astro_spatial_human_adjudication/relations_v2/f68v2/images/HREL_BF77339690FB.png	astro_spatial_human_adjudication	human-1.2/attachment-2	1031259	a7d735011de9e2debd681798b8e3b4ca798f87741d99f776643476d8bf4b68d7	CANONICAL_OR_DERIVED_IMAGE	YES
research/astro_spatial_human_adjudication/relations_v2/f68v2/images/HREL_C3BF0F7E218C.png	astro_spatial_human_adjudication	human-1.2/attachment-2	4231956	f3f7c52efcdef4e50cb3fce021a0a9c515b363dd50d4c21fb4b0c79d65a1eb95	CANONICAL_OR_DERIVED_IMAGE	YES
research/astro_spatial_human_adjudication/relations_v2/f68v2/images/HREL_C846439BA486.png	astro_spatial_human_adjudication	human-1.2/attachment-2	1254497	fabd3f9785dd7b2b09b70d5c33c5d838e0ad1f79cbb12038865e5b6f13a01537	CANONICAL_OR_DERIVED_IMAGE	YES
research/astro_spatial_human_adjudication/relations_v2/f68v2/images/HREL_C9B85CCA3303.png	astro_spatial_human_adjudication	human-1.2/attachment-2	1981880	dde3c605ff63b747893e735faf26951b9eb8b87dfadc800be1f747ef67a72451	CANONICAL_OR_DERIVED_IMAGE	YES
research/astro_spatial_human_adjudication/relations_v2/f68v2/images/HREL_E941D77F4CF5.png	astro_spatial_human_adjudication	human-1.2/attachment-2	1040084	dd161e923dea46be1076b9174f39eda412daf55e759ff3081bf2c5267706d0d9	CANONICAL_OR_DERIVED_IMAGE	YES
research/astro_spatial_human_adjudication/relations_v2/f68v2/images/ZZ_CONTEXT_f68v2.jpg	astro_spatial_human_adjudication	human-1.2/attachment-2	3496796	4a10b81107de7cfde68e247831bd9f5ec6c9a582367e59d799776dc4bec8f4b0	CANONICAL_OR_DERIVED_IMAGE	YES
research/astro_spatial_human_adjudication/relations_v2/main/ANNOTATIONS.zip	astro_spatial_human_adjudication	human-1.2/attachment-2	10145	2857e68f66dca598a3bfe8b48491c98dc6435dcb59938c36e74b1971061e8282	FROZEN_PACKAGE_AUDIT_INPUT	YES
research/astro_spatial_human_adjudication/relations_v2/main/IMAGES.zip	astro_spatial_human_adjudication	human-1.2/attachment-2	207641137	c6da58f9f236062ceb4af3a51d985f100220f44a414292b210ca73ef2cfb613f	FROZEN_PACKAGE_AUDIT_INPUT	YES
research/astro_spatial_human_adjudication/relations_v2/main/QUEUE.tsv	astro_spatial_human_adjudication	human-1.2/attachment-2	11342	cd4c609708e2b9158025df361bd45de21b5b19a50d6f3821ba1195cd5b88ca87	FROZEN_PACKAGE_AUDIT_INPUT	YES
research/astro_spatial_human_adjudication/relations_v2/main/annotations.xml	astro_spatial_human_adjudication	human-1.2/attachment-2	119588	4ffbcddbcff14101b957dacb3a0c4eb95624fa4c206d87760c1c6c27d0ac4428	FROZEN_PACKAGE_AUDIT_INPUT	YES
research/astro_spatial_human_adjudication/relations_v2/main/images/HREL_053DFC9161E1.png	astro_spatial_human_adjudication	human-1.2/attachment-2	3214640	02aa8653d8a7f8785d82607f027cdce2fe61b1ca62f6a5f81a0fa539dd87f8f7	CANONICAL_OR_DERIVED_IMAGE	YES
research/astro_spatial_human_adjudication/relations_v2/main/images/HREL_080AF5D80554.png	astro_spatial_human_adjudication	human-1.2/attachment-2	1095551	0519fa729c15b5581dfad03b74b71677c942a07ca899c077cd2236eed2b3b499	CANONICAL_OR_DERIVED_IMAGE	YES
research/astro_spatial_human_adjudication/relations_v2/main/images/HREL_08CEA4C75079.png	astro_spatial_human_adjudication	human-1.2/attachment-2	943075	2f0e9b6e82c93315296cd2cff84e4ff3d7d34e654e37741a85eaa71a45ac8aea	CANONICAL_OR_DERIVED_IMAGE	YES
research/astro_spatial_human_adjudication/relations_v2/main/images/HREL_0989231B630C.png	astro_spatial_human_adjudication	human-1.2/attachment-2	885617	592564233b885f0f9735f3f2bcfada41ca2c11515c939045e3cf929b07eb9a5e	CANONICAL_OR_DERIVED_IMAGE	YES
research/astro_spatial_human_adjudication/relations_v2/main/images/HREL_0A661693F295.png	astro_spatial_human_adjudication	human-1.2/attachment-2	1073880	7669250802846e55d5c5505b0fcc298be9cfe6877d8a0577bffac0875e754516	CANONICAL_OR_DERIVED_IMAGE	YES
research/astro_spatial_human_adjudication/relations_v2/main/images/HREL_0E820FDD8856.png	astro_spatial_human_adjudication	human-1.2/attachment-2	2822845	f2c5ecf3ca872235fd9d4c75475c890b4dabe610356f004f954ba9b02848a238	CANONICAL_OR_DERIVED_IMAGE	YES
research/astro_spatial_human_adjudication/relations_v2/main/images/HREL_0EAF0EFD7A0F.png	astro_spatial_human_adjudication	human-1.2/attachment-2	3963933	f0bb99c91982c549c59961051cfd24c53eed9298e77aa70c387b6c83f175aa2a	CANONICAL_OR_DERIVED_IMAGE	YES
research/astro_spatial_human_adjudication/relations_v2/main/images/HREL_0FCE58748C19.png	astro_spatial_human_adjudication	human-1.2/attachment-2	934802	cebebdb6b26ed0bcdfae15c7766e0a51f7df189a36db806eae4450e951e525a7	CANONICAL_OR_DERIVED_IMAGE	YES
research/astro_spatial_human_adjudication/relations_v2/main/images/HREL_1149A2EB5587.png	astro_spatial_human_adjudication	human-1.2/attachment-2	2869013	cbd4775bca7f6b9a980dc411d94bb1a097be624ab1d625034ae2bba54dc8ddeb	CANONICAL_OR_DERIVED_IMAGE	YES
research/astro_spatial_human_adjudication/relations_v2/main/images/HREL_118FB3814811.png	astro_spatial_human_adjudication	human-1.2/attachment-2	3252267	68c80b01443afd56a1c33f8d95c5c51ff1438c09653f8d4e050465b885d4a7cb	CANONICAL_OR_DERIVED_IMAGE	YES
research/astro_spatial_human_adjudication/relations_v2/main/images/HREL_135E6853FD38.png	astro_spatial_human_adjudication	human-1.2/attachment-2	933035	48b98819951bc8d64e8492bc73a44c80a47849730fe96f912f47bae73fdf6e3b	CANONICAL_OR_DERIVED_IMAGE	YES
research/astro_spatial_human_adjudication/relations_v2/main/images/HREL_1684618424C5.png	astro_spatial_human_adjudication	human-1.2/attachment-2	1165855	be2ced8ed3c53f0eb765506b21935cc19187e70431ccd5500c6b60c9046c0f49	CANONICAL_OR_DERIVED_IMAGE	YES
research/astro_spatial_human_adjudication/relations_v2/main/images/HREL_1D5D94F4E9DB.png	astro_spatial_human_adjudication	human-1.2/attachment-2	977143	a87fa54af12579eb0f23648f82f5c7adbe095405d0460ee67afe6251a7b81a41	CANONICAL_OR_DERIVED_IMAGE	YES
research/astro_spatial_human_adjudication/relations_v2/main/images/HREL_1EF732373F58.png	astro_spatial_human_adjudication	human-1.2/attachment-2	1013865	c6678a80fdaab02c0e4557aea968214fc535d8fbe6143644f61fd2670e2920dd	CANONICAL_OR_DERIVED_IMAGE	YES
research/astro_spatial_human_adjudication/relations_v2/main/images/HREL_2019FBE597FE.png	astro_spatial_human_adjudication	human-1.2/attachment-2	1108496	7b537339fda7545e1b5d9f2d4a906dd6e7f226e74d84c1830102312c1d459223	CANONICAL_OR_DERIVED_IMAGE	YES
research/astro_spatial_human_adjudication/relations_v2/main/images/HREL_26B916F971C9.png	astro_spatial_human_adjudication	human-1.2/attachment-2	969073	064d80985681d46eeb657f5b7fb43137b96fe1cd86849cff7da465e3cb6431fb	CANONICAL_OR_DERIVED_IMAGE	YES
research/astro_spatial_human_adjudication/relations_v2/main/images/HREL_271085788AFD.png	astro_spatial_human_adjudication	human-1.2/attachment-2	1157623	92d06e3a16454c713b7646ae04b542e0b3627eb8b3bc191935eb39f3bb94fa03	CANONICAL_OR_DERIVED_IMAGE	YES
research/astro_spatial_human_adjudication/relations_v2/main/images/HREL_2C09300FAFD3.png	astro_spatial_human_adjudication	human-1.2/attachment-2	987513	5db44015b86b009a5b091756527e933ddc2619bb87f93e729df71dc4e1832b2f	CANONICAL_OR_DERIVED_IMAGE	YES
research/astro_spatial_human_adjudication/relations_v2/main/images/HREL_2F82AFA633B2.png	astro_spatial_human_adjudication	human-1.2/attachment-2	1051024	ba20343eeccdcb8671d5a3070e47dbb0b1be5c1e3668123a2f968a98b8db9821	CANONICAL_OR_DERIVED_IMAGE	YES
research/astro_spatial_human_adjudication/relations_v2/main/images/HREL_381DAD02F755.png	astro_spatial_human_adjudication	human-1.2/attachment-2	1494493	7167033f2ff93c182845c2df553c2791478c7ea1e39ef07ebc1f8340069ae881	CANONICAL_OR_DERIVED_IMAGE	YES
research/astro_spatial_human_adjudication/relations_v2/main/images/HREL_3BDF791DF8CA.png	astro_spatial_human_adjudication	human-1.2/attachment-2	4206946	77ced1d7f350711ec97b121d4f2e9711bba5c3a02534c9e6fa994b862fdbe57c	CANONICAL_OR_DERIVED_IMAGE	YES
research/astro_spatial_human_adjudication/relations_v2/main/images/HREL_3BFF396809D1.png	astro_spatial_human_adjudication	human-1.2/attachment-2	911270	4533e734b253e6a0b041bf6f204289aeb23dc63469624511359742c27f4cbf52	CANONICAL_OR_DERIVED_IMAGE	YES
research/astro_spatial_human_adjudication/relations_v2/main/images/HREL_3C860C3C3E9B.png	astro_spatial_human_adjudication	human-1.2/attachment-2	1261514	99c101913ccb072de7ac73af2a8d9e19021383522c61373adc8a0a4a41862647	CANONICAL_OR_DERIVED_IMAGE	YES
research/astro_spatial_human_adjudication/relations_v2/main/images/HREL_3D61EDB66906.png	astro_spatial_human_adjudication	human-1.2/attachment-2	3327207	ae5aa89d7e5c8187bb6cd3a8097b6e66bda9abf33aab166d6ccb744986893242	CANONICAL_OR_DERIVED_IMAGE	YES
research/astro_spatial_human_adjudication/relations_v2/main/images/HREL_3E67CC1AFCB7.png	astro_spatial_human_adjudication	human-1.2/attachment-2	2869013	cbd4775bca7f6b9a980dc411d94bb1a097be624ab1d625034ae2bba54dc8ddeb	CANONICAL_OR_DERIVED_IMAGE	YES
research/astro_spatial_human_adjudication/relations_v2/main/images/HREL_3ECF2B986CF3.png	astro_spatial_human_adjudication	human-1.2/attachment-2	4183185	81f2ecdef5ab8008a5bbc4570807ecfa162b50d4867d12ba432233974299bbf9	CANONICAL_OR_DERIVED_IMAGE	YES
research/astro_spatial_human_adjudication/relations_v2/main/images/HREL_41861F8671D0.png	astro_spatial_human_adjudication	human-1.2/attachment-2	1302777	bbe8f6ac645998139c2c2e7a12773ea2f354322de287c4e0f6d6e6fbb8047a57	CANONICAL_OR_DERIVED_IMAGE	YES
research/astro_spatial_human_adjudication/relations_v2/main/images/HREL_49E284182411.png	astro_spatial_human_adjudication	human-1.2/attachment-2	944147	f19868f048cf2b597fb32b23dd5e52a969b72b97594bff8ccd1be1eea262188e	CANONICAL_OR_DERIVED_IMAGE	YES
research/astro_spatial_human_adjudication/relations_v2/main/images/HREL_51FCEFDD471F.png	astro_spatial_human_adjudication	human-1.2/attachment-2	1150278	efa6c21aa02efb12155acb23b408353b258c26434f89d0ef0a8e5280fb20318f	CANONICAL_OR_DERIVED_IMAGE	YES
research/astro_spatial_human_adjudication/relations_v2/main/images/HREL_5263B5BA26CC.png	astro_spatial_human_adjudication	human-1.2/attachment-2	1012868	b2232f8f7a03d0b405907f0228b11fed5e5bd1a22a9aab14e46dec122759ce10	CANONICAL_OR_DERIVED_IMAGE	YES
research/astro_spatial_human_adjudication/relations_v2/main/images/HREL_52C95CAD230F.png	astro_spatial_human_adjudication	human-1.2/attachment-2	3095572	f798bbd96d1c8b13ab3a3bfc1e1787a9c1724f94ae91557db7c6bb0c489dc515	CANONICAL_OR_DERIVED_IMAGE	YES
research/astro_spatial_human_adjudication/relations_v2/main/images/HREL_5A851945C38E.png	astro_spatial_human_adjudication	human-1.2/attachment-2	1082002	48e9bc5740f3e501c2757fd6a0651ff2386379a1f20cafce844e42a0270b3b08	CANONICAL_OR_DERIVED_IMAGE	YES
research/astro_spatial_human_adjudication/relations_v2/main/images/HREL_5AF3E1B9BF6E.png	astro_spatial_human_adjudication	human-1.2/attachment-2	1149665	73483a1985f8cf1a63c8067c97e7b34705375cbec6d1e0b5f930d028638ce45f	CANONICAL_OR_DERIVED_IMAGE	YES
research/astro_spatial_human_adjudication/relations_v2/main/images/HREL_601DECED2C95.png	astro_spatial_human_adjudication	human-1.2/attachment-2	2075024	ae198ae9c2a8ebd1b2e58024d4d0aa56790fa19c8dc664a8f596e64ff6f85372	CANONICAL_OR_DERIVED_IMAGE	YES
research/astro_spatial_human_adjudication/relations_v2/main/images/HREL_6090550A8C66.png	astro_spatial_human_adjudication	human-1.2/attachment-2	2111531	03060e14c06c698b7e4123a096b1fa1474a04b7659356aa70532ee42773f6fc3	CANONICAL_OR_DERIVED_IMAGE	YES
research/astro_spatial_human_adjudication/relations_v2/main/images/HREL_61979E57282D.png	astro_spatial_human_adjudication	human-1.2/attachment-2	1904494	ea338c9c34908fc131429d12327449aa7edd6104c92a08504582847637486a3e	CANONICAL_OR_DERIVED_IMAGE	YES
research/astro_spatial_human_adjudication/relations_v2/main/images/HREL_622E126FC2ED.png	astro_spatial_human_adjudication	human-1.2/attachment-2	1073536	8f52c1aa9e2eacde5e6a6a8a3ff0008775001f30cb43b5038a64a45d2ca24c13	CANONICAL_OR_DERIVED_IMAGE	YES
research/astro_spatial_human_adjudication/relations_v2/main/images/HREL_6296B7F8C4F4.png	astro_spatial_human_adjudication	human-1.2/attachment-2	9526991	d1b3f35c5eb207e1449bc215d19342b04198cf5f106f5b213824d6c889cd1034	CANONICAL_OR_DERIVED_IMAGE	YES
research/astro_spatial_human_adjudication/relations_v2/main/images/HREL_64EF6C40CF59.png	astro_spatial_human_adjudication	human-1.2/attachment-2	1001757	3e318cd4782be02f5535091cd500c5b4d7bdea0975bb3ca7ad12a1c92f3bf456	CANONICAL_OR_DERIVED_IMAGE	YES
research/astro_spatial_human_adjudication/relations_v2/main/images/HREL_64FEFD640E3E.png	astro_spatial_human_adjudication	human-1.2/attachment-2	2448782	8051d8ac03a3bed09927d09f1b9d25a7ca5c780c1aa7aa9d5fab9f21ac5840d6	CANONICAL_OR_DERIVED_IMAGE	YES
research/astro_spatial_human_adjudication/relations_v2/main/images/HREL_68BD06396134.png	astro_spatial_human_adjudication	human-1.2/attachment-2	2593968	45faae279cdff30d458fdeb6e4be293400e001468e5a2cd143a40e1262d2d1b3	CANONICAL_OR_DERIVED_IMAGE	YES
research/astro_spatial_human_adjudication/relations_v2/main/images/HREL_69578074B9CB.png	astro_spatial_human_adjudication	human-1.2/attachment-2	3435731	9bea9ca92549b50f1f3bf3ccc87b50381086707cd4271f3d13523d84a64578af	CANONICAL_OR_DERIVED_IMAGE	YES
research/astro_spatial_human_adjudication/relations_v2/main/images/HREL_6B4049A24363.png	astro_spatial_human_adjudication	human-1.2/attachment-2	1080998	77276fcce0aa6ba9d7b29913161b110dfb3784fa30355ab32d02de4d2c9d979b	CANONICAL_OR_DERIVED_IMAGE	YES
research/astro_spatial_human_adjudication/relations_v2/main/images/HREL_6BBF367816C2.png	astro_spatial_human_adjudication	human-1.2/attachment-2	2186943	33d934bf0a663dd6dc2bcf3dafd12f941ee67cbe9e9a0dce1cdd002e7c9fde17	CANONICAL_OR_DERIVED_IMAGE	YES
research/astro_spatial_human_adjudication/relations_v2/main/images/HREL_6C2FF076F73E.png	astro_spatial_human_adjudication	human-1.2/attachment-2	952988	897991684d6ccb9a67e9e288221e7de0aa3cc78909cc886d61b2754c47d32862	CANONICAL_OR_DERIVED_IMAGE	YES
research/astro_spatial_human_adjudication/relations_v2/main/images/HREL_6DD987933811.png	astro_spatial_human_adjudication	human-1.2/attachment-2	1286160	ee30e4317f2f903793c5b89bc8dac95c2936f9140e1f727411788575e74fd72c	CANONICAL_OR_DERIVED_IMAGE	YES
research/astro_spatial_human_adjudication/relations_v2/main/images/HREL_6E565F920B53.png	astro_spatial_human_adjudication	human-1.2/attachment-2	2314133	ababbf817b4d471b0f8b055aaeba2850ebaf5c4b01bea4395173de938857d317	CANONICAL_OR_DERIVED_IMAGE	YES
research/astro_spatial_human_adjudication/relations_v2/main/images/HREL_6E8DBFA9F8E9.png	astro_spatial_human_adjudication	human-1.2/attachment-2	2943322	17b33ff3d645b86b32a7c9e23bba26d085e0a053989710461dadb8b9e9c52318	CANONICAL_OR_DERIVED_IMAGE	YES
research/astro_spatial_human_adjudication/relations_v2/main/images/HREL_70179A693FC6.png	astro_spatial_human_adjudication	human-1.2/attachment-2	958335	329924c1367219c452fc80d8f144325cec3d23f8d0f9f2c7386b09ff3013ef99	CANONICAL_OR_DERIVED_IMAGE	YES
research/astro_spatial_human_adjudication/relations_v2/main/images/HREL_70CE31C526E6.png	astro_spatial_human_adjudication	human-1.2/attachment-2	1171572	0c3ec9f935c1b42ef54376bd0b578fa4e70776dc5131fe1da7691451882d1d61	CANONICAL_OR_DERIVED_IMAGE	YES
research/astro_spatial_human_adjudication/relations_v2/main/images/HREL_7544B2724CFC.png	astro_spatial_human_adjudication	human-1.2/attachment-2	3285665	b3b1aed733fc5d5f50d03a9792252d0757369ce087cb6e70d10ee87d920020bc	CANONICAL_OR_DERIVED_IMAGE	YES
research/astro_spatial_human_adjudication/relations_v2/main/images/HREL_7683BFF416FC.png	astro_spatial_human_adjudication	human-1.2/attachment-2	3624405	f2ea2032b3e2a0573e20f2a8d1b190d5a5549b6e1f437d023a6d2cdb59da766a	CANONICAL_OR_DERIVED_IMAGE	YES
research/astro_spatial_human_adjudication/relations_v2/main/images/HREL_7836B7506E79.png	astro_spatial_human_adjudication	human-1.2/attachment-2	1212511	f4da7c408d310efb1cf27f8f07627b1c6f7a21244fe8d0a49094da72033d2424	CANONICAL_OR_DERIVED_IMAGE	YES
research/astro_spatial_human_adjudication/relations_v2/main/images/HREL_7C73704A112C.png	astro_spatial_human_adjudication	human-1.2/attachment-2	769593	f9c83845f6df64e86f96e0fa62f7bedb1e5a51308a35a35c850f751f7f367af4	CANONICAL_OR_DERIVED_IMAGE	YES
research/astro_spatial_human_adjudication/relations_v2/main/images/HREL_7F18D8A79C26.png	astro_spatial_human_adjudication	human-1.2/attachment-2	969635	dc472eae9df3d78d864ed381685971c8f6291d2f2f43f8111176396054154a8e	CANONICAL_OR_DERIVED_IMAGE	YES
research/astro_spatial_human_adjudication/relations_v2/main/images/HREL_7F5A955FF2A4.png	astro_spatial_human_adjudication	human-1.2/attachment-2	951629	396610b5890b81ac335b67ef25cd5677e338f671840076c8b427821c7baeb866	CANONICAL_OR_DERIVED_IMAGE	YES
research/astro_spatial_human_adjudication/relations_v2/main/images/HREL_80080CAA4F33.png	astro_spatial_human_adjudication	human-1.2/attachment-2	2465464	a9176518d0e326b295a5fbdb93f297f10abdd57828673ca826bf0acc58c11a25	CANONICAL_OR_DERIVED_IMAGE	YES
research/astro_spatial_human_adjudication/relations_v2/main/images/HREL_8389EE287829.png	astro_spatial_human_adjudication	human-1.2/attachment-2	1269198	ae5e64fa0b196ebc98577706c0c07ed9191b9df19d75986a6277c34cb2dd6760	CANONICAL_OR_DERIVED_IMAGE	YES
research/astro_spatial_human_adjudication/relations_v2/main/images/HREL_85BB80FB9F4B.png	astro_spatial_human_adjudication	human-1.2/attachment-2	2405937	931d99045847ac2f822a7665c58da9f2c0e8669765f805c96d56415477fbbbde	CANONICAL_OR_DERIVED_IMAGE	YES
research/astro_spatial_human_adjudication/relations_v2/main/images/HREL_8CA601B473D5.png	astro_spatial_human_adjudication	human-1.2/attachment-2	878060	207a919188836aa21964c13a61cb51c8d93e545769b3e2f35f86bd4b1cace572	CANONICAL_OR_DERIVED_IMAGE	YES
research/astro_spatial_human_adjudication/relations_v2/main/images/HREL_8D97BF7AF609.png	astro_spatial_human_adjudication	human-1.2/attachment-2	788033	2979f6241cd15205a64c67180827d5def3abe6405c6e6645f11210b28f7cb3c4	CANONICAL_OR_DERIVED_IMAGE	YES
research/astro_spatial_human_adjudication/relations_v2/main/images/HREL_8FE034814C60.png	astro_spatial_human_adjudication	human-1.2/attachment-2	1134474	404a2c9631435177903cc096a023025ede4d473d57fd3e777f6a5cdc6bb128df	CANONICAL_OR_DERIVED_IMAGE	YES
research/astro_spatial_human_adjudication/relations_v2/main/images/HREL_903DB2DDDF39.png	astro_spatial_human_adjudication	human-1.2/attachment-2	1113277	544eb7843fbb8b8460c93cdc520443c87f53527128755757e846c08c0e438c02	CANONICAL_OR_DERIVED_IMAGE	YES
research/astro_spatial_human_adjudication/relations_v2/main/images/HREL_9385149094D0.png	astro_spatial_human_adjudication	human-1.2/attachment-2	997427	f7b9a8f51cf773bbcb087b76c619a5056d4dd5a2842e093c61006c35419a32df	CANONICAL_OR_DERIVED_IMAGE	YES
research/astro_spatial_human_adjudication/relations_v2/main/images/HREL_950A3C984871.png	astro_spatial_human_adjudication	human-1.2/attachment-2	1398825	6b8f9e08b37f520677809b23ee867cc50ffb79e7d8001879580d004b5eae9fa9	CANONICAL_OR_DERIVED_IMAGE	YES
research/astro_spatial_human_adjudication/relations_v2/main/images/HREL_96AB8CDDE272.png	astro_spatial_human_adjudication	human-1.2/attachment-2	1705090	6d227f2b24e0e95285da196ec020ef854166c7f5f2b7cfe2a32c331858fefa28	CANONICAL_OR_DERIVED_IMAGE	YES
research/astro_spatial_human_adjudication/relations_v2/main/images/HREL_98FE6A52AB66.png	astro_spatial_human_adjudication	human-1.2/attachment-2	1102195	7cc068db8a64167042350e434ecc856716024370f75bc1ba656422a2d7a040ea	CANONICAL_OR_DERIVED_IMAGE	YES
research/astro_spatial_human_adjudication/relations_v2/main/images/HREL_9E7C8361844B.png	astro_spatial_human_adjudication	human-1.2/attachment-2	1208170	1cae9dcce4fa32733a1240411a88284769b011c8a0d816ac5c75a80a45075a63	CANONICAL_OR_DERIVED_IMAGE	YES
research/astro_spatial_human_adjudication/relations_v2/main/images/HREL_9F09D6FFCE91.png	astro_spatial_human_adjudication	human-1.2/attachment-2	1181969	c04d2d0b8c598db993c120f34e62a13c2391ec324ffae910fd4b0e0150869dbe	CANONICAL_OR_DERIVED_IMAGE	YES
research/astro_spatial_human_adjudication/relations_v2/main/images/HREL_9FF1165CCBCC.png	astro_spatial_human_adjudication	human-1.2/attachment-2	1132695	67558381b7a06a6da5bb65d47b6750813b5241d05a8c851cc84c34df51194aba	CANONICAL_OR_DERIVED_IMAGE	YES
research/astro_spatial_human_adjudication/relations_v2/main/images/HREL_A1E28D46E5E2.png	astro_spatial_human_adjudication	human-1.2/attachment-2	2442383	c5ab0a8bafaf42ca441c9b303098b481f06e57bdc29652250ff3d3e20b8dadff	CANONICAL_OR_DERIVED_IMAGE	YES
research/astro_spatial_human_adjudication/relations_v2/main/images/HREL_A689AA4443B0.png	astro_spatial_human_adjudication	human-1.2/attachment-2	1146910	28872e93ab721d5b635d7902a7c01182f9fbd0f5e9c31eb12fd8d098a2d2510a	CANONICAL_OR_DERIVED_IMAGE	YES
research/astro_spatial_human_adjudication/relations_v2/main/images/HREL_A9F689129DB2.png	astro_spatial_human_adjudication	human-1.2/attachment-2	9068847	8f46cd851389e95800ac4c7601d689005dc9012ec2efd98a03099d657f119996	CANONICAL_OR_DERIVED_IMAGE	YES
research/astro_spatial_human_adjudication/relations_v2/main/images/HREL_ADEB0D4CA235.png	astro_spatial_human_adjudication	human-1.2/attachment-2	3016487	adabf9a46f18fff820adf132cd3b58a2afc5a01cb8269b4ca8336756a6ccf20e	CANONICAL_OR_DERIVED_IMAGE	YES
research/astro_spatial_human_adjudication/relations_v2/main/images/HREL_B0A01B6B96B0.png	astro_spatial_human_adjudication	human-1.2/attachment-2	4195490	0465d17cda54a9938e26d27f26f494970354d688610cfed5c503b940cc6628d4	CANONICAL_OR_DERIVED_IMAGE	YES
research/astro_spatial_human_adjudication/relations_v2/main/images/HREL_BC0C8D31EC5F.png	astro_spatial_human_adjudication	human-1.2/attachment-2	1148490	26cb9841ceffd7280010ec201ae8b70e092e63edcb9020b9b82529c87248511b	CANONICAL_OR_DERIVED_IMAGE	YES
research/astro_spatial_human_adjudication/relations_v2/main/images/HREL_BEBCFAB356B2.png	astro_spatial_human_adjudication	human-1.2/attachment-2	972628	64b6b6ec923587ff992c97d2783297df06dac9b864be539a3a1ec2612e0911e3	CANONICAL_OR_DERIVED_IMAGE	YES
research/astro_spatial_human_adjudication/relations_v2/main/images/HREL_C0D41FF08E1B.png	astro_spatial_human_adjudication	human-1.2/attachment-2	2943322	17b33ff3d645b86b32a7c9e23bba26d085e0a053989710461dadb8b9e9c52318	CANONICAL_OR_DERIVED_IMAGE	YES
research/astro_spatial_human_adjudication/relations_v2/main/images/HREL_C0FFA777D644.png	astro_spatial_human_adjudication	human-1.2/attachment-2	1277258	cda9f706783af0cec5bd69b0b4b3445e080402273ca7fa66ecc8e9dbf9873843	CANONICAL_OR_DERIVED_IMAGE	YES
research/astro_spatial_human_adjudication/relations_v2/main/images/HREL_C4BB6AE82618.png	astro_spatial_human_adjudication	human-1.2/attachment-2	1322322	d927f46092b3933b49a1ce615093838c5af00d4d665f4dc64a8aa64335624bb8	CANONICAL_OR_DERIVED_IMAGE	YES
research/astro_spatial_human_adjudication/relations_v2/main/images/HREL_C756E432B58D.png	astro_spatial_human_adjudication	human-1.2/attachment-2	2943322	17b33ff3d645b86b32a7c9e23bba26d085e0a053989710461dadb8b9e9c52318	CANONICAL_OR_DERIVED_IMAGE	YES
research/astro_spatial_human_adjudication/relations_v2/main/images/HREL_C7662D39AD88.png	astro_spatial_human_adjudication	human-1.2/attachment-2	3095572	f798bbd96d1c8b13ab3a3bfc1e1787a9c1724f94ae91557db7c6bb0c489dc515	CANONICAL_OR_DERIVED_IMAGE	YES
research/astro_spatial_human_adjudication/relations_v2/main/images/HREL_C95EC00AF82A.png	astro_spatial_human_adjudication	human-1.2/attachment-2	2189602	611477b906c167cc04c09a077a205a272e883e1edf9061d35dfbdc3b306ac155	CANONICAL_OR_DERIVED_IMAGE	YES
research/astro_spatial_human_adjudication/relations_v2/main/images/HREL_C9C963A1AC52.png	astro_spatial_human_adjudication	human-1.2/attachment-2	872474	befd81e0135a1e432eaffd6d8d8272e654ca9f847ccb3597337f511ebc15703d	CANONICAL_OR_DERIVED_IMAGE	YES
research/astro_spatial_human_adjudication/relations_v2/main/images/HREL_CA07AB1E742C.png	astro_spatial_human_adjudication	human-1.2/attachment-2	1298269	9c600fdcf305962093fcd54e186baa9f2f3203dc67a3bd7b56a8cc4a9d8337e3	CANONICAL_OR_DERIVED_IMAGE	YES
research/astro_spatial_human_adjudication/relations_v2/main/images/HREL_CD5AB4BD8D25.png	astro_spatial_human_adjudication	human-1.2/attachment-2	849606	1cd87990547ba893c943cb075d6b96bbedf4305aec1513eefe19a6678c86122a	CANONICAL_OR_DERIVED_IMAGE	YES
research/astro_spatial_human_adjudication/relations_v2/main/images/HREL_CEC8C40AAFC2.png	astro_spatial_human_adjudication	human-1.2/attachment-2	1268257	77c49a1deeca003a815909d2e8d6149f12313bf8aa15ed90a66e5c6b3dc53cd0	CANONICAL_OR_DERIVED_IMAGE	YES
research/astro_spatial_human_adjudication/relations_v2/main/images/HREL_D295A87BEAAC.png	astro_spatial_human_adjudication	human-1.2/attachment-2	3654133	fd4d8bd3e73c1df7e2a228a0f8320babdef00909fd32e37522cadd8a67a7d82f	CANONICAL_OR_DERIVED_IMAGE	YES
research/astro_spatial_human_adjudication/relations_v2/main/images/HREL_D550E0F999B0.png	astro_spatial_human_adjudication	human-1.2/attachment-2	2869013	cbd4775bca7f6b9a980dc411d94bb1a097be624ab1d625034ae2bba54dc8ddeb	CANONICAL_OR_DERIVED_IMAGE	YES
research/astro_spatial_human_adjudication/relations_v2/main/images/HREL_DAC4A3F4CB8F.png	astro_spatial_human_adjudication	human-1.2/attachment-2	1097447	bd74af0c5cf1a47da385eb5015c7ef548d88d7dc1503b7b5ebfd099ff87fe98d	CANONICAL_OR_DERIVED_IMAGE	YES
research/astro_spatial_human_adjudication/relations_v2/main/images/HREL_DC58DF874C51.png	astro_spatial_human_adjudication	human-1.2/attachment-2	926703	fd38a18d62eb4944d3a687d46ac129934c3ea47fdb73a13fbb8f1cb8146cb926	CANONICAL_OR_DERIVED_IMAGE	YES
research/astro_spatial_human_adjudication/relations_v2/main/images/HREL_DC5F2F5F9A5C.png	astro_spatial_human_adjudication	human-1.2/attachment-2	1092790	747a6780ec55d00f3f656029456ae1d1a0d5d1ea18b0d81772c6be3174f97a56	CANONICAL_OR_DERIVED_IMAGE	YES
research/astro_spatial_human_adjudication/relations_v2/main/images/HREL_DE1F905F7E82.png	astro_spatial_human_adjudication	human-1.2/attachment-2	1156267	f8f7aa8be1035629f7256d1afdaf2317cb91df020711eebc4fab28d0c9dff404	CANONICAL_OR_DERIVED_IMAGE	YES
research/astro_spatial_human_adjudication/relations_v2/main/images/HREL_DF94F8399F86.png	astro_spatial_human_adjudication	human-1.2/attachment-2	2978224	847299a37ac5ddcb51d61468e2bb37d534efc41c69b10d1068e06aae58933237	CANONICAL_OR_DERIVED_IMAGE	YES
research/astro_spatial_human_adjudication/relations_v2/main/images/HREL_EB160D44C97E.png	astro_spatial_human_adjudication	human-1.2/attachment-2	2945725	3eaf172030c9acca018f3838c64473432d8f0a246714ec27da0d1379a6fb712d	CANONICAL_OR_DERIVED_IMAGE	YES
research/astro_spatial_human_adjudication/relations_v2/main/images/HREL_EB6F99F77796.png	astro_spatial_human_adjudication	human-1.2/attachment-2	967195	eb24653ace2c6c71e6b5aee20355318a9d9878c680c9f287c4ba8dc62c0751d5	CANONICAL_OR_DERIVED_IMAGE	YES
research/astro_spatial_human_adjudication/relations_v2/main/images/HREL_EC60DA3D98D9.png	astro_spatial_human_adjudication	human-1.2/attachment-2	3286879	33c70d9ead72f2c04b0d22cd665b818524b50c267882767552ccaa08d87cf103	CANONICAL_OR_DERIVED_IMAGE	YES
research/astro_spatial_human_adjudication/relations_v2/main/images/HREL_F49854066641.png	astro_spatial_human_adjudication	human-1.2/attachment-2	1248744	e0ba79c4faf28d12cceb33c89eff490e49c84e8c87c598069a38c30a9e26b447	CANONICAL_OR_DERIVED_IMAGE	YES
research/astro_spatial_human_adjudication/relations_v2/main/images/HREL_F7503CE1DAB8.png	astro_spatial_human_adjudication	human-1.2/attachment-2	2963243	9b1029636f26e9324b4cf963ed658e7ca6352ceb0b7c02aa446f95e02ec7f787	CANONICAL_OR_DERIVED_IMAGE	YES
research/astro_spatial_human_adjudication/relations_v2/main/images/ZZ_CONTEXT_f68r1.jpg	astro_spatial_human_adjudication	human-1.2/attachment-2	4135029	b72cc6b6ea965f144bbd9682280cbe555b39d9adb66546be6ccafc8059eb6bd6	CANONICAL_OR_DERIVED_IMAGE	YES
research/astro_spatial_human_adjudication/relations_v2/main/images/ZZ_CONTEXT_f68r2.jpg	astro_spatial_human_adjudication	human-1.2/attachment-2	4188311	5d6fc428b83c3f78de088e9a780043ae6089dfbfe8ba13fe72f7a61812562c52	CANONICAL_OR_DERIVED_IMAGE	YES
research/astro_spatial_human_adjudication/relations_v2/main/images/ZZ_CONTEXT_f68r3.jpg	astro_spatial_human_adjudication	human-1.2/attachment-2	6997439	ef23e7889735a656c6d2a4d8c055921d1f07c60e6083ae3a6823f57799f32fa4	CANONICAL_OR_DERIVED_IMAGE	YES
research/astro_spatial_human_adjudication/scripts/build_human_candidate_layer.py	astro_spatial_human_adjudication	human-1.2/attachment-2	21130	6eb9c818336193e038dee670c0dbdb117d3831dd295d89b4d5cd866d5f7fce70	FROZEN_PACKAGE_AUDIT_INPUT	YES
research/astro_spatial_human_adjudication/scripts/build_label_star_attachment_v2.py	astro_spatial_human_adjudication	human-1.2/attachment-2	8036	cfc0fca54e67f8ed49e9ec896de5f75626d7329057f7ae32603138c400683c38	FROZEN_PACKAGE_AUDIT_INPUT	YES
research/astro_spatial_human_adjudication/scripts/build_label_star_relations.py	astro_spatial_human_adjudication	human-1.2/attachment-2	11459	f4687b5f78907293df94223bef5163569dbb51d4e883ebbf8e0fe6e5fb7dedbd	FROZEN_PACKAGE_AUDIT_INPUT	YES
research/astro_spatial_human_adjudication/scripts/compute_consensus_qc_metrics.py	astro_spatial_human_adjudication	human-1.2/attachment-2	2748	e70836481d65a8e5fa9de54bbc00b66556a409e38a499b23d032db5874bdbec5	FROZEN_PACKAGE_AUDIT_INPUT	YES
research/astro_spatial_human_adjudication/scripts/compute_human_metrics.py	astro_spatial_human_adjudication	human-1.2/attachment-2	3317	0010cbbe2f63f465a7686d6ec06d8250ade4ef4b7d3d38d413c78ee1d31e6bb6	FROZEN_PACKAGE_AUDIT_INPUT	YES
research/astro_spatial_human_adjudication/scripts/export_to_cvat.py	astro_spatial_human_adjudication	human-1.2/attachment-2	8271	1cd6e17fbcb6c22c71eaaf9c7949474c32b703af4199e5950e19ef8b92bbed25	FROZEN_PACKAGE_AUDIT_INPUT	YES
research/astro_spatial_human_adjudication/scripts/finalize_consensus_qc.py	astro_spatial_human_adjudication	human-1.2/attachment-2	3675	b325ddf08b2851afdfa982d03cb306c9d36033fd769cfdeb521d96357326608b	FROZEN_PACKAGE_AUDIT_INPUT	YES
research/astro_spatial_human_adjudication/scripts/finalize_high_review.py	astro_spatial_human_adjudication	human-1.2/attachment-2	5079	bbc478de19f0f99298b2edc3b6100a8a400ce710605c468f73ae490c27406923	FROZEN_PACKAGE_AUDIT_INPUT	YES
research/astro_spatial_human_adjudication/scripts/freeze_attachment_v2.py	astro_spatial_human_adjudication	human-1.2/attachment-2	5832	4806cce25176d75616c94782d916ac39bac81b1965c5ff956113d6afdef1892b	FROZEN_PACKAGE_AUDIT_INPUT	YES
research/astro_spatial_human_adjudication/scripts/freeze_package.py	astro_spatial_human_adjudication	human-1.2/attachment-2	3424	f8deabdc541ca4433bd8df4382cfe476c29fe5c0e3982c316b37bb69a31c10bb	FROZEN_PACKAGE_AUDIT_INPUT	YES
research/astro_spatial_human_adjudication/scripts/freeze_reviewed_layers.py	astro_spatial_human_adjudication	human-1.2/attachment-2	5705	727d0c2b705536b4d571ea1baec6c878c503997546c3391d480656ce78ee27b7	FROZEN_PACKAGE_AUDIT_INPUT	YES
research/astro_spatial_human_adjudication/scripts/import_from_cvat.py	astro_spatial_human_adjudication	human-1.2/attachment-2	4445	00d2399f2a6390f9ded0653212716167ae7c696accfd26432ed31cc0328cc6be	FROZEN_PACKAGE_AUDIT_INPUT	YES
research/astro_spatial_human_adjudication/scripts/import_label_star_attachment_v2.py	astro_spatial_human_adjudication	human-1.2/attachment-2	6150	5a76a35ef4928f10a95f77222ace9d50381f696e8c71c7ff79f6de89ef54d522	FROZEN_PACKAGE_AUDIT_INPUT	YES
research/astro_spatial_human_adjudication/scripts/import_label_star_relations.py	astro_spatial_human_adjudication	human-1.2/attachment-2	7092	a8546be6ebbcac8deec014c00a3e2802a845c7d265cb7275f57b6310d9dffd48	FROZEN_PACKAGE_AUDIT_INPUT	YES
research/astro_spatial_human_adjudication/scripts/merge_calibration_followup.py	astro_spatial_human_adjudication	human-1.2/attachment-2	1817	df537335876386f7e80a9121de2ee2a401e8ad27d204d34878c4376232a6a2e9	FROZEN_PACKAGE_AUDIT_INPUT	YES
research/astro_spatial_human_adjudication/tests/test_attachment_v2.py	astro_spatial_human_adjudication	human-1.2/attachment-2	9480	eab3d110c2a7a6377b8e3401c284a6ccff159a9cd0b0e3fd4fb9d488e2dddfda	FROZEN_PACKAGE_AUDIT_INPUT	YES
research/astro_spatial_human_adjudication/tests/test_label_star_relations.py	astro_spatial_human_adjudication	human-1.2/attachment-2	8687	6cf4e23a8df813cc01a275f892ba47e4c469ceef33637ec109b0176e4cdaa566	FROZEN_PACKAGE_AUDIT_INPUT	YES
research/astro_spatial_human_adjudication/tests/test_package.py	astro_spatial_human_adjudication	human-1.2/attachment-2	21442	6255d17b38a28067a52f89c7464f9520f6f94159fa24a194a0c654ac43f2fa24	FROZEN_PACKAGE_AUDIT_INPUT	YES
