object_type	pair_file	panel	left_source	left_id	right_source	right_id	match_status	left_candidate_id	right_candidate_id	reconciliation_status
STAR	research/astro_spatial_annotation_ai_b/AI_B_A_MATCH_OBJECTS.tsv	f67r1	A	f67r1-circle-01	AI1	B_OBJ_0005	MATCHED	HOBJ_f67r1_C9AFEC3DCF28	HOBJ_f67r1_C9AFEC3DCF28	SAME_CANDIDATE
STAR	research/astro_spatial_annotation_ai_b/AI_B_A_MATCH_OBJECTS.tsv	f67r1	A	f67r1-central-01	AI1	B_OBJ_0001	MATCHED	HOBJ_f67r1_40D47C1A55BC	HOBJ_f67r1_40D47C1A55BC	SAME_CANDIDATE
STAR	research/astro_spatial_annotation_ai_b/AI_B_A_MATCH_OBJECTS.tsv	f67r2	A	f67r2-circle-01	AI1	B_OBJ_0061	MATCHED	HOBJ_f67r2_9B3EF77F257A	HOBJ_f67r2_9B3EF77F257A	SAME_CANDIDATE
STAR	research/astro_spatial_annotation_ai_b/AI_B_A_MATCH_OBJECTS.tsv	f67r2	A	f67r2-central-01	AI1	B_OBJ_0058	MATCHED	HOBJ_f67r2_1404575139CD	HOBJ_f67r2_1404575139CD	SAME_CANDIDATE
STAR	research/astro_spatial_annotation_ai_b/AI_B_A_MATCH_OBJECTS.tsv	f67v1	A	f67v1-circle-01	AI1	B_OBJ_0101	MATCHED	HOBJ_f67v1_5E4C087F0043	HOBJ_f67v1_5E4C087F0043	SAME_CANDIDATE
STAR	research/astro_spatial_annotation_ai_b/AI_B_A_MATCH_OBJECTS.tsv	f67v1	A	f67v1-central-01	AI1	B_OBJ_0099	MATCHED	HOBJ_f67v1_DBFC2F9FC644	HOBJ_f67v1_DBFC2F9FC644	SAME_CANDIDATE
STAR	research/astro_spatial_annotation_ai_b/AI_B_A_MATCH_OBJECTS.tsv	f68r1	A	f68r1-disc-01	AI1	UNMATCHED	A_ONLY	HOBJ_f68r1_8694EF0DBAE8		UNMATCHED
STAR	research/astro_spatial_annotation_ai_b/AI_B_A_MATCH_OBJECTS.tsv	f68r1	A	f68r1-disc-02	AI1	B_OBJ_0168	MATCHED	HOBJ_f68r1_3FE690F352AE	HOBJ_f68r1_3FE690F352AE	SAME_CANDIDATE
STAR	research/astro_spatial_annotation_ai_b/AI_B_A_MATCH_OBJECTS.tsv	f68r1	A	f68r1-star-001	AI1	B_OBJ_0170	MATCHED	HOBJ_f68r1_42593179D17A	HOBJ_f68r1_42593179D17A	SAME_CANDIDATE
STAR	research/astro_spatial_annotation_ai_b/AI_B_A_MATCH_OBJECTS.tsv	f68r1	A	f68r1-star-002	AI1	B_OBJ_0171	MATCHED	HOBJ_f68r1_BBA9BDF4EB9B	HOBJ_f68r1_BBA9BDF4EB9B	SAME_CANDIDATE
STAR	research/astro_spatial_annotation_ai_b/AI_B_A_MATCH_OBJECTS.tsv	f68r1	A	f68r1-star-003	AI1	UNMATCHED	A_ONLY	HOBJ_f68r1_9B96054D7F5D		UNMATCHED
STAR	research/astro_spatial_annotation_ai_b/AI_B_A_MATCH_OBJECTS.tsv	f68r1	A	f68r1-star-004	AI1	B_OBJ_0173	MATCHED	HOBJ_f68r1_9571A3F0AA59	HOBJ_f68r1_9571A3F0AA59	SAME_CANDIDATE
STAR	research/astro_spatial_annotation_ai_b/AI_B_A_MATCH_OBJECTS.tsv	f68r1	A	f68r1-star-005	AI1	B_OBJ_0176	MATCHED	HOBJ_f68r1_56FE9D975510	HOBJ_f68r1_56FE9D975510	SAME_CANDIDATE
STAR	research/astro_spatial_annotation_ai_b/AI_B_A_MATCH_OBJECTS.tsv	f68r1	A	f68r1-star-006	AI1	B_OBJ_0174	MATCHED	HOBJ_f68r1_429CE38123FF	HOBJ_f68r1_429CE38123FF	SAME_CANDIDATE
STAR	research/astro_spatial_annotation_ai_b/AI_B_A_MATCH_OBJECTS.tsv	f68r1	A	f68r1-star-007	AI1	UNMATCHED	A_ONLY	HOBJ_f68r1_0AF8536C9FEC		UNMATCHED
STAR	research/astro_spatial_annotation_ai_b/AI_B_A_MATCH_OBJECTS.tsv	f68r1	A	f68r1-star-008	AI1	B_OBJ_0177	MATCHED	HOBJ_f68r1_DBC3503D1FA1	HOBJ_f68r1_DBC3503D1FA1	SAME_CANDIDATE
STAR	research/astro_spatial_annotation_ai_b/AI_B_A_MATCH_OBJECTS.tsv	f68r1	A	f68r1-star-009	AI1	B_OBJ_0178	MATCHED	HOBJ_f68r1_B592D9992D0A	HOBJ_f68r1_B592D9992D0A	SAME_CANDIDATE
STAR	research/astro_spatial_annotation_ai_b/AI_B_A_MATCH_OBJECTS.tsv	f68r1	A	f68r1-star-010	AI1	B_OBJ_0181	MATCHED	HOBJ_f68r1_E16D23AE18A1	HOBJ_f68r1_E16D23AE18A1	SAME_CANDIDATE
STAR	research/astro_spatial_annotation_ai_b/AI_B_A_MATCH_OBJECTS.tsv	f68r1	A	f68r1-star-011	AI1	B_OBJ_0179	MATCHED	HOBJ_f68r1_572D3F1F8DE6	HOBJ_f68r1_572D3F1F8DE6	SAME_CANDIDATE
STAR	research/astro_spatial_annotation_ai_b/AI_B_A_MATCH_OBJECTS.tsv	f68r1	A	f68r1-star-012	AI1	B_OBJ_0180	MATCHED	HOBJ_f68r1_045FE36E94DB	HOBJ_f68r1_045FE36E94DB	SAME_CANDIDATE
STAR	research/astro_spatial_annotation_ai_b/AI_B_A_MATCH_OBJECTS.tsv	f68r1	A	f68r1-star-013	AI1	B_OBJ_0184	MATCHED	HOBJ_f68r1_8AB54EE0159A	HOBJ_f68r1_8AB54EE0159A	SAME_CANDIDATE
STAR	research/astro_spatial_annotation_ai_b/AI_B_A_MATCH_OBJECTS.tsv	f68r1	A	f68r1-star-014	AI1	B_OBJ_0185	MATCHED	HOBJ_f68r1_7DA2F63507A1	HOBJ_f68r1_7DA2F63507A1	SAME_CANDIDATE
STAR	research/astro_spatial_annotation_ai_b/AI_B_A_MATCH_OBJECTS.tsv	f68r1	A	f68r1-star-015	AI1	B_OBJ_0186	MATCHED	HOBJ_f68r1_62EA56EE4C90	HOBJ_f68r1_62EA56EE4C90	SAME_CANDIDATE
STAR	research/astro_spatial_annotation_ai_b/AI_B_A_MATCH_OBJECTS.tsv	f68r1	A	f68r1-star-016	AI1	B_OBJ_0187	MATCHED	HOBJ_f68r1_D9420792465B	HOBJ_f68r1_D9420792465B	SAME_CANDIDATE
STAR	research/astro_spatial_annotation_ai_b/AI_B_A_MATCH_OBJECTS.tsv	f68r1	A	f68r1-star-017	AI1	B_OBJ_0182	MATCHED	HOBJ_f68r1_A46A6CCCCD6B	HOBJ_f68r1_A46A6CCCCD6B	SAME_CANDIDATE
STAR	research/astro_spatial_annotation_ai_b/AI_B_A_MATCH_OBJECTS.tsv	f68r1	A	f68r1-star-018	AI1	B_OBJ_0183	MATCHED	HOBJ_f68r1_EFE31B3115DD	HOBJ_f68r1_EFE31B3115DD	SAME_CANDIDATE
STAR	research/astro_spatial_annotation_ai_b/AI_B_A_MATCH_OBJECTS.tsv	f68r1	A	f68r1-star-019	AI1	B_OBJ_0190	MATCHED	HOBJ_f68r1_9577F9FF3A3E	HOBJ_f68r1_9577F9FF3A3E	SAME_CANDIDATE
STAR	research/astro_spatial_annotation_ai_b/AI_B_A_MATCH_OBJECTS.tsv	f68r1	A	f68r1-star-020	AI1	B_OBJ_0191	MATCHED	HOBJ_f68r1_B92C40C81C21	HOBJ_f68r1_B92C40C81C21	SAME_CANDIDATE
STAR	research/astro_spatial_annotation_ai_b/AI_B_A_MATCH_OBJECTS.tsv	f68r1	A	f68r1-star-021	AI1	UNMATCHED	A_ONLY	HOBJ_f68r1_1470E964673A		UNMATCHED
STAR	research/astro_spatial_annotation_ai_b/AI_B_A_MATCH_OBJECTS.tsv	f68r1	A	f68r1-star-022	AI1	B_OBJ_0188	MATCHED	HOBJ_f68r1_620CC013B0AF	HOBJ_f68r1_620CC013B0AF	SAME_CANDIDATE
STAR	research/astro_spatial_annotation_ai_b/AI_B_A_MATCH_OBJECTS.tsv	f68r1	A	f68r1-star-023	AI1	B_OBJ_0189	MATCHED	HOBJ_f68r1_89D212B1F433	HOBJ_f68r1_89D212B1F433	SAME_CANDIDATE
STAR	research/astro_spatial_annotation_ai_b/AI_B_A_MATCH_OBJECTS.tsv	f68r1	A	f68r1-star-024	AI1	B_OBJ_0195	MATCHED	HOBJ_f68r1_A54B63666498	HOBJ_f68r1_A54B63666498	SAME_CANDIDATE
STAR	research/astro_spatial_annotation_ai_b/AI_B_A_MATCH_OBJECTS.tsv	f68r1	A	f68r1-star-025	AI1	B_OBJ_0197	MATCHED	HOBJ_f68r1_A8F524B1B89C	HOBJ_f68r1_A8F524B1B89C	SAME_CANDIDATE
STAR	research/astro_spatial_annotation_ai_b/AI_B_A_MATCH_OBJECTS.tsv	f68r1	A	f68r1-star-026	AI1	B_OBJ_0193	MATCHED	HOBJ_f68r1_C4AC29CB49BE	HOBJ_f68r1_C4AC29CB49BE	SAME_CANDIDATE
STAR	research/astro_spatial_annotation_ai_b/AI_B_A_MATCH_OBJECTS.tsv	f68r1	A	f68r1-star-027	AI1	B_OBJ_0194	MATCHED	HOBJ_f68r1_9059F2F824EC	HOBJ_f68r1_9059F2F824EC	SAME_CANDIDATE
STAR	research/astro_spatial_annotation_ai_b/AI_B_A_MATCH_OBJECTS.tsv	f68r1	A	f68r1-star-028	AI1	B_OBJ_0196	MATCHED	HOBJ_f68r1_AFABF1762723	HOBJ_f68r1_AFABF1762723	SAME_CANDIDATE
STAR	research/astro_spatial_annotation_ai_b/AI_B_A_MATCH_OBJECTS.tsv	f68r1	A	f68r1-star-029	AI1	B_OBJ_0198	MATCHED	HOBJ_f68r1_5A4B2BED8FB7	HOBJ_f68r1_5A4B2BED8FB7	SAME_CANDIDATE
STAR	research/astro_spatial_annotation_ai_b/AI_B_A_MATCH_OBJECTS.tsv	f68r2	A	f68r2-disc-01	AI1	B_OBJ_0199	MATCHED	HOBJ_f68r2_A84AF1F5F626	HOBJ_f68r2_A84AF1F5F626	SAME_CANDIDATE
STAR	research/astro_spatial_annotation_ai_b/AI_B_A_MATCH_OBJECTS.tsv	f68r2	A	f68r2-disc-02	AI1	UNMATCHED	A_ONLY	HOBJ_f68r2_C29F326B0310		UNMATCHED
STAR	research/astro_spatial_annotation_ai_b/AI_B_A_MATCH_OBJECTS.tsv	f68r3	A	f68r3-circle-01	AI1	B_OBJ_0251	MATCHED	HOBJ_f68r3_C772FC241E49	HOBJ_f68r3_C772FC241E49	SAME_CANDIDATE
STAR	research/astro_spatial_annotation_ai_b/AI_B_A_MATCH_OBJECTS.tsv	f68r3	A	f68r3-central-01	AI1	B_OBJ_0249	MATCHED	HOBJ_f68r3_C53888F38565	HOBJ_f68r3_C53888F38565	SAME_CANDIDATE
STAR	research/astro_spatial_annotation_ai_b/AI_B_A_MATCH_OBJECTS.tsv	f68v1	A	f68v1-circle-01	AI1	B_OBJ_0333	MATCHED	HOBJ_f68v1_3EF3B6E3AB91	HOBJ_f68v1_3EF3B6E3AB91	SAME_CANDIDATE
STAR	research/astro_spatial_annotation_ai_b/AI_B_A_MATCH_OBJECTS.tsv	f68v1	A	f68v1-central-01	AI1	B_OBJ_0330	MATCHED	HOBJ_f68v1_B4313CF1B858	HOBJ_f68v1_B4313CF1B858	SAME_CANDIDATE
STAR	research/astro_spatial_annotation_ai_b/AI_B_A_MATCH_OBJECTS.tsv	f68v2	A	f68v2-circle-01	AI1	B_OBJ_0399	MATCHED	HOBJ_f68v2_2ECF03D56816	HOBJ_f68v2_2ECF03D56816	SAME_CANDIDATE
STAR	research/astro_spatial_annotation_ai_b/AI_B_A_MATCH_OBJECTS.tsv	f68v2	A	f68v2-central-01	AI1	B_OBJ_0398	MATCHED	HOBJ_f68v2_985C0723EB9A	HOBJ_f68v2_985C0723EB9A	SAME_CANDIDATE
STAR	research/astro_spatial_annotation_ai_b/AI_B_A_MATCH_OBJECTS.tsv	f67r1	A	UNMATCHED	AI1	B_OBJ_0002	B_ONLY		HOBJ_f67r1_F78721219FB8	UNMATCHED
STAR	research/astro_spatial_annotation_ai_b/AI_B_A_MATCH_OBJECTS.tsv	f67r1	A	UNMATCHED	AI1	B_OBJ_0003	B_ONLY		HOBJ_f67r1_E0F4EBEE8047	UNMATCHED
STAR	research/astro_spatial_annotation_ai_b/AI_B_A_MATCH_OBJECTS.tsv	f67r1	A	UNMATCHED	AI1	B_OBJ_0004	B_ONLY		HOBJ_f67r1_13BD9913D482	UNMATCHED
STAR	research/astro_spatial_annotation_ai_b/AI_B_A_MATCH_OBJECTS.tsv	f67r1	A	UNMATCHED	AI1	B_OBJ_0006	B_ONLY		HOBJ_f67r1_A2A2AF6DAA64	UNMATCHED
STAR	research/astro_spatial_annotation_ai_b/AI_B_A_MATCH_OBJECTS.tsv	f67r1	A	UNMATCHED	AI1	B_OBJ_0007	B_ONLY		HOBJ_f67r1_69FC2C5BB7BC	UNMATCHED
STAR	research/astro_spatial_annotation_ai_b/AI_B_A_MATCH_OBJECTS.tsv	f67r1	A	UNMATCHED	AI1	B_OBJ_0008	B_ONLY		HOBJ_f67r1_553594B2F394	UNMATCHED
STAR	research/astro_spatial_annotation_ai_b/AI_B_A_MATCH_OBJECTS.tsv	f67r1	A	UNMATCHED	AI1	B_OBJ_0009	B_ONLY		HOBJ_f67r1_CC081E1C59E4	UNMATCHED
STAR	research/astro_spatial_annotation_ai_b/AI_B_A_MATCH_OBJECTS.tsv	f67r1	A	UNMATCHED	AI1	B_OBJ_0010	B_ONLY		HOBJ_f67r1_56C57410A324	UNMATCHED
STAR	research/astro_spatial_annotation_ai_b/AI_B_A_MATCH_OBJECTS.tsv	f67r1	A	UNMATCHED	AI1	B_OBJ_0011	B_ONLY		HOBJ_f67r1_3E5BC4703DD2	UNMATCHED
STAR	research/astro_spatial_annotation_ai_b/AI_B_A_MATCH_OBJECTS.tsv	f67r1	A	UNMATCHED	AI1	B_OBJ_0012	B_ONLY		HOBJ_f67r1_CD1F223543C1	UNMATCHED
STAR	research/astro_spatial_annotation_ai_b/AI_B_A_MATCH_OBJECTS.tsv	f67r1	A	UNMATCHED	AI1	B_OBJ_0013	B_ONLY		HOBJ_f67r1_A0C66555C1D8	UNMATCHED
STAR	research/astro_spatial_annotation_ai_b/AI_B_A_MATCH_OBJECTS.tsv	f67r1	A	UNMATCHED	AI1	B_OBJ_0014	B_ONLY		HOBJ_f67r1_EBD0E13EF357	UNMATCHED
STAR	research/astro_spatial_annotation_ai_b/AI_B_A_MATCH_OBJECTS.tsv	f67r1	A	UNMATCHED	AI1	B_OBJ_0015	B_ONLY		HOBJ_f67r1_96EEBEABA083	UNMATCHED
STAR	research/astro_spatial_annotation_ai_b/AI_B_A_MATCH_OBJECTS.tsv	f67r1	A	UNMATCHED	AI1	B_OBJ_0016	B_ONLY		HOBJ_f67r1_AC38EEB0DC48	UNMATCHED
STAR	research/astro_spatial_annotation_ai_b/AI_B_A_MATCH_OBJECTS.tsv	f67r1	A	UNMATCHED	AI1	B_OBJ_0017	B_ONLY		HOBJ_f67r1_84A8BFC8BB72	UNMATCHED
STAR	research/astro_spatial_annotation_ai_b/AI_B_A_MATCH_OBJECTS.tsv	f67r1	A	UNMATCHED	AI1	B_OBJ_0018	B_ONLY		HOBJ_f67r1_9D8B4976F430	UNMATCHED
STAR	research/astro_spatial_annotation_ai_b/AI_B_A_MATCH_OBJECTS.tsv	f67r1	A	UNMATCHED	AI1	B_OBJ_0019	B_ONLY		HOBJ_f67r1_49FCFE816A78	UNMATCHED
STAR	research/astro_spatial_annotation_ai_b/AI_B_A_MATCH_OBJECTS.tsv	f67r1	A	UNMATCHED	AI1	B_OBJ_0020	B_ONLY		HOBJ_f67r1_6500A2E853A0	UNMATCHED
STAR	research/astro_spatial_annotation_ai_b/AI_B_A_MATCH_OBJECTS.tsv	f67r1	A	UNMATCHED	AI1	B_OBJ_0021	B_ONLY		HOBJ_f67r1_D42499A23E8A	UNMATCHED
STAR	research/astro_spatial_annotation_ai_b/AI_B_A_MATCH_OBJECTS.tsv	f67r1	A	UNMATCHED	AI1	B_OBJ_0022	B_ONLY		HOBJ_f67r1_B0C78935554C	UNMATCHED
STAR	research/astro_spatial_annotation_ai_b/AI_B_A_MATCH_OBJECTS.tsv	f67r1	A	UNMATCHED	AI1	B_OBJ_0023	B_ONLY		HOBJ_f67r1_2A3B6A866E12	UNMATCHED
STAR	research/astro_spatial_annotation_ai_b/AI_B_A_MATCH_OBJECTS.tsv	f67r1	A	UNMATCHED	AI1	B_OBJ_0024	B_ONLY		HOBJ_f67r1_8235F3FE96A7	UNMATCHED
STAR	research/astro_spatial_annotation_ai_b/AI_B_A_MATCH_OBJECTS.tsv	f67r1	A	UNMATCHED	AI1	B_OBJ_0025	B_ONLY		HOBJ_f67r1_20DA880BE712	UNMATCHED
STAR	research/astro_spatial_annotation_ai_b/AI_B_A_MATCH_OBJECTS.tsv	f67r1	A	UNMATCHED	AI1	B_OBJ_0026	B_ONLY		HOBJ_f67r1_A1A5F65E4351	UNMATCHED
STAR	research/astro_spatial_annotation_ai_b/AI_B_A_MATCH_OBJECTS.tsv	f67r1	A	UNMATCHED	AI1	B_OBJ_0027	B_ONLY		HOBJ_f67r1_1BA481D999DF	UNMATCHED
STAR	research/astro_spatial_annotation_ai_b/AI_B_A_MATCH_OBJECTS.tsv	f67r1	A	UNMATCHED	AI1	B_OBJ_0028	B_ONLY		HOBJ_f67r1_DEBECB10BC06	UNMATCHED
STAR	research/astro_spatial_annotation_ai_b/AI_B_A_MATCH_OBJECTS.tsv	f67r1	A	UNMATCHED	AI1	B_OBJ_0029	B_ONLY		HOBJ_f67r1_2878B776CDBD	UNMATCHED
STAR	research/astro_spatial_annotation_ai_b/AI_B_A_MATCH_OBJECTS.tsv	f67r1	A	UNMATCHED	AI1	B_OBJ_0030	B_ONLY		HOBJ_f67r1_7CAE8C190BE7	UNMATCHED
STAR	research/astro_spatial_annotation_ai_b/AI_B_A_MATCH_OBJECTS.tsv	f67r1	A	UNMATCHED	AI1	B_OBJ_0031	B_ONLY		HOBJ_f67r1_B10342155525	UNMATCHED
STAR	research/astro_spatial_annotation_ai_b/AI_B_A_MATCH_OBJECTS.tsv	f67r1	A	UNMATCHED	AI1	B_OBJ_0032	B_ONLY		HOBJ_f67r1_8DCC5D71E9CE	UNMATCHED
STAR	research/astro_spatial_annotation_ai_b/AI_B_A_MATCH_OBJECTS.tsv	f67r1	A	UNMATCHED	AI1	B_OBJ_0033	B_ONLY		HOBJ_f67r1_554CD9141BDA	UNMATCHED
STAR	research/astro_spatial_annotation_ai_b/AI_B_A_MATCH_OBJECTS.tsv	f67r1	A	UNMATCHED	AI1	B_OBJ_0034	B_ONLY		HOBJ_f67r1_630A71635FED	UNMATCHED
STAR	research/astro_spatial_annotation_ai_b/AI_B_A_MATCH_OBJECTS.tsv	f67r1	A	UNMATCHED	AI1	B_OBJ_0035	B_ONLY		HOBJ_f67r1_6F0309FCB9DE	UNMATCHED
STAR	research/astro_spatial_annotation_ai_b/AI_B_A_MATCH_OBJECTS.tsv	f67r1	A	UNMATCHED	AI1	B_OBJ_0036	B_ONLY		HOBJ_f67r1_FD90ACBABA31	UNMATCHED
STAR	research/astro_spatial_annotation_ai_b/AI_B_A_MATCH_OBJECTS.tsv	f67r1	A	UNMATCHED	AI1	B_OBJ_0037	B_ONLY		HOBJ_f67r1_81A9947A6E1A	UNMATCHED
STAR	research/astro_spatial_annotation_ai_b/AI_B_A_MATCH_OBJECTS.tsv	f67r1	A	UNMATCHED	AI1	B_OBJ_0038	B_ONLY		HOBJ_f67r1_4D1D9F994B03	UNMATCHED
STAR	research/astro_spatial_annotation_ai_b/AI_B_A_MATCH_OBJECTS.tsv	f67r1	A	UNMATCHED	AI1	B_OBJ_0039	B_ONLY		HOBJ_f67r1_996229B91F5D	UNMATCHED
STAR	research/astro_spatial_annotation_ai_b/AI_B_A_MATCH_OBJECTS.tsv	f67r1	A	UNMATCHED	AI1	B_OBJ_0040	B_ONLY		HOBJ_f67r1_D4136063447A	UNMATCHED
STAR	research/astro_spatial_annotation_ai_b/AI_B_A_MATCH_OBJECTS.tsv	f67r1	A	UNMATCHED	AI1	B_OBJ_0041	B_ONLY		HOBJ_f67r1_6AAC2A486CA2	UNMATCHED
STAR	research/astro_spatial_annotation_ai_b/AI_B_A_MATCH_OBJECTS.tsv	f67r1	A	UNMATCHED	AI1	B_OBJ_0042	B_ONLY		HOBJ_f67r1_F51A2B4019A0	UNMATCHED
STAR	research/astro_spatial_annotation_ai_b/AI_B_A_MATCH_OBJECTS.tsv	f67r1	A	UNMATCHED	AI1	B_OBJ_0043	B_ONLY		HOBJ_f67r1_24B78874A482	UNMATCHED
STAR	research/astro_spatial_annotation_ai_b/AI_B_A_MATCH_OBJECTS.tsv	f67r1	A	UNMATCHED	AI1	B_OBJ_0044	B_ONLY		HOBJ_f67r1_DCA8096E068A	UNMATCHED
STAR	research/astro_spatial_annotation_ai_b/AI_B_A_MATCH_OBJECTS.tsv	f67r1	A	UNMATCHED	AI1	B_OBJ_0045	B_ONLY		HOBJ_f67r1_3A03302B27B5	UNMATCHED
STAR	research/astro_spatial_annotation_ai_b/AI_B_A_MATCH_OBJECTS.tsv	f67r1	A	UNMATCHED	AI1	B_OBJ_0046	B_ONLY		HOBJ_f67r1_5DAB6BC8BF34	UNMATCHED
STAR	research/astro_spatial_annotation_ai_b/AI_B_A_MATCH_OBJECTS.tsv	f67r1	A	UNMATCHED	AI1	B_OBJ_0047	B_ONLY		HOBJ_f67r1_6CF37C9416E0	UNMATCHED
STAR	research/astro_spatial_annotation_ai_b/AI_B_A_MATCH_OBJECTS.tsv	f67r1	A	UNMATCHED	AI1	B_OBJ_0048	B_ONLY		HOBJ_f67r1_036F86641403	UNMATCHED
STAR	research/astro_spatial_annotation_ai_b/AI_B_A_MATCH_OBJECTS.tsv	f67r1	A	UNMATCHED	AI1	B_OBJ_0049	B_ONLY		HOBJ_f67r1_C6D9B9E74526	UNMATCHED
STAR	research/astro_spatial_annotation_ai_b/AI_B_A_MATCH_OBJECTS.tsv	f67r1	A	UNMATCHED	AI1	B_OBJ_0050	B_ONLY		HOBJ_f67r1_A562D5BBD6F2	UNMATCHED
STAR	research/astro_spatial_annotation_ai_b/AI_B_A_MATCH_OBJECTS.tsv	f67r1	A	UNMATCHED	AI1	B_OBJ_0051	B_ONLY		HOBJ_f67r1_07E73CE2EF52	UNMATCHED
STAR	research/astro_spatial_annotation_ai_b/AI_B_A_MATCH_OBJECTS.tsv	f67r1	A	UNMATCHED	AI1	B_OBJ_0052	B_ONLY		HOBJ_f67r1_D09F6FE713B0	UNMATCHED
STAR	research/astro_spatial_annotation_ai_b/AI_B_A_MATCH_OBJECTS.tsv	f67r1	A	UNMATCHED	AI1	B_OBJ_0053	B_ONLY		HOBJ_f67r1_71689D175C0B	UNMATCHED
STAR	research/astro_spatial_annotation_ai_b/AI_B_A_MATCH_OBJECTS.tsv	f67r1	A	UNMATCHED	AI1	B_OBJ_0054	B_ONLY		HOBJ_f67r1_8647B7C4BA0E	UNMATCHED
STAR	research/astro_spatial_annotation_ai_b/AI_B_A_MATCH_OBJECTS.tsv	f67r1	A	UNMATCHED	AI1	B_OBJ_0055	B_ONLY		HOBJ_f67r1_115A1C27C966	UNMATCHED
STAR	research/astro_spatial_annotation_ai_b/AI_B_A_MATCH_OBJECTS.tsv	f67r1	A	UNMATCHED	AI1	B_OBJ_0056	B_ONLY		HOBJ_f67r1_3C48B2BAAA37	UNMATCHED
STAR	research/astro_spatial_annotation_ai_b/AI_B_A_MATCH_OBJECTS.tsv	f67r1	A	UNMATCHED	AI1	B_OBJ_0057	B_ONLY		HOBJ_f67r1_96F1B62EBF33	UNMATCHED
STAR	research/astro_spatial_annotation_ai_b/AI_B_A_MATCH_OBJECTS.tsv	f67r2	A	UNMATCHED	AI1	B_OBJ_0059	B_ONLY		HOBJ_f67r2_68346848A238	UNMATCHED
STAR	research/astro_spatial_annotation_ai_b/AI_B_A_MATCH_OBJECTS.tsv	f67r2	A	UNMATCHED	AI1	B_OBJ_0060	B_ONLY		HOBJ_f67r2_81DBD638D1CC	UNMATCHED
STAR	research/astro_spatial_annotation_ai_b/AI_B_A_MATCH_OBJECTS.tsv	f67r2	A	UNMATCHED	AI1	B_OBJ_0062	B_ONLY		HOBJ_f67r2_4E6D8BD30872	UNMATCHED
STAR	research/astro_spatial_annotation_ai_b/AI_B_A_MATCH_OBJECTS.tsv	f67r2	A	UNMATCHED	AI1	B_OBJ_0063	B_ONLY		HOBJ_f67r2_0AF154273EE7	UNMATCHED
STAR	research/astro_spatial_annotation_ai_b/AI_B_A_MATCH_OBJECTS.tsv	f67r2	A	UNMATCHED	AI1	B_OBJ_0064	B_ONLY		HOBJ_f67r2_0575CEC53770	UNMATCHED
STAR	research/astro_spatial_annotation_ai_b/AI_B_A_MATCH_OBJECTS.tsv	f67r2	A	UNMATCHED	AI1	B_OBJ_0065	B_ONLY		HOBJ_f67r2_91A082011B50	UNMATCHED
STAR	research/astro_spatial_annotation_ai_b/AI_B_A_MATCH_OBJECTS.tsv	f67r2	A	UNMATCHED	AI1	B_OBJ_0066	B_ONLY		HOBJ_f67r2_53590876C155	UNMATCHED
STAR	research/astro_spatial_annotation_ai_b/AI_B_A_MATCH_OBJECTS.tsv	f67r2	A	UNMATCHED	AI1	B_OBJ_0067	B_ONLY		HOBJ_f67r2_341D858FE99C	UNMATCHED
STAR	research/astro_spatial_annotation_ai_b/AI_B_A_MATCH_OBJECTS.tsv	f67r2	A	UNMATCHED	AI1	B_OBJ_0068	B_ONLY		HOBJ_f67r2_07D9D2E6AE81	UNMATCHED
STAR	research/astro_spatial_annotation_ai_b/AI_B_A_MATCH_OBJECTS.tsv	f67r2	A	UNMATCHED	AI1	B_OBJ_0069	B_ONLY		HOBJ_f67r2_8CCC088B5295	UNMATCHED
STAR	research/astro_spatial_annotation_ai_b/AI_B_A_MATCH_OBJECTS.tsv	f67r2	A	UNMATCHED	AI1	B_OBJ_0070	B_ONLY		HOBJ_f67r2_D1B3FBD4A7C2	UNMATCHED
STAR	research/astro_spatial_annotation_ai_b/AI_B_A_MATCH_OBJECTS.tsv	f67r2	A	UNMATCHED	AI1	B_OBJ_0071	B_ONLY		HOBJ_f67r2_A25825BF26B9	UNMATCHED
STAR	research/astro_spatial_annotation_ai_b/AI_B_A_MATCH_OBJECTS.tsv	f67r2	A	UNMATCHED	AI1	B_OBJ_0072	B_ONLY		HOBJ_f67r2_87310EE4A9E9	UNMATCHED
STAR	research/astro_spatial_annotation_ai_b/AI_B_A_MATCH_OBJECTS.tsv	f67r2	A	UNMATCHED	AI1	B_OBJ_0073	B_ONLY		HOBJ_f67r2_E458A9E468DA	UNMATCHED
STAR	research/astro_spatial_annotation_ai_b/AI_B_A_MATCH_OBJECTS.tsv	f67r2	A	UNMATCHED	AI1	B_OBJ_0074	B_ONLY		HOBJ_f67r2_629B4AEA69B3	UNMATCHED
STAR	research/astro_spatial_annotation_ai_b/AI_B_A_MATCH_OBJECTS.tsv	f67r2	A	UNMATCHED	AI1	B_OBJ_0075	B_ONLY		HOBJ_f67r2_42F5A6C885AC	UNMATCHED
STAR	research/astro_spatial_annotation_ai_b/AI_B_A_MATCH_OBJECTS.tsv	f67r2	A	UNMATCHED	AI1	B_OBJ_0076	B_ONLY		HOBJ_f67r2_C4A28C5F16CA	UNMATCHED
STAR	research/astro_spatial_annotation_ai_b/AI_B_A_MATCH_OBJECTS.tsv	f67r2	A	UNMATCHED	AI1	B_OBJ_0077	B_ONLY		HOBJ_f67r2_8189CA017B66	UNMATCHED
STAR	research/astro_spatial_annotation_ai_b/AI_B_A_MATCH_OBJECTS.tsv	f67r2	A	UNMATCHED	AI1	B_OBJ_0078	B_ONLY		HOBJ_f67r2_CD9B2EE7079A	UNMATCHED
STAR	research/astro_spatial_annotation_ai_b/AI_B_A_MATCH_OBJECTS.tsv	f67r2	A	UNMATCHED	AI1	B_OBJ_0079	B_ONLY		HOBJ_f67r2_DA8A64C7750B	UNMATCHED
STAR	research/astro_spatial_annotation_ai_b/AI_B_A_MATCH_OBJECTS.tsv	f67r2	A	UNMATCHED	AI1	B_OBJ_0080	B_ONLY		HOBJ_f67r2_3122AF269A06	UNMATCHED
STAR	research/astro_spatial_annotation_ai_b/AI_B_A_MATCH_OBJECTS.tsv	f67r2	A	UNMATCHED	AI1	B_OBJ_0081	B_ONLY		HOBJ_f67r2_0ECF2173DD18	UNMATCHED
STAR	research/astro_spatial_annotation_ai_b/AI_B_A_MATCH_OBJECTS.tsv	f67r2	A	UNMATCHED	AI1	B_OBJ_0082	B_ONLY		HOBJ_f67r2_645F800D2784	UNMATCHED
STAR	research/astro_spatial_annotation_ai_b/AI_B_A_MATCH_OBJECTS.tsv	f67r2	A	UNMATCHED	AI1	B_OBJ_0083	B_ONLY		HOBJ_f67r2_3A868B70A3B4	UNMATCHED
STAR	research/astro_spatial_annotation_ai_b/AI_B_A_MATCH_OBJECTS.tsv	f67r2	A	UNMATCHED	AI1	B_OBJ_0084	B_ONLY		HOBJ_f67r2_26EB996AA795	UNMATCHED
STAR	research/astro_spatial_annotation_ai_b/AI_B_A_MATCH_OBJECTS.tsv	f67r2	A	UNMATCHED	AI1	B_OBJ_0085	B_ONLY		HOBJ_f67r2_DA4E202621FA	UNMATCHED
STAR	research/astro_spatial_annotation_ai_b/AI_B_A_MATCH_OBJECTS.tsv	f67r2	A	UNMATCHED	AI1	B_OBJ_0086	B_ONLY		HOBJ_f67r2_4F59F5E1CAFA	UNMATCHED
STAR	research/astro_spatial_annotation_ai_b/AI_B_A_MATCH_OBJECTS.tsv	f67r2	A	UNMATCHED	AI1	B_OBJ_0087	B_ONLY		HOBJ_f67r2_83451758DB3B	UNMATCHED
STAR	research/astro_spatial_annotation_ai_b/AI_B_A_MATCH_OBJECTS.tsv	f67r2	A	UNMATCHED	AI1	B_OBJ_0088	B_ONLY		HOBJ_f67r2_7285349570FE	UNMATCHED
STAR	research/astro_spatial_annotation_ai_b/AI_B_A_MATCH_OBJECTS.tsv	f67r2	A	UNMATCHED	AI1	B_OBJ_0089	B_ONLY		HOBJ_f67r2_A1F52AF2D0B7	UNMATCHED
STAR	research/astro_spatial_annotation_ai_b/AI_B_A_MATCH_OBJECTS.tsv	f67r2	A	UNMATCHED	AI1	B_OBJ_0090	B_ONLY		HOBJ_f67r2_30D3A0EC996E	UNMATCHED
STAR	research/astro_spatial_annotation_ai_b/AI_B_A_MATCH_OBJECTS.tsv	f67r2	A	UNMATCHED	AI1	B_OBJ_0091	B_ONLY		HOBJ_f67r2_518905849B66	UNMATCHED
STAR	research/astro_spatial_annotation_ai_b/AI_B_A_MATCH_OBJECTS.tsv	f67r2	A	UNMATCHED	AI1	B_OBJ_0092	B_ONLY		HOBJ_f67r2_E0EBB4BC49B3	UNMATCHED
STAR	research/astro_spatial_annotation_ai_b/AI_B_A_MATCH_OBJECTS.tsv	f67r2	A	UNMATCHED	AI1	B_OBJ_0093	B_ONLY		HOBJ_f67r2_7E41463EEBEB	UNMATCHED
STAR	research/astro_spatial_annotation_ai_b/AI_B_A_MATCH_OBJECTS.tsv	f67r2	A	UNMATCHED	AI1	B_OBJ_0094	B_ONLY		HOBJ_f67r2_3DFE0882998B	UNMATCHED
STAR	research/astro_spatial_annotation_ai_b/AI_B_A_MATCH_OBJECTS.tsv	f67r2	A	UNMATCHED	AI1	B_OBJ_0095	B_ONLY		HOBJ_f67r2_5721B0D3BC95	UNMATCHED
STAR	research/astro_spatial_annotation_ai_b/AI_B_A_MATCH_OBJECTS.tsv	f67r2	A	UNMATCHED	AI1	B_OBJ_0096	B_ONLY		HOBJ_f67r2_966245937DC8	UNMATCHED
STAR	research/astro_spatial_annotation_ai_b/AI_B_A_MATCH_OBJECTS.tsv	f67r2	A	UNMATCHED	AI1	B_OBJ_0097	B_ONLY		HOBJ_f67r2_E77B9A24DB30	UNMATCHED
STAR	research/astro_spatial_annotation_ai_b/AI_B_A_MATCH_OBJECTS.tsv	f67r2	A	UNMATCHED	AI1	B_OBJ_0098	B_ONLY		HOBJ_f67r2_369E7919072B	UNMATCHED
STAR	research/astro_spatial_annotation_ai_b/AI_B_A_MATCH_OBJECTS.tsv	f67v1	A	UNMATCHED	AI1	B_OBJ_0100	B_ONLY		HOBJ_f67v1_E0B922234AA9	UNMATCHED
STAR	research/astro_spatial_annotation_ai_b/AI_B_A_MATCH_OBJECTS.tsv	f67v1	A	UNMATCHED	AI1	B_OBJ_0102	B_ONLY		HOBJ_f67v1_AA3584CFE59C	UNMATCHED
STAR	research/astro_spatial_annotation_ai_b/AI_B_A_MATCH_OBJECTS.tsv	f67v1	A	UNMATCHED	AI1	B_OBJ_0103	B_ONLY		HOBJ_f67v1_7B56AFE5E39F	UNMATCHED
STAR	research/astro_spatial_annotation_ai_b/AI_B_A_MATCH_OBJECTS.tsv	f67v1	A	UNMATCHED	AI1	B_OBJ_0104	B_ONLY		HOBJ_f67v1_08FE99C623DC	UNMATCHED
STAR	research/astro_spatial_annotation_ai_b/AI_B_A_MATCH_OBJECTS.tsv	f67v1	A	UNMATCHED	AI1	B_OBJ_0105	B_ONLY		HOBJ_f67v1_AA1E7FC2C4C8	UNMATCHED
STAR	research/astro_spatial_annotation_ai_b/AI_B_A_MATCH_OBJECTS.tsv	f67v1	A	UNMATCHED	AI1	B_OBJ_0106	B_ONLY		HOBJ_f67v1_F9ED4AD1B8FE	UNMATCHED
STAR	research/astro_spatial_annotation_ai_b/AI_B_A_MATCH_OBJECTS.tsv	f67v1	A	UNMATCHED	AI1	B_OBJ_0107	B_ONLY		HOBJ_f67v1_05F896F97CC3	UNMATCHED
STAR	research/astro_spatial_annotation_ai_b/AI_B_A_MATCH_OBJECTS.tsv	f67v1	A	UNMATCHED	AI1	B_OBJ_0108	B_ONLY		HOBJ_f67v1_8503F265AFAE	UNMATCHED
STAR	research/astro_spatial_annotation_ai_b/AI_B_A_MATCH_OBJECTS.tsv	f67v1	A	UNMATCHED	AI1	B_OBJ_0109	B_ONLY		HOBJ_f67v1_5FB2813D27A1	UNMATCHED
STAR	research/astro_spatial_annotation_ai_b/AI_B_A_MATCH_OBJECTS.tsv	f67v1	A	UNMATCHED	AI1	B_OBJ_0110	B_ONLY		HOBJ_f67v1_916253A661B1	UNMATCHED
STAR	research/astro_spatial_annotation_ai_b/AI_B_A_MATCH_OBJECTS.tsv	f67v1	A	UNMATCHED	AI1	B_OBJ_0111	B_ONLY		HOBJ_f67v1_2806B7A8AA3E	UNMATCHED
STAR	research/astro_spatial_annotation_ai_b/AI_B_A_MATCH_OBJECTS.tsv	f67v1	A	UNMATCHED	AI1	B_OBJ_0112	B_ONLY		HOBJ_f67v1_5D6BF38A6A48	UNMATCHED
STAR	research/astro_spatial_annotation_ai_b/AI_B_A_MATCH_OBJECTS.tsv	f67v1	A	UNMATCHED	AI1	B_OBJ_0113	B_ONLY		HOBJ_f67v1_B4E9495FF92A	UNMATCHED
STAR	research/astro_spatial_annotation_ai_b/AI_B_A_MATCH_OBJECTS.tsv	f67v1	A	UNMATCHED	AI1	B_OBJ_0114	B_ONLY		HOBJ_f67v1_BD6E3D5070A5	UNMATCHED
STAR	research/astro_spatial_annotation_ai_b/AI_B_A_MATCH_OBJECTS.tsv	f67v1	A	UNMATCHED	AI1	B_OBJ_0115	B_ONLY		HOBJ_f67v1_EE0A0CBAF8F3	UNMATCHED
STAR	research/astro_spatial_annotation_ai_b/AI_B_A_MATCH_OBJECTS.tsv	f67v1	A	UNMATCHED	AI1	B_OBJ_0116	B_ONLY		HOBJ_f67v1_44AB9691DD19	UNMATCHED
STAR	research/astro_spatial_annotation_ai_b/AI_B_A_MATCH_OBJECTS.tsv	f67v1	A	UNMATCHED	AI1	B_OBJ_0117	B_ONLY		HOBJ_f67v1_9A093E3D1600	UNMATCHED
STAR	research/astro_spatial_annotation_ai_b/AI_B_A_MATCH_OBJECTS.tsv	f67v1	A	UNMATCHED	AI1	B_OBJ_0118	B_ONLY		HOBJ_f67v1_DCAC88C1834C	UNMATCHED
STAR	research/astro_spatial_annotation_ai_b/AI_B_A_MATCH_OBJECTS.tsv	f67v1	A	UNMATCHED	AI1	B_OBJ_0119	B_ONLY		HOBJ_f67v1_BC7AFF5D384F	UNMATCHED
STAR	research/astro_spatial_annotation_ai_b/AI_B_A_MATCH_OBJECTS.tsv	f67v1	A	UNMATCHED	AI1	B_OBJ_0120	B_ONLY		HOBJ_f67v1_11189A856413	UNMATCHED
STAR	research/astro_spatial_annotation_ai_b/AI_B_A_MATCH_OBJECTS.tsv	f67v1	A	UNMATCHED	AI1	B_OBJ_0121	B_ONLY		HOBJ_f67v1_6AF8BAA22FE9	UNMATCHED
STAR	research/astro_spatial_annotation_ai_b/AI_B_A_MATCH_OBJECTS.tsv	f67v1	A	UNMATCHED	AI1	B_OBJ_0122	B_ONLY		HOBJ_f67v1_AA08894003EC	UNMATCHED
STAR	research/astro_spatial_annotation_ai_b/AI_B_A_MATCH_OBJECTS.tsv	f67v1	A	UNMATCHED	AI1	B_OBJ_0123	B_ONLY		HOBJ_f67v1_0E3128789BCB	UNMATCHED
STAR	research/astro_spatial_annotation_ai_b/AI_B_A_MATCH_OBJECTS.tsv	f67v1	A	UNMATCHED	AI1	B_OBJ_0124	B_ONLY		HOBJ_f67v1_6E2D0774D4B7	UNMATCHED
STAR	research/astro_spatial_annotation_ai_b/AI_B_A_MATCH_OBJECTS.tsv	f67v1	A	UNMATCHED	AI1	B_OBJ_0125	B_ONLY		HOBJ_f67v1_4798B0494F66	UNMATCHED
STAR	research/astro_spatial_annotation_ai_b/AI_B_A_MATCH_OBJECTS.tsv	f67v1	A	UNMATCHED	AI1	B_OBJ_0126	B_ONLY		HOBJ_f67v1_0016FF28FFA0	UNMATCHED
STAR	research/astro_spatial_annotation_ai_b/AI_B_A_MATCH_OBJECTS.tsv	f67v1	A	UNMATCHED	AI1	B_OBJ_0127	B_ONLY		HOBJ_f67v1_16DCB52B072E	UNMATCHED
STAR	research/astro_spatial_annotation_ai_b/AI_B_A_MATCH_OBJECTS.tsv	f67v1	A	UNMATCHED	AI1	B_OBJ_0128	B_ONLY		HOBJ_f67v1_974482044615	UNMATCHED
STAR	research/astro_spatial_annotation_ai_b/AI_B_A_MATCH_OBJECTS.tsv	f67v1	A	UNMATCHED	AI1	B_OBJ_0129	B_ONLY		HOBJ_f67v1_DC05ECA88042	UNMATCHED
STAR	research/astro_spatial_annotation_ai_b/AI_B_A_MATCH_OBJECTS.tsv	f67v1	A	UNMATCHED	AI1	B_OBJ_0130	B_ONLY		HOBJ_f67v1_443CBAF9D8F0	UNMATCHED
STAR	research/astro_spatial_annotation_ai_b/AI_B_A_MATCH_OBJECTS.tsv	f67v1	A	UNMATCHED	AI1	B_OBJ_0131	B_ONLY		HOBJ_f67v1_64FC176F69D4	UNMATCHED
STAR	research/astro_spatial_annotation_ai_b/AI_B_A_MATCH_OBJECTS.tsv	f67v1	A	UNMATCHED	AI1	B_OBJ_0132	B_ONLY		HOBJ_f67v1_3271C99BC0CB	UNMATCHED
STAR	research/astro_spatial_annotation_ai_b/AI_B_A_MATCH_OBJECTS.tsv	f67v1	A	UNMATCHED	AI1	B_OBJ_0133	B_ONLY		HOBJ_f67v1_FDC0797050F3	UNMATCHED
STAR	research/astro_spatial_annotation_ai_b/AI_B_A_MATCH_OBJECTS.tsv	f67v1	A	UNMATCHED	AI1	B_OBJ_0134	B_ONLY		HOBJ_f67v1_D109FCE88502	UNMATCHED
STAR	research/astro_spatial_annotation_ai_b/AI_B_A_MATCH_OBJECTS.tsv	f67v1	A	UNMATCHED	AI1	B_OBJ_0135	B_ONLY		HOBJ_f67v1_43E86094DE71	UNMATCHED
STAR	research/astro_spatial_annotation_ai_b/AI_B_A_MATCH_OBJECTS.tsv	f67v1	A	UNMATCHED	AI1	B_OBJ_0136	B_ONLY		HOBJ_f67v1_233E32AAA856	UNMATCHED
STAR	research/astro_spatial_annotation_ai_b/AI_B_A_MATCH_OBJECTS.tsv	f67v1	A	UNMATCHED	AI1	B_OBJ_0137	B_ONLY		HOBJ_f67v1_DC4B46B5A64F	UNMATCHED
STAR	research/astro_spatial_annotation_ai_b/AI_B_A_MATCH_OBJECTS.tsv	f67v1	A	UNMATCHED	AI1	B_OBJ_0138	B_ONLY		HOBJ_f67v1_837F40B4F910	UNMATCHED
STAR	research/astro_spatial_annotation_ai_b/AI_B_A_MATCH_OBJECTS.tsv	f67v1	A	UNMATCHED	AI1	B_OBJ_0139	B_ONLY		HOBJ_f67v1_9682E7D201CA	UNMATCHED
STAR	research/astro_spatial_annotation_ai_b/AI_B_A_MATCH_OBJECTS.tsv	f67v1	A	UNMATCHED	AI1	B_OBJ_0140	B_ONLY		HOBJ_f67v1_A7DCDA0A8889	UNMATCHED
STAR	research/astro_spatial_annotation_ai_b/AI_B_A_MATCH_OBJECTS.tsv	f67v1	A	UNMATCHED	AI1	B_OBJ_0141	B_ONLY		HOBJ_f67v1_E9855D92FF3A	UNMATCHED
STAR	research/astro_spatial_annotation_ai_b/AI_B_A_MATCH_OBJECTS.tsv	f67v1	A	UNMATCHED	AI1	B_OBJ_0142	B_ONLY		HOBJ_f67v1_D74088487516	UNMATCHED
STAR	research/astro_spatial_annotation_ai_b/AI_B_A_MATCH_OBJECTS.tsv	f67v1	A	UNMATCHED	AI1	B_OBJ_0143	B_ONLY		HOBJ_f67v1_1BFB704040FC	UNMATCHED
STAR	research/astro_spatial_annotation_ai_b/AI_B_A_MATCH_OBJECTS.tsv	f67v1	A	UNMATCHED	AI1	B_OBJ_0144	B_ONLY		HOBJ_f67v1_4FBE71D38A76	UNMATCHED
STAR	research/astro_spatial_annotation_ai_b/AI_B_A_MATCH_OBJECTS.tsv	f67v1	A	UNMATCHED	AI1	B_OBJ_0145	B_ONLY		HOBJ_f67v1_98F762EDDBB3	UNMATCHED
STAR	research/astro_spatial_annotation_ai_b/AI_B_A_MATCH_OBJECTS.tsv	f67v1	A	UNMATCHED	AI1	B_OBJ_0146	B_ONLY		HOBJ_f67v1_7EB6A9A281B7	UNMATCHED
STAR	research/astro_spatial_annotation_ai_b/AI_B_A_MATCH_OBJECTS.tsv	f67v1	A	UNMATCHED	AI1	B_OBJ_0147	B_ONLY		HOBJ_f67v1_C9714C1B2FEF	UNMATCHED
STAR	research/astro_spatial_annotation_ai_b/AI_B_A_MATCH_OBJECTS.tsv	f67v1	A	UNMATCHED	AI1	B_OBJ_0148	B_ONLY		HOBJ_f67v1_C5DBCD349B45	UNMATCHED
STAR	research/astro_spatial_annotation_ai_b/AI_B_A_MATCH_OBJECTS.tsv	f67v1	A	UNMATCHED	AI1	B_OBJ_0149	B_ONLY		HOBJ_f67v1_7C5223F2B984	UNMATCHED
STAR	research/astro_spatial_annotation_ai_b/AI_B_A_MATCH_OBJECTS.tsv	f67v1	A	UNMATCHED	AI1	B_OBJ_0150	B_ONLY		HOBJ_f67v1_D1A3CA18D099	UNMATCHED
STAR	research/astro_spatial_annotation_ai_b/AI_B_A_MATCH_OBJECTS.tsv	f67v1	A	UNMATCHED	AI1	B_OBJ_0151	B_ONLY		HOBJ_f67v1_3DC0889ED123	UNMATCHED
STAR	research/astro_spatial_annotation_ai_b/AI_B_A_MATCH_OBJECTS.tsv	f67v1	A	UNMATCHED	AI1	B_OBJ_0152	B_ONLY		HOBJ_f67v1_FA0BCC863FFA	UNMATCHED
STAR	research/astro_spatial_annotation_ai_b/AI_B_A_MATCH_OBJECTS.tsv	f67v1	A	UNMATCHED	AI1	B_OBJ_0153	B_ONLY		HOBJ_f67v1_82C1F0A2A724	UNMATCHED
STAR	research/astro_spatial_annotation_ai_b/AI_B_A_MATCH_OBJECTS.tsv	f67v1	A	UNMATCHED	AI1	B_OBJ_0154	B_ONLY		HOBJ_f67v1_FFC9B3446043	UNMATCHED
STAR	research/astro_spatial_annotation_ai_b/AI_B_A_MATCH_OBJECTS.tsv	f67v1	A	UNMATCHED	AI1	B_OBJ_0155	B_ONLY		HOBJ_f67v1_2EBE795479C0	UNMATCHED
STAR	research/astro_spatial_annotation_ai_b/AI_B_A_MATCH_OBJECTS.tsv	f67v1	A	UNMATCHED	AI1	B_OBJ_0156	B_ONLY		HOBJ_f67v1_7EFAD222F66D	UNMATCHED
STAR	research/astro_spatial_annotation_ai_b/AI_B_A_MATCH_OBJECTS.tsv	f67v1	A	UNMATCHED	AI1	B_OBJ_0157	B_ONLY		HOBJ_f67v1_C75BD94D20FC	UNMATCHED
STAR	research/astro_spatial_annotation_ai_b/AI_B_A_MATCH_OBJECTS.tsv	f67v1	A	UNMATCHED	AI1	B_OBJ_0158	B_ONLY		HOBJ_f67v1_99ADD7DE1D48	UNMATCHED
STAR	research/astro_spatial_annotation_ai_b/AI_B_A_MATCH_OBJECTS.tsv	f67v1	A	UNMATCHED	AI1	B_OBJ_0159	B_ONLY		HOBJ_f67v1_E537F07DD39D	UNMATCHED
STAR	research/astro_spatial_annotation_ai_b/AI_B_A_MATCH_OBJECTS.tsv	f67v1	A	UNMATCHED	AI1	B_OBJ_0160	B_ONLY		HOBJ_f67v1_182DC8CD15EC	UNMATCHED
STAR	research/astro_spatial_annotation_ai_b/AI_B_A_MATCH_OBJECTS.tsv	f67v1	A	UNMATCHED	AI1	B_OBJ_0161	B_ONLY		HOBJ_f67v1_6846BCF3AFF2	UNMATCHED
STAR	research/astro_spatial_annotation_ai_b/AI_B_A_MATCH_OBJECTS.tsv	f67v1	A	UNMATCHED	AI1	B_OBJ_0162	B_ONLY		HOBJ_f67v1_ED5B296088A9	UNMATCHED
STAR	research/astro_spatial_annotation_ai_b/AI_B_A_MATCH_OBJECTS.tsv	f67v1	A	UNMATCHED	AI1	B_OBJ_0163	B_ONLY		HOBJ_f67v1_3130C74D896D	UNMATCHED
STAR	research/astro_spatial_annotation_ai_b/AI_B_A_MATCH_OBJECTS.tsv	f67v1	A	UNMATCHED	AI1	B_OBJ_0164	B_ONLY		HOBJ_f67v1_AEC61CFF4F93	UNMATCHED
STAR	research/astro_spatial_annotation_ai_b/AI_B_A_MATCH_OBJECTS.tsv	f67v1	A	UNMATCHED	AI1	B_OBJ_0165	B_ONLY		HOBJ_f67v1_FA3B3E5486C1	UNMATCHED
STAR	research/astro_spatial_annotation_ai_b/AI_B_A_MATCH_OBJECTS.tsv	f67v1	A	UNMATCHED	AI1	B_OBJ_0166	B_ONLY		HOBJ_f67v1_9C9967BCD944	UNMATCHED
STAR	research/astro_spatial_annotation_ai_b/AI_B_A_MATCH_OBJECTS.tsv	f68r1	A	UNMATCHED	AI1	B_OBJ_0167	B_ONLY		HOBJ_f68r1_248701959F36	UNMATCHED
STAR	research/astro_spatial_annotation_ai_b/AI_B_A_MATCH_OBJECTS.tsv	f68r1	A	UNMATCHED	AI1	B_OBJ_0169	B_ONLY		HOBJ_f68r1_8FC3178BC4CB	UNMATCHED
STAR	research/astro_spatial_annotation_ai_b/AI_B_A_MATCH_OBJECTS.tsv	f68r1	A	UNMATCHED	AI1	B_OBJ_0172	B_ONLY		HOBJ_f68r1_6983D7D53070	UNMATCHED
STAR	research/astro_spatial_annotation_ai_b/AI_B_A_MATCH_OBJECTS.tsv	f68r1	A	UNMATCHED	AI1	B_OBJ_0175	B_ONLY		HOBJ_f68r1_32376A0EE8C2	UNMATCHED
STAR	research/astro_spatial_annotation_ai_b/AI_B_A_MATCH_OBJECTS.tsv	f68r1	A	UNMATCHED	AI1	B_OBJ_0192	B_ONLY		HOBJ_f68r1_DFB0F00A8DCD	UNMATCHED
STAR	research/astro_spatial_annotation_ai_b/AI_B_A_MATCH_OBJECTS.tsv	f68r2	A	UNMATCHED	AI1	B_OBJ_0200	B_ONLY		HOBJ_f68r2_598ED036AE60	UNMATCHED
STAR	research/astro_spatial_annotation_ai_b/AI_B_A_MATCH_OBJECTS.tsv	f68r2	A	UNMATCHED	AI1	B_OBJ_0201	B_ONLY		HOBJ_f68r2_4D2960FAC069	UNMATCHED
STAR	research/astro_spatial_annotation_ai_b/AI_B_A_MATCH_OBJECTS.tsv	f68r2	A	UNMATCHED	AI1	B_OBJ_0202	B_ONLY		HOBJ_f68r2_FF765AFA37E0	UNMATCHED
STAR	research/astro_spatial_annotation_ai_b/AI_B_A_MATCH_OBJECTS.tsv	f68r2	A	UNMATCHED	AI1	B_OBJ_0203	B_ONLY		HOBJ_f68r2_126AA250958F	UNMATCHED
STAR	research/astro_spatial_annotation_ai_b/AI_B_A_MATCH_OBJECTS.tsv	f68r2	A	UNMATCHED	AI1	B_OBJ_0204	B_ONLY		HOBJ_f68r2_96275248F006	UNMATCHED
STAR	research/astro_spatial_annotation_ai_b/AI_B_A_MATCH_OBJECTS.tsv	f68r2	A	UNMATCHED	AI1	B_OBJ_0205	B_ONLY		HOBJ_f68r2_3A47CFE17F40	UNMATCHED
STAR	research/astro_spatial_annotation_ai_b/AI_B_A_MATCH_OBJECTS.tsv	f68r2	A	UNMATCHED	AI1	B_OBJ_0206	B_ONLY		HOBJ_f68r2_FBCDB6FC478C	UNMATCHED
STAR	research/astro_spatial_annotation_ai_b/AI_B_A_MATCH_OBJECTS.tsv	f68r2	A	UNMATCHED	AI1	B_OBJ_0207	B_ONLY		HOBJ_f68r2_50D2198107DB	UNMATCHED
STAR	research/astro_spatial_annotation_ai_b/AI_B_A_MATCH_OBJECTS.tsv	f68r2	A	UNMATCHED	AI1	B_OBJ_0208	B_ONLY		HOBJ_f68r2_34D8D73B52BB	UNMATCHED
STAR	research/astro_spatial_annotation_ai_b/AI_B_A_MATCH_OBJECTS.tsv	f68r2	A	UNMATCHED	AI1	B_OBJ_0209	B_ONLY		HOBJ_f68r2_1CF5F57F6301	UNMATCHED
STAR	research/astro_spatial_annotation_ai_b/AI_B_A_MATCH_OBJECTS.tsv	f68r2	A	UNMATCHED	AI1	B_OBJ_0210	B_ONLY		HOBJ_f68r2_37025BD5766F	UNMATCHED
STAR	research/astro_spatial_annotation_ai_b/AI_B_A_MATCH_OBJECTS.tsv	f68r2	A	UNMATCHED	AI1	B_OBJ_0211	B_ONLY		HOBJ_f68r2_5ABB9F910C2D	UNMATCHED
STAR	research/astro_spatial_annotation_ai_b/AI_B_A_MATCH_OBJECTS.tsv	f68r2	A	UNMATCHED	AI1	B_OBJ_0212	B_ONLY		HOBJ_f68r2_F20B79A67067	UNMATCHED
STAR	research/astro_spatial_annotation_ai_b/AI_B_A_MATCH_OBJECTS.tsv	f68r2	A	UNMATCHED	AI1	B_OBJ_0213	B_ONLY		HOBJ_f68r2_D660FAABD911	UNMATCHED
STAR	research/astro_spatial_annotation_ai_b/AI_B_A_MATCH_OBJECTS.tsv	f68r2	A	UNMATCHED	AI1	B_OBJ_0214	B_ONLY		HOBJ_f68r2_1095F10296E2	UNMATCHED
STAR	research/astro_spatial_annotation_ai_b/AI_B_A_MATCH_OBJECTS.tsv	f68r2	A	UNMATCHED	AI1	B_OBJ_0215	B_ONLY		HOBJ_f68r2_EBC81EC14071	UNMATCHED
STAR	research/astro_spatial_annotation_ai_b/AI_B_A_MATCH_OBJECTS.tsv	f68r2	A	UNMATCHED	AI1	B_OBJ_0216	B_ONLY		HOBJ_f68r2_ADBB083AC840	UNMATCHED
STAR	research/astro_spatial_annotation_ai_b/AI_B_A_MATCH_OBJECTS.tsv	f68r2	A	UNMATCHED	AI1	B_OBJ_0217	B_ONLY		HOBJ_f68r2_F513A719E5D4	UNMATCHED
STAR	research/astro_spatial_annotation_ai_b/AI_B_A_MATCH_OBJECTS.tsv	f68r2	A	UNMATCHED	AI1	B_OBJ_0218	B_ONLY		HOBJ_f68r2_325AC2259FC6	UNMATCHED
STAR	research/astro_spatial_annotation_ai_b/AI_B_A_MATCH_OBJECTS.tsv	f68r2	A	UNMATCHED	AI1	B_OBJ_0219	B_ONLY		HOBJ_f68r2_19AF3E23B7E9	UNMATCHED
STAR	research/astro_spatial_annotation_ai_b/AI_B_A_MATCH_OBJECTS.tsv	f68r2	A	UNMATCHED	AI1	B_OBJ_0220	B_ONLY		HOBJ_f68r2_E6C00366696B	UNMATCHED
STAR	research/astro_spatial_annotation_ai_b/AI_B_A_MATCH_OBJECTS.tsv	f68r2	A	UNMATCHED	AI1	B_OBJ_0221	B_ONLY		HOBJ_f68r2_3D1D8798FCD3	UNMATCHED
STAR	research/astro_spatial_annotation_ai_b/AI_B_A_MATCH_OBJECTS.tsv	f68r2	A	UNMATCHED	AI1	B_OBJ_0222	B_ONLY		HOBJ_f68r2_A4F4A1C7116A	UNMATCHED
STAR	research/astro_spatial_annotation_ai_b/AI_B_A_MATCH_OBJECTS.tsv	f68r2	A	UNMATCHED	AI1	B_OBJ_0223	B_ONLY		HOBJ_f68r2_FDEE7796EE6E	UNMATCHED
STAR	research/astro_spatial_annotation_ai_b/AI_B_A_MATCH_OBJECTS.tsv	f68r2	A	UNMATCHED	AI1	B_OBJ_0224	B_ONLY		HOBJ_f68r2_1682679003C8	UNMATCHED
STAR	research/astro_spatial_annotation_ai_b/AI_B_A_MATCH_OBJECTS.tsv	f68r2	A	UNMATCHED	AI1	B_OBJ_0225	B_ONLY		HOBJ_f68r2_A4BFE042AC95	UNMATCHED
STAR	research/astro_spatial_annotation_ai_b/AI_B_A_MATCH_OBJECTS.tsv	f68r2	A	UNMATCHED	AI1	B_OBJ_0226	B_ONLY		HOBJ_f68r2_7A528C1AAC25	UNMATCHED
STAR	research/astro_spatial_annotation_ai_b/AI_B_A_MATCH_OBJECTS.tsv	f68r2	A	UNMATCHED	AI1	B_OBJ_0227	B_ONLY		HOBJ_f68r2_3D99EB05EB58	UNMATCHED
STAR	research/astro_spatial_annotation_ai_b/AI_B_A_MATCH_OBJECTS.tsv	f68r2	A	UNMATCHED	AI1	B_OBJ_0228	B_ONLY		HOBJ_f68r2_51D8B8874DA2	UNMATCHED
STAR	research/astro_spatial_annotation_ai_b/AI_B_A_MATCH_OBJECTS.tsv	f68r2	A	UNMATCHED	AI1	B_OBJ_0229	B_ONLY		HOBJ_f68r2_332997DA9473	UNMATCHED
STAR	research/astro_spatial_annotation_ai_b/AI_B_A_MATCH_OBJECTS.tsv	f68r2	A	UNMATCHED	AI1	B_OBJ_0230	B_ONLY		HOBJ_f68r2_209959BE0C31	UNMATCHED
STAR	research/astro_spatial_annotation_ai_b/AI_B_A_MATCH_OBJECTS.tsv	f68r2	A	UNMATCHED	AI1	B_OBJ_0231	B_ONLY		HOBJ_f68r2_665E5F11C7FC	UNMATCHED
STAR	research/astro_spatial_annotation_ai_b/AI_B_A_MATCH_OBJECTS.tsv	f68r2	A	UNMATCHED	AI1	B_OBJ_0232	B_ONLY		HOBJ_f68r2_3C5D02ECF866	UNMATCHED
STAR	research/astro_spatial_annotation_ai_b/AI_B_A_MATCH_OBJECTS.tsv	f68r2	A	UNMATCHED	AI1	B_OBJ_0233	B_ONLY		HOBJ_f68r2_DC02A2651BC3	UNMATCHED
STAR	research/astro_spatial_annotation_ai_b/AI_B_A_MATCH_OBJECTS.tsv	f68r2	A	UNMATCHED	AI1	B_OBJ_0234	B_ONLY		HOBJ_f68r2_7000125EFCF6	UNMATCHED
STAR	research/astro_spatial_annotation_ai_b/AI_B_A_MATCH_OBJECTS.tsv	f68r2	A	UNMATCHED	AI1	B_OBJ_0235	B_ONLY		HOBJ_f68r2_F4C39C76B8F3	UNMATCHED
STAR	research/astro_spatial_annotation_ai_b/AI_B_A_MATCH_OBJECTS.tsv	f68r2	A	UNMATCHED	AI1	B_OBJ_0236	B_ONLY		HOBJ_f68r2_5B71A9B9C654	UNMATCHED
STAR	research/astro_spatial_annotation_ai_b/AI_B_A_MATCH_OBJECTS.tsv	f68r2	A	UNMATCHED	AI1	B_OBJ_0237	B_ONLY		HOBJ_f68r2_25982A4DBF9C	UNMATCHED
STAR	research/astro_spatial_annotation_ai_b/AI_B_A_MATCH_OBJECTS.tsv	f68r2	A	UNMATCHED	AI1	B_OBJ_0238	B_ONLY		HOBJ_f68r2_11B515BAA47C	UNMATCHED
STAR	research/astro_spatial_annotation_ai_b/AI_B_A_MATCH_OBJECTS.tsv	f68r2	A	UNMATCHED	AI1	B_OBJ_0239	B_ONLY		HOBJ_f68r2_CEF2CDEC37D1	UNMATCHED
STAR	research/astro_spatial_annotation_ai_b/AI_B_A_MATCH_OBJECTS.tsv	f68r2	A	UNMATCHED	AI1	B_OBJ_0240	B_ONLY		HOBJ_f68r2_F2AFABDD8DA4	UNMATCHED
STAR	research/astro_spatial_annotation_ai_b/AI_B_A_MATCH_OBJECTS.tsv	f68r2	A	UNMATCHED	AI1	B_OBJ_0241	B_ONLY		HOBJ_f68r2_04D2D53818B1	UNMATCHED
STAR	research/astro_spatial_annotation_ai_b/AI_B_A_MATCH_OBJECTS.tsv	f68r2	A	UNMATCHED	AI1	B_OBJ_0242	B_ONLY		HOBJ_f68r2_A31BBBFD8871	UNMATCHED
STAR	research/astro_spatial_annotation_ai_b/AI_B_A_MATCH_OBJECTS.tsv	f68r2	A	UNMATCHED	AI1	B_OBJ_0243	B_ONLY		HOBJ_f68r2_63F4864C6AFB	UNMATCHED
STAR	research/astro_spatial_annotation_ai_b/AI_B_A_MATCH_OBJECTS.tsv	f68r2	A	UNMATCHED	AI1	B_OBJ_0244	B_ONLY		HOBJ_f68r2_7437D0A5A09A	UNMATCHED
STAR	research/astro_spatial_annotation_ai_b/AI_B_A_MATCH_OBJECTS.tsv	f68r2	A	UNMATCHED	AI1	B_OBJ_0245	B_ONLY		HOBJ_f68r2_741BC5BEBE14	UNMATCHED
STAR	research/astro_spatial_annotation_ai_b/AI_B_A_MATCH_OBJECTS.tsv	f68r2	A	UNMATCHED	AI1	B_OBJ_0246	B_ONLY		HOBJ_f68r2_39476885B40C	UNMATCHED
STAR	research/astro_spatial_annotation_ai_b/AI_B_A_MATCH_OBJECTS.tsv	f68r2	A	UNMATCHED	AI1	B_OBJ_0247	B_ONLY		HOBJ_f68r2_90CEDA9618ED	UNMATCHED
STAR	research/astro_spatial_annotation_ai_b/AI_B_A_MATCH_OBJECTS.tsv	f68r2	A	UNMATCHED	AI1	B_OBJ_0248	B_ONLY		HOBJ_f68r2_4C62BFF7A717	UNMATCHED
STAR	research/astro_spatial_annotation_ai_b/AI_B_A_MATCH_OBJECTS.tsv	f68r3	A	UNMATCHED	AI1	B_OBJ_0250	B_ONLY		HOBJ_f68r3_9A20CD1BDBDB	UNMATCHED
STAR	research/astro_spatial_annotation_ai_b/AI_B_A_MATCH_OBJECTS.tsv	f68r3	A	UNMATCHED	AI1	B_OBJ_0252	B_ONLY		HOBJ_f68r3_F23CD171257B	UNMATCHED
STAR	research/astro_spatial_annotation_ai_b/AI_B_A_MATCH_OBJECTS.tsv	f68r3	A	UNMATCHED	AI1	B_OBJ_0253	B_ONLY		HOBJ_f68r3_5661E24C5142	UNMATCHED
STAR	research/astro_spatial_annotation_ai_b/AI_B_A_MATCH_OBJECTS.tsv	f68r3	A	UNMATCHED	AI1	B_OBJ_0254	B_ONLY		HOBJ_f68r3_AD3118AC6996	UNMATCHED
STAR	research/astro_spatial_annotation_ai_b/AI_B_A_MATCH_OBJECTS.tsv	f68r3	A	UNMATCHED	AI1	B_OBJ_0255	B_ONLY		HOBJ_f68r3_64D5B8C2165E	UNMATCHED
STAR	research/astro_spatial_annotation_ai_b/AI_B_A_MATCH_OBJECTS.tsv	f68r3	A	UNMATCHED	AI1	B_OBJ_0256	B_ONLY		HOBJ_f68r3_991122EA80DE	UNMATCHED
STAR	research/astro_spatial_annotation_ai_b/AI_B_A_MATCH_OBJECTS.tsv	f68r3	A	UNMATCHED	AI1	B_OBJ_0257	B_ONLY		HOBJ_f68r3_69F33B71A5DB	UNMATCHED
STAR	research/astro_spatial_annotation_ai_b/AI_B_A_MATCH_OBJECTS.tsv	f68r3	A	UNMATCHED	AI1	B_OBJ_0258	B_ONLY		HOBJ_f68r3_1D54154E6EB2	UNMATCHED
STAR	research/astro_spatial_annotation_ai_b/AI_B_A_MATCH_OBJECTS.tsv	f68r3	A	UNMATCHED	AI1	B_OBJ_0259	B_ONLY		HOBJ_f68r3_5E1D3581174E	UNMATCHED
STAR	research/astro_spatial_annotation_ai_b/AI_B_A_MATCH_OBJECTS.tsv	f68r3	A	UNMATCHED	AI1	B_OBJ_0260	B_ONLY		HOBJ_f68r3_1A2E80DC48AA	UNMATCHED
STAR	research/astro_spatial_annotation_ai_b/AI_B_A_MATCH_OBJECTS.tsv	f68r3	A	UNMATCHED	AI1	B_OBJ_0261	B_ONLY		HOBJ_f68r3_A834141D45B0	UNMATCHED
STAR	research/astro_spatial_annotation_ai_b/AI_B_A_MATCH_OBJECTS.tsv	f68r3	A	UNMATCHED	AI1	B_OBJ_0262	B_ONLY		HOBJ_f68r3_0640A7F84BDF	UNMATCHED
STAR	research/astro_spatial_annotation_ai_b/AI_B_A_MATCH_OBJECTS.tsv	f68r3	A	UNMATCHED	AI1	B_OBJ_0263	B_ONLY		HOBJ_f68r3_6FD9008FDD57	UNMATCHED
STAR	research/astro_spatial_annotation_ai_b/AI_B_A_MATCH_OBJECTS.tsv	f68r3	A	UNMATCHED	AI1	B_OBJ_0264	B_ONLY		HOBJ_f68r3_AA84712F0AAB	UNMATCHED
STAR	research/astro_spatial_annotation_ai_b/AI_B_A_MATCH_OBJECTS.tsv	f68r3	A	UNMATCHED	AI1	B_OBJ_0265	B_ONLY		HOBJ_f68r3_9FAA55AD1C49	UNMATCHED
STAR	research/astro_spatial_annotation_ai_b/AI_B_A_MATCH_OBJECTS.tsv	f68r3	A	UNMATCHED	AI1	B_OBJ_0266	B_ONLY		HOBJ_f68r3_2AB0ED67B0A7	UNMATCHED
STAR	research/astro_spatial_annotation_ai_b/AI_B_A_MATCH_OBJECTS.tsv	f68r3	A	UNMATCHED	AI1	B_OBJ_0267	B_ONLY		HOBJ_f68r3_EC9C0628E073	UNMATCHED
STAR	research/astro_spatial_annotation_ai_b/AI_B_A_MATCH_OBJECTS.tsv	f68r3	A	UNMATCHED	AI1	B_OBJ_0268	B_ONLY		HOBJ_f68r3_F35C5D7A7AC7	UNMATCHED
STAR	research/astro_spatial_annotation_ai_b/AI_B_A_MATCH_OBJECTS.tsv	f68r3	A	UNMATCHED	AI1	B_OBJ_0269	B_ONLY		HOBJ_f68r3_BBDE5A9AFF6F	UNMATCHED
STAR	research/astro_spatial_annotation_ai_b/AI_B_A_MATCH_OBJECTS.tsv	f68r3	A	UNMATCHED	AI1	B_OBJ_0270	B_ONLY		HOBJ_f68r3_959536C709D0	UNMATCHED
STAR	research/astro_spatial_annotation_ai_b/AI_B_A_MATCH_OBJECTS.tsv	f68r3	A	UNMATCHED	AI1	B_OBJ_0271	B_ONLY		HOBJ_f68r3_04089F9E3CB9	UNMATCHED
STAR	research/astro_spatial_annotation_ai_b/AI_B_A_MATCH_OBJECTS.tsv	f68r3	A	UNMATCHED	AI1	B_OBJ_0272	B_ONLY		HOBJ_f68r3_115AFF37CE89	UNMATCHED
STAR	research/astro_spatial_annotation_ai_b/AI_B_A_MATCH_OBJECTS.tsv	f68r3	A	UNMATCHED	AI1	B_OBJ_0273	B_ONLY		HOBJ_f68r3_F97ABC762D42	UNMATCHED
STAR	research/astro_spatial_annotation_ai_b/AI_B_A_MATCH_OBJECTS.tsv	f68r3	A	UNMATCHED	AI1	B_OBJ_0274	B_ONLY		HOBJ_f68r3_056F8CB4822A	UNMATCHED
STAR	research/astro_spatial_annotation_ai_b/AI_B_A_MATCH_OBJECTS.tsv	f68r3	A	UNMATCHED	AI1	B_OBJ_0275	B_ONLY		HOBJ_f68r3_ABEE1A7C6ED7	UNMATCHED
STAR	research/astro_spatial_annotation_ai_b/AI_B_A_MATCH_OBJECTS.tsv	f68r3	A	UNMATCHED	AI1	B_OBJ_0276	B_ONLY		HOBJ_f68r3_557EF6D3FF67	UNMATCHED
STAR	research/astro_spatial_annotation_ai_b/AI_B_A_MATCH_OBJECTS.tsv	f68r3	A	UNMATCHED	AI1	B_OBJ_0277	B_ONLY		HOBJ_f68r3_12AE99CCE783	UNMATCHED
STAR	research/astro_spatial_annotation_ai_b/AI_B_A_MATCH_OBJECTS.tsv	f68r3	A	UNMATCHED	AI1	B_OBJ_0278	B_ONLY		HOBJ_f68r3_BACD14FC1FAB	UNMATCHED
STAR	research/astro_spatial_annotation_ai_b/AI_B_A_MATCH_OBJECTS.tsv	f68r3	A	UNMATCHED	AI1	B_OBJ_0279	B_ONLY		HOBJ_f68r3_5A96054BDAB4	UNMATCHED
STAR	research/astro_spatial_annotation_ai_b/AI_B_A_MATCH_OBJECTS.tsv	f68r3	A	UNMATCHED	AI1	B_OBJ_0280	B_ONLY		HOBJ_f68r3_508C19D45A47	UNMATCHED
STAR	research/astro_spatial_annotation_ai_b/AI_B_A_MATCH_OBJECTS.tsv	f68r3	A	UNMATCHED	AI1	B_OBJ_0281	B_ONLY		HOBJ_f68r3_9702E0A0CFBD	UNMATCHED
STAR	research/astro_spatial_annotation_ai_b/AI_B_A_MATCH_OBJECTS.tsv	f68r3	A	UNMATCHED	AI1	B_OBJ_0282	B_ONLY		HOBJ_f68r3_9BD8469E69DC	UNMATCHED
STAR	research/astro_spatial_annotation_ai_b/AI_B_A_MATCH_OBJECTS.tsv	f68r3	A	UNMATCHED	AI1	B_OBJ_0283	B_ONLY		HOBJ_f68r3_18BCB75C8AB8	UNMATCHED
STAR	research/astro_spatial_annotation_ai_b/AI_B_A_MATCH_OBJECTS.tsv	f68r3	A	UNMATCHED	AI1	B_OBJ_0284	B_ONLY		HOBJ_f68r3_DEAC2993D08F	UNMATCHED
STAR	research/astro_spatial_annotation_ai_b/AI_B_A_MATCH_OBJECTS.tsv	f68r3	A	UNMATCHED	AI1	B_OBJ_0285	B_ONLY		HOBJ_f68r3_0B4357DDB2F8	UNMATCHED
STAR	research/astro_spatial_annotation_ai_b/AI_B_A_MATCH_OBJECTS.tsv	f68r3	A	UNMATCHED	AI1	B_OBJ_0286	B_ONLY		HOBJ_f68r3_9EE1BDB53AD0	UNMATCHED
STAR	research/astro_spatial_annotation_ai_b/AI_B_A_MATCH_OBJECTS.tsv	f68r3	A	UNMATCHED	AI1	B_OBJ_0287	B_ONLY		HOBJ_f68r3_3A1ED95C8F74	UNMATCHED
STAR	research/astro_spatial_annotation_ai_b/AI_B_A_MATCH_OBJECTS.tsv	f68r3	A	UNMATCHED	AI1	B_OBJ_0288	B_ONLY		HOBJ_f68r3_218D660E68DA	UNMATCHED
STAR	research/astro_spatial_annotation_ai_b/AI_B_A_MATCH_OBJECTS.tsv	f68r3	A	UNMATCHED	AI1	B_OBJ_0289	B_ONLY		HOBJ_f68r3_837E3E93762D	UNMATCHED
STAR	research/astro_spatial_annotation_ai_b/AI_B_A_MATCH_OBJECTS.tsv	f68r3	A	UNMATCHED	AI1	B_OBJ_0290	B_ONLY		HOBJ_f68r3_F2FF56E87821	UNMATCHED
STAR	research/astro_spatial_annotation_ai_b/AI_B_A_MATCH_OBJECTS.tsv	f68r3	A	UNMATCHED	AI1	B_OBJ_0291	B_ONLY		HOBJ_f68r3_1878A1FD2BFE	UNMATCHED
STAR	research/astro_spatial_annotation_ai_b/AI_B_A_MATCH_OBJECTS.tsv	f68r3	A	UNMATCHED	AI1	B_OBJ_0292	B_ONLY		HOBJ_f68r3_A45C123D566B	UNMATCHED
STAR	research/astro_spatial_annotation_ai_b/AI_B_A_MATCH_OBJECTS.tsv	f68r3	A	UNMATCHED	AI1	B_OBJ_0293	B_ONLY		HOBJ_f68r3_E7B3C69BE7E9	UNMATCHED
STAR	research/astro_spatial_annotation_ai_b/AI_B_A_MATCH_OBJECTS.tsv	f68r3	A	UNMATCHED	AI1	B_OBJ_0294	B_ONLY		HOBJ_f68r3_97919C94247D	UNMATCHED
STAR	research/astro_spatial_annotation_ai_b/AI_B_A_MATCH_OBJECTS.tsv	f68r3	A	UNMATCHED	AI1	B_OBJ_0295	B_ONLY		HOBJ_f68r3_0489E7D20520	UNMATCHED
STAR	research/astro_spatial_annotation_ai_b/AI_B_A_MATCH_OBJECTS.tsv	f68r3	A	UNMATCHED	AI1	B_OBJ_0296	B_ONLY		HOBJ_f68r3_9176521AEDB1	UNMATCHED
STAR	research/astro_spatial_annotation_ai_b/AI_B_A_MATCH_OBJECTS.tsv	f68r3	A	UNMATCHED	AI1	B_OBJ_0297	B_ONLY		HOBJ_f68r3_605EA9A8ADB9	UNMATCHED
STAR	research/astro_spatial_annotation_ai_b/AI_B_A_MATCH_OBJECTS.tsv	f68r3	A	UNMATCHED	AI1	B_OBJ_0298	B_ONLY		HOBJ_f68r3_9BE1C497E282	UNMATCHED
STAR	research/astro_spatial_annotation_ai_b/AI_B_A_MATCH_OBJECTS.tsv	f68r3	A	UNMATCHED	AI1	B_OBJ_0299	B_ONLY		HOBJ_f68r3_C1D20B14679B	UNMATCHED
STAR	research/astro_spatial_annotation_ai_b/AI_B_A_MATCH_OBJECTS.tsv	f68r3	A	UNMATCHED	AI1	B_OBJ_0300	B_ONLY		HOBJ_f68r3_E262CE222F8D	UNMATCHED
STAR	research/astro_spatial_annotation_ai_b/AI_B_A_MATCH_OBJECTS.tsv	f68r3	A	UNMATCHED	AI1	B_OBJ_0301	B_ONLY		HOBJ_f68r3_8203EA43035C	UNMATCHED
STAR	research/astro_spatial_annotation_ai_b/AI_B_A_MATCH_OBJECTS.tsv	f68r3	A	UNMATCHED	AI1	B_OBJ_0302	B_ONLY		HOBJ_f68r3_9AB90A2251E2	UNMATCHED
STAR	research/astro_spatial_annotation_ai_b/AI_B_A_MATCH_OBJECTS.tsv	f68r3	A	UNMATCHED	AI1	B_OBJ_0303	B_ONLY		HOBJ_f68r3_AB67BCF2C8EA	UNMATCHED
STAR	research/astro_spatial_annotation_ai_b/AI_B_A_MATCH_OBJECTS.tsv	f68r3	A	UNMATCHED	AI1	B_OBJ_0304	B_ONLY		HOBJ_f68r3_2C0431E9DDE4	UNMATCHED
STAR	research/astro_spatial_annotation_ai_b/AI_B_A_MATCH_OBJECTS.tsv	f68r3	A	UNMATCHED	AI1	B_OBJ_0305	B_ONLY		HOBJ_f68r3_3E5BCCA75F77	UNMATCHED
STAR	research/astro_spatial_annotation_ai_b/AI_B_A_MATCH_OBJECTS.tsv	f68r3	A	UNMATCHED	AI1	B_OBJ_0306	B_ONLY		HOBJ_f68r3_7526F5092247	UNMATCHED
STAR	research/astro_spatial_annotation_ai_b/AI_B_A_MATCH_OBJECTS.tsv	f68r3	A	UNMATCHED	AI1	B_OBJ_0307	B_ONLY		HOBJ_f68r3_6709F54C220E	UNMATCHED
STAR	research/astro_spatial_annotation_ai_b/AI_B_A_MATCH_OBJECTS.tsv	f68r3	A	UNMATCHED	AI1	B_OBJ_0308	B_ONLY		HOBJ_f68r3_06CA79A2B28E	UNMATCHED
STAR	research/astro_spatial_annotation_ai_b/AI_B_A_MATCH_OBJECTS.tsv	f68r3	A	UNMATCHED	AI1	B_OBJ_0309	B_ONLY		HOBJ_f68r3_08F3CA5024BC	UNMATCHED
STAR	research/astro_spatial_annotation_ai_b/AI_B_A_MATCH_OBJECTS.tsv	f68r3	A	UNMATCHED	AI1	B_OBJ_0310	B_ONLY		HOBJ_f68r3_1CEF79745F88	UNMATCHED
STAR	research/astro_spatial_annotation_ai_b/AI_B_A_MATCH_OBJECTS.tsv	f68r3	A	UNMATCHED	AI1	B_OBJ_0311	B_ONLY		HOBJ_f68r3_C8A425EF5233	UNMATCHED
STAR	research/astro_spatial_annotation_ai_b/AI_B_A_MATCH_OBJECTS.tsv	f68r3	A	UNMATCHED	AI1	B_OBJ_0312	B_ONLY		HOBJ_f68r3_FCCB262AF705	UNMATCHED
STAR	research/astro_spatial_annotation_ai_b/AI_B_A_MATCH_OBJECTS.tsv	f68r3	A	UNMATCHED	AI1	B_OBJ_0313	B_ONLY		HOBJ_f68r3_8FD1DD21650B	UNMATCHED
STAR	research/astro_spatial_annotation_ai_b/AI_B_A_MATCH_OBJECTS.tsv	f68r3	A	UNMATCHED	AI1	B_OBJ_0314	B_ONLY		HOBJ_f68r3_BFE80B81867F	UNMATCHED
STAR	research/astro_spatial_annotation_ai_b/AI_B_A_MATCH_OBJECTS.tsv	f68r3	A	UNMATCHED	AI1	B_OBJ_0315	B_ONLY		HOBJ_f68r3_DEBDB0E1893E	UNMATCHED
STAR	research/astro_spatial_annotation_ai_b/AI_B_A_MATCH_OBJECTS.tsv	f68r3	A	UNMATCHED	AI1	B_OBJ_0316	B_ONLY		HOBJ_f68r3_B8D073701BA7	UNMATCHED
STAR	research/astro_spatial_annotation_ai_b/AI_B_A_MATCH_OBJECTS.tsv	f68r3	A	UNMATCHED	AI1	B_OBJ_0317	B_ONLY		HOBJ_f68r3_54265B53127A	UNMATCHED
STAR	research/astro_spatial_annotation_ai_b/AI_B_A_MATCH_OBJECTS.tsv	f68r3	A	UNMATCHED	AI1	B_OBJ_0318	B_ONLY		HOBJ_f68r3_15499824ABF3	UNMATCHED
STAR	research/astro_spatial_annotation_ai_b/AI_B_A_MATCH_OBJECTS.tsv	f68r3	A	UNMATCHED	AI1	B_OBJ_0319	B_ONLY		HOBJ_f68r3_68DA3FDC521F	UNMATCHED
STAR	research/astro_spatial_annotation_ai_b/AI_B_A_MATCH_OBJECTS.tsv	f68r3	A	UNMATCHED	AI1	B_OBJ_0320	B_ONLY		HOBJ_f68r3_B4BAF9C5D01E	UNMATCHED
STAR	research/astro_spatial_annotation_ai_b/AI_B_A_MATCH_OBJECTS.tsv	f68r3	A	UNMATCHED	AI1	B_OBJ_0321	B_ONLY		HOBJ_f68r3_22684DE74ACA	UNMATCHED
STAR	research/astro_spatial_annotation_ai_b/AI_B_A_MATCH_OBJECTS.tsv	f68r3	A	UNMATCHED	AI1	B_OBJ_0322	B_ONLY		HOBJ_f68r3_03C31059FF7B	UNMATCHED
STAR	research/astro_spatial_annotation_ai_b/AI_B_A_MATCH_OBJECTS.tsv	f68r3	A	UNMATCHED	AI1	B_OBJ_0323	B_ONLY		HOBJ_f68r3_A484774B17C0	UNMATCHED
STAR	research/astro_spatial_annotation_ai_b/AI_B_A_MATCH_OBJECTS.tsv	f68r3	A	UNMATCHED	AI1	B_OBJ_0324	B_ONLY		HOBJ_f68r3_14C483992706	UNMATCHED
STAR	research/astro_spatial_annotation_ai_b/AI_B_A_MATCH_OBJECTS.tsv	f68r3	A	UNMATCHED	AI1	B_OBJ_0325	B_ONLY		HOBJ_f68r3_89EDDF7E6E83	UNMATCHED
STAR	research/astro_spatial_annotation_ai_b/AI_B_A_MATCH_OBJECTS.tsv	f68r3	A	UNMATCHED	AI1	B_OBJ_0326	B_ONLY		HOBJ_f68r3_E3AB143C7864	UNMATCHED
STAR	research/astro_spatial_annotation_ai_b/AI_B_A_MATCH_OBJECTS.tsv	f68r3	A	UNMATCHED	AI1	B_OBJ_0327	B_ONLY		HOBJ_f68r3_AFE2C5FFA316	UNMATCHED
STAR	research/astro_spatial_annotation_ai_b/AI_B_A_MATCH_OBJECTS.tsv	f68r3	A	UNMATCHED	AI1	B_OBJ_0328	B_ONLY		HOBJ_f68r3_ECAA7CF83EEA	UNMATCHED
STAR	research/astro_spatial_annotation_ai_b/AI_B_A_MATCH_OBJECTS.tsv	f68r3	A	UNMATCHED	AI1	B_OBJ_0329	B_ONLY		HOBJ_f68r3_84047676538D	UNMATCHED
STAR	research/astro_spatial_annotation_ai_b/AI_B_A_MATCH_OBJECTS.tsv	f68v1	A	UNMATCHED	AI1	B_OBJ_0331	B_ONLY		HOBJ_f68v1_1FFD451FA4DB	UNMATCHED
STAR	research/astro_spatial_annotation_ai_b/AI_B_A_MATCH_OBJECTS.tsv	f68v1	A	UNMATCHED	AI1	B_OBJ_0332	B_ONLY		HOBJ_f68v1_CC9B00749CB0	UNMATCHED
STAR	research/astro_spatial_annotation_ai_b/AI_B_A_MATCH_OBJECTS.tsv	f68v1	A	UNMATCHED	AI1	B_OBJ_0334	B_ONLY		HOBJ_f68v1_6BCAFB0F1C06	UNMATCHED
STAR	research/astro_spatial_annotation_ai_b/AI_B_A_MATCH_OBJECTS.tsv	f68v1	A	UNMATCHED	AI1	B_OBJ_0335	B_ONLY		HOBJ_f68v1_DF0E8EF2403E	UNMATCHED
STAR	research/astro_spatial_annotation_ai_b/AI_B_A_MATCH_OBJECTS.tsv	f68v1	A	UNMATCHED	AI1	B_OBJ_0336	B_ONLY		HOBJ_f68v1_F03DFFB1C8F8	UNMATCHED
STAR	research/astro_spatial_annotation_ai_b/AI_B_A_MATCH_OBJECTS.tsv	f68v1	A	UNMATCHED	AI1	B_OBJ_0337	B_ONLY		HOBJ_f68v1_5CA1BFA98A31	UNMATCHED
STAR	research/astro_spatial_annotation_ai_b/AI_B_A_MATCH_OBJECTS.tsv	f68v1	A	UNMATCHED	AI1	B_OBJ_0338	B_ONLY		HOBJ_f68v1_6040E86C39F7	UNMATCHED
STAR	research/astro_spatial_annotation_ai_b/AI_B_A_MATCH_OBJECTS.tsv	f68v1	A	UNMATCHED	AI1	B_OBJ_0339	B_ONLY		HOBJ_f68v1_408503BE9C00	UNMATCHED
STAR	research/astro_spatial_annotation_ai_b/AI_B_A_MATCH_OBJECTS.tsv	f68v1	A	UNMATCHED	AI1	B_OBJ_0340	B_ONLY		HOBJ_f68v1_5A6200E1F438	UNMATCHED
STAR	research/astro_spatial_annotation_ai_b/AI_B_A_MATCH_OBJECTS.tsv	f68v1	A	UNMATCHED	AI1	B_OBJ_0341	B_ONLY		HOBJ_f68v1_013A839F5E5C	UNMATCHED
STAR	research/astro_spatial_annotation_ai_b/AI_B_A_MATCH_OBJECTS.tsv	f68v1	A	UNMATCHED	AI1	B_OBJ_0342	B_ONLY		HOBJ_f68v1_5FC575CA4F9F	UNMATCHED
STAR	research/astro_spatial_annotation_ai_b/AI_B_A_MATCH_OBJECTS.tsv	f68v1	A	UNMATCHED	AI1	B_OBJ_0343	B_ONLY		HOBJ_f68v1_77BE1E398209	UNMATCHED
STAR	research/astro_spatial_annotation_ai_b/AI_B_A_MATCH_OBJECTS.tsv	f68v1	A	UNMATCHED	AI1	B_OBJ_0344	B_ONLY		HOBJ_f68v1_937DE77FC490	UNMATCHED
STAR	research/astro_spatial_annotation_ai_b/AI_B_A_MATCH_OBJECTS.tsv	f68v1	A	UNMATCHED	AI1	B_OBJ_0345	B_ONLY		HOBJ_f68v1_F10E8731CBE8	UNMATCHED
STAR	research/astro_spatial_annotation_ai_b/AI_B_A_MATCH_OBJECTS.tsv	f68v1	A	UNMATCHED	AI1	B_OBJ_0346	B_ONLY		HOBJ_f68v1_11C22901B618	UNMATCHED
STAR	research/astro_spatial_annotation_ai_b/AI_B_A_MATCH_OBJECTS.tsv	f68v1	A	UNMATCHED	AI1	B_OBJ_0347	B_ONLY		HOBJ_f68v1_8C9D951F4E72	UNMATCHED
STAR	research/astro_spatial_annotation_ai_b/AI_B_A_MATCH_OBJECTS.tsv	f68v1	A	UNMATCHED	AI1	B_OBJ_0348	B_ONLY		HOBJ_f68v1_3188FF9D2579	UNMATCHED
STAR	research/astro_spatial_annotation_ai_b/AI_B_A_MATCH_OBJECTS.tsv	f68v1	A	UNMATCHED	AI1	B_OBJ_0349	B_ONLY		HOBJ_f68v1_F98B705256A5	UNMATCHED
STAR	research/astro_spatial_annotation_ai_b/AI_B_A_MATCH_OBJECTS.tsv	f68v1	A	UNMATCHED	AI1	B_OBJ_0350	B_ONLY		HOBJ_f68v1_4116A4CD8843	UNMATCHED
STAR	research/astro_spatial_annotation_ai_b/AI_B_A_MATCH_OBJECTS.tsv	f68v1	A	UNMATCHED	AI1	B_OBJ_0351	B_ONLY		HOBJ_f68v1_74E007ABB36A	UNMATCHED
STAR	research/astro_spatial_annotation_ai_b/AI_B_A_MATCH_OBJECTS.tsv	f68v1	A	UNMATCHED	AI1	B_OBJ_0352	B_ONLY		HOBJ_f68v1_0A91871D4174	UNMATCHED
STAR	research/astro_spatial_annotation_ai_b/AI_B_A_MATCH_OBJECTS.tsv	f68v1	A	UNMATCHED	AI1	B_OBJ_0353	B_ONLY		HOBJ_f68v1_E7A90C4A165B	UNMATCHED
STAR	research/astro_spatial_annotation_ai_b/AI_B_A_MATCH_OBJECTS.tsv	f68v1	A	UNMATCHED	AI1	B_OBJ_0354	B_ONLY		HOBJ_f68v1_7557A2B7F53A	UNMATCHED
STAR	research/astro_spatial_annotation_ai_b/AI_B_A_MATCH_OBJECTS.tsv	f68v1	A	UNMATCHED	AI1	B_OBJ_0355	B_ONLY		HOBJ_f68v1_327A25B59E4E	UNMATCHED
STAR	research/astro_spatial_annotation_ai_b/AI_B_A_MATCH_OBJECTS.tsv	f68v1	A	UNMATCHED	AI1	B_OBJ_0356	B_ONLY		HOBJ_f68v1_40FC37D27375	UNMATCHED
STAR	research/astro_spatial_annotation_ai_b/AI_B_A_MATCH_OBJECTS.tsv	f68v1	A	UNMATCHED	AI1	B_OBJ_0357	B_ONLY		HOBJ_f68v1_7A4EE05D2B76	UNMATCHED
STAR	research/astro_spatial_annotation_ai_b/AI_B_A_MATCH_OBJECTS.tsv	f68v1	A	UNMATCHED	AI1	B_OBJ_0358	B_ONLY		HOBJ_f68v1_FD8FA7C2E397	UNMATCHED
STAR	research/astro_spatial_annotation_ai_b/AI_B_A_MATCH_OBJECTS.tsv	f68v1	A	UNMATCHED	AI1	B_OBJ_0359	B_ONLY		HOBJ_f68v1_2C6EC544714F	UNMATCHED
STAR	research/astro_spatial_annotation_ai_b/AI_B_A_MATCH_OBJECTS.tsv	f68v1	A	UNMATCHED	AI1	B_OBJ_0360	B_ONLY		HOBJ_f68v1_15A876F0CAA3	UNMATCHED
STAR	research/astro_spatial_annotation_ai_b/AI_B_A_MATCH_OBJECTS.tsv	f68v1	A	UNMATCHED	AI1	B_OBJ_0361	B_ONLY		HOBJ_f68v1_4B6D447B3AD8	UNMATCHED
STAR	research/astro_spatial_annotation_ai_b/AI_B_A_MATCH_OBJECTS.tsv	f68v1	A	UNMATCHED	AI1	B_OBJ_0362	B_ONLY		HOBJ_f68v1_81DBEF0FB292	UNMATCHED
STAR	research/astro_spatial_annotation_ai_b/AI_B_A_MATCH_OBJECTS.tsv	f68v1	A	UNMATCHED	AI1	B_OBJ_0363	B_ONLY		HOBJ_f68v1_AEE471AAEAC7	UNMATCHED
STAR	research/astro_spatial_annotation_ai_b/AI_B_A_MATCH_OBJECTS.tsv	f68v1	A	UNMATCHED	AI1	B_OBJ_0364	B_ONLY		HOBJ_f68v1_A0D6B98140CB	UNMATCHED
STAR	research/astro_spatial_annotation_ai_b/AI_B_A_MATCH_OBJECTS.tsv	f68v1	A	UNMATCHED	AI1	B_OBJ_0365	B_ONLY		HOBJ_f68v1_157EE28E5B2A	UNMATCHED
STAR	research/astro_spatial_annotation_ai_b/AI_B_A_MATCH_OBJECTS.tsv	f68v1	A	UNMATCHED	AI1	B_OBJ_0366	B_ONLY		HOBJ_f68v1_FCD48BEF107E	UNMATCHED
STAR	research/astro_spatial_annotation_ai_b/AI_B_A_MATCH_OBJECTS.tsv	f68v1	A	UNMATCHED	AI1	B_OBJ_0367	B_ONLY		HOBJ_f68v1_50444C1B9712	UNMATCHED
STAR	research/astro_spatial_annotation_ai_b/AI_B_A_MATCH_OBJECTS.tsv	f68v1	A	UNMATCHED	AI1	B_OBJ_0368	B_ONLY		HOBJ_f68v1_EDF16D6486FF	UNMATCHED
STAR	research/astro_spatial_annotation_ai_b/AI_B_A_MATCH_OBJECTS.tsv	f68v1	A	UNMATCHED	AI1	B_OBJ_0369	B_ONLY		HOBJ_f68v1_618A5E2C4F3D	UNMATCHED
STAR	research/astro_spatial_annotation_ai_b/AI_B_A_MATCH_OBJECTS.tsv	f68v1	A	UNMATCHED	AI1	B_OBJ_0370	B_ONLY		HOBJ_f68v1_F0612E866CFC	UNMATCHED
STAR	research/astro_spatial_annotation_ai_b/AI_B_A_MATCH_OBJECTS.tsv	f68v1	A	UNMATCHED	AI1	B_OBJ_0371	B_ONLY		HOBJ_f68v1_8071EAA73E85	UNMATCHED
STAR	research/astro_spatial_annotation_ai_b/AI_B_A_MATCH_OBJECTS.tsv	f68v1	A	UNMATCHED	AI1	B_OBJ_0372	B_ONLY		HOBJ_f68v1_B9FCCAD9B3D1	UNMATCHED
STAR	research/astro_spatial_annotation_ai_b/AI_B_A_MATCH_OBJECTS.tsv	f68v1	A	UNMATCHED	AI1	B_OBJ_0373	B_ONLY		HOBJ_f68v1_24EDB3A0EBF4	UNMATCHED
STAR	research/astro_spatial_annotation_ai_b/AI_B_A_MATCH_OBJECTS.tsv	f68v1	A	UNMATCHED	AI1	B_OBJ_0374	B_ONLY		HOBJ_f68v1_395598D105D7	UNMATCHED
STAR	research/astro_spatial_annotation_ai_b/AI_B_A_MATCH_OBJECTS.tsv	f68v1	A	UNMATCHED	AI1	B_OBJ_0375	B_ONLY		HOBJ_f68v1_7815ADA3CB06	UNMATCHED
STAR	research/astro_spatial_annotation_ai_b/AI_B_A_MATCH_OBJECTS.tsv	f68v1	A	UNMATCHED	AI1	B_OBJ_0376	B_ONLY		HOBJ_f68v1_EDF89A64FC0C	UNMATCHED
STAR	research/astro_spatial_annotation_ai_b/AI_B_A_MATCH_OBJECTS.tsv	f68v1	A	UNMATCHED	AI1	B_OBJ_0377	B_ONLY		HOBJ_f68v1_AB3CA947F0F5	UNMATCHED
STAR	research/astro_spatial_annotation_ai_b/AI_B_A_MATCH_OBJECTS.tsv	f68v1	A	UNMATCHED	AI1	B_OBJ_0378	B_ONLY		HOBJ_f68v1_A9066530BFF3	UNMATCHED
STAR	research/astro_spatial_annotation_ai_b/AI_B_A_MATCH_OBJECTS.tsv	f68v1	A	UNMATCHED	AI1	B_OBJ_0379	B_ONLY		HOBJ_f68v1_E2DFC98E3C7C	UNMATCHED
STAR	research/astro_spatial_annotation_ai_b/AI_B_A_MATCH_OBJECTS.tsv	f68v1	A	UNMATCHED	AI1	B_OBJ_0380	B_ONLY		HOBJ_f68v1_2555FA8B3AF1	UNMATCHED
STAR	research/astro_spatial_annotation_ai_b/AI_B_A_MATCH_OBJECTS.tsv	f68v1	A	UNMATCHED	AI1	B_OBJ_0381	B_ONLY		HOBJ_f68v1_7149B9AB9033	UNMATCHED
STAR	research/astro_spatial_annotation_ai_b/AI_B_A_MATCH_OBJECTS.tsv	f68v1	A	UNMATCHED	AI1	B_OBJ_0382	B_ONLY		HOBJ_f68v1_995159A8ED88	UNMATCHED
STAR	research/astro_spatial_annotation_ai_b/AI_B_A_MATCH_OBJECTS.tsv	f68v1	A	UNMATCHED	AI1	B_OBJ_0383	B_ONLY		HOBJ_f68v1_5D565D15A8CA	UNMATCHED
STAR	research/astro_spatial_annotation_ai_b/AI_B_A_MATCH_OBJECTS.tsv	f68v1	A	UNMATCHED	AI1	B_OBJ_0384	B_ONLY		HOBJ_f68v1_F5F9ABCBD023	UNMATCHED
STAR	research/astro_spatial_annotation_ai_b/AI_B_A_MATCH_OBJECTS.tsv	f68v1	A	UNMATCHED	AI1	B_OBJ_0385	B_ONLY		HOBJ_f68v1_9132913B3B15	UNMATCHED
STAR	research/astro_spatial_annotation_ai_b/AI_B_A_MATCH_OBJECTS.tsv	f68v1	A	UNMATCHED	AI1	B_OBJ_0386	B_ONLY		HOBJ_f68v1_12BEFF10D008	UNMATCHED
STAR	research/astro_spatial_annotation_ai_b/AI_B_A_MATCH_OBJECTS.tsv	f68v1	A	UNMATCHED	AI1	B_OBJ_0387	B_ONLY		HOBJ_f68v1_B633F8CA8DDB	UNMATCHED
STAR	research/astro_spatial_annotation_ai_b/AI_B_A_MATCH_OBJECTS.tsv	f68v1	A	UNMATCHED	AI1	B_OBJ_0388	B_ONLY		HOBJ_f68v1_46EFB45D9A4B	UNMATCHED
STAR	research/astro_spatial_annotation_ai_b/AI_B_A_MATCH_OBJECTS.tsv	f68v1	A	UNMATCHED	AI1	B_OBJ_0389	B_ONLY		HOBJ_f68v1_A2451D0C7C09	UNMATCHED
STAR	research/astro_spatial_annotation_ai_b/AI_B_A_MATCH_OBJECTS.tsv	f68v1	A	UNMATCHED	AI1	B_OBJ_0390	B_ONLY		HOBJ_f68v1_9EB24255B81A	UNMATCHED
STAR	research/astro_spatial_annotation_ai_b/AI_B_A_MATCH_OBJECTS.tsv	f68v1	A	UNMATCHED	AI1	B_OBJ_0391	B_ONLY		HOBJ_f68v1_4FA496A386C6	UNMATCHED
STAR	research/astro_spatial_annotation_ai_b/AI_B_A_MATCH_OBJECTS.tsv	f68v1	A	UNMATCHED	AI1	B_OBJ_0392	B_ONLY		HOBJ_f68v1_92ED6A50CF67	UNMATCHED
STAR	research/astro_spatial_annotation_ai_b/AI_B_A_MATCH_OBJECTS.tsv	f68v1	A	UNMATCHED	AI1	B_OBJ_0393	B_ONLY		HOBJ_f68v1_767E9FF132C3	UNMATCHED
STAR	research/astro_spatial_annotation_ai_b/AI_B_A_MATCH_OBJECTS.tsv	f68v1	A	UNMATCHED	AI1	B_OBJ_0394	B_ONLY		HOBJ_f68v1_6140F177D8CD	UNMATCHED
STAR	research/astro_spatial_annotation_ai_b/AI_B_A_MATCH_OBJECTS.tsv	f68v1	A	UNMATCHED	AI1	B_OBJ_0395	B_ONLY		HOBJ_f68v1_0DFC1455468D	UNMATCHED
STAR	research/astro_spatial_annotation_ai_b/AI_B_A_MATCH_OBJECTS.tsv	f68v1	A	UNMATCHED	AI1	B_OBJ_0396	B_ONLY		HOBJ_f68v1_346191D018B8	UNMATCHED
STAR	research/astro_spatial_annotation_ai_b/AI_B_A_MATCH_OBJECTS.tsv	f68v1	A	UNMATCHED	AI1	B_OBJ_0397	B_ONLY		HOBJ_f68v1_A66DC1BB7B7D	UNMATCHED
STAR	research/astro_spatial_annotation_ai_b/AI_B_A_MATCH_OBJECTS.tsv	f68v2	A	UNMATCHED	AI1	B_OBJ_0400	B_ONLY		HOBJ_f68v2_05127550379F	UNMATCHED
STAR	research/astro_spatial_annotation_ai_b/AI_B_A_MATCH_OBJECTS.tsv	f68v2	A	UNMATCHED	AI1	B_OBJ_0401	B_ONLY		HOBJ_f68v2_5E5DC363F06B	UNMATCHED
STAR	research/astro_spatial_annotation_ai_b/AI_B_A_MATCH_OBJECTS.tsv	f68v2	A	UNMATCHED	AI1	B_OBJ_0402	B_ONLY		HOBJ_f68v2_47672F03EB34	UNMATCHED
STAR	research/astro_spatial_annotation_ai_b/AI_B_A_MATCH_OBJECTS.tsv	f68v2	A	UNMATCHED	AI1	B_OBJ_0403	B_ONLY		HOBJ_f68v2_3E9AF0D028AF	UNMATCHED
STAR	research/astro_spatial_annotation_ai_b/AI_B_A_MATCH_OBJECTS.tsv	f68v2	A	UNMATCHED	AI1	B_OBJ_0404	B_ONLY		HOBJ_f68v2_6576597AAB31	UNMATCHED
STAR	research/astro_spatial_annotation_ai_b/AI_B_A_MATCH_OBJECTS.tsv	f68v2	A	UNMATCHED	AI1	B_OBJ_0405	B_ONLY		HOBJ_f68v2_6C65FEE3732B	UNMATCHED
STAR	research/astro_spatial_annotation_ai_b/AI_B_A_MATCH_OBJECTS.tsv	f68v2	A	UNMATCHED	AI1	B_OBJ_0406	B_ONLY		HOBJ_f68v2_1A95237DFDB6	UNMATCHED
STAR	research/astro_spatial_annotation_ai_b/AI_B_A_MATCH_OBJECTS.tsv	f68v2	A	UNMATCHED	AI1	B_OBJ_0407	B_ONLY		HOBJ_f68v2_89E47CE46456	UNMATCHED
STAR	research/astro_spatial_annotation_ai_b/AI_B_A_MATCH_OBJECTS.tsv	f68v2	A	UNMATCHED	AI1	B_OBJ_0408	B_ONLY		HOBJ_f68v2_3FBF102801E6	UNMATCHED
STAR	research/astro_spatial_annotation_ai_b/AI_B_A_MATCH_OBJECTS.tsv	f68v2	A	UNMATCHED	AI1	B_OBJ_0409	B_ONLY		HOBJ_f68v2_642910E7F616	UNMATCHED
STAR	research/astro_spatial_annotation_ai_b/AI_B_A_MATCH_OBJECTS.tsv	f68v2	A	UNMATCHED	AI1	B_OBJ_0410	B_ONLY		HOBJ_f68v2_700ED727F04E	UNMATCHED
STAR	research/astro_spatial_annotation_ai_b/AI_B_A_MATCH_OBJECTS.tsv	f68v2	A	UNMATCHED	AI1	B_OBJ_0411	B_ONLY		HOBJ_f68v2_8E409C957338	UNMATCHED
STAR	research/astro_spatial_annotation_ai_b/AI_B_A_MATCH_OBJECTS.tsv	f68v2	A	UNMATCHED	AI1	B_OBJ_0412	B_ONLY		HOBJ_f68v2_62C497B54983	UNMATCHED
STAR	research/astro_spatial_annotation_ai_b/AI_B_A_MATCH_OBJECTS.tsv	f68v2	A	UNMATCHED	AI1	B_OBJ_0413	B_ONLY		HOBJ_f68v2_41686B83501E	UNMATCHED
STAR	research/astro_spatial_annotation_ai_b/AI_B_A_MATCH_OBJECTS.tsv	f68v2	A	UNMATCHED	AI1	B_OBJ_0414	B_ONLY		HOBJ_f68v2_73421669AE05	UNMATCHED
STAR	research/astro_spatial_annotation_ai_b/AI_B_A_MATCH_OBJECTS.tsv	f68v2	A	UNMATCHED	AI1	B_OBJ_0415	B_ONLY		HOBJ_f68v2_59228B6F436C	UNMATCHED
STAR	research/astro_spatial_annotation_ai_b/AI_B_A_MATCH_OBJECTS.tsv	f68v2	A	UNMATCHED	AI1	B_OBJ_0416	B_ONLY		HOBJ_f68v2_972C5F47C72F	UNMATCHED
STAR	research/astro_spatial_annotation_ai_b/AI_B_A_MATCH_OBJECTS.tsv	f68v2	A	UNMATCHED	AI1	B_OBJ_0417	B_ONLY		HOBJ_f68v2_83517E253083	UNMATCHED
STAR	research/astro_spatial_annotation_ai_b/AI_B_A_MATCH_OBJECTS.tsv	f68v2	A	UNMATCHED	AI1	B_OBJ_0418	B_ONLY		HOBJ_f68v2_13A98E896ADA	UNMATCHED
STAR	research/astro_spatial_annotation_ai_b/AI_B_A_MATCH_OBJECTS.tsv	f68v2	A	UNMATCHED	AI1	B_OBJ_0419	B_ONLY		HOBJ_f68v2_D8CA61F34D90	UNMATCHED
STAR	research/astro_spatial_annotation_ai_b/AI_B_A_MATCH_OBJECTS.tsv	f68v2	A	UNMATCHED	AI1	B_OBJ_0420	B_ONLY		HOBJ_f68v2_7DD004B4506D	UNMATCHED
STAR	research/astro_spatial_annotation_ai_b/AI_B_A_MATCH_OBJECTS.tsv	f68v2	A	UNMATCHED	AI1	B_OBJ_0421	B_ONLY		HOBJ_f68v2_325715B51E16	UNMATCHED
STAR	research/astro_spatial_annotation_ai_b/AI_B_A_MATCH_OBJECTS.tsv	f68v2	A	UNMATCHED	AI1	B_OBJ_0422	B_ONLY		HOBJ_f68v2_A6F0DAB04C14	UNMATCHED
STAR	research/astro_spatial_annotation_ai_b/AI_B_A_MATCH_OBJECTS.tsv	f68v2	A	UNMATCHED	AI1	B_OBJ_0423	B_ONLY		HOBJ_f68v2_D8745C0151C7	UNMATCHED
STAR	research/astro_spatial_annotation_ai_b/AI_B_A_MATCH_OBJECTS.tsv	f68v2	A	UNMATCHED	AI1	B_OBJ_0424	B_ONLY		HOBJ_f68v2_FC86F89B1DC0	UNMATCHED
STAR	research/astro_spatial_annotation_ai_b/AI_B_A_MATCH_OBJECTS.tsv	f68v2	A	UNMATCHED	AI1	B_OBJ_0425	B_ONLY		HOBJ_f68v2_F8E82AAFF9A7	UNMATCHED
STAR	research/astro_spatial_annotation_ai_b/AI_B_A_MATCH_OBJECTS.tsv	f68v2	A	UNMATCHED	AI1	B_OBJ_0426	B_ONLY		HOBJ_f68v2_D8A0EB2D2B93	UNMATCHED
STAR	research/astro_spatial_annotation_ai_b/AI_B_A_MATCH_OBJECTS.tsv	f68v2	A	UNMATCHED	AI1	B_OBJ_0427	B_ONLY		HOBJ_f68v2_9232C06CE89F	UNMATCHED
STAR	research/astro_spatial_annotation_ai_b/AI_B_A_MATCH_OBJECTS.tsv	f68v2	A	UNMATCHED	AI1	B_OBJ_0428	B_ONLY		HOBJ_f68v2_15B2829C2DEB	UNMATCHED
STAR	research/astro_spatial_annotation_ai_b/AI_B_A_MATCH_OBJECTS.tsv	f68v2	A	UNMATCHED	AI1	B_OBJ_0429	B_ONLY		HOBJ_f68v2_81F99C6A0675	UNMATCHED
STAR	research/astro_spatial_annotation_ai_b/AI_B_A_MATCH_OBJECTS.tsv	f68v2	A	UNMATCHED	AI1	B_OBJ_0430	B_ONLY		HOBJ_f68v2_0AD8C63472A0	UNMATCHED
STAR	research/astro_spatial_annotation_ai_b/AI_B_A_MATCH_OBJECTS.tsv	f68v2	A	UNMATCHED	AI1	B_OBJ_0431	B_ONLY		HOBJ_f68v2_29FA8B1EF0D8	UNMATCHED
STAR	research/astro_spatial_annotation_ai_b/AI_B_A_MATCH_OBJECTS.tsv	f68v2	A	UNMATCHED	AI1	B_OBJ_0432	B_ONLY		HOBJ_f68v2_D6D1C8D13621	UNMATCHED
STAR	research/astro_spatial_annotation_ai_b/AI_B_A_MATCH_OBJECTS.tsv	f68v2	A	UNMATCHED	AI1	B_OBJ_0433	B_ONLY		HOBJ_f68v2_44CEC1A648E3	UNMATCHED
STAR	research/astro_spatial_annotation_ai_b/AI_B_A_MATCH_OBJECTS.tsv	f68v2	A	UNMATCHED	AI1	B_OBJ_0434	B_ONLY		HOBJ_f68v2_BFE5F7F89379	UNMATCHED
STAR	research/astro_spatial_annotation_ai_b/AI_B_A_MATCH_OBJECTS.tsv	f68v2	A	UNMATCHED	AI1	B_OBJ_0435	B_ONLY		HOBJ_f68v2_6C067BD76804	UNMATCHED
STAR	research/astro_spatial_annotation_ai_b/AI_B_A_MATCH_OBJECTS.tsv	f68v2	A	UNMATCHED	AI1	B_OBJ_0436	B_ONLY		HOBJ_f68v2_ECFAB4FE8228	UNMATCHED
STAR	research/astro_spatial_annotation_ai_b/AI_B_A_MATCH_OBJECTS.tsv	f68v2	A	UNMATCHED	AI1	B_OBJ_0437	B_ONLY		HOBJ_f68v2_5D5F1D694130	UNMATCHED
STAR	research/astro_spatial_annotation_ai_b/AI_B_A_MATCH_OBJECTS.tsv	f68v2	A	UNMATCHED	AI1	B_OBJ_0438	B_ONLY		HOBJ_f68v2_B4770B5E4E2F	UNMATCHED
STAR	research/astro_spatial_annotation_ai_b/AI_B_A_MATCH_OBJECTS.tsv	f68v2	A	UNMATCHED	AI1	B_OBJ_0439	B_ONLY		HOBJ_f68v2_A601336B6EDB	UNMATCHED
STAR	research/astro_spatial_annotation_ai_b/AI_B_A_MATCH_OBJECTS.tsv	f68v2	A	UNMATCHED	AI1	B_OBJ_0440	B_ONLY		HOBJ_f68v2_B0E9D4D429BE	UNMATCHED
STAR	research/astro_spatial_annotation_ai_b/AI_B_A_MATCH_OBJECTS.tsv	f68v2	A	UNMATCHED	AI1	B_OBJ_0441	B_ONLY		HOBJ_f68v2_88D20188E3A5	UNMATCHED
STAR	research/astro_spatial_annotation_ai_b/AI_B_A_MATCH_OBJECTS.tsv	f68v2	A	UNMATCHED	AI1	B_OBJ_0442	B_ONLY		HOBJ_f68v2_5CBEA62ACA92	UNMATCHED
STAR	research/astro_spatial_annotation_ai_b/AI_B_A_MATCH_OBJECTS.tsv	f68v2	A	UNMATCHED	AI1	B_OBJ_0443	B_ONLY		HOBJ_f68v2_7E7A5C69A488	UNMATCHED
STAR	research/astro_spatial_annotation_ai_b/AI_B_A_MATCH_OBJECTS.tsv	f68v2	A	UNMATCHED	AI1	B_OBJ_0444	B_ONLY		HOBJ_f68v2_A7B8288C46BE	UNMATCHED
STAR	research/astro_spatial_annotation_ai_b/AI_B_A_MATCH_OBJECTS.tsv	f68v2	A	UNMATCHED	AI1	B_OBJ_0445	B_ONLY		HOBJ_f68v2_92B415AB090B	UNMATCHED
STAR	research/astro_spatial_annotation_ai_b/AI_B_A_MATCH_OBJECTS.tsv	f68v2	A	UNMATCHED	AI1	B_OBJ_0446	B_ONLY		HOBJ_f68v2_7B70FFCD8BC1	UNMATCHED
STAR	research/astro_spatial_annotation_ai_b/AI_B_A_MATCH_OBJECTS.tsv	f68v2	A	UNMATCHED	AI1	B_OBJ_0447	B_ONLY		HOBJ_f68v2_251A312B105E	UNMATCHED
STAR	research/astro_spatial_annotation_ai_b/AI_B_A_MATCH_OBJECTS.tsv	f68v2	A	UNMATCHED	AI1	B_OBJ_0448	B_ONLY		HOBJ_f68v2_8902951CF7FE	UNMATCHED
STAR	research/astro_spatial_annotation_ai_b/AI_B_A_MATCH_OBJECTS.tsv	f68v2	A	UNMATCHED	AI1	B_OBJ_0449	B_ONLY		HOBJ_f68v2_876E59C4900B	UNMATCHED
STAR	research/astro_spatial_annotation_ai_b/AI_B_A_MATCH_OBJECTS.tsv	f68v2	A	UNMATCHED	AI1	B_OBJ_0450	B_ONLY		HOBJ_f68v2_504F1D41DFB7	UNMATCHED
STAR	research/astro_spatial_annotation_ai_b2/A_AI2_OBJECT_MATCH.tsv	f67r1	A	f67r1-circle-01	AI2	C_OBJ_0005	MATCHED	HOBJ_f67r1_C9AFEC3DCF28	HOBJ_f67r1_C9AFEC3DCF28	SAME_CANDIDATE
STAR	research/astro_spatial_annotation_ai_b2/A_AI2_OBJECT_MATCH.tsv	f67r1	A	f67r1-central-01	AI2	C_OBJ_0001	MATCHED	HOBJ_f67r1_40D47C1A55BC	HOBJ_f67r1_40D47C1A55BC	SAME_CANDIDATE
STAR	research/astro_spatial_annotation_ai_b2/A_AI2_OBJECT_MATCH.tsv	f67r2	A	f67r2-circle-01	AI2	C_OBJ_0097	MATCHED	HOBJ_f67r2_9B3EF77F257A	HOBJ_f67r2_9B3EF77F257A	SAME_CANDIDATE
STAR	research/astro_spatial_annotation_ai_b2/A_AI2_OBJECT_MATCH.tsv	f67r2	A	f67r2-central-01	AI2	C_OBJ_0082	MATCHED	HOBJ_f67r2_1404575139CD	HOBJ_f67r2_1404575139CD	SAME_CANDIDATE
STAR	research/astro_spatial_annotation_ai_b2/A_AI2_OBJECT_MATCH.tsv	f67v1	A	f67v1-circle-01	AI2	C_OBJ_0173	MATCHED	HOBJ_f67v1_5E4C087F0043	HOBJ_f67v1_5E4C087F0043	SAME_CANDIDATE
STAR	research/astro_spatial_annotation_ai_b2/A_AI2_OBJECT_MATCH.tsv	f67v1	A	f67v1-central-01	AI2	C_OBJ_0127	MATCHED	HOBJ_f67v1_DBFC2F9FC644	HOBJ_f67v1_DBFC2F9FC644	SAME_CANDIDATE
STAR	research/astro_spatial_annotation_ai_b2/A_AI2_OBJECT_MATCH.tsv	f68r1	A	f68r1-disc-01	AI2	C_OBJ_0222	MATCHED	HOBJ_f68r1_8694EF0DBAE8	HOBJ_f68r1_8694EF0DBAE8	SAME_CANDIDATE
STAR	research/astro_spatial_annotation_ai_b2/A_AI2_OBJECT_MATCH.tsv	f68r1	A	f68r1-disc-02	AI2	C_OBJ_0223	MATCHED	HOBJ_f68r1_3FE690F352AE	HOBJ_f68r1_3FE690F352AE	SAME_CANDIDATE
STAR	research/astro_spatial_annotation_ai_b2/A_AI2_OBJECT_MATCH.tsv	f68r1	A	f68r1-star-001	AI2	C_OBJ_0193	MATCHED	HOBJ_f68r1_42593179D17A	HOBJ_f68r1_42593179D17A	SAME_CANDIDATE
STAR	research/astro_spatial_annotation_ai_b2/A_AI2_OBJECT_MATCH.tsv	f68r1	A	f68r1-star-002	AI2	C_OBJ_0197	MATCHED	HOBJ_f68r1_BBA9BDF4EB9B	HOBJ_f68r1_BBA9BDF4EB9B	SAME_CANDIDATE
STAR	research/astro_spatial_annotation_ai_b2/A_AI2_OBJECT_MATCH.tsv	f68r1	A	f68r1-star-003	AI2	C_OBJ_0194	MATCHED	HOBJ_f68r1_9B96054D7F5D	HOBJ_f68r1_9B96054D7F5D	SAME_CANDIDATE
STAR	research/astro_spatial_annotation_ai_b2/A_AI2_OBJECT_MATCH.tsv	f68r1	A	f68r1-star-004	AI2	C_OBJ_0198	MATCHED	HOBJ_f68r1_9571A3F0AA59	HOBJ_f68r1_9571A3F0AA59	SAME_CANDIDATE
STAR	research/astro_spatial_annotation_ai_b2/A_AI2_OBJECT_MATCH.tsv	f68r1	A	f68r1-star-005	AI2	C_OBJ_0199	MATCHED	HOBJ_f68r1_56FE9D975510	HOBJ_f68r1_56FE9D975510	SAME_CANDIDATE
STAR	research/astro_spatial_annotation_ai_b2/A_AI2_OBJECT_MATCH.tsv	f68r1	A	f68r1-star-006	AI2	C_OBJ_0195	MATCHED	HOBJ_f68r1_429CE38123FF	HOBJ_f68r1_429CE38123FF	SAME_CANDIDATE
STAR	research/astro_spatial_annotation_ai_b2/A_AI2_OBJECT_MATCH.tsv	f68r1	A	f68r1-star-007	AI2	C_OBJ_0196	MATCHED	HOBJ_f68r1_0AF8536C9FEC	HOBJ_f68r1_0AF8536C9FEC	SAME_CANDIDATE
STAR	research/astro_spatial_annotation_ai_b2/A_AI2_OBJECT_MATCH.tsv	f68r1	A	f68r1-star-008	AI2	C_OBJ_0200	MATCHED	HOBJ_f68r1_DBC3503D1FA1	HOBJ_f68r1_DBC3503D1FA1	SAME_CANDIDATE
STAR	research/astro_spatial_annotation_ai_b2/A_AI2_OBJECT_MATCH.tsv	f68r1	A	f68r1-star-009	AI2	C_OBJ_0201	MATCHED	HOBJ_f68r1_B592D9992D0A	HOBJ_f68r1_B592D9992D0A	SAME_CANDIDATE
STAR	research/astro_spatial_annotation_ai_b2/A_AI2_OBJECT_MATCH.tsv	f68r1	A	f68r1-star-010	AI2	C_OBJ_0202	MATCHED	HOBJ_f68r1_E16D23AE18A1	HOBJ_f68r1_E16D23AE18A1	SAME_CANDIDATE
STAR	research/astro_spatial_annotation_ai_b2/A_AI2_OBJECT_MATCH.tsv	f68r1	A	f68r1-star-011	AI2	C_OBJ_0208	MATCHED	HOBJ_f68r1_572D3F1F8DE6	HOBJ_f68r1_572D3F1F8DE6	SAME_CANDIDATE
STAR	research/astro_spatial_annotation_ai_b2/A_AI2_OBJECT_MATCH.tsv	f68r1	A	f68r1-star-012	AI2	C_OBJ_0209	MATCHED	HOBJ_f68r1_045FE36E94DB	HOBJ_f68r1_045FE36E94DB	SAME_CANDIDATE
STAR	research/astro_spatial_annotation_ai_b2/A_AI2_OBJECT_MATCH.tsv	f68r1	A	f68r1-star-013	AI2	C_OBJ_0203	MATCHED	HOBJ_f68r1_8AB54EE0159A	HOBJ_f68r1_8AB54EE0159A	SAME_CANDIDATE
STAR	research/astro_spatial_annotation_ai_b2/A_AI2_OBJECT_MATCH.tsv	f68r1	A	f68r1-star-014	AI2	C_OBJ_0204	MATCHED	HOBJ_f68r1_7DA2F63507A1	HOBJ_f68r1_7DA2F63507A1	SAME_CANDIDATE
STAR	research/astro_spatial_annotation_ai_b2/A_AI2_OBJECT_MATCH.tsv	f68r1	A	f68r1-star-015	AI2	C_OBJ_0205	MATCHED	HOBJ_f68r1_62EA56EE4C90	HOBJ_f68r1_62EA56EE4C90	SAME_CANDIDATE
STAR	research/astro_spatial_annotation_ai_b2/A_AI2_OBJECT_MATCH.tsv	f68r1	A	f68r1-star-016	AI2	C_OBJ_0206	MATCHED	HOBJ_f68r1_D9420792465B	HOBJ_f68r1_D9420792465B	SAME_CANDIDATE
STAR	research/astro_spatial_annotation_ai_b2/A_AI2_OBJECT_MATCH.tsv	f68r1	A	f68r1-star-017	AI2	C_OBJ_0210	MATCHED	HOBJ_f68r1_A46A6CCCCD6B	HOBJ_f68r1_A46A6CCCCD6B	SAME_CANDIDATE
STAR	research/astro_spatial_annotation_ai_b2/A_AI2_OBJECT_MATCH.tsv	f68r1	A	f68r1-star-018	AI2	C_OBJ_0211	MATCHED	HOBJ_f68r1_EFE31B3115DD	HOBJ_f68r1_EFE31B3115DD	SAME_CANDIDATE
STAR	research/astro_spatial_annotation_ai_b2/A_AI2_OBJECT_MATCH.tsv	f68r1	A	f68r1-star-019	AI2	C_OBJ_0207	MATCHED	HOBJ_f68r1_9577F9FF3A3E	HOBJ_f68r1_9577F9FF3A3E	SAME_CANDIDATE
STAR	research/astro_spatial_annotation_ai_b2/A_AI2_OBJECT_MATCH.tsv	f68r1	A	f68r1-star-020	AI2	C_OBJ_0214	MATCHED	HOBJ_f68r1_B92C40C81C21	HOBJ_f68r1_B92C40C81C21	SAME_CANDIDATE
STAR	research/astro_spatial_annotation_ai_b2/A_AI2_OBJECT_MATCH.tsv	f68r1	A	f68r1-star-021	AI2	UNMATCHED	LEFT_ONLY	HOBJ_f68r1_1470E964673A		UNMATCHED
STAR	research/astro_spatial_annotation_ai_b2/A_AI2_OBJECT_MATCH.tsv	f68r1	A	f68r1-star-022	AI2	C_OBJ_0212	MATCHED	HOBJ_f68r1_620CC013B0AF	HOBJ_f68r1_620CC013B0AF	SAME_CANDIDATE
STAR	research/astro_spatial_annotation_ai_b2/A_AI2_OBJECT_MATCH.tsv	f68r1	A	f68r1-star-023	AI2	C_OBJ_0213	MATCHED	HOBJ_f68r1_89D212B1F433	HOBJ_f68r1_89D212B1F433	SAME_CANDIDATE
STAR	research/astro_spatial_annotation_ai_b2/A_AI2_OBJECT_MATCH.tsv	f68r1	A	f68r1-star-024	AI2	C_OBJ_0216	MATCHED	HOBJ_f68r1_A54B63666498	HOBJ_f68r1_A54B63666498	SAME_CANDIDATE
STAR	research/astro_spatial_annotation_ai_b2/A_AI2_OBJECT_MATCH.tsv	f68r1	A	f68r1-star-025	AI2	C_OBJ_0218	MATCHED	HOBJ_f68r1_A8F524B1B89C	HOBJ_f68r1_A8F524B1B89C	SAME_CANDIDATE
STAR	research/astro_spatial_annotation_ai_b2/A_AI2_OBJECT_MATCH.tsv	f68r1	A	f68r1-star-026	AI2	C_OBJ_0219	MATCHED	HOBJ_f68r1_C4AC29CB49BE	HOBJ_f68r1_C4AC29CB49BE	SAME_CANDIDATE
STAR	research/astro_spatial_annotation_ai_b2/A_AI2_OBJECT_MATCH.tsv	f68r1	A	f68r1-star-027	AI2	C_OBJ_0220	MATCHED	HOBJ_f68r1_9059F2F824EC	HOBJ_f68r1_9059F2F824EC	SAME_CANDIDATE
STAR	research/astro_spatial_annotation_ai_b2/A_AI2_OBJECT_MATCH.tsv	f68r1	A	f68r1-star-028	AI2	C_OBJ_0217	MATCHED	HOBJ_f68r1_AFABF1762723	HOBJ_f68r1_AFABF1762723	SAME_CANDIDATE
STAR	research/astro_spatial_annotation_ai_b2/A_AI2_OBJECT_MATCH.tsv	f68r1	A	f68r1-star-029	AI2	C_OBJ_0221	MATCHED	HOBJ_f68r1_5A4B2BED8FB7	HOBJ_f68r1_5A4B2BED8FB7	SAME_CANDIDATE
STAR	research/astro_spatial_annotation_ai_b2/A_AI2_OBJECT_MATCH.tsv	f68r2	A	f68r2-disc-01	AI2	C_OBJ_0286	MATCHED	HOBJ_f68r2_A84AF1F5F626	HOBJ_f68r2_A84AF1F5F626	SAME_CANDIDATE
STAR	research/astro_spatial_annotation_ai_b2/A_AI2_OBJECT_MATCH.tsv	f68r2	A	f68r2-disc-02	AI2	C_OBJ_0287	MATCHED	HOBJ_f68r2_C29F326B0310	HOBJ_f68r2_C29F326B0310	SAME_CANDIDATE
STAR	research/astro_spatial_annotation_ai_b2/A_AI2_OBJECT_MATCH.tsv	f68r3	A	f68r3-circle-01	AI2	C_OBJ_0295	MATCHED	HOBJ_f68r3_C772FC241E49	HOBJ_f68r3_C772FC241E49	SAME_CANDIDATE
STAR	research/astro_spatial_annotation_ai_b2/A_AI2_OBJECT_MATCH.tsv	f68r3	A	f68r3-central-01	AI2	C_OBJ_0292	MATCHED	HOBJ_f68r3_C53888F38565	HOBJ_f68r3_C53888F38565	SAME_CANDIDATE
STAR	research/astro_spatial_annotation_ai_b2/A_AI2_OBJECT_MATCH.tsv	f68v1	A	f68v1-circle-01	AI2	C_OBJ_0386	MATCHED	HOBJ_f68v1_3EF3B6E3AB91	HOBJ_f68v1_3EF3B6E3AB91	SAME_CANDIDATE
STAR	research/astro_spatial_annotation_ai_b2/A_AI2_OBJECT_MATCH.tsv	f68v1	A	f68v1-central-01	AI2	C_OBJ_0381	MATCHED	HOBJ_f68v1_B4313CF1B858	HOBJ_f68v1_B4313CF1B858	SAME_CANDIDATE
STAR	research/astro_spatial_annotation_ai_b2/A_AI2_OBJECT_MATCH.tsv	f68v2	A	f68v2-circle-01	AI2	C_OBJ_0486	MATCHED	HOBJ_f68v2_2ECF03D56816	HOBJ_f68v2_2ECF03D56816	SAME_CANDIDATE
STAR	research/astro_spatial_annotation_ai_b2/A_AI2_OBJECT_MATCH.tsv	f68v2	A	f68v2-central-01	AI2	C_OBJ_0484	MATCHED	HOBJ_f68v2_985C0723EB9A	HOBJ_f68v2_985C0723EB9A	SAME_CANDIDATE
STAR	research/astro_spatial_annotation_ai_b2/A_AI2_OBJECT_MATCH.tsv	f67r1	A	UNMATCHED	AI2	C_OBJ_0002	RIGHT_ONLY		HOBJ_f67r1_541E41FD6156	UNMATCHED
STAR	research/astro_spatial_annotation_ai_b2/A_AI2_OBJECT_MATCH.tsv	f67r1	A	UNMATCHED	AI2	C_OBJ_0003	RIGHT_ONLY		HOBJ_f67r1_F78721219FB8	UNMATCHED
STAR	research/astro_spatial_annotation_ai_b2/A_AI2_OBJECT_MATCH.tsv	f67r1	A	UNMATCHED	AI2	C_OBJ_0004	RIGHT_ONLY		HOBJ_f67r1_E0F4EBEE8047	UNMATCHED
STAR	research/astro_spatial_annotation_ai_b2/A_AI2_OBJECT_MATCH.tsv	f67r1	A	UNMATCHED	AI2	C_OBJ_0006	RIGHT_ONLY		HOBJ_f67r1_D54B1B712ACC	UNMATCHED
STAR	research/astro_spatial_annotation_ai_b2/A_AI2_OBJECT_MATCH.tsv	f67r1	A	UNMATCHED	AI2	C_OBJ_0007	RIGHT_ONLY		HOBJ_f67r1_AFE3154DCBE4	UNMATCHED
STAR	research/astro_spatial_annotation_ai_b2/A_AI2_OBJECT_MATCH.tsv	f67r1	A	UNMATCHED	AI2	C_OBJ_0008	RIGHT_ONLY		HOBJ_f67r1_51C24C1C2B16	UNMATCHED
STAR	research/astro_spatial_annotation_ai_b2/A_AI2_OBJECT_MATCH.tsv	f67r1	A	UNMATCHED	AI2	C_OBJ_0009	RIGHT_ONLY		HOBJ_f67r1_A2A2AF6DAA64	UNMATCHED
STAR	research/astro_spatial_annotation_ai_b2/A_AI2_OBJECT_MATCH.tsv	f67r1	A	UNMATCHED	AI2	C_OBJ_0010	RIGHT_ONLY		HOBJ_f67r1_0CF01F9F63A6	UNMATCHED
STAR	research/astro_spatial_annotation_ai_b2/A_AI2_OBJECT_MATCH.tsv	f67r1	A	UNMATCHED	AI2	C_OBJ_0011	RIGHT_ONLY		HOBJ_f67r1_3C48B2BAAA37	UNMATCHED
STAR	research/astro_spatial_annotation_ai_b2/A_AI2_OBJECT_MATCH.tsv	f67r1	A	UNMATCHED	AI2	C_OBJ_0012	RIGHT_ONLY		HOBJ_f67r1_CC081E1C59E4	UNMATCHED
STAR	research/astro_spatial_annotation_ai_b2/A_AI2_OBJECT_MATCH.tsv	f67r1	A	UNMATCHED	AI2	C_OBJ_0013	RIGHT_ONLY		HOBJ_f67r1_96EEBEABA083	UNMATCHED
STAR	research/astro_spatial_annotation_ai_b2/A_AI2_OBJECT_MATCH.tsv	f67r1	A	UNMATCHED	AI2	C_OBJ_0014	RIGHT_ONLY		HOBJ_f67r1_D09F6FE713B0	UNMATCHED
STAR	research/astro_spatial_annotation_ai_b2/A_AI2_OBJECT_MATCH.tsv	f67r1	A	UNMATCHED	AI2	C_OBJ_0015	RIGHT_ONLY		HOBJ_f67r1_07E73CE2EF52	UNMATCHED
STAR	research/astro_spatial_annotation_ai_b2/A_AI2_OBJECT_MATCH.tsv	f67r1	A	UNMATCHED	AI2	C_OBJ_0016	RIGHT_ONLY		HOBJ_f67r1_9D8B4976F430	UNMATCHED
STAR	research/astro_spatial_annotation_ai_b2/A_AI2_OBJECT_MATCH.tsv	f67r1	A	UNMATCHED	AI2	C_OBJ_0017	RIGHT_ONLY		HOBJ_f67r1_49FCFE816A78	UNMATCHED
STAR	research/astro_spatial_annotation_ai_b2/A_AI2_OBJECT_MATCH.tsv	f67r1	A	UNMATCHED	AI2	C_OBJ_0018	RIGHT_ONLY		HOBJ_f67r1_036F86641403	UNMATCHED
STAR	research/astro_spatial_annotation_ai_b2/A_AI2_OBJECT_MATCH.tsv	f67r1	A	UNMATCHED	AI2	C_OBJ_0019	RIGHT_ONLY		HOBJ_f67r1_6CF37C9416E0	UNMATCHED
STAR	research/astro_spatial_annotation_ai_b2/A_AI2_OBJECT_MATCH.tsv	f67r1	A	UNMATCHED	AI2	C_OBJ_0020	RIGHT_ONLY		HOBJ_f67r1_2A3B6A866E12	UNMATCHED
STAR	research/astro_spatial_annotation_ai_b2/A_AI2_OBJECT_MATCH.tsv	f67r1	A	UNMATCHED	AI2	C_OBJ_0021	RIGHT_ONLY		HOBJ_f67r1_B49AEEB57449	UNMATCHED
STAR	research/astro_spatial_annotation_ai_b2/A_AI2_OBJECT_MATCH.tsv	f67r1	A	UNMATCHED	AI2	C_OBJ_0022	RIGHT_ONLY		HOBJ_f67r1_3B79AE5A7FE8	UNMATCHED
STAR	research/astro_spatial_annotation_ai_b2/A_AI2_OBJECT_MATCH.tsv	f67r1	A	UNMATCHED	AI2	C_OBJ_0023	RIGHT_ONLY		HOBJ_f67r1_CA7BAED54FE3	UNMATCHED
STAR	research/astro_spatial_annotation_ai_b2/A_AI2_OBJECT_MATCH.tsv	f67r1	A	UNMATCHED	AI2	C_OBJ_0024	RIGHT_ONLY		HOBJ_f67r1_1BA481D999DF	UNMATCHED
STAR	research/astro_spatial_annotation_ai_b2/A_AI2_OBJECT_MATCH.tsv	f67r1	A	UNMATCHED	AI2	C_OBJ_0025	RIGHT_ONLY		HOBJ_f67r1_6664E7CDA6E7	UNMATCHED
STAR	research/astro_spatial_annotation_ai_b2/A_AI2_OBJECT_MATCH.tsv	f67r1	A	UNMATCHED	AI2	C_OBJ_0026	RIGHT_ONLY		HOBJ_f67r1_882605B802A0	UNMATCHED
STAR	research/astro_spatial_annotation_ai_b2/A_AI2_OBJECT_MATCH.tsv	f67r1	A	UNMATCHED	AI2	C_OBJ_0027	RIGHT_ONLY		HOBJ_f67r1_BE18B76EBE1B	UNMATCHED
STAR	research/astro_spatial_annotation_ai_b2/A_AI2_OBJECT_MATCH.tsv	f67r1	A	UNMATCHED	AI2	C_OBJ_0028	RIGHT_ONLY		HOBJ_f67r1_8DCC5D71E9CE	UNMATCHED
STAR	research/astro_spatial_annotation_ai_b2/A_AI2_OBJECT_MATCH.tsv	f67r1	A	UNMATCHED	AI2	C_OBJ_0029	RIGHT_ONLY		HOBJ_f67r1_FD90ACBABA31	UNMATCHED
STAR	research/astro_spatial_annotation_ai_b2/A_AI2_OBJECT_MATCH.tsv	f67r1	A	UNMATCHED	AI2	C_OBJ_0030	RIGHT_ONLY		HOBJ_f67r1_E48B38B06BCC	UNMATCHED
STAR	research/astro_spatial_annotation_ai_b2/A_AI2_OBJECT_MATCH.tsv	f67r1	A	UNMATCHED	AI2	C_OBJ_0031	RIGHT_ONLY		HOBJ_f67r1_84C65B6B0C24	UNMATCHED
STAR	research/astro_spatial_annotation_ai_b2/A_AI2_OBJECT_MATCH.tsv	f67r1	A	UNMATCHED	AI2	C_OBJ_0032	RIGHT_ONLY		HOBJ_f67r1_9D95F9859252	UNMATCHED
STAR	research/astro_spatial_annotation_ai_b2/A_AI2_OBJECT_MATCH.tsv	f67r1	A	UNMATCHED	AI2	C_OBJ_0033	RIGHT_ONLY		HOBJ_f67r1_114733339408	UNMATCHED
STAR	research/astro_spatial_annotation_ai_b2/A_AI2_OBJECT_MATCH.tsv	f67r1	A	UNMATCHED	AI2	C_OBJ_0034	RIGHT_ONLY		HOBJ_f67r1_BB7467C99743	UNMATCHED
STAR	research/astro_spatial_annotation_ai_b2/A_AI2_OBJECT_MATCH.tsv	f67r1	A	UNMATCHED	AI2	C_OBJ_0035	RIGHT_ONLY		HOBJ_f67r1_A8B90A79FDC3	UNMATCHED
STAR	research/astro_spatial_annotation_ai_b2/A_AI2_OBJECT_MATCH.tsv	f67r1	A	UNMATCHED	AI2	C_OBJ_0036	RIGHT_ONLY		HOBJ_f67r1_6706ADCF6649	UNMATCHED
STAR	research/astro_spatial_annotation_ai_b2/A_AI2_OBJECT_MATCH.tsv	f67r1	A	UNMATCHED	AI2	C_OBJ_0037	RIGHT_ONLY		HOBJ_f67r1_AE232A26D5C3	UNMATCHED
STAR	research/astro_spatial_annotation_ai_b2/A_AI2_OBJECT_MATCH.tsv	f67r1	A	UNMATCHED	AI2	C_OBJ_0038	RIGHT_ONLY		HOBJ_f67r1_777D53EB3F6D	UNMATCHED
STAR	research/astro_spatial_annotation_ai_b2/A_AI2_OBJECT_MATCH.tsv	f67r1	A	UNMATCHED	AI2	C_OBJ_0039	RIGHT_ONLY		HOBJ_f67r1_A53594DE2700	UNMATCHED
STAR	research/astro_spatial_annotation_ai_b2/A_AI2_OBJECT_MATCH.tsv	f67r1	A	UNMATCHED	AI2	C_OBJ_0040	RIGHT_ONLY		HOBJ_f67r1_2B38D45F2ECE	UNMATCHED
STAR	research/astro_spatial_annotation_ai_b2/A_AI2_OBJECT_MATCH.tsv	f67r1	A	UNMATCHED	AI2	C_OBJ_0041	RIGHT_ONLY		HOBJ_f67r1_B49244826D85	UNMATCHED
STAR	research/astro_spatial_annotation_ai_b2/A_AI2_OBJECT_MATCH.tsv	f67r1	A	UNMATCHED	AI2	C_OBJ_0042	RIGHT_ONLY		HOBJ_f67r1_2529047D3B9B	UNMATCHED
STAR	research/astro_spatial_annotation_ai_b2/A_AI2_OBJECT_MATCH.tsv	f67r1	A	UNMATCHED	AI2	C_OBJ_0043	RIGHT_ONLY		HOBJ_f67r1_B0E838402FCC	UNMATCHED
STAR	research/astro_spatial_annotation_ai_b2/A_AI2_OBJECT_MATCH.tsv	f67r1	A	UNMATCHED	AI2	C_OBJ_0044	RIGHT_ONLY		HOBJ_f67r1_0FA0E8AAB6DA	UNMATCHED
STAR	research/astro_spatial_annotation_ai_b2/A_AI2_OBJECT_MATCH.tsv	f67r1	A	UNMATCHED	AI2	C_OBJ_0045	RIGHT_ONLY		HOBJ_f67r1_CAB46A87D4DA	UNMATCHED
STAR	research/astro_spatial_annotation_ai_b2/A_AI2_OBJECT_MATCH.tsv	f67r1	A	UNMATCHED	AI2	C_OBJ_0046	RIGHT_ONLY		HOBJ_f67r1_4BE084A04023	UNMATCHED
STAR	research/astro_spatial_annotation_ai_b2/A_AI2_OBJECT_MATCH.tsv	f67r1	A	UNMATCHED	AI2	C_OBJ_0047	RIGHT_ONLY		HOBJ_f67r1_29906AA0CFBE	UNMATCHED
STAR	research/astro_spatial_annotation_ai_b2/A_AI2_OBJECT_MATCH.tsv	f67r1	A	UNMATCHED	AI2	C_OBJ_0048	RIGHT_ONLY		HOBJ_f67r1_E4743D1A4EBE	UNMATCHED
STAR	research/astro_spatial_annotation_ai_b2/A_AI2_OBJECT_MATCH.tsv	f67r1	A	UNMATCHED	AI2	C_OBJ_0049	RIGHT_ONLY		HOBJ_f67r1_67FAEDF27535	UNMATCHED
STAR	research/astro_spatial_annotation_ai_b2/A_AI2_OBJECT_MATCH.tsv	f67r1	A	UNMATCHED	AI2	C_OBJ_0050	RIGHT_ONLY		HOBJ_f67r1_421416789B42	UNMATCHED
STAR	research/astro_spatial_annotation_ai_b2/A_AI2_OBJECT_MATCH.tsv	f67r1	A	UNMATCHED	AI2	C_OBJ_0051	RIGHT_ONLY		HOBJ_f67r1_9F61547E13C9	UNMATCHED
STAR	research/astro_spatial_annotation_ai_b2/A_AI2_OBJECT_MATCH.tsv	f67r1	A	UNMATCHED	AI2	C_OBJ_0052	RIGHT_ONLY		HOBJ_f67r1_B0551FC6AC57	UNMATCHED
STAR	research/astro_spatial_annotation_ai_b2/A_AI2_OBJECT_MATCH.tsv	f67r1	A	UNMATCHED	AI2	C_OBJ_0053	RIGHT_ONLY		HOBJ_f67r1_546665FBFDB0	UNMATCHED
STAR	research/astro_spatial_annotation_ai_b2/A_AI2_OBJECT_MATCH.tsv	f67r1	A	UNMATCHED	AI2	C_OBJ_0054	RIGHT_ONLY		HOBJ_f67r1_93E97B2A54DF	UNMATCHED
STAR	research/astro_spatial_annotation_ai_b2/A_AI2_OBJECT_MATCH.tsv	f67r1	A	UNMATCHED	AI2	C_OBJ_0055	RIGHT_ONLY		HOBJ_f67r1_8B9AF5F32C63	UNMATCHED
STAR	research/astro_spatial_annotation_ai_b2/A_AI2_OBJECT_MATCH.tsv	f67r1	A	UNMATCHED	AI2	C_OBJ_0056	RIGHT_ONLY		HOBJ_f67r1_0C90911EB363	UNMATCHED
STAR	research/astro_spatial_annotation_ai_b2/A_AI2_OBJECT_MATCH.tsv	f67r1	A	UNMATCHED	AI2	C_OBJ_0057	RIGHT_ONLY		HOBJ_f67r1_E588164D7DA5	UNMATCHED
STAR	research/astro_spatial_annotation_ai_b2/A_AI2_OBJECT_MATCH.tsv	f67r1	A	UNMATCHED	AI2	C_OBJ_0058	RIGHT_ONLY		HOBJ_f67r1_2FB3C806895B	UNMATCHED
STAR	research/astro_spatial_annotation_ai_b2/A_AI2_OBJECT_MATCH.tsv	f67r1	A	UNMATCHED	AI2	C_OBJ_0059	RIGHT_ONLY		HOBJ_f67r1_95B3110941B1	UNMATCHED
STAR	research/astro_spatial_annotation_ai_b2/A_AI2_OBJECT_MATCH.tsv	f67r1	A	UNMATCHED	AI2	C_OBJ_0060	RIGHT_ONLY		HOBJ_f67r1_70889EB1C286	UNMATCHED
STAR	research/astro_spatial_annotation_ai_b2/A_AI2_OBJECT_MATCH.tsv	f67r1	A	UNMATCHED	AI2	C_OBJ_0061	RIGHT_ONLY		HOBJ_f67r1_D42499A23E8A	UNMATCHED
STAR	research/astro_spatial_annotation_ai_b2/A_AI2_OBJECT_MATCH.tsv	f67r1	A	UNMATCHED	AI2	C_OBJ_0062	RIGHT_ONLY		HOBJ_f67r1_70959461CE94	UNMATCHED
STAR	research/astro_spatial_annotation_ai_b2/A_AI2_OBJECT_MATCH.tsv	f67r1	A	UNMATCHED	AI2	C_OBJ_0063	RIGHT_ONLY		HOBJ_f67r1_E79FBBFBC176	UNMATCHED
STAR	research/astro_spatial_annotation_ai_b2/A_AI2_OBJECT_MATCH.tsv	f67r1	A	UNMATCHED	AI2	C_OBJ_0064	RIGHT_ONLY		HOBJ_f67r1_0722F562C19C	UNMATCHED
STAR	research/astro_spatial_annotation_ai_b2/A_AI2_OBJECT_MATCH.tsv	f67r1	A	UNMATCHED	AI2	C_OBJ_0065	RIGHT_ONLY		HOBJ_f67r1_E8036D73CDE2	UNMATCHED
STAR	research/astro_spatial_annotation_ai_b2/A_AI2_OBJECT_MATCH.tsv	f67r1	A	UNMATCHED	AI2	C_OBJ_0066	RIGHT_ONLY		HOBJ_f67r1_7CAE8C190BE7	UNMATCHED
STAR	research/astro_spatial_annotation_ai_b2/A_AI2_OBJECT_MATCH.tsv	f67r1	A	UNMATCHED	AI2	C_OBJ_0067	RIGHT_ONLY		HOBJ_f67r1_630A71635FED	UNMATCHED
STAR	research/astro_spatial_annotation_ai_b2/A_AI2_OBJECT_MATCH.tsv	f67r1	A	UNMATCHED	AI2	C_OBJ_0068	RIGHT_ONLY		HOBJ_f67r1_858DA1A764E2	UNMATCHED
STAR	research/astro_spatial_annotation_ai_b2/A_AI2_OBJECT_MATCH.tsv	f67r1	A	UNMATCHED	AI2	C_OBJ_0069	RIGHT_ONLY		HOBJ_f67r1_627170A76D92	UNMATCHED
STAR	research/astro_spatial_annotation_ai_b2/A_AI2_OBJECT_MATCH.tsv	f67r1	A	UNMATCHED	AI2	C_OBJ_0070	RIGHT_ONLY		HOBJ_f67r1_C986F801964D	UNMATCHED
STAR	research/astro_spatial_annotation_ai_b2/A_AI2_OBJECT_MATCH.tsv	f67r1	A	UNMATCHED	AI2	C_OBJ_0071	RIGHT_ONLY		HOBJ_f67r1_4DA42AADD705	UNMATCHED
STAR	research/astro_spatial_annotation_ai_b2/A_AI2_OBJECT_MATCH.tsv	f67r1	A	UNMATCHED	AI2	C_OBJ_0072	RIGHT_ONLY		HOBJ_f67r1_623AF8847491	UNMATCHED
STAR	research/astro_spatial_annotation_ai_b2/A_AI2_OBJECT_MATCH.tsv	f67r1	A	UNMATCHED	AI2	C_OBJ_0073	RIGHT_ONLY		HOBJ_f67r1_F3FE34268AF5	UNMATCHED
STAR	research/astro_spatial_annotation_ai_b2/A_AI2_OBJECT_MATCH.tsv	f67r1	A	UNMATCHED	AI2	C_OBJ_0074	RIGHT_ONLY		HOBJ_f67r1_5DAB6BC8BF34	UNMATCHED
STAR	research/astro_spatial_annotation_ai_b2/A_AI2_OBJECT_MATCH.tsv	f67r1	A	UNMATCHED	AI2	C_OBJ_0075	RIGHT_ONLY		HOBJ_f67r1_0A7088E3616C	UNMATCHED
STAR	research/astro_spatial_annotation_ai_b2/A_AI2_OBJECT_MATCH.tsv	f67r1	A	UNMATCHED	AI2	C_OBJ_0076	RIGHT_ONLY		HOBJ_f67r1_DF2A81EBAA31	UNMATCHED
STAR	research/astro_spatial_annotation_ai_b2/A_AI2_OBJECT_MATCH.tsv	f67r1	A	UNMATCHED	AI2	C_OBJ_0077	RIGHT_ONLY		HOBJ_f67r1_4E5E643ADC5B	UNMATCHED
STAR	research/astro_spatial_annotation_ai_b2/A_AI2_OBJECT_MATCH.tsv	f67r1	A	UNMATCHED	AI2	C_OBJ_0078	RIGHT_ONLY		HOBJ_f67r1_B5E9030E56C3	UNMATCHED
STAR	research/astro_spatial_annotation_ai_b2/A_AI2_OBJECT_MATCH.tsv	f67r1	A	UNMATCHED	AI2	C_OBJ_0079	RIGHT_ONLY		HOBJ_f67r1_553594B2F394	UNMATCHED
STAR	research/astro_spatial_annotation_ai_b2/A_AI2_OBJECT_MATCH.tsv	f67r1	A	UNMATCHED	AI2	C_OBJ_0080	RIGHT_ONLY		HOBJ_f67r1_C90C21BD6271	UNMATCHED
STAR	research/astro_spatial_annotation_ai_b2/A_AI2_OBJECT_MATCH.tsv	f67r1	A	UNMATCHED	AI2	C_OBJ_0081	RIGHT_ONLY		HOBJ_f67r1_5CF6A59ACF55	UNMATCHED
STAR	research/astro_spatial_annotation_ai_b2/A_AI2_OBJECT_MATCH.tsv	f67r2	A	UNMATCHED	AI2	C_OBJ_0083	RIGHT_ONLY		HOBJ_f67r2_65191D9C93F9	UNMATCHED
STAR	research/astro_spatial_annotation_ai_b2/A_AI2_OBJECT_MATCH.tsv	f67r2	A	UNMATCHED	AI2	C_OBJ_0084	RIGHT_ONLY		HOBJ_f67r2_51B75036A318	UNMATCHED
STAR	research/astro_spatial_annotation_ai_b2/A_AI2_OBJECT_MATCH.tsv	f67r2	A	UNMATCHED	AI2	C_OBJ_0085	RIGHT_ONLY		HOBJ_f67r2_FE179CC9A541	UNMATCHED
STAR	research/astro_spatial_annotation_ai_b2/A_AI2_OBJECT_MATCH.tsv	f67r2	A	UNMATCHED	AI2	C_OBJ_0086	RIGHT_ONLY		HOBJ_f67r2_91A082011B50	UNMATCHED
STAR	research/astro_spatial_annotation_ai_b2/A_AI2_OBJECT_MATCH.tsv	f67r2	A	UNMATCHED	AI2	C_OBJ_0087	RIGHT_ONLY		HOBJ_f67r2_07D9D2E6AE81	UNMATCHED
STAR	research/astro_spatial_annotation_ai_b2/A_AI2_OBJECT_MATCH.tsv	f67r2	A	UNMATCHED	AI2	C_OBJ_0088	RIGHT_ONLY		HOBJ_f67r2_A25825BF26B9	UNMATCHED
STAR	research/astro_spatial_annotation_ai_b2/A_AI2_OBJECT_MATCH.tsv	f67r2	A	UNMATCHED	AI2	C_OBJ_0089	RIGHT_ONLY		HOBJ_f67r2_629B4AEA69B3	UNMATCHED
STAR	research/astro_spatial_annotation_ai_b2/A_AI2_OBJECT_MATCH.tsv	f67r2	A	UNMATCHED	AI2	C_OBJ_0090	RIGHT_ONLY		HOBJ_f67r2_318E8BC01029	UNMATCHED
STAR	research/astro_spatial_annotation_ai_b2/A_AI2_OBJECT_MATCH.tsv	f67r2	A	UNMATCHED	AI2	C_OBJ_0091	RIGHT_ONLY		HOBJ_f67r2_1538308200B1	UNMATCHED
STAR	research/astro_spatial_annotation_ai_b2/A_AI2_OBJECT_MATCH.tsv	f67r2	A	UNMATCHED	AI2	C_OBJ_0092	RIGHT_ONLY		HOBJ_f67r2_4F59F5E1CAFA	UNMATCHED
STAR	research/astro_spatial_annotation_ai_b2/A_AI2_OBJECT_MATCH.tsv	f67r2	A	UNMATCHED	AI2	C_OBJ_0093	RIGHT_ONLY		HOBJ_f67r2_A1F52AF2D0B7	UNMATCHED
STAR	research/astro_spatial_annotation_ai_b2/A_AI2_OBJECT_MATCH.tsv	f67r2	A	UNMATCHED	AI2	C_OBJ_0094	RIGHT_ONLY		HOBJ_f67r2_8BE7E298267B	UNMATCHED
STAR	research/astro_spatial_annotation_ai_b2/A_AI2_OBJECT_MATCH.tsv	f67r2	A	UNMATCHED	AI2	C_OBJ_0095	RIGHT_ONLY		HOBJ_f67r2_772DB9CD83E6	UNMATCHED
STAR	research/astro_spatial_annotation_ai_b2/A_AI2_OBJECT_MATCH.tsv	f67r2	A	UNMATCHED	AI2	C_OBJ_0096	RIGHT_ONLY		HOBJ_f67r2_78AF7888637B	UNMATCHED
STAR	research/astro_spatial_annotation_ai_b2/A_AI2_OBJECT_MATCH.tsv	f67r2	A	UNMATCHED	AI2	C_OBJ_0098	RIGHT_ONLY		HOBJ_f67r2_81DBD638D1CC	UNMATCHED
STAR	research/astro_spatial_annotation_ai_b2/A_AI2_OBJECT_MATCH.tsv	f67r2	A	UNMATCHED	AI2	C_OBJ_0099	RIGHT_ONLY		HOBJ_f67r2_F4315E51E431	UNMATCHED
STAR	research/astro_spatial_annotation_ai_b2/A_AI2_OBJECT_MATCH.tsv	f67r2	A	UNMATCHED	AI2	C_OBJ_0100	RIGHT_ONLY		HOBJ_f67r2_2865114CCD05	UNMATCHED
STAR	research/astro_spatial_annotation_ai_b2/A_AI2_OBJECT_MATCH.tsv	f67r2	A	UNMATCHED	AI2	C_OBJ_0101	RIGHT_ONLY		HOBJ_f67r2_C77EDA77FC22	UNMATCHED
STAR	research/astro_spatial_annotation_ai_b2/A_AI2_OBJECT_MATCH.tsv	f67r2	A	UNMATCHED	AI2	C_OBJ_0102	RIGHT_ONLY		HOBJ_f67r2_0AF154273EE7	UNMATCHED
STAR	research/astro_spatial_annotation_ai_b2/A_AI2_OBJECT_MATCH.tsv	f67r2	A	UNMATCHED	AI2	C_OBJ_0103	RIGHT_ONLY		HOBJ_f67r2_53590876C155	UNMATCHED
STAR	research/astro_spatial_annotation_ai_b2/A_AI2_OBJECT_MATCH.tsv	f67r2	A	UNMATCHED	AI2	C_OBJ_0104	RIGHT_ONLY		HOBJ_f67r2_8CCC088B5295	UNMATCHED
STAR	research/astro_spatial_annotation_ai_b2/A_AI2_OBJECT_MATCH.tsv	f67r2	A	UNMATCHED	AI2	C_OBJ_0105	RIGHT_ONLY		HOBJ_f67r2_DAAB3A99565A	UNMATCHED
STAR	research/astro_spatial_annotation_ai_b2/A_AI2_OBJECT_MATCH.tsv	f67r2	A	UNMATCHED	AI2	C_OBJ_0106	RIGHT_ONLY		HOBJ_f67r2_42F5A6C885AC	UNMATCHED
STAR	research/astro_spatial_annotation_ai_b2/A_AI2_OBJECT_MATCH.tsv	f67r2	A	UNMATCHED	AI2	C_OBJ_0107	RIGHT_ONLY		HOBJ_f67r2_CD9B2EE7079A	UNMATCHED
STAR	research/astro_spatial_annotation_ai_b2/A_AI2_OBJECT_MATCH.tsv	f67r2	A	UNMATCHED	AI2	C_OBJ_0108	RIGHT_ONLY		HOBJ_f67r2_D6D5E61280D1	UNMATCHED
STAR	research/astro_spatial_annotation_ai_b2/A_AI2_OBJECT_MATCH.tsv	f67r2	A	UNMATCHED	AI2	C_OBJ_0109	RIGHT_ONLY		HOBJ_f67r2_83451758DB3B	UNMATCHED
STAR	research/astro_spatial_annotation_ai_b2/A_AI2_OBJECT_MATCH.tsv	f67r2	A	UNMATCHED	AI2	C_OBJ_0110	RIGHT_ONLY		HOBJ_f67r2_F2C0BF6B22FF	UNMATCHED
STAR	research/astro_spatial_annotation_ai_b2/A_AI2_OBJECT_MATCH.tsv	f67r2	A	UNMATCHED	AI2	C_OBJ_0111	RIGHT_ONLY		HOBJ_f67r2_3DFE0882998B	UNMATCHED
STAR	research/astro_spatial_annotation_ai_b2/A_AI2_OBJECT_MATCH.tsv	f67r2	A	UNMATCHED	AI2	C_OBJ_0112	RIGHT_ONLY		HOBJ_f67r2_E77B9A24DB30	UNMATCHED
STAR	research/astro_spatial_annotation_ai_b2/A_AI2_OBJECT_MATCH.tsv	f67r2	A	UNMATCHED	AI2	C_OBJ_0113	RIGHT_ONLY		HOBJ_f67r2_0575CEC53770	UNMATCHED
STAR	research/astro_spatial_annotation_ai_b2/A_AI2_OBJECT_MATCH.tsv	f67r2	A	UNMATCHED	AI2	C_OBJ_0114	RIGHT_ONLY		HOBJ_f67r2_341D858FE99C	UNMATCHED
STAR	research/astro_spatial_annotation_ai_b2/A_AI2_OBJECT_MATCH.tsv	f67r2	A	UNMATCHED	AI2	C_OBJ_0115	RIGHT_ONLY		HOBJ_f67r2_3FDC1EB9D813	UNMATCHED
STAR	research/astro_spatial_annotation_ai_b2/A_AI2_OBJECT_MATCH.tsv	f67r2	A	UNMATCHED	AI2	C_OBJ_0116	RIGHT_ONLY		HOBJ_f67r2_D1B3FBD4A7C2	UNMATCHED
STAR	research/astro_spatial_annotation_ai_b2/A_AI2_OBJECT_MATCH.tsv	f67r2	A	UNMATCHED	AI2	C_OBJ_0117	RIGHT_ONLY		HOBJ_f67r2_E458A9E468DA	UNMATCHED
STAR	research/astro_spatial_annotation_ai_b2/A_AI2_OBJECT_MATCH.tsv	f67r2	A	UNMATCHED	AI2	C_OBJ_0118	RIGHT_ONLY		HOBJ_f67r2_C4A28C5F16CA	UNMATCHED
STAR	research/astro_spatial_annotation_ai_b2/A_AI2_OBJECT_MATCH.tsv	f67r2	A	UNMATCHED	AI2	C_OBJ_0119	RIGHT_ONLY		HOBJ_f67r2_DA8A64C7750B	UNMATCHED
STAR	research/astro_spatial_annotation_ai_b2/A_AI2_OBJECT_MATCH.tsv	f67r2	A	UNMATCHED	AI2	C_OBJ_0120	RIGHT_ONLY		HOBJ_f67r2_DA4E202621FA	UNMATCHED
STAR	research/astro_spatial_annotation_ai_b2/A_AI2_OBJECT_MATCH.tsv	f67r2	A	UNMATCHED	AI2	C_OBJ_0121	RIGHT_ONLY		HOBJ_f67r2_7285349570FE	UNMATCHED
STAR	research/astro_spatial_annotation_ai_b2/A_AI2_OBJECT_MATCH.tsv	f67r2	A	UNMATCHED	AI2	C_OBJ_0122	RIGHT_ONLY		HOBJ_f67r2_518905849B66	UNMATCHED
STAR	research/astro_spatial_annotation_ai_b2/A_AI2_OBJECT_MATCH.tsv	f67r2	A	UNMATCHED	AI2	C_OBJ_0123	RIGHT_ONLY		HOBJ_f67r2_4E6D8BD30872	UNMATCHED
STAR	research/astro_spatial_annotation_ai_b2/A_AI2_OBJECT_MATCH.tsv	f67r2	A	UNMATCHED	AI2	C_OBJ_0124	RIGHT_ONLY		HOBJ_f67r2_2A6CCCF1A948	UNMATCHED
STAR	research/astro_spatial_annotation_ai_b2/A_AI2_OBJECT_MATCH.tsv	f67r2	A	UNMATCHED	AI2	C_OBJ_0125	RIGHT_ONLY		HOBJ_f67r2_870A97943D1F	UNMATCHED
STAR	research/astro_spatial_annotation_ai_b2/A_AI2_OBJECT_MATCH.tsv	f67r2	A	UNMATCHED	AI2	C_OBJ_0126	RIGHT_ONLY		HOBJ_f67r2_02C4997A08FB	UNMATCHED
STAR	research/astro_spatial_annotation_ai_b2/A_AI2_OBJECT_MATCH.tsv	f67v1	A	UNMATCHED	AI2	C_OBJ_0128	RIGHT_ONLY		HOBJ_f67v1_C7ACDEAE28B0	UNMATCHED
STAR	research/astro_spatial_annotation_ai_b2/A_AI2_OBJECT_MATCH.tsv	f67v1	A	UNMATCHED	AI2	C_OBJ_0129	RIGHT_ONLY		HOBJ_f67v1_3D153B4C5C87	UNMATCHED
STAR	research/astro_spatial_annotation_ai_b2/A_AI2_OBJECT_MATCH.tsv	f67v1	A	UNMATCHED	AI2	C_OBJ_0130	RIGHT_ONLY		HOBJ_f67v1_8292FEF99408	UNMATCHED
STAR	research/astro_spatial_annotation_ai_b2/A_AI2_OBJECT_MATCH.tsv	f67v1	A	UNMATCHED	AI2	C_OBJ_0131	RIGHT_ONLY		HOBJ_f67v1_82C1F0A2A724	UNMATCHED
STAR	research/astro_spatial_annotation_ai_b2/A_AI2_OBJECT_MATCH.tsv	f67v1	A	UNMATCHED	AI2	C_OBJ_0132	RIGHT_ONLY		HOBJ_f67v1_99ADD7DE1D48	UNMATCHED
STAR	research/astro_spatial_annotation_ai_b2/A_AI2_OBJECT_MATCH.tsv	f67v1	A	UNMATCHED	AI2	C_OBJ_0133	RIGHT_ONLY		HOBJ_f67v1_F59DE81868BA	UNMATCHED
STAR	research/astro_spatial_annotation_ai_b2/A_AI2_OBJECT_MATCH.tsv	f67v1	A	UNMATCHED	AI2	C_OBJ_0134	RIGHT_ONLY		HOBJ_f67v1_2EBE795479C0	UNMATCHED
STAR	research/astro_spatial_annotation_ai_b2/A_AI2_OBJECT_MATCH.tsv	f67v1	A	UNMATCHED	AI2	C_OBJ_0135	RIGHT_ONLY		HOBJ_f67v1_E537F07DD39D	UNMATCHED
STAR	research/astro_spatial_annotation_ai_b2/A_AI2_OBJECT_MATCH.tsv	f67v1	A	UNMATCHED	AI2	C_OBJ_0136	RIGHT_ONLY		HOBJ_f67v1_3B9FAD0B04CB	UNMATCHED
STAR	research/astro_spatial_annotation_ai_b2/A_AI2_OBJECT_MATCH.tsv	f67v1	A	UNMATCHED	AI2	C_OBJ_0137	RIGHT_ONLY		HOBJ_f67v1_C384E0E949AE	UNMATCHED
STAR	research/astro_spatial_annotation_ai_b2/A_AI2_OBJECT_MATCH.tsv	f67v1	A	UNMATCHED	AI2	C_OBJ_0138	RIGHT_ONLY		HOBJ_f67v1_182DC8CD15EC	UNMATCHED
STAR	research/astro_spatial_annotation_ai_b2/A_AI2_OBJECT_MATCH.tsv	f67v1	A	UNMATCHED	AI2	C_OBJ_0139	RIGHT_ONLY		HOBJ_f67v1_FA3B3E5486C1	UNMATCHED
STAR	research/astro_spatial_annotation_ai_b2/A_AI2_OBJECT_MATCH.tsv	f67v1	A	UNMATCHED	AI2	C_OBJ_0140	RIGHT_ONLY		HOBJ_f67v1_FBA3C4673009	UNMATCHED
STAR	research/astro_spatial_annotation_ai_b2/A_AI2_OBJECT_MATCH.tsv	f67v1	A	UNMATCHED	AI2	C_OBJ_0141	RIGHT_ONLY		HOBJ_f67v1_AA1E7FC2C4C8	UNMATCHED
STAR	research/astro_spatial_annotation_ai_b2/A_AI2_OBJECT_MATCH.tsv	f67v1	A	UNMATCHED	AI2	C_OBJ_0142	RIGHT_ONLY		HOBJ_f67v1_916253A661B1	UNMATCHED
STAR	research/astro_spatial_annotation_ai_b2/A_AI2_OBJECT_MATCH.tsv	f67v1	A	UNMATCHED	AI2	C_OBJ_0143	RIGHT_ONLY		HOBJ_f67v1_EE0A0CBAF8F3	UNMATCHED
STAR	research/astro_spatial_annotation_ai_b2/A_AI2_OBJECT_MATCH.tsv	f67v1	A	UNMATCHED	AI2	C_OBJ_0144	RIGHT_ONLY		HOBJ_f67v1_44AB9691DD19	UNMATCHED
STAR	research/astro_spatial_annotation_ai_b2/A_AI2_OBJECT_MATCH.tsv	f67v1	A	UNMATCHED	AI2	C_OBJ_0145	RIGHT_ONLY		HOBJ_f67v1_1F8A99026295	UNMATCHED
STAR	research/astro_spatial_annotation_ai_b2/A_AI2_OBJECT_MATCH.tsv	f67v1	A	UNMATCHED	AI2	C_OBJ_0146	RIGHT_ONLY		HOBJ_f67v1_F6CC71994CDF	UNMATCHED
STAR	research/astro_spatial_annotation_ai_b2/A_AI2_OBJECT_MATCH.tsv	f67v1	A	UNMATCHED	AI2	C_OBJ_0147	RIGHT_ONLY		HOBJ_f67v1_5D6BF38A6A48	UNMATCHED
STAR	research/astro_spatial_annotation_ai_b2/A_AI2_OBJECT_MATCH.tsv	f67v1	A	UNMATCHED	AI2	C_OBJ_0148	RIGHT_ONLY		HOBJ_f67v1_9A093E3D1600	UNMATCHED
STAR	research/astro_spatial_annotation_ai_b2/A_AI2_OBJECT_MATCH.tsv	f67v1	A	UNMATCHED	AI2	C_OBJ_0149	RIGHT_ONLY		HOBJ_f67v1_AA08894003EC	UNMATCHED
STAR	research/astro_spatial_annotation_ai_b2/A_AI2_OBJECT_MATCH.tsv	f67v1	A	UNMATCHED	AI2	C_OBJ_0150	RIGHT_ONLY		HOBJ_f67v1_0E3128789BCB	UNMATCHED
STAR	research/astro_spatial_annotation_ai_b2/A_AI2_OBJECT_MATCH.tsv	f67v1	A	UNMATCHED	AI2	C_OBJ_0151	RIGHT_ONLY		HOBJ_f67v1_58E19B000CFB	UNMATCHED
STAR	research/astro_spatial_annotation_ai_b2/A_AI2_OBJECT_MATCH.tsv	f67v1	A	UNMATCHED	AI2	C_OBJ_0152	RIGHT_ONLY		HOBJ_f67v1_43AE8F988E15	UNMATCHED
STAR	research/astro_spatial_annotation_ai_b2/A_AI2_OBJECT_MATCH.tsv	f67v1	A	UNMATCHED	AI2	C_OBJ_0153	RIGHT_ONLY		HOBJ_f67v1_288F382297C0	UNMATCHED
STAR	research/astro_spatial_annotation_ai_b2/A_AI2_OBJECT_MATCH.tsv	f67v1	A	UNMATCHED	AI2	C_OBJ_0154	RIGHT_ONLY		HOBJ_f67v1_FDC0797050F3	UNMATCHED
STAR	research/astro_spatial_annotation_ai_b2/A_AI2_OBJECT_MATCH.tsv	f67v1	A	UNMATCHED	AI2	C_OBJ_0155	RIGHT_ONLY		HOBJ_f67v1_D109FCE88502	UNMATCHED
STAR	research/astro_spatial_annotation_ai_b2/A_AI2_OBJECT_MATCH.tsv	f67v1	A	UNMATCHED	AI2	C_OBJ_0156	RIGHT_ONLY		HOBJ_f67v1_81737152D842	UNMATCHED
STAR	research/astro_spatial_annotation_ai_b2/A_AI2_OBJECT_MATCH.tsv	f67v1	A	UNMATCHED	AI2	C_OBJ_0157	RIGHT_ONLY		HOBJ_f67v1_651E8693C244	UNMATCHED
STAR	research/astro_spatial_annotation_ai_b2/A_AI2_OBJECT_MATCH.tsv	f67v1	A	UNMATCHED	AI2	C_OBJ_0158	RIGHT_ONLY		HOBJ_f67v1_9BF71CAFAA17	UNMATCHED
STAR	research/astro_spatial_annotation_ai_b2/A_AI2_OBJECT_MATCH.tsv	f67v1	A	UNMATCHED	AI2	C_OBJ_0159	RIGHT_ONLY		HOBJ_f67v1_13068BDEBE96	UNMATCHED
STAR	research/astro_spatial_annotation_ai_b2/A_AI2_OBJECT_MATCH.tsv	f67v1	A	UNMATCHED	AI2	C_OBJ_0160	RIGHT_ONLY		HOBJ_f67v1_4FBE71D38A76	UNMATCHED
STAR	research/astro_spatial_annotation_ai_b2/A_AI2_OBJECT_MATCH.tsv	f67v1	A	UNMATCHED	AI2	C_OBJ_0161	RIGHT_ONLY		HOBJ_f67v1_7E5E4F079B83	UNMATCHED
STAR	research/astro_spatial_annotation_ai_b2/A_AI2_OBJECT_MATCH.tsv	f67v1	A	UNMATCHED	AI2	C_OBJ_0162	RIGHT_ONLY		HOBJ_f67v1_F2350C796E80	UNMATCHED
STAR	research/astro_spatial_annotation_ai_b2/A_AI2_OBJECT_MATCH.tsv	f67v1	A	UNMATCHED	AI2	C_OBJ_0163	RIGHT_ONLY		HOBJ_f67v1_1BFB704040FC	UNMATCHED
STAR	research/astro_spatial_annotation_ai_b2/A_AI2_OBJECT_MATCH.tsv	f67v1	A	UNMATCHED	AI2	C_OBJ_0164	RIGHT_ONLY		HOBJ_f67v1_211F7BA7F5A9	UNMATCHED
STAR	research/astro_spatial_annotation_ai_b2/A_AI2_OBJECT_MATCH.tsv	f67v1	A	UNMATCHED	AI2	C_OBJ_0165	RIGHT_ONLY		HOBJ_f67v1_5ED5194D984F	UNMATCHED
STAR	research/astro_spatial_annotation_ai_b2/A_AI2_OBJECT_MATCH.tsv	f67v1	A	UNMATCHED	AI2	C_OBJ_0166	RIGHT_ONLY		HOBJ_f67v1_B86A051ED8A6	UNMATCHED
STAR	research/astro_spatial_annotation_ai_b2/A_AI2_OBJECT_MATCH.tsv	f67v1	A	UNMATCHED	AI2	C_OBJ_0167	RIGHT_ONLY		HOBJ_f67v1_7C5223F2B984	UNMATCHED
STAR	research/astro_spatial_annotation_ai_b2/A_AI2_OBJECT_MATCH.tsv	f67v1	A	UNMATCHED	AI2	C_OBJ_0168	RIGHT_ONLY		HOBJ_f67v1_1F244D6A3F7A	UNMATCHED
STAR	research/astro_spatial_annotation_ai_b2/A_AI2_OBJECT_MATCH.tsv	f67v1	A	UNMATCHED	AI2	C_OBJ_0169	RIGHT_ONLY		HOBJ_f67v1_AC0352A0A7AB	UNMATCHED
STAR	research/astro_spatial_annotation_ai_b2/A_AI2_OBJECT_MATCH.tsv	f67v1	A	UNMATCHED	AI2	C_OBJ_0170	RIGHT_ONLY		HOBJ_f67v1_7D4D96035479	UNMATCHED
STAR	research/astro_spatial_annotation_ai_b2/A_AI2_OBJECT_MATCH.tsv	f67v1	A	UNMATCHED	AI2	C_OBJ_0171	RIGHT_ONLY		HOBJ_f67v1_D3A2C03DFB8C	UNMATCHED
STAR	research/astro_spatial_annotation_ai_b2/A_AI2_OBJECT_MATCH.tsv	f67v1	A	UNMATCHED	AI2	C_OBJ_0172	RIGHT_ONLY		HOBJ_f67v1_AA3584CFE59C	UNMATCHED
STAR	research/astro_spatial_annotation_ai_b2/A_AI2_OBJECT_MATCH.tsv	f67v1	A	UNMATCHED	AI2	C_OBJ_0174	RIGHT_ONLY		HOBJ_f67v1_AA2E576F17BF	UNMATCHED
STAR	research/astro_spatial_annotation_ai_b2/A_AI2_OBJECT_MATCH.tsv	f67v1	A	UNMATCHED	AI2	C_OBJ_0175	RIGHT_ONLY		HOBJ_f67v1_578A235BC7E8	UNMATCHED
STAR	research/astro_spatial_annotation_ai_b2/A_AI2_OBJECT_MATCH.tsv	f67v1	A	UNMATCHED	AI2	C_OBJ_0176	RIGHT_ONLY		HOBJ_f67v1_3EAFF3421146	UNMATCHED
STAR	research/astro_spatial_annotation_ai_b2/A_AI2_OBJECT_MATCH.tsv	f67v1	A	UNMATCHED	AI2	C_OBJ_0177	RIGHT_ONLY		HOBJ_f67v1_C3661885E14A	UNMATCHED
STAR	research/astro_spatial_annotation_ai_b2/A_AI2_OBJECT_MATCH.tsv	f67v1	A	UNMATCHED	AI2	C_OBJ_0178	RIGHT_ONLY		HOBJ_f67v1_D4FA1BBAB83F	UNMATCHED
STAR	research/astro_spatial_annotation_ai_b2/A_AI2_OBJECT_MATCH.tsv	f67v1	A	UNMATCHED	AI2	C_OBJ_0179	RIGHT_ONLY		HOBJ_f67v1_89CF97D16D85	UNMATCHED
STAR	research/astro_spatial_annotation_ai_b2/A_AI2_OBJECT_MATCH.tsv	f67v1	A	UNMATCHED	AI2	C_OBJ_0180	RIGHT_ONLY		HOBJ_f67v1_971031F52700	UNMATCHED
STAR	research/astro_spatial_annotation_ai_b2/A_AI2_OBJECT_MATCH.tsv	f67v1	A	UNMATCHED	AI2	C_OBJ_0181	RIGHT_ONLY		HOBJ_f67v1_0922EC87F931	UNMATCHED
STAR	research/astro_spatial_annotation_ai_b2/A_AI2_OBJECT_MATCH.tsv	f67v1	A	UNMATCHED	AI2	C_OBJ_0182	RIGHT_ONLY		HOBJ_f67v1_01DB34FBFC0B	UNMATCHED
STAR	research/astro_spatial_annotation_ai_b2/A_AI2_OBJECT_MATCH.tsv	f67v1	A	UNMATCHED	AI2	C_OBJ_0183	RIGHT_ONLY		HOBJ_f67v1_46FD6DD730CF	UNMATCHED
STAR	research/astro_spatial_annotation_ai_b2/A_AI2_OBJECT_MATCH.tsv	f67v1	A	UNMATCHED	AI2	C_OBJ_0184	RIGHT_ONLY		HOBJ_f67v1_660F00924F6D	UNMATCHED
STAR	research/astro_spatial_annotation_ai_b2/A_AI2_OBJECT_MATCH.tsv	f67v1	A	UNMATCHED	AI2	C_OBJ_0185	RIGHT_ONLY		HOBJ_f67v1_C8163C9D5E22	UNMATCHED
STAR	research/astro_spatial_annotation_ai_b2/A_AI2_OBJECT_MATCH.tsv	f67v1	A	UNMATCHED	AI2	C_OBJ_0186	RIGHT_ONLY		HOBJ_f67v1_3CBF3DCCDD6C	UNMATCHED
STAR	research/astro_spatial_annotation_ai_b2/A_AI2_OBJECT_MATCH.tsv	f67v1	A	UNMATCHED	AI2	C_OBJ_0187	RIGHT_ONLY		HOBJ_f67v1_8526853F752A	UNMATCHED
STAR	research/astro_spatial_annotation_ai_b2/A_AI2_OBJECT_MATCH.tsv	f67v1	A	UNMATCHED	AI2	C_OBJ_0188	RIGHT_ONLY		HOBJ_f67v1_6E63685AABA4	UNMATCHED
STAR	research/astro_spatial_annotation_ai_b2/A_AI2_OBJECT_MATCH.tsv	f67v1	A	UNMATCHED	AI2	C_OBJ_0189	RIGHT_ONLY		HOBJ_f67v1_186E44B3E9C4	UNMATCHED
STAR	research/astro_spatial_annotation_ai_b2/A_AI2_OBJECT_MATCH.tsv	f67v1	A	UNMATCHED	AI2	C_OBJ_0190	RIGHT_ONLY		HOBJ_f67v1_D6579BC83BE4	UNMATCHED
STAR	research/astro_spatial_annotation_ai_b2/A_AI2_OBJECT_MATCH.tsv	f67v1	A	UNMATCHED	AI2	C_OBJ_0191	RIGHT_ONLY		HOBJ_f67v1_545E528B7D23	UNMATCHED
STAR	research/astro_spatial_annotation_ai_b2/A_AI2_OBJECT_MATCH.tsv	f67v1	A	UNMATCHED	AI2	C_OBJ_0192	RIGHT_ONLY		HOBJ_f67v1_A9516AF030CC	UNMATCHED
STAR	research/astro_spatial_annotation_ai_b2/A_AI2_OBJECT_MATCH.tsv	f68r1	A	UNMATCHED	AI2	C_OBJ_0215	RIGHT_ONLY		HOBJ_f68r1_DFB0F00A8DCD	UNMATCHED
STAR	research/astro_spatial_annotation_ai_b2/A_AI2_OBJECT_MATCH.tsv	f68r1	A	UNMATCHED	AI2	C_OBJ_0224	RIGHT_ONLY		HOBJ_f68r1_DC1BBAD1F42E	UNMATCHED
STAR	research/astro_spatial_annotation_ai_b2/A_AI2_OBJECT_MATCH.tsv	f68r1	A	UNMATCHED	AI2	C_OBJ_0225	RIGHT_ONLY		HOBJ_f68r1_8FC3178BC4CB	UNMATCHED
STAR	research/astro_spatial_annotation_ai_b2/A_AI2_OBJECT_MATCH.tsv	f68r1	A	UNMATCHED	AI2	C_OBJ_0226	RIGHT_ONLY		HOBJ_f68r1_C81AF193775D	UNMATCHED
STAR	research/astro_spatial_annotation_ai_b2/A_AI2_OBJECT_MATCH.tsv	f68r2	A	UNMATCHED	AI2	C_OBJ_0227	RIGHT_ONLY		HOBJ_f68r2_FD6FEE3E56A4	UNMATCHED
STAR	research/astro_spatial_annotation_ai_b2/A_AI2_OBJECT_MATCH.tsv	f68r2	A	UNMATCHED	AI2	C_OBJ_0228	RIGHT_ONLY		HOBJ_f68r2_222319BDB3B7	UNMATCHED
STAR	research/astro_spatial_annotation_ai_b2/A_AI2_OBJECT_MATCH.tsv	f68r2	A	UNMATCHED	AI2	C_OBJ_0229	RIGHT_ONLY		HOBJ_f68r2_3A47CFE17F40	UNMATCHED
STAR	research/astro_spatial_annotation_ai_b2/A_AI2_OBJECT_MATCH.tsv	f68r2	A	UNMATCHED	AI2	C_OBJ_0230	RIGHT_ONLY		HOBJ_f68r2_FBCDB6FC478C	UNMATCHED
STAR	research/astro_spatial_annotation_ai_b2/A_AI2_OBJECT_MATCH.tsv	f68r2	A	UNMATCHED	AI2	C_OBJ_0231	RIGHT_ONLY		HOBJ_f68r2_1CF5F57F6301	UNMATCHED
STAR	research/astro_spatial_annotation_ai_b2/A_AI2_OBJECT_MATCH.tsv	f68r2	A	UNMATCHED	AI2	C_OBJ_0232	RIGHT_ONLY		HOBJ_f68r2_3235BA541B1F	UNMATCHED
STAR	research/astro_spatial_annotation_ai_b2/A_AI2_OBJECT_MATCH.tsv	f68r2	A	UNMATCHED	AI2	C_OBJ_0233	RIGHT_ONLY		HOBJ_f68r2_50D2198107DB	UNMATCHED
STAR	research/astro_spatial_annotation_ai_b2/A_AI2_OBJECT_MATCH.tsv	f68r2	A	UNMATCHED	AI2	C_OBJ_0234	RIGHT_ONLY		HOBJ_f68r2_34D8D73B52BB	UNMATCHED
STAR	research/astro_spatial_annotation_ai_b2/A_AI2_OBJECT_MATCH.tsv	f68r2	A	UNMATCHED	AI2	C_OBJ_0235	RIGHT_ONLY		HOBJ_f68r2_F20B79A67067	UNMATCHED
STAR	research/astro_spatial_annotation_ai_b2/A_AI2_OBJECT_MATCH.tsv	f68r2	A	UNMATCHED	AI2	C_OBJ_0236	RIGHT_ONLY		HOBJ_f68r2_F0A9F4FD1654	UNMATCHED
STAR	research/astro_spatial_annotation_ai_b2/A_AI2_OBJECT_MATCH.tsv	f68r2	A	UNMATCHED	AI2	C_OBJ_0237	RIGHT_ONLY		HOBJ_f68r2_D660FAABD911	UNMATCHED
STAR	research/astro_spatial_annotation_ai_b2/A_AI2_OBJECT_MATCH.tsv	f68r2	A	UNMATCHED	AI2	C_OBJ_0238	RIGHT_ONLY		HOBJ_f68r2_37025BD5766F	UNMATCHED
STAR	research/astro_spatial_annotation_ai_b2/A_AI2_OBJECT_MATCH.tsv	f68r2	A	UNMATCHED	AI2	C_OBJ_0239	RIGHT_ONLY		HOBJ_f68r2_5ABB9F910C2D	UNMATCHED
STAR	research/astro_spatial_annotation_ai_b2/A_AI2_OBJECT_MATCH.tsv	f68r2	A	UNMATCHED	AI2	C_OBJ_0240	RIGHT_ONLY		HOBJ_f68r2_EBC81EC14071	UNMATCHED
STAR	research/astro_spatial_annotation_ai_b2/A_AI2_OBJECT_MATCH.tsv	f68r2	A	UNMATCHED	AI2	C_OBJ_0241	RIGHT_ONLY		HOBJ_f68r2_0BCC383185CE	UNMATCHED
STAR	research/astro_spatial_annotation_ai_b2/A_AI2_OBJECT_MATCH.tsv	f68r2	A	UNMATCHED	AI2	C_OBJ_0242	RIGHT_ONLY		HOBJ_f68r2_ADBB083AC840	UNMATCHED
STAR	research/astro_spatial_annotation_ai_b2/A_AI2_OBJECT_MATCH.tsv	f68r2	A	UNMATCHED	AI2	C_OBJ_0243	RIGHT_ONLY		HOBJ_f68r2_FDEE7796EE6E	UNMATCHED
STAR	research/astro_spatial_annotation_ai_b2/A_AI2_OBJECT_MATCH.tsv	f68r2	A	UNMATCHED	AI2	C_OBJ_0244	RIGHT_ONLY		HOBJ_f68r2_F513A719E5D4	UNMATCHED
STAR	research/astro_spatial_annotation_ai_b2/A_AI2_OBJECT_MATCH.tsv	f68r2	A	UNMATCHED	AI2	C_OBJ_0245	RIGHT_ONLY		HOBJ_f68r2_325AC2259FC6	UNMATCHED
STAR	research/astro_spatial_annotation_ai_b2/A_AI2_OBJECT_MATCH.tsv	f68r2	A	UNMATCHED	AI2	C_OBJ_0246	RIGHT_ONLY		HOBJ_f68r2_3D99EB05EB58	UNMATCHED
STAR	research/astro_spatial_annotation_ai_b2/A_AI2_OBJECT_MATCH.tsv	f68r2	A	UNMATCHED	AI2	C_OBJ_0247	RIGHT_ONLY		HOBJ_f68r2_1682679003C8	UNMATCHED
STAR	research/astro_spatial_annotation_ai_b2/A_AI2_OBJECT_MATCH.tsv	f68r2	A	UNMATCHED	AI2	C_OBJ_0248	RIGHT_ONLY		HOBJ_f68r2_A4BFE042AC95	UNMATCHED
STAR	research/astro_spatial_annotation_ai_b2/A_AI2_OBJECT_MATCH.tsv	f68r2	A	UNMATCHED	AI2	C_OBJ_0249	RIGHT_ONLY		HOBJ_f68r2_7A528C1AAC25	UNMATCHED
STAR	research/astro_spatial_annotation_ai_b2/A_AI2_OBJECT_MATCH.tsv	f68r2	A	UNMATCHED	AI2	C_OBJ_0250	RIGHT_ONLY		HOBJ_f68r2_665E5F11C7FC	UNMATCHED
STAR	research/astro_spatial_annotation_ai_b2/A_AI2_OBJECT_MATCH.tsv	f68r2	A	UNMATCHED	AI2	C_OBJ_0251	RIGHT_ONLY		HOBJ_f68r2_3C5D02ECF866	UNMATCHED
STAR	research/astro_spatial_annotation_ai_b2/A_AI2_OBJECT_MATCH.tsv	f68r2	A	UNMATCHED	AI2	C_OBJ_0252	RIGHT_ONLY		HOBJ_f68r2_DC02A2651BC3	UNMATCHED
STAR	research/astro_spatial_annotation_ai_b2/A_AI2_OBJECT_MATCH.tsv	f68r2	A	UNMATCHED	AI2	C_OBJ_0253	RIGHT_ONLY		HOBJ_f68r2_7000125EFCF6	UNMATCHED
STAR	research/astro_spatial_annotation_ai_b2/A_AI2_OBJECT_MATCH.tsv	f68r2	A	UNMATCHED	AI2	C_OBJ_0254	RIGHT_ONLY		HOBJ_f68r2_65E2D78262E2	UNMATCHED
STAR	research/astro_spatial_annotation_ai_b2/A_AI2_OBJECT_MATCH.tsv	f68r2	A	UNMATCHED	AI2	C_OBJ_0255	RIGHT_ONLY		HOBJ_f68r2_4192FE9E5570	UNMATCHED
STAR	research/astro_spatial_annotation_ai_b2/A_AI2_OBJECT_MATCH.tsv	f68r2	A	UNMATCHED	AI2	C_OBJ_0256	RIGHT_ONLY		HOBJ_f68r2_19AF3E23B7E9	UNMATCHED
STAR	research/astro_spatial_annotation_ai_b2/A_AI2_OBJECT_MATCH.tsv	f68r2	A	UNMATCHED	AI2	C_OBJ_0257	RIGHT_ONLY		HOBJ_f68r2_E6C00366696B	UNMATCHED
STAR	research/astro_spatial_annotation_ai_b2/A_AI2_OBJECT_MATCH.tsv	f68r2	A	UNMATCHED	AI2	C_OBJ_0258	RIGHT_ONLY		HOBJ_f68r2_3D1D8798FCD3	UNMATCHED
STAR	research/astro_spatial_annotation_ai_b2/A_AI2_OBJECT_MATCH.tsv	f68r2	A	UNMATCHED	AI2	C_OBJ_0259	RIGHT_ONLY		HOBJ_f68r2_9C5B596B5265	UNMATCHED
STAR	research/astro_spatial_annotation_ai_b2/A_AI2_OBJECT_MATCH.tsv	f68r2	A	UNMATCHED	AI2	C_OBJ_0260	RIGHT_ONLY		HOBJ_f68r2_51D8B8874DA2	UNMATCHED
STAR	research/astro_spatial_annotation_ai_b2/A_AI2_OBJECT_MATCH.tsv	f68r2	A	UNMATCHED	AI2	C_OBJ_0261	RIGHT_ONLY		HOBJ_f68r2_A4F4A1C7116A	UNMATCHED
STAR	research/astro_spatial_annotation_ai_b2/A_AI2_OBJECT_MATCH.tsv	f68r2	A	UNMATCHED	AI2	C_OBJ_0262	RIGHT_ONLY		HOBJ_f68r2_F4C39C76B8F3	UNMATCHED
STAR	research/astro_spatial_annotation_ai_b2/A_AI2_OBJECT_MATCH.tsv	f68r2	A	UNMATCHED	AI2	C_OBJ_0263	RIGHT_ONLY		HOBJ_f68r2_5B71A9B9C654	UNMATCHED
STAR	research/astro_spatial_annotation_ai_b2/A_AI2_OBJECT_MATCH.tsv	f68r2	A	UNMATCHED	AI2	C_OBJ_0264	RIGHT_ONLY		HOBJ_f68r2_332997DA9473	UNMATCHED
STAR	research/astro_spatial_annotation_ai_b2/A_AI2_OBJECT_MATCH.tsv	f68r2	A	UNMATCHED	AI2	C_OBJ_0265	RIGHT_ONLY		HOBJ_f68r2_209959BE0C31	UNMATCHED
STAR	research/astro_spatial_annotation_ai_b2/A_AI2_OBJECT_MATCH.tsv	f68r2	A	UNMATCHED	AI2	C_OBJ_0266	RIGHT_ONLY		HOBJ_f68r2_11B515BAA47C	UNMATCHED
STAR	research/astro_spatial_annotation_ai_b2/A_AI2_OBJECT_MATCH.tsv	f68r2	A	UNMATCHED	AI2	C_OBJ_0267	RIGHT_ONLY		HOBJ_f68r2_CA59FCCC6F79	UNMATCHED
STAR	research/astro_spatial_annotation_ai_b2/A_AI2_OBJECT_MATCH.tsv	f68r2	A	UNMATCHED	AI2	C_OBJ_0268	RIGHT_ONLY		HOBJ_f68r2_CEF2CDEC37D1	UNMATCHED
STAR	research/astro_spatial_annotation_ai_b2/A_AI2_OBJECT_MATCH.tsv	f68r2	A	UNMATCHED	AI2	C_OBJ_0269	RIGHT_ONLY		HOBJ_f68r2_07C6E78D42DD	UNMATCHED
STAR	research/astro_spatial_annotation_ai_b2/A_AI2_OBJECT_MATCH.tsv	f68r2	A	UNMATCHED	AI2	C_OBJ_0270	RIGHT_ONLY		HOBJ_f68r2_F2AFABDD8DA4	UNMATCHED
STAR	research/astro_spatial_annotation_ai_b2/A_AI2_OBJECT_MATCH.tsv	f68r2	A	UNMATCHED	AI2	C_OBJ_0271	RIGHT_ONLY		HOBJ_f68r2_A6DE74CF4696	UNMATCHED
STAR	research/astro_spatial_annotation_ai_b2/A_AI2_OBJECT_MATCH.tsv	f68r2	A	UNMATCHED	AI2	C_OBJ_0272	RIGHT_ONLY		HOBJ_f68r2_741BC5BEBE14	UNMATCHED
STAR	research/astro_spatial_annotation_ai_b2/A_AI2_OBJECT_MATCH.tsv	f68r2	A	UNMATCHED	AI2	C_OBJ_0273	RIGHT_ONLY		HOBJ_f68r2_7437D0A5A09A	UNMATCHED
STAR	research/astro_spatial_annotation_ai_b2/A_AI2_OBJECT_MATCH.tsv	f68r2	A	UNMATCHED	AI2	C_OBJ_0274	RIGHT_ONLY		HOBJ_f68r2_4C62BFF7A717	UNMATCHED
STAR	research/astro_spatial_annotation_ai_b2/A_AI2_OBJECT_MATCH.tsv	f68r2	A	UNMATCHED	AI2	C_OBJ_0275	RIGHT_ONLY		HOBJ_f68r2_04D2D53818B1	UNMATCHED
STAR	research/astro_spatial_annotation_ai_b2/A_AI2_OBJECT_MATCH.tsv	f68r2	A	UNMATCHED	AI2	C_OBJ_0276	RIGHT_ONLY		HOBJ_f68r2_E1FC76A02E50	UNMATCHED
STAR	research/astro_spatial_annotation_ai_b2/A_AI2_OBJECT_MATCH.tsv	f68r2	A	UNMATCHED	AI2	C_OBJ_0277	RIGHT_ONLY		HOBJ_f68r2_25982A4DBF9C	UNMATCHED
STAR	research/astro_spatial_annotation_ai_b2/A_AI2_OBJECT_MATCH.tsv	f68r2	A	UNMATCHED	AI2	C_OBJ_0278	RIGHT_ONLY		HOBJ_f68r2_187A53DAA101	UNMATCHED
STAR	research/astro_spatial_annotation_ai_b2/A_AI2_OBJECT_MATCH.tsv	f68r2	A	UNMATCHED	AI2	C_OBJ_0279	RIGHT_ONLY		HOBJ_f68r2_A31BBBFD8871	UNMATCHED
STAR	research/astro_spatial_annotation_ai_b2/A_AI2_OBJECT_MATCH.tsv	f68r2	A	UNMATCHED	AI2	C_OBJ_0280	RIGHT_ONLY		HOBJ_f68r2_63F4864C6AFB	UNMATCHED
STAR	research/astro_spatial_annotation_ai_b2/A_AI2_OBJECT_MATCH.tsv	f68r2	A	UNMATCHED	AI2	C_OBJ_0281	RIGHT_ONLY		HOBJ_f68r2_39476885B40C	UNMATCHED
STAR	research/astro_spatial_annotation_ai_b2/A_AI2_OBJECT_MATCH.tsv	f68r2	A	UNMATCHED	AI2	C_OBJ_0282	RIGHT_ONLY		HOBJ_f68r2_90CEDA9618ED	UNMATCHED
STAR	research/astro_spatial_annotation_ai_b2/A_AI2_OBJECT_MATCH.tsv	f68r2	A	UNMATCHED	AI2	C_OBJ_0283	RIGHT_ONLY		HOBJ_f68r2_6D595B71AAAC	UNMATCHED
STAR	research/astro_spatial_annotation_ai_b2/A_AI2_OBJECT_MATCH.tsv	f68r2	A	UNMATCHED	AI2	C_OBJ_0284	RIGHT_ONLY		HOBJ_f68r2_F78E01F368AC	UNMATCHED
STAR	research/astro_spatial_annotation_ai_b2/A_AI2_OBJECT_MATCH.tsv	f68r2	A	UNMATCHED	AI2	C_OBJ_0285	RIGHT_ONLY		HOBJ_f68r2_9B165406AD77	UNMATCHED
STAR	research/astro_spatial_annotation_ai_b2/A_AI2_OBJECT_MATCH.tsv	f68r2	A	UNMATCHED	AI2	C_OBJ_0288	RIGHT_ONLY		HOBJ_f68r2_BEB791C4B6DB	UNMATCHED
STAR	research/astro_spatial_annotation_ai_b2/A_AI2_OBJECT_MATCH.tsv	f68r2	A	UNMATCHED	AI2	C_OBJ_0289	RIGHT_ONLY		HOBJ_f68r2_4F9ABF92389A	UNMATCHED
STAR	research/astro_spatial_annotation_ai_b2/A_AI2_OBJECT_MATCH.tsv	f68r2	A	UNMATCHED	AI2	C_OBJ_0290	RIGHT_ONLY		HOBJ_f68r2_CD0EA78B038D	UNMATCHED
STAR	research/astro_spatial_annotation_ai_b2/A_AI2_OBJECT_MATCH.tsv	f68r2	A	UNMATCHED	AI2	C_OBJ_0291	RIGHT_ONLY		HOBJ_f68r2_3F67FD35E57E	UNMATCHED
STAR	research/astro_spatial_annotation_ai_b2/A_AI2_OBJECT_MATCH.tsv	f68r3	A	UNMATCHED	AI2	C_OBJ_0293	RIGHT_ONLY		HOBJ_f68r3_F2894DA708D8	UNMATCHED
STAR	research/astro_spatial_annotation_ai_b2/A_AI2_OBJECT_MATCH.tsv	f68r3	A	UNMATCHED	AI2	C_OBJ_0294	RIGHT_ONLY		HOBJ_f68r3_9A20CD1BDBDB	UNMATCHED
STAR	research/astro_spatial_annotation_ai_b2/A_AI2_OBJECT_MATCH.tsv	f68r3	A	UNMATCHED	AI2	C_OBJ_0296	RIGHT_ONLY		HOBJ_f68r3_2044FC2DD9CA	UNMATCHED
STAR	research/astro_spatial_annotation_ai_b2/A_AI2_OBJECT_MATCH.tsv	f68r3	A	UNMATCHED	AI2	C_OBJ_0297	RIGHT_ONLY		HOBJ_f68r3_F23CD171257B	UNMATCHED
STAR	research/astro_spatial_annotation_ai_b2/A_AI2_OBJECT_MATCH.tsv	f68r3	A	UNMATCHED	AI2	C_OBJ_0298	RIGHT_ONLY		HOBJ_f68r3_A484774B17C0	UNMATCHED
STAR	research/astro_spatial_annotation_ai_b2/A_AI2_OBJECT_MATCH.tsv	f68r3	A	UNMATCHED	AI2	C_OBJ_0299	RIGHT_ONLY		HOBJ_f68r3_C1D20B14679B	UNMATCHED
STAR	research/astro_spatial_annotation_ai_b2/A_AI2_OBJECT_MATCH.tsv	f68r3	A	UNMATCHED	AI2	C_OBJ_0300	RIGHT_ONLY		HOBJ_f68r3_5A950C8A2F4C	UNMATCHED
STAR	research/astro_spatial_annotation_ai_b2/A_AI2_OBJECT_MATCH.tsv	f68r3	A	UNMATCHED	AI2	C_OBJ_0301	RIGHT_ONLY		HOBJ_f68r3_E262CE222F8D	UNMATCHED
STAR	research/astro_spatial_annotation_ai_b2/A_AI2_OBJECT_MATCH.tsv	f68r3	A	UNMATCHED	AI2	C_OBJ_0302	RIGHT_ONLY		HOBJ_f68r3_0D4CEA44DFD1	UNMATCHED
STAR	research/astro_spatial_annotation_ai_b2/A_AI2_OBJECT_MATCH.tsv	f68r3	A	UNMATCHED	AI2	C_OBJ_0303	RIGHT_ONLY		HOBJ_f68r3_89EDDF7E6E83	UNMATCHED
STAR	research/astro_spatial_annotation_ai_b2/A_AI2_OBJECT_MATCH.tsv	f68r3	A	UNMATCHED	AI2	C_OBJ_0304	RIGHT_ONLY		HOBJ_f68r3_CB04C0699B2B	UNMATCHED
STAR	research/astro_spatial_annotation_ai_b2/A_AI2_OBJECT_MATCH.tsv	f68r3	A	UNMATCHED	AI2	C_OBJ_0305	RIGHT_ONLY		HOBJ_f68r3_1A7539F82D2E	UNMATCHED
STAR	research/astro_spatial_annotation_ai_b2/A_AI2_OBJECT_MATCH.tsv	f68r3	A	UNMATCHED	AI2	C_OBJ_0306	RIGHT_ONLY		HOBJ_f68r3_8FD1DD21650B	UNMATCHED
STAR	research/astro_spatial_annotation_ai_b2/A_AI2_OBJECT_MATCH.tsv	f68r3	A	UNMATCHED	AI2	C_OBJ_0307	RIGHT_ONLY		HOBJ_f68r3_9176521AEDB1	UNMATCHED
STAR	research/astro_spatial_annotation_ai_b2/A_AI2_OBJECT_MATCH.tsv	f68r3	A	UNMATCHED	AI2	C_OBJ_0308	RIGHT_ONLY		HOBJ_f68r3_BFE80B81867F	UNMATCHED
STAR	research/astro_spatial_annotation_ai_b2/A_AI2_OBJECT_MATCH.tsv	f68r3	A	UNMATCHED	AI2	C_OBJ_0309	RIGHT_ONLY		HOBJ_f68r3_A3104D636F36	UNMATCHED
STAR	research/astro_spatial_annotation_ai_b2/A_AI2_OBJECT_MATCH.tsv	f68r3	A	UNMATCHED	AI2	C_OBJ_0310	RIGHT_ONLY		HOBJ_f68r3_53BF64FEE701	UNMATCHED
STAR	research/astro_spatial_annotation_ai_b2/A_AI2_OBJECT_MATCH.tsv	f68r3	A	UNMATCHED	AI2	C_OBJ_0311	RIGHT_ONLY		HOBJ_f68r3_44C62D850569	UNMATCHED
STAR	research/astro_spatial_annotation_ai_b2/A_AI2_OBJECT_MATCH.tsv	f68r3	A	UNMATCHED	AI2	C_OBJ_0312	RIGHT_ONLY		HOBJ_f68r3_06CA79A2B28E	UNMATCHED
STAR	research/astro_spatial_annotation_ai_b2/A_AI2_OBJECT_MATCH.tsv	f68r3	A	UNMATCHED	AI2	C_OBJ_0313	RIGHT_ONLY		HOBJ_f68r3_1DF7231F2CF1	UNMATCHED
STAR	research/astro_spatial_annotation_ai_b2/A_AI2_OBJECT_MATCH.tsv	f68r3	A	UNMATCHED	AI2	C_OBJ_0314	RIGHT_ONLY		HOBJ_f68r3_04089F9E3CB9	UNMATCHED
STAR	research/astro_spatial_annotation_ai_b2/A_AI2_OBJECT_MATCH.tsv	f68r3	A	UNMATCHED	AI2	C_OBJ_0315	RIGHT_ONLY		HOBJ_f68r3_A21F7E1C3EDF	UNMATCHED
STAR	research/astro_spatial_annotation_ai_b2/A_AI2_OBJECT_MATCH.tsv	f68r3	A	UNMATCHED	AI2	C_OBJ_0316	RIGHT_ONLY		HOBJ_f68r3_88FFC7600AA5	UNMATCHED
STAR	research/astro_spatial_annotation_ai_b2/A_AI2_OBJECT_MATCH.tsv	f68r3	A	UNMATCHED	AI2	C_OBJ_0317	RIGHT_ONLY		HOBJ_f68r3_E3262B49790A	UNMATCHED
STAR	research/astro_spatial_annotation_ai_b2/A_AI2_OBJECT_MATCH.tsv	f68r3	A	UNMATCHED	AI2	C_OBJ_0318	RIGHT_ONLY		HOBJ_f68r3_7526F5092247	UNMATCHED
STAR	research/astro_spatial_annotation_ai_b2/A_AI2_OBJECT_MATCH.tsv	f68r3	A	UNMATCHED	AI2	C_OBJ_0319	RIGHT_ONLY		HOBJ_f68r3_9BE1C497E282	UNMATCHED
STAR	research/astro_spatial_annotation_ai_b2/A_AI2_OBJECT_MATCH.tsv	f68r3	A	UNMATCHED	AI2	C_OBJ_0320	RIGHT_ONLY		HOBJ_f68r3_6709F54C220E	UNMATCHED
STAR	research/astro_spatial_annotation_ai_b2/A_AI2_OBJECT_MATCH.tsv	f68r3	A	UNMATCHED	AI2	C_OBJ_0321	RIGHT_ONLY		HOBJ_f68r3_24A68EDE1782	UNMATCHED
STAR	research/astro_spatial_annotation_ai_b2/A_AI2_OBJECT_MATCH.tsv	f68r3	A	UNMATCHED	AI2	C_OBJ_0322	RIGHT_ONLY		HOBJ_f68r3_35A0EA6D7DAB	UNMATCHED
STAR	research/astro_spatial_annotation_ai_b2/A_AI2_OBJECT_MATCH.tsv	f68r3	A	UNMATCHED	AI2	C_OBJ_0323	RIGHT_ONLY		HOBJ_f68r3_2AB0ED67B0A7	UNMATCHED
STAR	research/astro_spatial_annotation_ai_b2/A_AI2_OBJECT_MATCH.tsv	f68r3	A	UNMATCHED	AI2	C_OBJ_0324	RIGHT_ONLY		HOBJ_f68r3_13F08E298F73	UNMATCHED
STAR	research/astro_spatial_annotation_ai_b2/A_AI2_OBJECT_MATCH.tsv	f68r3	A	UNMATCHED	AI2	C_OBJ_0325	RIGHT_ONLY		HOBJ_f68r3_ABEE1A7C6ED7	UNMATCHED
STAR	research/astro_spatial_annotation_ai_b2/A_AI2_OBJECT_MATCH.tsv	f68r3	A	UNMATCHED	AI2	C_OBJ_0326	RIGHT_ONLY		HOBJ_f68r3_22684DE74ACA	UNMATCHED
STAR	research/astro_spatial_annotation_ai_b2/A_AI2_OBJECT_MATCH.tsv	f68r3	A	UNMATCHED	AI2	C_OBJ_0327	RIGHT_ONLY		HOBJ_f68r3_84047676538D	UNMATCHED
STAR	research/astro_spatial_annotation_ai_b2/A_AI2_OBJECT_MATCH.tsv	f68r3	A	UNMATCHED	AI2	C_OBJ_0328	RIGHT_ONLY		HOBJ_f68r3_E1AF153103B2	UNMATCHED
STAR	research/astro_spatial_annotation_ai_b2/A_AI2_OBJECT_MATCH.tsv	f68r3	A	UNMATCHED	AI2	C_OBJ_0329	RIGHT_ONLY		HOBJ_f68r3_241914F95B79	UNMATCHED
STAR	research/astro_spatial_annotation_ai_b2/A_AI2_OBJECT_MATCH.tsv	f68r3	A	UNMATCHED	AI2	C_OBJ_0330	RIGHT_ONLY		HOBJ_f68r3_0489E7D20520	UNMATCHED
STAR	research/astro_spatial_annotation_ai_b2/A_AI2_OBJECT_MATCH.tsv	f68r3	A	UNMATCHED	AI2	C_OBJ_0331	RIGHT_ONLY		HOBJ_f68r3_7D2055CDB0BF	UNMATCHED
STAR	research/astro_spatial_annotation_ai_b2/A_AI2_OBJECT_MATCH.tsv	f68r3	A	UNMATCHED	AI2	C_OBJ_0332	RIGHT_ONLY		HOBJ_f68r3_0640A7F84BDF	UNMATCHED
STAR	research/astro_spatial_annotation_ai_b2/A_AI2_OBJECT_MATCH.tsv	f68r3	A	UNMATCHED	AI2	C_OBJ_0333	RIGHT_ONLY		HOBJ_f68r3_959536C709D0	UNMATCHED
STAR	research/astro_spatial_annotation_ai_b2/A_AI2_OBJECT_MATCH.tsv	f68r3	A	UNMATCHED	AI2	C_OBJ_0334	RIGHT_ONLY		HOBJ_f68r3_165C1FCA31A5	UNMATCHED
STAR	research/astro_spatial_annotation_ai_b2/A_AI2_OBJECT_MATCH.tsv	f68r3	A	UNMATCHED	AI2	C_OBJ_0335	RIGHT_ONLY		HOBJ_f68r3_D7FB381134E0	UNMATCHED
STAR	research/astro_spatial_annotation_ai_b2/A_AI2_OBJECT_MATCH.tsv	f68r3	A	UNMATCHED	AI2	C_OBJ_0336	RIGHT_ONLY		HOBJ_f68r3_508C19D45A47	UNMATCHED
STAR	research/astro_spatial_annotation_ai_b2/A_AI2_OBJECT_MATCH.tsv	f68r3	A	UNMATCHED	AI2	C_OBJ_0337	RIGHT_ONLY		HOBJ_f68r3_457563CB8D81	UNMATCHED
STAR	research/astro_spatial_annotation_ai_b2/A_AI2_OBJECT_MATCH.tsv	f68r3	A	UNMATCHED	AI2	C_OBJ_0338	RIGHT_ONLY		HOBJ_f68r3_EC50A22CE0CD	UNMATCHED
STAR	research/astro_spatial_annotation_ai_b2/A_AI2_OBJECT_MATCH.tsv	f68r3	A	UNMATCHED	AI2	C_OBJ_0339	RIGHT_ONLY		HOBJ_f68r3_B15BE40C4BC5	UNMATCHED
STAR	research/astro_spatial_annotation_ai_b2/A_AI2_OBJECT_MATCH.tsv	f68r3	A	UNMATCHED	AI2	C_OBJ_0340	RIGHT_ONLY		HOBJ_f68r3_BB513C32563D	UNMATCHED
STAR	research/astro_spatial_annotation_ai_b2/A_AI2_OBJECT_MATCH.tsv	f68r3	A	UNMATCHED	AI2	C_OBJ_0341	RIGHT_ONLY		HOBJ_f68r3_18BCB75C8AB8	UNMATCHED
STAR	research/astro_spatial_annotation_ai_b2/A_AI2_OBJECT_MATCH.tsv	f68r3	A	UNMATCHED	AI2	C_OBJ_0342	RIGHT_ONLY		HOBJ_f68r3_ABC1A4D02F84	UNMATCHED
STAR	research/astro_spatial_annotation_ai_b2/A_AI2_OBJECT_MATCH.tsv	f68r3	A	UNMATCHED	AI2	C_OBJ_0343	RIGHT_ONLY		HOBJ_f68r3_A2686C0E2600	UNMATCHED
STAR	research/astro_spatial_annotation_ai_b2/A_AI2_OBJECT_MATCH.tsv	f68r3	A	UNMATCHED	AI2	C_OBJ_0344	RIGHT_ONLY		HOBJ_f68r3_08F3CA5024BC	UNMATCHED
STAR	research/astro_spatial_annotation_ai_b2/A_AI2_OBJECT_MATCH.tsv	f68r3	A	UNMATCHED	AI2	C_OBJ_0345	RIGHT_ONLY		HOBJ_f68r3_9702E0A0CFBD	UNMATCHED
STAR	research/astro_spatial_annotation_ai_b2/A_AI2_OBJECT_MATCH.tsv	f68r3	A	UNMATCHED	AI2	C_OBJ_0346	RIGHT_ONLY		HOBJ_f68r3_0422AC3FEB33	UNMATCHED
STAR	research/astro_spatial_annotation_ai_b2/A_AI2_OBJECT_MATCH.tsv	f68r3	A	UNMATCHED	AI2	C_OBJ_0347	RIGHT_ONLY		HOBJ_f68r3_BCEAA4192CA1	UNMATCHED
STAR	research/astro_spatial_annotation_ai_b2/A_AI2_OBJECT_MATCH.tsv	f68r3	A	UNMATCHED	AI2	C_OBJ_0348	RIGHT_ONLY		HOBJ_f68r3_DEAC2993D08F	UNMATCHED
STAR	research/astro_spatial_annotation_ai_b2/A_AI2_OBJECT_MATCH.tsv	f68r3	A	UNMATCHED	AI2	C_OBJ_0349	RIGHT_ONLY		HOBJ_f68r3_0B4357DDB2F8	UNMATCHED
STAR	research/astro_spatial_annotation_ai_b2/A_AI2_OBJECT_MATCH.tsv	f68r3	A	UNMATCHED	AI2	C_OBJ_0350	RIGHT_ONLY		HOBJ_f68r3_859973C82170	UNMATCHED
STAR	research/astro_spatial_annotation_ai_b2/A_AI2_OBJECT_MATCH.tsv	f68r3	A	UNMATCHED	AI2	C_OBJ_0351	RIGHT_ONLY		HOBJ_f68r3_8C1297D43226	UNMATCHED
STAR	research/astro_spatial_annotation_ai_b2/A_AI2_OBJECT_MATCH.tsv	f68r3	A	UNMATCHED	AI2	C_OBJ_0352	RIGHT_ONLY		HOBJ_f68r3_9088530E9177	UNMATCHED
STAR	research/astro_spatial_annotation_ai_b2/A_AI2_OBJECT_MATCH.tsv	f68r3	A	UNMATCHED	AI2	C_OBJ_0353	RIGHT_ONLY		HOBJ_f68r3_F81E1869EE75	UNMATCHED
STAR	research/astro_spatial_annotation_ai_b2/A_AI2_OBJECT_MATCH.tsv	f68r3	A	UNMATCHED	AI2	C_OBJ_0354	RIGHT_ONLY		HOBJ_f68r3_03C31059FF7B	UNMATCHED
STAR	research/astro_spatial_annotation_ai_b2/A_AI2_OBJECT_MATCH.tsv	f68r3	A	UNMATCHED	AI2	C_OBJ_0355	RIGHT_ONLY		HOBJ_f68r3_218D660E68DA	UNMATCHED
STAR	research/astro_spatial_annotation_ai_b2/A_AI2_OBJECT_MATCH.tsv	f68r3	A	UNMATCHED	AI2	C_OBJ_0356	RIGHT_ONLY		HOBJ_f68r3_C5837CC7270B	UNMATCHED
STAR	research/astro_spatial_annotation_ai_b2/A_AI2_OBJECT_MATCH.tsv	f68r3	A	UNMATCHED	AI2	C_OBJ_0357	RIGHT_ONLY		HOBJ_f68r3_3A1ED95C8F74	UNMATCHED
STAR	research/astro_spatial_annotation_ai_b2/A_AI2_OBJECT_MATCH.tsv	f68r3	A	UNMATCHED	AI2	C_OBJ_0358	RIGHT_ONLY		HOBJ_f68r3_FEB7DFD3D690	UNMATCHED
STAR	research/astro_spatial_annotation_ai_b2/A_AI2_OBJECT_MATCH.tsv	f68r3	A	UNMATCHED	AI2	C_OBJ_0359	RIGHT_ONLY		HOBJ_f68r3_5A96054BDAB4	UNMATCHED
STAR	research/astro_spatial_annotation_ai_b2/A_AI2_OBJECT_MATCH.tsv	f68r3	A	UNMATCHED	AI2	C_OBJ_0360	RIGHT_ONLY		HOBJ_f68r3_89B9BA575007	UNMATCHED
STAR	research/astro_spatial_annotation_ai_b2/A_AI2_OBJECT_MATCH.tsv	f68r3	A	UNMATCHED	AI2	C_OBJ_0361	RIGHT_ONLY		HOBJ_f68r3_6FD9008FDD57	UNMATCHED
STAR	research/astro_spatial_annotation_ai_b2/A_AI2_OBJECT_MATCH.tsv	f68r3	A	UNMATCHED	AI2	C_OBJ_0362	RIGHT_ONLY		HOBJ_f68r3_056F8CB4822A	UNMATCHED
STAR	research/astro_spatial_annotation_ai_b2/A_AI2_OBJECT_MATCH.tsv	f68r3	A	UNMATCHED	AI2	C_OBJ_0363	RIGHT_ONLY		HOBJ_f68r3_568472087E7C	UNMATCHED
STAR	research/astro_spatial_annotation_ai_b2/A_AI2_OBJECT_MATCH.tsv	f68r3	A	UNMATCHED	AI2	C_OBJ_0364	RIGHT_ONLY		HOBJ_f68r3_AB67BCF2C8EA	UNMATCHED
STAR	research/astro_spatial_annotation_ai_b2/A_AI2_OBJECT_MATCH.tsv	f68r3	A	UNMATCHED	AI2	C_OBJ_0365	RIGHT_ONLY		HOBJ_f68r3_3E5BCCA75F77	UNMATCHED
STAR	research/astro_spatial_annotation_ai_b2/A_AI2_OBJECT_MATCH.tsv	f68r3	A	UNMATCHED	AI2	C_OBJ_0366	RIGHT_ONLY		HOBJ_f68r3_1CEF79745F88	UNMATCHED
STAR	research/astro_spatial_annotation_ai_b2/A_AI2_OBJECT_MATCH.tsv	f68r3	A	UNMATCHED	AI2	C_OBJ_0367	RIGHT_ONLY		HOBJ_f68r3_9BD8469E69DC	UNMATCHED
STAR	research/astro_spatial_annotation_ai_b2/A_AI2_OBJECT_MATCH.tsv	f68r3	A	UNMATCHED	AI2	C_OBJ_0368	RIGHT_ONLY		HOBJ_f68r3_69F33B71A5DB	UNMATCHED
STAR	research/astro_spatial_annotation_ai_b2/A_AI2_OBJECT_MATCH.tsv	f68r3	A	UNMATCHED	AI2	C_OBJ_0369	RIGHT_ONLY		HOBJ_f68r3_AD3118AC6996	UNMATCHED
STAR	research/astro_spatial_annotation_ai_b2/A_AI2_OBJECT_MATCH.tsv	f68r3	A	UNMATCHED	AI2	C_OBJ_0370	RIGHT_ONLY		HOBJ_f68r3_991122EA80DE	UNMATCHED
STAR	research/astro_spatial_annotation_ai_b2/A_AI2_OBJECT_MATCH.tsv	f68r3	A	UNMATCHED	AI2	C_OBJ_0371	RIGHT_ONLY		HOBJ_f68r3_1D54154E6EB2	UNMATCHED
STAR	research/astro_spatial_annotation_ai_b2/A_AI2_OBJECT_MATCH.tsv	f68r3	A	UNMATCHED	AI2	C_OBJ_0372	RIGHT_ONLY		HOBJ_f68r3_C68D251510AC	UNMATCHED
STAR	research/astro_spatial_annotation_ai_b2/A_AI2_OBJECT_MATCH.tsv	f68r3	A	UNMATCHED	AI2	C_OBJ_0373	RIGHT_ONLY		HOBJ_f68r3_032DBFCF1665	UNMATCHED
STAR	research/astro_spatial_annotation_ai_b2/A_AI2_OBJECT_MATCH.tsv	f68r3	A	UNMATCHED	AI2	C_OBJ_0374	RIGHT_ONLY		HOBJ_f68r3_1A2E80DC48AA	UNMATCHED
STAR	research/astro_spatial_annotation_ai_b2/A_AI2_OBJECT_MATCH.tsv	f68r3	A	UNMATCHED	AI2	C_OBJ_0375	RIGHT_ONLY		HOBJ_f68r3_2AEA8CB125FD	UNMATCHED
STAR	research/astro_spatial_annotation_ai_b2/A_AI2_OBJECT_MATCH.tsv	f68r3	A	UNMATCHED	AI2	C_OBJ_0376	RIGHT_ONLY		HOBJ_f68r3_698FC6EDBCC6	UNMATCHED
STAR	research/astro_spatial_annotation_ai_b2/A_AI2_OBJECT_MATCH.tsv	f68r3	A	UNMATCHED	AI2	C_OBJ_0377	RIGHT_ONLY		HOBJ_f68r3_B12472A450A6	UNMATCHED
STAR	research/astro_spatial_annotation_ai_b2/A_AI2_OBJECT_MATCH.tsv	f68r3	A	UNMATCHED	AI2	C_OBJ_0378	RIGHT_ONLY		HOBJ_f68r3_15E113A587AD	UNMATCHED
STAR	research/astro_spatial_annotation_ai_b2/A_AI2_OBJECT_MATCH.tsv	f68r3	A	UNMATCHED	AI2	C_OBJ_0379	RIGHT_ONLY		HOBJ_f68r3_9D90CA079819	UNMATCHED
STAR	research/astro_spatial_annotation_ai_b2/A_AI2_OBJECT_MATCH.tsv	f68r3	A	UNMATCHED	AI2	C_OBJ_0380	RIGHT_ONLY		HOBJ_f68r3_AADD4DF5D612	UNMATCHED
STAR	research/astro_spatial_annotation_ai_b2/A_AI2_OBJECT_MATCH.tsv	f68v1	A	UNMATCHED	AI2	C_OBJ_0382	RIGHT_ONLY		HOBJ_f68v1_3AC1E033F857	UNMATCHED
STAR	research/astro_spatial_annotation_ai_b2/A_AI2_OBJECT_MATCH.tsv	f68v1	A	UNMATCHED	AI2	C_OBJ_0383	RIGHT_ONLY		HOBJ_f68v1_1FFD451FA4DB	UNMATCHED
STAR	research/astro_spatial_annotation_ai_b2/A_AI2_OBJECT_MATCH.tsv	f68v1	A	UNMATCHED	AI2	C_OBJ_0384	RIGHT_ONLY		HOBJ_f68v1_B6EAE4923142	UNMATCHED
STAR	research/astro_spatial_annotation_ai_b2/A_AI2_OBJECT_MATCH.tsv	f68v1	A	UNMATCHED	AI2	C_OBJ_0385	RIGHT_ONLY		HOBJ_f68v1_CC9B00749CB0	UNMATCHED
STAR	research/astro_spatial_annotation_ai_b2/A_AI2_OBJECT_MATCH.tsv	f68v1	A	UNMATCHED	AI2	C_OBJ_0387	RIGHT_ONLY		HOBJ_f68v1_2CD175281610	UNMATCHED
STAR	research/astro_spatial_annotation_ai_b2/A_AI2_OBJECT_MATCH.tsv	f68v1	A	UNMATCHED	AI2	C_OBJ_0388	RIGHT_ONLY		HOBJ_f68v1_6BCAFB0F1C06	UNMATCHED
STAR	research/astro_spatial_annotation_ai_b2/A_AI2_OBJECT_MATCH.tsv	f68v1	A	UNMATCHED	AI2	C_OBJ_0389	RIGHT_ONLY		HOBJ_f68v1_D9B0CD3B4A31	UNMATCHED
STAR	research/astro_spatial_annotation_ai_b2/A_AI2_OBJECT_MATCH.tsv	f68v1	A	UNMATCHED	AI2	C_OBJ_0390	RIGHT_ONLY		HOBJ_f68v1_A475ECCF1BF2	UNMATCHED
STAR	research/astro_spatial_annotation_ai_b2/A_AI2_OBJECT_MATCH.tsv	f68v1	A	UNMATCHED	AI2	C_OBJ_0391	RIGHT_ONLY		HOBJ_f68v1_59FBB94ADA98	UNMATCHED
STAR	research/astro_spatial_annotation_ai_b2/A_AI2_OBJECT_MATCH.tsv	f68v1	A	UNMATCHED	AI2	C_OBJ_0392	RIGHT_ONLY		HOBJ_f68v1_B5BB0CD96008	UNMATCHED
STAR	research/astro_spatial_annotation_ai_b2/A_AI2_OBJECT_MATCH.tsv	f68v1	A	UNMATCHED	AI2	C_OBJ_0393	RIGHT_ONLY		HOBJ_f68v1_C04F3E46A0EA	UNMATCHED
STAR	research/astro_spatial_annotation_ai_b2/A_AI2_OBJECT_MATCH.tsv	f68v1	A	UNMATCHED	AI2	C_OBJ_0394	RIGHT_ONLY		HOBJ_f68v1_96BAE206A777	UNMATCHED
STAR	research/astro_spatial_annotation_ai_b2/A_AI2_OBJECT_MATCH.tsv	f68v1	A	UNMATCHED	AI2	C_OBJ_0395	RIGHT_ONLY		HOBJ_f68v1_70DF94DE604A	UNMATCHED
STAR	research/astro_spatial_annotation_ai_b2/A_AI2_OBJECT_MATCH.tsv	f68v1	A	UNMATCHED	AI2	C_OBJ_0396	RIGHT_ONLY		HOBJ_f68v1_C225D7175696	UNMATCHED
STAR	research/astro_spatial_annotation_ai_b2/A_AI2_OBJECT_MATCH.tsv	f68v1	A	UNMATCHED	AI2	C_OBJ_0397	RIGHT_ONLY		HOBJ_f68v1_047F5AE6669E	UNMATCHED
STAR	research/astro_spatial_annotation_ai_b2/A_AI2_OBJECT_MATCH.tsv	f68v1	A	UNMATCHED	AI2	C_OBJ_0398	RIGHT_ONLY		HOBJ_f68v1_1DC2E8744ADB	UNMATCHED
STAR	research/astro_spatial_annotation_ai_b2/A_AI2_OBJECT_MATCH.tsv	f68v1	A	UNMATCHED	AI2	C_OBJ_0399	RIGHT_ONLY		HOBJ_f68v1_32D6105851EF	UNMATCHED
STAR	research/astro_spatial_annotation_ai_b2/A_AI2_OBJECT_MATCH.tsv	f68v1	A	UNMATCHED	AI2	C_OBJ_0400	RIGHT_ONLY		HOBJ_f68v1_464185126521	UNMATCHED
STAR	research/astro_spatial_annotation_ai_b2/A_AI2_OBJECT_MATCH.tsv	f68v1	A	UNMATCHED	AI2	C_OBJ_0401	RIGHT_ONLY		HOBJ_f68v1_50444C1B9712	UNMATCHED
STAR	research/astro_spatial_annotation_ai_b2/A_AI2_OBJECT_MATCH.tsv	f68v1	A	UNMATCHED	AI2	C_OBJ_0402	RIGHT_ONLY		HOBJ_f68v1_CC42BF0ACF7D	UNMATCHED
STAR	research/astro_spatial_annotation_ai_b2/A_AI2_OBJECT_MATCH.tsv	f68v1	A	UNMATCHED	AI2	C_OBJ_0403	RIGHT_ONLY		HOBJ_f68v1_E1FF1749FF5F	UNMATCHED
STAR	research/astro_spatial_annotation_ai_b2/A_AI2_OBJECT_MATCH.tsv	f68v1	A	UNMATCHED	AI2	C_OBJ_0404	RIGHT_ONLY		HOBJ_f68v1_65C02ACA1639	UNMATCHED
STAR	research/astro_spatial_annotation_ai_b2/A_AI2_OBJECT_MATCH.tsv	f68v1	A	UNMATCHED	AI2	C_OBJ_0405	RIGHT_ONLY		HOBJ_f68v1_B633F8CA8DDB	UNMATCHED
STAR	research/astro_spatial_annotation_ai_b2/A_AI2_OBJECT_MATCH.tsv	f68v1	A	UNMATCHED	AI2	C_OBJ_0406	RIGHT_ONLY		HOBJ_f68v1_B7ACCFA191D2	UNMATCHED
STAR	research/astro_spatial_annotation_ai_b2/A_AI2_OBJECT_MATCH.tsv	f68v1	A	UNMATCHED	AI2	C_OBJ_0407	RIGHT_ONLY		HOBJ_f68v1_767E9FF132C3	UNMATCHED
STAR	research/astro_spatial_annotation_ai_b2/A_AI2_OBJECT_MATCH.tsv	f68v1	A	UNMATCHED	AI2	C_OBJ_0408	RIGHT_ONLY		HOBJ_f68v1_97883A00FEC9	UNMATCHED
STAR	research/astro_spatial_annotation_ai_b2/A_AI2_OBJECT_MATCH.tsv	f68v1	A	UNMATCHED	AI2	C_OBJ_0409	RIGHT_ONLY		HOBJ_f68v1_F03DFFB1C8F8	UNMATCHED
STAR	research/astro_spatial_annotation_ai_b2/A_AI2_OBJECT_MATCH.tsv	f68v1	A	UNMATCHED	AI2	C_OBJ_0410	RIGHT_ONLY		HOBJ_f68v1_77BE1E398209	UNMATCHED
STAR	research/astro_spatial_annotation_ai_b2/A_AI2_OBJECT_MATCH.tsv	f68v1	A	UNMATCHED	AI2	C_OBJ_0411	RIGHT_ONLY		HOBJ_f68v1_4BCB6423264C	UNMATCHED
STAR	research/astro_spatial_annotation_ai_b2/A_AI2_OBJECT_MATCH.tsv	f68v1	A	UNMATCHED	AI2	C_OBJ_0412	RIGHT_ONLY		HOBJ_f68v1_F98B705256A5	UNMATCHED
STAR	research/astro_spatial_annotation_ai_b2/A_AI2_OBJECT_MATCH.tsv	f68v1	A	UNMATCHED	AI2	C_OBJ_0413	RIGHT_ONLY		HOBJ_f68v1_224D78C1C3C0	UNMATCHED
STAR	research/astro_spatial_annotation_ai_b2/A_AI2_OBJECT_MATCH.tsv	f68v1	A	UNMATCHED	AI2	C_OBJ_0414	RIGHT_ONLY		HOBJ_f68v1_327A25B59E4E	UNMATCHED
STAR	research/astro_spatial_annotation_ai_b2/A_AI2_OBJECT_MATCH.tsv	f68v1	A	UNMATCHED	AI2	C_OBJ_0415	RIGHT_ONLY		HOBJ_f68v1_4B6D447B3AD8	UNMATCHED
STAR	research/astro_spatial_annotation_ai_b2/A_AI2_OBJECT_MATCH.tsv	f68v1	A	UNMATCHED	AI2	C_OBJ_0416	RIGHT_ONLY		HOBJ_f68v1_4F11E8C17334	UNMATCHED
STAR	research/astro_spatial_annotation_ai_b2/A_AI2_OBJECT_MATCH.tsv	f68v1	A	UNMATCHED	AI2	C_OBJ_0417	RIGHT_ONLY		HOBJ_f68v1_EDF16D6486FF	UNMATCHED
STAR	research/astro_spatial_annotation_ai_b2/A_AI2_OBJECT_MATCH.tsv	f68v1	A	UNMATCHED	AI2	C_OBJ_0418	RIGHT_ONLY		HOBJ_f68v1_395598D105D7	UNMATCHED
STAR	research/astro_spatial_annotation_ai_b2/A_AI2_OBJECT_MATCH.tsv	f68v1	A	UNMATCHED	AI2	C_OBJ_0419	RIGHT_ONLY		HOBJ_f68v1_7149B9AB9033	UNMATCHED
STAR	research/astro_spatial_annotation_ai_b2/A_AI2_OBJECT_MATCH.tsv	f68v1	A	UNMATCHED	AI2	C_OBJ_0420	RIGHT_ONLY		HOBJ_f68v1_DBAB8CB4F50B	UNMATCHED
STAR	research/astro_spatial_annotation_ai_b2/A_AI2_OBJECT_MATCH.tsv	f68v1	A	UNMATCHED	AI2	C_OBJ_0421	RIGHT_ONLY		HOBJ_f68v1_B398627A970B	UNMATCHED
STAR	research/astro_spatial_annotation_ai_b2/A_AI2_OBJECT_MATCH.tsv	f68v1	A	UNMATCHED	AI2	C_OBJ_0422	RIGHT_ONLY		HOBJ_f68v1_CD66B1C0BA08	UNMATCHED
STAR	research/astro_spatial_annotation_ai_b2/A_AI2_OBJECT_MATCH.tsv	f68v1	A	UNMATCHED	AI2	C_OBJ_0423	RIGHT_ONLY		HOBJ_f68v1_EF7FE295844C	UNMATCHED
STAR	research/astro_spatial_annotation_ai_b2/A_AI2_OBJECT_MATCH.tsv	f68v1	A	UNMATCHED	AI2	C_OBJ_0424	RIGHT_ONLY		HOBJ_f68v1_B5965535DC35	UNMATCHED
STAR	research/astro_spatial_annotation_ai_b2/A_AI2_OBJECT_MATCH.tsv	f68v1	A	UNMATCHED	AI2	C_OBJ_0425	RIGHT_ONLY		HOBJ_f68v1_55093002A541	UNMATCHED
STAR	research/astro_spatial_annotation_ai_b2/A_AI2_OBJECT_MATCH.tsv	f68v1	A	UNMATCHED	AI2	C_OBJ_0426	RIGHT_ONLY		HOBJ_f68v1_46EFB45D9A4B	UNMATCHED
STAR	research/astro_spatial_annotation_ai_b2/A_AI2_OBJECT_MATCH.tsv	f68v1	A	UNMATCHED	AI2	C_OBJ_0427	RIGHT_ONLY		HOBJ_f68v1_9EB24255B81A	UNMATCHED
STAR	research/astro_spatial_annotation_ai_b2/A_AI2_OBJECT_MATCH.tsv	f68v1	A	UNMATCHED	AI2	C_OBJ_0428	RIGHT_ONLY		HOBJ_f68v1_E515B7AC535F	UNMATCHED
STAR	research/astro_spatial_annotation_ai_b2/A_AI2_OBJECT_MATCH.tsv	f68v1	A	UNMATCHED	AI2	C_OBJ_0429	RIGHT_ONLY		HOBJ_f68v1_C1ACFAAFE57A	UNMATCHED
STAR	research/astro_spatial_annotation_ai_b2/A_AI2_OBJECT_MATCH.tsv	f68v1	A	UNMATCHED	AI2	C_OBJ_0430	RIGHT_ONLY		HOBJ_f68v1_7C8CA6A19D3C	UNMATCHED
STAR	research/astro_spatial_annotation_ai_b2/A_AI2_OBJECT_MATCH.tsv	f68v1	A	UNMATCHED	AI2	C_OBJ_0431	RIGHT_ONLY		HOBJ_f68v1_91120670EF7A	UNMATCHED
STAR	research/astro_spatial_annotation_ai_b2/A_AI2_OBJECT_MATCH.tsv	f68v1	A	UNMATCHED	AI2	C_OBJ_0432	RIGHT_ONLY		HOBJ_f68v1_6140F177D8CD	UNMATCHED
STAR	research/astro_spatial_annotation_ai_b2/A_AI2_OBJECT_MATCH.tsv	f68v1	A	UNMATCHED	AI2	C_OBJ_0433	RIGHT_ONLY		HOBJ_f68v1_346191D018B8	UNMATCHED
STAR	research/astro_spatial_annotation_ai_b2/A_AI2_OBJECT_MATCH.tsv	f68v1	A	UNMATCHED	AI2	C_OBJ_0434	RIGHT_ONLY		HOBJ_f68v1_D1697183F483	UNMATCHED
STAR	research/astro_spatial_annotation_ai_b2/A_AI2_OBJECT_MATCH.tsv	f68v1	A	UNMATCHED	AI2	C_OBJ_0435	RIGHT_ONLY		HOBJ_f68v1_A82634D79FED	UNMATCHED
STAR	research/astro_spatial_annotation_ai_b2/A_AI2_OBJECT_MATCH.tsv	f68v1	A	UNMATCHED	AI2	C_OBJ_0436	RIGHT_ONLY		HOBJ_f68v1_1DAFB0742088	UNMATCHED
STAR	research/astro_spatial_annotation_ai_b2/A_AI2_OBJECT_MATCH.tsv	f68v1	A	UNMATCHED	AI2	C_OBJ_0437	RIGHT_ONLY		HOBJ_f68v1_C942F5E4FBFA	UNMATCHED
STAR	research/astro_spatial_annotation_ai_b2/A_AI2_OBJECT_MATCH.tsv	f68v1	A	UNMATCHED	AI2	C_OBJ_0438	RIGHT_ONLY		HOBJ_f68v1_5CA1BFA98A31	UNMATCHED
STAR	research/astro_spatial_annotation_ai_b2/A_AI2_OBJECT_MATCH.tsv	f68v1	A	UNMATCHED	AI2	C_OBJ_0439	RIGHT_ONLY		HOBJ_f68v1_025FE6FCACA9	UNMATCHED
STAR	research/astro_spatial_annotation_ai_b2/A_AI2_OBJECT_MATCH.tsv	f68v1	A	UNMATCHED	AI2	C_OBJ_0440	RIGHT_ONLY		HOBJ_f68v1_6040E86C39F7	UNMATCHED
STAR	research/astro_spatial_annotation_ai_b2/A_AI2_OBJECT_MATCH.tsv	f68v1	A	UNMATCHED	AI2	C_OBJ_0441	RIGHT_ONLY		HOBJ_f68v1_408503BE9C00	UNMATCHED
STAR	research/astro_spatial_annotation_ai_b2/A_AI2_OBJECT_MATCH.tsv	f68v1	A	UNMATCHED	AI2	C_OBJ_0442	RIGHT_ONLY		HOBJ_f68v1_442F9F2F812D	UNMATCHED
STAR	research/astro_spatial_annotation_ai_b2/A_AI2_OBJECT_MATCH.tsv	f68v1	A	UNMATCHED	AI2	C_OBJ_0443	RIGHT_ONLY		HOBJ_f68v1_A2F4995355BF	UNMATCHED
STAR	research/astro_spatial_annotation_ai_b2/A_AI2_OBJECT_MATCH.tsv	f68v1	A	UNMATCHED	AI2	C_OBJ_0444	RIGHT_ONLY		HOBJ_f68v1_8A0DA6734CC6	UNMATCHED
STAR	research/astro_spatial_annotation_ai_b2/A_AI2_OBJECT_MATCH.tsv	f68v1	A	UNMATCHED	AI2	C_OBJ_0445	RIGHT_ONLY		HOBJ_f68v1_6FB861427974	UNMATCHED
STAR	research/astro_spatial_annotation_ai_b2/A_AI2_OBJECT_MATCH.tsv	f68v1	A	UNMATCHED	AI2	C_OBJ_0446	RIGHT_ONLY		HOBJ_f68v1_11C22901B618	UNMATCHED
STAR	research/astro_spatial_annotation_ai_b2/A_AI2_OBJECT_MATCH.tsv	f68v1	A	UNMATCHED	AI2	C_OBJ_0447	RIGHT_ONLY		HOBJ_f68v1_937DE77FC490	UNMATCHED
STAR	research/astro_spatial_annotation_ai_b2/A_AI2_OBJECT_MATCH.tsv	f68v1	A	UNMATCHED	AI2	C_OBJ_0448	RIGHT_ONLY		HOBJ_f68v1_F10E8731CBE8	UNMATCHED
STAR	research/astro_spatial_annotation_ai_b2/A_AI2_OBJECT_MATCH.tsv	f68v1	A	UNMATCHED	AI2	C_OBJ_0449	RIGHT_ONLY		HOBJ_f68v1_D74807AD1861	UNMATCHED
STAR	research/astro_spatial_annotation_ai_b2/A_AI2_OBJECT_MATCH.tsv	f68v1	A	UNMATCHED	AI2	C_OBJ_0450	RIGHT_ONLY		HOBJ_f68v1_4116A4CD8843	UNMATCHED
STAR	research/astro_spatial_annotation_ai_b2/A_AI2_OBJECT_MATCH.tsv	f68v1	A	UNMATCHED	AI2	C_OBJ_0451	RIGHT_ONLY		HOBJ_f68v1_0A91871D4174	UNMATCHED
STAR	research/astro_spatial_annotation_ai_b2/A_AI2_OBJECT_MATCH.tsv	f68v1	A	UNMATCHED	AI2	C_OBJ_0452	RIGHT_ONLY		HOBJ_f68v1_74E007ABB36A	UNMATCHED
STAR	research/astro_spatial_annotation_ai_b2/A_AI2_OBJECT_MATCH.tsv	f68v1	A	UNMATCHED	AI2	C_OBJ_0453	RIGHT_ONLY		HOBJ_f68v1_C893FBAAE755	UNMATCHED
STAR	research/astro_spatial_annotation_ai_b2/A_AI2_OBJECT_MATCH.tsv	f68v1	A	UNMATCHED	AI2	C_OBJ_0454	RIGHT_ONLY		HOBJ_f68v1_E7A90C4A165B	UNMATCHED
STAR	research/astro_spatial_annotation_ai_b2/A_AI2_OBJECT_MATCH.tsv	f68v1	A	UNMATCHED	AI2	C_OBJ_0455	RIGHT_ONLY		HOBJ_f68v1_685F62ECE421	UNMATCHED
STAR	research/astro_spatial_annotation_ai_b2/A_AI2_OBJECT_MATCH.tsv	f68v1	A	UNMATCHED	AI2	C_OBJ_0456	RIGHT_ONLY		HOBJ_f68v1_51553E5D1640	UNMATCHED
STAR	research/astro_spatial_annotation_ai_b2/A_AI2_OBJECT_MATCH.tsv	f68v1	A	UNMATCHED	AI2	C_OBJ_0457	RIGHT_ONLY		HOBJ_f68v1_40FC37D27375	UNMATCHED
STAR	research/astro_spatial_annotation_ai_b2/A_AI2_OBJECT_MATCH.tsv	f68v1	A	UNMATCHED	AI2	C_OBJ_0458	RIGHT_ONLY		HOBJ_f68v1_7A4EE05D2B76	UNMATCHED
STAR	research/astro_spatial_annotation_ai_b2/A_AI2_OBJECT_MATCH.tsv	f68v1	A	UNMATCHED	AI2	C_OBJ_0459	RIGHT_ONLY		HOBJ_f68v1_550F689D1742	UNMATCHED
STAR	research/astro_spatial_annotation_ai_b2/A_AI2_OBJECT_MATCH.tsv	f68v1	A	UNMATCHED	AI2	C_OBJ_0460	RIGHT_ONLY		HOBJ_f68v1_9B959871D3B9	UNMATCHED
STAR	research/astro_spatial_annotation_ai_b2/A_AI2_OBJECT_MATCH.tsv	f68v1	A	UNMATCHED	AI2	C_OBJ_0461	RIGHT_ONLY		HOBJ_f68v1_47F09E29EEAD	UNMATCHED
STAR	research/astro_spatial_annotation_ai_b2/A_AI2_OBJECT_MATCH.tsv	f68v1	A	UNMATCHED	AI2	C_OBJ_0462	RIGHT_ONLY		HOBJ_f68v1_55D0E9B36913	UNMATCHED
STAR	research/astro_spatial_annotation_ai_b2/A_AI2_OBJECT_MATCH.tsv	f68v1	A	UNMATCHED	AI2	C_OBJ_0463	RIGHT_ONLY		HOBJ_f68v1_3C016D7FA2F9	UNMATCHED
STAR	research/astro_spatial_annotation_ai_b2/A_AI2_OBJECT_MATCH.tsv	f68v1	A	UNMATCHED	AI2	C_OBJ_0464	RIGHT_ONLY		HOBJ_f68v1_49F0BA7D30BC	UNMATCHED
STAR	research/astro_spatial_annotation_ai_b2/A_AI2_OBJECT_MATCH.tsv	f68v1	A	UNMATCHED	AI2	C_OBJ_0465	RIGHT_ONLY		HOBJ_f68v1_8D42C42A68F4	UNMATCHED
STAR	research/astro_spatial_annotation_ai_b2/A_AI2_OBJECT_MATCH.tsv	f68v1	A	UNMATCHED	AI2	C_OBJ_0466	RIGHT_ONLY		HOBJ_f68v1_D9B410CC9184	UNMATCHED
STAR	research/astro_spatial_annotation_ai_b2/A_AI2_OBJECT_MATCH.tsv	f68v1	A	UNMATCHED	AI2	C_OBJ_0467	RIGHT_ONLY		HOBJ_f68v1_C50D708BFAF7	UNMATCHED
STAR	research/astro_spatial_annotation_ai_b2/A_AI2_OBJECT_MATCH.tsv	f68v1	A	UNMATCHED	AI2	C_OBJ_0468	RIGHT_ONLY		HOBJ_f68v1_14287ECB08B1	UNMATCHED
STAR	research/astro_spatial_annotation_ai_b2/A_AI2_OBJECT_MATCH.tsv	f68v1	A	UNMATCHED	AI2	C_OBJ_0469	RIGHT_ONLY		HOBJ_f68v1_47D22FEFFDEF	UNMATCHED
STAR	research/astro_spatial_annotation_ai_b2/A_AI2_OBJECT_MATCH.tsv	f68v1	A	UNMATCHED	AI2	C_OBJ_0470	RIGHT_ONLY		HOBJ_f68v1_27962B8822CA	UNMATCHED
STAR	research/astro_spatial_annotation_ai_b2/A_AI2_OBJECT_MATCH.tsv	f68v1	A	UNMATCHED	AI2	C_OBJ_0471	RIGHT_ONLY		HOBJ_f68v1_F0612E866CFC	UNMATCHED
STAR	research/astro_spatial_annotation_ai_b2/A_AI2_OBJECT_MATCH.tsv	f68v1	A	UNMATCHED	AI2	C_OBJ_0472	RIGHT_ONLY		HOBJ_f68v1_3F6D2B45BA79	UNMATCHED
STAR	research/astro_spatial_annotation_ai_b2/A_AI2_OBJECT_MATCH.tsv	f68v1	A	UNMATCHED	AI2	C_OBJ_0473	RIGHT_ONLY		HOBJ_f68v1_618A5E2C4F3D	UNMATCHED
STAR	research/astro_spatial_annotation_ai_b2/A_AI2_OBJECT_MATCH.tsv	f68v1	A	UNMATCHED	AI2	C_OBJ_0474	RIGHT_ONLY		HOBJ_f68v1_7815ADA3CB06	UNMATCHED
STAR	research/astro_spatial_annotation_ai_b2/A_AI2_OBJECT_MATCH.tsv	f68v1	A	UNMATCHED	AI2	C_OBJ_0475	RIGHT_ONLY		HOBJ_f68v1_EDF89A64FC0C	UNMATCHED
STAR	research/astro_spatial_annotation_ai_b2/A_AI2_OBJECT_MATCH.tsv	f68v1	A	UNMATCHED	AI2	C_OBJ_0476	RIGHT_ONLY		HOBJ_f68v1_539771EBF99D	UNMATCHED
STAR	research/astro_spatial_annotation_ai_b2/A_AI2_OBJECT_MATCH.tsv	f68v1	A	UNMATCHED	AI2	C_OBJ_0477	RIGHT_ONLY		HOBJ_f68v1_337332601229	UNMATCHED
STAR	research/astro_spatial_annotation_ai_b2/A_AI2_OBJECT_MATCH.tsv	f68v1	A	UNMATCHED	AI2	C_OBJ_0478	RIGHT_ONLY		HOBJ_f68v1_EE3F9117E66C	UNMATCHED
STAR	research/astro_spatial_annotation_ai_b2/A_AI2_OBJECT_MATCH.tsv	f68v1	A	UNMATCHED	AI2	C_OBJ_0479	RIGHT_ONLY		HOBJ_f68v1_995159A8ED88	UNMATCHED
STAR	research/astro_spatial_annotation_ai_b2/A_AI2_OBJECT_MATCH.tsv	f68v1	A	UNMATCHED	AI2	C_OBJ_0480	RIGHT_ONLY		HOBJ_f68v1_A1EA2F56BC6C	UNMATCHED
STAR	research/astro_spatial_annotation_ai_b2/A_AI2_OBJECT_MATCH.tsv	f68v1	A	UNMATCHED	AI2	C_OBJ_0481	RIGHT_ONLY		HOBJ_f68v1_4F6E8CC79230	UNMATCHED
STAR	research/astro_spatial_annotation_ai_b2/A_AI2_OBJECT_MATCH.tsv	f68v1	A	UNMATCHED	AI2	C_OBJ_0482	RIGHT_ONLY		HOBJ_f68v1_97DDEA3DFC27	UNMATCHED
STAR	research/astro_spatial_annotation_ai_b2/A_AI2_OBJECT_MATCH.tsv	f68v1	A	UNMATCHED	AI2	C_OBJ_0483	RIGHT_ONLY		HOBJ_f68v1_35EAFC73DFA3	UNMATCHED
STAR	research/astro_spatial_annotation_ai_b2/A_AI2_OBJECT_MATCH.tsv	f68v2	A	UNMATCHED	AI2	C_OBJ_0485	RIGHT_ONLY		HOBJ_f68v2_0762396A772B	UNMATCHED
STAR	research/astro_spatial_annotation_ai_b2/A_AI2_OBJECT_MATCH.tsv	f68v2	A	UNMATCHED	AI2	C_OBJ_0487	RIGHT_ONLY		HOBJ_f68v2_05127550379F	UNMATCHED
STAR	research/astro_spatial_annotation_ai_b2/A_AI2_OBJECT_MATCH.tsv	f68v2	A	UNMATCHED	AI2	C_OBJ_0488	RIGHT_ONLY		HOBJ_f68v2_B0E9D4D429BE	UNMATCHED
STAR	research/astro_spatial_annotation_ai_b2/A_AI2_OBJECT_MATCH.tsv	f68v2	A	UNMATCHED	AI2	C_OBJ_0489	RIGHT_ONLY		HOBJ_f68v2_DE60CCAEDC53	UNMATCHED
STAR	research/astro_spatial_annotation_ai_b2/A_AI2_OBJECT_MATCH.tsv	f68v2	A	UNMATCHED	AI2	C_OBJ_0490	RIGHT_ONLY		HOBJ_f68v2_2CC9BD28C0E7	UNMATCHED
STAR	research/astro_spatial_annotation_ai_b2/A_AI2_OBJECT_MATCH.tsv	f68v2	A	UNMATCHED	AI2	C_OBJ_0491	RIGHT_ONLY		HOBJ_f68v2_62C497B54983	UNMATCHED
STAR	research/astro_spatial_annotation_ai_b2/A_AI2_OBJECT_MATCH.tsv	f68v2	A	UNMATCHED	AI2	C_OBJ_0492	RIGHT_ONLY		HOBJ_f68v2_59228B6F436C	UNMATCHED
STAR	research/astro_spatial_annotation_ai_b2/A_AI2_OBJECT_MATCH.tsv	f68v2	A	UNMATCHED	AI2	C_OBJ_0493	RIGHT_ONLY		HOBJ_f68v2_D8745C0151C7	UNMATCHED
STAR	research/astro_spatial_annotation_ai_b2/A_AI2_OBJECT_MATCH.tsv	f68v2	A	UNMATCHED	AI2	C_OBJ_0494	RIGHT_ONLY		HOBJ_f68v2_F7CA2F7A4965	UNMATCHED
STAR	research/astro_spatial_annotation_ai_b2/A_AI2_OBJECT_MATCH.tsv	f68v2	A	UNMATCHED	AI2	C_OBJ_0495	RIGHT_ONLY		HOBJ_f68v2_15CD4E058AD4	UNMATCHED
STAR	research/astro_spatial_annotation_ai_b2/A_AI2_OBJECT_MATCH.tsv	f68v2	A	UNMATCHED	AI2	C_OBJ_0496	RIGHT_ONLY		HOBJ_f68v2_88D20188E3A5	UNMATCHED
STAR	research/astro_spatial_annotation_ai_b2/A_AI2_OBJECT_MATCH.tsv	f68v2	A	UNMATCHED	AI2	C_OBJ_0497	RIGHT_ONLY		HOBJ_f68v2_47672F03EB34	UNMATCHED
STAR	research/astro_spatial_annotation_ai_b2/A_AI2_OBJECT_MATCH.tsv	f68v2	A	UNMATCHED	AI2	C_OBJ_0498	RIGHT_ONLY		HOBJ_f68v2_41686B83501E	UNMATCHED
STAR	research/astro_spatial_annotation_ai_b2/A_AI2_OBJECT_MATCH.tsv	f68v2	A	UNMATCHED	AI2	C_OBJ_0499	RIGHT_ONLY		HOBJ_f68v2_972C5F47C72F	UNMATCHED
STAR	research/astro_spatial_annotation_ai_b2/A_AI2_OBJECT_MATCH.tsv	f68v2	A	UNMATCHED	AI2	C_OBJ_0500	RIGHT_ONLY		HOBJ_f68v2_A340E3606DE2	UNMATCHED
STAR	research/astro_spatial_annotation_ai_b2/A_AI2_OBJECT_MATCH.tsv	f68v2	A	UNMATCHED	AI2	C_OBJ_0501	RIGHT_ONLY		HOBJ_f68v2_FC86F89B1DC0	UNMATCHED
STAR	research/astro_spatial_annotation_ai_b2/A_AI2_OBJECT_MATCH.tsv	f68v2	A	UNMATCHED	AI2	C_OBJ_0502	RIGHT_ONLY		HOBJ_f68v2_15B2829C2DEB	UNMATCHED
STAR	research/astro_spatial_annotation_ai_b2/A_AI2_OBJECT_MATCH.tsv	f68v2	A	UNMATCHED	AI2	C_OBJ_0503	RIGHT_ONLY		HOBJ_f68v2_5D5F1D694130	UNMATCHED
STAR	research/astro_spatial_annotation_ai_b2/A_AI2_OBJECT_MATCH.tsv	f68v2	A	UNMATCHED	AI2	C_OBJ_0504	RIGHT_ONLY		HOBJ_f68v2_504F1D41DFB7	UNMATCHED
STAR	research/astro_spatial_annotation_ai_b2/A_AI2_OBJECT_MATCH.tsv	f68v2	A	UNMATCHED	AI2	C_OBJ_0505	RIGHT_ONLY		HOBJ_f68v2_899C0AAC0790	UNMATCHED
STAR	research/astro_spatial_annotation_ai_b2/A_AI2_OBJECT_MATCH.tsv	f68v2	A	UNMATCHED	AI2	C_OBJ_0506	RIGHT_ONLY		HOBJ_f68v2_06F837B335DF	UNMATCHED
STAR	research/astro_spatial_annotation_ai_b2/A_AI2_OBJECT_MATCH.tsv	f68v2	A	UNMATCHED	AI2	C_OBJ_0507	RIGHT_ONLY		HOBJ_f68v2_251A312B105E	UNMATCHED
STAR	research/astro_spatial_annotation_ai_b2/A_AI2_OBJECT_MATCH.tsv	f68v2	A	UNMATCHED	AI2	C_OBJ_0508	RIGHT_ONLY		HOBJ_f68v2_BB97D45F1FC5	UNMATCHED
STAR	research/astro_spatial_annotation_ai_b2/A_AI2_OBJECT_MATCH.tsv	f68v2	A	UNMATCHED	AI2	C_OBJ_0509	RIGHT_ONLY		HOBJ_f68v2_A9E3FF37EB6A	UNMATCHED
STAR	research/astro_spatial_annotation_ai_b2/A_AI2_OBJECT_MATCH.tsv	f68v2	A	UNMATCHED	AI2	C_OBJ_0510	RIGHT_ONLY		HOBJ_f68v2_0A8B43E5DE75	UNMATCHED
STAR	research/astro_spatial_annotation_ai_b2/A_AI2_OBJECT_MATCH.tsv	f68v2	A	UNMATCHED	AI2	C_OBJ_0511	RIGHT_ONLY		HOBJ_f68v2_9ED430901E00	UNMATCHED
STAR	research/astro_spatial_annotation_ai_b2/A_AI2_OBJECT_MATCH.tsv	f68v2	A	UNMATCHED	AI2	C_OBJ_0512	RIGHT_ONLY		HOBJ_f68v2_C68C536D1F65	UNMATCHED
STAR	research/astro_spatial_annotation_ai_b2/A_AI2_OBJECT_MATCH.tsv	f68v2	A	UNMATCHED	AI2	C_OBJ_0513	RIGHT_ONLY		HOBJ_f68v2_36FCBED07F1C	UNMATCHED
STAR	research/astro_spatial_annotation_ai_b2/A_AI2_OBJECT_MATCH.tsv	f68v2	A	UNMATCHED	AI2	C_OBJ_0514	RIGHT_ONLY		HOBJ_f68v2_111B4E5D0753	UNMATCHED
STAR	research/astro_spatial_annotation_ai_b2/A_AI2_OBJECT_MATCH.tsv	f68v2	A	UNMATCHED	AI2	C_OBJ_0515	RIGHT_ONLY		HOBJ_f68v2_194951A50D15	UNMATCHED
STAR	research/astro_spatial_annotation_ai_b2/A_AI2_OBJECT_MATCH.tsv	f68v2	A	UNMATCHED	AI2	C_OBJ_0516	RIGHT_ONLY		HOBJ_f68v2_8070891630D4	UNMATCHED
STAR	research/astro_spatial_annotation_ai_b2/A_AI2_OBJECT_MATCH.tsv	f68v2	A	UNMATCHED	AI2	C_OBJ_0517	RIGHT_ONLY		HOBJ_f68v2_B4770B5E4E2F	UNMATCHED
STAR	research/astro_spatial_annotation_ai_b2/A_AI2_OBJECT_MATCH.tsv	f68v2	A	UNMATCHED	AI2	C_OBJ_0518	RIGHT_ONLY		HOBJ_f68v2_C3849A08C04B	UNMATCHED
STAR	research/astro_spatial_annotation_ai_b2/A_AI2_OBJECT_MATCH.tsv	f68v2	A	UNMATCHED	AI2	C_OBJ_0519	RIGHT_ONLY		HOBJ_f68v2_D4C5FF0B68AA	UNMATCHED
STAR	research/astro_spatial_annotation_ai_b2/A_AI2_OBJECT_MATCH.tsv	f68v2	A	UNMATCHED	AI2	C_OBJ_0520	RIGHT_ONLY		HOBJ_f68v2_F2C3C76B6F27	UNMATCHED
STAR	research/astro_spatial_annotation_ai_b2/A_AI2_OBJECT_MATCH.tsv	f68v2	A	UNMATCHED	AI2	C_OBJ_0521	RIGHT_ONLY		HOBJ_f68v2_29FA8B1EF0D8	UNMATCHED
STAR	research/astro_spatial_annotation_ai_b2/A_AI2_OBJECT_MATCH.tsv	f68v2	A	UNMATCHED	AI2	C_OBJ_0522	RIGHT_ONLY		HOBJ_f68v2_17312F6AEDD9	UNMATCHED
STAR	research/astro_spatial_annotation_ai_b2/A_AI2_OBJECT_MATCH.tsv	f68v2	A	UNMATCHED	AI2	C_OBJ_0523	RIGHT_ONLY		HOBJ_f68v2_78BA16D62875	UNMATCHED
STAR	research/astro_spatial_annotation_ai_b2/A_AI2_OBJECT_MATCH.tsv	f68v2	A	UNMATCHED	AI2	C_OBJ_0524	RIGHT_ONLY		HOBJ_f68v2_81F99C6A0675	UNMATCHED
STAR	research/astro_spatial_annotation_ai_b2/A_AI2_OBJECT_MATCH.tsv	f68v2	A	UNMATCHED	AI2	C_OBJ_0525	RIGHT_ONLY		HOBJ_f68v2_E0FEE6F75C7B	UNMATCHED
STAR	research/astro_spatial_annotation_ai_b2/A_AI2_OBJECT_MATCH.tsv	f68v2	A	UNMATCHED	AI2	C_OBJ_0526	RIGHT_ONLY		HOBJ_f68v2_E5AD00B716EC	UNMATCHED
STAR	research/astro_spatial_annotation_ai_b2/A_AI2_OBJECT_MATCH.tsv	f68v2	A	UNMATCHED	AI2	C_OBJ_0527	RIGHT_ONLY		HOBJ_f68v2_CFCEE6A3EB1C	UNMATCHED
STAR	research/astro_spatial_annotation_ai_b2/A_AI2_OBJECT_MATCH.tsv	f68v2	A	UNMATCHED	AI2	C_OBJ_0528	RIGHT_ONLY		HOBJ_f68v2_73421669AE05	UNMATCHED
STAR	research/astro_spatial_annotation_ai_b2/A_AI2_OBJECT_MATCH.tsv	f68v2	A	UNMATCHED	AI2	C_OBJ_0529	RIGHT_ONLY		HOBJ_f68v2_82E444D0A5C1	UNMATCHED
STAR	research/astro_spatial_annotation_ai_b2/A_AI2_OBJECT_MATCH.tsv	f68v2	A	UNMATCHED	AI2	C_OBJ_0530	RIGHT_ONLY		HOBJ_f68v2_CB8813DD0791	UNMATCHED
STAR	research/astro_spatial_annotation_ai_b2/A_AI2_OBJECT_MATCH.tsv	f68v2	A	UNMATCHED	AI2	C_OBJ_0531	RIGHT_ONLY		HOBJ_f68v2_4B5C1AA33871	UNMATCHED
STAR	research/astro_spatial_annotation_ai_b2/A_AI2_OBJECT_MATCH.tsv	f68v2	A	UNMATCHED	AI2	C_OBJ_0532	RIGHT_ONLY		HOBJ_f68v2_52EE4A2AEB89	UNMATCHED
STAR	research/astro_spatial_annotation_ai_b2/A_AI2_OBJECT_MATCH.tsv	f68v2	A	UNMATCHED	AI2	C_OBJ_0533	RIGHT_ONLY		HOBJ_f68v2_83517E253083	UNMATCHED
STAR	research/astro_spatial_annotation_ai_b2/A_AI2_OBJECT_MATCH.tsv	f68v2	A	UNMATCHED	AI2	C_OBJ_0534	RIGHT_ONLY		HOBJ_f68v2_AE054522889B	UNMATCHED
STAR	research/astro_spatial_annotation_ai_b2/A_AI2_OBJECT_MATCH.tsv	f68v2	A	UNMATCHED	AI2	C_OBJ_0535	RIGHT_ONLY		HOBJ_f68v2_22269AE593C5	UNMATCHED
STAR	research/astro_spatial_annotation_ai_b2/A_AI2_OBJECT_MATCH.tsv	f68v2	A	UNMATCHED	AI2	C_OBJ_0536	RIGHT_ONLY		HOBJ_f68v2_BC1A51B537EC	UNMATCHED
STAR	research/astro_spatial_annotation_ai_b2/A_AI2_OBJECT_MATCH.tsv	f68v2	A	UNMATCHED	AI2	C_OBJ_0537	RIGHT_ONLY		HOBJ_f68v2_D0AB318AB28D	UNMATCHED
STAR	research/astro_spatial_annotation_ai_b2/A_AI2_OBJECT_MATCH.tsv	f68v2	A	UNMATCHED	AI2	C_OBJ_0538	RIGHT_ONLY		HOBJ_f68v2_F8E82AAFF9A7	UNMATCHED
STAR	research/astro_spatial_annotation_ai_b2/A_AI2_OBJECT_MATCH.tsv	f68v2	A	UNMATCHED	AI2	C_OBJ_0539	RIGHT_ONLY		HOBJ_f68v2_53AE9503F68F	UNMATCHED
STAR	research/astro_spatial_annotation_ai_b2/A_AI2_OBJECT_MATCH.tsv	f68v2	A	UNMATCHED	AI2	C_OBJ_0540	RIGHT_ONLY		HOBJ_f68v2_D8A0EB2D2B93	UNMATCHED
STAR	research/astro_spatial_annotation_ai_b2/A_AI2_OBJECT_MATCH.tsv	f68v2	A	UNMATCHED	AI2	C_OBJ_0541	RIGHT_ONLY		HOBJ_f68v2_BB3ED5603217	UNMATCHED
STAR	research/astro_spatial_annotation_ai_b2/A_AI2_OBJECT_MATCH.tsv	f68v2	A	UNMATCHED	AI2	C_OBJ_0542	RIGHT_ONLY		HOBJ_f68v2_FD096E5FA6A1	UNMATCHED
STAR	research/astro_spatial_annotation_ai_b2/A_AI2_OBJECT_MATCH.tsv	f68v2	A	UNMATCHED	AI2	C_OBJ_0543	RIGHT_ONLY		HOBJ_f68v2_3C729C2E8433	UNMATCHED
STAR	research/astro_spatial_annotation_ai_b2/A_AI2_OBJECT_MATCH.tsv	f68v2	A	UNMATCHED	AI2	C_OBJ_0544	RIGHT_ONLY		HOBJ_f68v2_3FBF102801E6	UNMATCHED
STAR	research/astro_spatial_annotation_ai_b2/AI1_AI2_OBJECT_MATCH.tsv	f67r1	AI1	B_OBJ_0001	AI2	C_OBJ_0001	MATCHED	HOBJ_f67r1_40D47C1A55BC	HOBJ_f67r1_40D47C1A55BC	SAME_CANDIDATE
STAR	research/astro_spatial_annotation_ai_b2/AI1_AI2_OBJECT_MATCH.tsv	f67r1	AI1	B_OBJ_0002	AI2	C_OBJ_0003	MATCHED	HOBJ_f67r1_F78721219FB8	HOBJ_f67r1_F78721219FB8	SAME_CANDIDATE
STAR	research/astro_spatial_annotation_ai_b2/AI1_AI2_OBJECT_MATCH.tsv	f67r1	AI1	B_OBJ_0003	AI2	C_OBJ_0004	MATCHED	HOBJ_f67r1_E0F4EBEE8047	HOBJ_f67r1_E0F4EBEE8047	SAME_CANDIDATE
STAR	research/astro_spatial_annotation_ai_b2/AI1_AI2_OBJECT_MATCH.tsv	f67r1	AI1	B_OBJ_0004	AI2	C_OBJ_0005	MATCHED	HOBJ_f67r1_13BD9913D482	HOBJ_f67r1_C9AFEC3DCF28	CONSTRAINED_EDGE_NOT_JOINED
STAR	research/astro_spatial_annotation_ai_b2/AI1_AI2_OBJECT_MATCH.tsv	f67r1	AI1	B_OBJ_0005	AI2	C_OBJ_0006	MATCHED	HOBJ_f67r1_C9AFEC3DCF28	HOBJ_f67r1_D54B1B712ACC	CONSTRAINED_EDGE_NOT_JOINED
STAR	research/astro_spatial_annotation_ai_b2/AI1_AI2_OBJECT_MATCH.tsv	f67r1	AI1	B_OBJ_0006	AI2	C_OBJ_0009	MATCHED	HOBJ_f67r1_A2A2AF6DAA64	HOBJ_f67r1_A2A2AF6DAA64	SAME_CANDIDATE
STAR	research/astro_spatial_annotation_ai_b2/AI1_AI2_OBJECT_MATCH.tsv	f67r1	AI1	B_OBJ_0007	AI2	UNMATCHED	LEFT_ONLY	HOBJ_f67r1_69FC2C5BB7BC		UNMATCHED
STAR	research/astro_spatial_annotation_ai_b2/AI1_AI2_OBJECT_MATCH.tsv	f67r1	AI1	B_OBJ_0008	AI2	C_OBJ_0079	MATCHED	HOBJ_f67r1_553594B2F394	HOBJ_f67r1_553594B2F394	SAME_CANDIDATE
STAR	research/astro_spatial_annotation_ai_b2/AI1_AI2_OBJECT_MATCH.tsv	f67r1	AI1	B_OBJ_0009	AI2	C_OBJ_0012	MATCHED	HOBJ_f67r1_CC081E1C59E4	HOBJ_f67r1_CC081E1C59E4	SAME_CANDIDATE
STAR	research/astro_spatial_annotation_ai_b2/AI1_AI2_OBJECT_MATCH.tsv	f67r1	AI1	B_OBJ_0010	AI2	UNMATCHED	LEFT_ONLY	HOBJ_f67r1_56C57410A324		UNMATCHED
STAR	research/astro_spatial_annotation_ai_b2/AI1_AI2_OBJECT_MATCH.tsv	f67r1	AI1	B_OBJ_0011	AI2	UNMATCHED	LEFT_ONLY	HOBJ_f67r1_3E5BC4703DD2		UNMATCHED
STAR	research/astro_spatial_annotation_ai_b2/AI1_AI2_OBJECT_MATCH.tsv	f67r1	AI1	B_OBJ_0012	AI2	UNMATCHED	LEFT_ONLY	HOBJ_f67r1_CD1F223543C1		UNMATCHED
STAR	research/astro_spatial_annotation_ai_b2/AI1_AI2_OBJECT_MATCH.tsv	f67r1	AI1	B_OBJ_0013	AI2	UNMATCHED	LEFT_ONLY	HOBJ_f67r1_A0C66555C1D8		UNMATCHED
STAR	research/astro_spatial_annotation_ai_b2/AI1_AI2_OBJECT_MATCH.tsv	f67r1	AI1	B_OBJ_0014	AI2	UNMATCHED	LEFT_ONLY	HOBJ_f67r1_EBD0E13EF357		UNMATCHED
STAR	research/astro_spatial_annotation_ai_b2/AI1_AI2_OBJECT_MATCH.tsv	f67r1	AI1	B_OBJ_0015	AI2	C_OBJ_0013	MATCHED	HOBJ_f67r1_96EEBEABA083	HOBJ_f67r1_96EEBEABA083	SAME_CANDIDATE
STAR	research/astro_spatial_annotation_ai_b2/AI1_AI2_OBJECT_MATCH.tsv	f67r1	AI1	B_OBJ_0016	AI2	UNMATCHED	LEFT_ONLY	HOBJ_f67r1_AC38EEB0DC48		UNMATCHED
STAR	research/astro_spatial_annotation_ai_b2/AI1_AI2_OBJECT_MATCH.tsv	f67r1	AI1	B_OBJ_0017	AI2	UNMATCHED	LEFT_ONLY	HOBJ_f67r1_84A8BFC8BB72		UNMATCHED
STAR	research/astro_spatial_annotation_ai_b2/AI1_AI2_OBJECT_MATCH.tsv	f67r1	AI1	B_OBJ_0018	AI2	C_OBJ_0016	MATCHED	HOBJ_f67r1_9D8B4976F430	HOBJ_f67r1_9D8B4976F430	SAME_CANDIDATE
STAR	research/astro_spatial_annotation_ai_b2/AI1_AI2_OBJECT_MATCH.tsv	f67r1	AI1	B_OBJ_0019	AI2	C_OBJ_0017	MATCHED	HOBJ_f67r1_49FCFE816A78	HOBJ_f67r1_49FCFE816A78	SAME_CANDIDATE
STAR	research/astro_spatial_annotation_ai_b2/AI1_AI2_OBJECT_MATCH.tsv	f67r1	AI1	B_OBJ_0020	AI2	UNMATCHED	LEFT_ONLY	HOBJ_f67r1_6500A2E853A0		UNMATCHED
STAR	research/astro_spatial_annotation_ai_b2/AI1_AI2_OBJECT_MATCH.tsv	f67r1	AI1	B_OBJ_0021	AI2	C_OBJ_0061	MATCHED	HOBJ_f67r1_D42499A23E8A	HOBJ_f67r1_D42499A23E8A	SAME_CANDIDATE
STAR	research/astro_spatial_annotation_ai_b2/AI1_AI2_OBJECT_MATCH.tsv	f67r1	AI1	B_OBJ_0022	AI2	UNMATCHED	LEFT_ONLY	HOBJ_f67r1_B0C78935554C		UNMATCHED
STAR	research/astro_spatial_annotation_ai_b2/AI1_AI2_OBJECT_MATCH.tsv	f67r1	AI1	B_OBJ_0023	AI2	C_OBJ_0020	MATCHED	HOBJ_f67r1_2A3B6A866E12	HOBJ_f67r1_2A3B6A866E12	SAME_CANDIDATE
STAR	research/astro_spatial_annotation_ai_b2/AI1_AI2_OBJECT_MATCH.tsv	f67r1	AI1	B_OBJ_0024	AI2	UNMATCHED	LEFT_ONLY	HOBJ_f67r1_8235F3FE96A7		UNMATCHED
STAR	research/astro_spatial_annotation_ai_b2/AI1_AI2_OBJECT_MATCH.tsv	f67r1	AI1	B_OBJ_0025	AI2	UNMATCHED	LEFT_ONLY	HOBJ_f67r1_20DA880BE712		UNMATCHED
STAR	research/astro_spatial_annotation_ai_b2/AI1_AI2_OBJECT_MATCH.tsv	f67r1	AI1	B_OBJ_0026	AI2	UNMATCHED	LEFT_ONLY	HOBJ_f67r1_A1A5F65E4351		UNMATCHED
STAR	research/astro_spatial_annotation_ai_b2/AI1_AI2_OBJECT_MATCH.tsv	f67r1	AI1	B_OBJ_0027	AI2	C_OBJ_0024	MATCHED	HOBJ_f67r1_1BA481D999DF	HOBJ_f67r1_1BA481D999DF	SAME_CANDIDATE
STAR	research/astro_spatial_annotation_ai_b2/AI1_AI2_OBJECT_MATCH.tsv	f67r1	AI1	B_OBJ_0028	AI2	UNMATCHED	LEFT_ONLY	HOBJ_f67r1_DEBECB10BC06		UNMATCHED
STAR	research/astro_spatial_annotation_ai_b2/AI1_AI2_OBJECT_MATCH.tsv	f67r1	AI1	B_OBJ_0029	AI2	UNMATCHED	LEFT_ONLY	HOBJ_f67r1_2878B776CDBD		UNMATCHED
STAR	research/astro_spatial_annotation_ai_b2/AI1_AI2_OBJECT_MATCH.tsv	f67r1	AI1	B_OBJ_0030	AI2	C_OBJ_0066	MATCHED	HOBJ_f67r1_7CAE8C190BE7	HOBJ_f67r1_7CAE8C190BE7	SAME_CANDIDATE
STAR	research/astro_spatial_annotation_ai_b2/AI1_AI2_OBJECT_MATCH.tsv	f67r1	AI1	B_OBJ_0031	AI2	UNMATCHED	LEFT_ONLY	HOBJ_f67r1_B10342155525		UNMATCHED
STAR	research/astro_spatial_annotation_ai_b2/AI1_AI2_OBJECT_MATCH.tsv	f67r1	AI1	B_OBJ_0032	AI2	C_OBJ_0028	MATCHED	HOBJ_f67r1_8DCC5D71E9CE	HOBJ_f67r1_8DCC5D71E9CE	SAME_CANDIDATE
STAR	research/astro_spatial_annotation_ai_b2/AI1_AI2_OBJECT_MATCH.tsv	f67r1	AI1	B_OBJ_0033	AI2	UNMATCHED	LEFT_ONLY	HOBJ_f67r1_554CD9141BDA		UNMATCHED
STAR	research/astro_spatial_annotation_ai_b2/AI1_AI2_OBJECT_MATCH.tsv	f67r1	AI1	B_OBJ_0034	AI2	C_OBJ_0067	MATCHED	HOBJ_f67r1_630A71635FED	HOBJ_f67r1_630A71635FED	SAME_CANDIDATE
STAR	research/astro_spatial_annotation_ai_b2/AI1_AI2_OBJECT_MATCH.tsv	f67r1	AI1	B_OBJ_0035	AI2	UNMATCHED	LEFT_ONLY	HOBJ_f67r1_6F0309FCB9DE		UNMATCHED
STAR	research/astro_spatial_annotation_ai_b2/AI1_AI2_OBJECT_MATCH.tsv	f67r1	AI1	B_OBJ_0036	AI2	C_OBJ_0029	MATCHED	HOBJ_f67r1_FD90ACBABA31	HOBJ_f67r1_FD90ACBABA31	SAME_CANDIDATE
STAR	research/astro_spatial_annotation_ai_b2/AI1_AI2_OBJECT_MATCH.tsv	f67r1	AI1	B_OBJ_0037	AI2	UNMATCHED	LEFT_ONLY	HOBJ_f67r1_81A9947A6E1A		UNMATCHED
STAR	research/astro_spatial_annotation_ai_b2/AI1_AI2_OBJECT_MATCH.tsv	f67r1	AI1	B_OBJ_0038	AI2	UNMATCHED	LEFT_ONLY	HOBJ_f67r1_4D1D9F994B03		UNMATCHED
STAR	research/astro_spatial_annotation_ai_b2/AI1_AI2_OBJECT_MATCH.tsv	f67r1	AI1	B_OBJ_0039	AI2	UNMATCHED	LEFT_ONLY	HOBJ_f67r1_996229B91F5D		UNMATCHED
STAR	research/astro_spatial_annotation_ai_b2/AI1_AI2_OBJECT_MATCH.tsv	f67r1	AI1	B_OBJ_0040	AI2	UNMATCHED	LEFT_ONLY	HOBJ_f67r1_D4136063447A		UNMATCHED
STAR	research/astro_spatial_annotation_ai_b2/AI1_AI2_OBJECT_MATCH.tsv	f67r1	AI1	B_OBJ_0041	AI2	UNMATCHED	LEFT_ONLY	HOBJ_f67r1_6AAC2A486CA2		UNMATCHED
STAR	research/astro_spatial_annotation_ai_b2/AI1_AI2_OBJECT_MATCH.tsv	f67r1	AI1	B_OBJ_0042	AI2	UNMATCHED	LEFT_ONLY	HOBJ_f67r1_F51A2B4019A0		UNMATCHED
STAR	research/astro_spatial_annotation_ai_b2/AI1_AI2_OBJECT_MATCH.tsv	f67r1	AI1	B_OBJ_0043	AI2	UNMATCHED	LEFT_ONLY	HOBJ_f67r1_24B78874A482		UNMATCHED
STAR	research/astro_spatial_annotation_ai_b2/AI1_AI2_OBJECT_MATCH.tsv	f67r1	AI1	B_OBJ_0044	AI2	UNMATCHED	LEFT_ONLY	HOBJ_f67r1_DCA8096E068A		UNMATCHED
STAR	research/astro_spatial_annotation_ai_b2/AI1_AI2_OBJECT_MATCH.tsv	f67r1	AI1	B_OBJ_0045	AI2	UNMATCHED	LEFT_ONLY	HOBJ_f67r1_3A03302B27B5		UNMATCHED
STAR	research/astro_spatial_annotation_ai_b2/AI1_AI2_OBJECT_MATCH.tsv	f67r1	AI1	B_OBJ_0046	AI2	C_OBJ_0074	MATCHED	HOBJ_f67r1_5DAB6BC8BF34	HOBJ_f67r1_5DAB6BC8BF34	SAME_CANDIDATE
STAR	research/astro_spatial_annotation_ai_b2/AI1_AI2_OBJECT_MATCH.tsv	f67r1	AI1	B_OBJ_0047	AI2	C_OBJ_0019	MATCHED	HOBJ_f67r1_6CF37C9416E0	HOBJ_f67r1_6CF37C9416E0	SAME_CANDIDATE
STAR	research/astro_spatial_annotation_ai_b2/AI1_AI2_OBJECT_MATCH.tsv	f67r1	AI1	B_OBJ_0048	AI2	C_OBJ_0018	MATCHED	HOBJ_f67r1_036F86641403	HOBJ_f67r1_036F86641403	SAME_CANDIDATE
STAR	research/astro_spatial_annotation_ai_b2/AI1_AI2_OBJECT_MATCH.tsv	f67r1	AI1	B_OBJ_0049	AI2	UNMATCHED	LEFT_ONLY	HOBJ_f67r1_C6D9B9E74526		UNMATCHED
STAR	research/astro_spatial_annotation_ai_b2/AI1_AI2_OBJECT_MATCH.tsv	f67r1	AI1	B_OBJ_0050	AI2	UNMATCHED	LEFT_ONLY	HOBJ_f67r1_A562D5BBD6F2		UNMATCHED
STAR	research/astro_spatial_annotation_ai_b2/AI1_AI2_OBJECT_MATCH.tsv	f67r1	AI1	B_OBJ_0051	AI2	C_OBJ_0015	MATCHED	HOBJ_f67r1_07E73CE2EF52	HOBJ_f67r1_07E73CE2EF52	SAME_CANDIDATE
STAR	research/astro_spatial_annotation_ai_b2/AI1_AI2_OBJECT_MATCH.tsv	f67r1	AI1	B_OBJ_0052	AI2	C_OBJ_0014	MATCHED	HOBJ_f67r1_D09F6FE713B0	HOBJ_f67r1_D09F6FE713B0	SAME_CANDIDATE
STAR	research/astro_spatial_annotation_ai_b2/AI1_AI2_OBJECT_MATCH.tsv	f67r1	AI1	B_OBJ_0053	AI2	UNMATCHED	LEFT_ONLY	HOBJ_f67r1_71689D175C0B		UNMATCHED
STAR	research/astro_spatial_annotation_ai_b2/AI1_AI2_OBJECT_MATCH.tsv	f67r1	AI1	B_OBJ_0054	AI2	UNMATCHED	LEFT_ONLY	HOBJ_f67r1_8647B7C4BA0E		UNMATCHED
STAR	research/astro_spatial_annotation_ai_b2/AI1_AI2_OBJECT_MATCH.tsv	f67r1	AI1	B_OBJ_0055	AI2	UNMATCHED	LEFT_ONLY	HOBJ_f67r1_115A1C27C966		UNMATCHED
STAR	research/astro_spatial_annotation_ai_b2/AI1_AI2_OBJECT_MATCH.tsv	f67r1	AI1	B_OBJ_0056	AI2	C_OBJ_0011	MATCHED	HOBJ_f67r1_3C48B2BAAA37	HOBJ_f67r1_3C48B2BAAA37	SAME_CANDIDATE
STAR	research/astro_spatial_annotation_ai_b2/AI1_AI2_OBJECT_MATCH.tsv	f67r1	AI1	B_OBJ_0057	AI2	UNMATCHED	LEFT_ONLY	HOBJ_f67r1_96F1B62EBF33		UNMATCHED
STAR	research/astro_spatial_annotation_ai_b2/AI1_AI2_OBJECT_MATCH.tsv	f67r2	AI1	B_OBJ_0058	AI2	C_OBJ_0082	MATCHED	HOBJ_f67r2_1404575139CD	HOBJ_f67r2_1404575139CD	SAME_CANDIDATE
STAR	research/astro_spatial_annotation_ai_b2/AI1_AI2_OBJECT_MATCH.tsv	f67r2	AI1	B_OBJ_0059	AI2	C_OBJ_0097	MATCHED	HOBJ_f67r2_68346848A238	HOBJ_f67r2_9B3EF77F257A	CONSTRAINED_EDGE_NOT_JOINED
STAR	research/astro_spatial_annotation_ai_b2/AI1_AI2_OBJECT_MATCH.tsv	f67r2	AI1	B_OBJ_0060	AI2	C_OBJ_0098	MATCHED	HOBJ_f67r2_81DBD638D1CC	HOBJ_f67r2_81DBD638D1CC	SAME_CANDIDATE
STAR	research/astro_spatial_annotation_ai_b2/AI1_AI2_OBJECT_MATCH.tsv	f67r2	AI1	B_OBJ_0061	AI2	UNMATCHED	LEFT_ONLY	HOBJ_f67r2_9B3EF77F257A		UNMATCHED
STAR	research/astro_spatial_annotation_ai_b2/AI1_AI2_OBJECT_MATCH.tsv	f67r2	AI1	B_OBJ_0062	AI2	C_OBJ_0123	MATCHED	HOBJ_f67r2_4E6D8BD30872	HOBJ_f67r2_4E6D8BD30872	SAME_CANDIDATE
STAR	research/astro_spatial_annotation_ai_b2/AI1_AI2_OBJECT_MATCH.tsv	f67r2	AI1	B_OBJ_0063	AI2	C_OBJ_0102	MATCHED	HOBJ_f67r2_0AF154273EE7	HOBJ_f67r2_0AF154273EE7	SAME_CANDIDATE
STAR	research/astro_spatial_annotation_ai_b2/AI1_AI2_OBJECT_MATCH.tsv	f67r2	AI1	B_OBJ_0064	AI2	C_OBJ_0113	MATCHED	HOBJ_f67r2_0575CEC53770	HOBJ_f67r2_0575CEC53770	SAME_CANDIDATE
STAR	research/astro_spatial_annotation_ai_b2/AI1_AI2_OBJECT_MATCH.tsv	f67r2	AI1	B_OBJ_0065	AI2	C_OBJ_0086	MATCHED	HOBJ_f67r2_91A082011B50	HOBJ_f67r2_91A082011B50	SAME_CANDIDATE
STAR	research/astro_spatial_annotation_ai_b2/AI1_AI2_OBJECT_MATCH.tsv	f67r2	AI1	B_OBJ_0066	AI2	C_OBJ_0103	MATCHED	HOBJ_f67r2_53590876C155	HOBJ_f67r2_53590876C155	SAME_CANDIDATE
STAR	research/astro_spatial_annotation_ai_b2/AI1_AI2_OBJECT_MATCH.tsv	f67r2	AI1	B_OBJ_0067	AI2	C_OBJ_0114	MATCHED	HOBJ_f67r2_341D858FE99C	HOBJ_f67r2_341D858FE99C	SAME_CANDIDATE
STAR	research/astro_spatial_annotation_ai_b2/AI1_AI2_OBJECT_MATCH.tsv	f67r2	AI1	B_OBJ_0068	AI2	C_OBJ_0087	MATCHED	HOBJ_f67r2_07D9D2E6AE81	HOBJ_f67r2_07D9D2E6AE81	SAME_CANDIDATE
STAR	research/astro_spatial_annotation_ai_b2/AI1_AI2_OBJECT_MATCH.tsv	f67r2	AI1	B_OBJ_0069	AI2	C_OBJ_0104	MATCHED	HOBJ_f67r2_8CCC088B5295	HOBJ_f67r2_8CCC088B5295	SAME_CANDIDATE
STAR	research/astro_spatial_annotation_ai_b2/AI1_AI2_OBJECT_MATCH.tsv	f67r2	AI1	B_OBJ_0070	AI2	C_OBJ_0116	MATCHED	HOBJ_f67r2_D1B3FBD4A7C2	HOBJ_f67r2_D1B3FBD4A7C2	SAME_CANDIDATE
STAR	research/astro_spatial_annotation_ai_b2/AI1_AI2_OBJECT_MATCH.tsv	f67r2	AI1	B_OBJ_0071	AI2	C_OBJ_0088	MATCHED	HOBJ_f67r2_A25825BF26B9	HOBJ_f67r2_A25825BF26B9	SAME_CANDIDATE
STAR	research/astro_spatial_annotation_ai_b2/AI1_AI2_OBJECT_MATCH.tsv	f67r2	AI1	B_OBJ_0072	AI2	UNMATCHED	LEFT_ONLY	HOBJ_f67r2_87310EE4A9E9		UNMATCHED
STAR	research/astro_spatial_annotation_ai_b2/AI1_AI2_OBJECT_MATCH.tsv	f67r2	AI1	B_OBJ_0073	AI2	C_OBJ_0117	MATCHED	HOBJ_f67r2_E458A9E468DA	HOBJ_f67r2_E458A9E468DA	SAME_CANDIDATE
STAR	research/astro_spatial_annotation_ai_b2/AI1_AI2_OBJECT_MATCH.tsv	f67r2	AI1	B_OBJ_0074	AI2	C_OBJ_0089	MATCHED	HOBJ_f67r2_629B4AEA69B3	HOBJ_f67r2_629B4AEA69B3	SAME_CANDIDATE
STAR	research/astro_spatial_annotation_ai_b2/AI1_AI2_OBJECT_MATCH.tsv	f67r2	AI1	B_OBJ_0075	AI2	C_OBJ_0106	MATCHED	HOBJ_f67r2_42F5A6C885AC	HOBJ_f67r2_42F5A6C885AC	SAME_CANDIDATE
STAR	research/astro_spatial_annotation_ai_b2/AI1_AI2_OBJECT_MATCH.tsv	f67r2	AI1	B_OBJ_0076	AI2	C_OBJ_0118	MATCHED	HOBJ_f67r2_C4A28C5F16CA	HOBJ_f67r2_C4A28C5F16CA	SAME_CANDIDATE
STAR	research/astro_spatial_annotation_ai_b2/AI1_AI2_OBJECT_MATCH.tsv	f67r2	AI1	B_OBJ_0077	AI2	UNMATCHED	LEFT_ONLY	HOBJ_f67r2_8189CA017B66		UNMATCHED
STAR	research/astro_spatial_annotation_ai_b2/AI1_AI2_OBJECT_MATCH.tsv	f67r2	AI1	B_OBJ_0078	AI2	C_OBJ_0107	MATCHED	HOBJ_f67r2_CD9B2EE7079A	HOBJ_f67r2_CD9B2EE7079A	SAME_CANDIDATE
STAR	research/astro_spatial_annotation_ai_b2/AI1_AI2_OBJECT_MATCH.tsv	f67r2	AI1	B_OBJ_0079	AI2	C_OBJ_0119	MATCHED	HOBJ_f67r2_DA8A64C7750B	HOBJ_f67r2_DA8A64C7750B	SAME_CANDIDATE
STAR	research/astro_spatial_annotation_ai_b2/AI1_AI2_OBJECT_MATCH.tsv	f67r2	AI1	B_OBJ_0080	AI2	UNMATCHED	LEFT_ONLY	HOBJ_f67r2_3122AF269A06		UNMATCHED
STAR	research/astro_spatial_annotation_ai_b2/AI1_AI2_OBJECT_MATCH.tsv	f67r2	AI1	B_OBJ_0081	AI2	UNMATCHED	LEFT_ONLY	HOBJ_f67r2_0ECF2173DD18		UNMATCHED
STAR	research/astro_spatial_annotation_ai_b2/AI1_AI2_OBJECT_MATCH.tsv	f67r2	AI1	B_OBJ_0082	AI2	UNMATCHED	LEFT_ONLY	HOBJ_f67r2_645F800D2784		UNMATCHED
STAR	research/astro_spatial_annotation_ai_b2/AI1_AI2_OBJECT_MATCH.tsv	f67r2	AI1	B_OBJ_0083	AI2	UNMATCHED	LEFT_ONLY	HOBJ_f67r2_3A868B70A3B4		UNMATCHED
STAR	research/astro_spatial_annotation_ai_b2/AI1_AI2_OBJECT_MATCH.tsv	f67r2	AI1	B_OBJ_0084	AI2	UNMATCHED	LEFT_ONLY	HOBJ_f67r2_26EB996AA795		UNMATCHED
STAR	research/astro_spatial_annotation_ai_b2/AI1_AI2_OBJECT_MATCH.tsv	f67r2	AI1	B_OBJ_0085	AI2	C_OBJ_0120	MATCHED	HOBJ_f67r2_DA4E202621FA	HOBJ_f67r2_DA4E202621FA	SAME_CANDIDATE
STAR	research/astro_spatial_annotation_ai_b2/AI1_AI2_OBJECT_MATCH.tsv	f67r2	AI1	B_OBJ_0086	AI2	C_OBJ_0092	MATCHED	HOBJ_f67r2_4F59F5E1CAFA	HOBJ_f67r2_4F59F5E1CAFA	SAME_CANDIDATE
STAR	research/astro_spatial_annotation_ai_b2/AI1_AI2_OBJECT_MATCH.tsv	f67r2	AI1	B_OBJ_0087	AI2	C_OBJ_0109	MATCHED	HOBJ_f67r2_83451758DB3B	HOBJ_f67r2_83451758DB3B	SAME_CANDIDATE
STAR	research/astro_spatial_annotation_ai_b2/AI1_AI2_OBJECT_MATCH.tsv	f67r2	AI1	B_OBJ_0088	AI2	C_OBJ_0121	MATCHED	HOBJ_f67r2_7285349570FE	HOBJ_f67r2_7285349570FE	SAME_CANDIDATE
STAR	research/astro_spatial_annotation_ai_b2/AI1_AI2_OBJECT_MATCH.tsv	f67r2	AI1	B_OBJ_0089	AI2	C_OBJ_0093	MATCHED	HOBJ_f67r2_A1F52AF2D0B7	HOBJ_f67r2_A1F52AF2D0B7	SAME_CANDIDATE
STAR	research/astro_spatial_annotation_ai_b2/AI1_AI2_OBJECT_MATCH.tsv	f67r2	AI1	B_OBJ_0090	AI2	UNMATCHED	LEFT_ONLY	HOBJ_f67r2_30D3A0EC996E		UNMATCHED
STAR	research/astro_spatial_annotation_ai_b2/AI1_AI2_OBJECT_MATCH.tsv	f67r2	AI1	B_OBJ_0091	AI2	C_OBJ_0122	MATCHED	HOBJ_f67r2_518905849B66	HOBJ_f67r2_518905849B66	SAME_CANDIDATE
STAR	research/astro_spatial_annotation_ai_b2/AI1_AI2_OBJECT_MATCH.tsv	f67r2	AI1	B_OBJ_0092	AI2	UNMATCHED	LEFT_ONLY	HOBJ_f67r2_E0EBB4BC49B3		UNMATCHED
STAR	research/astro_spatial_annotation_ai_b2/AI1_AI2_OBJECT_MATCH.tsv	f67r2	AI1	B_OBJ_0093	AI2	UNMATCHED	LEFT_ONLY	HOBJ_f67r2_7E41463EEBEB		UNMATCHED
STAR	research/astro_spatial_annotation_ai_b2/AI1_AI2_OBJECT_MATCH.tsv	f67r2	AI1	B_OBJ_0094	AI2	C_OBJ_0111	MATCHED	HOBJ_f67r2_3DFE0882998B	HOBJ_f67r2_3DFE0882998B	SAME_CANDIDATE
STAR	research/astro_spatial_annotation_ai_b2/AI1_AI2_OBJECT_MATCH.tsv	f67r2	AI1	B_OBJ_0095	AI2	UNMATCHED	LEFT_ONLY	HOBJ_f67r2_5721B0D3BC95		UNMATCHED
STAR	research/astro_spatial_annotation_ai_b2/AI1_AI2_OBJECT_MATCH.tsv	f67r2	AI1	B_OBJ_0096	AI2	UNMATCHED	LEFT_ONLY	HOBJ_f67r2_966245937DC8		UNMATCHED
STAR	research/astro_spatial_annotation_ai_b2/AI1_AI2_OBJECT_MATCH.tsv	f67r2	AI1	B_OBJ_0097	AI2	C_OBJ_0112	MATCHED	HOBJ_f67r2_E77B9A24DB30	HOBJ_f67r2_E77B9A24DB30	SAME_CANDIDATE
STAR	research/astro_spatial_annotation_ai_b2/AI1_AI2_OBJECT_MATCH.tsv	f67r2	AI1	B_OBJ_0098	AI2	UNMATCHED	LEFT_ONLY	HOBJ_f67r2_369E7919072B		UNMATCHED
STAR	research/astro_spatial_annotation_ai_b2/AI1_AI2_OBJECT_MATCH.tsv	f67v1	AI1	B_OBJ_0099	AI2	C_OBJ_0127	MATCHED	HOBJ_f67v1_DBFC2F9FC644	HOBJ_f67v1_DBFC2F9FC644	SAME_CANDIDATE
STAR	research/astro_spatial_annotation_ai_b2/AI1_AI2_OBJECT_MATCH.tsv	f67v1	AI1	B_OBJ_0100	AI2	C_OBJ_0173	MATCHED	HOBJ_f67v1_E0B922234AA9	HOBJ_f67v1_5E4C087F0043	CONSTRAINED_EDGE_NOT_JOINED
STAR	research/astro_spatial_annotation_ai_b2/AI1_AI2_OBJECT_MATCH.tsv	f67v1	AI1	B_OBJ_0101	AI2	UNMATCHED	LEFT_ONLY	HOBJ_f67v1_5E4C087F0043		UNMATCHED
STAR	research/astro_spatial_annotation_ai_b2/AI1_AI2_OBJECT_MATCH.tsv	f67v1	AI1	B_OBJ_0102	AI2	C_OBJ_0172	MATCHED	HOBJ_f67v1_AA3584CFE59C	HOBJ_f67v1_AA3584CFE59C	SAME_CANDIDATE
STAR	research/astro_spatial_annotation_ai_b2/AI1_AI2_OBJECT_MATCH.tsv	f67v1	AI1	B_OBJ_0103	AI2	UNMATCHED	LEFT_ONLY	HOBJ_f67v1_7B56AFE5E39F		UNMATCHED
STAR	research/astro_spatial_annotation_ai_b2/AI1_AI2_OBJECT_MATCH.tsv	f67v1	AI1	B_OBJ_0104	AI2	UNMATCHED	LEFT_ONLY	HOBJ_f67v1_08FE99C623DC		UNMATCHED
STAR	research/astro_spatial_annotation_ai_b2/AI1_AI2_OBJECT_MATCH.tsv	f67v1	AI1	B_OBJ_0105	AI2	C_OBJ_0141	MATCHED	HOBJ_f67v1_AA1E7FC2C4C8	HOBJ_f67v1_AA1E7FC2C4C8	SAME_CANDIDATE
STAR	research/astro_spatial_annotation_ai_b2/AI1_AI2_OBJECT_MATCH.tsv	f67v1	AI1	B_OBJ_0106	AI2	UNMATCHED	LEFT_ONLY	HOBJ_f67v1_F9ED4AD1B8FE		UNMATCHED
STAR	research/astro_spatial_annotation_ai_b2/AI1_AI2_OBJECT_MATCH.tsv	f67v1	AI1	B_OBJ_0107	AI2	UNMATCHED	LEFT_ONLY	HOBJ_f67v1_05F896F97CC3		UNMATCHED
STAR	research/astro_spatial_annotation_ai_b2/AI1_AI2_OBJECT_MATCH.tsv	f67v1	AI1	B_OBJ_0108	AI2	UNMATCHED	LEFT_ONLY	HOBJ_f67v1_8503F265AFAE		UNMATCHED
STAR	research/astro_spatial_annotation_ai_b2/AI1_AI2_OBJECT_MATCH.tsv	f67v1	AI1	B_OBJ_0109	AI2	UNMATCHED	LEFT_ONLY	HOBJ_f67v1_5FB2813D27A1		UNMATCHED
STAR	research/astro_spatial_annotation_ai_b2/AI1_AI2_OBJECT_MATCH.tsv	f67v1	AI1	B_OBJ_0110	AI2	C_OBJ_0142	MATCHED	HOBJ_f67v1_916253A661B1	HOBJ_f67v1_916253A661B1	SAME_CANDIDATE
STAR	research/astro_spatial_annotation_ai_b2/AI1_AI2_OBJECT_MATCH.tsv	f67v1	AI1	B_OBJ_0111	AI2	UNMATCHED	LEFT_ONLY	HOBJ_f67v1_2806B7A8AA3E		UNMATCHED
STAR	research/astro_spatial_annotation_ai_b2/AI1_AI2_OBJECT_MATCH.tsv	f67v1	AI1	B_OBJ_0112	AI2	C_OBJ_0147	MATCHED	HOBJ_f67v1_5D6BF38A6A48	HOBJ_f67v1_5D6BF38A6A48	SAME_CANDIDATE
STAR	research/astro_spatial_annotation_ai_b2/AI1_AI2_OBJECT_MATCH.tsv	f67v1	AI1	B_OBJ_0113	AI2	UNMATCHED	LEFT_ONLY	HOBJ_f67v1_B4E9495FF92A		UNMATCHED
STAR	research/astro_spatial_annotation_ai_b2/AI1_AI2_OBJECT_MATCH.tsv	f67v1	AI1	B_OBJ_0114	AI2	UNMATCHED	LEFT_ONLY	HOBJ_f67v1_BD6E3D5070A5		UNMATCHED
STAR	research/astro_spatial_annotation_ai_b2/AI1_AI2_OBJECT_MATCH.tsv	f67v1	AI1	B_OBJ_0115	AI2	C_OBJ_0143	MATCHED	HOBJ_f67v1_EE0A0CBAF8F3	HOBJ_f67v1_EE0A0CBAF8F3	SAME_CANDIDATE
STAR	research/astro_spatial_annotation_ai_b2/AI1_AI2_OBJECT_MATCH.tsv	f67v1	AI1	B_OBJ_0116	AI2	C_OBJ_0144	MATCHED	HOBJ_f67v1_44AB9691DD19	HOBJ_f67v1_44AB9691DD19	SAME_CANDIDATE
STAR	research/astro_spatial_annotation_ai_b2/AI1_AI2_OBJECT_MATCH.tsv	f67v1	AI1	B_OBJ_0117	AI2	C_OBJ_0148	MATCHED	HOBJ_f67v1_9A093E3D1600	HOBJ_f67v1_9A093E3D1600	SAME_CANDIDATE
STAR	research/astro_spatial_annotation_ai_b2/AI1_AI2_OBJECT_MATCH.tsv	f67v1	AI1	B_OBJ_0118	AI2	UNMATCHED	LEFT_ONLY	HOBJ_f67v1_DCAC88C1834C		UNMATCHED
STAR	research/astro_spatial_annotation_ai_b2/AI1_AI2_OBJECT_MATCH.tsv	f67v1	AI1	B_OBJ_0119	AI2	UNMATCHED	LEFT_ONLY	HOBJ_f67v1_BC7AFF5D384F		UNMATCHED
STAR	research/astro_spatial_annotation_ai_b2/AI1_AI2_OBJECT_MATCH.tsv	f67v1	AI1	B_OBJ_0120	AI2	UNMATCHED	LEFT_ONLY	HOBJ_f67v1_11189A856413		UNMATCHED
STAR	research/astro_spatial_annotation_ai_b2/AI1_AI2_OBJECT_MATCH.tsv	f67v1	AI1	B_OBJ_0121	AI2	UNMATCHED	LEFT_ONLY	HOBJ_f67v1_6AF8BAA22FE9		UNMATCHED
STAR	research/astro_spatial_annotation_ai_b2/AI1_AI2_OBJECT_MATCH.tsv	f67v1	AI1	B_OBJ_0122	AI2	C_OBJ_0149	MATCHED	HOBJ_f67v1_AA08894003EC	HOBJ_f67v1_AA08894003EC	SAME_CANDIDATE
STAR	research/astro_spatial_annotation_ai_b2/AI1_AI2_OBJECT_MATCH.tsv	f67v1	AI1	B_OBJ_0123	AI2	C_OBJ_0150	MATCHED	HOBJ_f67v1_0E3128789BCB	HOBJ_f67v1_0E3128789BCB	SAME_CANDIDATE
STAR	research/astro_spatial_annotation_ai_b2/AI1_AI2_OBJECT_MATCH.tsv	f67v1	AI1	B_OBJ_0124	AI2	UNMATCHED	LEFT_ONLY	HOBJ_f67v1_6E2D0774D4B7		UNMATCHED
STAR	research/astro_spatial_annotation_ai_b2/AI1_AI2_OBJECT_MATCH.tsv	f67v1	AI1	B_OBJ_0125	AI2	UNMATCHED	LEFT_ONLY	HOBJ_f67v1_4798B0494F66		UNMATCHED
STAR	research/astro_spatial_annotation_ai_b2/AI1_AI2_OBJECT_MATCH.tsv	f67v1	AI1	B_OBJ_0126	AI2	UNMATCHED	LEFT_ONLY	HOBJ_f67v1_0016FF28FFA0		UNMATCHED
STAR	research/astro_spatial_annotation_ai_b2/AI1_AI2_OBJECT_MATCH.tsv	f67v1	AI1	B_OBJ_0127	AI2	UNMATCHED	LEFT_ONLY	HOBJ_f67v1_16DCB52B072E		UNMATCHED
STAR	research/astro_spatial_annotation_ai_b2/AI1_AI2_OBJECT_MATCH.tsv	f67v1	AI1	B_OBJ_0128	AI2	UNMATCHED	LEFT_ONLY	HOBJ_f67v1_974482044615		UNMATCHED
STAR	research/astro_spatial_annotation_ai_b2/AI1_AI2_OBJECT_MATCH.tsv	f67v1	AI1	B_OBJ_0129	AI2	UNMATCHED	LEFT_ONLY	HOBJ_f67v1_DC05ECA88042		UNMATCHED
STAR	research/astro_spatial_annotation_ai_b2/AI1_AI2_OBJECT_MATCH.tsv	f67v1	AI1	B_OBJ_0130	AI2	UNMATCHED	LEFT_ONLY	HOBJ_f67v1_443CBAF9D8F0		UNMATCHED
STAR	research/astro_spatial_annotation_ai_b2/AI1_AI2_OBJECT_MATCH.tsv	f67v1	AI1	B_OBJ_0131	AI2	UNMATCHED	LEFT_ONLY	HOBJ_f67v1_64FC176F69D4		UNMATCHED
STAR	research/astro_spatial_annotation_ai_b2/AI1_AI2_OBJECT_MATCH.tsv	f67v1	AI1	B_OBJ_0132	AI2	UNMATCHED	LEFT_ONLY	HOBJ_f67v1_3271C99BC0CB		UNMATCHED
STAR	research/astro_spatial_annotation_ai_b2/AI1_AI2_OBJECT_MATCH.tsv	f67v1	AI1	B_OBJ_0133	AI2	C_OBJ_0154	MATCHED	HOBJ_f67v1_FDC0797050F3	HOBJ_f67v1_FDC0797050F3	SAME_CANDIDATE
STAR	research/astro_spatial_annotation_ai_b2/AI1_AI2_OBJECT_MATCH.tsv	f67v1	AI1	B_OBJ_0134	AI2	C_OBJ_0155	MATCHED	HOBJ_f67v1_D109FCE88502	HOBJ_f67v1_D109FCE88502	SAME_CANDIDATE
STAR	research/astro_spatial_annotation_ai_b2/AI1_AI2_OBJECT_MATCH.tsv	f67v1	AI1	B_OBJ_0135	AI2	UNMATCHED	LEFT_ONLY	HOBJ_f67v1_43E86094DE71		UNMATCHED
STAR	research/astro_spatial_annotation_ai_b2/AI1_AI2_OBJECT_MATCH.tsv	f67v1	AI1	B_OBJ_0136	AI2	UNMATCHED	LEFT_ONLY	HOBJ_f67v1_233E32AAA856		UNMATCHED
STAR	research/astro_spatial_annotation_ai_b2/AI1_AI2_OBJECT_MATCH.tsv	f67v1	AI1	B_OBJ_0137	AI2	UNMATCHED	LEFT_ONLY	HOBJ_f67v1_DC4B46B5A64F		UNMATCHED
STAR	research/astro_spatial_annotation_ai_b2/AI1_AI2_OBJECT_MATCH.tsv	f67v1	AI1	B_OBJ_0138	AI2	UNMATCHED	LEFT_ONLY	HOBJ_f67v1_837F40B4F910		UNMATCHED
STAR	research/astro_spatial_annotation_ai_b2/AI1_AI2_OBJECT_MATCH.tsv	f67v1	AI1	B_OBJ_0139	AI2	UNMATCHED	LEFT_ONLY	HOBJ_f67v1_9682E7D201CA		UNMATCHED
STAR	research/astro_spatial_annotation_ai_b2/AI1_AI2_OBJECT_MATCH.tsv	f67v1	AI1	B_OBJ_0140	AI2	UNMATCHED	LEFT_ONLY	HOBJ_f67v1_A7DCDA0A8889		UNMATCHED
STAR	research/astro_spatial_annotation_ai_b2/AI1_AI2_OBJECT_MATCH.tsv	f67v1	AI1	B_OBJ_0141	AI2	UNMATCHED	LEFT_ONLY	HOBJ_f67v1_E9855D92FF3A		UNMATCHED
STAR	research/astro_spatial_annotation_ai_b2/AI1_AI2_OBJECT_MATCH.tsv	f67v1	AI1	B_OBJ_0142	AI2	UNMATCHED	LEFT_ONLY	HOBJ_f67v1_D74088487516		UNMATCHED
STAR	research/astro_spatial_annotation_ai_b2/AI1_AI2_OBJECT_MATCH.tsv	f67v1	AI1	B_OBJ_0143	AI2	C_OBJ_0163	MATCHED	HOBJ_f67v1_1BFB704040FC	HOBJ_f67v1_1BFB704040FC	SAME_CANDIDATE
STAR	research/astro_spatial_annotation_ai_b2/AI1_AI2_OBJECT_MATCH.tsv	f67v1	AI1	B_OBJ_0144	AI2	C_OBJ_0160	MATCHED	HOBJ_f67v1_4FBE71D38A76	HOBJ_f67v1_4FBE71D38A76	SAME_CANDIDATE
STAR	research/astro_spatial_annotation_ai_b2/AI1_AI2_OBJECT_MATCH.tsv	f67v1	AI1	B_OBJ_0145	AI2	UNMATCHED	LEFT_ONLY	HOBJ_f67v1_98F762EDDBB3		UNMATCHED
STAR	research/astro_spatial_annotation_ai_b2/AI1_AI2_OBJECT_MATCH.tsv	f67v1	AI1	B_OBJ_0146	AI2	UNMATCHED	LEFT_ONLY	HOBJ_f67v1_7EB6A9A281B7		UNMATCHED
STAR	research/astro_spatial_annotation_ai_b2/AI1_AI2_OBJECT_MATCH.tsv	f67v1	AI1	B_OBJ_0147	AI2	UNMATCHED	LEFT_ONLY	HOBJ_f67v1_C9714C1B2FEF		UNMATCHED
STAR	research/astro_spatial_annotation_ai_b2/AI1_AI2_OBJECT_MATCH.tsv	f67v1	AI1	B_OBJ_0148	AI2	UNMATCHED	LEFT_ONLY	HOBJ_f67v1_C5DBCD349B45		UNMATCHED
STAR	research/astro_spatial_annotation_ai_b2/AI1_AI2_OBJECT_MATCH.tsv	f67v1	AI1	B_OBJ_0149	AI2	C_OBJ_0167	MATCHED	HOBJ_f67v1_7C5223F2B984	HOBJ_f67v1_7C5223F2B984	SAME_CANDIDATE
STAR	research/astro_spatial_annotation_ai_b2/AI1_AI2_OBJECT_MATCH.tsv	f67v1	AI1	B_OBJ_0150	AI2	UNMATCHED	LEFT_ONLY	HOBJ_f67v1_D1A3CA18D099		UNMATCHED
STAR	research/astro_spatial_annotation_ai_b2/AI1_AI2_OBJECT_MATCH.tsv	f67v1	AI1	B_OBJ_0151	AI2	UNMATCHED	LEFT_ONLY	HOBJ_f67v1_3DC0889ED123		UNMATCHED
STAR	research/astro_spatial_annotation_ai_b2/AI1_AI2_OBJECT_MATCH.tsv	f67v1	AI1	B_OBJ_0152	AI2	UNMATCHED	LEFT_ONLY	HOBJ_f67v1_FA0BCC863FFA		UNMATCHED
STAR	research/astro_spatial_annotation_ai_b2/AI1_AI2_OBJECT_MATCH.tsv	f67v1	AI1	B_OBJ_0153	AI2	C_OBJ_0131	MATCHED	HOBJ_f67v1_82C1F0A2A724	HOBJ_f67v1_82C1F0A2A724	SAME_CANDIDATE
STAR	research/astro_spatial_annotation_ai_b2/AI1_AI2_OBJECT_MATCH.tsv	f67v1	AI1	B_OBJ_0154	AI2	UNMATCHED	LEFT_ONLY	HOBJ_f67v1_FFC9B3446043		UNMATCHED
STAR	research/astro_spatial_annotation_ai_b2/AI1_AI2_OBJECT_MATCH.tsv	f67v1	AI1	B_OBJ_0155	AI2	C_OBJ_0134	MATCHED	HOBJ_f67v1_2EBE795479C0	HOBJ_f67v1_2EBE795479C0	SAME_CANDIDATE
STAR	research/astro_spatial_annotation_ai_b2/AI1_AI2_OBJECT_MATCH.tsv	f67v1	AI1	B_OBJ_0156	AI2	UNMATCHED	LEFT_ONLY	HOBJ_f67v1_7EFAD222F66D		UNMATCHED
STAR	research/astro_spatial_annotation_ai_b2/AI1_AI2_OBJECT_MATCH.tsv	f67v1	AI1	B_OBJ_0157	AI2	UNMATCHED	LEFT_ONLY	HOBJ_f67v1_C75BD94D20FC		UNMATCHED
STAR	research/astro_spatial_annotation_ai_b2/AI1_AI2_OBJECT_MATCH.tsv	f67v1	AI1	B_OBJ_0158	AI2	C_OBJ_0132	MATCHED	HOBJ_f67v1_99ADD7DE1D48	HOBJ_f67v1_99ADD7DE1D48	SAME_CANDIDATE
STAR	research/astro_spatial_annotation_ai_b2/AI1_AI2_OBJECT_MATCH.tsv	f67v1	AI1	B_OBJ_0159	AI2	C_OBJ_0135	MATCHED	HOBJ_f67v1_E537F07DD39D	HOBJ_f67v1_E537F07DD39D	SAME_CANDIDATE
STAR	research/astro_spatial_annotation_ai_b2/AI1_AI2_OBJECT_MATCH.tsv	f67v1	AI1	B_OBJ_0160	AI2	C_OBJ_0138	MATCHED	HOBJ_f67v1_182DC8CD15EC	HOBJ_f67v1_182DC8CD15EC	SAME_CANDIDATE
STAR	research/astro_spatial_annotation_ai_b2/AI1_AI2_OBJECT_MATCH.tsv	f67v1	AI1	B_OBJ_0161	AI2	UNMATCHED	LEFT_ONLY	HOBJ_f67v1_6846BCF3AFF2		UNMATCHED
STAR	research/astro_spatial_annotation_ai_b2/AI1_AI2_OBJECT_MATCH.tsv	f67v1	AI1	B_OBJ_0162	AI2	UNMATCHED	LEFT_ONLY	HOBJ_f67v1_ED5B296088A9		UNMATCHED
STAR	research/astro_spatial_annotation_ai_b2/AI1_AI2_OBJECT_MATCH.tsv	f67v1	AI1	B_OBJ_0163	AI2	UNMATCHED	LEFT_ONLY	HOBJ_f67v1_3130C74D896D		UNMATCHED
STAR	research/astro_spatial_annotation_ai_b2/AI1_AI2_OBJECT_MATCH.tsv	f67v1	AI1	B_OBJ_0164	AI2	UNMATCHED	LEFT_ONLY	HOBJ_f67v1_AEC61CFF4F93		UNMATCHED
STAR	research/astro_spatial_annotation_ai_b2/AI1_AI2_OBJECT_MATCH.tsv	f67v1	AI1	B_OBJ_0165	AI2	C_OBJ_0139	MATCHED	HOBJ_f67v1_FA3B3E5486C1	HOBJ_f67v1_FA3B3E5486C1	SAME_CANDIDATE
STAR	research/astro_spatial_annotation_ai_b2/AI1_AI2_OBJECT_MATCH.tsv	f67v1	AI1	B_OBJ_0166	AI2	UNMATCHED	LEFT_ONLY	HOBJ_f67v1_9C9967BCD944		UNMATCHED
STAR	research/astro_spatial_annotation_ai_b2/AI1_AI2_OBJECT_MATCH.tsv	f68r1	AI1	B_OBJ_0167	AI2	UNMATCHED	LEFT_ONLY	HOBJ_f68r1_248701959F36		UNMATCHED
STAR	research/astro_spatial_annotation_ai_b2/AI1_AI2_OBJECT_MATCH.tsv	f68r1	AI1	B_OBJ_0168	AI2	C_OBJ_0223	MATCHED	HOBJ_f68r1_3FE690F352AE	HOBJ_f68r1_3FE690F352AE	SAME_CANDIDATE
STAR	research/astro_spatial_annotation_ai_b2/AI1_AI2_OBJECT_MATCH.tsv	f68r1	AI1	B_OBJ_0169	AI2	C_OBJ_0225	MATCHED	HOBJ_f68r1_8FC3178BC4CB	HOBJ_f68r1_8FC3178BC4CB	SAME_CANDIDATE
STAR	research/astro_spatial_annotation_ai_b2/AI1_AI2_OBJECT_MATCH.tsv	f68r1	AI1	B_OBJ_0170	AI2	C_OBJ_0193	MATCHED	HOBJ_f68r1_42593179D17A	HOBJ_f68r1_42593179D17A	SAME_CANDIDATE
STAR	research/astro_spatial_annotation_ai_b2/AI1_AI2_OBJECT_MATCH.tsv	f68r1	AI1	B_OBJ_0171	AI2	C_OBJ_0197	MATCHED	HOBJ_f68r1_BBA9BDF4EB9B	HOBJ_f68r1_BBA9BDF4EB9B	SAME_CANDIDATE
STAR	research/astro_spatial_annotation_ai_b2/AI1_AI2_OBJECT_MATCH.tsv	f68r1	AI1	B_OBJ_0172	AI2	UNMATCHED	LEFT_ONLY	HOBJ_f68r1_6983D7D53070		UNMATCHED
STAR	research/astro_spatial_annotation_ai_b2/AI1_AI2_OBJECT_MATCH.tsv	f68r1	AI1	B_OBJ_0173	AI2	UNMATCHED	LEFT_ONLY	HOBJ_f68r1_9571A3F0AA59		UNMATCHED
STAR	research/astro_spatial_annotation_ai_b2/AI1_AI2_OBJECT_MATCH.tsv	f68r1	AI1	B_OBJ_0174	AI2	C_OBJ_0195	MATCHED	HOBJ_f68r1_429CE38123FF	HOBJ_f68r1_429CE38123FF	SAME_CANDIDATE
STAR	research/astro_spatial_annotation_ai_b2/AI1_AI2_OBJECT_MATCH.tsv	f68r1	AI1	B_OBJ_0175	AI2	UNMATCHED	LEFT_ONLY	HOBJ_f68r1_32376A0EE8C2		UNMATCHED
STAR	research/astro_spatial_annotation_ai_b2/AI1_AI2_OBJECT_MATCH.tsv	f68r1	AI1	B_OBJ_0176	AI2	C_OBJ_0199	MATCHED	HOBJ_f68r1_56FE9D975510	HOBJ_f68r1_56FE9D975510	SAME_CANDIDATE
STAR	research/astro_spatial_annotation_ai_b2/AI1_AI2_OBJECT_MATCH.tsv	f68r1	AI1	B_OBJ_0177	AI2	C_OBJ_0200	MATCHED	HOBJ_f68r1_DBC3503D1FA1	HOBJ_f68r1_DBC3503D1FA1	SAME_CANDIDATE
STAR	research/astro_spatial_annotation_ai_b2/AI1_AI2_OBJECT_MATCH.tsv	f68r1	AI1	B_OBJ_0178	AI2	C_OBJ_0201	MATCHED	HOBJ_f68r1_B592D9992D0A	HOBJ_f68r1_B592D9992D0A	SAME_CANDIDATE
STAR	research/astro_spatial_annotation_ai_b2/AI1_AI2_OBJECT_MATCH.tsv	f68r1	AI1	B_OBJ_0179	AI2	C_OBJ_0208	MATCHED	HOBJ_f68r1_572D3F1F8DE6	HOBJ_f68r1_572D3F1F8DE6	SAME_CANDIDATE
STAR	research/astro_spatial_annotation_ai_b2/AI1_AI2_OBJECT_MATCH.tsv	f68r1	AI1	B_OBJ_0180	AI2	C_OBJ_0209	MATCHED	HOBJ_f68r1_045FE36E94DB	HOBJ_f68r1_045FE36E94DB	SAME_CANDIDATE
STAR	research/astro_spatial_annotation_ai_b2/AI1_AI2_OBJECT_MATCH.tsv	f68r1	AI1	B_OBJ_0181	AI2	C_OBJ_0202	MATCHED	HOBJ_f68r1_E16D23AE18A1	HOBJ_f68r1_E16D23AE18A1	SAME_CANDIDATE
STAR	research/astro_spatial_annotation_ai_b2/AI1_AI2_OBJECT_MATCH.tsv	f68r1	AI1	B_OBJ_0182	AI2	C_OBJ_0210	MATCHED	HOBJ_f68r1_A46A6CCCCD6B	HOBJ_f68r1_A46A6CCCCD6B	SAME_CANDIDATE
STAR	research/astro_spatial_annotation_ai_b2/AI1_AI2_OBJECT_MATCH.tsv	f68r1	AI1	B_OBJ_0183	AI2	UNMATCHED	LEFT_ONLY	HOBJ_f68r1_EFE31B3115DD		UNMATCHED
STAR	research/astro_spatial_annotation_ai_b2/AI1_AI2_OBJECT_MATCH.tsv	f68r1	AI1	B_OBJ_0184	AI2	C_OBJ_0203	MATCHED	HOBJ_f68r1_8AB54EE0159A	HOBJ_f68r1_8AB54EE0159A	SAME_CANDIDATE
STAR	research/astro_spatial_annotation_ai_b2/AI1_AI2_OBJECT_MATCH.tsv	f68r1	AI1	B_OBJ_0185	AI2	C_OBJ_0204	MATCHED	HOBJ_f68r1_7DA2F63507A1	HOBJ_f68r1_7DA2F63507A1	SAME_CANDIDATE
STAR	research/astro_spatial_annotation_ai_b2/AI1_AI2_OBJECT_MATCH.tsv	f68r1	AI1	B_OBJ_0186	AI2	C_OBJ_0205	MATCHED	HOBJ_f68r1_62EA56EE4C90	HOBJ_f68r1_62EA56EE4C90	SAME_CANDIDATE
STAR	research/astro_spatial_annotation_ai_b2/AI1_AI2_OBJECT_MATCH.tsv	f68r1	AI1	B_OBJ_0187	AI2	C_OBJ_0206	MATCHED	HOBJ_f68r1_D9420792465B	HOBJ_f68r1_D9420792465B	SAME_CANDIDATE
STAR	research/astro_spatial_annotation_ai_b2/AI1_AI2_OBJECT_MATCH.tsv	f68r1	AI1	B_OBJ_0188	AI2	C_OBJ_0212	MATCHED	HOBJ_f68r1_620CC013B0AF	HOBJ_f68r1_620CC013B0AF	SAME_CANDIDATE
STAR	research/astro_spatial_annotation_ai_b2/AI1_AI2_OBJECT_MATCH.tsv	f68r1	AI1	B_OBJ_0189	AI2	C_OBJ_0213	MATCHED	HOBJ_f68r1_89D212B1F433	HOBJ_f68r1_89D212B1F433	SAME_CANDIDATE
STAR	research/astro_spatial_annotation_ai_b2/AI1_AI2_OBJECT_MATCH.tsv	f68r1	AI1	B_OBJ_0190	AI2	C_OBJ_0207	MATCHED	HOBJ_f68r1_9577F9FF3A3E	HOBJ_f68r1_9577F9FF3A3E	SAME_CANDIDATE
STAR	research/astro_spatial_annotation_ai_b2/AI1_AI2_OBJECT_MATCH.tsv	f68r1	AI1	B_OBJ_0191	AI2	C_OBJ_0214	MATCHED	HOBJ_f68r1_B92C40C81C21	HOBJ_f68r1_B92C40C81C21	SAME_CANDIDATE
STAR	research/astro_spatial_annotation_ai_b2/AI1_AI2_OBJECT_MATCH.tsv	f68r1	AI1	B_OBJ_0192	AI2	C_OBJ_0215	MATCHED	HOBJ_f68r1_DFB0F00A8DCD	HOBJ_f68r1_DFB0F00A8DCD	SAME_CANDIDATE
STAR	research/astro_spatial_annotation_ai_b2/AI1_AI2_OBJECT_MATCH.tsv	f68r1	AI1	B_OBJ_0193	AI2	C_OBJ_0219	MATCHED	HOBJ_f68r1_C4AC29CB49BE	HOBJ_f68r1_C4AC29CB49BE	SAME_CANDIDATE
STAR	research/astro_spatial_annotation_ai_b2/AI1_AI2_OBJECT_MATCH.tsv	f68r1	AI1	B_OBJ_0194	AI2	C_OBJ_0220	MATCHED	HOBJ_f68r1_9059F2F824EC	HOBJ_f68r1_9059F2F824EC	SAME_CANDIDATE
STAR	research/astro_spatial_annotation_ai_b2/AI1_AI2_OBJECT_MATCH.tsv	f68r1	AI1	B_OBJ_0195	AI2	C_OBJ_0216	MATCHED	HOBJ_f68r1_A54B63666498	HOBJ_f68r1_A54B63666498	SAME_CANDIDATE
STAR	research/astro_spatial_annotation_ai_b2/AI1_AI2_OBJECT_MATCH.tsv	f68r1	AI1	B_OBJ_0196	AI2	C_OBJ_0217	MATCHED	HOBJ_f68r1_AFABF1762723	HOBJ_f68r1_AFABF1762723	SAME_CANDIDATE
STAR	research/astro_spatial_annotation_ai_b2/AI1_AI2_OBJECT_MATCH.tsv	f68r1	AI1	B_OBJ_0197	AI2	C_OBJ_0218	MATCHED	HOBJ_f68r1_A8F524B1B89C	HOBJ_f68r1_A8F524B1B89C	SAME_CANDIDATE
STAR	research/astro_spatial_annotation_ai_b2/AI1_AI2_OBJECT_MATCH.tsv	f68r1	AI1	B_OBJ_0198	AI2	C_OBJ_0221	MATCHED	HOBJ_f68r1_5A4B2BED8FB7	HOBJ_f68r1_5A4B2BED8FB7	SAME_CANDIDATE
STAR	research/astro_spatial_annotation_ai_b2/AI1_AI2_OBJECT_MATCH.tsv	f68r2	AI1	B_OBJ_0199	AI2	C_OBJ_0286	MATCHED	HOBJ_f68r2_A84AF1F5F626	HOBJ_f68r2_A84AF1F5F626	SAME_CANDIDATE
STAR	research/astro_spatial_annotation_ai_b2/AI1_AI2_OBJECT_MATCH.tsv	f68r2	AI1	B_OBJ_0200	AI2	UNMATCHED	LEFT_ONLY	HOBJ_f68r2_598ED036AE60		UNMATCHED
STAR	research/astro_spatial_annotation_ai_b2/AI1_AI2_OBJECT_MATCH.tsv	f68r2	AI1	B_OBJ_0201	AI2	UNMATCHED	LEFT_ONLY	HOBJ_f68r2_4D2960FAC069		UNMATCHED
STAR	research/astro_spatial_annotation_ai_b2/AI1_AI2_OBJECT_MATCH.tsv	f68r2	AI1	B_OBJ_0202	AI2	UNMATCHED	LEFT_ONLY	HOBJ_f68r2_FF765AFA37E0		UNMATCHED
STAR	research/astro_spatial_annotation_ai_b2/AI1_AI2_OBJECT_MATCH.tsv	f68r2	AI1	B_OBJ_0203	AI2	UNMATCHED	LEFT_ONLY	HOBJ_f68r2_126AA250958F		UNMATCHED
STAR	research/astro_spatial_annotation_ai_b2/AI1_AI2_OBJECT_MATCH.tsv	f68r2	AI1	B_OBJ_0204	AI2	UNMATCHED	LEFT_ONLY	HOBJ_f68r2_96275248F006		UNMATCHED
STAR	research/astro_spatial_annotation_ai_b2/AI1_AI2_OBJECT_MATCH.tsv	f68r2	AI1	B_OBJ_0205	AI2	C_OBJ_0229	MATCHED	HOBJ_f68r2_3A47CFE17F40	HOBJ_f68r2_3A47CFE17F40	SAME_CANDIDATE
STAR	research/astro_spatial_annotation_ai_b2/AI1_AI2_OBJECT_MATCH.tsv	f68r2	AI1	B_OBJ_0206	AI2	C_OBJ_0230	MATCHED	HOBJ_f68r2_FBCDB6FC478C	HOBJ_f68r2_FBCDB6FC478C	SAME_CANDIDATE
STAR	research/astro_spatial_annotation_ai_b2/AI1_AI2_OBJECT_MATCH.tsv	f68r2	AI1	B_OBJ_0207	AI2	C_OBJ_0233	MATCHED	HOBJ_f68r2_50D2198107DB	HOBJ_f68r2_50D2198107DB	SAME_CANDIDATE
STAR	research/astro_spatial_annotation_ai_b2/AI1_AI2_OBJECT_MATCH.tsv	f68r2	AI1	B_OBJ_0208	AI2	C_OBJ_0234	MATCHED	HOBJ_f68r2_34D8D73B52BB	HOBJ_f68r2_34D8D73B52BB	SAME_CANDIDATE
STAR	research/astro_spatial_annotation_ai_b2/AI1_AI2_OBJECT_MATCH.tsv	f68r2	AI1	B_OBJ_0209	AI2	C_OBJ_0231	MATCHED	HOBJ_f68r2_1CF5F57F6301	HOBJ_f68r2_1CF5F57F6301	SAME_CANDIDATE
STAR	research/astro_spatial_annotation_ai_b2/AI1_AI2_OBJECT_MATCH.tsv	f68r2	AI1	B_OBJ_0210	AI2	C_OBJ_0238	MATCHED	HOBJ_f68r2_37025BD5766F	HOBJ_f68r2_37025BD5766F	SAME_CANDIDATE
STAR	research/astro_spatial_annotation_ai_b2/AI1_AI2_OBJECT_MATCH.tsv	f68r2	AI1	B_OBJ_0211	AI2	C_OBJ_0239	MATCHED	HOBJ_f68r2_5ABB9F910C2D	HOBJ_f68r2_5ABB9F910C2D	SAME_CANDIDATE
STAR	research/astro_spatial_annotation_ai_b2/AI1_AI2_OBJECT_MATCH.tsv	f68r2	AI1	B_OBJ_0212	AI2	C_OBJ_0235	MATCHED	HOBJ_f68r2_F20B79A67067	HOBJ_f68r2_F20B79A67067	SAME_CANDIDATE
STAR	research/astro_spatial_annotation_ai_b2/AI1_AI2_OBJECT_MATCH.tsv	f68r2	AI1	B_OBJ_0213	AI2	C_OBJ_0237	MATCHED	HOBJ_f68r2_D660FAABD911	HOBJ_f68r2_D660FAABD911	SAME_CANDIDATE
STAR	research/astro_spatial_annotation_ai_b2/AI1_AI2_OBJECT_MATCH.tsv	f68r2	AI1	B_OBJ_0214	AI2	UNMATCHED	LEFT_ONLY	HOBJ_f68r2_1095F10296E2		UNMATCHED
STAR	research/astro_spatial_annotation_ai_b2/AI1_AI2_OBJECT_MATCH.tsv	f68r2	AI1	B_OBJ_0215	AI2	C_OBJ_0240	MATCHED	HOBJ_f68r2_EBC81EC14071	HOBJ_f68r2_EBC81EC14071	SAME_CANDIDATE
STAR	research/astro_spatial_annotation_ai_b2/AI1_AI2_OBJECT_MATCH.tsv	f68r2	AI1	B_OBJ_0216	AI2	C_OBJ_0242	MATCHED	HOBJ_f68r2_ADBB083AC840	HOBJ_f68r2_ADBB083AC840	SAME_CANDIDATE
STAR	research/astro_spatial_annotation_ai_b2/AI1_AI2_OBJECT_MATCH.tsv	f68r2	AI1	B_OBJ_0217	AI2	C_OBJ_0244	MATCHED	HOBJ_f68r2_F513A719E5D4	HOBJ_f68r2_F513A719E5D4	SAME_CANDIDATE
STAR	research/astro_spatial_annotation_ai_b2/AI1_AI2_OBJECT_MATCH.tsv	f68r2	AI1	B_OBJ_0218	AI2	C_OBJ_0245	MATCHED	HOBJ_f68r2_325AC2259FC6	HOBJ_f68r2_325AC2259FC6	SAME_CANDIDATE
STAR	research/astro_spatial_annotation_ai_b2/AI1_AI2_OBJECT_MATCH.tsv	f68r2	AI1	B_OBJ_0219	AI2	C_OBJ_0256	MATCHED	HOBJ_f68r2_19AF3E23B7E9	HOBJ_f68r2_19AF3E23B7E9	SAME_CANDIDATE
STAR	research/astro_spatial_annotation_ai_b2/AI1_AI2_OBJECT_MATCH.tsv	f68r2	AI1	B_OBJ_0220	AI2	C_OBJ_0257	MATCHED	HOBJ_f68r2_E6C00366696B	HOBJ_f68r2_E6C00366696B	SAME_CANDIDATE
STAR	research/astro_spatial_annotation_ai_b2/AI1_AI2_OBJECT_MATCH.tsv	f68r2	AI1	B_OBJ_0221	AI2	C_OBJ_0258	MATCHED	HOBJ_f68r2_3D1D8798FCD3	HOBJ_f68r2_3D1D8798FCD3	SAME_CANDIDATE
STAR	research/astro_spatial_annotation_ai_b2/AI1_AI2_OBJECT_MATCH.tsv	f68r2	AI1	B_OBJ_0222	AI2	C_OBJ_0261	MATCHED	HOBJ_f68r2_A4F4A1C7116A	HOBJ_f68r2_A4F4A1C7116A	SAME_CANDIDATE
STAR	research/astro_spatial_annotation_ai_b2/AI1_AI2_OBJECT_MATCH.tsv	f68r2	AI1	B_OBJ_0223	AI2	C_OBJ_0243	MATCHED	HOBJ_f68r2_FDEE7796EE6E	HOBJ_f68r2_FDEE7796EE6E	SAME_CANDIDATE
STAR	research/astro_spatial_annotation_ai_b2/AI1_AI2_OBJECT_MATCH.tsv	f68r2	AI1	B_OBJ_0224	AI2	C_OBJ_0247	MATCHED	HOBJ_f68r2_1682679003C8	HOBJ_f68r2_1682679003C8	SAME_CANDIDATE
STAR	research/astro_spatial_annotation_ai_b2/AI1_AI2_OBJECT_MATCH.tsv	f68r2	AI1	B_OBJ_0225	AI2	C_OBJ_0248	MATCHED	HOBJ_f68r2_A4BFE042AC95	HOBJ_f68r2_A4BFE042AC95	SAME_CANDIDATE
STAR	research/astro_spatial_annotation_ai_b2/AI1_AI2_OBJECT_MATCH.tsv	f68r2	AI1	B_OBJ_0226	AI2	C_OBJ_0249	MATCHED	HOBJ_f68r2_7A528C1AAC25	HOBJ_f68r2_7A528C1AAC25	SAME_CANDIDATE
STAR	research/astro_spatial_annotation_ai_b2/AI1_AI2_OBJECT_MATCH.tsv	f68r2	AI1	B_OBJ_0227	AI2	C_OBJ_0246	MATCHED	HOBJ_f68r2_3D99EB05EB58	HOBJ_f68r2_3D99EB05EB58	SAME_CANDIDATE
STAR	research/astro_spatial_annotation_ai_b2/AI1_AI2_OBJECT_MATCH.tsv	f68r2	AI1	B_OBJ_0228	AI2	C_OBJ_0260	MATCHED	HOBJ_f68r2_51D8B8874DA2	HOBJ_f68r2_51D8B8874DA2	SAME_CANDIDATE
STAR	research/astro_spatial_annotation_ai_b2/AI1_AI2_OBJECT_MATCH.tsv	f68r2	AI1	B_OBJ_0229	AI2	C_OBJ_0264	MATCHED	HOBJ_f68r2_332997DA9473	HOBJ_f68r2_332997DA9473	SAME_CANDIDATE
STAR	research/astro_spatial_annotation_ai_b2/AI1_AI2_OBJECT_MATCH.tsv	f68r2	AI1	B_OBJ_0230	AI2	C_OBJ_0265	MATCHED	HOBJ_f68r2_209959BE0C31	HOBJ_f68r2_209959BE0C31	SAME_CANDIDATE
STAR	research/astro_spatial_annotation_ai_b2/AI1_AI2_OBJECT_MATCH.tsv	f68r2	AI1	B_OBJ_0231	AI2	C_OBJ_0250	MATCHED	HOBJ_f68r2_665E5F11C7FC	HOBJ_f68r2_665E5F11C7FC	SAME_CANDIDATE
STAR	research/astro_spatial_annotation_ai_b2/AI1_AI2_OBJECT_MATCH.tsv	f68r2	AI1	B_OBJ_0232	AI2	C_OBJ_0251	MATCHED	HOBJ_f68r2_3C5D02ECF866	HOBJ_f68r2_3C5D02ECF866	SAME_CANDIDATE
STAR	research/astro_spatial_annotation_ai_b2/AI1_AI2_OBJECT_MATCH.tsv	f68r2	AI1	B_OBJ_0233	AI2	C_OBJ_0252	MATCHED	HOBJ_f68r2_DC02A2651BC3	HOBJ_f68r2_DC02A2651BC3	SAME_CANDIDATE
STAR	research/astro_spatial_annotation_ai_b2/AI1_AI2_OBJECT_MATCH.tsv	f68r2	AI1	B_OBJ_0234	AI2	C_OBJ_0253	MATCHED	HOBJ_f68r2_7000125EFCF6	HOBJ_f68r2_7000125EFCF6	SAME_CANDIDATE
STAR	research/astro_spatial_annotation_ai_b2/AI1_AI2_OBJECT_MATCH.tsv	f68r2	AI1	B_OBJ_0235	AI2	C_OBJ_0262	MATCHED	HOBJ_f68r2_F4C39C76B8F3	HOBJ_f68r2_F4C39C76B8F3	SAME_CANDIDATE
STAR	research/astro_spatial_annotation_ai_b2/AI1_AI2_OBJECT_MATCH.tsv	f68r2	AI1	B_OBJ_0236	AI2	C_OBJ_0263	MATCHED	HOBJ_f68r2_5B71A9B9C654	HOBJ_f68r2_5B71A9B9C654	SAME_CANDIDATE
STAR	research/astro_spatial_annotation_ai_b2/AI1_AI2_OBJECT_MATCH.tsv	f68r2	AI1	B_OBJ_0237	AI2	C_OBJ_0277	MATCHED	HOBJ_f68r2_25982A4DBF9C	HOBJ_f68r2_25982A4DBF9C	SAME_CANDIDATE
STAR	research/astro_spatial_annotation_ai_b2/AI1_AI2_OBJECT_MATCH.tsv	f68r2	AI1	B_OBJ_0238	AI2	C_OBJ_0266	MATCHED	HOBJ_f68r2_11B515BAA47C	HOBJ_f68r2_11B515BAA47C	SAME_CANDIDATE
STAR	research/astro_spatial_annotation_ai_b2/AI1_AI2_OBJECT_MATCH.tsv	f68r2	AI1	B_OBJ_0239	AI2	C_OBJ_0268	MATCHED	HOBJ_f68r2_CEF2CDEC37D1	HOBJ_f68r2_CEF2CDEC37D1	SAME_CANDIDATE
STAR	research/astro_spatial_annotation_ai_b2/AI1_AI2_OBJECT_MATCH.tsv	f68r2	AI1	B_OBJ_0240	AI2	C_OBJ_0270	MATCHED	HOBJ_f68r2_F2AFABDD8DA4	HOBJ_f68r2_F2AFABDD8DA4	SAME_CANDIDATE
STAR	research/astro_spatial_annotation_ai_b2/AI1_AI2_OBJECT_MATCH.tsv	f68r2	AI1	B_OBJ_0241	AI2	C_OBJ_0275	MATCHED	HOBJ_f68r2_04D2D53818B1	HOBJ_f68r2_04D2D53818B1	SAME_CANDIDATE
STAR	research/astro_spatial_annotation_ai_b2/AI1_AI2_OBJECT_MATCH.tsv	f68r2	AI1	B_OBJ_0242	AI2	C_OBJ_0279	MATCHED	HOBJ_f68r2_A31BBBFD8871	HOBJ_f68r2_A31BBBFD8871	SAME_CANDIDATE
STAR	research/astro_spatial_annotation_ai_b2/AI1_AI2_OBJECT_MATCH.tsv	f68r2	AI1	B_OBJ_0243	AI2	C_OBJ_0280	MATCHED	HOBJ_f68r2_63F4864C6AFB	HOBJ_f68r2_63F4864C6AFB	SAME_CANDIDATE
STAR	research/astro_spatial_annotation_ai_b2/AI1_AI2_OBJECT_MATCH.tsv	f68r2	AI1	B_OBJ_0244	AI2	C_OBJ_0273	MATCHED	HOBJ_f68r2_7437D0A5A09A	HOBJ_f68r2_7437D0A5A09A	SAME_CANDIDATE
STAR	research/astro_spatial_annotation_ai_b2/AI1_AI2_OBJECT_MATCH.tsv	f68r2	AI1	B_OBJ_0245	AI2	C_OBJ_0272	MATCHED	HOBJ_f68r2_741BC5BEBE14	HOBJ_f68r2_741BC5BEBE14	SAME_CANDIDATE
STAR	research/astro_spatial_annotation_ai_b2/AI1_AI2_OBJECT_MATCH.tsv	f68r2	AI1	B_OBJ_0246	AI2	C_OBJ_0281	MATCHED	HOBJ_f68r2_39476885B40C	HOBJ_f68r2_39476885B40C	SAME_CANDIDATE
STAR	research/astro_spatial_annotation_ai_b2/AI1_AI2_OBJECT_MATCH.tsv	f68r2	AI1	B_OBJ_0247	AI2	C_OBJ_0282	MATCHED	HOBJ_f68r2_90CEDA9618ED	HOBJ_f68r2_90CEDA9618ED	SAME_CANDIDATE
STAR	research/astro_spatial_annotation_ai_b2/AI1_AI2_OBJECT_MATCH.tsv	f68r2	AI1	B_OBJ_0248	AI2	C_OBJ_0274	MATCHED	HOBJ_f68r2_4C62BFF7A717	HOBJ_f68r2_4C62BFF7A717	SAME_CANDIDATE
STAR	research/astro_spatial_annotation_ai_b2/AI1_AI2_OBJECT_MATCH.tsv	f68r3	AI1	B_OBJ_0249	AI2	C_OBJ_0292	MATCHED	HOBJ_f68r3_C53888F38565	HOBJ_f68r3_C53888F38565	SAME_CANDIDATE
STAR	research/astro_spatial_annotation_ai_b2/AI1_AI2_OBJECT_MATCH.tsv	f68r3	AI1	B_OBJ_0250	AI2	C_OBJ_0294	MATCHED	HOBJ_f68r3_9A20CD1BDBDB	HOBJ_f68r3_9A20CD1BDBDB	SAME_CANDIDATE
STAR	research/astro_spatial_annotation_ai_b2/AI1_AI2_OBJECT_MATCH.tsv	f68r3	AI1	B_OBJ_0251	AI2	C_OBJ_0295	MATCHED	HOBJ_f68r3_C772FC241E49	HOBJ_f68r3_C772FC241E49	SAME_CANDIDATE
STAR	research/astro_spatial_annotation_ai_b2/AI1_AI2_OBJECT_MATCH.tsv	f68r3	AI1	B_OBJ_0252	AI2	C_OBJ_0297	MATCHED	HOBJ_f68r3_F23CD171257B	HOBJ_f68r3_F23CD171257B	SAME_CANDIDATE
STAR	research/astro_spatial_annotation_ai_b2/AI1_AI2_OBJECT_MATCH.tsv	f68r3	AI1	B_OBJ_0253	AI2	UNMATCHED	LEFT_ONLY	HOBJ_f68r3_5661E24C5142		UNMATCHED
STAR	research/astro_spatial_annotation_ai_b2/AI1_AI2_OBJECT_MATCH.tsv	f68r3	AI1	B_OBJ_0254	AI2	C_OBJ_0369	MATCHED	HOBJ_f68r3_AD3118AC6996	HOBJ_f68r3_AD3118AC6996	SAME_CANDIDATE
STAR	research/astro_spatial_annotation_ai_b2/AI1_AI2_OBJECT_MATCH.tsv	f68r3	AI1	B_OBJ_0255	AI2	UNMATCHED	LEFT_ONLY	HOBJ_f68r3_64D5B8C2165E		UNMATCHED
STAR	research/astro_spatial_annotation_ai_b2/AI1_AI2_OBJECT_MATCH.tsv	f68r3	AI1	B_OBJ_0256	AI2	C_OBJ_0370	MATCHED	HOBJ_f68r3_991122EA80DE	HOBJ_f68r3_991122EA80DE	SAME_CANDIDATE
STAR	research/astro_spatial_annotation_ai_b2/AI1_AI2_OBJECT_MATCH.tsv	f68r3	AI1	B_OBJ_0257	AI2	C_OBJ_0368	MATCHED	HOBJ_f68r3_69F33B71A5DB	HOBJ_f68r3_69F33B71A5DB	SAME_CANDIDATE
STAR	research/astro_spatial_annotation_ai_b2/AI1_AI2_OBJECT_MATCH.tsv	f68r3	AI1	B_OBJ_0258	AI2	C_OBJ_0371	MATCHED	HOBJ_f68r3_1D54154E6EB2	HOBJ_f68r3_1D54154E6EB2	SAME_CANDIDATE
STAR	research/astro_spatial_annotation_ai_b2/AI1_AI2_OBJECT_MATCH.tsv	f68r3	AI1	B_OBJ_0259	AI2	UNMATCHED	LEFT_ONLY	HOBJ_f68r3_5E1D3581174E		UNMATCHED
STAR	research/astro_spatial_annotation_ai_b2/AI1_AI2_OBJECT_MATCH.tsv	f68r3	AI1	B_OBJ_0260	AI2	C_OBJ_0374	MATCHED	HOBJ_f68r3_1A2E80DC48AA	HOBJ_f68r3_1A2E80DC48AA	SAME_CANDIDATE
STAR	research/astro_spatial_annotation_ai_b2/AI1_AI2_OBJECT_MATCH.tsv	f68r3	AI1	B_OBJ_0261	AI2	UNMATCHED	LEFT_ONLY	HOBJ_f68r3_A834141D45B0		UNMATCHED
STAR	research/astro_spatial_annotation_ai_b2/AI1_AI2_OBJECT_MATCH.tsv	f68r3	AI1	B_OBJ_0262	AI2	C_OBJ_0332	MATCHED	HOBJ_f68r3_0640A7F84BDF	HOBJ_f68r3_0640A7F84BDF	SAME_CANDIDATE
STAR	research/astro_spatial_annotation_ai_b2/AI1_AI2_OBJECT_MATCH.tsv	f68r3	AI1	B_OBJ_0263	AI2	C_OBJ_0361	MATCHED	HOBJ_f68r3_6FD9008FDD57	HOBJ_f68r3_6FD9008FDD57	SAME_CANDIDATE
STAR	research/astro_spatial_annotation_ai_b2/AI1_AI2_OBJECT_MATCH.tsv	f68r3	AI1	B_OBJ_0264	AI2	UNMATCHED	LEFT_ONLY	HOBJ_f68r3_AA84712F0AAB		UNMATCHED
STAR	research/astro_spatial_annotation_ai_b2/AI1_AI2_OBJECT_MATCH.tsv	f68r3	AI1	B_OBJ_0265	AI2	UNMATCHED	LEFT_ONLY	HOBJ_f68r3_9FAA55AD1C49		UNMATCHED
STAR	research/astro_spatial_annotation_ai_b2/AI1_AI2_OBJECT_MATCH.tsv	f68r3	AI1	B_OBJ_0266	AI2	C_OBJ_0323	MATCHED	HOBJ_f68r3_2AB0ED67B0A7	HOBJ_f68r3_2AB0ED67B0A7	SAME_CANDIDATE
STAR	research/astro_spatial_annotation_ai_b2/AI1_AI2_OBJECT_MATCH.tsv	f68r3	AI1	B_OBJ_0267	AI2	UNMATCHED	LEFT_ONLY	HOBJ_f68r3_EC9C0628E073		UNMATCHED
STAR	research/astro_spatial_annotation_ai_b2/AI1_AI2_OBJECT_MATCH.tsv	f68r3	AI1	B_OBJ_0268	AI2	UNMATCHED	LEFT_ONLY	HOBJ_f68r3_F35C5D7A7AC7		UNMATCHED
STAR	research/astro_spatial_annotation_ai_b2/AI1_AI2_OBJECT_MATCH.tsv	f68r3	AI1	B_OBJ_0269	AI2	UNMATCHED	LEFT_ONLY	HOBJ_f68r3_BBDE5A9AFF6F		UNMATCHED
STAR	research/astro_spatial_annotation_ai_b2/AI1_AI2_OBJECT_MATCH.tsv	f68r3	AI1	B_OBJ_0270	AI2	C_OBJ_0333	MATCHED	HOBJ_f68r3_959536C709D0	HOBJ_f68r3_959536C709D0	SAME_CANDIDATE
STAR	research/astro_spatial_annotation_ai_b2/AI1_AI2_OBJECT_MATCH.tsv	f68r3	AI1	B_OBJ_0271	AI2	C_OBJ_0314	MATCHED	HOBJ_f68r3_04089F9E3CB9	HOBJ_f68r3_04089F9E3CB9	SAME_CANDIDATE
STAR	research/astro_spatial_annotation_ai_b2/AI1_AI2_OBJECT_MATCH.tsv	f68r3	AI1	B_OBJ_0272	AI2	UNMATCHED	LEFT_ONLY	HOBJ_f68r3_115AFF37CE89		UNMATCHED
STAR	research/astro_spatial_annotation_ai_b2/AI1_AI2_OBJECT_MATCH.tsv	f68r3	AI1	B_OBJ_0273	AI2	UNMATCHED	LEFT_ONLY	HOBJ_f68r3_F97ABC762D42		UNMATCHED
STAR	research/astro_spatial_annotation_ai_b2/AI1_AI2_OBJECT_MATCH.tsv	f68r3	AI1	B_OBJ_0274	AI2	C_OBJ_0362	MATCHED	HOBJ_f68r3_056F8CB4822A	HOBJ_f68r3_056F8CB4822A	SAME_CANDIDATE
STAR	research/astro_spatial_annotation_ai_b2/AI1_AI2_OBJECT_MATCH.tsv	f68r3	AI1	B_OBJ_0275	AI2	C_OBJ_0325	MATCHED	HOBJ_f68r3_ABEE1A7C6ED7	HOBJ_f68r3_ABEE1A7C6ED7	SAME_CANDIDATE
STAR	research/astro_spatial_annotation_ai_b2/AI1_AI2_OBJECT_MATCH.tsv	f68r3	AI1	B_OBJ_0276	AI2	UNMATCHED	LEFT_ONLY	HOBJ_f68r3_557EF6D3FF67		UNMATCHED
STAR	research/astro_spatial_annotation_ai_b2/AI1_AI2_OBJECT_MATCH.tsv	f68r3	AI1	B_OBJ_0277	AI2	UNMATCHED	LEFT_ONLY	HOBJ_f68r3_12AE99CCE783		UNMATCHED
STAR	research/astro_spatial_annotation_ai_b2/AI1_AI2_OBJECT_MATCH.tsv	f68r3	AI1	B_OBJ_0278	AI2	UNMATCHED	LEFT_ONLY	HOBJ_f68r3_BACD14FC1FAB		UNMATCHED
STAR	research/astro_spatial_annotation_ai_b2/AI1_AI2_OBJECT_MATCH.tsv	f68r3	AI1	B_OBJ_0279	AI2	C_OBJ_0359	MATCHED	HOBJ_f68r3_5A96054BDAB4	HOBJ_f68r3_5A96054BDAB4	SAME_CANDIDATE
STAR	research/astro_spatial_annotation_ai_b2/AI1_AI2_OBJECT_MATCH.tsv	f68r3	AI1	B_OBJ_0280	AI2	C_OBJ_0336	MATCHED	HOBJ_f68r3_508C19D45A47	HOBJ_f68r3_508C19D45A47	SAME_CANDIDATE
STAR	research/astro_spatial_annotation_ai_b2/AI1_AI2_OBJECT_MATCH.tsv	f68r3	AI1	B_OBJ_0281	AI2	C_OBJ_0345	MATCHED	HOBJ_f68r3_9702E0A0CFBD	HOBJ_f68r3_9702E0A0CFBD	SAME_CANDIDATE
STAR	research/astro_spatial_annotation_ai_b2/AI1_AI2_OBJECT_MATCH.tsv	f68r3	AI1	B_OBJ_0282	AI2	C_OBJ_0367	MATCHED	HOBJ_f68r3_9BD8469E69DC	HOBJ_f68r3_9BD8469E69DC	SAME_CANDIDATE
STAR	research/astro_spatial_annotation_ai_b2/AI1_AI2_OBJECT_MATCH.tsv	f68r3	AI1	B_OBJ_0283	AI2	C_OBJ_0341	MATCHED	HOBJ_f68r3_18BCB75C8AB8	HOBJ_f68r3_18BCB75C8AB8	SAME_CANDIDATE
STAR	research/astro_spatial_annotation_ai_b2/AI1_AI2_OBJECT_MATCH.tsv	f68r3	AI1	B_OBJ_0284	AI2	C_OBJ_0348	MATCHED	HOBJ_f68r3_DEAC2993D08F	HOBJ_f68r3_DEAC2993D08F	SAME_CANDIDATE
STAR	research/astro_spatial_annotation_ai_b2/AI1_AI2_OBJECT_MATCH.tsv	f68r3	AI1	B_OBJ_0285	AI2	C_OBJ_0349	MATCHED	HOBJ_f68r3_0B4357DDB2F8	HOBJ_f68r3_0B4357DDB2F8	SAME_CANDIDATE
STAR	research/astro_spatial_annotation_ai_b2/AI1_AI2_OBJECT_MATCH.tsv	f68r3	AI1	B_OBJ_0286	AI2	UNMATCHED	LEFT_ONLY	HOBJ_f68r3_9EE1BDB53AD0		UNMATCHED
STAR	research/astro_spatial_annotation_ai_b2/AI1_AI2_OBJECT_MATCH.tsv	f68r3	AI1	B_OBJ_0287	AI2	C_OBJ_0357	MATCHED	HOBJ_f68r3_3A1ED95C8F74	HOBJ_f68r3_3A1ED95C8F74	SAME_CANDIDATE
STAR	research/astro_spatial_annotation_ai_b2/AI1_AI2_OBJECT_MATCH.tsv	f68r3	AI1	B_OBJ_0288	AI2	C_OBJ_0355	MATCHED	HOBJ_f68r3_218D660E68DA	HOBJ_f68r3_218D660E68DA	SAME_CANDIDATE
STAR	research/astro_spatial_annotation_ai_b2/AI1_AI2_OBJECT_MATCH.tsv	f68r3	AI1	B_OBJ_0289	AI2	UNMATCHED	LEFT_ONLY	HOBJ_f68r3_837E3E93762D		UNMATCHED
STAR	research/astro_spatial_annotation_ai_b2/AI1_AI2_OBJECT_MATCH.tsv	f68r3	AI1	B_OBJ_0290	AI2	UNMATCHED	LEFT_ONLY	HOBJ_f68r3_F2FF56E87821		UNMATCHED
STAR	research/astro_spatial_annotation_ai_b2/AI1_AI2_OBJECT_MATCH.tsv	f68r3	AI1	B_OBJ_0291	AI2	UNMATCHED	LEFT_ONLY	HOBJ_f68r3_1878A1FD2BFE		UNMATCHED
STAR	research/astro_spatial_annotation_ai_b2/AI1_AI2_OBJECT_MATCH.tsv	f68r3	AI1	B_OBJ_0292	AI2	UNMATCHED	LEFT_ONLY	HOBJ_f68r3_A45C123D566B		UNMATCHED
STAR	research/astro_spatial_annotation_ai_b2/AI1_AI2_OBJECT_MATCH.tsv	f68r3	AI1	B_OBJ_0293	AI2	UNMATCHED	LEFT_ONLY	HOBJ_f68r3_E7B3C69BE7E9		UNMATCHED
STAR	research/astro_spatial_annotation_ai_b2/AI1_AI2_OBJECT_MATCH.tsv	f68r3	AI1	B_OBJ_0294	AI2	UNMATCHED	LEFT_ONLY	HOBJ_f68r3_97919C94247D		UNMATCHED
STAR	research/astro_spatial_annotation_ai_b2/AI1_AI2_OBJECT_MATCH.tsv	f68r3	AI1	B_OBJ_0295	AI2	C_OBJ_0330	MATCHED	HOBJ_f68r3_0489E7D20520	HOBJ_f68r3_0489E7D20520	SAME_CANDIDATE
STAR	research/astro_spatial_annotation_ai_b2/AI1_AI2_OBJECT_MATCH.tsv	f68r3	AI1	B_OBJ_0296	AI2	C_OBJ_0307	MATCHED	HOBJ_f68r3_9176521AEDB1	HOBJ_f68r3_9176521AEDB1	SAME_CANDIDATE
STAR	research/astro_spatial_annotation_ai_b2/AI1_AI2_OBJECT_MATCH.tsv	f68r3	AI1	B_OBJ_0297	AI2	UNMATCHED	LEFT_ONLY	HOBJ_f68r3_605EA9A8ADB9		UNMATCHED
STAR	research/astro_spatial_annotation_ai_b2/AI1_AI2_OBJECT_MATCH.tsv	f68r3	AI1	B_OBJ_0298	AI2	C_OBJ_0319	MATCHED	HOBJ_f68r3_9BE1C497E282	HOBJ_f68r3_9BE1C497E282	SAME_CANDIDATE
STAR	research/astro_spatial_annotation_ai_b2/AI1_AI2_OBJECT_MATCH.tsv	f68r3	AI1	B_OBJ_0299	AI2	C_OBJ_0299	MATCHED	HOBJ_f68r3_C1D20B14679B	HOBJ_f68r3_C1D20B14679B	SAME_CANDIDATE
STAR	research/astro_spatial_annotation_ai_b2/AI1_AI2_OBJECT_MATCH.tsv	f68r3	AI1	B_OBJ_0300	AI2	C_OBJ_0301	MATCHED	HOBJ_f68r3_E262CE222F8D	HOBJ_f68r3_E262CE222F8D	SAME_CANDIDATE
STAR	research/astro_spatial_annotation_ai_b2/AI1_AI2_OBJECT_MATCH.tsv	f68r3	AI1	B_OBJ_0301	AI2	UNMATCHED	LEFT_ONLY	HOBJ_f68r3_8203EA43035C		UNMATCHED
STAR	research/astro_spatial_annotation_ai_b2/AI1_AI2_OBJECT_MATCH.tsv	f68r3	AI1	B_OBJ_0302	AI2	UNMATCHED	LEFT_ONLY	HOBJ_f68r3_9AB90A2251E2		UNMATCHED
STAR	research/astro_spatial_annotation_ai_b2/AI1_AI2_OBJECT_MATCH.tsv	f68r3	AI1	B_OBJ_0303	AI2	C_OBJ_0364	MATCHED	HOBJ_f68r3_AB67BCF2C8EA	HOBJ_f68r3_AB67BCF2C8EA	SAME_CANDIDATE
STAR	research/astro_spatial_annotation_ai_b2/AI1_AI2_OBJECT_MATCH.tsv	f68r3	AI1	B_OBJ_0304	AI2	UNMATCHED	LEFT_ONLY	HOBJ_f68r3_2C0431E9DDE4		UNMATCHED
STAR	research/astro_spatial_annotation_ai_b2/AI1_AI2_OBJECT_MATCH.tsv	f68r3	AI1	B_OBJ_0305	AI2	C_OBJ_0365	MATCHED	HOBJ_f68r3_3E5BCCA75F77	HOBJ_f68r3_3E5BCCA75F77	SAME_CANDIDATE
STAR	research/astro_spatial_annotation_ai_b2/AI1_AI2_OBJECT_MATCH.tsv	f68r3	AI1	B_OBJ_0306	AI2	C_OBJ_0318	MATCHED	HOBJ_f68r3_7526F5092247	HOBJ_f68r3_7526F5092247	SAME_CANDIDATE
STAR	research/astro_spatial_annotation_ai_b2/AI1_AI2_OBJECT_MATCH.tsv	f68r3	AI1	B_OBJ_0307	AI2	C_OBJ_0320	MATCHED	HOBJ_f68r3_6709F54C220E	HOBJ_f68r3_6709F54C220E	SAME_CANDIDATE
STAR	research/astro_spatial_annotation_ai_b2/AI1_AI2_OBJECT_MATCH.tsv	f68r3	AI1	B_OBJ_0308	AI2	C_OBJ_0312	MATCHED	HOBJ_f68r3_06CA79A2B28E	HOBJ_f68r3_06CA79A2B28E	SAME_CANDIDATE
STAR	research/astro_spatial_annotation_ai_b2/AI1_AI2_OBJECT_MATCH.tsv	f68r3	AI1	B_OBJ_0309	AI2	C_OBJ_0344	MATCHED	HOBJ_f68r3_08F3CA5024BC	HOBJ_f68r3_08F3CA5024BC	SAME_CANDIDATE
STAR	research/astro_spatial_annotation_ai_b2/AI1_AI2_OBJECT_MATCH.tsv	f68r3	AI1	B_OBJ_0310	AI2	C_OBJ_0366	MATCHED	HOBJ_f68r3_1CEF79745F88	HOBJ_f68r3_1CEF79745F88	SAME_CANDIDATE
STAR	research/astro_spatial_annotation_ai_b2/AI1_AI2_OBJECT_MATCH.tsv	f68r3	AI1	B_OBJ_0311	AI2	UNMATCHED	LEFT_ONLY	HOBJ_f68r3_C8A425EF5233		UNMATCHED
STAR	research/astro_spatial_annotation_ai_b2/AI1_AI2_OBJECT_MATCH.tsv	f68r3	AI1	B_OBJ_0312	AI2	UNMATCHED	LEFT_ONLY	HOBJ_f68r3_FCCB262AF705		UNMATCHED
STAR	research/astro_spatial_annotation_ai_b2/AI1_AI2_OBJECT_MATCH.tsv	f68r3	AI1	B_OBJ_0313	AI2	C_OBJ_0306	MATCHED	HOBJ_f68r3_8FD1DD21650B	HOBJ_f68r3_8FD1DD21650B	SAME_CANDIDATE
STAR	research/astro_spatial_annotation_ai_b2/AI1_AI2_OBJECT_MATCH.tsv	f68r3	AI1	B_OBJ_0314	AI2	C_OBJ_0308	MATCHED	HOBJ_f68r3_BFE80B81867F	HOBJ_f68r3_BFE80B81867F	SAME_CANDIDATE
STAR	research/astro_spatial_annotation_ai_b2/AI1_AI2_OBJECT_MATCH.tsv	f68r3	AI1	B_OBJ_0315	AI2	UNMATCHED	LEFT_ONLY	HOBJ_f68r3_DEBDB0E1893E		UNMATCHED
STAR	research/astro_spatial_annotation_ai_b2/AI1_AI2_OBJECT_MATCH.tsv	f68r3	AI1	B_OBJ_0316	AI2	UNMATCHED	LEFT_ONLY	HOBJ_f68r3_B8D073701BA7		UNMATCHED
STAR	research/astro_spatial_annotation_ai_b2/AI1_AI2_OBJECT_MATCH.tsv	f68r3	AI1	B_OBJ_0317	AI2	UNMATCHED	LEFT_ONLY	HOBJ_f68r3_54265B53127A		UNMATCHED
STAR	research/astro_spatial_annotation_ai_b2/AI1_AI2_OBJECT_MATCH.tsv	f68r3	AI1	B_OBJ_0318	AI2	UNMATCHED	LEFT_ONLY	HOBJ_f68r3_15499824ABF3		UNMATCHED
STAR	research/astro_spatial_annotation_ai_b2/AI1_AI2_OBJECT_MATCH.tsv	f68r3	AI1	B_OBJ_0319	AI2	UNMATCHED	LEFT_ONLY	HOBJ_f68r3_68DA3FDC521F		UNMATCHED
STAR	research/astro_spatial_annotation_ai_b2/AI1_AI2_OBJECT_MATCH.tsv	f68r3	AI1	B_OBJ_0320	AI2	UNMATCHED	LEFT_ONLY	HOBJ_f68r3_B4BAF9C5D01E		UNMATCHED
STAR	research/astro_spatial_annotation_ai_b2/AI1_AI2_OBJECT_MATCH.tsv	f68r3	AI1	B_OBJ_0321	AI2	C_OBJ_0326	MATCHED	HOBJ_f68r3_22684DE74ACA	HOBJ_f68r3_22684DE74ACA	SAME_CANDIDATE
STAR	research/astro_spatial_annotation_ai_b2/AI1_AI2_OBJECT_MATCH.tsv	f68r3	AI1	B_OBJ_0322	AI2	C_OBJ_0354	MATCHED	HOBJ_f68r3_03C31059FF7B	HOBJ_f68r3_03C31059FF7B	SAME_CANDIDATE
STAR	research/astro_spatial_annotation_ai_b2/AI1_AI2_OBJECT_MATCH.tsv	f68r3	AI1	B_OBJ_0323	AI2	C_OBJ_0298	MATCHED	HOBJ_f68r3_A484774B17C0	HOBJ_f68r3_A484774B17C0	SAME_CANDIDATE
STAR	research/astro_spatial_annotation_ai_b2/AI1_AI2_OBJECT_MATCH.tsv	f68r3	AI1	B_OBJ_0324	AI2	UNMATCHED	LEFT_ONLY	HOBJ_f68r3_14C483992706		UNMATCHED
STAR	research/astro_spatial_annotation_ai_b2/AI1_AI2_OBJECT_MATCH.tsv	f68r3	AI1	B_OBJ_0325	AI2	C_OBJ_0303	MATCHED	HOBJ_f68r3_89EDDF7E6E83	HOBJ_f68r3_89EDDF7E6E83	SAME_CANDIDATE
STAR	research/astro_spatial_annotation_ai_b2/AI1_AI2_OBJECT_MATCH.tsv	f68r3	AI1	B_OBJ_0326	AI2	UNMATCHED	LEFT_ONLY	HOBJ_f68r3_E3AB143C7864		UNMATCHED
STAR	research/astro_spatial_annotation_ai_b2/AI1_AI2_OBJECT_MATCH.tsv	f68r3	AI1	B_OBJ_0327	AI2	UNMATCHED	LEFT_ONLY	HOBJ_f68r3_AFE2C5FFA316		UNMATCHED
STAR	research/astro_spatial_annotation_ai_b2/AI1_AI2_OBJECT_MATCH.tsv	f68r3	AI1	B_OBJ_0328	AI2	UNMATCHED	LEFT_ONLY	HOBJ_f68r3_ECAA7CF83EEA		UNMATCHED
STAR	research/astro_spatial_annotation_ai_b2/AI1_AI2_OBJECT_MATCH.tsv	f68r3	AI1	B_OBJ_0329	AI2	C_OBJ_0327	MATCHED	HOBJ_f68r3_84047676538D	HOBJ_f68r3_84047676538D	SAME_CANDIDATE
STAR	research/astro_spatial_annotation_ai_b2/AI1_AI2_OBJECT_MATCH.tsv	f68v1	AI1	B_OBJ_0330	AI2	C_OBJ_0381	MATCHED	HOBJ_f68v1_B4313CF1B858	HOBJ_f68v1_B4313CF1B858	SAME_CANDIDATE
STAR	research/astro_spatial_annotation_ai_b2/AI1_AI2_OBJECT_MATCH.tsv	f68v1	AI1	B_OBJ_0331	AI2	C_OBJ_0383	MATCHED	HOBJ_f68v1_1FFD451FA4DB	HOBJ_f68v1_1FFD451FA4DB	SAME_CANDIDATE
STAR	research/astro_spatial_annotation_ai_b2/AI1_AI2_OBJECT_MATCH.tsv	f68v1	AI1	B_OBJ_0332	AI2	C_OBJ_0385	MATCHED	HOBJ_f68v1_CC9B00749CB0	HOBJ_f68v1_CC9B00749CB0	SAME_CANDIDATE
STAR	research/astro_spatial_annotation_ai_b2/AI1_AI2_OBJECT_MATCH.tsv	f68v1	AI1	B_OBJ_0333	AI2	C_OBJ_0386	MATCHED	HOBJ_f68v1_3EF3B6E3AB91	HOBJ_f68v1_3EF3B6E3AB91	SAME_CANDIDATE
STAR	research/astro_spatial_annotation_ai_b2/AI1_AI2_OBJECT_MATCH.tsv	f68v1	AI1	B_OBJ_0334	AI2	C_OBJ_0388	MATCHED	HOBJ_f68v1_6BCAFB0F1C06	HOBJ_f68v1_6BCAFB0F1C06	SAME_CANDIDATE
STAR	research/astro_spatial_annotation_ai_b2/AI1_AI2_OBJECT_MATCH.tsv	f68v1	AI1	B_OBJ_0335	AI2	UNMATCHED	LEFT_ONLY	HOBJ_f68v1_DF0E8EF2403E		UNMATCHED
STAR	research/astro_spatial_annotation_ai_b2/AI1_AI2_OBJECT_MATCH.tsv	f68v1	AI1	B_OBJ_0336	AI2	C_OBJ_0409	MATCHED	HOBJ_f68v1_F03DFFB1C8F8	HOBJ_f68v1_F03DFFB1C8F8	SAME_CANDIDATE
STAR	research/astro_spatial_annotation_ai_b2/AI1_AI2_OBJECT_MATCH.tsv	f68v1	AI1	B_OBJ_0337	AI2	C_OBJ_0438	MATCHED	HOBJ_f68v1_5CA1BFA98A31	HOBJ_f68v1_5CA1BFA98A31	SAME_CANDIDATE
STAR	research/astro_spatial_annotation_ai_b2/AI1_AI2_OBJECT_MATCH.tsv	f68v1	AI1	B_OBJ_0338	AI2	C_OBJ_0440	MATCHED	HOBJ_f68v1_6040E86C39F7	HOBJ_f68v1_6040E86C39F7	SAME_CANDIDATE
STAR	research/astro_spatial_annotation_ai_b2/AI1_AI2_OBJECT_MATCH.tsv	f68v1	AI1	B_OBJ_0339	AI2	C_OBJ_0441	MATCHED	HOBJ_f68v1_408503BE9C00	HOBJ_f68v1_408503BE9C00	SAME_CANDIDATE
STAR	research/astro_spatial_annotation_ai_b2/AI1_AI2_OBJECT_MATCH.tsv	f68v1	AI1	B_OBJ_0340	AI2	UNMATCHED	LEFT_ONLY	HOBJ_f68v1_5A6200E1F438		UNMATCHED
STAR	research/astro_spatial_annotation_ai_b2/AI1_AI2_OBJECT_MATCH.tsv	f68v1	AI1	B_OBJ_0341	AI2	UNMATCHED	LEFT_ONLY	HOBJ_f68v1_013A839F5E5C		UNMATCHED
STAR	research/astro_spatial_annotation_ai_b2/AI1_AI2_OBJECT_MATCH.tsv	f68v1	AI1	B_OBJ_0342	AI2	UNMATCHED	LEFT_ONLY	HOBJ_f68v1_5FC575CA4F9F		UNMATCHED
STAR	research/astro_spatial_annotation_ai_b2/AI1_AI2_OBJECT_MATCH.tsv	f68v1	AI1	B_OBJ_0343	AI2	C_OBJ_0410	MATCHED	HOBJ_f68v1_77BE1E398209	HOBJ_f68v1_77BE1E398209	SAME_CANDIDATE
STAR	research/astro_spatial_annotation_ai_b2/AI1_AI2_OBJECT_MATCH.tsv	f68v1	AI1	B_OBJ_0344	AI2	C_OBJ_0447	MATCHED	HOBJ_f68v1_937DE77FC490	HOBJ_f68v1_937DE77FC490	SAME_CANDIDATE
STAR	research/astro_spatial_annotation_ai_b2/AI1_AI2_OBJECT_MATCH.tsv	f68v1	AI1	B_OBJ_0345	AI2	C_OBJ_0448	MATCHED	HOBJ_f68v1_F10E8731CBE8	HOBJ_f68v1_F10E8731CBE8	SAME_CANDIDATE
STAR	research/astro_spatial_annotation_ai_b2/AI1_AI2_OBJECT_MATCH.tsv	f68v1	AI1	B_OBJ_0346	AI2	C_OBJ_0446	MATCHED	HOBJ_f68v1_11C22901B618	HOBJ_f68v1_11C22901B618	SAME_CANDIDATE
STAR	research/astro_spatial_annotation_ai_b2/AI1_AI2_OBJECT_MATCH.tsv	f68v1	AI1	B_OBJ_0347	AI2	UNMATCHED	LEFT_ONLY	HOBJ_f68v1_8C9D951F4E72		UNMATCHED
STAR	research/astro_spatial_annotation_ai_b2/AI1_AI2_OBJECT_MATCH.tsv	f68v1	AI1	B_OBJ_0348	AI2	UNMATCHED	LEFT_ONLY	HOBJ_f68v1_3188FF9D2579		UNMATCHED
STAR	research/astro_spatial_annotation_ai_b2/AI1_AI2_OBJECT_MATCH.tsv	f68v1	AI1	B_OBJ_0349	AI2	C_OBJ_0412	MATCHED	HOBJ_f68v1_F98B705256A5	HOBJ_f68v1_F98B705256A5	SAME_CANDIDATE
STAR	research/astro_spatial_annotation_ai_b2/AI1_AI2_OBJECT_MATCH.tsv	f68v1	AI1	B_OBJ_0350	AI2	C_OBJ_0450	MATCHED	HOBJ_f68v1_4116A4CD8843	HOBJ_f68v1_4116A4CD8843	SAME_CANDIDATE
STAR	research/astro_spatial_annotation_ai_b2/AI1_AI2_OBJECT_MATCH.tsv	f68v1	AI1	B_OBJ_0351	AI2	C_OBJ_0452	MATCHED	HOBJ_f68v1_74E007ABB36A	HOBJ_f68v1_74E007ABB36A	SAME_CANDIDATE
STAR	research/astro_spatial_annotation_ai_b2/AI1_AI2_OBJECT_MATCH.tsv	f68v1	AI1	B_OBJ_0352	AI2	C_OBJ_0451	MATCHED	HOBJ_f68v1_0A91871D4174	HOBJ_f68v1_0A91871D4174	SAME_CANDIDATE
STAR	research/astro_spatial_annotation_ai_b2/AI1_AI2_OBJECT_MATCH.tsv	f68v1	AI1	B_OBJ_0353	AI2	C_OBJ_0454	MATCHED	HOBJ_f68v1_E7A90C4A165B	HOBJ_f68v1_E7A90C4A165B	SAME_CANDIDATE
STAR	research/astro_spatial_annotation_ai_b2/AI1_AI2_OBJECT_MATCH.tsv	f68v1	AI1	B_OBJ_0354	AI2	UNMATCHED	LEFT_ONLY	HOBJ_f68v1_7557A2B7F53A		UNMATCHED
STAR	research/astro_spatial_annotation_ai_b2/AI1_AI2_OBJECT_MATCH.tsv	f68v1	AI1	B_OBJ_0355	AI2	C_OBJ_0414	MATCHED	HOBJ_f68v1_327A25B59E4E	HOBJ_f68v1_327A25B59E4E	SAME_CANDIDATE
STAR	research/astro_spatial_annotation_ai_b2/AI1_AI2_OBJECT_MATCH.tsv	f68v1	AI1	B_OBJ_0356	AI2	C_OBJ_0457	MATCHED	HOBJ_f68v1_40FC37D27375	HOBJ_f68v1_40FC37D27375	SAME_CANDIDATE
STAR	research/astro_spatial_annotation_ai_b2/AI1_AI2_OBJECT_MATCH.tsv	f68v1	AI1	B_OBJ_0357	AI2	C_OBJ_0458	MATCHED	HOBJ_f68v1_7A4EE05D2B76	HOBJ_f68v1_7A4EE05D2B76	SAME_CANDIDATE
STAR	research/astro_spatial_annotation_ai_b2/AI1_AI2_OBJECT_MATCH.tsv	f68v1	AI1	B_OBJ_0358	AI2	UNMATCHED	LEFT_ONLY	HOBJ_f68v1_FD8FA7C2E397		UNMATCHED
STAR	research/astro_spatial_annotation_ai_b2/AI1_AI2_OBJECT_MATCH.tsv	f68v1	AI1	B_OBJ_0359	AI2	UNMATCHED	LEFT_ONLY	HOBJ_f68v1_2C6EC544714F		UNMATCHED
STAR	research/astro_spatial_annotation_ai_b2/AI1_AI2_OBJECT_MATCH.tsv	f68v1	AI1	B_OBJ_0360	AI2	UNMATCHED	LEFT_ONLY	HOBJ_f68v1_15A876F0CAA3		UNMATCHED
STAR	research/astro_spatial_annotation_ai_b2/AI1_AI2_OBJECT_MATCH.tsv	f68v1	AI1	B_OBJ_0361	AI2	C_OBJ_0415	MATCHED	HOBJ_f68v1_4B6D447B3AD8	HOBJ_f68v1_4B6D447B3AD8	SAME_CANDIDATE
STAR	research/astro_spatial_annotation_ai_b2/AI1_AI2_OBJECT_MATCH.tsv	f68v1	AI1	B_OBJ_0362	AI2	UNMATCHED	LEFT_ONLY	HOBJ_f68v1_81DBEF0FB292		UNMATCHED
STAR	research/astro_spatial_annotation_ai_b2/AI1_AI2_OBJECT_MATCH.tsv	f68v1	AI1	B_OBJ_0363	AI2	UNMATCHED	LEFT_ONLY	HOBJ_f68v1_AEE471AAEAC7		UNMATCHED
STAR	research/astro_spatial_annotation_ai_b2/AI1_AI2_OBJECT_MATCH.tsv	f68v1	AI1	B_OBJ_0364	AI2	UNMATCHED	LEFT_ONLY	HOBJ_f68v1_A0D6B98140CB		UNMATCHED
STAR	research/astro_spatial_annotation_ai_b2/AI1_AI2_OBJECT_MATCH.tsv	f68v1	AI1	B_OBJ_0365	AI2	UNMATCHED	LEFT_ONLY	HOBJ_f68v1_157EE28E5B2A		UNMATCHED
STAR	research/astro_spatial_annotation_ai_b2/AI1_AI2_OBJECT_MATCH.tsv	f68v1	AI1	B_OBJ_0366	AI2	UNMATCHED	LEFT_ONLY	HOBJ_f68v1_FCD48BEF107E		UNMATCHED
STAR	research/astro_spatial_annotation_ai_b2/AI1_AI2_OBJECT_MATCH.tsv	f68v1	AI1	B_OBJ_0367	AI2	C_OBJ_0401	MATCHED	HOBJ_f68v1_50444C1B9712	HOBJ_f68v1_50444C1B9712	SAME_CANDIDATE
STAR	research/astro_spatial_annotation_ai_b2/AI1_AI2_OBJECT_MATCH.tsv	f68v1	AI1	B_OBJ_0368	AI2	C_OBJ_0417	MATCHED	HOBJ_f68v1_EDF16D6486FF	HOBJ_f68v1_EDF16D6486FF	SAME_CANDIDATE
STAR	research/astro_spatial_annotation_ai_b2/AI1_AI2_OBJECT_MATCH.tsv	f68v1	AI1	B_OBJ_0369	AI2	C_OBJ_0473	MATCHED	HOBJ_f68v1_618A5E2C4F3D	HOBJ_f68v1_618A5E2C4F3D	SAME_CANDIDATE
STAR	research/astro_spatial_annotation_ai_b2/AI1_AI2_OBJECT_MATCH.tsv	f68v1	AI1	B_OBJ_0370	AI2	C_OBJ_0471	MATCHED	HOBJ_f68v1_F0612E866CFC	HOBJ_f68v1_F0612E866CFC	SAME_CANDIDATE
STAR	research/astro_spatial_annotation_ai_b2/AI1_AI2_OBJECT_MATCH.tsv	f68v1	AI1	B_OBJ_0371	AI2	UNMATCHED	LEFT_ONLY	HOBJ_f68v1_8071EAA73E85		UNMATCHED
STAR	research/astro_spatial_annotation_ai_b2/AI1_AI2_OBJECT_MATCH.tsv	f68v1	AI1	B_OBJ_0372	AI2	UNMATCHED	LEFT_ONLY	HOBJ_f68v1_B9FCCAD9B3D1		UNMATCHED
STAR	research/astro_spatial_annotation_ai_b2/AI1_AI2_OBJECT_MATCH.tsv	f68v1	AI1	B_OBJ_0373	AI2	UNMATCHED	LEFT_ONLY	HOBJ_f68v1_24EDB3A0EBF4		UNMATCHED
STAR	research/astro_spatial_annotation_ai_b2/AI1_AI2_OBJECT_MATCH.tsv	f68v1	AI1	B_OBJ_0374	AI2	C_OBJ_0418	MATCHED	HOBJ_f68v1_395598D105D7	HOBJ_f68v1_395598D105D7	SAME_CANDIDATE
STAR	research/astro_spatial_annotation_ai_b2/AI1_AI2_OBJECT_MATCH.tsv	f68v1	AI1	B_OBJ_0375	AI2	C_OBJ_0474	MATCHED	HOBJ_f68v1_7815ADA3CB06	HOBJ_f68v1_7815ADA3CB06	SAME_CANDIDATE
STAR	research/astro_spatial_annotation_ai_b2/AI1_AI2_OBJECT_MATCH.tsv	f68v1	AI1	B_OBJ_0376	AI2	C_OBJ_0475	MATCHED	HOBJ_f68v1_EDF89A64FC0C	HOBJ_f68v1_EDF89A64FC0C	SAME_CANDIDATE
STAR	research/astro_spatial_annotation_ai_b2/AI1_AI2_OBJECT_MATCH.tsv	f68v1	AI1	B_OBJ_0377	AI2	UNMATCHED	LEFT_ONLY	HOBJ_f68v1_AB3CA947F0F5		UNMATCHED
STAR	research/astro_spatial_annotation_ai_b2/AI1_AI2_OBJECT_MATCH.tsv	f68v1	AI1	B_OBJ_0378	AI2	UNMATCHED	LEFT_ONLY	HOBJ_f68v1_A9066530BFF3		UNMATCHED
STAR	research/astro_spatial_annotation_ai_b2/AI1_AI2_OBJECT_MATCH.tsv	f68v1	AI1	B_OBJ_0379	AI2	UNMATCHED	LEFT_ONLY	HOBJ_f68v1_E2DFC98E3C7C		UNMATCHED
STAR	research/astro_spatial_annotation_ai_b2/AI1_AI2_OBJECT_MATCH.tsv	f68v1	AI1	B_OBJ_0380	AI2	UNMATCHED	LEFT_ONLY	HOBJ_f68v1_2555FA8B3AF1		UNMATCHED
STAR	research/astro_spatial_annotation_ai_b2/AI1_AI2_OBJECT_MATCH.tsv	f68v1	AI1	B_OBJ_0381	AI2	C_OBJ_0419	MATCHED	HOBJ_f68v1_7149B9AB9033	HOBJ_f68v1_7149B9AB9033	SAME_CANDIDATE
STAR	research/astro_spatial_annotation_ai_b2/AI1_AI2_OBJECT_MATCH.tsv	f68v1	AI1	B_OBJ_0382	AI2	C_OBJ_0479	MATCHED	HOBJ_f68v1_995159A8ED88	HOBJ_f68v1_995159A8ED88	SAME_CANDIDATE
STAR	research/astro_spatial_annotation_ai_b2/AI1_AI2_OBJECT_MATCH.tsv	f68v1	AI1	B_OBJ_0383	AI2	UNMATCHED	LEFT_ONLY	HOBJ_f68v1_5D565D15A8CA		UNMATCHED
STAR	research/astro_spatial_annotation_ai_b2/AI1_AI2_OBJECT_MATCH.tsv	f68v1	AI1	B_OBJ_0384	AI2	UNMATCHED	LEFT_ONLY	HOBJ_f68v1_F5F9ABCBD023		UNMATCHED
STAR	research/astro_spatial_annotation_ai_b2/AI1_AI2_OBJECT_MATCH.tsv	f68v1	AI1	B_OBJ_0385	AI2	UNMATCHED	LEFT_ONLY	HOBJ_f68v1_9132913B3B15		UNMATCHED
STAR	research/astro_spatial_annotation_ai_b2/AI1_AI2_OBJECT_MATCH.tsv	f68v1	AI1	B_OBJ_0386	AI2	UNMATCHED	LEFT_ONLY	HOBJ_f68v1_12BEFF10D008		UNMATCHED
STAR	research/astro_spatial_annotation_ai_b2/AI1_AI2_OBJECT_MATCH.tsv	f68v1	AI1	B_OBJ_0387	AI2	C_OBJ_0405	MATCHED	HOBJ_f68v1_B633F8CA8DDB	HOBJ_f68v1_B633F8CA8DDB	SAME_CANDIDATE
STAR	research/astro_spatial_annotation_ai_b2/AI1_AI2_OBJECT_MATCH.tsv	f68v1	AI1	B_OBJ_0388	AI2	C_OBJ_0426	MATCHED	HOBJ_f68v1_46EFB45D9A4B	HOBJ_f68v1_46EFB45D9A4B	SAME_CANDIDATE
STAR	research/astro_spatial_annotation_ai_b2/AI1_AI2_OBJECT_MATCH.tsv	f68v1	AI1	B_OBJ_0389	AI2	UNMATCHED	LEFT_ONLY	HOBJ_f68v1_A2451D0C7C09		UNMATCHED
STAR	research/astro_spatial_annotation_ai_b2/AI1_AI2_OBJECT_MATCH.tsv	f68v1	AI1	B_OBJ_0390	AI2	C_OBJ_0427	MATCHED	HOBJ_f68v1_9EB24255B81A	HOBJ_f68v1_9EB24255B81A	SAME_CANDIDATE
STAR	research/astro_spatial_annotation_ai_b2/AI1_AI2_OBJECT_MATCH.tsv	f68v1	AI1	B_OBJ_0391	AI2	UNMATCHED	LEFT_ONLY	HOBJ_f68v1_4FA496A386C6		UNMATCHED
STAR	research/astro_spatial_annotation_ai_b2/AI1_AI2_OBJECT_MATCH.tsv	f68v1	AI1	B_OBJ_0392	AI2	UNMATCHED	LEFT_ONLY	HOBJ_f68v1_92ED6A50CF67		UNMATCHED
STAR	research/astro_spatial_annotation_ai_b2/AI1_AI2_OBJECT_MATCH.tsv	f68v1	AI1	B_OBJ_0393	AI2	C_OBJ_0407	MATCHED	HOBJ_f68v1_767E9FF132C3	HOBJ_f68v1_767E9FF132C3	SAME_CANDIDATE
STAR	research/astro_spatial_annotation_ai_b2/AI1_AI2_OBJECT_MATCH.tsv	f68v1	AI1	B_OBJ_0394	AI2	C_OBJ_0432	MATCHED	HOBJ_f68v1_6140F177D8CD	HOBJ_f68v1_6140F177D8CD	SAME_CANDIDATE
STAR	research/astro_spatial_annotation_ai_b2/AI1_AI2_OBJECT_MATCH.tsv	f68v1	AI1	B_OBJ_0395	AI2	UNMATCHED	LEFT_ONLY	HOBJ_f68v1_0DFC1455468D		UNMATCHED
STAR	research/astro_spatial_annotation_ai_b2/AI1_AI2_OBJECT_MATCH.tsv	f68v1	AI1	B_OBJ_0396	AI2	C_OBJ_0433	MATCHED	HOBJ_f68v1_346191D018B8	HOBJ_f68v1_346191D018B8	SAME_CANDIDATE
STAR	research/astro_spatial_annotation_ai_b2/AI1_AI2_OBJECT_MATCH.tsv	f68v1	AI1	B_OBJ_0397	AI2	UNMATCHED	LEFT_ONLY	HOBJ_f68v1_A66DC1BB7B7D		UNMATCHED
STAR	research/astro_spatial_annotation_ai_b2/AI1_AI2_OBJECT_MATCH.tsv	f68v2	AI1	B_OBJ_0398	AI2	C_OBJ_0484	MATCHED	HOBJ_f68v2_985C0723EB9A	HOBJ_f68v2_985C0723EB9A	SAME_CANDIDATE
STAR	research/astro_spatial_annotation_ai_b2/AI1_AI2_OBJECT_MATCH.tsv	f68v2	AI1	B_OBJ_0399	AI2	C_OBJ_0486	MATCHED	HOBJ_f68v2_2ECF03D56816	HOBJ_f68v2_2ECF03D56816	SAME_CANDIDATE
STAR	research/astro_spatial_annotation_ai_b2/AI1_AI2_OBJECT_MATCH.tsv	f68v2	AI1	B_OBJ_0400	AI2	C_OBJ_0487	MATCHED	HOBJ_f68v2_05127550379F	HOBJ_f68v2_05127550379F	SAME_CANDIDATE
STAR	research/astro_spatial_annotation_ai_b2/AI1_AI2_OBJECT_MATCH.tsv	f68v2	AI1	B_OBJ_0401	AI2	UNMATCHED	LEFT_ONLY	HOBJ_f68v2_5E5DC363F06B		UNMATCHED
STAR	research/astro_spatial_annotation_ai_b2/AI1_AI2_OBJECT_MATCH.tsv	f68v2	AI1	B_OBJ_0402	AI2	C_OBJ_0497	MATCHED	HOBJ_f68v2_47672F03EB34	HOBJ_f68v2_47672F03EB34	SAME_CANDIDATE
STAR	research/astro_spatial_annotation_ai_b2/AI1_AI2_OBJECT_MATCH.tsv	f68v2	AI1	B_OBJ_0403	AI2	UNMATCHED	LEFT_ONLY	HOBJ_f68v2_3E9AF0D028AF		UNMATCHED
STAR	research/astro_spatial_annotation_ai_b2/AI1_AI2_OBJECT_MATCH.tsv	f68v2	AI1	B_OBJ_0404	AI2	UNMATCHED	LEFT_ONLY	HOBJ_f68v2_6576597AAB31		UNMATCHED
STAR	research/astro_spatial_annotation_ai_b2/AI1_AI2_OBJECT_MATCH.tsv	f68v2	AI1	B_OBJ_0405	AI2	UNMATCHED	LEFT_ONLY	HOBJ_f68v2_6C65FEE3732B		UNMATCHED
STAR	research/astro_spatial_annotation_ai_b2/AI1_AI2_OBJECT_MATCH.tsv	f68v2	AI1	B_OBJ_0406	AI2	UNMATCHED	LEFT_ONLY	HOBJ_f68v2_1A95237DFDB6		UNMATCHED
STAR	research/astro_spatial_annotation_ai_b2/AI1_AI2_OBJECT_MATCH.tsv	f68v2	AI1	B_OBJ_0407	AI2	UNMATCHED	LEFT_ONLY	HOBJ_f68v2_89E47CE46456		UNMATCHED
STAR	research/astro_spatial_annotation_ai_b2/AI1_AI2_OBJECT_MATCH.tsv	f68v2	AI1	B_OBJ_0408	AI2	C_OBJ_0544	MATCHED	HOBJ_f68v2_3FBF102801E6	HOBJ_f68v2_3FBF102801E6	SAME_CANDIDATE
STAR	research/astro_spatial_annotation_ai_b2/AI1_AI2_OBJECT_MATCH.tsv	f68v2	AI1	B_OBJ_0409	AI2	UNMATCHED	LEFT_ONLY	HOBJ_f68v2_642910E7F616		UNMATCHED
STAR	research/astro_spatial_annotation_ai_b2/AI1_AI2_OBJECT_MATCH.tsv	f68v2	AI1	B_OBJ_0410	AI2	UNMATCHED	LEFT_ONLY	HOBJ_f68v2_700ED727F04E		UNMATCHED
STAR	research/astro_spatial_annotation_ai_b2/AI1_AI2_OBJECT_MATCH.tsv	f68v2	AI1	B_OBJ_0411	AI2	UNMATCHED	LEFT_ONLY	HOBJ_f68v2_8E409C957338		UNMATCHED
STAR	research/astro_spatial_annotation_ai_b2/AI1_AI2_OBJECT_MATCH.tsv	f68v2	AI1	B_OBJ_0412	AI2	C_OBJ_0491	MATCHED	HOBJ_f68v2_62C497B54983	HOBJ_f68v2_62C497B54983	SAME_CANDIDATE
STAR	research/astro_spatial_annotation_ai_b2/AI1_AI2_OBJECT_MATCH.tsv	f68v2	AI1	B_OBJ_0413	AI2	C_OBJ_0498	MATCHED	HOBJ_f68v2_41686B83501E	HOBJ_f68v2_41686B83501E	SAME_CANDIDATE
STAR	research/astro_spatial_annotation_ai_b2/AI1_AI2_OBJECT_MATCH.tsv	f68v2	AI1	B_OBJ_0414	AI2	C_OBJ_0528	MATCHED	HOBJ_f68v2_73421669AE05	HOBJ_f68v2_73421669AE05	SAME_CANDIDATE
STAR	research/astro_spatial_annotation_ai_b2/AI1_AI2_OBJECT_MATCH.tsv	f68v2	AI1	B_OBJ_0415	AI2	C_OBJ_0492	MATCHED	HOBJ_f68v2_59228B6F436C	HOBJ_f68v2_59228B6F436C	SAME_CANDIDATE
STAR	research/astro_spatial_annotation_ai_b2/AI1_AI2_OBJECT_MATCH.tsv	f68v2	AI1	B_OBJ_0416	AI2	C_OBJ_0499	MATCHED	HOBJ_f68v2_972C5F47C72F	HOBJ_f68v2_972C5F47C72F	SAME_CANDIDATE
STAR	research/astro_spatial_annotation_ai_b2/AI1_AI2_OBJECT_MATCH.tsv	f68v2	AI1	B_OBJ_0417	AI2	C_OBJ_0533	MATCHED	HOBJ_f68v2_83517E253083	HOBJ_f68v2_83517E253083	SAME_CANDIDATE
STAR	research/astro_spatial_annotation_ai_b2/AI1_AI2_OBJECT_MATCH.tsv	f68v2	AI1	B_OBJ_0418	AI2	UNMATCHED	LEFT_ONLY	HOBJ_f68v2_13A98E896ADA		UNMATCHED
STAR	research/astro_spatial_annotation_ai_b2/AI1_AI2_OBJECT_MATCH.tsv	f68v2	AI1	B_OBJ_0419	AI2	UNMATCHED	LEFT_ONLY	HOBJ_f68v2_D8CA61F34D90		UNMATCHED
STAR	research/astro_spatial_annotation_ai_b2/AI1_AI2_OBJECT_MATCH.tsv	f68v2	AI1	B_OBJ_0420	AI2	UNMATCHED	LEFT_ONLY	HOBJ_f68v2_7DD004B4506D		UNMATCHED
STAR	research/astro_spatial_annotation_ai_b2/AI1_AI2_OBJECT_MATCH.tsv	f68v2	AI1	B_OBJ_0421	AI2	UNMATCHED	LEFT_ONLY	HOBJ_f68v2_325715B51E16		UNMATCHED
STAR	research/astro_spatial_annotation_ai_b2/AI1_AI2_OBJECT_MATCH.tsv	f68v2	AI1	B_OBJ_0422	AI2	UNMATCHED	LEFT_ONLY	HOBJ_f68v2_A6F0DAB04C14		UNMATCHED
STAR	research/astro_spatial_annotation_ai_b2/AI1_AI2_OBJECT_MATCH.tsv	f68v2	AI1	B_OBJ_0423	AI2	C_OBJ_0493	MATCHED	HOBJ_f68v2_D8745C0151C7	HOBJ_f68v2_D8745C0151C7	SAME_CANDIDATE
STAR	research/astro_spatial_annotation_ai_b2/AI1_AI2_OBJECT_MATCH.tsv	f68v2	AI1	B_OBJ_0424	AI2	C_OBJ_0501	MATCHED	HOBJ_f68v2_FC86F89B1DC0	HOBJ_f68v2_FC86F89B1DC0	SAME_CANDIDATE
STAR	research/astro_spatial_annotation_ai_b2/AI1_AI2_OBJECT_MATCH.tsv	f68v2	AI1	B_OBJ_0425	AI2	C_OBJ_0538	MATCHED	HOBJ_f68v2_F8E82AAFF9A7	HOBJ_f68v2_F8E82AAFF9A7	SAME_CANDIDATE
STAR	research/astro_spatial_annotation_ai_b2/AI1_AI2_OBJECT_MATCH.tsv	f68v2	AI1	B_OBJ_0426	AI2	C_OBJ_0540	MATCHED	HOBJ_f68v2_D8A0EB2D2B93	HOBJ_f68v2_D8A0EB2D2B93	SAME_CANDIDATE
STAR	research/astro_spatial_annotation_ai_b2/AI1_AI2_OBJECT_MATCH.tsv	f68v2	AI1	B_OBJ_0427	AI2	UNMATCHED	LEFT_ONLY	HOBJ_f68v2_9232C06CE89F		UNMATCHED
STAR	research/astro_spatial_annotation_ai_b2/AI1_AI2_OBJECT_MATCH.tsv	f68v2	AI1	B_OBJ_0428	AI2	C_OBJ_0502	MATCHED	HOBJ_f68v2_15B2829C2DEB	HOBJ_f68v2_15B2829C2DEB	SAME_CANDIDATE
STAR	research/astro_spatial_annotation_ai_b2/AI1_AI2_OBJECT_MATCH.tsv	f68v2	AI1	B_OBJ_0429	AI2	C_OBJ_0524	MATCHED	HOBJ_f68v2_81F99C6A0675	HOBJ_f68v2_81F99C6A0675	SAME_CANDIDATE
STAR	research/astro_spatial_annotation_ai_b2/AI1_AI2_OBJECT_MATCH.tsv	f68v2	AI1	B_OBJ_0430	AI2	UNMATCHED	LEFT_ONLY	HOBJ_f68v2_0AD8C63472A0		UNMATCHED
STAR	research/astro_spatial_annotation_ai_b2/AI1_AI2_OBJECT_MATCH.tsv	f68v2	AI1	B_OBJ_0431	AI2	C_OBJ_0521	MATCHED	HOBJ_f68v2_29FA8B1EF0D8	HOBJ_f68v2_29FA8B1EF0D8	SAME_CANDIDATE
STAR	research/astro_spatial_annotation_ai_b2/AI1_AI2_OBJECT_MATCH.tsv	f68v2	AI1	B_OBJ_0432	AI2	UNMATCHED	LEFT_ONLY	HOBJ_f68v2_D6D1C8D13621		UNMATCHED
STAR	research/astro_spatial_annotation_ai_b2/AI1_AI2_OBJECT_MATCH.tsv	f68v2	AI1	B_OBJ_0433	AI2	UNMATCHED	LEFT_ONLY	HOBJ_f68v2_44CEC1A648E3		UNMATCHED
STAR	research/astro_spatial_annotation_ai_b2/AI1_AI2_OBJECT_MATCH.tsv	f68v2	AI1	B_OBJ_0434	AI2	UNMATCHED	LEFT_ONLY	HOBJ_f68v2_BFE5F7F89379		UNMATCHED
STAR	research/astro_spatial_annotation_ai_b2/AI1_AI2_OBJECT_MATCH.tsv	f68v2	AI1	B_OBJ_0435	AI2	UNMATCHED	LEFT_ONLY	HOBJ_f68v2_6C067BD76804		UNMATCHED
STAR	research/astro_spatial_annotation_ai_b2/AI1_AI2_OBJECT_MATCH.tsv	f68v2	AI1	B_OBJ_0436	AI2	UNMATCHED	LEFT_ONLY	HOBJ_f68v2_ECFAB4FE8228		UNMATCHED
STAR	research/astro_spatial_annotation_ai_b2/AI1_AI2_OBJECT_MATCH.tsv	f68v2	AI1	B_OBJ_0437	AI2	C_OBJ_0503	MATCHED	HOBJ_f68v2_5D5F1D694130	HOBJ_f68v2_5D5F1D694130	SAME_CANDIDATE
STAR	research/astro_spatial_annotation_ai_b2/AI1_AI2_OBJECT_MATCH.tsv	f68v2	AI1	B_OBJ_0438	AI2	C_OBJ_0517	MATCHED	HOBJ_f68v2_B4770B5E4E2F	HOBJ_f68v2_B4770B5E4E2F	SAME_CANDIDATE
STAR	research/astro_spatial_annotation_ai_b2/AI1_AI2_OBJECT_MATCH.tsv	f68v2	AI1	B_OBJ_0439	AI2	UNMATCHED	LEFT_ONLY	HOBJ_f68v2_A601336B6EDB		UNMATCHED
STAR	research/astro_spatial_annotation_ai_b2/AI1_AI2_OBJECT_MATCH.tsv	f68v2	AI1	B_OBJ_0440	AI2	C_OBJ_0488	MATCHED	HOBJ_f68v2_B0E9D4D429BE	HOBJ_f68v2_B0E9D4D429BE	SAME_CANDIDATE
STAR	research/astro_spatial_annotation_ai_b2/AI1_AI2_OBJECT_MATCH.tsv	f68v2	AI1	B_OBJ_0441	AI2	C_OBJ_0496	MATCHED	HOBJ_f68v2_88D20188E3A5	HOBJ_f68v2_88D20188E3A5	SAME_CANDIDATE
STAR	research/astro_spatial_annotation_ai_b2/AI1_AI2_OBJECT_MATCH.tsv	f68v2	AI1	B_OBJ_0442	AI2	UNMATCHED	LEFT_ONLY	HOBJ_f68v2_5CBEA62ACA92		UNMATCHED
STAR	research/astro_spatial_annotation_ai_b2/AI1_AI2_OBJECT_MATCH.tsv	f68v2	AI1	B_OBJ_0443	AI2	UNMATCHED	LEFT_ONLY	HOBJ_f68v2_7E7A5C69A488		UNMATCHED
STAR	research/astro_spatial_annotation_ai_b2/AI1_AI2_OBJECT_MATCH.tsv	f68v2	AI1	B_OBJ_0444	AI2	UNMATCHED	LEFT_ONLY	HOBJ_f68v2_A7B8288C46BE		UNMATCHED
STAR	research/astro_spatial_annotation_ai_b2/AI1_AI2_OBJECT_MATCH.tsv	f68v2	AI1	B_OBJ_0445	AI2	UNMATCHED	LEFT_ONLY	HOBJ_f68v2_92B415AB090B		UNMATCHED
STAR	research/astro_spatial_annotation_ai_b2/AI1_AI2_OBJECT_MATCH.tsv	f68v2	AI1	B_OBJ_0446	AI2	UNMATCHED	LEFT_ONLY	HOBJ_f68v2_7B70FFCD8BC1		UNMATCHED
STAR	research/astro_spatial_annotation_ai_b2/AI1_AI2_OBJECT_MATCH.tsv	f68v2	AI1	B_OBJ_0447	AI2	C_OBJ_0507	MATCHED	HOBJ_f68v2_251A312B105E	HOBJ_f68v2_251A312B105E	SAME_CANDIDATE
STAR	research/astro_spatial_annotation_ai_b2/AI1_AI2_OBJECT_MATCH.tsv	f68v2	AI1	B_OBJ_0448	AI2	UNMATCHED	LEFT_ONLY	HOBJ_f68v2_8902951CF7FE		UNMATCHED
STAR	research/astro_spatial_annotation_ai_b2/AI1_AI2_OBJECT_MATCH.tsv	f68v2	AI1	B_OBJ_0449	AI2	UNMATCHED	LEFT_ONLY	HOBJ_f68v2_876E59C4900B		UNMATCHED
STAR	research/astro_spatial_annotation_ai_b2/AI1_AI2_OBJECT_MATCH.tsv	f68v2	AI1	B_OBJ_0450	AI2	C_OBJ_0504	MATCHED	HOBJ_f68v2_504F1D41DFB7	HOBJ_f68v2_504F1D41DFB7	SAME_CANDIDATE
STAR	research/astro_spatial_annotation_ai_b2/AI1_AI2_OBJECT_MATCH.tsv	f67r1	AI1	UNMATCHED	AI2	C_OBJ_0002	RIGHT_ONLY		HOBJ_f67r1_541E41FD6156	UNMATCHED
STAR	research/astro_spatial_annotation_ai_b2/AI1_AI2_OBJECT_MATCH.tsv	f67r1	AI1	UNMATCHED	AI2	C_OBJ_0007	RIGHT_ONLY		HOBJ_f67r1_AFE3154DCBE4	UNMATCHED
STAR	research/astro_spatial_annotation_ai_b2/AI1_AI2_OBJECT_MATCH.tsv	f67r1	AI1	UNMATCHED	AI2	C_OBJ_0008	RIGHT_ONLY		HOBJ_f67r1_51C24C1C2B16	UNMATCHED
STAR	research/astro_spatial_annotation_ai_b2/AI1_AI2_OBJECT_MATCH.tsv	f67r1	AI1	UNMATCHED	AI2	C_OBJ_0010	RIGHT_ONLY		HOBJ_f67r1_0CF01F9F63A6	UNMATCHED
STAR	research/astro_spatial_annotation_ai_b2/AI1_AI2_OBJECT_MATCH.tsv	f67r1	AI1	UNMATCHED	AI2	C_OBJ_0021	RIGHT_ONLY		HOBJ_f67r1_B49AEEB57449	UNMATCHED
STAR	research/astro_spatial_annotation_ai_b2/AI1_AI2_OBJECT_MATCH.tsv	f67r1	AI1	UNMATCHED	AI2	C_OBJ_0022	RIGHT_ONLY		HOBJ_f67r1_3B79AE5A7FE8	UNMATCHED
STAR	research/astro_spatial_annotation_ai_b2/AI1_AI2_OBJECT_MATCH.tsv	f67r1	AI1	UNMATCHED	AI2	C_OBJ_0023	RIGHT_ONLY		HOBJ_f67r1_CA7BAED54FE3	UNMATCHED
STAR	research/astro_spatial_annotation_ai_b2/AI1_AI2_OBJECT_MATCH.tsv	f67r1	AI1	UNMATCHED	AI2	C_OBJ_0025	RIGHT_ONLY		HOBJ_f67r1_6664E7CDA6E7	UNMATCHED
STAR	research/astro_spatial_annotation_ai_b2/AI1_AI2_OBJECT_MATCH.tsv	f67r1	AI1	UNMATCHED	AI2	C_OBJ_0026	RIGHT_ONLY		HOBJ_f67r1_882605B802A0	UNMATCHED
STAR	research/astro_spatial_annotation_ai_b2/AI1_AI2_OBJECT_MATCH.tsv	f67r1	AI1	UNMATCHED	AI2	C_OBJ_0027	RIGHT_ONLY		HOBJ_f67r1_BE18B76EBE1B	UNMATCHED
STAR	research/astro_spatial_annotation_ai_b2/AI1_AI2_OBJECT_MATCH.tsv	f67r1	AI1	UNMATCHED	AI2	C_OBJ_0030	RIGHT_ONLY		HOBJ_f67r1_E48B38B06BCC	UNMATCHED
STAR	research/astro_spatial_annotation_ai_b2/AI1_AI2_OBJECT_MATCH.tsv	f67r1	AI1	UNMATCHED	AI2	C_OBJ_0031	RIGHT_ONLY		HOBJ_f67r1_84C65B6B0C24	UNMATCHED
STAR	research/astro_spatial_annotation_ai_b2/AI1_AI2_OBJECT_MATCH.tsv	f67r1	AI1	UNMATCHED	AI2	C_OBJ_0032	RIGHT_ONLY		HOBJ_f67r1_9D95F9859252	UNMATCHED
STAR	research/astro_spatial_annotation_ai_b2/AI1_AI2_OBJECT_MATCH.tsv	f67r1	AI1	UNMATCHED	AI2	C_OBJ_0033	RIGHT_ONLY		HOBJ_f67r1_114733339408	UNMATCHED
STAR	research/astro_spatial_annotation_ai_b2/AI1_AI2_OBJECT_MATCH.tsv	f67r1	AI1	UNMATCHED	AI2	C_OBJ_0034	RIGHT_ONLY		HOBJ_f67r1_BB7467C99743	UNMATCHED
STAR	research/astro_spatial_annotation_ai_b2/AI1_AI2_OBJECT_MATCH.tsv	f67r1	AI1	UNMATCHED	AI2	C_OBJ_0035	RIGHT_ONLY		HOBJ_f67r1_A8B90A79FDC3	UNMATCHED
STAR	research/astro_spatial_annotation_ai_b2/AI1_AI2_OBJECT_MATCH.tsv	f67r1	AI1	UNMATCHED	AI2	C_OBJ_0036	RIGHT_ONLY		HOBJ_f67r1_6706ADCF6649	UNMATCHED
STAR	research/astro_spatial_annotation_ai_b2/AI1_AI2_OBJECT_MATCH.tsv	f67r1	AI1	UNMATCHED	AI2	C_OBJ_0037	RIGHT_ONLY		HOBJ_f67r1_AE232A26D5C3	UNMATCHED
STAR	research/astro_spatial_annotation_ai_b2/AI1_AI2_OBJECT_MATCH.tsv	f67r1	AI1	UNMATCHED	AI2	C_OBJ_0038	RIGHT_ONLY		HOBJ_f67r1_777D53EB3F6D	UNMATCHED
STAR	research/astro_spatial_annotation_ai_b2/AI1_AI2_OBJECT_MATCH.tsv	f67r1	AI1	UNMATCHED	AI2	C_OBJ_0039	RIGHT_ONLY		HOBJ_f67r1_A53594DE2700	UNMATCHED
STAR	research/astro_spatial_annotation_ai_b2/AI1_AI2_OBJECT_MATCH.tsv	f67r1	AI1	UNMATCHED	AI2	C_OBJ_0040	RIGHT_ONLY		HOBJ_f67r1_2B38D45F2ECE	UNMATCHED
STAR	research/astro_spatial_annotation_ai_b2/AI1_AI2_OBJECT_MATCH.tsv	f67r1	AI1	UNMATCHED	AI2	C_OBJ_0041	RIGHT_ONLY		HOBJ_f67r1_B49244826D85	UNMATCHED
STAR	research/astro_spatial_annotation_ai_b2/AI1_AI2_OBJECT_MATCH.tsv	f67r1	AI1	UNMATCHED	AI2	C_OBJ_0042	RIGHT_ONLY		HOBJ_f67r1_2529047D3B9B	UNMATCHED
STAR	research/astro_spatial_annotation_ai_b2/AI1_AI2_OBJECT_MATCH.tsv	f67r1	AI1	UNMATCHED	AI2	C_OBJ_0043	RIGHT_ONLY		HOBJ_f67r1_B0E838402FCC	UNMATCHED
STAR	research/astro_spatial_annotation_ai_b2/AI1_AI2_OBJECT_MATCH.tsv	f67r1	AI1	UNMATCHED	AI2	C_OBJ_0044	RIGHT_ONLY		HOBJ_f67r1_0FA0E8AAB6DA	UNMATCHED
STAR	research/astro_spatial_annotation_ai_b2/AI1_AI2_OBJECT_MATCH.tsv	f67r1	AI1	UNMATCHED	AI2	C_OBJ_0045	RIGHT_ONLY		HOBJ_f67r1_CAB46A87D4DA	UNMATCHED
STAR	research/astro_spatial_annotation_ai_b2/AI1_AI2_OBJECT_MATCH.tsv	f67r1	AI1	UNMATCHED	AI2	C_OBJ_0046	RIGHT_ONLY		HOBJ_f67r1_4BE084A04023	UNMATCHED
STAR	research/astro_spatial_annotation_ai_b2/AI1_AI2_OBJECT_MATCH.tsv	f67r1	AI1	UNMATCHED	AI2	C_OBJ_0047	RIGHT_ONLY		HOBJ_f67r1_29906AA0CFBE	UNMATCHED
STAR	research/astro_spatial_annotation_ai_b2/AI1_AI2_OBJECT_MATCH.tsv	f67r1	AI1	UNMATCHED	AI2	C_OBJ_0048	RIGHT_ONLY		HOBJ_f67r1_E4743D1A4EBE	UNMATCHED
STAR	research/astro_spatial_annotation_ai_b2/AI1_AI2_OBJECT_MATCH.tsv	f67r1	AI1	UNMATCHED	AI2	C_OBJ_0049	RIGHT_ONLY		HOBJ_f67r1_67FAEDF27535	UNMATCHED
STAR	research/astro_spatial_annotation_ai_b2/AI1_AI2_OBJECT_MATCH.tsv	f67r1	AI1	UNMATCHED	AI2	C_OBJ_0050	RIGHT_ONLY		HOBJ_f67r1_421416789B42	UNMATCHED
STAR	research/astro_spatial_annotation_ai_b2/AI1_AI2_OBJECT_MATCH.tsv	f67r1	AI1	UNMATCHED	AI2	C_OBJ_0051	RIGHT_ONLY		HOBJ_f67r1_9F61547E13C9	UNMATCHED
STAR	research/astro_spatial_annotation_ai_b2/AI1_AI2_OBJECT_MATCH.tsv	f67r1	AI1	UNMATCHED	AI2	C_OBJ_0052	RIGHT_ONLY		HOBJ_f67r1_B0551FC6AC57	UNMATCHED
STAR	research/astro_spatial_annotation_ai_b2/AI1_AI2_OBJECT_MATCH.tsv	f67r1	AI1	UNMATCHED	AI2	C_OBJ_0053	RIGHT_ONLY		HOBJ_f67r1_546665FBFDB0	UNMATCHED
STAR	research/astro_spatial_annotation_ai_b2/AI1_AI2_OBJECT_MATCH.tsv	f67r1	AI1	UNMATCHED	AI2	C_OBJ_0054	RIGHT_ONLY		HOBJ_f67r1_93E97B2A54DF	UNMATCHED
STAR	research/astro_spatial_annotation_ai_b2/AI1_AI2_OBJECT_MATCH.tsv	f67r1	AI1	UNMATCHED	AI2	C_OBJ_0055	RIGHT_ONLY		HOBJ_f67r1_8B9AF5F32C63	UNMATCHED
STAR	research/astro_spatial_annotation_ai_b2/AI1_AI2_OBJECT_MATCH.tsv	f67r1	AI1	UNMATCHED	AI2	C_OBJ_0056	RIGHT_ONLY		HOBJ_f67r1_0C90911EB363	UNMATCHED
STAR	research/astro_spatial_annotation_ai_b2/AI1_AI2_OBJECT_MATCH.tsv	f67r1	AI1	UNMATCHED	AI2	C_OBJ_0057	RIGHT_ONLY		HOBJ_f67r1_E588164D7DA5	UNMATCHED
STAR	research/astro_spatial_annotation_ai_b2/AI1_AI2_OBJECT_MATCH.tsv	f67r1	AI1	UNMATCHED	AI2	C_OBJ_0058	RIGHT_ONLY		HOBJ_f67r1_2FB3C806895B	UNMATCHED
STAR	research/astro_spatial_annotation_ai_b2/AI1_AI2_OBJECT_MATCH.tsv	f67r1	AI1	UNMATCHED	AI2	C_OBJ_0059	RIGHT_ONLY		HOBJ_f67r1_95B3110941B1	UNMATCHED
STAR	research/astro_spatial_annotation_ai_b2/AI1_AI2_OBJECT_MATCH.tsv	f67r1	AI1	UNMATCHED	AI2	C_OBJ_0060	RIGHT_ONLY		HOBJ_f67r1_70889EB1C286	UNMATCHED
STAR	research/astro_spatial_annotation_ai_b2/AI1_AI2_OBJECT_MATCH.tsv	f67r1	AI1	UNMATCHED	AI2	C_OBJ_0062	RIGHT_ONLY		HOBJ_f67r1_70959461CE94	UNMATCHED
STAR	research/astro_spatial_annotation_ai_b2/AI1_AI2_OBJECT_MATCH.tsv	f67r1	AI1	UNMATCHED	AI2	C_OBJ_0063	RIGHT_ONLY		HOBJ_f67r1_E79FBBFBC176	UNMATCHED
STAR	research/astro_spatial_annotation_ai_b2/AI1_AI2_OBJECT_MATCH.tsv	f67r1	AI1	UNMATCHED	AI2	C_OBJ_0064	RIGHT_ONLY		HOBJ_f67r1_0722F562C19C	UNMATCHED
STAR	research/astro_spatial_annotation_ai_b2/AI1_AI2_OBJECT_MATCH.tsv	f67r1	AI1	UNMATCHED	AI2	C_OBJ_0065	RIGHT_ONLY		HOBJ_f67r1_E8036D73CDE2	UNMATCHED
STAR	research/astro_spatial_annotation_ai_b2/AI1_AI2_OBJECT_MATCH.tsv	f67r1	AI1	UNMATCHED	AI2	C_OBJ_0068	RIGHT_ONLY		HOBJ_f67r1_858DA1A764E2	UNMATCHED
STAR	research/astro_spatial_annotation_ai_b2/AI1_AI2_OBJECT_MATCH.tsv	f67r1	AI1	UNMATCHED	AI2	C_OBJ_0069	RIGHT_ONLY		HOBJ_f67r1_627170A76D92	UNMATCHED
STAR	research/astro_spatial_annotation_ai_b2/AI1_AI2_OBJECT_MATCH.tsv	f67r1	AI1	UNMATCHED	AI2	C_OBJ_0070	RIGHT_ONLY		HOBJ_f67r1_C986F801964D	UNMATCHED
STAR	research/astro_spatial_annotation_ai_b2/AI1_AI2_OBJECT_MATCH.tsv	f67r1	AI1	UNMATCHED	AI2	C_OBJ_0071	RIGHT_ONLY		HOBJ_f67r1_4DA42AADD705	UNMATCHED
STAR	research/astro_spatial_annotation_ai_b2/AI1_AI2_OBJECT_MATCH.tsv	f67r1	AI1	UNMATCHED	AI2	C_OBJ_0072	RIGHT_ONLY		HOBJ_f67r1_623AF8847491	UNMATCHED
STAR	research/astro_spatial_annotation_ai_b2/AI1_AI2_OBJECT_MATCH.tsv	f67r1	AI1	UNMATCHED	AI2	C_OBJ_0073	RIGHT_ONLY		HOBJ_f67r1_F3FE34268AF5	UNMATCHED
STAR	research/astro_spatial_annotation_ai_b2/AI1_AI2_OBJECT_MATCH.tsv	f67r1	AI1	UNMATCHED	AI2	C_OBJ_0075	RIGHT_ONLY		HOBJ_f67r1_0A7088E3616C	UNMATCHED
STAR	research/astro_spatial_annotation_ai_b2/AI1_AI2_OBJECT_MATCH.tsv	f67r1	AI1	UNMATCHED	AI2	C_OBJ_0076	RIGHT_ONLY		HOBJ_f67r1_DF2A81EBAA31	UNMATCHED
STAR	research/astro_spatial_annotation_ai_b2/AI1_AI2_OBJECT_MATCH.tsv	f67r1	AI1	UNMATCHED	AI2	C_OBJ_0077	RIGHT_ONLY		HOBJ_f67r1_4E5E643ADC5B	UNMATCHED
STAR	research/astro_spatial_annotation_ai_b2/AI1_AI2_OBJECT_MATCH.tsv	f67r1	AI1	UNMATCHED	AI2	C_OBJ_0078	RIGHT_ONLY		HOBJ_f67r1_B5E9030E56C3	UNMATCHED
STAR	research/astro_spatial_annotation_ai_b2/AI1_AI2_OBJECT_MATCH.tsv	f67r1	AI1	UNMATCHED	AI2	C_OBJ_0080	RIGHT_ONLY		HOBJ_f67r1_C90C21BD6271	UNMATCHED
STAR	research/astro_spatial_annotation_ai_b2/AI1_AI2_OBJECT_MATCH.tsv	f67r1	AI1	UNMATCHED	AI2	C_OBJ_0081	RIGHT_ONLY		HOBJ_f67r1_5CF6A59ACF55	UNMATCHED
STAR	research/astro_spatial_annotation_ai_b2/AI1_AI2_OBJECT_MATCH.tsv	f67r2	AI1	UNMATCHED	AI2	C_OBJ_0083	RIGHT_ONLY		HOBJ_f67r2_65191D9C93F9	UNMATCHED
STAR	research/astro_spatial_annotation_ai_b2/AI1_AI2_OBJECT_MATCH.tsv	f67r2	AI1	UNMATCHED	AI2	C_OBJ_0084	RIGHT_ONLY		HOBJ_f67r2_51B75036A318	UNMATCHED
STAR	research/astro_spatial_annotation_ai_b2/AI1_AI2_OBJECT_MATCH.tsv	f67r2	AI1	UNMATCHED	AI2	C_OBJ_0085	RIGHT_ONLY		HOBJ_f67r2_FE179CC9A541	UNMATCHED
STAR	research/astro_spatial_annotation_ai_b2/AI1_AI2_OBJECT_MATCH.tsv	f67r2	AI1	UNMATCHED	AI2	C_OBJ_0090	RIGHT_ONLY		HOBJ_f67r2_318E8BC01029	UNMATCHED
STAR	research/astro_spatial_annotation_ai_b2/AI1_AI2_OBJECT_MATCH.tsv	f67r2	AI1	UNMATCHED	AI2	C_OBJ_0091	RIGHT_ONLY		HOBJ_f67r2_1538308200B1	UNMATCHED
STAR	research/astro_spatial_annotation_ai_b2/AI1_AI2_OBJECT_MATCH.tsv	f67r2	AI1	UNMATCHED	AI2	C_OBJ_0094	RIGHT_ONLY		HOBJ_f67r2_8BE7E298267B	UNMATCHED
STAR	research/astro_spatial_annotation_ai_b2/AI1_AI2_OBJECT_MATCH.tsv	f67r2	AI1	UNMATCHED	AI2	C_OBJ_0095	RIGHT_ONLY		HOBJ_f67r2_772DB9CD83E6	UNMATCHED
STAR	research/astro_spatial_annotation_ai_b2/AI1_AI2_OBJECT_MATCH.tsv	f67r2	AI1	UNMATCHED	AI2	C_OBJ_0096	RIGHT_ONLY		HOBJ_f67r2_78AF7888637B	UNMATCHED
STAR	research/astro_spatial_annotation_ai_b2/AI1_AI2_OBJECT_MATCH.tsv	f67r2	AI1	UNMATCHED	AI2	C_OBJ_0099	RIGHT_ONLY		HOBJ_f67r2_F4315E51E431	UNMATCHED
STAR	research/astro_spatial_annotation_ai_b2/AI1_AI2_OBJECT_MATCH.tsv	f67r2	AI1	UNMATCHED	AI2	C_OBJ_0100	RIGHT_ONLY		HOBJ_f67r2_2865114CCD05	UNMATCHED
STAR	research/astro_spatial_annotation_ai_b2/AI1_AI2_OBJECT_MATCH.tsv	f67r2	AI1	UNMATCHED	AI2	C_OBJ_0101	RIGHT_ONLY		HOBJ_f67r2_C77EDA77FC22	UNMATCHED
STAR	research/astro_spatial_annotation_ai_b2/AI1_AI2_OBJECT_MATCH.tsv	f67r2	AI1	UNMATCHED	AI2	C_OBJ_0105	RIGHT_ONLY		HOBJ_f67r2_DAAB3A99565A	UNMATCHED
STAR	research/astro_spatial_annotation_ai_b2/AI1_AI2_OBJECT_MATCH.tsv	f67r2	AI1	UNMATCHED	AI2	C_OBJ_0108	RIGHT_ONLY		HOBJ_f67r2_D6D5E61280D1	UNMATCHED
STAR	research/astro_spatial_annotation_ai_b2/AI1_AI2_OBJECT_MATCH.tsv	f67r2	AI1	UNMATCHED	AI2	C_OBJ_0110	RIGHT_ONLY		HOBJ_f67r2_F2C0BF6B22FF	UNMATCHED
STAR	research/astro_spatial_annotation_ai_b2/AI1_AI2_OBJECT_MATCH.tsv	f67r2	AI1	UNMATCHED	AI2	C_OBJ_0115	RIGHT_ONLY		HOBJ_f67r2_3FDC1EB9D813	UNMATCHED
STAR	research/astro_spatial_annotation_ai_b2/AI1_AI2_OBJECT_MATCH.tsv	f67r2	AI1	UNMATCHED	AI2	C_OBJ_0124	RIGHT_ONLY		HOBJ_f67r2_2A6CCCF1A948	UNMATCHED
STAR	research/astro_spatial_annotation_ai_b2/AI1_AI2_OBJECT_MATCH.tsv	f67r2	AI1	UNMATCHED	AI2	C_OBJ_0125	RIGHT_ONLY		HOBJ_f67r2_870A97943D1F	UNMATCHED
STAR	research/astro_spatial_annotation_ai_b2/AI1_AI2_OBJECT_MATCH.tsv	f67r2	AI1	UNMATCHED	AI2	C_OBJ_0126	RIGHT_ONLY		HOBJ_f67r2_02C4997A08FB	UNMATCHED
STAR	research/astro_spatial_annotation_ai_b2/AI1_AI2_OBJECT_MATCH.tsv	f67v1	AI1	UNMATCHED	AI2	C_OBJ_0128	RIGHT_ONLY		HOBJ_f67v1_C7ACDEAE28B0	UNMATCHED
STAR	research/astro_spatial_annotation_ai_b2/AI1_AI2_OBJECT_MATCH.tsv	f67v1	AI1	UNMATCHED	AI2	C_OBJ_0129	RIGHT_ONLY		HOBJ_f67v1_3D153B4C5C87	UNMATCHED
STAR	research/astro_spatial_annotation_ai_b2/AI1_AI2_OBJECT_MATCH.tsv	f67v1	AI1	UNMATCHED	AI2	C_OBJ_0130	RIGHT_ONLY		HOBJ_f67v1_8292FEF99408	UNMATCHED
STAR	research/astro_spatial_annotation_ai_b2/AI1_AI2_OBJECT_MATCH.tsv	f67v1	AI1	UNMATCHED	AI2	C_OBJ_0133	RIGHT_ONLY		HOBJ_f67v1_F59DE81868BA	UNMATCHED
STAR	research/astro_spatial_annotation_ai_b2/AI1_AI2_OBJECT_MATCH.tsv	f67v1	AI1	UNMATCHED	AI2	C_OBJ_0136	RIGHT_ONLY		HOBJ_f67v1_3B9FAD0B04CB	UNMATCHED
STAR	research/astro_spatial_annotation_ai_b2/AI1_AI2_OBJECT_MATCH.tsv	f67v1	AI1	UNMATCHED	AI2	C_OBJ_0137	RIGHT_ONLY		HOBJ_f67v1_C384E0E949AE	UNMATCHED
STAR	research/astro_spatial_annotation_ai_b2/AI1_AI2_OBJECT_MATCH.tsv	f67v1	AI1	UNMATCHED	AI2	C_OBJ_0140	RIGHT_ONLY		HOBJ_f67v1_FBA3C4673009	UNMATCHED
STAR	research/astro_spatial_annotation_ai_b2/AI1_AI2_OBJECT_MATCH.tsv	f67v1	AI1	UNMATCHED	AI2	C_OBJ_0145	RIGHT_ONLY		HOBJ_f67v1_1F8A99026295	UNMATCHED
STAR	research/astro_spatial_annotation_ai_b2/AI1_AI2_OBJECT_MATCH.tsv	f67v1	AI1	UNMATCHED	AI2	C_OBJ_0146	RIGHT_ONLY		HOBJ_f67v1_F6CC71994CDF	UNMATCHED
STAR	research/astro_spatial_annotation_ai_b2/AI1_AI2_OBJECT_MATCH.tsv	f67v1	AI1	UNMATCHED	AI2	C_OBJ_0151	RIGHT_ONLY		HOBJ_f67v1_58E19B000CFB	UNMATCHED
STAR	research/astro_spatial_annotation_ai_b2/AI1_AI2_OBJECT_MATCH.tsv	f67v1	AI1	UNMATCHED	AI2	C_OBJ_0152	RIGHT_ONLY		HOBJ_f67v1_43AE8F988E15	UNMATCHED
STAR	research/astro_spatial_annotation_ai_b2/AI1_AI2_OBJECT_MATCH.tsv	f67v1	AI1	UNMATCHED	AI2	C_OBJ_0153	RIGHT_ONLY		HOBJ_f67v1_288F382297C0	UNMATCHED
STAR	research/astro_spatial_annotation_ai_b2/AI1_AI2_OBJECT_MATCH.tsv	f67v1	AI1	UNMATCHED	AI2	C_OBJ_0156	RIGHT_ONLY		HOBJ_f67v1_81737152D842	UNMATCHED
STAR	research/astro_spatial_annotation_ai_b2/AI1_AI2_OBJECT_MATCH.tsv	f67v1	AI1	UNMATCHED	AI2	C_OBJ_0157	RIGHT_ONLY		HOBJ_f67v1_651E8693C244	UNMATCHED
STAR	research/astro_spatial_annotation_ai_b2/AI1_AI2_OBJECT_MATCH.tsv	f67v1	AI1	UNMATCHED	AI2	C_OBJ_0158	RIGHT_ONLY		HOBJ_f67v1_9BF71CAFAA17	UNMATCHED
STAR	research/astro_spatial_annotation_ai_b2/AI1_AI2_OBJECT_MATCH.tsv	f67v1	AI1	UNMATCHED	AI2	C_OBJ_0159	RIGHT_ONLY		HOBJ_f67v1_13068BDEBE96	UNMATCHED
STAR	research/astro_spatial_annotation_ai_b2/AI1_AI2_OBJECT_MATCH.tsv	f67v1	AI1	UNMATCHED	AI2	C_OBJ_0161	RIGHT_ONLY		HOBJ_f67v1_7E5E4F079B83	UNMATCHED
STAR	research/astro_spatial_annotation_ai_b2/AI1_AI2_OBJECT_MATCH.tsv	f67v1	AI1	UNMATCHED	AI2	C_OBJ_0162	RIGHT_ONLY		HOBJ_f67v1_F2350C796E80	UNMATCHED
STAR	research/astro_spatial_annotation_ai_b2/AI1_AI2_OBJECT_MATCH.tsv	f67v1	AI1	UNMATCHED	AI2	C_OBJ_0164	RIGHT_ONLY		HOBJ_f67v1_211F7BA7F5A9	UNMATCHED
STAR	research/astro_spatial_annotation_ai_b2/AI1_AI2_OBJECT_MATCH.tsv	f67v1	AI1	UNMATCHED	AI2	C_OBJ_0165	RIGHT_ONLY		HOBJ_f67v1_5ED5194D984F	UNMATCHED
STAR	research/astro_spatial_annotation_ai_b2/AI1_AI2_OBJECT_MATCH.tsv	f67v1	AI1	UNMATCHED	AI2	C_OBJ_0166	RIGHT_ONLY		HOBJ_f67v1_B86A051ED8A6	UNMATCHED
STAR	research/astro_spatial_annotation_ai_b2/AI1_AI2_OBJECT_MATCH.tsv	f67v1	AI1	UNMATCHED	AI2	C_OBJ_0168	RIGHT_ONLY		HOBJ_f67v1_1F244D6A3F7A	UNMATCHED
STAR	research/astro_spatial_annotation_ai_b2/AI1_AI2_OBJECT_MATCH.tsv	f67v1	AI1	UNMATCHED	AI2	C_OBJ_0169	RIGHT_ONLY		HOBJ_f67v1_AC0352A0A7AB	UNMATCHED
STAR	research/astro_spatial_annotation_ai_b2/AI1_AI2_OBJECT_MATCH.tsv	f67v1	AI1	UNMATCHED	AI2	C_OBJ_0170	RIGHT_ONLY		HOBJ_f67v1_7D4D96035479	UNMATCHED
STAR	research/astro_spatial_annotation_ai_b2/AI1_AI2_OBJECT_MATCH.tsv	f67v1	AI1	UNMATCHED	AI2	C_OBJ_0171	RIGHT_ONLY		HOBJ_f67v1_D3A2C03DFB8C	UNMATCHED
STAR	research/astro_spatial_annotation_ai_b2/AI1_AI2_OBJECT_MATCH.tsv	f67v1	AI1	UNMATCHED	AI2	C_OBJ_0174	RIGHT_ONLY		HOBJ_f67v1_AA2E576F17BF	UNMATCHED
STAR	research/astro_spatial_annotation_ai_b2/AI1_AI2_OBJECT_MATCH.tsv	f67v1	AI1	UNMATCHED	AI2	C_OBJ_0175	RIGHT_ONLY		HOBJ_f67v1_578A235BC7E8	UNMATCHED
STAR	research/astro_spatial_annotation_ai_b2/AI1_AI2_OBJECT_MATCH.tsv	f67v1	AI1	UNMATCHED	AI2	C_OBJ_0176	RIGHT_ONLY		HOBJ_f67v1_3EAFF3421146	UNMATCHED
STAR	research/astro_spatial_annotation_ai_b2/AI1_AI2_OBJECT_MATCH.tsv	f67v1	AI1	UNMATCHED	AI2	C_OBJ_0177	RIGHT_ONLY		HOBJ_f67v1_C3661885E14A	UNMATCHED
STAR	research/astro_spatial_annotation_ai_b2/AI1_AI2_OBJECT_MATCH.tsv	f67v1	AI1	UNMATCHED	AI2	C_OBJ_0178	RIGHT_ONLY		HOBJ_f67v1_D4FA1BBAB83F	UNMATCHED
STAR	research/astro_spatial_annotation_ai_b2/AI1_AI2_OBJECT_MATCH.tsv	f67v1	AI1	UNMATCHED	AI2	C_OBJ_0179	RIGHT_ONLY		HOBJ_f67v1_89CF97D16D85	UNMATCHED
STAR	research/astro_spatial_annotation_ai_b2/AI1_AI2_OBJECT_MATCH.tsv	f67v1	AI1	UNMATCHED	AI2	C_OBJ_0180	RIGHT_ONLY		HOBJ_f67v1_971031F52700	UNMATCHED
STAR	research/astro_spatial_annotation_ai_b2/AI1_AI2_OBJECT_MATCH.tsv	f67v1	AI1	UNMATCHED	AI2	C_OBJ_0181	RIGHT_ONLY		HOBJ_f67v1_0922EC87F931	UNMATCHED
STAR	research/astro_spatial_annotation_ai_b2/AI1_AI2_OBJECT_MATCH.tsv	f67v1	AI1	UNMATCHED	AI2	C_OBJ_0182	RIGHT_ONLY		HOBJ_f67v1_01DB34FBFC0B	UNMATCHED
STAR	research/astro_spatial_annotation_ai_b2/AI1_AI2_OBJECT_MATCH.tsv	f67v1	AI1	UNMATCHED	AI2	C_OBJ_0183	RIGHT_ONLY		HOBJ_f67v1_46FD6DD730CF	UNMATCHED
STAR	research/astro_spatial_annotation_ai_b2/AI1_AI2_OBJECT_MATCH.tsv	f67v1	AI1	UNMATCHED	AI2	C_OBJ_0184	RIGHT_ONLY		HOBJ_f67v1_660F00924F6D	UNMATCHED
STAR	research/astro_spatial_annotation_ai_b2/AI1_AI2_OBJECT_MATCH.tsv	f67v1	AI1	UNMATCHED	AI2	C_OBJ_0185	RIGHT_ONLY		HOBJ_f67v1_C8163C9D5E22	UNMATCHED
STAR	research/astro_spatial_annotation_ai_b2/AI1_AI2_OBJECT_MATCH.tsv	f67v1	AI1	UNMATCHED	AI2	C_OBJ_0186	RIGHT_ONLY		HOBJ_f67v1_3CBF3DCCDD6C	UNMATCHED
STAR	research/astro_spatial_annotation_ai_b2/AI1_AI2_OBJECT_MATCH.tsv	f67v1	AI1	UNMATCHED	AI2	C_OBJ_0187	RIGHT_ONLY		HOBJ_f67v1_8526853F752A	UNMATCHED
STAR	research/astro_spatial_annotation_ai_b2/AI1_AI2_OBJECT_MATCH.tsv	f67v1	AI1	UNMATCHED	AI2	C_OBJ_0188	RIGHT_ONLY		HOBJ_f67v1_6E63685AABA4	UNMATCHED
STAR	research/astro_spatial_annotation_ai_b2/AI1_AI2_OBJECT_MATCH.tsv	f67v1	AI1	UNMATCHED	AI2	C_OBJ_0189	RIGHT_ONLY		HOBJ_f67v1_186E44B3E9C4	UNMATCHED
STAR	research/astro_spatial_annotation_ai_b2/AI1_AI2_OBJECT_MATCH.tsv	f67v1	AI1	UNMATCHED	AI2	C_OBJ_0190	RIGHT_ONLY		HOBJ_f67v1_D6579BC83BE4	UNMATCHED
STAR	research/astro_spatial_annotation_ai_b2/AI1_AI2_OBJECT_MATCH.tsv	f67v1	AI1	UNMATCHED	AI2	C_OBJ_0191	RIGHT_ONLY		HOBJ_f67v1_545E528B7D23	UNMATCHED
STAR	research/astro_spatial_annotation_ai_b2/AI1_AI2_OBJECT_MATCH.tsv	f67v1	AI1	UNMATCHED	AI2	C_OBJ_0192	RIGHT_ONLY		HOBJ_f67v1_A9516AF030CC	UNMATCHED
STAR	research/astro_spatial_annotation_ai_b2/AI1_AI2_OBJECT_MATCH.tsv	f68r1	AI1	UNMATCHED	AI2	C_OBJ_0194	RIGHT_ONLY		HOBJ_f68r1_9B96054D7F5D	UNMATCHED
STAR	research/astro_spatial_annotation_ai_b2/AI1_AI2_OBJECT_MATCH.tsv	f68r1	AI1	UNMATCHED	AI2	C_OBJ_0196	RIGHT_ONLY		HOBJ_f68r1_0AF8536C9FEC	UNMATCHED
STAR	research/astro_spatial_annotation_ai_b2/AI1_AI2_OBJECT_MATCH.tsv	f68r1	AI1	UNMATCHED	AI2	C_OBJ_0198	RIGHT_ONLY		HOBJ_f68r1_9571A3F0AA59	UNMATCHED
STAR	research/astro_spatial_annotation_ai_b2/AI1_AI2_OBJECT_MATCH.tsv	f68r1	AI1	UNMATCHED	AI2	C_OBJ_0211	RIGHT_ONLY		HOBJ_f68r1_EFE31B3115DD	UNMATCHED
STAR	research/astro_spatial_annotation_ai_b2/AI1_AI2_OBJECT_MATCH.tsv	f68r1	AI1	UNMATCHED	AI2	C_OBJ_0222	RIGHT_ONLY		HOBJ_f68r1_8694EF0DBAE8	UNMATCHED
STAR	research/astro_spatial_annotation_ai_b2/AI1_AI2_OBJECT_MATCH.tsv	f68r1	AI1	UNMATCHED	AI2	C_OBJ_0224	RIGHT_ONLY		HOBJ_f68r1_DC1BBAD1F42E	UNMATCHED
STAR	research/astro_spatial_annotation_ai_b2/AI1_AI2_OBJECT_MATCH.tsv	f68r1	AI1	UNMATCHED	AI2	C_OBJ_0226	RIGHT_ONLY		HOBJ_f68r1_C81AF193775D	UNMATCHED
STAR	research/astro_spatial_annotation_ai_b2/AI1_AI2_OBJECT_MATCH.tsv	f68r2	AI1	UNMATCHED	AI2	C_OBJ_0227	RIGHT_ONLY		HOBJ_f68r2_FD6FEE3E56A4	UNMATCHED
STAR	research/astro_spatial_annotation_ai_b2/AI1_AI2_OBJECT_MATCH.tsv	f68r2	AI1	UNMATCHED	AI2	C_OBJ_0228	RIGHT_ONLY		HOBJ_f68r2_222319BDB3B7	UNMATCHED
STAR	research/astro_spatial_annotation_ai_b2/AI1_AI2_OBJECT_MATCH.tsv	f68r2	AI1	UNMATCHED	AI2	C_OBJ_0232	RIGHT_ONLY		HOBJ_f68r2_3235BA541B1F	UNMATCHED
STAR	research/astro_spatial_annotation_ai_b2/AI1_AI2_OBJECT_MATCH.tsv	f68r2	AI1	UNMATCHED	AI2	C_OBJ_0236	RIGHT_ONLY		HOBJ_f68r2_F0A9F4FD1654	UNMATCHED
STAR	research/astro_spatial_annotation_ai_b2/AI1_AI2_OBJECT_MATCH.tsv	f68r2	AI1	UNMATCHED	AI2	C_OBJ_0241	RIGHT_ONLY		HOBJ_f68r2_0BCC383185CE	UNMATCHED
STAR	research/astro_spatial_annotation_ai_b2/AI1_AI2_OBJECT_MATCH.tsv	f68r2	AI1	UNMATCHED	AI2	C_OBJ_0254	RIGHT_ONLY		HOBJ_f68r2_65E2D78262E2	UNMATCHED
STAR	research/astro_spatial_annotation_ai_b2/AI1_AI2_OBJECT_MATCH.tsv	f68r2	AI1	UNMATCHED	AI2	C_OBJ_0255	RIGHT_ONLY		HOBJ_f68r2_4192FE9E5570	UNMATCHED
STAR	research/astro_spatial_annotation_ai_b2/AI1_AI2_OBJECT_MATCH.tsv	f68r2	AI1	UNMATCHED	AI2	C_OBJ_0259	RIGHT_ONLY		HOBJ_f68r2_9C5B596B5265	UNMATCHED
STAR	research/astro_spatial_annotation_ai_b2/AI1_AI2_OBJECT_MATCH.tsv	f68r2	AI1	UNMATCHED	AI2	C_OBJ_0267	RIGHT_ONLY		HOBJ_f68r2_CA59FCCC6F79	UNMATCHED
STAR	research/astro_spatial_annotation_ai_b2/AI1_AI2_OBJECT_MATCH.tsv	f68r2	AI1	UNMATCHED	AI2	C_OBJ_0269	RIGHT_ONLY		HOBJ_f68r2_07C6E78D42DD	UNMATCHED
STAR	research/astro_spatial_annotation_ai_b2/AI1_AI2_OBJECT_MATCH.tsv	f68r2	AI1	UNMATCHED	AI2	C_OBJ_0271	RIGHT_ONLY		HOBJ_f68r2_A6DE74CF4696	UNMATCHED
STAR	research/astro_spatial_annotation_ai_b2/AI1_AI2_OBJECT_MATCH.tsv	f68r2	AI1	UNMATCHED	AI2	C_OBJ_0276	RIGHT_ONLY		HOBJ_f68r2_E1FC76A02E50	UNMATCHED
STAR	research/astro_spatial_annotation_ai_b2/AI1_AI2_OBJECT_MATCH.tsv	f68r2	AI1	UNMATCHED	AI2	C_OBJ_0278	RIGHT_ONLY		HOBJ_f68r2_187A53DAA101	UNMATCHED
STAR	research/astro_spatial_annotation_ai_b2/AI1_AI2_OBJECT_MATCH.tsv	f68r2	AI1	UNMATCHED	AI2	C_OBJ_0283	RIGHT_ONLY		HOBJ_f68r2_6D595B71AAAC	UNMATCHED
STAR	research/astro_spatial_annotation_ai_b2/AI1_AI2_OBJECT_MATCH.tsv	f68r2	AI1	UNMATCHED	AI2	C_OBJ_0284	RIGHT_ONLY		HOBJ_f68r2_F78E01F368AC	UNMATCHED
STAR	research/astro_spatial_annotation_ai_b2/AI1_AI2_OBJECT_MATCH.tsv	f68r2	AI1	UNMATCHED	AI2	C_OBJ_0285	RIGHT_ONLY		HOBJ_f68r2_9B165406AD77	UNMATCHED
STAR	research/astro_spatial_annotation_ai_b2/AI1_AI2_OBJECT_MATCH.tsv	f68r2	AI1	UNMATCHED	AI2	C_OBJ_0287	RIGHT_ONLY		HOBJ_f68r2_C29F326B0310	UNMATCHED
STAR	research/astro_spatial_annotation_ai_b2/AI1_AI2_OBJECT_MATCH.tsv	f68r2	AI1	UNMATCHED	AI2	C_OBJ_0288	RIGHT_ONLY		HOBJ_f68r2_BEB791C4B6DB	UNMATCHED
STAR	research/astro_spatial_annotation_ai_b2/AI1_AI2_OBJECT_MATCH.tsv	f68r2	AI1	UNMATCHED	AI2	C_OBJ_0289	RIGHT_ONLY		HOBJ_f68r2_4F9ABF92389A	UNMATCHED
STAR	research/astro_spatial_annotation_ai_b2/AI1_AI2_OBJECT_MATCH.tsv	f68r2	AI1	UNMATCHED	AI2	C_OBJ_0290	RIGHT_ONLY		HOBJ_f68r2_CD0EA78B038D	UNMATCHED
STAR	research/astro_spatial_annotation_ai_b2/AI1_AI2_OBJECT_MATCH.tsv	f68r2	AI1	UNMATCHED	AI2	C_OBJ_0291	RIGHT_ONLY		HOBJ_f68r2_3F67FD35E57E	UNMATCHED
STAR	research/astro_spatial_annotation_ai_b2/AI1_AI2_OBJECT_MATCH.tsv	f68r3	AI1	UNMATCHED	AI2	C_OBJ_0293	RIGHT_ONLY		HOBJ_f68r3_F2894DA708D8	UNMATCHED
STAR	research/astro_spatial_annotation_ai_b2/AI1_AI2_OBJECT_MATCH.tsv	f68r3	AI1	UNMATCHED	AI2	C_OBJ_0296	RIGHT_ONLY		HOBJ_f68r3_2044FC2DD9CA	UNMATCHED
STAR	research/astro_spatial_annotation_ai_b2/AI1_AI2_OBJECT_MATCH.tsv	f68r3	AI1	UNMATCHED	AI2	C_OBJ_0300	RIGHT_ONLY		HOBJ_f68r3_5A950C8A2F4C	UNMATCHED
STAR	research/astro_spatial_annotation_ai_b2/AI1_AI2_OBJECT_MATCH.tsv	f68r3	AI1	UNMATCHED	AI2	C_OBJ_0302	RIGHT_ONLY		HOBJ_f68r3_0D4CEA44DFD1	UNMATCHED
STAR	research/astro_spatial_annotation_ai_b2/AI1_AI2_OBJECT_MATCH.tsv	f68r3	AI1	UNMATCHED	AI2	C_OBJ_0304	RIGHT_ONLY		HOBJ_f68r3_CB04C0699B2B	UNMATCHED
STAR	research/astro_spatial_annotation_ai_b2/AI1_AI2_OBJECT_MATCH.tsv	f68r3	AI1	UNMATCHED	AI2	C_OBJ_0305	RIGHT_ONLY		HOBJ_f68r3_1A7539F82D2E	UNMATCHED
STAR	research/astro_spatial_annotation_ai_b2/AI1_AI2_OBJECT_MATCH.tsv	f68r3	AI1	UNMATCHED	AI2	C_OBJ_0309	RIGHT_ONLY		HOBJ_f68r3_A3104D636F36	UNMATCHED
STAR	research/astro_spatial_annotation_ai_b2/AI1_AI2_OBJECT_MATCH.tsv	f68r3	AI1	UNMATCHED	AI2	C_OBJ_0310	RIGHT_ONLY		HOBJ_f68r3_53BF64FEE701	UNMATCHED
STAR	research/astro_spatial_annotation_ai_b2/AI1_AI2_OBJECT_MATCH.tsv	f68r3	AI1	UNMATCHED	AI2	C_OBJ_0311	RIGHT_ONLY		HOBJ_f68r3_44C62D850569	UNMATCHED
STAR	research/astro_spatial_annotation_ai_b2/AI1_AI2_OBJECT_MATCH.tsv	f68r3	AI1	UNMATCHED	AI2	C_OBJ_0313	RIGHT_ONLY		HOBJ_f68r3_1DF7231F2CF1	UNMATCHED
STAR	research/astro_spatial_annotation_ai_b2/AI1_AI2_OBJECT_MATCH.tsv	f68r3	AI1	UNMATCHED	AI2	C_OBJ_0315	RIGHT_ONLY		HOBJ_f68r3_A21F7E1C3EDF	UNMATCHED
STAR	research/astro_spatial_annotation_ai_b2/AI1_AI2_OBJECT_MATCH.tsv	f68r3	AI1	UNMATCHED	AI2	C_OBJ_0316	RIGHT_ONLY		HOBJ_f68r3_88FFC7600AA5	UNMATCHED
STAR	research/astro_spatial_annotation_ai_b2/AI1_AI2_OBJECT_MATCH.tsv	f68r3	AI1	UNMATCHED	AI2	C_OBJ_0317	RIGHT_ONLY		HOBJ_f68r3_E3262B49790A	UNMATCHED
STAR	research/astro_spatial_annotation_ai_b2/AI1_AI2_OBJECT_MATCH.tsv	f68r3	AI1	UNMATCHED	AI2	C_OBJ_0321	RIGHT_ONLY		HOBJ_f68r3_24A68EDE1782	UNMATCHED
STAR	research/astro_spatial_annotation_ai_b2/AI1_AI2_OBJECT_MATCH.tsv	f68r3	AI1	UNMATCHED	AI2	C_OBJ_0322	RIGHT_ONLY		HOBJ_f68r3_35A0EA6D7DAB	UNMATCHED
STAR	research/astro_spatial_annotation_ai_b2/AI1_AI2_OBJECT_MATCH.tsv	f68r3	AI1	UNMATCHED	AI2	C_OBJ_0324	RIGHT_ONLY		HOBJ_f68r3_13F08E298F73	UNMATCHED
STAR	research/astro_spatial_annotation_ai_b2/AI1_AI2_OBJECT_MATCH.tsv	f68r3	AI1	UNMATCHED	AI2	C_OBJ_0328	RIGHT_ONLY		HOBJ_f68r3_E1AF153103B2	UNMATCHED
STAR	research/astro_spatial_annotation_ai_b2/AI1_AI2_OBJECT_MATCH.tsv	f68r3	AI1	UNMATCHED	AI2	C_OBJ_0329	RIGHT_ONLY		HOBJ_f68r3_241914F95B79	UNMATCHED
STAR	research/astro_spatial_annotation_ai_b2/AI1_AI2_OBJECT_MATCH.tsv	f68r3	AI1	UNMATCHED	AI2	C_OBJ_0331	RIGHT_ONLY		HOBJ_f68r3_7D2055CDB0BF	UNMATCHED
STAR	research/astro_spatial_annotation_ai_b2/AI1_AI2_OBJECT_MATCH.tsv	f68r3	AI1	UNMATCHED	AI2	C_OBJ_0334	RIGHT_ONLY		HOBJ_f68r3_165C1FCA31A5	UNMATCHED
STAR	research/astro_spatial_annotation_ai_b2/AI1_AI2_OBJECT_MATCH.tsv	f68r3	AI1	UNMATCHED	AI2	C_OBJ_0335	RIGHT_ONLY		HOBJ_f68r3_D7FB381134E0	UNMATCHED
STAR	research/astro_spatial_annotation_ai_b2/AI1_AI2_OBJECT_MATCH.tsv	f68r3	AI1	UNMATCHED	AI2	C_OBJ_0337	RIGHT_ONLY		HOBJ_f68r3_457563CB8D81	UNMATCHED
STAR	research/astro_spatial_annotation_ai_b2/AI1_AI2_OBJECT_MATCH.tsv	f68r3	AI1	UNMATCHED	AI2	C_OBJ_0338	RIGHT_ONLY		HOBJ_f68r3_EC50A22CE0CD	UNMATCHED
STAR	research/astro_spatial_annotation_ai_b2/AI1_AI2_OBJECT_MATCH.tsv	f68r3	AI1	UNMATCHED	AI2	C_OBJ_0339	RIGHT_ONLY		HOBJ_f68r3_B15BE40C4BC5	UNMATCHED
STAR	research/astro_spatial_annotation_ai_b2/AI1_AI2_OBJECT_MATCH.tsv	f68r3	AI1	UNMATCHED	AI2	C_OBJ_0340	RIGHT_ONLY		HOBJ_f68r3_BB513C32563D	UNMATCHED
STAR	research/astro_spatial_annotation_ai_b2/AI1_AI2_OBJECT_MATCH.tsv	f68r3	AI1	UNMATCHED	AI2	C_OBJ_0342	RIGHT_ONLY		HOBJ_f68r3_ABC1A4D02F84	UNMATCHED
STAR	research/astro_spatial_annotation_ai_b2/AI1_AI2_OBJECT_MATCH.tsv	f68r3	AI1	UNMATCHED	AI2	C_OBJ_0343	RIGHT_ONLY		HOBJ_f68r3_A2686C0E2600	UNMATCHED
STAR	research/astro_spatial_annotation_ai_b2/AI1_AI2_OBJECT_MATCH.tsv	f68r3	AI1	UNMATCHED	AI2	C_OBJ_0346	RIGHT_ONLY		HOBJ_f68r3_0422AC3FEB33	UNMATCHED
STAR	research/astro_spatial_annotation_ai_b2/AI1_AI2_OBJECT_MATCH.tsv	f68r3	AI1	UNMATCHED	AI2	C_OBJ_0347	RIGHT_ONLY		HOBJ_f68r3_BCEAA4192CA1	UNMATCHED
STAR	research/astro_spatial_annotation_ai_b2/AI1_AI2_OBJECT_MATCH.tsv	f68r3	AI1	UNMATCHED	AI2	C_OBJ_0350	RIGHT_ONLY		HOBJ_f68r3_859973C82170	UNMATCHED
STAR	research/astro_spatial_annotation_ai_b2/AI1_AI2_OBJECT_MATCH.tsv	f68r3	AI1	UNMATCHED	AI2	C_OBJ_0351	RIGHT_ONLY		HOBJ_f68r3_8C1297D43226	UNMATCHED
STAR	research/astro_spatial_annotation_ai_b2/AI1_AI2_OBJECT_MATCH.tsv	f68r3	AI1	UNMATCHED	AI2	C_OBJ_0352	RIGHT_ONLY		HOBJ_f68r3_9088530E9177	UNMATCHED
STAR	research/astro_spatial_annotation_ai_b2/AI1_AI2_OBJECT_MATCH.tsv	f68r3	AI1	UNMATCHED	AI2	C_OBJ_0353	RIGHT_ONLY		HOBJ_f68r3_F81E1869EE75	UNMATCHED
STAR	research/astro_spatial_annotation_ai_b2/AI1_AI2_OBJECT_MATCH.tsv	f68r3	AI1	UNMATCHED	AI2	C_OBJ_0356	RIGHT_ONLY		HOBJ_f68r3_C5837CC7270B	UNMATCHED
STAR	research/astro_spatial_annotation_ai_b2/AI1_AI2_OBJECT_MATCH.tsv	f68r3	AI1	UNMATCHED	AI2	C_OBJ_0358	RIGHT_ONLY		HOBJ_f68r3_FEB7DFD3D690	UNMATCHED
STAR	research/astro_spatial_annotation_ai_b2/AI1_AI2_OBJECT_MATCH.tsv	f68r3	AI1	UNMATCHED	AI2	C_OBJ_0360	RIGHT_ONLY		HOBJ_f68r3_89B9BA575007	UNMATCHED
STAR	research/astro_spatial_annotation_ai_b2/AI1_AI2_OBJECT_MATCH.tsv	f68r3	AI1	UNMATCHED	AI2	C_OBJ_0363	RIGHT_ONLY		HOBJ_f68r3_568472087E7C	UNMATCHED
STAR	research/astro_spatial_annotation_ai_b2/AI1_AI2_OBJECT_MATCH.tsv	f68r3	AI1	UNMATCHED	AI2	C_OBJ_0372	RIGHT_ONLY		HOBJ_f68r3_C68D251510AC	UNMATCHED
STAR	research/astro_spatial_annotation_ai_b2/AI1_AI2_OBJECT_MATCH.tsv	f68r3	AI1	UNMATCHED	AI2	C_OBJ_0373	RIGHT_ONLY		HOBJ_f68r3_032DBFCF1665	UNMATCHED
STAR	research/astro_spatial_annotation_ai_b2/AI1_AI2_OBJECT_MATCH.tsv	f68r3	AI1	UNMATCHED	AI2	C_OBJ_0375	RIGHT_ONLY		HOBJ_f68r3_2AEA8CB125FD	UNMATCHED
STAR	research/astro_spatial_annotation_ai_b2/AI1_AI2_OBJECT_MATCH.tsv	f68r3	AI1	UNMATCHED	AI2	C_OBJ_0376	RIGHT_ONLY		HOBJ_f68r3_698FC6EDBCC6	UNMATCHED
STAR	research/astro_spatial_annotation_ai_b2/AI1_AI2_OBJECT_MATCH.tsv	f68r3	AI1	UNMATCHED	AI2	C_OBJ_0377	RIGHT_ONLY		HOBJ_f68r3_B12472A450A6	UNMATCHED
STAR	research/astro_spatial_annotation_ai_b2/AI1_AI2_OBJECT_MATCH.tsv	f68r3	AI1	UNMATCHED	AI2	C_OBJ_0378	RIGHT_ONLY		HOBJ_f68r3_15E113A587AD	UNMATCHED
STAR	research/astro_spatial_annotation_ai_b2/AI1_AI2_OBJECT_MATCH.tsv	f68r3	AI1	UNMATCHED	AI2	C_OBJ_0379	RIGHT_ONLY		HOBJ_f68r3_9D90CA079819	UNMATCHED
STAR	research/astro_spatial_annotation_ai_b2/AI1_AI2_OBJECT_MATCH.tsv	f68r3	AI1	UNMATCHED	AI2	C_OBJ_0380	RIGHT_ONLY		HOBJ_f68r3_AADD4DF5D612	UNMATCHED
STAR	research/astro_spatial_annotation_ai_b2/AI1_AI2_OBJECT_MATCH.tsv	f68v1	AI1	UNMATCHED	AI2	C_OBJ_0382	RIGHT_ONLY		HOBJ_f68v1_3AC1E033F857	UNMATCHED
STAR	research/astro_spatial_annotation_ai_b2/AI1_AI2_OBJECT_MATCH.tsv	f68v1	AI1	UNMATCHED	AI2	C_OBJ_0384	RIGHT_ONLY		HOBJ_f68v1_B6EAE4923142	UNMATCHED
STAR	research/astro_spatial_annotation_ai_b2/AI1_AI2_OBJECT_MATCH.tsv	f68v1	AI1	UNMATCHED	AI2	C_OBJ_0387	RIGHT_ONLY		HOBJ_f68v1_2CD175281610	UNMATCHED
STAR	research/astro_spatial_annotation_ai_b2/AI1_AI2_OBJECT_MATCH.tsv	f68v1	AI1	UNMATCHED	AI2	C_OBJ_0389	RIGHT_ONLY		HOBJ_f68v1_D9B0CD3B4A31	UNMATCHED
STAR	research/astro_spatial_annotation_ai_b2/AI1_AI2_OBJECT_MATCH.tsv	f68v1	AI1	UNMATCHED	AI2	C_OBJ_0390	RIGHT_ONLY		HOBJ_f68v1_A475ECCF1BF2	UNMATCHED
STAR	research/astro_spatial_annotation_ai_b2/AI1_AI2_OBJECT_MATCH.tsv	f68v1	AI1	UNMATCHED	AI2	C_OBJ_0391	RIGHT_ONLY		HOBJ_f68v1_59FBB94ADA98	UNMATCHED
STAR	research/astro_spatial_annotation_ai_b2/AI1_AI2_OBJECT_MATCH.tsv	f68v1	AI1	UNMATCHED	AI2	C_OBJ_0392	RIGHT_ONLY		HOBJ_f68v1_B5BB0CD96008	UNMATCHED
STAR	research/astro_spatial_annotation_ai_b2/AI1_AI2_OBJECT_MATCH.tsv	f68v1	AI1	UNMATCHED	AI2	C_OBJ_0393	RIGHT_ONLY		HOBJ_f68v1_C04F3E46A0EA	UNMATCHED
STAR	research/astro_spatial_annotation_ai_b2/AI1_AI2_OBJECT_MATCH.tsv	f68v1	AI1	UNMATCHED	AI2	C_OBJ_0394	RIGHT_ONLY		HOBJ_f68v1_96BAE206A777	UNMATCHED
STAR	research/astro_spatial_annotation_ai_b2/AI1_AI2_OBJECT_MATCH.tsv	f68v1	AI1	UNMATCHED	AI2	C_OBJ_0395	RIGHT_ONLY		HOBJ_f68v1_70DF94DE604A	UNMATCHED
STAR	research/astro_spatial_annotation_ai_b2/AI1_AI2_OBJECT_MATCH.tsv	f68v1	AI1	UNMATCHED	AI2	C_OBJ_0396	RIGHT_ONLY		HOBJ_f68v1_C225D7175696	UNMATCHED
STAR	research/astro_spatial_annotation_ai_b2/AI1_AI2_OBJECT_MATCH.tsv	f68v1	AI1	UNMATCHED	AI2	C_OBJ_0397	RIGHT_ONLY		HOBJ_f68v1_047F5AE6669E	UNMATCHED
STAR	research/astro_spatial_annotation_ai_b2/AI1_AI2_OBJECT_MATCH.tsv	f68v1	AI1	UNMATCHED	AI2	C_OBJ_0398	RIGHT_ONLY		HOBJ_f68v1_1DC2E8744ADB	UNMATCHED
STAR	research/astro_spatial_annotation_ai_b2/AI1_AI2_OBJECT_MATCH.tsv	f68v1	AI1	UNMATCHED	AI2	C_OBJ_0399	RIGHT_ONLY		HOBJ_f68v1_32D6105851EF	UNMATCHED
STAR	research/astro_spatial_annotation_ai_b2/AI1_AI2_OBJECT_MATCH.tsv	f68v1	AI1	UNMATCHED	AI2	C_OBJ_0400	RIGHT_ONLY		HOBJ_f68v1_464185126521	UNMATCHED
STAR	research/astro_spatial_annotation_ai_b2/AI1_AI2_OBJECT_MATCH.tsv	f68v1	AI1	UNMATCHED	AI2	C_OBJ_0402	RIGHT_ONLY		HOBJ_f68v1_CC42BF0ACF7D	UNMATCHED
STAR	research/astro_spatial_annotation_ai_b2/AI1_AI2_OBJECT_MATCH.tsv	f68v1	AI1	UNMATCHED	AI2	C_OBJ_0403	RIGHT_ONLY		HOBJ_f68v1_E1FF1749FF5F	UNMATCHED
STAR	research/astro_spatial_annotation_ai_b2/AI1_AI2_OBJECT_MATCH.tsv	f68v1	AI1	UNMATCHED	AI2	C_OBJ_0404	RIGHT_ONLY		HOBJ_f68v1_65C02ACA1639	UNMATCHED
STAR	research/astro_spatial_annotation_ai_b2/AI1_AI2_OBJECT_MATCH.tsv	f68v1	AI1	UNMATCHED	AI2	C_OBJ_0406	RIGHT_ONLY		HOBJ_f68v1_B7ACCFA191D2	UNMATCHED
STAR	research/astro_spatial_annotation_ai_b2/AI1_AI2_OBJECT_MATCH.tsv	f68v1	AI1	UNMATCHED	AI2	C_OBJ_0408	RIGHT_ONLY		HOBJ_f68v1_97883A00FEC9	UNMATCHED
STAR	research/astro_spatial_annotation_ai_b2/AI1_AI2_OBJECT_MATCH.tsv	f68v1	AI1	UNMATCHED	AI2	C_OBJ_0411	RIGHT_ONLY		HOBJ_f68v1_4BCB6423264C	UNMATCHED
STAR	research/astro_spatial_annotation_ai_b2/AI1_AI2_OBJECT_MATCH.tsv	f68v1	AI1	UNMATCHED	AI2	C_OBJ_0413	RIGHT_ONLY		HOBJ_f68v1_224D78C1C3C0	UNMATCHED
STAR	research/astro_spatial_annotation_ai_b2/AI1_AI2_OBJECT_MATCH.tsv	f68v1	AI1	UNMATCHED	AI2	C_OBJ_0416	RIGHT_ONLY		HOBJ_f68v1_4F11E8C17334	UNMATCHED
STAR	research/astro_spatial_annotation_ai_b2/AI1_AI2_OBJECT_MATCH.tsv	f68v1	AI1	UNMATCHED	AI2	C_OBJ_0420	RIGHT_ONLY		HOBJ_f68v1_DBAB8CB4F50B	UNMATCHED
STAR	research/astro_spatial_annotation_ai_b2/AI1_AI2_OBJECT_MATCH.tsv	f68v1	AI1	UNMATCHED	AI2	C_OBJ_0421	RIGHT_ONLY		HOBJ_f68v1_B398627A970B	UNMATCHED
STAR	research/astro_spatial_annotation_ai_b2/AI1_AI2_OBJECT_MATCH.tsv	f68v1	AI1	UNMATCHED	AI2	C_OBJ_0422	RIGHT_ONLY		HOBJ_f68v1_CD66B1C0BA08	UNMATCHED
STAR	research/astro_spatial_annotation_ai_b2/AI1_AI2_OBJECT_MATCH.tsv	f68v1	AI1	UNMATCHED	AI2	C_OBJ_0423	RIGHT_ONLY		HOBJ_f68v1_EF7FE295844C	UNMATCHED
STAR	research/astro_spatial_annotation_ai_b2/AI1_AI2_OBJECT_MATCH.tsv	f68v1	AI1	UNMATCHED	AI2	C_OBJ_0424	RIGHT_ONLY		HOBJ_f68v1_B5965535DC35	UNMATCHED
STAR	research/astro_spatial_annotation_ai_b2/AI1_AI2_OBJECT_MATCH.tsv	f68v1	AI1	UNMATCHED	AI2	C_OBJ_0425	RIGHT_ONLY		HOBJ_f68v1_55093002A541	UNMATCHED
STAR	research/astro_spatial_annotation_ai_b2/AI1_AI2_OBJECT_MATCH.tsv	f68v1	AI1	UNMATCHED	AI2	C_OBJ_0428	RIGHT_ONLY		HOBJ_f68v1_E515B7AC535F	UNMATCHED
STAR	research/astro_spatial_annotation_ai_b2/AI1_AI2_OBJECT_MATCH.tsv	f68v1	AI1	UNMATCHED	AI2	C_OBJ_0429	RIGHT_ONLY		HOBJ_f68v1_C1ACFAAFE57A	UNMATCHED
STAR	research/astro_spatial_annotation_ai_b2/AI1_AI2_OBJECT_MATCH.tsv	f68v1	AI1	UNMATCHED	AI2	C_OBJ_0430	RIGHT_ONLY		HOBJ_f68v1_7C8CA6A19D3C	UNMATCHED
STAR	research/astro_spatial_annotation_ai_b2/AI1_AI2_OBJECT_MATCH.tsv	f68v1	AI1	UNMATCHED	AI2	C_OBJ_0431	RIGHT_ONLY		HOBJ_f68v1_91120670EF7A	UNMATCHED
STAR	research/astro_spatial_annotation_ai_b2/AI1_AI2_OBJECT_MATCH.tsv	f68v1	AI1	UNMATCHED	AI2	C_OBJ_0434	RIGHT_ONLY		HOBJ_f68v1_D1697183F483	UNMATCHED
STAR	research/astro_spatial_annotation_ai_b2/AI1_AI2_OBJECT_MATCH.tsv	f68v1	AI1	UNMATCHED	AI2	C_OBJ_0435	RIGHT_ONLY		HOBJ_f68v1_A82634D79FED	UNMATCHED
STAR	research/astro_spatial_annotation_ai_b2/AI1_AI2_OBJECT_MATCH.tsv	f68v1	AI1	UNMATCHED	AI2	C_OBJ_0436	RIGHT_ONLY		HOBJ_f68v1_1DAFB0742088	UNMATCHED
STAR	research/astro_spatial_annotation_ai_b2/AI1_AI2_OBJECT_MATCH.tsv	f68v1	AI1	UNMATCHED	AI2	C_OBJ_0437	RIGHT_ONLY		HOBJ_f68v1_C942F5E4FBFA	UNMATCHED
STAR	research/astro_spatial_annotation_ai_b2/AI1_AI2_OBJECT_MATCH.tsv	f68v1	AI1	UNMATCHED	AI2	C_OBJ_0439	RIGHT_ONLY		HOBJ_f68v1_025FE6FCACA9	UNMATCHED
STAR	research/astro_spatial_annotation_ai_b2/AI1_AI2_OBJECT_MATCH.tsv	f68v1	AI1	UNMATCHED	AI2	C_OBJ_0442	RIGHT_ONLY		HOBJ_f68v1_442F9F2F812D	UNMATCHED
STAR	research/astro_spatial_annotation_ai_b2/AI1_AI2_OBJECT_MATCH.tsv	f68v1	AI1	UNMATCHED	AI2	C_OBJ_0443	RIGHT_ONLY		HOBJ_f68v1_A2F4995355BF	UNMATCHED
STAR	research/astro_spatial_annotation_ai_b2/AI1_AI2_OBJECT_MATCH.tsv	f68v1	AI1	UNMATCHED	AI2	C_OBJ_0444	RIGHT_ONLY		HOBJ_f68v1_8A0DA6734CC6	UNMATCHED
STAR	research/astro_spatial_annotation_ai_b2/AI1_AI2_OBJECT_MATCH.tsv	f68v1	AI1	UNMATCHED	AI2	C_OBJ_0445	RIGHT_ONLY		HOBJ_f68v1_6FB861427974	UNMATCHED
STAR	research/astro_spatial_annotation_ai_b2/AI1_AI2_OBJECT_MATCH.tsv	f68v1	AI1	UNMATCHED	AI2	C_OBJ_0449	RIGHT_ONLY		HOBJ_f68v1_D74807AD1861	UNMATCHED
STAR	research/astro_spatial_annotation_ai_b2/AI1_AI2_OBJECT_MATCH.tsv	f68v1	AI1	UNMATCHED	AI2	C_OBJ_0453	RIGHT_ONLY		HOBJ_f68v1_C893FBAAE755	UNMATCHED
STAR	research/astro_spatial_annotation_ai_b2/AI1_AI2_OBJECT_MATCH.tsv	f68v1	AI1	UNMATCHED	AI2	C_OBJ_0455	RIGHT_ONLY		HOBJ_f68v1_685F62ECE421	UNMATCHED
STAR	research/astro_spatial_annotation_ai_b2/AI1_AI2_OBJECT_MATCH.tsv	f68v1	AI1	UNMATCHED	AI2	C_OBJ_0456	RIGHT_ONLY		HOBJ_f68v1_51553E5D1640	UNMATCHED
STAR	research/astro_spatial_annotation_ai_b2/AI1_AI2_OBJECT_MATCH.tsv	f68v1	AI1	UNMATCHED	AI2	C_OBJ_0459	RIGHT_ONLY		HOBJ_f68v1_550F689D1742	UNMATCHED
STAR	research/astro_spatial_annotation_ai_b2/AI1_AI2_OBJECT_MATCH.tsv	f68v1	AI1	UNMATCHED	AI2	C_OBJ_0460	RIGHT_ONLY		HOBJ_f68v1_9B959871D3B9	UNMATCHED
STAR	research/astro_spatial_annotation_ai_b2/AI1_AI2_OBJECT_MATCH.tsv	f68v1	AI1	UNMATCHED	AI2	C_OBJ_0461	RIGHT_ONLY		HOBJ_f68v1_47F09E29EEAD	UNMATCHED
STAR	research/astro_spatial_annotation_ai_b2/AI1_AI2_OBJECT_MATCH.tsv	f68v1	AI1	UNMATCHED	AI2	C_OBJ_0462	RIGHT_ONLY		HOBJ_f68v1_55D0E9B36913	UNMATCHED
STAR	research/astro_spatial_annotation_ai_b2/AI1_AI2_OBJECT_MATCH.tsv	f68v1	AI1	UNMATCHED	AI2	C_OBJ_0463	RIGHT_ONLY		HOBJ_f68v1_3C016D7FA2F9	UNMATCHED
STAR	research/astro_spatial_annotation_ai_b2/AI1_AI2_OBJECT_MATCH.tsv	f68v1	AI1	UNMATCHED	AI2	C_OBJ_0464	RIGHT_ONLY		HOBJ_f68v1_49F0BA7D30BC	UNMATCHED
STAR	research/astro_spatial_annotation_ai_b2/AI1_AI2_OBJECT_MATCH.tsv	f68v1	AI1	UNMATCHED	AI2	C_OBJ_0465	RIGHT_ONLY		HOBJ_f68v1_8D42C42A68F4	UNMATCHED
STAR	research/astro_spatial_annotation_ai_b2/AI1_AI2_OBJECT_MATCH.tsv	f68v1	AI1	UNMATCHED	AI2	C_OBJ_0466	RIGHT_ONLY		HOBJ_f68v1_D9B410CC9184	UNMATCHED
STAR	research/astro_spatial_annotation_ai_b2/AI1_AI2_OBJECT_MATCH.tsv	f68v1	AI1	UNMATCHED	AI2	C_OBJ_0467	RIGHT_ONLY		HOBJ_f68v1_C50D708BFAF7	UNMATCHED
STAR	research/astro_spatial_annotation_ai_b2/AI1_AI2_OBJECT_MATCH.tsv	f68v1	AI1	UNMATCHED	AI2	C_OBJ_0468	RIGHT_ONLY		HOBJ_f68v1_14287ECB08B1	UNMATCHED
STAR	research/astro_spatial_annotation_ai_b2/AI1_AI2_OBJECT_MATCH.tsv	f68v1	AI1	UNMATCHED	AI2	C_OBJ_0469	RIGHT_ONLY		HOBJ_f68v1_47D22FEFFDEF	UNMATCHED
STAR	research/astro_spatial_annotation_ai_b2/AI1_AI2_OBJECT_MATCH.tsv	f68v1	AI1	UNMATCHED	AI2	C_OBJ_0470	RIGHT_ONLY		HOBJ_f68v1_27962B8822CA	UNMATCHED
STAR	research/astro_spatial_annotation_ai_b2/AI1_AI2_OBJECT_MATCH.tsv	f68v1	AI1	UNMATCHED	AI2	C_OBJ_0472	RIGHT_ONLY		HOBJ_f68v1_3F6D2B45BA79	UNMATCHED
STAR	research/astro_spatial_annotation_ai_b2/AI1_AI2_OBJECT_MATCH.tsv	f68v1	AI1	UNMATCHED	AI2	C_OBJ_0476	RIGHT_ONLY		HOBJ_f68v1_539771EBF99D	UNMATCHED
STAR	research/astro_spatial_annotation_ai_b2/AI1_AI2_OBJECT_MATCH.tsv	f68v1	AI1	UNMATCHED	AI2	C_OBJ_0477	RIGHT_ONLY		HOBJ_f68v1_337332601229	UNMATCHED
STAR	research/astro_spatial_annotation_ai_b2/AI1_AI2_OBJECT_MATCH.tsv	f68v1	AI1	UNMATCHED	AI2	C_OBJ_0478	RIGHT_ONLY		HOBJ_f68v1_EE3F9117E66C	UNMATCHED
STAR	research/astro_spatial_annotation_ai_b2/AI1_AI2_OBJECT_MATCH.tsv	f68v1	AI1	UNMATCHED	AI2	C_OBJ_0480	RIGHT_ONLY		HOBJ_f68v1_A1EA2F56BC6C	UNMATCHED
STAR	research/astro_spatial_annotation_ai_b2/AI1_AI2_OBJECT_MATCH.tsv	f68v1	AI1	UNMATCHED	AI2	C_OBJ_0481	RIGHT_ONLY		HOBJ_f68v1_4F6E8CC79230	UNMATCHED
STAR	research/astro_spatial_annotation_ai_b2/AI1_AI2_OBJECT_MATCH.tsv	f68v1	AI1	UNMATCHED	AI2	C_OBJ_0482	RIGHT_ONLY		HOBJ_f68v1_97DDEA3DFC27	UNMATCHED
STAR	research/astro_spatial_annotation_ai_b2/AI1_AI2_OBJECT_MATCH.tsv	f68v1	AI1	UNMATCHED	AI2	C_OBJ_0483	RIGHT_ONLY		HOBJ_f68v1_35EAFC73DFA3	UNMATCHED
STAR	research/astro_spatial_annotation_ai_b2/AI1_AI2_OBJECT_MATCH.tsv	f68v2	AI1	UNMATCHED	AI2	C_OBJ_0485	RIGHT_ONLY		HOBJ_f68v2_0762396A772B	UNMATCHED
STAR	research/astro_spatial_annotation_ai_b2/AI1_AI2_OBJECT_MATCH.tsv	f68v2	AI1	UNMATCHED	AI2	C_OBJ_0489	RIGHT_ONLY		HOBJ_f68v2_DE60CCAEDC53	UNMATCHED
STAR	research/astro_spatial_annotation_ai_b2/AI1_AI2_OBJECT_MATCH.tsv	f68v2	AI1	UNMATCHED	AI2	C_OBJ_0490	RIGHT_ONLY		HOBJ_f68v2_2CC9BD28C0E7	UNMATCHED
STAR	research/astro_spatial_annotation_ai_b2/AI1_AI2_OBJECT_MATCH.tsv	f68v2	AI1	UNMATCHED	AI2	C_OBJ_0494	RIGHT_ONLY		HOBJ_f68v2_F7CA2F7A4965	UNMATCHED
STAR	research/astro_spatial_annotation_ai_b2/AI1_AI2_OBJECT_MATCH.tsv	f68v2	AI1	UNMATCHED	AI2	C_OBJ_0495	RIGHT_ONLY		HOBJ_f68v2_15CD4E058AD4	UNMATCHED
STAR	research/astro_spatial_annotation_ai_b2/AI1_AI2_OBJECT_MATCH.tsv	f68v2	AI1	UNMATCHED	AI2	C_OBJ_0500	RIGHT_ONLY		HOBJ_f68v2_A340E3606DE2	UNMATCHED
STAR	research/astro_spatial_annotation_ai_b2/AI1_AI2_OBJECT_MATCH.tsv	f68v2	AI1	UNMATCHED	AI2	C_OBJ_0505	RIGHT_ONLY		HOBJ_f68v2_899C0AAC0790	UNMATCHED
STAR	research/astro_spatial_annotation_ai_b2/AI1_AI2_OBJECT_MATCH.tsv	f68v2	AI1	UNMATCHED	AI2	C_OBJ_0506	RIGHT_ONLY		HOBJ_f68v2_06F837B335DF	UNMATCHED
STAR	research/astro_spatial_annotation_ai_b2/AI1_AI2_OBJECT_MATCH.tsv	f68v2	AI1	UNMATCHED	AI2	C_OBJ_0508	RIGHT_ONLY		HOBJ_f68v2_BB97D45F1FC5	UNMATCHED
STAR	research/astro_spatial_annotation_ai_b2/AI1_AI2_OBJECT_MATCH.tsv	f68v2	AI1	UNMATCHED	AI2	C_OBJ_0509	RIGHT_ONLY		HOBJ_f68v2_A9E3FF37EB6A	UNMATCHED
STAR	research/astro_spatial_annotation_ai_b2/AI1_AI2_OBJECT_MATCH.tsv	f68v2	AI1	UNMATCHED	AI2	C_OBJ_0510	RIGHT_ONLY		HOBJ_f68v2_0A8B43E5DE75	UNMATCHED
STAR	research/astro_spatial_annotation_ai_b2/AI1_AI2_OBJECT_MATCH.tsv	f68v2	AI1	UNMATCHED	AI2	C_OBJ_0511	RIGHT_ONLY		HOBJ_f68v2_9ED430901E00	UNMATCHED
STAR	research/astro_spatial_annotation_ai_b2/AI1_AI2_OBJECT_MATCH.tsv	f68v2	AI1	UNMATCHED	AI2	C_OBJ_0512	RIGHT_ONLY		HOBJ_f68v2_C68C536D1F65	UNMATCHED
STAR	research/astro_spatial_annotation_ai_b2/AI1_AI2_OBJECT_MATCH.tsv	f68v2	AI1	UNMATCHED	AI2	C_OBJ_0513	RIGHT_ONLY		HOBJ_f68v2_36FCBED07F1C	UNMATCHED
STAR	research/astro_spatial_annotation_ai_b2/AI1_AI2_OBJECT_MATCH.tsv	f68v2	AI1	UNMATCHED	AI2	C_OBJ_0514	RIGHT_ONLY		HOBJ_f68v2_111B4E5D0753	UNMATCHED
STAR	research/astro_spatial_annotation_ai_b2/AI1_AI2_OBJECT_MATCH.tsv	f68v2	AI1	UNMATCHED	AI2	C_OBJ_0515	RIGHT_ONLY		HOBJ_f68v2_194951A50D15	UNMATCHED
STAR	research/astro_spatial_annotation_ai_b2/AI1_AI2_OBJECT_MATCH.tsv	f68v2	AI1	UNMATCHED	AI2	C_OBJ_0516	RIGHT_ONLY		HOBJ_f68v2_8070891630D4	UNMATCHED
STAR	research/astro_spatial_annotation_ai_b2/AI1_AI2_OBJECT_MATCH.tsv	f68v2	AI1	UNMATCHED	AI2	C_OBJ_0518	RIGHT_ONLY		HOBJ_f68v2_C3849A08C04B	UNMATCHED
STAR	research/astro_spatial_annotation_ai_b2/AI1_AI2_OBJECT_MATCH.tsv	f68v2	AI1	UNMATCHED	AI2	C_OBJ_0519	RIGHT_ONLY		HOBJ_f68v2_D4C5FF0B68AA	UNMATCHED
STAR	research/astro_spatial_annotation_ai_b2/AI1_AI2_OBJECT_MATCH.tsv	f68v2	AI1	UNMATCHED	AI2	C_OBJ_0520	RIGHT_ONLY		HOBJ_f68v2_F2C3C76B6F27	UNMATCHED
STAR	research/astro_spatial_annotation_ai_b2/AI1_AI2_OBJECT_MATCH.tsv	f68v2	AI1	UNMATCHED	AI2	C_OBJ_0522	RIGHT_ONLY		HOBJ_f68v2_17312F6AEDD9	UNMATCHED
STAR	research/astro_spatial_annotation_ai_b2/AI1_AI2_OBJECT_MATCH.tsv	f68v2	AI1	UNMATCHED	AI2	C_OBJ_0523	RIGHT_ONLY		HOBJ_f68v2_78BA16D62875	UNMATCHED
STAR	research/astro_spatial_annotation_ai_b2/AI1_AI2_OBJECT_MATCH.tsv	f68v2	AI1	UNMATCHED	AI2	C_OBJ_0525	RIGHT_ONLY		HOBJ_f68v2_E0FEE6F75C7B	UNMATCHED
STAR	research/astro_spatial_annotation_ai_b2/AI1_AI2_OBJECT_MATCH.tsv	f68v2	AI1	UNMATCHED	AI2	C_OBJ_0526	RIGHT_ONLY		HOBJ_f68v2_E5AD00B716EC	UNMATCHED
STAR	research/astro_spatial_annotation_ai_b2/AI1_AI2_OBJECT_MATCH.tsv	f68v2	AI1	UNMATCHED	AI2	C_OBJ_0527	RIGHT_ONLY		HOBJ_f68v2_CFCEE6A3EB1C	UNMATCHED
STAR	research/astro_spatial_annotation_ai_b2/AI1_AI2_OBJECT_MATCH.tsv	f68v2	AI1	UNMATCHED	AI2	C_OBJ_0529	RIGHT_ONLY		HOBJ_f68v2_82E444D0A5C1	UNMATCHED
STAR	research/astro_spatial_annotation_ai_b2/AI1_AI2_OBJECT_MATCH.tsv	f68v2	AI1	UNMATCHED	AI2	C_OBJ_0530	RIGHT_ONLY		HOBJ_f68v2_CB8813DD0791	UNMATCHED
STAR	research/astro_spatial_annotation_ai_b2/AI1_AI2_OBJECT_MATCH.tsv	f68v2	AI1	UNMATCHED	AI2	C_OBJ_0531	RIGHT_ONLY		HOBJ_f68v2_4B5C1AA33871	UNMATCHED
STAR	research/astro_spatial_annotation_ai_b2/AI1_AI2_OBJECT_MATCH.tsv	f68v2	AI1	UNMATCHED	AI2	C_OBJ_0532	RIGHT_ONLY		HOBJ_f68v2_52EE4A2AEB89	UNMATCHED
STAR	research/astro_spatial_annotation_ai_b2/AI1_AI2_OBJECT_MATCH.tsv	f68v2	AI1	UNMATCHED	AI2	C_OBJ_0534	RIGHT_ONLY		HOBJ_f68v2_AE054522889B	UNMATCHED
STAR	research/astro_spatial_annotation_ai_b2/AI1_AI2_OBJECT_MATCH.tsv	f68v2	AI1	UNMATCHED	AI2	C_OBJ_0535	RIGHT_ONLY		HOBJ_f68v2_22269AE593C5	UNMATCHED
STAR	research/astro_spatial_annotation_ai_b2/AI1_AI2_OBJECT_MATCH.tsv	f68v2	AI1	UNMATCHED	AI2	C_OBJ_0536	RIGHT_ONLY		HOBJ_f68v2_BC1A51B537EC	UNMATCHED
STAR	research/astro_spatial_annotation_ai_b2/AI1_AI2_OBJECT_MATCH.tsv	f68v2	AI1	UNMATCHED	AI2	C_OBJ_0537	RIGHT_ONLY		HOBJ_f68v2_D0AB318AB28D	UNMATCHED
STAR	research/astro_spatial_annotation_ai_b2/AI1_AI2_OBJECT_MATCH.tsv	f68v2	AI1	UNMATCHED	AI2	C_OBJ_0539	RIGHT_ONLY		HOBJ_f68v2_53AE9503F68F	UNMATCHED
STAR	research/astro_spatial_annotation_ai_b2/AI1_AI2_OBJECT_MATCH.tsv	f68v2	AI1	UNMATCHED	AI2	C_OBJ_0541	RIGHT_ONLY		HOBJ_f68v2_BB3ED5603217	UNMATCHED
STAR	research/astro_spatial_annotation_ai_b2/AI1_AI2_OBJECT_MATCH.tsv	f68v2	AI1	UNMATCHED	AI2	C_OBJ_0542	RIGHT_ONLY		HOBJ_f68v2_FD096E5FA6A1	UNMATCHED
STAR	research/astro_spatial_annotation_ai_b2/AI1_AI2_OBJECT_MATCH.tsv	f68v2	AI1	UNMATCHED	AI2	C_OBJ_0543	RIGHT_ONLY		HOBJ_f68v2_3C729C2E8433	UNMATCHED
LABEL	research/astro_spatial_annotation_ai_b/AI_B_A_MATCH_LABELS.tsv	f68r1	A	f68r1-label-anon-001	AI1	B_LABEL_0061	MATCHED	HLABEL_f68r1_41BC06EDAF55	HLABEL_f68r1_41BC06EDAF55	SAME_CANDIDATE
LABEL	research/astro_spatial_annotation_ai_b/AI_B_A_MATCH_LABELS.tsv	f68r1	A	f68r1-label-anon-002	AI1	B_LABEL_0062	MATCHED	HLABEL_f68r1_599A90270FF5	HLABEL_f68r1_599A90270FF5	SAME_CANDIDATE
LABEL	research/astro_spatial_annotation_ai_b/AI_B_A_MATCH_LABELS.tsv	f68r1	A	f68r1-label-anon-003	AI1	UNMATCHED	A_ONLY	HLABEL_f68r1_87A9A3C329D0		UNMATCHED
LABEL	research/astro_spatial_annotation_ai_b/AI_B_A_MATCH_LABELS.tsv	f68r1	A	f68r1-label-anon-004	AI1	B_LABEL_0064	MATCHED	HLABEL_f68r1_94FF807CB77C	HLABEL_f68r1_94FF807CB77C	SAME_CANDIDATE
LABEL	research/astro_spatial_annotation_ai_b/AI_B_A_MATCH_LABELS.tsv	f68r1	A	f68r1-label-anon-005	AI1	B_LABEL_0067	MATCHED	HLABEL_f68r1_5C72D2D46ED7	HLABEL_f68r1_5C72D2D46ED7	SAME_CANDIDATE
LABEL	research/astro_spatial_annotation_ai_b/AI_B_A_MATCH_LABELS.tsv	f68r1	A	f68r1-label-anon-006	AI1	B_LABEL_0065	MATCHED	HLABEL_f68r1_B685BDFB1F46	HLABEL_f68r1_B685BDFB1F46	SAME_CANDIDATE
LABEL	research/astro_spatial_annotation_ai_b/AI_B_A_MATCH_LABELS.tsv	f68r1	A	f68r1-label-anon-007	AI1	B_LABEL_0066	MATCHED	HLABEL_f68r1_AEA2EECB77C4	HLABEL_f68r1_AEA2EECB77C4	SAME_CANDIDATE
LABEL	research/astro_spatial_annotation_ai_b/AI_B_A_MATCH_LABELS.tsv	f68r1	A	f68r1-label-anon-008	AI1	B_LABEL_0068	MATCHED	HLABEL_f68r1_B2142F9557C7	HLABEL_f68r1_B2142F9557C7	SAME_CANDIDATE
LABEL	research/astro_spatial_annotation_ai_b/AI_B_A_MATCH_LABELS.tsv	f68r1	A	f68r1-label-anon-009	AI1	B_LABEL_0069	MATCHED	HLABEL_f68r1_7F0B3B7B8236	HLABEL_f68r1_7F0B3B7B8236	SAME_CANDIDATE
LABEL	research/astro_spatial_annotation_ai_b/AI_B_A_MATCH_LABELS.tsv	f68r1	A	f68r1-label-anon-010	AI1	B_LABEL_0072	MATCHED	HLABEL_f68r1_2818552D1622	HLABEL_f68r1_2818552D1622	SAME_CANDIDATE
LABEL	research/astro_spatial_annotation_ai_b/AI_B_A_MATCH_LABELS.tsv	f68r1	A	f68r1-label-anon-011	AI1	B_LABEL_0070	MATCHED	HLABEL_f68r1_9CE300F85236	HLABEL_f68r1_9CE300F85236	SAME_CANDIDATE
LABEL	research/astro_spatial_annotation_ai_b/AI_B_A_MATCH_LABELS.tsv	f68r1	A	f68r1-label-anon-012	AI1	B_LABEL_0071	MATCHED	HLABEL_f68r1_3226D0F6FF82	HLABEL_f68r1_3226D0F6FF82	SAME_CANDIDATE
LABEL	research/astro_spatial_annotation_ai_b/AI_B_A_MATCH_LABELS.tsv	f68r1	A	f68r1-label-anon-013	AI1	B_LABEL_0075	MATCHED	HLABEL_f68r1_E9FEC7295FC3	HLABEL_f68r1_E9FEC7295FC3	SAME_CANDIDATE
LABEL	research/astro_spatial_annotation_ai_b/AI_B_A_MATCH_LABELS.tsv	f68r1	A	f68r1-label-anon-014	AI1	B_LABEL_0076	MATCHED	HLABEL_f68r1_E5DC22957D3C	HLABEL_f68r1_E5DC22957D3C	SAME_CANDIDATE
LABEL	research/astro_spatial_annotation_ai_b/AI_B_A_MATCH_LABELS.tsv	f68r1	A	f68r1-label-anon-015	AI1	B_LABEL_0077	MATCHED	HLABEL_f68r1_D16E5E8CBA26	HLABEL_f68r1_D16E5E8CBA26	SAME_CANDIDATE
LABEL	research/astro_spatial_annotation_ai_b/AI_B_A_MATCH_LABELS.tsv	f68r1	A	f68r1-label-anon-016	AI1	B_LABEL_0078	MATCHED	HLABEL_f68r1_4F82A210FFB0	HLABEL_f68r1_4F82A210FFB0	SAME_CANDIDATE
LABEL	research/astro_spatial_annotation_ai_b/AI_B_A_MATCH_LABELS.tsv	f68r1	A	f68r1-label-anon-017	AI1	B_LABEL_0073	MATCHED	HLABEL_f68r1_768FED558FE0	HLABEL_f68r1_768FED558FE0	SAME_CANDIDATE
LABEL	research/astro_spatial_annotation_ai_b/AI_B_A_MATCH_LABELS.tsv	f68r1	A	f68r1-label-anon-018	AI1	B_LABEL_0074	MATCHED	HLABEL_f68r1_74BC9BB1AD80	HLABEL_f68r1_74BC9BB1AD80	SAME_CANDIDATE
LABEL	research/astro_spatial_annotation_ai_b/AI_B_A_MATCH_LABELS.tsv	f68r1	A	f68r1-label-anon-019	AI1	B_LABEL_0081	MATCHED	HLABEL_f68r1_070702191A0A	HLABEL_f68r1_070702191A0A	SAME_CANDIDATE
LABEL	research/astro_spatial_annotation_ai_b/AI_B_A_MATCH_LABELS.tsv	f68r1	A	f68r1-label-anon-020	AI1	B_LABEL_0082	MATCHED	HLABEL_f68r1_D69699B6B3F6	HLABEL_f68r1_D69699B6B3F6	SAME_CANDIDATE
LABEL	research/astro_spatial_annotation_ai_b/AI_B_A_MATCH_LABELS.tsv	f68r1	A	f68r1-label-anon-021	AI1	UNMATCHED	A_ONLY	HLABEL_f68r1_02A187ACC4BB		UNMATCHED
LABEL	research/astro_spatial_annotation_ai_b/AI_B_A_MATCH_LABELS.tsv	f68r1	A	f68r1-label-anon-022	AI1	B_LABEL_0079	MATCHED	HLABEL_f68r1_F8C9C8361135	HLABEL_f68r1_F8C9C8361135	SAME_CANDIDATE
LABEL	research/astro_spatial_annotation_ai_b/AI_B_A_MATCH_LABELS.tsv	f68r1	A	f68r1-label-anon-023	AI1	B_LABEL_0080	MATCHED	HLABEL_f68r1_8EE95BA94B80	HLABEL_f68r1_8EE95BA94B80	SAME_CANDIDATE
LABEL	research/astro_spatial_annotation_ai_b/AI_B_A_MATCH_LABELS.tsv	f68r1	A	f68r1-label-anon-024	AI1	B_LABEL_0086	MATCHED	HLABEL_f68r1_829A1F808609	HLABEL_f68r1_829A1F808609	SAME_CANDIDATE
LABEL	research/astro_spatial_annotation_ai_b/AI_B_A_MATCH_LABELS.tsv	f68r1	A	f68r1-label-anon-025	AI1	B_LABEL_0088	MATCHED	HLABEL_f68r1_838C2F2B50FD	HLABEL_f68r1_838C2F2B50FD	SAME_CANDIDATE
LABEL	research/astro_spatial_annotation_ai_b/AI_B_A_MATCH_LABELS.tsv	f68r1	A	f68r1-label-anon-026	AI1	B_LABEL_0084	MATCHED	HLABEL_f68r1_0097692B4BA6	HLABEL_f68r1_0097692B4BA6	SAME_CANDIDATE
LABEL	research/astro_spatial_annotation_ai_b/AI_B_A_MATCH_LABELS.tsv	f68r1	A	f68r1-label-anon-027	AI1	B_LABEL_0085	MATCHED	HLABEL_f68r1_E1F8D2559E4A	HLABEL_f68r1_E1F8D2559E4A	SAME_CANDIDATE
LABEL	research/astro_spatial_annotation_ai_b/AI_B_A_MATCH_LABELS.tsv	f68r1	A	f68r1-label-anon-028	AI1	B_LABEL_0087	MATCHED	HLABEL_f68r1_7AFD651E9791	HLABEL_f68r1_7AFD651E9791	SAME_CANDIDATE
LABEL	research/astro_spatial_annotation_ai_b/AI_B_A_MATCH_LABELS.tsv	f68r1	A	f68r1-label-anon-029	AI1	B_LABEL_0089	MATCHED	HLABEL_f68r1_7D5A07415F6B	HLABEL_f68r1_7D5A07415F6B	SAME_CANDIDATE
LABEL	research/astro_spatial_annotation_ai_b/AI_B_A_MATCH_LABELS.tsv	f67r1	A	UNMATCHED	AI1	B_LABEL_0001	B_ONLY		HLABEL_f67r1_A10F32C5B1D1	UNMATCHED
LABEL	research/astro_spatial_annotation_ai_b/AI_B_A_MATCH_LABELS.tsv	f67r1	A	UNMATCHED	AI1	B_LABEL_0002	B_ONLY		HLABEL_f67r1_D85ADCCC8DAB	UNMATCHED
LABEL	research/astro_spatial_annotation_ai_b/AI_B_A_MATCH_LABELS.tsv	f67r1	A	UNMATCHED	AI1	B_LABEL_0003	B_ONLY		HLABEL_f67r1_BB287E13E939	UNMATCHED
LABEL	research/astro_spatial_annotation_ai_b/AI_B_A_MATCH_LABELS.tsv	f67r1	A	UNMATCHED	AI1	B_LABEL_0004	B_ONLY		HLABEL_f67r1_CE1AAE3FD08A	UNMATCHED
LABEL	research/astro_spatial_annotation_ai_b/AI_B_A_MATCH_LABELS.tsv	f67r1	A	UNMATCHED	AI1	B_LABEL_0005	B_ONLY		HLABEL_f67r1_F8832DF5E3B4	UNMATCHED
LABEL	research/astro_spatial_annotation_ai_b/AI_B_A_MATCH_LABELS.tsv	f67r1	A	UNMATCHED	AI1	B_LABEL_0006	B_ONLY		HLABEL_f67r1_F9CCD3759434	UNMATCHED
LABEL	research/astro_spatial_annotation_ai_b/AI_B_A_MATCH_LABELS.tsv	f67r1	A	UNMATCHED	AI1	B_LABEL_0007	B_ONLY		HLABEL_f67r1_B75EF33E411C	UNMATCHED
LABEL	research/astro_spatial_annotation_ai_b/AI_B_A_MATCH_LABELS.tsv	f67r1	A	UNMATCHED	AI1	B_LABEL_0008	B_ONLY		HLABEL_f67r1_CE7AA0741614	UNMATCHED
LABEL	research/astro_spatial_annotation_ai_b/AI_B_A_MATCH_LABELS.tsv	f67r1	A	UNMATCHED	AI1	B_LABEL_0009	B_ONLY		HLABEL_f67r1_C09F8006BC08	UNMATCHED
LABEL	research/astro_spatial_annotation_ai_b/AI_B_A_MATCH_LABELS.tsv	f67r1	A	UNMATCHED	AI1	B_LABEL_0010	B_ONLY		HLABEL_f67r1_7E2B84438AA9	UNMATCHED
LABEL	research/astro_spatial_annotation_ai_b/AI_B_A_MATCH_LABELS.tsv	f67r1	A	UNMATCHED	AI1	B_LABEL_0011	B_ONLY		HLABEL_f67r1_44B0DCA5D133	UNMATCHED
LABEL	research/astro_spatial_annotation_ai_b/AI_B_A_MATCH_LABELS.tsv	f67r1	A	UNMATCHED	AI1	B_LABEL_0012	B_ONLY		HLABEL_f67r1_818A6F214781	UNMATCHED
LABEL	research/astro_spatial_annotation_ai_b/AI_B_A_MATCH_LABELS.tsv	f67r2	A	UNMATCHED	AI1	B_LABEL_0013	B_ONLY		HLABEL_f67r2_7B55A59E7BCE	UNMATCHED
LABEL	research/astro_spatial_annotation_ai_b/AI_B_A_MATCH_LABELS.tsv	f67r2	A	UNMATCHED	AI1	B_LABEL_0014	B_ONLY		HLABEL_f67r2_A1B5BFA7EFB6	UNMATCHED
LABEL	research/astro_spatial_annotation_ai_b/AI_B_A_MATCH_LABELS.tsv	f67r2	A	UNMATCHED	AI1	B_LABEL_0015	B_ONLY		HLABEL_f67r2_E237DF1F4B02	UNMATCHED
LABEL	research/astro_spatial_annotation_ai_b/AI_B_A_MATCH_LABELS.tsv	f67r2	A	UNMATCHED	AI1	B_LABEL_0016	B_ONLY		HLABEL_f67r2_551703B68FA4	UNMATCHED
LABEL	research/astro_spatial_annotation_ai_b/AI_B_A_MATCH_LABELS.tsv	f67r2	A	UNMATCHED	AI1	B_LABEL_0017	B_ONLY		HLABEL_f67r2_C0D114F2649B	UNMATCHED
LABEL	research/astro_spatial_annotation_ai_b/AI_B_A_MATCH_LABELS.tsv	f67r2	A	UNMATCHED	AI1	B_LABEL_0018	B_ONLY		HLABEL_f67r2_9ADB88139C32	UNMATCHED
LABEL	research/astro_spatial_annotation_ai_b/AI_B_A_MATCH_LABELS.tsv	f67r2	A	UNMATCHED	AI1	B_LABEL_0019	B_ONLY		HLABEL_f67r2_B3B7C6FBA70C	UNMATCHED
LABEL	research/astro_spatial_annotation_ai_b/AI_B_A_MATCH_LABELS.tsv	f67r2	A	UNMATCHED	AI1	B_LABEL_0020	B_ONLY		HLABEL_f67r2_5D347D52CDFE	UNMATCHED
LABEL	research/astro_spatial_annotation_ai_b/AI_B_A_MATCH_LABELS.tsv	f67r2	A	UNMATCHED	AI1	B_LABEL_0021	B_ONLY		HLABEL_f67r2_86DA7EB1AD56	UNMATCHED
LABEL	research/astro_spatial_annotation_ai_b/AI_B_A_MATCH_LABELS.tsv	f67r2	A	UNMATCHED	AI1	B_LABEL_0022	B_ONLY		HLABEL_f67r2_2A2AB0B3B867	UNMATCHED
LABEL	research/astro_spatial_annotation_ai_b/AI_B_A_MATCH_LABELS.tsv	f67r2	A	UNMATCHED	AI1	B_LABEL_0023	B_ONLY		HLABEL_f67r2_F4F984E9F33D	UNMATCHED
LABEL	research/astro_spatial_annotation_ai_b/AI_B_A_MATCH_LABELS.tsv	f67r2	A	UNMATCHED	AI1	B_LABEL_0024	B_ONLY		HLABEL_f67r2_24D165B98BC7	UNMATCHED
LABEL	research/astro_spatial_annotation_ai_b/AI_B_A_MATCH_LABELS.tsv	f67r2	A	UNMATCHED	AI1	B_LABEL_0025	B_ONLY		HLABEL_f67r2_15C5BEB2F25F	UNMATCHED
LABEL	research/astro_spatial_annotation_ai_b/AI_B_A_MATCH_LABELS.tsv	f67r2	A	UNMATCHED	AI1	B_LABEL_0026	B_ONLY		HLABEL_f67r2_7DB8F480CBCC	UNMATCHED
LABEL	research/astro_spatial_annotation_ai_b/AI_B_A_MATCH_LABELS.tsv	f67r2	A	UNMATCHED	AI1	B_LABEL_0027	B_ONLY		HLABEL_f67r2_89EB9A7460BC	UNMATCHED
LABEL	research/astro_spatial_annotation_ai_b/AI_B_A_MATCH_LABELS.tsv	f67r2	A	UNMATCHED	AI1	B_LABEL_0028	B_ONLY		HLABEL_f67r2_4529D3D11947	UNMATCHED
LABEL	research/astro_spatial_annotation_ai_b/AI_B_A_MATCH_LABELS.tsv	f67r2	A	UNMATCHED	AI1	B_LABEL_0029	B_ONLY		HLABEL_f67r2_1F3DF11369E1	UNMATCHED
LABEL	research/astro_spatial_annotation_ai_b/AI_B_A_MATCH_LABELS.tsv	f67r2	A	UNMATCHED	AI1	B_LABEL_0030	B_ONLY		HLABEL_f67r2_B9581946D298	UNMATCHED
LABEL	research/astro_spatial_annotation_ai_b/AI_B_A_MATCH_LABELS.tsv	f67r2	A	UNMATCHED	AI1	B_LABEL_0031	B_ONLY		HLABEL_f67r2_0B6B15547B1A	UNMATCHED
LABEL	research/astro_spatial_annotation_ai_b/AI_B_A_MATCH_LABELS.tsv	f67r2	A	UNMATCHED	AI1	B_LABEL_0032	B_ONLY		HLABEL_f67r2_AAE3D418AB72	UNMATCHED
LABEL	research/astro_spatial_annotation_ai_b/AI_B_A_MATCH_LABELS.tsv	f67r2	A	UNMATCHED	AI1	B_LABEL_0033	B_ONLY		HLABEL_f67r2_0BC167AE1212	UNMATCHED
LABEL	research/astro_spatial_annotation_ai_b/AI_B_A_MATCH_LABELS.tsv	f67r2	A	UNMATCHED	AI1	B_LABEL_0034	B_ONLY		HLABEL_f67r2_2B89D0B264DA	UNMATCHED
LABEL	research/astro_spatial_annotation_ai_b/AI_B_A_MATCH_LABELS.tsv	f67r2	A	UNMATCHED	AI1	B_LABEL_0035	B_ONLY		HLABEL_f67r2_B87A74947AD0	UNMATCHED
LABEL	research/astro_spatial_annotation_ai_b/AI_B_A_MATCH_LABELS.tsv	f67r2	A	UNMATCHED	AI1	B_LABEL_0036	B_ONLY		HLABEL_f67r2_34DFD4146290	UNMATCHED
LABEL	research/astro_spatial_annotation_ai_b/AI_B_A_MATCH_LABELS.tsv	f67v1	A	UNMATCHED	AI1	B_LABEL_0037	B_ONLY		HLABEL_f67v1_8CD3A8D2171C	UNMATCHED
LABEL	research/astro_spatial_annotation_ai_b/AI_B_A_MATCH_LABELS.tsv	f67v1	A	UNMATCHED	AI1	B_LABEL_0038	B_ONLY		HLABEL_f67v1_F7CF9AFE9864	UNMATCHED
LABEL	research/astro_spatial_annotation_ai_b/AI_B_A_MATCH_LABELS.tsv	f67v1	A	UNMATCHED	AI1	B_LABEL_0039	B_ONLY		HLABEL_f67v1_8C9FE86790FA	UNMATCHED
LABEL	research/astro_spatial_annotation_ai_b/AI_B_A_MATCH_LABELS.tsv	f67v1	A	UNMATCHED	AI1	B_LABEL_0040	B_ONLY		HLABEL_f67v1_68C1B9FB2170	UNMATCHED
LABEL	research/astro_spatial_annotation_ai_b/AI_B_A_MATCH_LABELS.tsv	f67v1	A	UNMATCHED	AI1	B_LABEL_0041	B_ONLY		HLABEL_f67v1_A0594CB0FE3E	UNMATCHED
LABEL	research/astro_spatial_annotation_ai_b/AI_B_A_MATCH_LABELS.tsv	f67v1	A	UNMATCHED	AI1	B_LABEL_0042	B_ONLY		HLABEL_f67v1_675BDEFA1ECE	UNMATCHED
LABEL	research/astro_spatial_annotation_ai_b/AI_B_A_MATCH_LABELS.tsv	f67v1	A	UNMATCHED	AI1	B_LABEL_0043	B_ONLY		HLABEL_f67v1_CADD01294523	UNMATCHED
LABEL	research/astro_spatial_annotation_ai_b/AI_B_A_MATCH_LABELS.tsv	f67v1	A	UNMATCHED	AI1	B_LABEL_0044	B_ONLY		HLABEL_f67v1_918E2237FAB6	UNMATCHED
LABEL	research/astro_spatial_annotation_ai_b/AI_B_A_MATCH_LABELS.tsv	f67v1	A	UNMATCHED	AI1	B_LABEL_0045	B_ONLY		HLABEL_f67v1_8F6015F5FB1F	UNMATCHED
LABEL	research/astro_spatial_annotation_ai_b/AI_B_A_MATCH_LABELS.tsv	f67v1	A	UNMATCHED	AI1	B_LABEL_0046	B_ONLY		HLABEL_f67v1_81613659928E	UNMATCHED
LABEL	research/astro_spatial_annotation_ai_b/AI_B_A_MATCH_LABELS.tsv	f67v1	A	UNMATCHED	AI1	B_LABEL_0047	B_ONLY		HLABEL_f67v1_E3B5C2B8EBEC	UNMATCHED
LABEL	research/astro_spatial_annotation_ai_b/AI_B_A_MATCH_LABELS.tsv	f67v1	A	UNMATCHED	AI1	B_LABEL_0048	B_ONLY		HLABEL_f67v1_14E2C7EC6A2D	UNMATCHED
LABEL	research/astro_spatial_annotation_ai_b/AI_B_A_MATCH_LABELS.tsv	f67v1	A	UNMATCHED	AI1	B_LABEL_0049	B_ONLY		HLABEL_f67v1_D6D6C33FADDD	UNMATCHED
LABEL	research/astro_spatial_annotation_ai_b/AI_B_A_MATCH_LABELS.tsv	f67v1	A	UNMATCHED	AI1	B_LABEL_0050	B_ONLY		HLABEL_f67v1_C9D8E1F045B7	UNMATCHED
LABEL	research/astro_spatial_annotation_ai_b/AI_B_A_MATCH_LABELS.tsv	f67v1	A	UNMATCHED	AI1	B_LABEL_0051	B_ONLY		HLABEL_f67v1_4B250502D73C	UNMATCHED
LABEL	research/astro_spatial_annotation_ai_b/AI_B_A_MATCH_LABELS.tsv	f67v1	A	UNMATCHED	AI1	B_LABEL_0052	B_ONLY		HLABEL_f67v1_7B88F9A4253A	UNMATCHED
LABEL	research/astro_spatial_annotation_ai_b/AI_B_A_MATCH_LABELS.tsv	f67v1	A	UNMATCHED	AI1	B_LABEL_0053	B_ONLY		HLABEL_f67v1_83424952681A	UNMATCHED
LABEL	research/astro_spatial_annotation_ai_b/AI_B_A_MATCH_LABELS.tsv	f67v1	A	UNMATCHED	AI1	B_LABEL_0054	B_ONLY		HLABEL_f67v1_69C99275F90B	UNMATCHED
LABEL	research/astro_spatial_annotation_ai_b/AI_B_A_MATCH_LABELS.tsv	f67v1	A	UNMATCHED	AI1	B_LABEL_0055	B_ONLY		HLABEL_f67v1_2DB48A0CE2BC	UNMATCHED
LABEL	research/astro_spatial_annotation_ai_b/AI_B_A_MATCH_LABELS.tsv	f67v1	A	UNMATCHED	AI1	B_LABEL_0056	B_ONLY		HLABEL_f67v1_1D1CD21F586F	UNMATCHED
LABEL	research/astro_spatial_annotation_ai_b/AI_B_A_MATCH_LABELS.tsv	f67v1	A	UNMATCHED	AI1	B_LABEL_0057	B_ONLY		HLABEL_f67v1_0D8DD3FFB467	UNMATCHED
LABEL	research/astro_spatial_annotation_ai_b/AI_B_A_MATCH_LABELS.tsv	f67v1	A	UNMATCHED	AI1	B_LABEL_0058	B_ONLY		HLABEL_f67v1_8AD1258CFBBF	UNMATCHED
LABEL	research/astro_spatial_annotation_ai_b/AI_B_A_MATCH_LABELS.tsv	f67v1	A	UNMATCHED	AI1	B_LABEL_0059	B_ONLY		HLABEL_f67v1_26DB46CCB1C3	UNMATCHED
LABEL	research/astro_spatial_annotation_ai_b/AI_B_A_MATCH_LABELS.tsv	f67v1	A	UNMATCHED	AI1	B_LABEL_0060	B_ONLY		HLABEL_f67v1_20E2CCF82EDB	UNMATCHED
LABEL	research/astro_spatial_annotation_ai_b/AI_B_A_MATCH_LABELS.tsv	f68r1	A	UNMATCHED	AI1	B_LABEL_0063	B_ONLY		HLABEL_f68r1_FF29D8FC1689	UNMATCHED
LABEL	research/astro_spatial_annotation_ai_b/AI_B_A_MATCH_LABELS.tsv	f68r1	A	UNMATCHED	AI1	B_LABEL_0083	B_ONLY		HLABEL_f68r1_A60C4082FBB1	UNMATCHED
LABEL	research/astro_spatial_annotation_ai_b/AI_B_A_MATCH_LABELS.tsv	f68r1	A	UNMATCHED	AI1	B_LABEL_0090	B_ONLY		HLABEL_f68r1_DD498E56355E	UNMATCHED
LABEL	research/astro_spatial_annotation_ai_b/AI_B_A_MATCH_LABELS.tsv	f68r1	A	UNMATCHED	AI1	B_LABEL_0091	B_ONLY		HLABEL_f68r1_D6DA0C0FB8FF	UNMATCHED
LABEL	research/astro_spatial_annotation_ai_b/AI_B_A_MATCH_LABELS.tsv	f68r2	A	UNMATCHED	AI1	B_LABEL_0092	B_ONLY		HLABEL_f68r2_7F04793D2D5B	UNMATCHED
LABEL	research/astro_spatial_annotation_ai_b/AI_B_A_MATCH_LABELS.tsv	f68r2	A	UNMATCHED	AI1	B_LABEL_0093	B_ONLY		HLABEL_f68r2_6C4711A65B18	UNMATCHED
LABEL	research/astro_spatial_annotation_ai_b/AI_B_A_MATCH_LABELS.tsv	f68r2	A	UNMATCHED	AI1	B_LABEL_0094	B_ONLY		HLABEL_f68r2_0939FF277A94	UNMATCHED
LABEL	research/astro_spatial_annotation_ai_b/AI_B_A_MATCH_LABELS.tsv	f68r2	A	UNMATCHED	AI1	B_LABEL_0095	B_ONLY		HLABEL_f68r2_DD96E72308FE	UNMATCHED
LABEL	research/astro_spatial_annotation_ai_b/AI_B_A_MATCH_LABELS.tsv	f68r2	A	UNMATCHED	AI1	B_LABEL_0096	B_ONLY		HLABEL_f68r2_F9BA00A4FB69	UNMATCHED
LABEL	research/astro_spatial_annotation_ai_b/AI_B_A_MATCH_LABELS.tsv	f68r2	A	UNMATCHED	AI1	B_LABEL_0097	B_ONLY		HLABEL_f68r2_7FBA483B0E1D	UNMATCHED
LABEL	research/astro_spatial_annotation_ai_b/AI_B_A_MATCH_LABELS.tsv	f68r2	A	UNMATCHED	AI1	B_LABEL_0098	B_ONLY		HLABEL_f68r2_B93ACFBCD4E4	UNMATCHED
LABEL	research/astro_spatial_annotation_ai_b/AI_B_A_MATCH_LABELS.tsv	f68r2	A	UNMATCHED	AI1	B_LABEL_0099	B_ONLY		HLABEL_f68r2_7D90CB9E6917	UNMATCHED
LABEL	research/astro_spatial_annotation_ai_b/AI_B_A_MATCH_LABELS.tsv	f68r2	A	UNMATCHED	AI1	B_LABEL_0100	B_ONLY		HLABEL_f68r2_E143B8B41057	UNMATCHED
LABEL	research/astro_spatial_annotation_ai_b/AI_B_A_MATCH_LABELS.tsv	f68r2	A	UNMATCHED	AI1	B_LABEL_0101	B_ONLY		HLABEL_f68r2_5F8B54190BA3	UNMATCHED
LABEL	research/astro_spatial_annotation_ai_b/AI_B_A_MATCH_LABELS.tsv	f68r2	A	UNMATCHED	AI1	B_LABEL_0102	B_ONLY		HLABEL_f68r2_128A7A1ECD7D	UNMATCHED
LABEL	research/astro_spatial_annotation_ai_b/AI_B_A_MATCH_LABELS.tsv	f68r2	A	UNMATCHED	AI1	B_LABEL_0103	B_ONLY		HLABEL_f68r2_E02058214970	UNMATCHED
LABEL	research/astro_spatial_annotation_ai_b/AI_B_A_MATCH_LABELS.tsv	f68r2	A	UNMATCHED	AI1	B_LABEL_0104	B_ONLY		HLABEL_f68r2_53AB27AC2A08	UNMATCHED
LABEL	research/astro_spatial_annotation_ai_b/AI_B_A_MATCH_LABELS.tsv	f68r2	A	UNMATCHED	AI1	B_LABEL_0105	B_ONLY		HLABEL_f68r2_57DCB468DF15	UNMATCHED
LABEL	research/astro_spatial_annotation_ai_b/AI_B_A_MATCH_LABELS.tsv	f68r2	A	UNMATCHED	AI1	B_LABEL_0106	B_ONLY		HLABEL_f68r2_B0EE724D7403	UNMATCHED
LABEL	research/astro_spatial_annotation_ai_b/AI_B_A_MATCH_LABELS.tsv	f68r2	A	UNMATCHED	AI1	B_LABEL_0107	B_ONLY		HLABEL_f68r2_42EB5D08575A	UNMATCHED
LABEL	research/astro_spatial_annotation_ai_b/AI_B_A_MATCH_LABELS.tsv	f68r2	A	UNMATCHED	AI1	B_LABEL_0108	B_ONLY		HLABEL_f68r2_F61C32C77A6E	UNMATCHED
LABEL	research/astro_spatial_annotation_ai_b/AI_B_A_MATCH_LABELS.tsv	f68r2	A	UNMATCHED	AI1	B_LABEL_0109	B_ONLY		HLABEL_f68r2_453755ADB983	UNMATCHED
LABEL	research/astro_spatial_annotation_ai_b/AI_B_A_MATCH_LABELS.tsv	f68r2	A	UNMATCHED	AI1	B_LABEL_0110	B_ONLY		HLABEL_f68r2_B774D6DBC14A	UNMATCHED
LABEL	research/astro_spatial_annotation_ai_b/AI_B_A_MATCH_LABELS.tsv	f68r2	A	UNMATCHED	AI1	B_LABEL_0111	B_ONLY		HLABEL_f68r2_1D28C267C6D8	UNMATCHED
LABEL	research/astro_spatial_annotation_ai_b/AI_B_A_MATCH_LABELS.tsv	f68r2	A	UNMATCHED	AI1	B_LABEL_0112	B_ONLY		HLABEL_f68r2_862DC91AB1AF	UNMATCHED
LABEL	research/astro_spatial_annotation_ai_b/AI_B_A_MATCH_LABELS.tsv	f68r2	A	UNMATCHED	AI1	B_LABEL_0113	B_ONLY		HLABEL_f68r2_92E417F67BC3	UNMATCHED
LABEL	research/astro_spatial_annotation_ai_b/AI_B_A_MATCH_LABELS.tsv	f68r2	A	UNMATCHED	AI1	B_LABEL_0114	B_ONLY		HLABEL_f68r2_83F84DED84B3	UNMATCHED
LABEL	research/astro_spatial_annotation_ai_b/AI_B_A_MATCH_LABELS.tsv	f68r2	A	UNMATCHED	AI1	B_LABEL_0115	B_ONLY		HLABEL_f68r2_C0671C6BE035	UNMATCHED
LABEL	research/astro_spatial_annotation_ai_b/AI_B_A_MATCH_LABELS.tsv	f68r2	A	UNMATCHED	AI1	B_LABEL_0116	B_ONLY		HLABEL_f68r2_60B741899C30	UNMATCHED
LABEL	research/astro_spatial_annotation_ai_b/AI_B_A_MATCH_LABELS.tsv	f68r2	A	UNMATCHED	AI1	B_LABEL_0117	B_ONLY		HLABEL_f68r2_C1B3A2E8B3D1	UNMATCHED
LABEL	research/astro_spatial_annotation_ai_b/AI_B_A_MATCH_LABELS.tsv	f68r2	A	UNMATCHED	AI1	B_LABEL_0118	B_ONLY		HLABEL_f68r2_639CD97A47E7	UNMATCHED
LABEL	research/astro_spatial_annotation_ai_b/AI_B_A_MATCH_LABELS.tsv	f68r2	A	UNMATCHED	AI1	B_LABEL_0119	B_ONLY		HLABEL_f68r2_5A4CB14543D8	UNMATCHED
LABEL	research/astro_spatial_annotation_ai_b/AI_B_A_MATCH_LABELS.tsv	f68r2	A	UNMATCHED	AI1	B_LABEL_0120	B_ONLY		HLABEL_f68r2_3340F5608078	UNMATCHED
LABEL	research/astro_spatial_annotation_ai_b/AI_B_A_MATCH_LABELS.tsv	f68r2	A	UNMATCHED	AI1	B_LABEL_0121	B_ONLY		HLABEL_f68r2_FC6E7E5F42EA	UNMATCHED
LABEL	research/astro_spatial_annotation_ai_b/AI_B_A_MATCH_LABELS.tsv	f68r2	A	UNMATCHED	AI1	B_LABEL_0122	B_ONLY		HLABEL_f68r2_CD064956A0E6	UNMATCHED
LABEL	research/astro_spatial_annotation_ai_b/AI_B_A_MATCH_LABELS.tsv	f68r2	A	UNMATCHED	AI1	B_LABEL_0123	B_ONLY		HLABEL_f68r2_D95B46B1FD11	UNMATCHED
LABEL	research/astro_spatial_annotation_ai_b/AI_B_A_MATCH_LABELS.tsv	f68r2	A	UNMATCHED	AI1	B_LABEL_0124	B_ONLY		HLABEL_f68r2_24EAB93EA1BE	UNMATCHED
LABEL	research/astro_spatial_annotation_ai_b/AI_B_A_MATCH_LABELS.tsv	f68r2	A	UNMATCHED	AI1	B_LABEL_0125	B_ONLY		HLABEL_f68r2_2A5B418160F2	UNMATCHED
LABEL	research/astro_spatial_annotation_ai_b/AI_B_A_MATCH_LABELS.tsv	f68r2	A	UNMATCHED	AI1	B_LABEL_0126	B_ONLY		HLABEL_f68r2_FBE4D3094C89	UNMATCHED
LABEL	research/astro_spatial_annotation_ai_b/AI_B_A_MATCH_LABELS.tsv	f68r2	A	UNMATCHED	AI1	B_LABEL_0127	B_ONLY		HLABEL_f68r2_33B6D8EB574E	UNMATCHED
LABEL	research/astro_spatial_annotation_ai_b/AI_B_A_MATCH_LABELS.tsv	f68r2	A	UNMATCHED	AI1	B_LABEL_0128	B_ONLY		HLABEL_f68r2_F8CA3C503E29	UNMATCHED
LABEL	research/astro_spatial_annotation_ai_b/AI_B_A_MATCH_LABELS.tsv	f68r2	A	UNMATCHED	AI1	B_LABEL_0129	B_ONLY		HLABEL_f68r2_5F37A798ABF6	UNMATCHED
LABEL	research/astro_spatial_annotation_ai_b/AI_B_A_MATCH_LABELS.tsv	f68r2	A	UNMATCHED	AI1	B_LABEL_0130	B_ONLY		HLABEL_f68r2_404FEDB7D56E	UNMATCHED
LABEL	research/astro_spatial_annotation_ai_b/AI_B_A_MATCH_LABELS.tsv	f68r2	A	UNMATCHED	AI1	B_LABEL_0131	B_ONLY		HLABEL_f68r2_A4292ADDB425	UNMATCHED
LABEL	research/astro_spatial_annotation_ai_b/AI_B_A_MATCH_LABELS.tsv	f68r2	A	UNMATCHED	AI1	B_LABEL_0132	B_ONLY		HLABEL_f68r2_33AD045D1FA0	UNMATCHED
LABEL	research/astro_spatial_annotation_ai_b/AI_B_A_MATCH_LABELS.tsv	f68r2	A	UNMATCHED	AI1	B_LABEL_0133	B_ONLY		HLABEL_f68r2_B0E39F42ACBF	UNMATCHED
LABEL	research/astro_spatial_annotation_ai_b/AI_B_A_MATCH_LABELS.tsv	f68r2	A	UNMATCHED	AI1	B_LABEL_0134	B_ONLY		HLABEL_f68r2_F3F60F7C5B5C	UNMATCHED
LABEL	research/astro_spatial_annotation_ai_b/AI_B_A_MATCH_LABELS.tsv	f68r2	A	UNMATCHED	AI1	B_LABEL_0135	B_ONLY		HLABEL_f68r2_1451CFCBBC6E	UNMATCHED
LABEL	research/astro_spatial_annotation_ai_b/AI_B_A_MATCH_LABELS.tsv	f68r2	A	UNMATCHED	AI1	B_LABEL_0136	B_ONLY		HLABEL_f68r2_5B59D2A6823C	UNMATCHED
LABEL	research/astro_spatial_annotation_ai_b/AI_B_A_MATCH_LABELS.tsv	f68r2	A	UNMATCHED	AI1	B_LABEL_0137	B_ONLY		HLABEL_f68r2_EA9AD43D2982	UNMATCHED
LABEL	research/astro_spatial_annotation_ai_b/AI_B_A_MATCH_LABELS.tsv	f68r2	A	UNMATCHED	AI1	B_LABEL_0138	B_ONLY		HLABEL_f68r2_6C85E1DB86CF	UNMATCHED
LABEL	research/astro_spatial_annotation_ai_b/AI_B_A_MATCH_LABELS.tsv	f68r2	A	UNMATCHED	AI1	B_LABEL_0139	B_ONLY		HLABEL_f68r2_DB870C631B7F	UNMATCHED
LABEL	research/astro_spatial_annotation_ai_b/AI_B_A_MATCH_LABELS.tsv	f68r2	A	UNMATCHED	AI1	B_LABEL_0140	B_ONLY		HLABEL_f68r2_E782921607B4	UNMATCHED
LABEL	research/astro_spatial_annotation_ai_b/AI_B_A_MATCH_LABELS.tsv	f68r3	A	UNMATCHED	AI1	B_LABEL_0141	B_ONLY		HLABEL_f68r3_FAC96A3ED16E	UNMATCHED
LABEL	research/astro_spatial_annotation_ai_b/AI_B_A_MATCH_LABELS.tsv	f68r3	A	UNMATCHED	AI1	B_LABEL_0142	B_ONLY		HLABEL_f68r3_19EDC31524DE	UNMATCHED
LABEL	research/astro_spatial_annotation_ai_b/AI_B_A_MATCH_LABELS.tsv	f68r3	A	UNMATCHED	AI1	B_LABEL_0143	B_ONLY		HLABEL_f68r3_9AD81914FAC2	UNMATCHED
LABEL	research/astro_spatial_annotation_ai_b/AI_B_A_MATCH_LABELS.tsv	f68r3	A	UNMATCHED	AI1	B_LABEL_0144	B_ONLY		HLABEL_f68r3_64CAC61798A1	UNMATCHED
LABEL	research/astro_spatial_annotation_ai_b/AI_B_A_MATCH_LABELS.tsv	f68r3	A	UNMATCHED	AI1	B_LABEL_0145	B_ONLY		HLABEL_f68r3_0FEB88EC329A	UNMATCHED
LABEL	research/astro_spatial_annotation_ai_b/AI_B_A_MATCH_LABELS.tsv	f68r3	A	UNMATCHED	AI1	B_LABEL_0146	B_ONLY		HLABEL_f68r3_90CA75FEAABE	UNMATCHED
LABEL	research/astro_spatial_annotation_ai_b/AI_B_A_MATCH_LABELS.tsv	f68r3	A	UNMATCHED	AI1	B_LABEL_0147	B_ONLY		HLABEL_f68r3_063182E7843F	UNMATCHED
LABEL	research/astro_spatial_annotation_ai_b/AI_B_A_MATCH_LABELS.tsv	f68r3	A	UNMATCHED	AI1	B_LABEL_0148	B_ONLY		HLABEL_f68r3_3EA6FF24D8FD	UNMATCHED
LABEL	research/astro_spatial_annotation_ai_b/AI_B_A_MATCH_LABELS.tsv	f68r3	A	UNMATCHED	AI1	B_LABEL_0149	B_ONLY		HLABEL_f68r3_671DDD898E0B	UNMATCHED
LABEL	research/astro_spatial_annotation_ai_b/AI_B_A_MATCH_LABELS.tsv	f68r3	A	UNMATCHED	AI1	B_LABEL_0150	B_ONLY		HLABEL_f68r3_F59D510F9867	UNMATCHED
LABEL	research/astro_spatial_annotation_ai_b/AI_B_A_MATCH_LABELS.tsv	f68r3	A	UNMATCHED	AI1	B_LABEL_0151	B_ONLY		HLABEL_f68r3_30626DCDB0AC	UNMATCHED
LABEL	research/astro_spatial_annotation_ai_b/AI_B_A_MATCH_LABELS.tsv	f68v1	A	UNMATCHED	AI1	B_LABEL_0152	B_ONLY		HLABEL_f68v1_7173CECFA2A7	UNMATCHED
LABEL	research/astro_spatial_annotation_ai_b/AI_B_A_MATCH_LABELS.tsv	f68v1	A	UNMATCHED	AI1	B_LABEL_0153	B_ONLY		HLABEL_f68v1_74F969FCDEB1	UNMATCHED
LABEL	research/astro_spatial_annotation_ai_b/AI_B_A_MATCH_LABELS.tsv	f68v1	A	UNMATCHED	AI1	B_LABEL_0154	B_ONLY		HLABEL_f68v1_7905591AE4F7	UNMATCHED
LABEL	research/astro_spatial_annotation_ai_b/AI_B_A_MATCH_LABELS.tsv	f68v1	A	UNMATCHED	AI1	B_LABEL_0155	B_ONLY		HLABEL_f68v1_48A86887B560	UNMATCHED
LABEL	research/astro_spatial_annotation_ai_b/AI_B_A_MATCH_LABELS.tsv	f68v1	A	UNMATCHED	AI1	B_LABEL_0156	B_ONLY		HLABEL_f68v1_2B2D50FF3C7C	UNMATCHED
LABEL	research/astro_spatial_annotation_ai_b/AI_B_A_MATCH_LABELS.tsv	f68v1	A	UNMATCHED	AI1	B_LABEL_0157	B_ONLY		HLABEL_f68v1_971B9EDF4F61	UNMATCHED
LABEL	research/astro_spatial_annotation_ai_b/AI_B_A_MATCH_LABELS.tsv	f68v1	A	UNMATCHED	AI1	B_LABEL_0158	B_ONLY		HLABEL_f68v1_F12751A51C67	UNMATCHED
LABEL	research/astro_spatial_annotation_ai_b/AI_B_A_MATCH_LABELS.tsv	f68v1	A	UNMATCHED	AI1	B_LABEL_0159	B_ONLY		HLABEL_f68v1_611D9DD15C69	UNMATCHED
LABEL	research/astro_spatial_annotation_ai_b/AI_B_A_MATCH_LABELS.tsv	f68v1	A	UNMATCHED	AI1	B_LABEL_0160	B_ONLY		HLABEL_f68v1_93CAF73A3981	UNMATCHED
LABEL	research/astro_spatial_annotation_ai_b/AI_B_A_MATCH_LABELS.tsv	f68v1	A	UNMATCHED	AI1	B_LABEL_0161	B_ONLY		HLABEL_f68v1_EB04FAB9B66E	UNMATCHED
LABEL	research/astro_spatial_annotation_ai_b/AI_B_A_MATCH_LABELS.tsv	f68v2	A	UNMATCHED	AI1	B_LABEL_0162	B_ONLY		HLABEL_f68v2_140B6DACA5D4	UNMATCHED
LABEL	research/astro_spatial_annotation_ai_b/AI_B_A_MATCH_LABELS.tsv	f68v2	A	UNMATCHED	AI1	B_LABEL_0163	B_ONLY		HLABEL_f68v2_C8A3D256A5DF	UNMATCHED
LABEL	research/astro_spatial_annotation_ai_b/AI_B_A_MATCH_LABELS.tsv	f68v2	A	UNMATCHED	AI1	B_LABEL_0164	B_ONLY		HLABEL_f68v2_9C9255391597	UNMATCHED
LABEL	research/astro_spatial_annotation_ai_b/AI_B_A_MATCH_LABELS.tsv	f68v2	A	UNMATCHED	AI1	B_LABEL_0165	B_ONLY		HLABEL_f68v2_BA25CBE881CE	UNMATCHED
LABEL	research/astro_spatial_annotation_ai_b/AI_B_A_MATCH_LABELS.tsv	f68v2	A	UNMATCHED	AI1	B_LABEL_0166	B_ONLY		HLABEL_f68v2_5CD0460EBF5E	UNMATCHED
LABEL	research/astro_spatial_annotation_ai_b/AI_B_A_MATCH_LABELS.tsv	f68v2	A	UNMATCHED	AI1	B_LABEL_0167	B_ONLY		HLABEL_f68v2_CDFEE87923B0	UNMATCHED
LABEL	research/astro_spatial_annotation_ai_b/AI_B_A_MATCH_LABELS.tsv	f68v2	A	UNMATCHED	AI1	B_LABEL_0168	B_ONLY		HLABEL_f68v2_B1CEDCD5FC66	UNMATCHED
LABEL	research/astro_spatial_annotation_ai_b/AI_B_A_MATCH_LABELS.tsv	f68v2	A	UNMATCHED	AI1	B_LABEL_0169	B_ONLY		HLABEL_f68v2_D67C8AB4EB2E	UNMATCHED
LABEL	research/astro_spatial_annotation_ai_b/AI_B_A_MATCH_LABELS.tsv	f68v2	A	UNMATCHED	AI1	B_LABEL_0170	B_ONLY		HLABEL_f68v2_4143E8F988AD	UNMATCHED
LABEL	research/astro_spatial_annotation_ai_b/AI_B_A_MATCH_LABELS.tsv	f68v2	A	UNMATCHED	AI1	B_LABEL_0171	B_ONLY		HLABEL_f68v2_9E5763C6A7DF	UNMATCHED
LABEL	research/astro_spatial_annotation_ai_b/AI_B_A_MATCH_LABELS.tsv	f68v2	A	UNMATCHED	AI1	B_LABEL_0172	B_ONLY		HLABEL_f68v2_72176D51AB99	UNMATCHED
LABEL	research/astro_spatial_annotation_ai_b/AI_B_A_MATCH_LABELS.tsv	f68v2	A	UNMATCHED	AI1	B_LABEL_0173	B_ONLY		HLABEL_f68v2_702571568B31	UNMATCHED
LABEL	research/astro_spatial_annotation_ai_b/AI_B_A_MATCH_LABELS.tsv	f68v2	A	UNMATCHED	AI1	B_LABEL_0174	B_ONLY		HLABEL_f68v2_3571DB186254	UNMATCHED
LABEL	research/astro_spatial_annotation_ai_b/AI_B_A_MATCH_LABELS.tsv	f68v2	A	UNMATCHED	AI1	B_LABEL_0175	B_ONLY		HLABEL_f68v2_6E8CCF5C5C4A	UNMATCHED
LABEL	research/astro_spatial_annotation_ai_b2/A_AI2_LABEL_MATCH.tsv	f68r1	A	f68r1-label-anon-001	AI2	C_LABEL_0091	MATCHED	HLABEL_f68r1_41BC06EDAF55	HLABEL_f68r1_41BC06EDAF55	SAME_CANDIDATE
LABEL	research/astro_spatial_annotation_ai_b2/A_AI2_LABEL_MATCH.tsv	f68r1	A	f68r1-label-anon-002	AI2	C_LABEL_0095	MATCHED	HLABEL_f68r1_599A90270FF5	HLABEL_f68r1_599A90270FF5	SAME_CANDIDATE
LABEL	research/astro_spatial_annotation_ai_b2/A_AI2_LABEL_MATCH.tsv	f68r1	A	f68r1-label-anon-003	AI2	C_LABEL_0092	MATCHED	HLABEL_f68r1_87A9A3C329D0	HLABEL_f68r1_87A9A3C329D0	SAME_CANDIDATE
LABEL	research/astro_spatial_annotation_ai_b2/A_AI2_LABEL_MATCH.tsv	f68r1	A	f68r1-label-anon-004	AI2	C_LABEL_0096	MATCHED	HLABEL_f68r1_94FF807CB77C	HLABEL_f68r1_94FF807CB77C	SAME_CANDIDATE
LABEL	research/astro_spatial_annotation_ai_b2/A_AI2_LABEL_MATCH.tsv	f68r1	A	f68r1-label-anon-005	AI2	C_LABEL_0097	MATCHED	HLABEL_f68r1_5C72D2D46ED7	HLABEL_f68r1_5C72D2D46ED7	SAME_CANDIDATE
LABEL	research/astro_spatial_annotation_ai_b2/A_AI2_LABEL_MATCH.tsv	f68r1	A	f68r1-label-anon-006	AI2	C_LABEL_0093	MATCHED	HLABEL_f68r1_B685BDFB1F46	HLABEL_f68r1_B685BDFB1F46	SAME_CANDIDATE
LABEL	research/astro_spatial_annotation_ai_b2/A_AI2_LABEL_MATCH.tsv	f68r1	A	f68r1-label-anon-007	AI2	C_LABEL_0094	MATCHED	HLABEL_f68r1_AEA2EECB77C4	HLABEL_f68r1_AEA2EECB77C4	SAME_CANDIDATE
LABEL	research/astro_spatial_annotation_ai_b2/A_AI2_LABEL_MATCH.tsv	f68r1	A	f68r1-label-anon-008	AI2	C_LABEL_0098	MATCHED	HLABEL_f68r1_B2142F9557C7	HLABEL_f68r1_B2142F9557C7	SAME_CANDIDATE
LABEL	research/astro_spatial_annotation_ai_b2/A_AI2_LABEL_MATCH.tsv	f68r1	A	f68r1-label-anon-009	AI2	C_LABEL_0099	MATCHED	HLABEL_f68r1_7F0B3B7B8236	HLABEL_f68r1_7F0B3B7B8236	SAME_CANDIDATE
LABEL	research/astro_spatial_annotation_ai_b2/A_AI2_LABEL_MATCH.tsv	f68r1	A	f68r1-label-anon-010	AI2	C_LABEL_0100	MATCHED	HLABEL_f68r1_2818552D1622	HLABEL_f68r1_2818552D1622	SAME_CANDIDATE
LABEL	research/astro_spatial_annotation_ai_b2/A_AI2_LABEL_MATCH.tsv	f68r1	A	f68r1-label-anon-011	AI2	C_LABEL_0106	MATCHED	HLABEL_f68r1_9CE300F85236	HLABEL_f68r1_9CE300F85236	SAME_CANDIDATE
LABEL	research/astro_spatial_annotation_ai_b2/A_AI2_LABEL_MATCH.tsv	f68r1	A	f68r1-label-anon-012	AI2	C_LABEL_0107	MATCHED	HLABEL_f68r1_3226D0F6FF82	HLABEL_f68r1_3226D0F6FF82	SAME_CANDIDATE
LABEL	research/astro_spatial_annotation_ai_b2/A_AI2_LABEL_MATCH.tsv	f68r1	A	f68r1-label-anon-013	AI2	C_LABEL_0102	MATCHED	HLABEL_f68r1_E9FEC7295FC3	HLABEL_f68r1_E9FEC7295FC3	SAME_CANDIDATE
LABEL	research/astro_spatial_annotation_ai_b2/A_AI2_LABEL_MATCH.tsv	f68r1	A	f68r1-label-anon-014	AI2	UNMATCHED	LEFT_ONLY	HLABEL_f68r1_E5DC22957D3C		UNMATCHED
LABEL	research/astro_spatial_annotation_ai_b2/A_AI2_LABEL_MATCH.tsv	f68r1	A	f68r1-label-anon-015	AI2	C_LABEL_0103	MATCHED	HLABEL_f68r1_D16E5E8CBA26	HLABEL_f68r1_D16E5E8CBA26	SAME_CANDIDATE
LABEL	research/astro_spatial_annotation_ai_b2/A_AI2_LABEL_MATCH.tsv	f68r1	A	f68r1-label-anon-016	AI2	C_LABEL_0104	MATCHED	HLABEL_f68r1_4F82A210FFB0	HLABEL_f68r1_4F82A210FFB0	SAME_CANDIDATE
LABEL	research/astro_spatial_annotation_ai_b2/A_AI2_LABEL_MATCH.tsv	f68r1	A	f68r1-label-anon-017	AI2	C_LABEL_0108	MATCHED	HLABEL_f68r1_768FED558FE0	HLABEL_f68r1_768FED558FE0	SAME_CANDIDATE
LABEL	research/astro_spatial_annotation_ai_b2/A_AI2_LABEL_MATCH.tsv	f68r1	A	f68r1-label-anon-018	AI2	C_LABEL_0109	MATCHED	HLABEL_f68r1_74BC9BB1AD80	HLABEL_f68r1_74BC9BB1AD80	SAME_CANDIDATE
LABEL	research/astro_spatial_annotation_ai_b2/A_AI2_LABEL_MATCH.tsv	f68r1	A	f68r1-label-anon-019	AI2	C_LABEL_0105	MATCHED	HLABEL_f68r1_070702191A0A	HLABEL_f68r1_070702191A0A	SAME_CANDIDATE
LABEL	research/astro_spatial_annotation_ai_b2/A_AI2_LABEL_MATCH.tsv	f68r1	A	f68r1-label-anon-020	AI2	C_LABEL_0112	MATCHED	HLABEL_f68r1_D69699B6B3F6	HLABEL_f68r1_D69699B6B3F6	SAME_CANDIDATE
LABEL	research/astro_spatial_annotation_ai_b2/A_AI2_LABEL_MATCH.tsv	f68r1	A	f68r1-label-anon-021	AI2	UNMATCHED	LEFT_ONLY	HLABEL_f68r1_02A187ACC4BB		UNMATCHED
LABEL	research/astro_spatial_annotation_ai_b2/A_AI2_LABEL_MATCH.tsv	f68r1	A	f68r1-label-anon-022	AI2	C_LABEL_0110	MATCHED	HLABEL_f68r1_F8C9C8361135	HLABEL_f68r1_F8C9C8361135	SAME_CANDIDATE
LABEL	research/astro_spatial_annotation_ai_b2/A_AI2_LABEL_MATCH.tsv	f68r1	A	f68r1-label-anon-023	AI2	C_LABEL_0111	MATCHED	HLABEL_f68r1_8EE95BA94B80	HLABEL_f68r1_8EE95BA94B80	SAME_CANDIDATE
LABEL	research/astro_spatial_annotation_ai_b2/A_AI2_LABEL_MATCH.tsv	f68r1	A	f68r1-label-anon-024	AI2	C_LABEL_0114	MATCHED	HLABEL_f68r1_829A1F808609	HLABEL_f68r1_829A1F808609	SAME_CANDIDATE
LABEL	research/astro_spatial_annotation_ai_b2/A_AI2_LABEL_MATCH.tsv	f68r1	A	f68r1-label-anon-025	AI2	UNMATCHED	LEFT_ONLY	HLABEL_f68r1_838C2F2B50FD		UNMATCHED
LABEL	research/astro_spatial_annotation_ai_b2/A_AI2_LABEL_MATCH.tsv	f68r1	A	f68r1-label-anon-026	AI2	C_LABEL_0117	MATCHED	HLABEL_f68r1_0097692B4BA6	HLABEL_f68r1_0097692B4BA6	SAME_CANDIDATE
LABEL	research/astro_spatial_annotation_ai_b2/A_AI2_LABEL_MATCH.tsv	f68r1	A	f68r1-label-anon-027	AI2	C_LABEL_0118	MATCHED	HLABEL_f68r1_E1F8D2559E4A	HLABEL_f68r1_E1F8D2559E4A	SAME_CANDIDATE
LABEL	research/astro_spatial_annotation_ai_b2/A_AI2_LABEL_MATCH.tsv	f68r1	A	f68r1-label-anon-028	AI2	UNMATCHED	LEFT_ONLY	HLABEL_f68r1_7AFD651E9791		UNMATCHED
LABEL	research/astro_spatial_annotation_ai_b2/A_AI2_LABEL_MATCH.tsv	f68r1	A	f68r1-label-anon-029	AI2	C_LABEL_0119	MATCHED	HLABEL_f68r1_7D5A07415F6B	HLABEL_f68r1_7D5A07415F6B	SAME_CANDIDATE
LABEL	research/astro_spatial_annotation_ai_b2/A_AI2_LABEL_MATCH.tsv	f67r1	A	UNMATCHED	AI2	C_LABEL_0001	RIGHT_ONLY		HLABEL_f67r1_A38182154431	UNMATCHED
LABEL	research/astro_spatial_annotation_ai_b2/A_AI2_LABEL_MATCH.tsv	f67r1	A	UNMATCHED	AI2	C_LABEL_0002	RIGHT_ONLY		HLABEL_f67r1_41C164B34FAF	UNMATCHED
LABEL	research/astro_spatial_annotation_ai_b2/A_AI2_LABEL_MATCH.tsv	f67r1	A	UNMATCHED	AI2	C_LABEL_0003	RIGHT_ONLY		HLABEL_f67r1_1224103BAB17	UNMATCHED
LABEL	research/astro_spatial_annotation_ai_b2/A_AI2_LABEL_MATCH.tsv	f67r1	A	UNMATCHED	AI2	C_LABEL_0004	RIGHT_ONLY		HLABEL_f67r1_4D0DB23372A7	UNMATCHED
LABEL	research/astro_spatial_annotation_ai_b2/A_AI2_LABEL_MATCH.tsv	f67r1	A	UNMATCHED	AI2	C_LABEL_0005	RIGHT_ONLY		HLABEL_f67r1_1B27830BDEFF	UNMATCHED
LABEL	research/astro_spatial_annotation_ai_b2/A_AI2_LABEL_MATCH.tsv	f67r1	A	UNMATCHED	AI2	C_LABEL_0006	RIGHT_ONLY		HLABEL_f67r1_E7CCD7E2CC67	UNMATCHED
LABEL	research/astro_spatial_annotation_ai_b2/A_AI2_LABEL_MATCH.tsv	f67r1	A	UNMATCHED	AI2	C_LABEL_0007	RIGHT_ONLY		HLABEL_f67r1_0895242BA6C8	UNMATCHED
LABEL	research/astro_spatial_annotation_ai_b2/A_AI2_LABEL_MATCH.tsv	f67r1	A	UNMATCHED	AI2	C_LABEL_0008	RIGHT_ONLY		HLABEL_f67r1_E8EA57A6B10C	UNMATCHED
LABEL	research/astro_spatial_annotation_ai_b2/A_AI2_LABEL_MATCH.tsv	f67r1	A	UNMATCHED	AI2	C_LABEL_0009	RIGHT_ONLY		HLABEL_f67r1_EAB2268A21E3	UNMATCHED
LABEL	research/astro_spatial_annotation_ai_b2/A_AI2_LABEL_MATCH.tsv	f67r1	A	UNMATCHED	AI2	C_LABEL_0010	RIGHT_ONLY		HLABEL_f67r1_99B462EE81F8	UNMATCHED
LABEL	research/astro_spatial_annotation_ai_b2/A_AI2_LABEL_MATCH.tsv	f67r1	A	UNMATCHED	AI2	C_LABEL_0011	RIGHT_ONLY		HLABEL_f67r1_848479ABF86E	UNMATCHED
LABEL	research/astro_spatial_annotation_ai_b2/A_AI2_LABEL_MATCH.tsv	f67r1	A	UNMATCHED	AI2	C_LABEL_0012	RIGHT_ONLY		HLABEL_f67r1_B75EF33E411C	UNMATCHED
LABEL	research/astro_spatial_annotation_ai_b2/A_AI2_LABEL_MATCH.tsv	f67r1	A	UNMATCHED	AI2	C_LABEL_0013	RIGHT_ONLY		HLABEL_f67r1_CE7AA0741614	UNMATCHED
LABEL	research/astro_spatial_annotation_ai_b2/A_AI2_LABEL_MATCH.tsv	f67r1	A	UNMATCHED	AI2	C_LABEL_0014	RIGHT_ONLY		HLABEL_f67r1_8959B7C7EE27	UNMATCHED
LABEL	research/astro_spatial_annotation_ai_b2/A_AI2_LABEL_MATCH.tsv	f67r1	A	UNMATCHED	AI2	C_LABEL_0015	RIGHT_ONLY		HLABEL_f67r1_7E2B84438AA9	UNMATCHED
LABEL	research/astro_spatial_annotation_ai_b2/A_AI2_LABEL_MATCH.tsv	f67r1	A	UNMATCHED	AI2	C_LABEL_0016	RIGHT_ONLY		HLABEL_f67r1_0BA8CEE52FAF	UNMATCHED
LABEL	research/astro_spatial_annotation_ai_b2/A_AI2_LABEL_MATCH.tsv	f67r1	A	UNMATCHED	AI2	C_LABEL_0017	RIGHT_ONLY		HLABEL_f67r1_259AE8E81D5C	UNMATCHED
LABEL	research/astro_spatial_annotation_ai_b2/A_AI2_LABEL_MATCH.tsv	f67r1	A	UNMATCHED	AI2	C_LABEL_0018	RIGHT_ONLY		HLABEL_f67r1_8CEBAB8157F9	UNMATCHED
LABEL	research/astro_spatial_annotation_ai_b2/A_AI2_LABEL_MATCH.tsv	f67r1	A	UNMATCHED	AI2	C_LABEL_0019	RIGHT_ONLY		HLABEL_f67r1_F164D8042199	UNMATCHED
LABEL	research/astro_spatial_annotation_ai_b2/A_AI2_LABEL_MATCH.tsv	f67r1	A	UNMATCHED	AI2	C_LABEL_0020	RIGHT_ONLY		HLABEL_f67r1_3F2346FE862C	UNMATCHED
LABEL	research/astro_spatial_annotation_ai_b2/A_AI2_LABEL_MATCH.tsv	f67r1	A	UNMATCHED	AI2	C_LABEL_0021	RIGHT_ONLY		HLABEL_f67r1_E4CBDD6ECAF6	UNMATCHED
LABEL	research/astro_spatial_annotation_ai_b2/A_AI2_LABEL_MATCH.tsv	f67r2	A	UNMATCHED	AI2	C_LABEL_0022	RIGHT_ONLY		HLABEL_f67r2_637FCC43F620	UNMATCHED
LABEL	research/astro_spatial_annotation_ai_b2/A_AI2_LABEL_MATCH.tsv	f67r2	A	UNMATCHED	AI2	C_LABEL_0023	RIGHT_ONLY		HLABEL_f67r2_0BC167AE1212	UNMATCHED
LABEL	research/astro_spatial_annotation_ai_b2/A_AI2_LABEL_MATCH.tsv	f67r2	A	UNMATCHED	AI2	C_LABEL_0024	RIGHT_ONLY		HLABEL_f67r2_B87A74947AD0	UNMATCHED
LABEL	research/astro_spatial_annotation_ai_b2/A_AI2_LABEL_MATCH.tsv	f67r2	A	UNMATCHED	AI2	C_LABEL_0025	RIGHT_ONLY		HLABEL_f67r2_7B55A59E7BCE	UNMATCHED
LABEL	research/astro_spatial_annotation_ai_b2/A_AI2_LABEL_MATCH.tsv	f67r2	A	UNMATCHED	AI2	C_LABEL_0026	RIGHT_ONLY		HLABEL_f67r2_E237DF1F4B02	UNMATCHED
LABEL	research/astro_spatial_annotation_ai_b2/A_AI2_LABEL_MATCH.tsv	f67r2	A	UNMATCHED	AI2	C_LABEL_0027	RIGHT_ONLY		HLABEL_f67r2_AA39DF514B3B	UNMATCHED
LABEL	research/astro_spatial_annotation_ai_b2/A_AI2_LABEL_MATCH.tsv	f67r2	A	UNMATCHED	AI2	C_LABEL_0028	RIGHT_ONLY		HLABEL_f67r2_CC7204495F35	UNMATCHED
LABEL	research/astro_spatial_annotation_ai_b2/A_AI2_LABEL_MATCH.tsv	f67r2	A	UNMATCHED	AI2	C_LABEL_0029	RIGHT_ONLY		HLABEL_f67r2_9F68928ACE2E	UNMATCHED
LABEL	research/astro_spatial_annotation_ai_b2/A_AI2_LABEL_MATCH.tsv	f67r2	A	UNMATCHED	AI2	C_LABEL_0030	RIGHT_ONLY		HLABEL_f67r2_8768BB7B8818	UNMATCHED
LABEL	research/astro_spatial_annotation_ai_b2/A_AI2_LABEL_MATCH.tsv	f67r2	A	UNMATCHED	AI2	C_LABEL_0031	RIGHT_ONLY		HLABEL_f67r2_F0258D85036A	UNMATCHED
LABEL	research/astro_spatial_annotation_ai_b2/A_AI2_LABEL_MATCH.tsv	f67r2	A	UNMATCHED	AI2	C_LABEL_0032	RIGHT_ONLY		HLABEL_f67r2_AC6EE1DD0268	UNMATCHED
LABEL	research/astro_spatial_annotation_ai_b2/A_AI2_LABEL_MATCH.tsv	f67r2	A	UNMATCHED	AI2	C_LABEL_0033	RIGHT_ONLY		HLABEL_f67r2_1435D84E7581	UNMATCHED
LABEL	research/astro_spatial_annotation_ai_b2/A_AI2_LABEL_MATCH.tsv	f67r2	A	UNMATCHED	AI2	C_LABEL_0034	RIGHT_ONLY		HLABEL_f67r2_AAE3D418AB72	UNMATCHED
LABEL	research/astro_spatial_annotation_ai_b2/A_AI2_LABEL_MATCH.tsv	f67r2	A	UNMATCHED	AI2	C_LABEL_0035	RIGHT_ONLY		HLABEL_f67r2_2B89D0B264DA	UNMATCHED
LABEL	research/astro_spatial_annotation_ai_b2/A_AI2_LABEL_MATCH.tsv	f67r2	A	UNMATCHED	AI2	C_LABEL_0036	RIGHT_ONLY		HLABEL_f67r2_34DFD4146290	UNMATCHED
LABEL	research/astro_spatial_annotation_ai_b2/A_AI2_LABEL_MATCH.tsv	f67r2	A	UNMATCHED	AI2	C_LABEL_0037	RIGHT_ONLY		HLABEL_f67r2_A1B5BFA7EFB6	UNMATCHED
LABEL	research/astro_spatial_annotation_ai_b2/A_AI2_LABEL_MATCH.tsv	f67r2	A	UNMATCHED	AI2	C_LABEL_0038	RIGHT_ONLY		HLABEL_f67r2_551703B68FA4	UNMATCHED
LABEL	research/astro_spatial_annotation_ai_b2/A_AI2_LABEL_MATCH.tsv	f67r2	A	UNMATCHED	AI2	C_LABEL_0039	RIGHT_ONLY		HLABEL_f67r2_9ADB88139C32	UNMATCHED
LABEL	research/astro_spatial_annotation_ai_b2/A_AI2_LABEL_MATCH.tsv	f67r2	A	UNMATCHED	AI2	C_LABEL_0040	RIGHT_ONLY		HLABEL_f67r2_B3B7C6FBA70C	UNMATCHED
LABEL	research/astro_spatial_annotation_ai_b2/A_AI2_LABEL_MATCH.tsv	f67r2	A	UNMATCHED	AI2	C_LABEL_0041	RIGHT_ONLY		HLABEL_f67r2_86DA7EB1AD56	UNMATCHED
LABEL	research/astro_spatial_annotation_ai_b2/A_AI2_LABEL_MATCH.tsv	f67r2	A	UNMATCHED	AI2	C_LABEL_0042	RIGHT_ONLY		HLABEL_f67r2_0D9C4E3B276B	UNMATCHED
LABEL	research/astro_spatial_annotation_ai_b2/A_AI2_LABEL_MATCH.tsv	f67r2	A	UNMATCHED	AI2	C_LABEL_0043	RIGHT_ONLY		HLABEL_f67r2_89EB9A7460BC	UNMATCHED
LABEL	research/astro_spatial_annotation_ai_b2/A_AI2_LABEL_MATCH.tsv	f67r2	A	UNMATCHED	AI2	C_LABEL_0044	RIGHT_ONLY		HLABEL_f67r2_B9581946D298	UNMATCHED
LABEL	research/astro_spatial_annotation_ai_b2/A_AI2_LABEL_MATCH.tsv	f67r2	A	UNMATCHED	AI2	C_LABEL_0045	RIGHT_ONLY		HLABEL_f67r2_FCA142BBAAC6	UNMATCHED
LABEL	research/astro_spatial_annotation_ai_b2/A_AI2_LABEL_MATCH.tsv	f67r2	A	UNMATCHED	AI2	C_LABEL_0046	RIGHT_ONLY		HLABEL_f67r2_71CD850BC8D5	UNMATCHED
LABEL	research/astro_spatial_annotation_ai_b2/A_AI2_LABEL_MATCH.tsv	f67r2	A	UNMATCHED	AI2	C_LABEL_0047	RIGHT_ONLY		HLABEL_f67r2_1C6798E2ABCD	UNMATCHED
LABEL	research/astro_spatial_annotation_ai_b2/A_AI2_LABEL_MATCH.tsv	f67r2	A	UNMATCHED	AI2	C_LABEL_0048	RIGHT_ONLY		HLABEL_f67r2_B9465F1825CD	UNMATCHED
LABEL	research/astro_spatial_annotation_ai_b2/A_AI2_LABEL_MATCH.tsv	f67r2	A	UNMATCHED	AI2	C_LABEL_0049	RIGHT_ONLY		HLABEL_f67r2_146EA35A1D76	UNMATCHED
LABEL	research/astro_spatial_annotation_ai_b2/A_AI2_LABEL_MATCH.tsv	f67r2	A	UNMATCHED	AI2	C_LABEL_0050	RIGHT_ONLY		HLABEL_f67r2_A0226D3F4DB6	UNMATCHED
LABEL	research/astro_spatial_annotation_ai_b2/A_AI2_LABEL_MATCH.tsv	f67r2	A	UNMATCHED	AI2	C_LABEL_0051	RIGHT_ONLY		HLABEL_f67r2_A8657A520507	UNMATCHED
LABEL	research/astro_spatial_annotation_ai_b2/A_AI2_LABEL_MATCH.tsv	f67r2	A	UNMATCHED	AI2	C_LABEL_0052	RIGHT_ONLY		HLABEL_f67r2_AC509CBB4DE1	UNMATCHED
LABEL	research/astro_spatial_annotation_ai_b2/A_AI2_LABEL_MATCH.tsv	f67r2	A	UNMATCHED	AI2	C_LABEL_0053	RIGHT_ONLY		HLABEL_f67r2_9D5421ADC539	UNMATCHED
LABEL	research/astro_spatial_annotation_ai_b2/A_AI2_LABEL_MATCH.tsv	f67r2	A	UNMATCHED	AI2	C_LABEL_0054	RIGHT_ONLY		HLABEL_f67r2_533E9C2D0281	UNMATCHED
LABEL	research/astro_spatial_annotation_ai_b2/A_AI2_LABEL_MATCH.tsv	f67r2	A	UNMATCHED	AI2	C_LABEL_0055	RIGHT_ONLY		HLABEL_f67r2_140E92838F27	UNMATCHED
LABEL	research/astro_spatial_annotation_ai_b2/A_AI2_LABEL_MATCH.tsv	f67r2	A	UNMATCHED	AI2	C_LABEL_0056	RIGHT_ONLY		HLABEL_f67r2_F79D771DEE83	UNMATCHED
LABEL	research/astro_spatial_annotation_ai_b2/A_AI2_LABEL_MATCH.tsv	f67r2	A	UNMATCHED	AI2	C_LABEL_0057	RIGHT_ONLY		HLABEL_f67r2_6FF5C29EB50D	UNMATCHED
LABEL	research/astro_spatial_annotation_ai_b2/A_AI2_LABEL_MATCH.tsv	f67r2	A	UNMATCHED	AI2	C_LABEL_0058	RIGHT_ONLY		HLABEL_f67r2_B511EB6ABB07	UNMATCHED
LABEL	research/astro_spatial_annotation_ai_b2/A_AI2_LABEL_MATCH.tsv	f67r2	A	UNMATCHED	AI2	C_LABEL_0059	RIGHT_ONLY		HLABEL_f67r2_7FACEC5A1328	UNMATCHED
LABEL	research/astro_spatial_annotation_ai_b2/A_AI2_LABEL_MATCH.tsv	f67r2	A	UNMATCHED	AI2	C_LABEL_0060	RIGHT_ONLY		HLABEL_f67r2_F901CF1DC206	UNMATCHED
LABEL	research/astro_spatial_annotation_ai_b2/A_AI2_LABEL_MATCH.tsv	f67v1	A	UNMATCHED	AI2	C_LABEL_0061	RIGHT_ONLY		HLABEL_f67v1_8EBD49617531	UNMATCHED
LABEL	research/astro_spatial_annotation_ai_b2/A_AI2_LABEL_MATCH.tsv	f67v1	A	UNMATCHED	AI2	C_LABEL_0062	RIGHT_ONLY		HLABEL_f67v1_D6272524FBF2	UNMATCHED
LABEL	research/astro_spatial_annotation_ai_b2/A_AI2_LABEL_MATCH.tsv	f67v1	A	UNMATCHED	AI2	C_LABEL_0063	RIGHT_ONLY		HLABEL_f67v1_0D8DD3FFB467	UNMATCHED
LABEL	research/astro_spatial_annotation_ai_b2/A_AI2_LABEL_MATCH.tsv	f67v1	A	UNMATCHED	AI2	C_LABEL_0064	RIGHT_ONLY		HLABEL_f67v1_26DB46CCB1C3	UNMATCHED
LABEL	research/astro_spatial_annotation_ai_b2/A_AI2_LABEL_MATCH.tsv	f67v1	A	UNMATCHED	AI2	C_LABEL_0065	RIGHT_ONLY		HLABEL_f67v1_8CD3A8D2171C	UNMATCHED
LABEL	research/astro_spatial_annotation_ai_b2/A_AI2_LABEL_MATCH.tsv	f67v1	A	UNMATCHED	AI2	C_LABEL_0066	RIGHT_ONLY		HLABEL_f67v1_8C9FE86790FA	UNMATCHED
LABEL	research/astro_spatial_annotation_ai_b2/A_AI2_LABEL_MATCH.tsv	f67v1	A	UNMATCHED	AI2	C_LABEL_0067	RIGHT_ONLY		HLABEL_f67v1_48F16E1E963C	UNMATCHED
LABEL	research/astro_spatial_annotation_ai_b2/A_AI2_LABEL_MATCH.tsv	f67v1	A	UNMATCHED	AI2	C_LABEL_0068	RIGHT_ONLY		HLABEL_f67v1_9D89B3DAE9DE	UNMATCHED
LABEL	research/astro_spatial_annotation_ai_b2/A_AI2_LABEL_MATCH.tsv	f67v1	A	UNMATCHED	AI2	C_LABEL_0069	RIGHT_ONLY		HLABEL_f67v1_E2C63573F5A5	UNMATCHED
LABEL	research/astro_spatial_annotation_ai_b2/A_AI2_LABEL_MATCH.tsv	f67v1	A	UNMATCHED	AI2	C_LABEL_0070	RIGHT_ONLY		HLABEL_f67v1_E6CA2EE9FD04	UNMATCHED
LABEL	research/astro_spatial_annotation_ai_b2/A_AI2_LABEL_MATCH.tsv	f67v1	A	UNMATCHED	AI2	C_LABEL_0071	RIGHT_ONLY		HLABEL_f67v1_252E6C499373	UNMATCHED
LABEL	research/astro_spatial_annotation_ai_b2/A_AI2_LABEL_MATCH.tsv	f67v1	A	UNMATCHED	AI2	C_LABEL_0072	RIGHT_ONLY		HLABEL_f67v1_C9D8E1F045B7	UNMATCHED
LABEL	research/astro_spatial_annotation_ai_b2/A_AI2_LABEL_MATCH.tsv	f67v1	A	UNMATCHED	AI2	C_LABEL_0073	RIGHT_ONLY		HLABEL_f67v1_DAB9A07B5EEC	UNMATCHED
LABEL	research/astro_spatial_annotation_ai_b2/A_AI2_LABEL_MATCH.tsv	f67v1	A	UNMATCHED	AI2	C_LABEL_0074	RIGHT_ONLY		HLABEL_f67v1_7B88F9A4253A	UNMATCHED
LABEL	research/astro_spatial_annotation_ai_b2/A_AI2_LABEL_MATCH.tsv	f67v1	A	UNMATCHED	AI2	C_LABEL_0075	RIGHT_ONLY		HLABEL_f67v1_D1821BBA06CB	UNMATCHED
LABEL	research/astro_spatial_annotation_ai_b2/A_AI2_LABEL_MATCH.tsv	f67v1	A	UNMATCHED	AI2	C_LABEL_0076	RIGHT_ONLY		HLABEL_f67v1_8F1F7FA13054	UNMATCHED
LABEL	research/astro_spatial_annotation_ai_b2/A_AI2_LABEL_MATCH.tsv	f67v1	A	UNMATCHED	AI2	C_LABEL_0077	RIGHT_ONLY		HLABEL_f67v1_4704B47F3128	UNMATCHED
LABEL	research/astro_spatial_annotation_ai_b2/A_AI2_LABEL_MATCH.tsv	f67v1	A	UNMATCHED	AI2	C_LABEL_0078	RIGHT_ONLY		HLABEL_f67v1_20E2CCF82EDB	UNMATCHED
LABEL	research/astro_spatial_annotation_ai_b2/A_AI2_LABEL_MATCH.tsv	f67v1	A	UNMATCHED	AI2	C_LABEL_0079	RIGHT_ONLY		HLABEL_f67v1_20704EBE9D4A	UNMATCHED
LABEL	research/astro_spatial_annotation_ai_b2/A_AI2_LABEL_MATCH.tsv	f67v1	A	UNMATCHED	AI2	C_LABEL_0080	RIGHT_ONLY		HLABEL_f67v1_2577A84EBD87	UNMATCHED
LABEL	research/astro_spatial_annotation_ai_b2/A_AI2_LABEL_MATCH.tsv	f67v1	A	UNMATCHED	AI2	C_LABEL_0081	RIGHT_ONLY		HLABEL_f67v1_12183D0645B7	UNMATCHED
LABEL	research/astro_spatial_annotation_ai_b2/A_AI2_LABEL_MATCH.tsv	f67v1	A	UNMATCHED	AI2	C_LABEL_0082	RIGHT_ONLY		HLABEL_f67v1_F7CF9AFE9864	UNMATCHED
LABEL	research/astro_spatial_annotation_ai_b2/A_AI2_LABEL_MATCH.tsv	f67v1	A	UNMATCHED	AI2	C_LABEL_0083	RIGHT_ONLY		HLABEL_f67v1_E9717F38BF89	UNMATCHED
LABEL	research/astro_spatial_annotation_ai_b2/A_AI2_LABEL_MATCH.tsv	f67v1	A	UNMATCHED	AI2	C_LABEL_0084	RIGHT_ONLY		HLABEL_f67v1_64617811F22B	UNMATCHED
LABEL	research/astro_spatial_annotation_ai_b2/A_AI2_LABEL_MATCH.tsv	f67v1	A	UNMATCHED	AI2	C_LABEL_0085	RIGHT_ONLY		HLABEL_f67v1_1F8D18F663C1	UNMATCHED
LABEL	research/astro_spatial_annotation_ai_b2/A_AI2_LABEL_MATCH.tsv	f67v1	A	UNMATCHED	AI2	C_LABEL_0086	RIGHT_ONLY		HLABEL_f67v1_345D86CC66FA	UNMATCHED
LABEL	research/astro_spatial_annotation_ai_b2/A_AI2_LABEL_MATCH.tsv	f67v1	A	UNMATCHED	AI2	C_LABEL_0087	RIGHT_ONLY		HLABEL_f67v1_DCF3D43B6596	UNMATCHED
LABEL	research/astro_spatial_annotation_ai_b2/A_AI2_LABEL_MATCH.tsv	f67v1	A	UNMATCHED	AI2	C_LABEL_0088	RIGHT_ONLY		HLABEL_f67v1_8D0970494772	UNMATCHED
LABEL	research/astro_spatial_annotation_ai_b2/A_AI2_LABEL_MATCH.tsv	f67v1	A	UNMATCHED	AI2	C_LABEL_0089	RIGHT_ONLY		HLABEL_f67v1_A468BB226FC7	UNMATCHED
LABEL	research/astro_spatial_annotation_ai_b2/A_AI2_LABEL_MATCH.tsv	f67v1	A	UNMATCHED	AI2	C_LABEL_0090	RIGHT_ONLY		HLABEL_f67v1_0A713027D221	UNMATCHED
LABEL	research/astro_spatial_annotation_ai_b2/A_AI2_LABEL_MATCH.tsv	f68r1	A	UNMATCHED	AI2	C_LABEL_0101	RIGHT_ONLY		HLABEL_f68r1_B31814B413F8	UNMATCHED
LABEL	research/astro_spatial_annotation_ai_b2/A_AI2_LABEL_MATCH.tsv	f68r1	A	UNMATCHED	AI2	C_LABEL_0113	RIGHT_ONLY		HLABEL_f68r1_A60C4082FBB1	UNMATCHED
LABEL	research/astro_spatial_annotation_ai_b2/A_AI2_LABEL_MATCH.tsv	f68r1	A	UNMATCHED	AI2	C_LABEL_0115	RIGHT_ONLY		HLABEL_f68r1_9F954849289E	UNMATCHED
LABEL	research/astro_spatial_annotation_ai_b2/A_AI2_LABEL_MATCH.tsv	f68r1	A	UNMATCHED	AI2	C_LABEL_0116	RIGHT_ONLY		HLABEL_f68r1_838C2F2B50FD	UNMATCHED
LABEL	research/astro_spatial_annotation_ai_b2/A_AI2_LABEL_MATCH.tsv	f68r1	A	UNMATCHED	AI2	C_LABEL_0120	RIGHT_ONLY		HLABEL_f68r1_F9FDACCA04B8	UNMATCHED
LABEL	research/astro_spatial_annotation_ai_b2/A_AI2_LABEL_MATCH.tsv	f68r1	A	UNMATCHED	AI2	C_LABEL_0121	RIGHT_ONLY		HLABEL_f68r1_DD498E56355E	UNMATCHED
LABEL	research/astro_spatial_annotation_ai_b2/A_AI2_LABEL_MATCH.tsv	f68r1	A	UNMATCHED	AI2	C_LABEL_0122	RIGHT_ONLY		HLABEL_f68r1_7E4E175D5615	UNMATCHED
LABEL	research/astro_spatial_annotation_ai_b2/A_AI2_LABEL_MATCH.tsv	f68r1	A	UNMATCHED	AI2	C_LABEL_0123	RIGHT_ONLY		HLABEL_f68r1_3D6B2625DDF2	UNMATCHED
LABEL	research/astro_spatial_annotation_ai_b2/A_AI2_LABEL_MATCH.tsv	f68r1	A	UNMATCHED	AI2	C_LABEL_0124	RIGHT_ONLY		HLABEL_f68r1_DFF24B62022E	UNMATCHED
LABEL	research/astro_spatial_annotation_ai_b2/A_AI2_LABEL_MATCH.tsv	f68r1	A	UNMATCHED	AI2	C_LABEL_0125	RIGHT_ONLY		HLABEL_f68r1_7D234AA4C3E7	UNMATCHED
LABEL	research/astro_spatial_annotation_ai_b2/A_AI2_LABEL_MATCH.tsv	f68r1	A	UNMATCHED	AI2	C_LABEL_0126	RIGHT_ONLY		HLABEL_f68r1_33425633A973	UNMATCHED
LABEL	research/astro_spatial_annotation_ai_b2/A_AI2_LABEL_MATCH.tsv	f68r1	A	UNMATCHED	AI2	C_LABEL_0127	RIGHT_ONLY		HLABEL_f68r1_D6DA0C0FB8FF	UNMATCHED
LABEL	research/astro_spatial_annotation_ai_b2/A_AI2_LABEL_MATCH.tsv	f68r2	A	UNMATCHED	AI2	C_LABEL_0128	RIGHT_ONLY		HLABEL_f68r2_A571F9EABA43	UNMATCHED
LABEL	research/astro_spatial_annotation_ai_b2/A_AI2_LABEL_MATCH.tsv	f68r2	A	UNMATCHED	AI2	C_LABEL_0129	RIGHT_ONLY		HLABEL_f68r2_A621DBC6538C	UNMATCHED
LABEL	research/astro_spatial_annotation_ai_b2/A_AI2_LABEL_MATCH.tsv	f68r2	A	UNMATCHED	AI2	C_LABEL_0130	RIGHT_ONLY		HLABEL_f68r2_2AF63A1E1D01	UNMATCHED
LABEL	research/astro_spatial_annotation_ai_b2/A_AI2_LABEL_MATCH.tsv	f68r2	A	UNMATCHED	AI2	C_LABEL_0131	RIGHT_ONLY		HLABEL_f68r2_4AF032B08034	UNMATCHED
LABEL	research/astro_spatial_annotation_ai_b2/A_AI2_LABEL_MATCH.tsv	f68r2	A	UNMATCHED	AI2	C_LABEL_0132	RIGHT_ONLY		HLABEL_f68r2_9A03D65FDD83	UNMATCHED
LABEL	research/astro_spatial_annotation_ai_b2/A_AI2_LABEL_MATCH.tsv	f68r2	A	UNMATCHED	AI2	C_LABEL_0133	RIGHT_ONLY		HLABEL_f68r2_6C4711A65B18	UNMATCHED
LABEL	research/astro_spatial_annotation_ai_b2/A_AI2_LABEL_MATCH.tsv	f68r2	A	UNMATCHED	AI2	C_LABEL_0134	RIGHT_ONLY		HLABEL_f68r2_F9BA00A4FB69	UNMATCHED
LABEL	research/astro_spatial_annotation_ai_b2/A_AI2_LABEL_MATCH.tsv	f68r2	A	UNMATCHED	AI2	C_LABEL_0135	RIGHT_ONLY		HLABEL_f68r2_7FBA483B0E1D	UNMATCHED
LABEL	research/astro_spatial_annotation_ai_b2/A_AI2_LABEL_MATCH.tsv	f68r2	A	UNMATCHED	AI2	C_LABEL_0136	RIGHT_ONLY		HLABEL_f68r2_E143B8B41057	UNMATCHED
LABEL	research/astro_spatial_annotation_ai_b2/A_AI2_LABEL_MATCH.tsv	f68r2	A	UNMATCHED	AI2	C_LABEL_0137	RIGHT_ONLY		HLABEL_f68r2_5F8B54190BA3	UNMATCHED
LABEL	research/astro_spatial_annotation_ai_b2/A_AI2_LABEL_MATCH.tsv	f68r2	A	UNMATCHED	AI2	C_LABEL_0138	RIGHT_ONLY		HLABEL_f68r2_57DCB468DF15	UNMATCHED
LABEL	research/astro_spatial_annotation_ai_b2/A_AI2_LABEL_MATCH.tsv	f68r2	A	UNMATCHED	AI2	C_LABEL_0139	RIGHT_ONLY		HLABEL_f68r2_42EB5D08575A	UNMATCHED
LABEL	research/astro_spatial_annotation_ai_b2/A_AI2_LABEL_MATCH.tsv	f68r2	A	UNMATCHED	AI2	C_LABEL_0140	RIGHT_ONLY		HLABEL_f68r2_F61C32C77A6E	UNMATCHED
LABEL	research/astro_spatial_annotation_ai_b2/A_AI2_LABEL_MATCH.tsv	f68r2	A	UNMATCHED	AI2	C_LABEL_0141	RIGHT_ONLY		HLABEL_f68r2_83F84DED84B3	UNMATCHED
LABEL	research/astro_spatial_annotation_ai_b2/A_AI2_LABEL_MATCH.tsv	f68r2	A	UNMATCHED	AI2	C_LABEL_0142	RIGHT_ONLY		HLABEL_f68r2_C0671C6BE035	UNMATCHED
LABEL	research/astro_spatial_annotation_ai_b2/A_AI2_LABEL_MATCH.tsv	f68r2	A	UNMATCHED	AI2	C_LABEL_0143	RIGHT_ONLY		HLABEL_f68r2_CD064956A0E6	UNMATCHED
LABEL	research/astro_spatial_annotation_ai_b2/A_AI2_LABEL_MATCH.tsv	f68r2	A	UNMATCHED	AI2	C_LABEL_0144	RIGHT_ONLY		HLABEL_f68r2_D95B46B1FD11	UNMATCHED
LABEL	research/astro_spatial_annotation_ai_b2/A_AI2_LABEL_MATCH.tsv	f68r2	A	UNMATCHED	AI2	C_LABEL_0145	RIGHT_ONLY		HLABEL_f68r2_B774D6DBC14A	UNMATCHED
LABEL	research/astro_spatial_annotation_ai_b2/A_AI2_LABEL_MATCH.tsv	f68r2	A	UNMATCHED	AI2	C_LABEL_0146	RIGHT_ONLY		HLABEL_f68r2_453755ADB983	UNMATCHED
LABEL	research/astro_spatial_annotation_ai_b2/A_AI2_LABEL_MATCH.tsv	f68r2	A	UNMATCHED	AI2	C_LABEL_0147	RIGHT_ONLY		HLABEL_f68r2_1D28C267C6D8	UNMATCHED
LABEL	research/astro_spatial_annotation_ai_b2/A_AI2_LABEL_MATCH.tsv	f68r2	A	UNMATCHED	AI2	C_LABEL_0148	RIGHT_ONLY		HLABEL_f68r2_2A5B418160F2	UNMATCHED
LABEL	research/astro_spatial_annotation_ai_b2/A_AI2_LABEL_MATCH.tsv	f68r2	A	UNMATCHED	AI2	C_LABEL_0149	RIGHT_ONLY		HLABEL_f68r2_FBE4D3094C89	UNMATCHED
LABEL	research/astro_spatial_annotation_ai_b2/A_AI2_LABEL_MATCH.tsv	f68r2	A	UNMATCHED	AI2	C_LABEL_0150	RIGHT_ONLY		HLABEL_f68r2_5F37A798ABF6	UNMATCHED
LABEL	research/astro_spatial_annotation_ai_b2/A_AI2_LABEL_MATCH.tsv	f68r2	A	UNMATCHED	AI2	C_LABEL_0151	RIGHT_ONLY		HLABEL_f68r2_404FEDB7D56E	UNMATCHED
LABEL	research/astro_spatial_annotation_ai_b2/A_AI2_LABEL_MATCH.tsv	f68r2	A	UNMATCHED	AI2	C_LABEL_0152	RIGHT_ONLY		HLABEL_f68r2_280AA6C2E597	UNMATCHED
LABEL	research/astro_spatial_annotation_ai_b2/A_AI2_LABEL_MATCH.tsv	f68r2	A	UNMATCHED	AI2	C_LABEL_0153	RIGHT_ONLY		HLABEL_f68r2_A4292ADDB425	UNMATCHED
LABEL	research/astro_spatial_annotation_ai_b2/A_AI2_LABEL_MATCH.tsv	f68r2	A	UNMATCHED	AI2	C_LABEL_0154	RIGHT_ONLY		HLABEL_f68r2_E54E22DD90B7	UNMATCHED
LABEL	research/astro_spatial_annotation_ai_b2/A_AI2_LABEL_MATCH.tsv	f68r2	A	UNMATCHED	AI2	C_LABEL_0155	RIGHT_ONLY		HLABEL_f68r2_33AD045D1FA0	UNMATCHED
LABEL	research/astro_spatial_annotation_ai_b2/A_AI2_LABEL_MATCH.tsv	f68r2	A	UNMATCHED	AI2	C_LABEL_0156	RIGHT_ONLY		HLABEL_f68r2_29B446230B4F	UNMATCHED
LABEL	research/astro_spatial_annotation_ai_b2/A_AI2_LABEL_MATCH.tsv	f68r2	A	UNMATCHED	AI2	C_LABEL_0157	RIGHT_ONLY		HLABEL_f68r2_5B59D2A6823C	UNMATCHED
LABEL	research/astro_spatial_annotation_ai_b2/A_AI2_LABEL_MATCH.tsv	f68r2	A	UNMATCHED	AI2	C_LABEL_0158	RIGHT_ONLY		HLABEL_f68r2_DB870C631B7F	UNMATCHED
LABEL	research/astro_spatial_annotation_ai_b2/A_AI2_LABEL_MATCH.tsv	f68r2	A	UNMATCHED	AI2	C_LABEL_0159	RIGHT_ONLY		HLABEL_f68r2_E782921607B4	UNMATCHED
LABEL	research/astro_spatial_annotation_ai_b2/A_AI2_LABEL_MATCH.tsv	f68r2	A	UNMATCHED	AI2	C_LABEL_0160	RIGHT_ONLY		HLABEL_f68r2_EA78C1FA4B7A	UNMATCHED
LABEL	research/astro_spatial_annotation_ai_b2/A_AI2_LABEL_MATCH.tsv	f68r3	A	UNMATCHED	AI2	C_LABEL_0161	RIGHT_ONLY		HLABEL_f68r3_C14838DBD11C	UNMATCHED
LABEL	research/astro_spatial_annotation_ai_b2/A_AI2_LABEL_MATCH.tsv	f68r3	A	UNMATCHED	AI2	C_LABEL_0162	RIGHT_ONLY		HLABEL_f68r3_45BF62F0A08A	UNMATCHED
LABEL	research/astro_spatial_annotation_ai_b2/A_AI2_LABEL_MATCH.tsv	f68r3	A	UNMATCHED	AI2	C_LABEL_0163	RIGHT_ONLY		HLABEL_f68r3_FAC96A3ED16E	UNMATCHED
LABEL	research/astro_spatial_annotation_ai_b2/A_AI2_LABEL_MATCH.tsv	f68r3	A	UNMATCHED	AI2	C_LABEL_0164	RIGHT_ONLY		HLABEL_f68r3_9915A6D9710D	UNMATCHED
LABEL	research/astro_spatial_annotation_ai_b2/A_AI2_LABEL_MATCH.tsv	f68r3	A	UNMATCHED	AI2	C_LABEL_0165	RIGHT_ONLY		HLABEL_f68r3_605AEBF1F790	UNMATCHED
LABEL	research/astro_spatial_annotation_ai_b2/A_AI2_LABEL_MATCH.tsv	f68r3	A	UNMATCHED	AI2	C_LABEL_0166	RIGHT_ONLY		HLABEL_f68r3_26829C8B0ED5	UNMATCHED
LABEL	research/astro_spatial_annotation_ai_b2/A_AI2_LABEL_MATCH.tsv	f68r3	A	UNMATCHED	AI2	C_LABEL_0167	RIGHT_ONLY		HLABEL_f68r3_379FBFD2857F	UNMATCHED
LABEL	research/astro_spatial_annotation_ai_b2/A_AI2_LABEL_MATCH.tsv	f68r3	A	UNMATCHED	AI2	C_LABEL_0168	RIGHT_ONLY		HLABEL_f68r3_C217BD43FE7F	UNMATCHED
LABEL	research/astro_spatial_annotation_ai_b2/A_AI2_LABEL_MATCH.tsv	f68r3	A	UNMATCHED	AI2	C_LABEL_0169	RIGHT_ONLY		HLABEL_f68r3_D1A7C209B256	UNMATCHED
LABEL	research/astro_spatial_annotation_ai_b2/A_AI2_LABEL_MATCH.tsv	f68r3	A	UNMATCHED	AI2	C_LABEL_0170	RIGHT_ONLY		HLABEL_f68r3_F59D510F9867	UNMATCHED
LABEL	research/astro_spatial_annotation_ai_b2/A_AI2_LABEL_MATCH.tsv	f68r3	A	UNMATCHED	AI2	C_LABEL_0171	RIGHT_ONLY		HLABEL_f68r3_7B9685B49E9E	UNMATCHED
LABEL	research/astro_spatial_annotation_ai_b2/A_AI2_LABEL_MATCH.tsv	f68r3	A	UNMATCHED	AI2	C_LABEL_0172	RIGHT_ONLY		HLABEL_f68r3_9AD81914FAC2	UNMATCHED
LABEL	research/astro_spatial_annotation_ai_b2/A_AI2_LABEL_MATCH.tsv	f68r3	A	UNMATCHED	AI2	C_LABEL_0173	RIGHT_ONLY		HLABEL_f68r3_88FB8B593A8F	UNMATCHED
LABEL	research/astro_spatial_annotation_ai_b2/A_AI2_LABEL_MATCH.tsv	f68r3	A	UNMATCHED	AI2	C_LABEL_0174	RIGHT_ONLY		HLABEL_f68r3_A00EED599C13	UNMATCHED
LABEL	research/astro_spatial_annotation_ai_b2/A_AI2_LABEL_MATCH.tsv	f68v1	A	UNMATCHED	AI2	C_LABEL_0175	RIGHT_ONLY		HLABEL_f68v1_93CAF73A3981	UNMATCHED
LABEL	research/astro_spatial_annotation_ai_b2/A_AI2_LABEL_MATCH.tsv	f68v1	A	UNMATCHED	AI2	C_LABEL_0176	RIGHT_ONLY		HLABEL_f68v1_EB04FAB9B66E	UNMATCHED
LABEL	research/astro_spatial_annotation_ai_b2/A_AI2_LABEL_MATCH.tsv	f68v1	A	UNMATCHED	AI2	C_LABEL_0177	RIGHT_ONLY		HLABEL_f68v1_7173CECFA2A7	UNMATCHED
LABEL	research/astro_spatial_annotation_ai_b2/A_AI2_LABEL_MATCH.tsv	f68v1	A	UNMATCHED	AI2	C_LABEL_0178	RIGHT_ONLY		HLABEL_f68v1_1A0FC4F6687F	UNMATCHED
LABEL	research/astro_spatial_annotation_ai_b2/A_AI2_LABEL_MATCH.tsv	f68v1	A	UNMATCHED	AI2	C_LABEL_0179	RIGHT_ONLY		HLABEL_f68v1_2D0B8B36FB6B	UNMATCHED
LABEL	research/astro_spatial_annotation_ai_b2/A_AI2_LABEL_MATCH.tsv	f68v1	A	UNMATCHED	AI2	C_LABEL_0180	RIGHT_ONLY		HLABEL_f68v1_2B2D50FF3C7C	UNMATCHED
LABEL	research/astro_spatial_annotation_ai_b2/A_AI2_LABEL_MATCH.tsv	f68v1	A	UNMATCHED	AI2	C_LABEL_0181	RIGHT_ONLY		HLABEL_f68v1_83AB15E2C1DF	UNMATCHED
LABEL	research/astro_spatial_annotation_ai_b2/A_AI2_LABEL_MATCH.tsv	f68v1	A	UNMATCHED	AI2	C_LABEL_0182	RIGHT_ONLY		HLABEL_f68v1_611D9DD15C69	UNMATCHED
LABEL	research/astro_spatial_annotation_ai_b2/A_AI2_LABEL_MATCH.tsv	f68v1	A	UNMATCHED	AI2	C_LABEL_0183	RIGHT_ONLY		HLABEL_f68v1_3B985EFBA4D9	UNMATCHED
LABEL	research/astro_spatial_annotation_ai_b2/A_AI2_LABEL_MATCH.tsv	f68v1	A	UNMATCHED	AI2	C_LABEL_0184	RIGHT_ONLY		HLABEL_f68v1_773C7F0133D9	UNMATCHED
LABEL	research/astro_spatial_annotation_ai_b2/A_AI2_LABEL_MATCH.tsv	f68v2	A	UNMATCHED	AI2	C_LABEL_0185	RIGHT_ONLY		HLABEL_f68v2_6E8CCF5C5C4A	UNMATCHED
LABEL	research/astro_spatial_annotation_ai_b2/A_AI2_LABEL_MATCH.tsv	f68v2	A	UNMATCHED	AI2	C_LABEL_0186	RIGHT_ONLY		HLABEL_f68v2_3571DB186254	UNMATCHED
LABEL	research/astro_spatial_annotation_ai_b2/A_AI2_LABEL_MATCH.tsv	f68v2	A	UNMATCHED	AI2	C_LABEL_0187	RIGHT_ONLY		HLABEL_f68v2_7BC2043F576E	UNMATCHED
LABEL	research/astro_spatial_annotation_ai_b2/A_AI2_LABEL_MATCH.tsv	f68v2	A	UNMATCHED	AI2	C_LABEL_0188	RIGHT_ONLY		HLABEL_f68v2_C8A3D256A5DF	UNMATCHED
LABEL	research/astro_spatial_annotation_ai_b2/A_AI2_LABEL_MATCH.tsv	f68v2	A	UNMATCHED	AI2	C_LABEL_0189	RIGHT_ONLY		HLABEL_f68v2_FED60C049EF9	UNMATCHED
LABEL	research/astro_spatial_annotation_ai_b2/A_AI2_LABEL_MATCH.tsv	f68v2	A	UNMATCHED	AI2	C_LABEL_0190	RIGHT_ONLY		HLABEL_f68v2_707719269B9F	UNMATCHED
LABEL	research/astro_spatial_annotation_ai_b2/A_AI2_LABEL_MATCH.tsv	f68v2	A	UNMATCHED	AI2	C_LABEL_0191	RIGHT_ONLY		HLABEL_f68v2_3DDAB4661B11	UNMATCHED
LABEL	research/astro_spatial_annotation_ai_b2/A_AI2_LABEL_MATCH.tsv	f68v2	A	UNMATCHED	AI2	C_LABEL_0192	RIGHT_ONLY		HLABEL_f68v2_0277AB7E601B	UNMATCHED
LABEL	research/astro_spatial_annotation_ai_b2/A_AI2_LABEL_MATCH.tsv	f68v2	A	UNMATCHED	AI2	C_LABEL_0193	RIGHT_ONLY		HLABEL_f68v2_5841614B31EA	UNMATCHED
LABEL	research/astro_spatial_annotation_ai_b2/A_AI2_LABEL_MATCH.tsv	f68v2	A	UNMATCHED	AI2	C_LABEL_0194	RIGHT_ONLY		HLABEL_f68v2_B1CEDCD5FC66	UNMATCHED
LABEL	research/astro_spatial_annotation_ai_b2/A_AI2_LABEL_MATCH.tsv	f68v2	A	UNMATCHED	AI2	C_LABEL_0195	RIGHT_ONLY		HLABEL_f68v2_17C981533F6B	UNMATCHED
LABEL	research/astro_spatial_annotation_ai_b2/A_AI2_LABEL_MATCH.tsv	f68v2	A	UNMATCHED	AI2	C_LABEL_0196	RIGHT_ONLY		HLABEL_f68v2_4143E8F988AD	UNMATCHED
LABEL	research/astro_spatial_annotation_ai_b2/A_AI2_LABEL_MATCH.tsv	f68v2	A	UNMATCHED	AI2	C_LABEL_0197	RIGHT_ONLY		HLABEL_f68v2_9E5763C6A7DF	UNMATCHED
LABEL	research/astro_spatial_annotation_ai_b2/A_AI2_LABEL_MATCH.tsv	f68v2	A	UNMATCHED	AI2	C_LABEL_0198	RIGHT_ONLY		HLABEL_f68v2_3FD7D70C919C	UNMATCHED
LABEL	research/astro_spatial_annotation_ai_b2/A_AI2_LABEL_MATCH.tsv	f68v2	A	UNMATCHED	AI2	C_LABEL_0199	RIGHT_ONLY		HLABEL_f68v2_68E26AD04CAC	UNMATCHED
LABEL	research/astro_spatial_annotation_ai_b2/A_AI2_LABEL_MATCH.tsv	f68v2	A	UNMATCHED	AI2	C_LABEL_0200	RIGHT_ONLY		HLABEL_f68v2_533D8B8F06AA	UNMATCHED
LABEL	research/astro_spatial_annotation_ai_b2/A_AI2_LABEL_MATCH.tsv	f68v2	A	UNMATCHED	AI2	C_LABEL_0201	RIGHT_ONLY		HLABEL_f68v2_58C681AB5A9D	UNMATCHED
LABEL	research/astro_spatial_annotation_ai_b2/A_AI2_LABEL_MATCH.tsv	f68v2	A	UNMATCHED	AI2	C_LABEL_0202	RIGHT_ONLY		HLABEL_f68v2_45C0BF90FDF4	UNMATCHED
LABEL	research/astro_spatial_annotation_ai_b2/A_AI2_LABEL_MATCH.tsv	f68v2	A	UNMATCHED	AI2	C_LABEL_0203	RIGHT_ONLY		HLABEL_f68v2_4AE564F92E73	UNMATCHED
LABEL	research/astro_spatial_annotation_ai_b2/A_AI2_LABEL_MATCH.tsv	f68v2	A	UNMATCHED	AI2	C_LABEL_0204	RIGHT_ONLY		HLABEL_f68v2_EDCB974B57FF	UNMATCHED
LABEL	research/astro_spatial_annotation_ai_b2/A_AI2_LABEL_MATCH.tsv	f68v2	A	UNMATCHED	AI2	C_LABEL_0205	RIGHT_ONLY		HLABEL_f68v2_38B41870C8E6	UNMATCHED
LABEL	research/astro_spatial_annotation_ai_b2/A_AI2_LABEL_MATCH.tsv	f68v2	A	UNMATCHED	AI2	C_LABEL_0206	RIGHT_ONLY		HLABEL_f68v2_ADA942B7A8F9	UNMATCHED
LABEL	research/astro_spatial_annotation_ai_b2/AI1_AI2_LABEL_MATCH.tsv	f67r1	AI1	B_LABEL_0001	AI2	UNMATCHED	LEFT_ONLY	HLABEL_f67r1_A10F32C5B1D1		UNMATCHED
LABEL	research/astro_spatial_annotation_ai_b2/AI1_AI2_LABEL_MATCH.tsv	f67r1	AI1	B_LABEL_0002	AI2	UNMATCHED	LEFT_ONLY	HLABEL_f67r1_D85ADCCC8DAB		UNMATCHED
LABEL	research/astro_spatial_annotation_ai_b2/AI1_AI2_LABEL_MATCH.tsv	f67r1	AI1	B_LABEL_0003	AI2	UNMATCHED	LEFT_ONLY	HLABEL_f67r1_BB287E13E939		UNMATCHED
LABEL	research/astro_spatial_annotation_ai_b2/AI1_AI2_LABEL_MATCH.tsv	f67r1	AI1	B_LABEL_0004	AI2	UNMATCHED	LEFT_ONLY	HLABEL_f67r1_CE1AAE3FD08A		UNMATCHED
LABEL	research/astro_spatial_annotation_ai_b2/AI1_AI2_LABEL_MATCH.tsv	f67r1	AI1	B_LABEL_0005	AI2	UNMATCHED	LEFT_ONLY	HLABEL_f67r1_F8832DF5E3B4		UNMATCHED
LABEL	research/astro_spatial_annotation_ai_b2/AI1_AI2_LABEL_MATCH.tsv	f67r1	AI1	B_LABEL_0006	AI2	UNMATCHED	LEFT_ONLY	HLABEL_f67r1_F9CCD3759434		UNMATCHED
LABEL	research/astro_spatial_annotation_ai_b2/AI1_AI2_LABEL_MATCH.tsv	f67r1	AI1	B_LABEL_0007	AI2	C_LABEL_0012	MATCHED	HLABEL_f67r1_B75EF33E411C	HLABEL_f67r1_B75EF33E411C	SAME_CANDIDATE
LABEL	research/astro_spatial_annotation_ai_b2/AI1_AI2_LABEL_MATCH.tsv	f67r1	AI1	B_LABEL_0008	AI2	C_LABEL_0013	MATCHED	HLABEL_f67r1_CE7AA0741614	HLABEL_f67r1_CE7AA0741614	SAME_CANDIDATE
LABEL	research/astro_spatial_annotation_ai_b2/AI1_AI2_LABEL_MATCH.tsv	f67r1	AI1	B_LABEL_0009	AI2	UNMATCHED	LEFT_ONLY	HLABEL_f67r1_C09F8006BC08		UNMATCHED
LABEL	research/astro_spatial_annotation_ai_b2/AI1_AI2_LABEL_MATCH.tsv	f67r1	AI1	B_LABEL_0010	AI2	C_LABEL_0015	MATCHED	HLABEL_f67r1_7E2B84438AA9	HLABEL_f67r1_7E2B84438AA9	SAME_CANDIDATE
LABEL	research/astro_spatial_annotation_ai_b2/AI1_AI2_LABEL_MATCH.tsv	f67r1	AI1	B_LABEL_0011	AI2	UNMATCHED	LEFT_ONLY	HLABEL_f67r1_44B0DCA5D133		UNMATCHED
LABEL	research/astro_spatial_annotation_ai_b2/AI1_AI2_LABEL_MATCH.tsv	f67r1	AI1	B_LABEL_0012	AI2	UNMATCHED	LEFT_ONLY	HLABEL_f67r1_818A6F214781		UNMATCHED
LABEL	research/astro_spatial_annotation_ai_b2/AI1_AI2_LABEL_MATCH.tsv	f67r2	AI1	B_LABEL_0013	AI2	C_LABEL_0025	MATCHED	HLABEL_f67r2_7B55A59E7BCE	HLABEL_f67r2_7B55A59E7BCE	SAME_CANDIDATE
LABEL	research/astro_spatial_annotation_ai_b2/AI1_AI2_LABEL_MATCH.tsv	f67r2	AI1	B_LABEL_0014	AI2	C_LABEL_0037	MATCHED	HLABEL_f67r2_A1B5BFA7EFB6	HLABEL_f67r2_A1B5BFA7EFB6	SAME_CANDIDATE
LABEL	research/astro_spatial_annotation_ai_b2/AI1_AI2_LABEL_MATCH.tsv	f67r2	AI1	B_LABEL_0015	AI2	C_LABEL_0026	MATCHED	HLABEL_f67r2_E237DF1F4B02	HLABEL_f67r2_E237DF1F4B02	SAME_CANDIDATE
LABEL	research/astro_spatial_annotation_ai_b2/AI1_AI2_LABEL_MATCH.tsv	f67r2	AI1	B_LABEL_0016	AI2	C_LABEL_0038	MATCHED	HLABEL_f67r2_551703B68FA4	HLABEL_f67r2_551703B68FA4	SAME_CANDIDATE
LABEL	research/astro_spatial_annotation_ai_b2/AI1_AI2_LABEL_MATCH.tsv	f67r2	AI1	B_LABEL_0017	AI2	UNMATCHED	LEFT_ONLY	HLABEL_f67r2_C0D114F2649B		UNMATCHED
LABEL	research/astro_spatial_annotation_ai_b2/AI1_AI2_LABEL_MATCH.tsv	f67r2	AI1	B_LABEL_0018	AI2	C_LABEL_0039	MATCHED	HLABEL_f67r2_9ADB88139C32	HLABEL_f67r2_9ADB88139C32	SAME_CANDIDATE
LABEL	research/astro_spatial_annotation_ai_b2/AI1_AI2_LABEL_MATCH.tsv	f67r2	AI1	B_LABEL_0019	AI2	C_LABEL_0040	MATCHED	HLABEL_f67r2_B3B7C6FBA70C	HLABEL_f67r2_B3B7C6FBA70C	SAME_CANDIDATE
LABEL	research/astro_spatial_annotation_ai_b2/AI1_AI2_LABEL_MATCH.tsv	f67r2	AI1	B_LABEL_0020	AI2	UNMATCHED	LEFT_ONLY	HLABEL_f67r2_5D347D52CDFE		UNMATCHED
LABEL	research/astro_spatial_annotation_ai_b2/AI1_AI2_LABEL_MATCH.tsv	f67r2	AI1	B_LABEL_0021	AI2	C_LABEL_0041	MATCHED	HLABEL_f67r2_86DA7EB1AD56	HLABEL_f67r2_86DA7EB1AD56	SAME_CANDIDATE
LABEL	research/astro_spatial_annotation_ai_b2/AI1_AI2_LABEL_MATCH.tsv	f67r2	AI1	B_LABEL_0022	AI2	UNMATCHED	LEFT_ONLY	HLABEL_f67r2_2A2AB0B3B867		UNMATCHED
LABEL	research/astro_spatial_annotation_ai_b2/AI1_AI2_LABEL_MATCH.tsv	f67r2	AI1	B_LABEL_0023	AI2	UNMATCHED	LEFT_ONLY	HLABEL_f67r2_F4F984E9F33D		UNMATCHED
LABEL	research/astro_spatial_annotation_ai_b2/AI1_AI2_LABEL_MATCH.tsv	f67r2	AI1	B_LABEL_0024	AI2	UNMATCHED	LEFT_ONLY	HLABEL_f67r2_24D165B98BC7		UNMATCHED
LABEL	research/astro_spatial_annotation_ai_b2/AI1_AI2_LABEL_MATCH.tsv	f67r2	AI1	B_LABEL_0025	AI2	UNMATCHED	LEFT_ONLY	HLABEL_f67r2_15C5BEB2F25F		UNMATCHED
LABEL	research/astro_spatial_annotation_ai_b2/AI1_AI2_LABEL_MATCH.tsv	f67r2	AI1	B_LABEL_0026	AI2	UNMATCHED	LEFT_ONLY	HLABEL_f67r2_7DB8F480CBCC		UNMATCHED
LABEL	research/astro_spatial_annotation_ai_b2/AI1_AI2_LABEL_MATCH.tsv	f67r2	AI1	B_LABEL_0027	AI2	C_LABEL_0043	MATCHED	HLABEL_f67r2_89EB9A7460BC	HLABEL_f67r2_89EB9A7460BC	SAME_CANDIDATE
LABEL	research/astro_spatial_annotation_ai_b2/AI1_AI2_LABEL_MATCH.tsv	f67r2	AI1	B_LABEL_0028	AI2	UNMATCHED	LEFT_ONLY	HLABEL_f67r2_4529D3D11947		UNMATCHED
LABEL	research/astro_spatial_annotation_ai_b2/AI1_AI2_LABEL_MATCH.tsv	f67r2	AI1	B_LABEL_0029	AI2	UNMATCHED	LEFT_ONLY	HLABEL_f67r2_1F3DF11369E1		UNMATCHED
LABEL	research/astro_spatial_annotation_ai_b2/AI1_AI2_LABEL_MATCH.tsv	f67r2	AI1	B_LABEL_0030	AI2	C_LABEL_0044	MATCHED	HLABEL_f67r2_B9581946D298	HLABEL_f67r2_B9581946D298	SAME_CANDIDATE
LABEL	research/astro_spatial_annotation_ai_b2/AI1_AI2_LABEL_MATCH.tsv	f67r2	AI1	B_LABEL_0031	AI2	UNMATCHED	LEFT_ONLY	HLABEL_f67r2_0B6B15547B1A		UNMATCHED
LABEL	research/astro_spatial_annotation_ai_b2/AI1_AI2_LABEL_MATCH.tsv	f67r2	AI1	B_LABEL_0032	AI2	C_LABEL_0034	MATCHED	HLABEL_f67r2_AAE3D418AB72	HLABEL_f67r2_AAE3D418AB72	SAME_CANDIDATE
LABEL	research/astro_spatial_annotation_ai_b2/AI1_AI2_LABEL_MATCH.tsv	f67r2	AI1	B_LABEL_0033	AI2	C_LABEL_0023	MATCHED	HLABEL_f67r2_0BC167AE1212	HLABEL_f67r2_0BC167AE1212	SAME_CANDIDATE
LABEL	research/astro_spatial_annotation_ai_b2/AI1_AI2_LABEL_MATCH.tsv	f67r2	AI1	B_LABEL_0034	AI2	C_LABEL_0035	MATCHED	HLABEL_f67r2_2B89D0B264DA	HLABEL_f67r2_2B89D0B264DA	SAME_CANDIDATE
LABEL	research/astro_spatial_annotation_ai_b2/AI1_AI2_LABEL_MATCH.tsv	f67r2	AI1	B_LABEL_0035	AI2	C_LABEL_0024	MATCHED	HLABEL_f67r2_B87A74947AD0	HLABEL_f67r2_B87A74947AD0	SAME_CANDIDATE
LABEL	research/astro_spatial_annotation_ai_b2/AI1_AI2_LABEL_MATCH.tsv	f67r2	AI1	B_LABEL_0036	AI2	C_LABEL_0036	MATCHED	HLABEL_f67r2_34DFD4146290	HLABEL_f67r2_34DFD4146290	SAME_CANDIDATE
LABEL	research/astro_spatial_annotation_ai_b2/AI1_AI2_LABEL_MATCH.tsv	f67v1	AI1	B_LABEL_0037	AI2	C_LABEL_0065	MATCHED	HLABEL_f67v1_8CD3A8D2171C	HLABEL_f67v1_8CD3A8D2171C	SAME_CANDIDATE
LABEL	research/astro_spatial_annotation_ai_b2/AI1_AI2_LABEL_MATCH.tsv	f67v1	AI1	B_LABEL_0038	AI2	C_LABEL_0082	MATCHED	HLABEL_f67v1_F7CF9AFE9864	HLABEL_f67v1_F7CF9AFE9864	SAME_CANDIDATE
LABEL	research/astro_spatial_annotation_ai_b2/AI1_AI2_LABEL_MATCH.tsv	f67v1	AI1	B_LABEL_0039	AI2	C_LABEL_0066	MATCHED	HLABEL_f67v1_8C9FE86790FA	HLABEL_f67v1_8C9FE86790FA	SAME_CANDIDATE
LABEL	research/astro_spatial_annotation_ai_b2/AI1_AI2_LABEL_MATCH.tsv	f67v1	AI1	B_LABEL_0040	AI2	UNMATCHED	LEFT_ONLY	HLABEL_f67v1_68C1B9FB2170		UNMATCHED
LABEL	research/astro_spatial_annotation_ai_b2/AI1_AI2_LABEL_MATCH.tsv	f67v1	AI1	B_LABEL_0041	AI2	UNMATCHED	LEFT_ONLY	HLABEL_f67v1_A0594CB0FE3E		UNMATCHED
LABEL	research/astro_spatial_annotation_ai_b2/AI1_AI2_LABEL_MATCH.tsv	f67v1	AI1	B_LABEL_0042	AI2	UNMATCHED	LEFT_ONLY	HLABEL_f67v1_675BDEFA1ECE		UNMATCHED
LABEL	research/astro_spatial_annotation_ai_b2/AI1_AI2_LABEL_MATCH.tsv	f67v1	AI1	B_LABEL_0043	AI2	UNMATCHED	LEFT_ONLY	HLABEL_f67v1_CADD01294523		UNMATCHED
LABEL	research/astro_spatial_annotation_ai_b2/AI1_AI2_LABEL_MATCH.tsv	f67v1	AI1	B_LABEL_0044	AI2	UNMATCHED	LEFT_ONLY	HLABEL_f67v1_918E2237FAB6		UNMATCHED
LABEL	research/astro_spatial_annotation_ai_b2/AI1_AI2_LABEL_MATCH.tsv	f67v1	AI1	B_LABEL_0045	AI2	UNMATCHED	LEFT_ONLY	HLABEL_f67v1_8F6015F5FB1F		UNMATCHED
LABEL	research/astro_spatial_annotation_ai_b2/AI1_AI2_LABEL_MATCH.tsv	f67v1	AI1	B_LABEL_0046	AI2	UNMATCHED	LEFT_ONLY	HLABEL_f67v1_81613659928E		UNMATCHED
LABEL	research/astro_spatial_annotation_ai_b2/AI1_AI2_LABEL_MATCH.tsv	f67v1	AI1	B_LABEL_0047	AI2	UNMATCHED	LEFT_ONLY	HLABEL_f67v1_E3B5C2B8EBEC		UNMATCHED
LABEL	research/astro_spatial_annotation_ai_b2/AI1_AI2_LABEL_MATCH.tsv	f67v1	AI1	B_LABEL_0048	AI2	UNMATCHED	LEFT_ONLY	HLABEL_f67v1_14E2C7EC6A2D		UNMATCHED
LABEL	research/astro_spatial_annotation_ai_b2/AI1_AI2_LABEL_MATCH.tsv	f67v1	AI1	B_LABEL_0049	AI2	UNMATCHED	LEFT_ONLY	HLABEL_f67v1_D6D6C33FADDD		UNMATCHED
LABEL	research/astro_spatial_annotation_ai_b2/AI1_AI2_LABEL_MATCH.tsv	f67v1	AI1	B_LABEL_0050	AI2	C_LABEL_0072	MATCHED	HLABEL_f67v1_C9D8E1F045B7	HLABEL_f67v1_C9D8E1F045B7	SAME_CANDIDATE
LABEL	research/astro_spatial_annotation_ai_b2/AI1_AI2_LABEL_MATCH.tsv	f67v1	AI1	B_LABEL_0051	AI2	UNMATCHED	LEFT_ONLY	HLABEL_f67v1_4B250502D73C		UNMATCHED
LABEL	research/astro_spatial_annotation_ai_b2/AI1_AI2_LABEL_MATCH.tsv	f67v1	AI1	B_LABEL_0052	AI2	C_LABEL_0074	MATCHED	HLABEL_f67v1_7B88F9A4253A	HLABEL_f67v1_7B88F9A4253A	SAME_CANDIDATE
LABEL	research/astro_spatial_annotation_ai_b2/AI1_AI2_LABEL_MATCH.tsv	f67v1	AI1	B_LABEL_0053	AI2	UNMATCHED	LEFT_ONLY	HLABEL_f67v1_83424952681A		UNMATCHED
LABEL	research/astro_spatial_annotation_ai_b2/AI1_AI2_LABEL_MATCH.tsv	f67v1	AI1	B_LABEL_0054	AI2	UNMATCHED	LEFT_ONLY	HLABEL_f67v1_69C99275F90B		UNMATCHED
LABEL	research/astro_spatial_annotation_ai_b2/AI1_AI2_LABEL_MATCH.tsv	f67v1	AI1	B_LABEL_0055	AI2	UNMATCHED	LEFT_ONLY	HLABEL_f67v1_2DB48A0CE2BC		UNMATCHED
LABEL	research/astro_spatial_annotation_ai_b2/AI1_AI2_LABEL_MATCH.tsv	f67v1	AI1	B_LABEL_0056	AI2	UNMATCHED	LEFT_ONLY	HLABEL_f67v1_1D1CD21F586F		UNMATCHED
LABEL	research/astro_spatial_annotation_ai_b2/AI1_AI2_LABEL_MATCH.tsv	f67v1	AI1	B_LABEL_0057	AI2	C_LABEL_0063	MATCHED	HLABEL_f67v1_0D8DD3FFB467	HLABEL_f67v1_0D8DD3FFB467	SAME_CANDIDATE
LABEL	research/astro_spatial_annotation_ai_b2/AI1_AI2_LABEL_MATCH.tsv	f67v1	AI1	B_LABEL_0058	AI2	UNMATCHED	LEFT_ONLY	HLABEL_f67v1_8AD1258CFBBF		UNMATCHED
LABEL	research/astro_spatial_annotation_ai_b2/AI1_AI2_LABEL_MATCH.tsv	f67v1	AI1	B_LABEL_0059	AI2	C_LABEL_0064	MATCHED	HLABEL_f67v1_26DB46CCB1C3	HLABEL_f67v1_26DB46CCB1C3	SAME_CANDIDATE
LABEL	research/astro_spatial_annotation_ai_b2/AI1_AI2_LABEL_MATCH.tsv	f67v1	AI1	B_LABEL_0060	AI2	C_LABEL_0078	MATCHED	HLABEL_f67v1_20E2CCF82EDB	HLABEL_f67v1_20E2CCF82EDB	SAME_CANDIDATE
LABEL	research/astro_spatial_annotation_ai_b2/AI1_AI2_LABEL_MATCH.tsv	f68r1	AI1	B_LABEL_0061	AI2	C_LABEL_0091	MATCHED	HLABEL_f68r1_41BC06EDAF55	HLABEL_f68r1_41BC06EDAF55	SAME_CANDIDATE
LABEL	research/astro_spatial_annotation_ai_b2/AI1_AI2_LABEL_MATCH.tsv	f68r1	AI1	B_LABEL_0062	AI2	C_LABEL_0095	MATCHED	HLABEL_f68r1_599A90270FF5	HLABEL_f68r1_599A90270FF5	SAME_CANDIDATE
LABEL	research/astro_spatial_annotation_ai_b2/AI1_AI2_LABEL_MATCH.tsv	f68r1	AI1	B_LABEL_0063	AI2	UNMATCHED	LEFT_ONLY	HLABEL_f68r1_FF29D8FC1689		UNMATCHED
LABEL	research/astro_spatial_annotation_ai_b2/AI1_AI2_LABEL_MATCH.tsv	f68r1	AI1	B_LABEL_0064	AI2	C_LABEL_0096	MATCHED	HLABEL_f68r1_94FF807CB77C	HLABEL_f68r1_94FF807CB77C	SAME_CANDIDATE
LABEL	research/astro_spatial_annotation_ai_b2/AI1_AI2_LABEL_MATCH.tsv	f68r1	AI1	B_LABEL_0065	AI2	C_LABEL_0093	MATCHED	HLABEL_f68r1_B685BDFB1F46	HLABEL_f68r1_B685BDFB1F46	SAME_CANDIDATE
LABEL	research/astro_spatial_annotation_ai_b2/AI1_AI2_LABEL_MATCH.tsv	f68r1	AI1	B_LABEL_0066	AI2	C_LABEL_0094	MATCHED	HLABEL_f68r1_AEA2EECB77C4	HLABEL_f68r1_AEA2EECB77C4	SAME_CANDIDATE
LABEL	research/astro_spatial_annotation_ai_b2/AI1_AI2_LABEL_MATCH.tsv	f68r1	AI1	B_LABEL_0067	AI2	C_LABEL_0097	MATCHED	HLABEL_f68r1_5C72D2D46ED7	HLABEL_f68r1_5C72D2D46ED7	SAME_CANDIDATE
LABEL	research/astro_spatial_annotation_ai_b2/AI1_AI2_LABEL_MATCH.tsv	f68r1	AI1	B_LABEL_0068	AI2	C_LABEL_0098	MATCHED	HLABEL_f68r1_B2142F9557C7	HLABEL_f68r1_B2142F9557C7	SAME_CANDIDATE
LABEL	research/astro_spatial_annotation_ai_b2/AI1_AI2_LABEL_MATCH.tsv	f68r1	AI1	B_LABEL_0069	AI2	C_LABEL_0099	MATCHED	HLABEL_f68r1_7F0B3B7B8236	HLABEL_f68r1_7F0B3B7B8236	SAME_CANDIDATE
LABEL	research/astro_spatial_annotation_ai_b2/AI1_AI2_LABEL_MATCH.tsv	f68r1	AI1	B_LABEL_0070	AI2	C_LABEL_0106	MATCHED	HLABEL_f68r1_9CE300F85236	HLABEL_f68r1_9CE300F85236	SAME_CANDIDATE
LABEL	research/astro_spatial_annotation_ai_b2/AI1_AI2_LABEL_MATCH.tsv	f68r1	AI1	B_LABEL_0071	AI2	C_LABEL_0107	MATCHED	HLABEL_f68r1_3226D0F6FF82	HLABEL_f68r1_3226D0F6FF82	SAME_CANDIDATE
LABEL	research/astro_spatial_annotation_ai_b2/AI1_AI2_LABEL_MATCH.tsv	f68r1	AI1	B_LABEL_0072	AI2	C_LABEL_0100	MATCHED	HLABEL_f68r1_2818552D1622	HLABEL_f68r1_2818552D1622	SAME_CANDIDATE
LABEL	research/astro_spatial_annotation_ai_b2/AI1_AI2_LABEL_MATCH.tsv	f68r1	AI1	B_LABEL_0073	AI2	C_LABEL_0108	MATCHED	HLABEL_f68r1_768FED558FE0	HLABEL_f68r1_768FED558FE0	SAME_CANDIDATE
LABEL	research/astro_spatial_annotation_ai_b2/AI1_AI2_LABEL_MATCH.tsv	f68r1	AI1	B_LABEL_0074	AI2	C_LABEL_0109	MATCHED	HLABEL_f68r1_74BC9BB1AD80	HLABEL_f68r1_74BC9BB1AD80	SAME_CANDIDATE
LABEL	research/astro_spatial_annotation_ai_b2/AI1_AI2_LABEL_MATCH.tsv	f68r1	AI1	B_LABEL_0075	AI2	C_LABEL_0101	MATCHED	HLABEL_f68r1_E9FEC7295FC3	HLABEL_f68r1_B31814B413F8	CONSTRAINED_EDGE_NOT_JOINED
LABEL	research/astro_spatial_annotation_ai_b2/AI1_AI2_LABEL_MATCH.tsv	f68r1	AI1	B_LABEL_0076	AI2	C_LABEL_0102	MATCHED	HLABEL_f68r1_E5DC22957D3C	HLABEL_f68r1_E9FEC7295FC3	CONSTRAINED_EDGE_NOT_JOINED
LABEL	research/astro_spatial_annotation_ai_b2/AI1_AI2_LABEL_MATCH.tsv	f68r1	AI1	B_LABEL_0077	AI2	C_LABEL_0103	MATCHED	HLABEL_f68r1_D16E5E8CBA26	HLABEL_f68r1_D16E5E8CBA26	SAME_CANDIDATE
LABEL	research/astro_spatial_annotation_ai_b2/AI1_AI2_LABEL_MATCH.tsv	f68r1	AI1	B_LABEL_0078	AI2	C_LABEL_0104	MATCHED	HLABEL_f68r1_4F82A210FFB0	HLABEL_f68r1_4F82A210FFB0	SAME_CANDIDATE
LABEL	research/astro_spatial_annotation_ai_b2/AI1_AI2_LABEL_MATCH.tsv	f68r1	AI1	B_LABEL_0079	AI2	C_LABEL_0110	MATCHED	HLABEL_f68r1_F8C9C8361135	HLABEL_f68r1_F8C9C8361135	SAME_CANDIDATE
LABEL	research/astro_spatial_annotation_ai_b2/AI1_AI2_LABEL_MATCH.tsv	f68r1	AI1	B_LABEL_0080	AI2	C_LABEL_0111	MATCHED	HLABEL_f68r1_8EE95BA94B80	HLABEL_f68r1_8EE95BA94B80	SAME_CANDIDATE
LABEL	research/astro_spatial_annotation_ai_b2/AI1_AI2_LABEL_MATCH.tsv	f68r1	AI1	B_LABEL_0081	AI2	C_LABEL_0105	MATCHED	HLABEL_f68r1_070702191A0A	HLABEL_f68r1_070702191A0A	SAME_CANDIDATE
LABEL	research/astro_spatial_annotation_ai_b2/AI1_AI2_LABEL_MATCH.tsv	f68r1	AI1	B_LABEL_0082	AI2	C_LABEL_0112	MATCHED	HLABEL_f68r1_D69699B6B3F6	HLABEL_f68r1_D69699B6B3F6	SAME_CANDIDATE
LABEL	research/astro_spatial_annotation_ai_b2/AI1_AI2_LABEL_MATCH.tsv	f68r1	AI1	B_LABEL_0083	AI2	C_LABEL_0113	MATCHED	HLABEL_f68r1_A60C4082FBB1	HLABEL_f68r1_A60C4082FBB1	SAME_CANDIDATE
LABEL	research/astro_spatial_annotation_ai_b2/AI1_AI2_LABEL_MATCH.tsv	f68r1	AI1	B_LABEL_0084	AI2	C_LABEL_0117	MATCHED	HLABEL_f68r1_0097692B4BA6	HLABEL_f68r1_0097692B4BA6	SAME_CANDIDATE
LABEL	research/astro_spatial_annotation_ai_b2/AI1_AI2_LABEL_MATCH.tsv	f68r1	AI1	B_LABEL_0085	AI2	C_LABEL_0118	MATCHED	HLABEL_f68r1_E1F8D2559E4A	HLABEL_f68r1_E1F8D2559E4A	SAME_CANDIDATE
LABEL	research/astro_spatial_annotation_ai_b2/AI1_AI2_LABEL_MATCH.tsv	f68r1	AI1	B_LABEL_0086	AI2	C_LABEL_0114	MATCHED	HLABEL_f68r1_829A1F808609	HLABEL_f68r1_829A1F808609	SAME_CANDIDATE
LABEL	research/astro_spatial_annotation_ai_b2/AI1_AI2_LABEL_MATCH.tsv	f68r1	AI1	B_LABEL_0087	AI2	UNMATCHED	LEFT_ONLY	HLABEL_f68r1_7AFD651E9791		UNMATCHED
LABEL	research/astro_spatial_annotation_ai_b2/AI1_AI2_LABEL_MATCH.tsv	f68r1	AI1	B_LABEL_0088	AI2	C_LABEL_0116	MATCHED	HLABEL_f68r1_838C2F2B50FD	HLABEL_f68r1_838C2F2B50FD	SAME_CANDIDATE
LABEL	research/astro_spatial_annotation_ai_b2/AI1_AI2_LABEL_MATCH.tsv	f68r1	AI1	B_LABEL_0089	AI2	C_LABEL_0119	MATCHED	HLABEL_f68r1_7D5A07415F6B	HLABEL_f68r1_7D5A07415F6B	SAME_CANDIDATE
LABEL	research/astro_spatial_annotation_ai_b2/AI1_AI2_LABEL_MATCH.tsv	f68r1	AI1	B_LABEL_0090	AI2	C_LABEL_0121	MATCHED	HLABEL_f68r1_DD498E56355E	HLABEL_f68r1_DD498E56355E	SAME_CANDIDATE
LABEL	research/astro_spatial_annotation_ai_b2/AI1_AI2_LABEL_MATCH.tsv	f68r1	AI1	B_LABEL_0091	AI2	C_LABEL_0127	MATCHED	HLABEL_f68r1_D6DA0C0FB8FF	HLABEL_f68r1_D6DA0C0FB8FF	SAME_CANDIDATE
LABEL	research/astro_spatial_annotation_ai_b2/AI1_AI2_LABEL_MATCH.tsv	f68r2	AI1	B_LABEL_0092	AI2	UNMATCHED	LEFT_ONLY	HLABEL_f68r2_7F04793D2D5B		UNMATCHED
LABEL	research/astro_spatial_annotation_ai_b2/AI1_AI2_LABEL_MATCH.tsv	f68r2	AI1	B_LABEL_0093	AI2	C_LABEL_0133	MATCHED	HLABEL_f68r2_6C4711A65B18	HLABEL_f68r2_6C4711A65B18	SAME_CANDIDATE
LABEL	research/astro_spatial_annotation_ai_b2/AI1_AI2_LABEL_MATCH.tsv	f68r2	AI1	B_LABEL_0094	AI2	UNMATCHED	LEFT_ONLY	HLABEL_f68r2_0939FF277A94		UNMATCHED
LABEL	research/astro_spatial_annotation_ai_b2/AI1_AI2_LABEL_MATCH.tsv	f68r2	AI1	B_LABEL_0095	AI2	UNMATCHED	LEFT_ONLY	HLABEL_f68r2_DD96E72308FE		UNMATCHED
LABEL	research/astro_spatial_annotation_ai_b2/AI1_AI2_LABEL_MATCH.tsv	f68r2	AI1	B_LABEL_0096	AI2	C_LABEL_0134	MATCHED	HLABEL_f68r2_F9BA00A4FB69	HLABEL_f68r2_F9BA00A4FB69	SAME_CANDIDATE
LABEL	research/astro_spatial_annotation_ai_b2/AI1_AI2_LABEL_MATCH.tsv	f68r2	AI1	B_LABEL_0097	AI2	C_LABEL_0135	MATCHED	HLABEL_f68r2_7FBA483B0E1D	HLABEL_f68r2_7FBA483B0E1D	SAME_CANDIDATE
LABEL	research/astro_spatial_annotation_ai_b2/AI1_AI2_LABEL_MATCH.tsv	f68r2	AI1	B_LABEL_0098	AI2	UNMATCHED	LEFT_ONLY	HLABEL_f68r2_B93ACFBCD4E4		UNMATCHED
LABEL	research/astro_spatial_annotation_ai_b2/AI1_AI2_LABEL_MATCH.tsv	f68r2	AI1	B_LABEL_0099	AI2	UNMATCHED	LEFT_ONLY	HLABEL_f68r2_7D90CB9E6917		UNMATCHED
LABEL	research/astro_spatial_annotation_ai_b2/AI1_AI2_LABEL_MATCH.tsv	f68r2	AI1	B_LABEL_0100	AI2	C_LABEL_0136	MATCHED	HLABEL_f68r2_E143B8B41057	HLABEL_f68r2_E143B8B41057	SAME_CANDIDATE
LABEL	research/astro_spatial_annotation_ai_b2/AI1_AI2_LABEL_MATCH.tsv	f68r2	AI1	B_LABEL_0101	AI2	C_LABEL_0137	MATCHED	HLABEL_f68r2_5F8B54190BA3	HLABEL_f68r2_5F8B54190BA3	SAME_CANDIDATE
LABEL	research/astro_spatial_annotation_ai_b2/AI1_AI2_LABEL_MATCH.tsv	f68r2	AI1	B_LABEL_0102	AI2	UNMATCHED	LEFT_ONLY	HLABEL_f68r2_128A7A1ECD7D		UNMATCHED
LABEL	research/astro_spatial_annotation_ai_b2/AI1_AI2_LABEL_MATCH.tsv	f68r2	AI1	B_LABEL_0103	AI2	UNMATCHED	LEFT_ONLY	HLABEL_f68r2_E02058214970		UNMATCHED
LABEL	research/astro_spatial_annotation_ai_b2/AI1_AI2_LABEL_MATCH.tsv	f68r2	AI1	B_LABEL_0104	AI2	UNMATCHED	LEFT_ONLY	HLABEL_f68r2_53AB27AC2A08		UNMATCHED
LABEL	research/astro_spatial_annotation_ai_b2/AI1_AI2_LABEL_MATCH.tsv	f68r2	AI1	B_LABEL_0105	AI2	C_LABEL_0138	MATCHED	HLABEL_f68r2_57DCB468DF15	HLABEL_f68r2_57DCB468DF15	SAME_CANDIDATE
LABEL	research/astro_spatial_annotation_ai_b2/AI1_AI2_LABEL_MATCH.tsv	f68r2	AI1	B_LABEL_0106	AI2	UNMATCHED	LEFT_ONLY	HLABEL_f68r2_B0EE724D7403		UNMATCHED
LABEL	research/astro_spatial_annotation_ai_b2/AI1_AI2_LABEL_MATCH.tsv	f68r2	AI1	B_LABEL_0107	AI2	C_LABEL_0139	MATCHED	HLABEL_f68r2_42EB5D08575A	HLABEL_f68r2_42EB5D08575A	SAME_CANDIDATE
LABEL	research/astro_spatial_annotation_ai_b2/AI1_AI2_LABEL_MATCH.tsv	f68r2	AI1	B_LABEL_0108	AI2	C_LABEL_0140	MATCHED	HLABEL_f68r2_F61C32C77A6E	HLABEL_f68r2_F61C32C77A6E	SAME_CANDIDATE
LABEL	research/astro_spatial_annotation_ai_b2/AI1_AI2_LABEL_MATCH.tsv	f68r2	AI1	B_LABEL_0109	AI2	C_LABEL_0146	MATCHED	HLABEL_f68r2_453755ADB983	HLABEL_f68r2_453755ADB983	SAME_CANDIDATE
LABEL	research/astro_spatial_annotation_ai_b2/AI1_AI2_LABEL_MATCH.tsv	f68r2	AI1	B_LABEL_0110	AI2	C_LABEL_0145	MATCHED	HLABEL_f68r2_B774D6DBC14A	HLABEL_f68r2_B774D6DBC14A	SAME_CANDIDATE
LABEL	research/astro_spatial_annotation_ai_b2/AI1_AI2_LABEL_MATCH.tsv	f68r2	AI1	B_LABEL_0111	AI2	C_LABEL_0147	MATCHED	HLABEL_f68r2_1D28C267C6D8	HLABEL_f68r2_1D28C267C6D8	SAME_CANDIDATE
LABEL	research/astro_spatial_annotation_ai_b2/AI1_AI2_LABEL_MATCH.tsv	f68r2	AI1	B_LABEL_0112	AI2	UNMATCHED	LEFT_ONLY	HLABEL_f68r2_862DC91AB1AF		UNMATCHED
LABEL	research/astro_spatial_annotation_ai_b2/AI1_AI2_LABEL_MATCH.tsv	f68r2	AI1	B_LABEL_0113	AI2	UNMATCHED	LEFT_ONLY	HLABEL_f68r2_92E417F67BC3		UNMATCHED
LABEL	research/astro_spatial_annotation_ai_b2/AI1_AI2_LABEL_MATCH.tsv	f68r2	AI1	B_LABEL_0114	AI2	C_LABEL_0141	MATCHED	HLABEL_f68r2_83F84DED84B3	HLABEL_f68r2_83F84DED84B3	SAME_CANDIDATE
LABEL	research/astro_spatial_annotation_ai_b2/AI1_AI2_LABEL_MATCH.tsv	f68r2	AI1	B_LABEL_0115	AI2	C_LABEL_0142	MATCHED	HLABEL_f68r2_C0671C6BE035	HLABEL_f68r2_C0671C6BE035	SAME_CANDIDATE
LABEL	research/astro_spatial_annotation_ai_b2/AI1_AI2_LABEL_MATCH.tsv	f68r2	AI1	B_LABEL_0116	AI2	UNMATCHED	LEFT_ONLY	HLABEL_f68r2_60B741899C30		UNMATCHED
LABEL	research/astro_spatial_annotation_ai_b2/AI1_AI2_LABEL_MATCH.tsv	f68r2	AI1	B_LABEL_0117	AI2	UNMATCHED	LEFT_ONLY	HLABEL_f68r2_C1B3A2E8B3D1		UNMATCHED
LABEL	research/astro_spatial_annotation_ai_b2/AI1_AI2_LABEL_MATCH.tsv	f68r2	AI1	B_LABEL_0118	AI2	UNMATCHED	LEFT_ONLY	HLABEL_f68r2_639CD97A47E7		UNMATCHED
LABEL	research/astro_spatial_annotation_ai_b2/AI1_AI2_LABEL_MATCH.tsv	f68r2	AI1	B_LABEL_0119	AI2	UNMATCHED	LEFT_ONLY	HLABEL_f68r2_5A4CB14543D8		UNMATCHED
LABEL	research/astro_spatial_annotation_ai_b2/AI1_AI2_LABEL_MATCH.tsv	f68r2	AI1	B_LABEL_0120	AI2	UNMATCHED	LEFT_ONLY	HLABEL_f68r2_3340F5608078		UNMATCHED
LABEL	research/astro_spatial_annotation_ai_b2/AI1_AI2_LABEL_MATCH.tsv	f68r2	AI1	B_LABEL_0121	AI2	UNMATCHED	LEFT_ONLY	HLABEL_f68r2_FC6E7E5F42EA		UNMATCHED
LABEL	research/astro_spatial_annotation_ai_b2/AI1_AI2_LABEL_MATCH.tsv	f68r2	AI1	B_LABEL_0122	AI2	C_LABEL_0143	MATCHED	HLABEL_f68r2_CD064956A0E6	HLABEL_f68r2_CD064956A0E6	SAME_CANDIDATE
LABEL	research/astro_spatial_annotation_ai_b2/AI1_AI2_LABEL_MATCH.tsv	f68r2	AI1	B_LABEL_0123	AI2	C_LABEL_0144	MATCHED	HLABEL_f68r2_D95B46B1FD11	HLABEL_f68r2_D95B46B1FD11	SAME_CANDIDATE
LABEL	research/astro_spatial_annotation_ai_b2/AI1_AI2_LABEL_MATCH.tsv	f68r2	AI1	B_LABEL_0124	AI2	UNMATCHED	LEFT_ONLY	HLABEL_f68r2_24EAB93EA1BE		UNMATCHED
LABEL	research/astro_spatial_annotation_ai_b2/AI1_AI2_LABEL_MATCH.tsv	f68r2	AI1	B_LABEL_0125	AI2	C_LABEL_0148	MATCHED	HLABEL_f68r2_2A5B418160F2	HLABEL_f68r2_2A5B418160F2	SAME_CANDIDATE
LABEL	research/astro_spatial_annotation_ai_b2/AI1_AI2_LABEL_MATCH.tsv	f68r2	AI1	B_LABEL_0126	AI2	C_LABEL_0149	MATCHED	HLABEL_f68r2_FBE4D3094C89	HLABEL_f68r2_FBE4D3094C89	SAME_CANDIDATE
LABEL	research/astro_spatial_annotation_ai_b2/AI1_AI2_LABEL_MATCH.tsv	f68r2	AI1	B_LABEL_0127	AI2	UNMATCHED	LEFT_ONLY	HLABEL_f68r2_33B6D8EB574E		UNMATCHED
LABEL	research/astro_spatial_annotation_ai_b2/AI1_AI2_LABEL_MATCH.tsv	f68r2	AI1	B_LABEL_0128	AI2	UNMATCHED	LEFT_ONLY	HLABEL_f68r2_F8CA3C503E29		UNMATCHED
LABEL	research/astro_spatial_annotation_ai_b2/AI1_AI2_LABEL_MATCH.tsv	f68r2	AI1	B_LABEL_0129	AI2	C_LABEL_0150	MATCHED	HLABEL_f68r2_5F37A798ABF6	HLABEL_f68r2_5F37A798ABF6	SAME_CANDIDATE
LABEL	research/astro_spatial_annotation_ai_b2/AI1_AI2_LABEL_MATCH.tsv	f68r2	AI1	B_LABEL_0130	AI2	C_LABEL_0151	MATCHED	HLABEL_f68r2_404FEDB7D56E	HLABEL_f68r2_404FEDB7D56E	SAME_CANDIDATE
LABEL	research/astro_spatial_annotation_ai_b2/AI1_AI2_LABEL_MATCH.tsv	f68r2	AI1	B_LABEL_0131	AI2	C_LABEL_0153	MATCHED	HLABEL_f68r2_A4292ADDB425	HLABEL_f68r2_A4292ADDB425	SAME_CANDIDATE
LABEL	research/astro_spatial_annotation_ai_b2/AI1_AI2_LABEL_MATCH.tsv	f68r2	AI1	B_LABEL_0132	AI2	C_LABEL_0155	MATCHED	HLABEL_f68r2_33AD045D1FA0	HLABEL_f68r2_33AD045D1FA0	SAME_CANDIDATE
LABEL	research/astro_spatial_annotation_ai_b2/AI1_AI2_LABEL_MATCH.tsv	f68r2	AI1	B_LABEL_0133	AI2	UNMATCHED	LEFT_ONLY	HLABEL_f68r2_B0E39F42ACBF		UNMATCHED
LABEL	research/astro_spatial_annotation_ai_b2/AI1_AI2_LABEL_MATCH.tsv	f68r2	AI1	B_LABEL_0134	AI2	UNMATCHED	LEFT_ONLY	HLABEL_f68r2_F3F60F7C5B5C		UNMATCHED
LABEL	research/astro_spatial_annotation_ai_b2/AI1_AI2_LABEL_MATCH.tsv	f68r2	AI1	B_LABEL_0135	AI2	UNMATCHED	LEFT_ONLY	HLABEL_f68r2_1451CFCBBC6E		UNMATCHED
LABEL	research/astro_spatial_annotation_ai_b2/AI1_AI2_LABEL_MATCH.tsv	f68r2	AI1	B_LABEL_0136	AI2	C_LABEL_0157	MATCHED	HLABEL_f68r2_5B59D2A6823C	HLABEL_f68r2_5B59D2A6823C	SAME_CANDIDATE
LABEL	research/astro_spatial_annotation_ai_b2/AI1_AI2_LABEL_MATCH.tsv	f68r2	AI1	B_LABEL_0137	AI2	UNMATCHED	LEFT_ONLY	HLABEL_f68r2_EA9AD43D2982		UNMATCHED
LABEL	research/astro_spatial_annotation_ai_b2/AI1_AI2_LABEL_MATCH.tsv	f68r2	AI1	B_LABEL_0138	AI2	UNMATCHED	LEFT_ONLY	HLABEL_f68r2_6C85E1DB86CF		UNMATCHED
LABEL	research/astro_spatial_annotation_ai_b2/AI1_AI2_LABEL_MATCH.tsv	f68r2	AI1	B_LABEL_0139	AI2	C_LABEL_0158	MATCHED	HLABEL_f68r2_DB870C631B7F	HLABEL_f68r2_DB870C631B7F	SAME_CANDIDATE
LABEL	research/astro_spatial_annotation_ai_b2/AI1_AI2_LABEL_MATCH.tsv	f68r2	AI1	B_LABEL_0140	AI2	C_LABEL_0159	MATCHED	HLABEL_f68r2_E782921607B4	HLABEL_f68r2_E782921607B4	SAME_CANDIDATE
LABEL	research/astro_spatial_annotation_ai_b2/AI1_AI2_LABEL_MATCH.tsv	f68r3	AI1	B_LABEL_0141	AI2	C_LABEL_0163	MATCHED	HLABEL_f68r3_FAC96A3ED16E	HLABEL_f68r3_FAC96A3ED16E	SAME_CANDIDATE
LABEL	research/astro_spatial_annotation_ai_b2/AI1_AI2_LABEL_MATCH.tsv	f68r3	AI1	B_LABEL_0142	AI2	UNMATCHED	LEFT_ONLY	HLABEL_f68r3_19EDC31524DE		UNMATCHED
LABEL	research/astro_spatial_annotation_ai_b2/AI1_AI2_LABEL_MATCH.tsv	f68r3	AI1	B_LABEL_0143	AI2	C_LABEL_0172	MATCHED	HLABEL_f68r3_9AD81914FAC2	HLABEL_f68r3_9AD81914FAC2	SAME_CANDIDATE
LABEL	research/astro_spatial_annotation_ai_b2/AI1_AI2_LABEL_MATCH.tsv	f68r3	AI1	B_LABEL_0144	AI2	UNMATCHED	LEFT_ONLY	HLABEL_f68r3_64CAC61798A1		UNMATCHED
LABEL	research/astro_spatial_annotation_ai_b2/AI1_AI2_LABEL_MATCH.tsv	f68r3	AI1	B_LABEL_0145	AI2	UNMATCHED	LEFT_ONLY	HLABEL_f68r3_0FEB88EC329A		UNMATCHED
LABEL	research/astro_spatial_annotation_ai_b2/AI1_AI2_LABEL_MATCH.tsv	f68r3	AI1	B_LABEL_0146	AI2	UNMATCHED	LEFT_ONLY	HLABEL_f68r3_90CA75FEAABE		UNMATCHED
LABEL	research/astro_spatial_annotation_ai_b2/AI1_AI2_LABEL_MATCH.tsv	f68r3	AI1	B_LABEL_0147	AI2	UNMATCHED	LEFT_ONLY	HLABEL_f68r3_063182E7843F		UNMATCHED
LABEL	research/astro_spatial_annotation_ai_b2/AI1_AI2_LABEL_MATCH.tsv	f68r3	AI1	B_LABEL_0148	AI2	UNMATCHED	LEFT_ONLY	HLABEL_f68r3_3EA6FF24D8FD		UNMATCHED
LABEL	research/astro_spatial_annotation_ai_b2/AI1_AI2_LABEL_MATCH.tsv	f68r3	AI1	B_LABEL_0149	AI2	UNMATCHED	LEFT_ONLY	HLABEL_f68r3_671DDD898E0B		UNMATCHED
LABEL	research/astro_spatial_annotation_ai_b2/AI1_AI2_LABEL_MATCH.tsv	f68r3	AI1	B_LABEL_0150	AI2	C_LABEL_0170	MATCHED	HLABEL_f68r3_F59D510F9867	HLABEL_f68r3_F59D510F9867	SAME_CANDIDATE
LABEL	research/astro_spatial_annotation_ai_b2/AI1_AI2_LABEL_MATCH.tsv	f68r3	AI1	B_LABEL_0151	AI2	UNMATCHED	LEFT_ONLY	HLABEL_f68r3_30626DCDB0AC		UNMATCHED
LABEL	research/astro_spatial_annotation_ai_b2/AI1_AI2_LABEL_MATCH.tsv	f68v1	AI1	B_LABEL_0152	AI2	C_LABEL_0177	MATCHED	HLABEL_f68v1_7173CECFA2A7	HLABEL_f68v1_7173CECFA2A7	SAME_CANDIDATE
LABEL	research/astro_spatial_annotation_ai_b2/AI1_AI2_LABEL_MATCH.tsv	f68v1	AI1	B_LABEL_0153	AI2	UNMATCHED	LEFT_ONLY	HLABEL_f68v1_74F969FCDEB1		UNMATCHED
LABEL	research/astro_spatial_annotation_ai_b2/AI1_AI2_LABEL_MATCH.tsv	f68v1	AI1	B_LABEL_0154	AI2	UNMATCHED	LEFT_ONLY	HLABEL_f68v1_7905591AE4F7		UNMATCHED
LABEL	research/astro_spatial_annotation_ai_b2/AI1_AI2_LABEL_MATCH.tsv	f68v1	AI1	B_LABEL_0155	AI2	UNMATCHED	LEFT_ONLY	HLABEL_f68v1_48A86887B560		UNMATCHED
LABEL	research/astro_spatial_annotation_ai_b2/AI1_AI2_LABEL_MATCH.tsv	f68v1	AI1	B_LABEL_0156	AI2	C_LABEL_0180	MATCHED	HLABEL_f68v1_2B2D50FF3C7C	HLABEL_f68v1_2B2D50FF3C7C	SAME_CANDIDATE
LABEL	research/astro_spatial_annotation_ai_b2/AI1_AI2_LABEL_MATCH.tsv	f68v1	AI1	B_LABEL_0157	AI2	UNMATCHED	LEFT_ONLY	HLABEL_f68v1_971B9EDF4F61		UNMATCHED
LABEL	research/astro_spatial_annotation_ai_b2/AI1_AI2_LABEL_MATCH.tsv	f68v1	AI1	B_LABEL_0158	AI2	UNMATCHED	LEFT_ONLY	HLABEL_f68v1_F12751A51C67		UNMATCHED
LABEL	research/astro_spatial_annotation_ai_b2/AI1_AI2_LABEL_MATCH.tsv	f68v1	AI1	B_LABEL_0159	AI2	C_LABEL_0182	MATCHED	HLABEL_f68v1_611D9DD15C69	HLABEL_f68v1_611D9DD15C69	SAME_CANDIDATE
LABEL	research/astro_spatial_annotation_ai_b2/AI1_AI2_LABEL_MATCH.tsv	f68v1	AI1	B_LABEL_0160	AI2	C_LABEL_0175	MATCHED	HLABEL_f68v1_93CAF73A3981	HLABEL_f68v1_93CAF73A3981	SAME_CANDIDATE
LABEL	research/astro_spatial_annotation_ai_b2/AI1_AI2_LABEL_MATCH.tsv	f68v1	AI1	B_LABEL_0161	AI2	C_LABEL_0176	MATCHED	HLABEL_f68v1_EB04FAB9B66E	HLABEL_f68v1_EB04FAB9B66E	SAME_CANDIDATE
LABEL	research/astro_spatial_annotation_ai_b2/AI1_AI2_LABEL_MATCH.tsv	f68v2	AI1	B_LABEL_0162	AI2	UNMATCHED	LEFT_ONLY	HLABEL_f68v2_140B6DACA5D4		UNMATCHED
LABEL	research/astro_spatial_annotation_ai_b2/AI1_AI2_LABEL_MATCH.tsv	f68v2	AI1	B_LABEL_0163	AI2	C_LABEL_0188	MATCHED	HLABEL_f68v2_C8A3D256A5DF	HLABEL_f68v2_C8A3D256A5DF	SAME_CANDIDATE
LABEL	research/astro_spatial_annotation_ai_b2/AI1_AI2_LABEL_MATCH.tsv	f68v2	AI1	B_LABEL_0164	AI2	UNMATCHED	LEFT_ONLY	HLABEL_f68v2_9C9255391597		UNMATCHED
LABEL	research/astro_spatial_annotation_ai_b2/AI1_AI2_LABEL_MATCH.tsv	f68v2	AI1	B_LABEL_0165	AI2	UNMATCHED	LEFT_ONLY	HLABEL_f68v2_BA25CBE881CE		UNMATCHED
LABEL	research/astro_spatial_annotation_ai_b2/AI1_AI2_LABEL_MATCH.tsv	f68v2	AI1	B_LABEL_0166	AI2	UNMATCHED	LEFT_ONLY	HLABEL_f68v2_5CD0460EBF5E		UNMATCHED
LABEL	research/astro_spatial_annotation_ai_b2/AI1_AI2_LABEL_MATCH.tsv	f68v2	AI1	B_LABEL_0167	AI2	UNMATCHED	LEFT_ONLY	HLABEL_f68v2_CDFEE87923B0		UNMATCHED
LABEL	research/astro_spatial_annotation_ai_b2/AI1_AI2_LABEL_MATCH.tsv	f68v2	AI1	B_LABEL_0168	AI2	C_LABEL_0194	MATCHED	HLABEL_f68v2_B1CEDCD5FC66	HLABEL_f68v2_B1CEDCD5FC66	SAME_CANDIDATE
LABEL	research/astro_spatial_annotation_ai_b2/AI1_AI2_LABEL_MATCH.tsv	f68v2	AI1	B_LABEL_0169	AI2	UNMATCHED	LEFT_ONLY	HLABEL_f68v2_D67C8AB4EB2E		UNMATCHED
LABEL	research/astro_spatial_annotation_ai_b2/AI1_AI2_LABEL_MATCH.tsv	f68v2	AI1	B_LABEL_0170	AI2	C_LABEL_0196	MATCHED	HLABEL_f68v2_4143E8F988AD	HLABEL_f68v2_4143E8F988AD	SAME_CANDIDATE
LABEL	research/astro_spatial_annotation_ai_b2/AI1_AI2_LABEL_MATCH.tsv	f68v2	AI1	B_LABEL_0171	AI2	C_LABEL_0197	MATCHED	HLABEL_f68v2_9E5763C6A7DF	HLABEL_f68v2_9E5763C6A7DF	SAME_CANDIDATE
LABEL	research/astro_spatial_annotation_ai_b2/AI1_AI2_LABEL_MATCH.tsv	f68v2	AI1	B_LABEL_0172	AI2	UNMATCHED	LEFT_ONLY	HLABEL_f68v2_72176D51AB99		UNMATCHED
LABEL	research/astro_spatial_annotation_ai_b2/AI1_AI2_LABEL_MATCH.tsv	f68v2	AI1	B_LABEL_0173	AI2	UNMATCHED	LEFT_ONLY	HLABEL_f68v2_702571568B31		UNMATCHED
LABEL	research/astro_spatial_annotation_ai_b2/AI1_AI2_LABEL_MATCH.tsv	f68v2	AI1	B_LABEL_0174	AI2	C_LABEL_0186	MATCHED	HLABEL_f68v2_3571DB186254	HLABEL_f68v2_3571DB186254	SAME_CANDIDATE
LABEL	research/astro_spatial_annotation_ai_b2/AI1_AI2_LABEL_MATCH.tsv	f68v2	AI1	B_LABEL_0175	AI2	C_LABEL_0185	MATCHED	HLABEL_f68v2_6E8CCF5C5C4A	HLABEL_f68v2_6E8CCF5C5C4A	SAME_CANDIDATE
LABEL	research/astro_spatial_annotation_ai_b2/AI1_AI2_LABEL_MATCH.tsv	f67r1	AI1	UNMATCHED	AI2	C_LABEL_0001	RIGHT_ONLY		HLABEL_f67r1_A38182154431	UNMATCHED
LABEL	research/astro_spatial_annotation_ai_b2/AI1_AI2_LABEL_MATCH.tsv	f67r1	AI1	UNMATCHED	AI2	C_LABEL_0002	RIGHT_ONLY		HLABEL_f67r1_41C164B34FAF	UNMATCHED
LABEL	research/astro_spatial_annotation_ai_b2/AI1_AI2_LABEL_MATCH.tsv	f67r1	AI1	UNMATCHED	AI2	C_LABEL_0003	RIGHT_ONLY		HLABEL_f67r1_1224103BAB17	UNMATCHED
LABEL	research/astro_spatial_annotation_ai_b2/AI1_AI2_LABEL_MATCH.tsv	f67r1	AI1	UNMATCHED	AI2	C_LABEL_0004	RIGHT_ONLY		HLABEL_f67r1_4D0DB23372A7	UNMATCHED
LABEL	research/astro_spatial_annotation_ai_b2/AI1_AI2_LABEL_MATCH.tsv	f67r1	AI1	UNMATCHED	AI2	C_LABEL_0005	RIGHT_ONLY		HLABEL_f67r1_1B27830BDEFF	UNMATCHED
LABEL	research/astro_spatial_annotation_ai_b2/AI1_AI2_LABEL_MATCH.tsv	f67r1	AI1	UNMATCHED	AI2	C_LABEL_0006	RIGHT_ONLY		HLABEL_f67r1_E7CCD7E2CC67	UNMATCHED
LABEL	research/astro_spatial_annotation_ai_b2/AI1_AI2_LABEL_MATCH.tsv	f67r1	AI1	UNMATCHED	AI2	C_LABEL_0007	RIGHT_ONLY		HLABEL_f67r1_0895242BA6C8	UNMATCHED
LABEL	research/astro_spatial_annotation_ai_b2/AI1_AI2_LABEL_MATCH.tsv	f67r1	AI1	UNMATCHED	AI2	C_LABEL_0008	RIGHT_ONLY		HLABEL_f67r1_E8EA57A6B10C	UNMATCHED
LABEL	research/astro_spatial_annotation_ai_b2/AI1_AI2_LABEL_MATCH.tsv	f67r1	AI1	UNMATCHED	AI2	C_LABEL_0009	RIGHT_ONLY		HLABEL_f67r1_EAB2268A21E3	UNMATCHED
LABEL	research/astro_spatial_annotation_ai_b2/AI1_AI2_LABEL_MATCH.tsv	f67r1	AI1	UNMATCHED	AI2	C_LABEL_0010	RIGHT_ONLY		HLABEL_f67r1_99B462EE81F8	UNMATCHED
LABEL	research/astro_spatial_annotation_ai_b2/AI1_AI2_LABEL_MATCH.tsv	f67r1	AI1	UNMATCHED	AI2	C_LABEL_0011	RIGHT_ONLY		HLABEL_f67r1_848479ABF86E	UNMATCHED
LABEL	research/astro_spatial_annotation_ai_b2/AI1_AI2_LABEL_MATCH.tsv	f67r1	AI1	UNMATCHED	AI2	C_LABEL_0014	RIGHT_ONLY		HLABEL_f67r1_8959B7C7EE27	UNMATCHED
LABEL	research/astro_spatial_annotation_ai_b2/AI1_AI2_LABEL_MATCH.tsv	f67r1	AI1	UNMATCHED	AI2	C_LABEL_0016	RIGHT_ONLY		HLABEL_f67r1_0BA8CEE52FAF	UNMATCHED
LABEL	research/astro_spatial_annotation_ai_b2/AI1_AI2_LABEL_MATCH.tsv	f67r1	AI1	UNMATCHED	AI2	C_LABEL_0017	RIGHT_ONLY		HLABEL_f67r1_259AE8E81D5C	UNMATCHED
LABEL	research/astro_spatial_annotation_ai_b2/AI1_AI2_LABEL_MATCH.tsv	f67r1	AI1	UNMATCHED	AI2	C_LABEL_0018	RIGHT_ONLY		HLABEL_f67r1_8CEBAB8157F9	UNMATCHED
LABEL	research/astro_spatial_annotation_ai_b2/AI1_AI2_LABEL_MATCH.tsv	f67r1	AI1	UNMATCHED	AI2	C_LABEL_0019	RIGHT_ONLY		HLABEL_f67r1_F164D8042199	UNMATCHED
LABEL	research/astro_spatial_annotation_ai_b2/AI1_AI2_LABEL_MATCH.tsv	f67r1	AI1	UNMATCHED	AI2	C_LABEL_0020	RIGHT_ONLY		HLABEL_f67r1_3F2346FE862C	UNMATCHED
LABEL	research/astro_spatial_annotation_ai_b2/AI1_AI2_LABEL_MATCH.tsv	f67r1	AI1	UNMATCHED	AI2	C_LABEL_0021	RIGHT_ONLY		HLABEL_f67r1_E4CBDD6ECAF6	UNMATCHED
LABEL	research/astro_spatial_annotation_ai_b2/AI1_AI2_LABEL_MATCH.tsv	f67r2	AI1	UNMATCHED	AI2	C_LABEL_0022	RIGHT_ONLY		HLABEL_f67r2_637FCC43F620	UNMATCHED
LABEL	research/astro_spatial_annotation_ai_b2/AI1_AI2_LABEL_MATCH.tsv	f67r2	AI1	UNMATCHED	AI2	C_LABEL_0027	RIGHT_ONLY		HLABEL_f67r2_AA39DF514B3B	UNMATCHED
LABEL	research/astro_spatial_annotation_ai_b2/AI1_AI2_LABEL_MATCH.tsv	f67r2	AI1	UNMATCHED	AI2	C_LABEL_0028	RIGHT_ONLY		HLABEL_f67r2_CC7204495F35	UNMATCHED
LABEL	research/astro_spatial_annotation_ai_b2/AI1_AI2_LABEL_MATCH.tsv	f67r2	AI1	UNMATCHED	AI2	C_LABEL_0029	RIGHT_ONLY		HLABEL_f67r2_9F68928ACE2E	UNMATCHED
LABEL	research/astro_spatial_annotation_ai_b2/AI1_AI2_LABEL_MATCH.tsv	f67r2	AI1	UNMATCHED	AI2	C_LABEL_0030	RIGHT_ONLY		HLABEL_f67r2_8768BB7B8818	UNMATCHED
LABEL	research/astro_spatial_annotation_ai_b2/AI1_AI2_LABEL_MATCH.tsv	f67r2	AI1	UNMATCHED	AI2	C_LABEL_0031	RIGHT_ONLY		HLABEL_f67r2_F0258D85036A	UNMATCHED
LABEL	research/astro_spatial_annotation_ai_b2/AI1_AI2_LABEL_MATCH.tsv	f67r2	AI1	UNMATCHED	AI2	C_LABEL_0032	RIGHT_ONLY		HLABEL_f67r2_AC6EE1DD0268	UNMATCHED
LABEL	research/astro_spatial_annotation_ai_b2/AI1_AI2_LABEL_MATCH.tsv	f67r2	AI1	UNMATCHED	AI2	C_LABEL_0033	RIGHT_ONLY		HLABEL_f67r2_1435D84E7581	UNMATCHED
LABEL	research/astro_spatial_annotation_ai_b2/AI1_AI2_LABEL_MATCH.tsv	f67r2	AI1	UNMATCHED	AI2	C_LABEL_0042	RIGHT_ONLY		HLABEL_f67r2_0D9C4E3B276B	UNMATCHED
LABEL	research/astro_spatial_annotation_ai_b2/AI1_AI2_LABEL_MATCH.tsv	f67r2	AI1	UNMATCHED	AI2	C_LABEL_0045	RIGHT_ONLY		HLABEL_f67r2_FCA142BBAAC6	UNMATCHED
LABEL	research/astro_spatial_annotation_ai_b2/AI1_AI2_LABEL_MATCH.tsv	f67r2	AI1	UNMATCHED	AI2	C_LABEL_0046	RIGHT_ONLY		HLABEL_f67r2_71CD850BC8D5	UNMATCHED
LABEL	research/astro_spatial_annotation_ai_b2/AI1_AI2_LABEL_MATCH.tsv	f67r2	AI1	UNMATCHED	AI2	C_LABEL_0047	RIGHT_ONLY		HLABEL_f67r2_1C6798E2ABCD	UNMATCHED
LABEL	research/astro_spatial_annotation_ai_b2/AI1_AI2_LABEL_MATCH.tsv	f67r2	AI1	UNMATCHED	AI2	C_LABEL_0048	RIGHT_ONLY		HLABEL_f67r2_B9465F1825CD	UNMATCHED
LABEL	research/astro_spatial_annotation_ai_b2/AI1_AI2_LABEL_MATCH.tsv	f67r2	AI1	UNMATCHED	AI2	C_LABEL_0049	RIGHT_ONLY		HLABEL_f67r2_146EA35A1D76	UNMATCHED
LABEL	research/astro_spatial_annotation_ai_b2/AI1_AI2_LABEL_MATCH.tsv	f67r2	AI1	UNMATCHED	AI2	C_LABEL_0050	RIGHT_ONLY		HLABEL_f67r2_A0226D3F4DB6	UNMATCHED
LABEL	research/astro_spatial_annotation_ai_b2/AI1_AI2_LABEL_MATCH.tsv	f67r2	AI1	UNMATCHED	AI2	C_LABEL_0051	RIGHT_ONLY		HLABEL_f67r2_A8657A520507	UNMATCHED
LABEL	research/astro_spatial_annotation_ai_b2/AI1_AI2_LABEL_MATCH.tsv	f67r2	AI1	UNMATCHED	AI2	C_LABEL_0052	RIGHT_ONLY		HLABEL_f67r2_AC509CBB4DE1	UNMATCHED
LABEL	research/astro_spatial_annotation_ai_b2/AI1_AI2_LABEL_MATCH.tsv	f67r2	AI1	UNMATCHED	AI2	C_LABEL_0053	RIGHT_ONLY		HLABEL_f67r2_9D5421ADC539	UNMATCHED
LABEL	research/astro_spatial_annotation_ai_b2/AI1_AI2_LABEL_MATCH.tsv	f67r2	AI1	UNMATCHED	AI2	C_LABEL_0054	RIGHT_ONLY		HLABEL_f67r2_533E9C2D0281	UNMATCHED
LABEL	research/astro_spatial_annotation_ai_b2/AI1_AI2_LABEL_MATCH.tsv	f67r2	AI1	UNMATCHED	AI2	C_LABEL_0055	RIGHT_ONLY		HLABEL_f67r2_140E92838F27	UNMATCHED
LABEL	research/astro_spatial_annotation_ai_b2/AI1_AI2_LABEL_MATCH.tsv	f67r2	AI1	UNMATCHED	AI2	C_LABEL_0056	RIGHT_ONLY		HLABEL_f67r2_F79D771DEE83	UNMATCHED
LABEL	research/astro_spatial_annotation_ai_b2/AI1_AI2_LABEL_MATCH.tsv	f67r2	AI1	UNMATCHED	AI2	C_LABEL_0057	RIGHT_ONLY		HLABEL_f67r2_6FF5C29EB50D	UNMATCHED
LABEL	research/astro_spatial_annotation_ai_b2/AI1_AI2_LABEL_MATCH.tsv	f67r2	AI1	UNMATCHED	AI2	C_LABEL_0058	RIGHT_ONLY		HLABEL_f67r2_B511EB6ABB07	UNMATCHED
LABEL	research/astro_spatial_annotation_ai_b2/AI1_AI2_LABEL_MATCH.tsv	f67r2	AI1	UNMATCHED	AI2	C_LABEL_0059	RIGHT_ONLY		HLABEL_f67r2_7FACEC5A1328	UNMATCHED
LABEL	research/astro_spatial_annotation_ai_b2/AI1_AI2_LABEL_MATCH.tsv	f67r2	AI1	UNMATCHED	AI2	C_LABEL_0060	RIGHT_ONLY		HLABEL_f67r2_F901CF1DC206	UNMATCHED
LABEL	research/astro_spatial_annotation_ai_b2/AI1_AI2_LABEL_MATCH.tsv	f67v1	AI1	UNMATCHED	AI2	C_LABEL_0061	RIGHT_ONLY		HLABEL_f67v1_8EBD49617531	UNMATCHED
LABEL	research/astro_spatial_annotation_ai_b2/AI1_AI2_LABEL_MATCH.tsv	f67v1	AI1	UNMATCHED	AI2	C_LABEL_0062	RIGHT_ONLY		HLABEL_f67v1_D6272524FBF2	UNMATCHED
LABEL	research/astro_spatial_annotation_ai_b2/AI1_AI2_LABEL_MATCH.tsv	f67v1	AI1	UNMATCHED	AI2	C_LABEL_0067	RIGHT_ONLY		HLABEL_f67v1_48F16E1E963C	UNMATCHED
LABEL	research/astro_spatial_annotation_ai_b2/AI1_AI2_LABEL_MATCH.tsv	f67v1	AI1	UNMATCHED	AI2	C_LABEL_0068	RIGHT_ONLY		HLABEL_f67v1_9D89B3DAE9DE	UNMATCHED
LABEL	research/astro_spatial_annotation_ai_b2/AI1_AI2_LABEL_MATCH.tsv	f67v1	AI1	UNMATCHED	AI2	C_LABEL_0069	RIGHT_ONLY		HLABEL_f67v1_E2C63573F5A5	UNMATCHED
LABEL	research/astro_spatial_annotation_ai_b2/AI1_AI2_LABEL_MATCH.tsv	f67v1	AI1	UNMATCHED	AI2	C_LABEL_0070	RIGHT_ONLY		HLABEL_f67v1_E6CA2EE9FD04	UNMATCHED
LABEL	research/astro_spatial_annotation_ai_b2/AI1_AI2_LABEL_MATCH.tsv	f67v1	AI1	UNMATCHED	AI2	C_LABEL_0071	RIGHT_ONLY		HLABEL_f67v1_252E6C499373	UNMATCHED
LABEL	research/astro_spatial_annotation_ai_b2/AI1_AI2_LABEL_MATCH.tsv	f67v1	AI1	UNMATCHED	AI2	C_LABEL_0073	RIGHT_ONLY		HLABEL_f67v1_DAB9A07B5EEC	UNMATCHED
LABEL	research/astro_spatial_annotation_ai_b2/AI1_AI2_LABEL_MATCH.tsv	f67v1	AI1	UNMATCHED	AI2	C_LABEL_0075	RIGHT_ONLY		HLABEL_f67v1_D1821BBA06CB	UNMATCHED
LABEL	research/astro_spatial_annotation_ai_b2/AI1_AI2_LABEL_MATCH.tsv	f67v1	AI1	UNMATCHED	AI2	C_LABEL_0076	RIGHT_ONLY		HLABEL_f67v1_8F1F7FA13054	UNMATCHED
LABEL	research/astro_spatial_annotation_ai_b2/AI1_AI2_LABEL_MATCH.tsv	f67v1	AI1	UNMATCHED	AI2	C_LABEL_0077	RIGHT_ONLY		HLABEL_f67v1_4704B47F3128	UNMATCHED
LABEL	research/astro_spatial_annotation_ai_b2/AI1_AI2_LABEL_MATCH.tsv	f67v1	AI1	UNMATCHED	AI2	C_LABEL_0079	RIGHT_ONLY		HLABEL_f67v1_20704EBE9D4A	UNMATCHED
LABEL	research/astro_spatial_annotation_ai_b2/AI1_AI2_LABEL_MATCH.tsv	f67v1	AI1	UNMATCHED	AI2	C_LABEL_0080	RIGHT_ONLY		HLABEL_f67v1_2577A84EBD87	UNMATCHED
LABEL	research/astro_spatial_annotation_ai_b2/AI1_AI2_LABEL_MATCH.tsv	f67v1	AI1	UNMATCHED	AI2	C_LABEL_0081	RIGHT_ONLY		HLABEL_f67v1_12183D0645B7	UNMATCHED
LABEL	research/astro_spatial_annotation_ai_b2/AI1_AI2_LABEL_MATCH.tsv	f67v1	AI1	UNMATCHED	AI2	C_LABEL_0083	RIGHT_ONLY		HLABEL_f67v1_E9717F38BF89	UNMATCHED
LABEL	research/astro_spatial_annotation_ai_b2/AI1_AI2_LABEL_MATCH.tsv	f67v1	AI1	UNMATCHED	AI2	C_LABEL_0084	RIGHT_ONLY		HLABEL_f67v1_64617811F22B	UNMATCHED
LABEL	research/astro_spatial_annotation_ai_b2/AI1_AI2_LABEL_MATCH.tsv	f67v1	AI1	UNMATCHED	AI2	C_LABEL_0085	RIGHT_ONLY		HLABEL_f67v1_1F8D18F663C1	UNMATCHED
LABEL	research/astro_spatial_annotation_ai_b2/AI1_AI2_LABEL_MATCH.tsv	f67v1	AI1	UNMATCHED	AI2	C_LABEL_0086	RIGHT_ONLY		HLABEL_f67v1_345D86CC66FA	UNMATCHED
LABEL	research/astro_spatial_annotation_ai_b2/AI1_AI2_LABEL_MATCH.tsv	f67v1	AI1	UNMATCHED	AI2	C_LABEL_0087	RIGHT_ONLY		HLABEL_f67v1_DCF3D43B6596	UNMATCHED
LABEL	research/astro_spatial_annotation_ai_b2/AI1_AI2_LABEL_MATCH.tsv	f67v1	AI1	UNMATCHED	AI2	C_LABEL_0088	RIGHT_ONLY		HLABEL_f67v1_8D0970494772	UNMATCHED
LABEL	research/astro_spatial_annotation_ai_b2/AI1_AI2_LABEL_MATCH.tsv	f67v1	AI1	UNMATCHED	AI2	C_LABEL_0089	RIGHT_ONLY		HLABEL_f67v1_A468BB226FC7	UNMATCHED
LABEL	research/astro_spatial_annotation_ai_b2/AI1_AI2_LABEL_MATCH.tsv	f67v1	AI1	UNMATCHED	AI2	C_LABEL_0090	RIGHT_ONLY		HLABEL_f67v1_0A713027D221	UNMATCHED
LABEL	research/astro_spatial_annotation_ai_b2/AI1_AI2_LABEL_MATCH.tsv	f68r1	AI1	UNMATCHED	AI2	C_LABEL_0092	RIGHT_ONLY		HLABEL_f68r1_87A9A3C329D0	UNMATCHED
LABEL	research/astro_spatial_annotation_ai_b2/AI1_AI2_LABEL_MATCH.tsv	f68r1	AI1	UNMATCHED	AI2	C_LABEL_0115	RIGHT_ONLY		HLABEL_f68r1_9F954849289E	UNMATCHED
LABEL	research/astro_spatial_annotation_ai_b2/AI1_AI2_LABEL_MATCH.tsv	f68r1	AI1	UNMATCHED	AI2	C_LABEL_0120	RIGHT_ONLY		HLABEL_f68r1_F9FDACCA04B8	UNMATCHED
LABEL	research/astro_spatial_annotation_ai_b2/AI1_AI2_LABEL_MATCH.tsv	f68r1	AI1	UNMATCHED	AI2	C_LABEL_0122	RIGHT_ONLY		HLABEL_f68r1_7E4E175D5615	UNMATCHED
LABEL	research/astro_spatial_annotation_ai_b2/AI1_AI2_LABEL_MATCH.tsv	f68r1	AI1	UNMATCHED	AI2	C_LABEL_0123	RIGHT_ONLY		HLABEL_f68r1_3D6B2625DDF2	UNMATCHED
LABEL	research/astro_spatial_annotation_ai_b2/AI1_AI2_LABEL_MATCH.tsv	f68r1	AI1	UNMATCHED	AI2	C_LABEL_0124	RIGHT_ONLY		HLABEL_f68r1_DFF24B62022E	UNMATCHED
LABEL	research/astro_spatial_annotation_ai_b2/AI1_AI2_LABEL_MATCH.tsv	f68r1	AI1	UNMATCHED	AI2	C_LABEL_0125	RIGHT_ONLY		HLABEL_f68r1_7D234AA4C3E7	UNMATCHED
LABEL	research/astro_spatial_annotation_ai_b2/AI1_AI2_LABEL_MATCH.tsv	f68r1	AI1	UNMATCHED	AI2	C_LABEL_0126	RIGHT_ONLY		HLABEL_f68r1_33425633A973	UNMATCHED
LABEL	research/astro_spatial_annotation_ai_b2/AI1_AI2_LABEL_MATCH.tsv	f68r2	AI1	UNMATCHED	AI2	C_LABEL_0128	RIGHT_ONLY		HLABEL_f68r2_A571F9EABA43	UNMATCHED
LABEL	research/astro_spatial_annotation_ai_b2/AI1_AI2_LABEL_MATCH.tsv	f68r2	AI1	UNMATCHED	AI2	C_LABEL_0129	RIGHT_ONLY		HLABEL_f68r2_A621DBC6538C	UNMATCHED
LABEL	research/astro_spatial_annotation_ai_b2/AI1_AI2_LABEL_MATCH.tsv	f68r2	AI1	UNMATCHED	AI2	C_LABEL_0130	RIGHT_ONLY		HLABEL_f68r2_2AF63A1E1D01	UNMATCHED
LABEL	research/astro_spatial_annotation_ai_b2/AI1_AI2_LABEL_MATCH.tsv	f68r2	AI1	UNMATCHED	AI2	C_LABEL_0131	RIGHT_ONLY		HLABEL_f68r2_4AF032B08034	UNMATCHED
LABEL	research/astro_spatial_annotation_ai_b2/AI1_AI2_LABEL_MATCH.tsv	f68r2	AI1	UNMATCHED	AI2	C_LABEL_0132	RIGHT_ONLY		HLABEL_f68r2_9A03D65FDD83	UNMATCHED
LABEL	research/astro_spatial_annotation_ai_b2/AI1_AI2_LABEL_MATCH.tsv	f68r2	AI1	UNMATCHED	AI2	C_LABEL_0152	RIGHT_ONLY		HLABEL_f68r2_280AA6C2E597	UNMATCHED
LABEL	research/astro_spatial_annotation_ai_b2/AI1_AI2_LABEL_MATCH.tsv	f68r2	AI1	UNMATCHED	AI2	C_LABEL_0154	RIGHT_ONLY		HLABEL_f68r2_E54E22DD90B7	UNMATCHED
LABEL	research/astro_spatial_annotation_ai_b2/AI1_AI2_LABEL_MATCH.tsv	f68r2	AI1	UNMATCHED	AI2	C_LABEL_0156	RIGHT_ONLY		HLABEL_f68r2_29B446230B4F	UNMATCHED
LABEL	research/astro_spatial_annotation_ai_b2/AI1_AI2_LABEL_MATCH.tsv	f68r2	AI1	UNMATCHED	AI2	C_LABEL_0160	RIGHT_ONLY		HLABEL_f68r2_EA78C1FA4B7A	UNMATCHED
LABEL	research/astro_spatial_annotation_ai_b2/AI1_AI2_LABEL_MATCH.tsv	f68r3	AI1	UNMATCHED	AI2	C_LABEL_0161	RIGHT_ONLY		HLABEL_f68r3_C14838DBD11C	UNMATCHED
LABEL	research/astro_spatial_annotation_ai_b2/AI1_AI2_LABEL_MATCH.tsv	f68r3	AI1	UNMATCHED	AI2	C_LABEL_0162	RIGHT_ONLY		HLABEL_f68r3_45BF62F0A08A	UNMATCHED
LABEL	research/astro_spatial_annotation_ai_b2/AI1_AI2_LABEL_MATCH.tsv	f68r3	AI1	UNMATCHED	AI2	C_LABEL_0164	RIGHT_ONLY		HLABEL_f68r3_9915A6D9710D	UNMATCHED
LABEL	research/astro_spatial_annotation_ai_b2/AI1_AI2_LABEL_MATCH.tsv	f68r3	AI1	UNMATCHED	AI2	C_LABEL_0165	RIGHT_ONLY		HLABEL_f68r3_605AEBF1F790	UNMATCHED
LABEL	research/astro_spatial_annotation_ai_b2/AI1_AI2_LABEL_MATCH.tsv	f68r3	AI1	UNMATCHED	AI2	C_LABEL_0166	RIGHT_ONLY		HLABEL_f68r3_26829C8B0ED5	UNMATCHED
LABEL	research/astro_spatial_annotation_ai_b2/AI1_AI2_LABEL_MATCH.tsv	f68r3	AI1	UNMATCHED	AI2	C_LABEL_0167	RIGHT_ONLY		HLABEL_f68r3_379FBFD2857F	UNMATCHED
LABEL	research/astro_spatial_annotation_ai_b2/AI1_AI2_LABEL_MATCH.tsv	f68r3	AI1	UNMATCHED	AI2	C_LABEL_0168	RIGHT_ONLY		HLABEL_f68r3_C217BD43FE7F	UNMATCHED
LABEL	research/astro_spatial_annotation_ai_b2/AI1_AI2_LABEL_MATCH.tsv	f68r3	AI1	UNMATCHED	AI2	C_LABEL_0169	RIGHT_ONLY		HLABEL_f68r3_D1A7C209B256	UNMATCHED
LABEL	research/astro_spatial_annotation_ai_b2/AI1_AI2_LABEL_MATCH.tsv	f68r3	AI1	UNMATCHED	AI2	C_LABEL_0171	RIGHT_ONLY		HLABEL_f68r3_7B9685B49E9E	UNMATCHED
LABEL	research/astro_spatial_annotation_ai_b2/AI1_AI2_LABEL_MATCH.tsv	f68r3	AI1	UNMATCHED	AI2	C_LABEL_0173	RIGHT_ONLY		HLABEL_f68r3_88FB8B593A8F	UNMATCHED
LABEL	research/astro_spatial_annotation_ai_b2/AI1_AI2_LABEL_MATCH.tsv	f68r3	AI1	UNMATCHED	AI2	C_LABEL_0174	RIGHT_ONLY		HLABEL_f68r3_A00EED599C13	UNMATCHED
LABEL	research/astro_spatial_annotation_ai_b2/AI1_AI2_LABEL_MATCH.tsv	f68v1	AI1	UNMATCHED	AI2	C_LABEL_0178	RIGHT_ONLY		HLABEL_f68v1_1A0FC4F6687F	UNMATCHED
LABEL	research/astro_spatial_annotation_ai_b2/AI1_AI2_LABEL_MATCH.tsv	f68v1	AI1	UNMATCHED	AI2	C_LABEL_0179	RIGHT_ONLY		HLABEL_f68v1_2D0B8B36FB6B	UNMATCHED
LABEL	research/astro_spatial_annotation_ai_b2/AI1_AI2_LABEL_MATCH.tsv	f68v1	AI1	UNMATCHED	AI2	C_LABEL_0181	RIGHT_ONLY		HLABEL_f68v1_83AB15E2C1DF	UNMATCHED
LABEL	research/astro_spatial_annotation_ai_b2/AI1_AI2_LABEL_MATCH.tsv	f68v1	AI1	UNMATCHED	AI2	C_LABEL_0183	RIGHT_ONLY		HLABEL_f68v1_3B985EFBA4D9	UNMATCHED
LABEL	research/astro_spatial_annotation_ai_b2/AI1_AI2_LABEL_MATCH.tsv	f68v1	AI1	UNMATCHED	AI2	C_LABEL_0184	RIGHT_ONLY		HLABEL_f68v1_773C7F0133D9	UNMATCHED
LABEL	research/astro_spatial_annotation_ai_b2/AI1_AI2_LABEL_MATCH.tsv	f68v2	AI1	UNMATCHED	AI2	C_LABEL_0187	RIGHT_ONLY		HLABEL_f68v2_7BC2043F576E	UNMATCHED
LABEL	research/astro_spatial_annotation_ai_b2/AI1_AI2_LABEL_MATCH.tsv	f68v2	AI1	UNMATCHED	AI2	C_LABEL_0189	RIGHT_ONLY		HLABEL_f68v2_FED60C049EF9	UNMATCHED
LABEL	research/astro_spatial_annotation_ai_b2/AI1_AI2_LABEL_MATCH.tsv	f68v2	AI1	UNMATCHED	AI2	C_LABEL_0190	RIGHT_ONLY		HLABEL_f68v2_707719269B9F	UNMATCHED
LABEL	research/astro_spatial_annotation_ai_b2/AI1_AI2_LABEL_MATCH.tsv	f68v2	AI1	UNMATCHED	AI2	C_LABEL_0191	RIGHT_ONLY		HLABEL_f68v2_3DDAB4661B11	UNMATCHED
LABEL	research/astro_spatial_annotation_ai_b2/AI1_AI2_LABEL_MATCH.tsv	f68v2	AI1	UNMATCHED	AI2	C_LABEL_0192	RIGHT_ONLY		HLABEL_f68v2_0277AB7E601B	UNMATCHED
LABEL	research/astro_spatial_annotation_ai_b2/AI1_AI2_LABEL_MATCH.tsv	f68v2	AI1	UNMATCHED	AI2	C_LABEL_0193	RIGHT_ONLY		HLABEL_f68v2_5841614B31EA	UNMATCHED
LABEL	research/astro_spatial_annotation_ai_b2/AI1_AI2_LABEL_MATCH.tsv	f68v2	AI1	UNMATCHED	AI2	C_LABEL_0195	RIGHT_ONLY		HLABEL_f68v2_17C981533F6B	UNMATCHED
LABEL	research/astro_spatial_annotation_ai_b2/AI1_AI2_LABEL_MATCH.tsv	f68v2	AI1	UNMATCHED	AI2	C_LABEL_0198	RIGHT_ONLY		HLABEL_f68v2_3FD7D70C919C	UNMATCHED
LABEL	research/astro_spatial_annotation_ai_b2/AI1_AI2_LABEL_MATCH.tsv	f68v2	AI1	UNMATCHED	AI2	C_LABEL_0199	RIGHT_ONLY		HLABEL_f68v2_68E26AD04CAC	UNMATCHED
LABEL	research/astro_spatial_annotation_ai_b2/AI1_AI2_LABEL_MATCH.tsv	f68v2	AI1	UNMATCHED	AI2	C_LABEL_0200	RIGHT_ONLY		HLABEL_f68v2_533D8B8F06AA	UNMATCHED
LABEL	research/astro_spatial_annotation_ai_b2/AI1_AI2_LABEL_MATCH.tsv	f68v2	AI1	UNMATCHED	AI2	C_LABEL_0201	RIGHT_ONLY		HLABEL_f68v2_58C681AB5A9D	UNMATCHED
LABEL	research/astro_spatial_annotation_ai_b2/AI1_AI2_LABEL_MATCH.tsv	f68v2	AI1	UNMATCHED	AI2	C_LABEL_0202	RIGHT_ONLY		HLABEL_f68v2_45C0BF90FDF4	UNMATCHED
LABEL	research/astro_spatial_annotation_ai_b2/AI1_AI2_LABEL_MATCH.tsv	f68v2	AI1	UNMATCHED	AI2	C_LABEL_0203	RIGHT_ONLY		HLABEL_f68v2_4AE564F92E73	UNMATCHED
LABEL	research/astro_spatial_annotation_ai_b2/AI1_AI2_LABEL_MATCH.tsv	f68v2	AI1	UNMATCHED	AI2	C_LABEL_0204	RIGHT_ONLY		HLABEL_f68v2_EDCB974B57FF	UNMATCHED
LABEL	research/astro_spatial_annotation_ai_b2/AI1_AI2_LABEL_MATCH.tsv	f68v2	AI1	UNMATCHED	AI2	C_LABEL_0205	RIGHT_ONLY		HLABEL_f68v2_38B41870C8E6	UNMATCHED
LABEL	research/astro_spatial_annotation_ai_b2/AI1_AI2_LABEL_MATCH.tsv	f68v2	AI1	UNMATCHED	AI2	C_LABEL_0206	RIGHT_ONLY		HLABEL_f68v2_ADA942B7A8F9	UNMATCHED
