canonical_identity_id	canonical_identity_name	attestation_id	attested_form	normalized_form	language	script	transliteration_system	source_title	source_author	source_date_start	source_date_end	manuscript_or_edition	folio_or_entry	source_url_or_local_reference	source_type	historically_attested	editorial_reconstruction	confidence	notes
STAR_ACHERNAR	Achernar / alpha Eridani	HIST_STAR_ATT_0001	akhir al-nahr	akhir al nahr	ARABIC	ARABIC_TRANSLIT	DIN_31635	Kitab Suwar al-Kawakib al-Thabita (Book of the Fixed Stars)	Abd al-Rahman al-Sufi	964	964	MS Bodleian Marsh 144 (dated 1009/1010 AD) / ed. H.C.F.C. Schjellerup (St. Petersburg 1874)	fol. 102r	https://digital.bodleian.ox.ac.uk/objects/91c13149-14a0-431c-b636-2244bb6da5a6/	PRIMARY_MANUSCRIPT_AND_CRITICAL_EDITION	YES	NO	HIGH	al-Sufi end of the river
STAR_ACHERNAR	Achernar / alpha Eridani	HIST_STAR_ATT_0002	acarnar	acarnar	LATINIZED_ARABIC	LATIN	MEDIEVAL_LATIN_DIRECT	Libros del Saber de Astronomia (Libro de las estrellas fixas)	Alfonso X el Sabio, Yehuda ben Moshe, Rabichag / ed. M. Rico y Sinobas	1252	1270	MS Madrid Univ. Complutense 156; ed. Manuel Rico y Sinobas (Madrid 1863), Vols. I-II	Vol. I, p. 142	http://alfonsox.org/libros-del-saber-de-astronomia/	PRIMARY_MANUSCRIPT_AND_CRITICAL_EDITION	YES	NO	HIGH	Alfonsine Castilian adaptation
STAR_ACHERNAR	Achernar / alpha Eridani	HIST_STAR_ATT_0003	postrema fluminis	postrema fluminis	LATIN	LATIN	MEDIEVAL_LATIN_DIRECT	Almagestum Cl. Ptolemei Pheludiensis (De stellis fixis)	Claudius Ptolemaeus (Gerard of Cremona trans.) / P. Kunitzsch (ed.)	1175	1175	MS Paris BnF lat. 16200; printed Peter Liechtenstein, Venice 1515; ed. Kunitzsch (1974)	Liechtenstein 1515, fol. 88v	Kunitzsch (1974), Der Almagest: Die Syntaxis Mathematica in arabisch-lateinischer Uberlieferung	CRITICAL_EDITION	YES	NO	HIGH	Gerard of Cremona Latin translation of Ptolemy
STAR_ACRAB	Acrab / beta Scorpii	HIST_STAR_ATT_0004	al-‘aqrab	al aqrab	ARABIC	ARABIC_TRANSLIT	DIN_31635	Astrolabe Rete Inscriptions (Inv. 47632)	Anonymous Syrian or Mesopotamian metalsmith	890	900	History of Science Museum, Oxford, Inventory 47632	Rete pointer 11	https://www.mhs.ox.ac.uk/astrolabe/catalogue/reteReport/Astrolabe_ID=131.html	HISTORICAL_EPIGRAPHY	YES	NO	HIGH	9th-c. Syrian astrolabe rete
STAR_ACRAB	Acrab / beta Scorpii	HIST_STAR_ATT_0005	acrab	acrab	LATINIZED_ARABIC	LATIN	MEDIEVAL_LATIN_DIRECT	Typen von Sternverzeichnissen: Type III (Johannes Hispalensis / John of Seville)	Johannes Hispalensis (John of Seville) / P. Kunitzsch (ed.)	1140	1150	MS Paris BnF lat. 16208; ed. Kunitzsch (1966) pp. 31-46	Type III, Entry 14	Kunitzsch (1966), Typen von Sternverzeichnissen, pp. 31-46	CRITICAL_EDITION	YES	NO	HIGH	John of Seville star list
STAR_ACRAB	Acrab / beta Scorpii	HIST_STAR_ATT_0006	graffias	graffias	LATIN	LATIN	MEDIEVAL_LATIN_DIRECT	Vienna Astrolabe Star Table (MS Vienna ONB 5415)	Johannes von Gmunden / Vienna Astronomical School	1435	1445	Osterreichische Nationalbibliothek, Cod. 5415, fols. 168r-172v	fol. 170r	Kunitzsch (1966), Typen von Sternverzeichnissen, Type XV	PRIMARY_MANUSCRIPT_AND_CRITICAL_EDITION	YES	NO	MEDIUM	Medieval scholastic gloss for scorpion claw
STAR_ACUBENS	Acubens / alpha Cancri	HIST_STAR_ATT_0007	al-zubānā	al zubana	ARABIC	ARABIC_TRANSLIT	DIN_31635	Kitab Suwar al-Kawakib al-Thabita (Book of the Fixed Stars)	Abd al-Rahman al-Sufi	964	964	MS Bodleian Marsh 144 (dated 1009/1010 AD) / ed. H.C.F.C. Schjellerup (St. Petersburg 1874)	fol. 68r	https://digital.bodleian.ox.ac.uk/objects/91c13149-14a0-431c-b636-2244bb6da5a6/	PRIMARY_MANUSCRIPT_AND_CRITICAL_EDITION	YES	NO	HIGH	al-Sufi claws of cancer
STAR_ACUBENS	Acubens / alpha Cancri	HIST_STAR_ATT_0008	acubens	acubens	LATINIZED_ARABIC	LATIN	MEDIEVAL_LATIN_DIRECT	Libros del Saber de Astronomia (Libro de las estrellas fixas)	Alfonso X el Sabio, Yehuda ben Moshe, Rabichag / ed. M. Rico y Sinobas	1252	1270	MS Madrid Univ. Complutense 156; ed. Manuel Rico y Sinobas (Madrid 1863), Vols. I-II	Vol. I, p. 88	http://alfonsox.org/libros-del-saber-de-astronomia/	PRIMARY_MANUSCRIPT_AND_CRITICAL_EDITION	YES	NO	HIGH	Alfonsine table
STAR_ACUBENS	Acubens / alpha Cancri	HIST_STAR_ATT_0009	sertan	sertan	OLD_CASTILIAN	LATIN	MEDIEVAL_LATIN_DIRECT	Libros del Saber de Astronomia (Libro de las estrellas fixas)	Alfonso X el Sabio, Yehuda ben Moshe, Rabichag / ed. M. Rico y Sinobas	1252	1270	MS Madrid Univ. Complutense 156; ed. Manuel Rico y Sinobas (Madrid 1863), Vols. I-II	Vol. II, p. 34	http://alfonsox.org/libros-del-saber-de-astronomia/	PRIMARY_MANUSCRIPT_AND_CRITICAL_EDITION	YES	NO	HIGH	Castilian form of Arabic al-saratan
STAR_ALBIREO	Albireo / beta Cygni	HIST_STAR_ATT_0010	minqār al-dajāja	minqar al dajaja	ARABIC	ARABIC_TRANSLIT	DIN_31635	Kitab Suwar al-Kawakib al-Thabita (Book of the Fixed Stars)	Abd al-Rahman al-Sufi	964	964	MS Bodleian Marsh 144 (dated 1009/1010 AD) / ed. H.C.F.C. Schjellerup (St. Petersburg 1874)	fol. 48v	https://digital.bodleian.ox.ac.uk/objects/91c13149-14a0-431c-b636-2244bb6da5a6/	PRIMARY_MANUSCRIPT_AND_CRITICAL_EDITION	YES	NO	HIGH	al-Sufi beak of the hen
STAR_ALBIREO	Albireo / beta Cygni	HIST_STAR_ATT_0011	abireo	abireo	LATINIZED_ARABIC	LATIN	MEDIEVAL_LATIN_DIRECT	Almagestum Cl. Ptolemei Pheludiensis (De stellis fixis)	Claudius Ptolemaeus (Gerard of Cremona trans.) / P. Kunitzsch (ed.)	1175	1175	MS Paris BnF lat. 16200; printed Peter Liechtenstein, Venice 1515; ed. Kunitzsch (1974)	fol. 79r	Kunitzsch (1974), Der Almagest: Die Syntaxis Mathematica in arabisch-lateinischer Uberlieferung	CRITICAL_EDITION	YES	NO	HIGH	Medieval corruption of ab ireo in 1515 print
STAR_ALBIREO	Albireo / beta Cygni	HIST_STAR_ATT_0012	rostrum gallinae	rostrum gallinae	LATIN	LATIN	MEDIEVAL_LATIN_DIRECT	Almagestum Cl. Ptolemei Pheludiensis (De stellis fixis)	Claudius Ptolemaeus (Gerard of Cremona trans.) / P. Kunitzsch (ed.)	1175	1175	MS Paris BnF lat. 16200; printed Peter Liechtenstein, Venice 1515; ed. Kunitzsch (1974)	fol. 79r	Kunitzsch (1974), Der Almagest: Die Syntaxis Mathematica in arabisch-lateinischer Uberlieferung	CRITICAL_EDITION	YES	NO	HIGH	Gerard of Cremona literal translation
STAR_ALCHIBA	Alchiba / alpha Corvi	HIST_STAR_ATT_0013	al-khibā’	al khiba	ARABIC	ARABIC_TRANSLIT	DIN_31635	Kitab Suwar al-Kawakib al-Thabita (Book of the Fixed Stars)	Abd al-Rahman al-Sufi	964	964	MS Bodleian Marsh 144 (dated 1009/1010 AD) / ed. H.C.F.C. Schjellerup (St. Petersburg 1874)	fol. 118v	https://digital.bodleian.ox.ac.uk/objects/91c13149-14a0-431c-b636-2244bb6da5a6/	PRIMARY_MANUSCRIPT_AND_CRITICAL_EDITION	YES	NO	HIGH	al-Sufi the tent
STAR_ALCHIBA	Alchiba / alpha Corvi	HIST_STAR_ATT_0014	alchiba	alchiba	LATINIZED_ARABIC	LATIN	MEDIEVAL_LATIN_DIRECT	Typen von Sternverzeichnissen: Type II (Pseudo-Messahalla Star List)	Pseudo-Messahalla / P. Kunitzsch (ed.)	1150	1200	MS London BL Arundel 268; ed. Kunitzsch (1966) pp. 23-30	Type II, Entry 18	Kunitzsch (1966), Typen von Sternverzeichnissen, pp. 23-30	CRITICAL_EDITION	YES	NO	HIGH	Pseudo-Messahalla astrolabe star list
STAR_ALCHIBA	Alchiba / alpha Corvi	HIST_STAR_ATT_0015	tentorium	tentorium	LATIN	LATIN	MEDIEVAL_LATIN_DIRECT	Almagestum Cl. Ptolemei Pheludiensis (De stellis fixis)	Claudius Ptolemaeus (Gerard of Cremona trans.) / P. Kunitzsch (ed.)	1175	1175	MS Paris BnF lat. 16200; printed Peter Liechtenstein, Venice 1515; ed. Kunitzsch (1974)	fol. 91v	Kunitzsch (1974), Der Almagest: Die Syntaxis Mathematica in arabisch-lateinischer Uberlieferung	CRITICAL_EDITION	YES	NO	HIGH	Gerard of Cremona translation
STAR_ALCOR	Alcor / 80 Ursae Majoris	HIST_STAR_ATT_0016	al-suhā	al suha	ARABIC	ARABIC_TRANSLIT	DIN_31635	Kitab Suwar al-Kawakib al-Thabita (Book of the Fixed Stars)	Abd al-Rahman al-Sufi	964	964	MS Bodleian Marsh 144 (dated 1009/1010 AD) / ed. H.C.F.C. Schjellerup (St. Petersburg 1874)	fol. 28r	https://digital.bodleian.ox.ac.uk/objects/91c13149-14a0-431c-b636-2244bb6da5a6/	PRIMARY_MANUSCRIPT_AND_CRITICAL_EDITION	YES	NO	HIGH	al-Sufi the forgotten / neglected star
STAR_ALCOR	Alcor / 80 Ursae Majoris	HIST_STAR_ATT_0017	alcor	alcor	LATINIZED_ARABIC	LATIN	MEDIEVAL_LATIN_DIRECT	Libros del Saber de Astronomia (Libro de las estrellas fixas)	Alfonso X el Sabio, Yehuda ben Moshe, Rabichag / ed. M. Rico y Sinobas	1252	1270	MS Madrid Univ. Complutense 156; ed. Manuel Rico y Sinobas (Madrid 1863), Vols. I-II	Vol. I, p. 55	http://alfonsox.org/libros-del-saber-de-astronomia/	PRIMARY_MANUSCRIPT_AND_CRITICAL_EDITION	YES	NO	HIGH	Alfonsine tables corruption of al-jawr/al-suha
STAR_ALCOR	Alcor / 80 Ursae Majoris	HIST_STAR_ATT_0018	eques stellula	eques stellula	LATIN	LATIN	MEDIEVAL_LATIN_DIRECT	Vienna Astrolabe Star Table (MS Vienna ONB 5415)	Johannes von Gmunden / Vienna Astronomical School	1435	1445	Osterreichische Nationalbibliothek, Cod. 5415, fols. 168r-172v	fol. 169v	Kunitzsch (1966), Typen von Sternverzeichnissen, Type XV	PRIMARY_MANUSCRIPT_AND_CRITICAL_EDITION	YES	NO	MEDIUM	Medieval rider star gloss
STAR_ALDEBARAN	Aldebaran / alpha Tauri	HIST_STAR_ATT_0019	al-dabarān	al dabaran	ARABIC	ARABIC_TRANSLIT	DIN_31635	Astrolabe Rete Inscriptions (Inv. 47632)	Anonymous Syrian or Mesopotamian metalsmith	890	900	History of Science Museum, Oxford, Inventory 47632	Rete pointer 4	https://www.mhs.ox.ac.uk/astrolabe/catalogue/reteReport/Astrolabe_ID=131.html	HISTORICAL_EPIGRAPHY	YES	NO	HIGH	9th-c. Syrian astrolabe
STAR_ALDEBARAN	Aldebaran / alpha Tauri	HIST_STAR_ATT_0020	aldebaran	aldebaran	LATINIZED_ARABIC	LATIN	MEDIEVAL_LATIN_DIRECT	Astrolabe Rete Inscriptions (T.1959.62)	Anonymous Moorish metalsmith (13th-c. replacement rete)	1200	1300	National Museums Scotland, Edinburgh, T.1959.62	Pointer 3	https://www.nms.ac.uk/discover-catalogue/a-1000-year-old-star-catcher	HISTORICAL_EPIGRAPHY	YES	NO	HIGH	13th-c. rete star table
STAR_ALDEBARAN	Aldebaran / alpha Tauri	HIST_STAR_ATT_0021	aldebaram	aldebaram	MIDDLE_ENGLISH_AND_LATIN	LATIN	MEDIEVAL_LATIN_DIRECT	A Treatise on the Astrolabe (Part II, Tabula stellarum fixarum)	Geoffrey Chaucer / ed. W.W. Skeat	1391	1391	MS Cambridge Dd.3.53, MS Bodley 619; ed. W.W. Skeat (1872), Chaucer Society	Part II, table entry 8	https://chaucer.fas.harvard.edu/pages/treatise-astrolabe	CRITICAL_EDITION	YES	NO	HIGH	Chaucer Astrolabe table
STAR_ALDEBARAN	Aldebaran / alpha Tauri	HIST_STAR_ATT_0022	oculus tauri	oculus tauri	LATIN	LATIN	MEDIEVAL_LATIN_DIRECT	Almagestum Cl. Ptolemei Pheludiensis (De stellis fixis)	Claudius Ptolemaeus (Gerard of Cremona trans.) / P. Kunitzsch (ed.)	1175	1175	MS Paris BnF lat. 16200; printed Peter Liechtenstein, Venice 1515; ed. Kunitzsch (1974)	fol. 81r	Kunitzsch (1974), Der Almagest: Die Syntaxis Mathematica in arabisch-lateinischer Uberlieferung	CRITICAL_EDITION	YES	NO	HIGH	Gerard of Cremona Latin translation
STAR_ALDERAMIN	Alderamin / alpha Cephei	HIST_STAR_ATT_0023	al-dhirā‘ al-yamīn	al dhira al yamin	ARABIC	ARABIC_TRANSLIT	DIN_31635	Kitab Suwar al-Kawakib al-Thabita (Book of the Fixed Stars)	Abd al-Rahman al-Sufi	964	964	MS Bodleian Marsh 144 (dated 1009/1010 AD) / ed. H.C.F.C. Schjellerup (St. Petersburg 1874)	fol. 34r	https://digital.bodleian.ox.ac.uk/objects/91c13149-14a0-431c-b636-2244bb6da5a6/	PRIMARY_MANUSCRIPT_AND_CRITICAL_EDITION	YES	NO	HIGH	al-Sufi right arm of Cepheus
STAR_ALDERAMIN	Alderamin / alpha Cephei	HIST_STAR_ATT_0024	alderamin	alderamin	LATINIZED_ARABIC	LATIN	MEDIEVAL_LATIN_DIRECT	Libros del Saber de Astronomia (Libro de las estrellas fixas)	Alfonso X el Sabio, Yehuda ben Moshe, Rabichag / ed. M. Rico y Sinobas	1252	1270	MS Madrid Univ. Complutense 156; ed. Manuel Rico y Sinobas (Madrid 1863), Vols. I-II	Vol. I, p. 48	http://alfonsox.org/libros-del-saber-de-astronomia/	PRIMARY_MANUSCRIPT_AND_CRITICAL_EDITION	YES	NO	HIGH	Alfonsine table
STAR_ALDERAMIN	Alderamin / alpha Cephei	HIST_STAR_ATT_0025	brachium dextrum	brachium dextrum	LATIN	LATIN	MEDIEVAL_LATIN_DIRECT	Almagestum Cl. Ptolemei Pheludiensis (De stellis fixis)	Claudius Ptolemaeus (Gerard of Cremona trans.) / P. Kunitzsch (ed.)	1175	1175	MS Paris BnF lat. 16200; printed Peter Liechtenstein, Venice 1515; ed. Kunitzsch (1974)	fol. 76v	Kunitzsch (1974), Der Almagest: Die Syntaxis Mathematica in arabisch-lateinischer Uberlieferung	CRITICAL_EDITION	YES	NO	HIGH	Gerard of Cremona
STAR_ALGENIB	Algenib / gamma Pegasi	HIST_STAR_ATT_0026	al-janb	al janb	ARABIC	ARABIC_TRANSLIT	DIN_31635	Kitab Suwar al-Kawakib al-Thabita (Book of the Fixed Stars)	Abd al-Rahman al-Sufi	964	964	MS Bodleian Marsh 144 (dated 1009/1010 AD) / ed. H.C.F.C. Schjellerup (St. Petersburg 1874)	fol. 52r	https://digital.bodleian.ox.ac.uk/objects/91c13149-14a0-431c-b636-2244bb6da5a6/	PRIMARY_MANUSCRIPT_AND_CRITICAL_EDITION	YES	NO	HIGH	al-Sufi the flank / side
STAR_ALGENIB	Algenib / gamma Pegasi	HIST_STAR_ATT_0027	algenib	algenib	LATINIZED_ARABIC	LATIN	MEDIEVAL_LATIN_DIRECT	Typen von Sternverzeichnissen: Type III (Johannes Hispalensis / John of Seville)	Johannes Hispalensis (John of Seville) / P. Kunitzsch (ed.)	1140	1150	MS Paris BnF lat. 16208; ed. Kunitzsch (1966) pp. 31-46	Type III, Entry 7	Kunitzsch (1966), Typen von Sternverzeichnissen, pp. 31-46	CRITICAL_EDITION	YES	NO	HIGH	John of Seville
STAR_ALGENIB	Algenib / gamma Pegasi	HIST_STAR_ATT_0028	humerus pegasi	humerus pegasi	LATIN	LATIN	MEDIEVAL_LATIN_DIRECT	Almagestum Cl. Ptolemei Pheludiensis (De stellis fixis)	Claudius Ptolemaeus (Gerard of Cremona trans.) / P. Kunitzsch (ed.)	1175	1175	MS Paris BnF lat. 16200; printed Peter Liechtenstein, Venice 1515; ed. Kunitzsch (1974)	fol. 80v	Kunitzsch (1974), Der Almagest: Die Syntaxis Mathematica in arabisch-lateinischer Uberlieferung	CRITICAL_EDITION	YES	NO	HIGH	Gerard of Cremona
STAR_ALGIEBA	Algieba / gamma Leonis	HIST_STAR_ATT_0029	al-jabha	al jabha	ARABIC	ARABIC_TRANSLIT	DIN_31635	Kitab Suwar al-Kawakib al-Thabita (Book of the Fixed Stars)	Abd al-Rahman al-Sufi	964	964	MS Bodleian Marsh 144 (dated 1009/1010 AD) / ed. H.C.F.C. Schjellerup (St. Petersburg 1874)	fol. 70v	https://digital.bodleian.ox.ac.uk/objects/91c13149-14a0-431c-b636-2244bb6da5a6/	PRIMARY_MANUSCRIPT_AND_CRITICAL_EDITION	YES	NO	HIGH	al-Sufi the forehead
STAR_ALGIEBA	Algieba / gamma Leonis	HIST_STAR_ATT_0030	algieba	algieba	LATINIZED_ARABIC	LATIN	MEDIEVAL_LATIN_DIRECT	Libros del Saber de Astronomia (Libro de las estrellas fixas)	Alfonso X el Sabio, Yehuda ben Moshe, Rabichag / ed. M. Rico y Sinobas	1252	1270	MS Madrid Univ. Complutense 156; ed. Manuel Rico y Sinobas (Madrid 1863), Vols. I-II	Vol. I, p. 95	http://alfonsox.org/libros-del-saber-de-astronomia/	PRIMARY_MANUSCRIPT_AND_CRITICAL_EDITION	YES	NO	HIGH	Alfonsine table
STAR_ALGIEBA	Algieba / gamma Leonis	HIST_STAR_ATT_0031	frons leonis	frons leonis	LATIN	LATIN	MEDIEVAL_LATIN_DIRECT	Almagestum Cl. Ptolemei Pheludiensis (De stellis fixis)	Claudius Ptolemaeus (Gerard of Cremona trans.) / P. Kunitzsch (ed.)	1175	1175	MS Paris BnF lat. 16200; printed Peter Liechtenstein, Venice 1515; ed. Kunitzsch (1974)	fol. 83v	Kunitzsch (1974), Der Almagest: Die Syntaxis Mathematica in arabisch-lateinischer Uberlieferung	CRITICAL_EDITION	YES	NO	HIGH	Gerard of Cremona
STAR_ALGOL	Algol / beta Persei	HIST_STAR_ATT_0032	ra’s al-ghūl	ras al ghul	ARABIC	ARABIC_TRANSLIT	DIN_31635	Astrolabe Rete Inscriptions (Inv. 47632)	Anonymous Syrian or Mesopotamian metalsmith	890	900	History of Science Museum, Oxford, Inventory 47632	Pointer 2	https://www.mhs.ox.ac.uk/astrolabe/catalogue/reteReport/Astrolabe_ID=131.html	HISTORICAL_EPIGRAPHY	YES	NO	HIGH	9th-c. Syrian astrolabe
STAR_ALGOL	Algol / beta Persei	HIST_STAR_ATT_0033	ghūl	ghul	ARABIC	ARABIC_TRANSLIT	DIN_31635	Astrolabe Rete Inscriptions (T.1959.62)	Anonymous Moorish metalsmith (13th-c. replacement rete)	1200	1300	National Museums Scotland, Edinburgh, T.1959.62	Pointer 1	https://www.nms.ac.uk/discover-catalogue/a-1000-year-old-star-catcher	HISTORICAL_EPIGRAPHY	YES	NO	HIGH	13th-c. Edinburgh rete
STAR_ALGOL	Algol / beta Persei	HIST_STAR_ATT_0034	algol	algol	MIDDLE_ENGLISH_AND_LATIN	LATIN	MEDIEVAL_LATIN_DIRECT	A Treatise on the Astrolabe (Part II, Tabula stellarum fixarum)	Geoffrey Chaucer / ed. W.W. Skeat	1391	1391	MS Cambridge Dd.3.53, MS Bodley 619; ed. W.W. Skeat (1872), Chaucer Society	Part II, table entry 5	https://chaucer.fas.harvard.edu/pages/treatise-astrolabe	CRITICAL_EDITION	YES	NO	HIGH	Chaucer Astrolabe table
STAR_ALGOL	Algol / beta Persei	HIST_STAR_ATT_0035	caput medusae	caput medusae	LATIN	LATIN	MEDIEVAL_LATIN_DIRECT	Almagestum Cl. Ptolemei Pheludiensis (De stellis fixis)	Claudius Ptolemaeus (Gerard of Cremona trans.) / P. Kunitzsch (ed.)	1175	1175	MS Paris BnF lat. 16200; printed Peter Liechtenstein, Venice 1515; ed. Kunitzsch (1974)	fol. 77r	Kunitzsch (1974), Der Almagest: Die Syntaxis Mathematica in arabisch-lateinischer Uberlieferung	CRITICAL_EDITION	YES	NO	HIGH	Gerard of Cremona
STAR_ALGORAB	Algorab / delta Corvi	HIST_STAR_ATT_0036	al-ghurāb	al ghurab	ARABIC	ARABIC_TRANSLIT	DIN_31635	Kitab Suwar al-Kawakib al-Thabita (Book of the Fixed Stars)	Abd al-Rahman al-Sufi	964	964	MS Bodleian Marsh 144 (dated 1009/1010 AD) / ed. H.C.F.C. Schjellerup (St. Petersburg 1874)	fol. 119r	https://digital.bodleian.ox.ac.uk/objects/91c13149-14a0-431c-b636-2244bb6da5a6/	PRIMARY_MANUSCRIPT_AND_CRITICAL_EDITION	YES	NO	HIGH	al-Sufi the raven
STAR_ALGORAB	Algorab / delta Corvi	HIST_STAR_ATT_0037	algorab	algorab	LATINIZED_ARABIC	LATIN	MEDIEVAL_LATIN_DIRECT	Typen von Sternverzeichnissen: Type III (Johannes Hispalensis / John of Seville)	Johannes Hispalensis (John of Seville) / P. Kunitzsch (ed.)	1140	1150	MS Paris BnF lat. 16208; ed. Kunitzsch (1966) pp. 31-46	Type III, Entry 17	Kunitzsch (1966), Typen von Sternverzeichnissen, pp. 31-46	CRITICAL_EDITION	YES	NO	HIGH	John of Seville
STAR_ALGORAB	Algorab / delta Corvi	HIST_STAR_ATT_0038	ala corvi	ala corvi	LATIN	LATIN	MEDIEVAL_LATIN_DIRECT	Almagestum Cl. Ptolemei Pheludiensis (De stellis fixis)	Claudius Ptolemaeus (Gerard of Cremona trans.) / P. Kunitzsch (ed.)	1175	1175	MS Paris BnF lat. 16200; printed Peter Liechtenstein, Venice 1515; ed. Kunitzsch (1974)	fol. 91v	Kunitzsch (1974), Der Almagest: Die Syntaxis Mathematica in arabisch-lateinischer Uberlieferung	CRITICAL_EDITION	YES	NO	HIGH	Gerard of Cremona
STAR_ALHENA	Alhena / gamma Geminorum	HIST_STAR_ATT_0039	al-han‘a	al hana	ARABIC	ARABIC_TRANSLIT	DIN_31635	Kitab Suwar al-Kawakib al-Thabita (Book of the Fixed Stars)	Abd al-Rahman al-Sufi	964	964	MS Bodleian Marsh 144 (dated 1009/1010 AD) / ed. H.C.F.C. Schjellerup (St. Petersburg 1874)	fol. 66r	https://digital.bodleian.ox.ac.uk/objects/91c13149-14a0-431c-b636-2244bb6da5a6/	PRIMARY_MANUSCRIPT_AND_CRITICAL_EDITION	YES	NO	HIGH	al-Sufi the brand-mark
STAR_ALHENA	Alhena / gamma Geminorum	HIST_STAR_ATT_0040	alhena	alhena	LATINIZED_ARABIC	LATIN	MEDIEVAL_LATIN_DIRECT	Libros del Saber de Astronomia (Libro de las estrellas fixas)	Alfonso X el Sabio, Yehuda ben Moshe, Rabichag / ed. M. Rico y Sinobas	1252	1270	MS Madrid Univ. Complutense 156; ed. Manuel Rico y Sinobas (Madrid 1863), Vols. I-II	Vol. I, p. 82	http://alfonsox.org/libros-del-saber-de-astronomia/	PRIMARY_MANUSCRIPT_AND_CRITICAL_EDITION	YES	NO	HIGH	Alfonsine table
STAR_ALHENA	Alhena / gamma Geminorum	HIST_STAR_ATT_0041	nota pedis	nota pedis	LATIN	LATIN	MEDIEVAL_LATIN_DIRECT	Almagestum Cl. Ptolemei Pheludiensis (De stellis fixis)	Claudius Ptolemaeus (Gerard of Cremona trans.) / P. Kunitzsch (ed.)	1175	1175	MS Paris BnF lat. 16200; printed Peter Liechtenstein, Venice 1515; ed. Kunitzsch (1974)	fol. 82r	Kunitzsch (1974), Der Almagest: Die Syntaxis Mathematica in arabisch-lateinischer Uberlieferung	CRITICAL_EDITION	YES	NO	HIGH	Gerard of Cremona
STAR_ALIOTH	Alioth / epsilon Ursae Majoris	HIST_STAR_ATT_0042	al-yalyah	al yalyah	ARABIC	ARABIC_TRANSLIT	DIN_31635	Kitab Suwar al-Kawakib al-Thabita (Book of the Fixed Stars)	Abd al-Rahman al-Sufi	964	964	MS Bodleian Marsh 144 (dated 1009/1010 AD) / ed. H.C.F.C. Schjellerup (St. Petersburg 1874)	fol. 27v	https://digital.bodleian.ox.ac.uk/objects/91c13149-14a0-431c-b636-2244bb6da5a6/	PRIMARY_MANUSCRIPT_AND_CRITICAL_EDITION	YES	NO	HIGH	al-Sufi fat tail of the sheep
STAR_ALIOTH	Alioth / epsilon Ursae Majoris	HIST_STAR_ATT_0043	alioth	alioth	MIDDLE_ENGLISH_AND_LATIN	LATIN	MEDIEVAL_LATIN_DIRECT	A Treatise on the Astrolabe (Part II, Tabula stellarum fixarum)	Geoffrey Chaucer / ed. W.W. Skeat	1391	1391	MS Cambridge Dd.3.53, MS Bodley 619; ed. W.W. Skeat (1872), Chaucer Society	Part II, table entry 24	https://chaucer.fas.harvard.edu/pages/treatise-astrolabe	CRITICAL_EDITION	YES	NO	HIGH	Chaucer Astrolabe table
STAR_ALIOTH	Alioth / epsilon Ursae Majoris	HIST_STAR_ATT_0044	alyat	alyat	LATINIZED_ARABIC	LATIN	MEDIEVAL_LATIN_DIRECT	Typen von Sternverzeichnissen: Type II (Pseudo-Messahalla Star List)	Pseudo-Messahalla / P. Kunitzsch (ed.)	1150	1200	MS London BL Arundel 268; ed. Kunitzsch (1966) pp. 23-30	Type II, Entry 8	Kunitzsch (1966), Typen von Sternverzeichnissen, pp. 23-30	CRITICAL_EDITION	YES	NO	HIGH	Pseudo-Messahalla
STAR_ALIOTH	Alioth / epsilon Ursae Majoris	HIST_STAR_ATT_0045	cauda ursae	cauda ursae	LATIN	LATIN	MEDIEVAL_LATIN_DIRECT	Almagestum Cl. Ptolemei Pheludiensis (De stellis fixis)	Claudius Ptolemaeus (Gerard of Cremona trans.) / P. Kunitzsch (ed.)	1175	1175	MS Paris BnF lat. 16200; printed Peter Liechtenstein, Venice 1515; ed. Kunitzsch (1974)	fol. 74r	Kunitzsch (1974), Der Almagest: Die Syntaxis Mathematica in arabisch-lateinischer Uberlieferung	CRITICAL_EDITION	YES	NO	HIGH	Gerard of Cremona
STAR_ALKAID	Alkaid / eta Ursae Majoris	HIST_STAR_ATT_0046	al-qā’id	al qaid	ARABIC	ARABIC_TRANSLIT	DIN_31635	Kitab Suwar al-Kawakib al-Thabita (Book of the Fixed Stars)	Abd al-Rahman al-Sufi	964	964	MS Bodleian Marsh 144 (dated 1009/1010 AD) / ed. H.C.F.C. Schjellerup (St. Petersburg 1874)	fol. 28r	https://digital.bodleian.ox.ac.uk/objects/91c13149-14a0-431c-b636-2244bb6da5a6/	PRIMARY_MANUSCRIPT_AND_CRITICAL_EDITION	YES	NO	HIGH	al-Sufi the leader
STAR_ALKAID	Alkaid / eta Ursae Majoris	HIST_STAR_ATT_0047	banāt na‘sh	banat nash	ARABIC	ARABIC_TRANSLIT	DIN_31635	Astrolabe Rete Inscriptions (T.1959.62)	Anonymous Moorish metalsmith (13th-c. replacement rete)	1200	1300	National Museums Scotland, Edinburgh, T.1959.62	Pointer 10	https://www.nms.ac.uk/discover-catalogue/a-1000-year-old-star-catcher	HISTORICAL_EPIGRAPHY	YES	NO	HIGH	13th-c. Edinburgh rete
STAR_ALKAID	Alkaid / eta Ursae Majoris	HIST_STAR_ATT_0048	benetnasch	benetnasch	LATINIZED_ARABIC	LATIN	MEDIEVAL_LATIN_DIRECT	Libros del Saber de Astronomia (Libro de las estrellas fixas)	Alfonso X el Sabio, Yehuda ben Moshe, Rabichag / ed. M. Rico y Sinobas	1252	1270	MS Madrid Univ. Complutense 156; ed. Manuel Rico y Sinobas (Madrid 1863), Vols. I-II	Vol. I, p. 54	http://alfonsox.org/libros-del-saber-de-astronomia/	PRIMARY_MANUSCRIPT_AND_CRITICAL_EDITION	YES	NO	HIGH	Alfonsine tables
STAR_ALKAID	Alkaid / eta Ursae Majoris	HIST_STAR_ATT_0049	elkeid	elkeid	MIDDLE_ENGLISH_AND_LATIN	LATIN	MEDIEVAL_LATIN_DIRECT	A Treatise on the Astrolabe (Part II, Tabula stellarum fixarum)	Geoffrey Chaucer / ed. W.W. Skeat	1391	1391	MS Cambridge Dd.3.53, MS Bodley 619; ed. W.W. Skeat (1872), Chaucer Society	Part II, table entry 26	https://chaucer.fas.harvard.edu/pages/treatise-astrolabe	CRITICAL_EDITION	YES	NO	HIGH	Chaucer Astrolabe table
STAR_ALMACH	Almach / gamma Andromedae	HIST_STAR_ATT_0050	‘anāq al-arḍ	anaq al ard	ARABIC	ARABIC_TRANSLIT	DIN_31635	Kitab Suwar al-Kawakib al-Thabita (Book of the Fixed Stars)	Abd al-Rahman al-Sufi	964	964	MS Bodleian Marsh 144 (dated 1009/1010 AD) / ed. H.C.F.C. Schjellerup (St. Petersburg 1874)	fol. 54v	https://digital.bodleian.ox.ac.uk/objects/91c13149-14a0-431c-b636-2244bb6da5a6/	PRIMARY_MANUSCRIPT_AND_CRITICAL_EDITION	YES	NO	HIGH	al-Sufi desert lynx / caracal
STAR_ALMACH	Almach / gamma Andromedae	HIST_STAR_ATT_0051	alamak	alamak	LATINIZED_ARABIC	LATIN	MEDIEVAL_LATIN_DIRECT	Typen von Sternverzeichnissen: Type III (Johannes Hispalensis / John of Seville)	Johannes Hispalensis (John of Seville) / P. Kunitzsch (ed.)	1140	1150	MS Paris BnF lat. 16208; ed. Kunitzsch (1966) pp. 31-46	Type III, Entry 4	Kunitzsch (1966), Typen von Sternverzeichnissen, pp. 31-46	CRITICAL_EDITION	YES	NO	HIGH	John of Seville
STAR_ALMACH	Almach / gamma Andromedae	HIST_STAR_ATT_0052	alamech	alamech	MIDDLE_ENGLISH_AND_LATIN	LATIN	MEDIEVAL_LATIN_DIRECT	A Treatise on the Astrolabe (Part II, Tabula stellarum fixarum)	Geoffrey Chaucer / ed. W.W. Skeat	1391	1391	MS Cambridge Dd.3.53, MS Bodley 619; ed. W.W. Skeat (1872), Chaucer Society	Part II, table entry 6	https://chaucer.fas.harvard.edu/pages/treatise-astrolabe	CRITICAL_EDITION	YES	NO	HIGH	Chaucer Astrolabe table
STAR_ALMACH	Almach / gamma Andromedae	HIST_STAR_ATT_0053	pedica andromedae	pedica andromedae	LATIN	LATIN	MEDIEVAL_LATIN_DIRECT	Almagestum Cl. Ptolemei Pheludiensis (De stellis fixis)	Claudius Ptolemaeus (Gerard of Cremona trans.) / P. Kunitzsch (ed.)	1175	1175	MS Paris BnF lat. 16200; printed Peter Liechtenstein, Venice 1515; ed. Kunitzsch (1974)	fol. 81r	Kunitzsch (1974), Der Almagest: Die Syntaxis Mathematica in arabisch-lateinischer Uberlieferung	CRITICAL_EDITION	YES	NO	HIGH	Gerard of Cremona
STAR_ALNAIR	Alnair / alpha Gruis	HIST_STAR_ATT_0054	al-nayyir	al nayyir	ARABIC	ARABIC_TRANSLIT	DIN_31635	Kitab Suwar al-Kawakib al-Thabita (Book of the Fixed Stars)	Abd al-Rahman al-Sufi	964	964	MS Bodleian Marsh 144 (dated 1009/1010 AD) / ed. H.C.F.C. Schjellerup (St. Petersburg 1874)	fol. 126r	https://digital.bodleian.ox.ac.uk/objects/91c13149-14a0-431c-b636-2244bb6da5a6/	PRIMARY_MANUSCRIPT_AND_CRITICAL_EDITION	YES	NO	HIGH	al-Sufi the bright one
STAR_ALNAIR	Alnair / alpha Gruis	HIST_STAR_ATT_0055	alnair	alnair	LATINIZED_ARABIC	LATIN	MEDIEVAL_LATIN_DIRECT	Libros del Saber de Astronomia (Libro de las estrellas fixas)	Alfonso X el Sabio, Yehuda ben Moshe, Rabichag / ed. M. Rico y Sinobas	1252	1270	MS Madrid Univ. Complutense 156; ed. Manuel Rico y Sinobas (Madrid 1863), Vols. I-II	Vol. I, p. 165	http://alfonsox.org/libros-del-saber-de-astronomia/	PRIMARY_MANUSCRIPT_AND_CRITICAL_EDITION	YES	NO	HIGH	Alfonsine Castilian
STAR_ALNAIR	Alnair / alpha Gruis	HIST_STAR_ATT_0056	lucida gruis	lucida gruis	LATIN	LATIN	MEDIEVAL_LATIN_DIRECT	Vienna Astrolabe Star Table (MS Vienna ONB 5415)	Johannes von Gmunden / Vienna Astronomical School	1435	1445	Osterreichische Nationalbibliothek, Cod. 5415, fols. 168r-172v	fol. 171r	Kunitzsch (1966), Typen von Sternverzeichnissen, Type XV	PRIMARY_MANUSCRIPT_AND_CRITICAL_EDITION	YES	NO	MEDIUM	Late medieval Latin designation
STAR_ALNATH	Alnath / beta Tauri	HIST_STAR_ATT_0057	al-naṭḥ	al nath	ARABIC	ARABIC_TRANSLIT	DIN_31635	Kitab Suwar al-Kawakib al-Thabita (Book of the Fixed Stars)	Abd al-Rahman al-Sufi	964	964	MS Bodleian Marsh 144 (dated 1009/1010 AD) / ed. H.C.F.C. Schjellerup (St. Petersburg 1874)	fol. 60v	https://digital.bodleian.ox.ac.uk/objects/91c13149-14a0-431c-b636-2244bb6da5a6/	PRIMARY_MANUSCRIPT_AND_CRITICAL_EDITION	YES	NO	HIGH	al-Sufi the butting horn
STAR_ALNATH	Alnath / beta Tauri	HIST_STAR_ATT_0058	alnath	alnath	LATINIZED_ARABIC	LATIN	MEDIEVAL_LATIN_DIRECT	Typen von Sternverzeichnissen: Type II (Pseudo-Messahalla Star List)	Pseudo-Messahalla / P. Kunitzsch (ed.)	1150	1200	MS London BL Arundel 268; ed. Kunitzsch (1966) pp. 23-30	Type II, Entry 5	Kunitzsch (1966), Typen von Sternverzeichnissen, pp. 23-30	CRITICAL_EDITION	YES	NO	HIGH	Pseudo-Messahalla
STAR_ALNATH	Alnath / beta Tauri	HIST_STAR_ATT_0059	cornu tauri	cornu tauri	LATIN	LATIN	MEDIEVAL_LATIN_DIRECT	Almagestum Cl. Ptolemei Pheludiensis (De stellis fixis)	Claudius Ptolemaeus (Gerard of Cremona trans.) / P. Kunitzsch (ed.)	1175	1175	MS Paris BnF lat. 16200; printed Peter Liechtenstein, Venice 1515; ed. Kunitzsch (1974)	fol. 81v	Kunitzsch (1974), Der Almagest: Die Syntaxis Mathematica in arabisch-lateinischer Uberlieferung	CRITICAL_EDITION	YES	NO	HIGH	Gerard of Cremona
STAR_ALNILAM	Alnilam / epsilon Orionis	HIST_STAR_ATT_0060	al-niẓām	al nizam	ARABIC	ARABIC_TRANSLIT	DIN_31635	Kitab Suwar al-Kawakib al-Thabita (Book of the Fixed Stars)	Abd al-Rahman al-Sufi	964	964	MS Bodleian Marsh 144 (dated 1009/1010 AD) / ed. H.C.F.C. Schjellerup (St. Petersburg 1874)	fol. 98r	https://digital.bodleian.ox.ac.uk/objects/91c13149-14a0-431c-b636-2244bb6da5a6/	PRIMARY_MANUSCRIPT_AND_CRITICAL_EDITION	YES	NO	HIGH	al-Sufi string of pearls
STAR_ALNILAM	Alnilam / epsilon Orionis	HIST_STAR_ATT_0061	alnilam	alnilam	LATINIZED_ARABIC	LATIN	MEDIEVAL_LATIN_DIRECT	Libros del Saber de Astronomia (Libro de las estrellas fixas)	Alfonso X el Sabio, Yehuda ben Moshe, Rabichag / ed. M. Rico y Sinobas	1252	1270	MS Madrid Univ. Complutense 156; ed. Manuel Rico y Sinobas (Madrid 1863), Vols. I-II	Vol. I, p. 128	http://alfonsox.org/libros-del-saber-de-astronomia/	PRIMARY_MANUSCRIPT_AND_CRITICAL_EDITION	YES	NO	HIGH	Alfonsine table
STAR_ALNILAM	Alnilam / epsilon Orionis	HIST_STAR_ATT_0062	balteus orionis	balteus orionis	LATIN	LATIN	MEDIEVAL_LATIN_DIRECT	Almagestum Cl. Ptolemei Pheludiensis (De stellis fixis)	Claudius Ptolemaeus (Gerard of Cremona trans.) / P. Kunitzsch (ed.)	1175	1175	MS Paris BnF lat. 16200; printed Peter Liechtenstein, Venice 1515; ed. Kunitzsch (1974)	fol. 87v	Kunitzsch (1974), Der Almagest: Die Syntaxis Mathematica in arabisch-lateinischer Uberlieferung	CRITICAL_EDITION	YES	NO	HIGH	Gerard of Cremona
STAR_ALNITAK	Alnitak / zeta Orionis	HIST_STAR_ATT_0063	al-niṭāq	al nitaq	ARABIC	ARABIC_TRANSLIT	DIN_31635	Kitab Suwar al-Kawakib al-Thabita (Book of the Fixed Stars)	Abd al-Rahman al-Sufi	964	964	MS Bodleian Marsh 144 (dated 1009/1010 AD) / ed. H.C.F.C. Schjellerup (St. Petersburg 1874)	fol. 98v	https://digital.bodleian.ox.ac.uk/objects/91c13149-14a0-431c-b636-2244bb6da5a6/	PRIMARY_MANUSCRIPT_AND_CRITICAL_EDITION	YES	NO	HIGH	al-Sufi the girdle
STAR_ALNITAK	Alnitak / zeta Orionis	HIST_STAR_ATT_0064	alnitak	alnitak	LATINIZED_ARABIC	LATIN	MEDIEVAL_LATIN_DIRECT	Libros del Saber de Astronomia (Libro de las estrellas fixas)	Alfonso X el Sabio, Yehuda ben Moshe, Rabichag / ed. M. Rico y Sinobas	1252	1270	MS Madrid Univ. Complutense 156; ed. Manuel Rico y Sinobas (Madrid 1863), Vols. I-II	Vol. I, p. 129	http://alfonsox.org/libros-del-saber-de-astronomia/	PRIMARY_MANUSCRIPT_AND_CRITICAL_EDITION	YES	NO	HIGH	Alfonsine table
STAR_ALNITAK	Alnitak / zeta Orionis	HIST_STAR_ATT_0065	cingulum orionis	cingulum orionis	LATIN	LATIN	MEDIEVAL_LATIN_DIRECT	Almagestum Cl. Ptolemei Pheludiensis (De stellis fixis)	Claudius Ptolemaeus (Gerard of Cremona trans.) / P. Kunitzsch (ed.)	1175	1175	MS Paris BnF lat. 16200; printed Peter Liechtenstein, Venice 1515; ed. Kunitzsch (1974)	fol. 87v	Kunitzsch (1974), Der Almagest: Die Syntaxis Mathematica in arabisch-lateinischer Uberlieferung	CRITICAL_EDITION	YES	NO	HIGH	Gerard of Cremona
STAR_ALPHARD	Alphard / alpha Hydrae	HIST_STAR_ATT_0066	al-fard	al fard	ARABIC	ARABIC_TRANSLIT	DIN_31635	Kitab Suwar al-Kawakib al-Thabita (Book of the Fixed Stars)	Abd al-Rahman al-Sufi	964	964	MS Bodleian Marsh 144 (dated 1009/1010 AD) / ed. H.C.F.C. Schjellerup (St. Petersburg 1874)	fol. 116r	https://digital.bodleian.ox.ac.uk/objects/91c13149-14a0-431c-b636-2244bb6da5a6/	PRIMARY_MANUSCRIPT_AND_CRITICAL_EDITION	YES	NO	HIGH	al-Sufi the solitary one
STAR_ALPHARD	Alphard / alpha Hydrae	HIST_STAR_ATT_0067	alphart	alphart	MIDDLE_ENGLISH_AND_LATIN	LATIN	MEDIEVAL_LATIN_DIRECT	A Treatise on the Astrolabe (Part II, Tabula stellarum fixarum)	Geoffrey Chaucer / ed. W.W. Skeat	1391	1391	MS Cambridge Dd.3.53, MS Bodley 619; ed. W.W. Skeat (1872), Chaucer Society	Part II, table entry 19	https://chaucer.fas.harvard.edu/pages/treatise-astrolabe	CRITICAL_EDITION	YES	NO	HIGH	Chaucer Astrolabe table
STAR_ALPHARD	Alphard / alpha Hydrae	HIST_STAR_ATT_0068	cor hydrae	cor hydrae	LATIN	LATIN	MEDIEVAL_LATIN_DIRECT	Almagestum Cl. Ptolemei Pheludiensis (De stellis fixis)	Claudius Ptolemaeus (Gerard of Cremona trans.) / P. Kunitzsch (ed.)	1175	1175	MS Paris BnF lat. 16200; printed Peter Liechtenstein, Venice 1515; ed. Kunitzsch (1974)	fol. 90v	Kunitzsch (1974), Der Almagest: Die Syntaxis Mathematica in arabisch-lateinischer Uberlieferung	CRITICAL_EDITION	YES	NO	HIGH	Gerard of Cremona
STAR_ALPHECCA	Alphecca / alpha Coronae Borealis	HIST_STAR_ATT_0069	al-fakka	al fakka	ARABIC	ARABIC_TRANSLIT	DIN_31635	Astrolabe Rete Inscriptions (Inv. 47632)	Anonymous Syrian or Mesopotamian metalsmith	890	900	History of Science Museum, Oxford, Inventory 47632	Pointer 9	https://www.mhs.ox.ac.uk/astrolabe/catalogue/reteReport/Astrolabe_ID=131.html	HISTORICAL_EPIGRAPHY	YES	NO	HIGH	9th-c. Syrian astrolabe
STAR_ALPHECCA	Alphecca / alpha Coronae Borealis	HIST_STAR_ATT_0070	alfacca	alfacca	MIDDLE_ENGLISH_AND_LATIN	LATIN	MEDIEVAL_LATIN_DIRECT	A Treatise on the Astrolabe (Part II, Tabula stellarum fixarum)	Geoffrey Chaucer / ed. W.W. Skeat	1391	1391	MS Cambridge Dd.3.53, MS Bodley 619; ed. W.W. Skeat (1872), Chaucer Society	Part II, table entry 27	https://chaucer.fas.harvard.edu/pages/treatise-astrolabe	CRITICAL_EDITION	YES	NO	HIGH	Chaucer Astrolabe table
STAR_ALPHECCA	Alphecca / alpha Coronae Borealis	HIST_STAR_ATT_0071	gemma	gemma	LATIN	LATIN	MEDIEVAL_LATIN_DIRECT	Astrolabe Rete Inscriptions (Inv. 41468)	Anonymous French metalsmith	1390	1410	History of Science Museum, Oxford, Inventory 41468	Pointer 14	https://www.mhs.ox.ac.uk/astrolabe/catalogue/reteReport/Astrolabe_ID=237.html	HISTORICAL_EPIGRAPHY	YES	NO	HIGH	ca. 1400 Oxford astrolabe
STAR_ALPHECCA	Alphecca / alpha Coronae Borealis	HIST_STAR_ATT_0072	margarita	margarita	LATIN	LATIN	MEDIEVAL_LATIN_DIRECT	Almagestum Cl. Ptolemei Pheludiensis (De stellis fixis)	Claudius Ptolemaeus (Gerard of Cremona trans.) / P. Kunitzsch (ed.)	1175	1175	MS Paris BnF lat. 16200; printed Peter Liechtenstein, Venice 1515; ed. Kunitzsch (1974)	fol. 75v	Kunitzsch (1974), Der Almagest: Die Syntaxis Mathematica in arabisch-lateinischer Uberlieferung	CRITICAL_EDITION	YES	NO	HIGH	Gerard of Cremona
STAR_ALPHERATZ	Alpheratz / alpha Andromedae	HIST_STAR_ATT_0073	surrat al-faras	surrat al faras	ARABIC	ARABIC_TRANSLIT	DIN_31635	Kitab Suwar al-Kawakib al-Thabita (Book of the Fixed Stars)	Abd al-Rahman al-Sufi	964	964	MS Bodleian Marsh 144 (dated 1009/1010 AD) / ed. H.C.F.C. Schjellerup (St. Petersburg 1874)	fol. 53r	https://digital.bodleian.ox.ac.uk/objects/91c13149-14a0-431c-b636-2244bb6da5a6/	PRIMARY_MANUSCRIPT_AND_CRITICAL_EDITION	YES	NO	HIGH	al-Sufi navel of the horse
STAR_ALPHERATZ	Alpheratz / alpha Andromedae	HIST_STAR_ATT_0074	alferatz	alferatz	LATINIZED_ARABIC	LATIN	MEDIEVAL_LATIN_DIRECT	Typen von Sternverzeichnissen: Type III (Johannes Hispalensis / John of Seville)	Johannes Hispalensis (John of Seville) / P. Kunitzsch (ed.)	1140	1150	MS Paris BnF lat. 16208; ed. Kunitzsch (1966) pp. 31-46	Type III, Entry 3	Kunitzsch (1966), Typen von Sternverzeichnissen, pp. 31-46	CRITICAL_EDITION	YES	NO	HIGH	John of Seville
STAR_ALPHERATZ	Alpheratz / alpha Andromedae	HIST_STAR_ATT_0075	sirrah	sirrah	LATINIZED_ARABIC	LATIN	MEDIEVAL_LATIN_DIRECT	Libros del Saber de Astronomia (Libro de las estrellas fixas)	Alfonso X el Sabio, Yehuda ben Moshe, Rabichag / ed. M. Rico y Sinobas	1252	1270	MS Madrid Univ. Complutense 156; ed. Manuel Rico y Sinobas (Madrid 1863), Vols. I-II	Vol. I, p. 61	http://alfonsox.org/libros-del-saber-de-astronomia/	PRIMARY_MANUSCRIPT_AND_CRITICAL_EDITION	YES	NO	HIGH	Alfonsine table
STAR_ALPHERATZ	Alpheratz / alpha Andromedae	HIST_STAR_ATT_0076	umbilicus equi	umbilicus equi	LATIN	LATIN	MEDIEVAL_LATIN_DIRECT	Almagestum Cl. Ptolemei Pheludiensis (De stellis fixis)	Claudius Ptolemaeus (Gerard of Cremona trans.) / P. Kunitzsch (ed.)	1175	1175	MS Paris BnF lat. 16200; printed Peter Liechtenstein, Venice 1515; ed. Kunitzsch (1974)	fol. 80v	Kunitzsch (1974), Der Almagest: Die Syntaxis Mathematica in arabisch-lateinischer Uberlieferung	CRITICAL_EDITION	YES	NO	HIGH	Gerard of Cremona
STAR_ALPHIRK	Alphirk / beta Cephei	HIST_STAR_ATT_0077	al-firq	al firq	ARABIC	ARABIC_TRANSLIT	DIN_31635	Kitab Suwar al-Kawakib al-Thabita (Book of the Fixed Stars)	Abd al-Rahman al-Sufi	964	964	MS Bodleian Marsh 144 (dated 1009/1010 AD) / ed. H.C.F.C. Schjellerup (St. Petersburg 1874)	fol. 34v	https://digital.bodleian.ox.ac.uk/objects/91c13149-14a0-431c-b636-2244bb6da5a6/	PRIMARY_MANUSCRIPT_AND_CRITICAL_EDITION	YES	NO	HIGH	al-Sufi the flock
STAR_ALPHIRK	Alphirk / beta Cephei	HIST_STAR_ATT_0078	alphirk	alphirk	LATINIZED_ARABIC	LATIN	MEDIEVAL_LATIN_DIRECT	Libros del Saber de Astronomia (Libro de las estrellas fixas)	Alfonso X el Sabio, Yehuda ben Moshe, Rabichag / ed. M. Rico y Sinobas	1252	1270	MS Madrid Univ. Complutense 156; ed. Manuel Rico y Sinobas (Madrid 1863), Vols. I-II	Vol. I, p. 49	http://alfonsox.org/libros-del-saber-de-astronomia/	PRIMARY_MANUSCRIPT_AND_CRITICAL_EDITION	YES	NO	HIGH	Alfonsine table
STAR_ALPHIRK	Alphirk / beta Cephei	HIST_STAR_ATT_0079	cingulum cephei	cingulum cephei	LATIN	LATIN	MEDIEVAL_LATIN_DIRECT	Almagestum Cl. Ptolemei Pheludiensis (De stellis fixis)	Claudius Ptolemaeus (Gerard of Cremona trans.) / P. Kunitzsch (ed.)	1175	1175	MS Paris BnF lat. 16200; printed Peter Liechtenstein, Venice 1515; ed. Kunitzsch (1974)	fol. 76v	Kunitzsch (1974), Der Almagest: Die Syntaxis Mathematica in arabisch-lateinischer Uberlieferung	CRITICAL_EDITION	YES	NO	HIGH	Gerard of Cremona
STAR_ALRISHA	Alrisha / alpha Piscium	HIST_STAR_ATT_0080	al-rishā’	al risha	ARABIC	ARABIC_TRANSLIT	DIN_31635	Kitab Suwar al-Kawakib al-Thabita (Book of the Fixed Stars)	Abd al-Rahman al-Sufi	964	964	MS Bodleian Marsh 144 (dated 1009/1010 AD) / ed. H.C.F.C. Schjellerup (St. Petersburg 1874)	fol. 88r	https://digital.bodleian.ox.ac.uk/objects/91c13149-14a0-431c-b636-2244bb6da5a6/	PRIMARY_MANUSCRIPT_AND_CRITICAL_EDITION	YES	NO	HIGH	al-Sufi the cord / well-rope
STAR_ALRISHA	Alrisha / alpha Piscium	HIST_STAR_ATT_0081	alrisha	alrisha	LATINIZED_ARABIC	LATIN	MEDIEVAL_LATIN_DIRECT	Libros del Saber de Astronomia (Libro de las estrellas fixas)	Alfonso X el Sabio, Yehuda ben Moshe, Rabichag / ed. M. Rico y Sinobas	1252	1270	MS Madrid Univ. Complutense 156; ed. Manuel Rico y Sinobas (Madrid 1863), Vols. I-II	Vol. I, p. 112	http://alfonsox.org/libros-del-saber-de-astronomia/	PRIMARY_MANUSCRIPT_AND_CRITICAL_EDITION	YES	NO	HIGH	Alfonsine table
STAR_ALRISHA	Alrisha / alpha Piscium	HIST_STAR_ATT_0082	nodus piscium	nodus piscium	LATIN	LATIN	MEDIEVAL_LATIN_DIRECT	Almagestum Cl. Ptolemei Pheludiensis (De stellis fixis)	Claudius Ptolemaeus (Gerard of Cremona trans.) / P. Kunitzsch (ed.)	1175	1175	MS Paris BnF lat. 16200; printed Peter Liechtenstein, Venice 1515; ed. Kunitzsch (1974)	fol. 86r	Kunitzsch (1974), Der Almagest: Die Syntaxis Mathematica in arabisch-lateinischer Uberlieferung	CRITICAL_EDITION	YES	NO	HIGH	Gerard of Cremona knot of the fishes
STAR_ALTAIR	Altair / alpha Aquilae	HIST_STAR_ATT_0083	al-ṭā’ir	al tair	ARABIC	ARABIC_TRANSLIT	DIN_31635	Astrolabe Rete Inscriptions (Inv. 47632)	Anonymous Syrian or Mesopotamian metalsmith	890	900	History of Science Museum, Oxford, Inventory 47632	Pointer 14	https://www.mhs.ox.ac.uk/astrolabe/catalogue/reteReport/Astrolabe_ID=131.html	HISTORICAL_EPIGRAPHY	YES	NO	HIGH	9th-c. Syrian astrolabe
STAR_ALTAIR	Altair / alpha Aquilae	HIST_STAR_ATT_0084	altair	altair	MIDDLE_ENGLISH_AND_LATIN	LATIN	MEDIEVAL_LATIN_DIRECT	A Treatise on the Astrolabe (Part II, Tabula stellarum fixarum)	Geoffrey Chaucer / ed. W.W. Skeat	1391	1391	MS Cambridge Dd.3.53, MS Bodley 619; ed. W.W. Skeat (1872), Chaucer Society	Part II, table entry 38	https://chaucer.fas.harvard.edu/pages/treatise-astrolabe	CRITICAL_EDITION	YES	NO	HIGH	Chaucer Astrolabe table
STAR_ALTAIR	Altair / alpha Aquilae	HIST_STAR_ATT_0085	vultur volans	vultur volans	LATIN	LATIN	MEDIEVAL_LATIN_DIRECT	Almagestum Cl. Ptolemei Pheludiensis (De stellis fixis)	Claudius Ptolemaeus (Gerard of Cremona trans.) / P. Kunitzsch (ed.)	1175	1175	MS Paris BnF lat. 16200; printed Peter Liechtenstein, Venice 1515; ed. Kunitzsch (1974)	fol. 78v	Kunitzsch (1974), Der Almagest: Die Syntaxis Mathematica in arabisch-lateinischer Uberlieferung	CRITICAL_EDITION	YES	NO	HIGH	Gerard of Cremona
STAR_ALTAIR	Altair / alpha Aquilae	HIST_STAR_ATT_0086	aquila volans	aquila volans	LATIN	LATIN	MEDIEVAL_LATIN_DIRECT	Astrolabe Rete Inscriptions (Inv. 41468)	Anonymous French metalsmith	1390	1410	History of Science Museum, Oxford, Inventory 41468	Pointer 18	https://www.mhs.ox.ac.uk/astrolabe/catalogue/reteReport/Astrolabe_ID=237.html	HISTORICAL_EPIGRAPHY	YES	NO	HIGH	ca. 1400 Oxford astrolabe
STAR_ANTARES	Antares / alpha Scorpii	HIST_STAR_ATT_0087	qalb al-‘aqrab	qalb al aqrab	ARABIC	ARABIC_TRANSLIT	DIN_31635	Astrolabe Rete Inscriptions (Inv. 47632)	Anonymous Syrian or Mesopotamian metalsmith	890	900	History of Science Museum, Oxford, Inventory 47632	Pointer 12	https://www.mhs.ox.ac.uk/astrolabe/catalogue/reteReport/Astrolabe_ID=131.html	HISTORICAL_EPIGRAPHY	YES	NO	HIGH	9th-c. Syrian astrolabe
STAR_ANTARES	Antares / alpha Scorpii	HIST_STAR_ATT_0088	calbalacrab	calbalacrab	MIDDLE_ENGLISH_AND_LATIN	LATIN	MEDIEVAL_LATIN_DIRECT	A Treatise on the Astrolabe (Part II, Tabula stellarum fixarum)	Geoffrey Chaucer / ed. W.W. Skeat	1391	1391	MS Cambridge Dd.3.53, MS Bodley 619; ed. W.W. Skeat (1872), Chaucer Society	Part II, table entry 32	https://chaucer.fas.harvard.edu/pages/treatise-astrolabe	CRITICAL_EDITION	YES	NO	HIGH	Chaucer Astrolabe table
STAR_ANTARES	Antares / alpha Scorpii	HIST_STAR_ATT_0089	cor scorpionis	cor scorpionis	LATIN	LATIN	MEDIEVAL_LATIN_DIRECT	Almagestum Cl. Ptolemei Pheludiensis (De stellis fixis)	Claudius Ptolemaeus (Gerard of Cremona trans.) / P. Kunitzsch (ed.)	1175	1175	MS Paris BnF lat. 16200; printed Peter Liechtenstein, Venice 1515; ed. Kunitzsch (1974)	fol. 85r	Kunitzsch (1974), Der Almagest: Die Syntaxis Mathematica in arabisch-lateinischer Uberlieferung	CRITICAL_EDITION	YES	NO	HIGH	Gerard of Cremona
STAR_ANTARES	Antares / alpha Scorpii	HIST_STAR_ATT_0090	antares	antares	LATIN	LATIN	MEDIEVAL_LATIN_DIRECT	Vienna Astrolabe Star Table (MS Vienna ONB 5415)	Johannes von Gmunden / Vienna Astronomical School	1435	1445	Osterreichische Nationalbibliothek, Cod. 5415, fols. 168r-172v	fol. 170v	Kunitzsch (1966), Typen von Sternverzeichnissen, Type XV	PRIMARY_MANUSCRIPT_AND_CRITICAL_EDITION	YES	NO	HIGH	Vienna star table
STAR_ARCTURUS	Arcturus / alpha Bootis	HIST_STAR_ATT_0091	al-rāmiḥ	al ramih	ARABIC	ARABIC_TRANSLIT	DIN_31635	Astrolabe Rete Inscriptions (Inv. 47632)	Anonymous Syrian or Mesopotamian metalsmith	890	900	History of Science Museum, Oxford, Inventory 47632	Pointer 8	https://www.mhs.ox.ac.uk/astrolabe/catalogue/reteReport/Astrolabe_ID=131.html	HISTORICAL_EPIGRAPHY	YES	NO	HIGH	9th-c. Syrian astrolabe
STAR_ARCTURUS	Arcturus / alpha Bootis	HIST_STAR_ATT_0092	alramech	alramech	MIDDLE_ENGLISH_AND_LATIN	LATIN	MEDIEVAL_LATIN_DIRECT	A Treatise on the Astrolabe (Part II, Tabula stellarum fixarum)	Geoffrey Chaucer / ed. W.W. Skeat	1391	1391	MS Cambridge Dd.3.53, MS Bodley 619; ed. W.W. Skeat (1872), Chaucer Society	Part II, table entry 25	https://chaucer.fas.harvard.edu/pages/treatise-astrolabe	CRITICAL_EDITION	YES	NO	HIGH	Chaucer Astrolabe table
STAR_ARCTURUS	Arcturus / alpha Bootis	HIST_STAR_ATT_0093	arcturus	arcturus	LATIN	LATIN	MEDIEVAL_LATIN_DIRECT	Almagestum Cl. Ptolemei Pheludiensis (De stellis fixis)	Claudius Ptolemaeus (Gerard of Cremona trans.) / P. Kunitzsch (ed.)	1175	1175	MS Paris BnF lat. 16200; printed Peter Liechtenstein, Venice 1515; ed. Kunitzsch (1974)	fol. 75r	Kunitzsch (1974), Der Almagest: Die Syntaxis Mathematica in arabisch-lateinischer Uberlieferung	CRITICAL_EDITION	YES	NO	HIGH	Gerard of Cremona
STAR_ARCTURUS	Arcturus / alpha Bootis	HIST_STAR_ATT_0094	custos arcti	custos arcti	LATIN	LATIN	MEDIEVAL_LATIN_DIRECT	Astrolabe Rete Inscriptions (Inv. 41468)	Anonymous French metalsmith	1390	1410	History of Science Museum, Oxford, Inventory 41468	Pointer 13	https://www.mhs.ox.ac.uk/astrolabe/catalogue/reteReport/Astrolabe_ID=237.html	HISTORICAL_EPIGRAPHY	YES	NO	HIGH	ca. 1400 Oxford astrolabe
STAR_ARKAB	Arkab / alpha Sagittarii	HIST_STAR_ATT_0095	‘urqūb al-rāmī	urqub al rami	ARABIC	ARABIC_TRANSLIT	DIN_31635	Kitab Suwar al-Kawakib al-Thabita (Book of the Fixed Stars)	Abd al-Rahman al-Sufi	964	964	MS Bodleian Marsh 144 (dated 1009/1010 AD) / ed. H.C.F.C. Schjellerup (St. Petersburg 1874)	fol. 84r	https://digital.bodleian.ox.ac.uk/objects/91c13149-14a0-431c-b636-2244bb6da5a6/	PRIMARY_MANUSCRIPT_AND_CRITICAL_EDITION	YES	NO	HIGH	al-Sufi tendon / hock of the archer
STAR_ARKAB	Arkab / alpha Sagittarii	HIST_STAR_ATT_0096	arkab	arkab	LATINIZED_ARABIC	LATIN	MEDIEVAL_LATIN_DIRECT	Libros del Saber de Astronomia (Libro de las estrellas fixas)	Alfonso X el Sabio, Yehuda ben Moshe, Rabichag / ed. M. Rico y Sinobas	1252	1270	MS Madrid Univ. Complutense 156; ed. Manuel Rico y Sinobas (Madrid 1863), Vols. I-II	Vol. I, p. 106	http://alfonsox.org/libros-del-saber-de-astronomia/	PRIMARY_MANUSCRIPT_AND_CRITICAL_EDITION	YES	NO	HIGH	Alfonsine table
STAR_ARKAB	Arkab / alpha Sagittarii	HIST_STAR_ATT_0097	nervus sagittarii	nervus sagittarii	LATIN	LATIN	MEDIEVAL_LATIN_DIRECT	Almagestum Cl. Ptolemei Pheludiensis (De stellis fixis)	Claudius Ptolemaeus (Gerard of Cremona trans.) / P. Kunitzsch (ed.)	1175	1175	MS Paris BnF lat. 16200; printed Peter Liechtenstein, Venice 1515; ed. Kunitzsch (1974)	fol. 85v	Kunitzsch (1974), Der Almagest: Die Syntaxis Mathematica in arabisch-lateinischer Uberlieferung	CRITICAL_EDITION	YES	NO	HIGH	Gerard of Cremona
STAR_ASCELLA	Ascella / zeta Sagittarii	HIST_STAR_ATT_0098	al-waṣl	al wasl	ARABIC	ARABIC_TRANSLIT	DIN_31635	Kitab Suwar al-Kawakib al-Thabita (Book of the Fixed Stars)	Abd al-Rahman al-Sufi	964	964	MS Bodleian Marsh 144 (dated 1009/1010 AD) / ed. H.C.F.C. Schjellerup (St. Petersburg 1874)	fol. 84v	https://digital.bodleian.ox.ac.uk/objects/91c13149-14a0-431c-b636-2244bb6da5a6/	PRIMARY_MANUSCRIPT_AND_CRITICAL_EDITION	YES	NO	HIGH	al-Sufi the joint
STAR_ASCELLA	Ascella / zeta Sagittarii	HIST_STAR_ATT_0099	ascella	ascella	LATIN	LATIN	MEDIEVAL_LATIN_DIRECT	Typen von Sternverzeichnissen: Type II (Pseudo-Messahalla Star List)	Pseudo-Messahalla / P. Kunitzsch (ed.)	1150	1200	MS London BL Arundel 268; ed. Kunitzsch (1966) pp. 23-30	Type II, Entry 22	Kunitzsch (1966), Typen von Sternverzeichnissen, pp. 23-30	CRITICAL_EDITION	YES	NO	HIGH	Pseudo-Messahalla armpit of archer
STAR_ASCELLA	Ascella / zeta Sagittarii	HIST_STAR_ATT_0100	axilla sagittarii	axilla sagittarii	LATIN	LATIN	MEDIEVAL_LATIN_DIRECT	Almagestum Cl. Ptolemei Pheludiensis (De stellis fixis)	Claudius Ptolemaeus (Gerard of Cremona trans.) / P. Kunitzsch (ed.)	1175	1175	MS Paris BnF lat. 16200; printed Peter Liechtenstein, Venice 1515; ed. Kunitzsch (1974)	fol. 85v	Kunitzsch (1974), Der Almagest: Die Syntaxis Mathematica in arabisch-lateinischer Uberlieferung	CRITICAL_EDITION	YES	NO	HIGH	Gerard of Cremona
STAR_BELLATRIX	Bellatrix / gamma Orionis	HIST_STAR_ATT_0101	al-nājid	al najid	ARABIC	ARABIC_TRANSLIT	DIN_31635	Kitab Suwar al-Kawakib al-Thabita (Book of the Fixed Stars)	Abd al-Rahman al-Sufi	964	964	MS Bodleian Marsh 144 (dated 1009/1010 AD) / ed. H.C.F.C. Schjellerup (St. Petersburg 1874)	fol. 97r	https://digital.bodleian.ox.ac.uk/objects/91c13149-14a0-431c-b636-2244bb6da5a6/	PRIMARY_MANUSCRIPT_AND_CRITICAL_EDITION	YES	NO	HIGH	al-Sufi the conqueror
STAR_BELLATRIX	Bellatrix / gamma Orionis	HIST_STAR_ATT_0102	bellatrix	bellatrix	LATIN	LATIN	MEDIEVAL_LATIN_DIRECT	Libros del Saber de Astronomia (Libro de las estrellas fixas)	Alfonso X el Sabio, Yehuda ben Moshe, Rabichag / ed. M. Rico y Sinobas	1252	1270	MS Madrid Univ. Complutense 156; ed. Manuel Rico y Sinobas (Madrid 1863), Vols. I-II	Vol. I, p. 126	http://alfonsox.org/libros-del-saber-de-astronomia/	PRIMARY_MANUSCRIPT_AND_CRITICAL_EDITION	YES	NO	HIGH	Alfonsine table female warrior
STAR_BELLATRIX	Bellatrix / gamma Orionis	HIST_STAR_ATT_0103	humerus sinister orionis	humerus sinister orionis	LATIN	LATIN	MEDIEVAL_LATIN_DIRECT	Almagestum Cl. Ptolemei Pheludiensis (De stellis fixis)	Claudius Ptolemaeus (Gerard of Cremona trans.) / P. Kunitzsch (ed.)	1175	1175	MS Paris BnF lat. 16200; printed Peter Liechtenstein, Venice 1515; ed. Kunitzsch (1974)	fol. 87r	Kunitzsch (1974), Der Almagest: Die Syntaxis Mathematica in arabisch-lateinischer Uberlieferung	CRITICAL_EDITION	YES	NO	HIGH	Gerard of Cremona
STAR_BETELGEUSE	Betelgeuse / alpha Orionis	HIST_STAR_ATT_0104	mankib al-jawzā’	mankib al jawza	ARABIC	ARABIC_TRANSLIT	DIN_31635	Astrolabe Rete Inscriptions (Inv. 47632)	Anonymous Syrian or Mesopotamian metalsmith	890	900	History of Science Museum, Oxford, Inventory 47632	Pointer 5	https://www.mhs.ox.ac.uk/astrolabe/catalogue/reteReport/Astrolabe_ID=131.html	HISTORICAL_EPIGRAPHY	YES	NO	HIGH	9th-c. Syrian astrolabe
STAR_BETELGEUSE	Betelgeuse / alpha Orionis	HIST_STAR_ATT_0105	yad al-jawzā’	yad al jawza	ARABIC	ARABIC_TRANSLIT	DIN_31635	Astrolabe Rete Inscriptions (T.1959.62)	Anonymous Moorish metalsmith (13th-c. replacement rete)	1200	1300	National Museums Scotland, Edinburgh, T.1959.62	Pointer 4	https://www.nms.ac.uk/discover-catalogue/a-1000-year-old-star-catcher	HISTORICAL_EPIGRAPHY	YES	NO	HIGH	13th-c. Edinburgh rete
STAR_BETELGEUSE	Betelgeuse / alpha Orionis	HIST_STAR_ATT_0106	bedalgeuze	bedalgeuze	LATINIZED_ARABIC	LATIN	MEDIEVAL_LATIN_DIRECT	Tabula stellarum fixarum que ponuntur in astrolabio	John of London / P. Kunitzsch (ed.)	1246	1246	MS Paris BnF lat. 7412; ed. Kunitzsch (1987), pp. 155-163	Entry 12	Kunitzsch (1987), An unknown Arabic source for star names, IAU Coll. 91, pp. 155-163	CRITICAL_EDITION	YES	NO	HIGH	John of London 1246
STAR_BETELGEUSE	Betelgeuse / alpha Orionis	HIST_STAR_ATT_0107	humerus dexter orionis	humerus dexter orionis	LATIN	LATIN	MEDIEVAL_LATIN_DIRECT	Almagestum Cl. Ptolemei Pheludiensis (De stellis fixis)	Claudius Ptolemaeus (Gerard of Cremona trans.) / P. Kunitzsch (ed.)	1175	1175	MS Paris BnF lat. 16200; printed Peter Liechtenstein, Venice 1515; ed. Kunitzsch (1974)	fol. 87r	Kunitzsch (1974), Der Almagest: Die Syntaxis Mathematica in arabisch-lateinischer Uberlieferung	CRITICAL_EDITION	YES	NO	HIGH	Gerard of Cremona
STAR_CANOPUS	Canopus / alpha Carinae	HIST_STAR_ATT_0108	suhayl	suhayl	ARABIC	ARABIC_TRANSLIT	DIN_31635	Kitab Suwar al-Kawakib al-Thabita (Book of the Fixed Stars)	Abd al-Rahman al-Sufi	964	964	MS Bodleian Marsh 144 (dated 1009/1010 AD) / ed. H.C.F.C. Schjellerup (St. Petersburg 1874)	fol. 122r	https://digital.bodleian.ox.ac.uk/objects/91c13149-14a0-431c-b636-2244bb6da5a6/	PRIMARY_MANUSCRIPT_AND_CRITICAL_EDITION	YES	NO	HIGH	al-Sufi prominent southern star
STAR_CANOPUS	Canopus / alpha Carinae	HIST_STAR_ATT_0109	suhel	suhel	OLD_CASTILIAN	LATIN	MEDIEVAL_LATIN_DIRECT	Libros del Saber de Astronomia (Libro de las estrellas fixas)	Alfonso X el Sabio, Yehuda ben Moshe, Rabichag / ed. M. Rico y Sinobas	1252	1270	MS Madrid Univ. Complutense 156; ed. Manuel Rico y Sinobas (Madrid 1863), Vols. I-II	Vol. I, p. 150	http://alfonsox.org/libros-del-saber-de-astronomia/	PRIMARY_MANUSCRIPT_AND_CRITICAL_EDITION	YES	NO	HIGH	Alfonsine Castilian form
STAR_CANOPUS	Canopus / alpha Carinae	HIST_STAR_ATT_0110	canopus	canopus	LATIN	LATIN	MEDIEVAL_LATIN_DIRECT	Almagestum Cl. Ptolemei Pheludiensis (De stellis fixis)	Claudius Ptolemaeus (Gerard of Cremona trans.) / P. Kunitzsch (ed.)	1175	1175	MS Paris BnF lat. 16200; printed Peter Liechtenstein, Venice 1515; ed. Kunitzsch (1974)	fol. 92r	Kunitzsch (1974), Der Almagest: Die Syntaxis Mathematica in arabisch-lateinischer Uberlieferung	CRITICAL_EDITION	YES	NO	HIGH	Gerard of Cremona Latinization
STAR_CAPELLA	Capella / alpha Aurigae	HIST_STAR_ATT_0111	al-‘ayyūq	al ayyuq	ARABIC	ARABIC_TRANSLIT	DIN_31635	Astrolabe Rete Inscriptions (Inv. 47632)	Anonymous Syrian or Mesopotamian metalsmith	890	900	History of Science Museum, Oxford, Inventory 47632	Pointer 3	https://www.mhs.ox.ac.uk/astrolabe/catalogue/reteReport/Astrolabe_ID=131.html	HISTORICAL_EPIGRAPHY	YES	NO	HIGH	9th-c. Syrian astrolabe
STAR_CAPELLA	Capella / alpha Aurigae	HIST_STAR_ATT_0112	alhayoc	alhayoc	MIDDLE_ENGLISH_AND_LATIN	LATIN	MEDIEVAL_LATIN_DIRECT	A Treatise on the Astrolabe (Part II, Tabula stellarum fixarum)	Geoffrey Chaucer / ed. W.W. Skeat	1391	1391	MS Cambridge Dd.3.53, MS Bodley 619; ed. W.W. Skeat (1872), Chaucer Society	Part II, table entry 10	https://chaucer.fas.harvard.edu/pages/treatise-astrolabe	CRITICAL_EDITION	YES	NO	HIGH	Chaucer Astrolabe table
STAR_CAPELLA	Capella / alpha Aurigae	HIST_STAR_ATT_0113	capella	capella	LATIN	LATIN	MEDIEVAL_LATIN_DIRECT	Almagestum Cl. Ptolemei Pheludiensis (De stellis fixis)	Claudius Ptolemaeus (Gerard of Cremona trans.) / P. Kunitzsch (ed.)	1175	1175	MS Paris BnF lat. 16200; printed Peter Liechtenstein, Venice 1515; ed. Kunitzsch (1974)	fol. 79v	Kunitzsch (1974), Der Almagest: Die Syntaxis Mathematica in arabisch-lateinischer Uberlieferung	CRITICAL_EDITION	YES	NO	HIGH	Gerard of Cremona
STAR_CAPELLA	Capella / alpha Aurigae	HIST_STAR_ATT_0114	hircus	hircus	LATIN	LATIN	MEDIEVAL_LATIN_DIRECT	Astrolabe Rete Inscriptions (Inv. 41468)	Anonymous French metalsmith	1390	1410	History of Science Museum, Oxford, Inventory 41468	Pointer 6	https://www.mhs.ox.ac.uk/astrolabe/catalogue/reteReport/Astrolabe_ID=237.html	HISTORICAL_EPIGRAPHY	YES	NO	HIGH	ca. 1400 Oxford astrolabe
STAR_CAPH	Caph / beta Cassiopeiae	HIST_STAR_ATT_0115	kaff al-khaḍīb	kaff al khadib	ARABIC	ARABIC_TRANSLIT	DIN_31635	Astrolabe Rete Inscriptions (Inv. 47632)	Anonymous Syrian or Mesopotamian metalsmith	890	900	History of Science Museum, Oxford, Inventory 47632	Pointer 17	https://www.mhs.ox.ac.uk/astrolabe/catalogue/reteReport/Astrolabe_ID=131.html	HISTORICAL_EPIGRAPHY	YES	NO	HIGH	9th-c. Syrian astrolabe
STAR_CAPH	Caph / beta Cassiopeiae	HIST_STAR_ATT_0116	caph	caph	LATINIZED_ARABIC	LATIN	MEDIEVAL_LATIN_DIRECT	Typen von Sternverzeichnissen: Type III (Johannes Hispalensis / John of Seville)	Johannes Hispalensis (John of Seville) / P. Kunitzsch (ed.)	1140	1150	MS Paris BnF lat. 16208; ed. Kunitzsch (1966) pp. 31-46	Type III, Entry 2	Kunitzsch (1966), Typen von Sternverzeichnissen, pp. 31-46	CRITICAL_EDITION	YES	NO	HIGH	John of Seville
STAR_CAPH	Caph / beta Cassiopeiae	HIST_STAR_ATT_0117	manus tincta	manus tincta	LATIN	LATIN	MEDIEVAL_LATIN_DIRECT	Almagestum Cl. Ptolemei Pheludiensis (De stellis fixis)	Claudius Ptolemaeus (Gerard of Cremona trans.) / P. Kunitzsch (ed.)	1175	1175	MS Paris BnF lat. 16200; printed Peter Liechtenstein, Venice 1515; ed. Kunitzsch (1974)	fol. 76r	Kunitzsch (1974), Der Almagest: Die Syntaxis Mathematica in arabisch-lateinischer Uberlieferung	CRITICAL_EDITION	YES	NO	HIGH	Gerard of Cremona
STAR_CASTOR	Castor / alpha Geminorum	HIST_STAR_ATT_0118	ra’s al-taw’am al-muqaddam	ras al tawam al muqaddam	ARABIC	ARABIC_TRANSLIT	DIN_31635	Kitab Suwar al-Kawakib al-Thabita (Book of the Fixed Stars)	Abd al-Rahman al-Sufi	964	964	MS Bodleian Marsh 144 (dated 1009/1010 AD) / ed. H.C.F.C. Schjellerup (St. Petersburg 1874)	fol. 65v	https://digital.bodleian.ox.ac.uk/objects/91c13149-14a0-431c-b636-2244bb6da5a6/	PRIMARY_MANUSCRIPT_AND_CRITICAL_EDITION	YES	NO	HIGH	al-Sufi head of the foremost twin
STAR_CASTOR	Castor / alpha Geminorum	HIST_STAR_ATT_0119	castor	castor	LATIN	LATIN	MEDIEVAL_LATIN_DIRECT	Almagestum Cl. Ptolemei Pheludiensis (De stellis fixis)	Claudius Ptolemaeus (Gerard of Cremona trans.) / P. Kunitzsch (ed.)	1175	1175	MS Paris BnF lat. 16200; printed Peter Liechtenstein, Venice 1515; ed. Kunitzsch (1974)	fol. 82r	Kunitzsch (1974), Der Almagest: Die Syntaxis Mathematica in arabisch-lateinischer Uberlieferung	CRITICAL_EDITION	YES	NO	HIGH	Gerard of Cremona
STAR_CASTOR	Castor / alpha Geminorum	HIST_STAR_ATT_0120	apollon	apollon	LATINIZED_GREEK	LATIN	MEDIEVAL_LATIN_DIRECT	Vienna Astrolabe Star Table (MS Vienna ONB 5415)	Johannes von Gmunden / Vienna Astronomical School	1435	1445	Osterreichische Nationalbibliothek, Cod. 5415, fols. 168r-172v	fol. 169v	Kunitzsch (1966), Typen von Sternverzeichnissen, Type XV	PRIMARY_MANUSCRIPT_AND_CRITICAL_EDITION	YES	NO	MEDIUM	Late medieval academic gloss
STAR_COR_CAROLI	Cor Caroli / alpha Canum Venaticorum	HIST_STAR_ATT_0121	al-kabid	al kabid	ARABIC	ARABIC_TRANSLIT	DIN_31635	Kitab Suwar al-Kawakib al-Thabita (Book of the Fixed Stars)	Abd al-Rahman al-Sufi	964	964	MS Bodleian Marsh 144 (dated 1009/1010 AD) / ed. H.C.F.C. Schjellerup (St. Petersburg 1874)	fol. 29v	https://digital.bodleian.ox.ac.uk/objects/91c13149-14a0-431c-b636-2244bb6da5a6/	PRIMARY_MANUSCRIPT_AND_CRITICAL_EDITION	YES	NO	HIGH	al-Sufi the liver / under Great Bear
STAR_COR_CAROLI	Cor Caroli / alpha Canum Venaticorum	HIST_STAR_ATT_0122	chara	chara	LATIN	LATIN	MEDIEVAL_LATIN_DIRECT	Libros del Saber de Astronomia (Libro de las estrellas fixas)	Alfonso X el Sabio, Yehuda ben Moshe, Rabichag / ed. M. Rico y Sinobas	1252	1270	MS Madrid Univ. Complutense 156; ed. Manuel Rico y Sinobas (Madrid 1863), Vols. I-II	Vol. I, p. 57	http://alfonsox.org/libros-del-saber-de-astronomia/	PRIMARY_MANUSCRIPT_AND_CRITICAL_EDITION	YES	NO	HIGH	Alfonsine designation
STAR_COR_CAROLI	Cor Caroli / alpha Canum Venaticorum	HIST_STAR_ATT_0123	stella venaticorum	stella venaticorum	LATIN	LATIN	MEDIEVAL_LATIN_DIRECT	Vienna Astrolabe Star Table (MS Vienna ONB 5415)	Johannes von Gmunden / Vienna Astronomical School	1435	1445	Osterreichische Nationalbibliothek, Cod. 5415, fols. 168r-172v	fol. 169v	Kunitzsch (1966), Typen von Sternverzeichnissen, Type XV	PRIMARY_MANUSCRIPT_AND_CRITICAL_EDITION	YES	NO	MEDIUM	Hunting dogs star
STAR_DABIH	Dabih / beta Capricorni	HIST_STAR_ATT_0124	sa‘d al-dhābiḥ	sad al dhabih	ARABIC	ARABIC_TRANSLIT	DIN_31635	Kitab Suwar al-Kawakib al-Thabita (Book of the Fixed Stars)	Abd al-Rahman al-Sufi	964	964	MS Bodleian Marsh 144 (dated 1009/1010 AD) / ed. H.C.F.C. Schjellerup (St. Petersburg 1874)	fol. 89v	https://digital.bodleian.ox.ac.uk/objects/91c13149-14a0-431c-b636-2244bb6da5a6/	PRIMARY_MANUSCRIPT_AND_CRITICAL_EDITION	YES	NO	HIGH	al-Sufi lucky star of slaughterer
STAR_DABIH	Dabih / beta Capricorni	HIST_STAR_ATT_0125	dabih	dabih	LATINIZED_ARABIC	LATIN	MEDIEVAL_LATIN_DIRECT	Typen von Sternverzeichnissen: Type II (Pseudo-Messahalla Star List)	Pseudo-Messahalla / P. Kunitzsch (ed.)	1150	1200	MS London BL Arundel 268; ed. Kunitzsch (1966) pp. 23-30	Type II, Entry 23	Kunitzsch (1966), Typen von Sternverzeichnissen, pp. 23-30	CRITICAL_EDITION	YES	NO	HIGH	Pseudo-Messahalla
STAR_DABIH	Dabih / beta Capricorni	HIST_STAR_ATT_0126	mactator	mactator	LATIN	LATIN	MEDIEVAL_LATIN_DIRECT	Almagestum Cl. Ptolemei Pheludiensis (De stellis fixis)	Claudius Ptolemaeus (Gerard of Cremona trans.) / P. Kunitzsch (ed.)	1175	1175	MS Paris BnF lat. 16200; printed Peter Liechtenstein, Venice 1515; ed. Kunitzsch (1974)	fol. 86v	Kunitzsch (1974), Der Almagest: Die Syntaxis Mathematica in arabisch-lateinischer Uberlieferung	CRITICAL_EDITION	YES	NO	HIGH	Gerard of Cremona
STAR_DENEB	Deneb / alpha Cygni	HIST_STAR_ATT_0127	al-dhanab	al dhanab	ARABIC	ARABIC_TRANSLIT	DIN_31635	Astrolabe Rete Inscriptions (Inv. 47632)	Anonymous Syrian or Mesopotamian metalsmith	890	900	History of Science Museum, Oxford, Inventory 47632	Pointer 16	https://www.mhs.ox.ac.uk/astrolabe/catalogue/reteReport/Astrolabe_ID=131.html	HISTORICAL_EPIGRAPHY	YES	NO	HIGH	9th-c. Syrian astrolabe
STAR_DENEB	Deneb / alpha Cygni	HIST_STAR_ATT_0128	ridf	ridf	ARABIC	ARABIC_TRANSLIT	DIN_31635	Astrolabe Rete Inscriptions (T.1959.62)	Anonymous Moorish metalsmith (13th-c. replacement rete)	1200	1300	National Museums Scotland, Edinburgh, T.1959.62	Pointer 17	https://www.nms.ac.uk/discover-catalogue/a-1000-year-old-star-catcher	HISTORICAL_EPIGRAPHY	YES	NO	HIGH	13th-c. Edinburgh rete
STAR_DENEB	Deneb / alpha Cygni	HIST_STAR_ATT_0129	deneb	deneb	MIDDLE_ENGLISH_AND_LATIN	LATIN	MEDIEVAL_LATIN_DIRECT	A Treatise on the Astrolabe (Part II, Tabula stellarum fixarum)	Geoffrey Chaucer / ed. W.W. Skeat	1391	1391	MS Cambridge Dd.3.53, MS Bodley 619; ed. W.W. Skeat (1872), Chaucer Society	Part II, table entry 41	https://chaucer.fas.harvard.edu/pages/treatise-astrolabe	CRITICAL_EDITION	YES	NO	HIGH	Chaucer Astrolabe table
STAR_DENEB	Deneb / alpha Cygni	HIST_STAR_ATT_0130	cauda gallinae	cauda gallinae	LATIN	LATIN	MEDIEVAL_LATIN_DIRECT	Almagestum Cl. Ptolemei Pheludiensis (De stellis fixis)	Claudius Ptolemaeus (Gerard of Cremona trans.) / P. Kunitzsch (ed.)	1175	1175	MS Paris BnF lat. 16200; printed Peter Liechtenstein, Venice 1515; ed. Kunitzsch (1974)	fol. 79r	Kunitzsch (1974), Der Almagest: Die Syntaxis Mathematica in arabisch-lateinischer Uberlieferung	CRITICAL_EDITION	YES	NO	HIGH	Gerard of Cremona
STAR_DENEB	Deneb / alpha Cygni	HIST_STAR_ATT_0131	gallina	gallina	LATIN	LATIN	MEDIEVAL_LATIN_DIRECT	Astrolabe Rete Inscriptions (Inv. 41468)	Anonymous French metalsmith	1390	1410	History of Science Museum, Oxford, Inventory 41468	Pointer 20	https://www.mhs.ox.ac.uk/astrolabe/catalogue/reteReport/Astrolabe_ID=237.html	HISTORICAL_EPIGRAPHY	YES	NO	HIGH	ca. 1400 Oxford astrolabe
STAR_DENEB_ALGEDI	Deneb Algedi / delta Capricorni	HIST_STAR_ATT_0132	dhanab al-jady	dhanab al jady	ARABIC	ARABIC_TRANSLIT	DIN_31635	Astrolabe Rete Inscriptions (T.1959.62)	Anonymous Moorish metalsmith (13th-c. replacement rete)	1200	1300	National Museums Scotland, Edinburgh, T.1959.62	Pointer 18	https://www.nms.ac.uk/discover-catalogue/a-1000-year-old-star-catcher	HISTORICAL_EPIGRAPHY	YES	NO	HIGH	13th-c. Edinburgh rete
STAR_DENEB_ALGEDI	Deneb Algedi / delta Capricorni	HIST_STAR_ATT_0133	denebalgedi	denebalgedi	MIDDLE_ENGLISH_AND_LATIN	LATIN	MEDIEVAL_LATIN_DIRECT	A Treatise on the Astrolabe (Part II, Tabula stellarum fixarum)	Geoffrey Chaucer / ed. W.W. Skeat	1391	1391	MS Cambridge Dd.3.53, MS Bodley 619; ed. W.W. Skeat (1872), Chaucer Society	Part II, table entry 42	https://chaucer.fas.harvard.edu/pages/treatise-astrolabe	CRITICAL_EDITION	YES	NO	HIGH	Chaucer Astrolabe table
STAR_DENEB_ALGEDI	Deneb Algedi / delta Capricorni	HIST_STAR_ATT_0134	cauda capricorni	cauda capricorni	LATIN	LATIN	MEDIEVAL_LATIN_DIRECT	Almagestum Cl. Ptolemei Pheludiensis (De stellis fixis)	Claudius Ptolemaeus (Gerard of Cremona trans.) / P. Kunitzsch (ed.)	1175	1175	MS Paris BnF lat. 16200; printed Peter Liechtenstein, Venice 1515; ed. Kunitzsch (1974)	fol. 86v	Kunitzsch (1974), Der Almagest: Die Syntaxis Mathematica in arabisch-lateinischer Uberlieferung	CRITICAL_EDITION	YES	NO	HIGH	Gerard of Cremona
STAR_DENEBOLA	Denebola / beta Leonis	HIST_STAR_ATT_0135	dhanab al-asad	dhanab al asad	ARABIC	ARABIC_TRANSLIT	DIN_31635	Kitab Suwar al-Kawakib al-Thabita (Book of the Fixed Stars)	Abd al-Rahman al-Sufi	964	964	MS Bodleian Marsh 144 (dated 1009/1010 AD) / ed. H.C.F.C. Schjellerup (St. Petersburg 1874)	fol. 71v	https://digital.bodleian.ox.ac.uk/objects/91c13149-14a0-431c-b636-2244bb6da5a6/	PRIMARY_MANUSCRIPT_AND_CRITICAL_EDITION	YES	NO	HIGH	al-Sufi tail of the lion
STAR_DENEBOLA	Denebola / beta Leonis	HIST_STAR_ATT_0136	denebalezeth	denebalezeth	MIDDLE_ENGLISH_AND_LATIN	LATIN	MEDIEVAL_LATIN_DIRECT	A Treatise on the Astrolabe (Part II, Tabula stellarum fixarum)	Geoffrey Chaucer / ed. W.W. Skeat	1391	1391	MS Cambridge Dd.3.53, MS Bodley 619; ed. W.W. Skeat (1872), Chaucer Society	Part II, table entry 22	https://chaucer.fas.harvard.edu/pages/treatise-astrolabe	CRITICAL_EDITION	YES	NO	HIGH	Chaucer Astrolabe table
STAR_DENEBOLA	Denebola / beta Leonis	HIST_STAR_ATT_0137	denebola	denebola	LATINIZED_ARABIC	LATIN	MEDIEVAL_LATIN_DIRECT	Libros del Saber de Astronomia (Libro de las estrellas fixas)	Alfonso X el Sabio, Yehuda ben Moshe, Rabichag / ed. M. Rico y Sinobas	1252	1270	MS Madrid Univ. Complutense 156; ed. Manuel Rico y Sinobas (Madrid 1863), Vols. I-II	Vol. I, p. 97	http://alfonsox.org/libros-del-saber-de-astronomia/	PRIMARY_MANUSCRIPT_AND_CRITICAL_EDITION	YES	NO	HIGH	Alfonsine table
STAR_DENEBOLA	Denebola / beta Leonis	HIST_STAR_ATT_0138	cauda leonis	cauda leonis	LATIN	LATIN	MEDIEVAL_LATIN_DIRECT	Almagestum Cl. Ptolemei Pheludiensis (De stellis fixis)	Claudius Ptolemaeus (Gerard of Cremona trans.) / P. Kunitzsch (ed.)	1175	1175	MS Paris BnF lat. 16200; printed Peter Liechtenstein, Venice 1515; ed. Kunitzsch (1974)	fol. 83v	Kunitzsch (1974), Der Almagest: Die Syntaxis Mathematica in arabisch-lateinischer Uberlieferung	CRITICAL_EDITION	YES	NO	HIGH	Gerard of Cremona
STAR_DIPHDA	Diphda / beta Ceti	HIST_STAR_ATT_0139	dhanab qayṭus	dhanab qaytus	ARABIC	ARABIC_TRANSLIT	DIN_31635	Astrolabe Rete Inscriptions (T.1959.62)	Anonymous Moorish metalsmith (13th-c. replacement rete)	1200	1300	National Museums Scotland, Edinburgh, T.1959.62	Pointer 21	https://www.nms.ac.uk/discover-catalogue/a-1000-year-old-star-catcher	HISTORICAL_EPIGRAPHY	YES	NO	HIGH	13th-c. Edinburgh rete
STAR_DIPHDA	Diphda / beta Ceti	HIST_STAR_ATT_0140	diphda	diphda	LATINIZED_ARABIC	LATIN	MEDIEVAL_LATIN_DIRECT	Libros del Saber de Astronomia (Libro de las estrellas fixas)	Alfonso X el Sabio, Yehuda ben Moshe, Rabichag / ed. M. Rico y Sinobas	1252	1270	MS Madrid Univ. Complutense 156; ed. Manuel Rico y Sinobas (Madrid 1863), Vols. I-II	Vol. I, p. 138	http://alfonsox.org/libros-del-saber-de-astronomia/	PRIMARY_MANUSCRIPT_AND_CRITICAL_EDITION	YES	NO	HIGH	Alfonsine tables frog star
STAR_DIPHDA	Diphda / beta Ceti	HIST_STAR_ATT_0141	rana secunda	rana secunda	LATIN	LATIN	MEDIEVAL_LATIN_DIRECT	Almagestum Cl. Ptolemei Pheludiensis (De stellis fixis)	Claudius Ptolemaeus (Gerard of Cremona trans.) / P. Kunitzsch (ed.)	1175	1175	MS Paris BnF lat. 16200; printed Peter Liechtenstein, Venice 1515; ed. Kunitzsch (1974)	fol. 89v	Kunitzsch (1974), Der Almagest: Die Syntaxis Mathematica in arabisch-lateinischer Uberlieferung	CRITICAL_EDITION	YES	NO	HIGH	Gerard of Cremona
STAR_DUBHE	Dubhe / alpha Ursae Majoris	HIST_STAR_ATT_0142	ẓahr al-dubb	zahr al dubb	ARABIC	ARABIC_TRANSLIT	DIN_31635	Kitab Suwar al-Kawakib al-Thabita (Book of the Fixed Stars)	Abd al-Rahman al-Sufi	964	964	MS Bodleian Marsh 144 (dated 1009/1010 AD) / ed. H.C.F.C. Schjellerup (St. Petersburg 1874)	fol. 26v	https://digital.bodleian.ox.ac.uk/objects/91c13149-14a0-431c-b636-2244bb6da5a6/	PRIMARY_MANUSCRIPT_AND_CRITICAL_EDITION	YES	NO	HIGH	al-Sufi back of the bear
STAR_DUBHE	Dubhe / alpha Ursae Majoris	HIST_STAR_ATT_0143	dubhe	dubhe	LATINIZED_ARABIC	LATIN	MEDIEVAL_LATIN_DIRECT	Libros del Saber de Astronomia (Libro de las estrellas fixas)	Alfonso X el Sabio, Yehuda ben Moshe, Rabichag / ed. M. Rico y Sinobas	1252	1270	MS Madrid Univ. Complutense 156; ed. Manuel Rico y Sinobas (Madrid 1863), Vols. I-II	Vol. I, p. 52	http://alfonsox.org/libros-del-saber-de-astronomia/	PRIMARY_MANUSCRIPT_AND_CRITICAL_EDITION	YES	NO	HIGH	Alfonsine table
STAR_DUBHE	Dubhe / alpha Ursae Majoris	HIST_STAR_ATT_0144	dorsum ursae	dorsum ursae	LATIN	LATIN	MEDIEVAL_LATIN_DIRECT	Almagestum Cl. Ptolemei Pheludiensis (De stellis fixis)	Claudius Ptolemaeus (Gerard of Cremona trans.) / P. Kunitzsch (ed.)	1175	1175	MS Paris BnF lat. 16200; printed Peter Liechtenstein, Venice 1515; ed. Kunitzsch (1974)	fol. 74r	Kunitzsch (1974), Der Almagest: Die Syntaxis Mathematica in arabisch-lateinischer Uberlieferung	CRITICAL_EDITION	YES	NO	HIGH	Gerard of Cremona
STAR_ELTANIN	Eltanin / gamma Draconis	HIST_STAR_ATT_0145	ra’s al-tinnīn	ras al tinnin	ARABIC	ARABIC_TRANSLIT	DIN_31635	Kitab Suwar al-Kawakib al-Thabita (Book of the Fixed Stars)	Abd al-Rahman al-Sufi	964	964	MS Bodleian Marsh 144 (dated 1009/1010 AD) / ed. H.C.F.C. Schjellerup (St. Petersburg 1874)	fol. 31r	https://digital.bodleian.ox.ac.uk/objects/91c13149-14a0-431c-b636-2244bb6da5a6/	PRIMARY_MANUSCRIPT_AND_CRITICAL_EDITION	YES	NO	HIGH	al-Sufi head of dragon
STAR_ELTANIN	Eltanin / gamma Draconis	HIST_STAR_ATT_0146	eltanin	eltanin	LATINIZED_ARABIC	LATIN	MEDIEVAL_LATIN_DIRECT	Libros del Saber de Astronomia (Libro de las estrellas fixas)	Alfonso X el Sabio, Yehuda ben Moshe, Rabichag / ed. M. Rico y Sinobas	1252	1270	MS Madrid Univ. Complutense 156; ed. Manuel Rico y Sinobas (Madrid 1863), Vols. I-II	Vol. I, p. 44	http://alfonsox.org/libros-del-saber-de-astronomia/	PRIMARY_MANUSCRIPT_AND_CRITICAL_EDITION	YES	NO	HIGH	Alfonsine table
STAR_ELTANIN	Eltanin / gamma Draconis	HIST_STAR_ATT_0147	caput draconis	caput draconis	LATIN	LATIN	MEDIEVAL_LATIN_DIRECT	Almagestum Cl. Ptolemei Pheludiensis (De stellis fixis)	Claudius Ptolemaeus (Gerard of Cremona trans.) / P. Kunitzsch (ed.)	1175	1175	MS Paris BnF lat. 16200; printed Peter Liechtenstein, Venice 1515; ed. Kunitzsch (1974)	fol. 75v	Kunitzsch (1974), Der Almagest: Die Syntaxis Mathematica in arabisch-lateinischer Uberlieferung	CRITICAL_EDITION	YES	NO	HIGH	Gerard of Cremona
STAR_ENIF	Enif / epsilon Pegasi	HIST_STAR_ATT_0148	anf al-faras	anf al faras	ARABIC	ARABIC_TRANSLIT	DIN_31635	Kitab Suwar al-Kawakib al-Thabita (Book of the Fixed Stars)	Abd al-Rahman al-Sufi	964	964	MS Bodleian Marsh 144 (dated 1009/1010 AD) / ed. H.C.F.C. Schjellerup (St. Petersburg 1874)	fol. 51v	https://digital.bodleian.ox.ac.uk/objects/91c13149-14a0-431c-b636-2244bb6da5a6/	PRIMARY_MANUSCRIPT_AND_CRITICAL_EDITION	YES	NO	HIGH	al-Sufi nose of horse
STAR_ENIF	Enif / epsilon Pegasi	HIST_STAR_ATT_0149	enif	enif	LATINIZED_ARABIC	LATIN	MEDIEVAL_LATIN_DIRECT	Libros del Saber de Astronomia (Libro de las estrellas fixas)	Alfonso X el Sabio, Yehuda ben Moshe, Rabichag / ed. M. Rico y Sinobas	1252	1270	MS Madrid Univ. Complutense 156; ed. Manuel Rico y Sinobas (Madrid 1863), Vols. I-II	Vol. I, p. 59	http://alfonsox.org/libros-del-saber-de-astronomia/	PRIMARY_MANUSCRIPT_AND_CRITICAL_EDITION	YES	NO	HIGH	Alfonsine table
STAR_ENIF	Enif / epsilon Pegasi	HIST_STAR_ATT_0150	nasus equi	nasus equi	LATIN	LATIN	MEDIEVAL_LATIN_DIRECT	Almagestum Cl. Ptolemei Pheludiensis (De stellis fixis)	Claudius Ptolemaeus (Gerard of Cremona trans.) / P. Kunitzsch (ed.)	1175	1175	MS Paris BnF lat. 16200; printed Peter Liechtenstein, Venice 1515; ed. Kunitzsch (1974)	fol. 80v	Kunitzsch (1974), Der Almagest: Die Syntaxis Mathematica in arabisch-lateinischer Uberlieferung	CRITICAL_EDITION	YES	NO	HIGH	Gerard of Cremona
STAR_FOMALHAUT	Fomalhaut / alpha Piscis Austrini	HIST_STAR_ATT_0151	fam al-ḥūt	fam al hut	ARABIC	ARABIC_TRANSLIT	DIN_31635	Kitab Suwar al-Kawakib al-Thabita (Book of the Fixed Stars)	Abd al-Rahman al-Sufi	964	964	MS Bodleian Marsh 144 (dated 1009/1010 AD) / ed. H.C.F.C. Schjellerup (St. Petersburg 1874)	fol. 125r	https://digital.bodleian.ox.ac.uk/objects/91c13149-14a0-431c-b636-2244bb6da5a6/	PRIMARY_MANUSCRIPT_AND_CRITICAL_EDITION	YES	NO	HIGH	al-Sufi mouth of the fish
STAR_FOMALHAUT	Fomalhaut / alpha Piscis Austrini	HIST_STAR_ATT_0152	fomahant	fomahant	MIDDLE_ENGLISH_AND_LATIN	LATIN	MEDIEVAL_LATIN_DIRECT	A Treatise on the Astrolabe (Part II, Tabula stellarum fixarum)	Geoffrey Chaucer / ed. W.W. Skeat	1391	1391	MS Cambridge Dd.3.53, MS Bodley 619; ed. W.W. Skeat (1872), Chaucer Society	Part II, table entry 45	https://chaucer.fas.harvard.edu/pages/treatise-astrolabe	CRITICAL_EDITION	YES	NO	HIGH	Chaucer Astrolabe table
STAR_FOMALHAUT	Fomalhaut / alpha Piscis Austrini	HIST_STAR_ATT_0153	fomalhaut	fomalhaut	LATINIZED_ARABIC	LATIN	MEDIEVAL_LATIN_DIRECT	Libros del Saber de Astronomia (Libro de las estrellas fixas)	Alfonso X el Sabio, Yehuda ben Moshe, Rabichag / ed. M. Rico y Sinobas	1252	1270	MS Madrid Univ. Complutense 156; ed. Manuel Rico y Sinobas (Madrid 1863), Vols. I-II	Vol. I, p. 162	http://alfonsox.org/libros-del-saber-de-astronomia/	PRIMARY_MANUSCRIPT_AND_CRITICAL_EDITION	YES	NO	HIGH	Alfonsine table
STAR_FOMALHAUT	Fomalhaut / alpha Piscis Austrini	HIST_STAR_ATT_0154	os piscis meridionalis	os piscis meridionalis	LATIN	LATIN	MEDIEVAL_LATIN_DIRECT	Almagestum Cl. Ptolemei Pheludiensis (De stellis fixis)	Claudius Ptolemaeus (Gerard of Cremona trans.) / P. Kunitzsch (ed.)	1175	1175	MS Paris BnF lat. 16200; printed Peter Liechtenstein, Venice 1515; ed. Kunitzsch (1974)	fol. 93r	Kunitzsch (1974), Der Almagest: Die Syntaxis Mathematica in arabisch-lateinischer Uberlieferung	CRITICAL_EDITION	YES	NO	HIGH	Gerard of Cremona
STAR_HAMAL	Hamal / alpha Arietis	HIST_STAR_ATT_0155	ra’s al-ḥamal	ras al hamal	ARABIC	ARABIC_TRANSLIT	DIN_31635	Kitab Suwar al-Kawakib al-Thabita (Book of the Fixed Stars)	Abd al-Rahman al-Sufi	964	964	MS Bodleian Marsh 144 (dated 1009/1010 AD) / ed. H.C.F.C. Schjellerup (St. Petersburg 1874)	fol. 58r	https://digital.bodleian.ox.ac.uk/objects/91c13149-14a0-431c-b636-2244bb6da5a6/	PRIMARY_MANUSCRIPT_AND_CRITICAL_EDITION	YES	NO	HIGH	al-Sufi head of the ram
STAR_HAMAL	Hamal / alpha Arietis	HIST_STAR_ATT_0156	hamal	hamal	LATINIZED_ARABIC	LATIN	MEDIEVAL_LATIN_DIRECT	Typen von Sternverzeichnissen: Type III (Johannes Hispalensis / John of Seville)	Johannes Hispalensis (John of Seville) / P. Kunitzsch (ed.)	1140	1150	MS Paris BnF lat. 16208; ed. Kunitzsch (1966) pp. 31-46	Type III, Entry 5	Kunitzsch (1966), Typen von Sternverzeichnissen, pp. 31-46	CRITICAL_EDITION	YES	NO	HIGH	John of Seville
STAR_HAMAL	Hamal / alpha Arietis	HIST_STAR_ATT_0157	arietis caput	arietis caput	LATIN	LATIN	MEDIEVAL_LATIN_DIRECT	Almagestum Cl. Ptolemei Pheludiensis (De stellis fixis)	Claudius Ptolemaeus (Gerard of Cremona trans.) / P. Kunitzsch (ed.)	1175	1175	MS Paris BnF lat. 16200; printed Peter Liechtenstein, Venice 1515; ed. Kunitzsch (1974)	fol. 81r	Kunitzsch (1974), Der Almagest: Die Syntaxis Mathematica in arabisch-lateinischer Uberlieferung	CRITICAL_EDITION	YES	NO	HIGH	Gerard of Cremona
STAR_IZAR	Izar / epsilon Bootis	HIST_STAR_ATT_0158	al-izār	al izar	ARABIC	ARABIC_TRANSLIT	DIN_31635	Kitab Suwar al-Kawakib al-Thabita (Book of the Fixed Stars)	Abd al-Rahman al-Sufi	964	964	MS Bodleian Marsh 144 (dated 1009/1010 AD) / ed. H.C.F.C. Schjellerup (St. Petersburg 1874)	fol. 36v	https://digital.bodleian.ox.ac.uk/objects/91c13149-14a0-431c-b636-2244bb6da5a6/	PRIMARY_MANUSCRIPT_AND_CRITICAL_EDITION	YES	NO	HIGH	al-Sufi the waist-cloth
STAR_IZAR	Izar / epsilon Bootis	HIST_STAR_ATT_0159	izar	izar	LATINIZED_ARABIC	LATIN	MEDIEVAL_LATIN_DIRECT	Libros del Saber de Astronomia (Libro de las estrellas fixas)	Alfonso X el Sabio, Yehuda ben Moshe, Rabichag / ed. M. Rico y Sinobas	1252	1270	MS Madrid Univ. Complutense 156; ed. Manuel Rico y Sinobas (Madrid 1863), Vols. I-II	Vol. I, p. 64	http://alfonsox.org/libros-del-saber-de-astronomia/	PRIMARY_MANUSCRIPT_AND_CRITICAL_EDITION	YES	NO	HIGH	Alfonsine table
STAR_IZAR	Izar / epsilon Bootis	HIST_STAR_ATT_0160	perizoma	perizoma	LATIN	LATIN	MEDIEVAL_LATIN_DIRECT	Almagestum Cl. Ptolemei Pheludiensis (De stellis fixis)	Claudius Ptolemaeus (Gerard of Cremona trans.) / P. Kunitzsch (ed.)	1175	1175	MS Paris BnF lat. 16200; printed Peter Liechtenstein, Venice 1515; ed. Kunitzsch (1974)	fol. 75r	Kunitzsch (1974), Der Almagest: Die Syntaxis Mathematica in arabisch-lateinischer Uberlieferung	CRITICAL_EDITION	YES	NO	HIGH	Gerard of Cremona
STAR_KOCHAB	Kochab / beta Ursae Minoris	HIST_STAR_ATT_0161	al-kawkab	al kawkab	ARABIC	ARABIC_TRANSLIT	DIN_31635	Kitab Suwar al-Kawakib al-Thabita (Book of the Fixed Stars)	Abd al-Rahman al-Sufi	964	964	MS Bodleian Marsh 144 (dated 1009/1010 AD) / ed. H.C.F.C. Schjellerup (St. Petersburg 1874)	fol. 24r	https://digital.bodleian.ox.ac.uk/objects/91c13149-14a0-431c-b636-2244bb6da5a6/	PRIMARY_MANUSCRIPT_AND_CRITICAL_EDITION	YES	NO	HIGH	al-Sufi the star
STAR_KOCHAB	Kochab / beta Ursae Minoris	HIST_STAR_ATT_0162	kochab	kochab	LATINIZED_ARABIC	LATIN	MEDIEVAL_LATIN_DIRECT	Libros del Saber de Astronomia (Libro de las estrellas fixas)	Alfonso X el Sabio, Yehuda ben Moshe, Rabichag / ed. M. Rico y Sinobas	1252	1270	MS Madrid Univ. Complutense 156; ed. Manuel Rico y Sinobas (Madrid 1863), Vols. I-II	Vol. I, p. 40	http://alfonsox.org/libros-del-saber-de-astronomia/	PRIMARY_MANUSCRIPT_AND_CRITICAL_EDITION	YES	NO	HIGH	Alfonsine table
STAR_KOCHAB	Kochab / beta Ursae Minoris	HIST_STAR_ATT_0163	stella polaris antiqua	stella polaris antiqua	LATIN	LATIN	MEDIEVAL_LATIN_DIRECT	Vienna Astrolabe Star Table (MS Vienna ONB 5415)	Johannes von Gmunden / Vienna Astronomical School	1435	1445	Osterreichische Nationalbibliothek, Cod. 5415, fols. 168r-172v	fol. 168v	Kunitzsch (1966), Typen von Sternverzeichnissen, Type XV	PRIMARY_MANUSCRIPT_AND_CRITICAL_EDITION	YES	NO	MEDIUM	Late medieval northern marker
STAR_MARKAB	Markab / alpha Pegasi	HIST_STAR_ATT_0164	mankib al-faras	mankib al faras	ARABIC	ARABIC_TRANSLIT	DIN_31635	Astrolabe Rete Inscriptions (T.1959.62)	Anonymous Moorish metalsmith (13th-c. replacement rete)	1200	1300	National Museums Scotland, Edinburgh, T.1959.62	Pointer 19	https://www.nms.ac.uk/discover-catalogue/a-1000-year-old-star-catcher	HISTORICAL_EPIGRAPHY	YES	NO	HIGH	13th-c. Edinburgh rete
STAR_MARKAB	Markab / alpha Pegasi	HIST_STAR_ATT_0165	markab	markab	MIDDLE_ENGLISH_AND_LATIN	LATIN	MEDIEVAL_LATIN_DIRECT	A Treatise on the Astrolabe (Part II, Tabula stellarum fixarum)	Geoffrey Chaucer / ed. W.W. Skeat	1391	1391	MS Cambridge Dd.3.53, MS Bodley 619; ed. W.W. Skeat (1872), Chaucer Society	Part II, table entry 44	https://chaucer.fas.harvard.edu/pages/treatise-astrolabe	CRITICAL_EDITION	YES	NO	HIGH	Chaucer Astrolabe table
STAR_MARKAB	Markab / alpha Pegasi	HIST_STAR_ATT_0166	humerus equi	humerus equi	LATIN	LATIN	MEDIEVAL_LATIN_DIRECT	Almagestum Cl. Ptolemei Pheludiensis (De stellis fixis)	Claudius Ptolemaeus (Gerard of Cremona trans.) / P. Kunitzsch (ed.)	1175	1175	MS Paris BnF lat. 16200; printed Peter Liechtenstein, Venice 1515; ed. Kunitzsch (1974)	fol. 80v	Kunitzsch (1974), Der Almagest: Die Syntaxis Mathematica in arabisch-lateinischer Uberlieferung	CRITICAL_EDITION	YES	NO	HIGH	Gerard of Cremona
STAR_MEGREZ	Megrez / delta Ursae Majoris	HIST_STAR_ATT_0167	al-maghriz	al maghriz	ARABIC	ARABIC_TRANSLIT	DIN_31635	Kitab Suwar al-Kawakib al-Thabita (Book of the Fixed Stars)	Abd al-Rahman al-Sufi	964	964	MS Bodleian Marsh 144 (dated 1009/1010 AD) / ed. H.C.F.C. Schjellerup (St. Petersburg 1874)	fol. 27r	https://digital.bodleian.ox.ac.uk/objects/91c13149-14a0-431c-b636-2244bb6da5a6/	PRIMARY_MANUSCRIPT_AND_CRITICAL_EDITION	YES	NO	HIGH	al-Sufi root of the tail
STAR_MEGREZ	Megrez / delta Ursae Majoris	HIST_STAR_ATT_0168	megrez	megrez	LATINIZED_ARABIC	LATIN	MEDIEVAL_LATIN_DIRECT	Libros del Saber de Astronomia (Libro de las estrellas fixas)	Alfonso X el Sabio, Yehuda ben Moshe, Rabichag / ed. M. Rico y Sinobas	1252	1270	MS Madrid Univ. Complutense 156; ed. Manuel Rico y Sinobas (Madrid 1863), Vols. I-II	Vol. I, p. 53	http://alfonsox.org/libros-del-saber-de-astronomia/	PRIMARY_MANUSCRIPT_AND_CRITICAL_EDITION	YES	NO	HIGH	Alfonsine table
STAR_MEGREZ	Megrez / delta Ursae Majoris	HIST_STAR_ATT_0169	radix caudae	radix caudae	LATIN	LATIN	MEDIEVAL_LATIN_DIRECT	Almagestum Cl. Ptolemei Pheludiensis (De stellis fixis)	Claudius Ptolemaeus (Gerard of Cremona trans.) / P. Kunitzsch (ed.)	1175	1175	MS Paris BnF lat. 16200; printed Peter Liechtenstein, Venice 1515; ed. Kunitzsch (1974)	fol. 74r	Kunitzsch (1974), Der Almagest: Die Syntaxis Mathematica in arabisch-lateinischer Uberlieferung	CRITICAL_EDITION	YES	NO	HIGH	Gerard of Cremona
STAR_MENKALINAN	Menkalinan / beta Aurigae	HIST_STAR_ATT_0170	mankib dhī al-‘inān	mankib dhi al inan	ARABIC	ARABIC_TRANSLIT	DIN_31635	Kitab Suwar al-Kawakib al-Thabita (Book of the Fixed Stars)	Abd al-Rahman al-Sufi	964	964	MS Bodleian Marsh 144 (dated 1009/1010 AD) / ed. H.C.F.C. Schjellerup (St. Petersburg 1874)	fol. 42v	https://digital.bodleian.ox.ac.uk/objects/91c13149-14a0-431c-b636-2244bb6da5a6/	PRIMARY_MANUSCRIPT_AND_CRITICAL_EDITION	YES	NO	HIGH	al-Sufi shoulder of the charioteer
STAR_MENKALINAN	Menkalinan / beta Aurigae	HIST_STAR_ATT_0171	menkalinan	menkalinan	LATINIZED_ARABIC	LATIN	MEDIEVAL_LATIN_DIRECT	Libros del Saber de Astronomia (Libro de las estrellas fixas)	Alfonso X el Sabio, Yehuda ben Moshe, Rabichag / ed. M. Rico y Sinobas	1252	1270	MS Madrid Univ. Complutense 156; ed. Manuel Rico y Sinobas (Madrid 1863), Vols. I-II	Vol. I, p. 74	http://alfonsox.org/libros-del-saber-de-astronomia/	PRIMARY_MANUSCRIPT_AND_CRITICAL_EDITION	YES	NO	HIGH	Alfonsine table
STAR_MENKALINAN	Menkalinan / beta Aurigae	HIST_STAR_ATT_0172	humerus aurigae	humerus aurigae	LATIN	LATIN	MEDIEVAL_LATIN_DIRECT	Almagestum Cl. Ptolemei Pheludiensis (De stellis fixis)	Claudius Ptolemaeus (Gerard of Cremona trans.) / P. Kunitzsch (ed.)	1175	1175	MS Paris BnF lat. 16200; printed Peter Liechtenstein, Venice 1515; ed. Kunitzsch (1974)	fol. 79v	Kunitzsch (1974), Der Almagest: Die Syntaxis Mathematica in arabisch-lateinischer Uberlieferung	CRITICAL_EDITION	YES	NO	HIGH	Gerard of Cremona
STAR_MENKAR	Menkar / alpha Ceti	HIST_STAR_ATT_0173	al-minkhar	al minkhar	ARABIC	ARABIC_TRANSLIT	DIN_31635	Kitab Suwar al-Kawakib al-Thabita (Book of the Fixed Stars)	Abd al-Rahman al-Sufi	964	964	MS Bodleian Marsh 144 (dated 1009/1010 AD) / ed. H.C.F.C. Schjellerup (St. Petersburg 1874)	fol. 86v	https://digital.bodleian.ox.ac.uk/objects/91c13149-14a0-431c-b636-2244bb6da5a6/	PRIMARY_MANUSCRIPT_AND_CRITICAL_EDITION	YES	NO	HIGH	al-Sufi the nostril / snout of whale
STAR_MENKAR	Menkar / alpha Ceti	HIST_STAR_ATT_0174	menkar	menkar	MIDDLE_ENGLISH_AND_LATIN	LATIN	MEDIEVAL_LATIN_DIRECT	A Treatise on the Astrolabe (Part II, Tabula stellarum fixarum)	Geoffrey Chaucer / ed. W.W. Skeat	1391	1391	MS Cambridge Dd.3.53, MS Bodley 619; ed. W.W. Skeat (1872), Chaucer Society	Part II, table entry 7	https://chaucer.fas.harvard.edu/pages/treatise-astrolabe	CRITICAL_EDITION	YES	NO	HIGH	Chaucer Astrolabe table
STAR_MENKAR	Menkar / alpha Ceti	HIST_STAR_ATT_0175	nares ceti	nares ceti	LATIN	LATIN	MEDIEVAL_LATIN_DIRECT	Almagestum Cl. Ptolemei Pheludiensis (De stellis fixis)	Claudius Ptolemaeus (Gerard of Cremona trans.) / P. Kunitzsch (ed.)	1175	1175	MS Paris BnF lat. 16200; printed Peter Liechtenstein, Venice 1515; ed. Kunitzsch (1974)	fol. 89v	Kunitzsch (1974), Der Almagest: Die Syntaxis Mathematica in arabisch-lateinischer Uberlieferung	CRITICAL_EDITION	YES	NO	HIGH	Gerard of Cremona
STAR_MERAK	Merak / beta Ursae Majoris	HIST_STAR_ATT_0176	maraqq al-dubb	maraqq al dubb	ARABIC	ARABIC_TRANSLIT	DIN_31635	Kitab Suwar al-Kawakib al-Thabita (Book of the Fixed Stars)	Abd al-Rahman al-Sufi	964	964	MS Bodleian Marsh 144 (dated 1009/1010 AD) / ed. H.C.F.C. Schjellerup (St. Petersburg 1874)	fol. 26v	https://digital.bodleian.ox.ac.uk/objects/91c13149-14a0-431c-b636-2244bb6da5a6/	PRIMARY_MANUSCRIPT_AND_CRITICAL_EDITION	YES	NO	HIGH	al-Sufi flank of the bear
STAR_MERAK	Merak / beta Ursae Majoris	HIST_STAR_ATT_0177	merak	merak	LATINIZED_ARABIC	LATIN	MEDIEVAL_LATIN_DIRECT	Libros del Saber de Astronomia (Libro de las estrellas fixas)	Alfonso X el Sabio, Yehuda ben Moshe, Rabichag / ed. M. Rico y Sinobas	1252	1270	MS Madrid Univ. Complutense 156; ed. Manuel Rico y Sinobas (Madrid 1863), Vols. I-II	Vol. I, p. 52	http://alfonsox.org/libros-del-saber-de-astronomia/	PRIMARY_MANUSCRIPT_AND_CRITICAL_EDITION	YES	NO	HIGH	Alfonsine table
STAR_MERAK	Merak / beta Ursae Majoris	HIST_STAR_ATT_0178	coxa ursae	coxa ursae	LATIN	LATIN	MEDIEVAL_LATIN_DIRECT	Almagestum Cl. Ptolemei Pheludiensis (De stellis fixis)	Claudius Ptolemaeus (Gerard of Cremona trans.) / P. Kunitzsch (ed.)	1175	1175	MS Paris BnF lat. 16200; printed Peter Liechtenstein, Venice 1515; ed. Kunitzsch (1974)	fol. 74r	Kunitzsch (1974), Der Almagest: Die Syntaxis Mathematica in arabisch-lateinischer Uberlieferung	CRITICAL_EDITION	YES	NO	HIGH	Gerard of Cremona
STAR_MESARTHIM	Mesarthim / gamma Arietis	HIST_STAR_ATT_0179	al-sharaṭayn	al sharatayn	ARABIC	ARABIC_TRANSLIT	DIN_31635	Kitab Suwar al-Kawakib al-Thabita (Book of the Fixed Stars)	Abd al-Rahman al-Sufi	964	964	MS Bodleian Marsh 144 (dated 1009/1010 AD) / ed. H.C.F.C. Schjellerup (St. Petersburg 1874)	fol. 58v	https://digital.bodleian.ox.ac.uk/objects/91c13149-14a0-431c-b636-2244bb6da5a6/	PRIMARY_MANUSCRIPT_AND_CRITICAL_EDITION	YES	NO	HIGH	al-Sufi the two signs
STAR_MESARTHIM	Mesarthim / gamma Arietis	HIST_STAR_ATT_0180	mesarthim	mesarthim	LATINIZED_ARABIC	LATIN	MEDIEVAL_LATIN_DIRECT	Libros del Saber de Astronomia (Libro de las estrellas fixas)	Alfonso X el Sabio, Yehuda ben Moshe, Rabichag / ed. M. Rico y Sinobas	1252	1270	MS Madrid Univ. Complutense 156; ed. Manuel Rico y Sinobas (Madrid 1863), Vols. I-II	Vol. I, p. 77	http://alfonsox.org/libros-del-saber-de-astronomia/	PRIMARY_MANUSCRIPT_AND_CRITICAL_EDITION	YES	NO	HIGH	Alfonsine table
STAR_MESARTHIM	Mesarthim / gamma Arietis	HIST_STAR_ATT_0181	signa arietis	signa arietis	LATIN	LATIN	MEDIEVAL_LATIN_DIRECT	Almagestum Cl. Ptolemei Pheludiensis (De stellis fixis)	Claudius Ptolemaeus (Gerard of Cremona trans.) / P. Kunitzsch (ed.)	1175	1175	MS Paris BnF lat. 16200; printed Peter Liechtenstein, Venice 1515; ed. Kunitzsch (1974)	fol. 81r	Kunitzsch (1974), Der Almagest: Die Syntaxis Mathematica in arabisch-lateinischer Uberlieferung	CRITICAL_EDITION	YES	NO	HIGH	Gerard of Cremona
STAR_MINTAKA	Mintaka / delta Orionis	HIST_STAR_ATT_0182	al-minṭaqa	al mintaqa	ARABIC	ARABIC_TRANSLIT	DIN_31635	Kitab Suwar al-Kawakib al-Thabita (Book of the Fixed Stars)	Abd al-Rahman al-Sufi	964	964	MS Bodleian Marsh 144 (dated 1009/1010 AD) / ed. H.C.F.C. Schjellerup (St. Petersburg 1874)	fol. 98r	https://digital.bodleian.ox.ac.uk/objects/91c13149-14a0-431c-b636-2244bb6da5a6/	PRIMARY_MANUSCRIPT_AND_CRITICAL_EDITION	YES	NO	HIGH	al-Sufi the belt
STAR_MINTAKA	Mintaka / delta Orionis	HIST_STAR_ATT_0183	mintaka	mintaka	LATINIZED_ARABIC	LATIN	MEDIEVAL_LATIN_DIRECT	Libros del Saber de Astronomia (Libro de las estrellas fixas)	Alfonso X el Sabio, Yehuda ben Moshe, Rabichag / ed. M. Rico y Sinobas	1252	1270	MS Madrid Univ. Complutense 156; ed. Manuel Rico y Sinobas (Madrid 1863), Vols. I-II	Vol. I, p. 128	http://alfonsox.org/libros-del-saber-de-astronomia/	PRIMARY_MANUSCRIPT_AND_CRITICAL_EDITION	YES	NO	HIGH	Alfonsine table
STAR_MINTAKA	Mintaka / delta Orionis	HIST_STAR_ATT_0184	zona orionis	zona orionis	LATIN	LATIN	MEDIEVAL_LATIN_DIRECT	Almagestum Cl. Ptolemei Pheludiensis (De stellis fixis)	Claudius Ptolemaeus (Gerard of Cremona trans.) / P. Kunitzsch (ed.)	1175	1175	MS Paris BnF lat. 16200; printed Peter Liechtenstein, Venice 1515; ed. Kunitzsch (1974)	fol. 87v	Kunitzsch (1974), Der Almagest: Die Syntaxis Mathematica in arabisch-lateinischer Uberlieferung	CRITICAL_EDITION	YES	NO	HIGH	Gerard of Cremona
STAR_MIRA	Mira / omicron Ceti	HIST_STAR_ATT_0185	‘unqūd al-qayṭus	unqud al qaytus	ARABIC	ARABIC_TRANSLIT	DIN_31635	Kitab Suwar al-Kawakib al-Thabita (Book of the Fixed Stars)	Abd al-Rahman al-Sufi	964	964	MS Bodleian Marsh 144 (dated 1009/1010 AD) / ed. H.C.F.C. Schjellerup (St. Petersburg 1874)	fol. 87r	https://digital.bodleian.ox.ac.uk/objects/91c13149-14a0-431c-b636-2244bb6da5a6/	PRIMARY_MANUSCRIPT_AND_CRITICAL_EDITION	YES	NO	HIGH	al-Sufi body of Cetus
STAR_MIRA	Mira / omicron Ceti	HIST_STAR_ATT_0186	mira	mira	LATIN	LATIN	MEDIEVAL_LATIN_DIRECT	Libros del Saber de Astronomia (Libro de las estrellas fixas)	Alfonso X el Sabio, Yehuda ben Moshe, Rabichag / ed. M. Rico y Sinobas	1252	1270	MS Madrid Univ. Complutense 156; ed. Manuel Rico y Sinobas (Madrid 1863), Vols. I-II	Vol. I, p. 139	http://alfonsox.org/libros-del-saber-de-astronomia/	PRIMARY_MANUSCRIPT_AND_CRITICAL_EDITION	YES	NO	HIGH	Alfonsine descriptor
STAR_MIRA	Mira / omicron Ceti	HIST_STAR_ATT_0187	stella mirabilis	stella mirabilis	LATIN	LATIN	MEDIEVAL_LATIN_DIRECT	Vienna Astrolabe Star Table (MS Vienna ONB 5415)	Johannes von Gmunden / Vienna Astronomical School	1435	1445	Osterreichische Nationalbibliothek, Cod. 5415, fols. 168r-172v	fol. 171r	Kunitzsch (1966), Typen von Sternverzeichnissen, Type XV	PRIMARY_MANUSCRIPT_AND_CRITICAL_EDITION	YES	NO	MEDIUM	Wonderful variable star of Cetus
STAR_MIRACH	Mirach / beta Andromedae	HIST_STAR_ATT_0188	al-mi’zar	al mizar	ARABIC	ARABIC_TRANSLIT	DIN_31635	Kitab Suwar al-Kawakib al-Thabita (Book of the Fixed Stars)	Abd al-Rahman al-Sufi	964	964	MS Bodleian Marsh 144 (dated 1009/1010 AD) / ed. H.C.F.C. Schjellerup (St. Petersburg 1874)	fol. 54r	https://digital.bodleian.ox.ac.uk/objects/91c13149-14a0-431c-b636-2244bb6da5a6/	PRIMARY_MANUSCRIPT_AND_CRITICAL_EDITION	YES	NO	HIGH	al-Sufi the apron
STAR_MIRACH	Mirach / beta Andromedae	HIST_STAR_ATT_0189	mirach	mirach	MIDDLE_ENGLISH_AND_LATIN	LATIN	MEDIEVAL_LATIN_DIRECT	A Treatise on the Astrolabe (Part II, Tabula stellarum fixarum)	Geoffrey Chaucer / ed. W.W. Skeat	1391	1391	MS Cambridge Dd.3.53, MS Bodley 619; ed. W.W. Skeat (1872), Chaucer Society	Part II, table entry 4	https://chaucer.fas.harvard.edu/pages/treatise-astrolabe	CRITICAL_EDITION	YES	NO	HIGH	Chaucer Astrolabe table
STAR_MIRACH	Mirach / beta Andromedae	HIST_STAR_ATT_0190	cingulum andromedae	cingulum andromedae	LATIN	LATIN	MEDIEVAL_LATIN_DIRECT	Almagestum Cl. Ptolemei Pheludiensis (De stellis fixis)	Claudius Ptolemaeus (Gerard of Cremona trans.) / P. Kunitzsch (ed.)	1175	1175	MS Paris BnF lat. 16200; printed Peter Liechtenstein, Venice 1515; ed. Kunitzsch (1974)	fol. 81r	Kunitzsch (1974), Der Almagest: Die Syntaxis Mathematica in arabisch-lateinischer Uberlieferung	CRITICAL_EDITION	YES	NO	HIGH	Gerard of Cremona
STAR_MIRFAK	Mirfak / alpha Persei	HIST_STAR_ATT_0191	mirfaq al-thurayyā	mirfaq al thurayya	ARABIC	ARABIC_TRANSLIT	DIN_31635	Kitab Suwar al-Kawakib al-Thabita (Book of the Fixed Stars)	Abd al-Rahman al-Sufi	964	964	MS Bodleian Marsh 144 (dated 1009/1010 AD) / ed. H.C.F.C. Schjellerup (St. Petersburg 1874)	fol. 44r	https://digital.bodleian.ox.ac.uk/objects/91c13149-14a0-431c-b636-2244bb6da5a6/	PRIMARY_MANUSCRIPT_AND_CRITICAL_EDITION	YES	NO	HIGH	al-Sufi elbow of the Pleiades
STAR_MIRFAK	Mirfak / alpha Persei	HIST_STAR_ATT_0192	mirfak	mirfak	LATINIZED_ARABIC	LATIN	MEDIEVAL_LATIN_DIRECT	Libros del Saber de Astronomia (Libro de las estrellas fixas)	Alfonso X el Sabio, Yehuda ben Moshe, Rabichag / ed. M. Rico y Sinobas	1252	1270	MS Madrid Univ. Complutense 156; ed. Manuel Rico y Sinobas (Madrid 1863), Vols. I-II	Vol. I, p. 70	http://alfonsox.org/libros-del-saber-de-astronomia/	PRIMARY_MANUSCRIPT_AND_CRITICAL_EDITION	YES	NO	HIGH	Alfonsine table
STAR_MIRFAK	Mirfak / alpha Persei	HIST_STAR_ATT_0193	cubitus persei	cubitus persei	LATIN	LATIN	MEDIEVAL_LATIN_DIRECT	Almagestum Cl. Ptolemei Pheludiensis (De stellis fixis)	Claudius Ptolemaeus (Gerard of Cremona trans.) / P. Kunitzsch (ed.)	1175	1175	MS Paris BnF lat. 16200; printed Peter Liechtenstein, Venice 1515; ed. Kunitzsch (1974)	fol. 77r	Kunitzsch (1974), Der Almagest: Die Syntaxis Mathematica in arabisch-lateinischer Uberlieferung	CRITICAL_EDITION	YES	NO	HIGH	Gerard of Cremona
STAR_MIZAR	Mizar / zeta Ursae Majoris	HIST_STAR_ATT_0194	al-mi’zar	al mizar	ARABIC	ARABIC_TRANSLIT	DIN_31635	Kitab Suwar al-Kawakib al-Thabita (Book of the Fixed Stars)	Abd al-Rahman al-Sufi	964	964	MS Bodleian Marsh 144 (dated 1009/1010 AD) / ed. H.C.F.C. Schjellerup (St. Petersburg 1874)	fol. 28r	https://digital.bodleian.ox.ac.uk/objects/91c13149-14a0-431c-b636-2244bb6da5a6/	PRIMARY_MANUSCRIPT_AND_CRITICAL_EDITION	YES	NO	HIGH	al-Sufi the waist-cloth
STAR_MIZAR	Mizar / zeta Ursae Majoris	HIST_STAR_ATT_0195	mizar	mizar	MIDDLE_ENGLISH_AND_LATIN	LATIN	MEDIEVAL_LATIN_DIRECT	A Treatise on the Astrolabe (Part II, Tabula stellarum fixarum)	Geoffrey Chaucer / ed. W.W. Skeat	1391	1391	MS Cambridge Dd.3.53, MS Bodley 619; ed. W.W. Skeat (1872), Chaucer Society	Part II, table entry 25	https://chaucer.fas.harvard.edu/pages/treatise-astrolabe	CRITICAL_EDITION	YES	NO	HIGH	Chaucer Astrolabe table
STAR_MIZAR	Mizar / zeta Ursae Majoris	HIST_STAR_ATT_0196	fascia ursae	fascia ursae	LATIN	LATIN	MEDIEVAL_LATIN_DIRECT	Almagestum Cl. Ptolemei Pheludiensis (De stellis fixis)	Claudius Ptolemaeus (Gerard of Cremona trans.) / P. Kunitzsch (ed.)	1175	1175	MS Paris BnF lat. 16200; printed Peter Liechtenstein, Venice 1515; ed. Kunitzsch (1974)	fol. 74r	Kunitzsch (1974), Der Almagest: Die Syntaxis Mathematica in arabisch-lateinischer Uberlieferung	CRITICAL_EDITION	YES	NO	HIGH	Gerard of Cremona
STAR_NUNKI	Nunki / sigma Sagittarii	HIST_STAR_ATT_0197	al-ṣādira	al sadira	ARABIC	ARABIC_TRANSLIT	DIN_31635	Kitab Suwar al-Kawakib al-Thabita (Book of the Fixed Stars)	Abd al-Rahman al-Sufi	964	964	MS Bodleian Marsh 144 (dated 1009/1010 AD) / ed. H.C.F.C. Schjellerup (St. Petersburg 1874)	fol. 85r	https://digital.bodleian.ox.ac.uk/objects/91c13149-14a0-431c-b636-2244bb6da5a6/	PRIMARY_MANUSCRIPT_AND_CRITICAL_EDITION	YES	NO	HIGH	al-Sufi the returning ostriches
STAR_NUNKI	Nunki / sigma Sagittarii	HIST_STAR_ATT_0198	nunki	nunki	LATIN	LATIN	MEDIEVAL_LATIN_DIRECT	Libros del Saber de Astronomia (Libro de las estrellas fixas)	Alfonso X el Sabio, Yehuda ben Moshe, Rabichag / ed. M. Rico y Sinobas	1252	1270	MS Madrid Univ. Complutense 156; ed. Manuel Rico y Sinobas (Madrid 1863), Vols. I-II	Vol. I, p. 108	http://alfonsox.org/libros-del-saber-de-astronomia/	PRIMARY_MANUSCRIPT_AND_CRITICAL_EDITION	YES	NO	HIGH	Alfonsine table
STAR_NUNKI	Nunki / sigma Sagittarii	HIST_STAR_ATT_0199	pectus sagittarii	pectus sagittarii	LATIN	LATIN	MEDIEVAL_LATIN_DIRECT	Almagestum Cl. Ptolemei Pheludiensis (De stellis fixis)	Claudius Ptolemaeus (Gerard of Cremona trans.) / P. Kunitzsch (ed.)	1175	1175	MS Paris BnF lat. 16200; printed Peter Liechtenstein, Venice 1515; ed. Kunitzsch (1974)	fol. 85v	Kunitzsch (1974), Der Almagest: Die Syntaxis Mathematica in arabisch-lateinischer Uberlieferung	CRITICAL_EDITION	YES	NO	HIGH	Gerard of Cremona
STAR_PHERKAD	Pherkad / gamma Ursae Minoris	HIST_STAR_ATT_0200	al-farqad	al farqad	ARABIC	ARABIC_TRANSLIT	DIN_31635	Kitab Suwar al-Kawakib al-Thabita (Book of the Fixed Stars)	Abd al-Rahman al-Sufi	964	964	MS Bodleian Marsh 144 (dated 1009/1010 AD) / ed. H.C.F.C. Schjellerup (St. Petersburg 1874)	fol. 24v	https://digital.bodleian.ox.ac.uk/objects/91c13149-14a0-431c-b636-2244bb6da5a6/	PRIMARY_MANUSCRIPT_AND_CRITICAL_EDITION	YES	NO	HIGH	al-Sufi the calf
STAR_PHERKAD	Pherkad / gamma Ursae Minoris	HIST_STAR_ATT_0201	pherkad	pherkad	LATINIZED_ARABIC	LATIN	MEDIEVAL_LATIN_DIRECT	Libros del Saber de Astronomia (Libro de las estrellas fixas)	Alfonso X el Sabio, Yehuda ben Moshe, Rabichag / ed. M. Rico y Sinobas	1252	1270	MS Madrid Univ. Complutense 156; ed. Manuel Rico y Sinobas (Madrid 1863), Vols. I-II	Vol. I, p. 41	http://alfonsox.org/libros-del-saber-de-astronomia/	PRIMARY_MANUSCRIPT_AND_CRITICAL_EDITION	YES	NO	HIGH	Alfonsine table
STAR_PHERKAD	Pherkad / gamma Ursae Minoris	HIST_STAR_ATT_0202	pullus ursae	pullus ursae	LATIN	LATIN	MEDIEVAL_LATIN_DIRECT	Almagestum Cl. Ptolemei Pheludiensis (De stellis fixis)	Claudius Ptolemaeus (Gerard of Cremona trans.) / P. Kunitzsch (ed.)	1175	1175	MS Paris BnF lat. 16200; printed Peter Liechtenstein, Venice 1515; ed. Kunitzsch (1974)	fol. 73v	Kunitzsch (1974), Der Almagest: Die Syntaxis Mathematica in arabisch-lateinischer Uberlieferung	CRITICAL_EDITION	YES	NO	HIGH	Gerard of Cremona
STAR_PHECDA	Phecda / gamma Ursae Majoris	HIST_STAR_ATT_0203	fakhidh al-dubb	fakhidh al dubb	ARABIC	ARABIC_TRANSLIT	DIN_31635	Kitab Suwar al-Kawakib al-Thabita (Book of the Fixed Stars)	Abd al-Rahman al-Sufi	964	964	MS Bodleian Marsh 144 (dated 1009/1010 AD) / ed. H.C.F.C. Schjellerup (St. Petersburg 1874)	fol. 27r	https://digital.bodleian.ox.ac.uk/objects/91c13149-14a0-431c-b636-2244bb6da5a6/	PRIMARY_MANUSCRIPT_AND_CRITICAL_EDITION	YES	NO	HIGH	al-Sufi thigh of the bear
STAR_PHECDA	Phecda / gamma Ursae Majoris	HIST_STAR_ATT_0204	phecda	phecda	LATINIZED_ARABIC	LATIN	MEDIEVAL_LATIN_DIRECT	Libros del Saber de Astronomia (Libro de las estrellas fixas)	Alfonso X el Sabio, Yehuda ben Moshe, Rabichag / ed. M. Rico y Sinobas	1252	1270	MS Madrid Univ. Complutense 156; ed. Manuel Rico y Sinobas (Madrid 1863), Vols. I-II	Vol. I, p. 53	http://alfonsox.org/libros-del-saber-de-astronomia/	PRIMARY_MANUSCRIPT_AND_CRITICAL_EDITION	YES	NO	HIGH	Alfonsine table
STAR_PHECDA	Phecda / gamma Ursae Majoris	HIST_STAR_ATT_0205	femur ursae	femur ursae	LATIN	LATIN	MEDIEVAL_LATIN_DIRECT	Almagestum Cl. Ptolemei Pheludiensis (De stellis fixis)	Claudius Ptolemaeus (Gerard of Cremona trans.) / P. Kunitzsch (ed.)	1175	1175	MS Paris BnF lat. 16200; printed Peter Liechtenstein, Venice 1515; ed. Kunitzsch (1974)	fol. 74r	Kunitzsch (1974), Der Almagest: Die Syntaxis Mathematica in arabisch-lateinischer Uberlieferung	CRITICAL_EDITION	YES	NO	HIGH	Gerard of Cremona
STAR_POLARIS	Polaris / alpha Ursae Minoris	HIST_STAR_ATT_0206	al-jady	al jady	ARABIC	ARABIC_TRANSLIT	DIN_31635	Kitab Suwar al-Kawakib al-Thabita (Book of the Fixed Stars)	Abd al-Rahman al-Sufi	964	964	MS Bodleian Marsh 144 (dated 1009/1010 AD) / ed. H.C.F.C. Schjellerup (St. Petersburg 1874)	fol. 23v	https://digital.bodleian.ox.ac.uk/objects/91c13149-14a0-431c-b636-2244bb6da5a6/	PRIMARY_MANUSCRIPT_AND_CRITICAL_EDITION	YES	NO	HIGH	al-Sufi the kid goat / pole star
STAR_POLARIS	Polaris / alpha Ursae Minoris	HIST_STAR_ATT_0207	alrucaba	alrucaba	LATINIZED_ARABIC	LATIN	MEDIEVAL_LATIN_DIRECT	Libros del Saber de Astronomia (Libro de las estrellas fixas)	Alfonso X el Sabio, Yehuda ben Moshe, Rabichag / ed. M. Rico y Sinobas	1252	1270	MS Madrid Univ. Complutense 156; ed. Manuel Rico y Sinobas (Madrid 1863), Vols. I-II	Vol. I, p. 39	http://alfonsox.org/libros-del-saber-de-astronomia/	PRIMARY_MANUSCRIPT_AND_CRITICAL_EDITION	YES	NO	HIGH	Alfonsine table
STAR_POLARIS	Polaris / alpha Ursae Minoris	HIST_STAR_ATT_0208	polus	polus	MIDDLE_ENGLISH_AND_LATIN	LATIN	MEDIEVAL_LATIN_DIRECT	A Treatise on the Astrolabe (Part II, Tabula stellarum fixarum)	Geoffrey Chaucer / ed. W.W. Skeat	1391	1391	MS Cambridge Dd.3.53, MS Bodley 619; ed. W.W. Skeat (1872), Chaucer Society	Part II, table entry 1	https://chaucer.fas.harvard.edu/pages/treatise-astrolabe	CRITICAL_EDITION	YES	NO	HIGH	Chaucer Astrolabe table
STAR_POLARIS	Polaris / alpha Ursae Minoris	HIST_STAR_ATT_0209	stella maris	stella maris	LATIN	LATIN	MEDIEVAL_LATIN_DIRECT	Vienna Astrolabe Star Table (MS Vienna ONB 5415)	Johannes von Gmunden / Vienna Astronomical School	1435	1445	Osterreichische Nationalbibliothek, Cod. 5415, fols. 168r-172v	fol. 168v	Kunitzsch (1966), Typen von Sternverzeichnissen, Type XV	PRIMARY_MANUSCRIPT_AND_CRITICAL_EDITION	YES	NO	HIGH	Medieval maritime guide
STAR_POLLUX	Pollux / beta Geminorum	HIST_STAR_ATT_0210	ra’s al-taw’am al-mu’akhkhar	ras al tawam al muakhkhar	ARABIC	ARABIC_TRANSLIT	DIN_31635	Kitab Suwar al-Kawakib al-Thabita (Book of the Fixed Stars)	Abd al-Rahman al-Sufi	964	964	MS Bodleian Marsh 144 (dated 1009/1010 AD) / ed. H.C.F.C. Schjellerup (St. Petersburg 1874)	fol. 65v	https://digital.bodleian.ox.ac.uk/objects/91c13149-14a0-431c-b636-2244bb6da5a6/	PRIMARY_MANUSCRIPT_AND_CRITICAL_EDITION	YES	NO	HIGH	al-Sufi head of the rearmost twin
STAR_POLLUX	Pollux / beta Geminorum	HIST_STAR_ATT_0211	pollux	pollux	LATIN	LATIN	MEDIEVAL_LATIN_DIRECT	Almagestum Cl. Ptolemei Pheludiensis (De stellis fixis)	Claudius Ptolemaeus (Gerard of Cremona trans.) / P. Kunitzsch (ed.)	1175	1175	MS Paris BnF lat. 16200; printed Peter Liechtenstein, Venice 1515; ed. Kunitzsch (1974)	fol. 82r	Kunitzsch (1974), Der Almagest: Die Syntaxis Mathematica in arabisch-lateinischer Uberlieferung	CRITICAL_EDITION	YES	NO	HIGH	Gerard of Cremona
STAR_POLLUX	Pollux / beta Geminorum	HIST_STAR_ATT_0212	heracles	heracles	LATINIZED_GREEK	LATIN	MEDIEVAL_LATIN_DIRECT	Vienna Astrolabe Star Table (MS Vienna ONB 5415)	Johannes von Gmunden / Vienna Astronomical School	1435	1445	Osterreichische Nationalbibliothek, Cod. 5415, fols. 168r-172v	fol. 169v	Kunitzsch (1966), Typen von Sternverzeichnissen, Type XV	PRIMARY_MANUSCRIPT_AND_CRITICAL_EDITION	YES	NO	MEDIUM	Late medieval scholastic gloss
STAR_PORRIMA	Porrima / gamma Virginis	HIST_STAR_ATT_0213	zāwiyat al-‘awwā’	zawiyat al awwa	ARABIC	ARABIC_TRANSLIT	DIN_31635	Kitab Suwar al-Kawakib al-Thabita (Book of the Fixed Stars)	Abd al-Rahman al-Sufi	964	964	MS Bodleian Marsh 144 (dated 1009/1010 AD) / ed. H.C.F.C. Schjellerup (St. Petersburg 1874)	fol. 74r	https://digital.bodleian.ox.ac.uk/objects/91c13149-14a0-431c-b636-2244bb6da5a6/	PRIMARY_MANUSCRIPT_AND_CRITICAL_EDITION	YES	NO	HIGH	al-Sufi angle of the barker
STAR_PORRIMA	Porrima / gamma Virginis	HIST_STAR_ATT_0214	porrima	porrima	LATIN	LATIN	MEDIEVAL_LATIN_DIRECT	Libros del Saber de Astronomia (Libro de las estrellas fixas)	Alfonso X el Sabio, Yehuda ben Moshe, Rabichag / ed. M. Rico y Sinobas	1252	1270	MS Madrid Univ. Complutense 156; ed. Manuel Rico y Sinobas (Madrid 1863), Vols. I-II	Vol. I, p. 99	http://alfonsox.org/libros-del-saber-de-astronomia/	PRIMARY_MANUSCRIPT_AND_CRITICAL_EDITION	YES	NO	HIGH	Alfonsine table
STAR_PORRIMA	Porrima / gamma Virginis	HIST_STAR_ATT_0215	angulus virginis	angulus virginis	LATIN	LATIN	MEDIEVAL_LATIN_DIRECT	Almagestum Cl. Ptolemei Pheludiensis (De stellis fixis)	Claudius Ptolemaeus (Gerard of Cremona trans.) / P. Kunitzsch (ed.)	1175	1175	MS Paris BnF lat. 16200; printed Peter Liechtenstein, Venice 1515; ed. Kunitzsch (1974)	fol. 84r	Kunitzsch (1974), Der Almagest: Die Syntaxis Mathematica in arabisch-lateinischer Uberlieferung	CRITICAL_EDITION	YES	NO	HIGH	Gerard of Cremona
STAR_PROCYON	Procyon / alpha Canis Minoris	HIST_STAR_ATT_0216	al-shi‘rā al-sha‘āmiya	al shira al shaamiya	ARABIC	ARABIC_TRANSLIT	DIN_31635	Astrolabe Rete Inscriptions (Inv. 47632)	Anonymous Syrian or Mesopotamian metalsmith	890	900	History of Science Museum, Oxford, Inventory 47632	Pointer 7	https://www.mhs.ox.ac.uk/astrolabe/catalogue/reteReport/Astrolabe_ID=131.html	HISTORICAL_EPIGRAPHY	YES	NO	HIGH	9th-c. Syrian astrolabe
STAR_PROCYON	Procyon / alpha Canis Minoris	HIST_STAR_ATT_0217	algeuzech	algeuzech	MIDDLE_ENGLISH_AND_LATIN	LATIN	MEDIEVAL_LATIN_DIRECT	A Treatise on the Astrolabe (Part II, Tabula stellarum fixarum)	Geoffrey Chaucer / ed. W.W. Skeat	1391	1391	MS Cambridge Dd.3.53, MS Bodley 619; ed. W.W. Skeat (1872), Chaucer Society	Part II, table entry 17	https://chaucer.fas.harvard.edu/pages/treatise-astrolabe	CRITICAL_EDITION	YES	NO	HIGH	Chaucer Astrolabe table
STAR_PROCYON	Procyon / alpha Canis Minoris	HIST_STAR_ATT_0218	procyon	procyon	LATIN	LATIN	MEDIEVAL_LATIN_DIRECT	Almagestum Cl. Ptolemei Pheludiensis (De stellis fixis)	Claudius Ptolemaeus (Gerard of Cremona trans.) / P. Kunitzsch (ed.)	1175	1175	MS Paris BnF lat. 16200; printed Peter Liechtenstein, Venice 1515; ed. Kunitzsch (1974)	fol. 88v	Kunitzsch (1974), Der Almagest: Die Syntaxis Mathematica in arabisch-lateinischer Uberlieferung	CRITICAL_EDITION	YES	NO	HIGH	Gerard of Cremona
STAR_PROCYON	Procyon / alpha Canis Minoris	HIST_STAR_ATT_0219	antecanis	antecanis	LATIN	LATIN	MEDIEVAL_LATIN_DIRECT	Astrolabe Rete Inscriptions (Inv. 41468)	Anonymous French metalsmith	1390	1410	History of Science Museum, Oxford, Inventory 41468	Pointer 10	https://www.mhs.ox.ac.uk/astrolabe/catalogue/reteReport/Astrolabe_ID=237.html	HISTORICAL_EPIGRAPHY	YES	NO	HIGH	ca. 1400 Oxford astrolabe
STAR_RASALGETHI	Rasalgethi / alpha Herculis	HIST_STAR_ATT_0220	ra’s al-jāthī	ras al jathi	ARABIC	ARABIC_TRANSLIT	DIN_31635	Kitab Suwar al-Kawakib al-Thabita (Book of the Fixed Stars)	Abd al-Rahman al-Sufi	964	964	MS Bodleian Marsh 144 (dated 1009/1010 AD) / ed. H.C.F.C. Schjellerup (St. Petersburg 1874)	fol. 38r	https://digital.bodleian.ox.ac.uk/objects/91c13149-14a0-431c-b636-2244bb6da5a6/	PRIMARY_MANUSCRIPT_AND_CRITICAL_EDITION	YES	NO	HIGH	al-Sufi head of the kneeler
STAR_RASALGETHI	Rasalgethi / alpha Herculis	HIST_STAR_ATT_0221	rasalgethi	rasalgethi	LATINIZED_ARABIC	LATIN	MEDIEVAL_LATIN_DIRECT	Libros del Saber de Astronomia (Libro de las estrellas fixas)	Alfonso X el Sabio, Yehuda ben Moshe, Rabichag / ed. M. Rico y Sinobas	1252	1270	MS Madrid Univ. Complutense 156; ed. Manuel Rico y Sinobas (Madrid 1863), Vols. I-II	Vol. I, p. 66	http://alfonsox.org/libros-del-saber-de-astronomia/	PRIMARY_MANUSCRIPT_AND_CRITICAL_EDITION	YES	NO	HIGH	Alfonsine table
STAR_RASALGETHI	Rasalgethi / alpha Herculis	HIST_STAR_ATT_0222	caput geniculati	caput geniculati	LATIN	LATIN	MEDIEVAL_LATIN_DIRECT	Almagestum Cl. Ptolemei Pheludiensis (De stellis fixis)	Claudius Ptolemaeus (Gerard of Cremona trans.) / P. Kunitzsch (ed.)	1175	1175	MS Paris BnF lat. 16200; printed Peter Liechtenstein, Venice 1515; ed. Kunitzsch (1974)	fol. 75v	Kunitzsch (1974), Der Almagest: Die Syntaxis Mathematica in arabisch-lateinischer Uberlieferung	CRITICAL_EDITION	YES	NO	HIGH	Gerard of Cremona
STAR_RASALHAGUE	Rasalhague / alpha Ophiuchi	HIST_STAR_ATT_0223	ra’s al-ḥawwā’	ras al hawwa	ARABIC	ARABIC_TRANSLIT	DIN_31635	Astrolabe Rete Inscriptions (Inv. 47632)	Anonymous Syrian or Mesopotamian metalsmith	890	900	History of Science Museum, Oxford, Inventory 47632	Pointer 10	https://www.mhs.ox.ac.uk/astrolabe/catalogue/reteReport/Astrolabe_ID=131.html	HISTORICAL_EPIGRAPHY	YES	NO	HIGH	9th-c. Syrian astrolabe
STAR_RASALHAGUE	Rasalhague / alpha Ophiuchi	HIST_STAR_ATT_0224	rasalhague	rasalhague	MIDDLE_ENGLISH_AND_LATIN	LATIN	MEDIEVAL_LATIN_DIRECT	A Treatise on the Astrolabe (Part II, Tabula stellarum fixarum)	Geoffrey Chaucer / ed. W.W. Skeat	1391	1391	MS Cambridge Dd.3.53, MS Bodley 619; ed. W.W. Skeat (1872), Chaucer Society	Part II, table entry 34	https://chaucer.fas.harvard.edu/pages/treatise-astrolabe	CRITICAL_EDITION	YES	NO	HIGH	Chaucer Astrolabe table
STAR_RASALHAGUE	Rasalhague / alpha Ophiuchi	HIST_STAR_ATT_0225	caput serpentarii	caput serpentarii	LATIN	LATIN	MEDIEVAL_LATIN_DIRECT	Almagestum Cl. Ptolemei Pheludiensis (De stellis fixis)	Claudius Ptolemaeus (Gerard of Cremona trans.) / P. Kunitzsch (ed.)	1175	1175	MS Paris BnF lat. 16200; printed Peter Liechtenstein, Venice 1515; ed. Kunitzsch (1974)	fol. 78r	Kunitzsch (1974), Der Almagest: Die Syntaxis Mathematica in arabisch-lateinischer Uberlieferung	CRITICAL_EDITION	YES	NO	HIGH	Gerard of Cremona
STAR_RASTABAN	Rastaban / beta Draconis	HIST_STAR_ATT_0226	ra’s al-thu‘bān	ras al thuban	ARABIC	ARABIC_TRANSLIT	DIN_31635	Kitab Suwar al-Kawakib al-Thabita (Book of the Fixed Stars)	Abd al-Rahman al-Sufi	964	964	MS Bodleian Marsh 144 (dated 1009/1010 AD) / ed. H.C.F.C. Schjellerup (St. Petersburg 1874)	fol. 31v	https://digital.bodleian.ox.ac.uk/objects/91c13149-14a0-431c-b636-2244bb6da5a6/	PRIMARY_MANUSCRIPT_AND_CRITICAL_EDITION	YES	NO	HIGH	al-Sufi head of serpent
STAR_RASTABAN	Rastaban / beta Draconis	HIST_STAR_ATT_0227	rastaban	rastaban	LATINIZED_ARABIC	LATIN	MEDIEVAL_LATIN_DIRECT	Libros del Saber de Astronomia (Libro de las estrellas fixas)	Alfonso X el Sabio, Yehuda ben Moshe, Rabichag / ed. M. Rico y Sinobas	1252	1270	MS Madrid Univ. Complutense 156; ed. Manuel Rico y Sinobas (Madrid 1863), Vols. I-II	Vol. I, p. 45	http://alfonsox.org/libros-del-saber-de-astronomia/	PRIMARY_MANUSCRIPT_AND_CRITICAL_EDITION	YES	NO	HIGH	Alfonsine table
STAR_RASTABAN	Rastaban / beta Draconis	HIST_STAR_ATT_0228	caput serpentis draconis	caput serpentis draconis	LATIN	LATIN	MEDIEVAL_LATIN_DIRECT	Almagestum Cl. Ptolemei Pheludiensis (De stellis fixis)	Claudius Ptolemaeus (Gerard of Cremona trans.) / P. Kunitzsch (ed.)	1175	1175	MS Paris BnF lat. 16200; printed Peter Liechtenstein, Venice 1515; ed. Kunitzsch (1974)	fol. 75v	Kunitzsch (1974), Der Almagest: Die Syntaxis Mathematica in arabisch-lateinischer Uberlieferung	CRITICAL_EDITION	YES	NO	HIGH	Gerard of Cremona
STAR_REGULUS	Regulus / alpha Leonis	HIST_STAR_ATT_0229	qalb al-asad	qalb al asad	ARABIC	ARABIC_TRANSLIT	DIN_31635	Astrolabe Rete Inscriptions (Inv. 47632)	Anonymous Syrian or Mesopotamian metalsmith	890	900	History of Science Museum, Oxford, Inventory 47632	Pointer 6	https://www.mhs.ox.ac.uk/astrolabe/catalogue/reteReport/Astrolabe_ID=131.html	HISTORICAL_EPIGRAPHY	YES	NO	HIGH	9th-c. Syrian astrolabe
STAR_REGULUS	Regulus / alpha Leonis	HIST_STAR_ATT_0230	calbalasad	calbalasad	MIDDLE_ENGLISH_AND_LATIN	LATIN	MEDIEVAL_LATIN_DIRECT	A Treatise on the Astrolabe (Part II, Tabula stellarum fixarum)	Geoffrey Chaucer / ed. W.W. Skeat	1391	1391	MS Cambridge Dd.3.53, MS Bodley 619; ed. W.W. Skeat (1872), Chaucer Society	Part II, table entry 20	https://chaucer.fas.harvard.edu/pages/treatise-astrolabe	CRITICAL_EDITION	YES	NO	HIGH	Chaucer Astrolabe table
STAR_REGULUS	Regulus / alpha Leonis	HIST_STAR_ATT_0231	regulus	regulus	LATIN	LATIN	MEDIEVAL_LATIN_DIRECT	Almagestum Cl. Ptolemei Pheludiensis (De stellis fixis)	Claudius Ptolemaeus (Gerard of Cremona trans.) / P. Kunitzsch (ed.)	1175	1175	MS Paris BnF lat. 16200; printed Peter Liechtenstein, Venice 1515; ed. Kunitzsch (1974)	fol. 83v	Kunitzsch (1974), Der Almagest: Die Syntaxis Mathematica in arabisch-lateinischer Uberlieferung	CRITICAL_EDITION	YES	NO	HIGH	Gerard of Cremona
STAR_REGULUS	Regulus / alpha Leonis	HIST_STAR_ATT_0232	basiliscus	basiliscus	LATINIZED_GREEK	LATIN	MEDIEVAL_LATIN_DIRECT	Typen von Sternverzeichnissen: Type III (Johannes Hispalensis / John of Seville)	Johannes Hispalensis (John of Seville) / P. Kunitzsch (ed.)	1140	1150	MS Paris BnF lat. 16208; ed. Kunitzsch (1966) pp. 31-46	Type III, Entry 12	Kunitzsch (1966), Typen von Sternverzeichnissen, pp. 31-46	CRITICAL_EDITION	YES	NO	HIGH	John of Seville
STAR_REGULUS	Regulus / alpha Leonis	HIST_STAR_ATT_0233	cor leonis	cor leonis	LATIN	LATIN	MEDIEVAL_LATIN_DIRECT	Astrolabe Rete Inscriptions (Inv. 41468)	Anonymous French metalsmith	1390	1410	History of Science Museum, Oxford, Inventory 41468	Pointer 11	https://www.mhs.ox.ac.uk/astrolabe/catalogue/reteReport/Astrolabe_ID=237.html	HISTORICAL_EPIGRAPHY	YES	NO	HIGH	ca. 1400 Oxford astrolabe
STAR_RIGEL	Rigel / beta Orionis	HIST_STAR_ATT_0234	rijl al-jawzā’	rijl al jawza	ARABIC	ARABIC_TRANSLIT	DIN_31635	Astrolabe Rete Inscriptions (Inv. 47632)	Anonymous Syrian or Mesopotamian metalsmith	890	900	History of Science Museum, Oxford, Inventory 47632	Pointer 4	https://www.mhs.ox.ac.uk/astrolabe/catalogue/reteReport/Astrolabe_ID=131.html	HISTORICAL_EPIGRAPHY	YES	NO	HIGH	9th-c. Syrian astrolabe
STAR_RIGEL	Rigel / beta Orionis	HIST_STAR_ATT_0235	rigel	rigel	MIDDLE_ENGLISH_AND_LATIN	LATIN	MEDIEVAL_LATIN_DIRECT	A Treatise on the Astrolabe (Part II, Tabula stellarum fixarum)	Geoffrey Chaucer / ed. W.W. Skeat	1391	1391	MS Cambridge Dd.3.53, MS Bodley 619; ed. W.W. Skeat (1872), Chaucer Society	Part II, table entry 9	https://chaucer.fas.harvard.edu/pages/treatise-astrolabe	CRITICAL_EDITION	YES	NO	HIGH	Chaucer Astrolabe table
STAR_RIGEL	Rigel / beta Orionis	HIST_STAR_ATT_0236	algebar	algebar	LATINIZED_ARABIC	LATIN	MEDIEVAL_LATIN_DIRECT	Typen von Sternverzeichnissen: Type II (Pseudo-Messahalla Star List)	Pseudo-Messahalla / P. Kunitzsch (ed.)	1150	1200	MS London BL Arundel 268; ed. Kunitzsch (1966) pp. 23-30	Type II, Entry 4	Kunitzsch (1966), Typen von Sternverzeichnissen, pp. 23-30	CRITICAL_EDITION	YES	NO	HIGH	Pseudo-Messahalla
STAR_RIGEL	Rigel / beta Orionis	HIST_STAR_ATT_0237	pes orionis	pes orionis	LATIN	LATIN	MEDIEVAL_LATIN_DIRECT	Almagestum Cl. Ptolemei Pheludiensis (De stellis fixis)	Claudius Ptolemaeus (Gerard of Cremona trans.) / P. Kunitzsch (ed.)	1175	1175	MS Paris BnF lat. 16200; printed Peter Liechtenstein, Venice 1515; ed. Kunitzsch (1974)	fol. 87r	Kunitzsch (1974), Der Almagest: Die Syntaxis Mathematica in arabisch-lateinischer Uberlieferung	CRITICAL_EDITION	YES	NO	HIGH	Gerard of Cremona
STAR_RUKBAT	Rukbat / alpha Sagittarii	HIST_STAR_ATT_0238	rukbat al-rāmī	rukbat al rami	ARABIC	ARABIC_TRANSLIT	DIN_31635	Kitab Suwar al-Kawakib al-Thabita (Book of the Fixed Stars)	Abd al-Rahman al-Sufi	964	964	MS Bodleian Marsh 144 (dated 1009/1010 AD) / ed. H.C.F.C. Schjellerup (St. Petersburg 1874)	fol. 83v	https://digital.bodleian.ox.ac.uk/objects/91c13149-14a0-431c-b636-2244bb6da5a6/	PRIMARY_MANUSCRIPT_AND_CRITICAL_EDITION	YES	NO	HIGH	al-Sufi knee of the archer
STAR_RUKBAT	Rukbat / alpha Sagittarii	HIST_STAR_ATT_0239	rukbat	rukbat	LATINIZED_ARABIC	LATIN	MEDIEVAL_LATIN_DIRECT	Libros del Saber de Astronomia (Libro de las estrellas fixas)	Alfonso X el Sabio, Yehuda ben Moshe, Rabichag / ed. M. Rico y Sinobas	1252	1270	MS Madrid Univ. Complutense 156; ed. Manuel Rico y Sinobas (Madrid 1863), Vols. I-II	Vol. I, p. 105	http://alfonsox.org/libros-del-saber-de-astronomia/	PRIMARY_MANUSCRIPT_AND_CRITICAL_EDITION	YES	NO	HIGH	Alfonsine table
STAR_RUKBAT	Rukbat / alpha Sagittarii	HIST_STAR_ATT_0240	genu sagittarii	genu sagittarii	LATIN	LATIN	MEDIEVAL_LATIN_DIRECT	Almagestum Cl. Ptolemei Pheludiensis (De stellis fixis)	Claudius Ptolemaeus (Gerard of Cremona trans.) / P. Kunitzsch (ed.)	1175	1175	MS Paris BnF lat. 16200; printed Peter Liechtenstein, Venice 1515; ed. Kunitzsch (1974)	fol. 85v	Kunitzsch (1974), Der Almagest: Die Syntaxis Mathematica in arabisch-lateinischer Uberlieferung	CRITICAL_EDITION	YES	NO	HIGH	Gerard of Cremona
STAR_SADALMELIK	Sadalmelik / alpha Aquarii	HIST_STAR_ATT_0241	sa‘d al-malik	sad al malik	ARABIC	ARABIC_TRANSLIT	DIN_31635	Kitab Suwar al-Kawakib al-Thabita (Book of the Fixed Stars)	Abd al-Rahman al-Sufi	964	964	MS Bodleian Marsh 144 (dated 1009/1010 AD) / ed. H.C.F.C. Schjellerup (St. Petersburg 1874)	fol. 92r	https://digital.bodleian.ox.ac.uk/objects/91c13149-14a0-431c-b636-2244bb6da5a6/	PRIMARY_MANUSCRIPT_AND_CRITICAL_EDITION	YES	NO	HIGH	al-Sufi lucky star of the king
STAR_SADALMELIK	Sadalmelik / alpha Aquarii	HIST_STAR_ATT_0242	sadalmelik	sadalmelik	LATINIZED_ARABIC	LATIN	MEDIEVAL_LATIN_DIRECT	Libros del Saber de Astronomia (Libro de las estrellas fixas)	Alfonso X el Sabio, Yehuda ben Moshe, Rabichag / ed. M. Rico y Sinobas	1252	1270	MS Madrid Univ. Complutense 156; ed. Manuel Rico y Sinobas (Madrid 1863), Vols. I-II	Vol. I, p. 115	http://alfonsox.org/libros-del-saber-de-astronomia/	PRIMARY_MANUSCRIPT_AND_CRITICAL_EDITION	YES	NO	HIGH	Alfonsine table
STAR_SADALMELIK	Sadalmelik / alpha Aquarii	HIST_STAR_ATT_0243	fortuna regis	fortuna regis	LATIN	LATIN	MEDIEVAL_LATIN_DIRECT	Almagestum Cl. Ptolemei Pheludiensis (De stellis fixis)	Claudius Ptolemaeus (Gerard of Cremona trans.) / P. Kunitzsch (ed.)	1175	1175	MS Paris BnF lat. 16200; printed Peter Liechtenstein, Venice 1515; ed. Kunitzsch (1974)	fol. 86v	Kunitzsch (1974), Der Almagest: Die Syntaxis Mathematica in arabisch-lateinischer Uberlieferung	CRITICAL_EDITION	YES	NO	HIGH	Gerard of Cremona
STAR_SADALSUUD	Sadalsuud / beta Aquarii	HIST_STAR_ATT_0244	sa‘d al-su‘ūd	sad al suud	ARABIC	ARABIC_TRANSLIT	DIN_31635	Kitab Suwar al-Kawakib al-Thabita (Book of the Fixed Stars)	Abd al-Rahman al-Sufi	964	964	MS Bodleian Marsh 144 (dated 1009/1010 AD) / ed. H.C.F.C. Schjellerup (St. Petersburg 1874)	fol. 91v	https://digital.bodleian.ox.ac.uk/objects/91c13149-14a0-431c-b636-2244bb6da5a6/	PRIMARY_MANUSCRIPT_AND_CRITICAL_EDITION	YES	NO	HIGH	al-Sufi luck of lucks
STAR_SADALSUUD	Sadalsuud / beta Aquarii	HIST_STAR_ATT_0245	sadalsuud	sadalsuud	LATINIZED_ARABIC	LATIN	MEDIEVAL_LATIN_DIRECT	Libros del Saber de Astronomia (Libro de las estrellas fixas)	Alfonso X el Sabio, Yehuda ben Moshe, Rabichag / ed. M. Rico y Sinobas	1252	1270	MS Madrid Univ. Complutense 156; ed. Manuel Rico y Sinobas (Madrid 1863), Vols. I-II	Vol. I, p. 114	http://alfonsox.org/libros-del-saber-de-astronomia/	PRIMARY_MANUSCRIPT_AND_CRITICAL_EDITION	YES	NO	HIGH	Alfonsine table
STAR_SADALSUUD	Sadalsuud / beta Aquarii	HIST_STAR_ATT_0246	fortuna fortunarum	fortuna fortunarum	LATIN	LATIN	MEDIEVAL_LATIN_DIRECT	Almagestum Cl. Ptolemei Pheludiensis (De stellis fixis)	Claudius Ptolemaeus (Gerard of Cremona trans.) / P. Kunitzsch (ed.)	1175	1175	MS Paris BnF lat. 16200; printed Peter Liechtenstein, Venice 1515; ed. Kunitzsch (1974)	fol. 86v	Kunitzsch (1974), Der Almagest: Die Syntaxis Mathematica in arabisch-lateinischer Uberlieferung	CRITICAL_EDITION	YES	NO	HIGH	Gerard of Cremona
STAR_SARGAS	Sargas / theta Scorpii	HIST_STAR_ATT_0247	al-la‘qa	al laqa	ARABIC	ARABIC_TRANSLIT	DIN_31635	Kitab Suwar al-Kawakib al-Thabita (Book of the Fixed Stars)	Abd al-Rahman al-Sufi	964	964	MS Bodleian Marsh 144 (dated 1009/1010 AD) / ed. H.C.F.C. Schjellerup (St. Petersburg 1874)	fol. 81v	https://digital.bodleian.ox.ac.uk/objects/91c13149-14a0-431c-b636-2244bb6da5a6/	PRIMARY_MANUSCRIPT_AND_CRITICAL_EDITION	YES	NO	HIGH	al-Sufi sting of the scorpion
STAR_SARGAS	Sargas / theta Scorpii	HIST_STAR_ATT_0248	sargas	sargas	LATINIZED_ARABIC	LATIN	MEDIEVAL_LATIN_DIRECT	Libros del Saber de Astronomia (Libro de las estrellas fixas)	Alfonso X el Sabio, Yehuda ben Moshe, Rabichag / ed. M. Rico y Sinobas	1252	1270	MS Madrid Univ. Complutense 156; ed. Manuel Rico y Sinobas (Madrid 1863), Vols. I-II	Vol. I, p. 103	http://alfonsox.org/libros-del-saber-de-astronomia/	PRIMARY_MANUSCRIPT_AND_CRITICAL_EDITION	YES	NO	HIGH	Alfonsine table
STAR_SARGAS	Sargas / theta Scorpii	HIST_STAR_ATT_0249	aculeus scorpionis	aculeus scorpionis	LATIN	LATIN	MEDIEVAL_LATIN_DIRECT	Almagestum Cl. Ptolemei Pheludiensis (De stellis fixis)	Claudius Ptolemaeus (Gerard of Cremona trans.) / P. Kunitzsch (ed.)	1175	1175	MS Paris BnF lat. 16200; printed Peter Liechtenstein, Venice 1515; ed. Kunitzsch (1974)	fol. 85r	Kunitzsch (1974), Der Almagest: Die Syntaxis Mathematica in arabisch-lateinischer Uberlieferung	CRITICAL_EDITION	YES	NO	HIGH	Gerard of Cremona
STAR_SCHEAT	Scheat / beta Pegasi	HIST_STAR_ATT_0250	mankib al-faras	mankib al faras	ARABIC	ARABIC_TRANSLIT	DIN_31635	Astrolabe Rete Inscriptions (Inv. 47632)	Anonymous Syrian or Mesopotamian metalsmith	890	900	History of Science Museum, Oxford, Inventory 47632	Pointer 15	https://www.mhs.ox.ac.uk/astrolabe/catalogue/reteReport/Astrolabe_ID=131.html	HISTORICAL_EPIGRAPHY	YES	NO	HIGH	9th-c. Syrian astrolabe
STAR_SCHEAT	Scheat / beta Pegasi	HIST_STAR_ATT_0251	scheat	scheat	LATINIZED_ARABIC	LATIN	MEDIEVAL_LATIN_DIRECT	Libros del Saber de Astronomia (Libro de las estrellas fixas)	Alfonso X el Sabio, Yehuda ben Moshe, Rabichag / ed. M. Rico y Sinobas	1252	1270	MS Madrid Univ. Complutense 156; ed. Manuel Rico y Sinobas (Madrid 1863), Vols. I-II	Vol. I, p. 58	http://alfonsox.org/libros-del-saber-de-astronomia/	PRIMARY_MANUSCRIPT_AND_CRITICAL_EDITION	YES	NO	HIGH	Alfonsine table
STAR_SCHEAT	Scheat / beta Pegasi	HIST_STAR_ATT_0252	crus pegasi	crus pegasi	LATIN	LATIN	MEDIEVAL_LATIN_DIRECT	Almagestum Cl. Ptolemei Pheludiensis (De stellis fixis)	Claudius Ptolemaeus (Gerard of Cremona trans.) / P. Kunitzsch (ed.)	1175	1175	MS Paris BnF lat. 16200; printed Peter Liechtenstein, Venice 1515; ed. Kunitzsch (1974)	fol. 80v	Kunitzsch (1974), Der Almagest: Die Syntaxis Mathematica in arabisch-lateinischer Uberlieferung	CRITICAL_EDITION	YES	NO	HIGH	Gerard of Cremona
STAR_SCHEDAR	Schedar / alpha Cassiopeiae	HIST_STAR_ATT_0253	ṣadr dhāt al-kursī	sadr dhat al kursi	ARABIC	ARABIC_TRANSLIT	DIN_31635	Kitab Suwar al-Kawakib al-Thabita (Book of the Fixed Stars)	Abd al-Rahman al-Sufi	964	964	MS Bodleian Marsh 144 (dated 1009/1010 AD) / ed. H.C.F.C. Schjellerup (St. Petersburg 1874)	fol. 33r	https://digital.bodleian.ox.ac.uk/objects/91c13149-14a0-431c-b636-2244bb6da5a6/	PRIMARY_MANUSCRIPT_AND_CRITICAL_EDITION	YES	NO	HIGH	al-Sufi breast of lady in chair
STAR_SCHEDAR	Schedar / alpha Cassiopeiae	HIST_STAR_ATT_0254	schedar	schedar	LATINIZED_ARABIC	LATIN	MEDIEVAL_LATIN_DIRECT	Libros del Saber de Astronomia (Libro de las estrellas fixas)	Alfonso X el Sabio, Yehuda ben Moshe, Rabichag / ed. M. Rico y Sinobas	1252	1270	MS Madrid Univ. Complutense 156; ed. Manuel Rico y Sinobas (Madrid 1863), Vols. I-II	Vol. I, p. 46	http://alfonsox.org/libros-del-saber-de-astronomia/	PRIMARY_MANUSCRIPT_AND_CRITICAL_EDITION	YES	NO	HIGH	Alfonsine table
STAR_SCHEDAR	Schedar / alpha Cassiopeiae	HIST_STAR_ATT_0255	pectus cassiopeiae	pectus cassiopeiae	LATIN	LATIN	MEDIEVAL_LATIN_DIRECT	Almagestum Cl. Ptolemei Pheludiensis (De stellis fixis)	Claudius Ptolemaeus (Gerard of Cremona trans.) / P. Kunitzsch (ed.)	1175	1175	MS Paris BnF lat. 16200; printed Peter Liechtenstein, Venice 1515; ed. Kunitzsch (1974)	fol. 76r	Kunitzsch (1974), Der Almagest: Die Syntaxis Mathematica in arabisch-lateinischer Uberlieferung	CRITICAL_EDITION	YES	NO	HIGH	Gerard of Cremona
STAR_SHAULA	Shaula / lambda Scorpii	HIST_STAR_ATT_0256	al-shawla	al shawla	ARABIC	ARABIC_TRANSLIT	DIN_31635	Kitab Suwar al-Kawakib al-Thabita (Book of the Fixed Stars)	Abd al-Rahman al-Sufi	964	964	MS Bodleian Marsh 144 (dated 1009/1010 AD) / ed. H.C.F.C. Schjellerup (St. Petersburg 1874)	fol. 81r	https://digital.bodleian.ox.ac.uk/objects/91c13149-14a0-431c-b636-2244bb6da5a6/	PRIMARY_MANUSCRIPT_AND_CRITICAL_EDITION	YES	NO	HIGH	al-Sufi the raised tail / sting
STAR_SHAULA	Shaula / lambda Scorpii	HIST_STAR_ATT_0257	shaula	shaula	MIDDLE_ENGLISH_AND_LATIN	LATIN	MEDIEVAL_LATIN_DIRECT	A Treatise on the Astrolabe (Part II, Tabula stellarum fixarum)	Geoffrey Chaucer / ed. W.W. Skeat	1391	1391	MS Cambridge Dd.3.53, MS Bodley 619; ed. W.W. Skeat (1872), Chaucer Society	Part II, table entry 33	https://chaucer.fas.harvard.edu/pages/treatise-astrolabe	CRITICAL_EDITION	YES	NO	HIGH	Chaucer Astrolabe table
STAR_SHAULA	Shaula / lambda Scorpii	HIST_STAR_ATT_0258	aculeus	aculeus	LATIN	LATIN	MEDIEVAL_LATIN_DIRECT	Almagestum Cl. Ptolemei Pheludiensis (De stellis fixis)	Claudius Ptolemaeus (Gerard of Cremona trans.) / P. Kunitzsch (ed.)	1175	1175	MS Paris BnF lat. 16200; printed Peter Liechtenstein, Venice 1515; ed. Kunitzsch (1974)	fol. 85r	Kunitzsch (1974), Der Almagest: Die Syntaxis Mathematica in arabisch-lateinischer Uberlieferung	CRITICAL_EDITION	YES	NO	HIGH	Gerard of Cremona
STAR_SHERATAN	Sheratan / beta Arietis	HIST_STAR_ATT_0259	al-sharaṭān	al sharatan	ARABIC	ARABIC_TRANSLIT	DIN_31635	Kitab Suwar al-Kawakib al-Thabita (Book of the Fixed Stars)	Abd al-Rahman al-Sufi	964	964	MS Bodleian Marsh 144 (dated 1009/1010 AD) / ed. H.C.F.C. Schjellerup (St. Petersburg 1874)	fol. 58r	https://digital.bodleian.ox.ac.uk/objects/91c13149-14a0-431c-b636-2244bb6da5a6/	PRIMARY_MANUSCRIPT_AND_CRITICAL_EDITION	YES	NO	HIGH	al-Sufi the two signs
STAR_SHERATAN	Sheratan / beta Arietis	HIST_STAR_ATT_0260	sheratan	sheratan	LATINIZED_ARABIC	LATIN	MEDIEVAL_LATIN_DIRECT	Libros del Saber de Astronomia (Libro de las estrellas fixas)	Alfonso X el Sabio, Yehuda ben Moshe, Rabichag / ed. M. Rico y Sinobas	1252	1270	MS Madrid Univ. Complutense 156; ed. Manuel Rico y Sinobas (Madrid 1863), Vols. I-II	Vol. I, p. 77	http://alfonsox.org/libros-del-saber-de-astronomia/	PRIMARY_MANUSCRIPT_AND_CRITICAL_EDITION	YES	NO	HIGH	Alfonsine table
STAR_SHERATAN	Sheratan / beta Arietis	HIST_STAR_ATT_0261	cornu arietis	cornu arietis	LATIN	LATIN	MEDIEVAL_LATIN_DIRECT	Almagestum Cl. Ptolemei Pheludiensis (De stellis fixis)	Claudius Ptolemaeus (Gerard of Cremona trans.) / P. Kunitzsch (ed.)	1175	1175	MS Paris BnF lat. 16200; printed Peter Liechtenstein, Venice 1515; ed. Kunitzsch (1974)	fol. 81r	Kunitzsch (1974), Der Almagest: Die Syntaxis Mathematica in arabisch-lateinischer Uberlieferung	CRITICAL_EDITION	YES	NO	HIGH	Gerard of Cremona
STAR_SIRIUS	Sirius / alpha Canis Majoris	HIST_STAR_ATT_0262	al-shi‘rā al-yamāniya	al shira al yamaniya	ARABIC	ARABIC_TRANSLIT	DIN_31635	Astrolabe Rete Inscriptions (Inv. 47632)	Anonymous Syrian or Mesopotamian metalsmith	890	900	History of Science Museum, Oxford, Inventory 47632	Pointer 6	https://www.mhs.ox.ac.uk/astrolabe/catalogue/reteReport/Astrolabe_ID=131.html	HISTORICAL_EPIGRAPHY	YES	NO	HIGH	9th-c. Syrian astrolabe
STAR_SIRIUS	Sirius / alpha Canis Majoris	HIST_STAR_ATT_0263	alhabor	alhabor	MIDDLE_ENGLISH_AND_LATIN	LATIN	MEDIEVAL_LATIN_DIRECT	A Treatise on the Astrolabe (Part II, Tabula stellarum fixarum)	Geoffrey Chaucer / ed. W.W. Skeat	1391	1391	MS Cambridge Dd.3.53, MS Bodley 619; ed. W.W. Skeat (1872), Chaucer Society	Part II, table entry 15	https://chaucer.fas.harvard.edu/pages/treatise-astrolabe	CRITICAL_EDITION	YES	NO	HIGH	Chaucer Astrolabe table
STAR_SIRIUS	Sirius / alpha Canis Majoris	HIST_STAR_ATT_0264	sirius	sirius	LATIN	LATIN	MEDIEVAL_LATIN_DIRECT	Almagestum Cl. Ptolemei Pheludiensis (De stellis fixis)	Claudius Ptolemaeus (Gerard of Cremona trans.) / P. Kunitzsch (ed.)	1175	1175	MS Paris BnF lat. 16200; printed Peter Liechtenstein, Venice 1515; ed. Kunitzsch (1974)	fol. 88r	Kunitzsch (1974), Der Almagest: Die Syntaxis Mathematica in arabisch-lateinischer Uberlieferung	CRITICAL_EDITION	YES	NO	HIGH	Gerard of Cremona
STAR_SIRIUS	Sirius / alpha Canis Majoris	HIST_STAR_ATT_0265	canicula	canicula	LATIN	LATIN	MEDIEVAL_LATIN_DIRECT	Astrolabe Rete Inscriptions (Inv. 41468)	Anonymous French metalsmith	1390	1410	History of Science Museum, Oxford, Inventory 41468	Pointer 9	https://www.mhs.ox.ac.uk/astrolabe/catalogue/reteReport/Astrolabe_ID=237.html	HISTORICAL_EPIGRAPHY	YES	NO	HIGH	ca. 1400 Oxford astrolabe
STAR_SKAT	Skat / delta Aquarii	HIST_STAR_ATT_0266	al-sāq	al saq	ARABIC	ARABIC_TRANSLIT	DIN_31635	Kitab Suwar al-Kawakib al-Thabita (Book of the Fixed Stars)	Abd al-Rahman al-Sufi	964	964	MS Bodleian Marsh 144 (dated 1009/1010 AD) / ed. H.C.F.C. Schjellerup (St. Petersburg 1874)	fol. 92v	https://digital.bodleian.ox.ac.uk/objects/91c13149-14a0-431c-b636-2244bb6da5a6/	PRIMARY_MANUSCRIPT_AND_CRITICAL_EDITION	YES	NO	HIGH	al-Sufi the shin / leg
STAR_SKAT	Skat / delta Aquarii	HIST_STAR_ATT_0267	skat	skat	LATINIZED_ARABIC	LATIN	MEDIEVAL_LATIN_DIRECT	Libros del Saber de Astronomia (Libro de las estrellas fixas)	Alfonso X el Sabio, Yehuda ben Moshe, Rabichag / ed. M. Rico y Sinobas	1252	1270	MS Madrid Univ. Complutense 156; ed. Manuel Rico y Sinobas (Madrid 1863), Vols. I-II	Vol. I, p. 116	http://alfonsox.org/libros-del-saber-de-astronomia/	PRIMARY_MANUSCRIPT_AND_CRITICAL_EDITION	YES	NO	HIGH	Alfonsine table
STAR_SKAT	Skat / delta Aquarii	HIST_STAR_ATT_0268	tibia aquarii	tibia aquarii	LATIN	LATIN	MEDIEVAL_LATIN_DIRECT	Almagestum Cl. Ptolemei Pheludiensis (De stellis fixis)	Claudius Ptolemaeus (Gerard of Cremona trans.) / P. Kunitzsch (ed.)	1175	1175	MS Paris BnF lat. 16200; printed Peter Liechtenstein, Venice 1515; ed. Kunitzsch (1974)	fol. 86v	Kunitzsch (1974), Der Almagest: Die Syntaxis Mathematica in arabisch-lateinischer Uberlieferung	CRITICAL_EDITION	YES	NO	HIGH	Gerard of Cremona
STAR_SPICA	Spica / alpha Virginis	HIST_STAR_ATT_0269	al-simāk al-a‘zal	al simak al azal	ARABIC	ARABIC_TRANSLIT	DIN_31635	Astrolabe Rete Inscriptions (Inv. 47632)	Anonymous Syrian or Mesopotamian metalsmith	890	900	History of Science Museum, Oxford, Inventory 47632	Pointer 8	https://www.mhs.ox.ac.uk/astrolabe/catalogue/reteReport/Astrolabe_ID=131.html	HISTORICAL_EPIGRAPHY	YES	NO	HIGH	9th-c. Syrian astrolabe
STAR_SPICA	Spica / alpha Virginis	HIST_STAR_ATT_0270	azimech	azimech	MIDDLE_ENGLISH_AND_LATIN	LATIN	MEDIEVAL_LATIN_DIRECT	A Treatise on the Astrolabe (Part II, Tabula stellarum fixarum)	Geoffrey Chaucer / ed. W.W. Skeat	1391	1391	MS Cambridge Dd.3.53, MS Bodley 619; ed. W.W. Skeat (1872), Chaucer Society	Part II, table entry 28	https://chaucer.fas.harvard.edu/pages/treatise-astrolabe	CRITICAL_EDITION	YES	NO	HIGH	Chaucer Astrolabe table
STAR_SPICA	Spica / alpha Virginis	HIST_STAR_ATT_0271	spica	spica	LATIN	LATIN	MEDIEVAL_LATIN_DIRECT	Almagestum Cl. Ptolemei Pheludiensis (De stellis fixis)	Claudius Ptolemaeus (Gerard of Cremona trans.) / P. Kunitzsch (ed.)	1175	1175	MS Paris BnF lat. 16200; printed Peter Liechtenstein, Venice 1515; ed. Kunitzsch (1974)	fol. 84r	Kunitzsch (1974), Der Almagest: Die Syntaxis Mathematica in arabisch-lateinischer Uberlieferung	CRITICAL_EDITION	YES	NO	HIGH	Gerard of Cremona
STAR_SPICA	Spica / alpha Virginis	HIST_STAR_ATT_0272	spica virginis	spica virginis	LATIN	LATIN	MEDIEVAL_LATIN_DIRECT	Astrolabe Rete Inscriptions (Inv. 41468)	Anonymous French metalsmith	1390	1410	History of Science Museum, Oxford, Inventory 41468	Pointer 12	https://www.mhs.ox.ac.uk/astrolabe/catalogue/reteReport/Astrolabe_ID=237.html	HISTORICAL_EPIGRAPHY	YES	NO	HIGH	ca. 1400 Oxford astrolabe
STAR_SUBRA	Subra / omicron Leonis	HIST_STAR_ATT_0273	al-zubra	al zubra	ARABIC	ARABIC_TRANSLIT	DIN_31635	Kitab Suwar al-Kawakib al-Thabita (Book of the Fixed Stars)	Abd al-Rahman al-Sufi	964	964	MS Bodleian Marsh 144 (dated 1009/1010 AD) / ed. H.C.F.C. Schjellerup (St. Petersburg 1874)	fol. 72r	https://digital.bodleian.ox.ac.uk/objects/91c13149-14a0-431c-b636-2244bb6da5a6/	PRIMARY_MANUSCRIPT_AND_CRITICAL_EDITION	YES	NO	HIGH	al-Sufi the mane
STAR_SUBRA	Subra / omicron Leonis	HIST_STAR_ATT_0274	subra	subra	LATINIZED_ARABIC	LATIN	MEDIEVAL_LATIN_DIRECT	Libros del Saber de Astronomia (Libro de las estrellas fixas)	Alfonso X el Sabio, Yehuda ben Moshe, Rabichag / ed. M. Rico y Sinobas	1252	1270	MS Madrid Univ. Complutense 156; ed. Manuel Rico y Sinobas (Madrid 1863), Vols. I-II	Vol. I, p. 96	http://alfonsox.org/libros-del-saber-de-astronomia/	PRIMARY_MANUSCRIPT_AND_CRITICAL_EDITION	YES	NO	HIGH	Alfonsine table
STAR_SUBRA	Subra / omicron Leonis	HIST_STAR_ATT_0275	crines leonis	crines leonis	LATIN	LATIN	MEDIEVAL_LATIN_DIRECT	Almagestum Cl. Ptolemei Pheludiensis (De stellis fixis)	Claudius Ptolemaeus (Gerard of Cremona trans.) / P. Kunitzsch (ed.)	1175	1175	MS Paris BnF lat. 16200; printed Peter Liechtenstein, Venice 1515; ed. Kunitzsch (1974)	fol. 83v	Kunitzsch (1974), Der Almagest: Die Syntaxis Mathematica in arabisch-lateinischer Uberlieferung	CRITICAL_EDITION	YES	NO	HIGH	Gerard of Cremona
STAR_THUBAN	Thuban / alpha Draconis	HIST_STAR_ATT_0276	al-thu‘bān	al thuban	ARABIC	ARABIC_TRANSLIT	DIN_31635	Kitab Suwar al-Kawakib al-Thabita (Book of the Fixed Stars)	Abd al-Rahman al-Sufi	964	964	MS Bodleian Marsh 144 (dated 1009/1010 AD) / ed. H.C.F.C. Schjellerup (St. Petersburg 1874)	fol. 32r	https://digital.bodleian.ox.ac.uk/objects/91c13149-14a0-431c-b636-2244bb6da5a6/	PRIMARY_MANUSCRIPT_AND_CRITICAL_EDITION	YES	NO	HIGH	al-Sufi the basilisk / dragon
STAR_THUBAN	Thuban / alpha Draconis	HIST_STAR_ATT_0277	thuban	thuban	LATINIZED_ARABIC	LATIN	MEDIEVAL_LATIN_DIRECT	Libros del Saber de Astronomia (Libro de las estrellas fixas)	Alfonso X el Sabio, Yehuda ben Moshe, Rabichag / ed. M. Rico y Sinobas	1252	1270	MS Madrid Univ. Complutense 156; ed. Manuel Rico y Sinobas (Madrid 1863), Vols. I-II	Vol. I, p. 43	http://alfonsox.org/libros-del-saber-de-astronomia/	PRIMARY_MANUSCRIPT_AND_CRITICAL_EDITION	YES	NO	HIGH	Alfonsine table
STAR_THUBAN	Thuban / alpha Draconis	HIST_STAR_ATT_0278	draco	draco	LATIN	LATIN	MEDIEVAL_LATIN_DIRECT	Almagestum Cl. Ptolemei Pheludiensis (De stellis fixis)	Claudius Ptolemaeus (Gerard of Cremona trans.) / P. Kunitzsch (ed.)	1175	1175	MS Paris BnF lat. 16200; printed Peter Liechtenstein, Venice 1515; ed. Kunitzsch (1974)	fol. 75v	Kunitzsch (1974), Der Almagest: Die Syntaxis Mathematica in arabisch-lateinischer Uberlieferung	CRITICAL_EDITION	YES	NO	HIGH	Gerard of Cremona
STAR_UNUKALHAI	Unukalhai / alpha Serpentis	HIST_STAR_ATT_0279	‘unuq al-ḥayya	unuq al hayya	ARABIC	ARABIC_TRANSLIT	DIN_31635	Kitab Suwar al-Kawakib al-Thabita (Book of the Fixed Stars)	Abd al-Rahman al-Sufi	964	964	MS Bodleian Marsh 144 (dated 1009/1010 AD) / ed. H.C.F.C. Schjellerup (St. Petersburg 1874)	fol. 40r	https://digital.bodleian.ox.ac.uk/objects/91c13149-14a0-431c-b636-2244bb6da5a6/	PRIMARY_MANUSCRIPT_AND_CRITICAL_EDITION	YES	NO	HIGH	al-Sufi neck of the snake
STAR_UNUKALHAI	Unukalhai / alpha Serpentis	HIST_STAR_ATT_0280	unukalhai	unukalhai	LATINIZED_ARABIC	LATIN	MEDIEVAL_LATIN_DIRECT	Libros del Saber de Astronomia (Libro de las estrellas fixas)	Alfonso X el Sabio, Yehuda ben Moshe, Rabichag / ed. M. Rico y Sinobas	1252	1270	MS Madrid Univ. Complutense 156; ed. Manuel Rico y Sinobas (Madrid 1863), Vols. I-II	Vol. I, p. 68	http://alfonsox.org/libros-del-saber-de-astronomia/	PRIMARY_MANUSCRIPT_AND_CRITICAL_EDITION	YES	NO	HIGH	Alfonsine table
STAR_UNUKALHAI	Unukalhai / alpha Serpentis	HIST_STAR_ATT_0281	collum serpentis	collum serpentis	LATIN	LATIN	MEDIEVAL_LATIN_DIRECT	Almagestum Cl. Ptolemei Pheludiensis (De stellis fixis)	Claudius Ptolemaeus (Gerard of Cremona trans.) / P. Kunitzsch (ed.)	1175	1175	MS Paris BnF lat. 16200; printed Peter Liechtenstein, Venice 1515; ed. Kunitzsch (1974)	fol. 77v	Kunitzsch (1974), Der Almagest: Die Syntaxis Mathematica in arabisch-lateinischer Uberlieferung	CRITICAL_EDITION	YES	NO	HIGH	Gerard of Cremona
STAR_VEGA	Vega / alpha Lyrae	HIST_STAR_ATT_0282	al-wāqi‘	al waqi	ARABIC	ARABIC_TRANSLIT	DIN_31635	Astrolabe Rete Inscriptions (Inv. 47632)	Anonymous Syrian or Mesopotamian metalsmith	890	900	History of Science Museum, Oxford, Inventory 47632	Pointer 13	https://www.mhs.ox.ac.uk/astrolabe/catalogue/reteReport/Astrolabe_ID=131.html	HISTORICAL_EPIGRAPHY	YES	NO	HIGH	9th-c. Syrian astrolabe
STAR_VEGA	Vega / alpha Lyrae	HIST_STAR_ATT_0283	alvaca	alvaca	MIDDLE_ENGLISH_AND_LATIN	LATIN	MEDIEVAL_LATIN_DIRECT	A Treatise on the Astrolabe (Part II, Tabula stellarum fixarum)	Geoffrey Chaucer / ed. W.W. Skeat	1391	1391	MS Cambridge Dd.3.53, MS Bodley 619; ed. W.W. Skeat (1872), Chaucer Society	Part II, table entry 37	https://chaucer.fas.harvard.edu/pages/treatise-astrolabe	CRITICAL_EDITION	YES	NO	HIGH	Chaucer Astrolabe table
STAR_VEGA	Vega / alpha Lyrae	HIST_STAR_ATT_0284	vega	vega	LATINIZED_ARABIC	LATIN	MEDIEVAL_LATIN_DIRECT	Libros del Saber de Astronomia (Libro de las estrellas fixas)	Alfonso X el Sabio, Yehuda ben Moshe, Rabichag / ed. M. Rico y Sinobas	1252	1270	MS Madrid Univ. Complutense 156; ed. Manuel Rico y Sinobas (Madrid 1863), Vols. I-II	Vol. I, p. 50	http://alfonsox.org/libros-del-saber-de-astronomia/	PRIMARY_MANUSCRIPT_AND_CRITICAL_EDITION	YES	NO	HIGH	Alfonsine table
STAR_VEGA	Vega / alpha Lyrae	HIST_STAR_ATT_0285	vultur cadens	vultur cadens	LATIN	LATIN	MEDIEVAL_LATIN_DIRECT	Almagestum Cl. Ptolemei Pheludiensis (De stellis fixis)	Claudius Ptolemaeus (Gerard of Cremona trans.) / P. Kunitzsch (ed.)	1175	1175	MS Paris BnF lat. 16200; printed Peter Liechtenstein, Venice 1515; ed. Kunitzsch (1974)	fol. 78r	Kunitzsch (1974), Der Almagest: Die Syntaxis Mathematica in arabisch-lateinischer Uberlieferung	CRITICAL_EDITION	YES	NO	HIGH	Gerard of Cremona
STAR_VEGA	Vega / alpha Lyrae	HIST_STAR_ATT_0286	lyra	lyra	LATIN	LATIN	MEDIEVAL_LATIN_DIRECT	Astrolabe Rete Inscriptions (Inv. 41468)	Anonymous French metalsmith	1390	1410	History of Science Museum, Oxford, Inventory 41468	Pointer 17	https://www.mhs.ox.ac.uk/astrolabe/catalogue/reteReport/Astrolabe_ID=237.html	HISTORICAL_EPIGRAPHY	YES	NO	HIGH	ca. 1400 Oxford astrolabe
STAR_VINDEMIATRIX	Vindemiatrix / epsilon Virginis	HIST_STAR_ATT_0287	al-mukurram bi-l-qiṭāf	al mukurram bi l qitaf	ARABIC	ARABIC_TRANSLIT	DIN_31635	Kitab Suwar al-Kawakib al-Thabita (Book of the Fixed Stars)	Abd al-Rahman al-Sufi	964	964	MS Bodleian Marsh 144 (dated 1009/1010 AD) / ed. H.C.F.C. Schjellerup (St. Petersburg 1874)	fol. 74v	https://digital.bodleian.ox.ac.uk/objects/91c13149-14a0-431c-b636-2244bb6da5a6/	PRIMARY_MANUSCRIPT_AND_CRITICAL_EDITION	YES	NO	HIGH	al-Sufi herald of vintage
STAR_VINDEMIATRIX	Vindemiatrix / epsilon Virginis	HIST_STAR_ATT_0288	vindemiatrix	vindemiatrix	LATIN	LATIN	MEDIEVAL_LATIN_DIRECT	Almagestum Cl. Ptolemei Pheludiensis (De stellis fixis)	Claudius Ptolemaeus (Gerard of Cremona trans.) / P. Kunitzsch (ed.)	1175	1175	MS Paris BnF lat. 16200; printed Peter Liechtenstein, Venice 1515; ed. Kunitzsch (1974)	fol. 84r	Kunitzsch (1974), Der Almagest: Die Syntaxis Mathematica in arabisch-lateinischer Uberlieferung	CRITICAL_EDITION	YES	NO	HIGH	Gerard of Cremona
STAR_VINDEMIATRIX	Vindemiatrix / epsilon Virginis	HIST_STAR_ATT_0289	provindemiator	provindemiator	LATIN	LATIN	MEDIEVAL_LATIN_DIRECT	Vienna Astrolabe Star Table (MS Vienna ONB 5415)	Johannes von Gmunden / Vienna Astronomical School	1435	1445	Osterreichische Nationalbibliothek, Cod. 5415, fols. 168r-172v	fol. 170r	Kunitzsch (1966), Typen von Sternverzeichnissen, Type XV	PRIMARY_MANUSCRIPT_AND_CRITICAL_EDITION	YES	NO	HIGH	Vienna star table
STAR_WASAT	Wasat / delta Geminorum	HIST_STAR_ATT_0290	wasaṭ al-samā’	wasat al sama	ARABIC	ARABIC_TRANSLIT	DIN_31635	Kitab Suwar al-Kawakib al-Thabita (Book of the Fixed Stars)	Abd al-Rahman al-Sufi	964	964	MS Bodleian Marsh 144 (dated 1009/1010 AD) / ed. H.C.F.C. Schjellerup (St. Petersburg 1874)	fol. 66r	https://digital.bodleian.ox.ac.uk/objects/91c13149-14a0-431c-b636-2244bb6da5a6/	PRIMARY_MANUSCRIPT_AND_CRITICAL_EDITION	YES	NO	HIGH	al-Sufi the middle of the sky
STAR_WASAT	Wasat / delta Geminorum	HIST_STAR_ATT_0291	wasat	wasat	LATINIZED_ARABIC	LATIN	MEDIEVAL_LATIN_DIRECT	Libros del Saber de Astronomia (Libro de las estrellas fixas)	Alfonso X el Sabio, Yehuda ben Moshe, Rabichag / ed. M. Rico y Sinobas	1252	1270	MS Madrid Univ. Complutense 156; ed. Manuel Rico y Sinobas (Madrid 1863), Vols. I-II	Vol. I, p. 83	http://alfonsox.org/libros-del-saber-de-astronomia/	PRIMARY_MANUSCRIPT_AND_CRITICAL_EDITION	YES	NO	HIGH	Alfonsine table
STAR_WASAT	Wasat / delta Geminorum	HIST_STAR_ATT_0292	medium geminorum	medium geminorum	LATIN	LATIN	MEDIEVAL_LATIN_DIRECT	Almagestum Cl. Ptolemei Pheludiensis (De stellis fixis)	Claudius Ptolemaeus (Gerard of Cremona trans.) / P. Kunitzsch (ed.)	1175	1175	MS Paris BnF lat. 16200; printed Peter Liechtenstein, Venice 1515; ed. Kunitzsch (1974)	fol. 82r	Kunitzsch (1974), Der Almagest: Die Syntaxis Mathematica in arabisch-lateinischer Uberlieferung	CRITICAL_EDITION	YES	NO	HIGH	Gerard of Cremona
STAR_WEZN	Wezn / delta Canis Majoris	HIST_STAR_ATT_0293	al-wazn	al wazn	ARABIC	ARABIC_TRANSLIT	DIN_31635	Kitab Suwar al-Kawakib al-Thabita (Book of the Fixed Stars)	Abd al-Rahman al-Sufi	964	964	MS Bodleian Marsh 144 (dated 1009/1010 AD) / ed. H.C.F.C. Schjellerup (St. Petersburg 1874)	fol. 112r	https://digital.bodleian.ox.ac.uk/objects/91c13149-14a0-431c-b636-2244bb6da5a6/	PRIMARY_MANUSCRIPT_AND_CRITICAL_EDITION	YES	NO	HIGH	al-Sufi the heavy weight
STAR_WEZN	Wezn / delta Canis Majoris	HIST_STAR_ATT_0294	wezen	wezen	LATINIZED_ARABIC	LATIN	MEDIEVAL_LATIN_DIRECT	Libros del Saber de Astronomia (Libro de las estrellas fixas)	Alfonso X el Sabio, Yehuda ben Moshe, Rabichag / ed. M. Rico y Sinobas	1252	1270	MS Madrid Univ. Complutense 156; ed. Manuel Rico y Sinobas (Madrid 1863), Vols. I-II	Vol. I, p. 132	http://alfonsox.org/libros-del-saber-de-astronomia/	PRIMARY_MANUSCRIPT_AND_CRITICAL_EDITION	YES	NO	HIGH	Alfonsine table
STAR_WEZN	Wezn / delta Canis Majoris	HIST_STAR_ATT_0295	pondus	pondus	LATIN	LATIN	MEDIEVAL_LATIN_DIRECT	Almagestum Cl. Ptolemei Pheludiensis (De stellis fixis)	Claudius Ptolemaeus (Gerard of Cremona trans.) / P. Kunitzsch (ed.)	1175	1175	MS Paris BnF lat. 16200; printed Peter Liechtenstein, Venice 1515; ed. Kunitzsch (1974)	fol. 88v	Kunitzsch (1974), Der Almagest: Die Syntaxis Mathematica in arabisch-lateinischer Uberlieferung	CRITICAL_EDITION	YES	NO	HIGH	Gerard of Cremona
STAR_ZAVIJAVA	Zavijava / beta Virginis	HIST_STAR_ATT_0296	zāwiyat al-‘awwā’	zawiyat al awwa	ARABIC	ARABIC_TRANSLIT	DIN_31635	Kitab Suwar al-Kawakib al-Thabita (Book of the Fixed Stars)	Abd al-Rahman al-Sufi	964	964	MS Bodleian Marsh 144 (dated 1009/1010 AD) / ed. H.C.F.C. Schjellerup (St. Petersburg 1874)	fol. 73v	https://digital.bodleian.ox.ac.uk/objects/91c13149-14a0-431c-b636-2244bb6da5a6/	PRIMARY_MANUSCRIPT_AND_CRITICAL_EDITION	YES	NO	HIGH	al-Sufi corner of the kennel
STAR_ZAVIJAVA	Zavijava / beta Virginis	HIST_STAR_ATT_0297	zavijava	zavijava	LATINIZED_ARABIC	LATIN	MEDIEVAL_LATIN_DIRECT	Libros del Saber de Astronomia (Libro de las estrellas fixas)	Alfonso X el Sabio, Yehuda ben Moshe, Rabichag / ed. M. Rico y Sinobas	1252	1270	MS Madrid Univ. Complutense 156; ed. Manuel Rico y Sinobas (Madrid 1863), Vols. I-II	Vol. I, p. 98	http://alfonsox.org/libros-del-saber-de-astronomia/	PRIMARY_MANUSCRIPT_AND_CRITICAL_EDITION	YES	NO	HIGH	Alfonsine table
STAR_ZAVIJAVA	Zavijava / beta Virginis	HIST_STAR_ATT_0298	angulus	angulus	LATIN	LATIN	MEDIEVAL_LATIN_DIRECT	Almagestum Cl. Ptolemei Pheludiensis (De stellis fixis)	Claudius Ptolemaeus (Gerard of Cremona trans.) / P. Kunitzsch (ed.)	1175	1175	MS Paris BnF lat. 16200; printed Peter Liechtenstein, Venice 1515; ed. Kunitzsch (1974)	fol. 84r	Kunitzsch (1974), Der Almagest: Die Syntaxis Mathematica in arabisch-lateinischer Uberlieferung	CRITICAL_EDITION	YES	NO	HIGH	Gerard of Cremona
STAR_ZOSMA	Zosma / delta Leonis	HIST_STAR_ATT_0299	al-ẓahr	al zahr	ARABIC	ARABIC_TRANSLIT	DIN_31635	Kitab Suwar al-Kawakib al-Thabita (Book of the Fixed Stars)	Abd al-Rahman al-Sufi	964	964	MS Bodleian Marsh 144 (dated 1009/1010 AD) / ed. H.C.F.C. Schjellerup (St. Petersburg 1874)	fol. 71r	https://digital.bodleian.ox.ac.uk/objects/91c13149-14a0-431c-b636-2244bb6da5a6/	PRIMARY_MANUSCRIPT_AND_CRITICAL_EDITION	YES	NO	HIGH	al-Sufi back of the lion
STAR_ZOSMA	Zosma / delta Leonis	HIST_STAR_ATT_0300	zosma	zosma	LATINIZED_GREEK	LATIN	MEDIEVAL_LATIN_DIRECT	Almagestum Cl. Ptolemei Pheludiensis (De stellis fixis)	Claudius Ptolemaeus (Gerard of Cremona trans.) / P. Kunitzsch (ed.)	1175	1175	MS Paris BnF lat. 16200; printed Peter Liechtenstein, Venice 1515; ed. Kunitzsch (1974)	fol. 83v	Kunitzsch (1974), Der Almagest: Die Syntaxis Mathematica in arabisch-lateinischer Uberlieferung	CRITICAL_EDITION	YES	NO	HIGH	Gerard of Cremona girding / belt
STAR_ZOSMA	Zosma / delta Leonis	HIST_STAR_ATT_0301	succinctorium	succinctorium	LATIN	LATIN	MEDIEVAL_LATIN_DIRECT	Vienna Astrolabe Star Table (MS Vienna ONB 5415)	Johannes von Gmunden / Vienna Astronomical School	1435	1445	Osterreichische Nationalbibliothek, Cod. 5415, fols. 168r-172v	fol. 170r	Kunitzsch (1966), Typen von Sternverzeichnissen, Type XV	PRIMARY_MANUSCRIPT_AND_CRITICAL_EDITION	YES	NO	MEDIUM	Late medieval anatomical term
STAR_ZUBENELGENUBI	Zubenelgenubi / alpha Librae	HIST_STAR_ATT_0302	al-zubānā al-janūbiyya	al zubana al janubiyya	ARABIC	ARABIC_TRANSLIT	DIN_31635	Kitab Suwar al-Kawakib al-Thabita (Book of the Fixed Stars)	Abd al-Rahman al-Sufi	964	964	MS Bodleian Marsh 144 (dated 1009/1010 AD) / ed. H.C.F.C. Schjellerup (St. Petersburg 1874)	fol. 76v	https://digital.bodleian.ox.ac.uk/objects/91c13149-14a0-431c-b636-2244bb6da5a6/	PRIMARY_MANUSCRIPT_AND_CRITICAL_EDITION	YES	NO	HIGH	al-Sufi southern claw
STAR_ZUBENELGENUBI	Zubenelgenubi / alpha Librae	HIST_STAR_ATT_0303	kiffa australis	kiffa australis	LATINIZED_ARABIC	LATIN	MEDIEVAL_LATIN_DIRECT	Libros del Saber de Astronomia (Libro de las estrellas fixas)	Alfonso X el Sabio, Yehuda ben Moshe, Rabichag / ed. M. Rico y Sinobas	1252	1270	MS Madrid Univ. Complutense 156; ed. Manuel Rico y Sinobas (Madrid 1863), Vols. I-II	Vol. I, p. 101	http://alfonsox.org/libros-del-saber-de-astronomia/	PRIMARY_MANUSCRIPT_AND_CRITICAL_EDITION	YES	NO	HIGH	Alfonsine table southern scale tray
STAR_ZUBENELGENUBI	Zubenelgenubi / alpha Librae	HIST_STAR_ATT_0304	lanx australis	lanx australis	LATIN	LATIN	MEDIEVAL_LATIN_DIRECT	Almagestum Cl. Ptolemei Pheludiensis (De stellis fixis)	Claudius Ptolemaeus (Gerard of Cremona trans.) / P. Kunitzsch (ed.)	1175	1175	MS Paris BnF lat. 16200; printed Peter Liechtenstein, Venice 1515; ed. Kunitzsch (1974)	fol. 84v	Kunitzsch (1974), Der Almagest: Die Syntaxis Mathematica in arabisch-lateinischer Uberlieferung	CRITICAL_EDITION	YES	NO	HIGH	Gerard of Cremona
STAR_ZUBENESCHAMALI	Zubeneschamali / beta Librae	HIST_STAR_ATT_0305	al-zubānā al-shamāliyya	al zubana al shamaliyya	ARABIC	ARABIC_TRANSLIT	DIN_31635	Kitab Suwar al-Kawakib al-Thabita (Book of the Fixed Stars)	Abd al-Rahman al-Sufi	964	964	MS Bodleian Marsh 144 (dated 1009/1010 AD) / ed. H.C.F.C. Schjellerup (St. Petersburg 1874)	fol. 77r	https://digital.bodleian.ox.ac.uk/objects/91c13149-14a0-431c-b636-2244bb6da5a6/	PRIMARY_MANUSCRIPT_AND_CRITICAL_EDITION	YES	NO	HIGH	al-Sufi northern claw
STAR_ZUBENESCHAMALI	Zubeneschamali / beta Librae	HIST_STAR_ATT_0306	kiffa borealis	kiffa borealis	LATINIZED_ARABIC	LATIN	MEDIEVAL_LATIN_DIRECT	Libros del Saber de Astronomia (Libro de las estrellas fixas)	Alfonso X el Sabio, Yehuda ben Moshe, Rabichag / ed. M. Rico y Sinobas	1252	1270	MS Madrid Univ. Complutense 156; ed. Manuel Rico y Sinobas (Madrid 1863), Vols. I-II	Vol. I, p. 101	http://alfonsox.org/libros-del-saber-de-astronomia/	PRIMARY_MANUSCRIPT_AND_CRITICAL_EDITION	YES	NO	HIGH	Alfonsine table northern scale tray
STAR_ZUBENESCHAMALI	Zubeneschamali / beta Librae	HIST_STAR_ATT_0307	lanx borealis	lanx borealis	LATIN	LATIN	MEDIEVAL_LATIN_DIRECT	Almagestum Cl. Ptolemei Pheludiensis (De stellis fixis)	Claudius Ptolemaeus (Gerard of Cremona trans.) / P. Kunitzsch (ed.)	1175	1175	MS Paris BnF lat. 16200; printed Peter Liechtenstein, Venice 1515; ed. Kunitzsch (1974)	fol. 84v	Kunitzsch (1974), Der Almagest: Die Syntaxis Mathematica in arabisch-lateinischer Uberlieferung	CRITICAL_EDITION	YES	NO	HIGH	Gerard of Cremona
