table_hash	mode	kind	value	optimal_assignment_participation	optimal_assignment_count
f96400d09df7d45bd10b131d0c056319d3b871f1c1929c211feb508283ac61dd	UNCONSTRAINED_PAGE	LABEL	STAR_f68r2_12465	64	64
f96400d09df7d45bd10b131d0c056319d3b871f1c1929c211feb508283ac61dd	UNCONSTRAINED_PAGE	LABEL	STAR_f68r2_12486	64	64
f96400d09df7d45bd10b131d0c056319d3b871f1c1929c211feb508283ac61dd	UNCONSTRAINED_PAGE	LABEL	STAR_f68r2_12463	64	64
f96400d09df7d45bd10b131d0c056319d3b871f1c1929c211feb508283ac61dd	UNCONSTRAINED_PAGE	IDENTITY	STAR_MIRACH	64	64
f96400d09df7d45bd10b131d0c056319d3b871f1c1929c211feb508283ac61dd	UNCONSTRAINED_PAGE	IDENTITY	STAR_MENKAR	64	64
f96400d09df7d45bd10b131d0c056319d3b871f1c1929c211feb508283ac61dd	UNCONSTRAINED_PAGE	IDENTITY	STAR_ACHERNAR	1	64
f96400d09df7d45bd10b131d0c056319d3b871f1c1929c211feb508283ac61dd	UNCONSTRAINED_PAGE	IDENTITY	STAR_ACRAB	1	64
f96400d09df7d45bd10b131d0c056319d3b871f1c1929c211feb508283ac61dd	UNCONSTRAINED_PAGE	IDENTITY	STAR_ACUBENS	1	64
f96400d09df7d45bd10b131d0c056319d3b871f1c1929c211feb508283ac61dd	UNCONSTRAINED_PAGE	IDENTITY	STAR_ALCHIBA	1	64
f96400d09df7d45bd10b131d0c056319d3b871f1c1929c211feb508283ac61dd	UNCONSTRAINED_PAGE	IDENTITY	STAR_ALCOR	1	64
f96400d09df7d45bd10b131d0c056319d3b871f1c1929c211feb508283ac61dd	UNCONSTRAINED_PAGE	IDENTITY	STAR_ALDEBARAN	1	64
f96400d09df7d45bd10b131d0c056319d3b871f1c1929c211feb508283ac61dd	UNCONSTRAINED_PAGE	IDENTITY	STAR_ALDERAMIN	1	64
f96400d09df7d45bd10b131d0c056319d3b871f1c1929c211feb508283ac61dd	UNCONSTRAINED_PAGE	IDENTITY	STAR_ALGOL	1	64
f96400d09df7d45bd10b131d0c056319d3b871f1c1929c211feb508283ac61dd	UNCONSTRAINED_PAGE	IDENTITY	STAR_ALGORAB	1	64
f96400d09df7d45bd10b131d0c056319d3b871f1c1929c211feb508283ac61dd	UNCONSTRAINED_PAGE	IDENTITY	STAR_ALIOTH	1	64
f96400d09df7d45bd10b131d0c056319d3b871f1c1929c211feb508283ac61dd	UNCONSTRAINED_PAGE	IDENTITY	STAR_ALKAID	1	64
f96400d09df7d45bd10b131d0c056319d3b871f1c1929c211feb508283ac61dd	UNCONSTRAINED_PAGE	IDENTITY	STAR_ALMACH	2	64
f96400d09df7d45bd10b131d0c056319d3b871f1c1929c211feb508283ac61dd	UNCONSTRAINED_PAGE	IDENTITY	STAR_ALNATH	1	64
f96400d09df7d45bd10b131d0c056319d3b871f1c1929c211feb508283ac61dd	UNCONSTRAINED_PAGE	IDENTITY	STAR_ALNITAK	1	64
f96400d09df7d45bd10b131d0c056319d3b871f1c1929c211feb508283ac61dd	UNCONSTRAINED_PAGE	IDENTITY	STAR_ALPHARD	1	64
f96400d09df7d45bd10b131d0c056319d3b871f1c1929c211feb508283ac61dd	UNCONSTRAINED_PAGE	IDENTITY	STAR_ALPHERATZ	1	64
f96400d09df7d45bd10b131d0c056319d3b871f1c1929c211feb508283ac61dd	UNCONSTRAINED_PAGE	IDENTITY	STAR_ALRISHA	1	64
f96400d09df7d45bd10b131d0c056319d3b871f1c1929c211feb508283ac61dd	UNCONSTRAINED_PAGE	IDENTITY	STAR_ARCTURUS	2	64
f96400d09df7d45bd10b131d0c056319d3b871f1c1929c211feb508283ac61dd	UNCONSTRAINED_PAGE	IDENTITY	STAR_ASCELLA	1	64
f96400d09df7d45bd10b131d0c056319d3b871f1c1929c211feb508283ac61dd	UNCONSTRAINED_PAGE	IDENTITY	STAR_CANOPUS	1	64
f96400d09df7d45bd10b131d0c056319d3b871f1c1929c211feb508283ac61dd	UNCONSTRAINED_PAGE	IDENTITY	STAR_CAPELLA	3	64
f96400d09df7d45bd10b131d0c056319d3b871f1c1929c211feb508283ac61dd	UNCONSTRAINED_PAGE	IDENTITY	STAR_CAPH	2	64
f96400d09df7d45bd10b131d0c056319d3b871f1c1929c211feb508283ac61dd	UNCONSTRAINED_PAGE	IDENTITY	STAR_CASTOR	1	64
f96400d09df7d45bd10b131d0c056319d3b871f1c1929c211feb508283ac61dd	UNCONSTRAINED_PAGE	IDENTITY	STAR_COR_CAROLI	1	64
f96400d09df7d45bd10b131d0c056319d3b871f1c1929c211feb508283ac61dd	UNCONSTRAINED_PAGE	IDENTITY	STAR_DABIH	1	64
f96400d09df7d45bd10b131d0c056319d3b871f1c1929c211feb508283ac61dd	UNCONSTRAINED_PAGE	IDENTITY	STAR_DENEB	1	64
f96400d09df7d45bd10b131d0c056319d3b871f1c1929c211feb508283ac61dd	UNCONSTRAINED_PAGE	IDENTITY	STAR_DENEBOLA	1	64
f96400d09df7d45bd10b131d0c056319d3b871f1c1929c211feb508283ac61dd	UNCONSTRAINED_PAGE	IDENTITY	STAR_DIPHDA	1	64
f96400d09df7d45bd10b131d0c056319d3b871f1c1929c211feb508283ac61dd	UNCONSTRAINED_PAGE	IDENTITY	STAR_FOMALHAUT	1	64
f96400d09df7d45bd10b131d0c056319d3b871f1c1929c211feb508283ac61dd	UNCONSTRAINED_PAGE	IDENTITY	STAR_HAMAL	1	64
f96400d09df7d45bd10b131d0c056319d3b871f1c1929c211feb508283ac61dd	UNCONSTRAINED_PAGE	IDENTITY	STAR_KOCHAB	1	64
f96400d09df7d45bd10b131d0c056319d3b871f1c1929c211feb508283ac61dd	UNCONSTRAINED_PAGE	IDENTITY	STAR_MEGREZ	1	64
f96400d09df7d45bd10b131d0c056319d3b871f1c1929c211feb508283ac61dd	UNCONSTRAINED_PAGE	IDENTITY	STAR_MERAK	1	64
f96400d09df7d45bd10b131d0c056319d3b871f1c1929c211feb508283ac61dd	UNCONSTRAINED_PAGE	IDENTITY	STAR_MIRFAK	1	64
f96400d09df7d45bd10b131d0c056319d3b871f1c1929c211feb508283ac61dd	UNCONSTRAINED_PAGE	IDENTITY	STAR_MIZAR	1	64
f96400d09df7d45bd10b131d0c056319d3b871f1c1929c211feb508283ac61dd	UNCONSTRAINED_PAGE	IDENTITY	STAR_NUNKI	1	64
f96400d09df7d45bd10b131d0c056319d3b871f1c1929c211feb508283ac61dd	UNCONSTRAINED_PAGE	IDENTITY	STAR_PHECDA	1	64
f96400d09df7d45bd10b131d0c056319d3b871f1c1929c211feb508283ac61dd	UNCONSTRAINED_PAGE	IDENTITY	STAR_POLARIS	1	64
f96400d09df7d45bd10b131d0c056319d3b871f1c1929c211feb508283ac61dd	UNCONSTRAINED_PAGE	IDENTITY	STAR_POLLUX	1	64
f96400d09df7d45bd10b131d0c056319d3b871f1c1929c211feb508283ac61dd	UNCONSTRAINED_PAGE	IDENTITY	STAR_PROCYON	3	64
f96400d09df7d45bd10b131d0c056319d3b871f1c1929c211feb508283ac61dd	UNCONSTRAINED_PAGE	IDENTITY	STAR_RASALHAGUE	1	64
f96400d09df7d45bd10b131d0c056319d3b871f1c1929c211feb508283ac61dd	UNCONSTRAINED_PAGE	IDENTITY	STAR_REGULUS	3	64
f96400d09df7d45bd10b131d0c056319d3b871f1c1929c211feb508283ac61dd	UNCONSTRAINED_PAGE	IDENTITY	STAR_SCHEAT	2	64
f96400d09df7d45bd10b131d0c056319d3b871f1c1929c211feb508283ac61dd	UNCONSTRAINED_PAGE	IDENTITY	STAR_SCHEDAR	1	64
f96400d09df7d45bd10b131d0c056319d3b871f1c1929c211feb508283ac61dd	UNCONSTRAINED_PAGE	IDENTITY	STAR_SHAULA	1	64
f96400d09df7d45bd10b131d0c056319d3b871f1c1929c211feb508283ac61dd	UNCONSTRAINED_PAGE	IDENTITY	STAR_SHERATAN	1	64
f96400d09df7d45bd10b131d0c056319d3b871f1c1929c211feb508283ac61dd	UNCONSTRAINED_PAGE	IDENTITY	STAR_SPICA	3	64
f96400d09df7d45bd10b131d0c056319d3b871f1c1929c211feb508283ac61dd	UNCONSTRAINED_PAGE	IDENTITY	STAR_SUBRA	1	64
f96400d09df7d45bd10b131d0c056319d3b871f1c1929c211feb508283ac61dd	UNCONSTRAINED_PAGE	IDENTITY	STAR_THUBAN	1	64
f96400d09df7d45bd10b131d0c056319d3b871f1c1929c211feb508283ac61dd	UNCONSTRAINED_PAGE	IDENTITY	STAR_UNUKALHAI	1	64
f96400d09df7d45bd10b131d0c056319d3b871f1c1929c211feb508283ac61dd	UNCONSTRAINED_PAGE	IDENTITY	STAR_VEGA	2	64
f96400d09df7d45bd10b131d0c056319d3b871f1c1929c211feb508283ac61dd	F68R2_ONLY	LABEL	STAR_f68r2_12465	64	64
f96400d09df7d45bd10b131d0c056319d3b871f1c1929c211feb508283ac61dd	F68R2_ONLY	LABEL	STAR_f68r2_12486	64	64
f96400d09df7d45bd10b131d0c056319d3b871f1c1929c211feb508283ac61dd	F68R2_ONLY	LABEL	STAR_f68r2_12463	64	64
f96400d09df7d45bd10b131d0c056319d3b871f1c1929c211feb508283ac61dd	F68R2_ONLY	IDENTITY	STAR_MIRACH	64	64
f96400d09df7d45bd10b131d0c056319d3b871f1c1929c211feb508283ac61dd	F68R2_ONLY	IDENTITY	STAR_MENKAR	64	64
f96400d09df7d45bd10b131d0c056319d3b871f1c1929c211feb508283ac61dd	F68R2_ONLY	IDENTITY	STAR_ACHERNAR	1	64
f96400d09df7d45bd10b131d0c056319d3b871f1c1929c211feb508283ac61dd	F68R2_ONLY	IDENTITY	STAR_ACRAB	1	64
f96400d09df7d45bd10b131d0c056319d3b871f1c1929c211feb508283ac61dd	F68R2_ONLY	IDENTITY	STAR_ACUBENS	1	64
f96400d09df7d45bd10b131d0c056319d3b871f1c1929c211feb508283ac61dd	F68R2_ONLY	IDENTITY	STAR_ALCHIBA	1	64
f96400d09df7d45bd10b131d0c056319d3b871f1c1929c211feb508283ac61dd	F68R2_ONLY	IDENTITY	STAR_ALCOR	1	64
f96400d09df7d45bd10b131d0c056319d3b871f1c1929c211feb508283ac61dd	F68R2_ONLY	IDENTITY	STAR_ALDEBARAN	1	64
f96400d09df7d45bd10b131d0c056319d3b871f1c1929c211feb508283ac61dd	F68R2_ONLY	IDENTITY	STAR_ALDERAMIN	1	64
f96400d09df7d45bd10b131d0c056319d3b871f1c1929c211feb508283ac61dd	F68R2_ONLY	IDENTITY	STAR_ALGOL	1	64
f96400d09df7d45bd10b131d0c056319d3b871f1c1929c211feb508283ac61dd	F68R2_ONLY	IDENTITY	STAR_ALGORAB	1	64
f96400d09df7d45bd10b131d0c056319d3b871f1c1929c211feb508283ac61dd	F68R2_ONLY	IDENTITY	STAR_ALIOTH	1	64
f96400d09df7d45bd10b131d0c056319d3b871f1c1929c211feb508283ac61dd	F68R2_ONLY	IDENTITY	STAR_ALKAID	1	64
f96400d09df7d45bd10b131d0c056319d3b871f1c1929c211feb508283ac61dd	F68R2_ONLY	IDENTITY	STAR_ALMACH	2	64
f96400d09df7d45bd10b131d0c056319d3b871f1c1929c211feb508283ac61dd	F68R2_ONLY	IDENTITY	STAR_ALNATH	1	64
f96400d09df7d45bd10b131d0c056319d3b871f1c1929c211feb508283ac61dd	F68R2_ONLY	IDENTITY	STAR_ALNITAK	1	64
f96400d09df7d45bd10b131d0c056319d3b871f1c1929c211feb508283ac61dd	F68R2_ONLY	IDENTITY	STAR_ALPHARD	1	64
f96400d09df7d45bd10b131d0c056319d3b871f1c1929c211feb508283ac61dd	F68R2_ONLY	IDENTITY	STAR_ALPHERATZ	1	64
f96400d09df7d45bd10b131d0c056319d3b871f1c1929c211feb508283ac61dd	F68R2_ONLY	IDENTITY	STAR_ALRISHA	1	64
f96400d09df7d45bd10b131d0c056319d3b871f1c1929c211feb508283ac61dd	F68R2_ONLY	IDENTITY	STAR_ARCTURUS	2	64
f96400d09df7d45bd10b131d0c056319d3b871f1c1929c211feb508283ac61dd	F68R2_ONLY	IDENTITY	STAR_ASCELLA	1	64
f96400d09df7d45bd10b131d0c056319d3b871f1c1929c211feb508283ac61dd	F68R2_ONLY	IDENTITY	STAR_CANOPUS	1	64
f96400d09df7d45bd10b131d0c056319d3b871f1c1929c211feb508283ac61dd	F68R2_ONLY	IDENTITY	STAR_CAPELLA	3	64
f96400d09df7d45bd10b131d0c056319d3b871f1c1929c211feb508283ac61dd	F68R2_ONLY	IDENTITY	STAR_CAPH	2	64
f96400d09df7d45bd10b131d0c056319d3b871f1c1929c211feb508283ac61dd	F68R2_ONLY	IDENTITY	STAR_CASTOR	1	64
f96400d09df7d45bd10b131d0c056319d3b871f1c1929c211feb508283ac61dd	F68R2_ONLY	IDENTITY	STAR_COR_CAROLI	1	64
f96400d09df7d45bd10b131d0c056319d3b871f1c1929c211feb508283ac61dd	F68R2_ONLY	IDENTITY	STAR_DABIH	1	64
f96400d09df7d45bd10b131d0c056319d3b871f1c1929c211feb508283ac61dd	F68R2_ONLY	IDENTITY	STAR_DENEB	1	64
f96400d09df7d45bd10b131d0c056319d3b871f1c1929c211feb508283ac61dd	F68R2_ONLY	IDENTITY	STAR_DENEBOLA	1	64
f96400d09df7d45bd10b131d0c056319d3b871f1c1929c211feb508283ac61dd	F68R2_ONLY	IDENTITY	STAR_DIPHDA	1	64
f96400d09df7d45bd10b131d0c056319d3b871f1c1929c211feb508283ac61dd	F68R2_ONLY	IDENTITY	STAR_FOMALHAUT	1	64
f96400d09df7d45bd10b131d0c056319d3b871f1c1929c211feb508283ac61dd	F68R2_ONLY	IDENTITY	STAR_HAMAL	1	64
f96400d09df7d45bd10b131d0c056319d3b871f1c1929c211feb508283ac61dd	F68R2_ONLY	IDENTITY	STAR_KOCHAB	1	64
f96400d09df7d45bd10b131d0c056319d3b871f1c1929c211feb508283ac61dd	F68R2_ONLY	IDENTITY	STAR_MEGREZ	1	64
f96400d09df7d45bd10b131d0c056319d3b871f1c1929c211feb508283ac61dd	F68R2_ONLY	IDENTITY	STAR_MERAK	1	64
f96400d09df7d45bd10b131d0c056319d3b871f1c1929c211feb508283ac61dd	F68R2_ONLY	IDENTITY	STAR_MIRFAK	1	64
f96400d09df7d45bd10b131d0c056319d3b871f1c1929c211feb508283ac61dd	F68R2_ONLY	IDENTITY	STAR_MIZAR	1	64
f96400d09df7d45bd10b131d0c056319d3b871f1c1929c211feb508283ac61dd	F68R2_ONLY	IDENTITY	STAR_NUNKI	1	64
f96400d09df7d45bd10b131d0c056319d3b871f1c1929c211feb508283ac61dd	F68R2_ONLY	IDENTITY	STAR_PHECDA	1	64
f96400d09df7d45bd10b131d0c056319d3b871f1c1929c211feb508283ac61dd	F68R2_ONLY	IDENTITY	STAR_POLARIS	1	64
f96400d09df7d45bd10b131d0c056319d3b871f1c1929c211feb508283ac61dd	F68R2_ONLY	IDENTITY	STAR_POLLUX	1	64
f96400d09df7d45bd10b131d0c056319d3b871f1c1929c211feb508283ac61dd	F68R2_ONLY	IDENTITY	STAR_PROCYON	3	64
f96400d09df7d45bd10b131d0c056319d3b871f1c1929c211feb508283ac61dd	F68R2_ONLY	IDENTITY	STAR_RASALHAGUE	1	64
f96400d09df7d45bd10b131d0c056319d3b871f1c1929c211feb508283ac61dd	F68R2_ONLY	IDENTITY	STAR_REGULUS	3	64
f96400d09df7d45bd10b131d0c056319d3b871f1c1929c211feb508283ac61dd	F68R2_ONLY	IDENTITY	STAR_SCHEAT	2	64
f96400d09df7d45bd10b131d0c056319d3b871f1c1929c211feb508283ac61dd	F68R2_ONLY	IDENTITY	STAR_SCHEDAR	1	64
f96400d09df7d45bd10b131d0c056319d3b871f1c1929c211feb508283ac61dd	F68R2_ONLY	IDENTITY	STAR_SHAULA	1	64
f96400d09df7d45bd10b131d0c056319d3b871f1c1929c211feb508283ac61dd	F68R2_ONLY	IDENTITY	STAR_SHERATAN	1	64
f96400d09df7d45bd10b131d0c056319d3b871f1c1929c211feb508283ac61dd	F68R2_ONLY	IDENTITY	STAR_SPICA	3	64
f96400d09df7d45bd10b131d0c056319d3b871f1c1929c211feb508283ac61dd	F68R2_ONLY	IDENTITY	STAR_SUBRA	1	64
f96400d09df7d45bd10b131d0c056319d3b871f1c1929c211feb508283ac61dd	F68R2_ONLY	IDENTITY	STAR_THUBAN	1	64
f96400d09df7d45bd10b131d0c056319d3b871f1c1929c211feb508283ac61dd	F68R2_ONLY	IDENTITY	STAR_UNUKALHAI	1	64
f96400d09df7d45bd10b131d0c056319d3b871f1c1929c211feb508283ac61dd	F68R2_ONLY	IDENTITY	STAR_VEGA	2	64
3dd71514da4887ef10fa3b3d3c401208feb458b4ff435883cd757423679ae209	UNCONSTRAINED_PAGE	LABEL	STAR_f68r2_12465	67	67
3dd71514da4887ef10fa3b3d3c401208feb458b4ff435883cd757423679ae209	UNCONSTRAINED_PAGE	LABEL	STAR_f68r2_12486	67	67
3dd71514da4887ef10fa3b3d3c401208feb458b4ff435883cd757423679ae209	UNCONSTRAINED_PAGE	LABEL	STAR_f68r2_12463	67	67
3dd71514da4887ef10fa3b3d3c401208feb458b4ff435883cd757423679ae209	UNCONSTRAINED_PAGE	IDENTITY	STAR_MENKALINAN	67	67
3dd71514da4887ef10fa3b3d3c401208feb458b4ff435883cd757423679ae209	UNCONSTRAINED_PAGE	IDENTITY	STAR_SPICA	67	67
3dd71514da4887ef10fa3b3d3c401208feb458b4ff435883cd757423679ae209	UNCONSTRAINED_PAGE	IDENTITY	STAR_ALBIREO	2	67
3dd71514da4887ef10fa3b3d3c401208feb458b4ff435883cd757423679ae209	UNCONSTRAINED_PAGE	IDENTITY	STAR_ALCHIBA	1	67
3dd71514da4887ef10fa3b3d3c401208feb458b4ff435883cd757423679ae209	UNCONSTRAINED_PAGE	IDENTITY	STAR_ALDEBARAN	1	67
3dd71514da4887ef10fa3b3d3c401208feb458b4ff435883cd757423679ae209	UNCONSTRAINED_PAGE	IDENTITY	STAR_ALDERAMIN	2	67
3dd71514da4887ef10fa3b3d3c401208feb458b4ff435883cd757423679ae209	UNCONSTRAINED_PAGE	IDENTITY	STAR_ALGENIB	1	67
3dd71514da4887ef10fa3b3d3c401208feb458b4ff435883cd757423679ae209	UNCONSTRAINED_PAGE	IDENTITY	STAR_ALGOL	1	67
3dd71514da4887ef10fa3b3d3c401208feb458b4ff435883cd757423679ae209	UNCONSTRAINED_PAGE	IDENTITY	STAR_ALMACH	3	67
3dd71514da4887ef10fa3b3d3c401208feb458b4ff435883cd757423679ae209	UNCONSTRAINED_PAGE	IDENTITY	STAR_ALNILAM	2	67
3dd71514da4887ef10fa3b3d3c401208feb458b4ff435883cd757423679ae209	UNCONSTRAINED_PAGE	IDENTITY	STAR_ALNITAK	1	67
3dd71514da4887ef10fa3b3d3c401208feb458b4ff435883cd757423679ae209	UNCONSTRAINED_PAGE	IDENTITY	STAR_ALPHECCA	1	67
3dd71514da4887ef10fa3b3d3c401208feb458b4ff435883cd757423679ae209	UNCONSTRAINED_PAGE	IDENTITY	STAR_ALPHERATZ	1	67
3dd71514da4887ef10fa3b3d3c401208feb458b4ff435883cd757423679ae209	UNCONSTRAINED_PAGE	IDENTITY	STAR_ALPHIRK	1	67
3dd71514da4887ef10fa3b3d3c401208feb458b4ff435883cd757423679ae209	UNCONSTRAINED_PAGE	IDENTITY	STAR_ALRISHA	1	67
3dd71514da4887ef10fa3b3d3c401208feb458b4ff435883cd757423679ae209	UNCONSTRAINED_PAGE	IDENTITY	STAR_ARCTURUS	2	67
3dd71514da4887ef10fa3b3d3c401208feb458b4ff435883cd757423679ae209	UNCONSTRAINED_PAGE	IDENTITY	STAR_ARKAB	1	67
3dd71514da4887ef10fa3b3d3c401208feb458b4ff435883cd757423679ae209	UNCONSTRAINED_PAGE	IDENTITY	STAR_BELLATRIX	1	67
3dd71514da4887ef10fa3b3d3c401208feb458b4ff435883cd757423679ae209	UNCONSTRAINED_PAGE	IDENTITY	STAR_BETELGEUSE	2	67
3dd71514da4887ef10fa3b3d3c401208feb458b4ff435883cd757423679ae209	UNCONSTRAINED_PAGE	IDENTITY	STAR_CAPH	1	67
3dd71514da4887ef10fa3b3d3c401208feb458b4ff435883cd757423679ae209	UNCONSTRAINED_PAGE	IDENTITY	STAR_DABIH	1	67
3dd71514da4887ef10fa3b3d3c401208feb458b4ff435883cd757423679ae209	UNCONSTRAINED_PAGE	IDENTITY	STAR_DUBHE	1	67
3dd71514da4887ef10fa3b3d3c401208feb458b4ff435883cd757423679ae209	UNCONSTRAINED_PAGE	IDENTITY	STAR_FOMALHAUT	4	67
3dd71514da4887ef10fa3b3d3c401208feb458b4ff435883cd757423679ae209	UNCONSTRAINED_PAGE	IDENTITY	STAR_HAMAL	2	67
3dd71514da4887ef10fa3b3d3c401208feb458b4ff435883cd757423679ae209	UNCONSTRAINED_PAGE	IDENTITY	STAR_IZAR	1	67
3dd71514da4887ef10fa3b3d3c401208feb458b4ff435883cd757423679ae209	UNCONSTRAINED_PAGE	IDENTITY	STAR_MARKAB	2	67
3dd71514da4887ef10fa3b3d3c401208feb458b4ff435883cd757423679ae209	UNCONSTRAINED_PAGE	IDENTITY	STAR_MEGREZ	2	67
3dd71514da4887ef10fa3b3d3c401208feb458b4ff435883cd757423679ae209	UNCONSTRAINED_PAGE	IDENTITY	STAR_MENKAR	2	67
3dd71514da4887ef10fa3b3d3c401208feb458b4ff435883cd757423679ae209	UNCONSTRAINED_PAGE	IDENTITY	STAR_MERAK	2	67
3dd71514da4887ef10fa3b3d3c401208feb458b4ff435883cd757423679ae209	UNCONSTRAINED_PAGE	IDENTITY	STAR_MINTAKA	2	67
3dd71514da4887ef10fa3b3d3c401208feb458b4ff435883cd757423679ae209	UNCONSTRAINED_PAGE	IDENTITY	STAR_MIRA	1	67
3dd71514da4887ef10fa3b3d3c401208feb458b4ff435883cd757423679ae209	UNCONSTRAINED_PAGE	IDENTITY	STAR_MIRACH	1	67
3dd71514da4887ef10fa3b3d3c401208feb458b4ff435883cd757423679ae209	UNCONSTRAINED_PAGE	IDENTITY	STAR_MIRFAK	2	67
3dd71514da4887ef10fa3b3d3c401208feb458b4ff435883cd757423679ae209	UNCONSTRAINED_PAGE	IDENTITY	STAR_MIZAR	2	67
3dd71514da4887ef10fa3b3d3c401208feb458b4ff435883cd757423679ae209	UNCONSTRAINED_PAGE	IDENTITY	STAR_PHECDA	1	67
3dd71514da4887ef10fa3b3d3c401208feb458b4ff435883cd757423679ae209	UNCONSTRAINED_PAGE	IDENTITY	STAR_POLARIS	1	67
3dd71514da4887ef10fa3b3d3c401208feb458b4ff435883cd757423679ae209	UNCONSTRAINED_PAGE	IDENTITY	STAR_PORRIMA	1	67
3dd71514da4887ef10fa3b3d3c401208feb458b4ff435883cd757423679ae209	UNCONSTRAINED_PAGE	IDENTITY	STAR_PROCYON	1	67
3dd71514da4887ef10fa3b3d3c401208feb458b4ff435883cd757423679ae209	UNCONSTRAINED_PAGE	IDENTITY	STAR_RUKBAT	1	67
3dd71514da4887ef10fa3b3d3c401208feb458b4ff435883cd757423679ae209	UNCONSTRAINED_PAGE	IDENTITY	STAR_SADALMELIK	2	67
3dd71514da4887ef10fa3b3d3c401208feb458b4ff435883cd757423679ae209	UNCONSTRAINED_PAGE	IDENTITY	STAR_SADALSUUD	1	67
3dd71514da4887ef10fa3b3d3c401208feb458b4ff435883cd757423679ae209	UNCONSTRAINED_PAGE	IDENTITY	STAR_SCHEAT	1	67
3dd71514da4887ef10fa3b3d3c401208feb458b4ff435883cd757423679ae209	UNCONSTRAINED_PAGE	IDENTITY	STAR_SIRIUS	1	67
3dd71514da4887ef10fa3b3d3c401208feb458b4ff435883cd757423679ae209	UNCONSTRAINED_PAGE	IDENTITY	STAR_UNUKALHAI	1	67
3dd71514da4887ef10fa3b3d3c401208feb458b4ff435883cd757423679ae209	UNCONSTRAINED_PAGE	IDENTITY	STAR_VINDEMIATRIX	2	67
3dd71514da4887ef10fa3b3d3c401208feb458b4ff435883cd757423679ae209	UNCONSTRAINED_PAGE	IDENTITY	STAR_WASAT	1	67
3dd71514da4887ef10fa3b3d3c401208feb458b4ff435883cd757423679ae209	UNCONSTRAINED_PAGE	IDENTITY	STAR_ZOSMA	2	67
3dd71514da4887ef10fa3b3d3c401208feb458b4ff435883cd757423679ae209	UNCONSTRAINED_PAGE	IDENTITY	STAR_ZUBENESCHAMALI	1	67
3dd71514da4887ef10fa3b3d3c401208feb458b4ff435883cd757423679ae209	F68R2_ONLY	LABEL	STAR_f68r2_12465	67	67
3dd71514da4887ef10fa3b3d3c401208feb458b4ff435883cd757423679ae209	F68R2_ONLY	LABEL	STAR_f68r2_12486	67	67
3dd71514da4887ef10fa3b3d3c401208feb458b4ff435883cd757423679ae209	F68R2_ONLY	LABEL	STAR_f68r2_12463	67	67
3dd71514da4887ef10fa3b3d3c401208feb458b4ff435883cd757423679ae209	F68R2_ONLY	IDENTITY	STAR_MENKALINAN	67	67
3dd71514da4887ef10fa3b3d3c401208feb458b4ff435883cd757423679ae209	F68R2_ONLY	IDENTITY	STAR_SPICA	67	67
3dd71514da4887ef10fa3b3d3c401208feb458b4ff435883cd757423679ae209	F68R2_ONLY	IDENTITY	STAR_ALBIREO	2	67
3dd71514da4887ef10fa3b3d3c401208feb458b4ff435883cd757423679ae209	F68R2_ONLY	IDENTITY	STAR_ALCHIBA	1	67
3dd71514da4887ef10fa3b3d3c401208feb458b4ff435883cd757423679ae209	F68R2_ONLY	IDENTITY	STAR_ALDEBARAN	1	67
3dd71514da4887ef10fa3b3d3c401208feb458b4ff435883cd757423679ae209	F68R2_ONLY	IDENTITY	STAR_ALDERAMIN	2	67
3dd71514da4887ef10fa3b3d3c401208feb458b4ff435883cd757423679ae209	F68R2_ONLY	IDENTITY	STAR_ALGENIB	1	67
3dd71514da4887ef10fa3b3d3c401208feb458b4ff435883cd757423679ae209	F68R2_ONLY	IDENTITY	STAR_ALGOL	1	67
3dd71514da4887ef10fa3b3d3c401208feb458b4ff435883cd757423679ae209	F68R2_ONLY	IDENTITY	STAR_ALMACH	3	67
3dd71514da4887ef10fa3b3d3c401208feb458b4ff435883cd757423679ae209	F68R2_ONLY	IDENTITY	STAR_ALNILAM	2	67
3dd71514da4887ef10fa3b3d3c401208feb458b4ff435883cd757423679ae209	F68R2_ONLY	IDENTITY	STAR_ALNITAK	1	67
3dd71514da4887ef10fa3b3d3c401208feb458b4ff435883cd757423679ae209	F68R2_ONLY	IDENTITY	STAR_ALPHECCA	1	67
3dd71514da4887ef10fa3b3d3c401208feb458b4ff435883cd757423679ae209	F68R2_ONLY	IDENTITY	STAR_ALPHERATZ	1	67
3dd71514da4887ef10fa3b3d3c401208feb458b4ff435883cd757423679ae209	F68R2_ONLY	IDENTITY	STAR_ALPHIRK	1	67
3dd71514da4887ef10fa3b3d3c401208feb458b4ff435883cd757423679ae209	F68R2_ONLY	IDENTITY	STAR_ALRISHA	1	67
3dd71514da4887ef10fa3b3d3c401208feb458b4ff435883cd757423679ae209	F68R2_ONLY	IDENTITY	STAR_ARCTURUS	2	67
3dd71514da4887ef10fa3b3d3c401208feb458b4ff435883cd757423679ae209	F68R2_ONLY	IDENTITY	STAR_ARKAB	1	67
3dd71514da4887ef10fa3b3d3c401208feb458b4ff435883cd757423679ae209	F68R2_ONLY	IDENTITY	STAR_BELLATRIX	1	67
3dd71514da4887ef10fa3b3d3c401208feb458b4ff435883cd757423679ae209	F68R2_ONLY	IDENTITY	STAR_BETELGEUSE	2	67
3dd71514da4887ef10fa3b3d3c401208feb458b4ff435883cd757423679ae209	F68R2_ONLY	IDENTITY	STAR_CAPH	1	67
3dd71514da4887ef10fa3b3d3c401208feb458b4ff435883cd757423679ae209	F68R2_ONLY	IDENTITY	STAR_DABIH	1	67
3dd71514da4887ef10fa3b3d3c401208feb458b4ff435883cd757423679ae209	F68R2_ONLY	IDENTITY	STAR_DUBHE	1	67
3dd71514da4887ef10fa3b3d3c401208feb458b4ff435883cd757423679ae209	F68R2_ONLY	IDENTITY	STAR_FOMALHAUT	4	67
3dd71514da4887ef10fa3b3d3c401208feb458b4ff435883cd757423679ae209	F68R2_ONLY	IDENTITY	STAR_HAMAL	2	67
3dd71514da4887ef10fa3b3d3c401208feb458b4ff435883cd757423679ae209	F68R2_ONLY	IDENTITY	STAR_IZAR	1	67
3dd71514da4887ef10fa3b3d3c401208feb458b4ff435883cd757423679ae209	F68R2_ONLY	IDENTITY	STAR_MARKAB	2	67
3dd71514da4887ef10fa3b3d3c401208feb458b4ff435883cd757423679ae209	F68R2_ONLY	IDENTITY	STAR_MEGREZ	2	67
3dd71514da4887ef10fa3b3d3c401208feb458b4ff435883cd757423679ae209	F68R2_ONLY	IDENTITY	STAR_MENKAR	2	67
3dd71514da4887ef10fa3b3d3c401208feb458b4ff435883cd757423679ae209	F68R2_ONLY	IDENTITY	STAR_MERAK	2	67
3dd71514da4887ef10fa3b3d3c401208feb458b4ff435883cd757423679ae209	F68R2_ONLY	IDENTITY	STAR_MINTAKA	2	67
3dd71514da4887ef10fa3b3d3c401208feb458b4ff435883cd757423679ae209	F68R2_ONLY	IDENTITY	STAR_MIRA	1	67
3dd71514da4887ef10fa3b3d3c401208feb458b4ff435883cd757423679ae209	F68R2_ONLY	IDENTITY	STAR_MIRACH	1	67
3dd71514da4887ef10fa3b3d3c401208feb458b4ff435883cd757423679ae209	F68R2_ONLY	IDENTITY	STAR_MIRFAK	2	67
3dd71514da4887ef10fa3b3d3c401208feb458b4ff435883cd757423679ae209	F68R2_ONLY	IDENTITY	STAR_MIZAR	2	67
3dd71514da4887ef10fa3b3d3c401208feb458b4ff435883cd757423679ae209	F68R2_ONLY	IDENTITY	STAR_PHECDA	1	67
3dd71514da4887ef10fa3b3d3c401208feb458b4ff435883cd757423679ae209	F68R2_ONLY	IDENTITY	STAR_POLARIS	1	67
3dd71514da4887ef10fa3b3d3c401208feb458b4ff435883cd757423679ae209	F68R2_ONLY	IDENTITY	STAR_PORRIMA	1	67
3dd71514da4887ef10fa3b3d3c401208feb458b4ff435883cd757423679ae209	F68R2_ONLY	IDENTITY	STAR_PROCYON	1	67
3dd71514da4887ef10fa3b3d3c401208feb458b4ff435883cd757423679ae209	F68R2_ONLY	IDENTITY	STAR_RUKBAT	1	67
3dd71514da4887ef10fa3b3d3c401208feb458b4ff435883cd757423679ae209	F68R2_ONLY	IDENTITY	STAR_SADALMELIK	2	67
3dd71514da4887ef10fa3b3d3c401208feb458b4ff435883cd757423679ae209	F68R2_ONLY	IDENTITY	STAR_SADALSUUD	1	67
3dd71514da4887ef10fa3b3d3c401208feb458b4ff435883cd757423679ae209	F68R2_ONLY	IDENTITY	STAR_SCHEAT	1	67
3dd71514da4887ef10fa3b3d3c401208feb458b4ff435883cd757423679ae209	F68R2_ONLY	IDENTITY	STAR_SIRIUS	1	67
3dd71514da4887ef10fa3b3d3c401208feb458b4ff435883cd757423679ae209	F68R2_ONLY	IDENTITY	STAR_UNUKALHAI	1	67
3dd71514da4887ef10fa3b3d3c401208feb458b4ff435883cd757423679ae209	F68R2_ONLY	IDENTITY	STAR_VINDEMIATRIX	2	67
3dd71514da4887ef10fa3b3d3c401208feb458b4ff435883cd757423679ae209	F68R2_ONLY	IDENTITY	STAR_WASAT	1	67
3dd71514da4887ef10fa3b3d3c401208feb458b4ff435883cd757423679ae209	F68R2_ONLY	IDENTITY	STAR_ZOSMA	2	67
3dd71514da4887ef10fa3b3d3c401208feb458b4ff435883cd757423679ae209	F68R2_ONLY	IDENTITY	STAR_ZUBENESCHAMALI	1	67
d7d2d652f99a16d782e86f33af9bc7f5d4f2df66d2a2089505c30a69c126209e	UNCONSTRAINED_PAGE	LABEL	STAR_f68r2_12465	77	77
d7d2d652f99a16d782e86f33af9bc7f5d4f2df66d2a2089505c30a69c126209e	UNCONSTRAINED_PAGE	LABEL	STAR_f68r2_12486	77	77
d7d2d652f99a16d782e86f33af9bc7f5d4f2df66d2a2089505c30a69c126209e	UNCONSTRAINED_PAGE	LABEL	STAR_f68r2_12463	77	77
d7d2d652f99a16d782e86f33af9bc7f5d4f2df66d2a2089505c30a69c126209e	UNCONSTRAINED_PAGE	IDENTITY	STAR_SHERATAN	77	77
d7d2d652f99a16d782e86f33af9bc7f5d4f2df66d2a2089505c30a69c126209e	UNCONSTRAINED_PAGE	IDENTITY	STAR_ALNILAM	77	77
d7d2d652f99a16d782e86f33af9bc7f5d4f2df66d2a2089505c30a69c126209e	UNCONSTRAINED_PAGE	IDENTITY	STAR_ACHERNAR	1	77
d7d2d652f99a16d782e86f33af9bc7f5d4f2df66d2a2089505c30a69c126209e	UNCONSTRAINED_PAGE	IDENTITY	STAR_ACUBENS	2	77
d7d2d652f99a16d782e86f33af9bc7f5d4f2df66d2a2089505c30a69c126209e	UNCONSTRAINED_PAGE	IDENTITY	STAR_ALBIREO	2	77
d7d2d652f99a16d782e86f33af9bc7f5d4f2df66d2a2089505c30a69c126209e	UNCONSTRAINED_PAGE	IDENTITY	STAR_ALCHIBA	1	77
d7d2d652f99a16d782e86f33af9bc7f5d4f2df66d2a2089505c30a69c126209e	UNCONSTRAINED_PAGE	IDENTITY	STAR_ALDEBARAN	2	77
d7d2d652f99a16d782e86f33af9bc7f5d4f2df66d2a2089505c30a69c126209e	UNCONSTRAINED_PAGE	IDENTITY	STAR_ALDERAMIN	2	77
d7d2d652f99a16d782e86f33af9bc7f5d4f2df66d2a2089505c30a69c126209e	UNCONSTRAINED_PAGE	IDENTITY	STAR_ALGENIB	1	77
d7d2d652f99a16d782e86f33af9bc7f5d4f2df66d2a2089505c30a69c126209e	UNCONSTRAINED_PAGE	IDENTITY	STAR_ALGIEBA	2	77
d7d2d652f99a16d782e86f33af9bc7f5d4f2df66d2a2089505c30a69c126209e	UNCONSTRAINED_PAGE	IDENTITY	STAR_ALHENA	2	77
d7d2d652f99a16d782e86f33af9bc7f5d4f2df66d2a2089505c30a69c126209e	UNCONSTRAINED_PAGE	IDENTITY	STAR_ALIOTH	1	77
d7d2d652f99a16d782e86f33af9bc7f5d4f2df66d2a2089505c30a69c126209e	UNCONSTRAINED_PAGE	IDENTITY	STAR_ALMACH	1	77
d7d2d652f99a16d782e86f33af9bc7f5d4f2df66d2a2089505c30a69c126209e	UNCONSTRAINED_PAGE	IDENTITY	STAR_ALPHARD	1	77
d7d2d652f99a16d782e86f33af9bc7f5d4f2df66d2a2089505c30a69c126209e	UNCONSTRAINED_PAGE	IDENTITY	STAR_ALPHECCA	1	77
d7d2d652f99a16d782e86f33af9bc7f5d4f2df66d2a2089505c30a69c126209e	UNCONSTRAINED_PAGE	IDENTITY	STAR_ALPHERATZ	2	77
d7d2d652f99a16d782e86f33af9bc7f5d4f2df66d2a2089505c30a69c126209e	UNCONSTRAINED_PAGE	IDENTITY	STAR_ANTARES	1	77
d7d2d652f99a16d782e86f33af9bc7f5d4f2df66d2a2089505c30a69c126209e	UNCONSTRAINED_PAGE	IDENTITY	STAR_ARCTURUS	1	77
d7d2d652f99a16d782e86f33af9bc7f5d4f2df66d2a2089505c30a69c126209e	UNCONSTRAINED_PAGE	IDENTITY	STAR_ARKAB	1	77
d7d2d652f99a16d782e86f33af9bc7f5d4f2df66d2a2089505c30a69c126209e	UNCONSTRAINED_PAGE	IDENTITY	STAR_ASCELLA	1	77
d7d2d652f99a16d782e86f33af9bc7f5d4f2df66d2a2089505c30a69c126209e	UNCONSTRAINED_PAGE	IDENTITY	STAR_BELLATRIX	1	77
d7d2d652f99a16d782e86f33af9bc7f5d4f2df66d2a2089505c30a69c126209e	UNCONSTRAINED_PAGE	IDENTITY	STAR_CANOPUS	1	77
d7d2d652f99a16d782e86f33af9bc7f5d4f2df66d2a2089505c30a69c126209e	UNCONSTRAINED_PAGE	IDENTITY	STAR_CAPELLA	1	77
d7d2d652f99a16d782e86f33af9bc7f5d4f2df66d2a2089505c30a69c126209e	UNCONSTRAINED_PAGE	IDENTITY	STAR_DENEB	1	77
d7d2d652f99a16d782e86f33af9bc7f5d4f2df66d2a2089505c30a69c126209e	UNCONSTRAINED_PAGE	IDENTITY	STAR_DENEBOLA	1	77
d7d2d652f99a16d782e86f33af9bc7f5d4f2df66d2a2089505c30a69c126209e	UNCONSTRAINED_PAGE	IDENTITY	STAR_DIPHDA	1	77
d7d2d652f99a16d782e86f33af9bc7f5d4f2df66d2a2089505c30a69c126209e	UNCONSTRAINED_PAGE	IDENTITY	STAR_DUBHE	2	77
d7d2d652f99a16d782e86f33af9bc7f5d4f2df66d2a2089505c30a69c126209e	UNCONSTRAINED_PAGE	IDENTITY	STAR_ELTANIN	1	77
d7d2d652f99a16d782e86f33af9bc7f5d4f2df66d2a2089505c30a69c126209e	UNCONSTRAINED_PAGE	IDENTITY	STAR_ENIF	2	77
d7d2d652f99a16d782e86f33af9bc7f5d4f2df66d2a2089505c30a69c126209e	UNCONSTRAINED_PAGE	IDENTITY	STAR_FOMALHAUT	1	77
d7d2d652f99a16d782e86f33af9bc7f5d4f2df66d2a2089505c30a69c126209e	UNCONSTRAINED_PAGE	IDENTITY	STAR_HAMAL	1	77
d7d2d652f99a16d782e86f33af9bc7f5d4f2df66d2a2089505c30a69c126209e	UNCONSTRAINED_PAGE	IDENTITY	STAR_IZAR	1	77
d7d2d652f99a16d782e86f33af9bc7f5d4f2df66d2a2089505c30a69c126209e	UNCONSTRAINED_PAGE	IDENTITY	STAR_KOCHAB	1	77
d7d2d652f99a16d782e86f33af9bc7f5d4f2df66d2a2089505c30a69c126209e	UNCONSTRAINED_PAGE	IDENTITY	STAR_MEGREZ	1	77
d7d2d652f99a16d782e86f33af9bc7f5d4f2df66d2a2089505c30a69c126209e	UNCONSTRAINED_PAGE	IDENTITY	STAR_MENKALINAN	1	77
d7d2d652f99a16d782e86f33af9bc7f5d4f2df66d2a2089505c30a69c126209e	UNCONSTRAINED_PAGE	IDENTITY	STAR_MENKAR	1	77
d7d2d652f99a16d782e86f33af9bc7f5d4f2df66d2a2089505c30a69c126209e	UNCONSTRAINED_PAGE	IDENTITY	STAR_MERAK	2	77
d7d2d652f99a16d782e86f33af9bc7f5d4f2df66d2a2089505c30a69c126209e	UNCONSTRAINED_PAGE	IDENTITY	STAR_MESARTHIM	2	77
d7d2d652f99a16d782e86f33af9bc7f5d4f2df66d2a2089505c30a69c126209e	UNCONSTRAINED_PAGE	IDENTITY	STAR_MIZAR	1	77
d7d2d652f99a16d782e86f33af9bc7f5d4f2df66d2a2089505c30a69c126209e	UNCONSTRAINED_PAGE	IDENTITY	STAR_NUNKI	1	77
d7d2d652f99a16d782e86f33af9bc7f5d4f2df66d2a2089505c30a69c126209e	UNCONSTRAINED_PAGE	IDENTITY	STAR_PHERKAD	2	77
d7d2d652f99a16d782e86f33af9bc7f5d4f2df66d2a2089505c30a69c126209e	UNCONSTRAINED_PAGE	IDENTITY	STAR_PHECDA	1	77
d7d2d652f99a16d782e86f33af9bc7f5d4f2df66d2a2089505c30a69c126209e	UNCONSTRAINED_PAGE	IDENTITY	STAR_POLARIS	1	77
d7d2d652f99a16d782e86f33af9bc7f5d4f2df66d2a2089505c30a69c126209e	UNCONSTRAINED_PAGE	IDENTITY	STAR_PROCYON	1	77
d7d2d652f99a16d782e86f33af9bc7f5d4f2df66d2a2089505c30a69c126209e	UNCONSTRAINED_PAGE	IDENTITY	STAR_RASALGETHI	2	77
d7d2d652f99a16d782e86f33af9bc7f5d4f2df66d2a2089505c30a69c126209e	UNCONSTRAINED_PAGE	IDENTITY	STAR_RASALHAGUE	1	77
d7d2d652f99a16d782e86f33af9bc7f5d4f2df66d2a2089505c30a69c126209e	UNCONSTRAINED_PAGE	IDENTITY	STAR_REGULUS	2	77
d7d2d652f99a16d782e86f33af9bc7f5d4f2df66d2a2089505c30a69c126209e	UNCONSTRAINED_PAGE	IDENTITY	STAR_RIGEL	3	77
d7d2d652f99a16d782e86f33af9bc7f5d4f2df66d2a2089505c30a69c126209e	UNCONSTRAINED_PAGE	IDENTITY	STAR_RUKBAT	1	77
d7d2d652f99a16d782e86f33af9bc7f5d4f2df66d2a2089505c30a69c126209e	UNCONSTRAINED_PAGE	IDENTITY	STAR_SADALMELIK	2	77
d7d2d652f99a16d782e86f33af9bc7f5d4f2df66d2a2089505c30a69c126209e	UNCONSTRAINED_PAGE	IDENTITY	STAR_SARGAS	1	77
d7d2d652f99a16d782e86f33af9bc7f5d4f2df66d2a2089505c30a69c126209e	UNCONSTRAINED_PAGE	IDENTITY	STAR_SCHEAT	2	77
d7d2d652f99a16d782e86f33af9bc7f5d4f2df66d2a2089505c30a69c126209e	UNCONSTRAINED_PAGE	IDENTITY	STAR_SCHEDAR	1	77
d7d2d652f99a16d782e86f33af9bc7f5d4f2df66d2a2089505c30a69c126209e	UNCONSTRAINED_PAGE	IDENTITY	STAR_SHAULA	1	77
d7d2d652f99a16d782e86f33af9bc7f5d4f2df66d2a2089505c30a69c126209e	UNCONSTRAINED_PAGE	IDENTITY	STAR_SPICA	1	77
d7d2d652f99a16d782e86f33af9bc7f5d4f2df66d2a2089505c30a69c126209e	UNCONSTRAINED_PAGE	IDENTITY	STAR_VEGA	2	77
d7d2d652f99a16d782e86f33af9bc7f5d4f2df66d2a2089505c30a69c126209e	UNCONSTRAINED_PAGE	IDENTITY	STAR_VINDEMIATRIX	2	77
d7d2d652f99a16d782e86f33af9bc7f5d4f2df66d2a2089505c30a69c126209e	UNCONSTRAINED_PAGE	IDENTITY	STAR_ZUBENESCHAMALI	2	77
d7d2d652f99a16d782e86f33af9bc7f5d4f2df66d2a2089505c30a69c126209e	F68R2_ONLY	LABEL	STAR_f68r2_12465	77	77
d7d2d652f99a16d782e86f33af9bc7f5d4f2df66d2a2089505c30a69c126209e	F68R2_ONLY	LABEL	STAR_f68r2_12486	77	77
d7d2d652f99a16d782e86f33af9bc7f5d4f2df66d2a2089505c30a69c126209e	F68R2_ONLY	LABEL	STAR_f68r2_12463	77	77
d7d2d652f99a16d782e86f33af9bc7f5d4f2df66d2a2089505c30a69c126209e	F68R2_ONLY	IDENTITY	STAR_SHERATAN	77	77
d7d2d652f99a16d782e86f33af9bc7f5d4f2df66d2a2089505c30a69c126209e	F68R2_ONLY	IDENTITY	STAR_ALNILAM	77	77
d7d2d652f99a16d782e86f33af9bc7f5d4f2df66d2a2089505c30a69c126209e	F68R2_ONLY	IDENTITY	STAR_ACHERNAR	1	77
d7d2d652f99a16d782e86f33af9bc7f5d4f2df66d2a2089505c30a69c126209e	F68R2_ONLY	IDENTITY	STAR_ACUBENS	2	77
d7d2d652f99a16d782e86f33af9bc7f5d4f2df66d2a2089505c30a69c126209e	F68R2_ONLY	IDENTITY	STAR_ALBIREO	2	77
d7d2d652f99a16d782e86f33af9bc7f5d4f2df66d2a2089505c30a69c126209e	F68R2_ONLY	IDENTITY	STAR_ALCHIBA	1	77
d7d2d652f99a16d782e86f33af9bc7f5d4f2df66d2a2089505c30a69c126209e	F68R2_ONLY	IDENTITY	STAR_ALDEBARAN	2	77
d7d2d652f99a16d782e86f33af9bc7f5d4f2df66d2a2089505c30a69c126209e	F68R2_ONLY	IDENTITY	STAR_ALDERAMIN	2	77
d7d2d652f99a16d782e86f33af9bc7f5d4f2df66d2a2089505c30a69c126209e	F68R2_ONLY	IDENTITY	STAR_ALGENIB	1	77
d7d2d652f99a16d782e86f33af9bc7f5d4f2df66d2a2089505c30a69c126209e	F68R2_ONLY	IDENTITY	STAR_ALGIEBA	2	77
d7d2d652f99a16d782e86f33af9bc7f5d4f2df66d2a2089505c30a69c126209e	F68R2_ONLY	IDENTITY	STAR_ALHENA	2	77
d7d2d652f99a16d782e86f33af9bc7f5d4f2df66d2a2089505c30a69c126209e	F68R2_ONLY	IDENTITY	STAR_ALIOTH	1	77
d7d2d652f99a16d782e86f33af9bc7f5d4f2df66d2a2089505c30a69c126209e	F68R2_ONLY	IDENTITY	STAR_ALMACH	1	77
d7d2d652f99a16d782e86f33af9bc7f5d4f2df66d2a2089505c30a69c126209e	F68R2_ONLY	IDENTITY	STAR_ALPHARD	1	77
d7d2d652f99a16d782e86f33af9bc7f5d4f2df66d2a2089505c30a69c126209e	F68R2_ONLY	IDENTITY	STAR_ALPHECCA	1	77
d7d2d652f99a16d782e86f33af9bc7f5d4f2df66d2a2089505c30a69c126209e	F68R2_ONLY	IDENTITY	STAR_ALPHERATZ	2	77
d7d2d652f99a16d782e86f33af9bc7f5d4f2df66d2a2089505c30a69c126209e	F68R2_ONLY	IDENTITY	STAR_ANTARES	1	77
d7d2d652f99a16d782e86f33af9bc7f5d4f2df66d2a2089505c30a69c126209e	F68R2_ONLY	IDENTITY	STAR_ARCTURUS	1	77
d7d2d652f99a16d782e86f33af9bc7f5d4f2df66d2a2089505c30a69c126209e	F68R2_ONLY	IDENTITY	STAR_ARKAB	1	77
d7d2d652f99a16d782e86f33af9bc7f5d4f2df66d2a2089505c30a69c126209e	F68R2_ONLY	IDENTITY	STAR_ASCELLA	1	77
d7d2d652f99a16d782e86f33af9bc7f5d4f2df66d2a2089505c30a69c126209e	F68R2_ONLY	IDENTITY	STAR_BELLATRIX	1	77
d7d2d652f99a16d782e86f33af9bc7f5d4f2df66d2a2089505c30a69c126209e	F68R2_ONLY	IDENTITY	STAR_CANOPUS	1	77
d7d2d652f99a16d782e86f33af9bc7f5d4f2df66d2a2089505c30a69c126209e	F68R2_ONLY	IDENTITY	STAR_CAPELLA	1	77
d7d2d652f99a16d782e86f33af9bc7f5d4f2df66d2a2089505c30a69c126209e	F68R2_ONLY	IDENTITY	STAR_DENEB	1	77
d7d2d652f99a16d782e86f33af9bc7f5d4f2df66d2a2089505c30a69c126209e	F68R2_ONLY	IDENTITY	STAR_DENEBOLA	1	77
d7d2d652f99a16d782e86f33af9bc7f5d4f2df66d2a2089505c30a69c126209e	F68R2_ONLY	IDENTITY	STAR_DIPHDA	1	77
d7d2d652f99a16d782e86f33af9bc7f5d4f2df66d2a2089505c30a69c126209e	F68R2_ONLY	IDENTITY	STAR_DUBHE	2	77
d7d2d652f99a16d782e86f33af9bc7f5d4f2df66d2a2089505c30a69c126209e	F68R2_ONLY	IDENTITY	STAR_ELTANIN	1	77
d7d2d652f99a16d782e86f33af9bc7f5d4f2df66d2a2089505c30a69c126209e	F68R2_ONLY	IDENTITY	STAR_ENIF	2	77
d7d2d652f99a16d782e86f33af9bc7f5d4f2df66d2a2089505c30a69c126209e	F68R2_ONLY	IDENTITY	STAR_FOMALHAUT	1	77
d7d2d652f99a16d782e86f33af9bc7f5d4f2df66d2a2089505c30a69c126209e	F68R2_ONLY	IDENTITY	STAR_HAMAL	1	77
d7d2d652f99a16d782e86f33af9bc7f5d4f2df66d2a2089505c30a69c126209e	F68R2_ONLY	IDENTITY	STAR_IZAR	1	77
d7d2d652f99a16d782e86f33af9bc7f5d4f2df66d2a2089505c30a69c126209e	F68R2_ONLY	IDENTITY	STAR_KOCHAB	1	77
d7d2d652f99a16d782e86f33af9bc7f5d4f2df66d2a2089505c30a69c126209e	F68R2_ONLY	IDENTITY	STAR_MEGREZ	1	77
d7d2d652f99a16d782e86f33af9bc7f5d4f2df66d2a2089505c30a69c126209e	F68R2_ONLY	IDENTITY	STAR_MENKALINAN	1	77
d7d2d652f99a16d782e86f33af9bc7f5d4f2df66d2a2089505c30a69c126209e	F68R2_ONLY	IDENTITY	STAR_MENKAR	1	77
d7d2d652f99a16d782e86f33af9bc7f5d4f2df66d2a2089505c30a69c126209e	F68R2_ONLY	IDENTITY	STAR_MERAK	2	77
d7d2d652f99a16d782e86f33af9bc7f5d4f2df66d2a2089505c30a69c126209e	F68R2_ONLY	IDENTITY	STAR_MESARTHIM	2	77
d7d2d652f99a16d782e86f33af9bc7f5d4f2df66d2a2089505c30a69c126209e	F68R2_ONLY	IDENTITY	STAR_MIZAR	1	77
d7d2d652f99a16d782e86f33af9bc7f5d4f2df66d2a2089505c30a69c126209e	F68R2_ONLY	IDENTITY	STAR_NUNKI	1	77
d7d2d652f99a16d782e86f33af9bc7f5d4f2df66d2a2089505c30a69c126209e	F68R2_ONLY	IDENTITY	STAR_PHERKAD	2	77
d7d2d652f99a16d782e86f33af9bc7f5d4f2df66d2a2089505c30a69c126209e	F68R2_ONLY	IDENTITY	STAR_PHECDA	1	77
d7d2d652f99a16d782e86f33af9bc7f5d4f2df66d2a2089505c30a69c126209e	F68R2_ONLY	IDENTITY	STAR_POLARIS	1	77
d7d2d652f99a16d782e86f33af9bc7f5d4f2df66d2a2089505c30a69c126209e	F68R2_ONLY	IDENTITY	STAR_PROCYON	1	77
d7d2d652f99a16d782e86f33af9bc7f5d4f2df66d2a2089505c30a69c126209e	F68R2_ONLY	IDENTITY	STAR_RASALGETHI	2	77
d7d2d652f99a16d782e86f33af9bc7f5d4f2df66d2a2089505c30a69c126209e	F68R2_ONLY	IDENTITY	STAR_RASALHAGUE	1	77
d7d2d652f99a16d782e86f33af9bc7f5d4f2df66d2a2089505c30a69c126209e	F68R2_ONLY	IDENTITY	STAR_REGULUS	2	77
d7d2d652f99a16d782e86f33af9bc7f5d4f2df66d2a2089505c30a69c126209e	F68R2_ONLY	IDENTITY	STAR_RIGEL	3	77
d7d2d652f99a16d782e86f33af9bc7f5d4f2df66d2a2089505c30a69c126209e	F68R2_ONLY	IDENTITY	STAR_RUKBAT	1	77
d7d2d652f99a16d782e86f33af9bc7f5d4f2df66d2a2089505c30a69c126209e	F68R2_ONLY	IDENTITY	STAR_SADALMELIK	2	77
d7d2d652f99a16d782e86f33af9bc7f5d4f2df66d2a2089505c30a69c126209e	F68R2_ONLY	IDENTITY	STAR_SARGAS	1	77
d7d2d652f99a16d782e86f33af9bc7f5d4f2df66d2a2089505c30a69c126209e	F68R2_ONLY	IDENTITY	STAR_SCHEAT	2	77
d7d2d652f99a16d782e86f33af9bc7f5d4f2df66d2a2089505c30a69c126209e	F68R2_ONLY	IDENTITY	STAR_SCHEDAR	1	77
d7d2d652f99a16d782e86f33af9bc7f5d4f2df66d2a2089505c30a69c126209e	F68R2_ONLY	IDENTITY	STAR_SHAULA	1	77
d7d2d652f99a16d782e86f33af9bc7f5d4f2df66d2a2089505c30a69c126209e	F68R2_ONLY	IDENTITY	STAR_SPICA	1	77
d7d2d652f99a16d782e86f33af9bc7f5d4f2df66d2a2089505c30a69c126209e	F68R2_ONLY	IDENTITY	STAR_VEGA	2	77
d7d2d652f99a16d782e86f33af9bc7f5d4f2df66d2a2089505c30a69c126209e	F68R2_ONLY	IDENTITY	STAR_VINDEMIATRIX	2	77
d7d2d652f99a16d782e86f33af9bc7f5d4f2df66d2a2089505c30a69c126209e	F68R2_ONLY	IDENTITY	STAR_ZUBENESCHAMALI	2	77
d0226e9891a431fc7eebeb502ef7f500f9b83fb26b2c0f7aea69afeacfc765be	UNCONSTRAINED_PAGE	LABEL	STAR_f68r2_12465	48	48
d0226e9891a431fc7eebeb502ef7f500f9b83fb26b2c0f7aea69afeacfc765be	UNCONSTRAINED_PAGE	LABEL	STAR_f68r2_12486	48	48
d0226e9891a431fc7eebeb502ef7f500f9b83fb26b2c0f7aea69afeacfc765be	UNCONSTRAINED_PAGE	LABEL	STAR_f68r2_12463	48	48
d0226e9891a431fc7eebeb502ef7f500f9b83fb26b2c0f7aea69afeacfc765be	UNCONSTRAINED_PAGE	IDENTITY	STAR_ALBIREO	48	48
d0226e9891a431fc7eebeb502ef7f500f9b83fb26b2c0f7aea69afeacfc765be	UNCONSTRAINED_PAGE	IDENTITY	STAR_ALIOTH	48	48
d0226e9891a431fc7eebeb502ef7f500f9b83fb26b2c0f7aea69afeacfc765be	UNCONSTRAINED_PAGE	IDENTITY	STAR_ACHERNAR	1	48
d0226e9891a431fc7eebeb502ef7f500f9b83fb26b2c0f7aea69afeacfc765be	UNCONSTRAINED_PAGE	IDENTITY	STAR_ALCHIBA	1	48
d0226e9891a431fc7eebeb502ef7f500f9b83fb26b2c0f7aea69afeacfc765be	UNCONSTRAINED_PAGE	IDENTITY	STAR_ALCOR	1	48
d0226e9891a431fc7eebeb502ef7f500f9b83fb26b2c0f7aea69afeacfc765be	UNCONSTRAINED_PAGE	IDENTITY	STAR_ALDEBARAN	1	48
d0226e9891a431fc7eebeb502ef7f500f9b83fb26b2c0f7aea69afeacfc765be	UNCONSTRAINED_PAGE	IDENTITY	STAR_ALGOL	1	48
d0226e9891a431fc7eebeb502ef7f500f9b83fb26b2c0f7aea69afeacfc765be	UNCONSTRAINED_PAGE	IDENTITY	STAR_ALGORAB	2	48
d0226e9891a431fc7eebeb502ef7f500f9b83fb26b2c0f7aea69afeacfc765be	UNCONSTRAINED_PAGE	IDENTITY	STAR_ALHENA	1	48
d0226e9891a431fc7eebeb502ef7f500f9b83fb26b2c0f7aea69afeacfc765be	UNCONSTRAINED_PAGE	IDENTITY	STAR_ALMACH	1	48
d0226e9891a431fc7eebeb502ef7f500f9b83fb26b2c0f7aea69afeacfc765be	UNCONSTRAINED_PAGE	IDENTITY	STAR_ALNATH	1	48
d0226e9891a431fc7eebeb502ef7f500f9b83fb26b2c0f7aea69afeacfc765be	UNCONSTRAINED_PAGE	IDENTITY	STAR_ALPHARD	1	48
d0226e9891a431fc7eebeb502ef7f500f9b83fb26b2c0f7aea69afeacfc765be	UNCONSTRAINED_PAGE	IDENTITY	STAR_ALRISHA	1	48
d0226e9891a431fc7eebeb502ef7f500f9b83fb26b2c0f7aea69afeacfc765be	UNCONSTRAINED_PAGE	IDENTITY	STAR_ALTAIR	2	48
d0226e9891a431fc7eebeb502ef7f500f9b83fb26b2c0f7aea69afeacfc765be	UNCONSTRAINED_PAGE	IDENTITY	STAR_ARCTURUS	1	48
d0226e9891a431fc7eebeb502ef7f500f9b83fb26b2c0f7aea69afeacfc765be	UNCONSTRAINED_PAGE	IDENTITY	STAR_CANOPUS	1	48
d0226e9891a431fc7eebeb502ef7f500f9b83fb26b2c0f7aea69afeacfc765be	UNCONSTRAINED_PAGE	IDENTITY	STAR_CAPELLA	1	48
d0226e9891a431fc7eebeb502ef7f500f9b83fb26b2c0f7aea69afeacfc765be	UNCONSTRAINED_PAGE	IDENTITY	STAR_CASTOR	1	48
d0226e9891a431fc7eebeb502ef7f500f9b83fb26b2c0f7aea69afeacfc765be	UNCONSTRAINED_PAGE	IDENTITY	STAR_DABIH	1	48
d0226e9891a431fc7eebeb502ef7f500f9b83fb26b2c0f7aea69afeacfc765be	UNCONSTRAINED_PAGE	IDENTITY	STAR_DENEB_ALGEDI	1	48
d0226e9891a431fc7eebeb502ef7f500f9b83fb26b2c0f7aea69afeacfc765be	UNCONSTRAINED_PAGE	IDENTITY	STAR_DENEBOLA	2	48
d0226e9891a431fc7eebeb502ef7f500f9b83fb26b2c0f7aea69afeacfc765be	UNCONSTRAINED_PAGE	IDENTITY	STAR_DUBHE	1	48
d0226e9891a431fc7eebeb502ef7f500f9b83fb26b2c0f7aea69afeacfc765be	UNCONSTRAINED_PAGE	IDENTITY	STAR_ELTANIN	1	48
d0226e9891a431fc7eebeb502ef7f500f9b83fb26b2c0f7aea69afeacfc765be	UNCONSTRAINED_PAGE	IDENTITY	STAR_FOMALHAUT	2	48
d0226e9891a431fc7eebeb502ef7f500f9b83fb26b2c0f7aea69afeacfc765be	UNCONSTRAINED_PAGE	IDENTITY	STAR_IZAR	1	48
d0226e9891a431fc7eebeb502ef7f500f9b83fb26b2c0f7aea69afeacfc765be	UNCONSTRAINED_PAGE	IDENTITY	STAR_KOCHAB	2	48
d0226e9891a431fc7eebeb502ef7f500f9b83fb26b2c0f7aea69afeacfc765be	UNCONSTRAINED_PAGE	IDENTITY	STAR_MERAK	1	48
d0226e9891a431fc7eebeb502ef7f500f9b83fb26b2c0f7aea69afeacfc765be	UNCONSTRAINED_PAGE	IDENTITY	STAR_MIRACH	1	48
d0226e9891a431fc7eebeb502ef7f500f9b83fb26b2c0f7aea69afeacfc765be	UNCONSTRAINED_PAGE	IDENTITY	STAR_POLARIS	1	48
d0226e9891a431fc7eebeb502ef7f500f9b83fb26b2c0f7aea69afeacfc765be	UNCONSTRAINED_PAGE	IDENTITY	STAR_POLLUX	1	48
d0226e9891a431fc7eebeb502ef7f500f9b83fb26b2c0f7aea69afeacfc765be	UNCONSTRAINED_PAGE	IDENTITY	STAR_PORRIMA	1	48
d0226e9891a431fc7eebeb502ef7f500f9b83fb26b2c0f7aea69afeacfc765be	UNCONSTRAINED_PAGE	IDENTITY	STAR_RASTABAN	1	48
d0226e9891a431fc7eebeb502ef7f500f9b83fb26b2c0f7aea69afeacfc765be	UNCONSTRAINED_PAGE	IDENTITY	STAR_SADALMELIK	1	48
d0226e9891a431fc7eebeb502ef7f500f9b83fb26b2c0f7aea69afeacfc765be	UNCONSTRAINED_PAGE	IDENTITY	STAR_SCHEDAR	1	48
d0226e9891a431fc7eebeb502ef7f500f9b83fb26b2c0f7aea69afeacfc765be	UNCONSTRAINED_PAGE	IDENTITY	STAR_SHERATAN	1	48
d0226e9891a431fc7eebeb502ef7f500f9b83fb26b2c0f7aea69afeacfc765be	UNCONSTRAINED_PAGE	IDENTITY	STAR_SIRIUS	1	48
d0226e9891a431fc7eebeb502ef7f500f9b83fb26b2c0f7aea69afeacfc765be	UNCONSTRAINED_PAGE	IDENTITY	STAR_SUBRA	1	48
d0226e9891a431fc7eebeb502ef7f500f9b83fb26b2c0f7aea69afeacfc765be	UNCONSTRAINED_PAGE	IDENTITY	STAR_THUBAN	1	48
d0226e9891a431fc7eebeb502ef7f500f9b83fb26b2c0f7aea69afeacfc765be	UNCONSTRAINED_PAGE	IDENTITY	STAR_UNUKALHAI	1	48
d0226e9891a431fc7eebeb502ef7f500f9b83fb26b2c0f7aea69afeacfc765be	UNCONSTRAINED_PAGE	IDENTITY	STAR_WASAT	1	48
d0226e9891a431fc7eebeb502ef7f500f9b83fb26b2c0f7aea69afeacfc765be	UNCONSTRAINED_PAGE	IDENTITY	STAR_WEZN	1	48
d0226e9891a431fc7eebeb502ef7f500f9b83fb26b2c0f7aea69afeacfc765be	UNCONSTRAINED_PAGE	IDENTITY	STAR_ZOSMA	2	48
d0226e9891a431fc7eebeb502ef7f500f9b83fb26b2c0f7aea69afeacfc765be	UNCONSTRAINED_PAGE	IDENTITY	STAR_ZUBENESCHAMALI	2	48
d0226e9891a431fc7eebeb502ef7f500f9b83fb26b2c0f7aea69afeacfc765be	F68R2_ONLY	LABEL	STAR_f68r2_12465	48	48
d0226e9891a431fc7eebeb502ef7f500f9b83fb26b2c0f7aea69afeacfc765be	F68R2_ONLY	LABEL	STAR_f68r2_12486	48	48
d0226e9891a431fc7eebeb502ef7f500f9b83fb26b2c0f7aea69afeacfc765be	F68R2_ONLY	LABEL	STAR_f68r2_12463	48	48
d0226e9891a431fc7eebeb502ef7f500f9b83fb26b2c0f7aea69afeacfc765be	F68R2_ONLY	IDENTITY	STAR_ALBIREO	48	48
d0226e9891a431fc7eebeb502ef7f500f9b83fb26b2c0f7aea69afeacfc765be	F68R2_ONLY	IDENTITY	STAR_ALIOTH	48	48
d0226e9891a431fc7eebeb502ef7f500f9b83fb26b2c0f7aea69afeacfc765be	F68R2_ONLY	IDENTITY	STAR_ACHERNAR	1	48
d0226e9891a431fc7eebeb502ef7f500f9b83fb26b2c0f7aea69afeacfc765be	F68R2_ONLY	IDENTITY	STAR_ALCHIBA	1	48
d0226e9891a431fc7eebeb502ef7f500f9b83fb26b2c0f7aea69afeacfc765be	F68R2_ONLY	IDENTITY	STAR_ALCOR	1	48
d0226e9891a431fc7eebeb502ef7f500f9b83fb26b2c0f7aea69afeacfc765be	F68R2_ONLY	IDENTITY	STAR_ALDEBARAN	1	48
d0226e9891a431fc7eebeb502ef7f500f9b83fb26b2c0f7aea69afeacfc765be	F68R2_ONLY	IDENTITY	STAR_ALGOL	1	48
d0226e9891a431fc7eebeb502ef7f500f9b83fb26b2c0f7aea69afeacfc765be	F68R2_ONLY	IDENTITY	STAR_ALGORAB	2	48
d0226e9891a431fc7eebeb502ef7f500f9b83fb26b2c0f7aea69afeacfc765be	F68R2_ONLY	IDENTITY	STAR_ALHENA	1	48
d0226e9891a431fc7eebeb502ef7f500f9b83fb26b2c0f7aea69afeacfc765be	F68R2_ONLY	IDENTITY	STAR_ALMACH	1	48
d0226e9891a431fc7eebeb502ef7f500f9b83fb26b2c0f7aea69afeacfc765be	F68R2_ONLY	IDENTITY	STAR_ALNATH	1	48
d0226e9891a431fc7eebeb502ef7f500f9b83fb26b2c0f7aea69afeacfc765be	F68R2_ONLY	IDENTITY	STAR_ALPHARD	1	48
d0226e9891a431fc7eebeb502ef7f500f9b83fb26b2c0f7aea69afeacfc765be	F68R2_ONLY	IDENTITY	STAR_ALRISHA	1	48
d0226e9891a431fc7eebeb502ef7f500f9b83fb26b2c0f7aea69afeacfc765be	F68R2_ONLY	IDENTITY	STAR_ALTAIR	2	48
d0226e9891a431fc7eebeb502ef7f500f9b83fb26b2c0f7aea69afeacfc765be	F68R2_ONLY	IDENTITY	STAR_ARCTURUS	1	48
d0226e9891a431fc7eebeb502ef7f500f9b83fb26b2c0f7aea69afeacfc765be	F68R2_ONLY	IDENTITY	STAR_CANOPUS	1	48
d0226e9891a431fc7eebeb502ef7f500f9b83fb26b2c0f7aea69afeacfc765be	F68R2_ONLY	IDENTITY	STAR_CAPELLA	1	48
d0226e9891a431fc7eebeb502ef7f500f9b83fb26b2c0f7aea69afeacfc765be	F68R2_ONLY	IDENTITY	STAR_CASTOR	1	48
d0226e9891a431fc7eebeb502ef7f500f9b83fb26b2c0f7aea69afeacfc765be	F68R2_ONLY	IDENTITY	STAR_DABIH	1	48
d0226e9891a431fc7eebeb502ef7f500f9b83fb26b2c0f7aea69afeacfc765be	F68R2_ONLY	IDENTITY	STAR_DENEB_ALGEDI	1	48
d0226e9891a431fc7eebeb502ef7f500f9b83fb26b2c0f7aea69afeacfc765be	F68R2_ONLY	IDENTITY	STAR_DENEBOLA	2	48
d0226e9891a431fc7eebeb502ef7f500f9b83fb26b2c0f7aea69afeacfc765be	F68R2_ONLY	IDENTITY	STAR_DUBHE	1	48
d0226e9891a431fc7eebeb502ef7f500f9b83fb26b2c0f7aea69afeacfc765be	F68R2_ONLY	IDENTITY	STAR_ELTANIN	1	48
d0226e9891a431fc7eebeb502ef7f500f9b83fb26b2c0f7aea69afeacfc765be	F68R2_ONLY	IDENTITY	STAR_FOMALHAUT	2	48
d0226e9891a431fc7eebeb502ef7f500f9b83fb26b2c0f7aea69afeacfc765be	F68R2_ONLY	IDENTITY	STAR_IZAR	1	48
d0226e9891a431fc7eebeb502ef7f500f9b83fb26b2c0f7aea69afeacfc765be	F68R2_ONLY	IDENTITY	STAR_KOCHAB	2	48
d0226e9891a431fc7eebeb502ef7f500f9b83fb26b2c0f7aea69afeacfc765be	F68R2_ONLY	IDENTITY	STAR_MERAK	1	48
d0226e9891a431fc7eebeb502ef7f500f9b83fb26b2c0f7aea69afeacfc765be	F68R2_ONLY	IDENTITY	STAR_MIRACH	1	48
d0226e9891a431fc7eebeb502ef7f500f9b83fb26b2c0f7aea69afeacfc765be	F68R2_ONLY	IDENTITY	STAR_POLARIS	1	48
d0226e9891a431fc7eebeb502ef7f500f9b83fb26b2c0f7aea69afeacfc765be	F68R2_ONLY	IDENTITY	STAR_POLLUX	1	48
d0226e9891a431fc7eebeb502ef7f500f9b83fb26b2c0f7aea69afeacfc765be	F68R2_ONLY	IDENTITY	STAR_PORRIMA	1	48
d0226e9891a431fc7eebeb502ef7f500f9b83fb26b2c0f7aea69afeacfc765be	F68R2_ONLY	IDENTITY	STAR_RASTABAN	1	48
d0226e9891a431fc7eebeb502ef7f500f9b83fb26b2c0f7aea69afeacfc765be	F68R2_ONLY	IDENTITY	STAR_SADALMELIK	1	48
d0226e9891a431fc7eebeb502ef7f500f9b83fb26b2c0f7aea69afeacfc765be	F68R2_ONLY	IDENTITY	STAR_SCHEDAR	1	48
d0226e9891a431fc7eebeb502ef7f500f9b83fb26b2c0f7aea69afeacfc765be	F68R2_ONLY	IDENTITY	STAR_SHERATAN	1	48
d0226e9891a431fc7eebeb502ef7f500f9b83fb26b2c0f7aea69afeacfc765be	F68R2_ONLY	IDENTITY	STAR_SIRIUS	1	48
d0226e9891a431fc7eebeb502ef7f500f9b83fb26b2c0f7aea69afeacfc765be	F68R2_ONLY	IDENTITY	STAR_SUBRA	1	48
d0226e9891a431fc7eebeb502ef7f500f9b83fb26b2c0f7aea69afeacfc765be	F68R2_ONLY	IDENTITY	STAR_THUBAN	1	48
d0226e9891a431fc7eebeb502ef7f500f9b83fb26b2c0f7aea69afeacfc765be	F68R2_ONLY	IDENTITY	STAR_UNUKALHAI	1	48
d0226e9891a431fc7eebeb502ef7f500f9b83fb26b2c0f7aea69afeacfc765be	F68R2_ONLY	IDENTITY	STAR_WASAT	1	48
d0226e9891a431fc7eebeb502ef7f500f9b83fb26b2c0f7aea69afeacfc765be	F68R2_ONLY	IDENTITY	STAR_WEZN	1	48
d0226e9891a431fc7eebeb502ef7f500f9b83fb26b2c0f7aea69afeacfc765be	F68R2_ONLY	IDENTITY	STAR_ZOSMA	2	48
d0226e9891a431fc7eebeb502ef7f500f9b83fb26b2c0f7aea69afeacfc765be	F68R2_ONLY	IDENTITY	STAR_ZUBENESCHAMALI	2	48
e8c0a5440d26d729838cafff8368e747fe2f75dff369c50f8a8540db909abdd0	UNCONSTRAINED_PAGE	LABEL	STAR_f68r2_12465	48	48
e8c0a5440d26d729838cafff8368e747fe2f75dff369c50f8a8540db909abdd0	UNCONSTRAINED_PAGE	LABEL	STAR_f68r2_12486	48	48
e8c0a5440d26d729838cafff8368e747fe2f75dff369c50f8a8540db909abdd0	UNCONSTRAINED_PAGE	LABEL	STAR_f68r2_12463	48	48
e8c0a5440d26d729838cafff8368e747fe2f75dff369c50f8a8540db909abdd0	UNCONSTRAINED_PAGE	IDENTITY	STAR_ALBIREO	48	48
e8c0a5440d26d729838cafff8368e747fe2f75dff369c50f8a8540db909abdd0	UNCONSTRAINED_PAGE	IDENTITY	STAR_CANOPUS	48	48
e8c0a5440d26d729838cafff8368e747fe2f75dff369c50f8a8540db909abdd0	UNCONSTRAINED_PAGE	IDENTITY	STAR_ACHERNAR	1	48
e8c0a5440d26d729838cafff8368e747fe2f75dff369c50f8a8540db909abdd0	UNCONSTRAINED_PAGE	IDENTITY	STAR_ALCHIBA	1	48
e8c0a5440d26d729838cafff8368e747fe2f75dff369c50f8a8540db909abdd0	UNCONSTRAINED_PAGE	IDENTITY	STAR_ALCOR	1	48
e8c0a5440d26d729838cafff8368e747fe2f75dff369c50f8a8540db909abdd0	UNCONSTRAINED_PAGE	IDENTITY	STAR_ALDEBARAN	1	48
e8c0a5440d26d729838cafff8368e747fe2f75dff369c50f8a8540db909abdd0	UNCONSTRAINED_PAGE	IDENTITY	STAR_ALGOL	1	48
e8c0a5440d26d729838cafff8368e747fe2f75dff369c50f8a8540db909abdd0	UNCONSTRAINED_PAGE	IDENTITY	STAR_ALGORAB	2	48
e8c0a5440d26d729838cafff8368e747fe2f75dff369c50f8a8540db909abdd0	UNCONSTRAINED_PAGE	IDENTITY	STAR_ALHENA	1	48
e8c0a5440d26d729838cafff8368e747fe2f75dff369c50f8a8540db909abdd0	UNCONSTRAINED_PAGE	IDENTITY	STAR_ALIOTH	1	48
e8c0a5440d26d729838cafff8368e747fe2f75dff369c50f8a8540db909abdd0	UNCONSTRAINED_PAGE	IDENTITY	STAR_ALMACH	1	48
e8c0a5440d26d729838cafff8368e747fe2f75dff369c50f8a8540db909abdd0	UNCONSTRAINED_PAGE	IDENTITY	STAR_ALNATH	1	48
e8c0a5440d26d729838cafff8368e747fe2f75dff369c50f8a8540db909abdd0	UNCONSTRAINED_PAGE	IDENTITY	STAR_ALPHARD	1	48
e8c0a5440d26d729838cafff8368e747fe2f75dff369c50f8a8540db909abdd0	UNCONSTRAINED_PAGE	IDENTITY	STAR_ALRISHA	1	48
e8c0a5440d26d729838cafff8368e747fe2f75dff369c50f8a8540db909abdd0	UNCONSTRAINED_PAGE	IDENTITY	STAR_ALTAIR	2	48
e8c0a5440d26d729838cafff8368e747fe2f75dff369c50f8a8540db909abdd0	UNCONSTRAINED_PAGE	IDENTITY	STAR_ARCTURUS	1	48
e8c0a5440d26d729838cafff8368e747fe2f75dff369c50f8a8540db909abdd0	UNCONSTRAINED_PAGE	IDENTITY	STAR_CAPELLA	1	48
e8c0a5440d26d729838cafff8368e747fe2f75dff369c50f8a8540db909abdd0	UNCONSTRAINED_PAGE	IDENTITY	STAR_CASTOR	1	48
e8c0a5440d26d729838cafff8368e747fe2f75dff369c50f8a8540db909abdd0	UNCONSTRAINED_PAGE	IDENTITY	STAR_DABIH	1	48
e8c0a5440d26d729838cafff8368e747fe2f75dff369c50f8a8540db909abdd0	UNCONSTRAINED_PAGE	IDENTITY	STAR_DENEB_ALGEDI	1	48
e8c0a5440d26d729838cafff8368e747fe2f75dff369c50f8a8540db909abdd0	UNCONSTRAINED_PAGE	IDENTITY	STAR_DENEBOLA	2	48
e8c0a5440d26d729838cafff8368e747fe2f75dff369c50f8a8540db909abdd0	UNCONSTRAINED_PAGE	IDENTITY	STAR_DUBHE	1	48
e8c0a5440d26d729838cafff8368e747fe2f75dff369c50f8a8540db909abdd0	UNCONSTRAINED_PAGE	IDENTITY	STAR_ELTANIN	1	48
e8c0a5440d26d729838cafff8368e747fe2f75dff369c50f8a8540db909abdd0	UNCONSTRAINED_PAGE	IDENTITY	STAR_FOMALHAUT	2	48
e8c0a5440d26d729838cafff8368e747fe2f75dff369c50f8a8540db909abdd0	UNCONSTRAINED_PAGE	IDENTITY	STAR_IZAR	1	48
e8c0a5440d26d729838cafff8368e747fe2f75dff369c50f8a8540db909abdd0	UNCONSTRAINED_PAGE	IDENTITY	STAR_KOCHAB	2	48
e8c0a5440d26d729838cafff8368e747fe2f75dff369c50f8a8540db909abdd0	UNCONSTRAINED_PAGE	IDENTITY	STAR_MERAK	1	48
e8c0a5440d26d729838cafff8368e747fe2f75dff369c50f8a8540db909abdd0	UNCONSTRAINED_PAGE	IDENTITY	STAR_MIRACH	1	48
e8c0a5440d26d729838cafff8368e747fe2f75dff369c50f8a8540db909abdd0	UNCONSTRAINED_PAGE	IDENTITY	STAR_POLARIS	1	48
e8c0a5440d26d729838cafff8368e747fe2f75dff369c50f8a8540db909abdd0	UNCONSTRAINED_PAGE	IDENTITY	STAR_POLLUX	1	48
e8c0a5440d26d729838cafff8368e747fe2f75dff369c50f8a8540db909abdd0	UNCONSTRAINED_PAGE	IDENTITY	STAR_PORRIMA	1	48
e8c0a5440d26d729838cafff8368e747fe2f75dff369c50f8a8540db909abdd0	UNCONSTRAINED_PAGE	IDENTITY	STAR_RASTABAN	1	48
e8c0a5440d26d729838cafff8368e747fe2f75dff369c50f8a8540db909abdd0	UNCONSTRAINED_PAGE	IDENTITY	STAR_SADALMELIK	1	48
e8c0a5440d26d729838cafff8368e747fe2f75dff369c50f8a8540db909abdd0	UNCONSTRAINED_PAGE	IDENTITY	STAR_SCHEDAR	1	48
e8c0a5440d26d729838cafff8368e747fe2f75dff369c50f8a8540db909abdd0	UNCONSTRAINED_PAGE	IDENTITY	STAR_SHERATAN	1	48
e8c0a5440d26d729838cafff8368e747fe2f75dff369c50f8a8540db909abdd0	UNCONSTRAINED_PAGE	IDENTITY	STAR_SIRIUS	1	48
e8c0a5440d26d729838cafff8368e747fe2f75dff369c50f8a8540db909abdd0	UNCONSTRAINED_PAGE	IDENTITY	STAR_SUBRA	1	48
e8c0a5440d26d729838cafff8368e747fe2f75dff369c50f8a8540db909abdd0	UNCONSTRAINED_PAGE	IDENTITY	STAR_THUBAN	1	48
e8c0a5440d26d729838cafff8368e747fe2f75dff369c50f8a8540db909abdd0	UNCONSTRAINED_PAGE	IDENTITY	STAR_UNUKALHAI	1	48
e8c0a5440d26d729838cafff8368e747fe2f75dff369c50f8a8540db909abdd0	UNCONSTRAINED_PAGE	IDENTITY	STAR_WASAT	1	48
e8c0a5440d26d729838cafff8368e747fe2f75dff369c50f8a8540db909abdd0	UNCONSTRAINED_PAGE	IDENTITY	STAR_WEZN	1	48
e8c0a5440d26d729838cafff8368e747fe2f75dff369c50f8a8540db909abdd0	UNCONSTRAINED_PAGE	IDENTITY	STAR_ZOSMA	2	48
e8c0a5440d26d729838cafff8368e747fe2f75dff369c50f8a8540db909abdd0	UNCONSTRAINED_PAGE	IDENTITY	STAR_ZUBENESCHAMALI	2	48
e8c0a5440d26d729838cafff8368e747fe2f75dff369c50f8a8540db909abdd0	F68R2_ONLY	LABEL	STAR_f68r2_12465	48	48
e8c0a5440d26d729838cafff8368e747fe2f75dff369c50f8a8540db909abdd0	F68R2_ONLY	LABEL	STAR_f68r2_12486	48	48
e8c0a5440d26d729838cafff8368e747fe2f75dff369c50f8a8540db909abdd0	F68R2_ONLY	LABEL	STAR_f68r2_12463	48	48
e8c0a5440d26d729838cafff8368e747fe2f75dff369c50f8a8540db909abdd0	F68R2_ONLY	IDENTITY	STAR_ALBIREO	48	48
e8c0a5440d26d729838cafff8368e747fe2f75dff369c50f8a8540db909abdd0	F68R2_ONLY	IDENTITY	STAR_CANOPUS	48	48
e8c0a5440d26d729838cafff8368e747fe2f75dff369c50f8a8540db909abdd0	F68R2_ONLY	IDENTITY	STAR_ACHERNAR	1	48
e8c0a5440d26d729838cafff8368e747fe2f75dff369c50f8a8540db909abdd0	F68R2_ONLY	IDENTITY	STAR_ALCHIBA	1	48
e8c0a5440d26d729838cafff8368e747fe2f75dff369c50f8a8540db909abdd0	F68R2_ONLY	IDENTITY	STAR_ALCOR	1	48
e8c0a5440d26d729838cafff8368e747fe2f75dff369c50f8a8540db909abdd0	F68R2_ONLY	IDENTITY	STAR_ALDEBARAN	1	48
e8c0a5440d26d729838cafff8368e747fe2f75dff369c50f8a8540db909abdd0	F68R2_ONLY	IDENTITY	STAR_ALGOL	1	48
e8c0a5440d26d729838cafff8368e747fe2f75dff369c50f8a8540db909abdd0	F68R2_ONLY	IDENTITY	STAR_ALGORAB	2	48
e8c0a5440d26d729838cafff8368e747fe2f75dff369c50f8a8540db909abdd0	F68R2_ONLY	IDENTITY	STAR_ALHENA	1	48
e8c0a5440d26d729838cafff8368e747fe2f75dff369c50f8a8540db909abdd0	F68R2_ONLY	IDENTITY	STAR_ALIOTH	1	48
e8c0a5440d26d729838cafff8368e747fe2f75dff369c50f8a8540db909abdd0	F68R2_ONLY	IDENTITY	STAR_ALMACH	1	48
e8c0a5440d26d729838cafff8368e747fe2f75dff369c50f8a8540db909abdd0	F68R2_ONLY	IDENTITY	STAR_ALNATH	1	48
e8c0a5440d26d729838cafff8368e747fe2f75dff369c50f8a8540db909abdd0	F68R2_ONLY	IDENTITY	STAR_ALPHARD	1	48
e8c0a5440d26d729838cafff8368e747fe2f75dff369c50f8a8540db909abdd0	F68R2_ONLY	IDENTITY	STAR_ALRISHA	1	48
e8c0a5440d26d729838cafff8368e747fe2f75dff369c50f8a8540db909abdd0	F68R2_ONLY	IDENTITY	STAR_ALTAIR	2	48
e8c0a5440d26d729838cafff8368e747fe2f75dff369c50f8a8540db909abdd0	F68R2_ONLY	IDENTITY	STAR_ARCTURUS	1	48
e8c0a5440d26d729838cafff8368e747fe2f75dff369c50f8a8540db909abdd0	F68R2_ONLY	IDENTITY	STAR_CAPELLA	1	48
e8c0a5440d26d729838cafff8368e747fe2f75dff369c50f8a8540db909abdd0	F68R2_ONLY	IDENTITY	STAR_CASTOR	1	48
e8c0a5440d26d729838cafff8368e747fe2f75dff369c50f8a8540db909abdd0	F68R2_ONLY	IDENTITY	STAR_DABIH	1	48
e8c0a5440d26d729838cafff8368e747fe2f75dff369c50f8a8540db909abdd0	F68R2_ONLY	IDENTITY	STAR_DENEB_ALGEDI	1	48
e8c0a5440d26d729838cafff8368e747fe2f75dff369c50f8a8540db909abdd0	F68R2_ONLY	IDENTITY	STAR_DENEBOLA	2	48
e8c0a5440d26d729838cafff8368e747fe2f75dff369c50f8a8540db909abdd0	F68R2_ONLY	IDENTITY	STAR_DUBHE	1	48
e8c0a5440d26d729838cafff8368e747fe2f75dff369c50f8a8540db909abdd0	F68R2_ONLY	IDENTITY	STAR_ELTANIN	1	48
e8c0a5440d26d729838cafff8368e747fe2f75dff369c50f8a8540db909abdd0	F68R2_ONLY	IDENTITY	STAR_FOMALHAUT	2	48
e8c0a5440d26d729838cafff8368e747fe2f75dff369c50f8a8540db909abdd0	F68R2_ONLY	IDENTITY	STAR_IZAR	1	48
e8c0a5440d26d729838cafff8368e747fe2f75dff369c50f8a8540db909abdd0	F68R2_ONLY	IDENTITY	STAR_KOCHAB	2	48
e8c0a5440d26d729838cafff8368e747fe2f75dff369c50f8a8540db909abdd0	F68R2_ONLY	IDENTITY	STAR_MERAK	1	48
e8c0a5440d26d729838cafff8368e747fe2f75dff369c50f8a8540db909abdd0	F68R2_ONLY	IDENTITY	STAR_MIRACH	1	48
e8c0a5440d26d729838cafff8368e747fe2f75dff369c50f8a8540db909abdd0	F68R2_ONLY	IDENTITY	STAR_POLARIS	1	48
e8c0a5440d26d729838cafff8368e747fe2f75dff369c50f8a8540db909abdd0	F68R2_ONLY	IDENTITY	STAR_POLLUX	1	48
e8c0a5440d26d729838cafff8368e747fe2f75dff369c50f8a8540db909abdd0	F68R2_ONLY	IDENTITY	STAR_PORRIMA	1	48
e8c0a5440d26d729838cafff8368e747fe2f75dff369c50f8a8540db909abdd0	F68R2_ONLY	IDENTITY	STAR_RASTABAN	1	48
e8c0a5440d26d729838cafff8368e747fe2f75dff369c50f8a8540db909abdd0	F68R2_ONLY	IDENTITY	STAR_SADALMELIK	1	48
e8c0a5440d26d729838cafff8368e747fe2f75dff369c50f8a8540db909abdd0	F68R2_ONLY	IDENTITY	STAR_SCHEDAR	1	48
e8c0a5440d26d729838cafff8368e747fe2f75dff369c50f8a8540db909abdd0	F68R2_ONLY	IDENTITY	STAR_SHERATAN	1	48
e8c0a5440d26d729838cafff8368e747fe2f75dff369c50f8a8540db909abdd0	F68R2_ONLY	IDENTITY	STAR_SIRIUS	1	48
e8c0a5440d26d729838cafff8368e747fe2f75dff369c50f8a8540db909abdd0	F68R2_ONLY	IDENTITY	STAR_SUBRA	1	48
e8c0a5440d26d729838cafff8368e747fe2f75dff369c50f8a8540db909abdd0	F68R2_ONLY	IDENTITY	STAR_THUBAN	1	48
e8c0a5440d26d729838cafff8368e747fe2f75dff369c50f8a8540db909abdd0	F68R2_ONLY	IDENTITY	STAR_UNUKALHAI	1	48
e8c0a5440d26d729838cafff8368e747fe2f75dff369c50f8a8540db909abdd0	F68R2_ONLY	IDENTITY	STAR_WASAT	1	48
e8c0a5440d26d729838cafff8368e747fe2f75dff369c50f8a8540db909abdd0	F68R2_ONLY	IDENTITY	STAR_WEZN	1	48
e8c0a5440d26d729838cafff8368e747fe2f75dff369c50f8a8540db909abdd0	F68R2_ONLY	IDENTITY	STAR_ZOSMA	2	48
e8c0a5440d26d729838cafff8368e747fe2f75dff369c50f8a8540db909abdd0	F68R2_ONLY	IDENTITY	STAR_ZUBENESCHAMALI	2	48
799e89145afcd1cc75623de0d7dca9e7c73d4fce232ee40175f84aa171f70ec0	UNCONSTRAINED_PAGE	LABEL	STAR_f68r2_12465	48	48
799e89145afcd1cc75623de0d7dca9e7c73d4fce232ee40175f84aa171f70ec0	UNCONSTRAINED_PAGE	LABEL	STAR_f68r2_12486	48	48
799e89145afcd1cc75623de0d7dca9e7c73d4fce232ee40175f84aa171f70ec0	UNCONSTRAINED_PAGE	LABEL	STAR_f68r2_12463	48	48
799e89145afcd1cc75623de0d7dca9e7c73d4fce232ee40175f84aa171f70ec0	UNCONSTRAINED_PAGE	IDENTITY	STAR_ALBIREO	48	48
799e89145afcd1cc75623de0d7dca9e7c73d4fce232ee40175f84aa171f70ec0	UNCONSTRAINED_PAGE	IDENTITY	STAR_CANOPUS	48	48
799e89145afcd1cc75623de0d7dca9e7c73d4fce232ee40175f84aa171f70ec0	UNCONSTRAINED_PAGE	IDENTITY	STAR_ACHERNAR	1	48
799e89145afcd1cc75623de0d7dca9e7c73d4fce232ee40175f84aa171f70ec0	UNCONSTRAINED_PAGE	IDENTITY	STAR_ALCHIBA	1	48
799e89145afcd1cc75623de0d7dca9e7c73d4fce232ee40175f84aa171f70ec0	UNCONSTRAINED_PAGE	IDENTITY	STAR_ALCOR	1	48
799e89145afcd1cc75623de0d7dca9e7c73d4fce232ee40175f84aa171f70ec0	UNCONSTRAINED_PAGE	IDENTITY	STAR_ALDEBARAN	1	48
799e89145afcd1cc75623de0d7dca9e7c73d4fce232ee40175f84aa171f70ec0	UNCONSTRAINED_PAGE	IDENTITY	STAR_ALGOL	1	48
799e89145afcd1cc75623de0d7dca9e7c73d4fce232ee40175f84aa171f70ec0	UNCONSTRAINED_PAGE	IDENTITY	STAR_ALGORAB	2	48
799e89145afcd1cc75623de0d7dca9e7c73d4fce232ee40175f84aa171f70ec0	UNCONSTRAINED_PAGE	IDENTITY	STAR_ALHENA	1	48
799e89145afcd1cc75623de0d7dca9e7c73d4fce232ee40175f84aa171f70ec0	UNCONSTRAINED_PAGE	IDENTITY	STAR_ALIOTH	1	48
799e89145afcd1cc75623de0d7dca9e7c73d4fce232ee40175f84aa171f70ec0	UNCONSTRAINED_PAGE	IDENTITY	STAR_ALMACH	1	48
799e89145afcd1cc75623de0d7dca9e7c73d4fce232ee40175f84aa171f70ec0	UNCONSTRAINED_PAGE	IDENTITY	STAR_ALNATH	1	48
799e89145afcd1cc75623de0d7dca9e7c73d4fce232ee40175f84aa171f70ec0	UNCONSTRAINED_PAGE	IDENTITY	STAR_ALPHARD	1	48
799e89145afcd1cc75623de0d7dca9e7c73d4fce232ee40175f84aa171f70ec0	UNCONSTRAINED_PAGE	IDENTITY	STAR_ALRISHA	1	48
799e89145afcd1cc75623de0d7dca9e7c73d4fce232ee40175f84aa171f70ec0	UNCONSTRAINED_PAGE	IDENTITY	STAR_ALTAIR	2	48
799e89145afcd1cc75623de0d7dca9e7c73d4fce232ee40175f84aa171f70ec0	UNCONSTRAINED_PAGE	IDENTITY	STAR_ARCTURUS	1	48
799e89145afcd1cc75623de0d7dca9e7c73d4fce232ee40175f84aa171f70ec0	UNCONSTRAINED_PAGE	IDENTITY	STAR_CAPELLA	1	48
799e89145afcd1cc75623de0d7dca9e7c73d4fce232ee40175f84aa171f70ec0	UNCONSTRAINED_PAGE	IDENTITY	STAR_CASTOR	1	48
799e89145afcd1cc75623de0d7dca9e7c73d4fce232ee40175f84aa171f70ec0	UNCONSTRAINED_PAGE	IDENTITY	STAR_DABIH	1	48
799e89145afcd1cc75623de0d7dca9e7c73d4fce232ee40175f84aa171f70ec0	UNCONSTRAINED_PAGE	IDENTITY	STAR_DENEB_ALGEDI	1	48
799e89145afcd1cc75623de0d7dca9e7c73d4fce232ee40175f84aa171f70ec0	UNCONSTRAINED_PAGE	IDENTITY	STAR_DENEBOLA	2	48
799e89145afcd1cc75623de0d7dca9e7c73d4fce232ee40175f84aa171f70ec0	UNCONSTRAINED_PAGE	IDENTITY	STAR_DUBHE	1	48
799e89145afcd1cc75623de0d7dca9e7c73d4fce232ee40175f84aa171f70ec0	UNCONSTRAINED_PAGE	IDENTITY	STAR_ELTANIN	1	48
799e89145afcd1cc75623de0d7dca9e7c73d4fce232ee40175f84aa171f70ec0	UNCONSTRAINED_PAGE	IDENTITY	STAR_FOMALHAUT	2	48
799e89145afcd1cc75623de0d7dca9e7c73d4fce232ee40175f84aa171f70ec0	UNCONSTRAINED_PAGE	IDENTITY	STAR_IZAR	1	48
799e89145afcd1cc75623de0d7dca9e7c73d4fce232ee40175f84aa171f70ec0	UNCONSTRAINED_PAGE	IDENTITY	STAR_KOCHAB	2	48
799e89145afcd1cc75623de0d7dca9e7c73d4fce232ee40175f84aa171f70ec0	UNCONSTRAINED_PAGE	IDENTITY	STAR_MERAK	1	48
799e89145afcd1cc75623de0d7dca9e7c73d4fce232ee40175f84aa171f70ec0	UNCONSTRAINED_PAGE	IDENTITY	STAR_MIRACH	1	48
799e89145afcd1cc75623de0d7dca9e7c73d4fce232ee40175f84aa171f70ec0	UNCONSTRAINED_PAGE	IDENTITY	STAR_POLARIS	1	48
799e89145afcd1cc75623de0d7dca9e7c73d4fce232ee40175f84aa171f70ec0	UNCONSTRAINED_PAGE	IDENTITY	STAR_POLLUX	1	48
799e89145afcd1cc75623de0d7dca9e7c73d4fce232ee40175f84aa171f70ec0	UNCONSTRAINED_PAGE	IDENTITY	STAR_PORRIMA	1	48
799e89145afcd1cc75623de0d7dca9e7c73d4fce232ee40175f84aa171f70ec0	UNCONSTRAINED_PAGE	IDENTITY	STAR_RASTABAN	1	48
799e89145afcd1cc75623de0d7dca9e7c73d4fce232ee40175f84aa171f70ec0	UNCONSTRAINED_PAGE	IDENTITY	STAR_SADALMELIK	1	48
799e89145afcd1cc75623de0d7dca9e7c73d4fce232ee40175f84aa171f70ec0	UNCONSTRAINED_PAGE	IDENTITY	STAR_SCHEDAR	1	48
799e89145afcd1cc75623de0d7dca9e7c73d4fce232ee40175f84aa171f70ec0	UNCONSTRAINED_PAGE	IDENTITY	STAR_SHERATAN	1	48
799e89145afcd1cc75623de0d7dca9e7c73d4fce232ee40175f84aa171f70ec0	UNCONSTRAINED_PAGE	IDENTITY	STAR_SIRIUS	1	48
799e89145afcd1cc75623de0d7dca9e7c73d4fce232ee40175f84aa171f70ec0	UNCONSTRAINED_PAGE	IDENTITY	STAR_SUBRA	1	48
799e89145afcd1cc75623de0d7dca9e7c73d4fce232ee40175f84aa171f70ec0	UNCONSTRAINED_PAGE	IDENTITY	STAR_THUBAN	1	48
799e89145afcd1cc75623de0d7dca9e7c73d4fce232ee40175f84aa171f70ec0	UNCONSTRAINED_PAGE	IDENTITY	STAR_UNUKALHAI	1	48
799e89145afcd1cc75623de0d7dca9e7c73d4fce232ee40175f84aa171f70ec0	UNCONSTRAINED_PAGE	IDENTITY	STAR_WASAT	1	48
799e89145afcd1cc75623de0d7dca9e7c73d4fce232ee40175f84aa171f70ec0	UNCONSTRAINED_PAGE	IDENTITY	STAR_WEZN	1	48
799e89145afcd1cc75623de0d7dca9e7c73d4fce232ee40175f84aa171f70ec0	UNCONSTRAINED_PAGE	IDENTITY	STAR_ZOSMA	2	48
799e89145afcd1cc75623de0d7dca9e7c73d4fce232ee40175f84aa171f70ec0	UNCONSTRAINED_PAGE	IDENTITY	STAR_ZUBENESCHAMALI	2	48
799e89145afcd1cc75623de0d7dca9e7c73d4fce232ee40175f84aa171f70ec0	F68R2_ONLY	LABEL	STAR_f68r2_12465	48	48
799e89145afcd1cc75623de0d7dca9e7c73d4fce232ee40175f84aa171f70ec0	F68R2_ONLY	LABEL	STAR_f68r2_12486	48	48
799e89145afcd1cc75623de0d7dca9e7c73d4fce232ee40175f84aa171f70ec0	F68R2_ONLY	LABEL	STAR_f68r2_12463	48	48
799e89145afcd1cc75623de0d7dca9e7c73d4fce232ee40175f84aa171f70ec0	F68R2_ONLY	IDENTITY	STAR_ALBIREO	48	48
799e89145afcd1cc75623de0d7dca9e7c73d4fce232ee40175f84aa171f70ec0	F68R2_ONLY	IDENTITY	STAR_CANOPUS	48	48
799e89145afcd1cc75623de0d7dca9e7c73d4fce232ee40175f84aa171f70ec0	F68R2_ONLY	IDENTITY	STAR_ACHERNAR	1	48
799e89145afcd1cc75623de0d7dca9e7c73d4fce232ee40175f84aa171f70ec0	F68R2_ONLY	IDENTITY	STAR_ALCHIBA	1	48
799e89145afcd1cc75623de0d7dca9e7c73d4fce232ee40175f84aa171f70ec0	F68R2_ONLY	IDENTITY	STAR_ALCOR	1	48
799e89145afcd1cc75623de0d7dca9e7c73d4fce232ee40175f84aa171f70ec0	F68R2_ONLY	IDENTITY	STAR_ALDEBARAN	1	48
799e89145afcd1cc75623de0d7dca9e7c73d4fce232ee40175f84aa171f70ec0	F68R2_ONLY	IDENTITY	STAR_ALGOL	1	48
799e89145afcd1cc75623de0d7dca9e7c73d4fce232ee40175f84aa171f70ec0	F68R2_ONLY	IDENTITY	STAR_ALGORAB	2	48
799e89145afcd1cc75623de0d7dca9e7c73d4fce232ee40175f84aa171f70ec0	F68R2_ONLY	IDENTITY	STAR_ALHENA	1	48
799e89145afcd1cc75623de0d7dca9e7c73d4fce232ee40175f84aa171f70ec0	F68R2_ONLY	IDENTITY	STAR_ALIOTH	1	48
799e89145afcd1cc75623de0d7dca9e7c73d4fce232ee40175f84aa171f70ec0	F68R2_ONLY	IDENTITY	STAR_ALMACH	1	48
799e89145afcd1cc75623de0d7dca9e7c73d4fce232ee40175f84aa171f70ec0	F68R2_ONLY	IDENTITY	STAR_ALNATH	1	48
799e89145afcd1cc75623de0d7dca9e7c73d4fce232ee40175f84aa171f70ec0	F68R2_ONLY	IDENTITY	STAR_ALPHARD	1	48
799e89145afcd1cc75623de0d7dca9e7c73d4fce232ee40175f84aa171f70ec0	F68R2_ONLY	IDENTITY	STAR_ALRISHA	1	48
799e89145afcd1cc75623de0d7dca9e7c73d4fce232ee40175f84aa171f70ec0	F68R2_ONLY	IDENTITY	STAR_ALTAIR	2	48
799e89145afcd1cc75623de0d7dca9e7c73d4fce232ee40175f84aa171f70ec0	F68R2_ONLY	IDENTITY	STAR_ARCTURUS	1	48
799e89145afcd1cc75623de0d7dca9e7c73d4fce232ee40175f84aa171f70ec0	F68R2_ONLY	IDENTITY	STAR_CAPELLA	1	48
799e89145afcd1cc75623de0d7dca9e7c73d4fce232ee40175f84aa171f70ec0	F68R2_ONLY	IDENTITY	STAR_CASTOR	1	48
799e89145afcd1cc75623de0d7dca9e7c73d4fce232ee40175f84aa171f70ec0	F68R2_ONLY	IDENTITY	STAR_DABIH	1	48
799e89145afcd1cc75623de0d7dca9e7c73d4fce232ee40175f84aa171f70ec0	F68R2_ONLY	IDENTITY	STAR_DENEB_ALGEDI	1	48
799e89145afcd1cc75623de0d7dca9e7c73d4fce232ee40175f84aa171f70ec0	F68R2_ONLY	IDENTITY	STAR_DENEBOLA	2	48
799e89145afcd1cc75623de0d7dca9e7c73d4fce232ee40175f84aa171f70ec0	F68R2_ONLY	IDENTITY	STAR_DUBHE	1	48
799e89145afcd1cc75623de0d7dca9e7c73d4fce232ee40175f84aa171f70ec0	F68R2_ONLY	IDENTITY	STAR_ELTANIN	1	48
799e89145afcd1cc75623de0d7dca9e7c73d4fce232ee40175f84aa171f70ec0	F68R2_ONLY	IDENTITY	STAR_FOMALHAUT	2	48
799e89145afcd1cc75623de0d7dca9e7c73d4fce232ee40175f84aa171f70ec0	F68R2_ONLY	IDENTITY	STAR_IZAR	1	48
799e89145afcd1cc75623de0d7dca9e7c73d4fce232ee40175f84aa171f70ec0	F68R2_ONLY	IDENTITY	STAR_KOCHAB	2	48
799e89145afcd1cc75623de0d7dca9e7c73d4fce232ee40175f84aa171f70ec0	F68R2_ONLY	IDENTITY	STAR_MERAK	1	48
799e89145afcd1cc75623de0d7dca9e7c73d4fce232ee40175f84aa171f70ec0	F68R2_ONLY	IDENTITY	STAR_MIRACH	1	48
799e89145afcd1cc75623de0d7dca9e7c73d4fce232ee40175f84aa171f70ec0	F68R2_ONLY	IDENTITY	STAR_POLARIS	1	48
799e89145afcd1cc75623de0d7dca9e7c73d4fce232ee40175f84aa171f70ec0	F68R2_ONLY	IDENTITY	STAR_POLLUX	1	48
799e89145afcd1cc75623de0d7dca9e7c73d4fce232ee40175f84aa171f70ec0	F68R2_ONLY	IDENTITY	STAR_PORRIMA	1	48
799e89145afcd1cc75623de0d7dca9e7c73d4fce232ee40175f84aa171f70ec0	F68R2_ONLY	IDENTITY	STAR_RASTABAN	1	48
799e89145afcd1cc75623de0d7dca9e7c73d4fce232ee40175f84aa171f70ec0	F68R2_ONLY	IDENTITY	STAR_SADALMELIK	1	48
799e89145afcd1cc75623de0d7dca9e7c73d4fce232ee40175f84aa171f70ec0	F68R2_ONLY	IDENTITY	STAR_SCHEDAR	1	48
799e89145afcd1cc75623de0d7dca9e7c73d4fce232ee40175f84aa171f70ec0	F68R2_ONLY	IDENTITY	STAR_SHERATAN	1	48
799e89145afcd1cc75623de0d7dca9e7c73d4fce232ee40175f84aa171f70ec0	F68R2_ONLY	IDENTITY	STAR_SIRIUS	1	48
799e89145afcd1cc75623de0d7dca9e7c73d4fce232ee40175f84aa171f70ec0	F68R2_ONLY	IDENTITY	STAR_SUBRA	1	48
799e89145afcd1cc75623de0d7dca9e7c73d4fce232ee40175f84aa171f70ec0	F68R2_ONLY	IDENTITY	STAR_THUBAN	1	48
799e89145afcd1cc75623de0d7dca9e7c73d4fce232ee40175f84aa171f70ec0	F68R2_ONLY	IDENTITY	STAR_UNUKALHAI	1	48
799e89145afcd1cc75623de0d7dca9e7c73d4fce232ee40175f84aa171f70ec0	F68R2_ONLY	IDENTITY	STAR_WASAT	1	48
799e89145afcd1cc75623de0d7dca9e7c73d4fce232ee40175f84aa171f70ec0	F68R2_ONLY	IDENTITY	STAR_WEZN	1	48
799e89145afcd1cc75623de0d7dca9e7c73d4fce232ee40175f84aa171f70ec0	F68R2_ONLY	IDENTITY	STAR_ZOSMA	2	48
799e89145afcd1cc75623de0d7dca9e7c73d4fce232ee40175f84aa171f70ec0	F68R2_ONLY	IDENTITY	STAR_ZUBENESCHAMALI	2	48
d42f926ac817ca872163a470dd1f17815f6fce996c249fb8e7b7da267871914e	UNCONSTRAINED_PAGE	LABEL	STAR_f68r2_12486	130	130
d42f926ac817ca872163a470dd1f17815f6fce996c249fb8e7b7da267871914e	UNCONSTRAINED_PAGE	LABEL	STAR_f68r2_12465	130	130
d42f926ac817ca872163a470dd1f17815f6fce996c249fb8e7b7da267871914e	UNCONSTRAINED_PAGE	LABEL	STAR_f68r2_12463	130	130
d42f926ac817ca872163a470dd1f17815f6fce996c249fb8e7b7da267871914e	UNCONSTRAINED_PAGE	IDENTITY	STAR_THUBAN	130	130
d42f926ac817ca872163a470dd1f17815f6fce996c249fb8e7b7da267871914e	UNCONSTRAINED_PAGE	IDENTITY	STAR_ALNATH	66	130
d42f926ac817ca872163a470dd1f17815f6fce996c249fb8e7b7da267871914e	UNCONSTRAINED_PAGE	IDENTITY	STAR_ACHERNAR	2	130
d42f926ac817ca872163a470dd1f17815f6fce996c249fb8e7b7da267871914e	UNCONSTRAINED_PAGE	IDENTITY	STAR_ACRAB	2	130
d42f926ac817ca872163a470dd1f17815f6fce996c249fb8e7b7da267871914e	UNCONSTRAINED_PAGE	IDENTITY	STAR_ACUBENS	2	130
d42f926ac817ca872163a470dd1f17815f6fce996c249fb8e7b7da267871914e	UNCONSTRAINED_PAGE	IDENTITY	STAR_ALCHIBA	2	130
d42f926ac817ca872163a470dd1f17815f6fce996c249fb8e7b7da267871914e	UNCONSTRAINED_PAGE	IDENTITY	STAR_ALCOR	2	130
d42f926ac817ca872163a470dd1f17815f6fce996c249fb8e7b7da267871914e	UNCONSTRAINED_PAGE	IDENTITY	STAR_ALDEBARAN	2	130
d42f926ac817ca872163a470dd1f17815f6fce996c249fb8e7b7da267871914e	UNCONSTRAINED_PAGE	IDENTITY	STAR_ALDERAMIN	2	130
d42f926ac817ca872163a470dd1f17815f6fce996c249fb8e7b7da267871914e	UNCONSTRAINED_PAGE	IDENTITY	STAR_ALGOL	2	130
d42f926ac817ca872163a470dd1f17815f6fce996c249fb8e7b7da267871914e	UNCONSTRAINED_PAGE	IDENTITY	STAR_ALGORAB	2	130
d42f926ac817ca872163a470dd1f17815f6fce996c249fb8e7b7da267871914e	UNCONSTRAINED_PAGE	IDENTITY	STAR_ALIOTH	2	130
d42f926ac817ca872163a470dd1f17815f6fce996c249fb8e7b7da267871914e	UNCONSTRAINED_PAGE	IDENTITY	STAR_ALKAID	2	130
d42f926ac817ca872163a470dd1f17815f6fce996c249fb8e7b7da267871914e	UNCONSTRAINED_PAGE	IDENTITY	STAR_ALMACH	4	130
d42f926ac817ca872163a470dd1f17815f6fce996c249fb8e7b7da267871914e	UNCONSTRAINED_PAGE	IDENTITY	STAR_ALNITAK	2	130
d42f926ac817ca872163a470dd1f17815f6fce996c249fb8e7b7da267871914e	UNCONSTRAINED_PAGE	IDENTITY	STAR_ALPHARD	2	130
d42f926ac817ca872163a470dd1f17815f6fce996c249fb8e7b7da267871914e	UNCONSTRAINED_PAGE	IDENTITY	STAR_ALPHERATZ	2	130
d42f926ac817ca872163a470dd1f17815f6fce996c249fb8e7b7da267871914e	UNCONSTRAINED_PAGE	IDENTITY	STAR_ALRISHA	2	130
d42f926ac817ca872163a470dd1f17815f6fce996c249fb8e7b7da267871914e	UNCONSTRAINED_PAGE	IDENTITY	STAR_ARCTURUS	4	130
d42f926ac817ca872163a470dd1f17815f6fce996c249fb8e7b7da267871914e	UNCONSTRAINED_PAGE	IDENTITY	STAR_ASCELLA	2	130
d42f926ac817ca872163a470dd1f17815f6fce996c249fb8e7b7da267871914e	UNCONSTRAINED_PAGE	IDENTITY	STAR_CANOPUS	2	130
d42f926ac817ca872163a470dd1f17815f6fce996c249fb8e7b7da267871914e	UNCONSTRAINED_PAGE	IDENTITY	STAR_CAPELLA	6	130
d42f926ac817ca872163a470dd1f17815f6fce996c249fb8e7b7da267871914e	UNCONSTRAINED_PAGE	IDENTITY	STAR_CAPH	4	130
d42f926ac817ca872163a470dd1f17815f6fce996c249fb8e7b7da267871914e	UNCONSTRAINED_PAGE	IDENTITY	STAR_CASTOR	2	130
d42f926ac817ca872163a470dd1f17815f6fce996c249fb8e7b7da267871914e	UNCONSTRAINED_PAGE	IDENTITY	STAR_COR_CAROLI	2	130
d42f926ac817ca872163a470dd1f17815f6fce996c249fb8e7b7da267871914e	UNCONSTRAINED_PAGE	IDENTITY	STAR_DABIH	2	130
d42f926ac817ca872163a470dd1f17815f6fce996c249fb8e7b7da267871914e	UNCONSTRAINED_PAGE	IDENTITY	STAR_DENEB	2	130
d42f926ac817ca872163a470dd1f17815f6fce996c249fb8e7b7da267871914e	UNCONSTRAINED_PAGE	IDENTITY	STAR_DENEBOLA	2	130
d42f926ac817ca872163a470dd1f17815f6fce996c249fb8e7b7da267871914e	UNCONSTRAINED_PAGE	IDENTITY	STAR_DIPHDA	2	130
d42f926ac817ca872163a470dd1f17815f6fce996c249fb8e7b7da267871914e	UNCONSTRAINED_PAGE	IDENTITY	STAR_FOMALHAUT	2	130
d42f926ac817ca872163a470dd1f17815f6fce996c249fb8e7b7da267871914e	UNCONSTRAINED_PAGE	IDENTITY	STAR_HAMAL	2	130
d42f926ac817ca872163a470dd1f17815f6fce996c249fb8e7b7da267871914e	UNCONSTRAINED_PAGE	IDENTITY	STAR_KOCHAB	2	130
d42f926ac817ca872163a470dd1f17815f6fce996c249fb8e7b7da267871914e	UNCONSTRAINED_PAGE	IDENTITY	STAR_MEGREZ	2	130
d42f926ac817ca872163a470dd1f17815f6fce996c249fb8e7b7da267871914e	UNCONSTRAINED_PAGE	IDENTITY	STAR_MENKAR	2	130
d42f926ac817ca872163a470dd1f17815f6fce996c249fb8e7b7da267871914e	UNCONSTRAINED_PAGE	IDENTITY	STAR_MERAK	2	130
d42f926ac817ca872163a470dd1f17815f6fce996c249fb8e7b7da267871914e	UNCONSTRAINED_PAGE	IDENTITY	STAR_MIRACH	4	130
d42f926ac817ca872163a470dd1f17815f6fce996c249fb8e7b7da267871914e	UNCONSTRAINED_PAGE	IDENTITY	STAR_MIRFAK	2	130
d42f926ac817ca872163a470dd1f17815f6fce996c249fb8e7b7da267871914e	UNCONSTRAINED_PAGE	IDENTITY	STAR_MIZAR	2	130
d42f926ac817ca872163a470dd1f17815f6fce996c249fb8e7b7da267871914e	UNCONSTRAINED_PAGE	IDENTITY	STAR_NUNKI	2	130
d42f926ac817ca872163a470dd1f17815f6fce996c249fb8e7b7da267871914e	UNCONSTRAINED_PAGE	IDENTITY	STAR_PHECDA	2	130
d42f926ac817ca872163a470dd1f17815f6fce996c249fb8e7b7da267871914e	UNCONSTRAINED_PAGE	IDENTITY	STAR_POLARIS	2	130
d42f926ac817ca872163a470dd1f17815f6fce996c249fb8e7b7da267871914e	UNCONSTRAINED_PAGE	IDENTITY	STAR_POLLUX	2	130
d42f926ac817ca872163a470dd1f17815f6fce996c249fb8e7b7da267871914e	UNCONSTRAINED_PAGE	IDENTITY	STAR_PROCYON	6	130
d42f926ac817ca872163a470dd1f17815f6fce996c249fb8e7b7da267871914e	UNCONSTRAINED_PAGE	IDENTITY	STAR_RASALHAGUE	2	130
d42f926ac817ca872163a470dd1f17815f6fce996c249fb8e7b7da267871914e	UNCONSTRAINED_PAGE	IDENTITY	STAR_REGULUS	6	130
d42f926ac817ca872163a470dd1f17815f6fce996c249fb8e7b7da267871914e	UNCONSTRAINED_PAGE	IDENTITY	STAR_SCHEAT	4	130
d42f926ac817ca872163a470dd1f17815f6fce996c249fb8e7b7da267871914e	UNCONSTRAINED_PAGE	IDENTITY	STAR_SCHEDAR	2	130
d42f926ac817ca872163a470dd1f17815f6fce996c249fb8e7b7da267871914e	UNCONSTRAINED_PAGE	IDENTITY	STAR_SHAULA	2	130
d42f926ac817ca872163a470dd1f17815f6fce996c249fb8e7b7da267871914e	UNCONSTRAINED_PAGE	IDENTITY	STAR_SHERATAN	66	130
d42f926ac817ca872163a470dd1f17815f6fce996c249fb8e7b7da267871914e	UNCONSTRAINED_PAGE	IDENTITY	STAR_SPICA	6	130
d42f926ac817ca872163a470dd1f17815f6fce996c249fb8e7b7da267871914e	UNCONSTRAINED_PAGE	IDENTITY	STAR_SUBRA	2	130
d42f926ac817ca872163a470dd1f17815f6fce996c249fb8e7b7da267871914e	UNCONSTRAINED_PAGE	IDENTITY	STAR_UNUKALHAI	2	130
d42f926ac817ca872163a470dd1f17815f6fce996c249fb8e7b7da267871914e	UNCONSTRAINED_PAGE	IDENTITY	STAR_VEGA	4	130
d42f926ac817ca872163a470dd1f17815f6fce996c249fb8e7b7da267871914e	F68R2_ONLY	LABEL	STAR_f68r2_12486	130	130
d42f926ac817ca872163a470dd1f17815f6fce996c249fb8e7b7da267871914e	F68R2_ONLY	LABEL	STAR_f68r2_12465	130	130
d42f926ac817ca872163a470dd1f17815f6fce996c249fb8e7b7da267871914e	F68R2_ONLY	LABEL	STAR_f68r2_12463	130	130
d42f926ac817ca872163a470dd1f17815f6fce996c249fb8e7b7da267871914e	F68R2_ONLY	IDENTITY	STAR_THUBAN	130	130
d42f926ac817ca872163a470dd1f17815f6fce996c249fb8e7b7da267871914e	F68R2_ONLY	IDENTITY	STAR_ALNATH	66	130
d42f926ac817ca872163a470dd1f17815f6fce996c249fb8e7b7da267871914e	F68R2_ONLY	IDENTITY	STAR_ACHERNAR	2	130
d42f926ac817ca872163a470dd1f17815f6fce996c249fb8e7b7da267871914e	F68R2_ONLY	IDENTITY	STAR_ACRAB	2	130
d42f926ac817ca872163a470dd1f17815f6fce996c249fb8e7b7da267871914e	F68R2_ONLY	IDENTITY	STAR_ACUBENS	2	130
d42f926ac817ca872163a470dd1f17815f6fce996c249fb8e7b7da267871914e	F68R2_ONLY	IDENTITY	STAR_ALCHIBA	2	130
d42f926ac817ca872163a470dd1f17815f6fce996c249fb8e7b7da267871914e	F68R2_ONLY	IDENTITY	STAR_ALCOR	2	130
d42f926ac817ca872163a470dd1f17815f6fce996c249fb8e7b7da267871914e	F68R2_ONLY	IDENTITY	STAR_ALDEBARAN	2	130
d42f926ac817ca872163a470dd1f17815f6fce996c249fb8e7b7da267871914e	F68R2_ONLY	IDENTITY	STAR_ALDERAMIN	2	130
d42f926ac817ca872163a470dd1f17815f6fce996c249fb8e7b7da267871914e	F68R2_ONLY	IDENTITY	STAR_ALGOL	2	130
d42f926ac817ca872163a470dd1f17815f6fce996c249fb8e7b7da267871914e	F68R2_ONLY	IDENTITY	STAR_ALGORAB	2	130
d42f926ac817ca872163a470dd1f17815f6fce996c249fb8e7b7da267871914e	F68R2_ONLY	IDENTITY	STAR_ALIOTH	2	130
d42f926ac817ca872163a470dd1f17815f6fce996c249fb8e7b7da267871914e	F68R2_ONLY	IDENTITY	STAR_ALKAID	2	130
d42f926ac817ca872163a470dd1f17815f6fce996c249fb8e7b7da267871914e	F68R2_ONLY	IDENTITY	STAR_ALMACH	4	130
d42f926ac817ca872163a470dd1f17815f6fce996c249fb8e7b7da267871914e	F68R2_ONLY	IDENTITY	STAR_ALNITAK	2	130
d42f926ac817ca872163a470dd1f17815f6fce996c249fb8e7b7da267871914e	F68R2_ONLY	IDENTITY	STAR_ALPHARD	2	130
d42f926ac817ca872163a470dd1f17815f6fce996c249fb8e7b7da267871914e	F68R2_ONLY	IDENTITY	STAR_ALPHERATZ	2	130
d42f926ac817ca872163a470dd1f17815f6fce996c249fb8e7b7da267871914e	F68R2_ONLY	IDENTITY	STAR_ALRISHA	2	130
d42f926ac817ca872163a470dd1f17815f6fce996c249fb8e7b7da267871914e	F68R2_ONLY	IDENTITY	STAR_ARCTURUS	4	130
d42f926ac817ca872163a470dd1f17815f6fce996c249fb8e7b7da267871914e	F68R2_ONLY	IDENTITY	STAR_ASCELLA	2	130
d42f926ac817ca872163a470dd1f17815f6fce996c249fb8e7b7da267871914e	F68R2_ONLY	IDENTITY	STAR_CANOPUS	2	130
d42f926ac817ca872163a470dd1f17815f6fce996c249fb8e7b7da267871914e	F68R2_ONLY	IDENTITY	STAR_CAPELLA	6	130
d42f926ac817ca872163a470dd1f17815f6fce996c249fb8e7b7da267871914e	F68R2_ONLY	IDENTITY	STAR_CAPH	4	130
d42f926ac817ca872163a470dd1f17815f6fce996c249fb8e7b7da267871914e	F68R2_ONLY	IDENTITY	STAR_CASTOR	2	130
d42f926ac817ca872163a470dd1f17815f6fce996c249fb8e7b7da267871914e	F68R2_ONLY	IDENTITY	STAR_COR_CAROLI	2	130
d42f926ac817ca872163a470dd1f17815f6fce996c249fb8e7b7da267871914e	F68R2_ONLY	IDENTITY	STAR_DABIH	2	130
d42f926ac817ca872163a470dd1f17815f6fce996c249fb8e7b7da267871914e	F68R2_ONLY	IDENTITY	STAR_DENEB	2	130
d42f926ac817ca872163a470dd1f17815f6fce996c249fb8e7b7da267871914e	F68R2_ONLY	IDENTITY	STAR_DENEBOLA	2	130
d42f926ac817ca872163a470dd1f17815f6fce996c249fb8e7b7da267871914e	F68R2_ONLY	IDENTITY	STAR_DIPHDA	2	130
d42f926ac817ca872163a470dd1f17815f6fce996c249fb8e7b7da267871914e	F68R2_ONLY	IDENTITY	STAR_FOMALHAUT	2	130
d42f926ac817ca872163a470dd1f17815f6fce996c249fb8e7b7da267871914e	F68R2_ONLY	IDENTITY	STAR_HAMAL	2	130
d42f926ac817ca872163a470dd1f17815f6fce996c249fb8e7b7da267871914e	F68R2_ONLY	IDENTITY	STAR_KOCHAB	2	130
d42f926ac817ca872163a470dd1f17815f6fce996c249fb8e7b7da267871914e	F68R2_ONLY	IDENTITY	STAR_MEGREZ	2	130
d42f926ac817ca872163a470dd1f17815f6fce996c249fb8e7b7da267871914e	F68R2_ONLY	IDENTITY	STAR_MENKAR	2	130
d42f926ac817ca872163a470dd1f17815f6fce996c249fb8e7b7da267871914e	F68R2_ONLY	IDENTITY	STAR_MERAK	2	130
d42f926ac817ca872163a470dd1f17815f6fce996c249fb8e7b7da267871914e	F68R2_ONLY	IDENTITY	STAR_MIRACH	4	130
d42f926ac817ca872163a470dd1f17815f6fce996c249fb8e7b7da267871914e	F68R2_ONLY	IDENTITY	STAR_MIRFAK	2	130
d42f926ac817ca872163a470dd1f17815f6fce996c249fb8e7b7da267871914e	F68R2_ONLY	IDENTITY	STAR_MIZAR	2	130
d42f926ac817ca872163a470dd1f17815f6fce996c249fb8e7b7da267871914e	F68R2_ONLY	IDENTITY	STAR_NUNKI	2	130
d42f926ac817ca872163a470dd1f17815f6fce996c249fb8e7b7da267871914e	F68R2_ONLY	IDENTITY	STAR_PHECDA	2	130
d42f926ac817ca872163a470dd1f17815f6fce996c249fb8e7b7da267871914e	F68R2_ONLY	IDENTITY	STAR_POLARIS	2	130
d42f926ac817ca872163a470dd1f17815f6fce996c249fb8e7b7da267871914e	F68R2_ONLY	IDENTITY	STAR_POLLUX	2	130
d42f926ac817ca872163a470dd1f17815f6fce996c249fb8e7b7da267871914e	F68R2_ONLY	IDENTITY	STAR_PROCYON	6	130
d42f926ac817ca872163a470dd1f17815f6fce996c249fb8e7b7da267871914e	F68R2_ONLY	IDENTITY	STAR_RASALHAGUE	2	130
d42f926ac817ca872163a470dd1f17815f6fce996c249fb8e7b7da267871914e	F68R2_ONLY	IDENTITY	STAR_REGULUS	6	130
d42f926ac817ca872163a470dd1f17815f6fce996c249fb8e7b7da267871914e	F68R2_ONLY	IDENTITY	STAR_SCHEAT	4	130
d42f926ac817ca872163a470dd1f17815f6fce996c249fb8e7b7da267871914e	F68R2_ONLY	IDENTITY	STAR_SCHEDAR	2	130
d42f926ac817ca872163a470dd1f17815f6fce996c249fb8e7b7da267871914e	F68R2_ONLY	IDENTITY	STAR_SHAULA	2	130
d42f926ac817ca872163a470dd1f17815f6fce996c249fb8e7b7da267871914e	F68R2_ONLY	IDENTITY	STAR_SHERATAN	66	130
d42f926ac817ca872163a470dd1f17815f6fce996c249fb8e7b7da267871914e	F68R2_ONLY	IDENTITY	STAR_SPICA	6	130
d42f926ac817ca872163a470dd1f17815f6fce996c249fb8e7b7da267871914e	F68R2_ONLY	IDENTITY	STAR_SUBRA	2	130
d42f926ac817ca872163a470dd1f17815f6fce996c249fb8e7b7da267871914e	F68R2_ONLY	IDENTITY	STAR_UNUKALHAI	2	130
d42f926ac817ca872163a470dd1f17815f6fce996c249fb8e7b7da267871914e	F68R2_ONLY	IDENTITY	STAR_VEGA	4	130
e5b087301583a3e40de92e4e86cdc135b005784995821f8464f146ee7cc3c018	UNCONSTRAINED_PAGE	LABEL	STAR_f68r2_12465	75	75
e5b087301583a3e40de92e4e86cdc135b005784995821f8464f146ee7cc3c018	UNCONSTRAINED_PAGE	LABEL	STAR_f68r2_12486	75	75
e5b087301583a3e40de92e4e86cdc135b005784995821f8464f146ee7cc3c018	UNCONSTRAINED_PAGE	LABEL	STAR_f68r2_12463	75	75
e5b087301583a3e40de92e4e86cdc135b005784995821f8464f146ee7cc3c018	UNCONSTRAINED_PAGE	IDENTITY	STAR_ACHERNAR	75	75
e5b087301583a3e40de92e4e86cdc135b005784995821f8464f146ee7cc3c018	UNCONSTRAINED_PAGE	IDENTITY	STAR_VINDEMIATRIX	75	75
e5b087301583a3e40de92e4e86cdc135b005784995821f8464f146ee7cc3c018	UNCONSTRAINED_PAGE	IDENTITY	STAR_ACUBENS	1	75
e5b087301583a3e40de92e4e86cdc135b005784995821f8464f146ee7cc3c018	UNCONSTRAINED_PAGE	IDENTITY	STAR_ALBIREO	1	75
e5b087301583a3e40de92e4e86cdc135b005784995821f8464f146ee7cc3c018	UNCONSTRAINED_PAGE	IDENTITY	STAR_ALDEBARAN	1	75
e5b087301583a3e40de92e4e86cdc135b005784995821f8464f146ee7cc3c018	UNCONSTRAINED_PAGE	IDENTITY	STAR_ALDERAMIN	1	75
e5b087301583a3e40de92e4e86cdc135b005784995821f8464f146ee7cc3c018	UNCONSTRAINED_PAGE	IDENTITY	STAR_ALGOL	1	75
e5b087301583a3e40de92e4e86cdc135b005784995821f8464f146ee7cc3c018	UNCONSTRAINED_PAGE	IDENTITY	STAR_ALHENA	1	75
e5b087301583a3e40de92e4e86cdc135b005784995821f8464f146ee7cc3c018	UNCONSTRAINED_PAGE	IDENTITY	STAR_ALIOTH	2	75
e5b087301583a3e40de92e4e86cdc135b005784995821f8464f146ee7cc3c018	UNCONSTRAINED_PAGE	IDENTITY	STAR_ALKAID	2	75
e5b087301583a3e40de92e4e86cdc135b005784995821f8464f146ee7cc3c018	UNCONSTRAINED_PAGE	IDENTITY	STAR_ALNATH	3	75
e5b087301583a3e40de92e4e86cdc135b005784995821f8464f146ee7cc3c018	UNCONSTRAINED_PAGE	IDENTITY	STAR_ALNILAM	1	75
e5b087301583a3e40de92e4e86cdc135b005784995821f8464f146ee7cc3c018	UNCONSTRAINED_PAGE	IDENTITY	STAR_ALNITAK	2	75
e5b087301583a3e40de92e4e86cdc135b005784995821f8464f146ee7cc3c018	UNCONSTRAINED_PAGE	IDENTITY	STAR_ALPHARD	1	75
e5b087301583a3e40de92e4e86cdc135b005784995821f8464f146ee7cc3c018	UNCONSTRAINED_PAGE	IDENTITY	STAR_ALPHECCA	1	75
e5b087301583a3e40de92e4e86cdc135b005784995821f8464f146ee7cc3c018	UNCONSTRAINED_PAGE	IDENTITY	STAR_ALPHERATZ	2	75
e5b087301583a3e40de92e4e86cdc135b005784995821f8464f146ee7cc3c018	UNCONSTRAINED_PAGE	IDENTITY	STAR_ALTAIR	3	75
e5b087301583a3e40de92e4e86cdc135b005784995821f8464f146ee7cc3c018	UNCONSTRAINED_PAGE	IDENTITY	STAR_ANTARES	1	75
e5b087301583a3e40de92e4e86cdc135b005784995821f8464f146ee7cc3c018	UNCONSTRAINED_PAGE	IDENTITY	STAR_ARCTURUS	1	75
e5b087301583a3e40de92e4e86cdc135b005784995821f8464f146ee7cc3c018	UNCONSTRAINED_PAGE	IDENTITY	STAR_BELLATRIX	2	75
e5b087301583a3e40de92e4e86cdc135b005784995821f8464f146ee7cc3c018	UNCONSTRAINED_PAGE	IDENTITY	STAR_BETELGEUSE	1	75
e5b087301583a3e40de92e4e86cdc135b005784995821f8464f146ee7cc3c018	UNCONSTRAINED_PAGE	IDENTITY	STAR_CASTOR	2	75
e5b087301583a3e40de92e4e86cdc135b005784995821f8464f146ee7cc3c018	UNCONSTRAINED_PAGE	IDENTITY	STAR_DENEBOLA	1	75
e5b087301583a3e40de92e4e86cdc135b005784995821f8464f146ee7cc3c018	UNCONSTRAINED_PAGE	IDENTITY	STAR_DIPHDA	1	75
e5b087301583a3e40de92e4e86cdc135b005784995821f8464f146ee7cc3c018	UNCONSTRAINED_PAGE	IDENTITY	STAR_ELTANIN	3	75
e5b087301583a3e40de92e4e86cdc135b005784995821f8464f146ee7cc3c018	UNCONSTRAINED_PAGE	IDENTITY	STAR_FOMALHAUT	3	75
e5b087301583a3e40de92e4e86cdc135b005784995821f8464f146ee7cc3c018	UNCONSTRAINED_PAGE	IDENTITY	STAR_MENKAR	1	75
e5b087301583a3e40de92e4e86cdc135b005784995821f8464f146ee7cc3c018	UNCONSTRAINED_PAGE	IDENTITY	STAR_MESARTHIM	3	75
e5b087301583a3e40de92e4e86cdc135b005784995821f8464f146ee7cc3c018	UNCONSTRAINED_PAGE	IDENTITY	STAR_MINTAKA	2	75
e5b087301583a3e40de92e4e86cdc135b005784995821f8464f146ee7cc3c018	UNCONSTRAINED_PAGE	IDENTITY	STAR_MIRA	1	75
e5b087301583a3e40de92e4e86cdc135b005784995821f8464f146ee7cc3c018	UNCONSTRAINED_PAGE	IDENTITY	STAR_MIRFAK	2	75
e5b087301583a3e40de92e4e86cdc135b005784995821f8464f146ee7cc3c018	UNCONSTRAINED_PAGE	IDENTITY	STAR_POLARIS	1	75
e5b087301583a3e40de92e4e86cdc135b005784995821f8464f146ee7cc3c018	UNCONSTRAINED_PAGE	IDENTITY	STAR_POLLUX	1	75
e5b087301583a3e40de92e4e86cdc135b005784995821f8464f146ee7cc3c018	UNCONSTRAINED_PAGE	IDENTITY	STAR_PORRIMA	1	75
e5b087301583a3e40de92e4e86cdc135b005784995821f8464f146ee7cc3c018	UNCONSTRAINED_PAGE	IDENTITY	STAR_PROCYON	1	75
e5b087301583a3e40de92e4e86cdc135b005784995821f8464f146ee7cc3c018	UNCONSTRAINED_PAGE	IDENTITY	STAR_RASALGETHI	2	75
e5b087301583a3e40de92e4e86cdc135b005784995821f8464f146ee7cc3c018	UNCONSTRAINED_PAGE	IDENTITY	STAR_RASTABAN	2	75
e5b087301583a3e40de92e4e86cdc135b005784995821f8464f146ee7cc3c018	UNCONSTRAINED_PAGE	IDENTITY	STAR_RUKBAT	2	75
e5b087301583a3e40de92e4e86cdc135b005784995821f8464f146ee7cc3c018	UNCONSTRAINED_PAGE	IDENTITY	STAR_SADALMELIK	1	75
e5b087301583a3e40de92e4e86cdc135b005784995821f8464f146ee7cc3c018	UNCONSTRAINED_PAGE	IDENTITY	STAR_SCHEAT	1	75
e5b087301583a3e40de92e4e86cdc135b005784995821f8464f146ee7cc3c018	UNCONSTRAINED_PAGE	IDENTITY	STAR_SCHEDAR	2	75
e5b087301583a3e40de92e4e86cdc135b005784995821f8464f146ee7cc3c018	UNCONSTRAINED_PAGE	IDENTITY	STAR_SHERATAN	3	75
e5b087301583a3e40de92e4e86cdc135b005784995821f8464f146ee7cc3c018	UNCONSTRAINED_PAGE	IDENTITY	STAR_SKAT	2	75
e5b087301583a3e40de92e4e86cdc135b005784995821f8464f146ee7cc3c018	UNCONSTRAINED_PAGE	IDENTITY	STAR_THUBAN	2	75
e5b087301583a3e40de92e4e86cdc135b005784995821f8464f146ee7cc3c018	UNCONSTRAINED_PAGE	IDENTITY	STAR_UNUKALHAI	1	75
e5b087301583a3e40de92e4e86cdc135b005784995821f8464f146ee7cc3c018	UNCONSTRAINED_PAGE	IDENTITY	STAR_VEGA	1	75
e5b087301583a3e40de92e4e86cdc135b005784995821f8464f146ee7cc3c018	UNCONSTRAINED_PAGE	IDENTITY	STAR_WASAT	2	75
e5b087301583a3e40de92e4e86cdc135b005784995821f8464f146ee7cc3c018	UNCONSTRAINED_PAGE	IDENTITY	STAR_ZOSMA	1	75
e5b087301583a3e40de92e4e86cdc135b005784995821f8464f146ee7cc3c018	UNCONSTRAINED_PAGE	IDENTITY	STAR_ZUBENELGENUBI	2	75
e5b087301583a3e40de92e4e86cdc135b005784995821f8464f146ee7cc3c018	F68R2_ONLY	LABEL	STAR_f68r2_12465	75	75
e5b087301583a3e40de92e4e86cdc135b005784995821f8464f146ee7cc3c018	F68R2_ONLY	LABEL	STAR_f68r2_12486	75	75
e5b087301583a3e40de92e4e86cdc135b005784995821f8464f146ee7cc3c018	F68R2_ONLY	LABEL	STAR_f68r2_12463	75	75
e5b087301583a3e40de92e4e86cdc135b005784995821f8464f146ee7cc3c018	F68R2_ONLY	IDENTITY	STAR_ACHERNAR	75	75
e5b087301583a3e40de92e4e86cdc135b005784995821f8464f146ee7cc3c018	F68R2_ONLY	IDENTITY	STAR_VINDEMIATRIX	75	75
e5b087301583a3e40de92e4e86cdc135b005784995821f8464f146ee7cc3c018	F68R2_ONLY	IDENTITY	STAR_ACUBENS	1	75
e5b087301583a3e40de92e4e86cdc135b005784995821f8464f146ee7cc3c018	F68R2_ONLY	IDENTITY	STAR_ALBIREO	1	75
e5b087301583a3e40de92e4e86cdc135b005784995821f8464f146ee7cc3c018	F68R2_ONLY	IDENTITY	STAR_ALDEBARAN	1	75
e5b087301583a3e40de92e4e86cdc135b005784995821f8464f146ee7cc3c018	F68R2_ONLY	IDENTITY	STAR_ALDERAMIN	1	75
e5b087301583a3e40de92e4e86cdc135b005784995821f8464f146ee7cc3c018	F68R2_ONLY	IDENTITY	STAR_ALGOL	1	75
e5b087301583a3e40de92e4e86cdc135b005784995821f8464f146ee7cc3c018	F68R2_ONLY	IDENTITY	STAR_ALHENA	1	75
e5b087301583a3e40de92e4e86cdc135b005784995821f8464f146ee7cc3c018	F68R2_ONLY	IDENTITY	STAR_ALIOTH	2	75
e5b087301583a3e40de92e4e86cdc135b005784995821f8464f146ee7cc3c018	F68R2_ONLY	IDENTITY	STAR_ALKAID	2	75
e5b087301583a3e40de92e4e86cdc135b005784995821f8464f146ee7cc3c018	F68R2_ONLY	IDENTITY	STAR_ALNATH	3	75
e5b087301583a3e40de92e4e86cdc135b005784995821f8464f146ee7cc3c018	F68R2_ONLY	IDENTITY	STAR_ALNILAM	1	75
e5b087301583a3e40de92e4e86cdc135b005784995821f8464f146ee7cc3c018	F68R2_ONLY	IDENTITY	STAR_ALNITAK	2	75
e5b087301583a3e40de92e4e86cdc135b005784995821f8464f146ee7cc3c018	F68R2_ONLY	IDENTITY	STAR_ALPHARD	1	75
e5b087301583a3e40de92e4e86cdc135b005784995821f8464f146ee7cc3c018	F68R2_ONLY	IDENTITY	STAR_ALPHECCA	1	75
e5b087301583a3e40de92e4e86cdc135b005784995821f8464f146ee7cc3c018	F68R2_ONLY	IDENTITY	STAR_ALPHERATZ	2	75
e5b087301583a3e40de92e4e86cdc135b005784995821f8464f146ee7cc3c018	F68R2_ONLY	IDENTITY	STAR_ALTAIR	3	75
e5b087301583a3e40de92e4e86cdc135b005784995821f8464f146ee7cc3c018	F68R2_ONLY	IDENTITY	STAR_ANTARES	1	75
e5b087301583a3e40de92e4e86cdc135b005784995821f8464f146ee7cc3c018	F68R2_ONLY	IDENTITY	STAR_ARCTURUS	1	75
e5b087301583a3e40de92e4e86cdc135b005784995821f8464f146ee7cc3c018	F68R2_ONLY	IDENTITY	STAR_BELLATRIX	2	75
e5b087301583a3e40de92e4e86cdc135b005784995821f8464f146ee7cc3c018	F68R2_ONLY	IDENTITY	STAR_BETELGEUSE	1	75
e5b087301583a3e40de92e4e86cdc135b005784995821f8464f146ee7cc3c018	F68R2_ONLY	IDENTITY	STAR_CASTOR	2	75
e5b087301583a3e40de92e4e86cdc135b005784995821f8464f146ee7cc3c018	F68R2_ONLY	IDENTITY	STAR_DENEBOLA	1	75
e5b087301583a3e40de92e4e86cdc135b005784995821f8464f146ee7cc3c018	F68R2_ONLY	IDENTITY	STAR_DIPHDA	1	75
e5b087301583a3e40de92e4e86cdc135b005784995821f8464f146ee7cc3c018	F68R2_ONLY	IDENTITY	STAR_ELTANIN	3	75
e5b087301583a3e40de92e4e86cdc135b005784995821f8464f146ee7cc3c018	F68R2_ONLY	IDENTITY	STAR_FOMALHAUT	3	75
e5b087301583a3e40de92e4e86cdc135b005784995821f8464f146ee7cc3c018	F68R2_ONLY	IDENTITY	STAR_MENKAR	1	75
e5b087301583a3e40de92e4e86cdc135b005784995821f8464f146ee7cc3c018	F68R2_ONLY	IDENTITY	STAR_MESARTHIM	3	75
e5b087301583a3e40de92e4e86cdc135b005784995821f8464f146ee7cc3c018	F68R2_ONLY	IDENTITY	STAR_MINTAKA	2	75
e5b087301583a3e40de92e4e86cdc135b005784995821f8464f146ee7cc3c018	F68R2_ONLY	IDENTITY	STAR_MIRA	1	75
e5b087301583a3e40de92e4e86cdc135b005784995821f8464f146ee7cc3c018	F68R2_ONLY	IDENTITY	STAR_MIRFAK	2	75
e5b087301583a3e40de92e4e86cdc135b005784995821f8464f146ee7cc3c018	F68R2_ONLY	IDENTITY	STAR_POLARIS	1	75
e5b087301583a3e40de92e4e86cdc135b005784995821f8464f146ee7cc3c018	F68R2_ONLY	IDENTITY	STAR_POLLUX	1	75
e5b087301583a3e40de92e4e86cdc135b005784995821f8464f146ee7cc3c018	F68R2_ONLY	IDENTITY	STAR_PORRIMA	1	75
e5b087301583a3e40de92e4e86cdc135b005784995821f8464f146ee7cc3c018	F68R2_ONLY	IDENTITY	STAR_PROCYON	1	75
e5b087301583a3e40de92e4e86cdc135b005784995821f8464f146ee7cc3c018	F68R2_ONLY	IDENTITY	STAR_RASALGETHI	2	75
e5b087301583a3e40de92e4e86cdc135b005784995821f8464f146ee7cc3c018	F68R2_ONLY	IDENTITY	STAR_RASTABAN	2	75
e5b087301583a3e40de92e4e86cdc135b005784995821f8464f146ee7cc3c018	F68R2_ONLY	IDENTITY	STAR_RUKBAT	2	75
e5b087301583a3e40de92e4e86cdc135b005784995821f8464f146ee7cc3c018	F68R2_ONLY	IDENTITY	STAR_SADALMELIK	1	75
e5b087301583a3e40de92e4e86cdc135b005784995821f8464f146ee7cc3c018	F68R2_ONLY	IDENTITY	STAR_SCHEAT	1	75
e5b087301583a3e40de92e4e86cdc135b005784995821f8464f146ee7cc3c018	F68R2_ONLY	IDENTITY	STAR_SCHEDAR	2	75
e5b087301583a3e40de92e4e86cdc135b005784995821f8464f146ee7cc3c018	F68R2_ONLY	IDENTITY	STAR_SHERATAN	3	75
e5b087301583a3e40de92e4e86cdc135b005784995821f8464f146ee7cc3c018	F68R2_ONLY	IDENTITY	STAR_SKAT	2	75
e5b087301583a3e40de92e4e86cdc135b005784995821f8464f146ee7cc3c018	F68R2_ONLY	IDENTITY	STAR_THUBAN	2	75
e5b087301583a3e40de92e4e86cdc135b005784995821f8464f146ee7cc3c018	F68R2_ONLY	IDENTITY	STAR_UNUKALHAI	1	75
e5b087301583a3e40de92e4e86cdc135b005784995821f8464f146ee7cc3c018	F68R2_ONLY	IDENTITY	STAR_VEGA	1	75
e5b087301583a3e40de92e4e86cdc135b005784995821f8464f146ee7cc3c018	F68R2_ONLY	IDENTITY	STAR_WASAT	2	75
e5b087301583a3e40de92e4e86cdc135b005784995821f8464f146ee7cc3c018	F68R2_ONLY	IDENTITY	STAR_ZOSMA	1	75
e5b087301583a3e40de92e4e86cdc135b005784995821f8464f146ee7cc3c018	F68R2_ONLY	IDENTITY	STAR_ZUBENELGENUBI	2	75
d3a6c031a63225f96a97fcaf2b92153ead0b864db27df6981944997d9a9e6ee4	UNCONSTRAINED_PAGE	LABEL	STAR_f68r2_12465	79	79
d3a6c031a63225f96a97fcaf2b92153ead0b864db27df6981944997d9a9e6ee4	UNCONSTRAINED_PAGE	LABEL	STAR_f68r2_12486	79	79
d3a6c031a63225f96a97fcaf2b92153ead0b864db27df6981944997d9a9e6ee4	UNCONSTRAINED_PAGE	LABEL	STAR_f68r2_12463	79	79
d3a6c031a63225f96a97fcaf2b92153ead0b864db27df6981944997d9a9e6ee4	UNCONSTRAINED_PAGE	IDENTITY	STAR_MENKAR	79	79
d3a6c031a63225f96a97fcaf2b92153ead0b864db27df6981944997d9a9e6ee4	UNCONSTRAINED_PAGE	IDENTITY	STAR_MESARTHIM	79	79
d3a6c031a63225f96a97fcaf2b92153ead0b864db27df6981944997d9a9e6ee4	UNCONSTRAINED_PAGE	IDENTITY	STAR_ACHERNAR	1	79
d3a6c031a63225f96a97fcaf2b92153ead0b864db27df6981944997d9a9e6ee4	UNCONSTRAINED_PAGE	IDENTITY	STAR_ACUBENS	2	79
d3a6c031a63225f96a97fcaf2b92153ead0b864db27df6981944997d9a9e6ee4	UNCONSTRAINED_PAGE	IDENTITY	STAR_ALBIREO	1	79
d3a6c031a63225f96a97fcaf2b92153ead0b864db27df6981944997d9a9e6ee4	UNCONSTRAINED_PAGE	IDENTITY	STAR_ALCOR	1	79
d3a6c031a63225f96a97fcaf2b92153ead0b864db27df6981944997d9a9e6ee4	UNCONSTRAINED_PAGE	IDENTITY	STAR_ALDEBARAN	1	79
d3a6c031a63225f96a97fcaf2b92153ead0b864db27df6981944997d9a9e6ee4	UNCONSTRAINED_PAGE	IDENTITY	STAR_ALDERAMIN	1	79
d3a6c031a63225f96a97fcaf2b92153ead0b864db27df6981944997d9a9e6ee4	UNCONSTRAINED_PAGE	IDENTITY	STAR_ALGENIB	2	79
d3a6c031a63225f96a97fcaf2b92153ead0b864db27df6981944997d9a9e6ee4	UNCONSTRAINED_PAGE	IDENTITY	STAR_ALGOL	1	79
d3a6c031a63225f96a97fcaf2b92153ead0b864db27df6981944997d9a9e6ee4	UNCONSTRAINED_PAGE	IDENTITY	STAR_ALHENA	1	79
d3a6c031a63225f96a97fcaf2b92153ead0b864db27df6981944997d9a9e6ee4	UNCONSTRAINED_PAGE	IDENTITY	STAR_ALIOTH	1	79
d3a6c031a63225f96a97fcaf2b92153ead0b864db27df6981944997d9a9e6ee4	UNCONSTRAINED_PAGE	IDENTITY	STAR_ALKAID	1	79
d3a6c031a63225f96a97fcaf2b92153ead0b864db27df6981944997d9a9e6ee4	UNCONSTRAINED_PAGE	IDENTITY	STAR_ALNATH	1	79
d3a6c031a63225f96a97fcaf2b92153ead0b864db27df6981944997d9a9e6ee4	UNCONSTRAINED_PAGE	IDENTITY	STAR_ALNILAM	1	79
d3a6c031a63225f96a97fcaf2b92153ead0b864db27df6981944997d9a9e6ee4	UNCONSTRAINED_PAGE	IDENTITY	STAR_ALPHARD	1	79
d3a6c031a63225f96a97fcaf2b92153ead0b864db27df6981944997d9a9e6ee4	UNCONSTRAINED_PAGE	IDENTITY	STAR_ALPHECCA	1	79
d3a6c031a63225f96a97fcaf2b92153ead0b864db27df6981944997d9a9e6ee4	UNCONSTRAINED_PAGE	IDENTITY	STAR_ALPHERATZ	1	79
d3a6c031a63225f96a97fcaf2b92153ead0b864db27df6981944997d9a9e6ee4	UNCONSTRAINED_PAGE	IDENTITY	STAR_ALPHIRK	2	79
d3a6c031a63225f96a97fcaf2b92153ead0b864db27df6981944997d9a9e6ee4	UNCONSTRAINED_PAGE	IDENTITY	STAR_ALTAIR	1	79
d3a6c031a63225f96a97fcaf2b92153ead0b864db27df6981944997d9a9e6ee4	UNCONSTRAINED_PAGE	IDENTITY	STAR_ARCTURUS	2	79
d3a6c031a63225f96a97fcaf2b92153ead0b864db27df6981944997d9a9e6ee4	UNCONSTRAINED_PAGE	IDENTITY	STAR_BELLATRIX	1	79
d3a6c031a63225f96a97fcaf2b92153ead0b864db27df6981944997d9a9e6ee4	UNCONSTRAINED_PAGE	IDENTITY	STAR_BETELGEUSE	1	79
d3a6c031a63225f96a97fcaf2b92153ead0b864db27df6981944997d9a9e6ee4	UNCONSTRAINED_PAGE	IDENTITY	STAR_CANOPUS	2	79
d3a6c031a63225f96a97fcaf2b92153ead0b864db27df6981944997d9a9e6ee4	UNCONSTRAINED_PAGE	IDENTITY	STAR_CAPH	1	79
d3a6c031a63225f96a97fcaf2b92153ead0b864db27df6981944997d9a9e6ee4	UNCONSTRAINED_PAGE	IDENTITY	STAR_CASTOR	2	79
d3a6c031a63225f96a97fcaf2b92153ead0b864db27df6981944997d9a9e6ee4	UNCONSTRAINED_PAGE	IDENTITY	STAR_DABIH	1	79
d3a6c031a63225f96a97fcaf2b92153ead0b864db27df6981944997d9a9e6ee4	UNCONSTRAINED_PAGE	IDENTITY	STAR_DENEB_ALGEDI	1	79
d3a6c031a63225f96a97fcaf2b92153ead0b864db27df6981944997d9a9e6ee4	UNCONSTRAINED_PAGE	IDENTITY	STAR_DENEBOLA	2	79
d3a6c031a63225f96a97fcaf2b92153ead0b864db27df6981944997d9a9e6ee4	UNCONSTRAINED_PAGE	IDENTITY	STAR_DIPHDA	1	79
d3a6c031a63225f96a97fcaf2b92153ead0b864db27df6981944997d9a9e6ee4	UNCONSTRAINED_PAGE	IDENTITY	STAR_DUBHE	1	79
d3a6c031a63225f96a97fcaf2b92153ead0b864db27df6981944997d9a9e6ee4	UNCONSTRAINED_PAGE	IDENTITY	STAR_ELTANIN	1	79
d3a6c031a63225f96a97fcaf2b92153ead0b864db27df6981944997d9a9e6ee4	UNCONSTRAINED_PAGE	IDENTITY	STAR_ENIF	1	79
d3a6c031a63225f96a97fcaf2b92153ead0b864db27df6981944997d9a9e6ee4	UNCONSTRAINED_PAGE	IDENTITY	STAR_FOMALHAUT	1	79
d3a6c031a63225f96a97fcaf2b92153ead0b864db27df6981944997d9a9e6ee4	UNCONSTRAINED_PAGE	IDENTITY	STAR_IZAR	2	79
d3a6c031a63225f96a97fcaf2b92153ead0b864db27df6981944997d9a9e6ee4	UNCONSTRAINED_PAGE	IDENTITY	STAR_KOCHAB	1	79
d3a6c031a63225f96a97fcaf2b92153ead0b864db27df6981944997d9a9e6ee4	UNCONSTRAINED_PAGE	IDENTITY	STAR_MERAK	1	79
d3a6c031a63225f96a97fcaf2b92153ead0b864db27df6981944997d9a9e6ee4	UNCONSTRAINED_PAGE	IDENTITY	STAR_MINTAKA	1	79
d3a6c031a63225f96a97fcaf2b92153ead0b864db27df6981944997d9a9e6ee4	UNCONSTRAINED_PAGE	IDENTITY	STAR_MIRA	1	79
d3a6c031a63225f96a97fcaf2b92153ead0b864db27df6981944997d9a9e6ee4	UNCONSTRAINED_PAGE	IDENTITY	STAR_MIRACH	1	79
d3a6c031a63225f96a97fcaf2b92153ead0b864db27df6981944997d9a9e6ee4	UNCONSTRAINED_PAGE	IDENTITY	STAR_MIRFAK	1	79
d3a6c031a63225f96a97fcaf2b92153ead0b864db27df6981944997d9a9e6ee4	UNCONSTRAINED_PAGE	IDENTITY	STAR_MIZAR	1	79
d3a6c031a63225f96a97fcaf2b92153ead0b864db27df6981944997d9a9e6ee4	UNCONSTRAINED_PAGE	IDENTITY	STAR_PHERKAD	2	79
d3a6c031a63225f96a97fcaf2b92153ead0b864db27df6981944997d9a9e6ee4	UNCONSTRAINED_PAGE	IDENTITY	STAR_PHECDA	2	79
d3a6c031a63225f96a97fcaf2b92153ead0b864db27df6981944997d9a9e6ee4	UNCONSTRAINED_PAGE	IDENTITY	STAR_POLLUX	1	79
d3a6c031a63225f96a97fcaf2b92153ead0b864db27df6981944997d9a9e6ee4	UNCONSTRAINED_PAGE	IDENTITY	STAR_PORRIMA	2	79
d3a6c031a63225f96a97fcaf2b92153ead0b864db27df6981944997d9a9e6ee4	UNCONSTRAINED_PAGE	IDENTITY	STAR_PROCYON	1	79
d3a6c031a63225f96a97fcaf2b92153ead0b864db27df6981944997d9a9e6ee4	UNCONSTRAINED_PAGE	IDENTITY	STAR_REGULUS	1	79
d3a6c031a63225f96a97fcaf2b92153ead0b864db27df6981944997d9a9e6ee4	UNCONSTRAINED_PAGE	IDENTITY	STAR_RUKBAT	1	79
d3a6c031a63225f96a97fcaf2b92153ead0b864db27df6981944997d9a9e6ee4	UNCONSTRAINED_PAGE	IDENTITY	STAR_SADALMELIK	1	79
d3a6c031a63225f96a97fcaf2b92153ead0b864db27df6981944997d9a9e6ee4	UNCONSTRAINED_PAGE	IDENTITY	STAR_SARGAS	1	79
d3a6c031a63225f96a97fcaf2b92153ead0b864db27df6981944997d9a9e6ee4	UNCONSTRAINED_PAGE	IDENTITY	STAR_SCHEAT	2	79
d3a6c031a63225f96a97fcaf2b92153ead0b864db27df6981944997d9a9e6ee4	UNCONSTRAINED_PAGE	IDENTITY	STAR_SCHEDAR	1	79
d3a6c031a63225f96a97fcaf2b92153ead0b864db27df6981944997d9a9e6ee4	UNCONSTRAINED_PAGE	IDENTITY	STAR_SHAULA	1	79
d3a6c031a63225f96a97fcaf2b92153ead0b864db27df6981944997d9a9e6ee4	UNCONSTRAINED_PAGE	IDENTITY	STAR_SHERATAN	1	79
d3a6c031a63225f96a97fcaf2b92153ead0b864db27df6981944997d9a9e6ee4	UNCONSTRAINED_PAGE	IDENTITY	STAR_SKAT	1	79
d3a6c031a63225f96a97fcaf2b92153ead0b864db27df6981944997d9a9e6ee4	UNCONSTRAINED_PAGE	IDENTITY	STAR_SPICA	3	79
d3a6c031a63225f96a97fcaf2b92153ead0b864db27df6981944997d9a9e6ee4	UNCONSTRAINED_PAGE	IDENTITY	STAR_SUBRA	1	79
d3a6c031a63225f96a97fcaf2b92153ead0b864db27df6981944997d9a9e6ee4	UNCONSTRAINED_PAGE	IDENTITY	STAR_THUBAN	2	79
d3a6c031a63225f96a97fcaf2b92153ead0b864db27df6981944997d9a9e6ee4	UNCONSTRAINED_PAGE	IDENTITY	STAR_VEGA	3	79
d3a6c031a63225f96a97fcaf2b92153ead0b864db27df6981944997d9a9e6ee4	UNCONSTRAINED_PAGE	IDENTITY	STAR_VINDEMIATRIX	2	79
d3a6c031a63225f96a97fcaf2b92153ead0b864db27df6981944997d9a9e6ee4	UNCONSTRAINED_PAGE	IDENTITY	STAR_ZAVIJAVA	1	79
d3a6c031a63225f96a97fcaf2b92153ead0b864db27df6981944997d9a9e6ee4	UNCONSTRAINED_PAGE	IDENTITY	STAR_ZOSMA	1	79
d3a6c031a63225f96a97fcaf2b92153ead0b864db27df6981944997d9a9e6ee4	F68R2_ONLY	LABEL	STAR_f68r2_12465	79	79
d3a6c031a63225f96a97fcaf2b92153ead0b864db27df6981944997d9a9e6ee4	F68R2_ONLY	LABEL	STAR_f68r2_12486	79	79
d3a6c031a63225f96a97fcaf2b92153ead0b864db27df6981944997d9a9e6ee4	F68R2_ONLY	LABEL	STAR_f68r2_12463	79	79
d3a6c031a63225f96a97fcaf2b92153ead0b864db27df6981944997d9a9e6ee4	F68R2_ONLY	IDENTITY	STAR_MENKAR	79	79
d3a6c031a63225f96a97fcaf2b92153ead0b864db27df6981944997d9a9e6ee4	F68R2_ONLY	IDENTITY	STAR_MESARTHIM	79	79
d3a6c031a63225f96a97fcaf2b92153ead0b864db27df6981944997d9a9e6ee4	F68R2_ONLY	IDENTITY	STAR_ACHERNAR	1	79
d3a6c031a63225f96a97fcaf2b92153ead0b864db27df6981944997d9a9e6ee4	F68R2_ONLY	IDENTITY	STAR_ACUBENS	2	79
d3a6c031a63225f96a97fcaf2b92153ead0b864db27df6981944997d9a9e6ee4	F68R2_ONLY	IDENTITY	STAR_ALBIREO	1	79
d3a6c031a63225f96a97fcaf2b92153ead0b864db27df6981944997d9a9e6ee4	F68R2_ONLY	IDENTITY	STAR_ALCOR	1	79
d3a6c031a63225f96a97fcaf2b92153ead0b864db27df6981944997d9a9e6ee4	F68R2_ONLY	IDENTITY	STAR_ALDEBARAN	1	79
d3a6c031a63225f96a97fcaf2b92153ead0b864db27df6981944997d9a9e6ee4	F68R2_ONLY	IDENTITY	STAR_ALDERAMIN	1	79
d3a6c031a63225f96a97fcaf2b92153ead0b864db27df6981944997d9a9e6ee4	F68R2_ONLY	IDENTITY	STAR_ALGENIB	2	79
d3a6c031a63225f96a97fcaf2b92153ead0b864db27df6981944997d9a9e6ee4	F68R2_ONLY	IDENTITY	STAR_ALGOL	1	79
d3a6c031a63225f96a97fcaf2b92153ead0b864db27df6981944997d9a9e6ee4	F68R2_ONLY	IDENTITY	STAR_ALHENA	1	79
d3a6c031a63225f96a97fcaf2b92153ead0b864db27df6981944997d9a9e6ee4	F68R2_ONLY	IDENTITY	STAR_ALIOTH	1	79
d3a6c031a63225f96a97fcaf2b92153ead0b864db27df6981944997d9a9e6ee4	F68R2_ONLY	IDENTITY	STAR_ALKAID	1	79
d3a6c031a63225f96a97fcaf2b92153ead0b864db27df6981944997d9a9e6ee4	F68R2_ONLY	IDENTITY	STAR_ALNATH	1	79
d3a6c031a63225f96a97fcaf2b92153ead0b864db27df6981944997d9a9e6ee4	F68R2_ONLY	IDENTITY	STAR_ALNILAM	1	79
d3a6c031a63225f96a97fcaf2b92153ead0b864db27df6981944997d9a9e6ee4	F68R2_ONLY	IDENTITY	STAR_ALPHARD	1	79
d3a6c031a63225f96a97fcaf2b92153ead0b864db27df6981944997d9a9e6ee4	F68R2_ONLY	IDENTITY	STAR_ALPHECCA	1	79
d3a6c031a63225f96a97fcaf2b92153ead0b864db27df6981944997d9a9e6ee4	F68R2_ONLY	IDENTITY	STAR_ALPHERATZ	1	79
d3a6c031a63225f96a97fcaf2b92153ead0b864db27df6981944997d9a9e6ee4	F68R2_ONLY	IDENTITY	STAR_ALPHIRK	2	79
d3a6c031a63225f96a97fcaf2b92153ead0b864db27df6981944997d9a9e6ee4	F68R2_ONLY	IDENTITY	STAR_ALTAIR	1	79
d3a6c031a63225f96a97fcaf2b92153ead0b864db27df6981944997d9a9e6ee4	F68R2_ONLY	IDENTITY	STAR_ARCTURUS	2	79
d3a6c031a63225f96a97fcaf2b92153ead0b864db27df6981944997d9a9e6ee4	F68R2_ONLY	IDENTITY	STAR_BELLATRIX	1	79
d3a6c031a63225f96a97fcaf2b92153ead0b864db27df6981944997d9a9e6ee4	F68R2_ONLY	IDENTITY	STAR_BETELGEUSE	1	79
d3a6c031a63225f96a97fcaf2b92153ead0b864db27df6981944997d9a9e6ee4	F68R2_ONLY	IDENTITY	STAR_CANOPUS	2	79
d3a6c031a63225f96a97fcaf2b92153ead0b864db27df6981944997d9a9e6ee4	F68R2_ONLY	IDENTITY	STAR_CAPH	1	79
d3a6c031a63225f96a97fcaf2b92153ead0b864db27df6981944997d9a9e6ee4	F68R2_ONLY	IDENTITY	STAR_CASTOR	2	79
d3a6c031a63225f96a97fcaf2b92153ead0b864db27df6981944997d9a9e6ee4	F68R2_ONLY	IDENTITY	STAR_DABIH	1	79
d3a6c031a63225f96a97fcaf2b92153ead0b864db27df6981944997d9a9e6ee4	F68R2_ONLY	IDENTITY	STAR_DENEB_ALGEDI	1	79
d3a6c031a63225f96a97fcaf2b92153ead0b864db27df6981944997d9a9e6ee4	F68R2_ONLY	IDENTITY	STAR_DENEBOLA	2	79
d3a6c031a63225f96a97fcaf2b92153ead0b864db27df6981944997d9a9e6ee4	F68R2_ONLY	IDENTITY	STAR_DIPHDA	1	79
d3a6c031a63225f96a97fcaf2b92153ead0b864db27df6981944997d9a9e6ee4	F68R2_ONLY	IDENTITY	STAR_DUBHE	1	79
d3a6c031a63225f96a97fcaf2b92153ead0b864db27df6981944997d9a9e6ee4	F68R2_ONLY	IDENTITY	STAR_ELTANIN	1	79
d3a6c031a63225f96a97fcaf2b92153ead0b864db27df6981944997d9a9e6ee4	F68R2_ONLY	IDENTITY	STAR_ENIF	1	79
d3a6c031a63225f96a97fcaf2b92153ead0b864db27df6981944997d9a9e6ee4	F68R2_ONLY	IDENTITY	STAR_FOMALHAUT	1	79
d3a6c031a63225f96a97fcaf2b92153ead0b864db27df6981944997d9a9e6ee4	F68R2_ONLY	IDENTITY	STAR_IZAR	2	79
d3a6c031a63225f96a97fcaf2b92153ead0b864db27df6981944997d9a9e6ee4	F68R2_ONLY	IDENTITY	STAR_KOCHAB	1	79
d3a6c031a63225f96a97fcaf2b92153ead0b864db27df6981944997d9a9e6ee4	F68R2_ONLY	IDENTITY	STAR_MERAK	1	79
d3a6c031a63225f96a97fcaf2b92153ead0b864db27df6981944997d9a9e6ee4	F68R2_ONLY	IDENTITY	STAR_MINTAKA	1	79
d3a6c031a63225f96a97fcaf2b92153ead0b864db27df6981944997d9a9e6ee4	F68R2_ONLY	IDENTITY	STAR_MIRA	1	79
d3a6c031a63225f96a97fcaf2b92153ead0b864db27df6981944997d9a9e6ee4	F68R2_ONLY	IDENTITY	STAR_MIRACH	1	79
d3a6c031a63225f96a97fcaf2b92153ead0b864db27df6981944997d9a9e6ee4	F68R2_ONLY	IDENTITY	STAR_MIRFAK	1	79
d3a6c031a63225f96a97fcaf2b92153ead0b864db27df6981944997d9a9e6ee4	F68R2_ONLY	IDENTITY	STAR_MIZAR	1	79
d3a6c031a63225f96a97fcaf2b92153ead0b864db27df6981944997d9a9e6ee4	F68R2_ONLY	IDENTITY	STAR_PHERKAD	2	79
d3a6c031a63225f96a97fcaf2b92153ead0b864db27df6981944997d9a9e6ee4	F68R2_ONLY	IDENTITY	STAR_PHECDA	2	79
d3a6c031a63225f96a97fcaf2b92153ead0b864db27df6981944997d9a9e6ee4	F68R2_ONLY	IDENTITY	STAR_POLLUX	1	79
d3a6c031a63225f96a97fcaf2b92153ead0b864db27df6981944997d9a9e6ee4	F68R2_ONLY	IDENTITY	STAR_PORRIMA	2	79
d3a6c031a63225f96a97fcaf2b92153ead0b864db27df6981944997d9a9e6ee4	F68R2_ONLY	IDENTITY	STAR_PROCYON	1	79
d3a6c031a63225f96a97fcaf2b92153ead0b864db27df6981944997d9a9e6ee4	F68R2_ONLY	IDENTITY	STAR_REGULUS	1	79
d3a6c031a63225f96a97fcaf2b92153ead0b864db27df6981944997d9a9e6ee4	F68R2_ONLY	IDENTITY	STAR_RUKBAT	1	79
d3a6c031a63225f96a97fcaf2b92153ead0b864db27df6981944997d9a9e6ee4	F68R2_ONLY	IDENTITY	STAR_SADALMELIK	1	79
d3a6c031a63225f96a97fcaf2b92153ead0b864db27df6981944997d9a9e6ee4	F68R2_ONLY	IDENTITY	STAR_SARGAS	1	79
d3a6c031a63225f96a97fcaf2b92153ead0b864db27df6981944997d9a9e6ee4	F68R2_ONLY	IDENTITY	STAR_SCHEAT	2	79
d3a6c031a63225f96a97fcaf2b92153ead0b864db27df6981944997d9a9e6ee4	F68R2_ONLY	IDENTITY	STAR_SCHEDAR	1	79
d3a6c031a63225f96a97fcaf2b92153ead0b864db27df6981944997d9a9e6ee4	F68R2_ONLY	IDENTITY	STAR_SHAULA	1	79
d3a6c031a63225f96a97fcaf2b92153ead0b864db27df6981944997d9a9e6ee4	F68R2_ONLY	IDENTITY	STAR_SHERATAN	1	79
d3a6c031a63225f96a97fcaf2b92153ead0b864db27df6981944997d9a9e6ee4	F68R2_ONLY	IDENTITY	STAR_SKAT	1	79
d3a6c031a63225f96a97fcaf2b92153ead0b864db27df6981944997d9a9e6ee4	F68R2_ONLY	IDENTITY	STAR_SPICA	3	79
d3a6c031a63225f96a97fcaf2b92153ead0b864db27df6981944997d9a9e6ee4	F68R2_ONLY	IDENTITY	STAR_SUBRA	1	79
d3a6c031a63225f96a97fcaf2b92153ead0b864db27df6981944997d9a9e6ee4	F68R2_ONLY	IDENTITY	STAR_THUBAN	2	79
d3a6c031a63225f96a97fcaf2b92153ead0b864db27df6981944997d9a9e6ee4	F68R2_ONLY	IDENTITY	STAR_VEGA	3	79
d3a6c031a63225f96a97fcaf2b92153ead0b864db27df6981944997d9a9e6ee4	F68R2_ONLY	IDENTITY	STAR_VINDEMIATRIX	2	79
d3a6c031a63225f96a97fcaf2b92153ead0b864db27df6981944997d9a9e6ee4	F68R2_ONLY	IDENTITY	STAR_ZAVIJAVA	1	79
d3a6c031a63225f96a97fcaf2b92153ead0b864db27df6981944997d9a9e6ee4	F68R2_ONLY	IDENTITY	STAR_ZOSMA	1	79
61f4bbef0bcea6b21c071711c4cc9487fc3c44ce67fee0f64544ba3b2fc52fee	UNCONSTRAINED_PAGE	LABEL	STAR_f68r2_12465	79	79
61f4bbef0bcea6b21c071711c4cc9487fc3c44ce67fee0f64544ba3b2fc52fee	UNCONSTRAINED_PAGE	LABEL	STAR_f68r2_12486	79	79
61f4bbef0bcea6b21c071711c4cc9487fc3c44ce67fee0f64544ba3b2fc52fee	UNCONSTRAINED_PAGE	LABEL	STAR_f68r2_12463	79	79
61f4bbef0bcea6b21c071711c4cc9487fc3c44ce67fee0f64544ba3b2fc52fee	UNCONSTRAINED_PAGE	IDENTITY	STAR_ALDERAMIN	79	79
61f4bbef0bcea6b21c071711c4cc9487fc3c44ce67fee0f64544ba3b2fc52fee	UNCONSTRAINED_PAGE	IDENTITY	STAR_SCHEAT	79	79
61f4bbef0bcea6b21c071711c4cc9487fc3c44ce67fee0f64544ba3b2fc52fee	UNCONSTRAINED_PAGE	IDENTITY	STAR_ACHERNAR	1	79
61f4bbef0bcea6b21c071711c4cc9487fc3c44ce67fee0f64544ba3b2fc52fee	UNCONSTRAINED_PAGE	IDENTITY	STAR_ACUBENS	2	79
61f4bbef0bcea6b21c071711c4cc9487fc3c44ce67fee0f64544ba3b2fc52fee	UNCONSTRAINED_PAGE	IDENTITY	STAR_ALBIREO	1	79
61f4bbef0bcea6b21c071711c4cc9487fc3c44ce67fee0f64544ba3b2fc52fee	UNCONSTRAINED_PAGE	IDENTITY	STAR_ALCOR	1	79
61f4bbef0bcea6b21c071711c4cc9487fc3c44ce67fee0f64544ba3b2fc52fee	UNCONSTRAINED_PAGE	IDENTITY	STAR_ALDEBARAN	1	79
61f4bbef0bcea6b21c071711c4cc9487fc3c44ce67fee0f64544ba3b2fc52fee	UNCONSTRAINED_PAGE	IDENTITY	STAR_ALGENIB	2	79
61f4bbef0bcea6b21c071711c4cc9487fc3c44ce67fee0f64544ba3b2fc52fee	UNCONSTRAINED_PAGE	IDENTITY	STAR_ALGOL	1	79
61f4bbef0bcea6b21c071711c4cc9487fc3c44ce67fee0f64544ba3b2fc52fee	UNCONSTRAINED_PAGE	IDENTITY	STAR_ALHENA	1	79
61f4bbef0bcea6b21c071711c4cc9487fc3c44ce67fee0f64544ba3b2fc52fee	UNCONSTRAINED_PAGE	IDENTITY	STAR_ALIOTH	1	79
61f4bbef0bcea6b21c071711c4cc9487fc3c44ce67fee0f64544ba3b2fc52fee	UNCONSTRAINED_PAGE	IDENTITY	STAR_ALKAID	1	79
61f4bbef0bcea6b21c071711c4cc9487fc3c44ce67fee0f64544ba3b2fc52fee	UNCONSTRAINED_PAGE	IDENTITY	STAR_ALNATH	1	79
61f4bbef0bcea6b21c071711c4cc9487fc3c44ce67fee0f64544ba3b2fc52fee	UNCONSTRAINED_PAGE	IDENTITY	STAR_ALNILAM	1	79
61f4bbef0bcea6b21c071711c4cc9487fc3c44ce67fee0f64544ba3b2fc52fee	UNCONSTRAINED_PAGE	IDENTITY	STAR_ALPHARD	1	79
61f4bbef0bcea6b21c071711c4cc9487fc3c44ce67fee0f64544ba3b2fc52fee	UNCONSTRAINED_PAGE	IDENTITY	STAR_ALPHECCA	1	79
61f4bbef0bcea6b21c071711c4cc9487fc3c44ce67fee0f64544ba3b2fc52fee	UNCONSTRAINED_PAGE	IDENTITY	STAR_ALPHERATZ	1	79
61f4bbef0bcea6b21c071711c4cc9487fc3c44ce67fee0f64544ba3b2fc52fee	UNCONSTRAINED_PAGE	IDENTITY	STAR_ALPHIRK	2	79
61f4bbef0bcea6b21c071711c4cc9487fc3c44ce67fee0f64544ba3b2fc52fee	UNCONSTRAINED_PAGE	IDENTITY	STAR_ALTAIR	1	79
61f4bbef0bcea6b21c071711c4cc9487fc3c44ce67fee0f64544ba3b2fc52fee	UNCONSTRAINED_PAGE	IDENTITY	STAR_ARCTURUS	2	79
61f4bbef0bcea6b21c071711c4cc9487fc3c44ce67fee0f64544ba3b2fc52fee	UNCONSTRAINED_PAGE	IDENTITY	STAR_BELLATRIX	1	79
61f4bbef0bcea6b21c071711c4cc9487fc3c44ce67fee0f64544ba3b2fc52fee	UNCONSTRAINED_PAGE	IDENTITY	STAR_BETELGEUSE	1	79
61f4bbef0bcea6b21c071711c4cc9487fc3c44ce67fee0f64544ba3b2fc52fee	UNCONSTRAINED_PAGE	IDENTITY	STAR_CANOPUS	2	79
61f4bbef0bcea6b21c071711c4cc9487fc3c44ce67fee0f64544ba3b2fc52fee	UNCONSTRAINED_PAGE	IDENTITY	STAR_CAPH	1	79
61f4bbef0bcea6b21c071711c4cc9487fc3c44ce67fee0f64544ba3b2fc52fee	UNCONSTRAINED_PAGE	IDENTITY	STAR_CASTOR	2	79
61f4bbef0bcea6b21c071711c4cc9487fc3c44ce67fee0f64544ba3b2fc52fee	UNCONSTRAINED_PAGE	IDENTITY	STAR_DABIH	1	79
61f4bbef0bcea6b21c071711c4cc9487fc3c44ce67fee0f64544ba3b2fc52fee	UNCONSTRAINED_PAGE	IDENTITY	STAR_DENEB_ALGEDI	1	79
61f4bbef0bcea6b21c071711c4cc9487fc3c44ce67fee0f64544ba3b2fc52fee	UNCONSTRAINED_PAGE	IDENTITY	STAR_DENEBOLA	2	79
61f4bbef0bcea6b21c071711c4cc9487fc3c44ce67fee0f64544ba3b2fc52fee	UNCONSTRAINED_PAGE	IDENTITY	STAR_DIPHDA	1	79
61f4bbef0bcea6b21c071711c4cc9487fc3c44ce67fee0f64544ba3b2fc52fee	UNCONSTRAINED_PAGE	IDENTITY	STAR_DUBHE	1	79
61f4bbef0bcea6b21c071711c4cc9487fc3c44ce67fee0f64544ba3b2fc52fee	UNCONSTRAINED_PAGE	IDENTITY	STAR_ELTANIN	1	79
61f4bbef0bcea6b21c071711c4cc9487fc3c44ce67fee0f64544ba3b2fc52fee	UNCONSTRAINED_PAGE	IDENTITY	STAR_ENIF	1	79
61f4bbef0bcea6b21c071711c4cc9487fc3c44ce67fee0f64544ba3b2fc52fee	UNCONSTRAINED_PAGE	IDENTITY	STAR_FOMALHAUT	1	79
61f4bbef0bcea6b21c071711c4cc9487fc3c44ce67fee0f64544ba3b2fc52fee	UNCONSTRAINED_PAGE	IDENTITY	STAR_IZAR	2	79
61f4bbef0bcea6b21c071711c4cc9487fc3c44ce67fee0f64544ba3b2fc52fee	UNCONSTRAINED_PAGE	IDENTITY	STAR_KOCHAB	1	79
61f4bbef0bcea6b21c071711c4cc9487fc3c44ce67fee0f64544ba3b2fc52fee	UNCONSTRAINED_PAGE	IDENTITY	STAR_MENKAR	2	79
61f4bbef0bcea6b21c071711c4cc9487fc3c44ce67fee0f64544ba3b2fc52fee	UNCONSTRAINED_PAGE	IDENTITY	STAR_MERAK	1	79
61f4bbef0bcea6b21c071711c4cc9487fc3c44ce67fee0f64544ba3b2fc52fee	UNCONSTRAINED_PAGE	IDENTITY	STAR_MESARTHIM	1	79
61f4bbef0bcea6b21c071711c4cc9487fc3c44ce67fee0f64544ba3b2fc52fee	UNCONSTRAINED_PAGE	IDENTITY	STAR_MINTAKA	1	79
61f4bbef0bcea6b21c071711c4cc9487fc3c44ce67fee0f64544ba3b2fc52fee	UNCONSTRAINED_PAGE	IDENTITY	STAR_MIRA	1	79
61f4bbef0bcea6b21c071711c4cc9487fc3c44ce67fee0f64544ba3b2fc52fee	UNCONSTRAINED_PAGE	IDENTITY	STAR_MIRACH	1	79
61f4bbef0bcea6b21c071711c4cc9487fc3c44ce67fee0f64544ba3b2fc52fee	UNCONSTRAINED_PAGE	IDENTITY	STAR_MIRFAK	1	79
61f4bbef0bcea6b21c071711c4cc9487fc3c44ce67fee0f64544ba3b2fc52fee	UNCONSTRAINED_PAGE	IDENTITY	STAR_MIZAR	1	79
61f4bbef0bcea6b21c071711c4cc9487fc3c44ce67fee0f64544ba3b2fc52fee	UNCONSTRAINED_PAGE	IDENTITY	STAR_PHERKAD	2	79
61f4bbef0bcea6b21c071711c4cc9487fc3c44ce67fee0f64544ba3b2fc52fee	UNCONSTRAINED_PAGE	IDENTITY	STAR_PHECDA	2	79
61f4bbef0bcea6b21c071711c4cc9487fc3c44ce67fee0f64544ba3b2fc52fee	UNCONSTRAINED_PAGE	IDENTITY	STAR_POLLUX	1	79
61f4bbef0bcea6b21c071711c4cc9487fc3c44ce67fee0f64544ba3b2fc52fee	UNCONSTRAINED_PAGE	IDENTITY	STAR_PORRIMA	2	79
61f4bbef0bcea6b21c071711c4cc9487fc3c44ce67fee0f64544ba3b2fc52fee	UNCONSTRAINED_PAGE	IDENTITY	STAR_PROCYON	1	79
61f4bbef0bcea6b21c071711c4cc9487fc3c44ce67fee0f64544ba3b2fc52fee	UNCONSTRAINED_PAGE	IDENTITY	STAR_REGULUS	1	79
61f4bbef0bcea6b21c071711c4cc9487fc3c44ce67fee0f64544ba3b2fc52fee	UNCONSTRAINED_PAGE	IDENTITY	STAR_RUKBAT	1	79
61f4bbef0bcea6b21c071711c4cc9487fc3c44ce67fee0f64544ba3b2fc52fee	UNCONSTRAINED_PAGE	IDENTITY	STAR_SADALMELIK	1	79
61f4bbef0bcea6b21c071711c4cc9487fc3c44ce67fee0f64544ba3b2fc52fee	UNCONSTRAINED_PAGE	IDENTITY	STAR_SARGAS	1	79
61f4bbef0bcea6b21c071711c4cc9487fc3c44ce67fee0f64544ba3b2fc52fee	UNCONSTRAINED_PAGE	IDENTITY	STAR_SCHEDAR	1	79
61f4bbef0bcea6b21c071711c4cc9487fc3c44ce67fee0f64544ba3b2fc52fee	UNCONSTRAINED_PAGE	IDENTITY	STAR_SHAULA	1	79
61f4bbef0bcea6b21c071711c4cc9487fc3c44ce67fee0f64544ba3b2fc52fee	UNCONSTRAINED_PAGE	IDENTITY	STAR_SHERATAN	1	79
61f4bbef0bcea6b21c071711c4cc9487fc3c44ce67fee0f64544ba3b2fc52fee	UNCONSTRAINED_PAGE	IDENTITY	STAR_SKAT	1	79
61f4bbef0bcea6b21c071711c4cc9487fc3c44ce67fee0f64544ba3b2fc52fee	UNCONSTRAINED_PAGE	IDENTITY	STAR_SPICA	3	79
61f4bbef0bcea6b21c071711c4cc9487fc3c44ce67fee0f64544ba3b2fc52fee	UNCONSTRAINED_PAGE	IDENTITY	STAR_SUBRA	1	79
61f4bbef0bcea6b21c071711c4cc9487fc3c44ce67fee0f64544ba3b2fc52fee	UNCONSTRAINED_PAGE	IDENTITY	STAR_THUBAN	2	79
61f4bbef0bcea6b21c071711c4cc9487fc3c44ce67fee0f64544ba3b2fc52fee	UNCONSTRAINED_PAGE	IDENTITY	STAR_VEGA	3	79
61f4bbef0bcea6b21c071711c4cc9487fc3c44ce67fee0f64544ba3b2fc52fee	UNCONSTRAINED_PAGE	IDENTITY	STAR_VINDEMIATRIX	2	79
61f4bbef0bcea6b21c071711c4cc9487fc3c44ce67fee0f64544ba3b2fc52fee	UNCONSTRAINED_PAGE	IDENTITY	STAR_ZAVIJAVA	1	79
61f4bbef0bcea6b21c071711c4cc9487fc3c44ce67fee0f64544ba3b2fc52fee	UNCONSTRAINED_PAGE	IDENTITY	STAR_ZOSMA	1	79
61f4bbef0bcea6b21c071711c4cc9487fc3c44ce67fee0f64544ba3b2fc52fee	F68R2_ONLY	LABEL	STAR_f68r2_12465	79	79
61f4bbef0bcea6b21c071711c4cc9487fc3c44ce67fee0f64544ba3b2fc52fee	F68R2_ONLY	LABEL	STAR_f68r2_12486	79	79
61f4bbef0bcea6b21c071711c4cc9487fc3c44ce67fee0f64544ba3b2fc52fee	F68R2_ONLY	LABEL	STAR_f68r2_12463	79	79
61f4bbef0bcea6b21c071711c4cc9487fc3c44ce67fee0f64544ba3b2fc52fee	F68R2_ONLY	IDENTITY	STAR_ALDERAMIN	79	79
61f4bbef0bcea6b21c071711c4cc9487fc3c44ce67fee0f64544ba3b2fc52fee	F68R2_ONLY	IDENTITY	STAR_SCHEAT	79	79
61f4bbef0bcea6b21c071711c4cc9487fc3c44ce67fee0f64544ba3b2fc52fee	F68R2_ONLY	IDENTITY	STAR_ACHERNAR	1	79
61f4bbef0bcea6b21c071711c4cc9487fc3c44ce67fee0f64544ba3b2fc52fee	F68R2_ONLY	IDENTITY	STAR_ACUBENS	2	79
61f4bbef0bcea6b21c071711c4cc9487fc3c44ce67fee0f64544ba3b2fc52fee	F68R2_ONLY	IDENTITY	STAR_ALBIREO	1	79
61f4bbef0bcea6b21c071711c4cc9487fc3c44ce67fee0f64544ba3b2fc52fee	F68R2_ONLY	IDENTITY	STAR_ALCOR	1	79
61f4bbef0bcea6b21c071711c4cc9487fc3c44ce67fee0f64544ba3b2fc52fee	F68R2_ONLY	IDENTITY	STAR_ALDEBARAN	1	79
61f4bbef0bcea6b21c071711c4cc9487fc3c44ce67fee0f64544ba3b2fc52fee	F68R2_ONLY	IDENTITY	STAR_ALGENIB	2	79
61f4bbef0bcea6b21c071711c4cc9487fc3c44ce67fee0f64544ba3b2fc52fee	F68R2_ONLY	IDENTITY	STAR_ALGOL	1	79
61f4bbef0bcea6b21c071711c4cc9487fc3c44ce67fee0f64544ba3b2fc52fee	F68R2_ONLY	IDENTITY	STAR_ALHENA	1	79
61f4bbef0bcea6b21c071711c4cc9487fc3c44ce67fee0f64544ba3b2fc52fee	F68R2_ONLY	IDENTITY	STAR_ALIOTH	1	79
61f4bbef0bcea6b21c071711c4cc9487fc3c44ce67fee0f64544ba3b2fc52fee	F68R2_ONLY	IDENTITY	STAR_ALKAID	1	79
61f4bbef0bcea6b21c071711c4cc9487fc3c44ce67fee0f64544ba3b2fc52fee	F68R2_ONLY	IDENTITY	STAR_ALNATH	1	79
61f4bbef0bcea6b21c071711c4cc9487fc3c44ce67fee0f64544ba3b2fc52fee	F68R2_ONLY	IDENTITY	STAR_ALNILAM	1	79
61f4bbef0bcea6b21c071711c4cc9487fc3c44ce67fee0f64544ba3b2fc52fee	F68R2_ONLY	IDENTITY	STAR_ALPHARD	1	79
61f4bbef0bcea6b21c071711c4cc9487fc3c44ce67fee0f64544ba3b2fc52fee	F68R2_ONLY	IDENTITY	STAR_ALPHECCA	1	79
61f4bbef0bcea6b21c071711c4cc9487fc3c44ce67fee0f64544ba3b2fc52fee	F68R2_ONLY	IDENTITY	STAR_ALPHERATZ	1	79
61f4bbef0bcea6b21c071711c4cc9487fc3c44ce67fee0f64544ba3b2fc52fee	F68R2_ONLY	IDENTITY	STAR_ALPHIRK	2	79
61f4bbef0bcea6b21c071711c4cc9487fc3c44ce67fee0f64544ba3b2fc52fee	F68R2_ONLY	IDENTITY	STAR_ALTAIR	1	79
61f4bbef0bcea6b21c071711c4cc9487fc3c44ce67fee0f64544ba3b2fc52fee	F68R2_ONLY	IDENTITY	STAR_ARCTURUS	2	79
61f4bbef0bcea6b21c071711c4cc9487fc3c44ce67fee0f64544ba3b2fc52fee	F68R2_ONLY	IDENTITY	STAR_BELLATRIX	1	79
61f4bbef0bcea6b21c071711c4cc9487fc3c44ce67fee0f64544ba3b2fc52fee	F68R2_ONLY	IDENTITY	STAR_BETELGEUSE	1	79
61f4bbef0bcea6b21c071711c4cc9487fc3c44ce67fee0f64544ba3b2fc52fee	F68R2_ONLY	IDENTITY	STAR_CANOPUS	2	79
61f4bbef0bcea6b21c071711c4cc9487fc3c44ce67fee0f64544ba3b2fc52fee	F68R2_ONLY	IDENTITY	STAR_CAPH	1	79
61f4bbef0bcea6b21c071711c4cc9487fc3c44ce67fee0f64544ba3b2fc52fee	F68R2_ONLY	IDENTITY	STAR_CASTOR	2	79
61f4bbef0bcea6b21c071711c4cc9487fc3c44ce67fee0f64544ba3b2fc52fee	F68R2_ONLY	IDENTITY	STAR_DABIH	1	79
61f4bbef0bcea6b21c071711c4cc9487fc3c44ce67fee0f64544ba3b2fc52fee	F68R2_ONLY	IDENTITY	STAR_DENEB_ALGEDI	1	79
61f4bbef0bcea6b21c071711c4cc9487fc3c44ce67fee0f64544ba3b2fc52fee	F68R2_ONLY	IDENTITY	STAR_DENEBOLA	2	79
61f4bbef0bcea6b21c071711c4cc9487fc3c44ce67fee0f64544ba3b2fc52fee	F68R2_ONLY	IDENTITY	STAR_DIPHDA	1	79
61f4bbef0bcea6b21c071711c4cc9487fc3c44ce67fee0f64544ba3b2fc52fee	F68R2_ONLY	IDENTITY	STAR_DUBHE	1	79
61f4bbef0bcea6b21c071711c4cc9487fc3c44ce67fee0f64544ba3b2fc52fee	F68R2_ONLY	IDENTITY	STAR_ELTANIN	1	79
61f4bbef0bcea6b21c071711c4cc9487fc3c44ce67fee0f64544ba3b2fc52fee	F68R2_ONLY	IDENTITY	STAR_ENIF	1	79
61f4bbef0bcea6b21c071711c4cc9487fc3c44ce67fee0f64544ba3b2fc52fee	F68R2_ONLY	IDENTITY	STAR_FOMALHAUT	1	79
61f4bbef0bcea6b21c071711c4cc9487fc3c44ce67fee0f64544ba3b2fc52fee	F68R2_ONLY	IDENTITY	STAR_IZAR	2	79
61f4bbef0bcea6b21c071711c4cc9487fc3c44ce67fee0f64544ba3b2fc52fee	F68R2_ONLY	IDENTITY	STAR_KOCHAB	1	79
61f4bbef0bcea6b21c071711c4cc9487fc3c44ce67fee0f64544ba3b2fc52fee	F68R2_ONLY	IDENTITY	STAR_MENKAR	2	79
61f4bbef0bcea6b21c071711c4cc9487fc3c44ce67fee0f64544ba3b2fc52fee	F68R2_ONLY	IDENTITY	STAR_MERAK	1	79
61f4bbef0bcea6b21c071711c4cc9487fc3c44ce67fee0f64544ba3b2fc52fee	F68R2_ONLY	IDENTITY	STAR_MESARTHIM	1	79
61f4bbef0bcea6b21c071711c4cc9487fc3c44ce67fee0f64544ba3b2fc52fee	F68R2_ONLY	IDENTITY	STAR_MINTAKA	1	79
61f4bbef0bcea6b21c071711c4cc9487fc3c44ce67fee0f64544ba3b2fc52fee	F68R2_ONLY	IDENTITY	STAR_MIRA	1	79
61f4bbef0bcea6b21c071711c4cc9487fc3c44ce67fee0f64544ba3b2fc52fee	F68R2_ONLY	IDENTITY	STAR_MIRACH	1	79
61f4bbef0bcea6b21c071711c4cc9487fc3c44ce67fee0f64544ba3b2fc52fee	F68R2_ONLY	IDENTITY	STAR_MIRFAK	1	79
61f4bbef0bcea6b21c071711c4cc9487fc3c44ce67fee0f64544ba3b2fc52fee	F68R2_ONLY	IDENTITY	STAR_MIZAR	1	79
61f4bbef0bcea6b21c071711c4cc9487fc3c44ce67fee0f64544ba3b2fc52fee	F68R2_ONLY	IDENTITY	STAR_PHERKAD	2	79
61f4bbef0bcea6b21c071711c4cc9487fc3c44ce67fee0f64544ba3b2fc52fee	F68R2_ONLY	IDENTITY	STAR_PHECDA	2	79
61f4bbef0bcea6b21c071711c4cc9487fc3c44ce67fee0f64544ba3b2fc52fee	F68R2_ONLY	IDENTITY	STAR_POLLUX	1	79
61f4bbef0bcea6b21c071711c4cc9487fc3c44ce67fee0f64544ba3b2fc52fee	F68R2_ONLY	IDENTITY	STAR_PORRIMA	2	79
61f4bbef0bcea6b21c071711c4cc9487fc3c44ce67fee0f64544ba3b2fc52fee	F68R2_ONLY	IDENTITY	STAR_PROCYON	1	79
61f4bbef0bcea6b21c071711c4cc9487fc3c44ce67fee0f64544ba3b2fc52fee	F68R2_ONLY	IDENTITY	STAR_REGULUS	1	79
61f4bbef0bcea6b21c071711c4cc9487fc3c44ce67fee0f64544ba3b2fc52fee	F68R2_ONLY	IDENTITY	STAR_RUKBAT	1	79
61f4bbef0bcea6b21c071711c4cc9487fc3c44ce67fee0f64544ba3b2fc52fee	F68R2_ONLY	IDENTITY	STAR_SADALMELIK	1	79
61f4bbef0bcea6b21c071711c4cc9487fc3c44ce67fee0f64544ba3b2fc52fee	F68R2_ONLY	IDENTITY	STAR_SARGAS	1	79
61f4bbef0bcea6b21c071711c4cc9487fc3c44ce67fee0f64544ba3b2fc52fee	F68R2_ONLY	IDENTITY	STAR_SCHEDAR	1	79
61f4bbef0bcea6b21c071711c4cc9487fc3c44ce67fee0f64544ba3b2fc52fee	F68R2_ONLY	IDENTITY	STAR_SHAULA	1	79
61f4bbef0bcea6b21c071711c4cc9487fc3c44ce67fee0f64544ba3b2fc52fee	F68R2_ONLY	IDENTITY	STAR_SHERATAN	1	79
61f4bbef0bcea6b21c071711c4cc9487fc3c44ce67fee0f64544ba3b2fc52fee	F68R2_ONLY	IDENTITY	STAR_SKAT	1	79
61f4bbef0bcea6b21c071711c4cc9487fc3c44ce67fee0f64544ba3b2fc52fee	F68R2_ONLY	IDENTITY	STAR_SPICA	3	79
61f4bbef0bcea6b21c071711c4cc9487fc3c44ce67fee0f64544ba3b2fc52fee	F68R2_ONLY	IDENTITY	STAR_SUBRA	1	79
61f4bbef0bcea6b21c071711c4cc9487fc3c44ce67fee0f64544ba3b2fc52fee	F68R2_ONLY	IDENTITY	STAR_THUBAN	2	79
61f4bbef0bcea6b21c071711c4cc9487fc3c44ce67fee0f64544ba3b2fc52fee	F68R2_ONLY	IDENTITY	STAR_VEGA	3	79
61f4bbef0bcea6b21c071711c4cc9487fc3c44ce67fee0f64544ba3b2fc52fee	F68R2_ONLY	IDENTITY	STAR_VINDEMIATRIX	2	79
61f4bbef0bcea6b21c071711c4cc9487fc3c44ce67fee0f64544ba3b2fc52fee	F68R2_ONLY	IDENTITY	STAR_ZAVIJAVA	1	79
61f4bbef0bcea6b21c071711c4cc9487fc3c44ce67fee0f64544ba3b2fc52fee	F68R2_ONLY	IDENTITY	STAR_ZOSMA	1	79
2264206f96c775acc27448aaf3faf2cf237c46f1515d4ea57df15d9646ae1f6a	UNCONSTRAINED_PAGE	LABEL	STAR_f68r2_12486	160	160
2264206f96c775acc27448aaf3faf2cf237c46f1515d4ea57df15d9646ae1f6a	UNCONSTRAINED_PAGE	LABEL	STAR_f68r2_12465	160	160
2264206f96c775acc27448aaf3faf2cf237c46f1515d4ea57df15d9646ae1f6a	UNCONSTRAINED_PAGE	LABEL	STAR_f68r2_12463	160	160
2264206f96c775acc27448aaf3faf2cf237c46f1515d4ea57df15d9646ae1f6a	UNCONSTRAINED_PAGE	IDENTITY	STAR_ACHERNAR	160	160
2264206f96c775acc27448aaf3faf2cf237c46f1515d4ea57df15d9646ae1f6a	UNCONSTRAINED_PAGE	IDENTITY	STAR_ALNILAM	81	160
2264206f96c775acc27448aaf3faf2cf237c46f1515d4ea57df15d9646ae1f6a	UNCONSTRAINED_PAGE	IDENTITY	STAR_ACUBENS	4	160
2264206f96c775acc27448aaf3faf2cf237c46f1515d4ea57df15d9646ae1f6a	UNCONSTRAINED_PAGE	IDENTITY	STAR_ALBIREO	2	160
2264206f96c775acc27448aaf3faf2cf237c46f1515d4ea57df15d9646ae1f6a	UNCONSTRAINED_PAGE	IDENTITY	STAR_ALCOR	2	160
2264206f96c775acc27448aaf3faf2cf237c46f1515d4ea57df15d9646ae1f6a	UNCONSTRAINED_PAGE	IDENTITY	STAR_ALDEBARAN	2	160
2264206f96c775acc27448aaf3faf2cf237c46f1515d4ea57df15d9646ae1f6a	UNCONSTRAINED_PAGE	IDENTITY	STAR_ALDERAMIN	2	160
2264206f96c775acc27448aaf3faf2cf237c46f1515d4ea57df15d9646ae1f6a	UNCONSTRAINED_PAGE	IDENTITY	STAR_ALGENIB	4	160
2264206f96c775acc27448aaf3faf2cf237c46f1515d4ea57df15d9646ae1f6a	UNCONSTRAINED_PAGE	IDENTITY	STAR_ALGOL	2	160
2264206f96c775acc27448aaf3faf2cf237c46f1515d4ea57df15d9646ae1f6a	UNCONSTRAINED_PAGE	IDENTITY	STAR_ALHENA	2	160
2264206f96c775acc27448aaf3faf2cf237c46f1515d4ea57df15d9646ae1f6a	UNCONSTRAINED_PAGE	IDENTITY	STAR_ALIOTH	2	160
2264206f96c775acc27448aaf3faf2cf237c46f1515d4ea57df15d9646ae1f6a	UNCONSTRAINED_PAGE	IDENTITY	STAR_ALKAID	2	160
2264206f96c775acc27448aaf3faf2cf237c46f1515d4ea57df15d9646ae1f6a	UNCONSTRAINED_PAGE	IDENTITY	STAR_ALNATH	2	160
2264206f96c775acc27448aaf3faf2cf237c46f1515d4ea57df15d9646ae1f6a	UNCONSTRAINED_PAGE	IDENTITY	STAR_ALPHARD	2	160
2264206f96c775acc27448aaf3faf2cf237c46f1515d4ea57df15d9646ae1f6a	UNCONSTRAINED_PAGE	IDENTITY	STAR_ALPHECCA	2	160
2264206f96c775acc27448aaf3faf2cf237c46f1515d4ea57df15d9646ae1f6a	UNCONSTRAINED_PAGE	IDENTITY	STAR_ALPHERATZ	2	160
2264206f96c775acc27448aaf3faf2cf237c46f1515d4ea57df15d9646ae1f6a	UNCONSTRAINED_PAGE	IDENTITY	STAR_ALPHIRK	4	160
2264206f96c775acc27448aaf3faf2cf237c46f1515d4ea57df15d9646ae1f6a	UNCONSTRAINED_PAGE	IDENTITY	STAR_ALTAIR	2	160
2264206f96c775acc27448aaf3faf2cf237c46f1515d4ea57df15d9646ae1f6a	UNCONSTRAINED_PAGE	IDENTITY	STAR_ARCTURUS	4	160
2264206f96c775acc27448aaf3faf2cf237c46f1515d4ea57df15d9646ae1f6a	UNCONSTRAINED_PAGE	IDENTITY	STAR_BELLATRIX	2	160
2264206f96c775acc27448aaf3faf2cf237c46f1515d4ea57df15d9646ae1f6a	UNCONSTRAINED_PAGE	IDENTITY	STAR_BETELGEUSE	2	160
2264206f96c775acc27448aaf3faf2cf237c46f1515d4ea57df15d9646ae1f6a	UNCONSTRAINED_PAGE	IDENTITY	STAR_CANOPUS	4	160
2264206f96c775acc27448aaf3faf2cf237c46f1515d4ea57df15d9646ae1f6a	UNCONSTRAINED_PAGE	IDENTITY	STAR_CAPH	2	160
2264206f96c775acc27448aaf3faf2cf237c46f1515d4ea57df15d9646ae1f6a	UNCONSTRAINED_PAGE	IDENTITY	STAR_CASTOR	4	160
2264206f96c775acc27448aaf3faf2cf237c46f1515d4ea57df15d9646ae1f6a	UNCONSTRAINED_PAGE	IDENTITY	STAR_DABIH	2	160
2264206f96c775acc27448aaf3faf2cf237c46f1515d4ea57df15d9646ae1f6a	UNCONSTRAINED_PAGE	IDENTITY	STAR_DENEB_ALGEDI	2	160
2264206f96c775acc27448aaf3faf2cf237c46f1515d4ea57df15d9646ae1f6a	UNCONSTRAINED_PAGE	IDENTITY	STAR_DENEBOLA	4	160
2264206f96c775acc27448aaf3faf2cf237c46f1515d4ea57df15d9646ae1f6a	UNCONSTRAINED_PAGE	IDENTITY	STAR_DIPHDA	2	160
2264206f96c775acc27448aaf3faf2cf237c46f1515d4ea57df15d9646ae1f6a	UNCONSTRAINED_PAGE	IDENTITY	STAR_DUBHE	2	160
2264206f96c775acc27448aaf3faf2cf237c46f1515d4ea57df15d9646ae1f6a	UNCONSTRAINED_PAGE	IDENTITY	STAR_ELTANIN	2	160
2264206f96c775acc27448aaf3faf2cf237c46f1515d4ea57df15d9646ae1f6a	UNCONSTRAINED_PAGE	IDENTITY	STAR_ENIF	2	160
2264206f96c775acc27448aaf3faf2cf237c46f1515d4ea57df15d9646ae1f6a	UNCONSTRAINED_PAGE	IDENTITY	STAR_FOMALHAUT	2	160
2264206f96c775acc27448aaf3faf2cf237c46f1515d4ea57df15d9646ae1f6a	UNCONSTRAINED_PAGE	IDENTITY	STAR_IZAR	4	160
2264206f96c775acc27448aaf3faf2cf237c46f1515d4ea57df15d9646ae1f6a	UNCONSTRAINED_PAGE	IDENTITY	STAR_KOCHAB	2	160
2264206f96c775acc27448aaf3faf2cf237c46f1515d4ea57df15d9646ae1f6a	UNCONSTRAINED_PAGE	IDENTITY	STAR_MENKAR	4	160
2264206f96c775acc27448aaf3faf2cf237c46f1515d4ea57df15d9646ae1f6a	UNCONSTRAINED_PAGE	IDENTITY	STAR_MERAK	2	160
2264206f96c775acc27448aaf3faf2cf237c46f1515d4ea57df15d9646ae1f6a	UNCONSTRAINED_PAGE	IDENTITY	STAR_MESARTHIM	2	160
2264206f96c775acc27448aaf3faf2cf237c46f1515d4ea57df15d9646ae1f6a	UNCONSTRAINED_PAGE	IDENTITY	STAR_MINTAKA	2	160
2264206f96c775acc27448aaf3faf2cf237c46f1515d4ea57df15d9646ae1f6a	UNCONSTRAINED_PAGE	IDENTITY	STAR_MIRA	2	160
2264206f96c775acc27448aaf3faf2cf237c46f1515d4ea57df15d9646ae1f6a	UNCONSTRAINED_PAGE	IDENTITY	STAR_MIRACH	2	160
2264206f96c775acc27448aaf3faf2cf237c46f1515d4ea57df15d9646ae1f6a	UNCONSTRAINED_PAGE	IDENTITY	STAR_MIRFAK	2	160
2264206f96c775acc27448aaf3faf2cf237c46f1515d4ea57df15d9646ae1f6a	UNCONSTRAINED_PAGE	IDENTITY	STAR_MIZAR	2	160
2264206f96c775acc27448aaf3faf2cf237c46f1515d4ea57df15d9646ae1f6a	UNCONSTRAINED_PAGE	IDENTITY	STAR_PHERKAD	4	160
2264206f96c775acc27448aaf3faf2cf237c46f1515d4ea57df15d9646ae1f6a	UNCONSTRAINED_PAGE	IDENTITY	STAR_PHECDA	4	160
2264206f96c775acc27448aaf3faf2cf237c46f1515d4ea57df15d9646ae1f6a	UNCONSTRAINED_PAGE	IDENTITY	STAR_POLLUX	2	160
2264206f96c775acc27448aaf3faf2cf237c46f1515d4ea57df15d9646ae1f6a	UNCONSTRAINED_PAGE	IDENTITY	STAR_PORRIMA	4	160
2264206f96c775acc27448aaf3faf2cf237c46f1515d4ea57df15d9646ae1f6a	UNCONSTRAINED_PAGE	IDENTITY	STAR_PROCYON	2	160
2264206f96c775acc27448aaf3faf2cf237c46f1515d4ea57df15d9646ae1f6a	UNCONSTRAINED_PAGE	IDENTITY	STAR_REGULUS	2	160
2264206f96c775acc27448aaf3faf2cf237c46f1515d4ea57df15d9646ae1f6a	UNCONSTRAINED_PAGE	IDENTITY	STAR_RUKBAT	2	160
2264206f96c775acc27448aaf3faf2cf237c46f1515d4ea57df15d9646ae1f6a	UNCONSTRAINED_PAGE	IDENTITY	STAR_SADALMELIK	2	160
2264206f96c775acc27448aaf3faf2cf237c46f1515d4ea57df15d9646ae1f6a	UNCONSTRAINED_PAGE	IDENTITY	STAR_SARGAS	81	160
2264206f96c775acc27448aaf3faf2cf237c46f1515d4ea57df15d9646ae1f6a	UNCONSTRAINED_PAGE	IDENTITY	STAR_SCHEAT	4	160
2264206f96c775acc27448aaf3faf2cf237c46f1515d4ea57df15d9646ae1f6a	UNCONSTRAINED_PAGE	IDENTITY	STAR_SCHEDAR	2	160
2264206f96c775acc27448aaf3faf2cf237c46f1515d4ea57df15d9646ae1f6a	UNCONSTRAINED_PAGE	IDENTITY	STAR_SHAULA	2	160
2264206f96c775acc27448aaf3faf2cf237c46f1515d4ea57df15d9646ae1f6a	UNCONSTRAINED_PAGE	IDENTITY	STAR_SHERATAN	2	160
2264206f96c775acc27448aaf3faf2cf237c46f1515d4ea57df15d9646ae1f6a	UNCONSTRAINED_PAGE	IDENTITY	STAR_SKAT	2	160
2264206f96c775acc27448aaf3faf2cf237c46f1515d4ea57df15d9646ae1f6a	UNCONSTRAINED_PAGE	IDENTITY	STAR_SPICA	6	160
2264206f96c775acc27448aaf3faf2cf237c46f1515d4ea57df15d9646ae1f6a	UNCONSTRAINED_PAGE	IDENTITY	STAR_SUBRA	2	160
2264206f96c775acc27448aaf3faf2cf237c46f1515d4ea57df15d9646ae1f6a	UNCONSTRAINED_PAGE	IDENTITY	STAR_THUBAN	4	160
2264206f96c775acc27448aaf3faf2cf237c46f1515d4ea57df15d9646ae1f6a	UNCONSTRAINED_PAGE	IDENTITY	STAR_VEGA	6	160
2264206f96c775acc27448aaf3faf2cf237c46f1515d4ea57df15d9646ae1f6a	UNCONSTRAINED_PAGE	IDENTITY	STAR_VINDEMIATRIX	4	160
2264206f96c775acc27448aaf3faf2cf237c46f1515d4ea57df15d9646ae1f6a	UNCONSTRAINED_PAGE	IDENTITY	STAR_ZAVIJAVA	2	160
2264206f96c775acc27448aaf3faf2cf237c46f1515d4ea57df15d9646ae1f6a	UNCONSTRAINED_PAGE	IDENTITY	STAR_ZOSMA	2	160
2264206f96c775acc27448aaf3faf2cf237c46f1515d4ea57df15d9646ae1f6a	F68R2_ONLY	LABEL	STAR_f68r2_12486	160	160
2264206f96c775acc27448aaf3faf2cf237c46f1515d4ea57df15d9646ae1f6a	F68R2_ONLY	LABEL	STAR_f68r2_12465	160	160
2264206f96c775acc27448aaf3faf2cf237c46f1515d4ea57df15d9646ae1f6a	F68R2_ONLY	LABEL	STAR_f68r2_12463	160	160
2264206f96c775acc27448aaf3faf2cf237c46f1515d4ea57df15d9646ae1f6a	F68R2_ONLY	IDENTITY	STAR_ACHERNAR	160	160
2264206f96c775acc27448aaf3faf2cf237c46f1515d4ea57df15d9646ae1f6a	F68R2_ONLY	IDENTITY	STAR_ALNILAM	81	160
2264206f96c775acc27448aaf3faf2cf237c46f1515d4ea57df15d9646ae1f6a	F68R2_ONLY	IDENTITY	STAR_ACUBENS	4	160
2264206f96c775acc27448aaf3faf2cf237c46f1515d4ea57df15d9646ae1f6a	F68R2_ONLY	IDENTITY	STAR_ALBIREO	2	160
2264206f96c775acc27448aaf3faf2cf237c46f1515d4ea57df15d9646ae1f6a	F68R2_ONLY	IDENTITY	STAR_ALCOR	2	160
2264206f96c775acc27448aaf3faf2cf237c46f1515d4ea57df15d9646ae1f6a	F68R2_ONLY	IDENTITY	STAR_ALDEBARAN	2	160
2264206f96c775acc27448aaf3faf2cf237c46f1515d4ea57df15d9646ae1f6a	F68R2_ONLY	IDENTITY	STAR_ALDERAMIN	2	160
2264206f96c775acc27448aaf3faf2cf237c46f1515d4ea57df15d9646ae1f6a	F68R2_ONLY	IDENTITY	STAR_ALGENIB	4	160
2264206f96c775acc27448aaf3faf2cf237c46f1515d4ea57df15d9646ae1f6a	F68R2_ONLY	IDENTITY	STAR_ALGOL	2	160
2264206f96c775acc27448aaf3faf2cf237c46f1515d4ea57df15d9646ae1f6a	F68R2_ONLY	IDENTITY	STAR_ALHENA	2	160
2264206f96c775acc27448aaf3faf2cf237c46f1515d4ea57df15d9646ae1f6a	F68R2_ONLY	IDENTITY	STAR_ALIOTH	2	160
2264206f96c775acc27448aaf3faf2cf237c46f1515d4ea57df15d9646ae1f6a	F68R2_ONLY	IDENTITY	STAR_ALKAID	2	160
2264206f96c775acc27448aaf3faf2cf237c46f1515d4ea57df15d9646ae1f6a	F68R2_ONLY	IDENTITY	STAR_ALNATH	2	160
2264206f96c775acc27448aaf3faf2cf237c46f1515d4ea57df15d9646ae1f6a	F68R2_ONLY	IDENTITY	STAR_ALPHARD	2	160
2264206f96c775acc27448aaf3faf2cf237c46f1515d4ea57df15d9646ae1f6a	F68R2_ONLY	IDENTITY	STAR_ALPHECCA	2	160
2264206f96c775acc27448aaf3faf2cf237c46f1515d4ea57df15d9646ae1f6a	F68R2_ONLY	IDENTITY	STAR_ALPHERATZ	2	160
2264206f96c775acc27448aaf3faf2cf237c46f1515d4ea57df15d9646ae1f6a	F68R2_ONLY	IDENTITY	STAR_ALPHIRK	4	160
2264206f96c775acc27448aaf3faf2cf237c46f1515d4ea57df15d9646ae1f6a	F68R2_ONLY	IDENTITY	STAR_ALTAIR	2	160
2264206f96c775acc27448aaf3faf2cf237c46f1515d4ea57df15d9646ae1f6a	F68R2_ONLY	IDENTITY	STAR_ARCTURUS	4	160
2264206f96c775acc27448aaf3faf2cf237c46f1515d4ea57df15d9646ae1f6a	F68R2_ONLY	IDENTITY	STAR_BELLATRIX	2	160
2264206f96c775acc27448aaf3faf2cf237c46f1515d4ea57df15d9646ae1f6a	F68R2_ONLY	IDENTITY	STAR_BETELGEUSE	2	160
2264206f96c775acc27448aaf3faf2cf237c46f1515d4ea57df15d9646ae1f6a	F68R2_ONLY	IDENTITY	STAR_CANOPUS	4	160
2264206f96c775acc27448aaf3faf2cf237c46f1515d4ea57df15d9646ae1f6a	F68R2_ONLY	IDENTITY	STAR_CAPH	2	160
2264206f96c775acc27448aaf3faf2cf237c46f1515d4ea57df15d9646ae1f6a	F68R2_ONLY	IDENTITY	STAR_CASTOR	4	160
2264206f96c775acc27448aaf3faf2cf237c46f1515d4ea57df15d9646ae1f6a	F68R2_ONLY	IDENTITY	STAR_DABIH	2	160
2264206f96c775acc27448aaf3faf2cf237c46f1515d4ea57df15d9646ae1f6a	F68R2_ONLY	IDENTITY	STAR_DENEB_ALGEDI	2	160
2264206f96c775acc27448aaf3faf2cf237c46f1515d4ea57df15d9646ae1f6a	F68R2_ONLY	IDENTITY	STAR_DENEBOLA	4	160
2264206f96c775acc27448aaf3faf2cf237c46f1515d4ea57df15d9646ae1f6a	F68R2_ONLY	IDENTITY	STAR_DIPHDA	2	160
2264206f96c775acc27448aaf3faf2cf237c46f1515d4ea57df15d9646ae1f6a	F68R2_ONLY	IDENTITY	STAR_DUBHE	2	160
2264206f96c775acc27448aaf3faf2cf237c46f1515d4ea57df15d9646ae1f6a	F68R2_ONLY	IDENTITY	STAR_ELTANIN	2	160
2264206f96c775acc27448aaf3faf2cf237c46f1515d4ea57df15d9646ae1f6a	F68R2_ONLY	IDENTITY	STAR_ENIF	2	160
2264206f96c775acc27448aaf3faf2cf237c46f1515d4ea57df15d9646ae1f6a	F68R2_ONLY	IDENTITY	STAR_FOMALHAUT	2	160
2264206f96c775acc27448aaf3faf2cf237c46f1515d4ea57df15d9646ae1f6a	F68R2_ONLY	IDENTITY	STAR_IZAR	4	160
2264206f96c775acc27448aaf3faf2cf237c46f1515d4ea57df15d9646ae1f6a	F68R2_ONLY	IDENTITY	STAR_KOCHAB	2	160
2264206f96c775acc27448aaf3faf2cf237c46f1515d4ea57df15d9646ae1f6a	F68R2_ONLY	IDENTITY	STAR_MENKAR	4	160
2264206f96c775acc27448aaf3faf2cf237c46f1515d4ea57df15d9646ae1f6a	F68R2_ONLY	IDENTITY	STAR_MERAK	2	160
2264206f96c775acc27448aaf3faf2cf237c46f1515d4ea57df15d9646ae1f6a	F68R2_ONLY	IDENTITY	STAR_MESARTHIM	2	160
2264206f96c775acc27448aaf3faf2cf237c46f1515d4ea57df15d9646ae1f6a	F68R2_ONLY	IDENTITY	STAR_MINTAKA	2	160
2264206f96c775acc27448aaf3faf2cf237c46f1515d4ea57df15d9646ae1f6a	F68R2_ONLY	IDENTITY	STAR_MIRA	2	160
2264206f96c775acc27448aaf3faf2cf237c46f1515d4ea57df15d9646ae1f6a	F68R2_ONLY	IDENTITY	STAR_MIRACH	2	160
2264206f96c775acc27448aaf3faf2cf237c46f1515d4ea57df15d9646ae1f6a	F68R2_ONLY	IDENTITY	STAR_MIRFAK	2	160
2264206f96c775acc27448aaf3faf2cf237c46f1515d4ea57df15d9646ae1f6a	F68R2_ONLY	IDENTITY	STAR_MIZAR	2	160
2264206f96c775acc27448aaf3faf2cf237c46f1515d4ea57df15d9646ae1f6a	F68R2_ONLY	IDENTITY	STAR_PHERKAD	4	160
2264206f96c775acc27448aaf3faf2cf237c46f1515d4ea57df15d9646ae1f6a	F68R2_ONLY	IDENTITY	STAR_PHECDA	4	160
2264206f96c775acc27448aaf3faf2cf237c46f1515d4ea57df15d9646ae1f6a	F68R2_ONLY	IDENTITY	STAR_POLLUX	2	160
2264206f96c775acc27448aaf3faf2cf237c46f1515d4ea57df15d9646ae1f6a	F68R2_ONLY	IDENTITY	STAR_PORRIMA	4	160
2264206f96c775acc27448aaf3faf2cf237c46f1515d4ea57df15d9646ae1f6a	F68R2_ONLY	IDENTITY	STAR_PROCYON	2	160
2264206f96c775acc27448aaf3faf2cf237c46f1515d4ea57df15d9646ae1f6a	F68R2_ONLY	IDENTITY	STAR_REGULUS	2	160
2264206f96c775acc27448aaf3faf2cf237c46f1515d4ea57df15d9646ae1f6a	F68R2_ONLY	IDENTITY	STAR_RUKBAT	2	160
2264206f96c775acc27448aaf3faf2cf237c46f1515d4ea57df15d9646ae1f6a	F68R2_ONLY	IDENTITY	STAR_SADALMELIK	2	160
2264206f96c775acc27448aaf3faf2cf237c46f1515d4ea57df15d9646ae1f6a	F68R2_ONLY	IDENTITY	STAR_SARGAS	81	160
2264206f96c775acc27448aaf3faf2cf237c46f1515d4ea57df15d9646ae1f6a	F68R2_ONLY	IDENTITY	STAR_SCHEAT	4	160
2264206f96c775acc27448aaf3faf2cf237c46f1515d4ea57df15d9646ae1f6a	F68R2_ONLY	IDENTITY	STAR_SCHEDAR	2	160
2264206f96c775acc27448aaf3faf2cf237c46f1515d4ea57df15d9646ae1f6a	F68R2_ONLY	IDENTITY	STAR_SHAULA	2	160
2264206f96c775acc27448aaf3faf2cf237c46f1515d4ea57df15d9646ae1f6a	F68R2_ONLY	IDENTITY	STAR_SHERATAN	2	160
2264206f96c775acc27448aaf3faf2cf237c46f1515d4ea57df15d9646ae1f6a	F68R2_ONLY	IDENTITY	STAR_SKAT	2	160
2264206f96c775acc27448aaf3faf2cf237c46f1515d4ea57df15d9646ae1f6a	F68R2_ONLY	IDENTITY	STAR_SPICA	6	160
2264206f96c775acc27448aaf3faf2cf237c46f1515d4ea57df15d9646ae1f6a	F68R2_ONLY	IDENTITY	STAR_SUBRA	2	160
2264206f96c775acc27448aaf3faf2cf237c46f1515d4ea57df15d9646ae1f6a	F68R2_ONLY	IDENTITY	STAR_THUBAN	4	160
2264206f96c775acc27448aaf3faf2cf237c46f1515d4ea57df15d9646ae1f6a	F68R2_ONLY	IDENTITY	STAR_VEGA	6	160
2264206f96c775acc27448aaf3faf2cf237c46f1515d4ea57df15d9646ae1f6a	F68R2_ONLY	IDENTITY	STAR_VINDEMIATRIX	4	160
2264206f96c775acc27448aaf3faf2cf237c46f1515d4ea57df15d9646ae1f6a	F68R2_ONLY	IDENTITY	STAR_ZAVIJAVA	2	160
2264206f96c775acc27448aaf3faf2cf237c46f1515d4ea57df15d9646ae1f6a	F68R2_ONLY	IDENTITY	STAR_ZOSMA	2	160
5605970a34e021d9604ca0a72f565271f86af569f2302f7bcba951fcb831f62a	UNCONSTRAINED_PAGE	LABEL	STAR_f68r2_12465	80	80
5605970a34e021d9604ca0a72f565271f86af569f2302f7bcba951fcb831f62a	UNCONSTRAINED_PAGE	LABEL	STAR_f68r2_12486	80	80
5605970a34e021d9604ca0a72f565271f86af569f2302f7bcba951fcb831f62a	UNCONSTRAINED_PAGE	LABEL	STAR_f68r2_12463	80	80
5605970a34e021d9604ca0a72f565271f86af569f2302f7bcba951fcb831f62a	UNCONSTRAINED_PAGE	IDENTITY	STAR_ALNILAM	80	80
5605970a34e021d9604ca0a72f565271f86af569f2302f7bcba951fcb831f62a	UNCONSTRAINED_PAGE	IDENTITY	STAR_ACHERNAR	80	80
5605970a34e021d9604ca0a72f565271f86af569f2302f7bcba951fcb831f62a	UNCONSTRAINED_PAGE	IDENTITY	STAR_ACUBENS	2	80
5605970a34e021d9604ca0a72f565271f86af569f2302f7bcba951fcb831f62a	UNCONSTRAINED_PAGE	IDENTITY	STAR_ALBIREO	1	80
5605970a34e021d9604ca0a72f565271f86af569f2302f7bcba951fcb831f62a	UNCONSTRAINED_PAGE	IDENTITY	STAR_ALCOR	1	80
5605970a34e021d9604ca0a72f565271f86af569f2302f7bcba951fcb831f62a	UNCONSTRAINED_PAGE	IDENTITY	STAR_ALDEBARAN	1	80
5605970a34e021d9604ca0a72f565271f86af569f2302f7bcba951fcb831f62a	UNCONSTRAINED_PAGE	IDENTITY	STAR_ALDERAMIN	1	80
5605970a34e021d9604ca0a72f565271f86af569f2302f7bcba951fcb831f62a	UNCONSTRAINED_PAGE	IDENTITY	STAR_ALGENIB	2	80
5605970a34e021d9604ca0a72f565271f86af569f2302f7bcba951fcb831f62a	UNCONSTRAINED_PAGE	IDENTITY	STAR_ALGOL	1	80
5605970a34e021d9604ca0a72f565271f86af569f2302f7bcba951fcb831f62a	UNCONSTRAINED_PAGE	IDENTITY	STAR_ALHENA	1	80
5605970a34e021d9604ca0a72f565271f86af569f2302f7bcba951fcb831f62a	UNCONSTRAINED_PAGE	IDENTITY	STAR_ALIOTH	1	80
5605970a34e021d9604ca0a72f565271f86af569f2302f7bcba951fcb831f62a	UNCONSTRAINED_PAGE	IDENTITY	STAR_ALKAID	1	80
5605970a34e021d9604ca0a72f565271f86af569f2302f7bcba951fcb831f62a	UNCONSTRAINED_PAGE	IDENTITY	STAR_ALNATH	1	80
5605970a34e021d9604ca0a72f565271f86af569f2302f7bcba951fcb831f62a	UNCONSTRAINED_PAGE	IDENTITY	STAR_ALPHARD	1	80
5605970a34e021d9604ca0a72f565271f86af569f2302f7bcba951fcb831f62a	UNCONSTRAINED_PAGE	IDENTITY	STAR_ALPHECCA	1	80
5605970a34e021d9604ca0a72f565271f86af569f2302f7bcba951fcb831f62a	UNCONSTRAINED_PAGE	IDENTITY	STAR_ALPHERATZ	1	80
5605970a34e021d9604ca0a72f565271f86af569f2302f7bcba951fcb831f62a	UNCONSTRAINED_PAGE	IDENTITY	STAR_ALPHIRK	2	80
5605970a34e021d9604ca0a72f565271f86af569f2302f7bcba951fcb831f62a	UNCONSTRAINED_PAGE	IDENTITY	STAR_ALTAIR	1	80
5605970a34e021d9604ca0a72f565271f86af569f2302f7bcba951fcb831f62a	UNCONSTRAINED_PAGE	IDENTITY	STAR_ARCTURUS	2	80
5605970a34e021d9604ca0a72f565271f86af569f2302f7bcba951fcb831f62a	UNCONSTRAINED_PAGE	IDENTITY	STAR_BELLATRIX	1	80
5605970a34e021d9604ca0a72f565271f86af569f2302f7bcba951fcb831f62a	UNCONSTRAINED_PAGE	IDENTITY	STAR_BETELGEUSE	1	80
5605970a34e021d9604ca0a72f565271f86af569f2302f7bcba951fcb831f62a	UNCONSTRAINED_PAGE	IDENTITY	STAR_CANOPUS	2	80
5605970a34e021d9604ca0a72f565271f86af569f2302f7bcba951fcb831f62a	UNCONSTRAINED_PAGE	IDENTITY	STAR_CAPH	1	80
5605970a34e021d9604ca0a72f565271f86af569f2302f7bcba951fcb831f62a	UNCONSTRAINED_PAGE	IDENTITY	STAR_CASTOR	2	80
5605970a34e021d9604ca0a72f565271f86af569f2302f7bcba951fcb831f62a	UNCONSTRAINED_PAGE	IDENTITY	STAR_DABIH	1	80
5605970a34e021d9604ca0a72f565271f86af569f2302f7bcba951fcb831f62a	UNCONSTRAINED_PAGE	IDENTITY	STAR_DENEB_ALGEDI	1	80
5605970a34e021d9604ca0a72f565271f86af569f2302f7bcba951fcb831f62a	UNCONSTRAINED_PAGE	IDENTITY	STAR_DENEBOLA	2	80
5605970a34e021d9604ca0a72f565271f86af569f2302f7bcba951fcb831f62a	UNCONSTRAINED_PAGE	IDENTITY	STAR_DIPHDA	1	80
5605970a34e021d9604ca0a72f565271f86af569f2302f7bcba951fcb831f62a	UNCONSTRAINED_PAGE	IDENTITY	STAR_DUBHE	1	80
5605970a34e021d9604ca0a72f565271f86af569f2302f7bcba951fcb831f62a	UNCONSTRAINED_PAGE	IDENTITY	STAR_ELTANIN	1	80
5605970a34e021d9604ca0a72f565271f86af569f2302f7bcba951fcb831f62a	UNCONSTRAINED_PAGE	IDENTITY	STAR_ENIF	1	80
5605970a34e021d9604ca0a72f565271f86af569f2302f7bcba951fcb831f62a	UNCONSTRAINED_PAGE	IDENTITY	STAR_FOMALHAUT	1	80
5605970a34e021d9604ca0a72f565271f86af569f2302f7bcba951fcb831f62a	UNCONSTRAINED_PAGE	IDENTITY	STAR_IZAR	2	80
5605970a34e021d9604ca0a72f565271f86af569f2302f7bcba951fcb831f62a	UNCONSTRAINED_PAGE	IDENTITY	STAR_KOCHAB	1	80
5605970a34e021d9604ca0a72f565271f86af569f2302f7bcba951fcb831f62a	UNCONSTRAINED_PAGE	IDENTITY	STAR_MENKAR	2	80
5605970a34e021d9604ca0a72f565271f86af569f2302f7bcba951fcb831f62a	UNCONSTRAINED_PAGE	IDENTITY	STAR_MERAK	1	80
5605970a34e021d9604ca0a72f565271f86af569f2302f7bcba951fcb831f62a	UNCONSTRAINED_PAGE	IDENTITY	STAR_MESARTHIM	1	80
5605970a34e021d9604ca0a72f565271f86af569f2302f7bcba951fcb831f62a	UNCONSTRAINED_PAGE	IDENTITY	STAR_MINTAKA	1	80
5605970a34e021d9604ca0a72f565271f86af569f2302f7bcba951fcb831f62a	UNCONSTRAINED_PAGE	IDENTITY	STAR_MIRA	1	80
5605970a34e021d9604ca0a72f565271f86af569f2302f7bcba951fcb831f62a	UNCONSTRAINED_PAGE	IDENTITY	STAR_MIRACH	1	80
5605970a34e021d9604ca0a72f565271f86af569f2302f7bcba951fcb831f62a	UNCONSTRAINED_PAGE	IDENTITY	STAR_MIRFAK	1	80
5605970a34e021d9604ca0a72f565271f86af569f2302f7bcba951fcb831f62a	UNCONSTRAINED_PAGE	IDENTITY	STAR_MIZAR	1	80
5605970a34e021d9604ca0a72f565271f86af569f2302f7bcba951fcb831f62a	UNCONSTRAINED_PAGE	IDENTITY	STAR_PHERKAD	2	80
5605970a34e021d9604ca0a72f565271f86af569f2302f7bcba951fcb831f62a	UNCONSTRAINED_PAGE	IDENTITY	STAR_PHECDA	2	80
5605970a34e021d9604ca0a72f565271f86af569f2302f7bcba951fcb831f62a	UNCONSTRAINED_PAGE	IDENTITY	STAR_POLLUX	1	80
5605970a34e021d9604ca0a72f565271f86af569f2302f7bcba951fcb831f62a	UNCONSTRAINED_PAGE	IDENTITY	STAR_PORRIMA	2	80
5605970a34e021d9604ca0a72f565271f86af569f2302f7bcba951fcb831f62a	UNCONSTRAINED_PAGE	IDENTITY	STAR_PROCYON	1	80
5605970a34e021d9604ca0a72f565271f86af569f2302f7bcba951fcb831f62a	UNCONSTRAINED_PAGE	IDENTITY	STAR_REGULUS	1	80
5605970a34e021d9604ca0a72f565271f86af569f2302f7bcba951fcb831f62a	UNCONSTRAINED_PAGE	IDENTITY	STAR_RUKBAT	1	80
5605970a34e021d9604ca0a72f565271f86af569f2302f7bcba951fcb831f62a	UNCONSTRAINED_PAGE	IDENTITY	STAR_SADALMELIK	1	80
5605970a34e021d9604ca0a72f565271f86af569f2302f7bcba951fcb831f62a	UNCONSTRAINED_PAGE	IDENTITY	STAR_SARGAS	1	80
5605970a34e021d9604ca0a72f565271f86af569f2302f7bcba951fcb831f62a	UNCONSTRAINED_PAGE	IDENTITY	STAR_SCHEAT	2	80
5605970a34e021d9604ca0a72f565271f86af569f2302f7bcba951fcb831f62a	UNCONSTRAINED_PAGE	IDENTITY	STAR_SCHEDAR	1	80
5605970a34e021d9604ca0a72f565271f86af569f2302f7bcba951fcb831f62a	UNCONSTRAINED_PAGE	IDENTITY	STAR_SHAULA	1	80
5605970a34e021d9604ca0a72f565271f86af569f2302f7bcba951fcb831f62a	UNCONSTRAINED_PAGE	IDENTITY	STAR_SHERATAN	1	80
5605970a34e021d9604ca0a72f565271f86af569f2302f7bcba951fcb831f62a	UNCONSTRAINED_PAGE	IDENTITY	STAR_SKAT	1	80
5605970a34e021d9604ca0a72f565271f86af569f2302f7bcba951fcb831f62a	UNCONSTRAINED_PAGE	IDENTITY	STAR_SPICA	3	80
5605970a34e021d9604ca0a72f565271f86af569f2302f7bcba951fcb831f62a	UNCONSTRAINED_PAGE	IDENTITY	STAR_SUBRA	1	80
5605970a34e021d9604ca0a72f565271f86af569f2302f7bcba951fcb831f62a	UNCONSTRAINED_PAGE	IDENTITY	STAR_THUBAN	2	80
5605970a34e021d9604ca0a72f565271f86af569f2302f7bcba951fcb831f62a	UNCONSTRAINED_PAGE	IDENTITY	STAR_VEGA	3	80
5605970a34e021d9604ca0a72f565271f86af569f2302f7bcba951fcb831f62a	UNCONSTRAINED_PAGE	IDENTITY	STAR_VINDEMIATRIX	2	80
5605970a34e021d9604ca0a72f565271f86af569f2302f7bcba951fcb831f62a	UNCONSTRAINED_PAGE	IDENTITY	STAR_ZAVIJAVA	1	80
5605970a34e021d9604ca0a72f565271f86af569f2302f7bcba951fcb831f62a	UNCONSTRAINED_PAGE	IDENTITY	STAR_ZOSMA	1	80
5605970a34e021d9604ca0a72f565271f86af569f2302f7bcba951fcb831f62a	F68R2_ONLY	LABEL	STAR_f68r2_12465	80	80
5605970a34e021d9604ca0a72f565271f86af569f2302f7bcba951fcb831f62a	F68R2_ONLY	LABEL	STAR_f68r2_12486	80	80
5605970a34e021d9604ca0a72f565271f86af569f2302f7bcba951fcb831f62a	F68R2_ONLY	LABEL	STAR_f68r2_12463	80	80
5605970a34e021d9604ca0a72f565271f86af569f2302f7bcba951fcb831f62a	F68R2_ONLY	IDENTITY	STAR_ALNILAM	80	80
5605970a34e021d9604ca0a72f565271f86af569f2302f7bcba951fcb831f62a	F68R2_ONLY	IDENTITY	STAR_ACHERNAR	80	80
5605970a34e021d9604ca0a72f565271f86af569f2302f7bcba951fcb831f62a	F68R2_ONLY	IDENTITY	STAR_ACUBENS	2	80
5605970a34e021d9604ca0a72f565271f86af569f2302f7bcba951fcb831f62a	F68R2_ONLY	IDENTITY	STAR_ALBIREO	1	80
5605970a34e021d9604ca0a72f565271f86af569f2302f7bcba951fcb831f62a	F68R2_ONLY	IDENTITY	STAR_ALCOR	1	80
5605970a34e021d9604ca0a72f565271f86af569f2302f7bcba951fcb831f62a	F68R2_ONLY	IDENTITY	STAR_ALDEBARAN	1	80
5605970a34e021d9604ca0a72f565271f86af569f2302f7bcba951fcb831f62a	F68R2_ONLY	IDENTITY	STAR_ALDERAMIN	1	80
5605970a34e021d9604ca0a72f565271f86af569f2302f7bcba951fcb831f62a	F68R2_ONLY	IDENTITY	STAR_ALGENIB	2	80
5605970a34e021d9604ca0a72f565271f86af569f2302f7bcba951fcb831f62a	F68R2_ONLY	IDENTITY	STAR_ALGOL	1	80
5605970a34e021d9604ca0a72f565271f86af569f2302f7bcba951fcb831f62a	F68R2_ONLY	IDENTITY	STAR_ALHENA	1	80
5605970a34e021d9604ca0a72f565271f86af569f2302f7bcba951fcb831f62a	F68R2_ONLY	IDENTITY	STAR_ALIOTH	1	80
5605970a34e021d9604ca0a72f565271f86af569f2302f7bcba951fcb831f62a	F68R2_ONLY	IDENTITY	STAR_ALKAID	1	80
5605970a34e021d9604ca0a72f565271f86af569f2302f7bcba951fcb831f62a	F68R2_ONLY	IDENTITY	STAR_ALNATH	1	80
5605970a34e021d9604ca0a72f565271f86af569f2302f7bcba951fcb831f62a	F68R2_ONLY	IDENTITY	STAR_ALPHARD	1	80
5605970a34e021d9604ca0a72f565271f86af569f2302f7bcba951fcb831f62a	F68R2_ONLY	IDENTITY	STAR_ALPHECCA	1	80
5605970a34e021d9604ca0a72f565271f86af569f2302f7bcba951fcb831f62a	F68R2_ONLY	IDENTITY	STAR_ALPHERATZ	1	80
5605970a34e021d9604ca0a72f565271f86af569f2302f7bcba951fcb831f62a	F68R2_ONLY	IDENTITY	STAR_ALPHIRK	2	80
5605970a34e021d9604ca0a72f565271f86af569f2302f7bcba951fcb831f62a	F68R2_ONLY	IDENTITY	STAR_ALTAIR	1	80
5605970a34e021d9604ca0a72f565271f86af569f2302f7bcba951fcb831f62a	F68R2_ONLY	IDENTITY	STAR_ARCTURUS	2	80
5605970a34e021d9604ca0a72f565271f86af569f2302f7bcba951fcb831f62a	F68R2_ONLY	IDENTITY	STAR_BELLATRIX	1	80
5605970a34e021d9604ca0a72f565271f86af569f2302f7bcba951fcb831f62a	F68R2_ONLY	IDENTITY	STAR_BETELGEUSE	1	80
5605970a34e021d9604ca0a72f565271f86af569f2302f7bcba951fcb831f62a	F68R2_ONLY	IDENTITY	STAR_CANOPUS	2	80
5605970a34e021d9604ca0a72f565271f86af569f2302f7bcba951fcb831f62a	F68R2_ONLY	IDENTITY	STAR_CAPH	1	80
5605970a34e021d9604ca0a72f565271f86af569f2302f7bcba951fcb831f62a	F68R2_ONLY	IDENTITY	STAR_CASTOR	2	80
5605970a34e021d9604ca0a72f565271f86af569f2302f7bcba951fcb831f62a	F68R2_ONLY	IDENTITY	STAR_DABIH	1	80
5605970a34e021d9604ca0a72f565271f86af569f2302f7bcba951fcb831f62a	F68R2_ONLY	IDENTITY	STAR_DENEB_ALGEDI	1	80
5605970a34e021d9604ca0a72f565271f86af569f2302f7bcba951fcb831f62a	F68R2_ONLY	IDENTITY	STAR_DENEBOLA	2	80
5605970a34e021d9604ca0a72f565271f86af569f2302f7bcba951fcb831f62a	F68R2_ONLY	IDENTITY	STAR_DIPHDA	1	80
5605970a34e021d9604ca0a72f565271f86af569f2302f7bcba951fcb831f62a	F68R2_ONLY	IDENTITY	STAR_DUBHE	1	80
5605970a34e021d9604ca0a72f565271f86af569f2302f7bcba951fcb831f62a	F68R2_ONLY	IDENTITY	STAR_ELTANIN	1	80
5605970a34e021d9604ca0a72f565271f86af569f2302f7bcba951fcb831f62a	F68R2_ONLY	IDENTITY	STAR_ENIF	1	80
5605970a34e021d9604ca0a72f565271f86af569f2302f7bcba951fcb831f62a	F68R2_ONLY	IDENTITY	STAR_FOMALHAUT	1	80
5605970a34e021d9604ca0a72f565271f86af569f2302f7bcba951fcb831f62a	F68R2_ONLY	IDENTITY	STAR_IZAR	2	80
5605970a34e021d9604ca0a72f565271f86af569f2302f7bcba951fcb831f62a	F68R2_ONLY	IDENTITY	STAR_KOCHAB	1	80
5605970a34e021d9604ca0a72f565271f86af569f2302f7bcba951fcb831f62a	F68R2_ONLY	IDENTITY	STAR_MENKAR	2	80
5605970a34e021d9604ca0a72f565271f86af569f2302f7bcba951fcb831f62a	F68R2_ONLY	IDENTITY	STAR_MERAK	1	80
5605970a34e021d9604ca0a72f565271f86af569f2302f7bcba951fcb831f62a	F68R2_ONLY	IDENTITY	STAR_MESARTHIM	1	80
5605970a34e021d9604ca0a72f565271f86af569f2302f7bcba951fcb831f62a	F68R2_ONLY	IDENTITY	STAR_MINTAKA	1	80
5605970a34e021d9604ca0a72f565271f86af569f2302f7bcba951fcb831f62a	F68R2_ONLY	IDENTITY	STAR_MIRA	1	80
5605970a34e021d9604ca0a72f565271f86af569f2302f7bcba951fcb831f62a	F68R2_ONLY	IDENTITY	STAR_MIRACH	1	80
5605970a34e021d9604ca0a72f565271f86af569f2302f7bcba951fcb831f62a	F68R2_ONLY	IDENTITY	STAR_MIRFAK	1	80
5605970a34e021d9604ca0a72f565271f86af569f2302f7bcba951fcb831f62a	F68R2_ONLY	IDENTITY	STAR_MIZAR	1	80
5605970a34e021d9604ca0a72f565271f86af569f2302f7bcba951fcb831f62a	F68R2_ONLY	IDENTITY	STAR_PHERKAD	2	80
5605970a34e021d9604ca0a72f565271f86af569f2302f7bcba951fcb831f62a	F68R2_ONLY	IDENTITY	STAR_PHECDA	2	80
5605970a34e021d9604ca0a72f565271f86af569f2302f7bcba951fcb831f62a	F68R2_ONLY	IDENTITY	STAR_POLLUX	1	80
5605970a34e021d9604ca0a72f565271f86af569f2302f7bcba951fcb831f62a	F68R2_ONLY	IDENTITY	STAR_PORRIMA	2	80
5605970a34e021d9604ca0a72f565271f86af569f2302f7bcba951fcb831f62a	F68R2_ONLY	IDENTITY	STAR_PROCYON	1	80
5605970a34e021d9604ca0a72f565271f86af569f2302f7bcba951fcb831f62a	F68R2_ONLY	IDENTITY	STAR_REGULUS	1	80
5605970a34e021d9604ca0a72f565271f86af569f2302f7bcba951fcb831f62a	F68R2_ONLY	IDENTITY	STAR_RUKBAT	1	80
5605970a34e021d9604ca0a72f565271f86af569f2302f7bcba951fcb831f62a	F68R2_ONLY	IDENTITY	STAR_SADALMELIK	1	80
5605970a34e021d9604ca0a72f565271f86af569f2302f7bcba951fcb831f62a	F68R2_ONLY	IDENTITY	STAR_SARGAS	1	80
5605970a34e021d9604ca0a72f565271f86af569f2302f7bcba951fcb831f62a	F68R2_ONLY	IDENTITY	STAR_SCHEAT	2	80
5605970a34e021d9604ca0a72f565271f86af569f2302f7bcba951fcb831f62a	F68R2_ONLY	IDENTITY	STAR_SCHEDAR	1	80
5605970a34e021d9604ca0a72f565271f86af569f2302f7bcba951fcb831f62a	F68R2_ONLY	IDENTITY	STAR_SHAULA	1	80
5605970a34e021d9604ca0a72f565271f86af569f2302f7bcba951fcb831f62a	F68R2_ONLY	IDENTITY	STAR_SHERATAN	1	80
5605970a34e021d9604ca0a72f565271f86af569f2302f7bcba951fcb831f62a	F68R2_ONLY	IDENTITY	STAR_SKAT	1	80
5605970a34e021d9604ca0a72f565271f86af569f2302f7bcba951fcb831f62a	F68R2_ONLY	IDENTITY	STAR_SPICA	3	80
5605970a34e021d9604ca0a72f565271f86af569f2302f7bcba951fcb831f62a	F68R2_ONLY	IDENTITY	STAR_SUBRA	1	80
5605970a34e021d9604ca0a72f565271f86af569f2302f7bcba951fcb831f62a	F68R2_ONLY	IDENTITY	STAR_THUBAN	2	80
5605970a34e021d9604ca0a72f565271f86af569f2302f7bcba951fcb831f62a	F68R2_ONLY	IDENTITY	STAR_VEGA	3	80
5605970a34e021d9604ca0a72f565271f86af569f2302f7bcba951fcb831f62a	F68R2_ONLY	IDENTITY	STAR_VINDEMIATRIX	2	80
5605970a34e021d9604ca0a72f565271f86af569f2302f7bcba951fcb831f62a	F68R2_ONLY	IDENTITY	STAR_ZAVIJAVA	1	80
5605970a34e021d9604ca0a72f565271f86af569f2302f7bcba951fcb831f62a	F68R2_ONLY	IDENTITY	STAR_ZOSMA	1	80
64b20915b77e35fabc70e5e52c0f4a3b4a03d4ef76584884d78a12561e043ef9	UNCONSTRAINED_PAGE	LABEL	STAR_f68r2_12465	99	99
64b20915b77e35fabc70e5e52c0f4a3b4a03d4ef76584884d78a12561e043ef9	UNCONSTRAINED_PAGE	LABEL	STAR_f68r2_12486	99	99
64b20915b77e35fabc70e5e52c0f4a3b4a03d4ef76584884d78a12561e043ef9	UNCONSTRAINED_PAGE	LABEL	STAR_f68r2_12463	99	99
64b20915b77e35fabc70e5e52c0f4a3b4a03d4ef76584884d78a12561e043ef9	UNCONSTRAINED_PAGE	IDENTITY	STAR_ALRISHA	99	99
64b20915b77e35fabc70e5e52c0f4a3b4a03d4ef76584884d78a12561e043ef9	UNCONSTRAINED_PAGE	IDENTITY	STAR_ALMACH	99	99
64b20915b77e35fabc70e5e52c0f4a3b4a03d4ef76584884d78a12561e043ef9	UNCONSTRAINED_PAGE	IDENTITY	STAR_ACHERNAR	3	99
64b20915b77e35fabc70e5e52c0f4a3b4a03d4ef76584884d78a12561e043ef9	UNCONSTRAINED_PAGE	IDENTITY	STAR_ACUBENS	3	99
64b20915b77e35fabc70e5e52c0f4a3b4a03d4ef76584884d78a12561e043ef9	UNCONSTRAINED_PAGE	IDENTITY	STAR_ALBIREO	2	99
64b20915b77e35fabc70e5e52c0f4a3b4a03d4ef76584884d78a12561e043ef9	UNCONSTRAINED_PAGE	IDENTITY	STAR_ALCHIBA	1	99
64b20915b77e35fabc70e5e52c0f4a3b4a03d4ef76584884d78a12561e043ef9	UNCONSTRAINED_PAGE	IDENTITY	STAR_ALDEBARAN	2	99
64b20915b77e35fabc70e5e52c0f4a3b4a03d4ef76584884d78a12561e043ef9	UNCONSTRAINED_PAGE	IDENTITY	STAR_ALDERAMIN	2	99
64b20915b77e35fabc70e5e52c0f4a3b4a03d4ef76584884d78a12561e043ef9	UNCONSTRAINED_PAGE	IDENTITY	STAR_ALGENIB	2	99
64b20915b77e35fabc70e5e52c0f4a3b4a03d4ef76584884d78a12561e043ef9	UNCONSTRAINED_PAGE	IDENTITY	STAR_ALHENA	3	99
64b20915b77e35fabc70e5e52c0f4a3b4a03d4ef76584884d78a12561e043ef9	UNCONSTRAINED_PAGE	IDENTITY	STAR_ALNAIR	2	99
64b20915b77e35fabc70e5e52c0f4a3b4a03d4ef76584884d78a12561e043ef9	UNCONSTRAINED_PAGE	IDENTITY	STAR_ALNATH	3	99
64b20915b77e35fabc70e5e52c0f4a3b4a03d4ef76584884d78a12561e043ef9	UNCONSTRAINED_PAGE	IDENTITY	STAR_ALNILAM	3	99
64b20915b77e35fabc70e5e52c0f4a3b4a03d4ef76584884d78a12561e043ef9	UNCONSTRAINED_PAGE	IDENTITY	STAR_ALNITAK	2	99
64b20915b77e35fabc70e5e52c0f4a3b4a03d4ef76584884d78a12561e043ef9	UNCONSTRAINED_PAGE	IDENTITY	STAR_ALPHIRK	1	99
64b20915b77e35fabc70e5e52c0f4a3b4a03d4ef76584884d78a12561e043ef9	UNCONSTRAINED_PAGE	IDENTITY	STAR_ALTAIR	2	99
64b20915b77e35fabc70e5e52c0f4a3b4a03d4ef76584884d78a12561e043ef9	UNCONSTRAINED_PAGE	IDENTITY	STAR_ANTARES	2	99
64b20915b77e35fabc70e5e52c0f4a3b4a03d4ef76584884d78a12561e043ef9	UNCONSTRAINED_PAGE	IDENTITY	STAR_ARKAB	1	99
64b20915b77e35fabc70e5e52c0f4a3b4a03d4ef76584884d78a12561e043ef9	UNCONSTRAINED_PAGE	IDENTITY	STAR_BETELGEUSE	2	99
64b20915b77e35fabc70e5e52c0f4a3b4a03d4ef76584884d78a12561e043ef9	UNCONSTRAINED_PAGE	IDENTITY	STAR_CANOPUS	1	99
64b20915b77e35fabc70e5e52c0f4a3b4a03d4ef76584884d78a12561e043ef9	UNCONSTRAINED_PAGE	IDENTITY	STAR_CASTOR	1	99
64b20915b77e35fabc70e5e52c0f4a3b4a03d4ef76584884d78a12561e043ef9	UNCONSTRAINED_PAGE	IDENTITY	STAR_DENEB	4	99
64b20915b77e35fabc70e5e52c0f4a3b4a03d4ef76584884d78a12561e043ef9	UNCONSTRAINED_PAGE	IDENTITY	STAR_DENEB_ALGEDI	3	99
64b20915b77e35fabc70e5e52c0f4a3b4a03d4ef76584884d78a12561e043ef9	UNCONSTRAINED_PAGE	IDENTITY	STAR_DENEBOLA	4	99
64b20915b77e35fabc70e5e52c0f4a3b4a03d4ef76584884d78a12561e043ef9	UNCONSTRAINED_PAGE	IDENTITY	STAR_DIPHDA	1	99
64b20915b77e35fabc70e5e52c0f4a3b4a03d4ef76584884d78a12561e043ef9	UNCONSTRAINED_PAGE	IDENTITY	STAR_ELTANIN	1	99
64b20915b77e35fabc70e5e52c0f4a3b4a03d4ef76584884d78a12561e043ef9	UNCONSTRAINED_PAGE	IDENTITY	STAR_ENIF	3	99
64b20915b77e35fabc70e5e52c0f4a3b4a03d4ef76584884d78a12561e043ef9	UNCONSTRAINED_PAGE	IDENTITY	STAR_FOMALHAUT	2	99
64b20915b77e35fabc70e5e52c0f4a3b4a03d4ef76584884d78a12561e043ef9	UNCONSTRAINED_PAGE	IDENTITY	STAR_KOCHAB	1	99
64b20915b77e35fabc70e5e52c0f4a3b4a03d4ef76584884d78a12561e043ef9	UNCONSTRAINED_PAGE	IDENTITY	STAR_MENKAR	3	99
64b20915b77e35fabc70e5e52c0f4a3b4a03d4ef76584884d78a12561e043ef9	UNCONSTRAINED_PAGE	IDENTITY	STAR_MESARTHIM	2	99
64b20915b77e35fabc70e5e52c0f4a3b4a03d4ef76584884d78a12561e043ef9	UNCONSTRAINED_PAGE	IDENTITY	STAR_MINTAKA	2	99
64b20915b77e35fabc70e5e52c0f4a3b4a03d4ef76584884d78a12561e043ef9	UNCONSTRAINED_PAGE	IDENTITY	STAR_MIRA	1	99
64b20915b77e35fabc70e5e52c0f4a3b4a03d4ef76584884d78a12561e043ef9	UNCONSTRAINED_PAGE	IDENTITY	STAR_PROCYON	1	99
64b20915b77e35fabc70e5e52c0f4a3b4a03d4ef76584884d78a12561e043ef9	UNCONSTRAINED_PAGE	IDENTITY	STAR_RASALGETHI	1	99
64b20915b77e35fabc70e5e52c0f4a3b4a03d4ef76584884d78a12561e043ef9	UNCONSTRAINED_PAGE	IDENTITY	STAR_RASALHAGUE	1	99
64b20915b77e35fabc70e5e52c0f4a3b4a03d4ef76584884d78a12561e043ef9	UNCONSTRAINED_PAGE	IDENTITY	STAR_RASTABAN	2	99
64b20915b77e35fabc70e5e52c0f4a3b4a03d4ef76584884d78a12561e043ef9	UNCONSTRAINED_PAGE	IDENTITY	STAR_REGULUS	1	99
64b20915b77e35fabc70e5e52c0f4a3b4a03d4ef76584884d78a12561e043ef9	UNCONSTRAINED_PAGE	IDENTITY	STAR_RIGEL	1	99
64b20915b77e35fabc70e5e52c0f4a3b4a03d4ef76584884d78a12561e043ef9	UNCONSTRAINED_PAGE	IDENTITY	STAR_RUKBAT	1	99
64b20915b77e35fabc70e5e52c0f4a3b4a03d4ef76584884d78a12561e043ef9	UNCONSTRAINED_PAGE	IDENTITY	STAR_SADALMELIK	1	99
64b20915b77e35fabc70e5e52c0f4a3b4a03d4ef76584884d78a12561e043ef9	UNCONSTRAINED_PAGE	IDENTITY	STAR_SARGAS	1	99
64b20915b77e35fabc70e5e52c0f4a3b4a03d4ef76584884d78a12561e043ef9	UNCONSTRAINED_PAGE	IDENTITY	STAR_SCHEAT	1	99
64b20915b77e35fabc70e5e52c0f4a3b4a03d4ef76584884d78a12561e043ef9	UNCONSTRAINED_PAGE	IDENTITY	STAR_SHERATAN	3	99
64b20915b77e35fabc70e5e52c0f4a3b4a03d4ef76584884d78a12561e043ef9	UNCONSTRAINED_PAGE	IDENTITY	STAR_SIRIUS	2	99
64b20915b77e35fabc70e5e52c0f4a3b4a03d4ef76584884d78a12561e043ef9	UNCONSTRAINED_PAGE	IDENTITY	STAR_SPICA	1	99
64b20915b77e35fabc70e5e52c0f4a3b4a03d4ef76584884d78a12561e043ef9	UNCONSTRAINED_PAGE	IDENTITY	STAR_THUBAN	2	99
64b20915b77e35fabc70e5e52c0f4a3b4a03d4ef76584884d78a12561e043ef9	UNCONSTRAINED_PAGE	IDENTITY	STAR_UNUKALHAI	3	99
64b20915b77e35fabc70e5e52c0f4a3b4a03d4ef76584884d78a12561e043ef9	UNCONSTRAINED_PAGE	IDENTITY	STAR_VEGA	1	99
64b20915b77e35fabc70e5e52c0f4a3b4a03d4ef76584884d78a12561e043ef9	UNCONSTRAINED_PAGE	IDENTITY	STAR_VINDEMIATRIX	2	99
64b20915b77e35fabc70e5e52c0f4a3b4a03d4ef76584884d78a12561e043ef9	UNCONSTRAINED_PAGE	IDENTITY	STAR_WASAT	1	99
64b20915b77e35fabc70e5e52c0f4a3b4a03d4ef76584884d78a12561e043ef9	UNCONSTRAINED_PAGE	IDENTITY	STAR_WEZN	3	99
64b20915b77e35fabc70e5e52c0f4a3b4a03d4ef76584884d78a12561e043ef9	UNCONSTRAINED_PAGE	IDENTITY	STAR_ZAVIJAVA	1	99
64b20915b77e35fabc70e5e52c0f4a3b4a03d4ef76584884d78a12561e043ef9	UNCONSTRAINED_PAGE	IDENTITY	STAR_ZOSMA	1	99
64b20915b77e35fabc70e5e52c0f4a3b4a03d4ef76584884d78a12561e043ef9	UNCONSTRAINED_PAGE	IDENTITY	STAR_ZUBENELGENUBI	1	99
64b20915b77e35fabc70e5e52c0f4a3b4a03d4ef76584884d78a12561e043ef9	UNCONSTRAINED_PAGE	IDENTITY	STAR_ZUBENESCHAMALI	2	99
64b20915b77e35fabc70e5e52c0f4a3b4a03d4ef76584884d78a12561e043ef9	F68R2_ONLY	LABEL	STAR_f68r2_12465	99	99
64b20915b77e35fabc70e5e52c0f4a3b4a03d4ef76584884d78a12561e043ef9	F68R2_ONLY	LABEL	STAR_f68r2_12486	99	99
64b20915b77e35fabc70e5e52c0f4a3b4a03d4ef76584884d78a12561e043ef9	F68R2_ONLY	LABEL	STAR_f68r2_12463	99	99
64b20915b77e35fabc70e5e52c0f4a3b4a03d4ef76584884d78a12561e043ef9	F68R2_ONLY	IDENTITY	STAR_ALRISHA	99	99
64b20915b77e35fabc70e5e52c0f4a3b4a03d4ef76584884d78a12561e043ef9	F68R2_ONLY	IDENTITY	STAR_ALMACH	99	99
64b20915b77e35fabc70e5e52c0f4a3b4a03d4ef76584884d78a12561e043ef9	F68R2_ONLY	IDENTITY	STAR_ACHERNAR	3	99
64b20915b77e35fabc70e5e52c0f4a3b4a03d4ef76584884d78a12561e043ef9	F68R2_ONLY	IDENTITY	STAR_ACUBENS	3	99
64b20915b77e35fabc70e5e52c0f4a3b4a03d4ef76584884d78a12561e043ef9	F68R2_ONLY	IDENTITY	STAR_ALBIREO	2	99
64b20915b77e35fabc70e5e52c0f4a3b4a03d4ef76584884d78a12561e043ef9	F68R2_ONLY	IDENTITY	STAR_ALCHIBA	1	99
64b20915b77e35fabc70e5e52c0f4a3b4a03d4ef76584884d78a12561e043ef9	F68R2_ONLY	IDENTITY	STAR_ALDEBARAN	2	99
64b20915b77e35fabc70e5e52c0f4a3b4a03d4ef76584884d78a12561e043ef9	F68R2_ONLY	IDENTITY	STAR_ALDERAMIN	2	99
64b20915b77e35fabc70e5e52c0f4a3b4a03d4ef76584884d78a12561e043ef9	F68R2_ONLY	IDENTITY	STAR_ALGENIB	2	99
64b20915b77e35fabc70e5e52c0f4a3b4a03d4ef76584884d78a12561e043ef9	F68R2_ONLY	IDENTITY	STAR_ALHENA	3	99
64b20915b77e35fabc70e5e52c0f4a3b4a03d4ef76584884d78a12561e043ef9	F68R2_ONLY	IDENTITY	STAR_ALNAIR	2	99
64b20915b77e35fabc70e5e52c0f4a3b4a03d4ef76584884d78a12561e043ef9	F68R2_ONLY	IDENTITY	STAR_ALNATH	3	99
64b20915b77e35fabc70e5e52c0f4a3b4a03d4ef76584884d78a12561e043ef9	F68R2_ONLY	IDENTITY	STAR_ALNILAM	3	99
64b20915b77e35fabc70e5e52c0f4a3b4a03d4ef76584884d78a12561e043ef9	F68R2_ONLY	IDENTITY	STAR_ALNITAK	2	99
64b20915b77e35fabc70e5e52c0f4a3b4a03d4ef76584884d78a12561e043ef9	F68R2_ONLY	IDENTITY	STAR_ALPHIRK	1	99
64b20915b77e35fabc70e5e52c0f4a3b4a03d4ef76584884d78a12561e043ef9	F68R2_ONLY	IDENTITY	STAR_ALTAIR	2	99
64b20915b77e35fabc70e5e52c0f4a3b4a03d4ef76584884d78a12561e043ef9	F68R2_ONLY	IDENTITY	STAR_ANTARES	2	99
64b20915b77e35fabc70e5e52c0f4a3b4a03d4ef76584884d78a12561e043ef9	F68R2_ONLY	IDENTITY	STAR_ARKAB	1	99
64b20915b77e35fabc70e5e52c0f4a3b4a03d4ef76584884d78a12561e043ef9	F68R2_ONLY	IDENTITY	STAR_BETELGEUSE	2	99
64b20915b77e35fabc70e5e52c0f4a3b4a03d4ef76584884d78a12561e043ef9	F68R2_ONLY	IDENTITY	STAR_CANOPUS	1	99
64b20915b77e35fabc70e5e52c0f4a3b4a03d4ef76584884d78a12561e043ef9	F68R2_ONLY	IDENTITY	STAR_CASTOR	1	99
64b20915b77e35fabc70e5e52c0f4a3b4a03d4ef76584884d78a12561e043ef9	F68R2_ONLY	IDENTITY	STAR_DENEB	4	99
64b20915b77e35fabc70e5e52c0f4a3b4a03d4ef76584884d78a12561e043ef9	F68R2_ONLY	IDENTITY	STAR_DENEB_ALGEDI	3	99
64b20915b77e35fabc70e5e52c0f4a3b4a03d4ef76584884d78a12561e043ef9	F68R2_ONLY	IDENTITY	STAR_DENEBOLA	4	99
64b20915b77e35fabc70e5e52c0f4a3b4a03d4ef76584884d78a12561e043ef9	F68R2_ONLY	IDENTITY	STAR_DIPHDA	1	99
64b20915b77e35fabc70e5e52c0f4a3b4a03d4ef76584884d78a12561e043ef9	F68R2_ONLY	IDENTITY	STAR_ELTANIN	1	99
64b20915b77e35fabc70e5e52c0f4a3b4a03d4ef76584884d78a12561e043ef9	F68R2_ONLY	IDENTITY	STAR_ENIF	3	99
64b20915b77e35fabc70e5e52c0f4a3b4a03d4ef76584884d78a12561e043ef9	F68R2_ONLY	IDENTITY	STAR_FOMALHAUT	2	99
64b20915b77e35fabc70e5e52c0f4a3b4a03d4ef76584884d78a12561e043ef9	F68R2_ONLY	IDENTITY	STAR_KOCHAB	1	99
64b20915b77e35fabc70e5e52c0f4a3b4a03d4ef76584884d78a12561e043ef9	F68R2_ONLY	IDENTITY	STAR_MENKAR	3	99
64b20915b77e35fabc70e5e52c0f4a3b4a03d4ef76584884d78a12561e043ef9	F68R2_ONLY	IDENTITY	STAR_MESARTHIM	2	99
64b20915b77e35fabc70e5e52c0f4a3b4a03d4ef76584884d78a12561e043ef9	F68R2_ONLY	IDENTITY	STAR_MINTAKA	2	99
64b20915b77e35fabc70e5e52c0f4a3b4a03d4ef76584884d78a12561e043ef9	F68R2_ONLY	IDENTITY	STAR_MIRA	1	99
64b20915b77e35fabc70e5e52c0f4a3b4a03d4ef76584884d78a12561e043ef9	F68R2_ONLY	IDENTITY	STAR_PROCYON	1	99
64b20915b77e35fabc70e5e52c0f4a3b4a03d4ef76584884d78a12561e043ef9	F68R2_ONLY	IDENTITY	STAR_RASALGETHI	1	99
64b20915b77e35fabc70e5e52c0f4a3b4a03d4ef76584884d78a12561e043ef9	F68R2_ONLY	IDENTITY	STAR_RASALHAGUE	1	99
64b20915b77e35fabc70e5e52c0f4a3b4a03d4ef76584884d78a12561e043ef9	F68R2_ONLY	IDENTITY	STAR_RASTABAN	2	99
64b20915b77e35fabc70e5e52c0f4a3b4a03d4ef76584884d78a12561e043ef9	F68R2_ONLY	IDENTITY	STAR_REGULUS	1	99
64b20915b77e35fabc70e5e52c0f4a3b4a03d4ef76584884d78a12561e043ef9	F68R2_ONLY	IDENTITY	STAR_RIGEL	1	99
64b20915b77e35fabc70e5e52c0f4a3b4a03d4ef76584884d78a12561e043ef9	F68R2_ONLY	IDENTITY	STAR_RUKBAT	1	99
64b20915b77e35fabc70e5e52c0f4a3b4a03d4ef76584884d78a12561e043ef9	F68R2_ONLY	IDENTITY	STAR_SADALMELIK	1	99
64b20915b77e35fabc70e5e52c0f4a3b4a03d4ef76584884d78a12561e043ef9	F68R2_ONLY	IDENTITY	STAR_SARGAS	1	99
64b20915b77e35fabc70e5e52c0f4a3b4a03d4ef76584884d78a12561e043ef9	F68R2_ONLY	IDENTITY	STAR_SCHEAT	1	99
64b20915b77e35fabc70e5e52c0f4a3b4a03d4ef76584884d78a12561e043ef9	F68R2_ONLY	IDENTITY	STAR_SHERATAN	3	99
64b20915b77e35fabc70e5e52c0f4a3b4a03d4ef76584884d78a12561e043ef9	F68R2_ONLY	IDENTITY	STAR_SIRIUS	2	99
64b20915b77e35fabc70e5e52c0f4a3b4a03d4ef76584884d78a12561e043ef9	F68R2_ONLY	IDENTITY	STAR_SPICA	1	99
64b20915b77e35fabc70e5e52c0f4a3b4a03d4ef76584884d78a12561e043ef9	F68R2_ONLY	IDENTITY	STAR_THUBAN	2	99
64b20915b77e35fabc70e5e52c0f4a3b4a03d4ef76584884d78a12561e043ef9	F68R2_ONLY	IDENTITY	STAR_UNUKALHAI	3	99
64b20915b77e35fabc70e5e52c0f4a3b4a03d4ef76584884d78a12561e043ef9	F68R2_ONLY	IDENTITY	STAR_VEGA	1	99
64b20915b77e35fabc70e5e52c0f4a3b4a03d4ef76584884d78a12561e043ef9	F68R2_ONLY	IDENTITY	STAR_VINDEMIATRIX	2	99
64b20915b77e35fabc70e5e52c0f4a3b4a03d4ef76584884d78a12561e043ef9	F68R2_ONLY	IDENTITY	STAR_WASAT	1	99
64b20915b77e35fabc70e5e52c0f4a3b4a03d4ef76584884d78a12561e043ef9	F68R2_ONLY	IDENTITY	STAR_WEZN	3	99
64b20915b77e35fabc70e5e52c0f4a3b4a03d4ef76584884d78a12561e043ef9	F68R2_ONLY	IDENTITY	STAR_ZAVIJAVA	1	99
64b20915b77e35fabc70e5e52c0f4a3b4a03d4ef76584884d78a12561e043ef9	F68R2_ONLY	IDENTITY	STAR_ZOSMA	1	99
64b20915b77e35fabc70e5e52c0f4a3b4a03d4ef76584884d78a12561e043ef9	F68R2_ONLY	IDENTITY	STAR_ZUBENELGENUBI	1	99
64b20915b77e35fabc70e5e52c0f4a3b4a03d4ef76584884d78a12561e043ef9	F68R2_ONLY	IDENTITY	STAR_ZUBENESCHAMALI	2	99
e64008e3a5d919f49885d9750a66409e4710730b3ca57d98960bfc3b52591b52	UNCONSTRAINED_PAGE	LABEL	STAR_f68r2_12465	65	65
e64008e3a5d919f49885d9750a66409e4710730b3ca57d98960bfc3b52591b52	UNCONSTRAINED_PAGE	LABEL	STAR_f68r2_12486	65	65
e64008e3a5d919f49885d9750a66409e4710730b3ca57d98960bfc3b52591b52	UNCONSTRAINED_PAGE	LABEL	STAR_f68r2_12463	65	65
e64008e3a5d919f49885d9750a66409e4710730b3ca57d98960bfc3b52591b52	UNCONSTRAINED_PAGE	IDENTITY	STAR_ALGOL	65	65
e64008e3a5d919f49885d9750a66409e4710730b3ca57d98960bfc3b52591b52	UNCONSTRAINED_PAGE	IDENTITY	STAR_HAMAL	65	65
e64008e3a5d919f49885d9750a66409e4710730b3ca57d98960bfc3b52591b52	UNCONSTRAINED_PAGE	IDENTITY	STAR_ACHERNAR	1	65
e64008e3a5d919f49885d9750a66409e4710730b3ca57d98960bfc3b52591b52	UNCONSTRAINED_PAGE	IDENTITY	STAR_ACRAB	1	65
e64008e3a5d919f49885d9750a66409e4710730b3ca57d98960bfc3b52591b52	UNCONSTRAINED_PAGE	IDENTITY	STAR_ACUBENS	1	65
e64008e3a5d919f49885d9750a66409e4710730b3ca57d98960bfc3b52591b52	UNCONSTRAINED_PAGE	IDENTITY	STAR_ALCHIBA	1	65
e64008e3a5d919f49885d9750a66409e4710730b3ca57d98960bfc3b52591b52	UNCONSTRAINED_PAGE	IDENTITY	STAR_ALCOR	1	65
e64008e3a5d919f49885d9750a66409e4710730b3ca57d98960bfc3b52591b52	UNCONSTRAINED_PAGE	IDENTITY	STAR_ALDEBARAN	1	65
e64008e3a5d919f49885d9750a66409e4710730b3ca57d98960bfc3b52591b52	UNCONSTRAINED_PAGE	IDENTITY	STAR_ALDERAMIN	1	65
e64008e3a5d919f49885d9750a66409e4710730b3ca57d98960bfc3b52591b52	UNCONSTRAINED_PAGE	IDENTITY	STAR_ALGORAB	1	65
e64008e3a5d919f49885d9750a66409e4710730b3ca57d98960bfc3b52591b52	UNCONSTRAINED_PAGE	IDENTITY	STAR_ALIOTH	1	65
e64008e3a5d919f49885d9750a66409e4710730b3ca57d98960bfc3b52591b52	UNCONSTRAINED_PAGE	IDENTITY	STAR_ALKAID	1	65
e64008e3a5d919f49885d9750a66409e4710730b3ca57d98960bfc3b52591b52	UNCONSTRAINED_PAGE	IDENTITY	STAR_ALMACH	2	65
e64008e3a5d919f49885d9750a66409e4710730b3ca57d98960bfc3b52591b52	UNCONSTRAINED_PAGE	IDENTITY	STAR_ALNATH	1	65
e64008e3a5d919f49885d9750a66409e4710730b3ca57d98960bfc3b52591b52	UNCONSTRAINED_PAGE	IDENTITY	STAR_ALNITAK	1	65
e64008e3a5d919f49885d9750a66409e4710730b3ca57d98960bfc3b52591b52	UNCONSTRAINED_PAGE	IDENTITY	STAR_ALPHARD	1	65
e64008e3a5d919f49885d9750a66409e4710730b3ca57d98960bfc3b52591b52	UNCONSTRAINED_PAGE	IDENTITY	STAR_ALPHERATZ	1	65
e64008e3a5d919f49885d9750a66409e4710730b3ca57d98960bfc3b52591b52	UNCONSTRAINED_PAGE	IDENTITY	STAR_ALRISHA	1	65
e64008e3a5d919f49885d9750a66409e4710730b3ca57d98960bfc3b52591b52	UNCONSTRAINED_PAGE	IDENTITY	STAR_ARCTURUS	2	65
e64008e3a5d919f49885d9750a66409e4710730b3ca57d98960bfc3b52591b52	UNCONSTRAINED_PAGE	IDENTITY	STAR_ASCELLA	1	65
e64008e3a5d919f49885d9750a66409e4710730b3ca57d98960bfc3b52591b52	UNCONSTRAINED_PAGE	IDENTITY	STAR_CANOPUS	1	65
e64008e3a5d919f49885d9750a66409e4710730b3ca57d98960bfc3b52591b52	UNCONSTRAINED_PAGE	IDENTITY	STAR_CAPELLA	3	65
e64008e3a5d919f49885d9750a66409e4710730b3ca57d98960bfc3b52591b52	UNCONSTRAINED_PAGE	IDENTITY	STAR_CAPH	2	65
e64008e3a5d919f49885d9750a66409e4710730b3ca57d98960bfc3b52591b52	UNCONSTRAINED_PAGE	IDENTITY	STAR_CASTOR	1	65
e64008e3a5d919f49885d9750a66409e4710730b3ca57d98960bfc3b52591b52	UNCONSTRAINED_PAGE	IDENTITY	STAR_COR_CAROLI	1	65
e64008e3a5d919f49885d9750a66409e4710730b3ca57d98960bfc3b52591b52	UNCONSTRAINED_PAGE	IDENTITY	STAR_DABIH	1	65
e64008e3a5d919f49885d9750a66409e4710730b3ca57d98960bfc3b52591b52	UNCONSTRAINED_PAGE	IDENTITY	STAR_DENEB	1	65
e64008e3a5d919f49885d9750a66409e4710730b3ca57d98960bfc3b52591b52	UNCONSTRAINED_PAGE	IDENTITY	STAR_DENEBOLA	1	65
e64008e3a5d919f49885d9750a66409e4710730b3ca57d98960bfc3b52591b52	UNCONSTRAINED_PAGE	IDENTITY	STAR_DIPHDA	1	65
e64008e3a5d919f49885d9750a66409e4710730b3ca57d98960bfc3b52591b52	UNCONSTRAINED_PAGE	IDENTITY	STAR_FOMALHAUT	1	65
e64008e3a5d919f49885d9750a66409e4710730b3ca57d98960bfc3b52591b52	UNCONSTRAINED_PAGE	IDENTITY	STAR_KOCHAB	1	65
e64008e3a5d919f49885d9750a66409e4710730b3ca57d98960bfc3b52591b52	UNCONSTRAINED_PAGE	IDENTITY	STAR_MEGREZ	1	65
e64008e3a5d919f49885d9750a66409e4710730b3ca57d98960bfc3b52591b52	UNCONSTRAINED_PAGE	IDENTITY	STAR_MENKAR	1	65
e64008e3a5d919f49885d9750a66409e4710730b3ca57d98960bfc3b52591b52	UNCONSTRAINED_PAGE	IDENTITY	STAR_MERAK	1	65
e64008e3a5d919f49885d9750a66409e4710730b3ca57d98960bfc3b52591b52	UNCONSTRAINED_PAGE	IDENTITY	STAR_MIRACH	2	65
e64008e3a5d919f49885d9750a66409e4710730b3ca57d98960bfc3b52591b52	UNCONSTRAINED_PAGE	IDENTITY	STAR_MIRFAK	1	65
e64008e3a5d919f49885d9750a66409e4710730b3ca57d98960bfc3b52591b52	UNCONSTRAINED_PAGE	IDENTITY	STAR_MIZAR	1	65
e64008e3a5d919f49885d9750a66409e4710730b3ca57d98960bfc3b52591b52	UNCONSTRAINED_PAGE	IDENTITY	STAR_NUNKI	1	65
e64008e3a5d919f49885d9750a66409e4710730b3ca57d98960bfc3b52591b52	UNCONSTRAINED_PAGE	IDENTITY	STAR_PHECDA	1	65
e64008e3a5d919f49885d9750a66409e4710730b3ca57d98960bfc3b52591b52	UNCONSTRAINED_PAGE	IDENTITY	STAR_POLARIS	1	65
e64008e3a5d919f49885d9750a66409e4710730b3ca57d98960bfc3b52591b52	UNCONSTRAINED_PAGE	IDENTITY	STAR_POLLUX	1	65
e64008e3a5d919f49885d9750a66409e4710730b3ca57d98960bfc3b52591b52	UNCONSTRAINED_PAGE	IDENTITY	STAR_PROCYON	3	65
e64008e3a5d919f49885d9750a66409e4710730b3ca57d98960bfc3b52591b52	UNCONSTRAINED_PAGE	IDENTITY	STAR_RASALHAGUE	1	65
e64008e3a5d919f49885d9750a66409e4710730b3ca57d98960bfc3b52591b52	UNCONSTRAINED_PAGE	IDENTITY	STAR_REGULUS	3	65
e64008e3a5d919f49885d9750a66409e4710730b3ca57d98960bfc3b52591b52	UNCONSTRAINED_PAGE	IDENTITY	STAR_SCHEAT	2	65
e64008e3a5d919f49885d9750a66409e4710730b3ca57d98960bfc3b52591b52	UNCONSTRAINED_PAGE	IDENTITY	STAR_SCHEDAR	1	65
e64008e3a5d919f49885d9750a66409e4710730b3ca57d98960bfc3b52591b52	UNCONSTRAINED_PAGE	IDENTITY	STAR_SHAULA	1	65
e64008e3a5d919f49885d9750a66409e4710730b3ca57d98960bfc3b52591b52	UNCONSTRAINED_PAGE	IDENTITY	STAR_SHERATAN	1	65
e64008e3a5d919f49885d9750a66409e4710730b3ca57d98960bfc3b52591b52	UNCONSTRAINED_PAGE	IDENTITY	STAR_SPICA	3	65
e64008e3a5d919f49885d9750a66409e4710730b3ca57d98960bfc3b52591b52	UNCONSTRAINED_PAGE	IDENTITY	STAR_SUBRA	1	65
e64008e3a5d919f49885d9750a66409e4710730b3ca57d98960bfc3b52591b52	UNCONSTRAINED_PAGE	IDENTITY	STAR_THUBAN	1	65
e64008e3a5d919f49885d9750a66409e4710730b3ca57d98960bfc3b52591b52	UNCONSTRAINED_PAGE	IDENTITY	STAR_UNUKALHAI	1	65
e64008e3a5d919f49885d9750a66409e4710730b3ca57d98960bfc3b52591b52	UNCONSTRAINED_PAGE	IDENTITY	STAR_VEGA	2	65
e64008e3a5d919f49885d9750a66409e4710730b3ca57d98960bfc3b52591b52	F68R2_ONLY	LABEL	STAR_f68r2_12465	65	65
e64008e3a5d919f49885d9750a66409e4710730b3ca57d98960bfc3b52591b52	F68R2_ONLY	LABEL	STAR_f68r2_12486	65	65
e64008e3a5d919f49885d9750a66409e4710730b3ca57d98960bfc3b52591b52	F68R2_ONLY	LABEL	STAR_f68r2_12463	65	65
e64008e3a5d919f49885d9750a66409e4710730b3ca57d98960bfc3b52591b52	F68R2_ONLY	IDENTITY	STAR_ALGOL	65	65
e64008e3a5d919f49885d9750a66409e4710730b3ca57d98960bfc3b52591b52	F68R2_ONLY	IDENTITY	STAR_HAMAL	65	65
e64008e3a5d919f49885d9750a66409e4710730b3ca57d98960bfc3b52591b52	F68R2_ONLY	IDENTITY	STAR_ACHERNAR	1	65
e64008e3a5d919f49885d9750a66409e4710730b3ca57d98960bfc3b52591b52	F68R2_ONLY	IDENTITY	STAR_ACRAB	1	65
e64008e3a5d919f49885d9750a66409e4710730b3ca57d98960bfc3b52591b52	F68R2_ONLY	IDENTITY	STAR_ACUBENS	1	65
e64008e3a5d919f49885d9750a66409e4710730b3ca57d98960bfc3b52591b52	F68R2_ONLY	IDENTITY	STAR_ALCHIBA	1	65
e64008e3a5d919f49885d9750a66409e4710730b3ca57d98960bfc3b52591b52	F68R2_ONLY	IDENTITY	STAR_ALCOR	1	65
e64008e3a5d919f49885d9750a66409e4710730b3ca57d98960bfc3b52591b52	F68R2_ONLY	IDENTITY	STAR_ALDEBARAN	1	65
e64008e3a5d919f49885d9750a66409e4710730b3ca57d98960bfc3b52591b52	F68R2_ONLY	IDENTITY	STAR_ALDERAMIN	1	65
e64008e3a5d919f49885d9750a66409e4710730b3ca57d98960bfc3b52591b52	F68R2_ONLY	IDENTITY	STAR_ALGORAB	1	65
e64008e3a5d919f49885d9750a66409e4710730b3ca57d98960bfc3b52591b52	F68R2_ONLY	IDENTITY	STAR_ALIOTH	1	65
e64008e3a5d919f49885d9750a66409e4710730b3ca57d98960bfc3b52591b52	F68R2_ONLY	IDENTITY	STAR_ALKAID	1	65
e64008e3a5d919f49885d9750a66409e4710730b3ca57d98960bfc3b52591b52	F68R2_ONLY	IDENTITY	STAR_ALMACH	2	65
e64008e3a5d919f49885d9750a66409e4710730b3ca57d98960bfc3b52591b52	F68R2_ONLY	IDENTITY	STAR_ALNATH	1	65
e64008e3a5d919f49885d9750a66409e4710730b3ca57d98960bfc3b52591b52	F68R2_ONLY	IDENTITY	STAR_ALNITAK	1	65
e64008e3a5d919f49885d9750a66409e4710730b3ca57d98960bfc3b52591b52	F68R2_ONLY	IDENTITY	STAR_ALPHARD	1	65
e64008e3a5d919f49885d9750a66409e4710730b3ca57d98960bfc3b52591b52	F68R2_ONLY	IDENTITY	STAR_ALPHERATZ	1	65
e64008e3a5d919f49885d9750a66409e4710730b3ca57d98960bfc3b52591b52	F68R2_ONLY	IDENTITY	STAR_ALRISHA	1	65
e64008e3a5d919f49885d9750a66409e4710730b3ca57d98960bfc3b52591b52	F68R2_ONLY	IDENTITY	STAR_ARCTURUS	2	65
e64008e3a5d919f49885d9750a66409e4710730b3ca57d98960bfc3b52591b52	F68R2_ONLY	IDENTITY	STAR_ASCELLA	1	65
e64008e3a5d919f49885d9750a66409e4710730b3ca57d98960bfc3b52591b52	F68R2_ONLY	IDENTITY	STAR_CANOPUS	1	65
e64008e3a5d919f49885d9750a66409e4710730b3ca57d98960bfc3b52591b52	F68R2_ONLY	IDENTITY	STAR_CAPELLA	3	65
e64008e3a5d919f49885d9750a66409e4710730b3ca57d98960bfc3b52591b52	F68R2_ONLY	IDENTITY	STAR_CAPH	2	65
e64008e3a5d919f49885d9750a66409e4710730b3ca57d98960bfc3b52591b52	F68R2_ONLY	IDENTITY	STAR_CASTOR	1	65
e64008e3a5d919f49885d9750a66409e4710730b3ca57d98960bfc3b52591b52	F68R2_ONLY	IDENTITY	STAR_COR_CAROLI	1	65
e64008e3a5d919f49885d9750a66409e4710730b3ca57d98960bfc3b52591b52	F68R2_ONLY	IDENTITY	STAR_DABIH	1	65
e64008e3a5d919f49885d9750a66409e4710730b3ca57d98960bfc3b52591b52	F68R2_ONLY	IDENTITY	STAR_DENEB	1	65
e64008e3a5d919f49885d9750a66409e4710730b3ca57d98960bfc3b52591b52	F68R2_ONLY	IDENTITY	STAR_DENEBOLA	1	65
e64008e3a5d919f49885d9750a66409e4710730b3ca57d98960bfc3b52591b52	F68R2_ONLY	IDENTITY	STAR_DIPHDA	1	65
e64008e3a5d919f49885d9750a66409e4710730b3ca57d98960bfc3b52591b52	F68R2_ONLY	IDENTITY	STAR_FOMALHAUT	1	65
e64008e3a5d919f49885d9750a66409e4710730b3ca57d98960bfc3b52591b52	F68R2_ONLY	IDENTITY	STAR_KOCHAB	1	65
e64008e3a5d919f49885d9750a66409e4710730b3ca57d98960bfc3b52591b52	F68R2_ONLY	IDENTITY	STAR_MEGREZ	1	65
e64008e3a5d919f49885d9750a66409e4710730b3ca57d98960bfc3b52591b52	F68R2_ONLY	IDENTITY	STAR_MENKAR	1	65
e64008e3a5d919f49885d9750a66409e4710730b3ca57d98960bfc3b52591b52	F68R2_ONLY	IDENTITY	STAR_MERAK	1	65
e64008e3a5d919f49885d9750a66409e4710730b3ca57d98960bfc3b52591b52	F68R2_ONLY	IDENTITY	STAR_MIRACH	2	65
e64008e3a5d919f49885d9750a66409e4710730b3ca57d98960bfc3b52591b52	F68R2_ONLY	IDENTITY	STAR_MIRFAK	1	65
e64008e3a5d919f49885d9750a66409e4710730b3ca57d98960bfc3b52591b52	F68R2_ONLY	IDENTITY	STAR_MIZAR	1	65
e64008e3a5d919f49885d9750a66409e4710730b3ca57d98960bfc3b52591b52	F68R2_ONLY	IDENTITY	STAR_NUNKI	1	65
e64008e3a5d919f49885d9750a66409e4710730b3ca57d98960bfc3b52591b52	F68R2_ONLY	IDENTITY	STAR_PHECDA	1	65
e64008e3a5d919f49885d9750a66409e4710730b3ca57d98960bfc3b52591b52	F68R2_ONLY	IDENTITY	STAR_POLARIS	1	65
e64008e3a5d919f49885d9750a66409e4710730b3ca57d98960bfc3b52591b52	F68R2_ONLY	IDENTITY	STAR_POLLUX	1	65
e64008e3a5d919f49885d9750a66409e4710730b3ca57d98960bfc3b52591b52	F68R2_ONLY	IDENTITY	STAR_PROCYON	3	65
e64008e3a5d919f49885d9750a66409e4710730b3ca57d98960bfc3b52591b52	F68R2_ONLY	IDENTITY	STAR_RASALHAGUE	1	65
e64008e3a5d919f49885d9750a66409e4710730b3ca57d98960bfc3b52591b52	F68R2_ONLY	IDENTITY	STAR_REGULUS	3	65
e64008e3a5d919f49885d9750a66409e4710730b3ca57d98960bfc3b52591b52	F68R2_ONLY	IDENTITY	STAR_SCHEAT	2	65
e64008e3a5d919f49885d9750a66409e4710730b3ca57d98960bfc3b52591b52	F68R2_ONLY	IDENTITY	STAR_SCHEDAR	1	65
e64008e3a5d919f49885d9750a66409e4710730b3ca57d98960bfc3b52591b52	F68R2_ONLY	IDENTITY	STAR_SHAULA	1	65
e64008e3a5d919f49885d9750a66409e4710730b3ca57d98960bfc3b52591b52	F68R2_ONLY	IDENTITY	STAR_SHERATAN	1	65
e64008e3a5d919f49885d9750a66409e4710730b3ca57d98960bfc3b52591b52	F68R2_ONLY	IDENTITY	STAR_SPICA	3	65
e64008e3a5d919f49885d9750a66409e4710730b3ca57d98960bfc3b52591b52	F68R2_ONLY	IDENTITY	STAR_SUBRA	1	65
e64008e3a5d919f49885d9750a66409e4710730b3ca57d98960bfc3b52591b52	F68R2_ONLY	IDENTITY	STAR_THUBAN	1	65
e64008e3a5d919f49885d9750a66409e4710730b3ca57d98960bfc3b52591b52	F68R2_ONLY	IDENTITY	STAR_UNUKALHAI	1	65
e64008e3a5d919f49885d9750a66409e4710730b3ca57d98960bfc3b52591b52	F68R2_ONLY	IDENTITY	STAR_VEGA	2	65
c27a45cad93b0e8e6cdaeda3e092f1c833b0374a872077a04a45916221fe5675	UNCONSTRAINED_PAGE	LABEL	STAR_f68r2_12465	191	191
c27a45cad93b0e8e6cdaeda3e092f1c833b0374a872077a04a45916221fe5675	UNCONSTRAINED_PAGE	LABEL	STAR_f68r2_12486	191	191
c27a45cad93b0e8e6cdaeda3e092f1c833b0374a872077a04a45916221fe5675	UNCONSTRAINED_PAGE	LABEL	STAR_f68r2_12463	191	191
c27a45cad93b0e8e6cdaeda3e092f1c833b0374a872077a04a45916221fe5675	UNCONSTRAINED_PAGE	IDENTITY	STAR_ALDERAMIN	191	191
c27a45cad93b0e8e6cdaeda3e092f1c833b0374a872077a04a45916221fe5675	UNCONSTRAINED_PAGE	IDENTITY	STAR_ALMACH	68	191
c27a45cad93b0e8e6cdaeda3e092f1c833b0374a872077a04a45916221fe5675	UNCONSTRAINED_PAGE	IDENTITY	STAR_ACHERNAR	3	191
c27a45cad93b0e8e6cdaeda3e092f1c833b0374a872077a04a45916221fe5675	UNCONSTRAINED_PAGE	IDENTITY	STAR_ACRAB	3	191
c27a45cad93b0e8e6cdaeda3e092f1c833b0374a872077a04a45916221fe5675	UNCONSTRAINED_PAGE	IDENTITY	STAR_ACUBENS	3	191
c27a45cad93b0e8e6cdaeda3e092f1c833b0374a872077a04a45916221fe5675	UNCONSTRAINED_PAGE	IDENTITY	STAR_ALCHIBA	3	191
c27a45cad93b0e8e6cdaeda3e092f1c833b0374a872077a04a45916221fe5675	UNCONSTRAINED_PAGE	IDENTITY	STAR_ALCOR	3	191
c27a45cad93b0e8e6cdaeda3e092f1c833b0374a872077a04a45916221fe5675	UNCONSTRAINED_PAGE	IDENTITY	STAR_ALDEBARAN	3	191
c27a45cad93b0e8e6cdaeda3e092f1c833b0374a872077a04a45916221fe5675	UNCONSTRAINED_PAGE	IDENTITY	STAR_ALGOL	3	191
c27a45cad93b0e8e6cdaeda3e092f1c833b0374a872077a04a45916221fe5675	UNCONSTRAINED_PAGE	IDENTITY	STAR_ALGORAB	3	191
c27a45cad93b0e8e6cdaeda3e092f1c833b0374a872077a04a45916221fe5675	UNCONSTRAINED_PAGE	IDENTITY	STAR_ALIOTH	3	191
c27a45cad93b0e8e6cdaeda3e092f1c833b0374a872077a04a45916221fe5675	UNCONSTRAINED_PAGE	IDENTITY	STAR_ALKAID	3	191
c27a45cad93b0e8e6cdaeda3e092f1c833b0374a872077a04a45916221fe5675	UNCONSTRAINED_PAGE	IDENTITY	STAR_ALNATH	3	191
c27a45cad93b0e8e6cdaeda3e092f1c833b0374a872077a04a45916221fe5675	UNCONSTRAINED_PAGE	IDENTITY	STAR_ALNITAK	3	191
c27a45cad93b0e8e6cdaeda3e092f1c833b0374a872077a04a45916221fe5675	UNCONSTRAINED_PAGE	IDENTITY	STAR_ALPHARD	3	191
c27a45cad93b0e8e6cdaeda3e092f1c833b0374a872077a04a45916221fe5675	UNCONSTRAINED_PAGE	IDENTITY	STAR_ALPHERATZ	3	191
c27a45cad93b0e8e6cdaeda3e092f1c833b0374a872077a04a45916221fe5675	UNCONSTRAINED_PAGE	IDENTITY	STAR_ALRISHA	3	191
c27a45cad93b0e8e6cdaeda3e092f1c833b0374a872077a04a45916221fe5675	UNCONSTRAINED_PAGE	IDENTITY	STAR_ARCTURUS	68	191
c27a45cad93b0e8e6cdaeda3e092f1c833b0374a872077a04a45916221fe5675	UNCONSTRAINED_PAGE	IDENTITY	STAR_ASCELLA	3	191
c27a45cad93b0e8e6cdaeda3e092f1c833b0374a872077a04a45916221fe5675	UNCONSTRAINED_PAGE	IDENTITY	STAR_CANOPUS	3	191
c27a45cad93b0e8e6cdaeda3e092f1c833b0374a872077a04a45916221fe5675	UNCONSTRAINED_PAGE	IDENTITY	STAR_CAPELLA	9	191
c27a45cad93b0e8e6cdaeda3e092f1c833b0374a872077a04a45916221fe5675	UNCONSTRAINED_PAGE	IDENTITY	STAR_CAPH	6	191
c27a45cad93b0e8e6cdaeda3e092f1c833b0374a872077a04a45916221fe5675	UNCONSTRAINED_PAGE	IDENTITY	STAR_CASTOR	3	191
c27a45cad93b0e8e6cdaeda3e092f1c833b0374a872077a04a45916221fe5675	UNCONSTRAINED_PAGE	IDENTITY	STAR_COR_CAROLI	3	191
c27a45cad93b0e8e6cdaeda3e092f1c833b0374a872077a04a45916221fe5675	UNCONSTRAINED_PAGE	IDENTITY	STAR_DABIH	3	191
c27a45cad93b0e8e6cdaeda3e092f1c833b0374a872077a04a45916221fe5675	UNCONSTRAINED_PAGE	IDENTITY	STAR_DENEB	3	191
c27a45cad93b0e8e6cdaeda3e092f1c833b0374a872077a04a45916221fe5675	UNCONSTRAINED_PAGE	IDENTITY	STAR_DENEBOLA	3	191
c27a45cad93b0e8e6cdaeda3e092f1c833b0374a872077a04a45916221fe5675	UNCONSTRAINED_PAGE	IDENTITY	STAR_DIPHDA	3	191
c27a45cad93b0e8e6cdaeda3e092f1c833b0374a872077a04a45916221fe5675	UNCONSTRAINED_PAGE	IDENTITY	STAR_FOMALHAUT	3	191
c27a45cad93b0e8e6cdaeda3e092f1c833b0374a872077a04a45916221fe5675	UNCONSTRAINED_PAGE	IDENTITY	STAR_HAMAL	3	191
c27a45cad93b0e8e6cdaeda3e092f1c833b0374a872077a04a45916221fe5675	UNCONSTRAINED_PAGE	IDENTITY	STAR_KOCHAB	3	191
c27a45cad93b0e8e6cdaeda3e092f1c833b0374a872077a04a45916221fe5675	UNCONSTRAINED_PAGE	IDENTITY	STAR_MEGREZ	3	191
c27a45cad93b0e8e6cdaeda3e092f1c833b0374a872077a04a45916221fe5675	UNCONSTRAINED_PAGE	IDENTITY	STAR_MENKAR	3	191
c27a45cad93b0e8e6cdaeda3e092f1c833b0374a872077a04a45916221fe5675	UNCONSTRAINED_PAGE	IDENTITY	STAR_MERAK	3	191
c27a45cad93b0e8e6cdaeda3e092f1c833b0374a872077a04a45916221fe5675	UNCONSTRAINED_PAGE	IDENTITY	STAR_MIRACH	6	191
c27a45cad93b0e8e6cdaeda3e092f1c833b0374a872077a04a45916221fe5675	UNCONSTRAINED_PAGE	IDENTITY	STAR_MIRFAK	3	191
c27a45cad93b0e8e6cdaeda3e092f1c833b0374a872077a04a45916221fe5675	UNCONSTRAINED_PAGE	IDENTITY	STAR_MIZAR	3	191
c27a45cad93b0e8e6cdaeda3e092f1c833b0374a872077a04a45916221fe5675	UNCONSTRAINED_PAGE	IDENTITY	STAR_NUNKI	3	191
c27a45cad93b0e8e6cdaeda3e092f1c833b0374a872077a04a45916221fe5675	UNCONSTRAINED_PAGE	IDENTITY	STAR_PHECDA	3	191
c27a45cad93b0e8e6cdaeda3e092f1c833b0374a872077a04a45916221fe5675	UNCONSTRAINED_PAGE	IDENTITY	STAR_POLARIS	3	191
c27a45cad93b0e8e6cdaeda3e092f1c833b0374a872077a04a45916221fe5675	UNCONSTRAINED_PAGE	IDENTITY	STAR_POLLUX	3	191
c27a45cad93b0e8e6cdaeda3e092f1c833b0374a872077a04a45916221fe5675	UNCONSTRAINED_PAGE	IDENTITY	STAR_PROCYON	9	191
c27a45cad93b0e8e6cdaeda3e092f1c833b0374a872077a04a45916221fe5675	UNCONSTRAINED_PAGE	IDENTITY	STAR_RASALHAGUE	3	191
c27a45cad93b0e8e6cdaeda3e092f1c833b0374a872077a04a45916221fe5675	UNCONSTRAINED_PAGE	IDENTITY	STAR_REGULUS	9	191
c27a45cad93b0e8e6cdaeda3e092f1c833b0374a872077a04a45916221fe5675	UNCONSTRAINED_PAGE	IDENTITY	STAR_SCHEAT	6	191
c27a45cad93b0e8e6cdaeda3e092f1c833b0374a872077a04a45916221fe5675	UNCONSTRAINED_PAGE	IDENTITY	STAR_SCHEDAR	3	191
c27a45cad93b0e8e6cdaeda3e092f1c833b0374a872077a04a45916221fe5675	UNCONSTRAINED_PAGE	IDENTITY	STAR_SHAULA	3	191
c27a45cad93b0e8e6cdaeda3e092f1c833b0374a872077a04a45916221fe5675	UNCONSTRAINED_PAGE	IDENTITY	STAR_SHERATAN	3	191
c27a45cad93b0e8e6cdaeda3e092f1c833b0374a872077a04a45916221fe5675	UNCONSTRAINED_PAGE	IDENTITY	STAR_SPICA	69	191
c27a45cad93b0e8e6cdaeda3e092f1c833b0374a872077a04a45916221fe5675	UNCONSTRAINED_PAGE	IDENTITY	STAR_SUBRA	3	191
c27a45cad93b0e8e6cdaeda3e092f1c833b0374a872077a04a45916221fe5675	UNCONSTRAINED_PAGE	IDENTITY	STAR_THUBAN	3	191
c27a45cad93b0e8e6cdaeda3e092f1c833b0374a872077a04a45916221fe5675	UNCONSTRAINED_PAGE	IDENTITY	STAR_UNUKALHAI	3	191
c27a45cad93b0e8e6cdaeda3e092f1c833b0374a872077a04a45916221fe5675	UNCONSTRAINED_PAGE	IDENTITY	STAR_VEGA	6	191
c27a45cad93b0e8e6cdaeda3e092f1c833b0374a872077a04a45916221fe5675	F68R2_ONLY	LABEL	STAR_f68r2_12465	191	191
c27a45cad93b0e8e6cdaeda3e092f1c833b0374a872077a04a45916221fe5675	F68R2_ONLY	LABEL	STAR_f68r2_12486	191	191
c27a45cad93b0e8e6cdaeda3e092f1c833b0374a872077a04a45916221fe5675	F68R2_ONLY	LABEL	STAR_f68r2_12463	191	191
c27a45cad93b0e8e6cdaeda3e092f1c833b0374a872077a04a45916221fe5675	F68R2_ONLY	IDENTITY	STAR_ALDERAMIN	191	191
c27a45cad93b0e8e6cdaeda3e092f1c833b0374a872077a04a45916221fe5675	F68R2_ONLY	IDENTITY	STAR_ALMACH	68	191
c27a45cad93b0e8e6cdaeda3e092f1c833b0374a872077a04a45916221fe5675	F68R2_ONLY	IDENTITY	STAR_ACHERNAR	3	191
c27a45cad93b0e8e6cdaeda3e092f1c833b0374a872077a04a45916221fe5675	F68R2_ONLY	IDENTITY	STAR_ACRAB	3	191
c27a45cad93b0e8e6cdaeda3e092f1c833b0374a872077a04a45916221fe5675	F68R2_ONLY	IDENTITY	STAR_ACUBENS	3	191
c27a45cad93b0e8e6cdaeda3e092f1c833b0374a872077a04a45916221fe5675	F68R2_ONLY	IDENTITY	STAR_ALCHIBA	3	191
c27a45cad93b0e8e6cdaeda3e092f1c833b0374a872077a04a45916221fe5675	F68R2_ONLY	IDENTITY	STAR_ALCOR	3	191
c27a45cad93b0e8e6cdaeda3e092f1c833b0374a872077a04a45916221fe5675	F68R2_ONLY	IDENTITY	STAR_ALDEBARAN	3	191
c27a45cad93b0e8e6cdaeda3e092f1c833b0374a872077a04a45916221fe5675	F68R2_ONLY	IDENTITY	STAR_ALGOL	3	191
c27a45cad93b0e8e6cdaeda3e092f1c833b0374a872077a04a45916221fe5675	F68R2_ONLY	IDENTITY	STAR_ALGORAB	3	191
c27a45cad93b0e8e6cdaeda3e092f1c833b0374a872077a04a45916221fe5675	F68R2_ONLY	IDENTITY	STAR_ALIOTH	3	191
c27a45cad93b0e8e6cdaeda3e092f1c833b0374a872077a04a45916221fe5675	F68R2_ONLY	IDENTITY	STAR_ALKAID	3	191
c27a45cad93b0e8e6cdaeda3e092f1c833b0374a872077a04a45916221fe5675	F68R2_ONLY	IDENTITY	STAR_ALNATH	3	191
c27a45cad93b0e8e6cdaeda3e092f1c833b0374a872077a04a45916221fe5675	F68R2_ONLY	IDENTITY	STAR_ALNITAK	3	191
c27a45cad93b0e8e6cdaeda3e092f1c833b0374a872077a04a45916221fe5675	F68R2_ONLY	IDENTITY	STAR_ALPHARD	3	191
c27a45cad93b0e8e6cdaeda3e092f1c833b0374a872077a04a45916221fe5675	F68R2_ONLY	IDENTITY	STAR_ALPHERATZ	3	191
c27a45cad93b0e8e6cdaeda3e092f1c833b0374a872077a04a45916221fe5675	F68R2_ONLY	IDENTITY	STAR_ALRISHA	3	191
c27a45cad93b0e8e6cdaeda3e092f1c833b0374a872077a04a45916221fe5675	F68R2_ONLY	IDENTITY	STAR_ARCTURUS	68	191
c27a45cad93b0e8e6cdaeda3e092f1c833b0374a872077a04a45916221fe5675	F68R2_ONLY	IDENTITY	STAR_ASCELLA	3	191
c27a45cad93b0e8e6cdaeda3e092f1c833b0374a872077a04a45916221fe5675	F68R2_ONLY	IDENTITY	STAR_CANOPUS	3	191
c27a45cad93b0e8e6cdaeda3e092f1c833b0374a872077a04a45916221fe5675	F68R2_ONLY	IDENTITY	STAR_CAPELLA	9	191
c27a45cad93b0e8e6cdaeda3e092f1c833b0374a872077a04a45916221fe5675	F68R2_ONLY	IDENTITY	STAR_CAPH	6	191
c27a45cad93b0e8e6cdaeda3e092f1c833b0374a872077a04a45916221fe5675	F68R2_ONLY	IDENTITY	STAR_CASTOR	3	191
c27a45cad93b0e8e6cdaeda3e092f1c833b0374a872077a04a45916221fe5675	F68R2_ONLY	IDENTITY	STAR_COR_CAROLI	3	191
c27a45cad93b0e8e6cdaeda3e092f1c833b0374a872077a04a45916221fe5675	F68R2_ONLY	IDENTITY	STAR_DABIH	3	191
c27a45cad93b0e8e6cdaeda3e092f1c833b0374a872077a04a45916221fe5675	F68R2_ONLY	IDENTITY	STAR_DENEB	3	191
c27a45cad93b0e8e6cdaeda3e092f1c833b0374a872077a04a45916221fe5675	F68R2_ONLY	IDENTITY	STAR_DENEBOLA	3	191
c27a45cad93b0e8e6cdaeda3e092f1c833b0374a872077a04a45916221fe5675	F68R2_ONLY	IDENTITY	STAR_DIPHDA	3	191
c27a45cad93b0e8e6cdaeda3e092f1c833b0374a872077a04a45916221fe5675	F68R2_ONLY	IDENTITY	STAR_FOMALHAUT	3	191
c27a45cad93b0e8e6cdaeda3e092f1c833b0374a872077a04a45916221fe5675	F68R2_ONLY	IDENTITY	STAR_HAMAL	3	191
c27a45cad93b0e8e6cdaeda3e092f1c833b0374a872077a04a45916221fe5675	F68R2_ONLY	IDENTITY	STAR_KOCHAB	3	191
c27a45cad93b0e8e6cdaeda3e092f1c833b0374a872077a04a45916221fe5675	F68R2_ONLY	IDENTITY	STAR_MEGREZ	3	191
c27a45cad93b0e8e6cdaeda3e092f1c833b0374a872077a04a45916221fe5675	F68R2_ONLY	IDENTITY	STAR_MENKAR	3	191
c27a45cad93b0e8e6cdaeda3e092f1c833b0374a872077a04a45916221fe5675	F68R2_ONLY	IDENTITY	STAR_MERAK	3	191
c27a45cad93b0e8e6cdaeda3e092f1c833b0374a872077a04a45916221fe5675	F68R2_ONLY	IDENTITY	STAR_MIRACH	6	191
c27a45cad93b0e8e6cdaeda3e092f1c833b0374a872077a04a45916221fe5675	F68R2_ONLY	IDENTITY	STAR_MIRFAK	3	191
c27a45cad93b0e8e6cdaeda3e092f1c833b0374a872077a04a45916221fe5675	F68R2_ONLY	IDENTITY	STAR_MIZAR	3	191
c27a45cad93b0e8e6cdaeda3e092f1c833b0374a872077a04a45916221fe5675	F68R2_ONLY	IDENTITY	STAR_NUNKI	3	191
c27a45cad93b0e8e6cdaeda3e092f1c833b0374a872077a04a45916221fe5675	F68R2_ONLY	IDENTITY	STAR_PHECDA	3	191
c27a45cad93b0e8e6cdaeda3e092f1c833b0374a872077a04a45916221fe5675	F68R2_ONLY	IDENTITY	STAR_POLARIS	3	191
c27a45cad93b0e8e6cdaeda3e092f1c833b0374a872077a04a45916221fe5675	F68R2_ONLY	IDENTITY	STAR_POLLUX	3	191
c27a45cad93b0e8e6cdaeda3e092f1c833b0374a872077a04a45916221fe5675	F68R2_ONLY	IDENTITY	STAR_PROCYON	9	191
c27a45cad93b0e8e6cdaeda3e092f1c833b0374a872077a04a45916221fe5675	F68R2_ONLY	IDENTITY	STAR_RASALHAGUE	3	191
c27a45cad93b0e8e6cdaeda3e092f1c833b0374a872077a04a45916221fe5675	F68R2_ONLY	IDENTITY	STAR_REGULUS	9	191
c27a45cad93b0e8e6cdaeda3e092f1c833b0374a872077a04a45916221fe5675	F68R2_ONLY	IDENTITY	STAR_SCHEAT	6	191
c27a45cad93b0e8e6cdaeda3e092f1c833b0374a872077a04a45916221fe5675	F68R2_ONLY	IDENTITY	STAR_SCHEDAR	3	191
c27a45cad93b0e8e6cdaeda3e092f1c833b0374a872077a04a45916221fe5675	F68R2_ONLY	IDENTITY	STAR_SHAULA	3	191
c27a45cad93b0e8e6cdaeda3e092f1c833b0374a872077a04a45916221fe5675	F68R2_ONLY	IDENTITY	STAR_SHERATAN	3	191
c27a45cad93b0e8e6cdaeda3e092f1c833b0374a872077a04a45916221fe5675	F68R2_ONLY	IDENTITY	STAR_SPICA	69	191
c27a45cad93b0e8e6cdaeda3e092f1c833b0374a872077a04a45916221fe5675	F68R2_ONLY	IDENTITY	STAR_SUBRA	3	191
c27a45cad93b0e8e6cdaeda3e092f1c833b0374a872077a04a45916221fe5675	F68R2_ONLY	IDENTITY	STAR_THUBAN	3	191
c27a45cad93b0e8e6cdaeda3e092f1c833b0374a872077a04a45916221fe5675	F68R2_ONLY	IDENTITY	STAR_UNUKALHAI	3	191
c27a45cad93b0e8e6cdaeda3e092f1c833b0374a872077a04a45916221fe5675	F68R2_ONLY	IDENTITY	STAR_VEGA	6	191
44ae3f485aa90454b53e2f2819b48a05f5a7889bd9ea0031a30b368b7ad6e9b2	UNCONSTRAINED_PAGE	LABEL	STAR_f68r2_12465	64	64
44ae3f485aa90454b53e2f2819b48a05f5a7889bd9ea0031a30b368b7ad6e9b2	UNCONSTRAINED_PAGE	LABEL	STAR_f68r2_12486	64	64
44ae3f485aa90454b53e2f2819b48a05f5a7889bd9ea0031a30b368b7ad6e9b2	UNCONSTRAINED_PAGE	LABEL	STAR_f68r2_12463	64	64
44ae3f485aa90454b53e2f2819b48a05f5a7889bd9ea0031a30b368b7ad6e9b2	UNCONSTRAINED_PAGE	IDENTITY	STAR_SCHEAT	64	64
44ae3f485aa90454b53e2f2819b48a05f5a7889bd9ea0031a30b368b7ad6e9b2	UNCONSTRAINED_PAGE	IDENTITY	STAR_DIPHDA	64	64
44ae3f485aa90454b53e2f2819b48a05f5a7889bd9ea0031a30b368b7ad6e9b2	UNCONSTRAINED_PAGE	IDENTITY	STAR_ACHERNAR	1	64
44ae3f485aa90454b53e2f2819b48a05f5a7889bd9ea0031a30b368b7ad6e9b2	UNCONSTRAINED_PAGE	IDENTITY	STAR_ACRAB	1	64
44ae3f485aa90454b53e2f2819b48a05f5a7889bd9ea0031a30b368b7ad6e9b2	UNCONSTRAINED_PAGE	IDENTITY	STAR_ACUBENS	1	64
44ae3f485aa90454b53e2f2819b48a05f5a7889bd9ea0031a30b368b7ad6e9b2	UNCONSTRAINED_PAGE	IDENTITY	STAR_ALCHIBA	1	64
44ae3f485aa90454b53e2f2819b48a05f5a7889bd9ea0031a30b368b7ad6e9b2	UNCONSTRAINED_PAGE	IDENTITY	STAR_ALCOR	1	64
44ae3f485aa90454b53e2f2819b48a05f5a7889bd9ea0031a30b368b7ad6e9b2	UNCONSTRAINED_PAGE	IDENTITY	STAR_ALDEBARAN	1	64
44ae3f485aa90454b53e2f2819b48a05f5a7889bd9ea0031a30b368b7ad6e9b2	UNCONSTRAINED_PAGE	IDENTITY	STAR_ALDERAMIN	1	64
44ae3f485aa90454b53e2f2819b48a05f5a7889bd9ea0031a30b368b7ad6e9b2	UNCONSTRAINED_PAGE	IDENTITY	STAR_ALGOL	1	64
44ae3f485aa90454b53e2f2819b48a05f5a7889bd9ea0031a30b368b7ad6e9b2	UNCONSTRAINED_PAGE	IDENTITY	STAR_ALGORAB	1	64
44ae3f485aa90454b53e2f2819b48a05f5a7889bd9ea0031a30b368b7ad6e9b2	UNCONSTRAINED_PAGE	IDENTITY	STAR_ALIOTH	1	64
44ae3f485aa90454b53e2f2819b48a05f5a7889bd9ea0031a30b368b7ad6e9b2	UNCONSTRAINED_PAGE	IDENTITY	STAR_ALKAID	1	64
44ae3f485aa90454b53e2f2819b48a05f5a7889bd9ea0031a30b368b7ad6e9b2	UNCONSTRAINED_PAGE	IDENTITY	STAR_ALMACH	2	64
44ae3f485aa90454b53e2f2819b48a05f5a7889bd9ea0031a30b368b7ad6e9b2	UNCONSTRAINED_PAGE	IDENTITY	STAR_ALNATH	1	64
44ae3f485aa90454b53e2f2819b48a05f5a7889bd9ea0031a30b368b7ad6e9b2	UNCONSTRAINED_PAGE	IDENTITY	STAR_ALNITAK	1	64
44ae3f485aa90454b53e2f2819b48a05f5a7889bd9ea0031a30b368b7ad6e9b2	UNCONSTRAINED_PAGE	IDENTITY	STAR_ALPHARD	1	64
44ae3f485aa90454b53e2f2819b48a05f5a7889bd9ea0031a30b368b7ad6e9b2	UNCONSTRAINED_PAGE	IDENTITY	STAR_ALPHERATZ	1	64
44ae3f485aa90454b53e2f2819b48a05f5a7889bd9ea0031a30b368b7ad6e9b2	UNCONSTRAINED_PAGE	IDENTITY	STAR_ALRISHA	1	64
44ae3f485aa90454b53e2f2819b48a05f5a7889bd9ea0031a30b368b7ad6e9b2	UNCONSTRAINED_PAGE	IDENTITY	STAR_ARCTURUS	2	64
44ae3f485aa90454b53e2f2819b48a05f5a7889bd9ea0031a30b368b7ad6e9b2	UNCONSTRAINED_PAGE	IDENTITY	STAR_ASCELLA	1	64
44ae3f485aa90454b53e2f2819b48a05f5a7889bd9ea0031a30b368b7ad6e9b2	UNCONSTRAINED_PAGE	IDENTITY	STAR_CANOPUS	1	64
44ae3f485aa90454b53e2f2819b48a05f5a7889bd9ea0031a30b368b7ad6e9b2	UNCONSTRAINED_PAGE	IDENTITY	STAR_CAPELLA	3	64
44ae3f485aa90454b53e2f2819b48a05f5a7889bd9ea0031a30b368b7ad6e9b2	UNCONSTRAINED_PAGE	IDENTITY	STAR_CAPH	2	64
44ae3f485aa90454b53e2f2819b48a05f5a7889bd9ea0031a30b368b7ad6e9b2	UNCONSTRAINED_PAGE	IDENTITY	STAR_CASTOR	1	64
44ae3f485aa90454b53e2f2819b48a05f5a7889bd9ea0031a30b368b7ad6e9b2	UNCONSTRAINED_PAGE	IDENTITY	STAR_COR_CAROLI	1	64
44ae3f485aa90454b53e2f2819b48a05f5a7889bd9ea0031a30b368b7ad6e9b2	UNCONSTRAINED_PAGE	IDENTITY	STAR_DABIH	1	64
44ae3f485aa90454b53e2f2819b48a05f5a7889bd9ea0031a30b368b7ad6e9b2	UNCONSTRAINED_PAGE	IDENTITY	STAR_DENEB	1	64
44ae3f485aa90454b53e2f2819b48a05f5a7889bd9ea0031a30b368b7ad6e9b2	UNCONSTRAINED_PAGE	IDENTITY	STAR_DENEBOLA	1	64
44ae3f485aa90454b53e2f2819b48a05f5a7889bd9ea0031a30b368b7ad6e9b2	UNCONSTRAINED_PAGE	IDENTITY	STAR_FOMALHAUT	1	64
44ae3f485aa90454b53e2f2819b48a05f5a7889bd9ea0031a30b368b7ad6e9b2	UNCONSTRAINED_PAGE	IDENTITY	STAR_HAMAL	1	64
44ae3f485aa90454b53e2f2819b48a05f5a7889bd9ea0031a30b368b7ad6e9b2	UNCONSTRAINED_PAGE	IDENTITY	STAR_KOCHAB	1	64
44ae3f485aa90454b53e2f2819b48a05f5a7889bd9ea0031a30b368b7ad6e9b2	UNCONSTRAINED_PAGE	IDENTITY	STAR_MEGREZ	1	64
44ae3f485aa90454b53e2f2819b48a05f5a7889bd9ea0031a30b368b7ad6e9b2	UNCONSTRAINED_PAGE	IDENTITY	STAR_MENKAR	1	64
44ae3f485aa90454b53e2f2819b48a05f5a7889bd9ea0031a30b368b7ad6e9b2	UNCONSTRAINED_PAGE	IDENTITY	STAR_MERAK	1	64
44ae3f485aa90454b53e2f2819b48a05f5a7889bd9ea0031a30b368b7ad6e9b2	UNCONSTRAINED_PAGE	IDENTITY	STAR_MIRACH	2	64
44ae3f485aa90454b53e2f2819b48a05f5a7889bd9ea0031a30b368b7ad6e9b2	UNCONSTRAINED_PAGE	IDENTITY	STAR_MIRFAK	1	64
44ae3f485aa90454b53e2f2819b48a05f5a7889bd9ea0031a30b368b7ad6e9b2	UNCONSTRAINED_PAGE	IDENTITY	STAR_MIZAR	1	64
44ae3f485aa90454b53e2f2819b48a05f5a7889bd9ea0031a30b368b7ad6e9b2	UNCONSTRAINED_PAGE	IDENTITY	STAR_NUNKI	1	64
44ae3f485aa90454b53e2f2819b48a05f5a7889bd9ea0031a30b368b7ad6e9b2	UNCONSTRAINED_PAGE	IDENTITY	STAR_PHECDA	1	64
44ae3f485aa90454b53e2f2819b48a05f5a7889bd9ea0031a30b368b7ad6e9b2	UNCONSTRAINED_PAGE	IDENTITY	STAR_POLARIS	1	64
44ae3f485aa90454b53e2f2819b48a05f5a7889bd9ea0031a30b368b7ad6e9b2	UNCONSTRAINED_PAGE	IDENTITY	STAR_POLLUX	1	64
44ae3f485aa90454b53e2f2819b48a05f5a7889bd9ea0031a30b368b7ad6e9b2	UNCONSTRAINED_PAGE	IDENTITY	STAR_PROCYON	3	64
44ae3f485aa90454b53e2f2819b48a05f5a7889bd9ea0031a30b368b7ad6e9b2	UNCONSTRAINED_PAGE	IDENTITY	STAR_RASALHAGUE	1	64
44ae3f485aa90454b53e2f2819b48a05f5a7889bd9ea0031a30b368b7ad6e9b2	UNCONSTRAINED_PAGE	IDENTITY	STAR_REGULUS	3	64
44ae3f485aa90454b53e2f2819b48a05f5a7889bd9ea0031a30b368b7ad6e9b2	UNCONSTRAINED_PAGE	IDENTITY	STAR_SCHEDAR	1	64
44ae3f485aa90454b53e2f2819b48a05f5a7889bd9ea0031a30b368b7ad6e9b2	UNCONSTRAINED_PAGE	IDENTITY	STAR_SHAULA	1	64
44ae3f485aa90454b53e2f2819b48a05f5a7889bd9ea0031a30b368b7ad6e9b2	UNCONSTRAINED_PAGE	IDENTITY	STAR_SHERATAN	1	64
44ae3f485aa90454b53e2f2819b48a05f5a7889bd9ea0031a30b368b7ad6e9b2	UNCONSTRAINED_PAGE	IDENTITY	STAR_SPICA	3	64
44ae3f485aa90454b53e2f2819b48a05f5a7889bd9ea0031a30b368b7ad6e9b2	UNCONSTRAINED_PAGE	IDENTITY	STAR_SUBRA	1	64
44ae3f485aa90454b53e2f2819b48a05f5a7889bd9ea0031a30b368b7ad6e9b2	UNCONSTRAINED_PAGE	IDENTITY	STAR_THUBAN	1	64
44ae3f485aa90454b53e2f2819b48a05f5a7889bd9ea0031a30b368b7ad6e9b2	UNCONSTRAINED_PAGE	IDENTITY	STAR_UNUKALHAI	1	64
44ae3f485aa90454b53e2f2819b48a05f5a7889bd9ea0031a30b368b7ad6e9b2	UNCONSTRAINED_PAGE	IDENTITY	STAR_VEGA	2	64
44ae3f485aa90454b53e2f2819b48a05f5a7889bd9ea0031a30b368b7ad6e9b2	F68R2_ONLY	LABEL	STAR_f68r2_12465	64	64
44ae3f485aa90454b53e2f2819b48a05f5a7889bd9ea0031a30b368b7ad6e9b2	F68R2_ONLY	LABEL	STAR_f68r2_12486	64	64
44ae3f485aa90454b53e2f2819b48a05f5a7889bd9ea0031a30b368b7ad6e9b2	F68R2_ONLY	LABEL	STAR_f68r2_12463	64	64
44ae3f485aa90454b53e2f2819b48a05f5a7889bd9ea0031a30b368b7ad6e9b2	F68R2_ONLY	IDENTITY	STAR_SCHEAT	64	64
44ae3f485aa90454b53e2f2819b48a05f5a7889bd9ea0031a30b368b7ad6e9b2	F68R2_ONLY	IDENTITY	STAR_DIPHDA	64	64
44ae3f485aa90454b53e2f2819b48a05f5a7889bd9ea0031a30b368b7ad6e9b2	F68R2_ONLY	IDENTITY	STAR_ACHERNAR	1	64
44ae3f485aa90454b53e2f2819b48a05f5a7889bd9ea0031a30b368b7ad6e9b2	F68R2_ONLY	IDENTITY	STAR_ACRAB	1	64
44ae3f485aa90454b53e2f2819b48a05f5a7889bd9ea0031a30b368b7ad6e9b2	F68R2_ONLY	IDENTITY	STAR_ACUBENS	1	64
44ae3f485aa90454b53e2f2819b48a05f5a7889bd9ea0031a30b368b7ad6e9b2	F68R2_ONLY	IDENTITY	STAR_ALCHIBA	1	64
44ae3f485aa90454b53e2f2819b48a05f5a7889bd9ea0031a30b368b7ad6e9b2	F68R2_ONLY	IDENTITY	STAR_ALCOR	1	64
44ae3f485aa90454b53e2f2819b48a05f5a7889bd9ea0031a30b368b7ad6e9b2	F68R2_ONLY	IDENTITY	STAR_ALDEBARAN	1	64
44ae3f485aa90454b53e2f2819b48a05f5a7889bd9ea0031a30b368b7ad6e9b2	F68R2_ONLY	IDENTITY	STAR_ALDERAMIN	1	64
44ae3f485aa90454b53e2f2819b48a05f5a7889bd9ea0031a30b368b7ad6e9b2	F68R2_ONLY	IDENTITY	STAR_ALGOL	1	64
44ae3f485aa90454b53e2f2819b48a05f5a7889bd9ea0031a30b368b7ad6e9b2	F68R2_ONLY	IDENTITY	STAR_ALGORAB	1	64
44ae3f485aa90454b53e2f2819b48a05f5a7889bd9ea0031a30b368b7ad6e9b2	F68R2_ONLY	IDENTITY	STAR_ALIOTH	1	64
44ae3f485aa90454b53e2f2819b48a05f5a7889bd9ea0031a30b368b7ad6e9b2	F68R2_ONLY	IDENTITY	STAR_ALKAID	1	64
44ae3f485aa90454b53e2f2819b48a05f5a7889bd9ea0031a30b368b7ad6e9b2	F68R2_ONLY	IDENTITY	STAR_ALMACH	2	64
44ae3f485aa90454b53e2f2819b48a05f5a7889bd9ea0031a30b368b7ad6e9b2	F68R2_ONLY	IDENTITY	STAR_ALNATH	1	64
44ae3f485aa90454b53e2f2819b48a05f5a7889bd9ea0031a30b368b7ad6e9b2	F68R2_ONLY	IDENTITY	STAR_ALNITAK	1	64
44ae3f485aa90454b53e2f2819b48a05f5a7889bd9ea0031a30b368b7ad6e9b2	F68R2_ONLY	IDENTITY	STAR_ALPHARD	1	64
44ae3f485aa90454b53e2f2819b48a05f5a7889bd9ea0031a30b368b7ad6e9b2	F68R2_ONLY	IDENTITY	STAR_ALPHERATZ	1	64
44ae3f485aa90454b53e2f2819b48a05f5a7889bd9ea0031a30b368b7ad6e9b2	F68R2_ONLY	IDENTITY	STAR_ALRISHA	1	64
44ae3f485aa90454b53e2f2819b48a05f5a7889bd9ea0031a30b368b7ad6e9b2	F68R2_ONLY	IDENTITY	STAR_ARCTURUS	2	64
44ae3f485aa90454b53e2f2819b48a05f5a7889bd9ea0031a30b368b7ad6e9b2	F68R2_ONLY	IDENTITY	STAR_ASCELLA	1	64
44ae3f485aa90454b53e2f2819b48a05f5a7889bd9ea0031a30b368b7ad6e9b2	F68R2_ONLY	IDENTITY	STAR_CANOPUS	1	64
44ae3f485aa90454b53e2f2819b48a05f5a7889bd9ea0031a30b368b7ad6e9b2	F68R2_ONLY	IDENTITY	STAR_CAPELLA	3	64
44ae3f485aa90454b53e2f2819b48a05f5a7889bd9ea0031a30b368b7ad6e9b2	F68R2_ONLY	IDENTITY	STAR_CAPH	2	64
44ae3f485aa90454b53e2f2819b48a05f5a7889bd9ea0031a30b368b7ad6e9b2	F68R2_ONLY	IDENTITY	STAR_CASTOR	1	64
44ae3f485aa90454b53e2f2819b48a05f5a7889bd9ea0031a30b368b7ad6e9b2	F68R2_ONLY	IDENTITY	STAR_COR_CAROLI	1	64
44ae3f485aa90454b53e2f2819b48a05f5a7889bd9ea0031a30b368b7ad6e9b2	F68R2_ONLY	IDENTITY	STAR_DABIH	1	64
44ae3f485aa90454b53e2f2819b48a05f5a7889bd9ea0031a30b368b7ad6e9b2	F68R2_ONLY	IDENTITY	STAR_DENEB	1	64
44ae3f485aa90454b53e2f2819b48a05f5a7889bd9ea0031a30b368b7ad6e9b2	F68R2_ONLY	IDENTITY	STAR_DENEBOLA	1	64
44ae3f485aa90454b53e2f2819b48a05f5a7889bd9ea0031a30b368b7ad6e9b2	F68R2_ONLY	IDENTITY	STAR_FOMALHAUT	1	64
44ae3f485aa90454b53e2f2819b48a05f5a7889bd9ea0031a30b368b7ad6e9b2	F68R2_ONLY	IDENTITY	STAR_HAMAL	1	64
44ae3f485aa90454b53e2f2819b48a05f5a7889bd9ea0031a30b368b7ad6e9b2	F68R2_ONLY	IDENTITY	STAR_KOCHAB	1	64
44ae3f485aa90454b53e2f2819b48a05f5a7889bd9ea0031a30b368b7ad6e9b2	F68R2_ONLY	IDENTITY	STAR_MEGREZ	1	64
44ae3f485aa90454b53e2f2819b48a05f5a7889bd9ea0031a30b368b7ad6e9b2	F68R2_ONLY	IDENTITY	STAR_MENKAR	1	64
44ae3f485aa90454b53e2f2819b48a05f5a7889bd9ea0031a30b368b7ad6e9b2	F68R2_ONLY	IDENTITY	STAR_MERAK	1	64
44ae3f485aa90454b53e2f2819b48a05f5a7889bd9ea0031a30b368b7ad6e9b2	F68R2_ONLY	IDENTITY	STAR_MIRACH	2	64
44ae3f485aa90454b53e2f2819b48a05f5a7889bd9ea0031a30b368b7ad6e9b2	F68R2_ONLY	IDENTITY	STAR_MIRFAK	1	64
44ae3f485aa90454b53e2f2819b48a05f5a7889bd9ea0031a30b368b7ad6e9b2	F68R2_ONLY	IDENTITY	STAR_MIZAR	1	64
44ae3f485aa90454b53e2f2819b48a05f5a7889bd9ea0031a30b368b7ad6e9b2	F68R2_ONLY	IDENTITY	STAR_NUNKI	1	64
44ae3f485aa90454b53e2f2819b48a05f5a7889bd9ea0031a30b368b7ad6e9b2	F68R2_ONLY	IDENTITY	STAR_PHECDA	1	64
44ae3f485aa90454b53e2f2819b48a05f5a7889bd9ea0031a30b368b7ad6e9b2	F68R2_ONLY	IDENTITY	STAR_POLARIS	1	64
44ae3f485aa90454b53e2f2819b48a05f5a7889bd9ea0031a30b368b7ad6e9b2	F68R2_ONLY	IDENTITY	STAR_POLLUX	1	64
44ae3f485aa90454b53e2f2819b48a05f5a7889bd9ea0031a30b368b7ad6e9b2	F68R2_ONLY	IDENTITY	STAR_PROCYON	3	64
44ae3f485aa90454b53e2f2819b48a05f5a7889bd9ea0031a30b368b7ad6e9b2	F68R2_ONLY	IDENTITY	STAR_RASALHAGUE	1	64
44ae3f485aa90454b53e2f2819b48a05f5a7889bd9ea0031a30b368b7ad6e9b2	F68R2_ONLY	IDENTITY	STAR_REGULUS	3	64
44ae3f485aa90454b53e2f2819b48a05f5a7889bd9ea0031a30b368b7ad6e9b2	F68R2_ONLY	IDENTITY	STAR_SCHEDAR	1	64
44ae3f485aa90454b53e2f2819b48a05f5a7889bd9ea0031a30b368b7ad6e9b2	F68R2_ONLY	IDENTITY	STAR_SHAULA	1	64
44ae3f485aa90454b53e2f2819b48a05f5a7889bd9ea0031a30b368b7ad6e9b2	F68R2_ONLY	IDENTITY	STAR_SHERATAN	1	64
44ae3f485aa90454b53e2f2819b48a05f5a7889bd9ea0031a30b368b7ad6e9b2	F68R2_ONLY	IDENTITY	STAR_SPICA	3	64
44ae3f485aa90454b53e2f2819b48a05f5a7889bd9ea0031a30b368b7ad6e9b2	F68R2_ONLY	IDENTITY	STAR_SUBRA	1	64
44ae3f485aa90454b53e2f2819b48a05f5a7889bd9ea0031a30b368b7ad6e9b2	F68R2_ONLY	IDENTITY	STAR_THUBAN	1	64
44ae3f485aa90454b53e2f2819b48a05f5a7889bd9ea0031a30b368b7ad6e9b2	F68R2_ONLY	IDENTITY	STAR_UNUKALHAI	1	64
44ae3f485aa90454b53e2f2819b48a05f5a7889bd9ea0031a30b368b7ad6e9b2	F68R2_ONLY	IDENTITY	STAR_VEGA	2	64
c65a6229cd74cb423fb76a013407f20a1b0ab8761a4eeee0e38ab38b0b7c7709	UNCONSTRAINED_PAGE	LABEL	STAR_f68r2_12465	49	49
c65a6229cd74cb423fb76a013407f20a1b0ab8761a4eeee0e38ab38b0b7c7709	UNCONSTRAINED_PAGE	LABEL	STAR_f68r2_12486	49	49
c65a6229cd74cb423fb76a013407f20a1b0ab8761a4eeee0e38ab38b0b7c7709	UNCONSTRAINED_PAGE	LABEL	STAR_f68r2_12463	49	49
c65a6229cd74cb423fb76a013407f20a1b0ab8761a4eeee0e38ab38b0b7c7709	UNCONSTRAINED_PAGE	IDENTITY	STAR_UNUKALHAI	49	49
c65a6229cd74cb423fb76a013407f20a1b0ab8761a4eeee0e38ab38b0b7c7709	UNCONSTRAINED_PAGE	IDENTITY	STAR_IZAR	49	49
c65a6229cd74cb423fb76a013407f20a1b0ab8761a4eeee0e38ab38b0b7c7709	UNCONSTRAINED_PAGE	IDENTITY	STAR_ACHERNAR	1	49
c65a6229cd74cb423fb76a013407f20a1b0ab8761a4eeee0e38ab38b0b7c7709	UNCONSTRAINED_PAGE	IDENTITY	STAR_ALBIREO	2	49
c65a6229cd74cb423fb76a013407f20a1b0ab8761a4eeee0e38ab38b0b7c7709	UNCONSTRAINED_PAGE	IDENTITY	STAR_ALCHIBA	1	49
c65a6229cd74cb423fb76a013407f20a1b0ab8761a4eeee0e38ab38b0b7c7709	UNCONSTRAINED_PAGE	IDENTITY	STAR_ALCOR	1	49
c65a6229cd74cb423fb76a013407f20a1b0ab8761a4eeee0e38ab38b0b7c7709	UNCONSTRAINED_PAGE	IDENTITY	STAR_ALDEBARAN	1	49
c65a6229cd74cb423fb76a013407f20a1b0ab8761a4eeee0e38ab38b0b7c7709	UNCONSTRAINED_PAGE	IDENTITY	STAR_ALGOL	1	49
c65a6229cd74cb423fb76a013407f20a1b0ab8761a4eeee0e38ab38b0b7c7709	UNCONSTRAINED_PAGE	IDENTITY	STAR_ALGORAB	2	49
c65a6229cd74cb423fb76a013407f20a1b0ab8761a4eeee0e38ab38b0b7c7709	UNCONSTRAINED_PAGE	IDENTITY	STAR_ALHENA	1	49
c65a6229cd74cb423fb76a013407f20a1b0ab8761a4eeee0e38ab38b0b7c7709	UNCONSTRAINED_PAGE	IDENTITY	STAR_ALIOTH	1	49
c65a6229cd74cb423fb76a013407f20a1b0ab8761a4eeee0e38ab38b0b7c7709	UNCONSTRAINED_PAGE	IDENTITY	STAR_ALMACH	1	49
c65a6229cd74cb423fb76a013407f20a1b0ab8761a4eeee0e38ab38b0b7c7709	UNCONSTRAINED_PAGE	IDENTITY	STAR_ALNATH	1	49
c65a6229cd74cb423fb76a013407f20a1b0ab8761a4eeee0e38ab38b0b7c7709	UNCONSTRAINED_PAGE	IDENTITY	STAR_ALPHARD	1	49
c65a6229cd74cb423fb76a013407f20a1b0ab8761a4eeee0e38ab38b0b7c7709	UNCONSTRAINED_PAGE	IDENTITY	STAR_ALRISHA	1	49
c65a6229cd74cb423fb76a013407f20a1b0ab8761a4eeee0e38ab38b0b7c7709	UNCONSTRAINED_PAGE	IDENTITY	STAR_ALTAIR	2	49
c65a6229cd74cb423fb76a013407f20a1b0ab8761a4eeee0e38ab38b0b7c7709	UNCONSTRAINED_PAGE	IDENTITY	STAR_ARCTURUS	1	49
c65a6229cd74cb423fb76a013407f20a1b0ab8761a4eeee0e38ab38b0b7c7709	UNCONSTRAINED_PAGE	IDENTITY	STAR_CANOPUS	1	49
c65a6229cd74cb423fb76a013407f20a1b0ab8761a4eeee0e38ab38b0b7c7709	UNCONSTRAINED_PAGE	IDENTITY	STAR_CAPELLA	1	49
c65a6229cd74cb423fb76a013407f20a1b0ab8761a4eeee0e38ab38b0b7c7709	UNCONSTRAINED_PAGE	IDENTITY	STAR_CASTOR	1	49
c65a6229cd74cb423fb76a013407f20a1b0ab8761a4eeee0e38ab38b0b7c7709	UNCONSTRAINED_PAGE	IDENTITY	STAR_DABIH	1	49
c65a6229cd74cb423fb76a013407f20a1b0ab8761a4eeee0e38ab38b0b7c7709	UNCONSTRAINED_PAGE	IDENTITY	STAR_DENEB_ALGEDI	1	49
c65a6229cd74cb423fb76a013407f20a1b0ab8761a4eeee0e38ab38b0b7c7709	UNCONSTRAINED_PAGE	IDENTITY	STAR_DENEBOLA	2	49
c65a6229cd74cb423fb76a013407f20a1b0ab8761a4eeee0e38ab38b0b7c7709	UNCONSTRAINED_PAGE	IDENTITY	STAR_DUBHE	1	49
c65a6229cd74cb423fb76a013407f20a1b0ab8761a4eeee0e38ab38b0b7c7709	UNCONSTRAINED_PAGE	IDENTITY	STAR_ELTANIN	1	49
c65a6229cd74cb423fb76a013407f20a1b0ab8761a4eeee0e38ab38b0b7c7709	UNCONSTRAINED_PAGE	IDENTITY	STAR_FOMALHAUT	2	49
c65a6229cd74cb423fb76a013407f20a1b0ab8761a4eeee0e38ab38b0b7c7709	UNCONSTRAINED_PAGE	IDENTITY	STAR_KOCHAB	2	49
c65a6229cd74cb423fb76a013407f20a1b0ab8761a4eeee0e38ab38b0b7c7709	UNCONSTRAINED_PAGE	IDENTITY	STAR_MERAK	1	49
c65a6229cd74cb423fb76a013407f20a1b0ab8761a4eeee0e38ab38b0b7c7709	UNCONSTRAINED_PAGE	IDENTITY	STAR_MIRACH	1	49
c65a6229cd74cb423fb76a013407f20a1b0ab8761a4eeee0e38ab38b0b7c7709	UNCONSTRAINED_PAGE	IDENTITY	STAR_POLARIS	1	49
c65a6229cd74cb423fb76a013407f20a1b0ab8761a4eeee0e38ab38b0b7c7709	UNCONSTRAINED_PAGE	IDENTITY	STAR_POLLUX	1	49
c65a6229cd74cb423fb76a013407f20a1b0ab8761a4eeee0e38ab38b0b7c7709	UNCONSTRAINED_PAGE	IDENTITY	STAR_PORRIMA	1	49
c65a6229cd74cb423fb76a013407f20a1b0ab8761a4eeee0e38ab38b0b7c7709	UNCONSTRAINED_PAGE	IDENTITY	STAR_RASTABAN	1	49
c65a6229cd74cb423fb76a013407f20a1b0ab8761a4eeee0e38ab38b0b7c7709	UNCONSTRAINED_PAGE	IDENTITY	STAR_SADALMELIK	1	49
c65a6229cd74cb423fb76a013407f20a1b0ab8761a4eeee0e38ab38b0b7c7709	UNCONSTRAINED_PAGE	IDENTITY	STAR_SCHEDAR	1	49
c65a6229cd74cb423fb76a013407f20a1b0ab8761a4eeee0e38ab38b0b7c7709	UNCONSTRAINED_PAGE	IDENTITY	STAR_SHERATAN	1	49
c65a6229cd74cb423fb76a013407f20a1b0ab8761a4eeee0e38ab38b0b7c7709	UNCONSTRAINED_PAGE	IDENTITY	STAR_SIRIUS	1	49
c65a6229cd74cb423fb76a013407f20a1b0ab8761a4eeee0e38ab38b0b7c7709	UNCONSTRAINED_PAGE	IDENTITY	STAR_SUBRA	1	49
c65a6229cd74cb423fb76a013407f20a1b0ab8761a4eeee0e38ab38b0b7c7709	UNCONSTRAINED_PAGE	IDENTITY	STAR_THUBAN	1	49
c65a6229cd74cb423fb76a013407f20a1b0ab8761a4eeee0e38ab38b0b7c7709	UNCONSTRAINED_PAGE	IDENTITY	STAR_WASAT	1	49
c65a6229cd74cb423fb76a013407f20a1b0ab8761a4eeee0e38ab38b0b7c7709	UNCONSTRAINED_PAGE	IDENTITY	STAR_WEZN	1	49
c65a6229cd74cb423fb76a013407f20a1b0ab8761a4eeee0e38ab38b0b7c7709	UNCONSTRAINED_PAGE	IDENTITY	STAR_ZOSMA	2	49
c65a6229cd74cb423fb76a013407f20a1b0ab8761a4eeee0e38ab38b0b7c7709	UNCONSTRAINED_PAGE	IDENTITY	STAR_ZUBENESCHAMALI	2	49
c65a6229cd74cb423fb76a013407f20a1b0ab8761a4eeee0e38ab38b0b7c7709	F68R2_ONLY	LABEL	STAR_f68r2_12465	49	49
c65a6229cd74cb423fb76a013407f20a1b0ab8761a4eeee0e38ab38b0b7c7709	F68R2_ONLY	LABEL	STAR_f68r2_12486	49	49
c65a6229cd74cb423fb76a013407f20a1b0ab8761a4eeee0e38ab38b0b7c7709	F68R2_ONLY	LABEL	STAR_f68r2_12463	49	49
c65a6229cd74cb423fb76a013407f20a1b0ab8761a4eeee0e38ab38b0b7c7709	F68R2_ONLY	IDENTITY	STAR_UNUKALHAI	49	49
c65a6229cd74cb423fb76a013407f20a1b0ab8761a4eeee0e38ab38b0b7c7709	F68R2_ONLY	IDENTITY	STAR_IZAR	49	49
c65a6229cd74cb423fb76a013407f20a1b0ab8761a4eeee0e38ab38b0b7c7709	F68R2_ONLY	IDENTITY	STAR_ACHERNAR	1	49
c65a6229cd74cb423fb76a013407f20a1b0ab8761a4eeee0e38ab38b0b7c7709	F68R2_ONLY	IDENTITY	STAR_ALBIREO	2	49
c65a6229cd74cb423fb76a013407f20a1b0ab8761a4eeee0e38ab38b0b7c7709	F68R2_ONLY	IDENTITY	STAR_ALCHIBA	1	49
c65a6229cd74cb423fb76a013407f20a1b0ab8761a4eeee0e38ab38b0b7c7709	F68R2_ONLY	IDENTITY	STAR_ALCOR	1	49
c65a6229cd74cb423fb76a013407f20a1b0ab8761a4eeee0e38ab38b0b7c7709	F68R2_ONLY	IDENTITY	STAR_ALDEBARAN	1	49
c65a6229cd74cb423fb76a013407f20a1b0ab8761a4eeee0e38ab38b0b7c7709	F68R2_ONLY	IDENTITY	STAR_ALGOL	1	49
c65a6229cd74cb423fb76a013407f20a1b0ab8761a4eeee0e38ab38b0b7c7709	F68R2_ONLY	IDENTITY	STAR_ALGORAB	2	49
c65a6229cd74cb423fb76a013407f20a1b0ab8761a4eeee0e38ab38b0b7c7709	F68R2_ONLY	IDENTITY	STAR_ALHENA	1	49
c65a6229cd74cb423fb76a013407f20a1b0ab8761a4eeee0e38ab38b0b7c7709	F68R2_ONLY	IDENTITY	STAR_ALIOTH	1	49
c65a6229cd74cb423fb76a013407f20a1b0ab8761a4eeee0e38ab38b0b7c7709	F68R2_ONLY	IDENTITY	STAR_ALMACH	1	49
c65a6229cd74cb423fb76a013407f20a1b0ab8761a4eeee0e38ab38b0b7c7709	F68R2_ONLY	IDENTITY	STAR_ALNATH	1	49
c65a6229cd74cb423fb76a013407f20a1b0ab8761a4eeee0e38ab38b0b7c7709	F68R2_ONLY	IDENTITY	STAR_ALPHARD	1	49
c65a6229cd74cb423fb76a013407f20a1b0ab8761a4eeee0e38ab38b0b7c7709	F68R2_ONLY	IDENTITY	STAR_ALRISHA	1	49
c65a6229cd74cb423fb76a013407f20a1b0ab8761a4eeee0e38ab38b0b7c7709	F68R2_ONLY	IDENTITY	STAR_ALTAIR	2	49
c65a6229cd74cb423fb76a013407f20a1b0ab8761a4eeee0e38ab38b0b7c7709	F68R2_ONLY	IDENTITY	STAR_ARCTURUS	1	49
c65a6229cd74cb423fb76a013407f20a1b0ab8761a4eeee0e38ab38b0b7c7709	F68R2_ONLY	IDENTITY	STAR_CANOPUS	1	49
c65a6229cd74cb423fb76a013407f20a1b0ab8761a4eeee0e38ab38b0b7c7709	F68R2_ONLY	IDENTITY	STAR_CAPELLA	1	49
c65a6229cd74cb423fb76a013407f20a1b0ab8761a4eeee0e38ab38b0b7c7709	F68R2_ONLY	IDENTITY	STAR_CASTOR	1	49
c65a6229cd74cb423fb76a013407f20a1b0ab8761a4eeee0e38ab38b0b7c7709	F68R2_ONLY	IDENTITY	STAR_DABIH	1	49
c65a6229cd74cb423fb76a013407f20a1b0ab8761a4eeee0e38ab38b0b7c7709	F68R2_ONLY	IDENTITY	STAR_DENEB_ALGEDI	1	49
c65a6229cd74cb423fb76a013407f20a1b0ab8761a4eeee0e38ab38b0b7c7709	F68R2_ONLY	IDENTITY	STAR_DENEBOLA	2	49
c65a6229cd74cb423fb76a013407f20a1b0ab8761a4eeee0e38ab38b0b7c7709	F68R2_ONLY	IDENTITY	STAR_DUBHE	1	49
c65a6229cd74cb423fb76a013407f20a1b0ab8761a4eeee0e38ab38b0b7c7709	F68R2_ONLY	IDENTITY	STAR_ELTANIN	1	49
c65a6229cd74cb423fb76a013407f20a1b0ab8761a4eeee0e38ab38b0b7c7709	F68R2_ONLY	IDENTITY	STAR_FOMALHAUT	2	49
c65a6229cd74cb423fb76a013407f20a1b0ab8761a4eeee0e38ab38b0b7c7709	F68R2_ONLY	IDENTITY	STAR_KOCHAB	2	49
c65a6229cd74cb423fb76a013407f20a1b0ab8761a4eeee0e38ab38b0b7c7709	F68R2_ONLY	IDENTITY	STAR_MERAK	1	49
c65a6229cd74cb423fb76a013407f20a1b0ab8761a4eeee0e38ab38b0b7c7709	F68R2_ONLY	IDENTITY	STAR_MIRACH	1	49
c65a6229cd74cb423fb76a013407f20a1b0ab8761a4eeee0e38ab38b0b7c7709	F68R2_ONLY	IDENTITY	STAR_POLARIS	1	49
c65a6229cd74cb423fb76a013407f20a1b0ab8761a4eeee0e38ab38b0b7c7709	F68R2_ONLY	IDENTITY	STAR_POLLUX	1	49
c65a6229cd74cb423fb76a013407f20a1b0ab8761a4eeee0e38ab38b0b7c7709	F68R2_ONLY	IDENTITY	STAR_PORRIMA	1	49
c65a6229cd74cb423fb76a013407f20a1b0ab8761a4eeee0e38ab38b0b7c7709	F68R2_ONLY	IDENTITY	STAR_RASTABAN	1	49
c65a6229cd74cb423fb76a013407f20a1b0ab8761a4eeee0e38ab38b0b7c7709	F68R2_ONLY	IDENTITY	STAR_SADALMELIK	1	49
c65a6229cd74cb423fb76a013407f20a1b0ab8761a4eeee0e38ab38b0b7c7709	F68R2_ONLY	IDENTITY	STAR_SCHEDAR	1	49
c65a6229cd74cb423fb76a013407f20a1b0ab8761a4eeee0e38ab38b0b7c7709	F68R2_ONLY	IDENTITY	STAR_SHERATAN	1	49
c65a6229cd74cb423fb76a013407f20a1b0ab8761a4eeee0e38ab38b0b7c7709	F68R2_ONLY	IDENTITY	STAR_SIRIUS	1	49
c65a6229cd74cb423fb76a013407f20a1b0ab8761a4eeee0e38ab38b0b7c7709	F68R2_ONLY	IDENTITY	STAR_SUBRA	1	49
c65a6229cd74cb423fb76a013407f20a1b0ab8761a4eeee0e38ab38b0b7c7709	F68R2_ONLY	IDENTITY	STAR_THUBAN	1	49
c65a6229cd74cb423fb76a013407f20a1b0ab8761a4eeee0e38ab38b0b7c7709	F68R2_ONLY	IDENTITY	STAR_WASAT	1	49
c65a6229cd74cb423fb76a013407f20a1b0ab8761a4eeee0e38ab38b0b7c7709	F68R2_ONLY	IDENTITY	STAR_WEZN	1	49
c65a6229cd74cb423fb76a013407f20a1b0ab8761a4eeee0e38ab38b0b7c7709	F68R2_ONLY	IDENTITY	STAR_ZOSMA	2	49
c65a6229cd74cb423fb76a013407f20a1b0ab8761a4eeee0e38ab38b0b7c7709	F68R2_ONLY	IDENTITY	STAR_ZUBENESCHAMALI	2	49
23a6f72127d8a57266c581ec4636296bb8642960851252fe3b255e360e5311ad	UNCONSTRAINED_PAGE	LABEL	STAR_f68r2_12465	71	71
23a6f72127d8a57266c581ec4636296bb8642960851252fe3b255e360e5311ad	UNCONSTRAINED_PAGE	LABEL	STAR_f68r2_12486	71	71
23a6f72127d8a57266c581ec4636296bb8642960851252fe3b255e360e5311ad	UNCONSTRAINED_PAGE	LABEL	STAR_f68r2_12463	71	71
23a6f72127d8a57266c581ec4636296bb8642960851252fe3b255e360e5311ad	UNCONSTRAINED_PAGE	IDENTITY	STAR_UNUKALHAI	71	71
23a6f72127d8a57266c581ec4636296bb8642960851252fe3b255e360e5311ad	UNCONSTRAINED_PAGE	IDENTITY	STAR_ALCHIBA	71	71
23a6f72127d8a57266c581ec4636296bb8642960851252fe3b255e360e5311ad	UNCONSTRAINED_PAGE	IDENTITY	STAR_ACHERNAR	1	71
23a6f72127d8a57266c581ec4636296bb8642960851252fe3b255e360e5311ad	UNCONSTRAINED_PAGE	IDENTITY	STAR_ACUBENS	2	71
23a6f72127d8a57266c581ec4636296bb8642960851252fe3b255e360e5311ad	UNCONSTRAINED_PAGE	IDENTITY	STAR_ALBIREO	1	71
23a6f72127d8a57266c581ec4636296bb8642960851252fe3b255e360e5311ad	UNCONSTRAINED_PAGE	IDENTITY	STAR_ALCOR	1	71
23a6f72127d8a57266c581ec4636296bb8642960851252fe3b255e360e5311ad	UNCONSTRAINED_PAGE	IDENTITY	STAR_ALGOL	2	71
23a6f72127d8a57266c581ec4636296bb8642960851252fe3b255e360e5311ad	UNCONSTRAINED_PAGE	IDENTITY	STAR_ALGORAB	1	71
23a6f72127d8a57266c581ec4636296bb8642960851252fe3b255e360e5311ad	UNCONSTRAINED_PAGE	IDENTITY	STAR_ALNILAM	1	71
23a6f72127d8a57266c581ec4636296bb8642960851252fe3b255e360e5311ad	UNCONSTRAINED_PAGE	IDENTITY	STAR_ALPHERATZ	1	71
23a6f72127d8a57266c581ec4636296bb8642960851252fe3b255e360e5311ad	UNCONSTRAINED_PAGE	IDENTITY	STAR_ALTAIR	1	71
23a6f72127d8a57266c581ec4636296bb8642960851252fe3b255e360e5311ad	UNCONSTRAINED_PAGE	IDENTITY	STAR_ARCTURUS	1	71
23a6f72127d8a57266c581ec4636296bb8642960851252fe3b255e360e5311ad	UNCONSTRAINED_PAGE	IDENTITY	STAR_ARKAB	1	71
23a6f72127d8a57266c581ec4636296bb8642960851252fe3b255e360e5311ad	UNCONSTRAINED_PAGE	IDENTITY	STAR_BETELGEUSE	1	71
23a6f72127d8a57266c581ec4636296bb8642960851252fe3b255e360e5311ad	UNCONSTRAINED_PAGE	IDENTITY	STAR_CANOPUS	3	71
23a6f72127d8a57266c581ec4636296bb8642960851252fe3b255e360e5311ad	UNCONSTRAINED_PAGE	IDENTITY	STAR_CAPELLA	2	71
23a6f72127d8a57266c581ec4636296bb8642960851252fe3b255e360e5311ad	UNCONSTRAINED_PAGE	IDENTITY	STAR_CAPH	1	71
23a6f72127d8a57266c581ec4636296bb8642960851252fe3b255e360e5311ad	UNCONSTRAINED_PAGE	IDENTITY	STAR_CASTOR	1	71
23a6f72127d8a57266c581ec4636296bb8642960851252fe3b255e360e5311ad	UNCONSTRAINED_PAGE	IDENTITY	STAR_DENEB	1	71
23a6f72127d8a57266c581ec4636296bb8642960851252fe3b255e360e5311ad	UNCONSTRAINED_PAGE	IDENTITY	STAR_DENEB_ALGEDI	1	71
23a6f72127d8a57266c581ec4636296bb8642960851252fe3b255e360e5311ad	UNCONSTRAINED_PAGE	IDENTITY	STAR_DENEBOLA	1	71
23a6f72127d8a57266c581ec4636296bb8642960851252fe3b255e360e5311ad	UNCONSTRAINED_PAGE	IDENTITY	STAR_DIPHDA	2	71
23a6f72127d8a57266c581ec4636296bb8642960851252fe3b255e360e5311ad	UNCONSTRAINED_PAGE	IDENTITY	STAR_DUBHE	2	71
23a6f72127d8a57266c581ec4636296bb8642960851252fe3b255e360e5311ad	UNCONSTRAINED_PAGE	IDENTITY	STAR_ELTANIN	1	71
23a6f72127d8a57266c581ec4636296bb8642960851252fe3b255e360e5311ad	UNCONSTRAINED_PAGE	IDENTITY	STAR_FOMALHAUT	2	71
23a6f72127d8a57266c581ec4636296bb8642960851252fe3b255e360e5311ad	UNCONSTRAINED_PAGE	IDENTITY	STAR_HAMAL	1	71
23a6f72127d8a57266c581ec4636296bb8642960851252fe3b255e360e5311ad	UNCONSTRAINED_PAGE	IDENTITY	STAR_KOCHAB	1	71
23a6f72127d8a57266c581ec4636296bb8642960851252fe3b255e360e5311ad	UNCONSTRAINED_PAGE	IDENTITY	STAR_MEGREZ	1	71
23a6f72127d8a57266c581ec4636296bb8642960851252fe3b255e360e5311ad	UNCONSTRAINED_PAGE	IDENTITY	STAR_MERAK	2	71
23a6f72127d8a57266c581ec4636296bb8642960851252fe3b255e360e5311ad	UNCONSTRAINED_PAGE	IDENTITY	STAR_MIRFAK	1	71
23a6f72127d8a57266c581ec4636296bb8642960851252fe3b255e360e5311ad	UNCONSTRAINED_PAGE	IDENTITY	STAR_MIZAR	1	71
23a6f72127d8a57266c581ec4636296bb8642960851252fe3b255e360e5311ad	UNCONSTRAINED_PAGE	IDENTITY	STAR_NUNKI	2	71
23a6f72127d8a57266c581ec4636296bb8642960851252fe3b255e360e5311ad	UNCONSTRAINED_PAGE	IDENTITY	STAR_PHECDA	1	71
23a6f72127d8a57266c581ec4636296bb8642960851252fe3b255e360e5311ad	UNCONSTRAINED_PAGE	IDENTITY	STAR_POLARIS	2	71
23a6f72127d8a57266c581ec4636296bb8642960851252fe3b255e360e5311ad	UNCONSTRAINED_PAGE	IDENTITY	STAR_POLLUX	2	71
23a6f72127d8a57266c581ec4636296bb8642960851252fe3b255e360e5311ad	UNCONSTRAINED_PAGE	IDENTITY	STAR_PROCYON	1	71
23a6f72127d8a57266c581ec4636296bb8642960851252fe3b255e360e5311ad	UNCONSTRAINED_PAGE	IDENTITY	STAR_RASALHAGUE	2	71
23a6f72127d8a57266c581ec4636296bb8642960851252fe3b255e360e5311ad	UNCONSTRAINED_PAGE	IDENTITY	STAR_RASTABAN	2	71
23a6f72127d8a57266c581ec4636296bb8642960851252fe3b255e360e5311ad	UNCONSTRAINED_PAGE	IDENTITY	STAR_REGULUS	1	71
23a6f72127d8a57266c581ec4636296bb8642960851252fe3b255e360e5311ad	UNCONSTRAINED_PAGE	IDENTITY	STAR_RUKBAT	3	71
23a6f72127d8a57266c581ec4636296bb8642960851252fe3b255e360e5311ad	UNCONSTRAINED_PAGE	IDENTITY	STAR_SADALMELIK	1	71
23a6f72127d8a57266c581ec4636296bb8642960851252fe3b255e360e5311ad	UNCONSTRAINED_PAGE	IDENTITY	STAR_SCHEAT	1	71
23a6f72127d8a57266c581ec4636296bb8642960851252fe3b255e360e5311ad	UNCONSTRAINED_PAGE	IDENTITY	STAR_SCHEDAR	2	71
23a6f72127d8a57266c581ec4636296bb8642960851252fe3b255e360e5311ad	UNCONSTRAINED_PAGE	IDENTITY	STAR_SHAULA	1	71
23a6f72127d8a57266c581ec4636296bb8642960851252fe3b255e360e5311ad	UNCONSTRAINED_PAGE	IDENTITY	STAR_SHERATAN	1	71
23a6f72127d8a57266c581ec4636296bb8642960851252fe3b255e360e5311ad	UNCONSTRAINED_PAGE	IDENTITY	STAR_SIRIUS	2	71
23a6f72127d8a57266c581ec4636296bb8642960851252fe3b255e360e5311ad	UNCONSTRAINED_PAGE	IDENTITY	STAR_SKAT	1	71
23a6f72127d8a57266c581ec4636296bb8642960851252fe3b255e360e5311ad	UNCONSTRAINED_PAGE	IDENTITY	STAR_SUBRA	2	71
23a6f72127d8a57266c581ec4636296bb8642960851252fe3b255e360e5311ad	UNCONSTRAINED_PAGE	IDENTITY	STAR_THUBAN	2	71
23a6f72127d8a57266c581ec4636296bb8642960851252fe3b255e360e5311ad	UNCONSTRAINED_PAGE	IDENTITY	STAR_WEZN	1	71
23a6f72127d8a57266c581ec4636296bb8642960851252fe3b255e360e5311ad	UNCONSTRAINED_PAGE	IDENTITY	STAR_ZUBENELGENUBI	2	71
23a6f72127d8a57266c581ec4636296bb8642960851252fe3b255e360e5311ad	UNCONSTRAINED_PAGE	IDENTITY	STAR_ZUBENESCHAMALI	1	71
23a6f72127d8a57266c581ec4636296bb8642960851252fe3b255e360e5311ad	F68R2_ONLY	LABEL	STAR_f68r2_12465	71	71
23a6f72127d8a57266c581ec4636296bb8642960851252fe3b255e360e5311ad	F68R2_ONLY	LABEL	STAR_f68r2_12486	71	71
23a6f72127d8a57266c581ec4636296bb8642960851252fe3b255e360e5311ad	F68R2_ONLY	LABEL	STAR_f68r2_12463	71	71
23a6f72127d8a57266c581ec4636296bb8642960851252fe3b255e360e5311ad	F68R2_ONLY	IDENTITY	STAR_UNUKALHAI	71	71
23a6f72127d8a57266c581ec4636296bb8642960851252fe3b255e360e5311ad	F68R2_ONLY	IDENTITY	STAR_ALCHIBA	71	71
23a6f72127d8a57266c581ec4636296bb8642960851252fe3b255e360e5311ad	F68R2_ONLY	IDENTITY	STAR_ACHERNAR	1	71
23a6f72127d8a57266c581ec4636296bb8642960851252fe3b255e360e5311ad	F68R2_ONLY	IDENTITY	STAR_ACUBENS	2	71
23a6f72127d8a57266c581ec4636296bb8642960851252fe3b255e360e5311ad	F68R2_ONLY	IDENTITY	STAR_ALBIREO	1	71
23a6f72127d8a57266c581ec4636296bb8642960851252fe3b255e360e5311ad	F68R2_ONLY	IDENTITY	STAR_ALCOR	1	71
23a6f72127d8a57266c581ec4636296bb8642960851252fe3b255e360e5311ad	F68R2_ONLY	IDENTITY	STAR_ALGOL	2	71
23a6f72127d8a57266c581ec4636296bb8642960851252fe3b255e360e5311ad	F68R2_ONLY	IDENTITY	STAR_ALGORAB	1	71
23a6f72127d8a57266c581ec4636296bb8642960851252fe3b255e360e5311ad	F68R2_ONLY	IDENTITY	STAR_ALNILAM	1	71
23a6f72127d8a57266c581ec4636296bb8642960851252fe3b255e360e5311ad	F68R2_ONLY	IDENTITY	STAR_ALPHERATZ	1	71
23a6f72127d8a57266c581ec4636296bb8642960851252fe3b255e360e5311ad	F68R2_ONLY	IDENTITY	STAR_ALTAIR	1	71
23a6f72127d8a57266c581ec4636296bb8642960851252fe3b255e360e5311ad	F68R2_ONLY	IDENTITY	STAR_ARCTURUS	1	71
23a6f72127d8a57266c581ec4636296bb8642960851252fe3b255e360e5311ad	F68R2_ONLY	IDENTITY	STAR_ARKAB	1	71
23a6f72127d8a57266c581ec4636296bb8642960851252fe3b255e360e5311ad	F68R2_ONLY	IDENTITY	STAR_BETELGEUSE	1	71
23a6f72127d8a57266c581ec4636296bb8642960851252fe3b255e360e5311ad	F68R2_ONLY	IDENTITY	STAR_CANOPUS	3	71
23a6f72127d8a57266c581ec4636296bb8642960851252fe3b255e360e5311ad	F68R2_ONLY	IDENTITY	STAR_CAPELLA	2	71
23a6f72127d8a57266c581ec4636296bb8642960851252fe3b255e360e5311ad	F68R2_ONLY	IDENTITY	STAR_CAPH	1	71
23a6f72127d8a57266c581ec4636296bb8642960851252fe3b255e360e5311ad	F68R2_ONLY	IDENTITY	STAR_CASTOR	1	71
23a6f72127d8a57266c581ec4636296bb8642960851252fe3b255e360e5311ad	F68R2_ONLY	IDENTITY	STAR_DENEB	1	71
23a6f72127d8a57266c581ec4636296bb8642960851252fe3b255e360e5311ad	F68R2_ONLY	IDENTITY	STAR_DENEB_ALGEDI	1	71
23a6f72127d8a57266c581ec4636296bb8642960851252fe3b255e360e5311ad	F68R2_ONLY	IDENTITY	STAR_DENEBOLA	1	71
23a6f72127d8a57266c581ec4636296bb8642960851252fe3b255e360e5311ad	F68R2_ONLY	IDENTITY	STAR_DIPHDA	2	71
23a6f72127d8a57266c581ec4636296bb8642960851252fe3b255e360e5311ad	F68R2_ONLY	IDENTITY	STAR_DUBHE	2	71
23a6f72127d8a57266c581ec4636296bb8642960851252fe3b255e360e5311ad	F68R2_ONLY	IDENTITY	STAR_ELTANIN	1	71
23a6f72127d8a57266c581ec4636296bb8642960851252fe3b255e360e5311ad	F68R2_ONLY	IDENTITY	STAR_FOMALHAUT	2	71
23a6f72127d8a57266c581ec4636296bb8642960851252fe3b255e360e5311ad	F68R2_ONLY	IDENTITY	STAR_HAMAL	1	71
23a6f72127d8a57266c581ec4636296bb8642960851252fe3b255e360e5311ad	F68R2_ONLY	IDENTITY	STAR_KOCHAB	1	71
23a6f72127d8a57266c581ec4636296bb8642960851252fe3b255e360e5311ad	F68R2_ONLY	IDENTITY	STAR_MEGREZ	1	71
23a6f72127d8a57266c581ec4636296bb8642960851252fe3b255e360e5311ad	F68R2_ONLY	IDENTITY	STAR_MERAK	2	71
23a6f72127d8a57266c581ec4636296bb8642960851252fe3b255e360e5311ad	F68R2_ONLY	IDENTITY	STAR_MIRFAK	1	71
23a6f72127d8a57266c581ec4636296bb8642960851252fe3b255e360e5311ad	F68R2_ONLY	IDENTITY	STAR_MIZAR	1	71
23a6f72127d8a57266c581ec4636296bb8642960851252fe3b255e360e5311ad	F68R2_ONLY	IDENTITY	STAR_NUNKI	2	71
23a6f72127d8a57266c581ec4636296bb8642960851252fe3b255e360e5311ad	F68R2_ONLY	IDENTITY	STAR_PHECDA	1	71
23a6f72127d8a57266c581ec4636296bb8642960851252fe3b255e360e5311ad	F68R2_ONLY	IDENTITY	STAR_POLARIS	2	71
23a6f72127d8a57266c581ec4636296bb8642960851252fe3b255e360e5311ad	F68R2_ONLY	IDENTITY	STAR_POLLUX	2	71
23a6f72127d8a57266c581ec4636296bb8642960851252fe3b255e360e5311ad	F68R2_ONLY	IDENTITY	STAR_PROCYON	1	71
23a6f72127d8a57266c581ec4636296bb8642960851252fe3b255e360e5311ad	F68R2_ONLY	IDENTITY	STAR_RASALHAGUE	2	71
23a6f72127d8a57266c581ec4636296bb8642960851252fe3b255e360e5311ad	F68R2_ONLY	IDENTITY	STAR_RASTABAN	2	71
23a6f72127d8a57266c581ec4636296bb8642960851252fe3b255e360e5311ad	F68R2_ONLY	IDENTITY	STAR_REGULUS	1	71
23a6f72127d8a57266c581ec4636296bb8642960851252fe3b255e360e5311ad	F68R2_ONLY	IDENTITY	STAR_RUKBAT	3	71
23a6f72127d8a57266c581ec4636296bb8642960851252fe3b255e360e5311ad	F68R2_ONLY	IDENTITY	STAR_SADALMELIK	1	71
23a6f72127d8a57266c581ec4636296bb8642960851252fe3b255e360e5311ad	F68R2_ONLY	IDENTITY	STAR_SCHEAT	1	71
23a6f72127d8a57266c581ec4636296bb8642960851252fe3b255e360e5311ad	F68R2_ONLY	IDENTITY	STAR_SCHEDAR	2	71
23a6f72127d8a57266c581ec4636296bb8642960851252fe3b255e360e5311ad	F68R2_ONLY	IDENTITY	STAR_SHAULA	1	71
23a6f72127d8a57266c581ec4636296bb8642960851252fe3b255e360e5311ad	F68R2_ONLY	IDENTITY	STAR_SHERATAN	1	71
23a6f72127d8a57266c581ec4636296bb8642960851252fe3b255e360e5311ad	F68R2_ONLY	IDENTITY	STAR_SIRIUS	2	71
23a6f72127d8a57266c581ec4636296bb8642960851252fe3b255e360e5311ad	F68R2_ONLY	IDENTITY	STAR_SKAT	1	71
23a6f72127d8a57266c581ec4636296bb8642960851252fe3b255e360e5311ad	F68R2_ONLY	IDENTITY	STAR_SUBRA	2	71
23a6f72127d8a57266c581ec4636296bb8642960851252fe3b255e360e5311ad	F68R2_ONLY	IDENTITY	STAR_THUBAN	2	71
23a6f72127d8a57266c581ec4636296bb8642960851252fe3b255e360e5311ad	F68R2_ONLY	IDENTITY	STAR_WEZN	1	71
23a6f72127d8a57266c581ec4636296bb8642960851252fe3b255e360e5311ad	F68R2_ONLY	IDENTITY	STAR_ZUBENELGENUBI	2	71
23a6f72127d8a57266c581ec4636296bb8642960851252fe3b255e360e5311ad	F68R2_ONLY	IDENTITY	STAR_ZUBENESCHAMALI	1	71
d90acb8e0f26c269433f8f7f13bddcff3c3b7f0be95b4e808c00e87653fc020c	UNCONSTRAINED_PAGE	LABEL	STAR_f68r2_12465	48	48
d90acb8e0f26c269433f8f7f13bddcff3c3b7f0be95b4e808c00e87653fc020c	UNCONSTRAINED_PAGE	LABEL	STAR_f68r2_12486	48	48
d90acb8e0f26c269433f8f7f13bddcff3c3b7f0be95b4e808c00e87653fc020c	UNCONSTRAINED_PAGE	LABEL	STAR_f68r2_12463	48	48
d90acb8e0f26c269433f8f7f13bddcff3c3b7f0be95b4e808c00e87653fc020c	UNCONSTRAINED_PAGE	IDENTITY	STAR_UNUKALHAI	48	48
d90acb8e0f26c269433f8f7f13bddcff3c3b7f0be95b4e808c00e87653fc020c	UNCONSTRAINED_PAGE	IDENTITY	STAR_KOCHAB	48	48
d90acb8e0f26c269433f8f7f13bddcff3c3b7f0be95b4e808c00e87653fc020c	UNCONSTRAINED_PAGE	IDENTITY	STAR_ACHERNAR	1	48
d90acb8e0f26c269433f8f7f13bddcff3c3b7f0be95b4e808c00e87653fc020c	UNCONSTRAINED_PAGE	IDENTITY	STAR_ALBIREO	2	48
d90acb8e0f26c269433f8f7f13bddcff3c3b7f0be95b4e808c00e87653fc020c	UNCONSTRAINED_PAGE	IDENTITY	STAR_ALCHIBA	1	48
d90acb8e0f26c269433f8f7f13bddcff3c3b7f0be95b4e808c00e87653fc020c	UNCONSTRAINED_PAGE	IDENTITY	STAR_ALCOR	1	48
d90acb8e0f26c269433f8f7f13bddcff3c3b7f0be95b4e808c00e87653fc020c	UNCONSTRAINED_PAGE	IDENTITY	STAR_ALDEBARAN	1	48
d90acb8e0f26c269433f8f7f13bddcff3c3b7f0be95b4e808c00e87653fc020c	UNCONSTRAINED_PAGE	IDENTITY	STAR_ALGOL	1	48
d90acb8e0f26c269433f8f7f13bddcff3c3b7f0be95b4e808c00e87653fc020c	UNCONSTRAINED_PAGE	IDENTITY	STAR_ALGORAB	2	48
d90acb8e0f26c269433f8f7f13bddcff3c3b7f0be95b4e808c00e87653fc020c	UNCONSTRAINED_PAGE	IDENTITY	STAR_ALHENA	1	48
d90acb8e0f26c269433f8f7f13bddcff3c3b7f0be95b4e808c00e87653fc020c	UNCONSTRAINED_PAGE	IDENTITY	STAR_ALIOTH	1	48
d90acb8e0f26c269433f8f7f13bddcff3c3b7f0be95b4e808c00e87653fc020c	UNCONSTRAINED_PAGE	IDENTITY	STAR_ALMACH	1	48
d90acb8e0f26c269433f8f7f13bddcff3c3b7f0be95b4e808c00e87653fc020c	UNCONSTRAINED_PAGE	IDENTITY	STAR_ALNATH	1	48
d90acb8e0f26c269433f8f7f13bddcff3c3b7f0be95b4e808c00e87653fc020c	UNCONSTRAINED_PAGE	IDENTITY	STAR_ALPHARD	1	48
d90acb8e0f26c269433f8f7f13bddcff3c3b7f0be95b4e808c00e87653fc020c	UNCONSTRAINED_PAGE	IDENTITY	STAR_ALRISHA	1	48
d90acb8e0f26c269433f8f7f13bddcff3c3b7f0be95b4e808c00e87653fc020c	UNCONSTRAINED_PAGE	IDENTITY	STAR_ALTAIR	2	48
d90acb8e0f26c269433f8f7f13bddcff3c3b7f0be95b4e808c00e87653fc020c	UNCONSTRAINED_PAGE	IDENTITY	STAR_ARCTURUS	1	48
d90acb8e0f26c269433f8f7f13bddcff3c3b7f0be95b4e808c00e87653fc020c	UNCONSTRAINED_PAGE	IDENTITY	STAR_CANOPUS	1	48
d90acb8e0f26c269433f8f7f13bddcff3c3b7f0be95b4e808c00e87653fc020c	UNCONSTRAINED_PAGE	IDENTITY	STAR_CAPELLA	1	48
d90acb8e0f26c269433f8f7f13bddcff3c3b7f0be95b4e808c00e87653fc020c	UNCONSTRAINED_PAGE	IDENTITY	STAR_CASTOR	1	48
d90acb8e0f26c269433f8f7f13bddcff3c3b7f0be95b4e808c00e87653fc020c	UNCONSTRAINED_PAGE	IDENTITY	STAR_DABIH	1	48
d90acb8e0f26c269433f8f7f13bddcff3c3b7f0be95b4e808c00e87653fc020c	UNCONSTRAINED_PAGE	IDENTITY	STAR_DENEB_ALGEDI	1	48
d90acb8e0f26c269433f8f7f13bddcff3c3b7f0be95b4e808c00e87653fc020c	UNCONSTRAINED_PAGE	IDENTITY	STAR_DENEBOLA	2	48
d90acb8e0f26c269433f8f7f13bddcff3c3b7f0be95b4e808c00e87653fc020c	UNCONSTRAINED_PAGE	IDENTITY	STAR_DUBHE	1	48
d90acb8e0f26c269433f8f7f13bddcff3c3b7f0be95b4e808c00e87653fc020c	UNCONSTRAINED_PAGE	IDENTITY	STAR_ELTANIN	1	48
d90acb8e0f26c269433f8f7f13bddcff3c3b7f0be95b4e808c00e87653fc020c	UNCONSTRAINED_PAGE	IDENTITY	STAR_FOMALHAUT	2	48
d90acb8e0f26c269433f8f7f13bddcff3c3b7f0be95b4e808c00e87653fc020c	UNCONSTRAINED_PAGE	IDENTITY	STAR_IZAR	1	48
d90acb8e0f26c269433f8f7f13bddcff3c3b7f0be95b4e808c00e87653fc020c	UNCONSTRAINED_PAGE	IDENTITY	STAR_MERAK	1	48
d90acb8e0f26c269433f8f7f13bddcff3c3b7f0be95b4e808c00e87653fc020c	UNCONSTRAINED_PAGE	IDENTITY	STAR_MIRACH	1	48
d90acb8e0f26c269433f8f7f13bddcff3c3b7f0be95b4e808c00e87653fc020c	UNCONSTRAINED_PAGE	IDENTITY	STAR_POLARIS	1	48
d90acb8e0f26c269433f8f7f13bddcff3c3b7f0be95b4e808c00e87653fc020c	UNCONSTRAINED_PAGE	IDENTITY	STAR_POLLUX	1	48
d90acb8e0f26c269433f8f7f13bddcff3c3b7f0be95b4e808c00e87653fc020c	UNCONSTRAINED_PAGE	IDENTITY	STAR_PORRIMA	1	48
d90acb8e0f26c269433f8f7f13bddcff3c3b7f0be95b4e808c00e87653fc020c	UNCONSTRAINED_PAGE	IDENTITY	STAR_RASTABAN	1	48
d90acb8e0f26c269433f8f7f13bddcff3c3b7f0be95b4e808c00e87653fc020c	UNCONSTRAINED_PAGE	IDENTITY	STAR_SADALMELIK	1	48
d90acb8e0f26c269433f8f7f13bddcff3c3b7f0be95b4e808c00e87653fc020c	UNCONSTRAINED_PAGE	IDENTITY	STAR_SCHEDAR	1	48
d90acb8e0f26c269433f8f7f13bddcff3c3b7f0be95b4e808c00e87653fc020c	UNCONSTRAINED_PAGE	IDENTITY	STAR_SHERATAN	1	48
d90acb8e0f26c269433f8f7f13bddcff3c3b7f0be95b4e808c00e87653fc020c	UNCONSTRAINED_PAGE	IDENTITY	STAR_SIRIUS	1	48
d90acb8e0f26c269433f8f7f13bddcff3c3b7f0be95b4e808c00e87653fc020c	UNCONSTRAINED_PAGE	IDENTITY	STAR_SUBRA	1	48
d90acb8e0f26c269433f8f7f13bddcff3c3b7f0be95b4e808c00e87653fc020c	UNCONSTRAINED_PAGE	IDENTITY	STAR_THUBAN	1	48
d90acb8e0f26c269433f8f7f13bddcff3c3b7f0be95b4e808c00e87653fc020c	UNCONSTRAINED_PAGE	IDENTITY	STAR_WASAT	1	48
d90acb8e0f26c269433f8f7f13bddcff3c3b7f0be95b4e808c00e87653fc020c	UNCONSTRAINED_PAGE	IDENTITY	STAR_WEZN	1	48
d90acb8e0f26c269433f8f7f13bddcff3c3b7f0be95b4e808c00e87653fc020c	UNCONSTRAINED_PAGE	IDENTITY	STAR_ZOSMA	2	48
d90acb8e0f26c269433f8f7f13bddcff3c3b7f0be95b4e808c00e87653fc020c	UNCONSTRAINED_PAGE	IDENTITY	STAR_ZUBENESCHAMALI	2	48
d90acb8e0f26c269433f8f7f13bddcff3c3b7f0be95b4e808c00e87653fc020c	F68R2_ONLY	LABEL	STAR_f68r2_12465	48	48
d90acb8e0f26c269433f8f7f13bddcff3c3b7f0be95b4e808c00e87653fc020c	F68R2_ONLY	LABEL	STAR_f68r2_12486	48	48
d90acb8e0f26c269433f8f7f13bddcff3c3b7f0be95b4e808c00e87653fc020c	F68R2_ONLY	LABEL	STAR_f68r2_12463	48	48
d90acb8e0f26c269433f8f7f13bddcff3c3b7f0be95b4e808c00e87653fc020c	F68R2_ONLY	IDENTITY	STAR_UNUKALHAI	48	48
d90acb8e0f26c269433f8f7f13bddcff3c3b7f0be95b4e808c00e87653fc020c	F68R2_ONLY	IDENTITY	STAR_KOCHAB	48	48
d90acb8e0f26c269433f8f7f13bddcff3c3b7f0be95b4e808c00e87653fc020c	F68R2_ONLY	IDENTITY	STAR_ACHERNAR	1	48
d90acb8e0f26c269433f8f7f13bddcff3c3b7f0be95b4e808c00e87653fc020c	F68R2_ONLY	IDENTITY	STAR_ALBIREO	2	48
d90acb8e0f26c269433f8f7f13bddcff3c3b7f0be95b4e808c00e87653fc020c	F68R2_ONLY	IDENTITY	STAR_ALCHIBA	1	48
d90acb8e0f26c269433f8f7f13bddcff3c3b7f0be95b4e808c00e87653fc020c	F68R2_ONLY	IDENTITY	STAR_ALCOR	1	48
d90acb8e0f26c269433f8f7f13bddcff3c3b7f0be95b4e808c00e87653fc020c	F68R2_ONLY	IDENTITY	STAR_ALDEBARAN	1	48
d90acb8e0f26c269433f8f7f13bddcff3c3b7f0be95b4e808c00e87653fc020c	F68R2_ONLY	IDENTITY	STAR_ALGOL	1	48
d90acb8e0f26c269433f8f7f13bddcff3c3b7f0be95b4e808c00e87653fc020c	F68R2_ONLY	IDENTITY	STAR_ALGORAB	2	48
d90acb8e0f26c269433f8f7f13bddcff3c3b7f0be95b4e808c00e87653fc020c	F68R2_ONLY	IDENTITY	STAR_ALHENA	1	48
d90acb8e0f26c269433f8f7f13bddcff3c3b7f0be95b4e808c00e87653fc020c	F68R2_ONLY	IDENTITY	STAR_ALIOTH	1	48
d90acb8e0f26c269433f8f7f13bddcff3c3b7f0be95b4e808c00e87653fc020c	F68R2_ONLY	IDENTITY	STAR_ALMACH	1	48
d90acb8e0f26c269433f8f7f13bddcff3c3b7f0be95b4e808c00e87653fc020c	F68R2_ONLY	IDENTITY	STAR_ALNATH	1	48
d90acb8e0f26c269433f8f7f13bddcff3c3b7f0be95b4e808c00e87653fc020c	F68R2_ONLY	IDENTITY	STAR_ALPHARD	1	48
d90acb8e0f26c269433f8f7f13bddcff3c3b7f0be95b4e808c00e87653fc020c	F68R2_ONLY	IDENTITY	STAR_ALRISHA	1	48
d90acb8e0f26c269433f8f7f13bddcff3c3b7f0be95b4e808c00e87653fc020c	F68R2_ONLY	IDENTITY	STAR_ALTAIR	2	48
d90acb8e0f26c269433f8f7f13bddcff3c3b7f0be95b4e808c00e87653fc020c	F68R2_ONLY	IDENTITY	STAR_ARCTURUS	1	48
d90acb8e0f26c269433f8f7f13bddcff3c3b7f0be95b4e808c00e87653fc020c	F68R2_ONLY	IDENTITY	STAR_CANOPUS	1	48
d90acb8e0f26c269433f8f7f13bddcff3c3b7f0be95b4e808c00e87653fc020c	F68R2_ONLY	IDENTITY	STAR_CAPELLA	1	48
d90acb8e0f26c269433f8f7f13bddcff3c3b7f0be95b4e808c00e87653fc020c	F68R2_ONLY	IDENTITY	STAR_CASTOR	1	48
d90acb8e0f26c269433f8f7f13bddcff3c3b7f0be95b4e808c00e87653fc020c	F68R2_ONLY	IDENTITY	STAR_DABIH	1	48
d90acb8e0f26c269433f8f7f13bddcff3c3b7f0be95b4e808c00e87653fc020c	F68R2_ONLY	IDENTITY	STAR_DENEB_ALGEDI	1	48
d90acb8e0f26c269433f8f7f13bddcff3c3b7f0be95b4e808c00e87653fc020c	F68R2_ONLY	IDENTITY	STAR_DENEBOLA	2	48
d90acb8e0f26c269433f8f7f13bddcff3c3b7f0be95b4e808c00e87653fc020c	F68R2_ONLY	IDENTITY	STAR_DUBHE	1	48
d90acb8e0f26c269433f8f7f13bddcff3c3b7f0be95b4e808c00e87653fc020c	F68R2_ONLY	IDENTITY	STAR_ELTANIN	1	48
d90acb8e0f26c269433f8f7f13bddcff3c3b7f0be95b4e808c00e87653fc020c	F68R2_ONLY	IDENTITY	STAR_FOMALHAUT	2	48
d90acb8e0f26c269433f8f7f13bddcff3c3b7f0be95b4e808c00e87653fc020c	F68R2_ONLY	IDENTITY	STAR_IZAR	1	48
d90acb8e0f26c269433f8f7f13bddcff3c3b7f0be95b4e808c00e87653fc020c	F68R2_ONLY	IDENTITY	STAR_MERAK	1	48
d90acb8e0f26c269433f8f7f13bddcff3c3b7f0be95b4e808c00e87653fc020c	F68R2_ONLY	IDENTITY	STAR_MIRACH	1	48
d90acb8e0f26c269433f8f7f13bddcff3c3b7f0be95b4e808c00e87653fc020c	F68R2_ONLY	IDENTITY	STAR_POLARIS	1	48
d90acb8e0f26c269433f8f7f13bddcff3c3b7f0be95b4e808c00e87653fc020c	F68R2_ONLY	IDENTITY	STAR_POLLUX	1	48
d90acb8e0f26c269433f8f7f13bddcff3c3b7f0be95b4e808c00e87653fc020c	F68R2_ONLY	IDENTITY	STAR_PORRIMA	1	48
d90acb8e0f26c269433f8f7f13bddcff3c3b7f0be95b4e808c00e87653fc020c	F68R2_ONLY	IDENTITY	STAR_RASTABAN	1	48
d90acb8e0f26c269433f8f7f13bddcff3c3b7f0be95b4e808c00e87653fc020c	F68R2_ONLY	IDENTITY	STAR_SADALMELIK	1	48
d90acb8e0f26c269433f8f7f13bddcff3c3b7f0be95b4e808c00e87653fc020c	F68R2_ONLY	IDENTITY	STAR_SCHEDAR	1	48
d90acb8e0f26c269433f8f7f13bddcff3c3b7f0be95b4e808c00e87653fc020c	F68R2_ONLY	IDENTITY	STAR_SHERATAN	1	48
d90acb8e0f26c269433f8f7f13bddcff3c3b7f0be95b4e808c00e87653fc020c	F68R2_ONLY	IDENTITY	STAR_SIRIUS	1	48
d90acb8e0f26c269433f8f7f13bddcff3c3b7f0be95b4e808c00e87653fc020c	F68R2_ONLY	IDENTITY	STAR_SUBRA	1	48
d90acb8e0f26c269433f8f7f13bddcff3c3b7f0be95b4e808c00e87653fc020c	F68R2_ONLY	IDENTITY	STAR_THUBAN	1	48
d90acb8e0f26c269433f8f7f13bddcff3c3b7f0be95b4e808c00e87653fc020c	F68R2_ONLY	IDENTITY	STAR_WASAT	1	48
d90acb8e0f26c269433f8f7f13bddcff3c3b7f0be95b4e808c00e87653fc020c	F68R2_ONLY	IDENTITY	STAR_WEZN	1	48
d90acb8e0f26c269433f8f7f13bddcff3c3b7f0be95b4e808c00e87653fc020c	F68R2_ONLY	IDENTITY	STAR_ZOSMA	2	48
d90acb8e0f26c269433f8f7f13bddcff3c3b7f0be95b4e808c00e87653fc020c	F68R2_ONLY	IDENTITY	STAR_ZUBENESCHAMALI	2	48
27e1227eb9009c71ad296de635108e34f70aadabc535ffdfb1e8e9299f4113c7	UNCONSTRAINED_PAGE	LABEL	STAR_f68r2_12465	78	78
27e1227eb9009c71ad296de635108e34f70aadabc535ffdfb1e8e9299f4113c7	UNCONSTRAINED_PAGE	LABEL	STAR_f68r2_12486	78	78
27e1227eb9009c71ad296de635108e34f70aadabc535ffdfb1e8e9299f4113c7	UNCONSTRAINED_PAGE	LABEL	STAR_f68r2_12463	78	78
27e1227eb9009c71ad296de635108e34f70aadabc535ffdfb1e8e9299f4113c7	UNCONSTRAINED_PAGE	IDENTITY	STAR_ALNILAM	78	78
27e1227eb9009c71ad296de635108e34f70aadabc535ffdfb1e8e9299f4113c7	UNCONSTRAINED_PAGE	IDENTITY	STAR_ACHERNAR	78	78
27e1227eb9009c71ad296de635108e34f70aadabc535ffdfb1e8e9299f4113c7	UNCONSTRAINED_PAGE	IDENTITY	STAR_ACUBENS	2	78
27e1227eb9009c71ad296de635108e34f70aadabc535ffdfb1e8e9299f4113c7	UNCONSTRAINED_PAGE	IDENTITY	STAR_ALBIREO	2	78
27e1227eb9009c71ad296de635108e34f70aadabc535ffdfb1e8e9299f4113c7	UNCONSTRAINED_PAGE	IDENTITY	STAR_ALCHIBA	1	78
27e1227eb9009c71ad296de635108e34f70aadabc535ffdfb1e8e9299f4113c7	UNCONSTRAINED_PAGE	IDENTITY	STAR_ALDEBARAN	2	78
27e1227eb9009c71ad296de635108e34f70aadabc535ffdfb1e8e9299f4113c7	UNCONSTRAINED_PAGE	IDENTITY	STAR_ALDERAMIN	2	78
27e1227eb9009c71ad296de635108e34f70aadabc535ffdfb1e8e9299f4113c7	UNCONSTRAINED_PAGE	IDENTITY	STAR_ALGENIB	1	78
27e1227eb9009c71ad296de635108e34f70aadabc535ffdfb1e8e9299f4113c7	UNCONSTRAINED_PAGE	IDENTITY	STAR_ALGIEBA	2	78
27e1227eb9009c71ad296de635108e34f70aadabc535ffdfb1e8e9299f4113c7	UNCONSTRAINED_PAGE	IDENTITY	STAR_ALHENA	2	78
27e1227eb9009c71ad296de635108e34f70aadabc535ffdfb1e8e9299f4113c7	UNCONSTRAINED_PAGE	IDENTITY	STAR_ALIOTH	1	78
27e1227eb9009c71ad296de635108e34f70aadabc535ffdfb1e8e9299f4113c7	UNCONSTRAINED_PAGE	IDENTITY	STAR_ALMACH	1	78
27e1227eb9009c71ad296de635108e34f70aadabc535ffdfb1e8e9299f4113c7	UNCONSTRAINED_PAGE	IDENTITY	STAR_ALPHARD	1	78
27e1227eb9009c71ad296de635108e34f70aadabc535ffdfb1e8e9299f4113c7	UNCONSTRAINED_PAGE	IDENTITY	STAR_ALPHECCA	1	78
27e1227eb9009c71ad296de635108e34f70aadabc535ffdfb1e8e9299f4113c7	UNCONSTRAINED_PAGE	IDENTITY	STAR_ALPHERATZ	2	78
27e1227eb9009c71ad296de635108e34f70aadabc535ffdfb1e8e9299f4113c7	UNCONSTRAINED_PAGE	IDENTITY	STAR_ANTARES	1	78
27e1227eb9009c71ad296de635108e34f70aadabc535ffdfb1e8e9299f4113c7	UNCONSTRAINED_PAGE	IDENTITY	STAR_ARCTURUS	1	78
27e1227eb9009c71ad296de635108e34f70aadabc535ffdfb1e8e9299f4113c7	UNCONSTRAINED_PAGE	IDENTITY	STAR_ARKAB	1	78
27e1227eb9009c71ad296de635108e34f70aadabc535ffdfb1e8e9299f4113c7	UNCONSTRAINED_PAGE	IDENTITY	STAR_ASCELLA	1	78
27e1227eb9009c71ad296de635108e34f70aadabc535ffdfb1e8e9299f4113c7	UNCONSTRAINED_PAGE	IDENTITY	STAR_BELLATRIX	1	78
27e1227eb9009c71ad296de635108e34f70aadabc535ffdfb1e8e9299f4113c7	UNCONSTRAINED_PAGE	IDENTITY	STAR_CANOPUS	1	78
27e1227eb9009c71ad296de635108e34f70aadabc535ffdfb1e8e9299f4113c7	UNCONSTRAINED_PAGE	IDENTITY	STAR_CAPELLA	1	78
27e1227eb9009c71ad296de635108e34f70aadabc535ffdfb1e8e9299f4113c7	UNCONSTRAINED_PAGE	IDENTITY	STAR_DENEB	1	78
27e1227eb9009c71ad296de635108e34f70aadabc535ffdfb1e8e9299f4113c7	UNCONSTRAINED_PAGE	IDENTITY	STAR_DENEBOLA	1	78
27e1227eb9009c71ad296de635108e34f70aadabc535ffdfb1e8e9299f4113c7	UNCONSTRAINED_PAGE	IDENTITY	STAR_DIPHDA	1	78
27e1227eb9009c71ad296de635108e34f70aadabc535ffdfb1e8e9299f4113c7	UNCONSTRAINED_PAGE	IDENTITY	STAR_DUBHE	2	78
27e1227eb9009c71ad296de635108e34f70aadabc535ffdfb1e8e9299f4113c7	UNCONSTRAINED_PAGE	IDENTITY	STAR_ELTANIN	1	78
27e1227eb9009c71ad296de635108e34f70aadabc535ffdfb1e8e9299f4113c7	UNCONSTRAINED_PAGE	IDENTITY	STAR_ENIF	2	78
27e1227eb9009c71ad296de635108e34f70aadabc535ffdfb1e8e9299f4113c7	UNCONSTRAINED_PAGE	IDENTITY	STAR_FOMALHAUT	1	78
27e1227eb9009c71ad296de635108e34f70aadabc535ffdfb1e8e9299f4113c7	UNCONSTRAINED_PAGE	IDENTITY	STAR_HAMAL	1	78
27e1227eb9009c71ad296de635108e34f70aadabc535ffdfb1e8e9299f4113c7	UNCONSTRAINED_PAGE	IDENTITY	STAR_IZAR	1	78
27e1227eb9009c71ad296de635108e34f70aadabc535ffdfb1e8e9299f4113c7	UNCONSTRAINED_PAGE	IDENTITY	STAR_KOCHAB	1	78
27e1227eb9009c71ad296de635108e34f70aadabc535ffdfb1e8e9299f4113c7	UNCONSTRAINED_PAGE	IDENTITY	STAR_MEGREZ	1	78
27e1227eb9009c71ad296de635108e34f70aadabc535ffdfb1e8e9299f4113c7	UNCONSTRAINED_PAGE	IDENTITY	STAR_MENKALINAN	1	78
27e1227eb9009c71ad296de635108e34f70aadabc535ffdfb1e8e9299f4113c7	UNCONSTRAINED_PAGE	IDENTITY	STAR_MENKAR	1	78
27e1227eb9009c71ad296de635108e34f70aadabc535ffdfb1e8e9299f4113c7	UNCONSTRAINED_PAGE	IDENTITY	STAR_MERAK	2	78
27e1227eb9009c71ad296de635108e34f70aadabc535ffdfb1e8e9299f4113c7	UNCONSTRAINED_PAGE	IDENTITY	STAR_MESARTHIM	2	78
27e1227eb9009c71ad296de635108e34f70aadabc535ffdfb1e8e9299f4113c7	UNCONSTRAINED_PAGE	IDENTITY	STAR_MIZAR	1	78
27e1227eb9009c71ad296de635108e34f70aadabc535ffdfb1e8e9299f4113c7	UNCONSTRAINED_PAGE	IDENTITY	STAR_NUNKI	1	78
27e1227eb9009c71ad296de635108e34f70aadabc535ffdfb1e8e9299f4113c7	UNCONSTRAINED_PAGE	IDENTITY	STAR_PHERKAD	2	78
27e1227eb9009c71ad296de635108e34f70aadabc535ffdfb1e8e9299f4113c7	UNCONSTRAINED_PAGE	IDENTITY	STAR_PHECDA	1	78
27e1227eb9009c71ad296de635108e34f70aadabc535ffdfb1e8e9299f4113c7	UNCONSTRAINED_PAGE	IDENTITY	STAR_POLARIS	1	78
27e1227eb9009c71ad296de635108e34f70aadabc535ffdfb1e8e9299f4113c7	UNCONSTRAINED_PAGE	IDENTITY	STAR_PROCYON	1	78
27e1227eb9009c71ad296de635108e34f70aadabc535ffdfb1e8e9299f4113c7	UNCONSTRAINED_PAGE	IDENTITY	STAR_RASALGETHI	2	78
27e1227eb9009c71ad296de635108e34f70aadabc535ffdfb1e8e9299f4113c7	UNCONSTRAINED_PAGE	IDENTITY	STAR_RASALHAGUE	1	78
27e1227eb9009c71ad296de635108e34f70aadabc535ffdfb1e8e9299f4113c7	UNCONSTRAINED_PAGE	IDENTITY	STAR_REGULUS	2	78
27e1227eb9009c71ad296de635108e34f70aadabc535ffdfb1e8e9299f4113c7	UNCONSTRAINED_PAGE	IDENTITY	STAR_RIGEL	3	78
27e1227eb9009c71ad296de635108e34f70aadabc535ffdfb1e8e9299f4113c7	UNCONSTRAINED_PAGE	IDENTITY	STAR_RUKBAT	1	78
27e1227eb9009c71ad296de635108e34f70aadabc535ffdfb1e8e9299f4113c7	UNCONSTRAINED_PAGE	IDENTITY	STAR_SADALMELIK	2	78
27e1227eb9009c71ad296de635108e34f70aadabc535ffdfb1e8e9299f4113c7	UNCONSTRAINED_PAGE	IDENTITY	STAR_SARGAS	1	78
27e1227eb9009c71ad296de635108e34f70aadabc535ffdfb1e8e9299f4113c7	UNCONSTRAINED_PAGE	IDENTITY	STAR_SCHEAT	2	78
27e1227eb9009c71ad296de635108e34f70aadabc535ffdfb1e8e9299f4113c7	UNCONSTRAINED_PAGE	IDENTITY	STAR_SCHEDAR	1	78
27e1227eb9009c71ad296de635108e34f70aadabc535ffdfb1e8e9299f4113c7	UNCONSTRAINED_PAGE	IDENTITY	STAR_SHAULA	1	78
27e1227eb9009c71ad296de635108e34f70aadabc535ffdfb1e8e9299f4113c7	UNCONSTRAINED_PAGE	IDENTITY	STAR_SHERATAN	2	78
27e1227eb9009c71ad296de635108e34f70aadabc535ffdfb1e8e9299f4113c7	UNCONSTRAINED_PAGE	IDENTITY	STAR_SPICA	1	78
27e1227eb9009c71ad296de635108e34f70aadabc535ffdfb1e8e9299f4113c7	UNCONSTRAINED_PAGE	IDENTITY	STAR_VEGA	2	78
27e1227eb9009c71ad296de635108e34f70aadabc535ffdfb1e8e9299f4113c7	UNCONSTRAINED_PAGE	IDENTITY	STAR_VINDEMIATRIX	2	78
27e1227eb9009c71ad296de635108e34f70aadabc535ffdfb1e8e9299f4113c7	UNCONSTRAINED_PAGE	IDENTITY	STAR_ZUBENESCHAMALI	2	78
27e1227eb9009c71ad296de635108e34f70aadabc535ffdfb1e8e9299f4113c7	F68R2_ONLY	LABEL	STAR_f68r2_12465	78	78
27e1227eb9009c71ad296de635108e34f70aadabc535ffdfb1e8e9299f4113c7	F68R2_ONLY	LABEL	STAR_f68r2_12486	78	78
27e1227eb9009c71ad296de635108e34f70aadabc535ffdfb1e8e9299f4113c7	F68R2_ONLY	LABEL	STAR_f68r2_12463	78	78
27e1227eb9009c71ad296de635108e34f70aadabc535ffdfb1e8e9299f4113c7	F68R2_ONLY	IDENTITY	STAR_ALNILAM	78	78
27e1227eb9009c71ad296de635108e34f70aadabc535ffdfb1e8e9299f4113c7	F68R2_ONLY	IDENTITY	STAR_ACHERNAR	78	78
27e1227eb9009c71ad296de635108e34f70aadabc535ffdfb1e8e9299f4113c7	F68R2_ONLY	IDENTITY	STAR_ACUBENS	2	78
27e1227eb9009c71ad296de635108e34f70aadabc535ffdfb1e8e9299f4113c7	F68R2_ONLY	IDENTITY	STAR_ALBIREO	2	78
27e1227eb9009c71ad296de635108e34f70aadabc535ffdfb1e8e9299f4113c7	F68R2_ONLY	IDENTITY	STAR_ALCHIBA	1	78
27e1227eb9009c71ad296de635108e34f70aadabc535ffdfb1e8e9299f4113c7	F68R2_ONLY	IDENTITY	STAR_ALDEBARAN	2	78
27e1227eb9009c71ad296de635108e34f70aadabc535ffdfb1e8e9299f4113c7	F68R2_ONLY	IDENTITY	STAR_ALDERAMIN	2	78
27e1227eb9009c71ad296de635108e34f70aadabc535ffdfb1e8e9299f4113c7	F68R2_ONLY	IDENTITY	STAR_ALGENIB	1	78
27e1227eb9009c71ad296de635108e34f70aadabc535ffdfb1e8e9299f4113c7	F68R2_ONLY	IDENTITY	STAR_ALGIEBA	2	78
27e1227eb9009c71ad296de635108e34f70aadabc535ffdfb1e8e9299f4113c7	F68R2_ONLY	IDENTITY	STAR_ALHENA	2	78
27e1227eb9009c71ad296de635108e34f70aadabc535ffdfb1e8e9299f4113c7	F68R2_ONLY	IDENTITY	STAR_ALIOTH	1	78
27e1227eb9009c71ad296de635108e34f70aadabc535ffdfb1e8e9299f4113c7	F68R2_ONLY	IDENTITY	STAR_ALMACH	1	78
27e1227eb9009c71ad296de635108e34f70aadabc535ffdfb1e8e9299f4113c7	F68R2_ONLY	IDENTITY	STAR_ALPHARD	1	78
27e1227eb9009c71ad296de635108e34f70aadabc535ffdfb1e8e9299f4113c7	F68R2_ONLY	IDENTITY	STAR_ALPHECCA	1	78
27e1227eb9009c71ad296de635108e34f70aadabc535ffdfb1e8e9299f4113c7	F68R2_ONLY	IDENTITY	STAR_ALPHERATZ	2	78
27e1227eb9009c71ad296de635108e34f70aadabc535ffdfb1e8e9299f4113c7	F68R2_ONLY	IDENTITY	STAR_ANTARES	1	78
27e1227eb9009c71ad296de635108e34f70aadabc535ffdfb1e8e9299f4113c7	F68R2_ONLY	IDENTITY	STAR_ARCTURUS	1	78
27e1227eb9009c71ad296de635108e34f70aadabc535ffdfb1e8e9299f4113c7	F68R2_ONLY	IDENTITY	STAR_ARKAB	1	78
27e1227eb9009c71ad296de635108e34f70aadabc535ffdfb1e8e9299f4113c7	F68R2_ONLY	IDENTITY	STAR_ASCELLA	1	78
27e1227eb9009c71ad296de635108e34f70aadabc535ffdfb1e8e9299f4113c7	F68R2_ONLY	IDENTITY	STAR_BELLATRIX	1	78
27e1227eb9009c71ad296de635108e34f70aadabc535ffdfb1e8e9299f4113c7	F68R2_ONLY	IDENTITY	STAR_CANOPUS	1	78
27e1227eb9009c71ad296de635108e34f70aadabc535ffdfb1e8e9299f4113c7	F68R2_ONLY	IDENTITY	STAR_CAPELLA	1	78
27e1227eb9009c71ad296de635108e34f70aadabc535ffdfb1e8e9299f4113c7	F68R2_ONLY	IDENTITY	STAR_DENEB	1	78
27e1227eb9009c71ad296de635108e34f70aadabc535ffdfb1e8e9299f4113c7	F68R2_ONLY	IDENTITY	STAR_DENEBOLA	1	78
27e1227eb9009c71ad296de635108e34f70aadabc535ffdfb1e8e9299f4113c7	F68R2_ONLY	IDENTITY	STAR_DIPHDA	1	78
27e1227eb9009c71ad296de635108e34f70aadabc535ffdfb1e8e9299f4113c7	F68R2_ONLY	IDENTITY	STAR_DUBHE	2	78
27e1227eb9009c71ad296de635108e34f70aadabc535ffdfb1e8e9299f4113c7	F68R2_ONLY	IDENTITY	STAR_ELTANIN	1	78
27e1227eb9009c71ad296de635108e34f70aadabc535ffdfb1e8e9299f4113c7	F68R2_ONLY	IDENTITY	STAR_ENIF	2	78
27e1227eb9009c71ad296de635108e34f70aadabc535ffdfb1e8e9299f4113c7	F68R2_ONLY	IDENTITY	STAR_FOMALHAUT	1	78
27e1227eb9009c71ad296de635108e34f70aadabc535ffdfb1e8e9299f4113c7	F68R2_ONLY	IDENTITY	STAR_HAMAL	1	78
27e1227eb9009c71ad296de635108e34f70aadabc535ffdfb1e8e9299f4113c7	F68R2_ONLY	IDENTITY	STAR_IZAR	1	78
27e1227eb9009c71ad296de635108e34f70aadabc535ffdfb1e8e9299f4113c7	F68R2_ONLY	IDENTITY	STAR_KOCHAB	1	78
27e1227eb9009c71ad296de635108e34f70aadabc535ffdfb1e8e9299f4113c7	F68R2_ONLY	IDENTITY	STAR_MEGREZ	1	78
27e1227eb9009c71ad296de635108e34f70aadabc535ffdfb1e8e9299f4113c7	F68R2_ONLY	IDENTITY	STAR_MENKALINAN	1	78
27e1227eb9009c71ad296de635108e34f70aadabc535ffdfb1e8e9299f4113c7	F68R2_ONLY	IDENTITY	STAR_MENKAR	1	78
27e1227eb9009c71ad296de635108e34f70aadabc535ffdfb1e8e9299f4113c7	F68R2_ONLY	IDENTITY	STAR_MERAK	2	78
27e1227eb9009c71ad296de635108e34f70aadabc535ffdfb1e8e9299f4113c7	F68R2_ONLY	IDENTITY	STAR_MESARTHIM	2	78
27e1227eb9009c71ad296de635108e34f70aadabc535ffdfb1e8e9299f4113c7	F68R2_ONLY	IDENTITY	STAR_MIZAR	1	78
27e1227eb9009c71ad296de635108e34f70aadabc535ffdfb1e8e9299f4113c7	F68R2_ONLY	IDENTITY	STAR_NUNKI	1	78
27e1227eb9009c71ad296de635108e34f70aadabc535ffdfb1e8e9299f4113c7	F68R2_ONLY	IDENTITY	STAR_PHERKAD	2	78
27e1227eb9009c71ad296de635108e34f70aadabc535ffdfb1e8e9299f4113c7	F68R2_ONLY	IDENTITY	STAR_PHECDA	1	78
27e1227eb9009c71ad296de635108e34f70aadabc535ffdfb1e8e9299f4113c7	F68R2_ONLY	IDENTITY	STAR_POLARIS	1	78
27e1227eb9009c71ad296de635108e34f70aadabc535ffdfb1e8e9299f4113c7	F68R2_ONLY	IDENTITY	STAR_PROCYON	1	78
27e1227eb9009c71ad296de635108e34f70aadabc535ffdfb1e8e9299f4113c7	F68R2_ONLY	IDENTITY	STAR_RASALGETHI	2	78
27e1227eb9009c71ad296de635108e34f70aadabc535ffdfb1e8e9299f4113c7	F68R2_ONLY	IDENTITY	STAR_RASALHAGUE	1	78
27e1227eb9009c71ad296de635108e34f70aadabc535ffdfb1e8e9299f4113c7	F68R2_ONLY	IDENTITY	STAR_REGULUS	2	78
27e1227eb9009c71ad296de635108e34f70aadabc535ffdfb1e8e9299f4113c7	F68R2_ONLY	IDENTITY	STAR_RIGEL	3	78
27e1227eb9009c71ad296de635108e34f70aadabc535ffdfb1e8e9299f4113c7	F68R2_ONLY	IDENTITY	STAR_RUKBAT	1	78
27e1227eb9009c71ad296de635108e34f70aadabc535ffdfb1e8e9299f4113c7	F68R2_ONLY	IDENTITY	STAR_SADALMELIK	2	78
27e1227eb9009c71ad296de635108e34f70aadabc535ffdfb1e8e9299f4113c7	F68R2_ONLY	IDENTITY	STAR_SARGAS	1	78
27e1227eb9009c71ad296de635108e34f70aadabc535ffdfb1e8e9299f4113c7	F68R2_ONLY	IDENTITY	STAR_SCHEAT	2	78
27e1227eb9009c71ad296de635108e34f70aadabc535ffdfb1e8e9299f4113c7	F68R2_ONLY	IDENTITY	STAR_SCHEDAR	1	78
27e1227eb9009c71ad296de635108e34f70aadabc535ffdfb1e8e9299f4113c7	F68R2_ONLY	IDENTITY	STAR_SHAULA	1	78
27e1227eb9009c71ad296de635108e34f70aadabc535ffdfb1e8e9299f4113c7	F68R2_ONLY	IDENTITY	STAR_SHERATAN	2	78
27e1227eb9009c71ad296de635108e34f70aadabc535ffdfb1e8e9299f4113c7	F68R2_ONLY	IDENTITY	STAR_SPICA	1	78
27e1227eb9009c71ad296de635108e34f70aadabc535ffdfb1e8e9299f4113c7	F68R2_ONLY	IDENTITY	STAR_VEGA	2	78
27e1227eb9009c71ad296de635108e34f70aadabc535ffdfb1e8e9299f4113c7	F68R2_ONLY	IDENTITY	STAR_VINDEMIATRIX	2	78
27e1227eb9009c71ad296de635108e34f70aadabc535ffdfb1e8e9299f4113c7	F68R2_ONLY	IDENTITY	STAR_ZUBENESCHAMALI	2	78
0f8a6546afa4a778079f5bf7855ec80cbad796bebfb080ab06662e177bcf71a3	UNCONSTRAINED_PAGE	LABEL	STAR_f68r2_12465	20	20
0f8a6546afa4a778079f5bf7855ec80cbad796bebfb080ab06662e177bcf71a3	UNCONSTRAINED_PAGE	LABEL	STAR_f68r2_12486	20	20
0f8a6546afa4a778079f5bf7855ec80cbad796bebfb080ab06662e177bcf71a3	UNCONSTRAINED_PAGE	LABEL	STAR_f68r2_12463	20	20
0f8a6546afa4a778079f5bf7855ec80cbad796bebfb080ab06662e177bcf71a3	UNCONSTRAINED_PAGE	IDENTITY	STAR_ALGIEBA	20	20
0f8a6546afa4a778079f5bf7855ec80cbad796bebfb080ab06662e177bcf71a3	UNCONSTRAINED_PAGE	IDENTITY	STAR_SCHEAT	20	20
0f8a6546afa4a778079f5bf7855ec80cbad796bebfb080ab06662e177bcf71a3	UNCONSTRAINED_PAGE	IDENTITY	STAR_ACHERNAR	1	20
0f8a6546afa4a778079f5bf7855ec80cbad796bebfb080ab06662e177bcf71a3	UNCONSTRAINED_PAGE	IDENTITY	STAR_ALPHARD	1	20
0f8a6546afa4a778079f5bf7855ec80cbad796bebfb080ab06662e177bcf71a3	UNCONSTRAINED_PAGE	IDENTITY	STAR_ALPHECCA	2	20
0f8a6546afa4a778079f5bf7855ec80cbad796bebfb080ab06662e177bcf71a3	UNCONSTRAINED_PAGE	IDENTITY	STAR_ALPHERATZ	2	20
0f8a6546afa4a778079f5bf7855ec80cbad796bebfb080ab06662e177bcf71a3	UNCONSTRAINED_PAGE	IDENTITY	STAR_ALPHIRK	1	20
0f8a6546afa4a778079f5bf7855ec80cbad796bebfb080ab06662e177bcf71a3	UNCONSTRAINED_PAGE	IDENTITY	STAR_DENEB	1	20
0f8a6546afa4a778079f5bf7855ec80cbad796bebfb080ab06662e177bcf71a3	UNCONSTRAINED_PAGE	IDENTITY	STAR_ENIF	1	20
0f8a6546afa4a778079f5bf7855ec80cbad796bebfb080ab06662e177bcf71a3	UNCONSTRAINED_PAGE	IDENTITY	STAR_FOMALHAUT	3	20
0f8a6546afa4a778079f5bf7855ec80cbad796bebfb080ab06662e177bcf71a3	UNCONSTRAINED_PAGE	IDENTITY	STAR_MIRFAK	2	20
0f8a6546afa4a778079f5bf7855ec80cbad796bebfb080ab06662e177bcf71a3	UNCONSTRAINED_PAGE	IDENTITY	STAR_MIZAR	1	20
0f8a6546afa4a778079f5bf7855ec80cbad796bebfb080ab06662e177bcf71a3	UNCONSTRAINED_PAGE	IDENTITY	STAR_PHERKAD	1	20
0f8a6546afa4a778079f5bf7855ec80cbad796bebfb080ab06662e177bcf71a3	UNCONSTRAINED_PAGE	IDENTITY	STAR_PHECDA	2	20
0f8a6546afa4a778079f5bf7855ec80cbad796bebfb080ab06662e177bcf71a3	UNCONSTRAINED_PAGE	IDENTITY	STAR_SADALMELIK	1	20
0f8a6546afa4a778079f5bf7855ec80cbad796bebfb080ab06662e177bcf71a3	UNCONSTRAINED_PAGE	IDENTITY	STAR_VINDEMIATRIX	1	20
0f8a6546afa4a778079f5bf7855ec80cbad796bebfb080ab06662e177bcf71a3	F68R2_ONLY	LABEL	STAR_f68r2_12465	20	20
0f8a6546afa4a778079f5bf7855ec80cbad796bebfb080ab06662e177bcf71a3	F68R2_ONLY	LABEL	STAR_f68r2_12486	20	20
0f8a6546afa4a778079f5bf7855ec80cbad796bebfb080ab06662e177bcf71a3	F68R2_ONLY	LABEL	STAR_f68r2_12463	20	20
0f8a6546afa4a778079f5bf7855ec80cbad796bebfb080ab06662e177bcf71a3	F68R2_ONLY	IDENTITY	STAR_ALGIEBA	20	20
0f8a6546afa4a778079f5bf7855ec80cbad796bebfb080ab06662e177bcf71a3	F68R2_ONLY	IDENTITY	STAR_SCHEAT	20	20
0f8a6546afa4a778079f5bf7855ec80cbad796bebfb080ab06662e177bcf71a3	F68R2_ONLY	IDENTITY	STAR_ACHERNAR	1	20
0f8a6546afa4a778079f5bf7855ec80cbad796bebfb080ab06662e177bcf71a3	F68R2_ONLY	IDENTITY	STAR_ALPHARD	1	20
0f8a6546afa4a778079f5bf7855ec80cbad796bebfb080ab06662e177bcf71a3	F68R2_ONLY	IDENTITY	STAR_ALPHECCA	2	20
0f8a6546afa4a778079f5bf7855ec80cbad796bebfb080ab06662e177bcf71a3	F68R2_ONLY	IDENTITY	STAR_ALPHERATZ	2	20
0f8a6546afa4a778079f5bf7855ec80cbad796bebfb080ab06662e177bcf71a3	F68R2_ONLY	IDENTITY	STAR_ALPHIRK	1	20
0f8a6546afa4a778079f5bf7855ec80cbad796bebfb080ab06662e177bcf71a3	F68R2_ONLY	IDENTITY	STAR_DENEB	1	20
0f8a6546afa4a778079f5bf7855ec80cbad796bebfb080ab06662e177bcf71a3	F68R2_ONLY	IDENTITY	STAR_ENIF	1	20
0f8a6546afa4a778079f5bf7855ec80cbad796bebfb080ab06662e177bcf71a3	F68R2_ONLY	IDENTITY	STAR_FOMALHAUT	3	20
0f8a6546afa4a778079f5bf7855ec80cbad796bebfb080ab06662e177bcf71a3	F68R2_ONLY	IDENTITY	STAR_MIRFAK	2	20
0f8a6546afa4a778079f5bf7855ec80cbad796bebfb080ab06662e177bcf71a3	F68R2_ONLY	IDENTITY	STAR_MIZAR	1	20
0f8a6546afa4a778079f5bf7855ec80cbad796bebfb080ab06662e177bcf71a3	F68R2_ONLY	IDENTITY	STAR_PHERKAD	1	20
0f8a6546afa4a778079f5bf7855ec80cbad796bebfb080ab06662e177bcf71a3	F68R2_ONLY	IDENTITY	STAR_PHECDA	2	20
0f8a6546afa4a778079f5bf7855ec80cbad796bebfb080ab06662e177bcf71a3	F68R2_ONLY	IDENTITY	STAR_SADALMELIK	1	20
0f8a6546afa4a778079f5bf7855ec80cbad796bebfb080ab06662e177bcf71a3	F68R2_ONLY	IDENTITY	STAR_VINDEMIATRIX	1	20
043be540fec4f9144352d5c1fb5b31cc1bd1d73654a557fb18a1e82618d0b9b5	UNCONSTRAINED_PAGE	LABEL	STAR_f68r2_12465	82	82
043be540fec4f9144352d5c1fb5b31cc1bd1d73654a557fb18a1e82618d0b9b5	UNCONSTRAINED_PAGE	LABEL	STAR_f68r2_12486	82	82
043be540fec4f9144352d5c1fb5b31cc1bd1d73654a557fb18a1e82618d0b9b5	UNCONSTRAINED_PAGE	LABEL	STAR_f68r2_12463	82	82
043be540fec4f9144352d5c1fb5b31cc1bd1d73654a557fb18a1e82618d0b9b5	UNCONSTRAINED_PAGE	IDENTITY	STAR_MENKALINAN	82	82
043be540fec4f9144352d5c1fb5b31cc1bd1d73654a557fb18a1e82618d0b9b5	UNCONSTRAINED_PAGE	IDENTITY	STAR_HAMAL	82	82
043be540fec4f9144352d5c1fb5b31cc1bd1d73654a557fb18a1e82618d0b9b5	UNCONSTRAINED_PAGE	IDENTITY	STAR_ALCHIBA	2	82
043be540fec4f9144352d5c1fb5b31cc1bd1d73654a557fb18a1e82618d0b9b5	UNCONSTRAINED_PAGE	IDENTITY	STAR_ALCOR	1	82
043be540fec4f9144352d5c1fb5b31cc1bd1d73654a557fb18a1e82618d0b9b5	UNCONSTRAINED_PAGE	IDENTITY	STAR_ALDERAMIN	2	82
043be540fec4f9144352d5c1fb5b31cc1bd1d73654a557fb18a1e82618d0b9b5	UNCONSTRAINED_PAGE	IDENTITY	STAR_ALGENIB	1	82
043be540fec4f9144352d5c1fb5b31cc1bd1d73654a557fb18a1e82618d0b9b5	UNCONSTRAINED_PAGE	IDENTITY	STAR_ALGIEBA	1	82
043be540fec4f9144352d5c1fb5b31cc1bd1d73654a557fb18a1e82618d0b9b5	UNCONSTRAINED_PAGE	IDENTITY	STAR_ALGOL	2	82
043be540fec4f9144352d5c1fb5b31cc1bd1d73654a557fb18a1e82618d0b9b5	UNCONSTRAINED_PAGE	IDENTITY	STAR_ALGORAB	1	82
043be540fec4f9144352d5c1fb5b31cc1bd1d73654a557fb18a1e82618d0b9b5	UNCONSTRAINED_PAGE	IDENTITY	STAR_ALHENA	2	82
043be540fec4f9144352d5c1fb5b31cc1bd1d73654a557fb18a1e82618d0b9b5	UNCONSTRAINED_PAGE	IDENTITY	STAR_ALIOTH	2	82
043be540fec4f9144352d5c1fb5b31cc1bd1d73654a557fb18a1e82618d0b9b5	UNCONSTRAINED_PAGE	IDENTITY	STAR_ALKAID	2	82
043be540fec4f9144352d5c1fb5b31cc1bd1d73654a557fb18a1e82618d0b9b5	UNCONSTRAINED_PAGE	IDENTITY	STAR_ALMACH	1	82
043be540fec4f9144352d5c1fb5b31cc1bd1d73654a557fb18a1e82618d0b9b5	UNCONSTRAINED_PAGE	IDENTITY	STAR_ALNATH	2	82
043be540fec4f9144352d5c1fb5b31cc1bd1d73654a557fb18a1e82618d0b9b5	UNCONSTRAINED_PAGE	IDENTITY	STAR_ALPHARD	2	82
043be540fec4f9144352d5c1fb5b31cc1bd1d73654a557fb18a1e82618d0b9b5	UNCONSTRAINED_PAGE	IDENTITY	STAR_ALPHERATZ	1	82
043be540fec4f9144352d5c1fb5b31cc1bd1d73654a557fb18a1e82618d0b9b5	UNCONSTRAINED_PAGE	IDENTITY	STAR_ALPHIRK	2	82
043be540fec4f9144352d5c1fb5b31cc1bd1d73654a557fb18a1e82618d0b9b5	UNCONSTRAINED_PAGE	IDENTITY	STAR_ALRISHA	2	82
043be540fec4f9144352d5c1fb5b31cc1bd1d73654a557fb18a1e82618d0b9b5	UNCONSTRAINED_PAGE	IDENTITY	STAR_ARCTURUS	2	82
043be540fec4f9144352d5c1fb5b31cc1bd1d73654a557fb18a1e82618d0b9b5	UNCONSTRAINED_PAGE	IDENTITY	STAR_BELLATRIX	1	82
043be540fec4f9144352d5c1fb5b31cc1bd1d73654a557fb18a1e82618d0b9b5	UNCONSTRAINED_PAGE	IDENTITY	STAR_BETELGEUSE	1	82
043be540fec4f9144352d5c1fb5b31cc1bd1d73654a557fb18a1e82618d0b9b5	UNCONSTRAINED_PAGE	IDENTITY	STAR_CANOPUS	2	82
043be540fec4f9144352d5c1fb5b31cc1bd1d73654a557fb18a1e82618d0b9b5	UNCONSTRAINED_PAGE	IDENTITY	STAR_CAPELLA	2	82
043be540fec4f9144352d5c1fb5b31cc1bd1d73654a557fb18a1e82618d0b9b5	UNCONSTRAINED_PAGE	IDENTITY	STAR_CAPH	2	82
043be540fec4f9144352d5c1fb5b31cc1bd1d73654a557fb18a1e82618d0b9b5	UNCONSTRAINED_PAGE	IDENTITY	STAR_COR_CAROLI	1	82
043be540fec4f9144352d5c1fb5b31cc1bd1d73654a557fb18a1e82618d0b9b5	UNCONSTRAINED_PAGE	IDENTITY	STAR_DABIH	1	82
043be540fec4f9144352d5c1fb5b31cc1bd1d73654a557fb18a1e82618d0b9b5	UNCONSTRAINED_PAGE	IDENTITY	STAR_DENEB	1	82
043be540fec4f9144352d5c1fb5b31cc1bd1d73654a557fb18a1e82618d0b9b5	UNCONSTRAINED_PAGE	IDENTITY	STAR_DENEB_ALGEDI	1	82
043be540fec4f9144352d5c1fb5b31cc1bd1d73654a557fb18a1e82618d0b9b5	UNCONSTRAINED_PAGE	IDENTITY	STAR_DENEBOLA	2	82
043be540fec4f9144352d5c1fb5b31cc1bd1d73654a557fb18a1e82618d0b9b5	UNCONSTRAINED_PAGE	IDENTITY	STAR_DIPHDA	2	82
043be540fec4f9144352d5c1fb5b31cc1bd1d73654a557fb18a1e82618d0b9b5	UNCONSTRAINED_PAGE	IDENTITY	STAR_DUBHE	2	82
043be540fec4f9144352d5c1fb5b31cc1bd1d73654a557fb18a1e82618d0b9b5	UNCONSTRAINED_PAGE	IDENTITY	STAR_FOMALHAUT	3	82
043be540fec4f9144352d5c1fb5b31cc1bd1d73654a557fb18a1e82618d0b9b5	UNCONSTRAINED_PAGE	IDENTITY	STAR_KOCHAB	1	82
043be540fec4f9144352d5c1fb5b31cc1bd1d73654a557fb18a1e82618d0b9b5	UNCONSTRAINED_PAGE	IDENTITY	STAR_MARKAB	1	82
043be540fec4f9144352d5c1fb5b31cc1bd1d73654a557fb18a1e82618d0b9b5	UNCONSTRAINED_PAGE	IDENTITY	STAR_MEGREZ	1	82
043be540fec4f9144352d5c1fb5b31cc1bd1d73654a557fb18a1e82618d0b9b5	UNCONSTRAINED_PAGE	IDENTITY	STAR_MENKAR	1	82
043be540fec4f9144352d5c1fb5b31cc1bd1d73654a557fb18a1e82618d0b9b5	UNCONSTRAINED_PAGE	IDENTITY	STAR_MESARTHIM	2	82
043be540fec4f9144352d5c1fb5b31cc1bd1d73654a557fb18a1e82618d0b9b5	UNCONSTRAINED_PAGE	IDENTITY	STAR_MIRACH	1	82
043be540fec4f9144352d5c1fb5b31cc1bd1d73654a557fb18a1e82618d0b9b5	UNCONSTRAINED_PAGE	IDENTITY	STAR_MIRFAK	1	82
043be540fec4f9144352d5c1fb5b31cc1bd1d73654a557fb18a1e82618d0b9b5	UNCONSTRAINED_PAGE	IDENTITY	STAR_PHERKAD	1	82
043be540fec4f9144352d5c1fb5b31cc1bd1d73654a557fb18a1e82618d0b9b5	UNCONSTRAINED_PAGE	IDENTITY	STAR_PHECDA	1	82
043be540fec4f9144352d5c1fb5b31cc1bd1d73654a557fb18a1e82618d0b9b5	UNCONSTRAINED_PAGE	IDENTITY	STAR_POLLUX	1	82
043be540fec4f9144352d5c1fb5b31cc1bd1d73654a557fb18a1e82618d0b9b5	UNCONSTRAINED_PAGE	IDENTITY	STAR_PROCYON	1	82
043be540fec4f9144352d5c1fb5b31cc1bd1d73654a557fb18a1e82618d0b9b5	UNCONSTRAINED_PAGE	IDENTITY	STAR_RASALGETHI	2	82
043be540fec4f9144352d5c1fb5b31cc1bd1d73654a557fb18a1e82618d0b9b5	UNCONSTRAINED_PAGE	IDENTITY	STAR_RASALHAGUE	2	82
043be540fec4f9144352d5c1fb5b31cc1bd1d73654a557fb18a1e82618d0b9b5	UNCONSTRAINED_PAGE	IDENTITY	STAR_RASTABAN	1	82
043be540fec4f9144352d5c1fb5b31cc1bd1d73654a557fb18a1e82618d0b9b5	UNCONSTRAINED_PAGE	IDENTITY	STAR_SCHEAT	1	82
043be540fec4f9144352d5c1fb5b31cc1bd1d73654a557fb18a1e82618d0b9b5	UNCONSTRAINED_PAGE	IDENTITY	STAR_SCHEDAR	2	82
043be540fec4f9144352d5c1fb5b31cc1bd1d73654a557fb18a1e82618d0b9b5	UNCONSTRAINED_PAGE	IDENTITY	STAR_SHAULA	2	82
043be540fec4f9144352d5c1fb5b31cc1bd1d73654a557fb18a1e82618d0b9b5	UNCONSTRAINED_PAGE	IDENTITY	STAR_SHERATAN	2	82
043be540fec4f9144352d5c1fb5b31cc1bd1d73654a557fb18a1e82618d0b9b5	UNCONSTRAINED_PAGE	IDENTITY	STAR_SIRIUS	2	82
043be540fec4f9144352d5c1fb5b31cc1bd1d73654a557fb18a1e82618d0b9b5	UNCONSTRAINED_PAGE	IDENTITY	STAR_SPICA	1	82
043be540fec4f9144352d5c1fb5b31cc1bd1d73654a557fb18a1e82618d0b9b5	UNCONSTRAINED_PAGE	IDENTITY	STAR_THUBAN	2	82
043be540fec4f9144352d5c1fb5b31cc1bd1d73654a557fb18a1e82618d0b9b5	UNCONSTRAINED_PAGE	IDENTITY	STAR_UNUKALHAI	2	82
043be540fec4f9144352d5c1fb5b31cc1bd1d73654a557fb18a1e82618d0b9b5	UNCONSTRAINED_PAGE	IDENTITY	STAR_ZOSMA	1	82
043be540fec4f9144352d5c1fb5b31cc1bd1d73654a557fb18a1e82618d0b9b5	UNCONSTRAINED_PAGE	IDENTITY	STAR_ZUBENESCHAMALI	1	82
043be540fec4f9144352d5c1fb5b31cc1bd1d73654a557fb18a1e82618d0b9b5	F68R2_ONLY	LABEL	STAR_f68r2_12465	82	82
043be540fec4f9144352d5c1fb5b31cc1bd1d73654a557fb18a1e82618d0b9b5	F68R2_ONLY	LABEL	STAR_f68r2_12486	82	82
043be540fec4f9144352d5c1fb5b31cc1bd1d73654a557fb18a1e82618d0b9b5	F68R2_ONLY	LABEL	STAR_f68r2_12463	82	82
043be540fec4f9144352d5c1fb5b31cc1bd1d73654a557fb18a1e82618d0b9b5	F68R2_ONLY	IDENTITY	STAR_MENKALINAN	82	82
043be540fec4f9144352d5c1fb5b31cc1bd1d73654a557fb18a1e82618d0b9b5	F68R2_ONLY	IDENTITY	STAR_HAMAL	82	82
043be540fec4f9144352d5c1fb5b31cc1bd1d73654a557fb18a1e82618d0b9b5	F68R2_ONLY	IDENTITY	STAR_ALCHIBA	2	82
043be540fec4f9144352d5c1fb5b31cc1bd1d73654a557fb18a1e82618d0b9b5	F68R2_ONLY	IDENTITY	STAR_ALCOR	1	82
043be540fec4f9144352d5c1fb5b31cc1bd1d73654a557fb18a1e82618d0b9b5	F68R2_ONLY	IDENTITY	STAR_ALDERAMIN	2	82
043be540fec4f9144352d5c1fb5b31cc1bd1d73654a557fb18a1e82618d0b9b5	F68R2_ONLY	IDENTITY	STAR_ALGENIB	1	82
043be540fec4f9144352d5c1fb5b31cc1bd1d73654a557fb18a1e82618d0b9b5	F68R2_ONLY	IDENTITY	STAR_ALGIEBA	1	82
043be540fec4f9144352d5c1fb5b31cc1bd1d73654a557fb18a1e82618d0b9b5	F68R2_ONLY	IDENTITY	STAR_ALGOL	2	82
043be540fec4f9144352d5c1fb5b31cc1bd1d73654a557fb18a1e82618d0b9b5	F68R2_ONLY	IDENTITY	STAR_ALGORAB	1	82
043be540fec4f9144352d5c1fb5b31cc1bd1d73654a557fb18a1e82618d0b9b5	F68R2_ONLY	IDENTITY	STAR_ALHENA	2	82
043be540fec4f9144352d5c1fb5b31cc1bd1d73654a557fb18a1e82618d0b9b5	F68R2_ONLY	IDENTITY	STAR_ALIOTH	2	82
043be540fec4f9144352d5c1fb5b31cc1bd1d73654a557fb18a1e82618d0b9b5	F68R2_ONLY	IDENTITY	STAR_ALKAID	2	82
043be540fec4f9144352d5c1fb5b31cc1bd1d73654a557fb18a1e82618d0b9b5	F68R2_ONLY	IDENTITY	STAR_ALMACH	1	82
043be540fec4f9144352d5c1fb5b31cc1bd1d73654a557fb18a1e82618d0b9b5	F68R2_ONLY	IDENTITY	STAR_ALNATH	2	82
043be540fec4f9144352d5c1fb5b31cc1bd1d73654a557fb18a1e82618d0b9b5	F68R2_ONLY	IDENTITY	STAR_ALPHARD	2	82
043be540fec4f9144352d5c1fb5b31cc1bd1d73654a557fb18a1e82618d0b9b5	F68R2_ONLY	IDENTITY	STAR_ALPHERATZ	1	82
043be540fec4f9144352d5c1fb5b31cc1bd1d73654a557fb18a1e82618d0b9b5	F68R2_ONLY	IDENTITY	STAR_ALPHIRK	2	82
043be540fec4f9144352d5c1fb5b31cc1bd1d73654a557fb18a1e82618d0b9b5	F68R2_ONLY	IDENTITY	STAR_ALRISHA	2	82
043be540fec4f9144352d5c1fb5b31cc1bd1d73654a557fb18a1e82618d0b9b5	F68R2_ONLY	IDENTITY	STAR_ARCTURUS	2	82
043be540fec4f9144352d5c1fb5b31cc1bd1d73654a557fb18a1e82618d0b9b5	F68R2_ONLY	IDENTITY	STAR_BELLATRIX	1	82
043be540fec4f9144352d5c1fb5b31cc1bd1d73654a557fb18a1e82618d0b9b5	F68R2_ONLY	IDENTITY	STAR_BETELGEUSE	1	82
043be540fec4f9144352d5c1fb5b31cc1bd1d73654a557fb18a1e82618d0b9b5	F68R2_ONLY	IDENTITY	STAR_CANOPUS	2	82
043be540fec4f9144352d5c1fb5b31cc1bd1d73654a557fb18a1e82618d0b9b5	F68R2_ONLY	IDENTITY	STAR_CAPELLA	2	82
043be540fec4f9144352d5c1fb5b31cc1bd1d73654a557fb18a1e82618d0b9b5	F68R2_ONLY	IDENTITY	STAR_CAPH	2	82
043be540fec4f9144352d5c1fb5b31cc1bd1d73654a557fb18a1e82618d0b9b5	F68R2_ONLY	IDENTITY	STAR_COR_CAROLI	1	82
043be540fec4f9144352d5c1fb5b31cc1bd1d73654a557fb18a1e82618d0b9b5	F68R2_ONLY	IDENTITY	STAR_DABIH	1	82
043be540fec4f9144352d5c1fb5b31cc1bd1d73654a557fb18a1e82618d0b9b5	F68R2_ONLY	IDENTITY	STAR_DENEB	1	82
043be540fec4f9144352d5c1fb5b31cc1bd1d73654a557fb18a1e82618d0b9b5	F68R2_ONLY	IDENTITY	STAR_DENEB_ALGEDI	1	82
043be540fec4f9144352d5c1fb5b31cc1bd1d73654a557fb18a1e82618d0b9b5	F68R2_ONLY	IDENTITY	STAR_DENEBOLA	2	82
043be540fec4f9144352d5c1fb5b31cc1bd1d73654a557fb18a1e82618d0b9b5	F68R2_ONLY	IDENTITY	STAR_DIPHDA	2	82
043be540fec4f9144352d5c1fb5b31cc1bd1d73654a557fb18a1e82618d0b9b5	F68R2_ONLY	IDENTITY	STAR_DUBHE	2	82
043be540fec4f9144352d5c1fb5b31cc1bd1d73654a557fb18a1e82618d0b9b5	F68R2_ONLY	IDENTITY	STAR_FOMALHAUT	3	82
043be540fec4f9144352d5c1fb5b31cc1bd1d73654a557fb18a1e82618d0b9b5	F68R2_ONLY	IDENTITY	STAR_KOCHAB	1	82
043be540fec4f9144352d5c1fb5b31cc1bd1d73654a557fb18a1e82618d0b9b5	F68R2_ONLY	IDENTITY	STAR_MARKAB	1	82
043be540fec4f9144352d5c1fb5b31cc1bd1d73654a557fb18a1e82618d0b9b5	F68R2_ONLY	IDENTITY	STAR_MEGREZ	1	82
043be540fec4f9144352d5c1fb5b31cc1bd1d73654a557fb18a1e82618d0b9b5	F68R2_ONLY	IDENTITY	STAR_MENKAR	1	82
043be540fec4f9144352d5c1fb5b31cc1bd1d73654a557fb18a1e82618d0b9b5	F68R2_ONLY	IDENTITY	STAR_MESARTHIM	2	82
043be540fec4f9144352d5c1fb5b31cc1bd1d73654a557fb18a1e82618d0b9b5	F68R2_ONLY	IDENTITY	STAR_MIRACH	1	82
043be540fec4f9144352d5c1fb5b31cc1bd1d73654a557fb18a1e82618d0b9b5	F68R2_ONLY	IDENTITY	STAR_MIRFAK	1	82
043be540fec4f9144352d5c1fb5b31cc1bd1d73654a557fb18a1e82618d0b9b5	F68R2_ONLY	IDENTITY	STAR_PHERKAD	1	82
043be540fec4f9144352d5c1fb5b31cc1bd1d73654a557fb18a1e82618d0b9b5	F68R2_ONLY	IDENTITY	STAR_PHECDA	1	82
043be540fec4f9144352d5c1fb5b31cc1bd1d73654a557fb18a1e82618d0b9b5	F68R2_ONLY	IDENTITY	STAR_POLLUX	1	82
043be540fec4f9144352d5c1fb5b31cc1bd1d73654a557fb18a1e82618d0b9b5	F68R2_ONLY	IDENTITY	STAR_PROCYON	1	82
043be540fec4f9144352d5c1fb5b31cc1bd1d73654a557fb18a1e82618d0b9b5	F68R2_ONLY	IDENTITY	STAR_RASALGETHI	2	82
043be540fec4f9144352d5c1fb5b31cc1bd1d73654a557fb18a1e82618d0b9b5	F68R2_ONLY	IDENTITY	STAR_RASALHAGUE	2	82
043be540fec4f9144352d5c1fb5b31cc1bd1d73654a557fb18a1e82618d0b9b5	F68R2_ONLY	IDENTITY	STAR_RASTABAN	1	82
043be540fec4f9144352d5c1fb5b31cc1bd1d73654a557fb18a1e82618d0b9b5	F68R2_ONLY	IDENTITY	STAR_SCHEAT	1	82
043be540fec4f9144352d5c1fb5b31cc1bd1d73654a557fb18a1e82618d0b9b5	F68R2_ONLY	IDENTITY	STAR_SCHEDAR	2	82
043be540fec4f9144352d5c1fb5b31cc1bd1d73654a557fb18a1e82618d0b9b5	F68R2_ONLY	IDENTITY	STAR_SHAULA	2	82
043be540fec4f9144352d5c1fb5b31cc1bd1d73654a557fb18a1e82618d0b9b5	F68R2_ONLY	IDENTITY	STAR_SHERATAN	2	82
043be540fec4f9144352d5c1fb5b31cc1bd1d73654a557fb18a1e82618d0b9b5	F68R2_ONLY	IDENTITY	STAR_SIRIUS	2	82
043be540fec4f9144352d5c1fb5b31cc1bd1d73654a557fb18a1e82618d0b9b5	F68R2_ONLY	IDENTITY	STAR_SPICA	1	82
043be540fec4f9144352d5c1fb5b31cc1bd1d73654a557fb18a1e82618d0b9b5	F68R2_ONLY	IDENTITY	STAR_THUBAN	2	82
043be540fec4f9144352d5c1fb5b31cc1bd1d73654a557fb18a1e82618d0b9b5	F68R2_ONLY	IDENTITY	STAR_UNUKALHAI	2	82
043be540fec4f9144352d5c1fb5b31cc1bd1d73654a557fb18a1e82618d0b9b5	F68R2_ONLY	IDENTITY	STAR_ZOSMA	1	82
043be540fec4f9144352d5c1fb5b31cc1bd1d73654a557fb18a1e82618d0b9b5	F68R2_ONLY	IDENTITY	STAR_ZUBENESCHAMALI	1	82
00111f34ee9d0a2804513a3d81439a39371e1fdfb6e83d8040774d113bd79907	UNCONSTRAINED_PAGE	LABEL	STAR_f68r2_12465	137	137
00111f34ee9d0a2804513a3d81439a39371e1fdfb6e83d8040774d113bd79907	UNCONSTRAINED_PAGE	LABEL	STAR_f68r2_12486	137	137
00111f34ee9d0a2804513a3d81439a39371e1fdfb6e83d8040774d113bd79907	UNCONSTRAINED_PAGE	LABEL	STAR_f68r2_12463	137	137
00111f34ee9d0a2804513a3d81439a39371e1fdfb6e83d8040774d113bd79907	UNCONSTRAINED_PAGE	IDENTITY	STAR_ACHERNAR	137	137
00111f34ee9d0a2804513a3d81439a39371e1fdfb6e83d8040774d113bd79907	UNCONSTRAINED_PAGE	IDENTITY	STAR_ALBIREO	137	137
00111f34ee9d0a2804513a3d81439a39371e1fdfb6e83d8040774d113bd79907	UNCONSTRAINED_PAGE	IDENTITY	STAR_ACRAB	3	137
00111f34ee9d0a2804513a3d81439a39371e1fdfb6e83d8040774d113bd79907	UNCONSTRAINED_PAGE	IDENTITY	STAR_ACUBENS	1	137
00111f34ee9d0a2804513a3d81439a39371e1fdfb6e83d8040774d113bd79907	UNCONSTRAINED_PAGE	IDENTITY	STAR_ALCHIBA	1	137
00111f34ee9d0a2804513a3d81439a39371e1fdfb6e83d8040774d113bd79907	UNCONSTRAINED_PAGE	IDENTITY	STAR_ALCOR	1	137
00111f34ee9d0a2804513a3d81439a39371e1fdfb6e83d8040774d113bd79907	UNCONSTRAINED_PAGE	IDENTITY	STAR_ALDEBARAN	4	137
00111f34ee9d0a2804513a3d81439a39371e1fdfb6e83d8040774d113bd79907	UNCONSTRAINED_PAGE	IDENTITY	STAR_ALDERAMIN	2	137
00111f34ee9d0a2804513a3d81439a39371e1fdfb6e83d8040774d113bd79907	UNCONSTRAINED_PAGE	IDENTITY	STAR_ALGENIB	1	137
00111f34ee9d0a2804513a3d81439a39371e1fdfb6e83d8040774d113bd79907	UNCONSTRAINED_PAGE	IDENTITY	STAR_ALGIEBA	1	137
00111f34ee9d0a2804513a3d81439a39371e1fdfb6e83d8040774d113bd79907	UNCONSTRAINED_PAGE	IDENTITY	STAR_ALGOL	1	137
00111f34ee9d0a2804513a3d81439a39371e1fdfb6e83d8040774d113bd79907	UNCONSTRAINED_PAGE	IDENTITY	STAR_ALGORAB	3	137
00111f34ee9d0a2804513a3d81439a39371e1fdfb6e83d8040774d113bd79907	UNCONSTRAINED_PAGE	IDENTITY	STAR_ALIOTH	1	137
00111f34ee9d0a2804513a3d81439a39371e1fdfb6e83d8040774d113bd79907	UNCONSTRAINED_PAGE	IDENTITY	STAR_ALMACH	2	137
00111f34ee9d0a2804513a3d81439a39371e1fdfb6e83d8040774d113bd79907	UNCONSTRAINED_PAGE	IDENTITY	STAR_ALNAIR	2	137
00111f34ee9d0a2804513a3d81439a39371e1fdfb6e83d8040774d113bd79907	UNCONSTRAINED_PAGE	IDENTITY	STAR_ALNILAM	1	137
00111f34ee9d0a2804513a3d81439a39371e1fdfb6e83d8040774d113bd79907	UNCONSTRAINED_PAGE	IDENTITY	STAR_ALNITAK	1	137
00111f34ee9d0a2804513a3d81439a39371e1fdfb6e83d8040774d113bd79907	UNCONSTRAINED_PAGE	IDENTITY	STAR_ALPHARD	2	137
00111f34ee9d0a2804513a3d81439a39371e1fdfb6e83d8040774d113bd79907	UNCONSTRAINED_PAGE	IDENTITY	STAR_ALPHERATZ	1	137
00111f34ee9d0a2804513a3d81439a39371e1fdfb6e83d8040774d113bd79907	UNCONSTRAINED_PAGE	IDENTITY	STAR_ALPHIRK	2	137
00111f34ee9d0a2804513a3d81439a39371e1fdfb6e83d8040774d113bd79907	UNCONSTRAINED_PAGE	IDENTITY	STAR_ALRISHA	2	137
00111f34ee9d0a2804513a3d81439a39371e1fdfb6e83d8040774d113bd79907	UNCONSTRAINED_PAGE	IDENTITY	STAR_ALTAIR	3	137
00111f34ee9d0a2804513a3d81439a39371e1fdfb6e83d8040774d113bd79907	UNCONSTRAINED_PAGE	IDENTITY	STAR_ANTARES	3	137
00111f34ee9d0a2804513a3d81439a39371e1fdfb6e83d8040774d113bd79907	UNCONSTRAINED_PAGE	IDENTITY	STAR_ARCTURUS	3	137
00111f34ee9d0a2804513a3d81439a39371e1fdfb6e83d8040774d113bd79907	UNCONSTRAINED_PAGE	IDENTITY	STAR_ARKAB	1	137
00111f34ee9d0a2804513a3d81439a39371e1fdfb6e83d8040774d113bd79907	UNCONSTRAINED_PAGE	IDENTITY	STAR_ASCELLA	1	137
00111f34ee9d0a2804513a3d81439a39371e1fdfb6e83d8040774d113bd79907	UNCONSTRAINED_PAGE	IDENTITY	STAR_BELLATRIX	1	137
00111f34ee9d0a2804513a3d81439a39371e1fdfb6e83d8040774d113bd79907	UNCONSTRAINED_PAGE	IDENTITY	STAR_CAPELLA	1	137
00111f34ee9d0a2804513a3d81439a39371e1fdfb6e83d8040774d113bd79907	UNCONSTRAINED_PAGE	IDENTITY	STAR_CASTOR	2	137
00111f34ee9d0a2804513a3d81439a39371e1fdfb6e83d8040774d113bd79907	UNCONSTRAINED_PAGE	IDENTITY	STAR_COR_CAROLI	1	137
00111f34ee9d0a2804513a3d81439a39371e1fdfb6e83d8040774d113bd79907	UNCONSTRAINED_PAGE	IDENTITY	STAR_DABIH	1	137
00111f34ee9d0a2804513a3d81439a39371e1fdfb6e83d8040774d113bd79907	UNCONSTRAINED_PAGE	IDENTITY	STAR_DENEB	1	137
00111f34ee9d0a2804513a3d81439a39371e1fdfb6e83d8040774d113bd79907	UNCONSTRAINED_PAGE	IDENTITY	STAR_DIPHDA	1	137
00111f34ee9d0a2804513a3d81439a39371e1fdfb6e83d8040774d113bd79907	UNCONSTRAINED_PAGE	IDENTITY	STAR_DUBHE	1	137
00111f34ee9d0a2804513a3d81439a39371e1fdfb6e83d8040774d113bd79907	UNCONSTRAINED_PAGE	IDENTITY	STAR_ELTANIN	2	137
00111f34ee9d0a2804513a3d81439a39371e1fdfb6e83d8040774d113bd79907	UNCONSTRAINED_PAGE	IDENTITY	STAR_ENIF	1	137
00111f34ee9d0a2804513a3d81439a39371e1fdfb6e83d8040774d113bd79907	UNCONSTRAINED_PAGE	IDENTITY	STAR_FOMALHAUT	1	137
00111f34ee9d0a2804513a3d81439a39371e1fdfb6e83d8040774d113bd79907	UNCONSTRAINED_PAGE	IDENTITY	STAR_HAMAL	2	137
00111f34ee9d0a2804513a3d81439a39371e1fdfb6e83d8040774d113bd79907	UNCONSTRAINED_PAGE	IDENTITY	STAR_IZAR	3	137
00111f34ee9d0a2804513a3d81439a39371e1fdfb6e83d8040774d113bd79907	UNCONSTRAINED_PAGE	IDENTITY	STAR_KOCHAB	1	137
00111f34ee9d0a2804513a3d81439a39371e1fdfb6e83d8040774d113bd79907	UNCONSTRAINED_PAGE	IDENTITY	STAR_MARKAB	2	137
00111f34ee9d0a2804513a3d81439a39371e1fdfb6e83d8040774d113bd79907	UNCONSTRAINED_PAGE	IDENTITY	STAR_MEGREZ	3	137
00111f34ee9d0a2804513a3d81439a39371e1fdfb6e83d8040774d113bd79907	UNCONSTRAINED_PAGE	IDENTITY	STAR_MENKAR	3	137
00111f34ee9d0a2804513a3d81439a39371e1fdfb6e83d8040774d113bd79907	UNCONSTRAINED_PAGE	IDENTITY	STAR_MERAK	3	137
00111f34ee9d0a2804513a3d81439a39371e1fdfb6e83d8040774d113bd79907	UNCONSTRAINED_PAGE	IDENTITY	STAR_MESARTHIM	3	137
00111f34ee9d0a2804513a3d81439a39371e1fdfb6e83d8040774d113bd79907	UNCONSTRAINED_PAGE	IDENTITY	STAR_MINTAKA	1	137
00111f34ee9d0a2804513a3d81439a39371e1fdfb6e83d8040774d113bd79907	UNCONSTRAINED_PAGE	IDENTITY	STAR_MIRA	1	137
00111f34ee9d0a2804513a3d81439a39371e1fdfb6e83d8040774d113bd79907	UNCONSTRAINED_PAGE	IDENTITY	STAR_MIRACH	2	137
00111f34ee9d0a2804513a3d81439a39371e1fdfb6e83d8040774d113bd79907	UNCONSTRAINED_PAGE	IDENTITY	STAR_MIRFAK	2	137
00111f34ee9d0a2804513a3d81439a39371e1fdfb6e83d8040774d113bd79907	UNCONSTRAINED_PAGE	IDENTITY	STAR_MIZAR	3	137
00111f34ee9d0a2804513a3d81439a39371e1fdfb6e83d8040774d113bd79907	UNCONSTRAINED_PAGE	IDENTITY	STAR_NUNKI	2	137
00111f34ee9d0a2804513a3d81439a39371e1fdfb6e83d8040774d113bd79907	UNCONSTRAINED_PAGE	IDENTITY	STAR_PHERKAD	3	137
00111f34ee9d0a2804513a3d81439a39371e1fdfb6e83d8040774d113bd79907	UNCONSTRAINED_PAGE	IDENTITY	STAR_POLARIS	2	137
00111f34ee9d0a2804513a3d81439a39371e1fdfb6e83d8040774d113bd79907	UNCONSTRAINED_PAGE	IDENTITY	STAR_POLLUX	1	137
00111f34ee9d0a2804513a3d81439a39371e1fdfb6e83d8040774d113bd79907	UNCONSTRAINED_PAGE	IDENTITY	STAR_PORRIMA	1	137
00111f34ee9d0a2804513a3d81439a39371e1fdfb6e83d8040774d113bd79907	UNCONSTRAINED_PAGE	IDENTITY	STAR_PROCYON	2	137
00111f34ee9d0a2804513a3d81439a39371e1fdfb6e83d8040774d113bd79907	UNCONSTRAINED_PAGE	IDENTITY	STAR_RASALGETHI	2	137
00111f34ee9d0a2804513a3d81439a39371e1fdfb6e83d8040774d113bd79907	UNCONSTRAINED_PAGE	IDENTITY	STAR_RASALHAGUE	2	137
00111f34ee9d0a2804513a3d81439a39371e1fdfb6e83d8040774d113bd79907	UNCONSTRAINED_PAGE	IDENTITY	STAR_RASTABAN	2	137
00111f34ee9d0a2804513a3d81439a39371e1fdfb6e83d8040774d113bd79907	UNCONSTRAINED_PAGE	IDENTITY	STAR_REGULUS	2	137
00111f34ee9d0a2804513a3d81439a39371e1fdfb6e83d8040774d113bd79907	UNCONSTRAINED_PAGE	IDENTITY	STAR_RIGEL	4	137
00111f34ee9d0a2804513a3d81439a39371e1fdfb6e83d8040774d113bd79907	UNCONSTRAINED_PAGE	IDENTITY	STAR_RUKBAT	2	137
00111f34ee9d0a2804513a3d81439a39371e1fdfb6e83d8040774d113bd79907	UNCONSTRAINED_PAGE	IDENTITY	STAR_SARGAS	2	137
00111f34ee9d0a2804513a3d81439a39371e1fdfb6e83d8040774d113bd79907	UNCONSTRAINED_PAGE	IDENTITY	STAR_SCHEAT	2	137
00111f34ee9d0a2804513a3d81439a39371e1fdfb6e83d8040774d113bd79907	UNCONSTRAINED_PAGE	IDENTITY	STAR_SCHEDAR	1	137
00111f34ee9d0a2804513a3d81439a39371e1fdfb6e83d8040774d113bd79907	UNCONSTRAINED_PAGE	IDENTITY	STAR_SHERATAN	2	137
00111f34ee9d0a2804513a3d81439a39371e1fdfb6e83d8040774d113bd79907	UNCONSTRAINED_PAGE	IDENTITY	STAR_SIRIUS	3	137
00111f34ee9d0a2804513a3d81439a39371e1fdfb6e83d8040774d113bd79907	UNCONSTRAINED_PAGE	IDENTITY	STAR_SKAT	1	137
00111f34ee9d0a2804513a3d81439a39371e1fdfb6e83d8040774d113bd79907	UNCONSTRAINED_PAGE	IDENTITY	STAR_SPICA	1	137
00111f34ee9d0a2804513a3d81439a39371e1fdfb6e83d8040774d113bd79907	UNCONSTRAINED_PAGE	IDENTITY	STAR_SUBRA	3	137
00111f34ee9d0a2804513a3d81439a39371e1fdfb6e83d8040774d113bd79907	UNCONSTRAINED_PAGE	IDENTITY	STAR_THUBAN	1	137
00111f34ee9d0a2804513a3d81439a39371e1fdfb6e83d8040774d113bd79907	UNCONSTRAINED_PAGE	IDENTITY	STAR_UNUKALHAI	1	137
00111f34ee9d0a2804513a3d81439a39371e1fdfb6e83d8040774d113bd79907	UNCONSTRAINED_PAGE	IDENTITY	STAR_VEGA	2	137
00111f34ee9d0a2804513a3d81439a39371e1fdfb6e83d8040774d113bd79907	UNCONSTRAINED_PAGE	IDENTITY	STAR_VINDEMIATRIX	1	137
00111f34ee9d0a2804513a3d81439a39371e1fdfb6e83d8040774d113bd79907	UNCONSTRAINED_PAGE	IDENTITY	STAR_WASAT	1	137
00111f34ee9d0a2804513a3d81439a39371e1fdfb6e83d8040774d113bd79907	UNCONSTRAINED_PAGE	IDENTITY	STAR_ZOSMA	2	137
00111f34ee9d0a2804513a3d81439a39371e1fdfb6e83d8040774d113bd79907	UNCONSTRAINED_PAGE	IDENTITY	STAR_ZUBENELGENUBI	2	137
00111f34ee9d0a2804513a3d81439a39371e1fdfb6e83d8040774d113bd79907	UNCONSTRAINED_PAGE	IDENTITY	STAR_ZUBENESCHAMALI	2	137
00111f34ee9d0a2804513a3d81439a39371e1fdfb6e83d8040774d113bd79907	F68R2_ONLY	LABEL	STAR_f68r2_12465	137	137
00111f34ee9d0a2804513a3d81439a39371e1fdfb6e83d8040774d113bd79907	F68R2_ONLY	LABEL	STAR_f68r2_12486	137	137
00111f34ee9d0a2804513a3d81439a39371e1fdfb6e83d8040774d113bd79907	F68R2_ONLY	LABEL	STAR_f68r2_12463	137	137
00111f34ee9d0a2804513a3d81439a39371e1fdfb6e83d8040774d113bd79907	F68R2_ONLY	IDENTITY	STAR_ACHERNAR	137	137
00111f34ee9d0a2804513a3d81439a39371e1fdfb6e83d8040774d113bd79907	F68R2_ONLY	IDENTITY	STAR_ALBIREO	137	137
00111f34ee9d0a2804513a3d81439a39371e1fdfb6e83d8040774d113bd79907	F68R2_ONLY	IDENTITY	STAR_ACRAB	3	137
00111f34ee9d0a2804513a3d81439a39371e1fdfb6e83d8040774d113bd79907	F68R2_ONLY	IDENTITY	STAR_ACUBENS	1	137
00111f34ee9d0a2804513a3d81439a39371e1fdfb6e83d8040774d113bd79907	F68R2_ONLY	IDENTITY	STAR_ALCHIBA	1	137
00111f34ee9d0a2804513a3d81439a39371e1fdfb6e83d8040774d113bd79907	F68R2_ONLY	IDENTITY	STAR_ALCOR	1	137
00111f34ee9d0a2804513a3d81439a39371e1fdfb6e83d8040774d113bd79907	F68R2_ONLY	IDENTITY	STAR_ALDEBARAN	4	137
00111f34ee9d0a2804513a3d81439a39371e1fdfb6e83d8040774d113bd79907	F68R2_ONLY	IDENTITY	STAR_ALDERAMIN	2	137
00111f34ee9d0a2804513a3d81439a39371e1fdfb6e83d8040774d113bd79907	F68R2_ONLY	IDENTITY	STAR_ALGENIB	1	137
00111f34ee9d0a2804513a3d81439a39371e1fdfb6e83d8040774d113bd79907	F68R2_ONLY	IDENTITY	STAR_ALGIEBA	1	137
00111f34ee9d0a2804513a3d81439a39371e1fdfb6e83d8040774d113bd79907	F68R2_ONLY	IDENTITY	STAR_ALGOL	1	137
00111f34ee9d0a2804513a3d81439a39371e1fdfb6e83d8040774d113bd79907	F68R2_ONLY	IDENTITY	STAR_ALGORAB	3	137
00111f34ee9d0a2804513a3d81439a39371e1fdfb6e83d8040774d113bd79907	F68R2_ONLY	IDENTITY	STAR_ALIOTH	1	137
00111f34ee9d0a2804513a3d81439a39371e1fdfb6e83d8040774d113bd79907	F68R2_ONLY	IDENTITY	STAR_ALMACH	2	137
00111f34ee9d0a2804513a3d81439a39371e1fdfb6e83d8040774d113bd79907	F68R2_ONLY	IDENTITY	STAR_ALNAIR	2	137
00111f34ee9d0a2804513a3d81439a39371e1fdfb6e83d8040774d113bd79907	F68R2_ONLY	IDENTITY	STAR_ALNILAM	1	137
00111f34ee9d0a2804513a3d81439a39371e1fdfb6e83d8040774d113bd79907	F68R2_ONLY	IDENTITY	STAR_ALNITAK	1	137
00111f34ee9d0a2804513a3d81439a39371e1fdfb6e83d8040774d113bd79907	F68R2_ONLY	IDENTITY	STAR_ALPHARD	2	137
00111f34ee9d0a2804513a3d81439a39371e1fdfb6e83d8040774d113bd79907	F68R2_ONLY	IDENTITY	STAR_ALPHERATZ	1	137
00111f34ee9d0a2804513a3d81439a39371e1fdfb6e83d8040774d113bd79907	F68R2_ONLY	IDENTITY	STAR_ALPHIRK	2	137
00111f34ee9d0a2804513a3d81439a39371e1fdfb6e83d8040774d113bd79907	F68R2_ONLY	IDENTITY	STAR_ALRISHA	2	137
00111f34ee9d0a2804513a3d81439a39371e1fdfb6e83d8040774d113bd79907	F68R2_ONLY	IDENTITY	STAR_ALTAIR	3	137
00111f34ee9d0a2804513a3d81439a39371e1fdfb6e83d8040774d113bd79907	F68R2_ONLY	IDENTITY	STAR_ANTARES	3	137
00111f34ee9d0a2804513a3d81439a39371e1fdfb6e83d8040774d113bd79907	F68R2_ONLY	IDENTITY	STAR_ARCTURUS	3	137
00111f34ee9d0a2804513a3d81439a39371e1fdfb6e83d8040774d113bd79907	F68R2_ONLY	IDENTITY	STAR_ARKAB	1	137
00111f34ee9d0a2804513a3d81439a39371e1fdfb6e83d8040774d113bd79907	F68R2_ONLY	IDENTITY	STAR_ASCELLA	1	137
00111f34ee9d0a2804513a3d81439a39371e1fdfb6e83d8040774d113bd79907	F68R2_ONLY	IDENTITY	STAR_BELLATRIX	1	137
00111f34ee9d0a2804513a3d81439a39371e1fdfb6e83d8040774d113bd79907	F68R2_ONLY	IDENTITY	STAR_CAPELLA	1	137
00111f34ee9d0a2804513a3d81439a39371e1fdfb6e83d8040774d113bd79907	F68R2_ONLY	IDENTITY	STAR_CASTOR	2	137
00111f34ee9d0a2804513a3d81439a39371e1fdfb6e83d8040774d113bd79907	F68R2_ONLY	IDENTITY	STAR_COR_CAROLI	1	137
00111f34ee9d0a2804513a3d81439a39371e1fdfb6e83d8040774d113bd79907	F68R2_ONLY	IDENTITY	STAR_DABIH	1	137
00111f34ee9d0a2804513a3d81439a39371e1fdfb6e83d8040774d113bd79907	F68R2_ONLY	IDENTITY	STAR_DENEB	1	137
00111f34ee9d0a2804513a3d81439a39371e1fdfb6e83d8040774d113bd79907	F68R2_ONLY	IDENTITY	STAR_DIPHDA	1	137
00111f34ee9d0a2804513a3d81439a39371e1fdfb6e83d8040774d113bd79907	F68R2_ONLY	IDENTITY	STAR_DUBHE	1	137
00111f34ee9d0a2804513a3d81439a39371e1fdfb6e83d8040774d113bd79907	F68R2_ONLY	IDENTITY	STAR_ELTANIN	2	137
00111f34ee9d0a2804513a3d81439a39371e1fdfb6e83d8040774d113bd79907	F68R2_ONLY	IDENTITY	STAR_ENIF	1	137
00111f34ee9d0a2804513a3d81439a39371e1fdfb6e83d8040774d113bd79907	F68R2_ONLY	IDENTITY	STAR_FOMALHAUT	1	137
00111f34ee9d0a2804513a3d81439a39371e1fdfb6e83d8040774d113bd79907	F68R2_ONLY	IDENTITY	STAR_HAMAL	2	137
00111f34ee9d0a2804513a3d81439a39371e1fdfb6e83d8040774d113bd79907	F68R2_ONLY	IDENTITY	STAR_IZAR	3	137
00111f34ee9d0a2804513a3d81439a39371e1fdfb6e83d8040774d113bd79907	F68R2_ONLY	IDENTITY	STAR_KOCHAB	1	137
00111f34ee9d0a2804513a3d81439a39371e1fdfb6e83d8040774d113bd79907	F68R2_ONLY	IDENTITY	STAR_MARKAB	2	137
00111f34ee9d0a2804513a3d81439a39371e1fdfb6e83d8040774d113bd79907	F68R2_ONLY	IDENTITY	STAR_MEGREZ	3	137
00111f34ee9d0a2804513a3d81439a39371e1fdfb6e83d8040774d113bd79907	F68R2_ONLY	IDENTITY	STAR_MENKAR	3	137
00111f34ee9d0a2804513a3d81439a39371e1fdfb6e83d8040774d113bd79907	F68R2_ONLY	IDENTITY	STAR_MERAK	3	137
00111f34ee9d0a2804513a3d81439a39371e1fdfb6e83d8040774d113bd79907	F68R2_ONLY	IDENTITY	STAR_MESARTHIM	3	137
00111f34ee9d0a2804513a3d81439a39371e1fdfb6e83d8040774d113bd79907	F68R2_ONLY	IDENTITY	STAR_MINTAKA	1	137
00111f34ee9d0a2804513a3d81439a39371e1fdfb6e83d8040774d113bd79907	F68R2_ONLY	IDENTITY	STAR_MIRA	1	137
00111f34ee9d0a2804513a3d81439a39371e1fdfb6e83d8040774d113bd79907	F68R2_ONLY	IDENTITY	STAR_MIRACH	2	137
00111f34ee9d0a2804513a3d81439a39371e1fdfb6e83d8040774d113bd79907	F68R2_ONLY	IDENTITY	STAR_MIRFAK	2	137
00111f34ee9d0a2804513a3d81439a39371e1fdfb6e83d8040774d113bd79907	F68R2_ONLY	IDENTITY	STAR_MIZAR	3	137
00111f34ee9d0a2804513a3d81439a39371e1fdfb6e83d8040774d113bd79907	F68R2_ONLY	IDENTITY	STAR_NUNKI	2	137
00111f34ee9d0a2804513a3d81439a39371e1fdfb6e83d8040774d113bd79907	F68R2_ONLY	IDENTITY	STAR_PHERKAD	3	137
00111f34ee9d0a2804513a3d81439a39371e1fdfb6e83d8040774d113bd79907	F68R2_ONLY	IDENTITY	STAR_POLARIS	2	137
00111f34ee9d0a2804513a3d81439a39371e1fdfb6e83d8040774d113bd79907	F68R2_ONLY	IDENTITY	STAR_POLLUX	1	137
00111f34ee9d0a2804513a3d81439a39371e1fdfb6e83d8040774d113bd79907	F68R2_ONLY	IDENTITY	STAR_PORRIMA	1	137
00111f34ee9d0a2804513a3d81439a39371e1fdfb6e83d8040774d113bd79907	F68R2_ONLY	IDENTITY	STAR_PROCYON	2	137
00111f34ee9d0a2804513a3d81439a39371e1fdfb6e83d8040774d113bd79907	F68R2_ONLY	IDENTITY	STAR_RASALGETHI	2	137
00111f34ee9d0a2804513a3d81439a39371e1fdfb6e83d8040774d113bd79907	F68R2_ONLY	IDENTITY	STAR_RASALHAGUE	2	137
00111f34ee9d0a2804513a3d81439a39371e1fdfb6e83d8040774d113bd79907	F68R2_ONLY	IDENTITY	STAR_RASTABAN	2	137
00111f34ee9d0a2804513a3d81439a39371e1fdfb6e83d8040774d113bd79907	F68R2_ONLY	IDENTITY	STAR_REGULUS	2	137
00111f34ee9d0a2804513a3d81439a39371e1fdfb6e83d8040774d113bd79907	F68R2_ONLY	IDENTITY	STAR_RIGEL	4	137
00111f34ee9d0a2804513a3d81439a39371e1fdfb6e83d8040774d113bd79907	F68R2_ONLY	IDENTITY	STAR_RUKBAT	2	137
00111f34ee9d0a2804513a3d81439a39371e1fdfb6e83d8040774d113bd79907	F68R2_ONLY	IDENTITY	STAR_SARGAS	2	137
00111f34ee9d0a2804513a3d81439a39371e1fdfb6e83d8040774d113bd79907	F68R2_ONLY	IDENTITY	STAR_SCHEAT	2	137
00111f34ee9d0a2804513a3d81439a39371e1fdfb6e83d8040774d113bd79907	F68R2_ONLY	IDENTITY	STAR_SCHEDAR	1	137
00111f34ee9d0a2804513a3d81439a39371e1fdfb6e83d8040774d113bd79907	F68R2_ONLY	IDENTITY	STAR_SHERATAN	2	137
00111f34ee9d0a2804513a3d81439a39371e1fdfb6e83d8040774d113bd79907	F68R2_ONLY	IDENTITY	STAR_SIRIUS	3	137
00111f34ee9d0a2804513a3d81439a39371e1fdfb6e83d8040774d113bd79907	F68R2_ONLY	IDENTITY	STAR_SKAT	1	137
00111f34ee9d0a2804513a3d81439a39371e1fdfb6e83d8040774d113bd79907	F68R2_ONLY	IDENTITY	STAR_SPICA	1	137
00111f34ee9d0a2804513a3d81439a39371e1fdfb6e83d8040774d113bd79907	F68R2_ONLY	IDENTITY	STAR_SUBRA	3	137
00111f34ee9d0a2804513a3d81439a39371e1fdfb6e83d8040774d113bd79907	F68R2_ONLY	IDENTITY	STAR_THUBAN	1	137
00111f34ee9d0a2804513a3d81439a39371e1fdfb6e83d8040774d113bd79907	F68R2_ONLY	IDENTITY	STAR_UNUKALHAI	1	137
00111f34ee9d0a2804513a3d81439a39371e1fdfb6e83d8040774d113bd79907	F68R2_ONLY	IDENTITY	STAR_VEGA	2	137
00111f34ee9d0a2804513a3d81439a39371e1fdfb6e83d8040774d113bd79907	F68R2_ONLY	IDENTITY	STAR_VINDEMIATRIX	1	137
00111f34ee9d0a2804513a3d81439a39371e1fdfb6e83d8040774d113bd79907	F68R2_ONLY	IDENTITY	STAR_WASAT	1	137
00111f34ee9d0a2804513a3d81439a39371e1fdfb6e83d8040774d113bd79907	F68R2_ONLY	IDENTITY	STAR_ZOSMA	2	137
00111f34ee9d0a2804513a3d81439a39371e1fdfb6e83d8040774d113bd79907	F68R2_ONLY	IDENTITY	STAR_ZUBENELGENUBI	2	137
00111f34ee9d0a2804513a3d81439a39371e1fdfb6e83d8040774d113bd79907	F68R2_ONLY	IDENTITY	STAR_ZUBENESCHAMALI	2	137
a29f974a4836cbad51c6fa7a0ec56b0b33bff44a4a0f88fdf435e45bbabd3c1b	UNCONSTRAINED_PAGE	LABEL	STAR_f68r2_12465	137	137
a29f974a4836cbad51c6fa7a0ec56b0b33bff44a4a0f88fdf435e45bbabd3c1b	UNCONSTRAINED_PAGE	LABEL	STAR_f68r2_12486	137	137
a29f974a4836cbad51c6fa7a0ec56b0b33bff44a4a0f88fdf435e45bbabd3c1b	UNCONSTRAINED_PAGE	LABEL	STAR_f68r2_12463	137	137
a29f974a4836cbad51c6fa7a0ec56b0b33bff44a4a0f88fdf435e45bbabd3c1b	UNCONSTRAINED_PAGE	IDENTITY	STAR_HAMAL	137	137
a29f974a4836cbad51c6fa7a0ec56b0b33bff44a4a0f88fdf435e45bbabd3c1b	UNCONSTRAINED_PAGE	IDENTITY	STAR_ALNITAK	137	137
a29f974a4836cbad51c6fa7a0ec56b0b33bff44a4a0f88fdf435e45bbabd3c1b	UNCONSTRAINED_PAGE	IDENTITY	STAR_ACHERNAR	1	137
a29f974a4836cbad51c6fa7a0ec56b0b33bff44a4a0f88fdf435e45bbabd3c1b	UNCONSTRAINED_PAGE	IDENTITY	STAR_ACRAB	3	137
a29f974a4836cbad51c6fa7a0ec56b0b33bff44a4a0f88fdf435e45bbabd3c1b	UNCONSTRAINED_PAGE	IDENTITY	STAR_ACUBENS	1	137
a29f974a4836cbad51c6fa7a0ec56b0b33bff44a4a0f88fdf435e45bbabd3c1b	UNCONSTRAINED_PAGE	IDENTITY	STAR_ALBIREO	2	137
a29f974a4836cbad51c6fa7a0ec56b0b33bff44a4a0f88fdf435e45bbabd3c1b	UNCONSTRAINED_PAGE	IDENTITY	STAR_ALCHIBA	1	137
a29f974a4836cbad51c6fa7a0ec56b0b33bff44a4a0f88fdf435e45bbabd3c1b	UNCONSTRAINED_PAGE	IDENTITY	STAR_ALCOR	1	137
a29f974a4836cbad51c6fa7a0ec56b0b33bff44a4a0f88fdf435e45bbabd3c1b	UNCONSTRAINED_PAGE	IDENTITY	STAR_ALDEBARAN	4	137
a29f974a4836cbad51c6fa7a0ec56b0b33bff44a4a0f88fdf435e45bbabd3c1b	UNCONSTRAINED_PAGE	IDENTITY	STAR_ALDERAMIN	2	137
a29f974a4836cbad51c6fa7a0ec56b0b33bff44a4a0f88fdf435e45bbabd3c1b	UNCONSTRAINED_PAGE	IDENTITY	STAR_ALGENIB	1	137
a29f974a4836cbad51c6fa7a0ec56b0b33bff44a4a0f88fdf435e45bbabd3c1b	UNCONSTRAINED_PAGE	IDENTITY	STAR_ALGIEBA	1	137
a29f974a4836cbad51c6fa7a0ec56b0b33bff44a4a0f88fdf435e45bbabd3c1b	UNCONSTRAINED_PAGE	IDENTITY	STAR_ALGOL	1	137
a29f974a4836cbad51c6fa7a0ec56b0b33bff44a4a0f88fdf435e45bbabd3c1b	UNCONSTRAINED_PAGE	IDENTITY	STAR_ALGORAB	3	137
a29f974a4836cbad51c6fa7a0ec56b0b33bff44a4a0f88fdf435e45bbabd3c1b	UNCONSTRAINED_PAGE	IDENTITY	STAR_ALIOTH	1	137
a29f974a4836cbad51c6fa7a0ec56b0b33bff44a4a0f88fdf435e45bbabd3c1b	UNCONSTRAINED_PAGE	IDENTITY	STAR_ALMACH	2	137
a29f974a4836cbad51c6fa7a0ec56b0b33bff44a4a0f88fdf435e45bbabd3c1b	UNCONSTRAINED_PAGE	IDENTITY	STAR_ALNAIR	2	137
a29f974a4836cbad51c6fa7a0ec56b0b33bff44a4a0f88fdf435e45bbabd3c1b	UNCONSTRAINED_PAGE	IDENTITY	STAR_ALNILAM	1	137
a29f974a4836cbad51c6fa7a0ec56b0b33bff44a4a0f88fdf435e45bbabd3c1b	UNCONSTRAINED_PAGE	IDENTITY	STAR_ALPHARD	2	137
a29f974a4836cbad51c6fa7a0ec56b0b33bff44a4a0f88fdf435e45bbabd3c1b	UNCONSTRAINED_PAGE	IDENTITY	STAR_ALPHERATZ	1	137
a29f974a4836cbad51c6fa7a0ec56b0b33bff44a4a0f88fdf435e45bbabd3c1b	UNCONSTRAINED_PAGE	IDENTITY	STAR_ALPHIRK	2	137
a29f974a4836cbad51c6fa7a0ec56b0b33bff44a4a0f88fdf435e45bbabd3c1b	UNCONSTRAINED_PAGE	IDENTITY	STAR_ALRISHA	2	137
a29f974a4836cbad51c6fa7a0ec56b0b33bff44a4a0f88fdf435e45bbabd3c1b	UNCONSTRAINED_PAGE	IDENTITY	STAR_ALTAIR	3	137
a29f974a4836cbad51c6fa7a0ec56b0b33bff44a4a0f88fdf435e45bbabd3c1b	UNCONSTRAINED_PAGE	IDENTITY	STAR_ANTARES	3	137
a29f974a4836cbad51c6fa7a0ec56b0b33bff44a4a0f88fdf435e45bbabd3c1b	UNCONSTRAINED_PAGE	IDENTITY	STAR_ARCTURUS	3	137
a29f974a4836cbad51c6fa7a0ec56b0b33bff44a4a0f88fdf435e45bbabd3c1b	UNCONSTRAINED_PAGE	IDENTITY	STAR_ARKAB	1	137
a29f974a4836cbad51c6fa7a0ec56b0b33bff44a4a0f88fdf435e45bbabd3c1b	UNCONSTRAINED_PAGE	IDENTITY	STAR_ASCELLA	1	137
a29f974a4836cbad51c6fa7a0ec56b0b33bff44a4a0f88fdf435e45bbabd3c1b	UNCONSTRAINED_PAGE	IDENTITY	STAR_BELLATRIX	1	137
a29f974a4836cbad51c6fa7a0ec56b0b33bff44a4a0f88fdf435e45bbabd3c1b	UNCONSTRAINED_PAGE	IDENTITY	STAR_CAPELLA	1	137
a29f974a4836cbad51c6fa7a0ec56b0b33bff44a4a0f88fdf435e45bbabd3c1b	UNCONSTRAINED_PAGE	IDENTITY	STAR_CASTOR	2	137
a29f974a4836cbad51c6fa7a0ec56b0b33bff44a4a0f88fdf435e45bbabd3c1b	UNCONSTRAINED_PAGE	IDENTITY	STAR_COR_CAROLI	1	137
a29f974a4836cbad51c6fa7a0ec56b0b33bff44a4a0f88fdf435e45bbabd3c1b	UNCONSTRAINED_PAGE	IDENTITY	STAR_DABIH	1	137
a29f974a4836cbad51c6fa7a0ec56b0b33bff44a4a0f88fdf435e45bbabd3c1b	UNCONSTRAINED_PAGE	IDENTITY	STAR_DENEB	1	137
a29f974a4836cbad51c6fa7a0ec56b0b33bff44a4a0f88fdf435e45bbabd3c1b	UNCONSTRAINED_PAGE	IDENTITY	STAR_DIPHDA	1	137
a29f974a4836cbad51c6fa7a0ec56b0b33bff44a4a0f88fdf435e45bbabd3c1b	UNCONSTRAINED_PAGE	IDENTITY	STAR_DUBHE	1	137
a29f974a4836cbad51c6fa7a0ec56b0b33bff44a4a0f88fdf435e45bbabd3c1b	UNCONSTRAINED_PAGE	IDENTITY	STAR_ELTANIN	2	137
a29f974a4836cbad51c6fa7a0ec56b0b33bff44a4a0f88fdf435e45bbabd3c1b	UNCONSTRAINED_PAGE	IDENTITY	STAR_ENIF	1	137
a29f974a4836cbad51c6fa7a0ec56b0b33bff44a4a0f88fdf435e45bbabd3c1b	UNCONSTRAINED_PAGE	IDENTITY	STAR_FOMALHAUT	1	137
a29f974a4836cbad51c6fa7a0ec56b0b33bff44a4a0f88fdf435e45bbabd3c1b	UNCONSTRAINED_PAGE	IDENTITY	STAR_IZAR	3	137
a29f974a4836cbad51c6fa7a0ec56b0b33bff44a4a0f88fdf435e45bbabd3c1b	UNCONSTRAINED_PAGE	IDENTITY	STAR_KOCHAB	1	137
a29f974a4836cbad51c6fa7a0ec56b0b33bff44a4a0f88fdf435e45bbabd3c1b	UNCONSTRAINED_PAGE	IDENTITY	STAR_MARKAB	2	137
a29f974a4836cbad51c6fa7a0ec56b0b33bff44a4a0f88fdf435e45bbabd3c1b	UNCONSTRAINED_PAGE	IDENTITY	STAR_MEGREZ	3	137
a29f974a4836cbad51c6fa7a0ec56b0b33bff44a4a0f88fdf435e45bbabd3c1b	UNCONSTRAINED_PAGE	IDENTITY	STAR_MENKAR	3	137
a29f974a4836cbad51c6fa7a0ec56b0b33bff44a4a0f88fdf435e45bbabd3c1b	UNCONSTRAINED_PAGE	IDENTITY	STAR_MERAK	3	137
a29f974a4836cbad51c6fa7a0ec56b0b33bff44a4a0f88fdf435e45bbabd3c1b	UNCONSTRAINED_PAGE	IDENTITY	STAR_MESARTHIM	3	137
a29f974a4836cbad51c6fa7a0ec56b0b33bff44a4a0f88fdf435e45bbabd3c1b	UNCONSTRAINED_PAGE	IDENTITY	STAR_MINTAKA	1	137
a29f974a4836cbad51c6fa7a0ec56b0b33bff44a4a0f88fdf435e45bbabd3c1b	UNCONSTRAINED_PAGE	IDENTITY	STAR_MIRA	1	137
a29f974a4836cbad51c6fa7a0ec56b0b33bff44a4a0f88fdf435e45bbabd3c1b	UNCONSTRAINED_PAGE	IDENTITY	STAR_MIRACH	2	137
a29f974a4836cbad51c6fa7a0ec56b0b33bff44a4a0f88fdf435e45bbabd3c1b	UNCONSTRAINED_PAGE	IDENTITY	STAR_MIRFAK	2	137
a29f974a4836cbad51c6fa7a0ec56b0b33bff44a4a0f88fdf435e45bbabd3c1b	UNCONSTRAINED_PAGE	IDENTITY	STAR_MIZAR	3	137
a29f974a4836cbad51c6fa7a0ec56b0b33bff44a4a0f88fdf435e45bbabd3c1b	UNCONSTRAINED_PAGE	IDENTITY	STAR_NUNKI	2	137
a29f974a4836cbad51c6fa7a0ec56b0b33bff44a4a0f88fdf435e45bbabd3c1b	UNCONSTRAINED_PAGE	IDENTITY	STAR_PHERKAD	3	137
a29f974a4836cbad51c6fa7a0ec56b0b33bff44a4a0f88fdf435e45bbabd3c1b	UNCONSTRAINED_PAGE	IDENTITY	STAR_POLARIS	2	137
a29f974a4836cbad51c6fa7a0ec56b0b33bff44a4a0f88fdf435e45bbabd3c1b	UNCONSTRAINED_PAGE	IDENTITY	STAR_POLLUX	1	137
a29f974a4836cbad51c6fa7a0ec56b0b33bff44a4a0f88fdf435e45bbabd3c1b	UNCONSTRAINED_PAGE	IDENTITY	STAR_PORRIMA	1	137
a29f974a4836cbad51c6fa7a0ec56b0b33bff44a4a0f88fdf435e45bbabd3c1b	UNCONSTRAINED_PAGE	IDENTITY	STAR_PROCYON	2	137
a29f974a4836cbad51c6fa7a0ec56b0b33bff44a4a0f88fdf435e45bbabd3c1b	UNCONSTRAINED_PAGE	IDENTITY	STAR_RASALGETHI	2	137
a29f974a4836cbad51c6fa7a0ec56b0b33bff44a4a0f88fdf435e45bbabd3c1b	UNCONSTRAINED_PAGE	IDENTITY	STAR_RASALHAGUE	2	137
a29f974a4836cbad51c6fa7a0ec56b0b33bff44a4a0f88fdf435e45bbabd3c1b	UNCONSTRAINED_PAGE	IDENTITY	STAR_RASTABAN	2	137
a29f974a4836cbad51c6fa7a0ec56b0b33bff44a4a0f88fdf435e45bbabd3c1b	UNCONSTRAINED_PAGE	IDENTITY	STAR_REGULUS	2	137
a29f974a4836cbad51c6fa7a0ec56b0b33bff44a4a0f88fdf435e45bbabd3c1b	UNCONSTRAINED_PAGE	IDENTITY	STAR_RIGEL	4	137
a29f974a4836cbad51c6fa7a0ec56b0b33bff44a4a0f88fdf435e45bbabd3c1b	UNCONSTRAINED_PAGE	IDENTITY	STAR_RUKBAT	2	137
a29f974a4836cbad51c6fa7a0ec56b0b33bff44a4a0f88fdf435e45bbabd3c1b	UNCONSTRAINED_PAGE	IDENTITY	STAR_SARGAS	2	137
a29f974a4836cbad51c6fa7a0ec56b0b33bff44a4a0f88fdf435e45bbabd3c1b	UNCONSTRAINED_PAGE	IDENTITY	STAR_SCHEAT	2	137
a29f974a4836cbad51c6fa7a0ec56b0b33bff44a4a0f88fdf435e45bbabd3c1b	UNCONSTRAINED_PAGE	IDENTITY	STAR_SCHEDAR	1	137
a29f974a4836cbad51c6fa7a0ec56b0b33bff44a4a0f88fdf435e45bbabd3c1b	UNCONSTRAINED_PAGE	IDENTITY	STAR_SHERATAN	2	137
a29f974a4836cbad51c6fa7a0ec56b0b33bff44a4a0f88fdf435e45bbabd3c1b	UNCONSTRAINED_PAGE	IDENTITY	STAR_SIRIUS	3	137
a29f974a4836cbad51c6fa7a0ec56b0b33bff44a4a0f88fdf435e45bbabd3c1b	UNCONSTRAINED_PAGE	IDENTITY	STAR_SKAT	1	137
a29f974a4836cbad51c6fa7a0ec56b0b33bff44a4a0f88fdf435e45bbabd3c1b	UNCONSTRAINED_PAGE	IDENTITY	STAR_SPICA	1	137
a29f974a4836cbad51c6fa7a0ec56b0b33bff44a4a0f88fdf435e45bbabd3c1b	UNCONSTRAINED_PAGE	IDENTITY	STAR_SUBRA	3	137
a29f974a4836cbad51c6fa7a0ec56b0b33bff44a4a0f88fdf435e45bbabd3c1b	UNCONSTRAINED_PAGE	IDENTITY	STAR_THUBAN	1	137
a29f974a4836cbad51c6fa7a0ec56b0b33bff44a4a0f88fdf435e45bbabd3c1b	UNCONSTRAINED_PAGE	IDENTITY	STAR_UNUKALHAI	1	137
a29f974a4836cbad51c6fa7a0ec56b0b33bff44a4a0f88fdf435e45bbabd3c1b	UNCONSTRAINED_PAGE	IDENTITY	STAR_VEGA	2	137
a29f974a4836cbad51c6fa7a0ec56b0b33bff44a4a0f88fdf435e45bbabd3c1b	UNCONSTRAINED_PAGE	IDENTITY	STAR_VINDEMIATRIX	1	137
a29f974a4836cbad51c6fa7a0ec56b0b33bff44a4a0f88fdf435e45bbabd3c1b	UNCONSTRAINED_PAGE	IDENTITY	STAR_WASAT	1	137
a29f974a4836cbad51c6fa7a0ec56b0b33bff44a4a0f88fdf435e45bbabd3c1b	UNCONSTRAINED_PAGE	IDENTITY	STAR_ZOSMA	2	137
a29f974a4836cbad51c6fa7a0ec56b0b33bff44a4a0f88fdf435e45bbabd3c1b	UNCONSTRAINED_PAGE	IDENTITY	STAR_ZUBENELGENUBI	2	137
a29f974a4836cbad51c6fa7a0ec56b0b33bff44a4a0f88fdf435e45bbabd3c1b	UNCONSTRAINED_PAGE	IDENTITY	STAR_ZUBENESCHAMALI	2	137
a29f974a4836cbad51c6fa7a0ec56b0b33bff44a4a0f88fdf435e45bbabd3c1b	F68R2_ONLY	LABEL	STAR_f68r2_12465	137	137
a29f974a4836cbad51c6fa7a0ec56b0b33bff44a4a0f88fdf435e45bbabd3c1b	F68R2_ONLY	LABEL	STAR_f68r2_12486	137	137
a29f974a4836cbad51c6fa7a0ec56b0b33bff44a4a0f88fdf435e45bbabd3c1b	F68R2_ONLY	LABEL	STAR_f68r2_12463	137	137
a29f974a4836cbad51c6fa7a0ec56b0b33bff44a4a0f88fdf435e45bbabd3c1b	F68R2_ONLY	IDENTITY	STAR_HAMAL	137	137
a29f974a4836cbad51c6fa7a0ec56b0b33bff44a4a0f88fdf435e45bbabd3c1b	F68R2_ONLY	IDENTITY	STAR_ALNITAK	137	137
a29f974a4836cbad51c6fa7a0ec56b0b33bff44a4a0f88fdf435e45bbabd3c1b	F68R2_ONLY	IDENTITY	STAR_ACHERNAR	1	137
a29f974a4836cbad51c6fa7a0ec56b0b33bff44a4a0f88fdf435e45bbabd3c1b	F68R2_ONLY	IDENTITY	STAR_ACRAB	3	137
a29f974a4836cbad51c6fa7a0ec56b0b33bff44a4a0f88fdf435e45bbabd3c1b	F68R2_ONLY	IDENTITY	STAR_ACUBENS	1	137
a29f974a4836cbad51c6fa7a0ec56b0b33bff44a4a0f88fdf435e45bbabd3c1b	F68R2_ONLY	IDENTITY	STAR_ALBIREO	2	137
a29f974a4836cbad51c6fa7a0ec56b0b33bff44a4a0f88fdf435e45bbabd3c1b	F68R2_ONLY	IDENTITY	STAR_ALCHIBA	1	137
a29f974a4836cbad51c6fa7a0ec56b0b33bff44a4a0f88fdf435e45bbabd3c1b	F68R2_ONLY	IDENTITY	STAR_ALCOR	1	137
a29f974a4836cbad51c6fa7a0ec56b0b33bff44a4a0f88fdf435e45bbabd3c1b	F68R2_ONLY	IDENTITY	STAR_ALDEBARAN	4	137
a29f974a4836cbad51c6fa7a0ec56b0b33bff44a4a0f88fdf435e45bbabd3c1b	F68R2_ONLY	IDENTITY	STAR_ALDERAMIN	2	137
a29f974a4836cbad51c6fa7a0ec56b0b33bff44a4a0f88fdf435e45bbabd3c1b	F68R2_ONLY	IDENTITY	STAR_ALGENIB	1	137
a29f974a4836cbad51c6fa7a0ec56b0b33bff44a4a0f88fdf435e45bbabd3c1b	F68R2_ONLY	IDENTITY	STAR_ALGIEBA	1	137
a29f974a4836cbad51c6fa7a0ec56b0b33bff44a4a0f88fdf435e45bbabd3c1b	F68R2_ONLY	IDENTITY	STAR_ALGOL	1	137
a29f974a4836cbad51c6fa7a0ec56b0b33bff44a4a0f88fdf435e45bbabd3c1b	F68R2_ONLY	IDENTITY	STAR_ALGORAB	3	137
a29f974a4836cbad51c6fa7a0ec56b0b33bff44a4a0f88fdf435e45bbabd3c1b	F68R2_ONLY	IDENTITY	STAR_ALIOTH	1	137
a29f974a4836cbad51c6fa7a0ec56b0b33bff44a4a0f88fdf435e45bbabd3c1b	F68R2_ONLY	IDENTITY	STAR_ALMACH	2	137
a29f974a4836cbad51c6fa7a0ec56b0b33bff44a4a0f88fdf435e45bbabd3c1b	F68R2_ONLY	IDENTITY	STAR_ALNAIR	2	137
a29f974a4836cbad51c6fa7a0ec56b0b33bff44a4a0f88fdf435e45bbabd3c1b	F68R2_ONLY	IDENTITY	STAR_ALNILAM	1	137
a29f974a4836cbad51c6fa7a0ec56b0b33bff44a4a0f88fdf435e45bbabd3c1b	F68R2_ONLY	IDENTITY	STAR_ALPHARD	2	137
a29f974a4836cbad51c6fa7a0ec56b0b33bff44a4a0f88fdf435e45bbabd3c1b	F68R2_ONLY	IDENTITY	STAR_ALPHERATZ	1	137
a29f974a4836cbad51c6fa7a0ec56b0b33bff44a4a0f88fdf435e45bbabd3c1b	F68R2_ONLY	IDENTITY	STAR_ALPHIRK	2	137
a29f974a4836cbad51c6fa7a0ec56b0b33bff44a4a0f88fdf435e45bbabd3c1b	F68R2_ONLY	IDENTITY	STAR_ALRISHA	2	137
a29f974a4836cbad51c6fa7a0ec56b0b33bff44a4a0f88fdf435e45bbabd3c1b	F68R2_ONLY	IDENTITY	STAR_ALTAIR	3	137
a29f974a4836cbad51c6fa7a0ec56b0b33bff44a4a0f88fdf435e45bbabd3c1b	F68R2_ONLY	IDENTITY	STAR_ANTARES	3	137
a29f974a4836cbad51c6fa7a0ec56b0b33bff44a4a0f88fdf435e45bbabd3c1b	F68R2_ONLY	IDENTITY	STAR_ARCTURUS	3	137
a29f974a4836cbad51c6fa7a0ec56b0b33bff44a4a0f88fdf435e45bbabd3c1b	F68R2_ONLY	IDENTITY	STAR_ARKAB	1	137
a29f974a4836cbad51c6fa7a0ec56b0b33bff44a4a0f88fdf435e45bbabd3c1b	F68R2_ONLY	IDENTITY	STAR_ASCELLA	1	137
a29f974a4836cbad51c6fa7a0ec56b0b33bff44a4a0f88fdf435e45bbabd3c1b	F68R2_ONLY	IDENTITY	STAR_BELLATRIX	1	137
a29f974a4836cbad51c6fa7a0ec56b0b33bff44a4a0f88fdf435e45bbabd3c1b	F68R2_ONLY	IDENTITY	STAR_CAPELLA	1	137
a29f974a4836cbad51c6fa7a0ec56b0b33bff44a4a0f88fdf435e45bbabd3c1b	F68R2_ONLY	IDENTITY	STAR_CASTOR	2	137
a29f974a4836cbad51c6fa7a0ec56b0b33bff44a4a0f88fdf435e45bbabd3c1b	F68R2_ONLY	IDENTITY	STAR_COR_CAROLI	1	137
a29f974a4836cbad51c6fa7a0ec56b0b33bff44a4a0f88fdf435e45bbabd3c1b	F68R2_ONLY	IDENTITY	STAR_DABIH	1	137
a29f974a4836cbad51c6fa7a0ec56b0b33bff44a4a0f88fdf435e45bbabd3c1b	F68R2_ONLY	IDENTITY	STAR_DENEB	1	137
a29f974a4836cbad51c6fa7a0ec56b0b33bff44a4a0f88fdf435e45bbabd3c1b	F68R2_ONLY	IDENTITY	STAR_DIPHDA	1	137
a29f974a4836cbad51c6fa7a0ec56b0b33bff44a4a0f88fdf435e45bbabd3c1b	F68R2_ONLY	IDENTITY	STAR_DUBHE	1	137
a29f974a4836cbad51c6fa7a0ec56b0b33bff44a4a0f88fdf435e45bbabd3c1b	F68R2_ONLY	IDENTITY	STAR_ELTANIN	2	137
a29f974a4836cbad51c6fa7a0ec56b0b33bff44a4a0f88fdf435e45bbabd3c1b	F68R2_ONLY	IDENTITY	STAR_ENIF	1	137
a29f974a4836cbad51c6fa7a0ec56b0b33bff44a4a0f88fdf435e45bbabd3c1b	F68R2_ONLY	IDENTITY	STAR_FOMALHAUT	1	137
a29f974a4836cbad51c6fa7a0ec56b0b33bff44a4a0f88fdf435e45bbabd3c1b	F68R2_ONLY	IDENTITY	STAR_IZAR	3	137
a29f974a4836cbad51c6fa7a0ec56b0b33bff44a4a0f88fdf435e45bbabd3c1b	F68R2_ONLY	IDENTITY	STAR_KOCHAB	1	137
a29f974a4836cbad51c6fa7a0ec56b0b33bff44a4a0f88fdf435e45bbabd3c1b	F68R2_ONLY	IDENTITY	STAR_MARKAB	2	137
a29f974a4836cbad51c6fa7a0ec56b0b33bff44a4a0f88fdf435e45bbabd3c1b	F68R2_ONLY	IDENTITY	STAR_MEGREZ	3	137
a29f974a4836cbad51c6fa7a0ec56b0b33bff44a4a0f88fdf435e45bbabd3c1b	F68R2_ONLY	IDENTITY	STAR_MENKAR	3	137
a29f974a4836cbad51c6fa7a0ec56b0b33bff44a4a0f88fdf435e45bbabd3c1b	F68R2_ONLY	IDENTITY	STAR_MERAK	3	137
a29f974a4836cbad51c6fa7a0ec56b0b33bff44a4a0f88fdf435e45bbabd3c1b	F68R2_ONLY	IDENTITY	STAR_MESARTHIM	3	137
a29f974a4836cbad51c6fa7a0ec56b0b33bff44a4a0f88fdf435e45bbabd3c1b	F68R2_ONLY	IDENTITY	STAR_MINTAKA	1	137
a29f974a4836cbad51c6fa7a0ec56b0b33bff44a4a0f88fdf435e45bbabd3c1b	F68R2_ONLY	IDENTITY	STAR_MIRA	1	137
a29f974a4836cbad51c6fa7a0ec56b0b33bff44a4a0f88fdf435e45bbabd3c1b	F68R2_ONLY	IDENTITY	STAR_MIRACH	2	137
a29f974a4836cbad51c6fa7a0ec56b0b33bff44a4a0f88fdf435e45bbabd3c1b	F68R2_ONLY	IDENTITY	STAR_MIRFAK	2	137
a29f974a4836cbad51c6fa7a0ec56b0b33bff44a4a0f88fdf435e45bbabd3c1b	F68R2_ONLY	IDENTITY	STAR_MIZAR	3	137
a29f974a4836cbad51c6fa7a0ec56b0b33bff44a4a0f88fdf435e45bbabd3c1b	F68R2_ONLY	IDENTITY	STAR_NUNKI	2	137
a29f974a4836cbad51c6fa7a0ec56b0b33bff44a4a0f88fdf435e45bbabd3c1b	F68R2_ONLY	IDENTITY	STAR_PHERKAD	3	137
a29f974a4836cbad51c6fa7a0ec56b0b33bff44a4a0f88fdf435e45bbabd3c1b	F68R2_ONLY	IDENTITY	STAR_POLARIS	2	137
a29f974a4836cbad51c6fa7a0ec56b0b33bff44a4a0f88fdf435e45bbabd3c1b	F68R2_ONLY	IDENTITY	STAR_POLLUX	1	137
a29f974a4836cbad51c6fa7a0ec56b0b33bff44a4a0f88fdf435e45bbabd3c1b	F68R2_ONLY	IDENTITY	STAR_PORRIMA	1	137
a29f974a4836cbad51c6fa7a0ec56b0b33bff44a4a0f88fdf435e45bbabd3c1b	F68R2_ONLY	IDENTITY	STAR_PROCYON	2	137
a29f974a4836cbad51c6fa7a0ec56b0b33bff44a4a0f88fdf435e45bbabd3c1b	F68R2_ONLY	IDENTITY	STAR_RASALGETHI	2	137
a29f974a4836cbad51c6fa7a0ec56b0b33bff44a4a0f88fdf435e45bbabd3c1b	F68R2_ONLY	IDENTITY	STAR_RASALHAGUE	2	137
a29f974a4836cbad51c6fa7a0ec56b0b33bff44a4a0f88fdf435e45bbabd3c1b	F68R2_ONLY	IDENTITY	STAR_RASTABAN	2	137
a29f974a4836cbad51c6fa7a0ec56b0b33bff44a4a0f88fdf435e45bbabd3c1b	F68R2_ONLY	IDENTITY	STAR_REGULUS	2	137
a29f974a4836cbad51c6fa7a0ec56b0b33bff44a4a0f88fdf435e45bbabd3c1b	F68R2_ONLY	IDENTITY	STAR_RIGEL	4	137
a29f974a4836cbad51c6fa7a0ec56b0b33bff44a4a0f88fdf435e45bbabd3c1b	F68R2_ONLY	IDENTITY	STAR_RUKBAT	2	137
a29f974a4836cbad51c6fa7a0ec56b0b33bff44a4a0f88fdf435e45bbabd3c1b	F68R2_ONLY	IDENTITY	STAR_SARGAS	2	137
a29f974a4836cbad51c6fa7a0ec56b0b33bff44a4a0f88fdf435e45bbabd3c1b	F68R2_ONLY	IDENTITY	STAR_SCHEAT	2	137
a29f974a4836cbad51c6fa7a0ec56b0b33bff44a4a0f88fdf435e45bbabd3c1b	F68R2_ONLY	IDENTITY	STAR_SCHEDAR	1	137
a29f974a4836cbad51c6fa7a0ec56b0b33bff44a4a0f88fdf435e45bbabd3c1b	F68R2_ONLY	IDENTITY	STAR_SHERATAN	2	137
a29f974a4836cbad51c6fa7a0ec56b0b33bff44a4a0f88fdf435e45bbabd3c1b	F68R2_ONLY	IDENTITY	STAR_SIRIUS	3	137
a29f974a4836cbad51c6fa7a0ec56b0b33bff44a4a0f88fdf435e45bbabd3c1b	F68R2_ONLY	IDENTITY	STAR_SKAT	1	137
a29f974a4836cbad51c6fa7a0ec56b0b33bff44a4a0f88fdf435e45bbabd3c1b	F68R2_ONLY	IDENTITY	STAR_SPICA	1	137
a29f974a4836cbad51c6fa7a0ec56b0b33bff44a4a0f88fdf435e45bbabd3c1b	F68R2_ONLY	IDENTITY	STAR_SUBRA	3	137
a29f974a4836cbad51c6fa7a0ec56b0b33bff44a4a0f88fdf435e45bbabd3c1b	F68R2_ONLY	IDENTITY	STAR_THUBAN	1	137
a29f974a4836cbad51c6fa7a0ec56b0b33bff44a4a0f88fdf435e45bbabd3c1b	F68R2_ONLY	IDENTITY	STAR_UNUKALHAI	1	137
a29f974a4836cbad51c6fa7a0ec56b0b33bff44a4a0f88fdf435e45bbabd3c1b	F68R2_ONLY	IDENTITY	STAR_VEGA	2	137
a29f974a4836cbad51c6fa7a0ec56b0b33bff44a4a0f88fdf435e45bbabd3c1b	F68R2_ONLY	IDENTITY	STAR_VINDEMIATRIX	1	137
a29f974a4836cbad51c6fa7a0ec56b0b33bff44a4a0f88fdf435e45bbabd3c1b	F68R2_ONLY	IDENTITY	STAR_WASAT	1	137
a29f974a4836cbad51c6fa7a0ec56b0b33bff44a4a0f88fdf435e45bbabd3c1b	F68R2_ONLY	IDENTITY	STAR_ZOSMA	2	137
a29f974a4836cbad51c6fa7a0ec56b0b33bff44a4a0f88fdf435e45bbabd3c1b	F68R2_ONLY	IDENTITY	STAR_ZUBENELGENUBI	2	137
a29f974a4836cbad51c6fa7a0ec56b0b33bff44a4a0f88fdf435e45bbabd3c1b	F68R2_ONLY	IDENTITY	STAR_ZUBENESCHAMALI	2	137
96434ed51843146bd5a80d22f846ff39ccbf2366044bec2fb5bdf704420fbf2b	UNCONSTRAINED_PAGE	LABEL	STAR_f68r2_12465	136	136
96434ed51843146bd5a80d22f846ff39ccbf2366044bec2fb5bdf704420fbf2b	UNCONSTRAINED_PAGE	LABEL	STAR_f68r2_12486	136	136
96434ed51843146bd5a80d22f846ff39ccbf2366044bec2fb5bdf704420fbf2b	UNCONSTRAINED_PAGE	LABEL	STAR_f68r2_12463	136	136
96434ed51843146bd5a80d22f846ff39ccbf2366044bec2fb5bdf704420fbf2b	UNCONSTRAINED_PAGE	IDENTITY	STAR_CASTOR	136	136
96434ed51843146bd5a80d22f846ff39ccbf2366044bec2fb5bdf704420fbf2b	UNCONSTRAINED_PAGE	IDENTITY	STAR_VEGA	136	136
96434ed51843146bd5a80d22f846ff39ccbf2366044bec2fb5bdf704420fbf2b	UNCONSTRAINED_PAGE	IDENTITY	STAR_ACHERNAR	1	136
96434ed51843146bd5a80d22f846ff39ccbf2366044bec2fb5bdf704420fbf2b	UNCONSTRAINED_PAGE	IDENTITY	STAR_ACRAB	3	136
96434ed51843146bd5a80d22f846ff39ccbf2366044bec2fb5bdf704420fbf2b	UNCONSTRAINED_PAGE	IDENTITY	STAR_ACUBENS	1	136
96434ed51843146bd5a80d22f846ff39ccbf2366044bec2fb5bdf704420fbf2b	UNCONSTRAINED_PAGE	IDENTITY	STAR_ALBIREO	2	136
96434ed51843146bd5a80d22f846ff39ccbf2366044bec2fb5bdf704420fbf2b	UNCONSTRAINED_PAGE	IDENTITY	STAR_ALCHIBA	1	136
96434ed51843146bd5a80d22f846ff39ccbf2366044bec2fb5bdf704420fbf2b	UNCONSTRAINED_PAGE	IDENTITY	STAR_ALCOR	1	136
96434ed51843146bd5a80d22f846ff39ccbf2366044bec2fb5bdf704420fbf2b	UNCONSTRAINED_PAGE	IDENTITY	STAR_ALDEBARAN	4	136
96434ed51843146bd5a80d22f846ff39ccbf2366044bec2fb5bdf704420fbf2b	UNCONSTRAINED_PAGE	IDENTITY	STAR_ALDERAMIN	2	136
96434ed51843146bd5a80d22f846ff39ccbf2366044bec2fb5bdf704420fbf2b	UNCONSTRAINED_PAGE	IDENTITY	STAR_ALGENIB	1	136
96434ed51843146bd5a80d22f846ff39ccbf2366044bec2fb5bdf704420fbf2b	UNCONSTRAINED_PAGE	IDENTITY	STAR_ALGIEBA	1	136
96434ed51843146bd5a80d22f846ff39ccbf2366044bec2fb5bdf704420fbf2b	UNCONSTRAINED_PAGE	IDENTITY	STAR_ALGOL	1	136
96434ed51843146bd5a80d22f846ff39ccbf2366044bec2fb5bdf704420fbf2b	UNCONSTRAINED_PAGE	IDENTITY	STAR_ALGORAB	3	136
96434ed51843146bd5a80d22f846ff39ccbf2366044bec2fb5bdf704420fbf2b	UNCONSTRAINED_PAGE	IDENTITY	STAR_ALIOTH	1	136
96434ed51843146bd5a80d22f846ff39ccbf2366044bec2fb5bdf704420fbf2b	UNCONSTRAINED_PAGE	IDENTITY	STAR_ALMACH	2	136
96434ed51843146bd5a80d22f846ff39ccbf2366044bec2fb5bdf704420fbf2b	UNCONSTRAINED_PAGE	IDENTITY	STAR_ALNAIR	2	136
96434ed51843146bd5a80d22f846ff39ccbf2366044bec2fb5bdf704420fbf2b	UNCONSTRAINED_PAGE	IDENTITY	STAR_ALNILAM	1	136
96434ed51843146bd5a80d22f846ff39ccbf2366044bec2fb5bdf704420fbf2b	UNCONSTRAINED_PAGE	IDENTITY	STAR_ALNITAK	1	136
96434ed51843146bd5a80d22f846ff39ccbf2366044bec2fb5bdf704420fbf2b	UNCONSTRAINED_PAGE	IDENTITY	STAR_ALPHARD	2	136
96434ed51843146bd5a80d22f846ff39ccbf2366044bec2fb5bdf704420fbf2b	UNCONSTRAINED_PAGE	IDENTITY	STAR_ALPHERATZ	1	136
96434ed51843146bd5a80d22f846ff39ccbf2366044bec2fb5bdf704420fbf2b	UNCONSTRAINED_PAGE	IDENTITY	STAR_ALPHIRK	2	136
96434ed51843146bd5a80d22f846ff39ccbf2366044bec2fb5bdf704420fbf2b	UNCONSTRAINED_PAGE	IDENTITY	STAR_ALRISHA	2	136
96434ed51843146bd5a80d22f846ff39ccbf2366044bec2fb5bdf704420fbf2b	UNCONSTRAINED_PAGE	IDENTITY	STAR_ALTAIR	3	136
96434ed51843146bd5a80d22f846ff39ccbf2366044bec2fb5bdf704420fbf2b	UNCONSTRAINED_PAGE	IDENTITY	STAR_ANTARES	3	136
96434ed51843146bd5a80d22f846ff39ccbf2366044bec2fb5bdf704420fbf2b	UNCONSTRAINED_PAGE	IDENTITY	STAR_ARCTURUS	3	136
96434ed51843146bd5a80d22f846ff39ccbf2366044bec2fb5bdf704420fbf2b	UNCONSTRAINED_PAGE	IDENTITY	STAR_ARKAB	1	136
96434ed51843146bd5a80d22f846ff39ccbf2366044bec2fb5bdf704420fbf2b	UNCONSTRAINED_PAGE	IDENTITY	STAR_ASCELLA	1	136
96434ed51843146bd5a80d22f846ff39ccbf2366044bec2fb5bdf704420fbf2b	UNCONSTRAINED_PAGE	IDENTITY	STAR_BELLATRIX	1	136
96434ed51843146bd5a80d22f846ff39ccbf2366044bec2fb5bdf704420fbf2b	UNCONSTRAINED_PAGE	IDENTITY	STAR_CAPELLA	1	136
96434ed51843146bd5a80d22f846ff39ccbf2366044bec2fb5bdf704420fbf2b	UNCONSTRAINED_PAGE	IDENTITY	STAR_COR_CAROLI	1	136
96434ed51843146bd5a80d22f846ff39ccbf2366044bec2fb5bdf704420fbf2b	UNCONSTRAINED_PAGE	IDENTITY	STAR_DABIH	1	136
96434ed51843146bd5a80d22f846ff39ccbf2366044bec2fb5bdf704420fbf2b	UNCONSTRAINED_PAGE	IDENTITY	STAR_DENEB	1	136
96434ed51843146bd5a80d22f846ff39ccbf2366044bec2fb5bdf704420fbf2b	UNCONSTRAINED_PAGE	IDENTITY	STAR_DIPHDA	1	136
96434ed51843146bd5a80d22f846ff39ccbf2366044bec2fb5bdf704420fbf2b	UNCONSTRAINED_PAGE	IDENTITY	STAR_DUBHE	1	136
96434ed51843146bd5a80d22f846ff39ccbf2366044bec2fb5bdf704420fbf2b	UNCONSTRAINED_PAGE	IDENTITY	STAR_ELTANIN	2	136
96434ed51843146bd5a80d22f846ff39ccbf2366044bec2fb5bdf704420fbf2b	UNCONSTRAINED_PAGE	IDENTITY	STAR_ENIF	1	136
96434ed51843146bd5a80d22f846ff39ccbf2366044bec2fb5bdf704420fbf2b	UNCONSTRAINED_PAGE	IDENTITY	STAR_FOMALHAUT	1	136
96434ed51843146bd5a80d22f846ff39ccbf2366044bec2fb5bdf704420fbf2b	UNCONSTRAINED_PAGE	IDENTITY	STAR_HAMAL	2	136
96434ed51843146bd5a80d22f846ff39ccbf2366044bec2fb5bdf704420fbf2b	UNCONSTRAINED_PAGE	IDENTITY	STAR_IZAR	3	136
96434ed51843146bd5a80d22f846ff39ccbf2366044bec2fb5bdf704420fbf2b	UNCONSTRAINED_PAGE	IDENTITY	STAR_KOCHAB	1	136
96434ed51843146bd5a80d22f846ff39ccbf2366044bec2fb5bdf704420fbf2b	UNCONSTRAINED_PAGE	IDENTITY	STAR_MARKAB	2	136
96434ed51843146bd5a80d22f846ff39ccbf2366044bec2fb5bdf704420fbf2b	UNCONSTRAINED_PAGE	IDENTITY	STAR_MEGREZ	3	136
96434ed51843146bd5a80d22f846ff39ccbf2366044bec2fb5bdf704420fbf2b	UNCONSTRAINED_PAGE	IDENTITY	STAR_MENKAR	3	136
96434ed51843146bd5a80d22f846ff39ccbf2366044bec2fb5bdf704420fbf2b	UNCONSTRAINED_PAGE	IDENTITY	STAR_MERAK	3	136
96434ed51843146bd5a80d22f846ff39ccbf2366044bec2fb5bdf704420fbf2b	UNCONSTRAINED_PAGE	IDENTITY	STAR_MESARTHIM	3	136
96434ed51843146bd5a80d22f846ff39ccbf2366044bec2fb5bdf704420fbf2b	UNCONSTRAINED_PAGE	IDENTITY	STAR_MINTAKA	1	136
96434ed51843146bd5a80d22f846ff39ccbf2366044bec2fb5bdf704420fbf2b	UNCONSTRAINED_PAGE	IDENTITY	STAR_MIRA	1	136
96434ed51843146bd5a80d22f846ff39ccbf2366044bec2fb5bdf704420fbf2b	UNCONSTRAINED_PAGE	IDENTITY	STAR_MIRACH	2	136
96434ed51843146bd5a80d22f846ff39ccbf2366044bec2fb5bdf704420fbf2b	UNCONSTRAINED_PAGE	IDENTITY	STAR_MIRFAK	2	136
96434ed51843146bd5a80d22f846ff39ccbf2366044bec2fb5bdf704420fbf2b	UNCONSTRAINED_PAGE	IDENTITY	STAR_MIZAR	3	136
96434ed51843146bd5a80d22f846ff39ccbf2366044bec2fb5bdf704420fbf2b	UNCONSTRAINED_PAGE	IDENTITY	STAR_NUNKI	2	136
96434ed51843146bd5a80d22f846ff39ccbf2366044bec2fb5bdf704420fbf2b	UNCONSTRAINED_PAGE	IDENTITY	STAR_PHERKAD	3	136
96434ed51843146bd5a80d22f846ff39ccbf2366044bec2fb5bdf704420fbf2b	UNCONSTRAINED_PAGE	IDENTITY	STAR_POLARIS	2	136
96434ed51843146bd5a80d22f846ff39ccbf2366044bec2fb5bdf704420fbf2b	UNCONSTRAINED_PAGE	IDENTITY	STAR_POLLUX	1	136
96434ed51843146bd5a80d22f846ff39ccbf2366044bec2fb5bdf704420fbf2b	UNCONSTRAINED_PAGE	IDENTITY	STAR_PORRIMA	1	136
96434ed51843146bd5a80d22f846ff39ccbf2366044bec2fb5bdf704420fbf2b	UNCONSTRAINED_PAGE	IDENTITY	STAR_PROCYON	2	136
96434ed51843146bd5a80d22f846ff39ccbf2366044bec2fb5bdf704420fbf2b	UNCONSTRAINED_PAGE	IDENTITY	STAR_RASALGETHI	2	136
96434ed51843146bd5a80d22f846ff39ccbf2366044bec2fb5bdf704420fbf2b	UNCONSTRAINED_PAGE	IDENTITY	STAR_RASALHAGUE	2	136
96434ed51843146bd5a80d22f846ff39ccbf2366044bec2fb5bdf704420fbf2b	UNCONSTRAINED_PAGE	IDENTITY	STAR_RASTABAN	2	136
96434ed51843146bd5a80d22f846ff39ccbf2366044bec2fb5bdf704420fbf2b	UNCONSTRAINED_PAGE	IDENTITY	STAR_REGULUS	2	136
96434ed51843146bd5a80d22f846ff39ccbf2366044bec2fb5bdf704420fbf2b	UNCONSTRAINED_PAGE	IDENTITY	STAR_RIGEL	4	136
96434ed51843146bd5a80d22f846ff39ccbf2366044bec2fb5bdf704420fbf2b	UNCONSTRAINED_PAGE	IDENTITY	STAR_RUKBAT	2	136
96434ed51843146bd5a80d22f846ff39ccbf2366044bec2fb5bdf704420fbf2b	UNCONSTRAINED_PAGE	IDENTITY	STAR_SARGAS	2	136
96434ed51843146bd5a80d22f846ff39ccbf2366044bec2fb5bdf704420fbf2b	UNCONSTRAINED_PAGE	IDENTITY	STAR_SCHEAT	2	136
96434ed51843146bd5a80d22f846ff39ccbf2366044bec2fb5bdf704420fbf2b	UNCONSTRAINED_PAGE	IDENTITY	STAR_SCHEDAR	1	136
96434ed51843146bd5a80d22f846ff39ccbf2366044bec2fb5bdf704420fbf2b	UNCONSTRAINED_PAGE	IDENTITY	STAR_SHERATAN	2	136
96434ed51843146bd5a80d22f846ff39ccbf2366044bec2fb5bdf704420fbf2b	UNCONSTRAINED_PAGE	IDENTITY	STAR_SIRIUS	3	136
96434ed51843146bd5a80d22f846ff39ccbf2366044bec2fb5bdf704420fbf2b	UNCONSTRAINED_PAGE	IDENTITY	STAR_SKAT	1	136
96434ed51843146bd5a80d22f846ff39ccbf2366044bec2fb5bdf704420fbf2b	UNCONSTRAINED_PAGE	IDENTITY	STAR_SPICA	1	136
96434ed51843146bd5a80d22f846ff39ccbf2366044bec2fb5bdf704420fbf2b	UNCONSTRAINED_PAGE	IDENTITY	STAR_SUBRA	3	136
96434ed51843146bd5a80d22f846ff39ccbf2366044bec2fb5bdf704420fbf2b	UNCONSTRAINED_PAGE	IDENTITY	STAR_THUBAN	1	136
96434ed51843146bd5a80d22f846ff39ccbf2366044bec2fb5bdf704420fbf2b	UNCONSTRAINED_PAGE	IDENTITY	STAR_UNUKALHAI	1	136
96434ed51843146bd5a80d22f846ff39ccbf2366044bec2fb5bdf704420fbf2b	UNCONSTRAINED_PAGE	IDENTITY	STAR_VINDEMIATRIX	1	136
96434ed51843146bd5a80d22f846ff39ccbf2366044bec2fb5bdf704420fbf2b	UNCONSTRAINED_PAGE	IDENTITY	STAR_WASAT	1	136
96434ed51843146bd5a80d22f846ff39ccbf2366044bec2fb5bdf704420fbf2b	UNCONSTRAINED_PAGE	IDENTITY	STAR_ZOSMA	2	136
96434ed51843146bd5a80d22f846ff39ccbf2366044bec2fb5bdf704420fbf2b	UNCONSTRAINED_PAGE	IDENTITY	STAR_ZUBENELGENUBI	2	136
96434ed51843146bd5a80d22f846ff39ccbf2366044bec2fb5bdf704420fbf2b	UNCONSTRAINED_PAGE	IDENTITY	STAR_ZUBENESCHAMALI	2	136
96434ed51843146bd5a80d22f846ff39ccbf2366044bec2fb5bdf704420fbf2b	F68R2_ONLY	LABEL	STAR_f68r2_12465	136	136
96434ed51843146bd5a80d22f846ff39ccbf2366044bec2fb5bdf704420fbf2b	F68R2_ONLY	LABEL	STAR_f68r2_12486	136	136
96434ed51843146bd5a80d22f846ff39ccbf2366044bec2fb5bdf704420fbf2b	F68R2_ONLY	LABEL	STAR_f68r2_12463	136	136
96434ed51843146bd5a80d22f846ff39ccbf2366044bec2fb5bdf704420fbf2b	F68R2_ONLY	IDENTITY	STAR_CASTOR	136	136
96434ed51843146bd5a80d22f846ff39ccbf2366044bec2fb5bdf704420fbf2b	F68R2_ONLY	IDENTITY	STAR_VEGA	136	136
96434ed51843146bd5a80d22f846ff39ccbf2366044bec2fb5bdf704420fbf2b	F68R2_ONLY	IDENTITY	STAR_ACHERNAR	1	136
96434ed51843146bd5a80d22f846ff39ccbf2366044bec2fb5bdf704420fbf2b	F68R2_ONLY	IDENTITY	STAR_ACRAB	3	136
96434ed51843146bd5a80d22f846ff39ccbf2366044bec2fb5bdf704420fbf2b	F68R2_ONLY	IDENTITY	STAR_ACUBENS	1	136
96434ed51843146bd5a80d22f846ff39ccbf2366044bec2fb5bdf704420fbf2b	F68R2_ONLY	IDENTITY	STAR_ALBIREO	2	136
96434ed51843146bd5a80d22f846ff39ccbf2366044bec2fb5bdf704420fbf2b	F68R2_ONLY	IDENTITY	STAR_ALCHIBA	1	136
96434ed51843146bd5a80d22f846ff39ccbf2366044bec2fb5bdf704420fbf2b	F68R2_ONLY	IDENTITY	STAR_ALCOR	1	136
96434ed51843146bd5a80d22f846ff39ccbf2366044bec2fb5bdf704420fbf2b	F68R2_ONLY	IDENTITY	STAR_ALDEBARAN	4	136
96434ed51843146bd5a80d22f846ff39ccbf2366044bec2fb5bdf704420fbf2b	F68R2_ONLY	IDENTITY	STAR_ALDERAMIN	2	136
96434ed51843146bd5a80d22f846ff39ccbf2366044bec2fb5bdf704420fbf2b	F68R2_ONLY	IDENTITY	STAR_ALGENIB	1	136
96434ed51843146bd5a80d22f846ff39ccbf2366044bec2fb5bdf704420fbf2b	F68R2_ONLY	IDENTITY	STAR_ALGIEBA	1	136
96434ed51843146bd5a80d22f846ff39ccbf2366044bec2fb5bdf704420fbf2b	F68R2_ONLY	IDENTITY	STAR_ALGOL	1	136
96434ed51843146bd5a80d22f846ff39ccbf2366044bec2fb5bdf704420fbf2b	F68R2_ONLY	IDENTITY	STAR_ALGORAB	3	136
96434ed51843146bd5a80d22f846ff39ccbf2366044bec2fb5bdf704420fbf2b	F68R2_ONLY	IDENTITY	STAR_ALIOTH	1	136
96434ed51843146bd5a80d22f846ff39ccbf2366044bec2fb5bdf704420fbf2b	F68R2_ONLY	IDENTITY	STAR_ALMACH	2	136
96434ed51843146bd5a80d22f846ff39ccbf2366044bec2fb5bdf704420fbf2b	F68R2_ONLY	IDENTITY	STAR_ALNAIR	2	136
96434ed51843146bd5a80d22f846ff39ccbf2366044bec2fb5bdf704420fbf2b	F68R2_ONLY	IDENTITY	STAR_ALNILAM	1	136
96434ed51843146bd5a80d22f846ff39ccbf2366044bec2fb5bdf704420fbf2b	F68R2_ONLY	IDENTITY	STAR_ALNITAK	1	136
96434ed51843146bd5a80d22f846ff39ccbf2366044bec2fb5bdf704420fbf2b	F68R2_ONLY	IDENTITY	STAR_ALPHARD	2	136
96434ed51843146bd5a80d22f846ff39ccbf2366044bec2fb5bdf704420fbf2b	F68R2_ONLY	IDENTITY	STAR_ALPHERATZ	1	136
96434ed51843146bd5a80d22f846ff39ccbf2366044bec2fb5bdf704420fbf2b	F68R2_ONLY	IDENTITY	STAR_ALPHIRK	2	136
96434ed51843146bd5a80d22f846ff39ccbf2366044bec2fb5bdf704420fbf2b	F68R2_ONLY	IDENTITY	STAR_ALRISHA	2	136
96434ed51843146bd5a80d22f846ff39ccbf2366044bec2fb5bdf704420fbf2b	F68R2_ONLY	IDENTITY	STAR_ALTAIR	3	136
96434ed51843146bd5a80d22f846ff39ccbf2366044bec2fb5bdf704420fbf2b	F68R2_ONLY	IDENTITY	STAR_ANTARES	3	136
96434ed51843146bd5a80d22f846ff39ccbf2366044bec2fb5bdf704420fbf2b	F68R2_ONLY	IDENTITY	STAR_ARCTURUS	3	136
96434ed51843146bd5a80d22f846ff39ccbf2366044bec2fb5bdf704420fbf2b	F68R2_ONLY	IDENTITY	STAR_ARKAB	1	136
96434ed51843146bd5a80d22f846ff39ccbf2366044bec2fb5bdf704420fbf2b	F68R2_ONLY	IDENTITY	STAR_ASCELLA	1	136
96434ed51843146bd5a80d22f846ff39ccbf2366044bec2fb5bdf704420fbf2b	F68R2_ONLY	IDENTITY	STAR_BELLATRIX	1	136
96434ed51843146bd5a80d22f846ff39ccbf2366044bec2fb5bdf704420fbf2b	F68R2_ONLY	IDENTITY	STAR_CAPELLA	1	136
96434ed51843146bd5a80d22f846ff39ccbf2366044bec2fb5bdf704420fbf2b	F68R2_ONLY	IDENTITY	STAR_COR_CAROLI	1	136
96434ed51843146bd5a80d22f846ff39ccbf2366044bec2fb5bdf704420fbf2b	F68R2_ONLY	IDENTITY	STAR_DABIH	1	136
96434ed51843146bd5a80d22f846ff39ccbf2366044bec2fb5bdf704420fbf2b	F68R2_ONLY	IDENTITY	STAR_DENEB	1	136
96434ed51843146bd5a80d22f846ff39ccbf2366044bec2fb5bdf704420fbf2b	F68R2_ONLY	IDENTITY	STAR_DIPHDA	1	136
96434ed51843146bd5a80d22f846ff39ccbf2366044bec2fb5bdf704420fbf2b	F68R2_ONLY	IDENTITY	STAR_DUBHE	1	136
96434ed51843146bd5a80d22f846ff39ccbf2366044bec2fb5bdf704420fbf2b	F68R2_ONLY	IDENTITY	STAR_ELTANIN	2	136
96434ed51843146bd5a80d22f846ff39ccbf2366044bec2fb5bdf704420fbf2b	F68R2_ONLY	IDENTITY	STAR_ENIF	1	136
96434ed51843146bd5a80d22f846ff39ccbf2366044bec2fb5bdf704420fbf2b	F68R2_ONLY	IDENTITY	STAR_FOMALHAUT	1	136
96434ed51843146bd5a80d22f846ff39ccbf2366044bec2fb5bdf704420fbf2b	F68R2_ONLY	IDENTITY	STAR_HAMAL	2	136
96434ed51843146bd5a80d22f846ff39ccbf2366044bec2fb5bdf704420fbf2b	F68R2_ONLY	IDENTITY	STAR_IZAR	3	136
96434ed51843146bd5a80d22f846ff39ccbf2366044bec2fb5bdf704420fbf2b	F68R2_ONLY	IDENTITY	STAR_KOCHAB	1	136
96434ed51843146bd5a80d22f846ff39ccbf2366044bec2fb5bdf704420fbf2b	F68R2_ONLY	IDENTITY	STAR_MARKAB	2	136
96434ed51843146bd5a80d22f846ff39ccbf2366044bec2fb5bdf704420fbf2b	F68R2_ONLY	IDENTITY	STAR_MEGREZ	3	136
96434ed51843146bd5a80d22f846ff39ccbf2366044bec2fb5bdf704420fbf2b	F68R2_ONLY	IDENTITY	STAR_MENKAR	3	136
96434ed51843146bd5a80d22f846ff39ccbf2366044bec2fb5bdf704420fbf2b	F68R2_ONLY	IDENTITY	STAR_MERAK	3	136
96434ed51843146bd5a80d22f846ff39ccbf2366044bec2fb5bdf704420fbf2b	F68R2_ONLY	IDENTITY	STAR_MESARTHIM	3	136
96434ed51843146bd5a80d22f846ff39ccbf2366044bec2fb5bdf704420fbf2b	F68R2_ONLY	IDENTITY	STAR_MINTAKA	1	136
96434ed51843146bd5a80d22f846ff39ccbf2366044bec2fb5bdf704420fbf2b	F68R2_ONLY	IDENTITY	STAR_MIRA	1	136
96434ed51843146bd5a80d22f846ff39ccbf2366044bec2fb5bdf704420fbf2b	F68R2_ONLY	IDENTITY	STAR_MIRACH	2	136
96434ed51843146bd5a80d22f846ff39ccbf2366044bec2fb5bdf704420fbf2b	F68R2_ONLY	IDENTITY	STAR_MIRFAK	2	136
96434ed51843146bd5a80d22f846ff39ccbf2366044bec2fb5bdf704420fbf2b	F68R2_ONLY	IDENTITY	STAR_MIZAR	3	136
96434ed51843146bd5a80d22f846ff39ccbf2366044bec2fb5bdf704420fbf2b	F68R2_ONLY	IDENTITY	STAR_NUNKI	2	136
96434ed51843146bd5a80d22f846ff39ccbf2366044bec2fb5bdf704420fbf2b	F68R2_ONLY	IDENTITY	STAR_PHERKAD	3	136
96434ed51843146bd5a80d22f846ff39ccbf2366044bec2fb5bdf704420fbf2b	F68R2_ONLY	IDENTITY	STAR_POLARIS	2	136
96434ed51843146bd5a80d22f846ff39ccbf2366044bec2fb5bdf704420fbf2b	F68R2_ONLY	IDENTITY	STAR_POLLUX	1	136
96434ed51843146bd5a80d22f846ff39ccbf2366044bec2fb5bdf704420fbf2b	F68R2_ONLY	IDENTITY	STAR_PORRIMA	1	136
96434ed51843146bd5a80d22f846ff39ccbf2366044bec2fb5bdf704420fbf2b	F68R2_ONLY	IDENTITY	STAR_PROCYON	2	136
96434ed51843146bd5a80d22f846ff39ccbf2366044bec2fb5bdf704420fbf2b	F68R2_ONLY	IDENTITY	STAR_RASALGETHI	2	136
96434ed51843146bd5a80d22f846ff39ccbf2366044bec2fb5bdf704420fbf2b	F68R2_ONLY	IDENTITY	STAR_RASALHAGUE	2	136
96434ed51843146bd5a80d22f846ff39ccbf2366044bec2fb5bdf704420fbf2b	F68R2_ONLY	IDENTITY	STAR_RASTABAN	2	136
96434ed51843146bd5a80d22f846ff39ccbf2366044bec2fb5bdf704420fbf2b	F68R2_ONLY	IDENTITY	STAR_REGULUS	2	136
96434ed51843146bd5a80d22f846ff39ccbf2366044bec2fb5bdf704420fbf2b	F68R2_ONLY	IDENTITY	STAR_RIGEL	4	136
96434ed51843146bd5a80d22f846ff39ccbf2366044bec2fb5bdf704420fbf2b	F68R2_ONLY	IDENTITY	STAR_RUKBAT	2	136
96434ed51843146bd5a80d22f846ff39ccbf2366044bec2fb5bdf704420fbf2b	F68R2_ONLY	IDENTITY	STAR_SARGAS	2	136
96434ed51843146bd5a80d22f846ff39ccbf2366044bec2fb5bdf704420fbf2b	F68R2_ONLY	IDENTITY	STAR_SCHEAT	2	136
96434ed51843146bd5a80d22f846ff39ccbf2366044bec2fb5bdf704420fbf2b	F68R2_ONLY	IDENTITY	STAR_SCHEDAR	1	136
96434ed51843146bd5a80d22f846ff39ccbf2366044bec2fb5bdf704420fbf2b	F68R2_ONLY	IDENTITY	STAR_SHERATAN	2	136
96434ed51843146bd5a80d22f846ff39ccbf2366044bec2fb5bdf704420fbf2b	F68R2_ONLY	IDENTITY	STAR_SIRIUS	3	136
96434ed51843146bd5a80d22f846ff39ccbf2366044bec2fb5bdf704420fbf2b	F68R2_ONLY	IDENTITY	STAR_SKAT	1	136
96434ed51843146bd5a80d22f846ff39ccbf2366044bec2fb5bdf704420fbf2b	F68R2_ONLY	IDENTITY	STAR_SPICA	1	136
96434ed51843146bd5a80d22f846ff39ccbf2366044bec2fb5bdf704420fbf2b	F68R2_ONLY	IDENTITY	STAR_SUBRA	3	136
96434ed51843146bd5a80d22f846ff39ccbf2366044bec2fb5bdf704420fbf2b	F68R2_ONLY	IDENTITY	STAR_THUBAN	1	136
96434ed51843146bd5a80d22f846ff39ccbf2366044bec2fb5bdf704420fbf2b	F68R2_ONLY	IDENTITY	STAR_UNUKALHAI	1	136
96434ed51843146bd5a80d22f846ff39ccbf2366044bec2fb5bdf704420fbf2b	F68R2_ONLY	IDENTITY	STAR_VINDEMIATRIX	1	136
96434ed51843146bd5a80d22f846ff39ccbf2366044bec2fb5bdf704420fbf2b	F68R2_ONLY	IDENTITY	STAR_WASAT	1	136
96434ed51843146bd5a80d22f846ff39ccbf2366044bec2fb5bdf704420fbf2b	F68R2_ONLY	IDENTITY	STAR_ZOSMA	2	136
96434ed51843146bd5a80d22f846ff39ccbf2366044bec2fb5bdf704420fbf2b	F68R2_ONLY	IDENTITY	STAR_ZUBENELGENUBI	2	136
96434ed51843146bd5a80d22f846ff39ccbf2366044bec2fb5bdf704420fbf2b	F68R2_ONLY	IDENTITY	STAR_ZUBENESCHAMALI	2	136
443b075c5356a8848e9f5e10b8155b8482683ce68c9cc4464273e56cf2d5e6ee	UNCONSTRAINED_PAGE	LABEL	STAR_f68r2_12465	140	140
443b075c5356a8848e9f5e10b8155b8482683ce68c9cc4464273e56cf2d5e6ee	UNCONSTRAINED_PAGE	LABEL	STAR_f68r2_12486	140	140
443b075c5356a8848e9f5e10b8155b8482683ce68c9cc4464273e56cf2d5e6ee	UNCONSTRAINED_PAGE	LABEL	STAR_f68r2_12463	140	140
443b075c5356a8848e9f5e10b8155b8482683ce68c9cc4464273e56cf2d5e6ee	UNCONSTRAINED_PAGE	IDENTITY	STAR_ALNILAM	140	140
443b075c5356a8848e9f5e10b8155b8482683ce68c9cc4464273e56cf2d5e6ee	UNCONSTRAINED_PAGE	IDENTITY	STAR_ACHERNAR	140	140
443b075c5356a8848e9f5e10b8155b8482683ce68c9cc4464273e56cf2d5e6ee	UNCONSTRAINED_PAGE	IDENTITY	STAR_ACRAB	1	140
443b075c5356a8848e9f5e10b8155b8482683ce68c9cc4464273e56cf2d5e6ee	UNCONSTRAINED_PAGE	IDENTITY	STAR_ACUBENS	1	140
443b075c5356a8848e9f5e10b8155b8482683ce68c9cc4464273e56cf2d5e6ee	UNCONSTRAINED_PAGE	IDENTITY	STAR_ALBIREO	1	140
443b075c5356a8848e9f5e10b8155b8482683ce68c9cc4464273e56cf2d5e6ee	UNCONSTRAINED_PAGE	IDENTITY	STAR_ALCHIBA	2	140
443b075c5356a8848e9f5e10b8155b8482683ce68c9cc4464273e56cf2d5e6ee	UNCONSTRAINED_PAGE	IDENTITY	STAR_ALCOR	2	140
443b075c5356a8848e9f5e10b8155b8482683ce68c9cc4464273e56cf2d5e6ee	UNCONSTRAINED_PAGE	IDENTITY	STAR_ALDEBARAN	4	140
443b075c5356a8848e9f5e10b8155b8482683ce68c9cc4464273e56cf2d5e6ee	UNCONSTRAINED_PAGE	IDENTITY	STAR_ALDERAMIN	1	140
443b075c5356a8848e9f5e10b8155b8482683ce68c9cc4464273e56cf2d5e6ee	UNCONSTRAINED_PAGE	IDENTITY	STAR_ALGENIB	2	140
443b075c5356a8848e9f5e10b8155b8482683ce68c9cc4464273e56cf2d5e6ee	UNCONSTRAINED_PAGE	IDENTITY	STAR_ALGIEBA	3	140
443b075c5356a8848e9f5e10b8155b8482683ce68c9cc4464273e56cf2d5e6ee	UNCONSTRAINED_PAGE	IDENTITY	STAR_ALGOL	1	140
443b075c5356a8848e9f5e10b8155b8482683ce68c9cc4464273e56cf2d5e6ee	UNCONSTRAINED_PAGE	IDENTITY	STAR_ALGORAB	3	140
443b075c5356a8848e9f5e10b8155b8482683ce68c9cc4464273e56cf2d5e6ee	UNCONSTRAINED_PAGE	IDENTITY	STAR_ALHENA	2	140
443b075c5356a8848e9f5e10b8155b8482683ce68c9cc4464273e56cf2d5e6ee	UNCONSTRAINED_PAGE	IDENTITY	STAR_ALIOTH	2	140
443b075c5356a8848e9f5e10b8155b8482683ce68c9cc4464273e56cf2d5e6ee	UNCONSTRAINED_PAGE	IDENTITY	STAR_ALKAID	2	140
443b075c5356a8848e9f5e10b8155b8482683ce68c9cc4464273e56cf2d5e6ee	UNCONSTRAINED_PAGE	IDENTITY	STAR_ALMACH	3	140
443b075c5356a8848e9f5e10b8155b8482683ce68c9cc4464273e56cf2d5e6ee	UNCONSTRAINED_PAGE	IDENTITY	STAR_ALNAIR	2	140
443b075c5356a8848e9f5e10b8155b8482683ce68c9cc4464273e56cf2d5e6ee	UNCONSTRAINED_PAGE	IDENTITY	STAR_ALNATH	2	140
443b075c5356a8848e9f5e10b8155b8482683ce68c9cc4464273e56cf2d5e6ee	UNCONSTRAINED_PAGE	IDENTITY	STAR_ALNITAK	3	140
443b075c5356a8848e9f5e10b8155b8482683ce68c9cc4464273e56cf2d5e6ee	UNCONSTRAINED_PAGE	IDENTITY	STAR_ALPHARD	2	140
443b075c5356a8848e9f5e10b8155b8482683ce68c9cc4464273e56cf2d5e6ee	UNCONSTRAINED_PAGE	IDENTITY	STAR_ALPHECCA	2	140
443b075c5356a8848e9f5e10b8155b8482683ce68c9cc4464273e56cf2d5e6ee	UNCONSTRAINED_PAGE	IDENTITY	STAR_ALPHERATZ	3	140
443b075c5356a8848e9f5e10b8155b8482683ce68c9cc4464273e56cf2d5e6ee	UNCONSTRAINED_PAGE	IDENTITY	STAR_ALPHIRK	3	140
443b075c5356a8848e9f5e10b8155b8482683ce68c9cc4464273e56cf2d5e6ee	UNCONSTRAINED_PAGE	IDENTITY	STAR_ALRISHA	2	140
443b075c5356a8848e9f5e10b8155b8482683ce68c9cc4464273e56cf2d5e6ee	UNCONSTRAINED_PAGE	IDENTITY	STAR_ALTAIR	2	140
443b075c5356a8848e9f5e10b8155b8482683ce68c9cc4464273e56cf2d5e6ee	UNCONSTRAINED_PAGE	IDENTITY	STAR_ARCTURUS	2	140
443b075c5356a8848e9f5e10b8155b8482683ce68c9cc4464273e56cf2d5e6ee	UNCONSTRAINED_PAGE	IDENTITY	STAR_ARKAB	1	140
443b075c5356a8848e9f5e10b8155b8482683ce68c9cc4464273e56cf2d5e6ee	UNCONSTRAINED_PAGE	IDENTITY	STAR_BETELGEUSE	3	140
443b075c5356a8848e9f5e10b8155b8482683ce68c9cc4464273e56cf2d5e6ee	UNCONSTRAINED_PAGE	IDENTITY	STAR_CANOPUS	2	140
443b075c5356a8848e9f5e10b8155b8482683ce68c9cc4464273e56cf2d5e6ee	UNCONSTRAINED_PAGE	IDENTITY	STAR_CAPELLA	2	140
443b075c5356a8848e9f5e10b8155b8482683ce68c9cc4464273e56cf2d5e6ee	UNCONSTRAINED_PAGE	IDENTITY	STAR_CAPH	1	140
443b075c5356a8848e9f5e10b8155b8482683ce68c9cc4464273e56cf2d5e6ee	UNCONSTRAINED_PAGE	IDENTITY	STAR_COR_CAROLI	1	140
443b075c5356a8848e9f5e10b8155b8482683ce68c9cc4464273e56cf2d5e6ee	UNCONSTRAINED_PAGE	IDENTITY	STAR_DABIH	1	140
443b075c5356a8848e9f5e10b8155b8482683ce68c9cc4464273e56cf2d5e6ee	UNCONSTRAINED_PAGE	IDENTITY	STAR_DENEB	1	140
443b075c5356a8848e9f5e10b8155b8482683ce68c9cc4464273e56cf2d5e6ee	UNCONSTRAINED_PAGE	IDENTITY	STAR_DENEB_ALGEDI	2	140
443b075c5356a8848e9f5e10b8155b8482683ce68c9cc4464273e56cf2d5e6ee	UNCONSTRAINED_PAGE	IDENTITY	STAR_DENEBOLA	4	140
443b075c5356a8848e9f5e10b8155b8482683ce68c9cc4464273e56cf2d5e6ee	UNCONSTRAINED_PAGE	IDENTITY	STAR_DUBHE	1	140
443b075c5356a8848e9f5e10b8155b8482683ce68c9cc4464273e56cf2d5e6ee	UNCONSTRAINED_PAGE	IDENTITY	STAR_ELTANIN	2	140
443b075c5356a8848e9f5e10b8155b8482683ce68c9cc4464273e56cf2d5e6ee	UNCONSTRAINED_PAGE	IDENTITY	STAR_ENIF	1	140
443b075c5356a8848e9f5e10b8155b8482683ce68c9cc4464273e56cf2d5e6ee	UNCONSTRAINED_PAGE	IDENTITY	STAR_FOMALHAUT	3	140
443b075c5356a8848e9f5e10b8155b8482683ce68c9cc4464273e56cf2d5e6ee	UNCONSTRAINED_PAGE	IDENTITY	STAR_HAMAL	1	140
443b075c5356a8848e9f5e10b8155b8482683ce68c9cc4464273e56cf2d5e6ee	UNCONSTRAINED_PAGE	IDENTITY	STAR_IZAR	1	140
443b075c5356a8848e9f5e10b8155b8482683ce68c9cc4464273e56cf2d5e6ee	UNCONSTRAINED_PAGE	IDENTITY	STAR_KOCHAB	1	140
443b075c5356a8848e9f5e10b8155b8482683ce68c9cc4464273e56cf2d5e6ee	UNCONSTRAINED_PAGE	IDENTITY	STAR_MEGREZ	1	140
443b075c5356a8848e9f5e10b8155b8482683ce68c9cc4464273e56cf2d5e6ee	UNCONSTRAINED_PAGE	IDENTITY	STAR_MENKALINAN	2	140
443b075c5356a8848e9f5e10b8155b8482683ce68c9cc4464273e56cf2d5e6ee	UNCONSTRAINED_PAGE	IDENTITY	STAR_MENKAR	1	140
443b075c5356a8848e9f5e10b8155b8482683ce68c9cc4464273e56cf2d5e6ee	UNCONSTRAINED_PAGE	IDENTITY	STAR_MERAK	1	140
443b075c5356a8848e9f5e10b8155b8482683ce68c9cc4464273e56cf2d5e6ee	UNCONSTRAINED_PAGE	IDENTITY	STAR_MESARTHIM	1	140
443b075c5356a8848e9f5e10b8155b8482683ce68c9cc4464273e56cf2d5e6ee	UNCONSTRAINED_PAGE	IDENTITY	STAR_MINTAKA	1	140
443b075c5356a8848e9f5e10b8155b8482683ce68c9cc4464273e56cf2d5e6ee	UNCONSTRAINED_PAGE	IDENTITY	STAR_MIRA	1	140
443b075c5356a8848e9f5e10b8155b8482683ce68c9cc4464273e56cf2d5e6ee	UNCONSTRAINED_PAGE	IDENTITY	STAR_MIRACH	1	140
443b075c5356a8848e9f5e10b8155b8482683ce68c9cc4464273e56cf2d5e6ee	UNCONSTRAINED_PAGE	IDENTITY	STAR_MIRFAK	1	140
443b075c5356a8848e9f5e10b8155b8482683ce68c9cc4464273e56cf2d5e6ee	UNCONSTRAINED_PAGE	IDENTITY	STAR_MIZAR	1	140
443b075c5356a8848e9f5e10b8155b8482683ce68c9cc4464273e56cf2d5e6ee	UNCONSTRAINED_PAGE	IDENTITY	STAR_NUNKI	1	140
443b075c5356a8848e9f5e10b8155b8482683ce68c9cc4464273e56cf2d5e6ee	UNCONSTRAINED_PAGE	IDENTITY	STAR_PHERKAD	1	140
443b075c5356a8848e9f5e10b8155b8482683ce68c9cc4464273e56cf2d5e6ee	UNCONSTRAINED_PAGE	IDENTITY	STAR_PHECDA	1	140
443b075c5356a8848e9f5e10b8155b8482683ce68c9cc4464273e56cf2d5e6ee	UNCONSTRAINED_PAGE	IDENTITY	STAR_POLARIS	3	140
443b075c5356a8848e9f5e10b8155b8482683ce68c9cc4464273e56cf2d5e6ee	UNCONSTRAINED_PAGE	IDENTITY	STAR_POLLUX	1	140
443b075c5356a8848e9f5e10b8155b8482683ce68c9cc4464273e56cf2d5e6ee	UNCONSTRAINED_PAGE	IDENTITY	STAR_PORRIMA	2	140
443b075c5356a8848e9f5e10b8155b8482683ce68c9cc4464273e56cf2d5e6ee	UNCONSTRAINED_PAGE	IDENTITY	STAR_PROCYON	1	140
443b075c5356a8848e9f5e10b8155b8482683ce68c9cc4464273e56cf2d5e6ee	UNCONSTRAINED_PAGE	IDENTITY	STAR_RASALGETHI	3	140
443b075c5356a8848e9f5e10b8155b8482683ce68c9cc4464273e56cf2d5e6ee	UNCONSTRAINED_PAGE	IDENTITY	STAR_RASALHAGUE	2	140
443b075c5356a8848e9f5e10b8155b8482683ce68c9cc4464273e56cf2d5e6ee	UNCONSTRAINED_PAGE	IDENTITY	STAR_RASTABAN	1	140
443b075c5356a8848e9f5e10b8155b8482683ce68c9cc4464273e56cf2d5e6ee	UNCONSTRAINED_PAGE	IDENTITY	STAR_REGULUS	3	140
443b075c5356a8848e9f5e10b8155b8482683ce68c9cc4464273e56cf2d5e6ee	UNCONSTRAINED_PAGE	IDENTITY	STAR_RIGEL	2	140
443b075c5356a8848e9f5e10b8155b8482683ce68c9cc4464273e56cf2d5e6ee	UNCONSTRAINED_PAGE	IDENTITY	STAR_RUKBAT	1	140
443b075c5356a8848e9f5e10b8155b8482683ce68c9cc4464273e56cf2d5e6ee	UNCONSTRAINED_PAGE	IDENTITY	STAR_SADALSUUD	2	140
443b075c5356a8848e9f5e10b8155b8482683ce68c9cc4464273e56cf2d5e6ee	UNCONSTRAINED_PAGE	IDENTITY	STAR_SARGAS	1	140
443b075c5356a8848e9f5e10b8155b8482683ce68c9cc4464273e56cf2d5e6ee	UNCONSTRAINED_PAGE	IDENTITY	STAR_SCHEAT	1	140
443b075c5356a8848e9f5e10b8155b8482683ce68c9cc4464273e56cf2d5e6ee	UNCONSTRAINED_PAGE	IDENTITY	STAR_SCHEDAR	1	140
443b075c5356a8848e9f5e10b8155b8482683ce68c9cc4464273e56cf2d5e6ee	UNCONSTRAINED_PAGE	IDENTITY	STAR_SHAULA	2	140
443b075c5356a8848e9f5e10b8155b8482683ce68c9cc4464273e56cf2d5e6ee	UNCONSTRAINED_PAGE	IDENTITY	STAR_SHERATAN	1	140
443b075c5356a8848e9f5e10b8155b8482683ce68c9cc4464273e56cf2d5e6ee	UNCONSTRAINED_PAGE	IDENTITY	STAR_SIRIUS	2	140
443b075c5356a8848e9f5e10b8155b8482683ce68c9cc4464273e56cf2d5e6ee	UNCONSTRAINED_PAGE	IDENTITY	STAR_SKAT	1	140
443b075c5356a8848e9f5e10b8155b8482683ce68c9cc4464273e56cf2d5e6ee	UNCONSTRAINED_PAGE	IDENTITY	STAR_SUBRA	2	140
443b075c5356a8848e9f5e10b8155b8482683ce68c9cc4464273e56cf2d5e6ee	UNCONSTRAINED_PAGE	IDENTITY	STAR_THUBAN	1	140
443b075c5356a8848e9f5e10b8155b8482683ce68c9cc4464273e56cf2d5e6ee	UNCONSTRAINED_PAGE	IDENTITY	STAR_UNUKALHAI	2	140
443b075c5356a8848e9f5e10b8155b8482683ce68c9cc4464273e56cf2d5e6ee	UNCONSTRAINED_PAGE	IDENTITY	STAR_VEGA	4	140
443b075c5356a8848e9f5e10b8155b8482683ce68c9cc4464273e56cf2d5e6ee	UNCONSTRAINED_PAGE	IDENTITY	STAR_WASAT	1	140
443b075c5356a8848e9f5e10b8155b8482683ce68c9cc4464273e56cf2d5e6ee	UNCONSTRAINED_PAGE	IDENTITY	STAR_WEZN	1	140
443b075c5356a8848e9f5e10b8155b8482683ce68c9cc4464273e56cf2d5e6ee	UNCONSTRAINED_PAGE	IDENTITY	STAR_ZAVIJAVA	1	140
443b075c5356a8848e9f5e10b8155b8482683ce68c9cc4464273e56cf2d5e6ee	UNCONSTRAINED_PAGE	IDENTITY	STAR_ZOSMA	1	140
443b075c5356a8848e9f5e10b8155b8482683ce68c9cc4464273e56cf2d5e6ee	UNCONSTRAINED_PAGE	IDENTITY	STAR_ZUBENELGENUBI	1	140
443b075c5356a8848e9f5e10b8155b8482683ce68c9cc4464273e56cf2d5e6ee	UNCONSTRAINED_PAGE	IDENTITY	STAR_ZUBENESCHAMALI	1	140
443b075c5356a8848e9f5e10b8155b8482683ce68c9cc4464273e56cf2d5e6ee	F68R2_ONLY	LABEL	STAR_f68r2_12465	140	140
443b075c5356a8848e9f5e10b8155b8482683ce68c9cc4464273e56cf2d5e6ee	F68R2_ONLY	LABEL	STAR_f68r2_12486	140	140
443b075c5356a8848e9f5e10b8155b8482683ce68c9cc4464273e56cf2d5e6ee	F68R2_ONLY	LABEL	STAR_f68r2_12463	140	140
443b075c5356a8848e9f5e10b8155b8482683ce68c9cc4464273e56cf2d5e6ee	F68R2_ONLY	IDENTITY	STAR_ALNILAM	140	140
443b075c5356a8848e9f5e10b8155b8482683ce68c9cc4464273e56cf2d5e6ee	F68R2_ONLY	IDENTITY	STAR_ACHERNAR	140	140
443b075c5356a8848e9f5e10b8155b8482683ce68c9cc4464273e56cf2d5e6ee	F68R2_ONLY	IDENTITY	STAR_ACRAB	1	140
443b075c5356a8848e9f5e10b8155b8482683ce68c9cc4464273e56cf2d5e6ee	F68R2_ONLY	IDENTITY	STAR_ACUBENS	1	140
443b075c5356a8848e9f5e10b8155b8482683ce68c9cc4464273e56cf2d5e6ee	F68R2_ONLY	IDENTITY	STAR_ALBIREO	1	140
443b075c5356a8848e9f5e10b8155b8482683ce68c9cc4464273e56cf2d5e6ee	F68R2_ONLY	IDENTITY	STAR_ALCHIBA	2	140
443b075c5356a8848e9f5e10b8155b8482683ce68c9cc4464273e56cf2d5e6ee	F68R2_ONLY	IDENTITY	STAR_ALCOR	2	140
443b075c5356a8848e9f5e10b8155b8482683ce68c9cc4464273e56cf2d5e6ee	F68R2_ONLY	IDENTITY	STAR_ALDEBARAN	4	140
443b075c5356a8848e9f5e10b8155b8482683ce68c9cc4464273e56cf2d5e6ee	F68R2_ONLY	IDENTITY	STAR_ALDERAMIN	1	140
443b075c5356a8848e9f5e10b8155b8482683ce68c9cc4464273e56cf2d5e6ee	F68R2_ONLY	IDENTITY	STAR_ALGENIB	2	140
443b075c5356a8848e9f5e10b8155b8482683ce68c9cc4464273e56cf2d5e6ee	F68R2_ONLY	IDENTITY	STAR_ALGIEBA	3	140
443b075c5356a8848e9f5e10b8155b8482683ce68c9cc4464273e56cf2d5e6ee	F68R2_ONLY	IDENTITY	STAR_ALGOL	1	140
443b075c5356a8848e9f5e10b8155b8482683ce68c9cc4464273e56cf2d5e6ee	F68R2_ONLY	IDENTITY	STAR_ALGORAB	3	140
443b075c5356a8848e9f5e10b8155b8482683ce68c9cc4464273e56cf2d5e6ee	F68R2_ONLY	IDENTITY	STAR_ALHENA	2	140
443b075c5356a8848e9f5e10b8155b8482683ce68c9cc4464273e56cf2d5e6ee	F68R2_ONLY	IDENTITY	STAR_ALIOTH	2	140
443b075c5356a8848e9f5e10b8155b8482683ce68c9cc4464273e56cf2d5e6ee	F68R2_ONLY	IDENTITY	STAR_ALKAID	2	140
443b075c5356a8848e9f5e10b8155b8482683ce68c9cc4464273e56cf2d5e6ee	F68R2_ONLY	IDENTITY	STAR_ALMACH	3	140
443b075c5356a8848e9f5e10b8155b8482683ce68c9cc4464273e56cf2d5e6ee	F68R2_ONLY	IDENTITY	STAR_ALNAIR	2	140
443b075c5356a8848e9f5e10b8155b8482683ce68c9cc4464273e56cf2d5e6ee	F68R2_ONLY	IDENTITY	STAR_ALNATH	2	140
443b075c5356a8848e9f5e10b8155b8482683ce68c9cc4464273e56cf2d5e6ee	F68R2_ONLY	IDENTITY	STAR_ALNITAK	3	140
443b075c5356a8848e9f5e10b8155b8482683ce68c9cc4464273e56cf2d5e6ee	F68R2_ONLY	IDENTITY	STAR_ALPHARD	2	140
443b075c5356a8848e9f5e10b8155b8482683ce68c9cc4464273e56cf2d5e6ee	F68R2_ONLY	IDENTITY	STAR_ALPHECCA	2	140
443b075c5356a8848e9f5e10b8155b8482683ce68c9cc4464273e56cf2d5e6ee	F68R2_ONLY	IDENTITY	STAR_ALPHERATZ	3	140
443b075c5356a8848e9f5e10b8155b8482683ce68c9cc4464273e56cf2d5e6ee	F68R2_ONLY	IDENTITY	STAR_ALPHIRK	3	140
443b075c5356a8848e9f5e10b8155b8482683ce68c9cc4464273e56cf2d5e6ee	F68R2_ONLY	IDENTITY	STAR_ALRISHA	2	140
443b075c5356a8848e9f5e10b8155b8482683ce68c9cc4464273e56cf2d5e6ee	F68R2_ONLY	IDENTITY	STAR_ALTAIR	2	140
443b075c5356a8848e9f5e10b8155b8482683ce68c9cc4464273e56cf2d5e6ee	F68R2_ONLY	IDENTITY	STAR_ARCTURUS	2	140
443b075c5356a8848e9f5e10b8155b8482683ce68c9cc4464273e56cf2d5e6ee	F68R2_ONLY	IDENTITY	STAR_ARKAB	1	140
443b075c5356a8848e9f5e10b8155b8482683ce68c9cc4464273e56cf2d5e6ee	F68R2_ONLY	IDENTITY	STAR_BETELGEUSE	3	140
443b075c5356a8848e9f5e10b8155b8482683ce68c9cc4464273e56cf2d5e6ee	F68R2_ONLY	IDENTITY	STAR_CANOPUS	2	140
443b075c5356a8848e9f5e10b8155b8482683ce68c9cc4464273e56cf2d5e6ee	F68R2_ONLY	IDENTITY	STAR_CAPELLA	2	140
443b075c5356a8848e9f5e10b8155b8482683ce68c9cc4464273e56cf2d5e6ee	F68R2_ONLY	IDENTITY	STAR_CAPH	1	140
443b075c5356a8848e9f5e10b8155b8482683ce68c9cc4464273e56cf2d5e6ee	F68R2_ONLY	IDENTITY	STAR_COR_CAROLI	1	140
443b075c5356a8848e9f5e10b8155b8482683ce68c9cc4464273e56cf2d5e6ee	F68R2_ONLY	IDENTITY	STAR_DABIH	1	140
443b075c5356a8848e9f5e10b8155b8482683ce68c9cc4464273e56cf2d5e6ee	F68R2_ONLY	IDENTITY	STAR_DENEB	1	140
443b075c5356a8848e9f5e10b8155b8482683ce68c9cc4464273e56cf2d5e6ee	F68R2_ONLY	IDENTITY	STAR_DENEB_ALGEDI	2	140
443b075c5356a8848e9f5e10b8155b8482683ce68c9cc4464273e56cf2d5e6ee	F68R2_ONLY	IDENTITY	STAR_DENEBOLA	4	140
443b075c5356a8848e9f5e10b8155b8482683ce68c9cc4464273e56cf2d5e6ee	F68R2_ONLY	IDENTITY	STAR_DUBHE	1	140
443b075c5356a8848e9f5e10b8155b8482683ce68c9cc4464273e56cf2d5e6ee	F68R2_ONLY	IDENTITY	STAR_ELTANIN	2	140
443b075c5356a8848e9f5e10b8155b8482683ce68c9cc4464273e56cf2d5e6ee	F68R2_ONLY	IDENTITY	STAR_ENIF	1	140
443b075c5356a8848e9f5e10b8155b8482683ce68c9cc4464273e56cf2d5e6ee	F68R2_ONLY	IDENTITY	STAR_FOMALHAUT	3	140
443b075c5356a8848e9f5e10b8155b8482683ce68c9cc4464273e56cf2d5e6ee	F68R2_ONLY	IDENTITY	STAR_HAMAL	1	140
443b075c5356a8848e9f5e10b8155b8482683ce68c9cc4464273e56cf2d5e6ee	F68R2_ONLY	IDENTITY	STAR_IZAR	1	140
443b075c5356a8848e9f5e10b8155b8482683ce68c9cc4464273e56cf2d5e6ee	F68R2_ONLY	IDENTITY	STAR_KOCHAB	1	140
443b075c5356a8848e9f5e10b8155b8482683ce68c9cc4464273e56cf2d5e6ee	F68R2_ONLY	IDENTITY	STAR_MEGREZ	1	140
443b075c5356a8848e9f5e10b8155b8482683ce68c9cc4464273e56cf2d5e6ee	F68R2_ONLY	IDENTITY	STAR_MENKALINAN	2	140
443b075c5356a8848e9f5e10b8155b8482683ce68c9cc4464273e56cf2d5e6ee	F68R2_ONLY	IDENTITY	STAR_MENKAR	1	140
443b075c5356a8848e9f5e10b8155b8482683ce68c9cc4464273e56cf2d5e6ee	F68R2_ONLY	IDENTITY	STAR_MERAK	1	140
443b075c5356a8848e9f5e10b8155b8482683ce68c9cc4464273e56cf2d5e6ee	F68R2_ONLY	IDENTITY	STAR_MESARTHIM	1	140
443b075c5356a8848e9f5e10b8155b8482683ce68c9cc4464273e56cf2d5e6ee	F68R2_ONLY	IDENTITY	STAR_MINTAKA	1	140
443b075c5356a8848e9f5e10b8155b8482683ce68c9cc4464273e56cf2d5e6ee	F68R2_ONLY	IDENTITY	STAR_MIRA	1	140
443b075c5356a8848e9f5e10b8155b8482683ce68c9cc4464273e56cf2d5e6ee	F68R2_ONLY	IDENTITY	STAR_MIRACH	1	140
443b075c5356a8848e9f5e10b8155b8482683ce68c9cc4464273e56cf2d5e6ee	F68R2_ONLY	IDENTITY	STAR_MIRFAK	1	140
443b075c5356a8848e9f5e10b8155b8482683ce68c9cc4464273e56cf2d5e6ee	F68R2_ONLY	IDENTITY	STAR_MIZAR	1	140
443b075c5356a8848e9f5e10b8155b8482683ce68c9cc4464273e56cf2d5e6ee	F68R2_ONLY	IDENTITY	STAR_NUNKI	1	140
443b075c5356a8848e9f5e10b8155b8482683ce68c9cc4464273e56cf2d5e6ee	F68R2_ONLY	IDENTITY	STAR_PHERKAD	1	140
443b075c5356a8848e9f5e10b8155b8482683ce68c9cc4464273e56cf2d5e6ee	F68R2_ONLY	IDENTITY	STAR_PHECDA	1	140
443b075c5356a8848e9f5e10b8155b8482683ce68c9cc4464273e56cf2d5e6ee	F68R2_ONLY	IDENTITY	STAR_POLARIS	3	140
443b075c5356a8848e9f5e10b8155b8482683ce68c9cc4464273e56cf2d5e6ee	F68R2_ONLY	IDENTITY	STAR_POLLUX	1	140
443b075c5356a8848e9f5e10b8155b8482683ce68c9cc4464273e56cf2d5e6ee	F68R2_ONLY	IDENTITY	STAR_PORRIMA	2	140
443b075c5356a8848e9f5e10b8155b8482683ce68c9cc4464273e56cf2d5e6ee	F68R2_ONLY	IDENTITY	STAR_PROCYON	1	140
443b075c5356a8848e9f5e10b8155b8482683ce68c9cc4464273e56cf2d5e6ee	F68R2_ONLY	IDENTITY	STAR_RASALGETHI	3	140
443b075c5356a8848e9f5e10b8155b8482683ce68c9cc4464273e56cf2d5e6ee	F68R2_ONLY	IDENTITY	STAR_RASALHAGUE	2	140
443b075c5356a8848e9f5e10b8155b8482683ce68c9cc4464273e56cf2d5e6ee	F68R2_ONLY	IDENTITY	STAR_RASTABAN	1	140
443b075c5356a8848e9f5e10b8155b8482683ce68c9cc4464273e56cf2d5e6ee	F68R2_ONLY	IDENTITY	STAR_REGULUS	3	140
443b075c5356a8848e9f5e10b8155b8482683ce68c9cc4464273e56cf2d5e6ee	F68R2_ONLY	IDENTITY	STAR_RIGEL	2	140
443b075c5356a8848e9f5e10b8155b8482683ce68c9cc4464273e56cf2d5e6ee	F68R2_ONLY	IDENTITY	STAR_RUKBAT	1	140
443b075c5356a8848e9f5e10b8155b8482683ce68c9cc4464273e56cf2d5e6ee	F68R2_ONLY	IDENTITY	STAR_SADALSUUD	2	140
443b075c5356a8848e9f5e10b8155b8482683ce68c9cc4464273e56cf2d5e6ee	F68R2_ONLY	IDENTITY	STAR_SARGAS	1	140
443b075c5356a8848e9f5e10b8155b8482683ce68c9cc4464273e56cf2d5e6ee	F68R2_ONLY	IDENTITY	STAR_SCHEAT	1	140
443b075c5356a8848e9f5e10b8155b8482683ce68c9cc4464273e56cf2d5e6ee	F68R2_ONLY	IDENTITY	STAR_SCHEDAR	1	140
443b075c5356a8848e9f5e10b8155b8482683ce68c9cc4464273e56cf2d5e6ee	F68R2_ONLY	IDENTITY	STAR_SHAULA	2	140
443b075c5356a8848e9f5e10b8155b8482683ce68c9cc4464273e56cf2d5e6ee	F68R2_ONLY	IDENTITY	STAR_SHERATAN	1	140
443b075c5356a8848e9f5e10b8155b8482683ce68c9cc4464273e56cf2d5e6ee	F68R2_ONLY	IDENTITY	STAR_SIRIUS	2	140
443b075c5356a8848e9f5e10b8155b8482683ce68c9cc4464273e56cf2d5e6ee	F68R2_ONLY	IDENTITY	STAR_SKAT	1	140
443b075c5356a8848e9f5e10b8155b8482683ce68c9cc4464273e56cf2d5e6ee	F68R2_ONLY	IDENTITY	STAR_SUBRA	2	140
443b075c5356a8848e9f5e10b8155b8482683ce68c9cc4464273e56cf2d5e6ee	F68R2_ONLY	IDENTITY	STAR_THUBAN	1	140
443b075c5356a8848e9f5e10b8155b8482683ce68c9cc4464273e56cf2d5e6ee	F68R2_ONLY	IDENTITY	STAR_UNUKALHAI	2	140
443b075c5356a8848e9f5e10b8155b8482683ce68c9cc4464273e56cf2d5e6ee	F68R2_ONLY	IDENTITY	STAR_VEGA	4	140
443b075c5356a8848e9f5e10b8155b8482683ce68c9cc4464273e56cf2d5e6ee	F68R2_ONLY	IDENTITY	STAR_WASAT	1	140
443b075c5356a8848e9f5e10b8155b8482683ce68c9cc4464273e56cf2d5e6ee	F68R2_ONLY	IDENTITY	STAR_WEZN	1	140
443b075c5356a8848e9f5e10b8155b8482683ce68c9cc4464273e56cf2d5e6ee	F68R2_ONLY	IDENTITY	STAR_ZAVIJAVA	1	140
443b075c5356a8848e9f5e10b8155b8482683ce68c9cc4464273e56cf2d5e6ee	F68R2_ONLY	IDENTITY	STAR_ZOSMA	1	140
443b075c5356a8848e9f5e10b8155b8482683ce68c9cc4464273e56cf2d5e6ee	F68R2_ONLY	IDENTITY	STAR_ZUBENELGENUBI	1	140
443b075c5356a8848e9f5e10b8155b8482683ce68c9cc4464273e56cf2d5e6ee	F68R2_ONLY	IDENTITY	STAR_ZUBENESCHAMALI	1	140
0c9e992868a188ccb57439e5a89a4d825c0f8c374eba5045adab373d11a0b030	UNCONSTRAINED_PAGE	LABEL	STAR_f68r2_12465	48	48
0c9e992868a188ccb57439e5a89a4d825c0f8c374eba5045adab373d11a0b030	UNCONSTRAINED_PAGE	LABEL	STAR_f68r2_12486	48	48
0c9e992868a188ccb57439e5a89a4d825c0f8c374eba5045adab373d11a0b030	UNCONSTRAINED_PAGE	LABEL	STAR_f68r2_12463	48	48
0c9e992868a188ccb57439e5a89a4d825c0f8c374eba5045adab373d11a0b030	UNCONSTRAINED_PAGE	IDENTITY	STAR_UNUKALHAI	48	48
0c9e992868a188ccb57439e5a89a4d825c0f8c374eba5045adab373d11a0b030	UNCONSTRAINED_PAGE	IDENTITY	STAR_ZOSMA	48	48
0c9e992868a188ccb57439e5a89a4d825c0f8c374eba5045adab373d11a0b030	UNCONSTRAINED_PAGE	IDENTITY	STAR_ACHERNAR	1	48
0c9e992868a188ccb57439e5a89a4d825c0f8c374eba5045adab373d11a0b030	UNCONSTRAINED_PAGE	IDENTITY	STAR_ALBIREO	2	48
0c9e992868a188ccb57439e5a89a4d825c0f8c374eba5045adab373d11a0b030	UNCONSTRAINED_PAGE	IDENTITY	STAR_ALCHIBA	1	48
0c9e992868a188ccb57439e5a89a4d825c0f8c374eba5045adab373d11a0b030	UNCONSTRAINED_PAGE	IDENTITY	STAR_ALCOR	1	48
0c9e992868a188ccb57439e5a89a4d825c0f8c374eba5045adab373d11a0b030	UNCONSTRAINED_PAGE	IDENTITY	STAR_ALDEBARAN	1	48
0c9e992868a188ccb57439e5a89a4d825c0f8c374eba5045adab373d11a0b030	UNCONSTRAINED_PAGE	IDENTITY	STAR_ALGOL	1	48
0c9e992868a188ccb57439e5a89a4d825c0f8c374eba5045adab373d11a0b030	UNCONSTRAINED_PAGE	IDENTITY	STAR_ALGORAB	2	48
0c9e992868a188ccb57439e5a89a4d825c0f8c374eba5045adab373d11a0b030	UNCONSTRAINED_PAGE	IDENTITY	STAR_ALHENA	1	48
0c9e992868a188ccb57439e5a89a4d825c0f8c374eba5045adab373d11a0b030	UNCONSTRAINED_PAGE	IDENTITY	STAR_ALIOTH	1	48
0c9e992868a188ccb57439e5a89a4d825c0f8c374eba5045adab373d11a0b030	UNCONSTRAINED_PAGE	IDENTITY	STAR_ALMACH	1	48
0c9e992868a188ccb57439e5a89a4d825c0f8c374eba5045adab373d11a0b030	UNCONSTRAINED_PAGE	IDENTITY	STAR_ALNATH	1	48
0c9e992868a188ccb57439e5a89a4d825c0f8c374eba5045adab373d11a0b030	UNCONSTRAINED_PAGE	IDENTITY	STAR_ALPHARD	1	48
0c9e992868a188ccb57439e5a89a4d825c0f8c374eba5045adab373d11a0b030	UNCONSTRAINED_PAGE	IDENTITY	STAR_ALRISHA	1	48
0c9e992868a188ccb57439e5a89a4d825c0f8c374eba5045adab373d11a0b030	UNCONSTRAINED_PAGE	IDENTITY	STAR_ALTAIR	2	48
0c9e992868a188ccb57439e5a89a4d825c0f8c374eba5045adab373d11a0b030	UNCONSTRAINED_PAGE	IDENTITY	STAR_ARCTURUS	1	48
0c9e992868a188ccb57439e5a89a4d825c0f8c374eba5045adab373d11a0b030	UNCONSTRAINED_PAGE	IDENTITY	STAR_CANOPUS	1	48
0c9e992868a188ccb57439e5a89a4d825c0f8c374eba5045adab373d11a0b030	UNCONSTRAINED_PAGE	IDENTITY	STAR_CAPELLA	1	48
0c9e992868a188ccb57439e5a89a4d825c0f8c374eba5045adab373d11a0b030	UNCONSTRAINED_PAGE	IDENTITY	STAR_CASTOR	1	48
0c9e992868a188ccb57439e5a89a4d825c0f8c374eba5045adab373d11a0b030	UNCONSTRAINED_PAGE	IDENTITY	STAR_DABIH	1	48
0c9e992868a188ccb57439e5a89a4d825c0f8c374eba5045adab373d11a0b030	UNCONSTRAINED_PAGE	IDENTITY	STAR_DENEB_ALGEDI	1	48
0c9e992868a188ccb57439e5a89a4d825c0f8c374eba5045adab373d11a0b030	UNCONSTRAINED_PAGE	IDENTITY	STAR_DENEBOLA	2	48
0c9e992868a188ccb57439e5a89a4d825c0f8c374eba5045adab373d11a0b030	UNCONSTRAINED_PAGE	IDENTITY	STAR_DUBHE	1	48
0c9e992868a188ccb57439e5a89a4d825c0f8c374eba5045adab373d11a0b030	UNCONSTRAINED_PAGE	IDENTITY	STAR_ELTANIN	1	48
0c9e992868a188ccb57439e5a89a4d825c0f8c374eba5045adab373d11a0b030	UNCONSTRAINED_PAGE	IDENTITY	STAR_FOMALHAUT	2	48
0c9e992868a188ccb57439e5a89a4d825c0f8c374eba5045adab373d11a0b030	UNCONSTRAINED_PAGE	IDENTITY	STAR_IZAR	1	48
0c9e992868a188ccb57439e5a89a4d825c0f8c374eba5045adab373d11a0b030	UNCONSTRAINED_PAGE	IDENTITY	STAR_KOCHAB	2	48
0c9e992868a188ccb57439e5a89a4d825c0f8c374eba5045adab373d11a0b030	UNCONSTRAINED_PAGE	IDENTITY	STAR_MERAK	1	48
0c9e992868a188ccb57439e5a89a4d825c0f8c374eba5045adab373d11a0b030	UNCONSTRAINED_PAGE	IDENTITY	STAR_MIRACH	1	48
0c9e992868a188ccb57439e5a89a4d825c0f8c374eba5045adab373d11a0b030	UNCONSTRAINED_PAGE	IDENTITY	STAR_POLARIS	1	48
0c9e992868a188ccb57439e5a89a4d825c0f8c374eba5045adab373d11a0b030	UNCONSTRAINED_PAGE	IDENTITY	STAR_POLLUX	1	48
0c9e992868a188ccb57439e5a89a4d825c0f8c374eba5045adab373d11a0b030	UNCONSTRAINED_PAGE	IDENTITY	STAR_PORRIMA	1	48
0c9e992868a188ccb57439e5a89a4d825c0f8c374eba5045adab373d11a0b030	UNCONSTRAINED_PAGE	IDENTITY	STAR_RASTABAN	1	48
0c9e992868a188ccb57439e5a89a4d825c0f8c374eba5045adab373d11a0b030	UNCONSTRAINED_PAGE	IDENTITY	STAR_SADALMELIK	1	48
0c9e992868a188ccb57439e5a89a4d825c0f8c374eba5045adab373d11a0b030	UNCONSTRAINED_PAGE	IDENTITY	STAR_SCHEDAR	1	48
0c9e992868a188ccb57439e5a89a4d825c0f8c374eba5045adab373d11a0b030	UNCONSTRAINED_PAGE	IDENTITY	STAR_SHERATAN	1	48
0c9e992868a188ccb57439e5a89a4d825c0f8c374eba5045adab373d11a0b030	UNCONSTRAINED_PAGE	IDENTITY	STAR_SIRIUS	1	48
0c9e992868a188ccb57439e5a89a4d825c0f8c374eba5045adab373d11a0b030	UNCONSTRAINED_PAGE	IDENTITY	STAR_SUBRA	1	48
0c9e992868a188ccb57439e5a89a4d825c0f8c374eba5045adab373d11a0b030	UNCONSTRAINED_PAGE	IDENTITY	STAR_THUBAN	1	48
0c9e992868a188ccb57439e5a89a4d825c0f8c374eba5045adab373d11a0b030	UNCONSTRAINED_PAGE	IDENTITY	STAR_WASAT	1	48
0c9e992868a188ccb57439e5a89a4d825c0f8c374eba5045adab373d11a0b030	UNCONSTRAINED_PAGE	IDENTITY	STAR_WEZN	1	48
0c9e992868a188ccb57439e5a89a4d825c0f8c374eba5045adab373d11a0b030	UNCONSTRAINED_PAGE	IDENTITY	STAR_ZUBENESCHAMALI	2	48
0c9e992868a188ccb57439e5a89a4d825c0f8c374eba5045adab373d11a0b030	F68R2_ONLY	LABEL	STAR_f68r2_12465	48	48
0c9e992868a188ccb57439e5a89a4d825c0f8c374eba5045adab373d11a0b030	F68R2_ONLY	LABEL	STAR_f68r2_12486	48	48
0c9e992868a188ccb57439e5a89a4d825c0f8c374eba5045adab373d11a0b030	F68R2_ONLY	LABEL	STAR_f68r2_12463	48	48
0c9e992868a188ccb57439e5a89a4d825c0f8c374eba5045adab373d11a0b030	F68R2_ONLY	IDENTITY	STAR_UNUKALHAI	48	48
0c9e992868a188ccb57439e5a89a4d825c0f8c374eba5045adab373d11a0b030	F68R2_ONLY	IDENTITY	STAR_ZOSMA	48	48
0c9e992868a188ccb57439e5a89a4d825c0f8c374eba5045adab373d11a0b030	F68R2_ONLY	IDENTITY	STAR_ACHERNAR	1	48
0c9e992868a188ccb57439e5a89a4d825c0f8c374eba5045adab373d11a0b030	F68R2_ONLY	IDENTITY	STAR_ALBIREO	2	48
0c9e992868a188ccb57439e5a89a4d825c0f8c374eba5045adab373d11a0b030	F68R2_ONLY	IDENTITY	STAR_ALCHIBA	1	48
0c9e992868a188ccb57439e5a89a4d825c0f8c374eba5045adab373d11a0b030	F68R2_ONLY	IDENTITY	STAR_ALCOR	1	48
0c9e992868a188ccb57439e5a89a4d825c0f8c374eba5045adab373d11a0b030	F68R2_ONLY	IDENTITY	STAR_ALDEBARAN	1	48
0c9e992868a188ccb57439e5a89a4d825c0f8c374eba5045adab373d11a0b030	F68R2_ONLY	IDENTITY	STAR_ALGOL	1	48
0c9e992868a188ccb57439e5a89a4d825c0f8c374eba5045adab373d11a0b030	F68R2_ONLY	IDENTITY	STAR_ALGORAB	2	48
0c9e992868a188ccb57439e5a89a4d825c0f8c374eba5045adab373d11a0b030	F68R2_ONLY	IDENTITY	STAR_ALHENA	1	48
0c9e992868a188ccb57439e5a89a4d825c0f8c374eba5045adab373d11a0b030	F68R2_ONLY	IDENTITY	STAR_ALIOTH	1	48
0c9e992868a188ccb57439e5a89a4d825c0f8c374eba5045adab373d11a0b030	F68R2_ONLY	IDENTITY	STAR_ALMACH	1	48
0c9e992868a188ccb57439e5a89a4d825c0f8c374eba5045adab373d11a0b030	F68R2_ONLY	IDENTITY	STAR_ALNATH	1	48
0c9e992868a188ccb57439e5a89a4d825c0f8c374eba5045adab373d11a0b030	F68R2_ONLY	IDENTITY	STAR_ALPHARD	1	48
0c9e992868a188ccb57439e5a89a4d825c0f8c374eba5045adab373d11a0b030	F68R2_ONLY	IDENTITY	STAR_ALRISHA	1	48
0c9e992868a188ccb57439e5a89a4d825c0f8c374eba5045adab373d11a0b030	F68R2_ONLY	IDENTITY	STAR_ALTAIR	2	48
0c9e992868a188ccb57439e5a89a4d825c0f8c374eba5045adab373d11a0b030	F68R2_ONLY	IDENTITY	STAR_ARCTURUS	1	48
0c9e992868a188ccb57439e5a89a4d825c0f8c374eba5045adab373d11a0b030	F68R2_ONLY	IDENTITY	STAR_CANOPUS	1	48
0c9e992868a188ccb57439e5a89a4d825c0f8c374eba5045adab373d11a0b030	F68R2_ONLY	IDENTITY	STAR_CAPELLA	1	48
0c9e992868a188ccb57439e5a89a4d825c0f8c374eba5045adab373d11a0b030	F68R2_ONLY	IDENTITY	STAR_CASTOR	1	48
0c9e992868a188ccb57439e5a89a4d825c0f8c374eba5045adab373d11a0b030	F68R2_ONLY	IDENTITY	STAR_DABIH	1	48
0c9e992868a188ccb57439e5a89a4d825c0f8c374eba5045adab373d11a0b030	F68R2_ONLY	IDENTITY	STAR_DENEB_ALGEDI	1	48
0c9e992868a188ccb57439e5a89a4d825c0f8c374eba5045adab373d11a0b030	F68R2_ONLY	IDENTITY	STAR_DENEBOLA	2	48
0c9e992868a188ccb57439e5a89a4d825c0f8c374eba5045adab373d11a0b030	F68R2_ONLY	IDENTITY	STAR_DUBHE	1	48
0c9e992868a188ccb57439e5a89a4d825c0f8c374eba5045adab373d11a0b030	F68R2_ONLY	IDENTITY	STAR_ELTANIN	1	48
0c9e992868a188ccb57439e5a89a4d825c0f8c374eba5045adab373d11a0b030	F68R2_ONLY	IDENTITY	STAR_FOMALHAUT	2	48
0c9e992868a188ccb57439e5a89a4d825c0f8c374eba5045adab373d11a0b030	F68R2_ONLY	IDENTITY	STAR_IZAR	1	48
0c9e992868a188ccb57439e5a89a4d825c0f8c374eba5045adab373d11a0b030	F68R2_ONLY	IDENTITY	STAR_KOCHAB	2	48
0c9e992868a188ccb57439e5a89a4d825c0f8c374eba5045adab373d11a0b030	F68R2_ONLY	IDENTITY	STAR_MERAK	1	48
0c9e992868a188ccb57439e5a89a4d825c0f8c374eba5045adab373d11a0b030	F68R2_ONLY	IDENTITY	STAR_MIRACH	1	48
0c9e992868a188ccb57439e5a89a4d825c0f8c374eba5045adab373d11a0b030	F68R2_ONLY	IDENTITY	STAR_POLARIS	1	48
0c9e992868a188ccb57439e5a89a4d825c0f8c374eba5045adab373d11a0b030	F68R2_ONLY	IDENTITY	STAR_POLLUX	1	48
0c9e992868a188ccb57439e5a89a4d825c0f8c374eba5045adab373d11a0b030	F68R2_ONLY	IDENTITY	STAR_PORRIMA	1	48
0c9e992868a188ccb57439e5a89a4d825c0f8c374eba5045adab373d11a0b030	F68R2_ONLY	IDENTITY	STAR_RASTABAN	1	48
0c9e992868a188ccb57439e5a89a4d825c0f8c374eba5045adab373d11a0b030	F68R2_ONLY	IDENTITY	STAR_SADALMELIK	1	48
0c9e992868a188ccb57439e5a89a4d825c0f8c374eba5045adab373d11a0b030	F68R2_ONLY	IDENTITY	STAR_SCHEDAR	1	48
0c9e992868a188ccb57439e5a89a4d825c0f8c374eba5045adab373d11a0b030	F68R2_ONLY	IDENTITY	STAR_SHERATAN	1	48
0c9e992868a188ccb57439e5a89a4d825c0f8c374eba5045adab373d11a0b030	F68R2_ONLY	IDENTITY	STAR_SIRIUS	1	48
0c9e992868a188ccb57439e5a89a4d825c0f8c374eba5045adab373d11a0b030	F68R2_ONLY	IDENTITY	STAR_SUBRA	1	48
0c9e992868a188ccb57439e5a89a4d825c0f8c374eba5045adab373d11a0b030	F68R2_ONLY	IDENTITY	STAR_THUBAN	1	48
0c9e992868a188ccb57439e5a89a4d825c0f8c374eba5045adab373d11a0b030	F68R2_ONLY	IDENTITY	STAR_WASAT	1	48
0c9e992868a188ccb57439e5a89a4d825c0f8c374eba5045adab373d11a0b030	F68R2_ONLY	IDENTITY	STAR_WEZN	1	48
0c9e992868a188ccb57439e5a89a4d825c0f8c374eba5045adab373d11a0b030	F68R2_ONLY	IDENTITY	STAR_ZUBENESCHAMALI	2	48
13462fc08ad075ed6551c2af0fb8d9e58636abf12589b890efd963d5c53b2266	UNCONSTRAINED_PAGE	LABEL	STAR_f68r2_12465	48	48
13462fc08ad075ed6551c2af0fb8d9e58636abf12589b890efd963d5c53b2266	UNCONSTRAINED_PAGE	LABEL	STAR_f68r2_12486	48	48
13462fc08ad075ed6551c2af0fb8d9e58636abf12589b890efd963d5c53b2266	UNCONSTRAINED_PAGE	LABEL	STAR_f68r2_12463	48	48
13462fc08ad075ed6551c2af0fb8d9e58636abf12589b890efd963d5c53b2266	UNCONSTRAINED_PAGE	IDENTITY	STAR_UNUKALHAI	48	48
13462fc08ad075ed6551c2af0fb8d9e58636abf12589b890efd963d5c53b2266	UNCONSTRAINED_PAGE	IDENTITY	STAR_ZOSMA	48	48
13462fc08ad075ed6551c2af0fb8d9e58636abf12589b890efd963d5c53b2266	UNCONSTRAINED_PAGE	IDENTITY	STAR_ACHERNAR	1	48
13462fc08ad075ed6551c2af0fb8d9e58636abf12589b890efd963d5c53b2266	UNCONSTRAINED_PAGE	IDENTITY	STAR_ALBIREO	2	48
13462fc08ad075ed6551c2af0fb8d9e58636abf12589b890efd963d5c53b2266	UNCONSTRAINED_PAGE	IDENTITY	STAR_ALCHIBA	1	48
13462fc08ad075ed6551c2af0fb8d9e58636abf12589b890efd963d5c53b2266	UNCONSTRAINED_PAGE	IDENTITY	STAR_ALCOR	1	48
13462fc08ad075ed6551c2af0fb8d9e58636abf12589b890efd963d5c53b2266	UNCONSTRAINED_PAGE	IDENTITY	STAR_ALDEBARAN	1	48
13462fc08ad075ed6551c2af0fb8d9e58636abf12589b890efd963d5c53b2266	UNCONSTRAINED_PAGE	IDENTITY	STAR_ALGOL	1	48
13462fc08ad075ed6551c2af0fb8d9e58636abf12589b890efd963d5c53b2266	UNCONSTRAINED_PAGE	IDENTITY	STAR_ALGORAB	2	48
13462fc08ad075ed6551c2af0fb8d9e58636abf12589b890efd963d5c53b2266	UNCONSTRAINED_PAGE	IDENTITY	STAR_ALHENA	1	48
13462fc08ad075ed6551c2af0fb8d9e58636abf12589b890efd963d5c53b2266	UNCONSTRAINED_PAGE	IDENTITY	STAR_ALIOTH	1	48
13462fc08ad075ed6551c2af0fb8d9e58636abf12589b890efd963d5c53b2266	UNCONSTRAINED_PAGE	IDENTITY	STAR_ALMACH	1	48
13462fc08ad075ed6551c2af0fb8d9e58636abf12589b890efd963d5c53b2266	UNCONSTRAINED_PAGE	IDENTITY	STAR_ALNATH	1	48
13462fc08ad075ed6551c2af0fb8d9e58636abf12589b890efd963d5c53b2266	UNCONSTRAINED_PAGE	IDENTITY	STAR_ALPHARD	1	48
13462fc08ad075ed6551c2af0fb8d9e58636abf12589b890efd963d5c53b2266	UNCONSTRAINED_PAGE	IDENTITY	STAR_ALRISHA	1	48
13462fc08ad075ed6551c2af0fb8d9e58636abf12589b890efd963d5c53b2266	UNCONSTRAINED_PAGE	IDENTITY	STAR_ALTAIR	2	48
13462fc08ad075ed6551c2af0fb8d9e58636abf12589b890efd963d5c53b2266	UNCONSTRAINED_PAGE	IDENTITY	STAR_ARCTURUS	1	48
13462fc08ad075ed6551c2af0fb8d9e58636abf12589b890efd963d5c53b2266	UNCONSTRAINED_PAGE	IDENTITY	STAR_CANOPUS	1	48
13462fc08ad075ed6551c2af0fb8d9e58636abf12589b890efd963d5c53b2266	UNCONSTRAINED_PAGE	IDENTITY	STAR_CAPELLA	1	48
13462fc08ad075ed6551c2af0fb8d9e58636abf12589b890efd963d5c53b2266	UNCONSTRAINED_PAGE	IDENTITY	STAR_CASTOR	1	48
13462fc08ad075ed6551c2af0fb8d9e58636abf12589b890efd963d5c53b2266	UNCONSTRAINED_PAGE	IDENTITY	STAR_DABIH	1	48
13462fc08ad075ed6551c2af0fb8d9e58636abf12589b890efd963d5c53b2266	UNCONSTRAINED_PAGE	IDENTITY	STAR_DENEB_ALGEDI	1	48
13462fc08ad075ed6551c2af0fb8d9e58636abf12589b890efd963d5c53b2266	UNCONSTRAINED_PAGE	IDENTITY	STAR_DENEBOLA	2	48
13462fc08ad075ed6551c2af0fb8d9e58636abf12589b890efd963d5c53b2266	UNCONSTRAINED_PAGE	IDENTITY	STAR_DUBHE	1	48
13462fc08ad075ed6551c2af0fb8d9e58636abf12589b890efd963d5c53b2266	UNCONSTRAINED_PAGE	IDENTITY	STAR_ELTANIN	1	48
13462fc08ad075ed6551c2af0fb8d9e58636abf12589b890efd963d5c53b2266	UNCONSTRAINED_PAGE	IDENTITY	STAR_FOMALHAUT	2	48
13462fc08ad075ed6551c2af0fb8d9e58636abf12589b890efd963d5c53b2266	UNCONSTRAINED_PAGE	IDENTITY	STAR_IZAR	1	48
13462fc08ad075ed6551c2af0fb8d9e58636abf12589b890efd963d5c53b2266	UNCONSTRAINED_PAGE	IDENTITY	STAR_KOCHAB	2	48
13462fc08ad075ed6551c2af0fb8d9e58636abf12589b890efd963d5c53b2266	UNCONSTRAINED_PAGE	IDENTITY	STAR_MERAK	1	48
13462fc08ad075ed6551c2af0fb8d9e58636abf12589b890efd963d5c53b2266	UNCONSTRAINED_PAGE	IDENTITY	STAR_MIRACH	1	48
13462fc08ad075ed6551c2af0fb8d9e58636abf12589b890efd963d5c53b2266	UNCONSTRAINED_PAGE	IDENTITY	STAR_POLARIS	1	48
13462fc08ad075ed6551c2af0fb8d9e58636abf12589b890efd963d5c53b2266	UNCONSTRAINED_PAGE	IDENTITY	STAR_POLLUX	1	48
13462fc08ad075ed6551c2af0fb8d9e58636abf12589b890efd963d5c53b2266	UNCONSTRAINED_PAGE	IDENTITY	STAR_PORRIMA	1	48
13462fc08ad075ed6551c2af0fb8d9e58636abf12589b890efd963d5c53b2266	UNCONSTRAINED_PAGE	IDENTITY	STAR_RASTABAN	1	48
13462fc08ad075ed6551c2af0fb8d9e58636abf12589b890efd963d5c53b2266	UNCONSTRAINED_PAGE	IDENTITY	STAR_SADALMELIK	1	48
13462fc08ad075ed6551c2af0fb8d9e58636abf12589b890efd963d5c53b2266	UNCONSTRAINED_PAGE	IDENTITY	STAR_SCHEDAR	1	48
13462fc08ad075ed6551c2af0fb8d9e58636abf12589b890efd963d5c53b2266	UNCONSTRAINED_PAGE	IDENTITY	STAR_SHERATAN	1	48
13462fc08ad075ed6551c2af0fb8d9e58636abf12589b890efd963d5c53b2266	UNCONSTRAINED_PAGE	IDENTITY	STAR_SIRIUS	1	48
13462fc08ad075ed6551c2af0fb8d9e58636abf12589b890efd963d5c53b2266	UNCONSTRAINED_PAGE	IDENTITY	STAR_SUBRA	1	48
13462fc08ad075ed6551c2af0fb8d9e58636abf12589b890efd963d5c53b2266	UNCONSTRAINED_PAGE	IDENTITY	STAR_THUBAN	1	48
13462fc08ad075ed6551c2af0fb8d9e58636abf12589b890efd963d5c53b2266	UNCONSTRAINED_PAGE	IDENTITY	STAR_WASAT	1	48
13462fc08ad075ed6551c2af0fb8d9e58636abf12589b890efd963d5c53b2266	UNCONSTRAINED_PAGE	IDENTITY	STAR_WEZN	1	48
13462fc08ad075ed6551c2af0fb8d9e58636abf12589b890efd963d5c53b2266	UNCONSTRAINED_PAGE	IDENTITY	STAR_ZUBENESCHAMALI	2	48
13462fc08ad075ed6551c2af0fb8d9e58636abf12589b890efd963d5c53b2266	F68R2_ONLY	LABEL	STAR_f68r2_12465	48	48
13462fc08ad075ed6551c2af0fb8d9e58636abf12589b890efd963d5c53b2266	F68R2_ONLY	LABEL	STAR_f68r2_12486	48	48
13462fc08ad075ed6551c2af0fb8d9e58636abf12589b890efd963d5c53b2266	F68R2_ONLY	LABEL	STAR_f68r2_12463	48	48
13462fc08ad075ed6551c2af0fb8d9e58636abf12589b890efd963d5c53b2266	F68R2_ONLY	IDENTITY	STAR_UNUKALHAI	48	48
13462fc08ad075ed6551c2af0fb8d9e58636abf12589b890efd963d5c53b2266	F68R2_ONLY	IDENTITY	STAR_ZOSMA	48	48
13462fc08ad075ed6551c2af0fb8d9e58636abf12589b890efd963d5c53b2266	F68R2_ONLY	IDENTITY	STAR_ACHERNAR	1	48
13462fc08ad075ed6551c2af0fb8d9e58636abf12589b890efd963d5c53b2266	F68R2_ONLY	IDENTITY	STAR_ALBIREO	2	48
13462fc08ad075ed6551c2af0fb8d9e58636abf12589b890efd963d5c53b2266	F68R2_ONLY	IDENTITY	STAR_ALCHIBA	1	48
13462fc08ad075ed6551c2af0fb8d9e58636abf12589b890efd963d5c53b2266	F68R2_ONLY	IDENTITY	STAR_ALCOR	1	48
13462fc08ad075ed6551c2af0fb8d9e58636abf12589b890efd963d5c53b2266	F68R2_ONLY	IDENTITY	STAR_ALDEBARAN	1	48
13462fc08ad075ed6551c2af0fb8d9e58636abf12589b890efd963d5c53b2266	F68R2_ONLY	IDENTITY	STAR_ALGOL	1	48
13462fc08ad075ed6551c2af0fb8d9e58636abf12589b890efd963d5c53b2266	F68R2_ONLY	IDENTITY	STAR_ALGORAB	2	48
13462fc08ad075ed6551c2af0fb8d9e58636abf12589b890efd963d5c53b2266	F68R2_ONLY	IDENTITY	STAR_ALHENA	1	48
13462fc08ad075ed6551c2af0fb8d9e58636abf12589b890efd963d5c53b2266	F68R2_ONLY	IDENTITY	STAR_ALIOTH	1	48
13462fc08ad075ed6551c2af0fb8d9e58636abf12589b890efd963d5c53b2266	F68R2_ONLY	IDENTITY	STAR_ALMACH	1	48
13462fc08ad075ed6551c2af0fb8d9e58636abf12589b890efd963d5c53b2266	F68R2_ONLY	IDENTITY	STAR_ALNATH	1	48
13462fc08ad075ed6551c2af0fb8d9e58636abf12589b890efd963d5c53b2266	F68R2_ONLY	IDENTITY	STAR_ALPHARD	1	48
13462fc08ad075ed6551c2af0fb8d9e58636abf12589b890efd963d5c53b2266	F68R2_ONLY	IDENTITY	STAR_ALRISHA	1	48
13462fc08ad075ed6551c2af0fb8d9e58636abf12589b890efd963d5c53b2266	F68R2_ONLY	IDENTITY	STAR_ALTAIR	2	48
13462fc08ad075ed6551c2af0fb8d9e58636abf12589b890efd963d5c53b2266	F68R2_ONLY	IDENTITY	STAR_ARCTURUS	1	48
13462fc08ad075ed6551c2af0fb8d9e58636abf12589b890efd963d5c53b2266	F68R2_ONLY	IDENTITY	STAR_CANOPUS	1	48
13462fc08ad075ed6551c2af0fb8d9e58636abf12589b890efd963d5c53b2266	F68R2_ONLY	IDENTITY	STAR_CAPELLA	1	48
13462fc08ad075ed6551c2af0fb8d9e58636abf12589b890efd963d5c53b2266	F68R2_ONLY	IDENTITY	STAR_CASTOR	1	48
13462fc08ad075ed6551c2af0fb8d9e58636abf12589b890efd963d5c53b2266	F68R2_ONLY	IDENTITY	STAR_DABIH	1	48
13462fc08ad075ed6551c2af0fb8d9e58636abf12589b890efd963d5c53b2266	F68R2_ONLY	IDENTITY	STAR_DENEB_ALGEDI	1	48
13462fc08ad075ed6551c2af0fb8d9e58636abf12589b890efd963d5c53b2266	F68R2_ONLY	IDENTITY	STAR_DENEBOLA	2	48
13462fc08ad075ed6551c2af0fb8d9e58636abf12589b890efd963d5c53b2266	F68R2_ONLY	IDENTITY	STAR_DUBHE	1	48
13462fc08ad075ed6551c2af0fb8d9e58636abf12589b890efd963d5c53b2266	F68R2_ONLY	IDENTITY	STAR_ELTANIN	1	48
13462fc08ad075ed6551c2af0fb8d9e58636abf12589b890efd963d5c53b2266	F68R2_ONLY	IDENTITY	STAR_FOMALHAUT	2	48
13462fc08ad075ed6551c2af0fb8d9e58636abf12589b890efd963d5c53b2266	F68R2_ONLY	IDENTITY	STAR_IZAR	1	48
13462fc08ad075ed6551c2af0fb8d9e58636abf12589b890efd963d5c53b2266	F68R2_ONLY	IDENTITY	STAR_KOCHAB	2	48
13462fc08ad075ed6551c2af0fb8d9e58636abf12589b890efd963d5c53b2266	F68R2_ONLY	IDENTITY	STAR_MERAK	1	48
13462fc08ad075ed6551c2af0fb8d9e58636abf12589b890efd963d5c53b2266	F68R2_ONLY	IDENTITY	STAR_MIRACH	1	48
13462fc08ad075ed6551c2af0fb8d9e58636abf12589b890efd963d5c53b2266	F68R2_ONLY	IDENTITY	STAR_POLARIS	1	48
13462fc08ad075ed6551c2af0fb8d9e58636abf12589b890efd963d5c53b2266	F68R2_ONLY	IDENTITY	STAR_POLLUX	1	48
13462fc08ad075ed6551c2af0fb8d9e58636abf12589b890efd963d5c53b2266	F68R2_ONLY	IDENTITY	STAR_PORRIMA	1	48
13462fc08ad075ed6551c2af0fb8d9e58636abf12589b890efd963d5c53b2266	F68R2_ONLY	IDENTITY	STAR_RASTABAN	1	48
13462fc08ad075ed6551c2af0fb8d9e58636abf12589b890efd963d5c53b2266	F68R2_ONLY	IDENTITY	STAR_SADALMELIK	1	48
13462fc08ad075ed6551c2af0fb8d9e58636abf12589b890efd963d5c53b2266	F68R2_ONLY	IDENTITY	STAR_SCHEDAR	1	48
13462fc08ad075ed6551c2af0fb8d9e58636abf12589b890efd963d5c53b2266	F68R2_ONLY	IDENTITY	STAR_SHERATAN	1	48
13462fc08ad075ed6551c2af0fb8d9e58636abf12589b890efd963d5c53b2266	F68R2_ONLY	IDENTITY	STAR_SIRIUS	1	48
13462fc08ad075ed6551c2af0fb8d9e58636abf12589b890efd963d5c53b2266	F68R2_ONLY	IDENTITY	STAR_SUBRA	1	48
13462fc08ad075ed6551c2af0fb8d9e58636abf12589b890efd963d5c53b2266	F68R2_ONLY	IDENTITY	STAR_THUBAN	1	48
13462fc08ad075ed6551c2af0fb8d9e58636abf12589b890efd963d5c53b2266	F68R2_ONLY	IDENTITY	STAR_WASAT	1	48
13462fc08ad075ed6551c2af0fb8d9e58636abf12589b890efd963d5c53b2266	F68R2_ONLY	IDENTITY	STAR_WEZN	1	48
13462fc08ad075ed6551c2af0fb8d9e58636abf12589b890efd963d5c53b2266	F68R2_ONLY	IDENTITY	STAR_ZUBENESCHAMALI	2	48
f8bea90b79302e71e2389d947bb3e93178e4ef0f3cd73341b4169de4129a5dfb	UNCONSTRAINED_PAGE	LABEL	STAR_f68r2_12465	71	71
f8bea90b79302e71e2389d947bb3e93178e4ef0f3cd73341b4169de4129a5dfb	UNCONSTRAINED_PAGE	LABEL	STAR_f68r2_12486	71	71
f8bea90b79302e71e2389d947bb3e93178e4ef0f3cd73341b4169de4129a5dfb	UNCONSTRAINED_PAGE	LABEL	STAR_f68r2_12463	71	71
f8bea90b79302e71e2389d947bb3e93178e4ef0f3cd73341b4169de4129a5dfb	UNCONSTRAINED_PAGE	IDENTITY	STAR_UNUKALHAI	71	71
f8bea90b79302e71e2389d947bb3e93178e4ef0f3cd73341b4169de4129a5dfb	UNCONSTRAINED_PAGE	IDENTITY	STAR_ALBIREO	71	71
f8bea90b79302e71e2389d947bb3e93178e4ef0f3cd73341b4169de4129a5dfb	UNCONSTRAINED_PAGE	IDENTITY	STAR_ACHERNAR	1	71
f8bea90b79302e71e2389d947bb3e93178e4ef0f3cd73341b4169de4129a5dfb	UNCONSTRAINED_PAGE	IDENTITY	STAR_ACUBENS	2	71
f8bea90b79302e71e2389d947bb3e93178e4ef0f3cd73341b4169de4129a5dfb	UNCONSTRAINED_PAGE	IDENTITY	STAR_ALCHIBA	1	71
f8bea90b79302e71e2389d947bb3e93178e4ef0f3cd73341b4169de4129a5dfb	UNCONSTRAINED_PAGE	IDENTITY	STAR_ALCOR	1	71
f8bea90b79302e71e2389d947bb3e93178e4ef0f3cd73341b4169de4129a5dfb	UNCONSTRAINED_PAGE	IDENTITY	STAR_ALGOL	2	71
f8bea90b79302e71e2389d947bb3e93178e4ef0f3cd73341b4169de4129a5dfb	UNCONSTRAINED_PAGE	IDENTITY	STAR_ALGORAB	1	71
f8bea90b79302e71e2389d947bb3e93178e4ef0f3cd73341b4169de4129a5dfb	UNCONSTRAINED_PAGE	IDENTITY	STAR_ALNILAM	1	71
f8bea90b79302e71e2389d947bb3e93178e4ef0f3cd73341b4169de4129a5dfb	UNCONSTRAINED_PAGE	IDENTITY	STAR_ALPHERATZ	1	71
f8bea90b79302e71e2389d947bb3e93178e4ef0f3cd73341b4169de4129a5dfb	UNCONSTRAINED_PAGE	IDENTITY	STAR_ALTAIR	1	71
f8bea90b79302e71e2389d947bb3e93178e4ef0f3cd73341b4169de4129a5dfb	UNCONSTRAINED_PAGE	IDENTITY	STAR_ARCTURUS	1	71
f8bea90b79302e71e2389d947bb3e93178e4ef0f3cd73341b4169de4129a5dfb	UNCONSTRAINED_PAGE	IDENTITY	STAR_ARKAB	1	71
f8bea90b79302e71e2389d947bb3e93178e4ef0f3cd73341b4169de4129a5dfb	UNCONSTRAINED_PAGE	IDENTITY	STAR_BETELGEUSE	1	71
f8bea90b79302e71e2389d947bb3e93178e4ef0f3cd73341b4169de4129a5dfb	UNCONSTRAINED_PAGE	IDENTITY	STAR_CANOPUS	3	71
f8bea90b79302e71e2389d947bb3e93178e4ef0f3cd73341b4169de4129a5dfb	UNCONSTRAINED_PAGE	IDENTITY	STAR_CAPELLA	2	71
f8bea90b79302e71e2389d947bb3e93178e4ef0f3cd73341b4169de4129a5dfb	UNCONSTRAINED_PAGE	IDENTITY	STAR_CAPH	1	71
f8bea90b79302e71e2389d947bb3e93178e4ef0f3cd73341b4169de4129a5dfb	UNCONSTRAINED_PAGE	IDENTITY	STAR_CASTOR	1	71
f8bea90b79302e71e2389d947bb3e93178e4ef0f3cd73341b4169de4129a5dfb	UNCONSTRAINED_PAGE	IDENTITY	STAR_DENEB	1	71
f8bea90b79302e71e2389d947bb3e93178e4ef0f3cd73341b4169de4129a5dfb	UNCONSTRAINED_PAGE	IDENTITY	STAR_DENEB_ALGEDI	1	71
f8bea90b79302e71e2389d947bb3e93178e4ef0f3cd73341b4169de4129a5dfb	UNCONSTRAINED_PAGE	IDENTITY	STAR_DENEBOLA	1	71
f8bea90b79302e71e2389d947bb3e93178e4ef0f3cd73341b4169de4129a5dfb	UNCONSTRAINED_PAGE	IDENTITY	STAR_DIPHDA	2	71
f8bea90b79302e71e2389d947bb3e93178e4ef0f3cd73341b4169de4129a5dfb	UNCONSTRAINED_PAGE	IDENTITY	STAR_DUBHE	2	71
f8bea90b79302e71e2389d947bb3e93178e4ef0f3cd73341b4169de4129a5dfb	UNCONSTRAINED_PAGE	IDENTITY	STAR_ELTANIN	1	71
f8bea90b79302e71e2389d947bb3e93178e4ef0f3cd73341b4169de4129a5dfb	UNCONSTRAINED_PAGE	IDENTITY	STAR_FOMALHAUT	2	71
f8bea90b79302e71e2389d947bb3e93178e4ef0f3cd73341b4169de4129a5dfb	UNCONSTRAINED_PAGE	IDENTITY	STAR_HAMAL	1	71
f8bea90b79302e71e2389d947bb3e93178e4ef0f3cd73341b4169de4129a5dfb	UNCONSTRAINED_PAGE	IDENTITY	STAR_KOCHAB	1	71
f8bea90b79302e71e2389d947bb3e93178e4ef0f3cd73341b4169de4129a5dfb	UNCONSTRAINED_PAGE	IDENTITY	STAR_MEGREZ	1	71
f8bea90b79302e71e2389d947bb3e93178e4ef0f3cd73341b4169de4129a5dfb	UNCONSTRAINED_PAGE	IDENTITY	STAR_MERAK	2	71
f8bea90b79302e71e2389d947bb3e93178e4ef0f3cd73341b4169de4129a5dfb	UNCONSTRAINED_PAGE	IDENTITY	STAR_MIRFAK	1	71
f8bea90b79302e71e2389d947bb3e93178e4ef0f3cd73341b4169de4129a5dfb	UNCONSTRAINED_PAGE	IDENTITY	STAR_MIZAR	1	71
f8bea90b79302e71e2389d947bb3e93178e4ef0f3cd73341b4169de4129a5dfb	UNCONSTRAINED_PAGE	IDENTITY	STAR_NUNKI	2	71
f8bea90b79302e71e2389d947bb3e93178e4ef0f3cd73341b4169de4129a5dfb	UNCONSTRAINED_PAGE	IDENTITY	STAR_PHECDA	1	71
f8bea90b79302e71e2389d947bb3e93178e4ef0f3cd73341b4169de4129a5dfb	UNCONSTRAINED_PAGE	IDENTITY	STAR_POLARIS	2	71
f8bea90b79302e71e2389d947bb3e93178e4ef0f3cd73341b4169de4129a5dfb	UNCONSTRAINED_PAGE	IDENTITY	STAR_POLLUX	2	71
f8bea90b79302e71e2389d947bb3e93178e4ef0f3cd73341b4169de4129a5dfb	UNCONSTRAINED_PAGE	IDENTITY	STAR_PROCYON	1	71
f8bea90b79302e71e2389d947bb3e93178e4ef0f3cd73341b4169de4129a5dfb	UNCONSTRAINED_PAGE	IDENTITY	STAR_RASALHAGUE	2	71
f8bea90b79302e71e2389d947bb3e93178e4ef0f3cd73341b4169de4129a5dfb	UNCONSTRAINED_PAGE	IDENTITY	STAR_RASTABAN	2	71
f8bea90b79302e71e2389d947bb3e93178e4ef0f3cd73341b4169de4129a5dfb	UNCONSTRAINED_PAGE	IDENTITY	STAR_REGULUS	1	71
f8bea90b79302e71e2389d947bb3e93178e4ef0f3cd73341b4169de4129a5dfb	UNCONSTRAINED_PAGE	IDENTITY	STAR_RUKBAT	3	71
f8bea90b79302e71e2389d947bb3e93178e4ef0f3cd73341b4169de4129a5dfb	UNCONSTRAINED_PAGE	IDENTITY	STAR_SADALMELIK	1	71
f8bea90b79302e71e2389d947bb3e93178e4ef0f3cd73341b4169de4129a5dfb	UNCONSTRAINED_PAGE	IDENTITY	STAR_SCHEAT	1	71
f8bea90b79302e71e2389d947bb3e93178e4ef0f3cd73341b4169de4129a5dfb	UNCONSTRAINED_PAGE	IDENTITY	STAR_SCHEDAR	2	71
f8bea90b79302e71e2389d947bb3e93178e4ef0f3cd73341b4169de4129a5dfb	UNCONSTRAINED_PAGE	IDENTITY	STAR_SHAULA	1	71
f8bea90b79302e71e2389d947bb3e93178e4ef0f3cd73341b4169de4129a5dfb	UNCONSTRAINED_PAGE	IDENTITY	STAR_SHERATAN	1	71
f8bea90b79302e71e2389d947bb3e93178e4ef0f3cd73341b4169de4129a5dfb	UNCONSTRAINED_PAGE	IDENTITY	STAR_SIRIUS	2	71
f8bea90b79302e71e2389d947bb3e93178e4ef0f3cd73341b4169de4129a5dfb	UNCONSTRAINED_PAGE	IDENTITY	STAR_SKAT	1	71
f8bea90b79302e71e2389d947bb3e93178e4ef0f3cd73341b4169de4129a5dfb	UNCONSTRAINED_PAGE	IDENTITY	STAR_SUBRA	2	71
f8bea90b79302e71e2389d947bb3e93178e4ef0f3cd73341b4169de4129a5dfb	UNCONSTRAINED_PAGE	IDENTITY	STAR_THUBAN	2	71
f8bea90b79302e71e2389d947bb3e93178e4ef0f3cd73341b4169de4129a5dfb	UNCONSTRAINED_PAGE	IDENTITY	STAR_WEZN	1	71
f8bea90b79302e71e2389d947bb3e93178e4ef0f3cd73341b4169de4129a5dfb	UNCONSTRAINED_PAGE	IDENTITY	STAR_ZUBENELGENUBI	2	71
f8bea90b79302e71e2389d947bb3e93178e4ef0f3cd73341b4169de4129a5dfb	UNCONSTRAINED_PAGE	IDENTITY	STAR_ZUBENESCHAMALI	1	71
f8bea90b79302e71e2389d947bb3e93178e4ef0f3cd73341b4169de4129a5dfb	F68R2_ONLY	LABEL	STAR_f68r2_12465	71	71
f8bea90b79302e71e2389d947bb3e93178e4ef0f3cd73341b4169de4129a5dfb	F68R2_ONLY	LABEL	STAR_f68r2_12486	71	71
f8bea90b79302e71e2389d947bb3e93178e4ef0f3cd73341b4169de4129a5dfb	F68R2_ONLY	LABEL	STAR_f68r2_12463	71	71
f8bea90b79302e71e2389d947bb3e93178e4ef0f3cd73341b4169de4129a5dfb	F68R2_ONLY	IDENTITY	STAR_UNUKALHAI	71	71
f8bea90b79302e71e2389d947bb3e93178e4ef0f3cd73341b4169de4129a5dfb	F68R2_ONLY	IDENTITY	STAR_ALBIREO	71	71
f8bea90b79302e71e2389d947bb3e93178e4ef0f3cd73341b4169de4129a5dfb	F68R2_ONLY	IDENTITY	STAR_ACHERNAR	1	71
f8bea90b79302e71e2389d947bb3e93178e4ef0f3cd73341b4169de4129a5dfb	F68R2_ONLY	IDENTITY	STAR_ACUBENS	2	71
f8bea90b79302e71e2389d947bb3e93178e4ef0f3cd73341b4169de4129a5dfb	F68R2_ONLY	IDENTITY	STAR_ALCHIBA	1	71
f8bea90b79302e71e2389d947bb3e93178e4ef0f3cd73341b4169de4129a5dfb	F68R2_ONLY	IDENTITY	STAR_ALCOR	1	71
f8bea90b79302e71e2389d947bb3e93178e4ef0f3cd73341b4169de4129a5dfb	F68R2_ONLY	IDENTITY	STAR_ALGOL	2	71
f8bea90b79302e71e2389d947bb3e93178e4ef0f3cd73341b4169de4129a5dfb	F68R2_ONLY	IDENTITY	STAR_ALGORAB	1	71
f8bea90b79302e71e2389d947bb3e93178e4ef0f3cd73341b4169de4129a5dfb	F68R2_ONLY	IDENTITY	STAR_ALNILAM	1	71
f8bea90b79302e71e2389d947bb3e93178e4ef0f3cd73341b4169de4129a5dfb	F68R2_ONLY	IDENTITY	STAR_ALPHERATZ	1	71
f8bea90b79302e71e2389d947bb3e93178e4ef0f3cd73341b4169de4129a5dfb	F68R2_ONLY	IDENTITY	STAR_ALTAIR	1	71
f8bea90b79302e71e2389d947bb3e93178e4ef0f3cd73341b4169de4129a5dfb	F68R2_ONLY	IDENTITY	STAR_ARCTURUS	1	71
f8bea90b79302e71e2389d947bb3e93178e4ef0f3cd73341b4169de4129a5dfb	F68R2_ONLY	IDENTITY	STAR_ARKAB	1	71
f8bea90b79302e71e2389d947bb3e93178e4ef0f3cd73341b4169de4129a5dfb	F68R2_ONLY	IDENTITY	STAR_BETELGEUSE	1	71
f8bea90b79302e71e2389d947bb3e93178e4ef0f3cd73341b4169de4129a5dfb	F68R2_ONLY	IDENTITY	STAR_CANOPUS	3	71
f8bea90b79302e71e2389d947bb3e93178e4ef0f3cd73341b4169de4129a5dfb	F68R2_ONLY	IDENTITY	STAR_CAPELLA	2	71
f8bea90b79302e71e2389d947bb3e93178e4ef0f3cd73341b4169de4129a5dfb	F68R2_ONLY	IDENTITY	STAR_CAPH	1	71
f8bea90b79302e71e2389d947bb3e93178e4ef0f3cd73341b4169de4129a5dfb	F68R2_ONLY	IDENTITY	STAR_CASTOR	1	71
f8bea90b79302e71e2389d947bb3e93178e4ef0f3cd73341b4169de4129a5dfb	F68R2_ONLY	IDENTITY	STAR_DENEB	1	71
f8bea90b79302e71e2389d947bb3e93178e4ef0f3cd73341b4169de4129a5dfb	F68R2_ONLY	IDENTITY	STAR_DENEB_ALGEDI	1	71
f8bea90b79302e71e2389d947bb3e93178e4ef0f3cd73341b4169de4129a5dfb	F68R2_ONLY	IDENTITY	STAR_DENEBOLA	1	71
f8bea90b79302e71e2389d947bb3e93178e4ef0f3cd73341b4169de4129a5dfb	F68R2_ONLY	IDENTITY	STAR_DIPHDA	2	71
f8bea90b79302e71e2389d947bb3e93178e4ef0f3cd73341b4169de4129a5dfb	F68R2_ONLY	IDENTITY	STAR_DUBHE	2	71
f8bea90b79302e71e2389d947bb3e93178e4ef0f3cd73341b4169de4129a5dfb	F68R2_ONLY	IDENTITY	STAR_ELTANIN	1	71
f8bea90b79302e71e2389d947bb3e93178e4ef0f3cd73341b4169de4129a5dfb	F68R2_ONLY	IDENTITY	STAR_FOMALHAUT	2	71
f8bea90b79302e71e2389d947bb3e93178e4ef0f3cd73341b4169de4129a5dfb	F68R2_ONLY	IDENTITY	STAR_HAMAL	1	71
f8bea90b79302e71e2389d947bb3e93178e4ef0f3cd73341b4169de4129a5dfb	F68R2_ONLY	IDENTITY	STAR_KOCHAB	1	71
f8bea90b79302e71e2389d947bb3e93178e4ef0f3cd73341b4169de4129a5dfb	F68R2_ONLY	IDENTITY	STAR_MEGREZ	1	71
f8bea90b79302e71e2389d947bb3e93178e4ef0f3cd73341b4169de4129a5dfb	F68R2_ONLY	IDENTITY	STAR_MERAK	2	71
f8bea90b79302e71e2389d947bb3e93178e4ef0f3cd73341b4169de4129a5dfb	F68R2_ONLY	IDENTITY	STAR_MIRFAK	1	71
f8bea90b79302e71e2389d947bb3e93178e4ef0f3cd73341b4169de4129a5dfb	F68R2_ONLY	IDENTITY	STAR_MIZAR	1	71
f8bea90b79302e71e2389d947bb3e93178e4ef0f3cd73341b4169de4129a5dfb	F68R2_ONLY	IDENTITY	STAR_NUNKI	2	71
f8bea90b79302e71e2389d947bb3e93178e4ef0f3cd73341b4169de4129a5dfb	F68R2_ONLY	IDENTITY	STAR_PHECDA	1	71
f8bea90b79302e71e2389d947bb3e93178e4ef0f3cd73341b4169de4129a5dfb	F68R2_ONLY	IDENTITY	STAR_POLARIS	2	71
f8bea90b79302e71e2389d947bb3e93178e4ef0f3cd73341b4169de4129a5dfb	F68R2_ONLY	IDENTITY	STAR_POLLUX	2	71
f8bea90b79302e71e2389d947bb3e93178e4ef0f3cd73341b4169de4129a5dfb	F68R2_ONLY	IDENTITY	STAR_PROCYON	1	71
f8bea90b79302e71e2389d947bb3e93178e4ef0f3cd73341b4169de4129a5dfb	F68R2_ONLY	IDENTITY	STAR_RASALHAGUE	2	71
f8bea90b79302e71e2389d947bb3e93178e4ef0f3cd73341b4169de4129a5dfb	F68R2_ONLY	IDENTITY	STAR_RASTABAN	2	71
f8bea90b79302e71e2389d947bb3e93178e4ef0f3cd73341b4169de4129a5dfb	F68R2_ONLY	IDENTITY	STAR_REGULUS	1	71
f8bea90b79302e71e2389d947bb3e93178e4ef0f3cd73341b4169de4129a5dfb	F68R2_ONLY	IDENTITY	STAR_RUKBAT	3	71
f8bea90b79302e71e2389d947bb3e93178e4ef0f3cd73341b4169de4129a5dfb	F68R2_ONLY	IDENTITY	STAR_SADALMELIK	1	71
f8bea90b79302e71e2389d947bb3e93178e4ef0f3cd73341b4169de4129a5dfb	F68R2_ONLY	IDENTITY	STAR_SCHEAT	1	71
f8bea90b79302e71e2389d947bb3e93178e4ef0f3cd73341b4169de4129a5dfb	F68R2_ONLY	IDENTITY	STAR_SCHEDAR	2	71
f8bea90b79302e71e2389d947bb3e93178e4ef0f3cd73341b4169de4129a5dfb	F68R2_ONLY	IDENTITY	STAR_SHAULA	1	71
f8bea90b79302e71e2389d947bb3e93178e4ef0f3cd73341b4169de4129a5dfb	F68R2_ONLY	IDENTITY	STAR_SHERATAN	1	71
f8bea90b79302e71e2389d947bb3e93178e4ef0f3cd73341b4169de4129a5dfb	F68R2_ONLY	IDENTITY	STAR_SIRIUS	2	71
f8bea90b79302e71e2389d947bb3e93178e4ef0f3cd73341b4169de4129a5dfb	F68R2_ONLY	IDENTITY	STAR_SKAT	1	71
f8bea90b79302e71e2389d947bb3e93178e4ef0f3cd73341b4169de4129a5dfb	F68R2_ONLY	IDENTITY	STAR_SUBRA	2	71
f8bea90b79302e71e2389d947bb3e93178e4ef0f3cd73341b4169de4129a5dfb	F68R2_ONLY	IDENTITY	STAR_THUBAN	2	71
f8bea90b79302e71e2389d947bb3e93178e4ef0f3cd73341b4169de4129a5dfb	F68R2_ONLY	IDENTITY	STAR_WEZN	1	71
f8bea90b79302e71e2389d947bb3e93178e4ef0f3cd73341b4169de4129a5dfb	F68R2_ONLY	IDENTITY	STAR_ZUBENELGENUBI	2	71
f8bea90b79302e71e2389d947bb3e93178e4ef0f3cd73341b4169de4129a5dfb	F68R2_ONLY	IDENTITY	STAR_ZUBENESCHAMALI	1	71
4dc9862138b43637424f8df8616a6cc91da7a1628a22985d2a495b358b3c61b3	UNCONSTRAINED_PAGE	LABEL	STAR_f68r2_12465	49	49
4dc9862138b43637424f8df8616a6cc91da7a1628a22985d2a495b358b3c61b3	UNCONSTRAINED_PAGE	LABEL	STAR_f68r2_12486	49	49
4dc9862138b43637424f8df8616a6cc91da7a1628a22985d2a495b358b3c61b3	UNCONSTRAINED_PAGE	LABEL	STAR_f68r2_12463	49	49
4dc9862138b43637424f8df8616a6cc91da7a1628a22985d2a495b358b3c61b3	UNCONSTRAINED_PAGE	IDENTITY	STAR_ALNATH	49	49
4dc9862138b43637424f8df8616a6cc91da7a1628a22985d2a495b358b3c61b3	UNCONSTRAINED_PAGE	IDENTITY	STAR_ELTANIN	49	49
4dc9862138b43637424f8df8616a6cc91da7a1628a22985d2a495b358b3c61b3	UNCONSTRAINED_PAGE	IDENTITY	STAR_ACHERNAR	1	49
4dc9862138b43637424f8df8616a6cc91da7a1628a22985d2a495b358b3c61b3	UNCONSTRAINED_PAGE	IDENTITY	STAR_ALBIREO	2	49
4dc9862138b43637424f8df8616a6cc91da7a1628a22985d2a495b358b3c61b3	UNCONSTRAINED_PAGE	IDENTITY	STAR_ALCHIBA	1	49
4dc9862138b43637424f8df8616a6cc91da7a1628a22985d2a495b358b3c61b3	UNCONSTRAINED_PAGE	IDENTITY	STAR_ALCOR	1	49
4dc9862138b43637424f8df8616a6cc91da7a1628a22985d2a495b358b3c61b3	UNCONSTRAINED_PAGE	IDENTITY	STAR_ALDEBARAN	1	49
4dc9862138b43637424f8df8616a6cc91da7a1628a22985d2a495b358b3c61b3	UNCONSTRAINED_PAGE	IDENTITY	STAR_ALGOL	1	49
4dc9862138b43637424f8df8616a6cc91da7a1628a22985d2a495b358b3c61b3	UNCONSTRAINED_PAGE	IDENTITY	STAR_ALGORAB	2	49
4dc9862138b43637424f8df8616a6cc91da7a1628a22985d2a495b358b3c61b3	UNCONSTRAINED_PAGE	IDENTITY	STAR_ALHENA	1	49
4dc9862138b43637424f8df8616a6cc91da7a1628a22985d2a495b358b3c61b3	UNCONSTRAINED_PAGE	IDENTITY	STAR_ALIOTH	1	49
4dc9862138b43637424f8df8616a6cc91da7a1628a22985d2a495b358b3c61b3	UNCONSTRAINED_PAGE	IDENTITY	STAR_ALMACH	1	49
4dc9862138b43637424f8df8616a6cc91da7a1628a22985d2a495b358b3c61b3	UNCONSTRAINED_PAGE	IDENTITY	STAR_ALPHARD	1	49
4dc9862138b43637424f8df8616a6cc91da7a1628a22985d2a495b358b3c61b3	UNCONSTRAINED_PAGE	IDENTITY	STAR_ALRISHA	1	49
4dc9862138b43637424f8df8616a6cc91da7a1628a22985d2a495b358b3c61b3	UNCONSTRAINED_PAGE	IDENTITY	STAR_ALTAIR	2	49
4dc9862138b43637424f8df8616a6cc91da7a1628a22985d2a495b358b3c61b3	UNCONSTRAINED_PAGE	IDENTITY	STAR_ARCTURUS	1	49
4dc9862138b43637424f8df8616a6cc91da7a1628a22985d2a495b358b3c61b3	UNCONSTRAINED_PAGE	IDENTITY	STAR_CANOPUS	1	49
4dc9862138b43637424f8df8616a6cc91da7a1628a22985d2a495b358b3c61b3	UNCONSTRAINED_PAGE	IDENTITY	STAR_CAPELLA	1	49
4dc9862138b43637424f8df8616a6cc91da7a1628a22985d2a495b358b3c61b3	UNCONSTRAINED_PAGE	IDENTITY	STAR_CASTOR	1	49
4dc9862138b43637424f8df8616a6cc91da7a1628a22985d2a495b358b3c61b3	UNCONSTRAINED_PAGE	IDENTITY	STAR_DABIH	1	49
4dc9862138b43637424f8df8616a6cc91da7a1628a22985d2a495b358b3c61b3	UNCONSTRAINED_PAGE	IDENTITY	STAR_DENEB_ALGEDI	1	49
4dc9862138b43637424f8df8616a6cc91da7a1628a22985d2a495b358b3c61b3	UNCONSTRAINED_PAGE	IDENTITY	STAR_DENEBOLA	2	49
4dc9862138b43637424f8df8616a6cc91da7a1628a22985d2a495b358b3c61b3	UNCONSTRAINED_PAGE	IDENTITY	STAR_DUBHE	1	49
4dc9862138b43637424f8df8616a6cc91da7a1628a22985d2a495b358b3c61b3	UNCONSTRAINED_PAGE	IDENTITY	STAR_FOMALHAUT	2	49
4dc9862138b43637424f8df8616a6cc91da7a1628a22985d2a495b358b3c61b3	UNCONSTRAINED_PAGE	IDENTITY	STAR_IZAR	1	49
4dc9862138b43637424f8df8616a6cc91da7a1628a22985d2a495b358b3c61b3	UNCONSTRAINED_PAGE	IDENTITY	STAR_KOCHAB	2	49
4dc9862138b43637424f8df8616a6cc91da7a1628a22985d2a495b358b3c61b3	UNCONSTRAINED_PAGE	IDENTITY	STAR_MERAK	1	49
4dc9862138b43637424f8df8616a6cc91da7a1628a22985d2a495b358b3c61b3	UNCONSTRAINED_PAGE	IDENTITY	STAR_MIRACH	1	49
4dc9862138b43637424f8df8616a6cc91da7a1628a22985d2a495b358b3c61b3	UNCONSTRAINED_PAGE	IDENTITY	STAR_POLARIS	1	49
4dc9862138b43637424f8df8616a6cc91da7a1628a22985d2a495b358b3c61b3	UNCONSTRAINED_PAGE	IDENTITY	STAR_POLLUX	1	49
4dc9862138b43637424f8df8616a6cc91da7a1628a22985d2a495b358b3c61b3	UNCONSTRAINED_PAGE	IDENTITY	STAR_PORRIMA	1	49
4dc9862138b43637424f8df8616a6cc91da7a1628a22985d2a495b358b3c61b3	UNCONSTRAINED_PAGE	IDENTITY	STAR_RASTABAN	1	49
4dc9862138b43637424f8df8616a6cc91da7a1628a22985d2a495b358b3c61b3	UNCONSTRAINED_PAGE	IDENTITY	STAR_SADALMELIK	1	49
4dc9862138b43637424f8df8616a6cc91da7a1628a22985d2a495b358b3c61b3	UNCONSTRAINED_PAGE	IDENTITY	STAR_SCHEDAR	1	49
4dc9862138b43637424f8df8616a6cc91da7a1628a22985d2a495b358b3c61b3	UNCONSTRAINED_PAGE	IDENTITY	STAR_SHERATAN	1	49
4dc9862138b43637424f8df8616a6cc91da7a1628a22985d2a495b358b3c61b3	UNCONSTRAINED_PAGE	IDENTITY	STAR_SIRIUS	1	49
4dc9862138b43637424f8df8616a6cc91da7a1628a22985d2a495b358b3c61b3	UNCONSTRAINED_PAGE	IDENTITY	STAR_SUBRA	1	49
4dc9862138b43637424f8df8616a6cc91da7a1628a22985d2a495b358b3c61b3	UNCONSTRAINED_PAGE	IDENTITY	STAR_THUBAN	1	49
4dc9862138b43637424f8df8616a6cc91da7a1628a22985d2a495b358b3c61b3	UNCONSTRAINED_PAGE	IDENTITY	STAR_UNUKALHAI	1	49
4dc9862138b43637424f8df8616a6cc91da7a1628a22985d2a495b358b3c61b3	UNCONSTRAINED_PAGE	IDENTITY	STAR_WASAT	1	49
4dc9862138b43637424f8df8616a6cc91da7a1628a22985d2a495b358b3c61b3	UNCONSTRAINED_PAGE	IDENTITY	STAR_WEZN	1	49
4dc9862138b43637424f8df8616a6cc91da7a1628a22985d2a495b358b3c61b3	UNCONSTRAINED_PAGE	IDENTITY	STAR_ZOSMA	2	49
4dc9862138b43637424f8df8616a6cc91da7a1628a22985d2a495b358b3c61b3	UNCONSTRAINED_PAGE	IDENTITY	STAR_ZUBENESCHAMALI	2	49
4dc9862138b43637424f8df8616a6cc91da7a1628a22985d2a495b358b3c61b3	F68R2_ONLY	LABEL	STAR_f68r2_12465	49	49
4dc9862138b43637424f8df8616a6cc91da7a1628a22985d2a495b358b3c61b3	F68R2_ONLY	LABEL	STAR_f68r2_12486	49	49
4dc9862138b43637424f8df8616a6cc91da7a1628a22985d2a495b358b3c61b3	F68R2_ONLY	LABEL	STAR_f68r2_12463	49	49
4dc9862138b43637424f8df8616a6cc91da7a1628a22985d2a495b358b3c61b3	F68R2_ONLY	IDENTITY	STAR_ALNATH	49	49
4dc9862138b43637424f8df8616a6cc91da7a1628a22985d2a495b358b3c61b3	F68R2_ONLY	IDENTITY	STAR_ELTANIN	49	49
4dc9862138b43637424f8df8616a6cc91da7a1628a22985d2a495b358b3c61b3	F68R2_ONLY	IDENTITY	STAR_ACHERNAR	1	49
4dc9862138b43637424f8df8616a6cc91da7a1628a22985d2a495b358b3c61b3	F68R2_ONLY	IDENTITY	STAR_ALBIREO	2	49
4dc9862138b43637424f8df8616a6cc91da7a1628a22985d2a495b358b3c61b3	F68R2_ONLY	IDENTITY	STAR_ALCHIBA	1	49
4dc9862138b43637424f8df8616a6cc91da7a1628a22985d2a495b358b3c61b3	F68R2_ONLY	IDENTITY	STAR_ALCOR	1	49
4dc9862138b43637424f8df8616a6cc91da7a1628a22985d2a495b358b3c61b3	F68R2_ONLY	IDENTITY	STAR_ALDEBARAN	1	49
4dc9862138b43637424f8df8616a6cc91da7a1628a22985d2a495b358b3c61b3	F68R2_ONLY	IDENTITY	STAR_ALGOL	1	49
4dc9862138b43637424f8df8616a6cc91da7a1628a22985d2a495b358b3c61b3	F68R2_ONLY	IDENTITY	STAR_ALGORAB	2	49
4dc9862138b43637424f8df8616a6cc91da7a1628a22985d2a495b358b3c61b3	F68R2_ONLY	IDENTITY	STAR_ALHENA	1	49
4dc9862138b43637424f8df8616a6cc91da7a1628a22985d2a495b358b3c61b3	F68R2_ONLY	IDENTITY	STAR_ALIOTH	1	49
4dc9862138b43637424f8df8616a6cc91da7a1628a22985d2a495b358b3c61b3	F68R2_ONLY	IDENTITY	STAR_ALMACH	1	49
4dc9862138b43637424f8df8616a6cc91da7a1628a22985d2a495b358b3c61b3	F68R2_ONLY	IDENTITY	STAR_ALPHARD	1	49
4dc9862138b43637424f8df8616a6cc91da7a1628a22985d2a495b358b3c61b3	F68R2_ONLY	IDENTITY	STAR_ALRISHA	1	49
4dc9862138b43637424f8df8616a6cc91da7a1628a22985d2a495b358b3c61b3	F68R2_ONLY	IDENTITY	STAR_ALTAIR	2	49
4dc9862138b43637424f8df8616a6cc91da7a1628a22985d2a495b358b3c61b3	F68R2_ONLY	IDENTITY	STAR_ARCTURUS	1	49
4dc9862138b43637424f8df8616a6cc91da7a1628a22985d2a495b358b3c61b3	F68R2_ONLY	IDENTITY	STAR_CANOPUS	1	49
4dc9862138b43637424f8df8616a6cc91da7a1628a22985d2a495b358b3c61b3	F68R2_ONLY	IDENTITY	STAR_CAPELLA	1	49
4dc9862138b43637424f8df8616a6cc91da7a1628a22985d2a495b358b3c61b3	F68R2_ONLY	IDENTITY	STAR_CASTOR	1	49
4dc9862138b43637424f8df8616a6cc91da7a1628a22985d2a495b358b3c61b3	F68R2_ONLY	IDENTITY	STAR_DABIH	1	49
4dc9862138b43637424f8df8616a6cc91da7a1628a22985d2a495b358b3c61b3	F68R2_ONLY	IDENTITY	STAR_DENEB_ALGEDI	1	49
4dc9862138b43637424f8df8616a6cc91da7a1628a22985d2a495b358b3c61b3	F68R2_ONLY	IDENTITY	STAR_DENEBOLA	2	49
4dc9862138b43637424f8df8616a6cc91da7a1628a22985d2a495b358b3c61b3	F68R2_ONLY	IDENTITY	STAR_DUBHE	1	49
4dc9862138b43637424f8df8616a6cc91da7a1628a22985d2a495b358b3c61b3	F68R2_ONLY	IDENTITY	STAR_FOMALHAUT	2	49
4dc9862138b43637424f8df8616a6cc91da7a1628a22985d2a495b358b3c61b3	F68R2_ONLY	IDENTITY	STAR_IZAR	1	49
4dc9862138b43637424f8df8616a6cc91da7a1628a22985d2a495b358b3c61b3	F68R2_ONLY	IDENTITY	STAR_KOCHAB	2	49
4dc9862138b43637424f8df8616a6cc91da7a1628a22985d2a495b358b3c61b3	F68R2_ONLY	IDENTITY	STAR_MERAK	1	49
4dc9862138b43637424f8df8616a6cc91da7a1628a22985d2a495b358b3c61b3	F68R2_ONLY	IDENTITY	STAR_MIRACH	1	49
4dc9862138b43637424f8df8616a6cc91da7a1628a22985d2a495b358b3c61b3	F68R2_ONLY	IDENTITY	STAR_POLARIS	1	49
4dc9862138b43637424f8df8616a6cc91da7a1628a22985d2a495b358b3c61b3	F68R2_ONLY	IDENTITY	STAR_POLLUX	1	49
4dc9862138b43637424f8df8616a6cc91da7a1628a22985d2a495b358b3c61b3	F68R2_ONLY	IDENTITY	STAR_PORRIMA	1	49
4dc9862138b43637424f8df8616a6cc91da7a1628a22985d2a495b358b3c61b3	F68R2_ONLY	IDENTITY	STAR_RASTABAN	1	49
4dc9862138b43637424f8df8616a6cc91da7a1628a22985d2a495b358b3c61b3	F68R2_ONLY	IDENTITY	STAR_SADALMELIK	1	49
4dc9862138b43637424f8df8616a6cc91da7a1628a22985d2a495b358b3c61b3	F68R2_ONLY	IDENTITY	STAR_SCHEDAR	1	49
4dc9862138b43637424f8df8616a6cc91da7a1628a22985d2a495b358b3c61b3	F68R2_ONLY	IDENTITY	STAR_SHERATAN	1	49
4dc9862138b43637424f8df8616a6cc91da7a1628a22985d2a495b358b3c61b3	F68R2_ONLY	IDENTITY	STAR_SIRIUS	1	49
4dc9862138b43637424f8df8616a6cc91da7a1628a22985d2a495b358b3c61b3	F68R2_ONLY	IDENTITY	STAR_SUBRA	1	49
4dc9862138b43637424f8df8616a6cc91da7a1628a22985d2a495b358b3c61b3	F68R2_ONLY	IDENTITY	STAR_THUBAN	1	49
4dc9862138b43637424f8df8616a6cc91da7a1628a22985d2a495b358b3c61b3	F68R2_ONLY	IDENTITY	STAR_UNUKALHAI	1	49
4dc9862138b43637424f8df8616a6cc91da7a1628a22985d2a495b358b3c61b3	F68R2_ONLY	IDENTITY	STAR_WASAT	1	49
4dc9862138b43637424f8df8616a6cc91da7a1628a22985d2a495b358b3c61b3	F68R2_ONLY	IDENTITY	STAR_WEZN	1	49
4dc9862138b43637424f8df8616a6cc91da7a1628a22985d2a495b358b3c61b3	F68R2_ONLY	IDENTITY	STAR_ZOSMA	2	49
4dc9862138b43637424f8df8616a6cc91da7a1628a22985d2a495b358b3c61b3	F68R2_ONLY	IDENTITY	STAR_ZUBENESCHAMALI	2	49
