analysis	group	n	value	note
FOLIO	f100r	113	5.12542233	mean log_B(N+1); 2D-LITE IVTFF metadata
FOLIO	f100v	95	4.74697278	mean log_B(N+1); 2D-LITE IVTFF metadata
FOLIO	f101r	229	4.2541316	mean log_B(N+1); 2D-LITE IVTFF metadata
FOLIO	f101v	221	4.32365253	mean log_B(N+1); 2D-LITE IVTFF metadata
FOLIO	f102r1	107	5.32653052	mean log_B(N+1); 2D-LITE IVTFF metadata
FOLIO	f102r2	149	4.3464471	mean log_B(N+1); 2D-LITE IVTFF metadata
FOLIO	f102v1	129	4.9156089	mean log_B(N+1); 2D-LITE IVTFF metadata
FOLIO	f102v2	190	4.23567491	mean log_B(N+1); 2D-LITE IVTFF metadata
FOLIO	f103r	533	4.9204686	mean log_B(N+1); 2D-LITE IVTFF metadata
FOLIO	f103v	456	4.63342679	mean log_B(N+1); 2D-LITE IVTFF metadata
FOLIO	f104r	449	5.03220185	mean log_B(N+1); 2D-LITE IVTFF metadata
FOLIO	f104v	477	4.92004024	mean log_B(N+1); 2D-LITE IVTFF metadata
FOLIO	f105r	380	4.7461683	mean log_B(N+1); 2D-LITE IVTFF metadata
FOLIO	f105v	400	4.68747263	mean log_B(N+1); 2D-LITE IVTFF metadata
FOLIO	f106r	433	5.1716338	mean log_B(N+1); 2D-LITE IVTFF metadata
FOLIO	f106v	445	4.96321886	mean log_B(N+1); 2D-LITE IVTFF metadata
FOLIO	f107r	488	4.79764899	mean log_B(N+1); 2D-LITE IVTFF metadata
FOLIO	f107v	462	4.80768972	mean log_B(N+1); 2D-LITE IVTFF metadata
FOLIO	f108r	498	4.91414615	mean log_B(N+1); 2D-LITE IVTFF metadata
FOLIO	f108v	581	4.93518445	mean log_B(N+1); 2D-LITE IVTFF metadata
FOLIO	f10r	92	4.25939267	mean log_B(N+1); 2D-LITE IVTFF metadata
FOLIO	f10v	57	4.32226096	mean log_B(N+1); 2D-LITE IVTFF metadata
FOLIO	f111r	624	4.87465227	mean log_B(N+1); 2D-LITE IVTFF metadata
FOLIO	f111v	568	4.68890309	mean log_B(N+1); 2D-LITE IVTFF metadata
FOLIO	f112r	403	4.54219608	mean log_B(N+1); 2D-LITE IVTFF metadata
FOLIO	f112v	419	4.90510484	mean log_B(N+1); 2D-LITE IVTFF metadata
FOLIO	f113r	530	5.0528044	mean log_B(N+1); 2D-LITE IVTFF metadata
FOLIO	f113v	505	4.6532541	mean log_B(N+1); 2D-LITE IVTFF metadata
FOLIO	f114r	462	5.00178692	mean log_B(N+1); 2D-LITE IVTFF metadata
FOLIO	f114v	377	5.20021344	mean log_B(N+1); 2D-LITE IVTFF metadata
FOLIO	f115r	463	4.88023562	mean log_B(N+1); 2D-LITE IVTFF metadata
FOLIO	f115v	411	5.15224635	mean log_B(N+1); 2D-LITE IVTFF metadata
FOLIO	f116r	560	4.21554199	mean log_B(N+1); 2D-LITE IVTFF metadata
FOLIO	f116v	2	4.36897793	mean log_B(N+1); 2D-LITE IVTFF metadata
FOLIO	f11r	61	3.73215661	mean log_B(N+1); 2D-LITE IVTFF metadata
FOLIO	f11v	50	3.81270722	mean log_B(N+1); 2D-LITE IVTFF metadata
FOLIO	f13r	78	4.21221113	mean log_B(N+1); 2D-LITE IVTFF metadata
FOLIO	f13v	69	3.91166956	mean log_B(N+1); 2D-LITE IVTFF metadata
FOLIO	f14r	76	4.23050021	mean log_B(N+1); 2D-LITE IVTFF metadata
FOLIO	f14v	75	4.01192466	mean log_B(N+1); 2D-LITE IVTFF metadata
FOLIO	f15r	94	4.25552489	mean log_B(N+1); 2D-LITE IVTFF metadata
FOLIO	f15v	71	3.85717466	mean log_B(N+1); 2D-LITE IVTFF metadata
FOLIO	f16r	84	4.23346881	mean log_B(N+1); 2D-LITE IVTFF metadata
FOLIO	f16v	76	4.31918736	mean log_B(N+1); 2D-LITE IVTFF metadata
FOLIO	f17r	81	4.35573755	mean log_B(N+1); 2D-LITE IVTFF metadata
FOLIO	f17v	136	4.33264178	mean log_B(N+1); 2D-LITE IVTFF metadata
FOLIO	f18r	86	4.38167081	mean log_B(N+1); 2D-LITE IVTFF metadata
FOLIO	f18v	69	4.00891822	mean log_B(N+1); 2D-LITE IVTFF metadata
FOLIO	f19r	77	4.01586022	mean log_B(N+1); 2D-LITE IVTFF metadata
FOLIO	f19v	78	4.37404254	mean log_B(N+1); 2D-LITE IVTFF metadata
FOLIO	f1r	219	4.11407456	mean log_B(N+1); 2D-LITE IVTFF metadata
FOLIO	f1v	92	3.80307173	mean log_B(N+1); 2D-LITE IVTFF metadata
FOLIO	f20r	88	4.95644302	mean log_B(N+1); 2D-LITE IVTFF metadata
FOLIO	f20v	86	4.08857899	mean log_B(N+1); 2D-LITE IVTFF metadata
FOLIO	f21r	104	4.45254246	mean log_B(N+1); 2D-LITE IVTFF metadata
FOLIO	f21v	58	4.44754608	mean log_B(N+1); 2D-LITE IVTFF metadata
FOLIO	f22r	112	4.17721849	mean log_B(N+1); 2D-LITE IVTFF metadata
FOLIO	f22v	78	4.53187247	mean log_B(N+1); 2D-LITE IVTFF metadata
FOLIO	f23r	110	3.90208835	mean log_B(N+1); 2D-LITE IVTFF metadata
FOLIO	f23v	95	3.92975359	mean log_B(N+1); 2D-LITE IVTFF metadata
FOLIO	f24r	112	3.70104436	mean log_B(N+1); 2D-LITE IVTFF metadata
FOLIO	f24v	86	4.3212338	mean log_B(N+1); 2D-LITE IVTFF metadata
FOLIO	f25r	47	4.91433311	mean log_B(N+1); 2D-LITE IVTFF metadata
FOLIO	f25v	60	4.34116399	mean log_B(N+1); 2D-LITE IVTFF metadata
FOLIO	f26r	90	4.41620454	mean log_B(N+1); 2D-LITE IVTFF metadata
FOLIO	f26v	95	4.49493156	mean log_B(N+1); 2D-LITE IVTFF metadata
FOLIO	f27r	95	3.57214493	mean log_B(N+1); 2D-LITE IVTFF metadata
FOLIO	f27v	61	4.29150104	mean log_B(N+1); 2D-LITE IVTFF metadata
FOLIO	f28r	68	4.70720279	mean log_B(N+1); 2D-LITE IVTFF metadata
FOLIO	f28v	68	4.06984552	mean log_B(N+1); 2D-LITE IVTFF metadata
FOLIO	f29r	65	4.31376131	mean log_B(N+1); 2D-LITE IVTFF metadata
FOLIO	f29v	94	4.15354139	mean log_B(N+1); 2D-LITE IVTFF metadata
FOLIO	f2r	109	3.86162707	mean log_B(N+1); 2D-LITE IVTFF metadata
FOLIO	f2v	61	4.19692796	mean log_B(N+1); 2D-LITE IVTFF metadata
FOLIO	f30r	99	4.45075317	mean log_B(N+1); 2D-LITE IVTFF metadata
FOLIO	f30v	65	4.74870676	mean log_B(N+1); 2D-LITE IVTFF metadata
FOLIO	f31r	103	4.6438832	mean log_B(N+1); 2D-LITE IVTFF metadata
FOLIO	f31v	110	4.42189716	mean log_B(N+1); 2D-LITE IVTFF metadata
FOLIO	f32r	76	4.27653415	mean log_B(N+1); 2D-LITE IVTFF metadata
FOLIO	f32v	89	3.7862251	mean log_B(N+1); 2D-LITE IVTFF metadata
FOLIO	f33r	74	4.48327495	mean log_B(N+1); 2D-LITE IVTFF metadata
FOLIO	f33v	114	3.45107546	mean log_B(N+1); 2D-LITE IVTFF metadata
FOLIO	f34r	150	4.04277319	mean log_B(N+1); 2D-LITE IVTFF metadata
FOLIO	f34v	118	4.57858166	mean log_B(N+1); 2D-LITE IVTFF metadata
FOLIO	f35r	96	4.24949672	mean log_B(N+1); 2D-LITE IVTFF metadata
FOLIO	f35v	91	4.18774537	mean log_B(N+1); 2D-LITE IVTFF metadata
FOLIO	f36r	65	3.92840788	mean log_B(N+1); 2D-LITE IVTFF metadata
FOLIO	f36v	76	4.16914896	mean log_B(N+1); 2D-LITE IVTFF metadata
FOLIO	f37r	79	4.42087329	mean log_B(N+1); 2D-LITE IVTFF metadata
FOLIO	f37v	90	4.69961028	mean log_B(N+1); 2D-LITE IVTFF metadata
FOLIO	f38r	44	4.0699215	mean log_B(N+1); 2D-LITE IVTFF metadata
FOLIO	f38v	67	3.54367625	mean log_B(N+1); 2D-LITE IVTFF metadata
FOLIO	f39r	159	4.36318947	mean log_B(N+1); 2D-LITE IVTFF metadata
FOLIO	f39v	146	3.85421883	mean log_B(N+1); 2D-LITE IVTFF metadata
FOLIO	f3r	114	4.59440771	mean log_B(N+1); 2D-LITE IVTFF metadata
FOLIO	f3v	85	4.16890795	mean log_B(N+1); 2D-LITE IVTFF metadata
FOLIO	f40r	104	3.74540537	mean log_B(N+1); 2D-LITE IVTFF metadata
FOLIO	f40v	105	4.45505479	mean log_B(N+1); 2D-LITE IVTFF metadata
FOLIO	f41r	97	5.20685095	mean log_B(N+1); 2D-LITE IVTFF metadata
FOLIO	f41v	66	5.06772786	mean log_B(N+1); 2D-LITE IVTFF metadata
FOLIO	f42r	145	4.30299589	mean log_B(N+1); 2D-LITE IVTFF metadata
FOLIO	f42v	117	3.96885451	mean log_B(N+1); 2D-LITE IVTFF metadata
FOLIO	f43r	153	4.60900567	mean log_B(N+1); 2D-LITE IVTFF metadata
FOLIO	f43v	152	4.60742909	mean log_B(N+1); 2D-LITE IVTFF metadata
FOLIO	f44r	74	4.66001145	mean log_B(N+1); 2D-LITE IVTFF metadata
FOLIO	f44v	100	4.24986487	mean log_B(N+1); 2D-LITE IVTFF metadata
FOLIO	f45r	89	4.18761065	mean log_B(N+1); 2D-LITE IVTFF metadata
FOLIO	f45v	85	3.94182206	mean log_B(N+1); 2D-LITE IVTFF metadata
FOLIO	f46r	163	4.48269401	mean log_B(N+1); 2D-LITE IVTFF metadata
FOLIO	f46v	112	4.49389195	mean log_B(N+1); 2D-LITE IVTFF metadata
FOLIO	f47r	77	4.06101259	mean log_B(N+1); 2D-LITE IVTFF metadata
FOLIO	f47v	85	4.1367749	mean log_B(N+1); 2D-LITE IVTFF metadata
FOLIO	f48r	90	4.91783842	mean log_B(N+1); 2D-LITE IVTFF metadata
FOLIO	f48v	128	4.22698545	mean log_B(N+1); 2D-LITE IVTFF metadata
FOLIO	f49r	120	4.23007559	mean log_B(N+1); 2D-LITE IVTFF metadata
FOLIO	f49v	163	4.2825235	mean log_B(N+1); 2D-LITE IVTFF metadata
FOLIO	f4r	64	4.65586436	mean log_B(N+1); 2D-LITE IVTFF metadata
FOLIO	f4v	84	4.62922906	mean log_B(N+1); 2D-LITE IVTFF metadata
FOLIO	f50r	93	4.71525625	mean log_B(N+1); 2D-LITE IVTFF metadata
FOLIO	f50v	101	4.68058706	mean log_B(N+1); 2D-LITE IVTFF metadata
FOLIO	f51r	89	5.01594866	mean log_B(N+1); 2D-LITE IVTFF metadata
FOLIO	f51v	82	4.87777247	mean log_B(N+1); 2D-LITE IVTFF metadata
FOLIO	f52r	70	4.35216138	mean log_B(N+1); 2D-LITE IVTFF metadata
FOLIO	f52v	78	4.52425886	mean log_B(N+1); 2D-LITE IVTFF metadata
FOLIO	f53r	61	4.07462233	mean log_B(N+1); 2D-LITE IVTFF metadata
FOLIO	f53v	73	5.08300546	mean log_B(N+1); 2D-LITE IVTFF metadata
FOLIO	f54r	110	3.75643667	mean log_B(N+1); 2D-LITE IVTFF metadata
FOLIO	f54v	93	4.13025675	mean log_B(N+1); 2D-LITE IVTFF metadata
FOLIO	f55r	125	4.02558507	mean log_B(N+1); 2D-LITE IVTFF metadata
FOLIO	f55v	106	4.00092186	mean log_B(N+1); 2D-LITE IVTFF metadata
FOLIO	f56r	105	4.23156046	mean log_B(N+1); 2D-LITE IVTFF metadata
FOLIO	f56v	91	4.42259849	mean log_B(N+1); 2D-LITE IVTFF metadata
FOLIO	f57r	87	5.16294291	mean log_B(N+1); 2D-LITE IVTFF metadata
FOLIO	f57v	183	2.20000331	mean log_B(N+1); 2D-LITE IVTFF metadata
FOLIO	f58r	379	4.62299998	mean log_B(N+1); 2D-LITE IVTFF metadata
FOLIO	f58v	380	4.36774838	mean log_B(N+1); 2D-LITE IVTFF metadata
FOLIO	f5r	55	4.49938999	mean log_B(N+1); 2D-LITE IVTFF metadata
FOLIO	f5v	50	4.2485357	mean log_B(N+1); 2D-LITE IVTFF metadata
FOLIO	f65r	3	3.30842942	mean log_B(N+1); 2D-LITE IVTFF metadata
FOLIO	f65v	45	4.46153502	mean log_B(N+1); 2D-LITE IVTFF metadata
FOLIO	f66r	346	4.53260629	mean log_B(N+1); 2D-LITE IVTFF metadata
FOLIO	f66v	114	4.80888651	mean log_B(N+1); 2D-LITE IVTFF metadata
FOLIO	f67r1	167	4.38316129	mean log_B(N+1); 2D-LITE IVTFF metadata
FOLIO	f67r2	191	4.30766461	mean log_B(N+1); 2D-LITE IVTFF metadata
FOLIO	f67v1	73	5.32592299	mean log_B(N+1); 2D-LITE IVTFF metadata
FOLIO	f67v2	64	4.42088947	mean log_B(N+1); 2D-LITE IVTFF metadata
FOLIO	f68r1	67	5.5530701	mean log_B(N+1); 2D-LITE IVTFF metadata
FOLIO	f68r2	83	5.33785162	mean log_B(N+1); 2D-LITE IVTFF metadata
FOLIO	f68r3	109	4.95730843	mean log_B(N+1); 2D-LITE IVTFF metadata
FOLIO	f68v1	98	4.37801187	mean log_B(N+1); 2D-LITE IVTFF metadata
FOLIO	f68v2	103	5.05801303	mean log_B(N+1); 2D-LITE IVTFF metadata
FOLIO	f68v3	171	4.55240811	mean log_B(N+1); 2D-LITE IVTFF metadata
FOLIO	f69r	159	3.99145052	mean log_B(N+1); 2D-LITE IVTFF metadata
FOLIO	f69v	142	3.95721527	mean log_B(N+1); 2D-LITE IVTFF metadata
FOLIO	f6r	86	4.17755617	mean log_B(N+1); 2D-LITE IVTFF metadata
FOLIO	f6v	117	4.01565854	mean log_B(N+1); 2D-LITE IVTFF metadata
FOLIO	f70r1	112	4.53616619	mean log_B(N+1); 2D-LITE IVTFF metadata
FOLIO	f70r2	247	4.11318007	mean log_B(N+1); 2D-LITE IVTFF metadata
FOLIO	f70v1	87	5.00349765	mean log_B(N+1); 2D-LITE IVTFF metadata
FOLIO	f70v2	133	4.64870079	mean log_B(N+1); 2D-LITE IVTFF metadata
FOLIO	f71r	90	5.03020066	mean log_B(N+1); 2D-LITE IVTFF metadata
FOLIO	f71v	100	4.47807176	mean log_B(N+1); 2D-LITE IVTFF metadata
FOLIO	f72r1	106	4.62186131	mean log_B(N+1); 2D-LITE IVTFF metadata
FOLIO	f72r2	114	4.49887231	mean log_B(N+1); 2D-LITE IVTFF metadata
FOLIO	f72r3	167	4.87389944	mean log_B(N+1); 2D-LITE IVTFF metadata
FOLIO	f72v1	108	4.75143057	mean log_B(N+1); 2D-LITE IVTFF metadata
FOLIO	f72v2	110	5.04704639	mean log_B(N+1); 2D-LITE IVTFF metadata
FOLIO	f72v3	120	5.32706279	mean log_B(N+1); 2D-LITE IVTFF metadata
FOLIO	f73r	96	5.06876211	mean log_B(N+1); 2D-LITE IVTFF metadata
FOLIO	f73v	99	4.8412356	mean log_B(N+1); 2D-LITE IVTFF metadata
FOLIO	f75r	418	4.50588985	mean log_B(N+1); 2D-LITE IVTFF metadata
FOLIO	f75v	359	4.41908475	mean log_B(N+1); 2D-LITE IVTFF metadata
FOLIO	f76r	569	4.44108074	mean log_B(N+1); 2D-LITE IVTFF metadata
FOLIO	f76v	400	4.97491036	mean log_B(N+1); 2D-LITE IVTFF metadata
FOLIO	f77r	332	5.02779166	mean log_B(N+1); 2D-LITE IVTFF metadata
FOLIO	f77v	333	4.83303041	mean log_B(N+1); 2D-LITE IVTFF metadata
FOLIO	f78r	300	4.47817811	mean log_B(N+1); 2D-LITE IVTFF metadata
FOLIO	f78v	297	4.28940264	mean log_B(N+1); 2D-LITE IVTFF metadata
FOLIO	f79r	384	4.60161874	mean log_B(N+1); 2D-LITE IVTFF metadata
FOLIO	f79v	356	4.81268587	mean log_B(N+1); 2D-LITE IVTFF metadata
FOLIO	f7r	66	4.82682784	mean log_B(N+1); 2D-LITE IVTFF metadata
FOLIO	f7v	78	4.24339832	mean log_B(N+1); 2D-LITE IVTFF metadata
FOLIO	f80r	449	4.72523965	mean log_B(N+1); 2D-LITE IVTFF metadata
FOLIO	f80v	376	4.60504899	mean log_B(N+1); 2D-LITE IVTFF metadata
FOLIO	f81r	210	4.41927993	mean log_B(N+1); 2D-LITE IVTFF metadata
FOLIO	f81v	257	4.48246272	mean log_B(N+1); 2D-LITE IVTFF metadata
FOLIO	f82r	292	5.11127462	mean log_B(N+1); 2D-LITE IVTFF metadata
FOLIO	f82v	322	4.8690113	mean log_B(N+1); 2D-LITE IVTFF metadata
FOLIO	f83r	348	5.06835041	mean log_B(N+1); 2D-LITE IVTFF metadata
FOLIO	f83v	262	5.01922495	mean log_B(N+1); 2D-LITE IVTFF metadata
FOLIO	f84r	369	4.57344081	mean log_B(N+1); 2D-LITE IVTFF metadata
FOLIO	f84v	344	4.48634192	mean log_B(N+1); 2D-LITE IVTFF metadata
FOLIO	f85r1	348	4.8347311	mean log_B(N+1); 2D-LITE IVTFF metadata
FOLIO	f85r2	157	4.71286458	mean log_B(N+1); 2D-LITE IVTFF metadata
FOLIO	f86v3	286	4.94777581	mean log_B(N+1); 2D-LITE IVTFF metadata
FOLIO	f86v4	192	4.47288999	mean log_B(N+1); 2D-LITE IVTFF metadata
FOLIO	f86v5	390	4.3333555	mean log_B(N+1); 2D-LITE IVTFF metadata
FOLIO	f86v6	494	4.56523151	mean log_B(N+1); 2D-LITE IVTFF metadata
FOLIO	f87r	103	5.0015668	mean log_B(N+1); 2D-LITE IVTFF metadata
FOLIO	f87v	92	4.68012936	mean log_B(N+1); 2D-LITE IVTFF metadata
FOLIO	f88r	150	4.41571602	mean log_B(N+1); 2D-LITE IVTFF metadata
FOLIO	f88v	146	5.18703326	mean log_B(N+1); 2D-LITE IVTFF metadata
FOLIO	f89r1	141	4.64667169	mean log_B(N+1); 2D-LITE IVTFF metadata
FOLIO	f89r2	235	4.63293156	mean log_B(N+1); 2D-LITE IVTFF metadata
FOLIO	f89v1	154	4.72512459	mean log_B(N+1); 2D-LITE IVTFF metadata
FOLIO	f89v2	183	4.20929215	mean log_B(N+1); 2D-LITE IVTFF metadata
FOLIO	f8r	153	4.16215538	mean log_B(N+1); 2D-LITE IVTFF metadata
FOLIO	f8v	120	4.25741123	mean log_B(N+1); 2D-LITE IVTFF metadata
FOLIO	f90r1	69	4.93330866	mean log_B(N+1); 2D-LITE IVTFF metadata
FOLIO	f90r2	47	4.24276026	mean log_B(N+1); 2D-LITE IVTFF metadata
FOLIO	f90v1	98	4.75994385	mean log_B(N+1); 2D-LITE IVTFF metadata
FOLIO	f90v2	70	4.53322969	mean log_B(N+1); 2D-LITE IVTFF metadata
FOLIO	f93r	153	4.61343974	mean log_B(N+1); 2D-LITE IVTFF metadata
FOLIO	f93v	90	4.87974812	mean log_B(N+1); 2D-LITE IVTFF metadata
FOLIO	f94r	79	4.66858702	mean log_B(N+1); 2D-LITE IVTFF metadata
FOLIO	f94v	97	4.68800304	mean log_B(N+1); 2D-LITE IVTFF metadata
FOLIO	f95r1	103	4.64176976	mean log_B(N+1); 2D-LITE IVTFF metadata
FOLIO	f95r2	79	4.51807519	mean log_B(N+1); 2D-LITE IVTFF metadata
FOLIO	f95v1	120	4.80222941	mean log_B(N+1); 2D-LITE IVTFF metadata
FOLIO	f95v2	60	4.79884645	mean log_B(N+1); 2D-LITE IVTFF metadata
FOLIO	f96r	84	4.97388666	mean log_B(N+1); 2D-LITE IVTFF metadata
FOLIO	f96v	56	5.39345634	mean log_B(N+1); 2D-LITE IVTFF metadata
FOLIO	f99r	194	4.59931077	mean log_B(N+1); 2D-LITE IVTFF metadata
FOLIO	f99v	178	4.88814081	mean log_B(N+1); 2D-LITE IVTFF metadata
FOLIO	f9r	86	4.29366071	mean log_B(N+1); 2D-LITE IVTFF metadata
FOLIO	f9v	86	4.16361619	mean log_B(N+1); 2D-LITE IVTFF metadata
FOLIO	fRos	548	4.46242589	mean log_B(N+1); 2D-LITE IVTFF metadata
SECTION	A	891	4.76880893	mean log_B(N+1); 2D-LITE IVTFF metadata
SECTION	B	6408	4.70341105	mean log_B(N+1); 2D-LITE IVTFF metadata
SECTION	C	2261	4.26526249	mean log_B(N+1); 2D-LITE IVTFF metadata
SECTION	H	11650	4.34947421	mean log_B(N+1); 2D-LITE IVTFF metadata
SECTION	P	2614	4.60605147	mean log_B(N+1); 2D-LITE IVTFF metadata
SECTION	S	11683	4.82623831	mean log_B(N+1); 2D-LITE IVTFF metadata
SECTION	T	2368	4.49015897	mean log_B(N+1); 2D-LITE IVTFF metadata
SECTION	Z	1330	4.84533632	mean log_B(N+1); 2D-LITE IVTFF metadata
LOCUS_TYPE	C	2396	4.33288776	mean log_B(N+1); 2D-LITE IVTFF metadata
LOCUS_TYPE	L	1211	4.87547962	mean log_B(N+1); 2D-LITE IVTFF metadata
LOCUS_TYPE	P	35239	4.60327501	mean log_B(N+1); 2D-LITE IVTFF metadata
LOCUS_TYPE	R	359	4.74969723	mean log_B(N+1); 2D-LITE IVTFF metadata
LINE_POSITION_TERTILE	END	10921	4.26354635	mean log_B(N+1); 2D-LITE IVTFF metadata
LINE_POSITION_TERTILE	MIDDLE	18507	4.64587033	mean log_B(N+1); 2D-LITE IVTFF metadata
LINE_POSITION_TERTILE	START	9777	4.87495574	mean log_B(N+1); 2D-LITE IVTFF metadata
N1_DIGIT_LENGTH_DISTRIBUTION	BIN_1	1556	0.0396888152	exact token character length
N1_DIGIT_LENGTH_DISTRIBUTION	BIN_2	2591	0.0660885091	exact token character length
N1_DIGIT_LENGTH_DISTRIBUTION	BIN_3	3636	0.0927432725	exact token character length
N1_DIGIT_LENGTH_DISTRIBUTION	BIN_4	6994	0.178395613	exact token character length
N1_DIGIT_LENGTH_DISTRIBUTION	BIN_5	9576	0.244254559	exact token character length
N1_DIGIT_LENGTH_DISTRIBUTION	BIN_6	7527	0.191990817	exact token character length
N1_DIGIT_LENGTH_DISTRIBUTION	BIN_7	4460	0.113761	exact token character length
N1_DIGIT_LENGTH_DISTRIBUTION	BIN_8	1861	0.0474684351	exact token character length
N1_DIGIT_LENGTH_DISTRIBUTION	BIN_9	696	0.0177528376	exact token character length
N1_DIGIT_LENGTH_DISTRIBUTION	BIN_10	209	0.00533095268	exact token character length
N1_DIGIT_LENGTH_DISTRIBUTION	BIN_11	63	0.00160693789	exact token character length
N1_DIGIT_LENGTH_DISTRIBUTION	BIN_12	26	0.000663180717	exact token character length
N1_DIGIT_LENGTH_DISTRIBUTION	BIN_13	9	0.000229562556	exact token character length
N1_DIGIT_LENGTH_DISTRIBUTION	BIN_14	1	2.55069506e-05	exact token character length
N1_LOG_B_N_PLUS_1_DISTRIBUTION	BIN_0	2338	0.0596352506	unit-width floor(log_B(N+1)) bin
N1_LOG_B_N_PLUS_1_DISTRIBUTION	BIN_1	2115	0.0539472006	unit-width floor(log_B(N+1)) bin
N1_LOG_B_N_PLUS_1_DISTRIBUTION	BIN_2	4030	0.102793011	unit-width floor(log_B(N+1)) bin
N1_LOG_B_N_PLUS_1_DISTRIBUTION	BIN_3	6470	0.165029971	unit-width floor(log_B(N+1)) bin
N1_LOG_B_N_PLUS_1_DISTRIBUTION	BIN_4	9516	0.242724142	unit-width floor(log_B(N+1)) bin
N1_LOG_B_N_PLUS_1_DISTRIBUTION	BIN_5	7465	0.190409387	unit-width floor(log_B(N+1)) bin
N1_LOG_B_N_PLUS_1_DISTRIBUTION	BIN_6	4422	0.112791736	unit-width floor(log_B(N+1)) bin
N1_LOG_B_N_PLUS_1_DISTRIBUTION	BIN_7	1852	0.0472388726	unit-width floor(log_B(N+1)) bin
N1_LOG_B_N_PLUS_1_DISTRIBUTION	BIN_8	694	0.0177018237	unit-width floor(log_B(N+1)) bin
N1_LOG_B_N_PLUS_1_DISTRIBUTION	BIN_9	205	0.00522892488	unit-width floor(log_B(N+1)) bin
N1_LOG_B_N_PLUS_1_DISTRIBUTION	BIN_10	63	0.00160693789	unit-width floor(log_B(N+1)) bin
N1_LOG_B_N_PLUS_1_DISTRIBUTION	BIN_11	25	0.000637673766	unit-width floor(log_B(N+1)) bin
N1_LOG_B_N_PLUS_1_DISTRIBUTION	BIN_12	9	0.000229562556	unit-width floor(log_B(N+1)) bin
N1_LOG_B_N_PLUS_1_DISTRIBUTION	BIN_13	1	2.55069506e-05	unit-width floor(log_B(N+1)) bin
N1_ADJACENT_LENGTH_DIFF_DISTRIBUTION	BIN_0	6299	0.186201188	absolute adjacent digit-length difference
N1_ADJACENT_LENGTH_DIFF_DISTRIBUTION	BIN_1	10802	0.319311833	absolute adjacent digit-length difference
N1_ADJACENT_LENGTH_DIFF_DISTRIBUTION	BIN_2	7579	0.224038547	absolute adjacent digit-length difference
N1_ADJACENT_LENGTH_DIFF_DISTRIBUTION	BIN_3	4722	0.13958438	absolute adjacent digit-length difference
N1_ADJACENT_LENGTH_DIFF_DISTRIBUTION	BIN_4	2548	0.0753199917	absolute adjacent digit-length difference
N1_ADJACENT_LENGTH_DIFF_DISTRIBUTION	BIN_5	1159	0.0342605457	absolute adjacent digit-length difference
N1_ADJACENT_LENGTH_DIFF_DISTRIBUTION	BIN_6	469	0.0138638446	absolute adjacent digit-length difference
N1_ADJACENT_LENGTH_DIFF_DISTRIBUTION	BIN_7	165	0.00487747199	absolute adjacent digit-length difference
N1_ADJACENT_LENGTH_DIFF_DISTRIBUTION	BIN_8	65	0.00192142836	absolute adjacent digit-length difference
N1_ADJACENT_LENGTH_DIFF_DISTRIBUTION	BIN_9	17	0.000502527417	absolute adjacent digit-length difference
N1_ADJACENT_LENGTH_DIFF_DISTRIBUTION	BIN_10	2	5.91208726e-05	absolute adjacent digit-length difference
N1_ADJACENT_LENGTH_DIFF_DISTRIBUTION	BIN_11	1	2.95604363e-05	absolute adjacent digit-length difference
N1_ADJACENT_LENGTH_DIFF_DISTRIBUTION	BIN_12	1	2.95604363e-05	absolute adjacent digit-length difference
N2_NORMALIZED_ABS_DELTA_DISTRIBUTION	BIN_0	2340	0.069171421	ten fixed bins over |delta|/(|N_i|+|N_j|+1)
N2_NORMALIZED_ABS_DELTA_DISTRIBUTION	BIN_1	1062	0.0313931834	ten fixed bins over |delta|/(|N_i|+|N_j|+1)
N2_NORMALIZED_ABS_DELTA_DISTRIBUTION	BIN_2	462	0.0136569216	ten fixed bins over |delta|/(|N_i|+|N_j|+1)
N2_NORMALIZED_ABS_DELTA_DISTRIBUTION	BIN_3	145	0.00428626327	ten fixed bins over |delta|/(|N_i|+|N_j|+1)
N2_NORMALIZED_ABS_DELTA_DISTRIBUTION	BIN_4	174	0.00514351592	ten fixed bins over |delta|/(|N_i|+|N_j|+1)
N2_NORMALIZED_ABS_DELTA_DISTRIBUTION	BIN_5	1077	0.0318365899	ten fixed bins over |delta|/(|N_i|+|N_j|+1)
N2_NORMALIZED_ABS_DELTA_DISTRIBUTION	BIN_6	1088	0.0321617547	ten fixed bins over |delta|/(|N_i|+|N_j|+1)
N2_NORMALIZED_ABS_DELTA_DISTRIBUTION	BIN_7	1641	0.048508676	ten fixed bins over |delta|/(|N_i|+|N_j|+1)
N2_NORMALIZED_ABS_DELTA_DISTRIBUTION	BIN_8	1100	0.0325164799	ten fixed bins over |delta|/(|N_i|+|N_j|+1)
N2_NORMALIZED_ABS_DELTA_DISTRIBUTION	BIN_9	24740	0.731325194	ten fixed bins over |delta|/(|N_i|+|N_j|+1)
MOD_2	RESIDUE_0	19329	0.493023849	frozen modulus; value is residue frequency
MOD_2	RESIDUE_1	19876	0.506976151	frozen modulus; value is residue frequency
MOD_2_TRANSITIONS	SAME_RESIDUE	33829	0.504389725	adjacent within-line residue transition concentration
MOD_2_LINE_POSITION_START	RESIDUE_0	4916	0.502812724	residue dependence on frozen line-position class
MOD_2_LINE_POSITION_START	RESIDUE_1	4861	0.497187276	residue dependence on frozen line-position class
MOD_2_LINE_POSITION_MIDDLE	RESIDUE_0	9060	0.489544497	residue dependence on frozen line-position class
MOD_2_LINE_POSITION_MIDDLE	RESIDUE_1	9447	0.510455503	residue dependence on frozen line-position class
MOD_2_LINE_POSITION_END	RESIDUE_0	5353	0.490156579	residue dependence on frozen line-position class
MOD_2_LINE_POSITION_END	RESIDUE_1	5568	0.509843421	residue dependence on frozen line-position class
MOD_3	RESIDUE_0	11799	0.300956511	frozen modulus; value is residue frequency
MOD_3	RESIDUE_1	12293	0.313556944	frozen modulus; value is residue frequency
MOD_3	RESIDUE_2	15113	0.385486545	frozen modulus; value is residue frequency
MOD_3_TRANSITIONS	SAME_RESIDUE	33829	0.341304798	adjacent within-line residue transition concentration
MOD_3_LINE_POSITION_START	RESIDUE_0	2871	0.293648358	residue dependence on frozen line-position class
MOD_3_LINE_POSITION_START	RESIDUE_1	3221	0.329446661	residue dependence on frozen line-position class
MOD_3_LINE_POSITION_START	RESIDUE_2	3685	0.376904981	residue dependence on frozen line-position class
MOD_3_LINE_POSITION_MIDDLE	RESIDUE_0	5559	0.300372832	residue dependence on frozen line-position class
MOD_3_LINE_POSITION_MIDDLE	RESIDUE_1	5758	0.31112552	residue dependence on frozen line-position class
MOD_3_LINE_POSITION_MIDDLE	RESIDUE_2	7190	0.388501648	residue dependence on frozen line-position class
MOD_3_LINE_POSITION_END	RESIDUE_0	3369	0.308488234	residue dependence on frozen line-position class
MOD_3_LINE_POSITION_END	RESIDUE_1	3314	0.303452065	residue dependence on frozen line-position class
MOD_3_LINE_POSITION_END	RESIDUE_2	4238	0.388059701	residue dependence on frozen line-position class
MOD_4	RESIDUE_0	9899	0.252493304	frozen modulus; value is residue frequency
MOD_4	RESIDUE_1	9193	0.234485397	frozen modulus; value is residue frequency
MOD_4	RESIDUE_2	9430	0.240530545	frozen modulus; value is residue frequency
MOD_4	RESIDUE_3	10683	0.272490754	frozen modulus; value is residue frequency
MOD_4_TRANSITIONS	SAME_RESIDUE	33829	0.257648763	adjacent within-line residue transition concentration
MOD_4_LINE_POSITION_START	RESIDUE_0	2605	0.266441649	residue dependence on frozen line-position class
MOD_4_LINE_POSITION_START	RESIDUE_1	2197	0.224711057	residue dependence on frozen line-position class
MOD_4_LINE_POSITION_START	RESIDUE_2	2311	0.236371075	residue dependence on frozen line-position class
MOD_4_LINE_POSITION_START	RESIDUE_3	2664	0.27247622	residue dependence on frozen line-position class
MOD_4_LINE_POSITION_MIDDLE	RESIDUE_0	4533	0.244934349	residue dependence on frozen line-position class
MOD_4_LINE_POSITION_MIDDLE	RESIDUE_1	4345	0.234776031	residue dependence on frozen line-position class
MOD_4_LINE_POSITION_MIDDLE	RESIDUE_2	4527	0.244610148	residue dependence on frozen line-position class
MOD_4_LINE_POSITION_MIDDLE	RESIDUE_3	5102	0.275679473	residue dependence on frozen line-position class
MOD_4_LINE_POSITION_END	RESIDUE_0	2761	0.252815676	residue dependence on frozen line-position class
MOD_4_LINE_POSITION_END	RESIDUE_1	2651	0.242743339	residue dependence on frozen line-position class
MOD_4_LINE_POSITION_END	RESIDUE_2	2592	0.237340903	residue dependence on frozen line-position class
MOD_4_LINE_POSITION_END	RESIDUE_3	2917	0.267100082	residue dependence on frozen line-position class
MOD_5	RESIDUE_0	305	0.00777961995	frozen modulus; value is residue frequency
MOD_5	RESIDUE_1	6182	0.157683969	frozen modulus; value is residue frequency
MOD_5	RESIDUE_2	7124	0.181711516	frozen modulus; value is residue frequency
MOD_5	RESIDUE_3	23986	0.611809718	frozen modulus; value is residue frequency
MOD_5	RESIDUE_4	1608	0.0410151766	frozen modulus; value is residue frequency
MOD_5_TRANSITIONS	SAME_RESIDUE	33829	0.469626652	adjacent within-line residue transition concentration
MOD_5_LINE_POSITION_START	RESIDUE_0	91	0.00930755856	residue dependence on frozen line-position class
MOD_5_LINE_POSITION_START	RESIDUE_1	1510	0.154444104	residue dependence on frozen line-position class
MOD_5_LINE_POSITION_START	RESIDUE_2	1919	0.196276977	residue dependence on frozen line-position class
MOD_5_LINE_POSITION_START	RESIDUE_3	5688	0.58177355	residue dependence on frozen line-position class
MOD_5_LINE_POSITION_START	RESIDUE_4	569	0.0581978112	residue dependence on frozen line-position class
MOD_5_LINE_POSITION_MIDDLE	RESIDUE_0	123	0.0066461339	residue dependence on frozen line-position class
MOD_5_LINE_POSITION_MIDDLE	RESIDUE_1	3052	0.164910574	residue dependence on frozen line-position class
MOD_5_LINE_POSITION_MIDDLE	RESIDUE_2	2852	0.154103853	residue dependence on frozen line-position class
MOD_5_LINE_POSITION_MIDDLE	RESIDUE_3	11857	0.640676501	residue dependence on frozen line-position class
MOD_5_LINE_POSITION_MIDDLE	RESIDUE_4	623	0.0336629383	residue dependence on frozen line-position class
MOD_5_LINE_POSITION_END	RESIDUE_0	91	0.00833257028	residue dependence on frozen line-position class
MOD_5_LINE_POSITION_END	RESIDUE_1	1620	0.148338064	residue dependence on frozen line-position class
MOD_5_LINE_POSITION_END	RESIDUE_2	2353	0.21545646	residue dependence on frozen line-position class
MOD_5_LINE_POSITION_END	RESIDUE_3	6441	0.589781156	residue dependence on frozen line-position class
MOD_5_LINE_POSITION_END	RESIDUE_4	416	0.0380917498	residue dependence on frozen line-position class
MOD_7	RESIDUE_0	4847	0.12363219	frozen modulus; value is residue frequency
MOD_7	RESIDUE_1	4884	0.124575947	frozen modulus; value is residue frequency
MOD_7	RESIDUE_2	4865	0.124091315	frozen modulus; value is residue frequency
MOD_7	RESIDUE_3	7950	0.202780258	frozen modulus; value is residue frequency
MOD_7	RESIDUE_4	6079	0.155056753	frozen modulus; value is residue frequency
MOD_7	RESIDUE_5	5255	0.134039026	frozen modulus; value is residue frequency
MOD_7	RESIDUE_6	5325	0.135824512	frozen modulus; value is residue frequency
MOD_7_TRANSITIONS	SAME_RESIDUE	33829	0.1504035	adjacent within-line residue transition concentration
MOD_7_LINE_POSITION_START	RESIDUE_0	1345	0.137567761	residue dependence on frozen line-position class
MOD_7_LINE_POSITION_START	RESIDUE_1	1266	0.129487573	residue dependence on frozen line-position class
MOD_7_LINE_POSITION_START	RESIDUE_2	1188	0.121509666	residue dependence on frozen line-position class
MOD_7_LINE_POSITION_START	RESIDUE_3	1807	0.18482152	residue dependence on frozen line-position class
MOD_7_LINE_POSITION_START	RESIDUE_4	1407	0.143909175	residue dependence on frozen line-position class
MOD_7_LINE_POSITION_START	RESIDUE_5	1349	0.137976885	residue dependence on frozen line-position class
MOD_7_LINE_POSITION_START	RESIDUE_6	1415	0.144727421	residue dependence on frozen line-position class
MOD_7_LINE_POSITION_MIDDLE	RESIDUE_0	2175	0.117523099	residue dependence on frozen line-position class
MOD_7_LINE_POSITION_MIDDLE	RESIDUE_1	2346	0.126762846	residue dependence on frozen line-position class
MOD_7_LINE_POSITION_MIDDLE	RESIDUE_2	2265	0.122386124	residue dependence on frozen line-position class
MOD_7_LINE_POSITION_MIDDLE	RESIDUE_3	3931	0.212406117	residue dependence on frozen line-position class
MOD_7_LINE_POSITION_MIDDLE	RESIDUE_4	2830	0.152915113	residue dependence on frozen line-position class
MOD_7_LINE_POSITION_MIDDLE	RESIDUE_5	2462	0.133030745	residue dependence on frozen line-position class
MOD_7_LINE_POSITION_MIDDLE	RESIDUE_6	2498	0.134975955	residue dependence on frozen line-position class
MOD_7_LINE_POSITION_END	RESIDUE_0	1327	0.121509019	residue dependence on frozen line-position class
MOD_7_LINE_POSITION_END	RESIDUE_1	1272	0.11647285	residue dependence on frozen line-position class
MOD_7_LINE_POSITION_END	RESIDUE_2	1412	0.129292189	residue dependence on frozen line-position class
MOD_7_LINE_POSITION_END	RESIDUE_3	2212	0.202545554	residue dependence on frozen line-position class
MOD_7_LINE_POSITION_END	RESIDUE_4	1842	0.168665873	residue dependence on frozen line-position class
MOD_7_LINE_POSITION_END	RESIDUE_5	1444	0.132222324	residue dependence on frozen line-position class
MOD_7_LINE_POSITION_END	RESIDUE_6	1412	0.129292189	residue dependence on frozen line-position class
MOD_8	RESIDUE_0	5311	0.135467415	frozen modulus; value is residue frequency
MOD_8	RESIDUE_1	4708	0.120086724	frozen modulus; value is residue frequency
MOD_8	RESIDUE_2	5104	0.130187476	frozen modulus; value is residue frequency
MOD_8	RESIDUE_3	4921	0.125519704	frozen modulus; value is residue frequency
MOD_8	RESIDUE_4	4588	0.11702589	frozen modulus; value is residue frequency
MOD_8	RESIDUE_5	4485	0.114398674	frozen modulus; value is residue frequency
MOD_8	RESIDUE_6	4326	0.110343068	frozen modulus; value is residue frequency
MOD_8	RESIDUE_7	5762	0.14697105	frozen modulus; value is residue frequency
MOD_8_TRANSITIONS	SAME_RESIDUE	33829	0.131928227	adjacent within-line residue transition concentration
MOD_8_LINE_POSITION_START	RESIDUE_0	1455	0.148818656	residue dependence on frozen line-position class
MOD_8_LINE_POSITION_START	RESIDUE_1	1191	0.121816508	residue dependence on frozen line-position class
MOD_8_LINE_POSITION_START	RESIDUE_2	1269	0.129794415	residue dependence on frozen line-position class
MOD_8_LINE_POSITION_START	RESIDUE_3	1238	0.126623709	residue dependence on frozen line-position class
MOD_8_LINE_POSITION_START	RESIDUE_4	1150	0.117622993	residue dependence on frozen line-position class
MOD_8_LINE_POSITION_START	RESIDUE_5	1006	0.102894548	residue dependence on frozen line-position class
MOD_8_LINE_POSITION_START	RESIDUE_6	1042	0.10657666	residue dependence on frozen line-position class
MOD_8_LINE_POSITION_START	RESIDUE_7	1426	0.145852511	residue dependence on frozen line-position class
MOD_8_LINE_POSITION_MIDDLE	RESIDUE_0	2437	0.131679905	residue dependence on frozen line-position class
MOD_8_LINE_POSITION_MIDDLE	RESIDUE_1	2168	0.117144864	residue dependence on frozen line-position class
MOD_8_LINE_POSITION_MIDDLE	RESIDUE_2	2463	0.133084779	residue dependence on frozen line-position class
MOD_8_LINE_POSITION_MIDDLE	RESIDUE_3	2328	0.125790242	residue dependence on frozen line-position class
MOD_8_LINE_POSITION_MIDDLE	RESIDUE_4	2096	0.113254444	residue dependence on frozen line-position class
MOD_8_LINE_POSITION_MIDDLE	RESIDUE_5	2177	0.117631167	residue dependence on frozen line-position class
MOD_8_LINE_POSITION_MIDDLE	RESIDUE_6	2064	0.111525369	residue dependence on frozen line-position class
MOD_8_LINE_POSITION_MIDDLE	RESIDUE_7	2774	0.149889231	residue dependence on frozen line-position class
MOD_8_LINE_POSITION_END	RESIDUE_0	1419	0.129933156	residue dependence on frozen line-position class
MOD_8_LINE_POSITION_END	RESIDUE_1	1349	0.123523487	residue dependence on frozen line-position class
MOD_8_LINE_POSITION_END	RESIDUE_2	1372	0.125629521	residue dependence on frozen line-position class
MOD_8_LINE_POSITION_END	RESIDUE_3	1355	0.124072887	residue dependence on frozen line-position class
MOD_8_LINE_POSITION_END	RESIDUE_4	1342	0.12288252	residue dependence on frozen line-position class
MOD_8_LINE_POSITION_END	RESIDUE_5	1302	0.119219852	residue dependence on frozen line-position class
MOD_8_LINE_POSITION_END	RESIDUE_6	1220	0.111711382	residue dependence on frozen line-position class
MOD_8_LINE_POSITION_END	RESIDUE_7	1562	0.143027195	residue dependence on frozen line-position class
MOD_10	RESIDUE_0	152	0.0038770565	frozen modulus; value is residue frequency
MOD_10	RESIDUE_1	3191	0.0813926795	frozen modulus; value is residue frequency
MOD_10	RESIDUE_2	3453	0.0880755006	frozen modulus; value is residue frequency
MOD_10	RESIDUE_3	12014	0.306440505	frozen modulus; value is residue frequency
MOD_10	RESIDUE_4	761	0.0194107894	frozen modulus; value is residue frequency
MOD_10	RESIDUE_5	153	0.00390256345	frozen modulus; value is residue frequency
MOD_10	RESIDUE_6	2991	0.0762912894	frozen modulus; value is residue frequency
MOD_10	RESIDUE_7	3671	0.0936360158	frozen modulus; value is residue frequency
MOD_10	RESIDUE_8	11972	0.305369213	frozen modulus; value is residue frequency
MOD_10	RESIDUE_9	847	0.0216043872	frozen modulus; value is residue frequency
MOD_10_TRANSITIONS	SAME_RESIDUE	33829	0.234089095	adjacent within-line residue transition concentration
MOD_10_LINE_POSITION_START	RESIDUE_0	44	0.00450035798	residue dependence on frozen line-position class
MOD_10_LINE_POSITION_START	RESIDUE_1	770	0.0787562647	residue dependence on frozen line-position class
MOD_10_LINE_POSITION_START	RESIDUE_2	969	0.0991101565	residue dependence on frozen line-position class
MOD_10_LINE_POSITION_START	RESIDUE_3	2820	0.288432034	residue dependence on frozen line-position class
MOD_10_LINE_POSITION_START	RESIDUE_4	295	0.0301728547	residue dependence on frozen line-position class
MOD_10_LINE_POSITION_START	RESIDUE_5	47	0.00480720057	residue dependence on frozen line-position class
MOD_10_LINE_POSITION_START	RESIDUE_6	740	0.0756878388	residue dependence on frozen line-position class
MOD_10_LINE_POSITION_START	RESIDUE_7	950	0.0971668201	residue dependence on frozen line-position class
MOD_10_LINE_POSITION_START	RESIDUE_8	2868	0.293341516	residue dependence on frozen line-position class
MOD_10_LINE_POSITION_START	RESIDUE_9	274	0.0280249565	residue dependence on frozen line-position class
MOD_10_LINE_POSITION_MIDDLE	RESIDUE_0	65	0.00351218458	residue dependence on frozen line-position class
MOD_10_LINE_POSITION_MIDDLE	RESIDUE_1	1556	0.0840762955	residue dependence on frozen line-position class
MOD_10_LINE_POSITION_MIDDLE	RESIDUE_2	1334	0.0720808343	residue dependence on frozen line-position class
MOD_10_LINE_POSITION_MIDDLE	RESIDUE_3	5962	0.322148376	residue dependence on frozen line-position class
MOD_10_LINE_POSITION_MIDDLE	RESIDUE_4	270	0.0145890744	residue dependence on frozen line-position class
MOD_10_LINE_POSITION_MIDDLE	RESIDUE_5	58	0.00313394932	residue dependence on frozen line-position class
MOD_10_LINE_POSITION_MIDDLE	RESIDUE_6	1496	0.0808342789	residue dependence on frozen line-position class
MOD_10_LINE_POSITION_MIDDLE	RESIDUE_7	1518	0.0820230183	residue dependence on frozen line-position class
MOD_10_LINE_POSITION_MIDDLE	RESIDUE_8	5895	0.318528124	residue dependence on frozen line-position class
MOD_10_LINE_POSITION_MIDDLE	RESIDUE_9	353	0.0190738639	residue dependence on frozen line-position class
MOD_10_LINE_POSITION_END	RESIDUE_0	43	0.00393736837	residue dependence on frozen line-position class
MOD_10_LINE_POSITION_END	RESIDUE_1	865	0.079205201	residue dependence on frozen line-position class
MOD_10_LINE_POSITION_END	RESIDUE_2	1150	0.105301712	residue dependence on frozen line-position class
MOD_10_LINE_POSITION_END	RESIDUE_3	3232	0.295943595	residue dependence on frozen line-position class
MOD_10_LINE_POSITION_END	RESIDUE_4	196	0.0179470744	residue dependence on frozen line-position class
MOD_10_LINE_POSITION_END	RESIDUE_5	48	0.0043952019	residue dependence on frozen line-position class
MOD_10_LINE_POSITION_END	RESIDUE_6	755	0.0691328633	residue dependence on frozen line-position class
MOD_10_LINE_POSITION_END	RESIDUE_7	1203	0.110154748	residue dependence on frozen line-position class
MOD_10_LINE_POSITION_END	RESIDUE_8	3209	0.293837561	residue dependence on frozen line-position class
MOD_10_LINE_POSITION_END	RESIDUE_9	220	0.0201446754	residue dependence on frozen line-position class
MOD_12	RESIDUE_0	2946	0.0751434766	frozen modulus; value is residue frequency
MOD_12	RESIDUE_1	2858	0.0728988649	frozen modulus; value is residue frequency
MOD_12	RESIDUE_2	3786	0.0965693151	frozen modulus; value is residue frequency
MOD_12	RESIDUE_3	3512	0.0895804107	frozen modulus; value is residue frequency
MOD_12	RESIDUE_4	3097	0.0789950261	frozen modulus; value is residue frequency
MOD_12	RESIDUE_5	3752	0.0957020788	frozen modulus; value is residue frequency
MOD_12	RESIDUE_6	2758	0.0703481699	frozen modulus; value is residue frequency
MOD_12	RESIDUE_7	3452	0.0880499936	frozen modulus; value is residue frequency
MOD_12	RESIDUE_8	3856	0.0983548017	frozen modulus; value is residue frequency
MOD_12	RESIDUE_9	2583	0.0658844535	frozen modulus; value is residue frequency
MOD_12	RESIDUE_10	2886	0.0736130596	frozen modulus; value is residue frequency
MOD_12	RESIDUE_11	3719	0.0948603494	frozen modulus; value is residue frequency
MOD_12_TRANSITIONS	SAME_RESIDUE	33829	0.0885926276	adjacent within-line residue transition concentration
MOD_12_LINE_POSITION_START	RESIDUE_0	764	0.0781425795	residue dependence on frozen line-position class
MOD_12_LINE_POSITION_START	RESIDUE_1	724	0.074051345	residue dependence on frozen line-position class
MOD_12_LINE_POSITION_START	RESIDUE_2	881	0.0901094405	residue dependence on frozen line-position class
MOD_12_LINE_POSITION_START	RESIDUE_3	794	0.0812110054	residue dependence on frozen line-position class
MOD_12_LINE_POSITION_START	RESIDUE_4	838	0.0857113634	residue dependence on frozen line-position class
MOD_12_LINE_POSITION_START	RESIDUE_5	836	0.0855068017	residue dependence on frozen line-position class
MOD_12_LINE_POSITION_START	RESIDUE_6	676	0.0691418636	residue dependence on frozen line-position class
MOD_12_LINE_POSITION_START	RESIDUE_7	905	0.0925641812	residue dependence on frozen line-position class
MOD_12_LINE_POSITION_START	RESIDUE_8	1003	0.102587706	residue dependence on frozen line-position class
MOD_12_LINE_POSITION_START	RESIDUE_9	637	0.0651529099	residue dependence on frozen line-position class
MOD_12_LINE_POSITION_START	RESIDUE_10	754	0.0771197709	residue dependence on frozen line-position class
MOD_12_LINE_POSITION_START	RESIDUE_11	965	0.098701033	residue dependence on frozen line-position class
MOD_12_LINE_POSITION_MIDDLE	RESIDUE_0	1306	0.0705678932	residue dependence on frozen line-position class
MOD_12_LINE_POSITION_MIDDLE	RESIDUE_1	1333	0.0720268007	residue dependence on frozen line-position class
MOD_12_LINE_POSITION_MIDDLE	RESIDUE_2	1851	0.10001621	residue dependence on frozen line-position class
MOD_12_LINE_POSITION_MIDDLE	RESIDUE_3	1717	0.0927757065	residue dependence on frozen line-position class
MOD_12_LINE_POSITION_MIDDLE	RESIDUE_4	1389	0.0750526828	residue dependence on frozen line-position class
MOD_12_LINE_POSITION_MIDDLE	RESIDUE_5	1780	0.0961798239	residue dependence on frozen line-position class
MOD_12_LINE_POSITION_MIDDLE	RESIDUE_6	1304	0.070459826	residue dependence on frozen line-position class
MOD_12_LINE_POSITION_MIDDLE	RESIDUE_7	1664	0.0899119252	residue dependence on frozen line-position class
MOD_12_LINE_POSITION_MIDDLE	RESIDUE_8	1838	0.0993137732	residue dependence on frozen line-position class
MOD_12_LINE_POSITION_MIDDLE	RESIDUE_9	1232	0.0665694062	residue dependence on frozen line-position class
MOD_12_LINE_POSITION_MIDDLE	RESIDUE_10	1372	0.0741341114	residue dependence on frozen line-position class
MOD_12_LINE_POSITION_MIDDLE	RESIDUE_11	1721	0.0929918409	residue dependence on frozen line-position class
MOD_12_LINE_POSITION_END	RESIDUE_0	876	0.0802124348	residue dependence on frozen line-position class
MOD_12_LINE_POSITION_END	RESIDUE_1	801	0.0733449318	residue dependence on frozen line-position class
MOD_12_LINE_POSITION_END	RESIDUE_2	1054	0.0965113085	residue dependence on frozen line-position class
MOD_12_LINE_POSITION_END	RESIDUE_3	1001	0.0916582731	residue dependence on frozen line-position class
MOD_12_LINE_POSITION_END	RESIDUE_4	870	0.0796630345	residue dependence on frozen line-position class
MOD_12_LINE_POSITION_END	RESIDUE_5	1136	0.104019778	residue dependence on frozen line-position class
MOD_12_LINE_POSITION_END	RESIDUE_6	778	0.0712388975	residue dependence on frozen line-position class
MOD_12_LINE_POSITION_END	RESIDUE_7	883	0.0808534017	residue dependence on frozen line-position class
MOD_12_LINE_POSITION_END	RESIDUE_8	1015	0.0929402069	residue dependence on frozen line-position class
MOD_12_LINE_POSITION_END	RESIDUE_9	714	0.0653786283	residue dependence on frozen line-position class
MOD_12_LINE_POSITION_END	RESIDUE_10	760	0.0695906968	residue dependence on frozen line-position class
MOD_12_LINE_POSITION_END	RESIDUE_11	1033	0.0945884077	residue dependence on frozen line-position class
LINE_TO_LINE_CONTINUITY	NORMALIZED_BOUNDARY_DIFFERENCE	5375	0.853529135	mean last-to-first physical-line difference
FOLIO_PROGRESSION	f100r	113	-0.0634008284	Spearman token position versus N within folio
FOLIO_PROGRESSION	f100v	95	-0.0474495601	Spearman token position versus N within folio
FOLIO_PROGRESSION	f101r	229	-0.00594776155	Spearman token position versus N within folio
FOLIO_PROGRESSION	f101v	221	0.0391876939	Spearman token position versus N within folio
FOLIO_PROGRESSION	f102r1	107	-0.305612298	Spearman token position versus N within folio
FOLIO_PROGRESSION	f102r2	149	-0.0011700468	Spearman token position versus N within folio
FOLIO_PROGRESSION	f102v1	129	0.0439720795	Spearman token position versus N within folio
FOLIO_PROGRESSION	f102v2	190	0.0144472741	Spearman token position versus N within folio
FOLIO_PROGRESSION	f103r	533	0.175062115	Spearman token position versus N within folio
FOLIO_PROGRESSION	f103v	456	-0.0750388819	Spearman token position versus N within folio
FOLIO_PROGRESSION	f104r	449	0.0444478442	Spearman token position versus N within folio
FOLIO_PROGRESSION	f104v	477	-0.124056636	Spearman token position versus N within folio
FOLIO_PROGRESSION	f105r	380	-0.0978990866	Spearman token position versus N within folio
FOLIO_PROGRESSION	f105v	400	-0.0893466056	Spearman token position versus N within folio
FOLIO_PROGRESSION	f106r	433	-0.0925344739	Spearman token position versus N within folio
FOLIO_PROGRESSION	f106v	445	-0.00904983014	Spearman token position versus N within folio
FOLIO_PROGRESSION	f107r	488	-0.19645853	Spearman token position versus N within folio
FOLIO_PROGRESSION	f107v	462	-0.0943221144	Spearman token position versus N within folio
FOLIO_PROGRESSION	f108r	498	-0.0197394159	Spearman token position versus N within folio
FOLIO_PROGRESSION	f108v	581	0.0401183626	Spearman token position versus N within folio
FOLIO_PROGRESSION	f10r	92	0.0221598753	Spearman token position versus N within folio
FOLIO_PROGRESSION	f10v	57	-0.0746572377	Spearman token position versus N within folio
FOLIO_PROGRESSION	f111r	624	-0.0520058923	Spearman token position versus N within folio
FOLIO_PROGRESSION	f111v	568	-0.0105331302	Spearman token position versus N within folio
FOLIO_PROGRESSION	f112r	403	-0.000925763878	Spearman token position versus N within folio
FOLIO_PROGRESSION	f112v	419	0.0128242959	Spearman token position versus N within folio
FOLIO_PROGRESSION	f113r	530	0.0561096613	Spearman token position versus N within folio
FOLIO_PROGRESSION	f113v	505	-0.105749941	Spearman token position versus N within folio
FOLIO_PROGRESSION	f114r	462	-0.0479074818	Spearman token position versus N within folio
FOLIO_PROGRESSION	f114v	377	-0.1622049	Spearman token position versus N within folio
FOLIO_PROGRESSION	f115r	463	-0.0721201103	Spearman token position versus N within folio
FOLIO_PROGRESSION	f115v	411	-0.110669422	Spearman token position versus N within folio
FOLIO_PROGRESSION	f116r	560	-0.016909915	Spearman token position versus N within folio
FOLIO_PROGRESSION	f116v	2	1	Spearman token position versus N within folio
FOLIO_PROGRESSION	f11r	61	-0.318560337	Spearman token position versus N within folio
FOLIO_PROGRESSION	f11v	50	-0.211489514	Spearman token position versus N within folio
FOLIO_PROGRESSION	f13r	78	0.122972436	Spearman token position versus N within folio
FOLIO_PROGRESSION	f13v	69	-0.316957973	Spearman token position versus N within folio
FOLIO_PROGRESSION	f14r	76	-0.0456127164	Spearman token position versus N within folio
FOLIO_PROGRESSION	f14v	75	-0.062076539	Spearman token position versus N within folio
FOLIO_PROGRESSION	f15r	94	-0.0757582889	Spearman token position versus N within folio
FOLIO_PROGRESSION	f15v	71	-0.0825629741	Spearman token position versus N within folio
FOLIO_PROGRESSION	f16r	84	-0.0756675209	Spearman token position versus N within folio
FOLIO_PROGRESSION	f16v	76	-0.0847587418	Spearman token position versus N within folio
FOLIO_PROGRESSION	f17r	81	0.0293931661	Spearman token position versus N within folio
FOLIO_PROGRESSION	f17v	136	-0.0623061659	Spearman token position versus N within folio
FOLIO_PROGRESSION	f18r	86	0.021628049	Spearman token position versus N within folio
FOLIO_PROGRESSION	f18v	69	-0.190674562	Spearman token position versus N within folio
FOLIO_PROGRESSION	f19r	77	0.039941339	Spearman token position versus N within folio
FOLIO_PROGRESSION	f19v	78	-0.0879534016	Spearman token position versus N within folio
FOLIO_PROGRESSION	f1r	219	-0.0788166929	Spearman token position versus N within folio
FOLIO_PROGRESSION	f1v	92	-0.00176506183	Spearman token position versus N within folio
FOLIO_PROGRESSION	f20r	88	-0.0751540026	Spearman token position versus N within folio
FOLIO_PROGRESSION	f20v	86	-0.144838099	Spearman token position versus N within folio
FOLIO_PROGRESSION	f21r	104	0.0115241181	Spearman token position versus N within folio
FOLIO_PROGRESSION	f21v	58	-0.373728316	Spearman token position versus N within folio
FOLIO_PROGRESSION	f22r	112	0.0836420945	Spearman token position versus N within folio
FOLIO_PROGRESSION	f22v	78	0.174427377	Spearman token position versus N within folio
FOLIO_PROGRESSION	f23r	110	-0.0417461422	Spearman token position versus N within folio
FOLIO_PROGRESSION	f23v	95	-0.181734184	Spearman token position versus N within folio
FOLIO_PROGRESSION	f24r	112	-0.0694567869	Spearman token position versus N within folio
FOLIO_PROGRESSION	f24v	86	-0.0863961658	Spearman token position versus N within folio
FOLIO_PROGRESSION	f25r	47	0.119181952	Spearman token position versus N within folio
FOLIO_PROGRESSION	f25v	60	-0.0217407521	Spearman token position versus N within folio
FOLIO_PROGRESSION	f26r	90	-0.072828657	Spearman token position versus N within folio
FOLIO_PROGRESSION	f26v	95	0.0535956773	Spearman token position versus N within folio
FOLIO_PROGRESSION	f27r	95	-0.0196832221	Spearman token position versus N within folio
FOLIO_PROGRESSION	f27v	61	0.195102603	Spearman token position versus N within folio
FOLIO_PROGRESSION	f28r	68	0.0151580238	Spearman token position versus N within folio
FOLIO_PROGRESSION	f28v	68	-0.254666298	Spearman token position versus N within folio
FOLIO_PROGRESSION	f29r	65	0.139288369	Spearman token position versus N within folio
FOLIO_PROGRESSION	f29v	94	0.0659216797	Spearman token position versus N within folio
FOLIO_PROGRESSION	f2r	109	-0.141120428	Spearman token position versus N within folio
FOLIO_PROGRESSION	f2v	61	-0.020958487	Spearman token position versus N within folio
FOLIO_PROGRESSION	f30r	99	0.151235973	Spearman token position versus N within folio
FOLIO_PROGRESSION	f30v	65	0.147938411	Spearman token position versus N within folio
FOLIO_PROGRESSION	f31r	103	0.14464409	Spearman token position versus N within folio
FOLIO_PROGRESSION	f31v	110	-0.0926995865	Spearman token position versus N within folio
FOLIO_PROGRESSION	f32r	76	-0.172190974	Spearman token position versus N within folio
FOLIO_PROGRESSION	f32v	89	-0.106809165	Spearman token position versus N within folio
FOLIO_PROGRESSION	f33r	74	-0.372281815	Spearman token position versus N within folio
FOLIO_PROGRESSION	f33v	114	-0.0288198375	Spearman token position versus N within folio
FOLIO_PROGRESSION	f34r	150	-0.0743975999	Spearman token position versus N within folio
FOLIO_PROGRESSION	f34v	118	-0.214215144	Spearman token position versus N within folio
FOLIO_PROGRESSION	f35r	96	0.142004177	Spearman token position versus N within folio
FOLIO_PROGRESSION	f35v	91	-0.210338528	Spearman token position versus N within folio
FOLIO_PROGRESSION	f36r	65	-0.0601033782	Spearman token position versus N within folio
FOLIO_PROGRESSION	f36v	76	-0.179393564	Spearman token position versus N within folio
FOLIO_PROGRESSION	f37r	79	-0.00795245706	Spearman token position versus N within folio
FOLIO_PROGRESSION	f37v	90	0.0519221564	Spearman token position versus N within folio
FOLIO_PROGRESSION	f38r	44	-0.277446877	Spearman token position versus N within folio
FOLIO_PROGRESSION	f38v	67	0.0271420127	Spearman token position versus N within folio
FOLIO_PROGRESSION	f39r	159	-0.1575003	Spearman token position versus N within folio
FOLIO_PROGRESSION	f39v	146	0.049912064	Spearman token position versus N within folio
FOLIO_PROGRESSION	f3r	114	0.0336397949	Spearman token position versus N within folio
FOLIO_PROGRESSION	f3v	85	0.0604802066	Spearman token position versus N within folio
FOLIO_PROGRESSION	f40r	104	-0.0117708896	Spearman token position versus N within folio
FOLIO_PROGRESSION	f40v	105	-0.0996879093	Spearman token position versus N within folio
FOLIO_PROGRESSION	f41r	97	0.0702423664	Spearman token position versus N within folio
FOLIO_PROGRESSION	f41v	66	-0.327954073	Spearman token position versus N within folio
FOLIO_PROGRESSION	f42r	145	-0.11785938	Spearman token position versus N within folio
FOLIO_PROGRESSION	f42v	117	0.102809184	Spearman token position versus N within folio
FOLIO_PROGRESSION	f43r	153	0.254186671	Spearman token position versus N within folio
FOLIO_PROGRESSION	f43v	152	-0.0222609909	Spearman token position versus N within folio
FOLIO_PROGRESSION	f44r	74	-0.0233555238	Spearman token position versus N within folio
FOLIO_PROGRESSION	f44v	100	-0.0626811756	Spearman token position versus N within folio
FOLIO_PROGRESSION	f45r	89	-0.0680199723	Spearman token position versus N within folio
FOLIO_PROGRESSION	f45v	85	0.0492424059	Spearman token position versus N within folio
FOLIO_PROGRESSION	f46r	163	-0.154533533	Spearman token position versus N within folio
FOLIO_PROGRESSION	f46v	112	-0.0919645804	Spearman token position versus N within folio
FOLIO_PROGRESSION	f47r	77	-0.0214206401	Spearman token position versus N within folio
FOLIO_PROGRESSION	f47v	85	-0.169822211	Spearman token position versus N within folio
FOLIO_PROGRESSION	f48r	90	-0.143461583	Spearman token position versus N within folio
FOLIO_PROGRESSION	f48v	128	-0.087085661	Spearman token position versus N within folio
FOLIO_PROGRESSION	f49r	120	-0.0496455876	Spearman token position versus N within folio
FOLIO_PROGRESSION	f49v	163	-0.0624388972	Spearman token position versus N within folio
FOLIO_PROGRESSION	f4r	64	0.0390086409	Spearman token position versus N within folio
FOLIO_PROGRESSION	f4v	84	-0.0944178643	Spearman token position versus N within folio
FOLIO_PROGRESSION	f50r	93	0.0512753558	Spearman token position versus N within folio
FOLIO_PROGRESSION	f50v	101	-0.0298042369	Spearman token position versus N within folio
FOLIO_PROGRESSION	f51r	89	-0.231537012	Spearman token position versus N within folio
FOLIO_PROGRESSION	f51v	82	-0.0522425444	Spearman token position versus N within folio
FOLIO_PROGRESSION	f52r	70	-0.185537427	Spearman token position versus N within folio
FOLIO_PROGRESSION	f52v	78	0.0618174693	Spearman token position versus N within folio
FOLIO_PROGRESSION	f53r	61	0.0762894507	Spearman token position versus N within folio
FOLIO_PROGRESSION	f53v	73	0.17357565	Spearman token position versus N within folio
FOLIO_PROGRESSION	f54r	110	-0.409175383	Spearman token position versus N within folio
FOLIO_PROGRESSION	f54v	93	-0.0830112389	Spearman token position versus N within folio
FOLIO_PROGRESSION	f55r	125	0.0126650147	Spearman token position versus N within folio
FOLIO_PROGRESSION	f55v	106	-0.24561404	Spearman token position versus N within folio
FOLIO_PROGRESSION	f56r	105	0.0242872585	Spearman token position versus N within folio
FOLIO_PROGRESSION	f56v	91	-0.146684338	Spearman token position versus N within folio
FOLIO_PROGRESSION	f57r	87	-0.0432155584	Spearman token position versus N within folio
FOLIO_PROGRESSION	f57v	183	0.021347527	Spearman token position versus N within folio
FOLIO_PROGRESSION	f58r	379	0.0401102029	Spearman token position versus N within folio
FOLIO_PROGRESSION	f58v	380	0.0339812541	Spearman token position versus N within folio
FOLIO_PROGRESSION	f5r	55	0.140612318	Spearman token position versus N within folio
FOLIO_PROGRESSION	f5v	50	0.0996010748	Spearman token position versus N within folio
FOLIO_PROGRESSION	f65r	3	-0.5	Spearman token position versus N within folio
FOLIO_PROGRESSION	f65v	45	0.204288679	Spearman token position versus N within folio
FOLIO_PROGRESSION	f66r	346	0.207657948	Spearman token position versus N within folio
FOLIO_PROGRESSION	f66v	114	-0.0223997279	Spearman token position versus N within folio
FOLIO_PROGRESSION	f67r1	167	0.0731484828	Spearman token position versus N within folio
FOLIO_PROGRESSION	f67r2	191	0.0572790925	Spearman token position versus N within folio
FOLIO_PROGRESSION	f67v1	73	-0.148710354	Spearman token position versus N within folio
FOLIO_PROGRESSION	f67v2	64	0.12114482	Spearman token position versus N within folio
FOLIO_PROGRESSION	f68r1	67	-0.141453243	Spearman token position versus N within folio
FOLIO_PROGRESSION	f68r2	83	-0.161879923	Spearman token position versus N within folio
FOLIO_PROGRESSION	f68r3	109	-0.264812931	Spearman token position versus N within folio
FOLIO_PROGRESSION	f68v1	98	0.0318116173	Spearman token position versus N within folio
FOLIO_PROGRESSION	f68v2	103	-0.0691819582	Spearman token position versus N within folio
FOLIO_PROGRESSION	f68v3	171	0.120802905	Spearman token position versus N within folio
FOLIO_PROGRESSION	f69r	159	-0.0567848637	Spearman token position versus N within folio
FOLIO_PROGRESSION	f69v	142	0.182007958	Spearman token position versus N within folio
FOLIO_PROGRESSION	f6r	86	-0.0126439549	Spearman token position versus N within folio
FOLIO_PROGRESSION	f6v	117	-0.0734239938	Spearman token position versus N within folio
FOLIO_PROGRESSION	f70r1	112	-0.151534049	Spearman token position versus N within folio
FOLIO_PROGRESSION	f70r2	247	0.0851947576	Spearman token position versus N within folio
FOLIO_PROGRESSION	f70v1	87	-0.0257903419	Spearman token position versus N within folio
FOLIO_PROGRESSION	f70v2	133	-0.0753834854	Spearman token position versus N within folio
FOLIO_PROGRESSION	f71r	90	0.122511814	Spearman token position versus N within folio
FOLIO_PROGRESSION	f71v	100	0.0474344359	Spearman token position versus N within folio
FOLIO_PROGRESSION	f72r1	106	0.00510420029	Spearman token position versus N within folio
FOLIO_PROGRESSION	f72r2	114	-0.0798664978	Spearman token position versus N within folio
FOLIO_PROGRESSION	f72r3	167	-0.033325775	Spearman token position versus N within folio
FOLIO_PROGRESSION	f72v1	108	0.059953889	Spearman token position versus N within folio
FOLIO_PROGRESSION	f72v2	110	0.129929736	Spearman token position versus N within folio
FOLIO_PROGRESSION	f72v3	120	-0.174181641	Spearman token position versus N within folio
FOLIO_PROGRESSION	f73r	96	-0.130827303	Spearman token position versus N within folio
FOLIO_PROGRESSION	f73v	99	-0.214727038	Spearman token position versus N within folio
FOLIO_PROGRESSION	f75r	418	0.0324549475	Spearman token position versus N within folio
FOLIO_PROGRESSION	f75v	359	0.0512872527	Spearman token position versus N within folio
FOLIO_PROGRESSION	f76r	569	-0.0292582649	Spearman token position versus N within folio
FOLIO_PROGRESSION	f76v	400	-0.178170018	Spearman token position versus N within folio
FOLIO_PROGRESSION	f77r	332	-0.187802758	Spearman token position versus N within folio
FOLIO_PROGRESSION	f77v	333	0.0642937051	Spearman token position versus N within folio
FOLIO_PROGRESSION	f78r	300	-0.110873515	Spearman token position versus N within folio
FOLIO_PROGRESSION	f78v	297	-0.0985920497	Spearman token position versus N within folio
FOLIO_PROGRESSION	f79r	384	-0.0350141674	Spearman token position versus N within folio
FOLIO_PROGRESSION	f79v	356	-0.234668559	Spearman token position versus N within folio
FOLIO_PROGRESSION	f7r	66	-0.121059664	Spearman token position versus N within folio
FOLIO_PROGRESSION	f7v	78	-0.172983517	Spearman token position versus N within folio
FOLIO_PROGRESSION	f80r	449	-0.131595741	Spearman token position versus N within folio
FOLIO_PROGRESSION	f80v	376	-0.20102278	Spearman token position versus N within folio
FOLIO_PROGRESSION	f81r	210	-0.0300468563	Spearman token position versus N within folio
FOLIO_PROGRESSION	f81v	257	0.0797303645	Spearman token position versus N within folio
FOLIO_PROGRESSION	f82r	292	-0.0730268014	Spearman token position versus N within folio
FOLIO_PROGRESSION	f82v	322	0.0133402533	Spearman token position versus N within folio
FOLIO_PROGRESSION	f83r	348	-0.0859321518	Spearman token position versus N within folio
FOLIO_PROGRESSION	f83v	262	-0.130741937	Spearman token position versus N within folio
FOLIO_PROGRESSION	f84r	369	-0.00964452846	Spearman token position versus N within folio
FOLIO_PROGRESSION	f84v	344	-0.0506323826	Spearman token position versus N within folio
FOLIO_PROGRESSION	f85r1	348	-0.10819795	Spearman token position versus N within folio
FOLIO_PROGRESSION	f85r2	157	-0.251182606	Spearman token position versus N within folio
FOLIO_PROGRESSION	f86v3	286	0.0863366299	Spearman token position versus N within folio
FOLIO_PROGRESSION	f86v4	192	-0.200541928	Spearman token position versus N within folio
FOLIO_PROGRESSION	f86v5	390	0.0161393668	Spearman token position versus N within folio
FOLIO_PROGRESSION	f86v6	494	0.0172845406	Spearman token position versus N within folio
FOLIO_PROGRESSION	f87r	103	-0.198435428	Spearman token position versus N within folio
FOLIO_PROGRESSION	f87v	92	-0.276984017	Spearman token position versus N within folio
FOLIO_PROGRESSION	f88r	150	-0.0950503791	Spearman token position versus N within folio
FOLIO_PROGRESSION	f88v	146	-0.0635246278	Spearman token position versus N within folio
FOLIO_PROGRESSION	f89r1	141	-0.0310576103	Spearman token position versus N within folio
FOLIO_PROGRESSION	f89r2	235	-0.107201445	Spearman token position versus N within folio
FOLIO_PROGRESSION	f89v1	154	-0.0365408823	Spearman token position versus N within folio
FOLIO_PROGRESSION	f89v2	183	0.0602590143	Spearman token position versus N within folio
FOLIO_PROGRESSION	f8r	153	-0.058619179	Spearman token position versus N within folio
FOLIO_PROGRESSION	f8v	120	0.0293808632	Spearman token position versus N within folio
FOLIO_PROGRESSION	f90r1	69	-0.129232624	Spearman token position versus N within folio
FOLIO_PROGRESSION	f90r2	47	-0.16803565	Spearman token position versus N within folio
FOLIO_PROGRESSION	f90v1	98	-0.00869038512	Spearman token position versus N within folio
FOLIO_PROGRESSION	f90v2	70	0.0379059013	Spearman token position versus N within folio
FOLIO_PROGRESSION	f93r	153	-0.0211182881	Spearman token position versus N within folio
FOLIO_PROGRESSION	f93v	90	-0.121739489	Spearman token position versus N within folio
FOLIO_PROGRESSION	f94r	79	-0.237726318	Spearman token position versus N within folio
FOLIO_PROGRESSION	f94v	97	-0.175804739	Spearman token position versus N within folio
FOLIO_PROGRESSION	f95r1	103	-0.0593101193	Spearman token position versus N within folio
FOLIO_PROGRESSION	f95r2	79	-0.0534276346	Spearman token position versus N within folio
FOLIO_PROGRESSION	f95v1	120	0.064638341	Spearman token position versus N within folio
FOLIO_PROGRESSION	f95v2	60	-0.117151789	Spearman token position versus N within folio
FOLIO_PROGRESSION	f96r	84	-0.00610558719	Spearman token position versus N within folio
FOLIO_PROGRESSION	f96v	56	-0.110252905	Spearman token position versus N within folio
FOLIO_PROGRESSION	f99r	194	-0.0256533746	Spearman token position versus N within folio
FOLIO_PROGRESSION	f99v	178	0.0160808618	Spearman token position versus N within folio
FOLIO_PROGRESSION	f9r	86	0.0710279142	Spearman token position versus N within folio
FOLIO_PROGRESSION	f9v	86	-0.118540898	Spearman token position versus N within folio
FOLIO_PROGRESSION	fRos	548	0.0722523351	Spearman token position versus N within folio
EDIT_DISTANCE_1	DEL_a_RIGHT_0	41	1	exact positional arithmetic consistency; representation-induced
EDIT_DISTANCE_1	DEL_a_RIGHT_1	138	1	exact positional arithmetic consistency; representation-induced
EDIT_DISTANCE_1	DEL_a_RIGHT_2	54	1	exact positional arithmetic consistency; representation-induced
EDIT_DISTANCE_1	DEL_a_RIGHT_3	89	1	exact positional arithmetic consistency; representation-induced
EDIT_DISTANCE_1	DEL_a_RIGHT_4	44	1	exact positional arithmetic consistency; representation-induced
EDIT_DISTANCE_1	DEL_a_RIGHT_5	42	1	exact positional arithmetic consistency; representation-induced
EDIT_DISTANCE_1	DEL_a_RIGHT_6	23	1	exact positional arithmetic consistency; representation-induced
EDIT_DISTANCE_1	DEL_a_RIGHT_7	2	1	exact positional arithmetic consistency; representation-induced
EDIT_DISTANCE_1	DEL_a_RIGHT_8	1	1	exact positional arithmetic consistency; representation-induced
EDIT_DISTANCE_1	DEL_b_RIGHT_0	2	1	exact positional arithmetic consistency; representation-induced
EDIT_DISTANCE_1	DEL_c_RIGHT_0	14	1	exact positional arithmetic consistency; representation-induced
EDIT_DISTANCE_1	DEL_c_RIGHT_1	9	1	exact positional arithmetic consistency; representation-induced
EDIT_DISTANCE_1	DEL_c_RIGHT_2	33	1	exact positional arithmetic consistency; representation-induced
EDIT_DISTANCE_1	DEL_c_RIGHT_3	39	1	exact positional arithmetic consistency; representation-induced
EDIT_DISTANCE_1	DEL_c_RIGHT_4	31	1	exact positional arithmetic consistency; representation-induced
EDIT_DISTANCE_1	DEL_c_RIGHT_5	17	1	exact positional arithmetic consistency; representation-induced
EDIT_DISTANCE_1	DEL_c_RIGHT_6	5	1	exact positional arithmetic consistency; representation-induced
EDIT_DISTANCE_1	DEL_c_RIGHT_7	3	1	exact positional arithmetic consistency; representation-induced
EDIT_DISTANCE_1	DEL_d_RIGHT_0	173	1	exact positional arithmetic consistency; representation-induced
EDIT_DISTANCE_1	DEL_d_RIGHT_1	512	1	exact positional arithmetic consistency; representation-induced
EDIT_DISTANCE_1	DEL_d_RIGHT_2	228	1	exact positional arithmetic consistency; representation-induced
EDIT_DISTANCE_1	DEL_d_RIGHT_3	124	1	exact positional arithmetic consistency; representation-induced
EDIT_DISTANCE_1	DEL_d_RIGHT_4	178	1	exact positional arithmetic consistency; representation-induced
EDIT_DISTANCE_1	DEL_d_RIGHT_5	98	1	exact positional arithmetic consistency; representation-induced
EDIT_DISTANCE_1	DEL_d_RIGHT_6	79	1	exact positional arithmetic consistency; representation-induced
EDIT_DISTANCE_1	DEL_d_RIGHT_7	21	1	exact positional arithmetic consistency; representation-induced
EDIT_DISTANCE_1	DEL_d_RIGHT_8	12	1	exact positional arithmetic consistency; representation-induced
EDIT_DISTANCE_1	DEL_d_RIGHT_9	1	1	exact positional arithmetic consistency; representation-induced
EDIT_DISTANCE_1	DEL_e_RIGHT_0	36	1	exact positional arithmetic consistency; representation-induced
EDIT_DISTANCE_1	DEL_e_RIGHT_1	537	1	exact positional arithmetic consistency; representation-induced
EDIT_DISTANCE_1	DEL_e_RIGHT_2	775	1	exact positional arithmetic consistency; representation-induced
EDIT_DISTANCE_1	DEL_e_RIGHT_3	549	1	exact positional arithmetic consistency; representation-induced
EDIT_DISTANCE_1	DEL_e_RIGHT_4	330	1	exact positional arithmetic consistency; representation-induced
EDIT_DISTANCE_1	DEL_e_RIGHT_5	191	1	exact positional arithmetic consistency; representation-induced
EDIT_DISTANCE_1	DEL_e_RIGHT_6	81	1	exact positional arithmetic consistency; representation-induced
EDIT_DISTANCE_1	DEL_e_RIGHT_7	15	1	exact positional arithmetic consistency; representation-induced
EDIT_DISTANCE_1	DEL_e_RIGHT_8	1	1	exact positional arithmetic consistency; representation-induced
EDIT_DISTANCE_1	DEL_f_RIGHT_0	12	1	exact positional arithmetic consistency; representation-induced
EDIT_DISTANCE_1	DEL_f_RIGHT_1	16	1	exact positional arithmetic consistency; representation-induced
EDIT_DISTANCE_1	DEL_f_RIGHT_2	30	1	exact positional arithmetic consistency; representation-induced
EDIT_DISTANCE_1	DEL_f_RIGHT_3	37	1	exact positional arithmetic consistency; representation-induced
EDIT_DISTANCE_1	DEL_f_RIGHT_4	47	1	exact positional arithmetic consistency; representation-induced
EDIT_DISTANCE_1	DEL_f_RIGHT_5	34	1	exact positional arithmetic consistency; representation-induced
EDIT_DISTANCE_1	DEL_f_RIGHT_6	15	1	exact positional arithmetic consistency; representation-induced
EDIT_DISTANCE_1	DEL_f_RIGHT_7	7	1	exact positional arithmetic consistency; representation-induced
EDIT_DISTANCE_1	DEL_f_RIGHT_8	1	1	exact positional arithmetic consistency; representation-induced
EDIT_DISTANCE_1	DEL_g_RIGHT_0	59	1	exact positional arithmetic consistency; representation-induced
EDIT_DISTANCE_1	DEL_g_RIGHT_1	2	1	exact positional arithmetic consistency; representation-induced
EDIT_DISTANCE_1	DEL_g_RIGHT_2	1	1	exact positional arithmetic consistency; representation-induced
EDIT_DISTANCE_1	DEL_g_RIGHT_3	2	1	exact positional arithmetic consistency; representation-induced
EDIT_DISTANCE_1	DEL_h_RIGHT_0	15	1	exact positional arithmetic consistency; representation-induced
EDIT_DISTANCE_1	DEL_h_RIGHT_1	80	1	exact positional arithmetic consistency; representation-induced
EDIT_DISTANCE_1	DEL_h_RIGHT_2	83	1	exact positional arithmetic consistency; representation-induced
EDIT_DISTANCE_1	DEL_h_RIGHT_3	43	1	exact positional arithmetic consistency; representation-induced
EDIT_DISTANCE_1	DEL_h_RIGHT_4	39	1	exact positional arithmetic consistency; representation-induced
EDIT_DISTANCE_1	DEL_h_RIGHT_5	15	1	exact positional arithmetic consistency; representation-induced
EDIT_DISTANCE_1	DEL_h_RIGHT_6	9	1	exact positional arithmetic consistency; representation-induced
EDIT_DISTANCE_1	DEL_h_RIGHT_7	5	1	exact positional arithmetic consistency; representation-induced
EDIT_DISTANCE_1	DEL_i_RIGHT_0	16	1	exact positional arithmetic consistency; representation-induced
EDIT_DISTANCE_1	DEL_i_RIGHT_1	389	1	exact positional arithmetic consistency; representation-induced
EDIT_DISTANCE_1	DEL_i_RIGHT_2	254	1	exact positional arithmetic consistency; representation-induced
EDIT_DISTANCE_1	DEL_i_RIGHT_3	85	1	exact positional arithmetic consistency; representation-induced
EDIT_DISTANCE_1	DEL_i_RIGHT_4	16	1	exact positional arithmetic consistency; representation-induced
EDIT_DISTANCE_1	DEL_i_RIGHT_5	6	1	exact positional arithmetic consistency; representation-induced
EDIT_DISTANCE_1	DEL_i_RIGHT_6	1	1	exact positional arithmetic consistency; representation-induced
EDIT_DISTANCE_1	DEL_j_RIGHT_0	1	1	exact positional arithmetic consistency; representation-induced
EDIT_DISTANCE_1	DEL_j_RIGHT_1	2	1	exact positional arithmetic consistency; representation-induced
EDIT_DISTANCE_1	DEL_j_RIGHT_3	1	1	exact positional arithmetic consistency; representation-induced
EDIT_DISTANCE_1	DEL_k_RIGHT_0	20	1	exact positional arithmetic consistency; representation-induced
EDIT_DISTANCE_1	DEL_k_RIGHT_1	89	1	exact positional arithmetic consistency; representation-induced
EDIT_DISTANCE_1	DEL_k_RIGHT_2	157	1	exact positional arithmetic consistency; representation-induced
EDIT_DISTANCE_1	DEL_k_RIGHT_3	188	1	exact positional arithmetic consistency; representation-induced
EDIT_DISTANCE_1	DEL_k_RIGHT_4	208	1	exact positional arithmetic consistency; representation-induced
EDIT_DISTANCE_1	DEL_k_RIGHT_5	99	1	exact positional arithmetic consistency; representation-induced
EDIT_DISTANCE_1	DEL_k_RIGHT_6	49	1	exact positional arithmetic consistency; representation-induced
EDIT_DISTANCE_1	DEL_k_RIGHT_7	16	1	exact positional arithmetic consistency; representation-induced
EDIT_DISTANCE_1	DEL_k_RIGHT_8	3	1	exact positional arithmetic consistency; representation-induced
EDIT_DISTANCE_1	DEL_k_RIGHT_9	1	1	exact positional arithmetic consistency; representation-induced
EDIT_DISTANCE_1	DEL_l_RIGHT_0	260	1	exact positional arithmetic consistency; representation-induced
EDIT_DISTANCE_1	DEL_l_RIGHT_1	117	1	exact positional arithmetic consistency; representation-induced
EDIT_DISTANCE_1	DEL_l_RIGHT_2	130	1	exact positional arithmetic consistency; representation-induced
EDIT_DISTANCE_1	DEL_l_RIGHT_3	114	1	exact positional arithmetic consistency; representation-induced
EDIT_DISTANCE_1	DEL_l_RIGHT_4	169	1	exact positional arithmetic consistency; representation-induced
EDIT_DISTANCE_1	DEL_l_RIGHT_5	154	1	exact positional arithmetic consistency; representation-induced
EDIT_DISTANCE_1	DEL_l_RIGHT_6	66	1	exact positional arithmetic consistency; representation-induced
EDIT_DISTANCE_1	DEL_l_RIGHT_7	20	1	exact positional arithmetic consistency; representation-induced
EDIT_DISTANCE_1	DEL_l_RIGHT_8	5	1	exact positional arithmetic consistency; representation-induced
EDIT_DISTANCE_1	DEL_l_RIGHT_9	4	1	exact positional arithmetic consistency; representation-induced
EDIT_DISTANCE_1	DEL_m_RIGHT_0	92	1	exact positional arithmetic consistency; representation-induced
EDIT_DISTANCE_1	DEL_m_RIGHT_1	5	1	exact positional arithmetic consistency; representation-induced
EDIT_DISTANCE_1	DEL_m_RIGHT_2	2	1	exact positional arithmetic consistency; representation-induced
EDIT_DISTANCE_1	DEL_n_RIGHT_0	44	1	exact positional arithmetic consistency; representation-induced
EDIT_DISTANCE_1	DEL_n_RIGHT_1	6	1	exact positional arithmetic consistency; representation-induced
EDIT_DISTANCE_1	DEL_n_RIGHT_2	4	1	exact positional arithmetic consistency; representation-induced
EDIT_DISTANCE_1	DEL_n_RIGHT_3	1	1	exact positional arithmetic consistency; representation-induced
EDIT_DISTANCE_1	DEL_n_RIGHT_4	1	1	exact positional arithmetic consistency; representation-induced
EDIT_DISTANCE_1	DEL_o_RIGHT_0	136	1	exact positional arithmetic consistency; representation-induced
EDIT_DISTANCE_1	DEL_o_RIGHT_1	256	1	exact positional arithmetic consistency; representation-induced
EDIT_DISTANCE_1	DEL_o_RIGHT_10	1	1	exact positional arithmetic consistency; representation-induced
EDIT_DISTANCE_1	DEL_o_RIGHT_2	295	1	exact positional arithmetic consistency; representation-induced
EDIT_DISTANCE_1	DEL_o_RIGHT_3	278	1	exact positional arithmetic consistency; representation-induced
EDIT_DISTANCE_1	DEL_o_RIGHT_4	311	1	exact positional arithmetic consistency; representation-induced
EDIT_DISTANCE_1	DEL_o_RIGHT_5	312	1	exact positional arithmetic consistency; representation-induced
EDIT_DISTANCE_1	DEL_o_RIGHT_6	180	1	exact positional arithmetic consistency; representation-induced
EDIT_DISTANCE_1	DEL_o_RIGHT_7	71	1	exact positional arithmetic consistency; representation-induced
EDIT_DISTANCE_1	DEL_o_RIGHT_8	13	1	exact positional arithmetic consistency; representation-induced
EDIT_DISTANCE_1	DEL_o_RIGHT_9	6	1	exact positional arithmetic consistency; representation-induced
EDIT_DISTANCE_1	DEL_p_RIGHT_0	13	1	exact positional arithmetic consistency; representation-induced
EDIT_DISTANCE_1	DEL_p_RIGHT_1	17	1	exact positional arithmetic consistency; representation-induced
EDIT_DISTANCE_1	DEL_p_RIGHT_2	41	1	exact positional arithmetic consistency; representation-induced
EDIT_DISTANCE_1	DEL_p_RIGHT_3	58	1	exact positional arithmetic consistency; representation-induced
EDIT_DISTANCE_1	DEL_p_RIGHT_4	96	1	exact positional arithmetic consistency; representation-induced
EDIT_DISTANCE_1	DEL_p_RIGHT_5	74	1	exact positional arithmetic consistency; representation-induced
EDIT_DISTANCE_1	DEL_p_RIGHT_6	62	1	exact positional arithmetic consistency; representation-induced
EDIT_DISTANCE_1	DEL_p_RIGHT_7	25	1	exact positional arithmetic consistency; representation-induced
EDIT_DISTANCE_1	DEL_p_RIGHT_8	12	1	exact positional arithmetic consistency; representation-induced
EDIT_DISTANCE_1	DEL_p_RIGHT_9	2	1	exact positional arithmetic consistency; representation-induced
EDIT_DISTANCE_1	DEL_q_RIGHT_1	6	1	exact positional arithmetic consistency; representation-induced
EDIT_DISTANCE_1	DEL_q_RIGHT_10	2	1	exact positional arithmetic consistency; representation-induced
EDIT_DISTANCE_1	DEL_q_RIGHT_2	12	1	exact positional arithmetic consistency; representation-induced
EDIT_DISTANCE_1	DEL_q_RIGHT_3	27	1	exact positional arithmetic consistency; representation-induced
EDIT_DISTANCE_1	DEL_q_RIGHT_4	83	1	exact positional arithmetic consistency; representation-induced
EDIT_DISTANCE_1	DEL_q_RIGHT_5	103	1	exact positional arithmetic consistency; representation-induced
EDIT_DISTANCE_1	DEL_q_RIGHT_6	141	1	exact positional arithmetic consistency; representation-induced
EDIT_DISTANCE_1	DEL_q_RIGHT_7	78	1	exact positional arithmetic consistency; representation-induced
EDIT_DISTANCE_1	DEL_q_RIGHT_8	34	1	exact positional arithmetic consistency; representation-induced
EDIT_DISTANCE_1	DEL_q_RIGHT_9	4	1	exact positional arithmetic consistency; representation-induced
EDIT_DISTANCE_1	DEL_r_RIGHT_0	215	1	exact positional arithmetic consistency; representation-induced
EDIT_DISTANCE_1	DEL_r_RIGHT_1	36	1	exact positional arithmetic consistency; representation-induced
EDIT_DISTANCE_1	DEL_r_RIGHT_2	48	1	exact positional arithmetic consistency; representation-induced
EDIT_DISTANCE_1	DEL_r_RIGHT_3	43	1	exact positional arithmetic consistency; representation-induced
EDIT_DISTANCE_1	DEL_r_RIGHT_4	56	1	exact positional arithmetic consistency; representation-induced
EDIT_DISTANCE_1	DEL_r_RIGHT_5	29	1	exact positional arithmetic consistency; representation-induced
EDIT_DISTANCE_1	DEL_r_RIGHT_6	18	1	exact positional arithmetic consistency; representation-induced
EDIT_DISTANCE_1	DEL_r_RIGHT_7	7	1	exact positional arithmetic consistency; representation-induced
EDIT_DISTANCE_1	DEL_r_RIGHT_8	1	1	exact positional arithmetic consistency; representation-induced
EDIT_DISTANCE_1	DEL_s_RIGHT_0	226	1	exact positional arithmetic consistency; representation-induced
EDIT_DISTANCE_1	DEL_s_RIGHT_1	72	1	exact positional arithmetic consistency; representation-induced
EDIT_DISTANCE_1	DEL_s_RIGHT_2	63	1	exact positional arithmetic consistency; representation-induced
EDIT_DISTANCE_1	DEL_s_RIGHT_3	63	1	exact positional arithmetic consistency; representation-induced
EDIT_DISTANCE_1	DEL_s_RIGHT_4	86	1	exact positional arithmetic consistency; representation-induced
EDIT_DISTANCE_1	DEL_s_RIGHT_5	59	1	exact positional arithmetic consistency; representation-induced
EDIT_DISTANCE_1	DEL_s_RIGHT_6	38	1	exact positional arithmetic consistency; representation-induced
EDIT_DISTANCE_1	DEL_s_RIGHT_7	25	1	exact positional arithmetic consistency; representation-induced
EDIT_DISTANCE_1	DEL_s_RIGHT_8	4	1	exact positional arithmetic consistency; representation-induced
EDIT_DISTANCE_1	DEL_s_RIGHT_9	1	1	exact positional arithmetic consistency; representation-induced
EDIT_DISTANCE_1	DEL_t_RIGHT_0	16	1	exact positional arithmetic consistency; representation-induced
EDIT_DISTANCE_1	DEL_t_RIGHT_1	51	1	exact positional arithmetic consistency; representation-induced
EDIT_DISTANCE_1	DEL_t_RIGHT_2	106	1	exact positional arithmetic consistency; representation-induced
EDIT_DISTANCE_1	DEL_t_RIGHT_3	152	1	exact positional arithmetic consistency; representation-induced
EDIT_DISTANCE_1	DEL_t_RIGHT_4	165	1	exact positional arithmetic consistency; representation-induced
EDIT_DISTANCE_1	DEL_t_RIGHT_5	111	1	exact positional arithmetic consistency; representation-induced
EDIT_DISTANCE_1	DEL_t_RIGHT_6	57	1	exact positional arithmetic consistency; representation-induced
EDIT_DISTANCE_1	DEL_t_RIGHT_7	19	1	exact positional arithmetic consistency; representation-induced
EDIT_DISTANCE_1	DEL_t_RIGHT_8	7	1	exact positional arithmetic consistency; representation-induced
EDIT_DISTANCE_1	DEL_t_RIGHT_9	5	1	exact positional arithmetic consistency; representation-induced
EDIT_DISTANCE_1	DEL_u_RIGHT_0	3	1	exact positional arithmetic consistency; representation-induced
EDIT_DISTANCE_1	DEL_v_RIGHT_1	2	1	exact positional arithmetic consistency; representation-induced
EDIT_DISTANCE_1	DEL_v_RIGHT_2	1	1	exact positional arithmetic consistency; representation-induced
EDIT_DISTANCE_1	DEL_x_RIGHT_0	4	1	exact positional arithmetic consistency; representation-induced
EDIT_DISTANCE_1	DEL_x_RIGHT_1	2	1	exact positional arithmetic consistency; representation-induced
EDIT_DISTANCE_1	DEL_x_RIGHT_2	10	1	exact positional arithmetic consistency; representation-induced
EDIT_DISTANCE_1	DEL_x_RIGHT_3	1	1	exact positional arithmetic consistency; representation-induced
EDIT_DISTANCE_1	DEL_x_RIGHT_4	1	1	exact positional arithmetic consistency; representation-induced
EDIT_DISTANCE_1	DEL_x_RIGHT_6	2	1	exact positional arithmetic consistency; representation-induced
EDIT_DISTANCE_1	DEL_y_RIGHT_0	636	1	exact positional arithmetic consistency; representation-induced
EDIT_DISTANCE_1	DEL_y_RIGHT_1	39	1	exact positional arithmetic consistency; representation-induced
EDIT_DISTANCE_1	DEL_y_RIGHT_2	49	1	exact positional arithmetic consistency; representation-induced
EDIT_DISTANCE_1	DEL_y_RIGHT_3	70	1	exact positional arithmetic consistency; representation-induced
EDIT_DISTANCE_1	DEL_y_RIGHT_4	111	1	exact positional arithmetic consistency; representation-induced
EDIT_DISTANCE_1	DEL_y_RIGHT_5	118	1	exact positional arithmetic consistency; representation-induced
EDIT_DISTANCE_1	DEL_y_RIGHT_6	73	1	exact positional arithmetic consistency; representation-induced
EDIT_DISTANCE_1	DEL_y_RIGHT_7	29	1	exact positional arithmetic consistency; representation-induced
EDIT_DISTANCE_1	DEL_y_RIGHT_8	12	1	exact positional arithmetic consistency; representation-induced
EDIT_DISTANCE_1	DEL_y_RIGHT_9	6	1	exact positional arithmetic consistency; representation-induced
EDIT_DISTANCE_1	DEL_z_RIGHT_0	1	1	exact positional arithmetic consistency; representation-induced
EDIT_DISTANCE_1	DEL_z_RIGHT_1	3	1	exact positional arithmetic consistency; representation-induced
EDIT_DISTANCE_1	DEL_z_RIGHT_2	1	1	exact positional arithmetic consistency; representation-induced
EDIT_DISTANCE_1	DEL_z_RIGHT_5	1	1	exact positional arithmetic consistency; representation-induced
EDIT_DISTANCE_1	INS_a_RIGHT_0	41	1	exact positional arithmetic consistency; representation-induced
EDIT_DISTANCE_1	INS_a_RIGHT_1	138	1	exact positional arithmetic consistency; representation-induced
EDIT_DISTANCE_1	INS_a_RIGHT_2	54	1	exact positional arithmetic consistency; representation-induced
EDIT_DISTANCE_1	INS_a_RIGHT_3	89	1	exact positional arithmetic consistency; representation-induced
EDIT_DISTANCE_1	INS_a_RIGHT_4	44	1	exact positional arithmetic consistency; representation-induced
EDIT_DISTANCE_1	INS_a_RIGHT_5	42	1	exact positional arithmetic consistency; representation-induced
EDIT_DISTANCE_1	INS_a_RIGHT_6	23	1	exact positional arithmetic consistency; representation-induced
EDIT_DISTANCE_1	INS_a_RIGHT_7	2	1	exact positional arithmetic consistency; representation-induced
EDIT_DISTANCE_1	INS_a_RIGHT_8	1	1	exact positional arithmetic consistency; representation-induced
EDIT_DISTANCE_1	INS_b_RIGHT_0	2	1	exact positional arithmetic consistency; representation-induced
EDIT_DISTANCE_1	INS_c_RIGHT_0	14	1	exact positional arithmetic consistency; representation-induced
EDIT_DISTANCE_1	INS_c_RIGHT_1	9	1	exact positional arithmetic consistency; representation-induced
EDIT_DISTANCE_1	INS_c_RIGHT_2	33	1	exact positional arithmetic consistency; representation-induced
EDIT_DISTANCE_1	INS_c_RIGHT_3	39	1	exact positional arithmetic consistency; representation-induced
EDIT_DISTANCE_1	INS_c_RIGHT_4	31	1	exact positional arithmetic consistency; representation-induced
EDIT_DISTANCE_1	INS_c_RIGHT_5	17	1	exact positional arithmetic consistency; representation-induced
EDIT_DISTANCE_1	INS_c_RIGHT_6	5	1	exact positional arithmetic consistency; representation-induced
EDIT_DISTANCE_1	INS_c_RIGHT_7	3	1	exact positional arithmetic consistency; representation-induced
EDIT_DISTANCE_1	INS_d_RIGHT_0	173	1	exact positional arithmetic consistency; representation-induced
EDIT_DISTANCE_1	INS_d_RIGHT_1	512	1	exact positional arithmetic consistency; representation-induced
EDIT_DISTANCE_1	INS_d_RIGHT_2	228	1	exact positional arithmetic consistency; representation-induced
EDIT_DISTANCE_1	INS_d_RIGHT_3	124	1	exact positional arithmetic consistency; representation-induced
EDIT_DISTANCE_1	INS_d_RIGHT_4	178	1	exact positional arithmetic consistency; representation-induced
EDIT_DISTANCE_1	INS_d_RIGHT_5	98	1	exact positional arithmetic consistency; representation-induced
EDIT_DISTANCE_1	INS_d_RIGHT_6	79	1	exact positional arithmetic consistency; representation-induced
EDIT_DISTANCE_1	INS_d_RIGHT_7	21	1	exact positional arithmetic consistency; representation-induced
EDIT_DISTANCE_1	INS_d_RIGHT_8	12	1	exact positional arithmetic consistency; representation-induced
EDIT_DISTANCE_1	INS_d_RIGHT_9	1	1	exact positional arithmetic consistency; representation-induced
EDIT_DISTANCE_1	INS_e_RIGHT_0	36	1	exact positional arithmetic consistency; representation-induced
EDIT_DISTANCE_1	INS_e_RIGHT_1	537	1	exact positional arithmetic consistency; representation-induced
EDIT_DISTANCE_1	INS_e_RIGHT_2	775	1	exact positional arithmetic consistency; representation-induced
EDIT_DISTANCE_1	INS_e_RIGHT_3	549	1	exact positional arithmetic consistency; representation-induced
EDIT_DISTANCE_1	INS_e_RIGHT_4	330	1	exact positional arithmetic consistency; representation-induced
EDIT_DISTANCE_1	INS_e_RIGHT_5	191	1	exact positional arithmetic consistency; representation-induced
EDIT_DISTANCE_1	INS_e_RIGHT_6	81	1	exact positional arithmetic consistency; representation-induced
EDIT_DISTANCE_1	INS_e_RIGHT_7	15	1	exact positional arithmetic consistency; representation-induced
EDIT_DISTANCE_1	INS_e_RIGHT_8	1	1	exact positional arithmetic consistency; representation-induced
EDIT_DISTANCE_1	INS_f_RIGHT_0	12	1	exact positional arithmetic consistency; representation-induced
EDIT_DISTANCE_1	INS_f_RIGHT_1	16	1	exact positional arithmetic consistency; representation-induced
EDIT_DISTANCE_1	INS_f_RIGHT_2	30	1	exact positional arithmetic consistency; representation-induced
EDIT_DISTANCE_1	INS_f_RIGHT_3	37	1	exact positional arithmetic consistency; representation-induced
EDIT_DISTANCE_1	INS_f_RIGHT_4	47	1	exact positional arithmetic consistency; representation-induced
EDIT_DISTANCE_1	INS_f_RIGHT_5	34	1	exact positional arithmetic consistency; representation-induced
EDIT_DISTANCE_1	INS_f_RIGHT_6	15	1	exact positional arithmetic consistency; representation-induced
EDIT_DISTANCE_1	INS_f_RIGHT_7	7	1	exact positional arithmetic consistency; representation-induced
EDIT_DISTANCE_1	INS_f_RIGHT_8	1	1	exact positional arithmetic consistency; representation-induced
EDIT_DISTANCE_1	INS_g_RIGHT_0	59	1	exact positional arithmetic consistency; representation-induced
EDIT_DISTANCE_1	INS_g_RIGHT_1	2	1	exact positional arithmetic consistency; representation-induced
EDIT_DISTANCE_1	INS_g_RIGHT_2	1	1	exact positional arithmetic consistency; representation-induced
EDIT_DISTANCE_1	INS_g_RIGHT_3	2	1	exact positional arithmetic consistency; representation-induced
EDIT_DISTANCE_1	INS_h_RIGHT_0	15	1	exact positional arithmetic consistency; representation-induced
EDIT_DISTANCE_1	INS_h_RIGHT_1	80	1	exact positional arithmetic consistency; representation-induced
EDIT_DISTANCE_1	INS_h_RIGHT_2	83	1	exact positional arithmetic consistency; representation-induced
EDIT_DISTANCE_1	INS_h_RIGHT_3	43	1	exact positional arithmetic consistency; representation-induced
EDIT_DISTANCE_1	INS_h_RIGHT_4	39	1	exact positional arithmetic consistency; representation-induced
EDIT_DISTANCE_1	INS_h_RIGHT_5	15	1	exact positional arithmetic consistency; representation-induced
EDIT_DISTANCE_1	INS_h_RIGHT_6	9	1	exact positional arithmetic consistency; representation-induced
EDIT_DISTANCE_1	INS_h_RIGHT_7	5	1	exact positional arithmetic consistency; representation-induced
EDIT_DISTANCE_1	INS_i_RIGHT_0	16	1	exact positional arithmetic consistency; representation-induced
EDIT_DISTANCE_1	INS_i_RIGHT_1	389	1	exact positional arithmetic consistency; representation-induced
EDIT_DISTANCE_1	INS_i_RIGHT_2	254	1	exact positional arithmetic consistency; representation-induced
EDIT_DISTANCE_1	INS_i_RIGHT_3	85	1	exact positional arithmetic consistency; representation-induced
EDIT_DISTANCE_1	INS_i_RIGHT_4	16	1	exact positional arithmetic consistency; representation-induced
EDIT_DISTANCE_1	INS_i_RIGHT_5	6	1	exact positional arithmetic consistency; representation-induced
EDIT_DISTANCE_1	INS_i_RIGHT_6	1	1	exact positional arithmetic consistency; representation-induced
EDIT_DISTANCE_1	INS_j_RIGHT_0	1	1	exact positional arithmetic consistency; representation-induced
EDIT_DISTANCE_1	INS_j_RIGHT_1	2	1	exact positional arithmetic consistency; representation-induced
EDIT_DISTANCE_1	INS_j_RIGHT_3	1	1	exact positional arithmetic consistency; representation-induced
EDIT_DISTANCE_1	INS_k_RIGHT_0	20	1	exact positional arithmetic consistency; representation-induced
EDIT_DISTANCE_1	INS_k_RIGHT_1	89	1	exact positional arithmetic consistency; representation-induced
EDIT_DISTANCE_1	INS_k_RIGHT_2	157	1	exact positional arithmetic consistency; representation-induced
EDIT_DISTANCE_1	INS_k_RIGHT_3	188	1	exact positional arithmetic consistency; representation-induced
EDIT_DISTANCE_1	INS_k_RIGHT_4	208	1	exact positional arithmetic consistency; representation-induced
EDIT_DISTANCE_1	INS_k_RIGHT_5	99	1	exact positional arithmetic consistency; representation-induced
EDIT_DISTANCE_1	INS_k_RIGHT_6	49	1	exact positional arithmetic consistency; representation-induced
EDIT_DISTANCE_1	INS_k_RIGHT_7	16	1	exact positional arithmetic consistency; representation-induced
EDIT_DISTANCE_1	INS_k_RIGHT_8	3	1	exact positional arithmetic consistency; representation-induced
EDIT_DISTANCE_1	INS_k_RIGHT_9	1	1	exact positional arithmetic consistency; representation-induced
EDIT_DISTANCE_1	INS_l_RIGHT_0	260	1	exact positional arithmetic consistency; representation-induced
EDIT_DISTANCE_1	INS_l_RIGHT_1	117	1	exact positional arithmetic consistency; representation-induced
EDIT_DISTANCE_1	INS_l_RIGHT_2	130	1	exact positional arithmetic consistency; representation-induced
EDIT_DISTANCE_1	INS_l_RIGHT_3	114	1	exact positional arithmetic consistency; representation-induced
EDIT_DISTANCE_1	INS_l_RIGHT_4	169	1	exact positional arithmetic consistency; representation-induced
EDIT_DISTANCE_1	INS_l_RIGHT_5	154	1	exact positional arithmetic consistency; representation-induced
EDIT_DISTANCE_1	INS_l_RIGHT_6	66	1	exact positional arithmetic consistency; representation-induced
EDIT_DISTANCE_1	INS_l_RIGHT_7	20	1	exact positional arithmetic consistency; representation-induced
EDIT_DISTANCE_1	INS_l_RIGHT_8	5	1	exact positional arithmetic consistency; representation-induced
EDIT_DISTANCE_1	INS_l_RIGHT_9	4	1	exact positional arithmetic consistency; representation-induced
EDIT_DISTANCE_1	INS_m_RIGHT_0	92	1	exact positional arithmetic consistency; representation-induced
EDIT_DISTANCE_1	INS_m_RIGHT_1	5	1	exact positional arithmetic consistency; representation-induced
EDIT_DISTANCE_1	INS_m_RIGHT_2	2	1	exact positional arithmetic consistency; representation-induced
EDIT_DISTANCE_1	INS_n_RIGHT_0	44	1	exact positional arithmetic consistency; representation-induced
EDIT_DISTANCE_1	INS_n_RIGHT_1	6	1	exact positional arithmetic consistency; representation-induced
EDIT_DISTANCE_1	INS_n_RIGHT_2	4	1	exact positional arithmetic consistency; representation-induced
EDIT_DISTANCE_1	INS_n_RIGHT_3	1	1	exact positional arithmetic consistency; representation-induced
EDIT_DISTANCE_1	INS_n_RIGHT_4	1	1	exact positional arithmetic consistency; representation-induced
EDIT_DISTANCE_1	INS_o_RIGHT_0	136	1	exact positional arithmetic consistency; representation-induced
EDIT_DISTANCE_1	INS_o_RIGHT_1	256	1	exact positional arithmetic consistency; representation-induced
EDIT_DISTANCE_1	INS_o_RIGHT_10	1	1	exact positional arithmetic consistency; representation-induced
EDIT_DISTANCE_1	INS_o_RIGHT_2	295	1	exact positional arithmetic consistency; representation-induced
EDIT_DISTANCE_1	INS_o_RIGHT_3	278	1	exact positional arithmetic consistency; representation-induced
EDIT_DISTANCE_1	INS_o_RIGHT_4	311	1	exact positional arithmetic consistency; representation-induced
EDIT_DISTANCE_1	INS_o_RIGHT_5	312	1	exact positional arithmetic consistency; representation-induced
EDIT_DISTANCE_1	INS_o_RIGHT_6	180	1	exact positional arithmetic consistency; representation-induced
EDIT_DISTANCE_1	INS_o_RIGHT_7	71	1	exact positional arithmetic consistency; representation-induced
EDIT_DISTANCE_1	INS_o_RIGHT_8	13	1	exact positional arithmetic consistency; representation-induced
EDIT_DISTANCE_1	INS_o_RIGHT_9	6	1	exact positional arithmetic consistency; representation-induced
EDIT_DISTANCE_1	INS_p_RIGHT_0	13	1	exact positional arithmetic consistency; representation-induced
EDIT_DISTANCE_1	INS_p_RIGHT_1	17	1	exact positional arithmetic consistency; representation-induced
EDIT_DISTANCE_1	INS_p_RIGHT_2	41	1	exact positional arithmetic consistency; representation-induced
EDIT_DISTANCE_1	INS_p_RIGHT_3	58	1	exact positional arithmetic consistency; representation-induced
EDIT_DISTANCE_1	INS_p_RIGHT_4	96	1	exact positional arithmetic consistency; representation-induced
EDIT_DISTANCE_1	INS_p_RIGHT_5	74	1	exact positional arithmetic consistency; representation-induced
EDIT_DISTANCE_1	INS_p_RIGHT_6	62	1	exact positional arithmetic consistency; representation-induced
EDIT_DISTANCE_1	INS_p_RIGHT_7	25	1	exact positional arithmetic consistency; representation-induced
EDIT_DISTANCE_1	INS_p_RIGHT_8	12	1	exact positional arithmetic consistency; representation-induced
EDIT_DISTANCE_1	INS_p_RIGHT_9	2	1	exact positional arithmetic consistency; representation-induced
EDIT_DISTANCE_1	INS_q_RIGHT_1	6	1	exact positional arithmetic consistency; representation-induced
EDIT_DISTANCE_1	INS_q_RIGHT_10	2	1	exact positional arithmetic consistency; representation-induced
EDIT_DISTANCE_1	INS_q_RIGHT_2	12	1	exact positional arithmetic consistency; representation-induced
EDIT_DISTANCE_1	INS_q_RIGHT_3	27	1	exact positional arithmetic consistency; representation-induced
EDIT_DISTANCE_1	INS_q_RIGHT_4	83	1	exact positional arithmetic consistency; representation-induced
EDIT_DISTANCE_1	INS_q_RIGHT_5	103	1	exact positional arithmetic consistency; representation-induced
EDIT_DISTANCE_1	INS_q_RIGHT_6	141	1	exact positional arithmetic consistency; representation-induced
EDIT_DISTANCE_1	INS_q_RIGHT_7	78	1	exact positional arithmetic consistency; representation-induced
EDIT_DISTANCE_1	INS_q_RIGHT_8	34	1	exact positional arithmetic consistency; representation-induced
EDIT_DISTANCE_1	INS_q_RIGHT_9	4	1	exact positional arithmetic consistency; representation-induced
EDIT_DISTANCE_1	INS_r_RIGHT_0	215	1	exact positional arithmetic consistency; representation-induced
EDIT_DISTANCE_1	INS_r_RIGHT_1	36	1	exact positional arithmetic consistency; representation-induced
EDIT_DISTANCE_1	INS_r_RIGHT_2	48	1	exact positional arithmetic consistency; representation-induced
EDIT_DISTANCE_1	INS_r_RIGHT_3	43	1	exact positional arithmetic consistency; representation-induced
EDIT_DISTANCE_1	INS_r_RIGHT_4	56	1	exact positional arithmetic consistency; representation-induced
EDIT_DISTANCE_1	INS_r_RIGHT_5	29	1	exact positional arithmetic consistency; representation-induced
EDIT_DISTANCE_1	INS_r_RIGHT_6	18	1	exact positional arithmetic consistency; representation-induced
EDIT_DISTANCE_1	INS_r_RIGHT_7	7	1	exact positional arithmetic consistency; representation-induced
EDIT_DISTANCE_1	INS_r_RIGHT_8	1	1	exact positional arithmetic consistency; representation-induced
EDIT_DISTANCE_1	INS_s_RIGHT_0	226	1	exact positional arithmetic consistency; representation-induced
EDIT_DISTANCE_1	INS_s_RIGHT_1	72	1	exact positional arithmetic consistency; representation-induced
EDIT_DISTANCE_1	INS_s_RIGHT_2	63	1	exact positional arithmetic consistency; representation-induced
EDIT_DISTANCE_1	INS_s_RIGHT_3	63	1	exact positional arithmetic consistency; representation-induced
EDIT_DISTANCE_1	INS_s_RIGHT_4	86	1	exact positional arithmetic consistency; representation-induced
EDIT_DISTANCE_1	INS_s_RIGHT_5	59	1	exact positional arithmetic consistency; representation-induced
EDIT_DISTANCE_1	INS_s_RIGHT_6	38	1	exact positional arithmetic consistency; representation-induced
EDIT_DISTANCE_1	INS_s_RIGHT_7	25	1	exact positional arithmetic consistency; representation-induced
EDIT_DISTANCE_1	INS_s_RIGHT_8	4	1	exact positional arithmetic consistency; representation-induced
EDIT_DISTANCE_1	INS_s_RIGHT_9	1	1	exact positional arithmetic consistency; representation-induced
EDIT_DISTANCE_1	INS_t_RIGHT_0	16	1	exact positional arithmetic consistency; representation-induced
EDIT_DISTANCE_1	INS_t_RIGHT_1	51	1	exact positional arithmetic consistency; representation-induced
EDIT_DISTANCE_1	INS_t_RIGHT_2	106	1	exact positional arithmetic consistency; representation-induced
EDIT_DISTANCE_1	INS_t_RIGHT_3	152	1	exact positional arithmetic consistency; representation-induced
EDIT_DISTANCE_1	INS_t_RIGHT_4	165	1	exact positional arithmetic consistency; representation-induced
EDIT_DISTANCE_1	INS_t_RIGHT_5	111	1	exact positional arithmetic consistency; representation-induced
EDIT_DISTANCE_1	INS_t_RIGHT_6	57	1	exact positional arithmetic consistency; representation-induced
EDIT_DISTANCE_1	INS_t_RIGHT_7	19	1	exact positional arithmetic consistency; representation-induced
EDIT_DISTANCE_1	INS_t_RIGHT_8	7	1	exact positional arithmetic consistency; representation-induced
EDIT_DISTANCE_1	INS_t_RIGHT_9	5	1	exact positional arithmetic consistency; representation-induced
EDIT_DISTANCE_1	INS_u_RIGHT_0	3	1	exact positional arithmetic consistency; representation-induced
EDIT_DISTANCE_1	INS_v_RIGHT_1	2	1	exact positional arithmetic consistency; representation-induced
EDIT_DISTANCE_1	INS_v_RIGHT_2	1	1	exact positional arithmetic consistency; representation-induced
EDIT_DISTANCE_1	INS_x_RIGHT_0	4	1	exact positional arithmetic consistency; representation-induced
EDIT_DISTANCE_1	INS_x_RIGHT_1	2	1	exact positional arithmetic consistency; representation-induced
EDIT_DISTANCE_1	INS_x_RIGHT_2	10	1	exact positional arithmetic consistency; representation-induced
EDIT_DISTANCE_1	INS_x_RIGHT_3	1	1	exact positional arithmetic consistency; representation-induced
EDIT_DISTANCE_1	INS_x_RIGHT_4	1	1	exact positional arithmetic consistency; representation-induced
EDIT_DISTANCE_1	INS_x_RIGHT_6	2	1	exact positional arithmetic consistency; representation-induced
EDIT_DISTANCE_1	INS_y_RIGHT_0	636	1	exact positional arithmetic consistency; representation-induced
EDIT_DISTANCE_1	INS_y_RIGHT_1	39	1	exact positional arithmetic consistency; representation-induced
EDIT_DISTANCE_1	INS_y_RIGHT_2	49	1	exact positional arithmetic consistency; representation-induced
EDIT_DISTANCE_1	INS_y_RIGHT_3	70	1	exact positional arithmetic consistency; representation-induced
EDIT_DISTANCE_1	INS_y_RIGHT_4	111	1	exact positional arithmetic consistency; representation-induced
EDIT_DISTANCE_1	INS_y_RIGHT_5	118	1	exact positional arithmetic consistency; representation-induced
EDIT_DISTANCE_1	INS_y_RIGHT_6	73	1	exact positional arithmetic consistency; representation-induced
EDIT_DISTANCE_1	INS_y_RIGHT_7	29	1	exact positional arithmetic consistency; representation-induced
EDIT_DISTANCE_1	INS_y_RIGHT_8	12	1	exact positional arithmetic consistency; representation-induced
EDIT_DISTANCE_1	INS_y_RIGHT_9	6	1	exact positional arithmetic consistency; representation-induced
EDIT_DISTANCE_1	INS_z_RIGHT_0	1	1	exact positional arithmetic consistency; representation-induced
EDIT_DISTANCE_1	INS_z_RIGHT_1	3	1	exact positional arithmetic consistency; representation-induced
EDIT_DISTANCE_1	INS_z_RIGHT_2	1	1	exact positional arithmetic consistency; representation-induced
EDIT_DISTANCE_1	INS_z_RIGHT_5	1	1	exact positional arithmetic consistency; representation-induced
EDIT_DISTANCE_1	SUB_a_TO_b_RIGHT_0	1	1	exact positional arithmetic consistency; representation-induced
EDIT_DISTANCE_1	SUB_a_TO_c_RIGHT_0	3	1	exact positional arithmetic consistency; representation-induced
EDIT_DISTANCE_1	SUB_a_TO_c_RIGHT_1	5	1	exact positional arithmetic consistency; representation-induced
EDIT_DISTANCE_1	SUB_a_TO_c_RIGHT_2	5	1	exact positional arithmetic consistency; representation-induced
EDIT_DISTANCE_1	SUB_a_TO_c_RIGHT_3	2	1	exact positional arithmetic consistency; representation-induced
EDIT_DISTANCE_1	SUB_a_TO_c_RIGHT_5	1	1	exact positional arithmetic consistency; representation-induced
EDIT_DISTANCE_1	SUB_a_TO_c_RIGHT_6	1	1	exact positional arithmetic consistency; representation-induced
EDIT_DISTANCE_1	SUB_a_TO_d_RIGHT_0	17	1	exact positional arithmetic consistency; representation-induced
EDIT_DISTANCE_1	SUB_a_TO_d_RIGHT_1	27	1	exact positional arithmetic consistency; representation-induced
EDIT_DISTANCE_1	SUB_a_TO_d_RIGHT_2	9	1	exact positional arithmetic consistency; representation-induced
EDIT_DISTANCE_1	SUB_a_TO_d_RIGHT_3	11	1	exact positional arithmetic consistency; representation-induced
EDIT_DISTANCE_1	SUB_a_TO_d_RIGHT_4	7	1	exact positional arithmetic consistency; representation-induced
EDIT_DISTANCE_1	SUB_a_TO_d_RIGHT_5	2	1	exact positional arithmetic consistency; representation-induced
EDIT_DISTANCE_1	SUB_a_TO_d_RIGHT_6	2	1	exact positional arithmetic consistency; representation-induced
EDIT_DISTANCE_1	SUB_a_TO_e_RIGHT_0	15	1	exact positional arithmetic consistency; representation-induced
EDIT_DISTANCE_1	SUB_a_TO_e_RIGHT_1	41	1	exact positional arithmetic consistency; representation-induced
EDIT_DISTANCE_1	SUB_a_TO_e_RIGHT_2	21	1	exact positional arithmetic consistency; representation-induced
EDIT_DISTANCE_1	SUB_a_TO_e_RIGHT_3	8	1	exact positional arithmetic consistency; representation-induced
EDIT_DISTANCE_1	SUB_a_TO_e_RIGHT_4	4	1	exact positional arithmetic consistency; representation-induced
EDIT_DISTANCE_1	SUB_a_TO_e_RIGHT_5	5	1	exact positional arithmetic consistency; representation-induced
EDIT_DISTANCE_1	SUB_a_TO_f_RIGHT_0	4	1	exact positional arithmetic consistency; representation-induced
EDIT_DISTANCE_1	SUB_a_TO_f_RIGHT_6	1	1	exact positional arithmetic consistency; representation-induced
EDIT_DISTANCE_1	SUB_a_TO_g_RIGHT_0	8	1	exact positional arithmetic consistency; representation-induced
EDIT_DISTANCE_1	SUB_a_TO_g_RIGHT_1	2	1	exact positional arithmetic consistency; representation-induced
EDIT_DISTANCE_1	SUB_a_TO_g_RIGHT_3	1	1	exact positional arithmetic consistency; representation-induced
EDIT_DISTANCE_1	SUB_a_TO_h_RIGHT_0	2	1	exact positional arithmetic consistency; representation-induced
EDIT_DISTANCE_1	SUB_a_TO_h_RIGHT_1	9	1	exact positional arithmetic consistency; representation-induced
EDIT_DISTANCE_1	SUB_a_TO_h_RIGHT_2	3	1	exact positional arithmetic consistency; representation-induced
EDIT_DISTANCE_1	SUB_a_TO_h_RIGHT_3	5	1	exact positional arithmetic consistency; representation-induced
EDIT_DISTANCE_1	SUB_a_TO_h_RIGHT_5	1	1	exact positional arithmetic consistency; representation-induced
EDIT_DISTANCE_1	SUB_a_TO_i_RIGHT_0	1	1	exact positional arithmetic consistency; representation-induced
EDIT_DISTANCE_1	SUB_a_TO_i_RIGHT_1	6	1	exact positional arithmetic consistency; representation-induced
EDIT_DISTANCE_1	SUB_a_TO_i_RIGHT_2	22	1	exact positional arithmetic consistency; representation-induced
EDIT_DISTANCE_1	SUB_a_TO_i_RIGHT_3	12	1	exact positional arithmetic consistency; representation-induced
EDIT_DISTANCE_1	SUB_a_TO_k_RIGHT_0	6	1	exact positional arithmetic consistency; representation-induced
EDIT_DISTANCE_1	SUB_a_TO_k_RIGHT_1	9	1	exact positional arithmetic consistency; representation-induced
EDIT_DISTANCE_1	SUB_a_TO_k_RIGHT_2	1	1	exact positional arithmetic consistency; representation-induced
EDIT_DISTANCE_1	SUB_a_TO_k_RIGHT_3	6	1	exact positional arithmetic consistency; representation-induced
EDIT_DISTANCE_1	SUB_a_TO_k_RIGHT_6	1	1	exact positional arithmetic consistency; representation-induced
EDIT_DISTANCE_1	SUB_a_TO_l_RIGHT_0	16	1	exact positional arithmetic consistency; representation-induced
EDIT_DISTANCE_1	SUB_a_TO_l_RIGHT_1	13	1	exact positional arithmetic consistency; representation-induced
EDIT_DISTANCE_1	SUB_a_TO_l_RIGHT_2	5	1	exact positional arithmetic consistency; representation-induced
EDIT_DISTANCE_1	SUB_a_TO_l_RIGHT_3	12	1	exact positional arithmetic consistency; representation-induced
EDIT_DISTANCE_1	SUB_a_TO_l_RIGHT_4	7	1	exact positional arithmetic consistency; representation-induced
EDIT_DISTANCE_1	SUB_a_TO_l_RIGHT_5	5	1	exact positional arithmetic consistency; representation-induced
EDIT_DISTANCE_1	SUB_a_TO_l_RIGHT_6	2	1	exact positional arithmetic consistency; representation-induced
EDIT_DISTANCE_1	SUB_a_TO_m_RIGHT_0	6	1	exact positional arithmetic consistency; representation-induced
EDIT_DISTANCE_1	SUB_a_TO_n_RIGHT_0	2	1	exact positional arithmetic consistency; representation-induced
EDIT_DISTANCE_1	SUB_a_TO_o_RIGHT_0	30	1	exact positional arithmetic consistency; representation-induced
EDIT_DISTANCE_1	SUB_a_TO_o_RIGHT_1	380	1	exact positional arithmetic consistency; representation-induced
EDIT_DISTANCE_1	SUB_a_TO_o_RIGHT_2	88	1	exact positional arithmetic consistency; representation-induced
EDIT_DISTANCE_1	SUB_a_TO_o_RIGHT_3	130	1	exact positional arithmetic consistency; representation-induced
EDIT_DISTANCE_1	SUB_a_TO_o_RIGHT_4	68	1	exact positional arithmetic consistency; representation-induced
EDIT_DISTANCE_1	SUB_a_TO_o_RIGHT_5	64	1	exact positional arithmetic consistency; representation-induced
EDIT_DISTANCE_1	SUB_a_TO_o_RIGHT_6	33	1	exact positional arithmetic consistency; representation-induced
EDIT_DISTANCE_1	SUB_a_TO_p_RIGHT_0	5	1	exact positional arithmetic consistency; representation-induced
EDIT_DISTANCE_1	SUB_a_TO_p_RIGHT_1	3	1	exact positional arithmetic consistency; representation-induced
EDIT_DISTANCE_1	SUB_a_TO_p_RIGHT_2	1	1	exact positional arithmetic consistency; representation-induced
EDIT_DISTANCE_1	SUB_a_TO_p_RIGHT_3	3	1	exact positional arithmetic consistency; representation-induced
EDIT_DISTANCE_1	SUB_a_TO_p_RIGHT_4	2	1	exact positional arithmetic consistency; representation-induced
EDIT_DISTANCE_1	SUB_a_TO_p_RIGHT_6	1	1	exact positional arithmetic consistency; representation-induced
EDIT_DISTANCE_1	SUB_a_TO_q_RIGHT_0	1	1	exact positional arithmetic consistency; representation-induced
EDIT_DISTANCE_1	SUB_a_TO_q_RIGHT_1	1	1	exact positional arithmetic consistency; representation-induced
EDIT_DISTANCE_1	SUB_a_TO_q_RIGHT_3	1	1	exact positional arithmetic consistency; representation-induced
EDIT_DISTANCE_1	SUB_a_TO_q_RIGHT_4	3	1	exact positional arithmetic consistency; representation-induced
EDIT_DISTANCE_1	SUB_a_TO_q_RIGHT_5	2	1	exact positional arithmetic consistency; representation-induced
EDIT_DISTANCE_1	SUB_a_TO_q_RIGHT_6	1	1	exact positional arithmetic consistency; representation-induced
EDIT_DISTANCE_1	SUB_a_TO_r_RIGHT_0	10	1	exact positional arithmetic consistency; representation-induced
EDIT_DISTANCE_1	SUB_a_TO_r_RIGHT_1	3	1	exact positional arithmetic consistency; representation-induced
EDIT_DISTANCE_1	SUB_a_TO_r_RIGHT_2	1	1	exact positional arithmetic consistency; representation-induced
EDIT_DISTANCE_1	SUB_a_TO_r_RIGHT_3	3	1	exact positional arithmetic consistency; representation-induced
EDIT_DISTANCE_1	SUB_a_TO_r_RIGHT_5	1	1	exact positional arithmetic consistency; representation-induced
EDIT_DISTANCE_1	SUB_a_TO_s_RIGHT_0	18	1	exact positional arithmetic consistency; representation-induced
EDIT_DISTANCE_1	SUB_a_TO_s_RIGHT_1	4	1	exact positional arithmetic consistency; representation-induced
EDIT_DISTANCE_1	SUB_a_TO_s_RIGHT_2	2	1	exact positional arithmetic consistency; representation-induced
EDIT_DISTANCE_1	SUB_a_TO_s_RIGHT_3	5	1	exact positional arithmetic consistency; representation-induced
EDIT_DISTANCE_1	SUB_a_TO_s_RIGHT_4	1	1	exact positional arithmetic consistency; representation-induced
EDIT_DISTANCE_1	SUB_a_TO_s_RIGHT_5	1	1	exact positional arithmetic consistency; representation-induced
EDIT_DISTANCE_1	SUB_a_TO_t_RIGHT_0	4	1	exact positional arithmetic consistency; representation-induced
EDIT_DISTANCE_1	SUB_a_TO_t_RIGHT_1	6	1	exact positional arithmetic consistency; representation-induced
EDIT_DISTANCE_1	SUB_a_TO_t_RIGHT_2	1	1	exact positional arithmetic consistency; representation-induced
EDIT_DISTANCE_1	SUB_a_TO_t_RIGHT_3	3	1	exact positional arithmetic consistency; representation-induced
EDIT_DISTANCE_1	SUB_a_TO_t_RIGHT_4	2	1	exact positional arithmetic consistency; representation-induced
EDIT_DISTANCE_1	SUB_a_TO_t_RIGHT_6	1	1	exact positional arithmetic consistency; representation-induced
EDIT_DISTANCE_1	SUB_a_TO_u_RIGHT_0	2	1	exact positional arithmetic consistency; representation-induced
EDIT_DISTANCE_1	SUB_a_TO_v_RIGHT_0	1	1	exact positional arithmetic consistency; representation-induced
EDIT_DISTANCE_1	SUB_a_TO_v_RIGHT_1	1	1	exact positional arithmetic consistency; representation-induced
EDIT_DISTANCE_1	SUB_a_TO_x_RIGHT_0	3	1	exact positional arithmetic consistency; representation-induced
EDIT_DISTANCE_1	SUB_a_TO_x_RIGHT_2	1	1	exact positional arithmetic consistency; representation-induced
EDIT_DISTANCE_1	SUB_a_TO_x_RIGHT_3	1	1	exact positional arithmetic consistency; representation-induced
EDIT_DISTANCE_1	SUB_a_TO_y_RIGHT_0	55	1	exact positional arithmetic consistency; representation-induced
EDIT_DISTANCE_1	SUB_a_TO_y_RIGHT_1	27	1	exact positional arithmetic consistency; representation-induced
EDIT_DISTANCE_1	SUB_a_TO_y_RIGHT_2	16	1	exact positional arithmetic consistency; representation-induced
EDIT_DISTANCE_1	SUB_a_TO_y_RIGHT_3	14	1	exact positional arithmetic consistency; representation-induced
EDIT_DISTANCE_1	SUB_a_TO_y_RIGHT_4	9	1	exact positional arithmetic consistency; representation-induced
EDIT_DISTANCE_1	SUB_a_TO_y_RIGHT_5	6	1	exact positional arithmetic consistency; representation-induced
EDIT_DISTANCE_1	SUB_a_TO_y_RIGHT_6	3	1	exact positional arithmetic consistency; representation-induced
EDIT_DISTANCE_1	SUB_a_TO_z_RIGHT_1	1	1	exact positional arithmetic consistency; representation-induced
EDIT_DISTANCE_1	SUB_b_TO_a_RIGHT_0	1	1	exact positional arithmetic consistency; representation-induced
EDIT_DISTANCE_1	SUB_b_TO_d_RIGHT_0	5	1	exact positional arithmetic consistency; representation-induced
EDIT_DISTANCE_1	SUB_b_TO_e_RIGHT_0	1	1	exact positional arithmetic consistency; representation-induced
EDIT_DISTANCE_1	SUB_b_TO_f_RIGHT_0	1	1	exact positional arithmetic consistency; representation-induced
EDIT_DISTANCE_1	SUB_b_TO_g_RIGHT_0	1	1	exact positional arithmetic consistency; representation-induced
EDIT_DISTANCE_1	SUB_b_TO_o_RIGHT_0	4	1	exact positional arithmetic consistency; representation-induced
EDIT_DISTANCE_1	SUB_b_TO_s_RIGHT_0	10	1	exact positional arithmetic consistency; representation-induced
EDIT_DISTANCE_1	SUB_b_TO_t_RIGHT_0	1	1	exact positional arithmetic consistency; representation-induced
EDIT_DISTANCE_1	SUB_b_TO_y_RIGHT_0	12	1	exact positional arithmetic consistency; representation-induced
EDIT_DISTANCE_1	SUB_c_TO_a_RIGHT_0	3	1	exact positional arithmetic consistency; representation-induced
EDIT_DISTANCE_1	SUB_c_TO_a_RIGHT_1	5	1	exact positional arithmetic consistency; representation-induced
EDIT_DISTANCE_1	SUB_c_TO_a_RIGHT_2	5	1	exact positional arithmetic consistency; representation-induced
EDIT_DISTANCE_1	SUB_c_TO_a_RIGHT_3	2	1	exact positional arithmetic consistency; representation-induced
EDIT_DISTANCE_1	SUB_c_TO_a_RIGHT_5	1	1	exact positional arithmetic consistency; representation-induced
EDIT_DISTANCE_1	SUB_c_TO_a_RIGHT_6	1	1	exact positional arithmetic consistency; representation-induced
EDIT_DISTANCE_1	SUB_c_TO_d_RIGHT_0	7	1	exact positional arithmetic consistency; representation-induced
EDIT_DISTANCE_1	SUB_c_TO_d_RIGHT_1	5	1	exact positional arithmetic consistency; representation-induced
EDIT_DISTANCE_1	SUB_c_TO_d_RIGHT_2	4	1	exact positional arithmetic consistency; representation-induced
EDIT_DISTANCE_1	SUB_c_TO_d_RIGHT_3	1	1	exact positional arithmetic consistency; representation-induced
EDIT_DISTANCE_1	SUB_c_TO_d_RIGHT_4	1	1	exact positional arithmetic consistency; representation-induced
EDIT_DISTANCE_1	SUB_c_TO_d_RIGHT_5	1	1	exact positional arithmetic consistency; representation-induced
EDIT_DISTANCE_1	SUB_c_TO_e_RIGHT_0	2	1	exact positional arithmetic consistency; representation-induced
EDIT_DISTANCE_1	SUB_c_TO_e_RIGHT_1	8	1	exact positional arithmetic consistency; representation-induced
EDIT_DISTANCE_1	SUB_c_TO_e_RIGHT_2	8	1	exact positional arithmetic consistency; representation-induced
EDIT_DISTANCE_1	SUB_c_TO_e_RIGHT_3	4	1	exact positional arithmetic consistency; representation-induced
EDIT_DISTANCE_1	SUB_c_TO_e_RIGHT_4	5	1	exact positional arithmetic consistency; representation-induced
EDIT_DISTANCE_1	SUB_c_TO_e_RIGHT_5	3	1	exact positional arithmetic consistency; representation-induced
EDIT_DISTANCE_1	SUB_c_TO_f_RIGHT_0	3	1	exact positional arithmetic consistency; representation-induced
EDIT_DISTANCE_1	SUB_c_TO_g_RIGHT_0	4	1	exact positional arithmetic consistency; representation-induced
EDIT_DISTANCE_1	SUB_c_TO_h_RIGHT_0	1	1	exact positional arithmetic consistency; representation-induced
EDIT_DISTANCE_1	SUB_c_TO_h_RIGHT_1	2	1	exact positional arithmetic consistency; representation-induced
EDIT_DISTANCE_1	SUB_c_TO_h_RIGHT_2	6	1	exact positional arithmetic consistency; representation-induced
EDIT_DISTANCE_1	SUB_c_TO_h_RIGHT_3	3	1	exact positional arithmetic consistency; representation-induced
EDIT_DISTANCE_1	SUB_c_TO_h_RIGHT_4	2	1	exact positional arithmetic consistency; representation-induced
EDIT_DISTANCE_1	SUB_c_TO_i_RIGHT_0	2	1	exact positional arithmetic consistency; representation-induced
EDIT_DISTANCE_1	SUB_c_TO_i_RIGHT_2	1	1	exact positional arithmetic consistency; representation-induced
EDIT_DISTANCE_1	SUB_c_TO_i_RIGHT_3	14	1	exact positional arithmetic consistency; representation-induced
EDIT_DISTANCE_1	SUB_c_TO_i_RIGHT_4	4	1	exact positional arithmetic consistency; representation-induced
EDIT_DISTANCE_1	SUB_c_TO_i_RIGHT_5	1	1	exact positional arithmetic consistency; representation-induced
EDIT_DISTANCE_1	SUB_c_TO_i_RIGHT_6	1	1	exact positional arithmetic consistency; representation-induced
EDIT_DISTANCE_1	SUB_c_TO_k_RIGHT_0	5	1	exact positional arithmetic consistency; representation-induced
EDIT_DISTANCE_1	SUB_c_TO_k_RIGHT_1	3	1	exact positional arithmetic consistency; representation-induced
EDIT_DISTANCE_1	SUB_c_TO_k_RIGHT_2	3	1	exact positional arithmetic consistency; representation-induced
EDIT_DISTANCE_1	SUB_c_TO_k_RIGHT_3	5	1	exact positional arithmetic consistency; representation-induced
EDIT_DISTANCE_1	SUB_c_TO_k_RIGHT_4	3	1	exact positional arithmetic consistency; representation-induced
EDIT_DISTANCE_1	SUB_c_TO_l_RIGHT_0	8	1	exact positional arithmetic consistency; representation-induced
EDIT_DISTANCE_1	SUB_c_TO_l_RIGHT_1	2	1	exact positional arithmetic consistency; representation-induced
EDIT_DISTANCE_1	SUB_c_TO_l_RIGHT_2	5	1	exact positional arithmetic consistency; representation-induced
EDIT_DISTANCE_1	SUB_c_TO_l_RIGHT_3	5	1	exact positional arithmetic consistency; representation-induced
EDIT_DISTANCE_1	SUB_c_TO_l_RIGHT_5	4	1	exact positional arithmetic consistency; representation-induced
EDIT_DISTANCE_1	SUB_c_TO_m_RIGHT_0	6	1	exact positional arithmetic consistency; representation-induced
EDIT_DISTANCE_1	SUB_c_TO_n_RIGHT_0	4	1	exact positional arithmetic consistency; representation-induced
EDIT_DISTANCE_1	SUB_c_TO_o_RIGHT_0	7	1	exact positional arithmetic consistency; representation-induced
EDIT_DISTANCE_1	SUB_c_TO_o_RIGHT_1	7	1	exact positional arithmetic consistency; representation-induced
EDIT_DISTANCE_1	SUB_c_TO_o_RIGHT_2	10	1	exact positional arithmetic consistency; representation-induced
EDIT_DISTANCE_1	SUB_c_TO_o_RIGHT_3	13	1	exact positional arithmetic consistency; representation-induced
EDIT_DISTANCE_1	SUB_c_TO_o_RIGHT_4	11	1	exact positional arithmetic consistency; representation-induced
EDIT_DISTANCE_1	SUB_c_TO_o_RIGHT_5	6	1	exact positional arithmetic consistency; representation-induced
EDIT_DISTANCE_1	SUB_c_TO_o_RIGHT_6	2	1	exact positional arithmetic consistency; representation-induced
EDIT_DISTANCE_1	SUB_c_TO_o_RIGHT_7	2	1	exact positional arithmetic consistency; representation-induced
EDIT_DISTANCE_1	SUB_c_TO_p_RIGHT_0	3	1	exact positional arithmetic consistency; representation-induced
EDIT_DISTANCE_1	SUB_c_TO_p_RIGHT_3	1	1	exact positional arithmetic consistency; representation-induced
EDIT_DISTANCE_1	SUB_c_TO_p_RIGHT_4	2	1	exact positional arithmetic consistency; representation-induced
EDIT_DISTANCE_1	SUB_c_TO_q_RIGHT_0	1	1	exact positional arithmetic consistency; representation-induced
EDIT_DISTANCE_1	SUB_c_TO_q_RIGHT_1	1	1	exact positional arithmetic consistency; representation-induced
EDIT_DISTANCE_1	SUB_c_TO_q_RIGHT_2	1	1	exact positional arithmetic consistency; representation-induced
EDIT_DISTANCE_1	SUB_c_TO_q_RIGHT_4	2	1	exact positional arithmetic consistency; representation-induced
EDIT_DISTANCE_1	SUB_c_TO_q_RIGHT_5	3	1	exact positional arithmetic consistency; representation-induced
EDIT_DISTANCE_1	SUB_c_TO_q_RIGHT_6	2	1	exact positional arithmetic consistency; representation-induced
EDIT_DISTANCE_1	SUB_c_TO_r_RIGHT_0	7	1	exact positional arithmetic consistency; representation-induced
EDIT_DISTANCE_1	SUB_c_TO_r_RIGHT_1	2	1	exact positional arithmetic consistency; representation-induced
EDIT_DISTANCE_1	SUB_c_TO_r_RIGHT_2	1	1	exact positional arithmetic consistency; representation-induced
EDIT_DISTANCE_1	SUB_c_TO_r_RIGHT_3	1	1	exact positional arithmetic consistency; representation-induced
EDIT_DISTANCE_1	SUB_c_TO_s_RIGHT_0	7	1	exact positional arithmetic consistency; representation-induced
EDIT_DISTANCE_1	SUB_c_TO_s_RIGHT_1	8	1	exact positional arithmetic consistency; representation-induced
EDIT_DISTANCE_1	SUB_c_TO_s_RIGHT_2	76	1	exact positional arithmetic consistency; representation-induced
EDIT_DISTANCE_1	SUB_c_TO_s_RIGHT_3	158	1	exact positional arithmetic consistency; representation-induced
EDIT_DISTANCE_1	SUB_c_TO_s_RIGHT_4	144	1	exact positional arithmetic consistency; representation-induced
EDIT_DISTANCE_1	SUB_c_TO_s_RIGHT_5	115	1	exact positional arithmetic consistency; representation-induced
EDIT_DISTANCE_1	SUB_c_TO_s_RIGHT_6	72	1	exact positional arithmetic consistency; representation-induced
EDIT_DISTANCE_1	SUB_c_TO_s_RIGHT_7	51	1	exact positional arithmetic consistency; representation-induced
EDIT_DISTANCE_1	SUB_c_TO_s_RIGHT_8	18	1	exact positional arithmetic consistency; representation-induced
EDIT_DISTANCE_1	SUB_c_TO_s_RIGHT_9	1	1	exact positional arithmetic consistency; representation-induced
EDIT_DISTANCE_1	SUB_c_TO_t_RIGHT_0	4	1	exact positional arithmetic consistency; representation-induced
EDIT_DISTANCE_1	SUB_c_TO_t_RIGHT_1	3	1	exact positional arithmetic consistency; representation-induced
EDIT_DISTANCE_1	SUB_c_TO_t_RIGHT_2	2	1	exact positional arithmetic consistency; representation-induced
EDIT_DISTANCE_1	SUB_c_TO_t_RIGHT_4	1	1	exact positional arithmetic consistency; representation-induced
EDIT_DISTANCE_1	SUB_c_TO_u_RIGHT_0	2	1	exact positional arithmetic consistency; representation-induced
EDIT_DISTANCE_1	SUB_c_TO_v_RIGHT_0	1	1	exact positional arithmetic consistency; representation-induced
EDIT_DISTANCE_1	SUB_c_TO_v_RIGHT_1	2	1	exact positional arithmetic consistency; representation-induced
EDIT_DISTANCE_1	SUB_c_TO_x_RIGHT_0	3	1	exact positional arithmetic consistency; representation-induced
EDIT_DISTANCE_1	SUB_c_TO_x_RIGHT_2	1	1	exact positional arithmetic consistency; representation-induced
EDIT_DISTANCE_1	SUB_c_TO_y_RIGHT_0	12	1	exact positional arithmetic consistency; representation-induced
EDIT_DISTANCE_1	SUB_c_TO_y_RIGHT_1	6	1	exact positional arithmetic consistency; representation-induced
EDIT_DISTANCE_1	SUB_c_TO_y_RIGHT_2	8	1	exact positional arithmetic consistency; representation-induced
EDIT_DISTANCE_1	SUB_c_TO_y_RIGHT_3	7	1	exact positional arithmetic consistency; representation-induced
EDIT_DISTANCE_1	SUB_c_TO_y_RIGHT_4	10	1	exact positional arithmetic consistency; representation-induced
EDIT_DISTANCE_1	SUB_c_TO_y_RIGHT_5	7	1	exact positional arithmetic consistency; representation-induced
EDIT_DISTANCE_1	SUB_c_TO_y_RIGHT_7	1	1	exact positional arithmetic consistency; representation-induced
EDIT_DISTANCE_1	SUB_c_TO_z_RIGHT_0	1	1	exact positional arithmetic consistency; representation-induced
EDIT_DISTANCE_1	SUB_d_TO_a_RIGHT_0	17	1	exact positional arithmetic consistency; representation-induced
EDIT_DISTANCE_1	SUB_d_TO_a_RIGHT_1	27	1	exact positional arithmetic consistency; representation-induced
EDIT_DISTANCE_1	SUB_d_TO_a_RIGHT_2	9	1	exact positional arithmetic consistency; representation-induced
EDIT_DISTANCE_1	SUB_d_TO_a_RIGHT_3	11	1	exact positional arithmetic consistency; representation-induced
EDIT_DISTANCE_1	SUB_d_TO_a_RIGHT_4	7	1	exact positional arithmetic consistency; representation-induced
EDIT_DISTANCE_1	SUB_d_TO_a_RIGHT_5	2	1	exact positional arithmetic consistency; representation-induced
EDIT_DISTANCE_1	SUB_d_TO_a_RIGHT_6	2	1	exact positional arithmetic consistency; representation-induced
EDIT_DISTANCE_1	SUB_d_TO_b_RIGHT_0	5	1	exact positional arithmetic consistency; representation-induced
EDIT_DISTANCE_1	SUB_d_TO_c_RIGHT_0	7	1	exact positional arithmetic consistency; representation-induced
EDIT_DISTANCE_1	SUB_d_TO_c_RIGHT_1	5	1	exact positional arithmetic consistency; representation-induced
EDIT_DISTANCE_1	SUB_d_TO_c_RIGHT_2	4	1	exact positional arithmetic consistency; representation-induced
EDIT_DISTANCE_1	SUB_d_TO_c_RIGHT_3	1	1	exact positional arithmetic consistency; representation-induced
EDIT_DISTANCE_1	SUB_d_TO_c_RIGHT_4	1	1	exact positional arithmetic consistency; representation-induced
EDIT_DISTANCE_1	SUB_d_TO_c_RIGHT_5	1	1	exact positional arithmetic consistency; representation-induced
EDIT_DISTANCE_1	SUB_d_TO_e_RIGHT_0	21	1	exact positional arithmetic consistency; representation-induced
EDIT_DISTANCE_1	SUB_d_TO_e_RIGHT_1	259	1	exact positional arithmetic consistency; representation-induced
EDIT_DISTANCE_1	SUB_d_TO_e_RIGHT_2	95	1	exact positional arithmetic consistency; representation-induced
EDIT_DISTANCE_1	SUB_d_TO_e_RIGHT_3	31	1	exact positional arithmetic consistency; representation-induced
EDIT_DISTANCE_1	SUB_d_TO_e_RIGHT_4	24	1	exact positional arithmetic consistency; representation-induced
EDIT_DISTANCE_1	SUB_d_TO_e_RIGHT_5	6	1	exact positional arithmetic consistency; representation-induced
EDIT_DISTANCE_1	SUB_d_TO_e_RIGHT_6	1	1	exact positional arithmetic consistency; representation-induced
EDIT_DISTANCE_1	SUB_d_TO_f_RIGHT_0	9	1	exact positional arithmetic consistency; representation-induced
EDIT_DISTANCE_1	SUB_d_TO_f_RIGHT_1	14	1	exact positional arithmetic consistency; representation-induced
EDIT_DISTANCE_1	SUB_d_TO_f_RIGHT_2	25	1	exact positional arithmetic consistency; representation-induced
EDIT_DISTANCE_1	SUB_d_TO_f_RIGHT_3	20	1	exact positional arithmetic consistency; representation-induced
EDIT_DISTANCE_1	SUB_d_TO_f_RIGHT_4	23	1	exact positional arithmetic consistency; representation-induced
EDIT_DISTANCE_1	SUB_d_TO_f_RIGHT_5	12	1	exact positional arithmetic consistency; representation-induced
EDIT_DISTANCE_1	SUB_d_TO_f_RIGHT_6	5	1	exact positional arithmetic consistency; representation-induced
EDIT_DISTANCE_1	SUB_d_TO_f_RIGHT_7	3	1	exact positional arithmetic consistency; representation-induced
EDIT_DISTANCE_1	SUB_d_TO_f_RIGHT_8	1	1	exact positional arithmetic consistency; representation-induced
EDIT_DISTANCE_1	SUB_d_TO_g_RIGHT_0	29	1	exact positional arithmetic consistency; representation-induced
EDIT_DISTANCE_1	SUB_d_TO_g_RIGHT_1	1	1	exact positional arithmetic consistency; representation-induced
EDIT_DISTANCE_1	SUB_d_TO_g_RIGHT_2	1	1	exact positional arithmetic consistency; representation-induced
EDIT_DISTANCE_1	SUB_d_TO_h_RIGHT_0	3	1	exact positional arithmetic consistency; representation-induced
EDIT_DISTANCE_1	SUB_d_TO_h_RIGHT_1	26	1	exact positional arithmetic consistency; representation-induced
EDIT_DISTANCE_1	SUB_d_TO_h_RIGHT_2	8	1	exact positional arithmetic consistency; representation-induced
EDIT_DISTANCE_1	SUB_d_TO_h_RIGHT_3	3	1	exact positional arithmetic consistency; representation-induced
EDIT_DISTANCE_1	SUB_d_TO_h_RIGHT_4	2	1	exact positional arithmetic consistency; representation-induced
EDIT_DISTANCE_1	SUB_d_TO_i_RIGHT_0	4	1	exact positional arithmetic consistency; representation-induced
EDIT_DISTANCE_1	SUB_d_TO_i_RIGHT_1	7	1	exact positional arithmetic consistency; representation-induced
EDIT_DISTANCE_1	SUB_d_TO_i_RIGHT_2	1	1	exact positional arithmetic consistency; representation-induced
EDIT_DISTANCE_1	SUB_d_TO_i_RIGHT_3	1	1	exact positional arithmetic consistency; representation-induced
EDIT_DISTANCE_1	SUB_d_TO_j_RIGHT_0	1	1	exact positional arithmetic consistency; representation-induced
EDIT_DISTANCE_1	SUB_d_TO_j_RIGHT_1	3	1	exact positional arithmetic consistency; representation-induced
EDIT_DISTANCE_1	SUB_d_TO_j_RIGHT_2	2	1	exact positional arithmetic consistency; representation-induced
EDIT_DISTANCE_1	SUB_d_TO_k_RIGHT_0	13	1	exact positional arithmetic consistency; representation-induced
EDIT_DISTANCE_1	SUB_d_TO_k_RIGHT_1	94	1	exact positional arithmetic consistency; representation-induced
EDIT_DISTANCE_1	SUB_d_TO_k_RIGHT_2	96	1	exact positional arithmetic consistency; representation-induced
EDIT_DISTANCE_1	SUB_d_TO_k_RIGHT_3	75	1	exact positional arithmetic consistency; representation-induced
EDIT_DISTANCE_1	SUB_d_TO_k_RIGHT_4	87	1	exact positional arithmetic consistency; representation-induced
EDIT_DISTANCE_1	SUB_d_TO_k_RIGHT_5	36	1	exact positional arithmetic consistency; representation-induced
EDIT_DISTANCE_1	SUB_d_TO_k_RIGHT_6	16	1	exact positional arithmetic consistency; representation-induced
EDIT_DISTANCE_1	SUB_d_TO_k_RIGHT_7	8	1	exact positional arithmetic consistency; representation-induced
EDIT_DISTANCE_1	SUB_d_TO_k_RIGHT_9	1	1	exact positional arithmetic consistency; representation-induced
EDIT_DISTANCE_1	SUB_d_TO_l_RIGHT_0	92	1	exact positional arithmetic consistency; representation-induced
EDIT_DISTANCE_1	SUB_d_TO_l_RIGHT_1	87	1	exact positional arithmetic consistency; representation-induced
EDIT_DISTANCE_1	SUB_d_TO_l_RIGHT_2	59	1	exact positional arithmetic consistency; representation-induced
EDIT_DISTANCE_1	SUB_d_TO_l_RIGHT_3	37	1	exact positional arithmetic consistency; representation-induced
EDIT_DISTANCE_1	SUB_d_TO_l_RIGHT_4	58	1	exact positional arithmetic consistency; representation-induced
EDIT_DISTANCE_1	SUB_d_TO_l_RIGHT_5	28	1	exact positional arithmetic consistency; representation-induced
EDIT_DISTANCE_1	SUB_d_TO_l_RIGHT_6	14	1	exact positional arithmetic consistency; representation-induced
EDIT_DISTANCE_1	SUB_d_TO_l_RIGHT_7	4	1	exact positional arithmetic consistency; representation-induced
EDIT_DISTANCE_1	SUB_d_TO_l_RIGHT_8	1	1	exact positional arithmetic consistency; representation-induced
EDIT_DISTANCE_1	SUB_d_TO_m_RIGHT_0	43	1	exact positional arithmetic consistency; representation-induced
EDIT_DISTANCE_1	SUB_d_TO_m_RIGHT_1	1	1	exact positional arithmetic consistency; representation-induced
EDIT_DISTANCE_1	SUB_d_TO_m_RIGHT_2	2	1	exact positional arithmetic consistency; representation-induced
EDIT_DISTANCE_1	SUB_d_TO_n_RIGHT_0	9	1	exact positional arithmetic consistency; representation-induced
EDIT_DISTANCE_1	SUB_d_TO_n_RIGHT_1	4	1	exact positional arithmetic consistency; representation-induced
EDIT_DISTANCE_1	SUB_d_TO_n_RIGHT_2	1	1	exact positional arithmetic consistency; representation-induced
EDIT_DISTANCE_1	SUB_d_TO_n_RIGHT_4	1	1	exact positional arithmetic consistency; representation-induced
EDIT_DISTANCE_1	SUB_d_TO_o_RIGHT_0	78	1	exact positional arithmetic consistency; representation-induced
EDIT_DISTANCE_1	SUB_d_TO_o_RIGHT_1	56	1	exact positional arithmetic consistency; representation-induced
EDIT_DISTANCE_1	SUB_d_TO_o_RIGHT_2	49	1	exact positional arithmetic consistency; representation-induced
EDIT_DISTANCE_1	SUB_d_TO_o_RIGHT_3	28	1	exact positional arithmetic consistency; representation-induced
EDIT_DISTANCE_1	SUB_d_TO_o_RIGHT_4	52	1	exact positional arithmetic consistency; representation-induced
EDIT_DISTANCE_1	SUB_d_TO_o_RIGHT_5	24	1	exact positional arithmetic consistency; representation-induced
EDIT_DISTANCE_1	SUB_d_TO_o_RIGHT_6	11	1	exact positional arithmetic consistency; representation-induced
EDIT_DISTANCE_1	SUB_d_TO_o_RIGHT_7	1	1	exact positional arithmetic consistency; representation-induced
EDIT_DISTANCE_1	SUB_d_TO_o_RIGHT_9	1	1	exact positional arithmetic consistency; representation-induced
EDIT_DISTANCE_1	SUB_d_TO_p_RIGHT_0	13	1	exact positional arithmetic consistency; representation-induced
EDIT_DISTANCE_1	SUB_d_TO_p_RIGHT_1	17	1	exact positional arithmetic consistency; representation-induced
EDIT_DISTANCE_1	SUB_d_TO_p_RIGHT_2	32	1	exact positional arithmetic consistency; representation-induced
EDIT_DISTANCE_1	SUB_d_TO_p_RIGHT_3	21	1	exact positional arithmetic consistency; representation-induced
EDIT_DISTANCE_1	SUB_d_TO_p_RIGHT_4	41	1	exact positional arithmetic consistency; representation-induced
EDIT_DISTANCE_1	SUB_d_TO_p_RIGHT_5	26	1	exact positional arithmetic consistency; representation-induced
EDIT_DISTANCE_1	SUB_d_TO_p_RIGHT_6	18	1	exact positional arithmetic consistency; representation-induced
EDIT_DISTANCE_1	SUB_d_TO_p_RIGHT_7	7	1	exact positional arithmetic consistency; representation-induced
EDIT_DISTANCE_1	SUB_d_TO_p_RIGHT_8	3	1	exact positional arithmetic consistency; representation-induced
EDIT_DISTANCE_1	SUB_d_TO_p_RIGHT_9	1	1	exact positional arithmetic consistency; representation-induced
EDIT_DISTANCE_1	SUB_d_TO_q_RIGHT_0	1	1	exact positional arithmetic consistency; representation-induced
EDIT_DISTANCE_1	SUB_d_TO_q_RIGHT_1	3	1	exact positional arithmetic consistency; representation-induced
EDIT_DISTANCE_1	SUB_d_TO_q_RIGHT_2	5	1	exact positional arithmetic consistency; representation-induced
EDIT_DISTANCE_1	SUB_d_TO_q_RIGHT_3	11	1	exact positional arithmetic consistency; representation-induced
EDIT_DISTANCE_1	SUB_d_TO_q_RIGHT_4	24	1	exact positional arithmetic consistency; representation-induced
EDIT_DISTANCE_1	SUB_d_TO_q_RIGHT_5	14	1	exact positional arithmetic consistency; representation-induced
EDIT_DISTANCE_1	SUB_d_TO_q_RIGHT_6	9	1	exact positional arithmetic consistency; representation-induced
EDIT_DISTANCE_1	SUB_d_TO_q_RIGHT_7	6	1	exact positional arithmetic consistency; representation-induced
EDIT_DISTANCE_1	SUB_d_TO_q_RIGHT_8	1	1	exact positional arithmetic consistency; representation-induced
EDIT_DISTANCE_1	SUB_d_TO_r_RIGHT_0	86	1	exact positional arithmetic consistency; representation-induced
EDIT_DISTANCE_1	SUB_d_TO_r_RIGHT_1	44	1	exact positional arithmetic consistency; representation-induced
EDIT_DISTANCE_1	SUB_d_TO_r_RIGHT_2	36	1	exact positional arithmetic consistency; representation-induced
EDIT_DISTANCE_1	SUB_d_TO_r_RIGHT_3	28	1	exact positional arithmetic consistency; representation-induced
EDIT_DISTANCE_1	SUB_d_TO_r_RIGHT_4	48	1	exact positional arithmetic consistency; representation-induced
EDIT_DISTANCE_1	SUB_d_TO_r_RIGHT_5	16	1	exact positional arithmetic consistency; representation-induced
EDIT_DISTANCE_1	SUB_d_TO_r_RIGHT_6	9	1	exact positional arithmetic consistency; representation-induced
EDIT_DISTANCE_1	SUB_d_TO_r_RIGHT_7	4	1	exact positional arithmetic consistency; representation-induced
EDIT_DISTANCE_1	SUB_d_TO_s_RIGHT_0	126	1	exact positional arithmetic consistency; representation-induced
EDIT_DISTANCE_1	SUB_d_TO_s_RIGHT_1	53	1	exact positional arithmetic consistency; representation-induced
EDIT_DISTANCE_1	SUB_d_TO_s_RIGHT_2	32	1	exact positional arithmetic consistency; representation-induced
EDIT_DISTANCE_1	SUB_d_TO_s_RIGHT_3	31	1	exact positional arithmetic consistency; representation-induced
EDIT_DISTANCE_1	SUB_d_TO_s_RIGHT_4	53	1	exact positional arithmetic consistency; representation-induced
EDIT_DISTANCE_1	SUB_d_TO_s_RIGHT_5	27	1	exact positional arithmetic consistency; representation-induced
EDIT_DISTANCE_1	SUB_d_TO_s_RIGHT_6	22	1	exact positional arithmetic consistency; representation-induced
EDIT_DISTANCE_1	SUB_d_TO_s_RIGHT_7	8	1	exact positional arithmetic consistency; representation-induced
EDIT_DISTANCE_1	SUB_d_TO_t_RIGHT_0	16	1	exact positional arithmetic consistency; representation-induced
EDIT_DISTANCE_1	SUB_d_TO_t_RIGHT_1	56	1	exact positional arithmetic consistency; representation-induced
EDIT_DISTANCE_1	SUB_d_TO_t_RIGHT_2	76	1	exact positional arithmetic consistency; representation-induced
EDIT_DISTANCE_1	SUB_d_TO_t_RIGHT_3	61	1	exact positional arithmetic consistency; representation-induced
EDIT_DISTANCE_1	SUB_d_TO_t_RIGHT_4	69	1	exact positional arithmetic consistency; representation-induced
EDIT_DISTANCE_1	SUB_d_TO_t_RIGHT_5	36	1	exact positional arithmetic consistency; representation-induced
EDIT_DISTANCE_1	SUB_d_TO_t_RIGHT_6	22	1	exact positional arithmetic consistency; representation-induced
EDIT_DISTANCE_1	SUB_d_TO_t_RIGHT_7	4	1	exact positional arithmetic consistency; representation-induced
EDIT_DISTANCE_1	SUB_d_TO_t_RIGHT_8	2	1	exact positional arithmetic consistency; representation-induced
EDIT_DISTANCE_1	SUB_d_TO_t_RIGHT_9	1	1	exact positional arithmetic consistency; representation-induced
EDIT_DISTANCE_1	SUB_d_TO_u_RIGHT_0	2	1	exact positional arithmetic consistency; representation-induced
EDIT_DISTANCE_1	SUB_d_TO_v_RIGHT_0	1	1	exact positional arithmetic consistency; representation-induced
EDIT_DISTANCE_1	SUB_d_TO_v_RIGHT_1	2	1	exact positional arithmetic consistency; representation-induced
EDIT_DISTANCE_1	SUB_d_TO_v_RIGHT_2	1	1	exact positional arithmetic consistency; representation-induced
EDIT_DISTANCE_1	SUB_d_TO_x_RIGHT_0	4	1	exact positional arithmetic consistency; representation-induced
EDIT_DISTANCE_1	SUB_d_TO_x_RIGHT_1	2	1	exact positional arithmetic consistency; representation-induced
EDIT_DISTANCE_1	SUB_d_TO_x_RIGHT_2	7	1	exact positional arithmetic consistency; representation-induced
EDIT_DISTANCE_1	SUB_d_TO_x_RIGHT_4	1	1	exact positional arithmetic consistency; representation-induced
EDIT_DISTANCE_1	SUB_d_TO_x_RIGHT_6	1	1	exact positional arithmetic consistency; representation-induced
EDIT_DISTANCE_1	SUB_d_TO_y_RIGHT_0	166	1	exact positional arithmetic consistency; representation-induced
EDIT_DISTANCE_1	SUB_d_TO_y_RIGHT_1	9	1	exact positional arithmetic consistency; representation-induced
EDIT_DISTANCE_1	SUB_d_TO_y_RIGHT_2	12	1	exact positional arithmetic consistency; representation-induced
EDIT_DISTANCE_1	SUB_d_TO_y_RIGHT_3	17	1	exact positional arithmetic consistency; representation-induced
EDIT_DISTANCE_1	SUB_d_TO_y_RIGHT_4	28	1	exact positional arithmetic consistency; representation-induced
EDIT_DISTANCE_1	SUB_d_TO_y_RIGHT_5	24	1	exact positional arithmetic consistency; representation-induced
EDIT_DISTANCE_1	SUB_d_TO_y_RIGHT_6	13	1	exact positional arithmetic consistency; representation-induced
EDIT_DISTANCE_1	SUB_d_TO_y_RIGHT_7	2	1	exact positional arithmetic consistency; representation-induced
EDIT_DISTANCE_1	SUB_d_TO_y_RIGHT_8	3	1	exact positional arithmetic consistency; representation-induced
EDIT_DISTANCE_1	SUB_d_TO_z_RIGHT_0	1	1	exact positional arithmetic consistency; representation-induced
EDIT_DISTANCE_1	SUB_d_TO_z_RIGHT_1	1	1	exact positional arithmetic consistency; representation-induced
EDIT_DISTANCE_1	SUB_d_TO_z_RIGHT_2	1	1	exact positional arithmetic consistency; representation-induced
EDIT_DISTANCE_1	SUB_e_TO_a_RIGHT_0	15	1	exact positional arithmetic consistency; representation-induced
EDIT_DISTANCE_1	SUB_e_TO_a_RIGHT_1	41	1	exact positional arithmetic consistency; representation-induced
EDIT_DISTANCE_1	SUB_e_TO_a_RIGHT_2	21	1	exact positional arithmetic consistency; representation-induced
EDIT_DISTANCE_1	SUB_e_TO_a_RIGHT_3	8	1	exact positional arithmetic consistency; representation-induced
EDIT_DISTANCE_1	SUB_e_TO_a_RIGHT_4	4	1	exact positional arithmetic consistency; representation-induced
EDIT_DISTANCE_1	SUB_e_TO_a_RIGHT_5	5	1	exact positional arithmetic consistency; representation-induced
EDIT_DISTANCE_1	SUB_e_TO_b_RIGHT_0	1	1	exact positional arithmetic consistency; representation-induced
EDIT_DISTANCE_1	SUB_e_TO_c_RIGHT_0	2	1	exact positional arithmetic consistency; representation-induced
EDIT_DISTANCE_1	SUB_e_TO_c_RIGHT_1	8	1	exact positional arithmetic consistency; representation-induced
EDIT_DISTANCE_1	SUB_e_TO_c_RIGHT_2	8	1	exact positional arithmetic consistency; representation-induced
EDIT_DISTANCE_1	SUB_e_TO_c_RIGHT_3	4	1	exact positional arithmetic consistency; representation-induced
EDIT_DISTANCE_1	SUB_e_TO_c_RIGHT_4	5	1	exact positional arithmetic consistency; representation-induced
EDIT_DISTANCE_1	SUB_e_TO_c_RIGHT_5	3	1	exact positional arithmetic consistency; representation-induced
EDIT_DISTANCE_1	SUB_e_TO_d_RIGHT_0	21	1	exact positional arithmetic consistency; representation-induced
EDIT_DISTANCE_1	SUB_e_TO_d_RIGHT_1	259	1	exact positional arithmetic consistency; representation-induced
EDIT_DISTANCE_1	SUB_e_TO_d_RIGHT_2	95	1	exact positional arithmetic consistency; representation-induced
EDIT_DISTANCE_1	SUB_e_TO_d_RIGHT_3	31	1	exact positional arithmetic consistency; representation-induced
EDIT_DISTANCE_1	SUB_e_TO_d_RIGHT_4	24	1	exact positional arithmetic consistency; representation-induced
EDIT_DISTANCE_1	SUB_e_TO_d_RIGHT_5	6	1	exact positional arithmetic consistency; representation-induced
EDIT_DISTANCE_1	SUB_e_TO_d_RIGHT_6	1	1	exact positional arithmetic consistency; representation-induced
EDIT_DISTANCE_1	SUB_e_TO_f_RIGHT_0	4	1	exact positional arithmetic consistency; representation-induced
EDIT_DISTANCE_1	SUB_e_TO_f_RIGHT_1	6	1	exact positional arithmetic consistency; representation-induced
EDIT_DISTANCE_1	SUB_e_TO_f_RIGHT_2	13	1	exact positional arithmetic consistency; representation-induced
EDIT_DISTANCE_1	SUB_e_TO_f_RIGHT_3	5	1	exact positional arithmetic consistency; representation-induced
EDIT_DISTANCE_1	SUB_e_TO_f_RIGHT_4	2	1	exact positional arithmetic consistency; representation-induced
EDIT_DISTANCE_1	SUB_e_TO_f_RIGHT_5	2	1	exact positional arithmetic consistency; representation-induced
EDIT_DISTANCE_1	SUB_e_TO_f_RIGHT_6	1	1	exact positional arithmetic consistency; representation-induced
EDIT_DISTANCE_1	SUB_e_TO_g_RIGHT_0	8	1	exact positional arithmetic consistency; representation-induced
EDIT_DISTANCE_1	SUB_e_TO_g_RIGHT_2	1	1	exact positional arithmetic consistency; representation-induced
EDIT_DISTANCE_1	SUB_e_TO_h_RIGHT_0	1	1	exact positional arithmetic consistency; representation-induced
EDIT_DISTANCE_1	SUB_e_TO_h_RIGHT_1	35	1	exact positional arithmetic consistency; representation-induced
EDIT_DISTANCE_1	SUB_e_TO_h_RIGHT_2	23	1	exact positional arithmetic consistency; representation-induced
EDIT_DISTANCE_1	SUB_e_TO_h_RIGHT_3	9	1	exact positional arithmetic consistency; representation-induced
EDIT_DISTANCE_1	SUB_e_TO_h_RIGHT_4	2	1	exact positional arithmetic consistency; representation-induced
EDIT_DISTANCE_1	SUB_e_TO_i_RIGHT_0	1	1	exact positional arithmetic consistency; representation-induced
EDIT_DISTANCE_1	SUB_e_TO_i_RIGHT_1	3	1	exact positional arithmetic consistency; representation-induced
EDIT_DISTANCE_1	SUB_e_TO_i_RIGHT_2	2	1	exact positional arithmetic consistency; representation-induced
EDIT_DISTANCE_1	SUB_e_TO_i_RIGHT_3	5	1	exact positional arithmetic consistency; representation-induced
EDIT_DISTANCE_1	SUB_e_TO_i_RIGHT_4	1	1	exact positional arithmetic consistency; representation-induced
EDIT_DISTANCE_1	SUB_e_TO_j_RIGHT_1	1	1	exact positional arithmetic consistency; representation-induced
EDIT_DISTANCE_1	SUB_e_TO_k_RIGHT_0	4	1	exact positional arithmetic consistency; representation-induced
EDIT_DISTANCE_1	SUB_e_TO_k_RIGHT_1	29	1	exact positional arithmetic consistency; representation-induced
EDIT_DISTANCE_1	SUB_e_TO_k_RIGHT_2	61	1	exact positional arithmetic consistency; representation-induced
EDIT_DISTANCE_1	SUB_e_TO_k_RIGHT_3	64	1	exact positional arithmetic consistency; representation-induced
EDIT_DISTANCE_1	SUB_e_TO_k_RIGHT_4	31	1	exact positional arithmetic consistency; representation-induced
EDIT_DISTANCE_1	SUB_e_TO_k_RIGHT_5	10	1	exact positional arithmetic consistency; representation-induced
EDIT_DISTANCE_1	SUB_e_TO_k_RIGHT_6	4	1	exact positional arithmetic consistency; representation-induced
EDIT_DISTANCE_1	SUB_e_TO_k_RIGHT_7	1	1	exact positional arithmetic consistency; representation-induced
EDIT_DISTANCE_1	SUB_e_TO_k_RIGHT_8	1	1	exact positional arithmetic consistency; representation-induced
EDIT_DISTANCE_1	SUB_e_TO_l_RIGHT_0	11	1	exact positional arithmetic consistency; representation-induced
EDIT_DISTANCE_1	SUB_e_TO_l_RIGHT_1	18	1	exact positional arithmetic consistency; representation-induced
EDIT_DISTANCE_1	SUB_e_TO_l_RIGHT_2	34	1	exact positional arithmetic consistency; representation-induced
EDIT_DISTANCE_1	SUB_e_TO_l_RIGHT_3	15	1	exact positional arithmetic consistency; representation-induced
EDIT_DISTANCE_1	SUB_e_TO_l_RIGHT_4	20	1	exact positional arithmetic consistency; representation-induced
EDIT_DISTANCE_1	SUB_e_TO_l_RIGHT_5	15	1	exact positional arithmetic consistency; representation-induced
EDIT_DISTANCE_1	SUB_e_TO_l_RIGHT_6	2	1	exact positional arithmetic consistency; representation-induced
EDIT_DISTANCE_1	SUB_e_TO_l_RIGHT_7	1	1	exact positional arithmetic consistency; representation-induced
EDIT_DISTANCE_1	SUB_e_TO_m_RIGHT_0	4	1	exact positional arithmetic consistency; representation-induced
EDIT_DISTANCE_1	SUB_e_TO_m_RIGHT_2	1	1	exact positional arithmetic consistency; representation-induced
EDIT_DISTANCE_1	SUB_e_TO_n_RIGHT_0	2	1	exact positional arithmetic consistency; representation-induced
EDIT_DISTANCE_1	SUB_e_TO_o_RIGHT_0	30	1	exact positional arithmetic consistency; representation-induced
EDIT_DISTANCE_1	SUB_e_TO_o_RIGHT_1	151	1	exact positional arithmetic consistency; representation-induced
EDIT_DISTANCE_1	SUB_e_TO_o_RIGHT_2	173	1	exact positional arithmetic consistency; representation-induced
EDIT_DISTANCE_1	SUB_e_TO_o_RIGHT_3	118	1	exact positional arithmetic consistency; representation-induced
EDIT_DISTANCE_1	SUB_e_TO_o_RIGHT_4	89	1	exact positional arithmetic consistency; representation-induced
EDIT_DISTANCE_1	SUB_e_TO_o_RIGHT_5	67	1	exact positional arithmetic consistency; representation-induced
EDIT_DISTANCE_1	SUB_e_TO_o_RIGHT_6	9	1	exact positional arithmetic consistency; representation-induced
EDIT_DISTANCE_1	SUB_e_TO_o_RIGHT_7	1	1	exact positional arithmetic consistency; representation-induced
EDIT_DISTANCE_1	SUB_e_TO_o_RIGHT_8	1	1	exact positional arithmetic consistency; representation-induced
EDIT_DISTANCE_1	SUB_e_TO_p_RIGHT_0	5	1	exact positional arithmetic consistency; representation-induced
EDIT_DISTANCE_1	SUB_e_TO_p_RIGHT_1	6	1	exact positional arithmetic consistency; representation-induced
EDIT_DISTANCE_1	SUB_e_TO_p_RIGHT_2	20	1	exact positional arithmetic consistency; representation-induced
EDIT_DISTANCE_1	SUB_e_TO_p_RIGHT_3	5	1	exact positional arithmetic consistency; representation-induced
EDIT_DISTANCE_1	SUB_e_TO_p_RIGHT_4	8	1	exact positional arithmetic consistency; representation-induced
EDIT_DISTANCE_1	SUB_e_TO_p_RIGHT_5	3	1	exact positional arithmetic consistency; representation-induced
EDIT_DISTANCE_1	SUB_e_TO_p_RIGHT_6	1	1	exact positional arithmetic consistency; representation-induced
EDIT_DISTANCE_1	SUB_e_TO_q_RIGHT_0	1	1	exact positional arithmetic consistency; representation-induced
EDIT_DISTANCE_1	SUB_e_TO_q_RIGHT_1	3	1	exact positional arithmetic consistency; representation-induced
EDIT_DISTANCE_1	SUB_e_TO_q_RIGHT_2	4	1	exact positional arithmetic consistency; representation-induced
EDIT_DISTANCE_1	SUB_e_TO_q_RIGHT_3	4	1	exact positional arithmetic consistency; representation-induced
EDIT_DISTANCE_1	SUB_e_TO_q_RIGHT_4	4	1	exact positional arithmetic consistency; representation-induced
EDIT_DISTANCE_1	SUB_e_TO_q_RIGHT_5	2	1	exact positional arithmetic consistency; representation-induced
EDIT_DISTANCE_1	SUB_e_TO_q_RIGHT_6	2	1	exact positional arithmetic consistency; representation-induced
EDIT_DISTANCE_1	SUB_e_TO_r_RIGHT_0	10	1	exact positional arithmetic consistency; representation-induced
EDIT_DISTANCE_1	SUB_e_TO_r_RIGHT_1	7	1	exact positional arithmetic consistency; representation-induced
EDIT_DISTANCE_1	SUB_e_TO_r_RIGHT_2	13	1	exact positional arithmetic consistency; representation-induced
EDIT_DISTANCE_1	SUB_e_TO_r_RIGHT_3	5	1	exact positional arithmetic consistency; representation-induced
EDIT_DISTANCE_1	SUB_e_TO_r_RIGHT_4	2	1	exact positional arithmetic consistency; representation-induced
EDIT_DISTANCE_1	SUB_e_TO_r_RIGHT_5	4	1	exact positional arithmetic consistency; representation-induced
EDIT_DISTANCE_1	SUB_e_TO_s_RIGHT_0	19	1	exact positional arithmetic consistency; representation-induced
EDIT_DISTANCE_1	SUB_e_TO_s_RIGHT_1	42	1	exact positional arithmetic consistency; representation-induced
EDIT_DISTANCE_1	SUB_e_TO_s_RIGHT_2	28	1	exact positional arithmetic consistency; representation-induced
EDIT_DISTANCE_1	SUB_e_TO_s_RIGHT_3	13	1	exact positional arithmetic consistency; representation-induced
EDIT_DISTANCE_1	SUB_e_TO_s_RIGHT_4	4	1	exact positional arithmetic consistency; representation-induced
EDIT_DISTANCE_1	SUB_e_TO_s_RIGHT_5	2	1	exact positional arithmetic consistency; representation-induced
EDIT_DISTANCE_1	SUB_e_TO_s_RIGHT_6	1	1	exact positional arithmetic consistency; representation-induced
EDIT_DISTANCE_1	SUB_e_TO_t_RIGHT_0	6	1	exact positional arithmetic consistency; representation-induced
EDIT_DISTANCE_1	SUB_e_TO_t_RIGHT_1	24	1	exact positional arithmetic consistency; representation-induced
EDIT_DISTANCE_1	SUB_e_TO_t_RIGHT_2	47	1	exact positional arithmetic consistency; representation-induced
EDIT_DISTANCE_1	SUB_e_TO_t_RIGHT_3	48	1	exact positional arithmetic consistency; representation-induced
EDIT_DISTANCE_1	SUB_e_TO_t_RIGHT_4	24	1	exact positional arithmetic consistency; representation-induced
EDIT_DISTANCE_1	SUB_e_TO_t_RIGHT_5	7	1	exact positional arithmetic consistency; representation-induced
EDIT_DISTANCE_1	SUB_e_TO_t_RIGHT_6	5	1	exact positional arithmetic consistency; representation-induced
EDIT_DISTANCE_1	SUB_e_TO_t_RIGHT_7	2	1	exact positional arithmetic consistency; representation-induced
EDIT_DISTANCE_1	SUB_e_TO_t_RIGHT_8	1	1	exact positional arithmetic consistency; representation-induced
EDIT_DISTANCE_1	SUB_e_TO_u_RIGHT_0	1	1	exact positional arithmetic consistency; representation-induced
EDIT_DISTANCE_1	SUB_e_TO_v_RIGHT_0	1	1	exact positional arithmetic consistency; representation-induced
EDIT_DISTANCE_1	SUB_e_TO_v_RIGHT_1	2	1	exact positional arithmetic consistency; representation-induced
EDIT_DISTANCE_1	SUB_e_TO_v_RIGHT_2	1	1	exact positional arithmetic consistency; representation-induced
EDIT_DISTANCE_1	SUB_e_TO_x_RIGHT_0	3	1	exact positional arithmetic consistency; representation-induced
EDIT_DISTANCE_1	SUB_e_TO_x_RIGHT_2	6	1	exact positional arithmetic consistency; representation-induced
EDIT_DISTANCE_1	SUB_e_TO_x_RIGHT_4	1	1	exact positional arithmetic consistency; representation-induced
EDIT_DISTANCE_1	SUB_e_TO_y_RIGHT_0	47	1	exact positional arithmetic consistency; representation-induced
EDIT_DISTANCE_1	SUB_e_TO_y_RIGHT_1	23	1	exact positional arithmetic consistency; representation-induced
EDIT_DISTANCE_1	SUB_e_TO_y_RIGHT_2	34	1	exact positional arithmetic consistency; representation-induced
EDIT_DISTANCE_1	SUB_e_TO_y_RIGHT_3	13	1	exact positional arithmetic consistency; representation-induced
EDIT_DISTANCE_1	SUB_e_TO_y_RIGHT_4	17	1	exact positional arithmetic consistency; representation-induced
EDIT_DISTANCE_1	SUB_e_TO_y_RIGHT_5	16	1	exact positional arithmetic consistency; representation-induced
EDIT_DISTANCE_1	SUB_e_TO_y_RIGHT_6	4	1	exact positional arithmetic consistency; representation-induced
EDIT_DISTANCE_1	SUB_e_TO_z_RIGHT_1	1	1	exact positional arithmetic consistency; representation-induced
EDIT_DISTANCE_1	SUB_e_TO_z_RIGHT_2	1	1	exact positional arithmetic consistency; representation-induced
EDIT_DISTANCE_1	SUB_f_TO_a_RIGHT_0	4	1	exact positional arithmetic consistency; representation-induced
EDIT_DISTANCE_1	SUB_f_TO_a_RIGHT_6	1	1	exact positional arithmetic consistency; representation-induced
EDIT_DISTANCE_1	SUB_f_TO_b_RIGHT_0	1	1	exact positional arithmetic consistency; representation-induced
EDIT_DISTANCE_1	SUB_f_TO_c_RIGHT_0	3	1	exact positional arithmetic consistency; representation-induced
EDIT_DISTANCE_1	SUB_f_TO_d_RIGHT_0	9	1	exact positional arithmetic consistency; representation-induced
EDIT_DISTANCE_1	SUB_f_TO_d_RIGHT_1	14	1	exact positional arithmetic consistency; representation-induced
EDIT_DISTANCE_1	SUB_f_TO_d_RIGHT_2	25	1	exact positional arithmetic consistency; representation-induced
EDIT_DISTANCE_1	SUB_f_TO_d_RIGHT_3	20	1	exact positional arithmetic consistency; representation-induced
EDIT_DISTANCE_1	SUB_f_TO_d_RIGHT_4	23	1	exact positional arithmetic consistency; representation-induced
EDIT_DISTANCE_1	SUB_f_TO_d_RIGHT_5	12	1	exact positional arithmetic consistency; representation-induced
EDIT_DISTANCE_1	SUB_f_TO_d_RIGHT_6	5	1	exact positional arithmetic consistency; representation-induced
EDIT_DISTANCE_1	SUB_f_TO_d_RIGHT_7	3	1	exact positional arithmetic consistency; representation-induced
EDIT_DISTANCE_1	SUB_f_TO_d_RIGHT_8	1	1	exact positional arithmetic consistency; representation-induced
EDIT_DISTANCE_1	SUB_f_TO_e_RIGHT_0	4	1	exact positional arithmetic consistency; representation-induced
EDIT_DISTANCE_1	SUB_f_TO_e_RIGHT_1	6	1	exact positional arithmetic consistency; representation-induced
EDIT_DISTANCE_1	SUB_f_TO_e_RIGHT_2	13	1	exact positional arithmetic consistency; representation-induced
EDIT_DISTANCE_1	SUB_f_TO_e_RIGHT_3	5	1	exact positional arithmetic consistency; representation-induced
EDIT_DISTANCE_1	SUB_f_TO_e_RIGHT_4	2	1	exact positional arithmetic consistency; representation-induced
EDIT_DISTANCE_1	SUB_f_TO_e_RIGHT_5	2	1	exact positional arithmetic consistency; representation-induced
EDIT_DISTANCE_1	SUB_f_TO_e_RIGHT_6	1	1	exact positional arithmetic consistency; representation-induced
EDIT_DISTANCE_1	SUB_f_TO_g_RIGHT_0	5	1	exact positional arithmetic consistency; representation-induced
EDIT_DISTANCE_1	SUB_f_TO_h_RIGHT_0	2	1	exact positional arithmetic consistency; representation-induced
EDIT_DISTANCE_1	SUB_f_TO_h_RIGHT_1	1	1	exact positional arithmetic consistency; representation-induced
EDIT_DISTANCE_1	SUB_f_TO_h_RIGHT_2	3	1	exact positional arithmetic consistency; representation-induced
EDIT_DISTANCE_1	SUB_f_TO_h_RIGHT_3	1	1	exact positional arithmetic consistency; representation-induced
EDIT_DISTANCE_1	SUB_f_TO_i_RIGHT_0	2	1	exact positional arithmetic consistency; representation-induced
EDIT_DISTANCE_1	SUB_f_TO_i_RIGHT_2	1	1	exact positional arithmetic consistency; representation-induced
EDIT_DISTANCE_1	SUB_f_TO_k_RIGHT_0	8	1	exact positional arithmetic consistency; representation-induced
EDIT_DISTANCE_1	SUB_f_TO_k_RIGHT_1	12	1	exact positional arithmetic consistency; representation-induced
EDIT_DISTANCE_1	SUB_f_TO_k_RIGHT_2	33	1	exact positional arithmetic consistency; representation-induced
EDIT_DISTANCE_1	SUB_f_TO_k_RIGHT_3	47	1	exact positional arithmetic consistency; representation-induced
EDIT_DISTANCE_1	SUB_f_TO_k_RIGHT_4	50	1	exact positional arithmetic consistency; representation-induced
EDIT_DISTANCE_1	SUB_f_TO_k_RIGHT_5	22	1	exact positional arithmetic consistency; representation-induced
EDIT_DISTANCE_1	SUB_f_TO_k_RIGHT_6	6	1	exact positional arithmetic consistency; representation-induced
EDIT_DISTANCE_1	SUB_f_TO_k_RIGHT_7	1	1	exact positional arithmetic consistency; representation-induced
EDIT_DISTANCE_1	SUB_f_TO_k_RIGHT_8	1	1	exact positional arithmetic consistency; representation-induced
EDIT_DISTANCE_1	SUB_f_TO_l_RIGHT_0	8	1	exact positional arithmetic consistency; representation-induced
EDIT_DISTANCE_1	SUB_f_TO_l_RIGHT_1	6	1	exact positional arithmetic consistency; representation-induced
EDIT_DISTANCE_1	SUB_f_TO_l_RIGHT_2	13	1	exact positional arithmetic consistency; representation-induced
EDIT_DISTANCE_1	SUB_f_TO_l_RIGHT_3	11	1	exact positional arithmetic consistency; representation-induced
EDIT_DISTANCE_1	SUB_f_TO_l_RIGHT_4	23	1	exact positional arithmetic consistency; representation-induced
EDIT_DISTANCE_1	SUB_f_TO_l_RIGHT_5	11	1	exact positional arithmetic consistency; representation-induced
EDIT_DISTANCE_1	SUB_f_TO_l_RIGHT_6	2	1	exact positional arithmetic consistency; representation-induced
EDIT_DISTANCE_1	SUB_f_TO_l_RIGHT_7	1	1	exact positional arithmetic consistency; representation-induced
EDIT_DISTANCE_1	SUB_f_TO_l_RIGHT_8	1	1	exact positional arithmetic consistency; representation-induced
EDIT_DISTANCE_1	SUB_f_TO_m_RIGHT_0	4	1	exact positional arithmetic consistency; representation-induced
EDIT_DISTANCE_1	SUB_f_TO_m_RIGHT_1	1	1	exact positional arithmetic consistency; representation-induced
EDIT_DISTANCE_1	SUB_f_TO_m_RIGHT_2	1	1	exact positional arithmetic consistency; representation-induced
EDIT_DISTANCE_1	SUB_f_TO_n_RIGHT_0	3	1	exact positional arithmetic consistency; representation-induced
EDIT_DISTANCE_1	SUB_f_TO_n_RIGHT_1	1	1	exact positional arithmetic consistency; representation-induced
EDIT_DISTANCE_1	SUB_f_TO_n_RIGHT_4	1	1	exact positional arithmetic consistency; representation-induced
EDIT_DISTANCE_1	SUB_f_TO_o_RIGHT_0	8	1	exact positional arithmetic consistency; representation-induced
EDIT_DISTANCE_1	SUB_f_TO_o_RIGHT_1	6	1	exact positional arithmetic consistency; representation-induced
EDIT_DISTANCE_1	SUB_f_TO_o_RIGHT_2	7	1	exact positional arithmetic consistency; representation-induced
EDIT_DISTANCE_1	SUB_f_TO_o_RIGHT_3	1	1	exact positional arithmetic consistency; representation-induced
EDIT_DISTANCE_1	SUB_f_TO_o_RIGHT_4	14	1	exact positional arithmetic consistency; representation-induced
EDIT_DISTANCE_1	SUB_f_TO_o_RIGHT_5	8	1	exact positional arithmetic consistency; representation-induced
EDIT_DISTANCE_1	SUB_f_TO_o_RIGHT_6	2	1	exact positional arithmetic consistency; representation-induced
EDIT_DISTANCE_1	SUB_f_TO_p_RIGHT_0	6	1	exact positional arithmetic consistency; representation-induced
EDIT_DISTANCE_1	SUB_f_TO_p_RIGHT_1	5	1	exact positional arithmetic consistency; representation-induced
EDIT_DISTANCE_1	SUB_f_TO_p_RIGHT_2	17	1	exact positional arithmetic consistency; representation-induced
EDIT_DISTANCE_1	SUB_f_TO_p_RIGHT_3	26	1	exact positional arithmetic consistency; representation-induced
EDIT_DISTANCE_1	SUB_f_TO_p_RIGHT_4	41	1	exact positional arithmetic consistency; representation-induced
EDIT_DISTANCE_1	SUB_f_TO_p_RIGHT_5	23	1	exact positional arithmetic consistency; representation-induced
EDIT_DISTANCE_1	SUB_f_TO_p_RIGHT_6	10	1	exact positional arithmetic consistency; representation-induced
EDIT_DISTANCE_1	SUB_f_TO_p_RIGHT_7	3	1	exact positional arithmetic consistency; representation-induced
EDIT_DISTANCE_1	SUB_f_TO_p_RIGHT_8	2	1	exact positional arithmetic consistency; representation-induced
EDIT_DISTANCE_1	SUB_f_TO_q_RIGHT_0	1	1	exact positional arithmetic consistency; representation-induced
EDIT_DISTANCE_1	SUB_f_TO_q_RIGHT_2	3	1	exact positional arithmetic consistency; representation-induced
EDIT_DISTANCE_1	SUB_f_TO_q_RIGHT_3	2	1	exact positional arithmetic consistency; representation-induced
EDIT_DISTANCE_1	SUB_f_TO_q_RIGHT_4	3	1	exact positional arithmetic consistency; representation-induced
EDIT_DISTANCE_1	SUB_f_TO_q_RIGHT_5	1	1	exact positional arithmetic consistency; representation-induced
EDIT_DISTANCE_1	SUB_f_TO_q_RIGHT_6	2	1	exact positional arithmetic consistency; representation-induced
EDIT_DISTANCE_1	SUB_f_TO_r_RIGHT_0	10	1	exact positional arithmetic consistency; representation-induced
EDIT_DISTANCE_1	SUB_f_TO_r_RIGHT_1	5	1	exact positional arithmetic consistency; representation-induced
EDIT_DISTANCE_1	SUB_f_TO_r_RIGHT_2	8	1	exact positional arithmetic consistency; representation-induced
EDIT_DISTANCE_1	SUB_f_TO_r_RIGHT_3	12	1	exact positional arithmetic consistency; representation-induced
EDIT_DISTANCE_1	SUB_f_TO_r_RIGHT_4	12	1	exact positional arithmetic consistency; representation-induced
EDIT_DISTANCE_1	SUB_f_TO_r_RIGHT_5	9	1	exact positional arithmetic consistency; representation-induced
EDIT_DISTANCE_1	SUB_f_TO_r_RIGHT_6	2	1	exact positional arithmetic consistency; representation-induced
EDIT_DISTANCE_1	SUB_f_TO_r_RIGHT_7	1	1	exact positional arithmetic consistency; representation-induced
EDIT_DISTANCE_1	SUB_f_TO_s_RIGHT_0	9	1	exact positional arithmetic consistency; representation-induced
EDIT_DISTANCE_1	SUB_f_TO_s_RIGHT_1	6	1	exact positional arithmetic consistency; representation-induced
EDIT_DISTANCE_1	SUB_f_TO_s_RIGHT_2	8	1	exact positional arithmetic consistency; representation-induced
EDIT_DISTANCE_1	SUB_f_TO_s_RIGHT_3	10	1	exact positional arithmetic consistency; representation-induced
EDIT_DISTANCE_1	SUB_f_TO_s_RIGHT_4	15	1	exact positional arithmetic consistency; representation-induced
EDIT_DISTANCE_1	SUB_f_TO_s_RIGHT_5	7	1	exact positional arithmetic consistency; representation-induced
EDIT_DISTANCE_1	SUB_f_TO_s_RIGHT_6	3	1	exact positional arithmetic consistency; representation-induced
EDIT_DISTANCE_1	SUB_f_TO_t_RIGHT_0	8	1	exact positional arithmetic consistency; representation-induced
EDIT_DISTANCE_1	SUB_f_TO_t_RIGHT_1	10	1	exact positional arithmetic consistency; representation-induced
EDIT_DISTANCE_1	SUB_f_TO_t_RIGHT_2	26	1	exact positional arithmetic consistency; representation-induced
EDIT_DISTANCE_1	SUB_f_TO_t_RIGHT_3	45	1	exact positional arithmetic consistency; representation-induced
EDIT_DISTANCE_1	SUB_f_TO_t_RIGHT_4	51	1	exact positional arithmetic consistency; representation-induced
EDIT_DISTANCE_1	SUB_f_TO_t_RIGHT_5	24	1	exact positional arithmetic consistency; representation-induced
EDIT_DISTANCE_1	SUB_f_TO_t_RIGHT_6	9	1	exact positional arithmetic consistency; representation-induced
EDIT_DISTANCE_1	SUB_f_TO_t_RIGHT_7	2	1	exact positional arithmetic consistency; representation-induced
EDIT_DISTANCE_1	SUB_f_TO_t_RIGHT_8	1	1	exact positional arithmetic consistency; representation-induced
EDIT_DISTANCE_1	SUB_f_TO_u_RIGHT_0	1	1	exact positional arithmetic consistency; representation-induced
EDIT_DISTANCE_1	SUB_f_TO_v_RIGHT_0	1	1	exact positional arithmetic consistency; representation-induced
EDIT_DISTANCE_1	SUB_f_TO_v_RIGHT_2	1	1	exact positional arithmetic consistency; representation-induced
EDIT_DISTANCE_1	SUB_f_TO_x_RIGHT_0	2	1	exact positional arithmetic consistency; representation-induced
EDIT_DISTANCE_1	SUB_f_TO_x_RIGHT_1	1	1	exact positional arithmetic consistency; representation-induced
EDIT_DISTANCE_1	SUB_f_TO_x_RIGHT_2	4	1	exact positional arithmetic consistency; representation-induced
EDIT_DISTANCE_1	SUB_f_TO_y_RIGHT_0	12	1	exact positional arithmetic consistency; representation-induced
EDIT_DISTANCE_1	SUB_f_TO_y_RIGHT_1	1	1	exact positional arithmetic consistency; representation-induced
EDIT_DISTANCE_1	SUB_f_TO_y_RIGHT_2	3	1	exact positional arithmetic consistency; representation-induced
EDIT_DISTANCE_1	SUB_f_TO_y_RIGHT_3	3	1	exact positional arithmetic consistency; representation-induced
EDIT_DISTANCE_1	SUB_f_TO_y_RIGHT_4	12	1	exact positional arithmetic consistency; representation-induced
EDIT_DISTANCE_1	SUB_f_TO_y_RIGHT_5	7	1	exact positional arithmetic consistency; representation-induced
EDIT_DISTANCE_1	SUB_f_TO_y_RIGHT_6	1	1	exact positional arithmetic consistency; representation-induced
EDIT_DISTANCE_1	SUB_f_TO_y_RIGHT_7	1	1	exact positional arithmetic consistency; representation-induced
EDIT_DISTANCE_1	SUB_f_TO_z_RIGHT_2	1	1	exact positional arithmetic consistency; representation-induced
EDIT_DISTANCE_1	SUB_g_TO_a_RIGHT_0	8	1	exact positional arithmetic consistency; representation-induced
EDIT_DISTANCE_1	SUB_g_TO_a_RIGHT_1	2	1	exact positional arithmetic consistency; representation-induced
EDIT_DISTANCE_1	SUB_g_TO_a_RIGHT_3	1	1	exact positional arithmetic consistency; representation-induced
EDIT_DISTANCE_1	SUB_g_TO_b_RIGHT_0	1	1	exact positional arithmetic consistency; representation-induced
EDIT_DISTANCE_1	SUB_g_TO_c_RIGHT_0	4	1	exact positional arithmetic consistency; representation-induced
EDIT_DISTANCE_1	SUB_g_TO_d_RIGHT_0	29	1	exact positional arithmetic consistency; representation-induced
EDIT_DISTANCE_1	SUB_g_TO_d_RIGHT_1	1	1	exact positional arithmetic consistency; representation-induced
EDIT_DISTANCE_1	SUB_g_TO_d_RIGHT_2	1	1	exact positional arithmetic consistency; representation-induced
EDIT_DISTANCE_1	SUB_g_TO_e_RIGHT_0	8	1	exact positional arithmetic consistency; representation-induced
EDIT_DISTANCE_1	SUB_g_TO_e_RIGHT_2	1	1	exact positional arithmetic consistency; representation-induced
EDIT_DISTANCE_1	SUB_g_TO_f_RIGHT_0	5	1	exact positional arithmetic consistency; representation-induced
EDIT_DISTANCE_1	SUB_g_TO_h_RIGHT_0	1	1	exact positional arithmetic consistency; representation-induced
EDIT_DISTANCE_1	SUB_g_TO_i_RIGHT_0	8	1	exact positional arithmetic consistency; representation-induced
EDIT_DISTANCE_1	SUB_g_TO_i_RIGHT_3	1	1	exact positional arithmetic consistency; representation-induced
EDIT_DISTANCE_1	SUB_g_TO_j_RIGHT_0	1	1	exact positional arithmetic consistency; representation-induced
EDIT_DISTANCE_1	SUB_g_TO_k_RIGHT_0	5	1	exact positional arithmetic consistency; representation-induced
EDIT_DISTANCE_1	SUB_g_TO_k_RIGHT_2	1	1	exact positional arithmetic consistency; representation-induced
EDIT_DISTANCE_1	SUB_g_TO_k_RIGHT_3	1	1	exact positional arithmetic consistency; representation-induced
EDIT_DISTANCE_1	SUB_g_TO_l_RIGHT_0	33	1	exact positional arithmetic consistency; representation-induced
EDIT_DISTANCE_1	SUB_g_TO_l_RIGHT_1	3	1	exact positional arithmetic consistency; representation-induced
EDIT_DISTANCE_1	SUB_g_TO_l_RIGHT_2	1	1	exact positional arithmetic consistency; representation-induced
EDIT_DISTANCE_1	SUB_g_TO_m_RIGHT_0	26	1	exact positional arithmetic consistency; representation-induced
EDIT_DISTANCE_1	SUB_g_TO_m_RIGHT_1	1	1	exact positional arithmetic consistency; representation-induced
EDIT_DISTANCE_1	SUB_g_TO_n_RIGHT_0	17	1	exact positional arithmetic consistency; representation-induced
EDIT_DISTANCE_1	SUB_g_TO_o_RIGHT_0	26	1	exact positional arithmetic consistency; representation-induced
EDIT_DISTANCE_1	SUB_g_TO_o_RIGHT_1	2	1	exact positional arithmetic consistency; representation-induced
EDIT_DISTANCE_1	SUB_g_TO_o_RIGHT_3	1	1	exact positional arithmetic consistency; representation-induced
EDIT_DISTANCE_1	SUB_g_TO_p_RIGHT_0	6	1	exact positional arithmetic consistency; representation-induced
EDIT_DISTANCE_1	SUB_g_TO_p_RIGHT_2	1	1	exact positional arithmetic consistency; representation-induced
EDIT_DISTANCE_1	SUB_g_TO_q_RIGHT_0	1	1	exact positional arithmetic consistency; representation-induced
EDIT_DISTANCE_1	SUB_g_TO_r_RIGHT_0	34	1	exact positional arithmetic consistency; representation-induced
EDIT_DISTANCE_1	SUB_g_TO_r_RIGHT_1	1	1	exact positional arithmetic consistency; representation-induced
EDIT_DISTANCE_1	SUB_g_TO_r_RIGHT_2	1	1	exact positional arithmetic consistency; representation-induced
EDIT_DISTANCE_1	SUB_g_TO_s_RIGHT_0	34	1	exact positional arithmetic consistency; representation-induced
EDIT_DISTANCE_1	SUB_g_TO_s_RIGHT_3	1	1	exact positional arithmetic consistency; representation-induced
EDIT_DISTANCE_1	SUB_g_TO_t_RIGHT_0	8	1	exact positional arithmetic consistency; representation-induced
EDIT_DISTANCE_1	SUB_g_TO_t_RIGHT_1	1	1	exact positional arithmetic consistency; representation-induced
EDIT_DISTANCE_1	SUB_g_TO_u_RIGHT_0	2	1	exact positional arithmetic consistency; representation-induced
EDIT_DISTANCE_1	SUB_g_TO_v_RIGHT_0	1	1	exact positional arithmetic consistency; representation-induced
EDIT_DISTANCE_1	SUB_g_TO_x_RIGHT_0	2	1	exact positional arithmetic consistency; representation-induced
EDIT_DISTANCE_1	SUB_g_TO_y_RIGHT_0	61	1	exact positional arithmetic consistency; representation-induced
EDIT_DISTANCE_1	SUB_h_TO_a_RIGHT_0	2	1	exact positional arithmetic consistency; representation-induced
EDIT_DISTANCE_1	SUB_h_TO_a_RIGHT_1	9	1	exact positional arithmetic consistency; representation-induced
EDIT_DISTANCE_1	SUB_h_TO_a_RIGHT_2	3	1	exact positional arithmetic consistency; representation-induced
EDIT_DISTANCE_1	SUB_h_TO_a_RIGHT_3	5	1	exact positional arithmetic consistency; representation-induced
EDIT_DISTANCE_1	SUB_h_TO_a_RIGHT_5	1	1	exact positional arithmetic consistency; representation-induced
EDIT_DISTANCE_1	SUB_h_TO_c_RIGHT_0	1	1	exact positional arithmetic consistency; representation-induced
EDIT_DISTANCE_1	SUB_h_TO_c_RIGHT_1	2	1	exact positional arithmetic consistency; representation-induced
EDIT_DISTANCE_1	SUB_h_TO_c_RIGHT_2	6	1	exact positional arithmetic consistency; representation-induced
EDIT_DISTANCE_1	SUB_h_TO_c_RIGHT_3	3	1	exact positional arithmetic consistency; representation-induced
EDIT_DISTANCE_1	SUB_h_TO_c_RIGHT_4	2	1	exact positional arithmetic consistency; representation-induced
EDIT_DISTANCE_1	SUB_h_TO_d_RIGHT_0	3	1	exact positional arithmetic consistency; representation-induced
EDIT_DISTANCE_1	SUB_h_TO_d_RIGHT_1	26	1	exact positional arithmetic consistency; representation-induced
EDIT_DISTANCE_1	SUB_h_TO_d_RIGHT_2	8	1	exact positional arithmetic consistency; representation-induced
EDIT_DISTANCE_1	SUB_h_TO_d_RIGHT_3	3	1	exact positional arithmetic consistency; representation-induced
EDIT_DISTANCE_1	SUB_h_TO_d_RIGHT_4	2	1	exact positional arithmetic consistency; representation-induced
EDIT_DISTANCE_1	SUB_h_TO_e_RIGHT_0	1	1	exact positional arithmetic consistency; representation-induced
EDIT_DISTANCE_1	SUB_h_TO_e_RIGHT_1	35	1	exact positional arithmetic consistency; representation-induced
EDIT_DISTANCE_1	SUB_h_TO_e_RIGHT_2	23	1	exact positional arithmetic consistency; representation-induced
EDIT_DISTANCE_1	SUB_h_TO_e_RIGHT_3	9	1	exact positional arithmetic consistency; representation-induced
EDIT_DISTANCE_1	SUB_h_TO_e_RIGHT_4	2	1	exact positional arithmetic consistency; representation-induced
EDIT_DISTANCE_1	SUB_h_TO_f_RIGHT_0	2	1	exact positional arithmetic consistency; representation-induced
EDIT_DISTANCE_1	SUB_h_TO_f_RIGHT_1	1	1	exact positional arithmetic consistency; representation-induced
EDIT_DISTANCE_1	SUB_h_TO_f_RIGHT_2	3	1	exact positional arithmetic consistency; representation-induced
EDIT_DISTANCE_1	SUB_h_TO_f_RIGHT_3	1	1	exact positional arithmetic consistency; representation-induced
EDIT_DISTANCE_1	SUB_h_TO_g_RIGHT_0	1	1	exact positional arithmetic consistency; representation-induced
EDIT_DISTANCE_1	SUB_h_TO_i_RIGHT_0	3	1	exact positional arithmetic consistency; representation-induced
EDIT_DISTANCE_1	SUB_h_TO_i_RIGHT_1	1	1	exact positional arithmetic consistency; representation-induced
EDIT_DISTANCE_1	SUB_h_TO_k_RIGHT_0	2	1	exact positional arithmetic consistency; representation-induced
EDIT_DISTANCE_1	SUB_h_TO_k_RIGHT_1	14	1	exact positional arithmetic consistency; representation-induced
EDIT_DISTANCE_1	SUB_h_TO_k_RIGHT_2	16	1	exact positional arithmetic consistency; representation-induced
EDIT_DISTANCE_1	SUB_h_TO_k_RIGHT_3	7	1	exact positional arithmetic consistency; representation-induced
EDIT_DISTANCE_1	SUB_h_TO_k_RIGHT_4	7	1	exact positional arithmetic consistency; representation-induced
EDIT_DISTANCE_1	SUB_h_TO_k_RIGHT_5	2	1	exact positional arithmetic consistency; representation-induced
EDIT_DISTANCE_1	SUB_h_TO_l_RIGHT_0	3	1	exact positional arithmetic consistency; representation-induced
EDIT_DISTANCE_1	SUB_h_TO_l_RIGHT_1	5	1	exact positional arithmetic consistency; representation-induced
EDIT_DISTANCE_1	SUB_h_TO_l_RIGHT_2	5	1	exact positional arithmetic consistency; representation-induced
EDIT_DISTANCE_1	SUB_h_TO_l_RIGHT_3	2	1	exact positional arithmetic consistency; representation-induced
EDIT_DISTANCE_1	SUB_h_TO_l_RIGHT_4	1	1	exact positional arithmetic consistency; representation-induced
EDIT_DISTANCE_1	SUB_h_TO_m_RIGHT_0	1	1	exact positional arithmetic consistency; representation-induced
EDIT_DISTANCE_1	SUB_h_TO_m_RIGHT_2	1	1	exact positional arithmetic consistency; representation-induced
EDIT_DISTANCE_1	SUB_h_TO_n_RIGHT_0	1	1	exact positional arithmetic consistency; representation-induced
EDIT_DISTANCE_1	SUB_h_TO_o_RIGHT_0	6	1	exact positional arithmetic consistency; representation-induced
EDIT_DISTANCE_1	SUB_h_TO_o_RIGHT_1	16	1	exact positional arithmetic consistency; representation-induced
EDIT_DISTANCE_1	SUB_h_TO_o_RIGHT_2	13	1	exact positional arithmetic consistency; representation-induced
EDIT_DISTANCE_1	SUB_h_TO_o_RIGHT_3	17	1	exact positional arithmetic consistency; representation-induced
EDIT_DISTANCE_1	SUB_h_TO_o_RIGHT_4	9	1	exact positional arithmetic consistency; representation-induced
EDIT_DISTANCE_1	SUB_h_TO_o_RIGHT_5	5	1	exact positional arithmetic consistency; representation-induced
EDIT_DISTANCE_1	SUB_h_TO_o_RIGHT_6	1	1	exact positional arithmetic consistency; representation-induced
EDIT_DISTANCE_1	SUB_h_TO_p_RIGHT_0	1	1	exact positional arithmetic consistency; representation-induced
EDIT_DISTANCE_1	SUB_h_TO_p_RIGHT_1	2	1	exact positional arithmetic consistency; representation-induced
EDIT_DISTANCE_1	SUB_h_TO_p_RIGHT_2	7	1	exact positional arithmetic consistency; representation-induced
EDIT_DISTANCE_1	SUB_h_TO_p_RIGHT_3	5	1	exact positional arithmetic consistency; representation-induced
EDIT_DISTANCE_1	SUB_h_TO_p_RIGHT_4	2	1	exact positional arithmetic consistency; representation-induced
EDIT_DISTANCE_1	SUB_h_TO_q_RIGHT_0	1	1	exact positional arithmetic consistency; representation-induced
EDIT_DISTANCE_1	SUB_h_TO_q_RIGHT_1	4	1	exact positional arithmetic consistency; representation-induced
EDIT_DISTANCE_1	SUB_h_TO_q_RIGHT_2	4	1	exact positional arithmetic consistency; representation-induced
EDIT_DISTANCE_1	SUB_h_TO_q_RIGHT_3	2	1	exact positional arithmetic consistency; representation-induced
EDIT_DISTANCE_1	SUB_h_TO_q_RIGHT_4	1	1	exact positional arithmetic consistency; representation-induced
EDIT_DISTANCE_1	SUB_h_TO_q_RIGHT_7	1	1	exact positional arithmetic consistency; representation-induced
EDIT_DISTANCE_1	SUB_h_TO_r_RIGHT_0	1	1	exact positional arithmetic consistency; representation-induced
EDIT_DISTANCE_1	SUB_h_TO_r_RIGHT_1	4	1	exact positional arithmetic consistency; representation-induced
EDIT_DISTANCE_1	SUB_h_TO_r_RIGHT_2	5	1	exact positional arithmetic consistency; representation-induced
EDIT_DISTANCE_1	SUB_h_TO_r_RIGHT_3	2	1	exact positional arithmetic consistency; representation-induced
EDIT_DISTANCE_1	SUB_h_TO_r_RIGHT_4	1	1	exact positional arithmetic consistency; representation-induced
EDIT_DISTANCE_1	SUB_h_TO_s_RIGHT_0	3	1	exact positional arithmetic consistency; representation-induced
EDIT_DISTANCE_1	SUB_h_TO_s_RIGHT_1	8	1	exact positional arithmetic consistency; representation-induced
EDIT_DISTANCE_1	SUB_h_TO_s_RIGHT_2	5	1	exact positional arithmetic consistency; representation-induced
EDIT_DISTANCE_1	SUB_h_TO_s_RIGHT_3	5	1	exact positional arithmetic consistency; representation-induced
EDIT_DISTANCE_1	SUB_h_TO_s_RIGHT_4	3	1	exact positional arithmetic consistency; representation-induced
EDIT_DISTANCE_1	SUB_h_TO_s_RIGHT_7	1	1	exact positional arithmetic consistency; representation-induced
EDIT_DISTANCE_1	SUB_h_TO_t_RIGHT_0	1	1	exact positional arithmetic consistency; representation-induced
EDIT_DISTANCE_1	SUB_h_TO_t_RIGHT_1	7	1	exact positional arithmetic consistency; representation-induced
EDIT_DISTANCE_1	SUB_h_TO_t_RIGHT_2	12	1	exact positional arithmetic consistency; representation-induced
EDIT_DISTANCE_1	SUB_h_TO_t_RIGHT_3	6	1	exact positional arithmetic consistency; representation-induced
EDIT_DISTANCE_1	SUB_h_TO_t_RIGHT_4	4	1	exact positional arithmetic consistency; representation-induced
EDIT_DISTANCE_1	SUB_h_TO_t_RIGHT_6	1	1	exact positional arithmetic consistency; representation-induced
EDIT_DISTANCE_1	SUB_h_TO_u_RIGHT_0	1	1	exact positional arithmetic consistency; representation-induced
EDIT_DISTANCE_1	SUB_h_TO_v_RIGHT_0	1	1	exact positional arithmetic consistency; representation-induced
EDIT_DISTANCE_1	SUB_h_TO_v_RIGHT_1	1	1	exact positional arithmetic consistency; representation-induced
EDIT_DISTANCE_1	SUB_h_TO_x_RIGHT_0	1	1	exact positional arithmetic consistency; representation-induced
EDIT_DISTANCE_1	SUB_h_TO_x_RIGHT_2	2	1	exact positional arithmetic consistency; representation-induced
EDIT_DISTANCE_1	SUB_h_TO_y_RIGHT_0	13	1	exact positional arithmetic consistency; representation-induced
EDIT_DISTANCE_1	SUB_h_TO_y_RIGHT_1	3	1	exact positional arithmetic consistency; representation-induced
EDIT_DISTANCE_1	SUB_h_TO_y_RIGHT_2	7	1	exact positional arithmetic consistency; representation-induced
EDIT_DISTANCE_1	SUB_h_TO_y_RIGHT_3	2	1	exact positional arithmetic consistency; representation-induced
EDIT_DISTANCE_1	SUB_h_TO_y_RIGHT_4	1	1	exact positional arithmetic consistency; representation-induced
EDIT_DISTANCE_1	SUB_h_TO_y_RIGHT_5	1	1	exact positional arithmetic consistency; representation-induced
EDIT_DISTANCE_1	SUB_h_TO_z_RIGHT_1	1	1	exact positional arithmetic consistency; representation-induced
EDIT_DISTANCE_1	SUB_h_TO_z_RIGHT_2	1	1	exact positional arithmetic consistency; representation-induced
EDIT_DISTANCE_1	SUB_i_TO_a_RIGHT_0	1	1	exact positional arithmetic consistency; representation-induced
EDIT_DISTANCE_1	SUB_i_TO_a_RIGHT_1	6	1	exact positional arithmetic consistency; representation-induced
EDIT_DISTANCE_1	SUB_i_TO_a_RIGHT_2	22	1	exact positional arithmetic consistency; representation-induced
EDIT_DISTANCE_1	SUB_i_TO_a_RIGHT_3	12	1	exact positional arithmetic consistency; representation-induced
EDIT_DISTANCE_1	SUB_i_TO_c_RIGHT_0	2	1	exact positional arithmetic consistency; representation-induced
EDIT_DISTANCE_1	SUB_i_TO_c_RIGHT_2	1	1	exact positional arithmetic consistency; representation-induced
EDIT_DISTANCE_1	SUB_i_TO_c_RIGHT_3	14	1	exact positional arithmetic consistency; representation-induced
EDIT_DISTANCE_1	SUB_i_TO_c_RIGHT_4	4	1	exact positional arithmetic consistency; representation-induced
EDIT_DISTANCE_1	SUB_i_TO_c_RIGHT_5	1	1	exact positional arithmetic consistency; representation-induced
EDIT_DISTANCE_1	SUB_i_TO_c_RIGHT_6	1	1	exact positional arithmetic consistency; representation-induced
EDIT_DISTANCE_1	SUB_i_TO_d_RIGHT_0	4	1	exact positional arithmetic consistency; representation-induced
EDIT_DISTANCE_1	SUB_i_TO_d_RIGHT_1	7	1	exact positional arithmetic consistency; representation-induced
EDIT_DISTANCE_1	SUB_i_TO_d_RIGHT_2	1	1	exact positional arithmetic consistency; representation-induced
EDIT_DISTANCE_1	SUB_i_TO_d_RIGHT_3	1	1	exact positional arithmetic consistency; representation-induced
EDIT_DISTANCE_1	SUB_i_TO_e_RIGHT_0	1	1	exact positional arithmetic consistency; representation-induced
EDIT_DISTANCE_1	SUB_i_TO_e_RIGHT_1	3	1	exact positional arithmetic consistency; representation-induced
EDIT_DISTANCE_1	SUB_i_TO_e_RIGHT_2	2	1	exact positional arithmetic consistency; representation-induced
EDIT_DISTANCE_1	SUB_i_TO_e_RIGHT_3	5	1	exact positional arithmetic consistency; representation-induced
EDIT_DISTANCE_1	SUB_i_TO_e_RIGHT_4	1	1	exact positional arithmetic consistency; representation-induced
EDIT_DISTANCE_1	SUB_i_TO_f_RIGHT_0	2	1	exact positional arithmetic consistency; representation-induced
EDIT_DISTANCE_1	SUB_i_TO_f_RIGHT_2	1	1	exact positional arithmetic consistency; representation-induced
EDIT_DISTANCE_1	SUB_i_TO_g_RIGHT_0	8	1	exact positional arithmetic consistency; representation-induced
EDIT_DISTANCE_1	SUB_i_TO_g_RIGHT_3	1	1	exact positional arithmetic consistency; representation-induced
EDIT_DISTANCE_1	SUB_i_TO_h_RIGHT_0	3	1	exact positional arithmetic consistency; representation-induced
EDIT_DISTANCE_1	SUB_i_TO_h_RIGHT_1	1	1	exact positional arithmetic consistency; representation-induced
EDIT_DISTANCE_1	SUB_i_TO_j_RIGHT_1	1	1	exact positional arithmetic consistency; representation-induced
EDIT_DISTANCE_1	SUB_i_TO_k_RIGHT_0	2	1	exact positional arithmetic consistency; representation-induced
EDIT_DISTANCE_1	SUB_i_TO_k_RIGHT_1	4	1	exact positional arithmetic consistency; representation-induced
EDIT_DISTANCE_1	SUB_i_TO_k_RIGHT_2	3	1	exact positional arithmetic consistency; representation-induced
EDIT_DISTANCE_1	SUB_i_TO_k_RIGHT_3	4	1	exact positional arithmetic consistency; representation-induced
EDIT_DISTANCE_1	SUB_i_TO_l_RIGHT_0	16	1	exact positional arithmetic consistency; representation-induced
EDIT_DISTANCE_1	SUB_i_TO_l_RIGHT_1	17	1	exact positional arithmetic consistency; representation-induced
EDIT_DISTANCE_1	SUB_i_TO_l_RIGHT_2	7	1	exact positional arithmetic consistency; representation-induced
EDIT_DISTANCE_1	SUB_i_TO_l_RIGHT_3	3	1	exact positional arithmetic consistency; representation-induced
EDIT_DISTANCE_1	SUB_i_TO_l_RIGHT_4	2	1	exact positional arithmetic consistency; representation-induced
EDIT_DISTANCE_1	SUB_i_TO_l_RIGHT_5	1	1	exact positional arithmetic consistency; representation-induced
EDIT_DISTANCE_1	SUB_i_TO_m_RIGHT_0	17	1	exact positional arithmetic consistency; representation-induced
EDIT_DISTANCE_1	SUB_i_TO_m_RIGHT_1	3	1	exact positional arithmetic consistency; representation-induced
EDIT_DISTANCE_1	SUB_i_TO_m_RIGHT_2	1	1	exact positional arithmetic consistency; representation-induced
EDIT_DISTANCE_1	SUB_i_TO_n_RIGHT_0	17	1	exact positional arithmetic consistency; representation-induced
EDIT_DISTANCE_1	SUB_i_TO_n_RIGHT_1	3	1	exact positional arithmetic consistency; representation-induced
EDIT_DISTANCE_1	SUB_i_TO_n_RIGHT_2	3	1	exact positional arithmetic consistency; representation-induced
EDIT_DISTANCE_1	SUB_i_TO_o_RIGHT_0	6	1	exact positional arithmetic consistency; representation-induced
EDIT_DISTANCE_1	SUB_i_TO_o_RIGHT_1	9	1	exact positional arithmetic consistency; representation-induced
EDIT_DISTANCE_1	SUB_i_TO_o_RIGHT_2	5	1	exact positional arithmetic consistency; representation-induced
EDIT_DISTANCE_1	SUB_i_TO_o_RIGHT_3	5	1	exact positional arithmetic consistency; representation-induced
EDIT_DISTANCE_1	SUB_i_TO_o_RIGHT_5	1	1	exact positional arithmetic consistency; representation-induced
EDIT_DISTANCE_1	SUB_i_TO_p_RIGHT_0	2	1	exact positional arithmetic consistency; representation-induced
EDIT_DISTANCE_1	SUB_i_TO_p_RIGHT_1	1	1	exact positional arithmetic consistency; representation-induced
EDIT_DISTANCE_1	SUB_i_TO_p_RIGHT_2	1	1	exact positional arithmetic consistency; representation-induced
EDIT_DISTANCE_1	SUB_i_TO_q_RIGHT_0	1	1	exact positional arithmetic consistency; representation-induced
EDIT_DISTANCE_1	SUB_i_TO_q_RIGHT_2	1	1	exact positional arithmetic consistency; representation-induced
EDIT_DISTANCE_1	SUB_i_TO_q_RIGHT_4	1	1	exact positional arithmetic consistency; representation-induced
EDIT_DISTANCE_1	SUB_i_TO_q_RIGHT_6	1	1	exact positional arithmetic consistency; representation-induced
EDIT_DISTANCE_1	SUB_i_TO_r_RIGHT_0	20	1	exact positional arithmetic consistency; representation-induced
EDIT_DISTANCE_1	SUB_i_TO_r_RIGHT_1	9	1	exact positional arithmetic consistency; representation-induced
EDIT_DISTANCE_1	SUB_i_TO_r_RIGHT_2	7	1	exact positional arithmetic consistency; representation-induced
EDIT_DISTANCE_1	SUB_i_TO_r_RIGHT_3	10	1	exact positional arithmetic consistency; representation-induced
EDIT_DISTANCE_1	SUB_i_TO_r_RIGHT_4	1	1	exact positional arithmetic consistency; representation-induced
EDIT_DISTANCE_1	SUB_i_TO_s_RIGHT_0	11	1	exact positional arithmetic consistency; representation-induced
EDIT_DISTANCE_1	SUB_i_TO_s_RIGHT_1	2	1	exact positional arithmetic consistency; representation-induced
EDIT_DISTANCE_1	SUB_i_TO_s_RIGHT_2	2	1	exact positional arithmetic consistency; representation-induced
EDIT_DISTANCE_1	SUB_i_TO_s_RIGHT_3	3	1	exact positional arithmetic consistency; representation-induced
EDIT_DISTANCE_1	SUB_i_TO_t_RIGHT_0	3	1	exact positional arithmetic consistency; representation-induced
EDIT_DISTANCE_1	SUB_i_TO_t_RIGHT_1	2	1	exact positional arithmetic consistency; representation-induced
EDIT_DISTANCE_1	SUB_i_TO_t_RIGHT_2	2	1	exact positional arithmetic consistency; representation-induced
EDIT_DISTANCE_1	SUB_i_TO_t_RIGHT_3	2	1	exact positional arithmetic consistency; representation-induced
EDIT_DISTANCE_1	SUB_i_TO_u_RIGHT_0	1	1	exact positional arithmetic consistency; representation-induced
EDIT_DISTANCE_1	SUB_i_TO_v_RIGHT_0	1	1	exact positional arithmetic consistency; representation-induced
EDIT_DISTANCE_1	SUB_i_TO_x_RIGHT_0	2	1	exact positional arithmetic consistency; representation-induced
EDIT_DISTANCE_1	SUB_i_TO_y_RIGHT_0	9	1	exact positional arithmetic consistency; representation-induced
EDIT_DISTANCE_1	SUB_i_TO_y_RIGHT_1	2	1	exact positional arithmetic consistency; representation-induced
EDIT_DISTANCE_1	SUB_i_TO_y_RIGHT_4	2	1	exact positional arithmetic consistency; representation-induced
EDIT_DISTANCE_1	SUB_i_TO_z_RIGHT_1	1	1	exact positional arithmetic consistency; representation-induced
EDIT_DISTANCE_1	SUB_j_TO_d_RIGHT_0	1	1	exact positional arithmetic consistency; representation-induced
EDIT_DISTANCE_1	SUB_j_TO_d_RIGHT_1	3	1	exact positional arithmetic consistency; representation-induced
EDIT_DISTANCE_1	SUB_j_TO_d_RIGHT_2	2	1	exact positional arithmetic consistency; representation-induced
EDIT_DISTANCE_1	SUB_j_TO_e_RIGHT_1	1	1	exact positional arithmetic consistency; representation-induced
EDIT_DISTANCE_1	SUB_j_TO_g_RIGHT_0	1	1	exact positional arithmetic consistency; representation-induced
EDIT_DISTANCE_1	SUB_j_TO_i_RIGHT_1	1	1	exact positional arithmetic consistency; representation-induced
EDIT_DISTANCE_1	SUB_j_TO_k_RIGHT_1	2	1	exact positional arithmetic consistency; representation-induced
EDIT_DISTANCE_1	SUB_j_TO_k_RIGHT_2	1	1	exact positional arithmetic consistency; representation-induced
EDIT_DISTANCE_1	SUB_j_TO_l_RIGHT_0	2	1	exact positional arithmetic consistency; representation-induced
EDIT_DISTANCE_1	SUB_j_TO_l_RIGHT_1	3	1	exact positional arithmetic consistency; representation-induced
EDIT_DISTANCE_1	SUB_j_TO_l_RIGHT_2	1	1	exact positional arithmetic consistency; representation-induced
EDIT_DISTANCE_1	SUB_j_TO_m_RIGHT_0	2	1	exact positional arithmetic consistency; representation-induced
EDIT_DISTANCE_1	SUB_j_TO_m_RIGHT_1	1	1	exact positional arithmetic consistency; representation-induced
EDIT_DISTANCE_1	SUB_j_TO_m_RIGHT_2	1	1	exact positional arithmetic consistency; representation-induced
EDIT_DISTANCE_1	SUB_j_TO_n_RIGHT_1	1	1	exact positional arithmetic consistency; representation-induced
EDIT_DISTANCE_1	SUB_j_TO_r_RIGHT_0	2	1	exact positional arithmetic consistency; representation-induced
EDIT_DISTANCE_1	SUB_j_TO_r_RIGHT_1	2	1	exact positional arithmetic consistency; representation-induced
EDIT_DISTANCE_1	SUB_j_TO_r_RIGHT_2	1	1	exact positional arithmetic consistency; representation-induced
EDIT_DISTANCE_1	SUB_j_TO_s_RIGHT_0	2	1	exact positional arithmetic consistency; representation-induced
EDIT_DISTANCE_1	SUB_j_TO_s_RIGHT_1	1	1	exact positional arithmetic consistency; representation-induced
EDIT_DISTANCE_1	SUB_j_TO_t_RIGHT_1	1	1	exact positional arithmetic consistency; representation-induced
EDIT_DISTANCE_1	SUB_j_TO_t_RIGHT_2	2	1	exact positional arithmetic consistency; representation-induced
EDIT_DISTANCE_1	SUB_k_TO_a_RIGHT_0	6	1	exact positional arithmetic consistency; representation-induced
EDIT_DISTANCE_1	SUB_k_TO_a_RIGHT_1	9	1	exact positional arithmetic consistency; representation-induced
EDIT_DISTANCE_1	SUB_k_TO_a_RIGHT_2	1	1	exact positional arithmetic consistency; representation-induced
EDIT_DISTANCE_1	SUB_k_TO_a_RIGHT_3	6	1	exact positional arithmetic consistency; representation-induced
EDIT_DISTANCE_1	SUB_k_TO_a_RIGHT_6	1	1	exact positional arithmetic consistency; representation-induced
EDIT_DISTANCE_1	SUB_k_TO_c_RIGHT_0	5	1	exact positional arithmetic consistency; representation-induced
EDIT_DISTANCE_1	SUB_k_TO_c_RIGHT_1	3	1	exact positional arithmetic consistency; representation-induced
EDIT_DISTANCE_1	SUB_k_TO_c_RIGHT_2	3	1	exact positional arithmetic consistency; representation-induced
EDIT_DISTANCE_1	SUB_k_TO_c_RIGHT_3	5	1	exact positional arithmetic consistency; representation-induced
EDIT_DISTANCE_1	SUB_k_TO_c_RIGHT_4	3	1	exact positional arithmetic consistency; representation-induced
EDIT_DISTANCE_1	SUB_k_TO_d_RIGHT_0	13	1	exact positional arithmetic consistency; representation-induced
EDIT_DISTANCE_1	SUB_k_TO_d_RIGHT_1	94	1	exact positional arithmetic consistency; representation-induced
EDIT_DISTANCE_1	SUB_k_TO_d_RIGHT_2	96	1	exact positional arithmetic consistency; representation-induced
EDIT_DISTANCE_1	SUB_k_TO_d_RIGHT_3	75	1	exact positional arithmetic consistency; representation-induced
EDIT_DISTANCE_1	SUB_k_TO_d_RIGHT_4	87	1	exact positional arithmetic consistency; representation-induced
EDIT_DISTANCE_1	SUB_k_TO_d_RIGHT_5	36	1	exact positional arithmetic consistency; representation-induced
EDIT_DISTANCE_1	SUB_k_TO_d_RIGHT_6	16	1	exact positional arithmetic consistency; representation-induced
EDIT_DISTANCE_1	SUB_k_TO_d_RIGHT_7	8	1	exact positional arithmetic consistency; representation-induced
EDIT_DISTANCE_1	SUB_k_TO_d_RIGHT_9	1	1	exact positional arithmetic consistency; representation-induced
EDIT_DISTANCE_1	SUB_k_TO_e_RIGHT_0	4	1	exact positional arithmetic consistency; representation-induced
EDIT_DISTANCE_1	SUB_k_TO_e_RIGHT_1	29	1	exact positional arithmetic consistency; representation-induced
EDIT_DISTANCE_1	SUB_k_TO_e_RIGHT_2	61	1	exact positional arithmetic consistency; representation-induced
EDIT_DISTANCE_1	SUB_k_TO_e_RIGHT_3	64	1	exact positional arithmetic consistency; representation-induced
EDIT_DISTANCE_1	SUB_k_TO_e_RIGHT_4	31	1	exact positional arithmetic consistency; representation-induced
EDIT_DISTANCE_1	SUB_k_TO_e_RIGHT_5	10	1	exact positional arithmetic consistency; representation-induced
EDIT_DISTANCE_1	SUB_k_TO_e_RIGHT_6	4	1	exact positional arithmetic consistency; representation-induced
EDIT_DISTANCE_1	SUB_k_TO_e_RIGHT_7	1	1	exact positional arithmetic consistency; representation-induced
EDIT_DISTANCE_1	SUB_k_TO_e_RIGHT_8	1	1	exact positional arithmetic consistency; representation-induced
EDIT_DISTANCE_1	SUB_k_TO_f_RIGHT_0	8	1	exact positional arithmetic consistency; representation-induced
EDIT_DISTANCE_1	SUB_k_TO_f_RIGHT_1	12	1	exact positional arithmetic consistency; representation-induced
EDIT_DISTANCE_1	SUB_k_TO_f_RIGHT_2	33	1	exact positional arithmetic consistency; representation-induced
EDIT_DISTANCE_1	SUB_k_TO_f_RIGHT_3	47	1	exact positional arithmetic consistency; representation-induced
EDIT_DISTANCE_1	SUB_k_TO_f_RIGHT_4	50	1	exact positional arithmetic consistency; representation-induced
EDIT_DISTANCE_1	SUB_k_TO_f_RIGHT_5	22	1	exact positional arithmetic consistency; representation-induced
EDIT_DISTANCE_1	SUB_k_TO_f_RIGHT_6	6	1	exact positional arithmetic consistency; representation-induced
EDIT_DISTANCE_1	SUB_k_TO_f_RIGHT_7	1	1	exact positional arithmetic consistency; representation-induced
EDIT_DISTANCE_1	SUB_k_TO_f_RIGHT_8	1	1	exact positional arithmetic consistency; representation-induced
EDIT_DISTANCE_1	SUB_k_TO_g_RIGHT_0	5	1	exact positional arithmetic consistency; representation-induced
EDIT_DISTANCE_1	SUB_k_TO_g_RIGHT_2	1	1	exact positional arithmetic consistency; representation-induced
EDIT_DISTANCE_1	SUB_k_TO_g_RIGHT_3	1	1	exact positional arithmetic consistency; representation-induced
EDIT_DISTANCE_1	SUB_k_TO_h_RIGHT_0	2	1	exact positional arithmetic consistency; representation-induced
EDIT_DISTANCE_1	SUB_k_TO_h_RIGHT_1	14	1	exact positional arithmetic consistency; representation-induced
EDIT_DISTANCE_1	SUB_k_TO_h_RIGHT_2	16	1	exact positional arithmetic consistency; representation-induced
EDIT_DISTANCE_1	SUB_k_TO_h_RIGHT_3	7	1	exact positional arithmetic consistency; representation-induced
EDIT_DISTANCE_1	SUB_k_TO_h_RIGHT_4	7	1	exact positional arithmetic consistency; representation-induced
EDIT_DISTANCE_1	SUB_k_TO_h_RIGHT_5	2	1	exact positional arithmetic consistency; representation-induced
EDIT_DISTANCE_1	SUB_k_TO_i_RIGHT_0	2	1	exact positional arithmetic consistency; representation-induced
EDIT_DISTANCE_1	SUB_k_TO_i_RIGHT_1	4	1	exact positional arithmetic consistency; representation-induced
EDIT_DISTANCE_1	SUB_k_TO_i_RIGHT_2	3	1	exact positional arithmetic consistency; representation-induced
EDIT_DISTANCE_1	SUB_k_TO_i_RIGHT_3	4	1	exact positional arithmetic consistency; representation-induced
EDIT_DISTANCE_1	SUB_k_TO_j_RIGHT_1	2	1	exact positional arithmetic consistency; representation-induced
EDIT_DISTANCE_1	SUB_k_TO_j_RIGHT_2	1	1	exact positional arithmetic consistency; representation-induced
EDIT_DISTANCE_1	SUB_k_TO_l_RIGHT_0	12	1	exact positional arithmetic consistency; representation-induced
EDIT_DISTANCE_1	SUB_k_TO_l_RIGHT_1	35	1	exact positional arithmetic consistency; representation-induced
EDIT_DISTANCE_1	SUB_k_TO_l_RIGHT_2	55	1	exact positional arithmetic consistency; representation-induced
EDIT_DISTANCE_1	SUB_k_TO_l_RIGHT_3	44	1	exact positional arithmetic consistency; representation-induced
EDIT_DISTANCE_1	SUB_k_TO_l_RIGHT_4	65	1	exact positional arithmetic consistency; representation-induced
EDIT_DISTANCE_1	SUB_k_TO_l_RIGHT_5	37	1	exact positional arithmetic consistency; representation-induced
EDIT_DISTANCE_1	SUB_k_TO_l_RIGHT_6	14	1	exact positional arithmetic consistency; representation-induced
EDIT_DISTANCE_1	SUB_k_TO_l_RIGHT_7	2	1	exact positional arithmetic consistency; representation-induced
EDIT_DISTANCE_1	SUB_k_TO_l_RIGHT_8	1	1	exact positional arithmetic consistency; representation-induced
EDIT_DISTANCE_1	SUB_k_TO_m_RIGHT_0	6	1	exact positional arithmetic consistency; representation-induced
EDIT_DISTANCE_1	SUB_k_TO_m_RIGHT_1	2	1	exact positional arithmetic consistency; representation-induced
EDIT_DISTANCE_1	SUB_k_TO_m_RIGHT_2	1	1	exact positional arithmetic consistency; representation-induced
EDIT_DISTANCE_1	SUB_k_TO_m_RIGHT_3	2	1	exact positional arithmetic consistency; representation-induced
EDIT_DISTANCE_1	SUB_k_TO_n_RIGHT_0	4	1	exact positional arithmetic consistency; representation-induced
EDIT_DISTANCE_1	SUB_k_TO_n_RIGHT_1	1	1	exact positional arithmetic consistency; representation-induced
EDIT_DISTANCE_1	SUB_k_TO_n_RIGHT_2	1	1	exact positional arithmetic consistency; representation-induced
EDIT_DISTANCE_1	SUB_k_TO_n_RIGHT_4	1	1	exact positional arithmetic consistency; representation-induced
EDIT_DISTANCE_1	SUB_k_TO_o_RIGHT_0	9	1	exact positional arithmetic consistency; representation-induced
EDIT_DISTANCE_1	SUB_k_TO_o_RIGHT_1	24	1	exact positional arithmetic consistency; representation-induced
EDIT_DISTANCE_1	SUB_k_TO_o_RIGHT_2	24	1	exact positional arithmetic consistency; representation-induced
EDIT_DISTANCE_1	SUB_k_TO_o_RIGHT_3	37	1	exact positional arithmetic consistency; representation-induced
EDIT_DISTANCE_1	SUB_k_TO_o_RIGHT_4	45	1	exact positional arithmetic consistency; representation-induced
EDIT_DISTANCE_1	SUB_k_TO_o_RIGHT_5	21	1	exact positional arithmetic consistency; representation-induced
EDIT_DISTANCE_1	SUB_k_TO_o_RIGHT_6	7	1	exact positional arithmetic consistency; representation-induced
EDIT_DISTANCE_1	SUB_k_TO_o_RIGHT_8	1	1	exact positional arithmetic consistency; representation-induced
EDIT_DISTANCE_1	SUB_k_TO_o_RIGHT_9	1	1	exact positional arithmetic consistency; representation-induced
EDIT_DISTANCE_1	SUB_k_TO_p_RIGHT_0	9	1	exact positional arithmetic consistency; representation-induced
EDIT_DISTANCE_1	SUB_k_TO_p_RIGHT_1	13	1	exact positional arithmetic consistency; representation-induced
EDIT_DISTANCE_1	SUB_k_TO_p_RIGHT_2	50	1	exact positional arithmetic consistency; representation-induced
EDIT_DISTANCE_1	SUB_k_TO_p_RIGHT_3	61	1	exact positional arithmetic consistency; representation-induced
EDIT_DISTANCE_1	SUB_k_TO_p_RIGHT_4	92	1	exact positional arithmetic consistency; representation-induced
EDIT_DISTANCE_1	SUB_k_TO_p_RIGHT_5	48	1	exact positional arithmetic consistency; representation-induced
EDIT_DISTANCE_1	SUB_k_TO_p_RIGHT_6	26	1	exact positional arithmetic consistency; representation-induced
EDIT_DISTANCE_1	SUB_k_TO_p_RIGHT_7	3	1	exact positional arithmetic consistency; representation-induced
EDIT_DISTANCE_1	SUB_k_TO_p_RIGHT_8	1	1	exact positional arithmetic consistency; representation-induced
EDIT_DISTANCE_1	SUB_k_TO_p_RIGHT_9	1	1	exact positional arithmetic consistency; representation-induced
EDIT_DISTANCE_1	SUB_k_TO_q_RIGHT_0	1	1	exact positional arithmetic consistency; representation-induced
EDIT_DISTANCE_1	SUB_k_TO_q_RIGHT_1	5	1	exact positional arithmetic consistency; representation-induced
EDIT_DISTANCE_1	SUB_k_TO_q_RIGHT_2	7	1	exact positional arithmetic consistency; representation-induced
EDIT_DISTANCE_1	SUB_k_TO_q_RIGHT_3	6	1	exact positional arithmetic consistency; representation-induced
EDIT_DISTANCE_1	SUB_k_TO_q_RIGHT_4	17	1	exact positional arithmetic consistency; representation-induced
EDIT_DISTANCE_1	SUB_k_TO_q_RIGHT_5	12	1	exact positional arithmetic consistency; representation-induced
EDIT_DISTANCE_1	SUB_k_TO_q_RIGHT_6	7	1	exact positional arithmetic consistency; representation-induced
EDIT_DISTANCE_1	SUB_k_TO_q_RIGHT_7	4	1	exact positional arithmetic consistency; representation-induced
EDIT_DISTANCE_1	SUB_k_TO_r_RIGHT_0	13	1	exact positional arithmetic consistency; representation-induced
EDIT_DISTANCE_1	SUB_k_TO_r_RIGHT_1	24	1	exact positional arithmetic consistency; representation-induced
EDIT_DISTANCE_1	SUB_k_TO_r_RIGHT_2	35	1	exact positional arithmetic consistency; representation-induced
EDIT_DISTANCE_1	SUB_k_TO_r_RIGHT_3	30	1	exact positional arithmetic consistency; representation-induced
EDIT_DISTANCE_1	SUB_k_TO_r_RIGHT_4	42	1	exact positional arithmetic consistency; representation-induced
EDIT_DISTANCE_1	SUB_k_TO_r_RIGHT_5	17	1	exact positional arithmetic consistency; representation-induced
EDIT_DISTANCE_1	SUB_k_TO_r_RIGHT_6	6	1	exact positional arithmetic consistency; representation-induced
EDIT_DISTANCE_1	SUB_k_TO_r_RIGHT_7	1	1	exact positional arithmetic consistency; representation-induced
EDIT_DISTANCE_1	SUB_k_TO_s_RIGHT_0	15	1	exact positional arithmetic consistency; representation-induced
EDIT_DISTANCE_1	SUB_k_TO_s_RIGHT_1	28	1	exact positional arithmetic consistency; representation-induced
EDIT_DISTANCE_1	SUB_k_TO_s_RIGHT_2	24	1	exact positional arithmetic consistency; representation-induced
EDIT_DISTANCE_1	SUB_k_TO_s_RIGHT_3	33	1	exact positional arithmetic consistency; representation-induced
EDIT_DISTANCE_1	SUB_k_TO_s_RIGHT_4	40	1	exact positional arithmetic consistency; representation-induced
EDIT_DISTANCE_1	SUB_k_TO_s_RIGHT_5	19	1	exact positional arithmetic consistency; representation-induced
EDIT_DISTANCE_1	SUB_k_TO_s_RIGHT_6	9	1	exact positional arithmetic consistency; representation-induced
EDIT_DISTANCE_1	SUB_k_TO_s_RIGHT_7	4	1	exact positional arithmetic consistency; representation-induced
EDIT_DISTANCE_1	SUB_k_TO_t_RIGHT_0	11	1	exact positional arithmetic consistency; representation-induced
EDIT_DISTANCE_1	SUB_k_TO_t_RIGHT_1	43	1	exact positional arithmetic consistency; representation-induced
EDIT_DISTANCE_1	SUB_k_TO_t_RIGHT_2	140	1	exact positional arithmetic consistency; representation-induced
EDIT_DISTANCE_1	SUB_k_TO_t_RIGHT_3	191	1	exact positional arithmetic consistency; representation-induced
EDIT_DISTANCE_1	SUB_k_TO_t_RIGHT_4	209	1	exact positional arithmetic consistency; representation-induced
EDIT_DISTANCE_1	SUB_k_TO_t_RIGHT_5	95	1	exact positional arithmetic consistency; representation-induced
EDIT_DISTANCE_1	SUB_k_TO_t_RIGHT_6	37	1	exact positional arithmetic consistency; representation-induced
EDIT_DISTANCE_1	SUB_k_TO_t_RIGHT_7	12	1	exact positional arithmetic consistency; representation-induced
EDIT_DISTANCE_1	SUB_k_TO_t_RIGHT_8	3	1	exact positional arithmetic consistency; representation-induced
EDIT_DISTANCE_1	SUB_k_TO_t_RIGHT_9	1	1	exact positional arithmetic consistency; representation-induced
EDIT_DISTANCE_1	SUB_k_TO_u_RIGHT_0	1	1	exact positional arithmetic consistency; representation-induced
EDIT_DISTANCE_1	SUB_k_TO_v_RIGHT_0	1	1	exact positional arithmetic consistency; representation-induced
EDIT_DISTANCE_1	SUB_k_TO_v_RIGHT_1	1	1	exact positional arithmetic consistency; representation-induced
EDIT_DISTANCE_1	SUB_k_TO_v_RIGHT_2	1	1	exact positional arithmetic consistency; representation-induced
EDIT_DISTANCE_1	SUB_k_TO_x_RIGHT_0	2	1	exact positional arithmetic consistency; representation-induced
EDIT_DISTANCE_1	SUB_k_TO_x_RIGHT_1	1	1	exact positional arithmetic consistency; representation-induced
EDIT_DISTANCE_1	SUB_k_TO_x_RIGHT_2	7	1	exact positional arithmetic consistency; representation-induced
EDIT_DISTANCE_1	SUB_k_TO_x_RIGHT_4	1	1	exact positional arithmetic consistency; representation-induced
EDIT_DISTANCE_1	SUB_k_TO_y_RIGHT_0	17	1	exact positional arithmetic consistency; representation-induced
EDIT_DISTANCE_1	SUB_k_TO_y_RIGHT_1	5	1	exact positional arithmetic consistency; representation-induced
EDIT_DISTANCE_1	SUB_k_TO_y_RIGHT_2	6	1	exact positional arithmetic consistency; representation-induced
EDIT_DISTANCE_1	SUB_k_TO_y_RIGHT_3	10	1	exact positional arithmetic consistency; representation-induced
EDIT_DISTANCE_1	SUB_k_TO_y_RIGHT_4	24	1	exact positional arithmetic consistency; representation-induced
EDIT_DISTANCE_1	SUB_k_TO_y_RIGHT_5	12	1	exact positional arithmetic consistency; representation-induced
EDIT_DISTANCE_1	SUB_k_TO_y_RIGHT_6	8	1	exact positional arithmetic consistency; representation-induced
EDIT_DISTANCE_1	SUB_k_TO_y_RIGHT_7	1	1	exact positional arithmetic consistency; representation-induced
EDIT_DISTANCE_1	SUB_k_TO_z_RIGHT_0	1	1	exact positional arithmetic consistency; representation-induced
EDIT_DISTANCE_1	SUB_k_TO_z_RIGHT_2	1	1	exact positional arithmetic consistency; representation-induced
EDIT_DISTANCE_1	SUB_l_TO_a_RIGHT_0	16	1	exact positional arithmetic consistency; representation-induced
EDIT_DISTANCE_1	SUB_l_TO_a_RIGHT_1	13	1	exact positional arithmetic consistency; representation-induced
EDIT_DISTANCE_1	SUB_l_TO_a_RIGHT_2	5	1	exact positional arithmetic consistency; representation-induced
EDIT_DISTANCE_1	SUB_l_TO_a_RIGHT_3	12	1	exact positional arithmetic consistency; representation-induced
EDIT_DISTANCE_1	SUB_l_TO_a_RIGHT_4	7	1	exact positional arithmetic consistency; representation-induced
EDIT_DISTANCE_1	SUB_l_TO_a_RIGHT_5	5	1	exact positional arithmetic consistency; representation-induced
EDIT_DISTANCE_1	SUB_l_TO_a_RIGHT_6	2	1	exact positional arithmetic consistency; representation-induced
EDIT_DISTANCE_1	SUB_l_TO_c_RIGHT_0	8	1	exact positional arithmetic consistency; representation-induced
EDIT_DISTANCE_1	SUB_l_TO_c_RIGHT_1	2	1	exact positional arithmetic consistency; representation-induced
EDIT_DISTANCE_1	SUB_l_TO_c_RIGHT_2	5	1	exact positional arithmetic consistency; representation-induced
EDIT_DISTANCE_1	SUB_l_TO_c_RIGHT_3	5	1	exact positional arithmetic consistency; representation-induced
EDIT_DISTANCE_1	SUB_l_TO_c_RIGHT_5	4	1	exact positional arithmetic consistency; representation-induced
EDIT_DISTANCE_1	SUB_l_TO_d_RIGHT_0	92	1	exact positional arithmetic consistency; representation-induced
EDIT_DISTANCE_1	SUB_l_TO_d_RIGHT_1	87	1	exact positional arithmetic consistency; representation-induced
EDIT_DISTANCE_1	SUB_l_TO_d_RIGHT_2	59	1	exact positional arithmetic consistency; representation-induced
EDIT_DISTANCE_1	SUB_l_TO_d_RIGHT_3	37	1	exact positional arithmetic consistency; representation-induced
EDIT_DISTANCE_1	SUB_l_TO_d_RIGHT_4	58	1	exact positional arithmetic consistency; representation-induced
EDIT_DISTANCE_1	SUB_l_TO_d_RIGHT_5	28	1	exact positional arithmetic consistency; representation-induced
EDIT_DISTANCE_1	SUB_l_TO_d_RIGHT_6	14	1	exact positional arithmetic consistency; representation-induced
EDIT_DISTANCE_1	SUB_l_TO_d_RIGHT_7	4	1	exact positional arithmetic consistency; representation-induced
EDIT_DISTANCE_1	SUB_l_TO_d_RIGHT_8	1	1	exact positional arithmetic consistency; representation-induced
EDIT_DISTANCE_1	SUB_l_TO_e_RIGHT_0	11	1	exact positional arithmetic consistency; representation-induced
EDIT_DISTANCE_1	SUB_l_TO_e_RIGHT_1	18	1	exact positional arithmetic consistency; representation-induced
EDIT_DISTANCE_1	SUB_l_TO_e_RIGHT_2	34	1	exact positional arithmetic consistency; representation-induced
EDIT_DISTANCE_1	SUB_l_TO_e_RIGHT_3	15	1	exact positional arithmetic consistency; representation-induced
EDIT_DISTANCE_1	SUB_l_TO_e_RIGHT_4	20	1	exact positional arithmetic consistency; representation-induced
EDIT_DISTANCE_1	SUB_l_TO_e_RIGHT_5	15	1	exact positional arithmetic consistency; representation-induced
EDIT_DISTANCE_1	SUB_l_TO_e_RIGHT_6	2	1	exact positional arithmetic consistency; representation-induced
EDIT_DISTANCE_1	SUB_l_TO_e_RIGHT_7	1	1	exact positional arithmetic consistency; representation-induced
EDIT_DISTANCE_1	SUB_l_TO_f_RIGHT_0	8	1	exact positional arithmetic consistency; representation-induced
EDIT_DISTANCE_1	SUB_l_TO_f_RIGHT_1	6	1	exact positional arithmetic consistency; representation-induced
EDIT_DISTANCE_1	SUB_l_TO_f_RIGHT_2	13	1	exact positional arithmetic consistency; representation-induced
EDIT_DISTANCE_1	SUB_l_TO_f_RIGHT_3	11	1	exact positional arithmetic consistency; representation-induced
EDIT_DISTANCE_1	SUB_l_TO_f_RIGHT_4	23	1	exact positional arithmetic consistency; representation-induced
EDIT_DISTANCE_1	SUB_l_TO_f_RIGHT_5	11	1	exact positional arithmetic consistency; representation-induced
EDIT_DISTANCE_1	SUB_l_TO_f_RIGHT_6	2	1	exact positional arithmetic consistency; representation-induced
EDIT_DISTANCE_1	SUB_l_TO_f_RIGHT_7	1	1	exact positional arithmetic consistency; representation-induced
EDIT_DISTANCE_1	SUB_l_TO_f_RIGHT_8	1	1	exact positional arithmetic consistency; representation-induced
EDIT_DISTANCE_1	SUB_l_TO_g_RIGHT_0	33	1	exact positional arithmetic consistency; representation-induced
EDIT_DISTANCE_1	SUB_l_TO_g_RIGHT_1	3	1	exact positional arithmetic consistency; representation-induced
EDIT_DISTANCE_1	SUB_l_TO_g_RIGHT_2	1	1	exact positional arithmetic consistency; representation-induced
EDIT_DISTANCE_1	SUB_l_TO_h_RIGHT_0	3	1	exact positional arithmetic consistency; representation-induced
EDIT_DISTANCE_1	SUB_l_TO_h_RIGHT_1	5	1	exact positional arithmetic consistency; representation-induced
EDIT_DISTANCE_1	SUB_l_TO_h_RIGHT_2	5	1	exact positional arithmetic consistency; representation-induced
EDIT_DISTANCE_1	SUB_l_TO_h_RIGHT_3	2	1	exact positional arithmetic consistency; representation-induced
EDIT_DISTANCE_1	SUB_l_TO_h_RIGHT_4	1	1	exact positional arithmetic consistency; representation-induced
EDIT_DISTANCE_1	SUB_l_TO_i_RIGHT_0	16	1	exact positional arithmetic consistency; representation-induced
EDIT_DISTANCE_1	SUB_l_TO_i_RIGHT_1	17	1	exact positional arithmetic consistency; representation-induced
EDIT_DISTANCE_1	SUB_l_TO_i_RIGHT_2	7	1	exact positional arithmetic consistency; representation-induced
EDIT_DISTANCE_1	SUB_l_TO_i_RIGHT_3	3	1	exact positional arithmetic consistency; representation-induced
EDIT_DISTANCE_1	SUB_l_TO_i_RIGHT_4	2	1	exact positional arithmetic consistency; representation-induced
EDIT_DISTANCE_1	SUB_l_TO_i_RIGHT_5	1	1	exact positional arithmetic consistency; representation-induced
EDIT_DISTANCE_1	SUB_l_TO_j_RIGHT_0	2	1	exact positional arithmetic consistency; representation-induced
EDIT_DISTANCE_1	SUB_l_TO_j_RIGHT_1	3	1	exact positional arithmetic consistency; representation-induced
EDIT_DISTANCE_1	SUB_l_TO_j_RIGHT_2	1	1	exact positional arithmetic consistency; representation-induced
EDIT_DISTANCE_1	SUB_l_TO_k_RIGHT_0	12	1	exact positional arithmetic consistency; representation-induced
EDIT_DISTANCE_1	SUB_l_TO_k_RIGHT_1	35	1	exact positional arithmetic consistency; representation-induced
EDIT_DISTANCE_1	SUB_l_TO_k_RIGHT_2	55	1	exact positional arithmetic consistency; representation-induced
EDIT_DISTANCE_1	SUB_l_TO_k_RIGHT_3	44	1	exact positional arithmetic consistency; representation-induced
EDIT_DISTANCE_1	SUB_l_TO_k_RIGHT_4	65	1	exact positional arithmetic consistency; representation-induced
EDIT_DISTANCE_1	SUB_l_TO_k_RIGHT_5	37	1	exact positional arithmetic consistency; representation-induced
EDIT_DISTANCE_1	SUB_l_TO_k_RIGHT_6	14	1	exact positional arithmetic consistency; representation-induced
EDIT_DISTANCE_1	SUB_l_TO_k_RIGHT_7	2	1	exact positional arithmetic consistency; representation-induced
EDIT_DISTANCE_1	SUB_l_TO_k_RIGHT_8	1	1	exact positional arithmetic consistency; representation-induced
EDIT_DISTANCE_1	SUB_l_TO_m_RIGHT_0	175	1	exact positional arithmetic consistency; representation-induced
EDIT_DISTANCE_1	SUB_l_TO_m_RIGHT_1	6	1	exact positional arithmetic consistency; representation-induced
EDIT_DISTANCE_1	SUB_l_TO_m_RIGHT_2	7	1	exact positional arithmetic consistency; representation-induced
EDIT_DISTANCE_1	SUB_l_TO_m_RIGHT_3	1	1	exact positional arithmetic consistency; representation-induced
EDIT_DISTANCE_1	SUB_l_TO_n_RIGHT_0	63	1	exact positional arithmetic consistency; representation-induced
EDIT_DISTANCE_1	SUB_l_TO_n_RIGHT_1	3	1	exact positional arithmetic consistency; representation-induced
EDIT_DISTANCE_1	SUB_l_TO_n_RIGHT_2	2	1	exact positional arithmetic consistency; representation-induced
EDIT_DISTANCE_1	SUB_l_TO_n_RIGHT_4	1	1	exact positional arithmetic consistency; representation-induced
EDIT_DISTANCE_1	SUB_l_TO_o_RIGHT_0	35	1	exact positional arithmetic consistency; representation-induced
EDIT_DISTANCE_1	SUB_l_TO_o_RIGHT_1	18	1	exact positional arithmetic consistency; representation-induced
EDIT_DISTANCE_1	SUB_l_TO_o_RIGHT_2	25	1	exact positional arithmetic consistency; representation-induced
EDIT_DISTANCE_1	SUB_l_TO_o_RIGHT_3	31	1	exact positional arithmetic consistency; representation-induced
EDIT_DISTANCE_1	SUB_l_TO_o_RIGHT_4	51	1	exact positional arithmetic consistency; representation-induced
EDIT_DISTANCE_1	SUB_l_TO_o_RIGHT_5	49	1	exact positional arithmetic consistency; representation-induced
EDIT_DISTANCE_1	SUB_l_TO_o_RIGHT_6	23	1	exact positional arithmetic consistency; representation-induced
EDIT_DISTANCE_1	SUB_l_TO_o_RIGHT_7	8	1	exact positional arithmetic consistency; representation-induced
EDIT_DISTANCE_1	SUB_l_TO_p_RIGHT_0	9	1	exact positional arithmetic consistency; representation-induced
EDIT_DISTANCE_1	SUB_l_TO_p_RIGHT_1	11	1	exact positional arithmetic consistency; representation-induced
EDIT_DISTANCE_1	SUB_l_TO_p_RIGHT_2	25	1	exact positional arithmetic consistency; representation-induced
EDIT_DISTANCE_1	SUB_l_TO_p_RIGHT_3	18	1	exact positional arithmetic consistency; representation-induced
EDIT_DISTANCE_1	SUB_l_TO_p_RIGHT_4	44	1	exact positional arithmetic consistency; representation-induced
EDIT_DISTANCE_1	SUB_l_TO_p_RIGHT_5	37	1	exact positional arithmetic consistency; representation-induced
EDIT_DISTANCE_1	SUB_l_TO_p_RIGHT_6	17	1	exact positional arithmetic consistency; representation-induced
EDIT_DISTANCE_1	SUB_l_TO_p_RIGHT_7	4	1	exact positional arithmetic consistency; representation-induced
EDIT_DISTANCE_1	SUB_l_TO_p_RIGHT_8	1	1	exact positional arithmetic consistency; representation-induced
EDIT_DISTANCE_1	SUB_l_TO_q_RIGHT_0	1	1	exact positional arithmetic consistency; representation-induced
EDIT_DISTANCE_1	SUB_l_TO_q_RIGHT_1	5	1	exact positional arithmetic consistency; representation-induced
EDIT_DISTANCE_1	SUB_l_TO_q_RIGHT_2	7	1	exact positional arithmetic consistency; representation-induced
EDIT_DISTANCE_1	SUB_l_TO_q_RIGHT_3	9	1	exact positional arithmetic consistency; representation-induced
EDIT_DISTANCE_1	SUB_l_TO_q_RIGHT_4	19	1	exact positional arithmetic consistency; representation-induced
EDIT_DISTANCE_1	SUB_l_TO_q_RIGHT_5	13	1	exact positional arithmetic consistency; representation-induced
EDIT_DISTANCE_1	SUB_l_TO_q_RIGHT_6	7	1	exact positional arithmetic consistency; representation-induced
EDIT_DISTANCE_1	SUB_l_TO_q_RIGHT_7	3	1	exact positional arithmetic consistency; representation-induced
EDIT_DISTANCE_1	SUB_l_TO_q_RIGHT_8	1	1	exact positional arithmetic consistency; representation-induced
EDIT_DISTANCE_1	SUB_l_TO_r_RIGHT_0	385	1	exact positional arithmetic consistency; representation-induced
EDIT_DISTANCE_1	SUB_l_TO_r_RIGHT_1	51	1	exact positional arithmetic consistency; representation-induced
EDIT_DISTANCE_1	SUB_l_TO_r_RIGHT_2	79	1	exact positional arithmetic consistency; representation-induced
EDIT_DISTANCE_1	SUB_l_TO_r_RIGHT_3	49	1	exact positional arithmetic consistency; representation-induced
EDIT_DISTANCE_1	SUB_l_TO_r_RIGHT_4	50	1	exact positional arithmetic consistency; representation-induced
EDIT_DISTANCE_1	SUB_l_TO_r_RIGHT_5	27	1	exact positional arithmetic consistency; representation-induced
EDIT_DISTANCE_1	SUB_l_TO_r_RIGHT_6	7	1	exact positional arithmetic consistency; representation-induced
EDIT_DISTANCE_1	SUB_l_TO_r_RIGHT_7	1	1	exact positional arithmetic consistency; representation-induced
EDIT_DISTANCE_1	SUB_l_TO_s_RIGHT_0	147	1	exact positional arithmetic consistency; representation-induced
EDIT_DISTANCE_1	SUB_l_TO_s_RIGHT_1	16	1	exact positional arithmetic consistency; representation-induced
EDIT_DISTANCE_1	SUB_l_TO_s_RIGHT_2	23	1	exact positional arithmetic consistency; representation-induced
EDIT_DISTANCE_1	SUB_l_TO_s_RIGHT_3	16	1	exact positional arithmetic consistency; representation-induced
EDIT_DISTANCE_1	SUB_l_TO_s_RIGHT_4	30	1	exact positional arithmetic consistency; representation-induced
EDIT_DISTANCE_1	SUB_l_TO_s_RIGHT_5	24	1	exact positional arithmetic consistency; representation-induced
EDIT_DISTANCE_1	SUB_l_TO_s_RIGHT_6	7	1	exact positional arithmetic consistency; representation-induced
EDIT_DISTANCE_1	SUB_l_TO_s_RIGHT_7	4	1	exact positional arithmetic consistency; representation-induced
EDIT_DISTANCE_1	SUB_l_TO_t_RIGHT_0	9	1	exact positional arithmetic consistency; representation-induced
EDIT_DISTANCE_1	SUB_l_TO_t_RIGHT_1	22	1	exact positional arithmetic consistency; representation-induced
EDIT_DISTANCE_1	SUB_l_TO_t_RIGHT_2	45	1	exact positional arithmetic consistency; representation-induced
EDIT_DISTANCE_1	SUB_l_TO_t_RIGHT_3	39	1	exact positional arithmetic consistency; representation-induced
EDIT_DISTANCE_1	SUB_l_TO_t_RIGHT_4	72	1	exact positional arithmetic consistency; representation-induced
EDIT_DISTANCE_1	SUB_l_TO_t_RIGHT_5	40	1	exact positional arithmetic consistency; representation-induced
EDIT_DISTANCE_1	SUB_l_TO_t_RIGHT_6	19	1	exact positional arithmetic consistency; representation-induced
EDIT_DISTANCE_1	SUB_l_TO_t_RIGHT_7	4	1	exact positional arithmetic consistency; representation-induced
EDIT_DISTANCE_1	SUB_l_TO_t_RIGHT_9	1	1	exact positional arithmetic consistency; representation-induced
EDIT_DISTANCE_1	SUB_l_TO_u_RIGHT_0	3	1	exact positional arithmetic consistency; representation-induced
EDIT_DISTANCE_1	SUB_l_TO_v_RIGHT_0	1	1	exact positional arithmetic consistency; representation-induced
EDIT_DISTANCE_1	SUB_l_TO_v_RIGHT_1	2	1	exact positional arithmetic consistency; representation-induced
EDIT_DISTANCE_1	SUB_l_TO_v_RIGHT_2	1	1	exact positional arithmetic consistency; representation-induced
EDIT_DISTANCE_1	SUB_l_TO_x_RIGHT_0	4	1	exact positional arithmetic consistency; representation-induced
EDIT_DISTANCE_1	SUB_l_TO_x_RIGHT_2	8	1	exact positional arithmetic consistency; representation-induced
EDIT_DISTANCE_1	SUB_l_TO_x_RIGHT_3	1	1	exact positional arithmetic consistency; representation-induced
EDIT_DISTANCE_1	SUB_l_TO_x_RIGHT_4	1	1	exact positional arithmetic consistency; representation-induced
EDIT_DISTANCE_1	SUB_l_TO_y_RIGHT_0	103	1	exact positional arithmetic consistency; representation-induced
EDIT_DISTANCE_1	SUB_l_TO_y_RIGHT_1	8	1	exact positional arithmetic consistency; representation-induced
EDIT_DISTANCE_1	SUB_l_TO_y_RIGHT_2	12	1	exact positional arithmetic consistency; representation-induced
EDIT_DISTANCE_1	SUB_l_TO_y_RIGHT_3	27	1	exact positional arithmetic consistency; representation-induced
EDIT_DISTANCE_1	SUB_l_TO_y_RIGHT_4	45	1	exact positional arithmetic consistency; representation-induced
EDIT_DISTANCE_1	SUB_l_TO_y_RIGHT_5	44	1	exact positional arithmetic consistency; representation-induced
EDIT_DISTANCE_1	SUB_l_TO_y_RIGHT_6	19	1	exact positional arithmetic consistency; representation-induced
EDIT_DISTANCE_1	SUB_l_TO_y_RIGHT_7	4	1	exact positional arithmetic consistency; representation-induced
EDIT_DISTANCE_1	SUB_l_TO_y_RIGHT_8	3	1	exact positional arithmetic consistency; representation-induced
EDIT_DISTANCE_1	SUB_l_TO_z_RIGHT_0	1	1	exact positional arithmetic consistency; representation-induced
EDIT_DISTANCE_1	SUB_l_TO_z_RIGHT_1	3	1	exact positional arithmetic consistency; representation-induced
EDIT_DISTANCE_1	SUB_l_TO_z_RIGHT_2	1	1	exact positional arithmetic consistency; representation-induced
EDIT_DISTANCE_1	SUB_m_TO_a_RIGHT_0	6	1	exact positional arithmetic consistency; representation-induced
EDIT_DISTANCE_1	SUB_m_TO_c_RIGHT_0	6	1	exact positional arithmetic consistency; representation-induced
EDIT_DISTANCE_1	SUB_m_TO_d_RIGHT_0	43	1	exact positional arithmetic consistency; representation-induced
EDIT_DISTANCE_1	SUB_m_TO_d_RIGHT_1	1	1	exact positional arithmetic consistency; representation-induced
EDIT_DISTANCE_1	SUB_m_TO_d_RIGHT_2	2	1	exact positional arithmetic consistency; representation-induced
EDIT_DISTANCE_1	SUB_m_TO_e_RIGHT_0	4	1	exact positional arithmetic consistency; representation-induced
EDIT_DISTANCE_1	SUB_m_TO_e_RIGHT_2	1	1	exact positional arithmetic consistency; representation-induced
EDIT_DISTANCE_1	SUB_m_TO_f_RIGHT_0	4	1	exact positional arithmetic consistency; representation-induced
EDIT_DISTANCE_1	SUB_m_TO_f_RIGHT_1	1	1	exact positional arithmetic consistency; representation-induced
EDIT_DISTANCE_1	SUB_m_TO_f_RIGHT_2	1	1	exact positional arithmetic consistency; representation-induced
EDIT_DISTANCE_1	SUB_m_TO_g_RIGHT_0	26	1	exact positional arithmetic consistency; representation-induced
EDIT_DISTANCE_1	SUB_m_TO_g_RIGHT_1	1	1	exact positional arithmetic consistency; representation-induced
EDIT_DISTANCE_1	SUB_m_TO_h_RIGHT_0	1	1	exact positional arithmetic consistency; representation-induced
EDIT_DISTANCE_1	SUB_m_TO_h_RIGHT_2	1	1	exact positional arithmetic consistency; representation-induced
EDIT_DISTANCE_1	SUB_m_TO_i_RIGHT_0	17	1	exact positional arithmetic consistency; representation-induced
EDIT_DISTANCE_1	SUB_m_TO_i_RIGHT_1	3	1	exact positional arithmetic consistency; representation-induced
EDIT_DISTANCE_1	SUB_m_TO_i_RIGHT_2	1	1	exact positional arithmetic consistency; representation-induced
EDIT_DISTANCE_1	SUB_m_TO_j_RIGHT_0	2	1	exact positional arithmetic consistency; representation-induced
EDIT_DISTANCE_1	SUB_m_TO_j_RIGHT_1	1	1	exact positional arithmetic consistency; representation-induced
EDIT_DISTANCE_1	SUB_m_TO_j_RIGHT_2	1	1	exact positional arithmetic consistency; representation-induced
EDIT_DISTANCE_1	SUB_m_TO_k_RIGHT_0	6	1	exact positional arithmetic consistency; representation-induced
EDIT_DISTANCE_1	SUB_m_TO_k_RIGHT_1	2	1	exact positional arithmetic consistency; representation-induced
EDIT_DISTANCE_1	SUB_m_TO_k_RIGHT_2	1	1	exact positional arithmetic consistency; representation-induced
EDIT_DISTANCE_1	SUB_m_TO_k_RIGHT_3	2	1	exact positional arithmetic consistency; representation-induced
EDIT_DISTANCE_1	SUB_m_TO_l_RIGHT_0	175	1	exact positional arithmetic consistency; representation-induced
EDIT_DISTANCE_1	SUB_m_TO_l_RIGHT_1	6	1	exact positional arithmetic consistency; representation-induced
EDIT_DISTANCE_1	SUB_m_TO_l_RIGHT_2	7	1	exact positional arithmetic consistency; representation-induced
EDIT_DISTANCE_1	SUB_m_TO_l_RIGHT_3	1	1	exact positional arithmetic consistency; representation-induced
EDIT_DISTANCE_1	SUB_m_TO_n_RIGHT_0	56	1	exact positional arithmetic consistency; representation-induced
EDIT_DISTANCE_1	SUB_m_TO_o_RIGHT_0	14	1	exact positional arithmetic consistency; representation-induced
EDIT_DISTANCE_1	SUB_m_TO_p_RIGHT_0	7	1	exact positional arithmetic consistency; representation-induced
EDIT_DISTANCE_1	SUB_m_TO_p_RIGHT_1	1	1	exact positional arithmetic consistency; representation-induced
EDIT_DISTANCE_1	SUB_m_TO_p_RIGHT_2	1	1	exact positional arithmetic consistency; representation-induced
EDIT_DISTANCE_1	SUB_m_TO_q_RIGHT_0	1	1	exact positional arithmetic consistency; representation-induced
EDIT_DISTANCE_1	SUB_m_TO_q_RIGHT_2	1	1	exact positional arithmetic consistency; representation-induced
EDIT_DISTANCE_1	SUB_m_TO_r_RIGHT_0	195	1	exact positional arithmetic consistency; representation-induced
EDIT_DISTANCE_1	SUB_m_TO_r_RIGHT_1	7	1	exact positional arithmetic consistency; representation-induced
EDIT_DISTANCE_1	SUB_m_TO_r_RIGHT_2	6	1	exact positional arithmetic consistency; representation-induced
EDIT_DISTANCE_1	SUB_m_TO_s_RIGHT_0	72	1	exact positional arithmetic consistency; representation-induced
EDIT_DISTANCE_1	SUB_m_TO_s_RIGHT_1	2	1	exact positional arithmetic consistency; representation-induced
EDIT_DISTANCE_1	SUB_m_TO_s_RIGHT_2	1	1	exact positional arithmetic consistency; representation-induced
EDIT_DISTANCE_1	SUB_m_TO_t_RIGHT_0	8	1	exact positional arithmetic consistency; representation-induced
EDIT_DISTANCE_1	SUB_m_TO_t_RIGHT_1	2	1	exact positional arithmetic consistency; representation-induced
EDIT_DISTANCE_1	SUB_m_TO_t_RIGHT_2	2	1	exact positional arithmetic consistency; representation-induced
EDIT_DISTANCE_1	SUB_m_TO_u_RIGHT_0	2	1	exact positional arithmetic consistency; representation-induced
EDIT_DISTANCE_1	SUB_m_TO_v_RIGHT_0	1	1	exact positional arithmetic consistency; representation-induced
EDIT_DISTANCE_1	SUB_m_TO_x_RIGHT_0	2	1	exact positional arithmetic consistency; representation-induced
EDIT_DISTANCE_1	SUB_m_TO_x_RIGHT_2	1	1	exact positional arithmetic consistency; representation-induced
EDIT_DISTANCE_1	SUB_m_TO_y_RIGHT_0	41	1	exact positional arithmetic consistency; representation-induced
EDIT_DISTANCE_1	SUB_m_TO_y_RIGHT_2	1	1	exact positional arithmetic consistency; representation-induced
EDIT_DISTANCE_1	SUB_m_TO_z_RIGHT_1	1	1	exact positional arithmetic consistency; representation-induced
EDIT_DISTANCE_1	SUB_n_TO_a_RIGHT_0	2	1	exact positional arithmetic consistency; representation-induced
EDIT_DISTANCE_1	SUB_n_TO_c_RIGHT_0	4	1	exact positional arithmetic consistency; representation-induced
EDIT_DISTANCE_1	SUB_n_TO_d_RIGHT_0	9	1	exact positional arithmetic consistency; representation-induced
EDIT_DISTANCE_1	SUB_n_TO_d_RIGHT_1	4	1	exact positional arithmetic consistency; representation-induced
EDIT_DISTANCE_1	SUB_n_TO_d_RIGHT_2	1	1	exact positional arithmetic consistency; representation-induced
EDIT_DISTANCE_1	SUB_n_TO_d_RIGHT_4	1	1	exact positional arithmetic consistency; representation-induced
EDIT_DISTANCE_1	SUB_n_TO_e_RIGHT_0	2	1	exact positional arithmetic consistency; representation-induced
EDIT_DISTANCE_1	SUB_n_TO_f_RIGHT_0	3	1	exact positional arithmetic consistency; representation-induced
EDIT_DISTANCE_1	SUB_n_TO_f_RIGHT_1	1	1	exact positional arithmetic consistency; representation-induced
EDIT_DISTANCE_1	SUB_n_TO_f_RIGHT_4	1	1	exact positional arithmetic consistency; representation-induced
EDIT_DISTANCE_1	SUB_n_TO_g_RIGHT_0	17	1	exact positional arithmetic consistency; representation-induced
EDIT_DISTANCE_1	SUB_n_TO_h_RIGHT_0	1	1	exact positional arithmetic consistency; representation-induced
EDIT_DISTANCE_1	SUB_n_TO_i_RIGHT_0	17	1	exact positional arithmetic consistency; representation-induced
EDIT_DISTANCE_1	SUB_n_TO_i_RIGHT_1	3	1	exact positional arithmetic consistency; representation-induced
EDIT_DISTANCE_1	SUB_n_TO_i_RIGHT_2	3	1	exact positional arithmetic consistency; representation-induced
EDIT_DISTANCE_1	SUB_n_TO_j_RIGHT_1	1	1	exact positional arithmetic consistency; representation-induced
EDIT_DISTANCE_1	SUB_n_TO_k_RIGHT_0	4	1	exact positional arithmetic consistency; representation-induced
EDIT_DISTANCE_1	SUB_n_TO_k_RIGHT_1	1	1	exact positional arithmetic consistency; representation-induced
EDIT_DISTANCE_1	SUB_n_TO_k_RIGHT_2	1	1	exact positional arithmetic consistency; representation-induced
EDIT_DISTANCE_1	SUB_n_TO_k_RIGHT_4	1	1	exact positional arithmetic consistency; representation-induced
EDIT_DISTANCE_1	SUB_n_TO_l_RIGHT_0	63	1	exact positional arithmetic consistency; representation-induced
EDIT_DISTANCE_1	SUB_n_TO_l_RIGHT_1	3	1	exact positional arithmetic consistency; representation-induced
EDIT_DISTANCE_1	SUB_n_TO_l_RIGHT_2	2	1	exact positional arithmetic consistency; representation-induced
EDIT_DISTANCE_1	SUB_n_TO_l_RIGHT_4	1	1	exact positional arithmetic consistency; representation-induced
EDIT_DISTANCE_1	SUB_n_TO_m_RIGHT_0	56	1	exact positional arithmetic consistency; representation-induced
EDIT_DISTANCE_1	SUB_n_TO_o_RIGHT_0	7	1	exact positional arithmetic consistency; representation-induced
EDIT_DISTANCE_1	SUB_n_TO_o_RIGHT_2	1	1	exact positional arithmetic consistency; representation-induced
EDIT_DISTANCE_1	SUB_n_TO_p_RIGHT_0	5	1	exact positional arithmetic consistency; representation-induced
EDIT_DISTANCE_1	SUB_n_TO_p_RIGHT_4	1	1	exact positional arithmetic consistency; representation-induced
EDIT_DISTANCE_1	SUB_n_TO_q_RIGHT_0	1	1	exact positional arithmetic consistency; representation-induced
EDIT_DISTANCE_1	SUB_n_TO_q_RIGHT_4	1	1	exact positional arithmetic consistency; representation-induced
EDIT_DISTANCE_1	SUB_n_TO_r_RIGHT_0	140	1	exact positional arithmetic consistency; representation-induced
EDIT_DISTANCE_1	SUB_n_TO_r_RIGHT_1	9	1	exact positional arithmetic consistency; representation-induced
EDIT_DISTANCE_1	SUB_n_TO_r_RIGHT_2	5	1	exact positional arithmetic consistency; representation-induced
EDIT_DISTANCE_1	SUB_n_TO_r_RIGHT_3	1	1	exact positional arithmetic consistency; representation-induced
EDIT_DISTANCE_1	SUB_n_TO_r_RIGHT_4	2	1	exact positional arithmetic consistency; representation-induced
EDIT_DISTANCE_1	SUB_n_TO_s_RIGHT_0	39	1	exact positional arithmetic consistency; representation-induced
EDIT_DISTANCE_1	SUB_n_TO_s_RIGHT_2	2	1	exact positional arithmetic consistency; representation-induced
EDIT_DISTANCE_1	SUB_n_TO_s_RIGHT_4	1	1	exact positional arithmetic consistency; representation-induced
EDIT_DISTANCE_1	SUB_n_TO_t_RIGHT_0	5	1	exact positional arithmetic consistency; representation-induced
EDIT_DISTANCE_1	SUB_n_TO_t_RIGHT_1	1	1	exact positional arithmetic consistency; representation-induced
EDIT_DISTANCE_1	SUB_n_TO_t_RIGHT_4	1	1	exact positional arithmetic consistency; representation-induced
EDIT_DISTANCE_1	SUB_n_TO_u_RIGHT_0	1	1	exact positional arithmetic consistency; representation-induced
EDIT_DISTANCE_1	SUB_n_TO_v_RIGHT_0	1	1	exact positional arithmetic consistency; representation-induced
EDIT_DISTANCE_1	SUB_n_TO_x_RIGHT_0	2	1	exact positional arithmetic consistency; representation-induced
EDIT_DISTANCE_1	SUB_n_TO_y_RIGHT_0	17	1	exact positional arithmetic consistency; representation-induced
EDIT_DISTANCE_1	SUB_o_TO_a_RIGHT_0	30	1	exact positional arithmetic consistency; representation-induced
EDIT_DISTANCE_1	SUB_o_TO_a_RIGHT_1	380	1	exact positional arithmetic consistency; representation-induced
EDIT_DISTANCE_1	SUB_o_TO_a_RIGHT_2	88	1	exact positional arithmetic consistency; representation-induced
EDIT_DISTANCE_1	SUB_o_TO_a_RIGHT_3	130	1	exact positional arithmetic consistency; representation-induced
EDIT_DISTANCE_1	SUB_o_TO_a_RIGHT_4	68	1	exact positional arithmetic consistency; representation-induced
EDIT_DISTANCE_1	SUB_o_TO_a_RIGHT_5	64	1	exact positional arithmetic consistency; representation-induced
EDIT_DISTANCE_1	SUB_o_TO_a_RIGHT_6	33	1	exact positional arithmetic consistency; representation-induced
EDIT_DISTANCE_1	SUB_o_TO_b_RIGHT_0	4	1	exact positional arithmetic consistency; representation-induced
EDIT_DISTANCE_1	SUB_o_TO_c_RIGHT_0	7	1	exact positional arithmetic consistency; representation-induced
EDIT_DISTANCE_1	SUB_o_TO_c_RIGHT_1	7	1	exact positional arithmetic consistency; representation-induced
EDIT_DISTANCE_1	SUB_o_TO_c_RIGHT_2	10	1	exact positional arithmetic consistency; representation-induced
EDIT_DISTANCE_1	SUB_o_TO_c_RIGHT_3	13	1	exact positional arithmetic consistency; representation-induced
EDIT_DISTANCE_1	SUB_o_TO_c_RIGHT_4	11	1	exact positional arithmetic consistency; representation-induced
EDIT_DISTANCE_1	SUB_o_TO_c_RIGHT_5	6	1	exact positional arithmetic consistency; representation-induced
EDIT_DISTANCE_1	SUB_o_TO_c_RIGHT_6	2	1	exact positional arithmetic consistency; representation-induced
EDIT_DISTANCE_1	SUB_o_TO_c_RIGHT_7	2	1	exact positional arithmetic consistency; representation-induced
EDIT_DISTANCE_1	SUB_o_TO_d_RIGHT_0	78	1	exact positional arithmetic consistency; representation-induced
EDIT_DISTANCE_1	SUB_o_TO_d_RIGHT_1	56	1	exact positional arithmetic consistency; representation-induced
EDIT_DISTANCE_1	SUB_o_TO_d_RIGHT_2	49	1	exact positional arithmetic consistency; representation-induced
EDIT_DISTANCE_1	SUB_o_TO_d_RIGHT_3	28	1	exact positional arithmetic consistency; representation-induced
EDIT_DISTANCE_1	SUB_o_TO_d_RIGHT_4	52	1	exact positional arithmetic consistency; representation-induced
EDIT_DISTANCE_1	SUB_o_TO_d_RIGHT_5	24	1	exact positional arithmetic consistency; representation-induced
EDIT_DISTANCE_1	SUB_o_TO_d_RIGHT_6	11	1	exact positional arithmetic consistency; representation-induced
EDIT_DISTANCE_1	SUB_o_TO_d_RIGHT_7	1	1	exact positional arithmetic consistency; representation-induced
EDIT_DISTANCE_1	SUB_o_TO_d_RIGHT_9	1	1	exact positional arithmetic consistency; representation-induced
EDIT_DISTANCE_1	SUB_o_TO_e_RIGHT_0	30	1	exact positional arithmetic consistency; representation-induced
EDIT_DISTANCE_1	SUB_o_TO_e_RIGHT_1	151	1	exact positional arithmetic consistency; representation-induced
EDIT_DISTANCE_1	SUB_o_TO_e_RIGHT_2	173	1	exact positional arithmetic consistency; representation-induced
EDIT_DISTANCE_1	SUB_o_TO_e_RIGHT_3	118	1	exact positional arithmetic consistency; representation-induced
EDIT_DISTANCE_1	SUB_o_TO_e_RIGHT_4	89	1	exact positional arithmetic consistency; representation-induced
EDIT_DISTANCE_1	SUB_o_TO_e_RIGHT_5	67	1	exact positional arithmetic consistency; representation-induced
EDIT_DISTANCE_1	SUB_o_TO_e_RIGHT_6	9	1	exact positional arithmetic consistency; representation-induced
EDIT_DISTANCE_1	SUB_o_TO_e_RIGHT_7	1	1	exact positional arithmetic consistency; representation-induced
EDIT_DISTANCE_1	SUB_o_TO_e_RIGHT_8	1	1	exact positional arithmetic consistency; representation-induced
EDIT_DISTANCE_1	SUB_o_TO_f_RIGHT_0	8	1	exact positional arithmetic consistency; representation-induced
EDIT_DISTANCE_1	SUB_o_TO_f_RIGHT_1	6	1	exact positional arithmetic consistency; representation-induced
EDIT_DISTANCE_1	SUB_o_TO_f_RIGHT_2	7	1	exact positional arithmetic consistency; representation-induced
EDIT_DISTANCE_1	SUB_o_TO_f_RIGHT_3	1	1	exact positional arithmetic consistency; representation-induced
EDIT_DISTANCE_1	SUB_o_TO_f_RIGHT_4	14	1	exact positional arithmetic consistency; representation-induced
EDIT_DISTANCE_1	SUB_o_TO_f_RIGHT_5	8	1	exact positional arithmetic consistency; representation-induced
EDIT_DISTANCE_1	SUB_o_TO_f_RIGHT_6	2	1	exact positional arithmetic consistency; representation-induced
EDIT_DISTANCE_1	SUB_o_TO_g_RIGHT_0	26	1	exact positional arithmetic consistency; representation-induced
EDIT_DISTANCE_1	SUB_o_TO_g_RIGHT_1	2	1	exact positional arithmetic consistency; representation-induced
EDIT_DISTANCE_1	SUB_o_TO_g_RIGHT_3	1	1	exact positional arithmetic consistency; representation-induced
EDIT_DISTANCE_1	SUB_o_TO_h_RIGHT_0	6	1	exact positional arithmetic consistency; representation-induced
EDIT_DISTANCE_1	SUB_o_TO_h_RIGHT_1	16	1	exact positional arithmetic consistency; representation-induced
EDIT_DISTANCE_1	SUB_o_TO_h_RIGHT_2	13	1	exact positional arithmetic consistency; representation-induced
EDIT_DISTANCE_1	SUB_o_TO_h_RIGHT_3	17	1	exact positional arithmetic consistency; representation-induced
EDIT_DISTANCE_1	SUB_o_TO_h_RIGHT_4	9	1	exact positional arithmetic consistency; representation-induced
EDIT_DISTANCE_1	SUB_o_TO_h_RIGHT_5	5	1	exact positional arithmetic consistency; representation-induced
EDIT_DISTANCE_1	SUB_o_TO_h_RIGHT_6	1	1	exact positional arithmetic consistency; representation-induced
EDIT_DISTANCE_1	SUB_o_TO_i_RIGHT_0	6	1	exact positional arithmetic consistency; representation-induced
EDIT_DISTANCE_1	SUB_o_TO_i_RIGHT_1	9	1	exact positional arithmetic consistency; representation-induced
EDIT_DISTANCE_1	SUB_o_TO_i_RIGHT_2	5	1	exact positional arithmetic consistency; representation-induced
EDIT_DISTANCE_1	SUB_o_TO_i_RIGHT_3	5	1	exact positional arithmetic consistency; representation-induced
EDIT_DISTANCE_1	SUB_o_TO_i_RIGHT_5	1	1	exact positional arithmetic consistency; representation-induced
EDIT_DISTANCE_1	SUB_o_TO_k_RIGHT_0	9	1	exact positional arithmetic consistency; representation-induced
EDIT_DISTANCE_1	SUB_o_TO_k_RIGHT_1	24	1	exact positional arithmetic consistency; representation-induced
EDIT_DISTANCE_1	SUB_o_TO_k_RIGHT_2	24	1	exact positional arithmetic consistency; representation-induced
EDIT_DISTANCE_1	SUB_o_TO_k_RIGHT_3	37	1	exact positional arithmetic consistency; representation-induced
EDIT_DISTANCE_1	SUB_o_TO_k_RIGHT_4	45	1	exact positional arithmetic consistency; representation-induced
EDIT_DISTANCE_1	SUB_o_TO_k_RIGHT_5	21	1	exact positional arithmetic consistency; representation-induced
EDIT_DISTANCE_1	SUB_o_TO_k_RIGHT_6	7	1	exact positional arithmetic consistency; representation-induced
EDIT_DISTANCE_1	SUB_o_TO_k_RIGHT_8	1	1	exact positional arithmetic consistency; representation-induced
EDIT_DISTANCE_1	SUB_o_TO_k_RIGHT_9	1	1	exact positional arithmetic consistency; representation-induced
EDIT_DISTANCE_1	SUB_o_TO_l_RIGHT_0	35	1	exact positional arithmetic consistency; representation-induced
EDIT_DISTANCE_1	SUB_o_TO_l_RIGHT_1	18	1	exact positional arithmetic consistency; representation-induced
EDIT_DISTANCE_1	SUB_o_TO_l_RIGHT_2	25	1	exact positional arithmetic consistency; representation-induced
EDIT_DISTANCE_1	SUB_o_TO_l_RIGHT_3	31	1	exact positional arithmetic consistency; representation-induced
EDIT_DISTANCE_1	SUB_o_TO_l_RIGHT_4	51	1	exact positional arithmetic consistency; representation-induced
EDIT_DISTANCE_1	SUB_o_TO_l_RIGHT_5	49	1	exact positional arithmetic consistency; representation-induced
EDIT_DISTANCE_1	SUB_o_TO_l_RIGHT_6	23	1	exact positional arithmetic consistency; representation-induced
EDIT_DISTANCE_1	SUB_o_TO_l_RIGHT_7	8	1	exact positional arithmetic consistency; representation-induced
EDIT_DISTANCE_1	SUB_o_TO_m_RIGHT_0	14	1	exact positional arithmetic consistency; representation-induced
EDIT_DISTANCE_1	SUB_o_TO_n_RIGHT_0	7	1	exact positional arithmetic consistency; representation-induced
EDIT_DISTANCE_1	SUB_o_TO_n_RIGHT_2	1	1	exact positional arithmetic consistency; representation-induced
EDIT_DISTANCE_1	SUB_o_TO_p_RIGHT_0	7	1	exact positional arithmetic consistency; representation-induced
EDIT_DISTANCE_1	SUB_o_TO_p_RIGHT_1	6	1	exact positional arithmetic consistency; representation-induced
EDIT_DISTANCE_1	SUB_o_TO_p_RIGHT_2	14	1	exact positional arithmetic consistency; representation-induced
EDIT_DISTANCE_1	SUB_o_TO_p_RIGHT_3	8	1	exact positional arithmetic consistency; representation-induced
EDIT_DISTANCE_1	SUB_o_TO_p_RIGHT_4	25	1	exact positional arithmetic consistency; representation-induced
EDIT_DISTANCE_1	SUB_o_TO_p_RIGHT_5	15	1	exact positional arithmetic consistency; representation-induced
EDIT_DISTANCE_1	SUB_o_TO_p_RIGHT_6	5	1	exact positional arithmetic consistency; representation-induced
EDIT_DISTANCE_1	SUB_o_TO_p_RIGHT_7	1	1	exact positional arithmetic consistency; representation-induced
EDIT_DISTANCE_1	SUB_o_TO_p_RIGHT_9	1	1	exact positional arithmetic consistency; representation-induced
EDIT_DISTANCE_1	SUB_o_TO_q_RIGHT_0	1	1	exact positional arithmetic consistency; representation-induced
EDIT_DISTANCE_1	SUB_o_TO_q_RIGHT_1	1	1	exact positional arithmetic consistency; representation-induced
EDIT_DISTANCE_1	SUB_o_TO_q_RIGHT_2	3	1	exact positional arithmetic consistency; representation-induced
EDIT_DISTANCE_1	SUB_o_TO_q_RIGHT_3	11	1	exact positional arithmetic consistency; representation-induced
EDIT_DISTANCE_1	SUB_o_TO_q_RIGHT_4	18	1	exact positional arithmetic consistency; representation-induced
EDIT_DISTANCE_1	SUB_o_TO_q_RIGHT_5	10	1	exact positional arithmetic consistency; representation-induced
EDIT_DISTANCE_1	SUB_o_TO_q_RIGHT_6	7	1	exact positional arithmetic consistency; representation-induced
EDIT_DISTANCE_1	SUB_o_TO_r_RIGHT_0	24	1	exact positional arithmetic consistency; representation-induced
EDIT_DISTANCE_1	SUB_o_TO_r_RIGHT_1	4	1	exact positional arithmetic consistency; representation-induced
EDIT_DISTANCE_1	SUB_o_TO_r_RIGHT_2	5	1	exact positional arithmetic consistency; representation-induced
EDIT_DISTANCE_1	SUB_o_TO_r_RIGHT_3	6	1	exact positional arithmetic consistency; representation-induced
EDIT_DISTANCE_1	SUB_o_TO_r_RIGHT_4	16	1	exact positional arithmetic consistency; representation-induced
EDIT_DISTANCE_1	SUB_o_TO_r_RIGHT_5	9	1	exact positional arithmetic consistency; representation-induced
EDIT_DISTANCE_1	SUB_o_TO_r_RIGHT_6	2	1	exact positional arithmetic consistency; representation-induced
EDIT_DISTANCE_1	SUB_o_TO_s_RIGHT_0	88	1	exact positional arithmetic consistency; representation-induced
EDIT_DISTANCE_1	SUB_o_TO_s_RIGHT_1	20	1	exact positional arithmetic consistency; representation-induced
EDIT_DISTANCE_1	SUB_o_TO_s_RIGHT_2	15	1	exact positional arithmetic consistency; representation-induced
EDIT_DISTANCE_1	SUB_o_TO_s_RIGHT_3	18	1	exact positional arithmetic consistency; representation-induced
EDIT_DISTANCE_1	SUB_o_TO_s_RIGHT_4	25	1	exact positional arithmetic consistency; representation-induced
EDIT_DISTANCE_1	SUB_o_TO_s_RIGHT_5	17	1	exact positional arithmetic consistency; representation-induced
EDIT_DISTANCE_1	SUB_o_TO_s_RIGHT_6	2	1	exact positional arithmetic consistency; representation-induced
EDIT_DISTANCE_1	SUB_o_TO_s_RIGHT_7	3	1	exact positional arithmetic consistency; representation-induced
EDIT_DISTANCE_1	SUB_o_TO_t_RIGHT_0	10	1	exact positional arithmetic consistency; representation-induced
EDIT_DISTANCE_1	SUB_o_TO_t_RIGHT_1	15	1	exact positional arithmetic consistency; representation-induced
EDIT_DISTANCE_1	SUB_o_TO_t_RIGHT_2	17	1	exact positional arithmetic consistency; representation-induced
EDIT_DISTANCE_1	SUB_o_TO_t_RIGHT_3	24	1	exact positional arithmetic consistency; representation-induced
EDIT_DISTANCE_1	SUB_o_TO_t_RIGHT_4	38	1	exact positional arithmetic consistency; representation-induced
EDIT_DISTANCE_1	SUB_o_TO_t_RIGHT_5	20	1	exact positional arithmetic consistency; representation-induced
EDIT_DISTANCE_1	SUB_o_TO_t_RIGHT_6	7	1	exact positional arithmetic consistency; representation-induced
EDIT_DISTANCE_1	SUB_o_TO_t_RIGHT_7	1	1	exact positional arithmetic consistency; representation-induced
EDIT_DISTANCE_1	SUB_o_TO_t_RIGHT_8	1	1	exact positional arithmetic consistency; representation-induced
EDIT_DISTANCE_1	SUB_o_TO_t_RIGHT_9	1	1	exact positional arithmetic consistency; representation-induced
EDIT_DISTANCE_1	SUB_o_TO_u_RIGHT_0	3	1	exact positional arithmetic consistency; representation-induced
EDIT_DISTANCE_1	SUB_o_TO_v_RIGHT_0	1	1	exact positional arithmetic consistency; representation-induced
EDIT_DISTANCE_1	SUB_o_TO_v_RIGHT_1	1	1	exact positional arithmetic consistency; representation-induced
EDIT_DISTANCE_1	SUB_o_TO_v_RIGHT_2	1	1	exact positional arithmetic consistency; representation-induced
EDIT_DISTANCE_1	SUB_o_TO_x_RIGHT_0	4	1	exact positional arithmetic consistency; representation-induced
EDIT_DISTANCE_1	SUB_o_TO_x_RIGHT_2	3	1	exact positional arithmetic consistency; representation-induced
EDIT_DISTANCE_1	SUB_o_TO_x_RIGHT_3	1	1	exact positional arithmetic consistency; representation-induced
EDIT_DISTANCE_1	SUB_o_TO_y_RIGHT_0	216	1	exact positional arithmetic consistency; representation-induced
EDIT_DISTANCE_1	SUB_o_TO_y_RIGHT_1	46	1	exact positional arithmetic consistency; representation-induced
EDIT_DISTANCE_1	SUB_o_TO_y_RIGHT_2	44	1	exact positional arithmetic consistency; representation-induced
EDIT_DISTANCE_1	SUB_o_TO_y_RIGHT_3	56	1	exact positional arithmetic consistency; representation-induced
EDIT_DISTANCE_1	SUB_o_TO_y_RIGHT_4	95	1	exact positional arithmetic consistency; representation-induced
EDIT_DISTANCE_1	SUB_o_TO_y_RIGHT_5	91	1	exact positional arithmetic consistency; representation-induced
EDIT_DISTANCE_1	SUB_o_TO_y_RIGHT_6	48	1	exact positional arithmetic consistency; representation-induced
EDIT_DISTANCE_1	SUB_o_TO_y_RIGHT_7	19	1	exact positional arithmetic consistency; representation-induced
EDIT_DISTANCE_1	SUB_o_TO_y_RIGHT_8	4	1	exact positional arithmetic consistency; representation-induced
EDIT_DISTANCE_1	SUB_o_TO_y_RIGHT_9	1	1	exact positional arithmetic consistency; representation-induced
EDIT_DISTANCE_1	SUB_o_TO_z_RIGHT_0	1	1	exact positional arithmetic consistency; representation-induced
EDIT_DISTANCE_1	SUB_o_TO_z_RIGHT_1	1	1	exact positional arithmetic consistency; representation-induced
EDIT_DISTANCE_1	SUB_o_TO_z_RIGHT_2	1	1	exact positional arithmetic consistency; representation-induced
EDIT_DISTANCE_1	SUB_p_TO_a_RIGHT_0	5	1	exact positional arithmetic consistency; representation-induced
EDIT_DISTANCE_1	SUB_p_TO_a_RIGHT_1	3	1	exact positional arithmetic consistency; representation-induced
EDIT_DISTANCE_1	SUB_p_TO_a_RIGHT_2	1	1	exact positional arithmetic consistency; representation-induced
EDIT_DISTANCE_1	SUB_p_TO_a_RIGHT_3	3	1	exact positional arithmetic consistency; representation-induced
EDIT_DISTANCE_1	SUB_p_TO_a_RIGHT_4	2	1	exact positional arithmetic consistency; representation-induced
EDIT_DISTANCE_1	SUB_p_TO_a_RIGHT_6	1	1	exact positional arithmetic consistency; representation-induced
EDIT_DISTANCE_1	SUB_p_TO_c_RIGHT_0	3	1	exact positional arithmetic consistency; representation-induced
EDIT_DISTANCE_1	SUB_p_TO_c_RIGHT_3	1	1	exact positional arithmetic consistency; representation-induced
EDIT_DISTANCE_1	SUB_p_TO_c_RIGHT_4	2	1	exact positional arithmetic consistency; representation-induced
EDIT_DISTANCE_1	SUB_p_TO_d_RIGHT_0	13	1	exact positional arithmetic consistency; representation-induced
EDIT_DISTANCE_1	SUB_p_TO_d_RIGHT_1	17	1	exact positional arithmetic consistency; representation-induced
EDIT_DISTANCE_1	SUB_p_TO_d_RIGHT_2	32	1	exact positional arithmetic consistency; representation-induced
EDIT_DISTANCE_1	SUB_p_TO_d_RIGHT_3	21	1	exact positional arithmetic consistency; representation-induced
EDIT_DISTANCE_1	SUB_p_TO_d_RIGHT_4	41	1	exact positional arithmetic consistency; representation-induced
EDIT_DISTANCE_1	SUB_p_TO_d_RIGHT_5	26	1	exact positional arithmetic consistency; representation-induced
EDIT_DISTANCE_1	SUB_p_TO_d_RIGHT_6	18	1	exact positional arithmetic consistency; representation-induced
EDIT_DISTANCE_1	SUB_p_TO_d_RIGHT_7	7	1	exact positional arithmetic consistency; representation-induced
EDIT_DISTANCE_1	SUB_p_TO_d_RIGHT_8	3	1	exact positional arithmetic consistency; representation-induced
EDIT_DISTANCE_1	SUB_p_TO_d_RIGHT_9	1	1	exact positional arithmetic consistency; representation-induced
EDIT_DISTANCE_1	SUB_p_TO_e_RIGHT_0	5	1	exact positional arithmetic consistency; representation-induced
EDIT_DISTANCE_1	SUB_p_TO_e_RIGHT_1	6	1	exact positional arithmetic consistency; representation-induced
EDIT_DISTANCE_1	SUB_p_TO_e_RIGHT_2	20	1	exact positional arithmetic consistency; representation-induced
EDIT_DISTANCE_1	SUB_p_TO_e_RIGHT_3	5	1	exact positional arithmetic consistency; representation-induced
EDIT_DISTANCE_1	SUB_p_TO_e_RIGHT_4	8	1	exact positional arithmetic consistency; representation-induced
EDIT_DISTANCE_1	SUB_p_TO_e_RIGHT_5	3	1	exact positional arithmetic consistency; representation-induced
EDIT_DISTANCE_1	SUB_p_TO_e_RIGHT_6	1	1	exact positional arithmetic consistency; representation-induced
EDIT_DISTANCE_1	SUB_p_TO_f_RIGHT_0	6	1	exact positional arithmetic consistency; representation-induced
EDIT_DISTANCE_1	SUB_p_TO_f_RIGHT_1	5	1	exact positional arithmetic consistency; representation-induced
EDIT_DISTANCE_1	SUB_p_TO_f_RIGHT_2	17	1	exact positional arithmetic consistency; representation-induced
EDIT_DISTANCE_1	SUB_p_TO_f_RIGHT_3	26	1	exact positional arithmetic consistency; representation-induced
EDIT_DISTANCE_1	SUB_p_TO_f_RIGHT_4	41	1	exact positional arithmetic consistency; representation-induced
EDIT_DISTANCE_1	SUB_p_TO_f_RIGHT_5	23	1	exact positional arithmetic consistency; representation-induced
EDIT_DISTANCE_1	SUB_p_TO_f_RIGHT_6	10	1	exact positional arithmetic consistency; representation-induced
EDIT_DISTANCE_1	SUB_p_TO_f_RIGHT_7	3	1	exact positional arithmetic consistency; representation-induced
EDIT_DISTANCE_1	SUB_p_TO_f_RIGHT_8	2	1	exact positional arithmetic consistency; representation-induced
EDIT_DISTANCE_1	SUB_p_TO_g_RIGHT_0	6	1	exact positional arithmetic consistency; representation-induced
EDIT_DISTANCE_1	SUB_p_TO_g_RIGHT_2	1	1	exact positional arithmetic consistency; representation-induced
EDIT_DISTANCE_1	SUB_p_TO_h_RIGHT_0	1	1	exact positional arithmetic consistency; representation-induced
EDIT_DISTANCE_1	SUB_p_TO_h_RIGHT_1	2	1	exact positional arithmetic consistency; representation-induced
EDIT_DISTANCE_1	SUB_p_TO_h_RIGHT_2	7	1	exact positional arithmetic consistency; representation-induced
EDIT_DISTANCE_1	SUB_p_TO_h_RIGHT_3	5	1	exact positional arithmetic consistency; representation-induced
EDIT_DISTANCE_1	SUB_p_TO_h_RIGHT_4	2	1	exact positional arithmetic consistency; representation-induced
EDIT_DISTANCE_1	SUB_p_TO_i_RIGHT_0	2	1	exact positional arithmetic consistency; representation-induced
EDIT_DISTANCE_1	SUB_p_TO_i_RIGHT_1	1	1	exact positional arithmetic consistency; representation-induced
EDIT_DISTANCE_1	SUB_p_TO_i_RIGHT_2	1	1	exact positional arithmetic consistency; representation-induced
EDIT_DISTANCE_1	SUB_p_TO_k_RIGHT_0	9	1	exact positional arithmetic consistency; representation-induced
EDIT_DISTANCE_1	SUB_p_TO_k_RIGHT_1	13	1	exact positional arithmetic consistency; representation-induced
EDIT_DISTANCE_1	SUB_p_TO_k_RIGHT_2	50	1	exact positional arithmetic consistency; representation-induced
EDIT_DISTANCE_1	SUB_p_TO_k_RIGHT_3	61	1	exact positional arithmetic consistency; representation-induced
EDIT_DISTANCE_1	SUB_p_TO_k_RIGHT_4	92	1	exact positional arithmetic consistency; representation-induced
EDIT_DISTANCE_1	SUB_p_TO_k_RIGHT_5	48	1	exact positional arithmetic consistency; representation-induced
EDIT_DISTANCE_1	SUB_p_TO_k_RIGHT_6	26	1	exact positional arithmetic consistency; representation-induced
EDIT_DISTANCE_1	SUB_p_TO_k_RIGHT_7	3	1	exact positional arithmetic consistency; representation-induced
EDIT_DISTANCE_1	SUB_p_TO_k_RIGHT_8	1	1	exact positional arithmetic consistency; representation-induced
EDIT_DISTANCE_1	SUB_p_TO_k_RIGHT_9	1	1	exact positional arithmetic consistency; representation-induced
EDIT_DISTANCE_1	SUB_p_TO_l_RIGHT_0	9	1	exact positional arithmetic consistency; representation-induced
EDIT_DISTANCE_1	SUB_p_TO_l_RIGHT_1	11	1	exact positional arithmetic consistency; representation-induced
EDIT_DISTANCE_1	SUB_p_TO_l_RIGHT_2	25	1	exact positional arithmetic consistency; representation-induced
EDIT_DISTANCE_1	SUB_p_TO_l_RIGHT_3	18	1	exact positional arithmetic consistency; representation-induced
EDIT_DISTANCE_1	SUB_p_TO_l_RIGHT_4	44	1	exact positional arithmetic consistency; representation-induced
EDIT_DISTANCE_1	SUB_p_TO_l_RIGHT_5	37	1	exact positional arithmetic consistency; representation-induced
EDIT_DISTANCE_1	SUB_p_TO_l_RIGHT_6	17	1	exact positional arithmetic consistency; representation-induced
EDIT_DISTANCE_1	SUB_p_TO_l_RIGHT_7	4	1	exact positional arithmetic consistency; representation-induced
EDIT_DISTANCE_1	SUB_p_TO_l_RIGHT_8	1	1	exact positional arithmetic consistency; representation-induced
EDIT_DISTANCE_1	SUB_p_TO_m_RIGHT_0	7	1	exact positional arithmetic consistency; representation-induced
EDIT_DISTANCE_1	SUB_p_TO_m_RIGHT_1	1	1	exact positional arithmetic consistency; representation-induced
EDIT_DISTANCE_1	SUB_p_TO_m_RIGHT_2	1	1	exact positional arithmetic consistency; representation-induced
EDIT_DISTANCE_1	SUB_p_TO_n_RIGHT_0	5	1	exact positional arithmetic consistency; representation-induced
EDIT_DISTANCE_1	SUB_p_TO_n_RIGHT_4	1	1	exact positional arithmetic consistency; representation-induced
EDIT_DISTANCE_1	SUB_p_TO_o_RIGHT_0	7	1	exact positional arithmetic consistency; representation-induced
EDIT_DISTANCE_1	SUB_p_TO_o_RIGHT_1	6	1	exact positional arithmetic consistency; representation-induced
EDIT_DISTANCE_1	SUB_p_TO_o_RIGHT_2	14	1	exact positional arithmetic consistency; representation-induced
EDIT_DISTANCE_1	SUB_p_TO_o_RIGHT_3	8	1	exact positional arithmetic consistency; representation-induced
EDIT_DISTANCE_1	SUB_p_TO_o_RIGHT_4	25	1	exact positional arithmetic consistency; representation-induced
EDIT_DISTANCE_1	SUB_p_TO_o_RIGHT_5	15	1	exact positional arithmetic consistency; representation-induced
EDIT_DISTANCE_1	SUB_p_TO_o_RIGHT_6	5	1	exact positional arithmetic consistency; representation-induced
EDIT_DISTANCE_1	SUB_p_TO_o_RIGHT_7	1	1	exact positional arithmetic consistency; representation-induced
EDIT_DISTANCE_1	SUB_p_TO_o_RIGHT_9	1	1	exact positional arithmetic consistency; representation-induced
EDIT_DISTANCE_1	SUB_p_TO_q_RIGHT_0	1	1	exact positional arithmetic consistency; representation-induced
EDIT_DISTANCE_1	SUB_p_TO_q_RIGHT_1	1	1	exact positional arithmetic consistency; representation-induced
EDIT_DISTANCE_1	SUB_p_TO_q_RIGHT_2	3	1	exact positional arithmetic consistency; representation-induced
EDIT_DISTANCE_1	SUB_p_TO_q_RIGHT_3	5	1	exact positional arithmetic consistency; representation-induced
EDIT_DISTANCE_1	SUB_p_TO_q_RIGHT_4	13	1	exact positional arithmetic consistency; representation-induced
EDIT_DISTANCE_1	SUB_p_TO_q_RIGHT_5	9	1	exact positional arithmetic consistency; representation-induced
EDIT_DISTANCE_1	SUB_p_TO_q_RIGHT_6	13	1	exact positional arithmetic consistency; representation-induced
EDIT_DISTANCE_1	SUB_p_TO_q_RIGHT_7	3	1	exact positional arithmetic consistency; representation-induced
EDIT_DISTANCE_1	SUB_p_TO_r_RIGHT_0	11	1	exact positional arithmetic consistency; representation-induced
EDIT_DISTANCE_1	SUB_p_TO_r_RIGHT_1	9	1	exact positional arithmetic consistency; representation-induced
EDIT_DISTANCE_1	SUB_p_TO_r_RIGHT_2	15	1	exact positional arithmetic consistency; representation-induced
EDIT_DISTANCE_1	SUB_p_TO_r_RIGHT_3	13	1	exact positional arithmetic consistency; representation-induced
EDIT_DISTANCE_1	SUB_p_TO_r_RIGHT_4	22	1	exact positional arithmetic consistency; representation-induced
EDIT_DISTANCE_1	SUB_p_TO_r_RIGHT_5	14	1	exact positional arithmetic consistency; representation-induced
EDIT_DISTANCE_1	SUB_p_TO_r_RIGHT_6	10	1	exact positional arithmetic consistency; representation-induced
EDIT_DISTANCE_1	SUB_p_TO_r_RIGHT_7	4	1	exact positional arithmetic consistency; representation-induced
EDIT_DISTANCE_1	SUB_p_TO_s_RIGHT_0	13	1	exact positional arithmetic consistency; representation-induced
EDIT_DISTANCE_1	SUB_p_TO_s_RIGHT_1	6	1	exact positional arithmetic consistency; representation-induced
EDIT_DISTANCE_1	SUB_p_TO_s_RIGHT_2	12	1	exact positional arithmetic consistency; representation-induced
EDIT_DISTANCE_1	SUB_p_TO_s_RIGHT_3	13	1	exact positional arithmetic consistency; representation-induced
EDIT_DISTANCE_1	SUB_p_TO_s_RIGHT_4	29	1	exact positional arithmetic consistency; representation-induced
EDIT_DISTANCE_1	SUB_p_TO_s_RIGHT_5	14	1	exact positional arithmetic consistency; representation-induced
EDIT_DISTANCE_1	SUB_p_TO_s_RIGHT_6	12	1	exact positional arithmetic consistency; representation-induced
EDIT_DISTANCE_1	SUB_p_TO_s_RIGHT_7	4	1	exact positional arithmetic consistency; representation-induced
EDIT_DISTANCE_1	SUB_p_TO_t_RIGHT_0	9	1	exact positional arithmetic consistency; representation-induced
EDIT_DISTANCE_1	SUB_p_TO_t_RIGHT_1	12	1	exact positional arithmetic consistency; representation-induced
EDIT_DISTANCE_1	SUB_p_TO_t_RIGHT_2	44	1	exact positional arithmetic consistency; representation-induced
EDIT_DISTANCE_1	SUB_p_TO_t_RIGHT_3	64	1	exact positional arithmetic consistency; representation-induced
EDIT_DISTANCE_1	SUB_p_TO_t_RIGHT_4	91	1	exact positional arithmetic consistency; representation-induced
EDIT_DISTANCE_1	SUB_p_TO_t_RIGHT_5	54	1	exact positional arithmetic consistency; representation-induced
EDIT_DISTANCE_1	SUB_p_TO_t_RIGHT_6	30	1	exact positional arithmetic consistency; representation-induced
EDIT_DISTANCE_1	SUB_p_TO_t_RIGHT_7	9	1	exact positional arithmetic consistency; representation-induced
EDIT_DISTANCE_1	SUB_p_TO_t_RIGHT_8	3	1	exact positional arithmetic consistency; representation-induced
EDIT_DISTANCE_1	SUB_p_TO_t_RIGHT_9	1	1	exact positional arithmetic consistency; representation-induced
EDIT_DISTANCE_1	SUB_p_TO_u_RIGHT_0	1	1	exact positional arithmetic consistency; representation-induced
EDIT_DISTANCE_1	SUB_p_TO_v_RIGHT_0	1	1	exact positional arithmetic consistency; representation-induced
EDIT_DISTANCE_1	SUB_p_TO_v_RIGHT_2	1	1	exact positional arithmetic consistency; representation-induced
EDIT_DISTANCE_1	SUB_p_TO_x_RIGHT_0	2	1	exact positional arithmetic consistency; representation-induced
EDIT_DISTANCE_1	SUB_p_TO_x_RIGHT_2	5	1	exact positional arithmetic consistency; representation-induced
EDIT_DISTANCE_1	SUB_p_TO_x_RIGHT_3	1	1	exact positional arithmetic consistency; representation-induced
EDIT_DISTANCE_1	SUB_p_TO_x_RIGHT_4	1	1	exact positional arithmetic consistency; representation-induced
EDIT_DISTANCE_1	SUB_p_TO_y_RIGHT_0	13	1	exact positional arithmetic consistency; representation-induced
EDIT_DISTANCE_1	SUB_p_TO_y_RIGHT_1	1	1	exact positional arithmetic consistency; representation-induced
EDIT_DISTANCE_1	SUB_p_TO_y_RIGHT_2	5	1	exact positional arithmetic consistency; representation-induced
EDIT_DISTANCE_1	SUB_p_TO_y_RIGHT_3	9	1	exact positional arithmetic consistency; representation-induced
EDIT_DISTANCE_1	SUB_p_TO_y_RIGHT_4	17	1	exact positional arithmetic consistency; representation-induced
EDIT_DISTANCE_1	SUB_p_TO_y_RIGHT_5	17	1	exact positional arithmetic consistency; representation-induced
EDIT_DISTANCE_1	SUB_p_TO_y_RIGHT_6	8	1	exact positional arithmetic consistency; representation-induced
EDIT_DISTANCE_1	SUB_p_TO_y_RIGHT_7	3	1	exact positional arithmetic consistency; representation-induced
EDIT_DISTANCE_1	SUB_p_TO_y_RIGHT_8	4	1	exact positional arithmetic consistency; representation-induced
EDIT_DISTANCE_1	SUB_p_TO_z_RIGHT_2	1	1	exact positional arithmetic consistency; representation-induced
EDIT_DISTANCE_1	SUB_q_TO_a_RIGHT_0	1	1	exact positional arithmetic consistency; representation-induced
EDIT_DISTANCE_1	SUB_q_TO_a_RIGHT_1	1	1	exact positional arithmetic consistency; representation-induced
EDIT_DISTANCE_1	SUB_q_TO_a_RIGHT_3	1	1	exact positional arithmetic consistency; representation-induced
EDIT_DISTANCE_1	SUB_q_TO_a_RIGHT_4	3	1	exact positional arithmetic consistency; representation-induced
EDIT_DISTANCE_1	SUB_q_TO_a_RIGHT_5	2	1	exact positional arithmetic consistency; representation-induced
EDIT_DISTANCE_1	SUB_q_TO_a_RIGHT_6	1	1	exact positional arithmetic consistency; representation-induced
EDIT_DISTANCE_1	SUB_q_TO_c_RIGHT_0	1	1	exact positional arithmetic consistency; representation-induced
EDIT_DISTANCE_1	SUB_q_TO_c_RIGHT_1	1	1	exact positional arithmetic consistency; representation-induced
EDIT_DISTANCE_1	SUB_q_TO_c_RIGHT_2	1	1	exact positional arithmetic consistency; representation-induced
EDIT_DISTANCE_1	SUB_q_TO_c_RIGHT_4	2	1	exact positional arithmetic consistency; representation-induced
EDIT_DISTANCE_1	SUB_q_TO_c_RIGHT_5	3	1	exact positional arithmetic consistency; representation-induced
EDIT_DISTANCE_1	SUB_q_TO_c_RIGHT_6	2	1	exact positional arithmetic consistency; representation-induced
EDIT_DISTANCE_1	SUB_q_TO_d_RIGHT_0	1	1	exact positional arithmetic consistency; representation-induced
EDIT_DISTANCE_1	SUB_q_TO_d_RIGHT_1	3	1	exact positional arithmetic consistency; representation-induced
EDIT_DISTANCE_1	SUB_q_TO_d_RIGHT_2	5	1	exact positional arithmetic consistency; representation-induced
EDIT_DISTANCE_1	SUB_q_TO_d_RIGHT_3	11	1	exact positional arithmetic consistency; representation-induced
EDIT_DISTANCE_1	SUB_q_TO_d_RIGHT_4	24	1	exact positional arithmetic consistency; representation-induced
EDIT_DISTANCE_1	SUB_q_TO_d_RIGHT_5	14	1	exact positional arithmetic consistency; representation-induced
EDIT_DISTANCE_1	SUB_q_TO_d_RIGHT_6	9	1	exact positional arithmetic consistency; representation-induced
EDIT_DISTANCE_1	SUB_q_TO_d_RIGHT_7	6	1	exact positional arithmetic consistency; representation-induced
EDIT_DISTANCE_1	SUB_q_TO_d_RIGHT_8	1	1	exact positional arithmetic consistency; representation-induced
EDIT_DISTANCE_1	SUB_q_TO_e_RIGHT_0	1	1	exact positional arithmetic consistency; representation-induced
EDIT_DISTANCE_1	SUB_q_TO_e_RIGHT_1	3	1	exact positional arithmetic consistency; representation-induced
EDIT_DISTANCE_1	SUB_q_TO_e_RIGHT_2	4	1	exact positional arithmetic consistency; representation-induced
EDIT_DISTANCE_1	SUB_q_TO_e_RIGHT_3	4	1	exact positional arithmetic consistency; representation-induced
EDIT_DISTANCE_1	SUB_q_TO_e_RIGHT_4	4	1	exact positional arithmetic consistency; representation-induced
EDIT_DISTANCE_1	SUB_q_TO_e_RIGHT_5	2	1	exact positional arithmetic consistency; representation-induced
EDIT_DISTANCE_1	SUB_q_TO_e_RIGHT_6	2	1	exact positional arithmetic consistency; representation-induced
EDIT_DISTANCE_1	SUB_q_TO_f_RIGHT_0	1	1	exact positional arithmetic consistency; representation-induced
EDIT_DISTANCE_1	SUB_q_TO_f_RIGHT_2	3	1	exact positional arithmetic consistency; representation-induced
EDIT_DISTANCE_1	SUB_q_TO_f_RIGHT_3	2	1	exact positional arithmetic consistency; representation-induced
EDIT_DISTANCE_1	SUB_q_TO_f_RIGHT_4	3	1	exact positional arithmetic consistency; representation-induced
EDIT_DISTANCE_1	SUB_q_TO_f_RIGHT_5	1	1	exact positional arithmetic consistency; representation-induced
EDIT_DISTANCE_1	SUB_q_TO_f_RIGHT_6	2	1	exact positional arithmetic consistency; representation-induced
EDIT_DISTANCE_1	SUB_q_TO_g_RIGHT_0	1	1	exact positional arithmetic consistency; representation-induced
EDIT_DISTANCE_1	SUB_q_TO_h_RIGHT_0	1	1	exact positional arithmetic consistency; representation-induced
EDIT_DISTANCE_1	SUB_q_TO_h_RIGHT_1	4	1	exact positional arithmetic consistency; representation-induced
EDIT_DISTANCE_1	SUB_q_TO_h_RIGHT_2	4	1	exact positional arithmetic consistency; representation-induced
EDIT_DISTANCE_1	SUB_q_TO_h_RIGHT_3	2	1	exact positional arithmetic consistency; representation-induced
EDIT_DISTANCE_1	SUB_q_TO_h_RIGHT_4	1	1	exact positional arithmetic consistency; representation-induced
EDIT_DISTANCE_1	SUB_q_TO_h_RIGHT_7	1	1	exact positional arithmetic consistency; representation-induced
EDIT_DISTANCE_1	SUB_q_TO_i_RIGHT_0	1	1	exact positional arithmetic consistency; representation-induced
EDIT_DISTANCE_1	SUB_q_TO_i_RIGHT_2	1	1	exact positional arithmetic consistency; representation-induced
EDIT_DISTANCE_1	SUB_q_TO_i_RIGHT_4	1	1	exact positional arithmetic consistency; representation-induced
EDIT_DISTANCE_1	SUB_q_TO_i_RIGHT_6	1	1	exact positional arithmetic consistency; representation-induced
EDIT_DISTANCE_1	SUB_q_TO_k_RIGHT_0	1	1	exact positional arithmetic consistency; representation-induced
EDIT_DISTANCE_1	SUB_q_TO_k_RIGHT_1	5	1	exact positional arithmetic consistency; representation-induced
EDIT_DISTANCE_1	SUB_q_TO_k_RIGHT_2	7	1	exact positional arithmetic consistency; representation-induced
EDIT_DISTANCE_1	SUB_q_TO_k_RIGHT_3	6	1	exact positional arithmetic consistency; representation-induced
EDIT_DISTANCE_1	SUB_q_TO_k_RIGHT_4	17	1	exact positional arithmetic consistency; representation-induced
EDIT_DISTANCE_1	SUB_q_TO_k_RIGHT_5	12	1	exact positional arithmetic consistency; representation-induced
EDIT_DISTANCE_1	SUB_q_TO_k_RIGHT_6	7	1	exact positional arithmetic consistency; representation-induced
EDIT_DISTANCE_1	SUB_q_TO_k_RIGHT_7	4	1	exact positional arithmetic consistency; representation-induced
EDIT_DISTANCE_1	SUB_q_TO_l_RIGHT_0	1	1	exact positional arithmetic consistency; representation-induced
EDIT_DISTANCE_1	SUB_q_TO_l_RIGHT_1	5	1	exact positional arithmetic consistency; representation-induced
EDIT_DISTANCE_1	SUB_q_TO_l_RIGHT_2	7	1	exact positional arithmetic consistency; representation-induced
EDIT_DISTANCE_1	SUB_q_TO_l_RIGHT_3	9	1	exact positional arithmetic consistency; representation-induced
EDIT_DISTANCE_1	SUB_q_TO_l_RIGHT_4	19	1	exact positional arithmetic consistency; representation-induced
EDIT_DISTANCE_1	SUB_q_TO_l_RIGHT_5	13	1	exact positional arithmetic consistency; representation-induced
EDIT_DISTANCE_1	SUB_q_TO_l_RIGHT_6	7	1	exact positional arithmetic consistency; representation-induced
EDIT_DISTANCE_1	SUB_q_TO_l_RIGHT_7	3	1	exact positional arithmetic consistency; representation-induced
EDIT_DISTANCE_1	SUB_q_TO_l_RIGHT_8	1	1	exact positional arithmetic consistency; representation-induced
EDIT_DISTANCE_1	SUB_q_TO_m_RIGHT_0	1	1	exact positional arithmetic consistency; representation-induced
EDIT_DISTANCE_1	SUB_q_TO_m_RIGHT_2	1	1	exact positional arithmetic consistency; representation-induced
EDIT_DISTANCE_1	SUB_q_TO_n_RIGHT_0	1	1	exact positional arithmetic consistency; representation-induced
EDIT_DISTANCE_1	SUB_q_TO_n_RIGHT_4	1	1	exact positional arithmetic consistency; representation-induced
EDIT_DISTANCE_1	SUB_q_TO_o_RIGHT_0	1	1	exact positional arithmetic consistency; representation-induced
EDIT_DISTANCE_1	SUB_q_TO_o_RIGHT_1	1	1	exact positional arithmetic consistency; representation-induced
EDIT_DISTANCE_1	SUB_q_TO_o_RIGHT_2	3	1	exact positional arithmetic consistency; representation-induced
EDIT_DISTANCE_1	SUB_q_TO_o_RIGHT_3	11	1	exact positional arithmetic consistency; representation-induced
EDIT_DISTANCE_1	SUB_q_TO_o_RIGHT_4	18	1	exact positional arithmetic consistency; representation-induced
EDIT_DISTANCE_1	SUB_q_TO_o_RIGHT_5	10	1	exact positional arithmetic consistency; representation-induced
EDIT_DISTANCE_1	SUB_q_TO_o_RIGHT_6	7	1	exact positional arithmetic consistency; representation-induced
EDIT_DISTANCE_1	SUB_q_TO_p_RIGHT_0	1	1	exact positional arithmetic consistency; representation-induced
EDIT_DISTANCE_1	SUB_q_TO_p_RIGHT_1	1	1	exact positional arithmetic consistency; representation-induced
EDIT_DISTANCE_1	SUB_q_TO_p_RIGHT_2	3	1	exact positional arithmetic consistency; representation-induced
EDIT_DISTANCE_1	SUB_q_TO_p_RIGHT_3	5	1	exact positional arithmetic consistency; representation-induced
EDIT_DISTANCE_1	SUB_q_TO_p_RIGHT_4	13	1	exact positional arithmetic consistency; representation-induced
EDIT_DISTANCE_1	SUB_q_TO_p_RIGHT_5	9	1	exact positional arithmetic consistency; representation-induced
EDIT_DISTANCE_1	SUB_q_TO_p_RIGHT_6	13	1	exact positional arithmetic consistency; representation-induced
EDIT_DISTANCE_1	SUB_q_TO_p_RIGHT_7	3	1	exact positional arithmetic consistency; representation-induced
EDIT_DISTANCE_1	SUB_q_TO_r_RIGHT_0	1	1	exact positional arithmetic consistency; representation-induced
EDIT_DISTANCE_1	SUB_q_TO_r_RIGHT_1	3	1	exact positional arithmetic consistency; representation-induced
EDIT_DISTANCE_1	SUB_q_TO_r_RIGHT_2	4	1	exact positional arithmetic consistency; representation-induced
EDIT_DISTANCE_1	SUB_q_TO_r_RIGHT_3	4	1	exact positional arithmetic consistency; representation-induced
EDIT_DISTANCE_1	SUB_q_TO_r_RIGHT_4	9	1	exact positional arithmetic consistency; representation-induced
EDIT_DISTANCE_1	SUB_q_TO_r_RIGHT_5	4	1	exact positional arithmetic consistency; representation-induced
EDIT_DISTANCE_1	SUB_q_TO_r_RIGHT_6	7	1	exact positional arithmetic consistency; representation-induced
EDIT_DISTANCE_1	SUB_q_TO_r_RIGHT_7	2	1	exact positional arithmetic consistency; representation-induced
EDIT_DISTANCE_1	SUB_q_TO_r_RIGHT_8	1	1	exact positional arithmetic consistency; representation-induced
EDIT_DISTANCE_1	SUB_q_TO_s_RIGHT_0	1	1	exact positional arithmetic consistency; representation-induced
EDIT_DISTANCE_1	SUB_q_TO_s_RIGHT_1	3	1	exact positional arithmetic consistency; representation-induced
EDIT_DISTANCE_1	SUB_q_TO_s_RIGHT_2	5	1	exact positional arithmetic consistency; representation-induced
EDIT_DISTANCE_1	SUB_q_TO_s_RIGHT_3	7	1	exact positional arithmetic consistency; representation-induced
EDIT_DISTANCE_1	SUB_q_TO_s_RIGHT_4	25	1	exact positional arithmetic consistency; representation-induced
EDIT_DISTANCE_1	SUB_q_TO_s_RIGHT_5	20	1	exact positional arithmetic consistency; representation-induced
EDIT_DISTANCE_1	SUB_q_TO_s_RIGHT_6	17	1	exact positional arithmetic consistency; representation-induced
EDIT_DISTANCE_1	SUB_q_TO_s_RIGHT_7	11	1	exact positional arithmetic consistency; representation-induced
EDIT_DISTANCE_1	SUB_q_TO_s_RIGHT_8	1	1	exact positional arithmetic consistency; representation-induced
EDIT_DISTANCE_1	SUB_q_TO_s_RIGHT_9	1	1	exact positional arithmetic consistency; representation-induced
EDIT_DISTANCE_1	SUB_q_TO_t_RIGHT_0	1	1	exact positional arithmetic consistency; representation-induced
EDIT_DISTANCE_1	SUB_q_TO_t_RIGHT_1	3	1	exact positional arithmetic consistency; representation-induced
EDIT_DISTANCE_1	SUB_q_TO_t_RIGHT_2	8	1	exact positional arithmetic consistency; representation-induced
EDIT_DISTANCE_1	SUB_q_TO_t_RIGHT_3	10	1	exact positional arithmetic consistency; representation-induced
EDIT_DISTANCE_1	SUB_q_TO_t_RIGHT_4	19	1	exact positional arithmetic consistency; representation-induced
EDIT_DISTANCE_1	SUB_q_TO_t_RIGHT_5	18	1	exact positional arithmetic consistency; representation-induced
EDIT_DISTANCE_1	SUB_q_TO_t_RIGHT_6	6	1	exact positional arithmetic consistency; representation-induced
EDIT_DISTANCE_1	SUB_q_TO_t_RIGHT_7	3	1	exact positional arithmetic consistency; representation-induced
EDIT_DISTANCE_1	SUB_q_TO_u_RIGHT_0	1	1	exact positional arithmetic consistency; representation-induced
EDIT_DISTANCE_1	SUB_q_TO_v_RIGHT_0	1	1	exact positional arithmetic consistency; representation-induced
EDIT_DISTANCE_1	SUB_q_TO_v_RIGHT_1	1	1	exact positional arithmetic consistency; representation-induced
EDIT_DISTANCE_1	SUB_q_TO_v_RIGHT_2	1	1	exact positional arithmetic consistency; representation-induced
EDIT_DISTANCE_1	SUB_q_TO_x_RIGHT_0	1	1	exact positional arithmetic consistency; representation-induced
EDIT_DISTANCE_1	SUB_q_TO_x_RIGHT_2	3	1	exact positional arithmetic consistency; representation-induced
EDIT_DISTANCE_1	SUB_q_TO_x_RIGHT_4	1	1	exact positional arithmetic consistency; representation-induced
EDIT_DISTANCE_1	SUB_q_TO_x_RIGHT_6	2	1	exact positional arithmetic consistency; representation-induced
EDIT_DISTANCE_1	SUB_q_TO_y_RIGHT_0	1	1	exact positional arithmetic consistency; representation-induced
EDIT_DISTANCE_1	SUB_q_TO_y_RIGHT_1	2	1	exact positional arithmetic consistency; representation-induced
EDIT_DISTANCE_1	SUB_q_TO_y_RIGHT_2	5	1	exact positional arithmetic consistency; representation-induced
EDIT_DISTANCE_1	SUB_q_TO_y_RIGHT_3	7	1	exact positional arithmetic consistency; representation-induced
EDIT_DISTANCE_1	SUB_q_TO_y_RIGHT_4	12	1	exact positional arithmetic consistency; representation-induced
EDIT_DISTANCE_1	SUB_q_TO_y_RIGHT_5	9	1	exact positional arithmetic consistency; representation-induced
EDIT_DISTANCE_1	SUB_q_TO_y_RIGHT_6	7	1	exact positional arithmetic consistency; representation-induced
EDIT_DISTANCE_1	SUB_q_TO_z_RIGHT_2	1	1	exact positional arithmetic consistency; representation-induced
EDIT_DISTANCE_1	SUB_r_TO_a_RIGHT_0	10	1	exact positional arithmetic consistency; representation-induced
EDIT_DISTANCE_1	SUB_r_TO_a_RIGHT_1	3	1	exact positional arithmetic consistency; representation-induced
EDIT_DISTANCE_1	SUB_r_TO_a_RIGHT_2	1	1	exact positional arithmetic consistency; representation-induced
EDIT_DISTANCE_1	SUB_r_TO_a_RIGHT_3	3	1	exact positional arithmetic consistency; representation-induced
EDIT_DISTANCE_1	SUB_r_TO_a_RIGHT_5	1	1	exact positional arithmetic consistency; representation-induced
EDIT_DISTANCE_1	SUB_r_TO_c_RIGHT_0	7	1	exact positional arithmetic consistency; representation-induced
EDIT_DISTANCE_1	SUB_r_TO_c_RIGHT_1	2	1	exact positional arithmetic consistency; representation-induced
EDIT_DISTANCE_1	SUB_r_TO_c_RIGHT_2	1	1	exact positional arithmetic consistency; representation-induced
EDIT_DISTANCE_1	SUB_r_TO_c_RIGHT_3	1	1	exact positional arithmetic consistency; representation-induced
EDIT_DISTANCE_1	SUB_r_TO_d_RIGHT_0	86	1	exact positional arithmetic consistency; representation-induced
EDIT_DISTANCE_1	SUB_r_TO_d_RIGHT_1	44	1	exact positional arithmetic consistency; representation-induced
EDIT_DISTANCE_1	SUB_r_TO_d_RIGHT_2	36	1	exact positional arithmetic consistency; representation-induced
EDIT_DISTANCE_1	SUB_r_TO_d_RIGHT_3	28	1	exact positional arithmetic consistency; representation-induced
EDIT_DISTANCE_1	SUB_r_TO_d_RIGHT_4	48	1	exact positional arithmetic consistency; representation-induced
EDIT_DISTANCE_1	SUB_r_TO_d_RIGHT_5	16	1	exact positional arithmetic consistency; representation-induced
EDIT_DISTANCE_1	SUB_r_TO_d_RIGHT_6	9	1	exact positional arithmetic consistency; representation-induced
EDIT_DISTANCE_1	SUB_r_TO_d_RIGHT_7	4	1	exact positional arithmetic consistency; representation-induced
EDIT_DISTANCE_1	SUB_r_TO_e_RIGHT_0	10	1	exact positional arithmetic consistency; representation-induced
EDIT_DISTANCE_1	SUB_r_TO_e_RIGHT_1	7	1	exact positional arithmetic consistency; representation-induced
EDIT_DISTANCE_1	SUB_r_TO_e_RIGHT_2	13	1	exact positional arithmetic consistency; representation-induced
EDIT_DISTANCE_1	SUB_r_TO_e_RIGHT_3	5	1	exact positional arithmetic consistency; representation-induced
EDIT_DISTANCE_1	SUB_r_TO_e_RIGHT_4	2	1	exact positional arithmetic consistency; representation-induced
EDIT_DISTANCE_1	SUB_r_TO_e_RIGHT_5	4	1	exact positional arithmetic consistency; representation-induced
EDIT_DISTANCE_1	SUB_r_TO_f_RIGHT_0	10	1	exact positional arithmetic consistency; representation-induced
EDIT_DISTANCE_1	SUB_r_TO_f_RIGHT_1	5	1	exact positional arithmetic consistency; representation-induced
EDIT_DISTANCE_1	SUB_r_TO_f_RIGHT_2	8	1	exact positional arithmetic consistency; representation-induced
EDIT_DISTANCE_1	SUB_r_TO_f_RIGHT_3	12	1	exact positional arithmetic consistency; representation-induced
EDIT_DISTANCE_1	SUB_r_TO_f_RIGHT_4	12	1	exact positional arithmetic consistency; representation-induced
EDIT_DISTANCE_1	SUB_r_TO_f_RIGHT_5	9	1	exact positional arithmetic consistency; representation-induced
EDIT_DISTANCE_1	SUB_r_TO_f_RIGHT_6	2	1	exact positional arithmetic consistency; representation-induced
EDIT_DISTANCE_1	SUB_r_TO_f_RIGHT_7	1	1	exact positional arithmetic consistency; representation-induced
EDIT_DISTANCE_1	SUB_r_TO_g_RIGHT_0	34	1	exact positional arithmetic consistency; representation-induced
EDIT_DISTANCE_1	SUB_r_TO_g_RIGHT_1	1	1	exact positional arithmetic consistency; representation-induced
EDIT_DISTANCE_1	SUB_r_TO_g_RIGHT_2	1	1	exact positional arithmetic consistency; representation-induced
EDIT_DISTANCE_1	SUB_r_TO_h_RIGHT_0	1	1	exact positional arithmetic consistency; representation-induced
EDIT_DISTANCE_1	SUB_r_TO_h_RIGHT_1	4	1	exact positional arithmetic consistency; representation-induced
EDIT_DISTANCE_1	SUB_r_TO_h_RIGHT_2	5	1	exact positional arithmetic consistency; representation-induced
EDIT_DISTANCE_1	SUB_r_TO_h_RIGHT_3	2	1	exact positional arithmetic consistency; representation-induced
EDIT_DISTANCE_1	SUB_r_TO_h_RIGHT_4	1	1	exact positional arithmetic consistency; representation-induced
EDIT_DISTANCE_1	SUB_r_TO_i_RIGHT_0	20	1	exact positional arithmetic consistency; representation-induced
EDIT_DISTANCE_1	SUB_r_TO_i_RIGHT_1	9	1	exact positional arithmetic consistency; representation-induced
EDIT_DISTANCE_1	SUB_r_TO_i_RIGHT_2	7	1	exact positional arithmetic consistency; representation-induced
EDIT_DISTANCE_1	SUB_r_TO_i_RIGHT_3	10	1	exact positional arithmetic consistency; representation-induced
EDIT_DISTANCE_1	SUB_r_TO_i_RIGHT_4	1	1	exact positional arithmetic consistency; representation-induced
EDIT_DISTANCE_1	SUB_r_TO_j_RIGHT_0	2	1	exact positional arithmetic consistency; representation-induced
EDIT_DISTANCE_1	SUB_r_TO_j_RIGHT_1	2	1	exact positional arithmetic consistency; representation-induced
EDIT_DISTANCE_1	SUB_r_TO_j_RIGHT_2	1	1	exact positional arithmetic consistency; representation-induced
EDIT_DISTANCE_1	SUB_r_TO_k_RIGHT_0	13	1	exact positional arithmetic consistency; representation-induced
EDIT_DISTANCE_1	SUB_r_TO_k_RIGHT_1	24	1	exact positional arithmetic consistency; representation-induced
EDIT_DISTANCE_1	SUB_r_TO_k_RIGHT_2	35	1	exact positional arithmetic consistency; representation-induced
EDIT_DISTANCE_1	SUB_r_TO_k_RIGHT_3	30	1	exact positional arithmetic consistency; representation-induced
EDIT_DISTANCE_1	SUB_r_TO_k_RIGHT_4	42	1	exact positional arithmetic consistency; representation-induced
EDIT_DISTANCE_1	SUB_r_TO_k_RIGHT_5	17	1	exact positional arithmetic consistency; representation-induced
EDIT_DISTANCE_1	SUB_r_TO_k_RIGHT_6	6	1	exact positional arithmetic consistency; representation-induced
EDIT_DISTANCE_1	SUB_r_TO_k_RIGHT_7	1	1	exact positional arithmetic consistency; representation-induced
EDIT_DISTANCE_1	SUB_r_TO_l_RIGHT_0	385	1	exact positional arithmetic consistency; representation-induced
EDIT_DISTANCE_1	SUB_r_TO_l_RIGHT_1	51	1	exact positional arithmetic consistency; representation-induced
EDIT_DISTANCE_1	SUB_r_TO_l_RIGHT_2	79	1	exact positional arithmetic consistency; representation-induced
EDIT_DISTANCE_1	SUB_r_TO_l_RIGHT_3	49	1	exact positional arithmetic consistency; representation-induced
EDIT_DISTANCE_1	SUB_r_TO_l_RIGHT_4	50	1	exact positional arithmetic consistency; representation-induced
EDIT_DISTANCE_1	SUB_r_TO_l_RIGHT_5	27	1	exact positional arithmetic consistency; representation-induced
EDIT_DISTANCE_1	SUB_r_TO_l_RIGHT_6	7	1	exact positional arithmetic consistency; representation-induced
EDIT_DISTANCE_1	SUB_r_TO_l_RIGHT_7	1	1	exact positional arithmetic consistency; representation-induced
EDIT_DISTANCE_1	SUB_r_TO_m_RIGHT_0	195	1	exact positional arithmetic consistency; representation-induced
EDIT_DISTANCE_1	SUB_r_TO_m_RIGHT_1	7	1	exact positional arithmetic consistency; representation-induced
EDIT_DISTANCE_1	SUB_r_TO_m_RIGHT_2	6	1	exact positional arithmetic consistency; representation-induced
EDIT_DISTANCE_1	SUB_r_TO_n_RIGHT_0	140	1	exact positional arithmetic consistency; representation-induced
EDIT_DISTANCE_1	SUB_r_TO_n_RIGHT_1	9	1	exact positional arithmetic consistency; representation-induced
EDIT_DISTANCE_1	SUB_r_TO_n_RIGHT_2	5	1	exact positional arithmetic consistency; representation-induced
EDIT_DISTANCE_1	SUB_r_TO_n_RIGHT_3	1	1	exact positional arithmetic consistency; representation-induced
EDIT_DISTANCE_1	SUB_r_TO_n_RIGHT_4	2	1	exact positional arithmetic consistency; representation-induced
EDIT_DISTANCE_1	SUB_r_TO_o_RIGHT_0	24	1	exact positional arithmetic consistency; representation-induced
EDIT_DISTANCE_1	SUB_r_TO_o_RIGHT_1	4	1	exact positional arithmetic consistency; representation-induced
EDIT_DISTANCE_1	SUB_r_TO_o_RIGHT_2	5	1	exact positional arithmetic consistency; representation-induced
EDIT_DISTANCE_1	SUB_r_TO_o_RIGHT_3	6	1	exact positional arithmetic consistency; representation-induced
EDIT_DISTANCE_1	SUB_r_TO_o_RIGHT_4	16	1	exact positional arithmetic consistency; representation-induced
EDIT_DISTANCE_1	SUB_r_TO_o_RIGHT_5	9	1	exact positional arithmetic consistency; representation-induced
EDIT_DISTANCE_1	SUB_r_TO_o_RIGHT_6	2	1	exact positional arithmetic consistency; representation-induced
EDIT_DISTANCE_1	SUB_r_TO_p_RIGHT_0	11	1	exact positional arithmetic consistency; representation-induced
EDIT_DISTANCE_1	SUB_r_TO_p_RIGHT_1	9	1	exact positional arithmetic consistency; representation-induced
EDIT_DISTANCE_1	SUB_r_TO_p_RIGHT_2	15	1	exact positional arithmetic consistency; representation-induced
EDIT_DISTANCE_1	SUB_r_TO_p_RIGHT_3	13	1	exact positional arithmetic consistency; representation-induced
EDIT_DISTANCE_1	SUB_r_TO_p_RIGHT_4	22	1	exact positional arithmetic consistency; representation-induced
EDIT_DISTANCE_1	SUB_r_TO_p_RIGHT_5	14	1	exact positional arithmetic consistency; representation-induced
EDIT_DISTANCE_1	SUB_r_TO_p_RIGHT_6	10	1	exact positional arithmetic consistency; representation-induced
EDIT_DISTANCE_1	SUB_r_TO_p_RIGHT_7	4	1	exact positional arithmetic consistency; representation-induced
EDIT_DISTANCE_1	SUB_r_TO_q_RIGHT_0	1	1	exact positional arithmetic consistency; representation-induced
EDIT_DISTANCE_1	SUB_r_TO_q_RIGHT_1	3	1	exact positional arithmetic consistency; representation-induced
EDIT_DISTANCE_1	SUB_r_TO_q_RIGHT_2	4	1	exact positional arithmetic consistency; representation-induced
EDIT_DISTANCE_1	SUB_r_TO_q_RIGHT_3	4	1	exact positional arithmetic consistency; representation-induced
EDIT_DISTANCE_1	SUB_r_TO_q_RIGHT_4	9	1	exact positional arithmetic consistency; representation-induced
EDIT_DISTANCE_1	SUB_r_TO_q_RIGHT_5	4	1	exact positional arithmetic consistency; representation-induced
EDIT_DISTANCE_1	SUB_r_TO_q_RIGHT_6	7	1	exact positional arithmetic consistency; representation-induced
EDIT_DISTANCE_1	SUB_r_TO_q_RIGHT_7	2	1	exact positional arithmetic consistency; representation-induced
EDIT_DISTANCE_1	SUB_r_TO_q_RIGHT_8	1	1	exact positional arithmetic consistency; representation-induced
EDIT_DISTANCE_1	SUB_r_TO_s_RIGHT_0	162	1	exact positional arithmetic consistency; representation-induced
EDIT_DISTANCE_1	SUB_r_TO_s_RIGHT_1	17	1	exact positional arithmetic consistency; representation-induced
EDIT_DISTANCE_1	SUB_r_TO_s_RIGHT_2	17	1	exact positional arithmetic consistency; representation-induced
EDIT_DISTANCE_1	SUB_r_TO_s_RIGHT_3	18	1	exact positional arithmetic consistency; representation-induced
EDIT_DISTANCE_1	SUB_r_TO_s_RIGHT_4	31	1	exact positional arithmetic consistency; representation-induced
EDIT_DISTANCE_1	SUB_r_TO_s_RIGHT_5	10	1	exact positional arithmetic consistency; representation-induced
EDIT_DISTANCE_1	SUB_r_TO_s_RIGHT_6	10	1	exact positional arithmetic consistency; representation-induced
EDIT_DISTANCE_1	SUB_r_TO_s_RIGHT_7	3	1	exact positional arithmetic consistency; representation-induced
EDIT_DISTANCE_1	SUB_r_TO_t_RIGHT_0	13	1	exact positional arithmetic consistency; representation-induced
EDIT_DISTANCE_1	SUB_r_TO_t_RIGHT_1	19	1	exact positional arithmetic consistency; representation-induced
EDIT_DISTANCE_1	SUB_r_TO_t_RIGHT_2	27	1	exact positional arithmetic consistency; representation-induced
EDIT_DISTANCE_1	SUB_r_TO_t_RIGHT_3	27	1	exact positional arithmetic consistency; representation-induced
EDIT_DISTANCE_1	SUB_r_TO_t_RIGHT_4	33	1	exact positional arithmetic consistency; representation-induced
EDIT_DISTANCE_1	SUB_r_TO_t_RIGHT_5	17	1	exact positional arithmetic consistency; representation-induced
EDIT_DISTANCE_1	SUB_r_TO_t_RIGHT_6	6	1	exact positional arithmetic consistency; representation-induced
EDIT_DISTANCE_1	SUB_r_TO_t_RIGHT_7	3	1	exact positional arithmetic consistency; representation-induced
EDIT_DISTANCE_1	SUB_r_TO_u_RIGHT_0	2	1	exact positional arithmetic consistency; representation-induced
EDIT_DISTANCE_1	SUB_r_TO_v_RIGHT_0	1	1	exact positional arithmetic consistency; representation-induced
EDIT_DISTANCE_1	SUB_r_TO_v_RIGHT_1	1	1	exact positional arithmetic consistency; representation-induced
EDIT_DISTANCE_1	SUB_r_TO_v_RIGHT_2	1	1	exact positional arithmetic consistency; representation-induced
EDIT_DISTANCE_1	SUB_r_TO_x_RIGHT_0	3	1	exact positional arithmetic consistency; representation-induced
EDIT_DISTANCE_1	SUB_r_TO_x_RIGHT_2	6	1	exact positional arithmetic consistency; representation-induced
EDIT_DISTANCE_1	SUB_r_TO_x_RIGHT_4	1	1	exact positional arithmetic consistency; representation-induced
EDIT_DISTANCE_1	SUB_r_TO_y_RIGHT_0	79	1	exact positional arithmetic consistency; representation-induced
EDIT_DISTANCE_1	SUB_r_TO_y_RIGHT_1	3	1	exact positional arithmetic consistency; representation-induced
EDIT_DISTANCE_1	SUB_r_TO_y_RIGHT_2	5	1	exact positional arithmetic consistency; representation-induced
EDIT_DISTANCE_1	SUB_r_TO_y_RIGHT_3	9	1	exact positional arithmetic consistency; representation-induced
EDIT_DISTANCE_1	SUB_r_TO_y_RIGHT_4	16	1	exact positional arithmetic consistency; representation-induced
EDIT_DISTANCE_1	SUB_r_TO_y_RIGHT_5	9	1	exact positional arithmetic consistency; representation-induced
EDIT_DISTANCE_1	SUB_r_TO_y_RIGHT_6	4	1	exact positional arithmetic consistency; representation-induced
EDIT_DISTANCE_1	SUB_r_TO_z_RIGHT_0	1	1	exact positional arithmetic consistency; representation-induced
EDIT_DISTANCE_1	SUB_r_TO_z_RIGHT_1	2	1	exact positional arithmetic consistency; representation-induced
EDIT_DISTANCE_1	SUB_r_TO_z_RIGHT_2	1	1	exact positional arithmetic consistency; representation-induced
EDIT_DISTANCE_1	SUB_s_TO_a_RIGHT_0	18	1	exact positional arithmetic consistency; representation-induced
EDIT_DISTANCE_1	SUB_s_TO_a_RIGHT_1	4	1	exact positional arithmetic consistency; representation-induced
EDIT_DISTANCE_1	SUB_s_TO_a_RIGHT_2	2	1	exact positional arithmetic consistency; representation-induced
EDIT_DISTANCE_1	SUB_s_TO_a_RIGHT_3	5	1	exact positional arithmetic consistency; representation-induced
EDIT_DISTANCE_1	SUB_s_TO_a_RIGHT_4	1	1	exact positional arithmetic consistency; representation-induced
EDIT_DISTANCE_1	SUB_s_TO_a_RIGHT_5	1	1	exact positional arithmetic consistency; representation-induced
EDIT_DISTANCE_1	SUB_s_TO_b_RIGHT_0	10	1	exact positional arithmetic consistency; representation-induced
EDIT_DISTANCE_1	SUB_s_TO_c_RIGHT_0	7	1	exact positional arithmetic consistency; representation-induced
EDIT_DISTANCE_1	SUB_s_TO_c_RIGHT_1	8	1	exact positional arithmetic consistency; representation-induced
EDIT_DISTANCE_1	SUB_s_TO_c_RIGHT_2	76	1	exact positional arithmetic consistency; representation-induced
EDIT_DISTANCE_1	SUB_s_TO_c_RIGHT_3	158	1	exact positional arithmetic consistency; representation-induced
EDIT_DISTANCE_1	SUB_s_TO_c_RIGHT_4	144	1	exact positional arithmetic consistency; representation-induced
EDIT_DISTANCE_1	SUB_s_TO_c_RIGHT_5	115	1	exact positional arithmetic consistency; representation-induced
EDIT_DISTANCE_1	SUB_s_TO_c_RIGHT_6	72	1	exact positional arithmetic consistency; representation-induced
EDIT_DISTANCE_1	SUB_s_TO_c_RIGHT_7	51	1	exact positional arithmetic consistency; representation-induced
EDIT_DISTANCE_1	SUB_s_TO_c_RIGHT_8	18	1	exact positional arithmetic consistency; representation-induced
EDIT_DISTANCE_1	SUB_s_TO_c_RIGHT_9	1	1	exact positional arithmetic consistency; representation-induced
EDIT_DISTANCE_1	SUB_s_TO_d_RIGHT_0	126	1	exact positional arithmetic consistency; representation-induced
EDIT_DISTANCE_1	SUB_s_TO_d_RIGHT_1	53	1	exact positional arithmetic consistency; representation-induced
EDIT_DISTANCE_1	SUB_s_TO_d_RIGHT_2	32	1	exact positional arithmetic consistency; representation-induced
EDIT_DISTANCE_1	SUB_s_TO_d_RIGHT_3	31	1	exact positional arithmetic consistency; representation-induced
EDIT_DISTANCE_1	SUB_s_TO_d_RIGHT_4	53	1	exact positional arithmetic consistency; representation-induced
EDIT_DISTANCE_1	SUB_s_TO_d_RIGHT_5	27	1	exact positional arithmetic consistency; representation-induced
EDIT_DISTANCE_1	SUB_s_TO_d_RIGHT_6	22	1	exact positional arithmetic consistency; representation-induced
EDIT_DISTANCE_1	SUB_s_TO_d_RIGHT_7	8	1	exact positional arithmetic consistency; representation-induced
EDIT_DISTANCE_1	SUB_s_TO_e_RIGHT_0	19	1	exact positional arithmetic consistency; representation-induced
EDIT_DISTANCE_1	SUB_s_TO_e_RIGHT_1	42	1	exact positional arithmetic consistency; representation-induced
EDIT_DISTANCE_1	SUB_s_TO_e_RIGHT_2	28	1	exact positional arithmetic consistency; representation-induced
EDIT_DISTANCE_1	SUB_s_TO_e_RIGHT_3	13	1	exact positional arithmetic consistency; representation-induced
EDIT_DISTANCE_1	SUB_s_TO_e_RIGHT_4	4	1	exact positional arithmetic consistency; representation-induced
EDIT_DISTANCE_1	SUB_s_TO_e_RIGHT_5	2	1	exact positional arithmetic consistency; representation-induced
EDIT_DISTANCE_1	SUB_s_TO_e_RIGHT_6	1	1	exact positional arithmetic consistency; representation-induced
EDIT_DISTANCE_1	SUB_s_TO_f_RIGHT_0	9	1	exact positional arithmetic consistency; representation-induced
EDIT_DISTANCE_1	SUB_s_TO_f_RIGHT_1	6	1	exact positional arithmetic consistency; representation-induced
EDIT_DISTANCE_1	SUB_s_TO_f_RIGHT_2	8	1	exact positional arithmetic consistency; representation-induced
EDIT_DISTANCE_1	SUB_s_TO_f_RIGHT_3	10	1	exact positional arithmetic consistency; representation-induced
EDIT_DISTANCE_1	SUB_s_TO_f_RIGHT_4	15	1	exact positional arithmetic consistency; representation-induced
EDIT_DISTANCE_1	SUB_s_TO_f_RIGHT_5	7	1	exact positional arithmetic consistency; representation-induced
EDIT_DISTANCE_1	SUB_s_TO_f_RIGHT_6	3	1	exact positional arithmetic consistency; representation-induced
EDIT_DISTANCE_1	SUB_s_TO_g_RIGHT_0	34	1	exact positional arithmetic consistency; representation-induced
EDIT_DISTANCE_1	SUB_s_TO_g_RIGHT_3	1	1	exact positional arithmetic consistency; representation-induced
EDIT_DISTANCE_1	SUB_s_TO_h_RIGHT_0	3	1	exact positional arithmetic consistency; representation-induced
EDIT_DISTANCE_1	SUB_s_TO_h_RIGHT_1	8	1	exact positional arithmetic consistency; representation-induced
EDIT_DISTANCE_1	SUB_s_TO_h_RIGHT_2	5	1	exact positional arithmetic consistency; representation-induced
EDIT_DISTANCE_1	SUB_s_TO_h_RIGHT_3	5	1	exact positional arithmetic consistency; representation-induced
EDIT_DISTANCE_1	SUB_s_TO_h_RIGHT_4	3	1	exact positional arithmetic consistency; representation-induced
EDIT_DISTANCE_1	SUB_s_TO_h_RIGHT_7	1	1	exact positional arithmetic consistency; representation-induced
EDIT_DISTANCE_1	SUB_s_TO_i_RIGHT_0	11	1	exact positional arithmetic consistency; representation-induced
EDIT_DISTANCE_1	SUB_s_TO_i_RIGHT_1	2	1	exact positional arithmetic consistency; representation-induced
EDIT_DISTANCE_1	SUB_s_TO_i_RIGHT_2	2	1	exact positional arithmetic consistency; representation-induced
EDIT_DISTANCE_1	SUB_s_TO_i_RIGHT_3	3	1	exact positional arithmetic consistency; representation-induced
EDIT_DISTANCE_1	SUB_s_TO_j_RIGHT_0	2	1	exact positional arithmetic consistency; representation-induced
EDIT_DISTANCE_1	SUB_s_TO_j_RIGHT_1	1	1	exact positional arithmetic consistency; representation-induced
EDIT_DISTANCE_1	SUB_s_TO_k_RIGHT_0	15	1	exact positional arithmetic consistency; representation-induced
EDIT_DISTANCE_1	SUB_s_TO_k_RIGHT_1	28	1	exact positional arithmetic consistency; representation-induced
EDIT_DISTANCE_1	SUB_s_TO_k_RIGHT_2	24	1	exact positional arithmetic consistency; representation-induced
EDIT_DISTANCE_1	SUB_s_TO_k_RIGHT_3	33	1	exact positional arithmetic consistency; representation-induced
EDIT_DISTANCE_1	SUB_s_TO_k_RIGHT_4	40	1	exact positional arithmetic consistency; representation-induced
EDIT_DISTANCE_1	SUB_s_TO_k_RIGHT_5	19	1	exact positional arithmetic consistency; representation-induced
EDIT_DISTANCE_1	SUB_s_TO_k_RIGHT_6	9	1	exact positional arithmetic consistency; representation-induced
EDIT_DISTANCE_1	SUB_s_TO_k_RIGHT_7	4	1	exact positional arithmetic consistency; representation-induced
EDIT_DISTANCE_1	SUB_s_TO_l_RIGHT_0	147	1	exact positional arithmetic consistency; representation-induced
EDIT_DISTANCE_1	SUB_s_TO_l_RIGHT_1	16	1	exact positional arithmetic consistency; representation-induced
EDIT_DISTANCE_1	SUB_s_TO_l_RIGHT_2	23	1	exact positional arithmetic consistency; representation-induced
EDIT_DISTANCE_1	SUB_s_TO_l_RIGHT_3	16	1	exact positional arithmetic consistency; representation-induced
EDIT_DISTANCE_1	SUB_s_TO_l_RIGHT_4	30	1	exact positional arithmetic consistency; representation-induced
EDIT_DISTANCE_1	SUB_s_TO_l_RIGHT_5	24	1	exact positional arithmetic consistency; representation-induced
EDIT_DISTANCE_1	SUB_s_TO_l_RIGHT_6	7	1	exact positional arithmetic consistency; representation-induced
EDIT_DISTANCE_1	SUB_s_TO_l_RIGHT_7	4	1	exact positional arithmetic consistency; representation-induced
EDIT_DISTANCE_1	SUB_s_TO_m_RIGHT_0	72	1	exact positional arithmetic consistency; representation-induced
EDIT_DISTANCE_1	SUB_s_TO_m_RIGHT_1	2	1	exact positional arithmetic consistency; representation-induced
EDIT_DISTANCE_1	SUB_s_TO_m_RIGHT_2	1	1	exact positional arithmetic consistency; representation-induced
EDIT_DISTANCE_1	SUB_s_TO_n_RIGHT_0	39	1	exact positional arithmetic consistency; representation-induced
EDIT_DISTANCE_1	SUB_s_TO_n_RIGHT_2	2	1	exact positional arithmetic consistency; representation-induced
EDIT_DISTANCE_1	SUB_s_TO_n_RIGHT_4	1	1	exact positional arithmetic consistency; representation-induced
EDIT_DISTANCE_1	SUB_s_TO_o_RIGHT_0	88	1	exact positional arithmetic consistency; representation-induced
EDIT_DISTANCE_1	SUB_s_TO_o_RIGHT_1	20	1	exact positional arithmetic consistency; representation-induced
EDIT_DISTANCE_1	SUB_s_TO_o_RIGHT_2	15	1	exact positional arithmetic consistency; representation-induced
EDIT_DISTANCE_1	SUB_s_TO_o_RIGHT_3	18	1	exact positional arithmetic consistency; representation-induced
EDIT_DISTANCE_1	SUB_s_TO_o_RIGHT_4	25	1	exact positional arithmetic consistency; representation-induced
EDIT_DISTANCE_1	SUB_s_TO_o_RIGHT_5	17	1	exact positional arithmetic consistency; representation-induced
EDIT_DISTANCE_1	SUB_s_TO_o_RIGHT_6	2	1	exact positional arithmetic consistency; representation-induced
EDIT_DISTANCE_1	SUB_s_TO_o_RIGHT_7	3	1	exact positional arithmetic consistency; representation-induced
EDIT_DISTANCE_1	SUB_s_TO_p_RIGHT_0	13	1	exact positional arithmetic consistency; representation-induced
EDIT_DISTANCE_1	SUB_s_TO_p_RIGHT_1	6	1	exact positional arithmetic consistency; representation-induced
EDIT_DISTANCE_1	SUB_s_TO_p_RIGHT_2	12	1	exact positional arithmetic consistency; representation-induced
EDIT_DISTANCE_1	SUB_s_TO_p_RIGHT_3	13	1	exact positional arithmetic consistency; representation-induced
EDIT_DISTANCE_1	SUB_s_TO_p_RIGHT_4	29	1	exact positional arithmetic consistency; representation-induced
EDIT_DISTANCE_1	SUB_s_TO_p_RIGHT_5	14	1	exact positional arithmetic consistency; representation-induced
EDIT_DISTANCE_1	SUB_s_TO_p_RIGHT_6	12	1	exact positional arithmetic consistency; representation-induced
EDIT_DISTANCE_1	SUB_s_TO_p_RIGHT_7	4	1	exact positional arithmetic consistency; representation-induced
EDIT_DISTANCE_1	SUB_s_TO_q_RIGHT_0	1	1	exact positional arithmetic consistency; representation-induced
EDIT_DISTANCE_1	SUB_s_TO_q_RIGHT_1	3	1	exact positional arithmetic consistency; representation-induced
EDIT_DISTANCE_1	SUB_s_TO_q_RIGHT_2	5	1	exact positional arithmetic consistency; representation-induced
EDIT_DISTANCE_1	SUB_s_TO_q_RIGHT_3	7	1	exact positional arithmetic consistency; representation-induced
EDIT_DISTANCE_1	SUB_s_TO_q_RIGHT_4	25	1	exact positional arithmetic consistency; representation-induced
EDIT_DISTANCE_1	SUB_s_TO_q_RIGHT_5	20	1	exact positional arithmetic consistency; representation-induced
EDIT_DISTANCE_1	SUB_s_TO_q_RIGHT_6	17	1	exact positional arithmetic consistency; representation-induced
EDIT_DISTANCE_1	SUB_s_TO_q_RIGHT_7	11	1	exact positional arithmetic consistency; representation-induced
EDIT_DISTANCE_1	SUB_s_TO_q_RIGHT_8	1	1	exact positional arithmetic consistency; representation-induced
EDIT_DISTANCE_1	SUB_s_TO_q_RIGHT_9	1	1	exact positional arithmetic consistency; representation-induced
EDIT_DISTANCE_1	SUB_s_TO_r_RIGHT_0	162	1	exact positional arithmetic consistency; representation-induced
EDIT_DISTANCE_1	SUB_s_TO_r_RIGHT_1	17	1	exact positional arithmetic consistency; representation-induced
EDIT_DISTANCE_1	SUB_s_TO_r_RIGHT_2	17	1	exact positional arithmetic consistency; representation-induced
EDIT_DISTANCE_1	SUB_s_TO_r_RIGHT_3	18	1	exact positional arithmetic consistency; representation-induced
EDIT_DISTANCE_1	SUB_s_TO_r_RIGHT_4	31	1	exact positional arithmetic consistency; representation-induced
EDIT_DISTANCE_1	SUB_s_TO_r_RIGHT_5	10	1	exact positional arithmetic consistency; representation-induced
EDIT_DISTANCE_1	SUB_s_TO_r_RIGHT_6	10	1	exact positional arithmetic consistency; representation-induced
EDIT_DISTANCE_1	SUB_s_TO_r_RIGHT_7	3	1	exact positional arithmetic consistency; representation-induced
EDIT_DISTANCE_1	SUB_s_TO_t_RIGHT_0	15	1	exact positional arithmetic consistency; representation-induced
EDIT_DISTANCE_1	SUB_s_TO_t_RIGHT_1	15	1	exact positional arithmetic consistency; representation-induced
EDIT_DISTANCE_1	SUB_s_TO_t_RIGHT_2	21	1	exact positional arithmetic consistency; representation-induced
EDIT_DISTANCE_1	SUB_s_TO_t_RIGHT_3	23	1	exact positional arithmetic consistency; representation-induced
EDIT_DISTANCE_1	SUB_s_TO_t_RIGHT_4	35	1	exact positional arithmetic consistency; representation-induced
EDIT_DISTANCE_1	SUB_s_TO_t_RIGHT_5	19	1	exact positional arithmetic consistency; representation-induced
EDIT_DISTANCE_1	SUB_s_TO_t_RIGHT_6	7	1	exact positional arithmetic consistency; representation-induced
EDIT_DISTANCE_1	SUB_s_TO_t_RIGHT_7	5	1	exact positional arithmetic consistency; representation-induced
EDIT_DISTANCE_1	SUB_s_TO_u_RIGHT_0	2	1	exact positional arithmetic consistency; representation-induced
EDIT_DISTANCE_1	SUB_s_TO_v_RIGHT_0	1	1	exact positional arithmetic consistency; representation-induced
EDIT_DISTANCE_1	SUB_s_TO_v_RIGHT_1	1	1	exact positional arithmetic consistency; representation-induced
EDIT_DISTANCE_1	SUB_s_TO_v_RIGHT_2	1	1	exact positional arithmetic consistency; representation-induced
EDIT_DISTANCE_1	SUB_s_TO_x_RIGHT_0	3	1	exact positional arithmetic consistency; representation-induced
EDIT_DISTANCE_1	SUB_s_TO_x_RIGHT_2	4	1	exact positional arithmetic consistency; representation-induced
EDIT_DISTANCE_1	SUB_s_TO_x_RIGHT_4	1	1	exact positional arithmetic consistency; representation-induced
EDIT_DISTANCE_1	SUB_s_TO_y_RIGHT_0	205	1	exact positional arithmetic consistency; representation-induced
EDIT_DISTANCE_1	SUB_s_TO_y_RIGHT_1	5	1	exact positional arithmetic consistency; representation-induced
EDIT_DISTANCE_1	SUB_s_TO_y_RIGHT_2	6	1	exact positional arithmetic consistency; representation-induced
EDIT_DISTANCE_1	SUB_s_TO_y_RIGHT_3	12	1	exact positional arithmetic consistency; representation-induced
EDIT_DISTANCE_1	SUB_s_TO_y_RIGHT_4	16	1	exact positional arithmetic consistency; representation-induced
EDIT_DISTANCE_1	SUB_s_TO_y_RIGHT_5	17	1	exact positional arithmetic consistency; representation-induced
EDIT_DISTANCE_1	SUB_s_TO_y_RIGHT_6	4	1	exact positional arithmetic consistency; representation-induced
EDIT_DISTANCE_1	SUB_s_TO_z_RIGHT_0	1	1	exact positional arithmetic consistency; representation-induced
EDIT_DISTANCE_1	SUB_s_TO_z_RIGHT_1	1	1	exact positional arithmetic consistency; representation-induced
EDIT_DISTANCE_1	SUB_s_TO_z_RIGHT_2	1	1	exact positional arithmetic consistency; representation-induced
EDIT_DISTANCE_1	SUB_t_TO_a_RIGHT_0	4	1	exact positional arithmetic consistency; representation-induced
EDIT_DISTANCE_1	SUB_t_TO_a_RIGHT_1	6	1	exact positional arithmetic consistency; representation-induced
EDIT_DISTANCE_1	SUB_t_TO_a_RIGHT_2	1	1	exact positional arithmetic consistency; representation-induced
EDIT_DISTANCE_1	SUB_t_TO_a_RIGHT_3	3	1	exact positional arithmetic consistency; representation-induced
EDIT_DISTANCE_1	SUB_t_TO_a_RIGHT_4	2	1	exact positional arithmetic consistency; representation-induced
EDIT_DISTANCE_1	SUB_t_TO_a_RIGHT_6	1	1	exact positional arithmetic consistency; representation-induced
EDIT_DISTANCE_1	SUB_t_TO_b_RIGHT_0	1	1	exact positional arithmetic consistency; representation-induced
EDIT_DISTANCE_1	SUB_t_TO_c_RIGHT_0	4	1	exact positional arithmetic consistency; representation-induced
EDIT_DISTANCE_1	SUB_t_TO_c_RIGHT_1	3	1	exact positional arithmetic consistency; representation-induced
EDIT_DISTANCE_1	SUB_t_TO_c_RIGHT_2	2	1	exact positional arithmetic consistency; representation-induced
EDIT_DISTANCE_1	SUB_t_TO_c_RIGHT_4	1	1	exact positional arithmetic consistency; representation-induced
EDIT_DISTANCE_1	SUB_t_TO_d_RIGHT_0	16	1	exact positional arithmetic consistency; representation-induced
EDIT_DISTANCE_1	SUB_t_TO_d_RIGHT_1	56	1	exact positional arithmetic consistency; representation-induced
EDIT_DISTANCE_1	SUB_t_TO_d_RIGHT_2	76	1	exact positional arithmetic consistency; representation-induced
EDIT_DISTANCE_1	SUB_t_TO_d_RIGHT_3	61	1	exact positional arithmetic consistency; representation-induced
EDIT_DISTANCE_1	SUB_t_TO_d_RIGHT_4	69	1	exact positional arithmetic consistency; representation-induced
EDIT_DISTANCE_1	SUB_t_TO_d_RIGHT_5	36	1	exact positional arithmetic consistency; representation-induced
EDIT_DISTANCE_1	SUB_t_TO_d_RIGHT_6	22	1	exact positional arithmetic consistency; representation-induced
EDIT_DISTANCE_1	SUB_t_TO_d_RIGHT_7	4	1	exact positional arithmetic consistency; representation-induced
EDIT_DISTANCE_1	SUB_t_TO_d_RIGHT_8	2	1	exact positional arithmetic consistency; representation-induced
EDIT_DISTANCE_1	SUB_t_TO_d_RIGHT_9	1	1	exact positional arithmetic consistency; representation-induced
EDIT_DISTANCE_1	SUB_t_TO_e_RIGHT_0	6	1	exact positional arithmetic consistency; representation-induced
EDIT_DISTANCE_1	SUB_t_TO_e_RIGHT_1	24	1	exact positional arithmetic consistency; representation-induced
EDIT_DISTANCE_1	SUB_t_TO_e_RIGHT_2	47	1	exact positional arithmetic consistency; representation-induced
EDIT_DISTANCE_1	SUB_t_TO_e_RIGHT_3	48	1	exact positional arithmetic consistency; representation-induced
EDIT_DISTANCE_1	SUB_t_TO_e_RIGHT_4	24	1	exact positional arithmetic consistency; representation-induced
EDIT_DISTANCE_1	SUB_t_TO_e_RIGHT_5	7	1	exact positional arithmetic consistency; representation-induced
EDIT_DISTANCE_1	SUB_t_TO_e_RIGHT_6	5	1	exact positional arithmetic consistency; representation-induced
EDIT_DISTANCE_1	SUB_t_TO_e_RIGHT_7	2	1	exact positional arithmetic consistency; representation-induced
EDIT_DISTANCE_1	SUB_t_TO_e_RIGHT_8	1	1	exact positional arithmetic consistency; representation-induced
EDIT_DISTANCE_1	SUB_t_TO_f_RIGHT_0	8	1	exact positional arithmetic consistency; representation-induced
EDIT_DISTANCE_1	SUB_t_TO_f_RIGHT_1	10	1	exact positional arithmetic consistency; representation-induced
EDIT_DISTANCE_1	SUB_t_TO_f_RIGHT_2	26	1	exact positional arithmetic consistency; representation-induced
EDIT_DISTANCE_1	SUB_t_TO_f_RIGHT_3	45	1	exact positional arithmetic consistency; representation-induced
EDIT_DISTANCE_1	SUB_t_TO_f_RIGHT_4	51	1	exact positional arithmetic consistency; representation-induced
EDIT_DISTANCE_1	SUB_t_TO_f_RIGHT_5	24	1	exact positional arithmetic consistency; representation-induced
EDIT_DISTANCE_1	SUB_t_TO_f_RIGHT_6	9	1	exact positional arithmetic consistency; representation-induced
EDIT_DISTANCE_1	SUB_t_TO_f_RIGHT_7	2	1	exact positional arithmetic consistency; representation-induced
EDIT_DISTANCE_1	SUB_t_TO_f_RIGHT_8	1	1	exact positional arithmetic consistency; representation-induced
EDIT_DISTANCE_1	SUB_t_TO_g_RIGHT_0	8	1	exact positional arithmetic consistency; representation-induced
EDIT_DISTANCE_1	SUB_t_TO_g_RIGHT_1	1	1	exact positional arithmetic consistency; representation-induced
EDIT_DISTANCE_1	SUB_t_TO_h_RIGHT_0	1	1	exact positional arithmetic consistency; representation-induced
EDIT_DISTANCE_1	SUB_t_TO_h_RIGHT_1	7	1	exact positional arithmetic consistency; representation-induced
EDIT_DISTANCE_1	SUB_t_TO_h_RIGHT_2	12	1	exact positional arithmetic consistency; representation-induced
EDIT_DISTANCE_1	SUB_t_TO_h_RIGHT_3	6	1	exact positional arithmetic consistency; representation-induced
EDIT_DISTANCE_1	SUB_t_TO_h_RIGHT_4	4	1	exact positional arithmetic consistency; representation-induced
EDIT_DISTANCE_1	SUB_t_TO_h_RIGHT_6	1	1	exact positional arithmetic consistency; representation-induced
EDIT_DISTANCE_1	SUB_t_TO_i_RIGHT_0	3	1	exact positional arithmetic consistency; representation-induced
EDIT_DISTANCE_1	SUB_t_TO_i_RIGHT_1	2	1	exact positional arithmetic consistency; representation-induced
EDIT_DISTANCE_1	SUB_t_TO_i_RIGHT_2	2	1	exact positional arithmetic consistency; representation-induced
EDIT_DISTANCE_1	SUB_t_TO_i_RIGHT_3	2	1	exact positional arithmetic consistency; representation-induced
EDIT_DISTANCE_1	SUB_t_TO_j_RIGHT_1	1	1	exact positional arithmetic consistency; representation-induced
EDIT_DISTANCE_1	SUB_t_TO_j_RIGHT_2	2	1	exact positional arithmetic consistency; representation-induced
EDIT_DISTANCE_1	SUB_t_TO_k_RIGHT_0	11	1	exact positional arithmetic consistency; representation-induced
EDIT_DISTANCE_1	SUB_t_TO_k_RIGHT_1	43	1	exact positional arithmetic consistency; representation-induced
EDIT_DISTANCE_1	SUB_t_TO_k_RIGHT_2	140	1	exact positional arithmetic consistency; representation-induced
EDIT_DISTANCE_1	SUB_t_TO_k_RIGHT_3	191	1	exact positional arithmetic consistency; representation-induced
EDIT_DISTANCE_1	SUB_t_TO_k_RIGHT_4	209	1	exact positional arithmetic consistency; representation-induced
EDIT_DISTANCE_1	SUB_t_TO_k_RIGHT_5	95	1	exact positional arithmetic consistency; representation-induced
EDIT_DISTANCE_1	SUB_t_TO_k_RIGHT_6	37	1	exact positional arithmetic consistency; representation-induced
EDIT_DISTANCE_1	SUB_t_TO_k_RIGHT_7	12	1	exact positional arithmetic consistency; representation-induced
EDIT_DISTANCE_1	SUB_t_TO_k_RIGHT_8	3	1	exact positional arithmetic consistency; representation-induced
EDIT_DISTANCE_1	SUB_t_TO_k_RIGHT_9	1	1	exact positional arithmetic consistency; representation-induced
EDIT_DISTANCE_1	SUB_t_TO_l_RIGHT_0	9	1	exact positional arithmetic consistency; representation-induced
EDIT_DISTANCE_1	SUB_t_TO_l_RIGHT_1	22	1	exact positional arithmetic consistency; representation-induced
EDIT_DISTANCE_1	SUB_t_TO_l_RIGHT_2	45	1	exact positional arithmetic consistency; representation-induced
EDIT_DISTANCE_1	SUB_t_TO_l_RIGHT_3	39	1	exact positional arithmetic consistency; representation-induced
EDIT_DISTANCE_1	SUB_t_TO_l_RIGHT_4	72	1	exact positional arithmetic consistency; representation-induced
EDIT_DISTANCE_1	SUB_t_TO_l_RIGHT_5	40	1	exact positional arithmetic consistency; representation-induced
EDIT_DISTANCE_1	SUB_t_TO_l_RIGHT_6	19	1	exact positional arithmetic consistency; representation-induced
EDIT_DISTANCE_1	SUB_t_TO_l_RIGHT_7	4	1	exact positional arithmetic consistency; representation-induced
EDIT_DISTANCE_1	SUB_t_TO_l_RIGHT_9	1	1	exact positional arithmetic consistency; representation-induced
EDIT_DISTANCE_1	SUB_t_TO_m_RIGHT_0	8	1	exact positional arithmetic consistency; representation-induced
EDIT_DISTANCE_1	SUB_t_TO_m_RIGHT_1	2	1	exact positional arithmetic consistency; representation-induced
EDIT_DISTANCE_1	SUB_t_TO_m_RIGHT_2	2	1	exact positional arithmetic consistency; representation-induced
EDIT_DISTANCE_1	SUB_t_TO_n_RIGHT_0	5	1	exact positional arithmetic consistency; representation-induced
EDIT_DISTANCE_1	SUB_t_TO_n_RIGHT_1	1	1	exact positional arithmetic consistency; representation-induced
EDIT_DISTANCE_1	SUB_t_TO_n_RIGHT_4	1	1	exact positional arithmetic consistency; representation-induced
EDIT_DISTANCE_1	SUB_t_TO_o_RIGHT_0	10	1	exact positional arithmetic consistency; representation-induced
EDIT_DISTANCE_1	SUB_t_TO_o_RIGHT_1	15	1	exact positional arithmetic consistency; representation-induced
EDIT_DISTANCE_1	SUB_t_TO_o_RIGHT_2	17	1	exact positional arithmetic consistency; representation-induced
EDIT_DISTANCE_1	SUB_t_TO_o_RIGHT_3	24	1	exact positional arithmetic consistency; representation-induced
EDIT_DISTANCE_1	SUB_t_TO_o_RIGHT_4	38	1	exact positional arithmetic consistency; representation-induced
EDIT_DISTANCE_1	SUB_t_TO_o_RIGHT_5	20	1	exact positional arithmetic consistency; representation-induced
EDIT_DISTANCE_1	SUB_t_TO_o_RIGHT_6	7	1	exact positional arithmetic consistency; representation-induced
EDIT_DISTANCE_1	SUB_t_TO_o_RIGHT_7	1	1	exact positional arithmetic consistency; representation-induced
EDIT_DISTANCE_1	SUB_t_TO_o_RIGHT_8	1	1	exact positional arithmetic consistency; representation-induced
EDIT_DISTANCE_1	SUB_t_TO_o_RIGHT_9	1	1	exact positional arithmetic consistency; representation-induced
EDIT_DISTANCE_1	SUB_t_TO_p_RIGHT_0	9	1	exact positional arithmetic consistency; representation-induced
EDIT_DISTANCE_1	SUB_t_TO_p_RIGHT_1	12	1	exact positional arithmetic consistency; representation-induced
EDIT_DISTANCE_1	SUB_t_TO_p_RIGHT_2	44	1	exact positional arithmetic consistency; representation-induced
EDIT_DISTANCE_1	SUB_t_TO_p_RIGHT_3	64	1	exact positional arithmetic consistency; representation-induced
EDIT_DISTANCE_1	SUB_t_TO_p_RIGHT_4	91	1	exact positional arithmetic consistency; representation-induced
EDIT_DISTANCE_1	SUB_t_TO_p_RIGHT_5	54	1	exact positional arithmetic consistency; representation-induced
EDIT_DISTANCE_1	SUB_t_TO_p_RIGHT_6	30	1	exact positional arithmetic consistency; representation-induced
EDIT_DISTANCE_1	SUB_t_TO_p_RIGHT_7	9	1	exact positional arithmetic consistency; representation-induced
EDIT_DISTANCE_1	SUB_t_TO_p_RIGHT_8	3	1	exact positional arithmetic consistency; representation-induced
EDIT_DISTANCE_1	SUB_t_TO_p_RIGHT_9	1	1	exact positional arithmetic consistency; representation-induced
EDIT_DISTANCE_1	SUB_t_TO_q_RIGHT_0	1	1	exact positional arithmetic consistency; representation-induced
EDIT_DISTANCE_1	SUB_t_TO_q_RIGHT_1	3	1	exact positional arithmetic consistency; representation-induced
EDIT_DISTANCE_1	SUB_t_TO_q_RIGHT_2	8	1	exact positional arithmetic consistency; representation-induced
EDIT_DISTANCE_1	SUB_t_TO_q_RIGHT_3	10	1	exact positional arithmetic consistency; representation-induced
EDIT_DISTANCE_1	SUB_t_TO_q_RIGHT_4	19	1	exact positional arithmetic consistency; representation-induced
EDIT_DISTANCE_1	SUB_t_TO_q_RIGHT_5	18	1	exact positional arithmetic consistency; representation-induced
EDIT_DISTANCE_1	SUB_t_TO_q_RIGHT_6	6	1	exact positional arithmetic consistency; representation-induced
EDIT_DISTANCE_1	SUB_t_TO_q_RIGHT_7	3	1	exact positional arithmetic consistency; representation-induced
EDIT_DISTANCE_1	SUB_t_TO_r_RIGHT_0	13	1	exact positional arithmetic consistency; representation-induced
EDIT_DISTANCE_1	SUB_t_TO_r_RIGHT_1	19	1	exact positional arithmetic consistency; representation-induced
EDIT_DISTANCE_1	SUB_t_TO_r_RIGHT_2	27	1	exact positional arithmetic consistency; representation-induced
EDIT_DISTANCE_1	SUB_t_TO_r_RIGHT_3	27	1	exact positional arithmetic consistency; representation-induced
EDIT_DISTANCE_1	SUB_t_TO_r_RIGHT_4	33	1	exact positional arithmetic consistency; representation-induced
EDIT_DISTANCE_1	SUB_t_TO_r_RIGHT_5	17	1	exact positional arithmetic consistency; representation-induced
EDIT_DISTANCE_1	SUB_t_TO_r_RIGHT_6	6	1	exact positional arithmetic consistency; representation-induced
EDIT_DISTANCE_1	SUB_t_TO_r_RIGHT_7	3	1	exact positional arithmetic consistency; representation-induced
EDIT_DISTANCE_1	SUB_t_TO_s_RIGHT_0	15	1	exact positional arithmetic consistency; representation-induced
EDIT_DISTANCE_1	SUB_t_TO_s_RIGHT_1	15	1	exact positional arithmetic consistency; representation-induced
EDIT_DISTANCE_1	SUB_t_TO_s_RIGHT_2	21	1	exact positional arithmetic consistency; representation-induced
EDIT_DISTANCE_1	SUB_t_TO_s_RIGHT_3	23	1	exact positional arithmetic consistency; representation-induced
EDIT_DISTANCE_1	SUB_t_TO_s_RIGHT_4	35	1	exact positional arithmetic consistency; representation-induced
EDIT_DISTANCE_1	SUB_t_TO_s_RIGHT_5	19	1	exact positional arithmetic consistency; representation-induced
EDIT_DISTANCE_1	SUB_t_TO_s_RIGHT_6	7	1	exact positional arithmetic consistency; representation-induced
EDIT_DISTANCE_1	SUB_t_TO_s_RIGHT_7	5	1	exact positional arithmetic consistency; representation-induced
EDIT_DISTANCE_1	SUB_t_TO_u_RIGHT_0	1	1	exact positional arithmetic consistency; representation-induced
EDIT_DISTANCE_1	SUB_t_TO_v_RIGHT_0	1	1	exact positional arithmetic consistency; representation-induced
EDIT_DISTANCE_1	SUB_t_TO_v_RIGHT_1	1	1	exact positional arithmetic consistency; representation-induced
EDIT_DISTANCE_1	SUB_t_TO_v_RIGHT_2	1	1	exact positional arithmetic consistency; representation-induced
EDIT_DISTANCE_1	SUB_t_TO_x_RIGHT_0	2	1	exact positional arithmetic consistency; representation-induced
EDIT_DISTANCE_1	SUB_t_TO_x_RIGHT_2	6	1	exact positional arithmetic consistency; representation-induced
EDIT_DISTANCE_1	SUB_t_TO_x_RIGHT_4	1	1	exact positional arithmetic consistency; representation-induced
EDIT_DISTANCE_1	SUB_t_TO_y_RIGHT_0	16	1	exact positional arithmetic consistency; representation-induced
EDIT_DISTANCE_1	SUB_t_TO_y_RIGHT_1	3	1	exact positional arithmetic consistency; representation-induced
EDIT_DISTANCE_1	SUB_t_TO_y_RIGHT_2	5	1	exact positional arithmetic consistency; representation-induced
EDIT_DISTANCE_1	SUB_t_TO_y_RIGHT_3	13	1	exact positional arithmetic consistency; representation-induced
EDIT_DISTANCE_1	SUB_t_TO_y_RIGHT_4	20	1	exact positional arithmetic consistency; representation-induced
EDIT_DISTANCE_1	SUB_t_TO_y_RIGHT_5	17	1	exact positional arithmetic consistency; representation-induced
EDIT_DISTANCE_1	SUB_t_TO_y_RIGHT_6	9	1	exact positional arithmetic consistency; representation-induced
EDIT_DISTANCE_1	SUB_t_TO_y_RIGHT_8	1	1	exact positional arithmetic consistency; representation-induced
EDIT_DISTANCE_1	SUB_t_TO_z_RIGHT_2	1	1	exact positional arithmetic consistency; representation-induced
EDIT_DISTANCE_1	SUB_u_TO_a_RIGHT_0	2	1	exact positional arithmetic consistency; representation-induced
EDIT_DISTANCE_1	SUB_u_TO_c_RIGHT_0	2	1	exact positional arithmetic consistency; representation-induced
EDIT_DISTANCE_1	SUB_u_TO_d_RIGHT_0	2	1	exact positional arithmetic consistency; representation-induced
EDIT_DISTANCE_1	SUB_u_TO_e_RIGHT_0	1	1	exact positional arithmetic consistency; representation-induced
EDIT_DISTANCE_1	SUB_u_TO_f_RIGHT_0	1	1	exact positional arithmetic consistency; representation-induced
EDIT_DISTANCE_1	SUB_u_TO_g_RIGHT_0	2	1	exact positional arithmetic consistency; representation-induced
EDIT_DISTANCE_1	SUB_u_TO_h_RIGHT_0	1	1	exact positional arithmetic consistency; representation-induced
EDIT_DISTANCE_1	SUB_u_TO_i_RIGHT_0	1	1	exact positional arithmetic consistency; representation-induced
EDIT_DISTANCE_1	SUB_u_TO_k_RIGHT_0	1	1	exact positional arithmetic consistency; representation-induced
EDIT_DISTANCE_1	SUB_u_TO_l_RIGHT_0	3	1	exact positional arithmetic consistency; representation-induced
EDIT_DISTANCE_1	SUB_u_TO_m_RIGHT_0	2	1	exact positional arithmetic consistency; representation-induced
EDIT_DISTANCE_1	SUB_u_TO_n_RIGHT_0	1	1	exact positional arithmetic consistency; representation-induced
EDIT_DISTANCE_1	SUB_u_TO_o_RIGHT_0	3	1	exact positional arithmetic consistency; representation-induced
EDIT_DISTANCE_1	SUB_u_TO_p_RIGHT_0	1	1	exact positional arithmetic consistency; representation-induced
EDIT_DISTANCE_1	SUB_u_TO_q_RIGHT_0	1	1	exact positional arithmetic consistency; representation-induced
EDIT_DISTANCE_1	SUB_u_TO_r_RIGHT_0	2	1	exact positional arithmetic consistency; representation-induced
EDIT_DISTANCE_1	SUB_u_TO_s_RIGHT_0	2	1	exact positional arithmetic consistency; representation-induced
EDIT_DISTANCE_1	SUB_u_TO_t_RIGHT_0	1	1	exact positional arithmetic consistency; representation-induced
EDIT_DISTANCE_1	SUB_u_TO_v_RIGHT_0	1	1	exact positional arithmetic consistency; representation-induced
EDIT_DISTANCE_1	SUB_u_TO_x_RIGHT_0	1	1	exact positional arithmetic consistency; representation-induced
EDIT_DISTANCE_1	SUB_u_TO_y_RIGHT_0	5	1	exact positional arithmetic consistency; representation-induced
EDIT_DISTANCE_1	SUB_v_TO_a_RIGHT_0	1	1	exact positional arithmetic consistency; representation-induced
EDIT_DISTANCE_1	SUB_v_TO_a_RIGHT_1	1	1	exact positional arithmetic consistency; representation-induced
EDIT_DISTANCE_1	SUB_v_TO_c_RIGHT_0	1	1	exact positional arithmetic consistency; representation-induced
EDIT_DISTANCE_1	SUB_v_TO_c_RIGHT_1	2	1	exact positional arithmetic consistency; representation-induced
EDIT_DISTANCE_1	SUB_v_TO_d_RIGHT_0	1	1	exact positional arithmetic consistency; representation-induced
EDIT_DISTANCE_1	SUB_v_TO_d_RIGHT_1	2	1	exact positional arithmetic consistency; representation-induced
EDIT_DISTANCE_1	SUB_v_TO_d_RIGHT_2	1	1	exact positional arithmetic consistency; representation-induced
EDIT_DISTANCE_1	SUB_v_TO_e_RIGHT_0	1	1	exact positional arithmetic consistency; representation-induced
EDIT_DISTANCE_1	SUB_v_TO_e_RIGHT_1	2	1	exact positional arithmetic consistency; representation-induced
EDIT_DISTANCE_1	SUB_v_TO_e_RIGHT_2	1	1	exact positional arithmetic consistency; representation-induced
EDIT_DISTANCE_1	SUB_v_TO_f_RIGHT_0	1	1	exact positional arithmetic consistency; representation-induced
EDIT_DISTANCE_1	SUB_v_TO_f_RIGHT_2	1	1	exact positional arithmetic consistency; representation-induced
EDIT_DISTANCE_1	SUB_v_TO_g_RIGHT_0	1	1	exact positional arithmetic consistency; representation-induced
EDIT_DISTANCE_1	SUB_v_TO_h_RIGHT_0	1	1	exact positional arithmetic consistency; representation-induced
EDIT_DISTANCE_1	SUB_v_TO_h_RIGHT_1	1	1	exact positional arithmetic consistency; representation-induced
EDIT_DISTANCE_1	SUB_v_TO_i_RIGHT_0	1	1	exact positional arithmetic consistency; representation-induced
EDIT_DISTANCE_1	SUB_v_TO_k_RIGHT_0	1	1	exact positional arithmetic consistency; representation-induced
EDIT_DISTANCE_1	SUB_v_TO_k_RIGHT_1	1	1	exact positional arithmetic consistency; representation-induced
EDIT_DISTANCE_1	SUB_v_TO_k_RIGHT_2	1	1	exact positional arithmetic consistency; representation-induced
EDIT_DISTANCE_1	SUB_v_TO_l_RIGHT_0	1	1	exact positional arithmetic consistency; representation-induced
EDIT_DISTANCE_1	SUB_v_TO_l_RIGHT_1	2	1	exact positional arithmetic consistency; representation-induced
EDIT_DISTANCE_1	SUB_v_TO_l_RIGHT_2	1	1	exact positional arithmetic consistency; representation-induced
EDIT_DISTANCE_1	SUB_v_TO_m_RIGHT_0	1	1	exact positional arithmetic consistency; representation-induced
EDIT_DISTANCE_1	SUB_v_TO_n_RIGHT_0	1	1	exact positional arithmetic consistency; representation-induced
EDIT_DISTANCE_1	SUB_v_TO_o_RIGHT_0	1	1	exact positional arithmetic consistency; representation-induced
EDIT_DISTANCE_1	SUB_v_TO_o_RIGHT_1	1	1	exact positional arithmetic consistency; representation-induced
EDIT_DISTANCE_1	SUB_v_TO_o_RIGHT_2	1	1	exact positional arithmetic consistency; representation-induced
EDIT_DISTANCE_1	SUB_v_TO_p_RIGHT_0	1	1	exact positional arithmetic consistency; representation-induced
EDIT_DISTANCE_1	SUB_v_TO_p_RIGHT_2	1	1	exact positional arithmetic consistency; representation-induced
EDIT_DISTANCE_1	SUB_v_TO_q_RIGHT_0	1	1	exact positional arithmetic consistency; representation-induced
EDIT_DISTANCE_1	SUB_v_TO_q_RIGHT_1	1	1	exact positional arithmetic consistency; representation-induced
EDIT_DISTANCE_1	SUB_v_TO_q_RIGHT_2	1	1	exact positional arithmetic consistency; representation-induced
EDIT_DISTANCE_1	SUB_v_TO_r_RIGHT_0	1	1	exact positional arithmetic consistency; representation-induced
EDIT_DISTANCE_1	SUB_v_TO_r_RIGHT_1	1	1	exact positional arithmetic consistency; representation-induced
EDIT_DISTANCE_1	SUB_v_TO_r_RIGHT_2	1	1	exact positional arithmetic consistency; representation-induced
EDIT_DISTANCE_1	SUB_v_TO_s_RIGHT_0	1	1	exact positional arithmetic consistency; representation-induced
EDIT_DISTANCE_1	SUB_v_TO_s_RIGHT_1	1	1	exact positional arithmetic consistency; representation-induced
EDIT_DISTANCE_1	SUB_v_TO_s_RIGHT_2	1	1	exact positional arithmetic consistency; representation-induced
EDIT_DISTANCE_1	SUB_v_TO_t_RIGHT_0	1	1	exact positional arithmetic consistency; representation-induced
EDIT_DISTANCE_1	SUB_v_TO_t_RIGHT_1	1	1	exact positional arithmetic consistency; representation-induced
EDIT_DISTANCE_1	SUB_v_TO_t_RIGHT_2	1	1	exact positional arithmetic consistency; representation-induced
EDIT_DISTANCE_1	SUB_v_TO_u_RIGHT_0	1	1	exact positional arithmetic consistency; representation-induced
EDIT_DISTANCE_1	SUB_v_TO_x_RIGHT_0	1	1	exact positional arithmetic consistency; representation-induced
EDIT_DISTANCE_1	SUB_v_TO_x_RIGHT_2	1	1	exact positional arithmetic consistency; representation-induced
EDIT_DISTANCE_1	SUB_v_TO_y_RIGHT_0	1	1	exact positional arithmetic consistency; representation-induced
EDIT_DISTANCE_1	SUB_v_TO_y_RIGHT_1	2	1	exact positional arithmetic consistency; representation-induced
EDIT_DISTANCE_1	SUB_v_TO_y_RIGHT_2	1	1	exact positional arithmetic consistency; representation-induced
EDIT_DISTANCE_1	SUB_x_TO_a_RIGHT_0	3	1	exact positional arithmetic consistency; representation-induced
EDIT_DISTANCE_1	SUB_x_TO_a_RIGHT_2	1	1	exact positional arithmetic consistency; representation-induced
EDIT_DISTANCE_1	SUB_x_TO_a_RIGHT_3	1	1	exact positional arithmetic consistency; representation-induced
EDIT_DISTANCE_1	SUB_x_TO_c_RIGHT_0	3	1	exact positional arithmetic consistency; representation-induced
EDIT_DISTANCE_1	SUB_x_TO_c_RIGHT_2	1	1	exact positional arithmetic consistency; representation-induced
EDIT_DISTANCE_1	SUB_x_TO_d_RIGHT_0	4	1	exact positional arithmetic consistency; representation-induced
EDIT_DISTANCE_1	SUB_x_TO_d_RIGHT_1	2	1	exact positional arithmetic consistency; representation-induced
EDIT_DISTANCE_1	SUB_x_TO_d_RIGHT_2	7	1	exact positional arithmetic consistency; representation-induced
EDIT_DISTANCE_1	SUB_x_TO_d_RIGHT_4	1	1	exact positional arithmetic consistency; representation-induced
EDIT_DISTANCE_1	SUB_x_TO_d_RIGHT_6	1	1	exact positional arithmetic consistency; representation-induced
EDIT_DISTANCE_1	SUB_x_TO_e_RIGHT_0	3	1	exact positional arithmetic consistency; representation-induced
EDIT_DISTANCE_1	SUB_x_TO_e_RIGHT_2	6	1	exact positional arithmetic consistency; representation-induced
EDIT_DISTANCE_1	SUB_x_TO_e_RIGHT_4	1	1	exact positional arithmetic consistency; representation-induced
EDIT_DISTANCE_1	SUB_x_TO_f_RIGHT_0	2	1	exact positional arithmetic consistency; representation-induced
EDIT_DISTANCE_1	SUB_x_TO_f_RIGHT_1	1	1	exact positional arithmetic consistency; representation-induced
EDIT_DISTANCE_1	SUB_x_TO_f_RIGHT_2	4	1	exact positional arithmetic consistency; representation-induced
EDIT_DISTANCE_1	SUB_x_TO_g_RIGHT_0	2	1	exact positional arithmetic consistency; representation-induced
EDIT_DISTANCE_1	SUB_x_TO_h_RIGHT_0	1	1	exact positional arithmetic consistency; representation-induced
EDIT_DISTANCE_1	SUB_x_TO_h_RIGHT_2	2	1	exact positional arithmetic consistency; representation-induced
EDIT_DISTANCE_1	SUB_x_TO_i_RIGHT_0	2	1	exact positional arithmetic consistency; representation-induced
EDIT_DISTANCE_1	SUB_x_TO_k_RIGHT_0	2	1	exact positional arithmetic consistency; representation-induced
EDIT_DISTANCE_1	SUB_x_TO_k_RIGHT_1	1	1	exact positional arithmetic consistency; representation-induced
EDIT_DISTANCE_1	SUB_x_TO_k_RIGHT_2	7	1	exact positional arithmetic consistency; representation-induced
EDIT_DISTANCE_1	SUB_x_TO_k_RIGHT_4	1	1	exact positional arithmetic consistency; representation-induced
EDIT_DISTANCE_1	SUB_x_TO_l_RIGHT_0	4	1	exact positional arithmetic consistency; representation-induced
EDIT_DISTANCE_1	SUB_x_TO_l_RIGHT_2	8	1	exact positional arithmetic consistency; representation-induced
EDIT_DISTANCE_1	SUB_x_TO_l_RIGHT_3	1	1	exact positional arithmetic consistency; representation-induced
EDIT_DISTANCE_1	SUB_x_TO_l_RIGHT_4	1	1	exact positional arithmetic consistency; representation-induced
EDIT_DISTANCE_1	SUB_x_TO_m_RIGHT_0	2	1	exact positional arithmetic consistency; representation-induced
EDIT_DISTANCE_1	SUB_x_TO_m_RIGHT_2	1	1	exact positional arithmetic consistency; representation-induced
EDIT_DISTANCE_1	SUB_x_TO_n_RIGHT_0	2	1	exact positional arithmetic consistency; representation-induced
EDIT_DISTANCE_1	SUB_x_TO_o_RIGHT_0	4	1	exact positional arithmetic consistency; representation-induced
EDIT_DISTANCE_1	SUB_x_TO_o_RIGHT_2	3	1	exact positional arithmetic consistency; representation-induced
EDIT_DISTANCE_1	SUB_x_TO_o_RIGHT_3	1	1	exact positional arithmetic consistency; representation-induced
EDIT_DISTANCE_1	SUB_x_TO_p_RIGHT_0	2	1	exact positional arithmetic consistency; representation-induced
EDIT_DISTANCE_1	SUB_x_TO_p_RIGHT_2	5	1	exact positional arithmetic consistency; representation-induced
EDIT_DISTANCE_1	SUB_x_TO_p_RIGHT_3	1	1	exact positional arithmetic consistency; representation-induced
EDIT_DISTANCE_1	SUB_x_TO_p_RIGHT_4	1	1	exact positional arithmetic consistency; representation-induced
EDIT_DISTANCE_1	SUB_x_TO_q_RIGHT_0	1	1	exact positional arithmetic consistency; representation-induced
EDIT_DISTANCE_1	SUB_x_TO_q_RIGHT_2	3	1	exact positional arithmetic consistency; representation-induced
EDIT_DISTANCE_1	SUB_x_TO_q_RIGHT_4	1	1	exact positional arithmetic consistency; representation-induced
EDIT_DISTANCE_1	SUB_x_TO_q_RIGHT_6	2	1	exact positional arithmetic consistency; representation-induced
EDIT_DISTANCE_1	SUB_x_TO_r_RIGHT_0	3	1	exact positional arithmetic consistency; representation-induced
EDIT_DISTANCE_1	SUB_x_TO_r_RIGHT_2	6	1	exact positional arithmetic consistency; representation-induced
EDIT_DISTANCE_1	SUB_x_TO_r_RIGHT_4	1	1	exact positional arithmetic consistency; representation-induced
EDIT_DISTANCE_1	SUB_x_TO_s_RIGHT_0	3	1	exact positional arithmetic consistency; representation-induced
EDIT_DISTANCE_1	SUB_x_TO_s_RIGHT_2	4	1	exact positional arithmetic consistency; representation-induced
EDIT_DISTANCE_1	SUB_x_TO_s_RIGHT_4	1	1	exact positional arithmetic consistency; representation-induced
EDIT_DISTANCE_1	SUB_x_TO_t_RIGHT_0	2	1	exact positional arithmetic consistency; representation-induced
EDIT_DISTANCE_1	SUB_x_TO_t_RIGHT_2	6	1	exact positional arithmetic consistency; representation-induced
EDIT_DISTANCE_1	SUB_x_TO_t_RIGHT_4	1	1	exact positional arithmetic consistency; representation-induced
EDIT_DISTANCE_1	SUB_x_TO_u_RIGHT_0	1	1	exact positional arithmetic consistency; representation-induced
EDIT_DISTANCE_1	SUB_x_TO_v_RIGHT_0	1	1	exact positional arithmetic consistency; representation-induced
EDIT_DISTANCE_1	SUB_x_TO_v_RIGHT_2	1	1	exact positional arithmetic consistency; representation-induced
EDIT_DISTANCE_1	SUB_x_TO_y_RIGHT_0	5	1	exact positional arithmetic consistency; representation-induced
EDIT_DISTANCE_1	SUB_x_TO_y_RIGHT_2	3	1	exact positional arithmetic consistency; representation-induced
EDIT_DISTANCE_1	SUB_x_TO_y_RIGHT_3	1	1	exact positional arithmetic consistency; representation-induced
EDIT_DISTANCE_1	SUB_x_TO_y_RIGHT_4	1	1	exact positional arithmetic consistency; representation-induced
EDIT_DISTANCE_1	SUB_x_TO_z_RIGHT_2	1	1	exact positional arithmetic consistency; representation-induced
EDIT_DISTANCE_1	SUB_y_TO_a_RIGHT_0	55	1	exact positional arithmetic consistency; representation-induced
EDIT_DISTANCE_1	SUB_y_TO_a_RIGHT_1	27	1	exact positional arithmetic consistency; representation-induced
EDIT_DISTANCE_1	SUB_y_TO_a_RIGHT_2	16	1	exact positional arithmetic consistency; representation-induced
EDIT_DISTANCE_1	SUB_y_TO_a_RIGHT_3	14	1	exact positional arithmetic consistency; representation-induced
EDIT_DISTANCE_1	SUB_y_TO_a_RIGHT_4	9	1	exact positional arithmetic consistency; representation-induced
EDIT_DISTANCE_1	SUB_y_TO_a_RIGHT_5	6	1	exact positional arithmetic consistency; representation-induced
EDIT_DISTANCE_1	SUB_y_TO_a_RIGHT_6	3	1	exact positional arithmetic consistency; representation-induced
EDIT_DISTANCE_1	SUB_y_TO_b_RIGHT_0	12	1	exact positional arithmetic consistency; representation-induced
EDIT_DISTANCE_1	SUB_y_TO_c_RIGHT_0	12	1	exact positional arithmetic consistency; representation-induced
EDIT_DISTANCE_1	SUB_y_TO_c_RIGHT_1	6	1	exact positional arithmetic consistency; representation-induced
EDIT_DISTANCE_1	SUB_y_TO_c_RIGHT_2	8	1	exact positional arithmetic consistency; representation-induced
EDIT_DISTANCE_1	SUB_y_TO_c_RIGHT_3	7	1	exact positional arithmetic consistency; representation-induced
EDIT_DISTANCE_1	SUB_y_TO_c_RIGHT_4	10	1	exact positional arithmetic consistency; representation-induced
EDIT_DISTANCE_1	SUB_y_TO_c_RIGHT_5	7	1	exact positional arithmetic consistency; representation-induced
EDIT_DISTANCE_1	SUB_y_TO_c_RIGHT_7	1	1	exact positional arithmetic consistency; representation-induced
EDIT_DISTANCE_1	SUB_y_TO_d_RIGHT_0	166	1	exact positional arithmetic consistency; representation-induced
EDIT_DISTANCE_1	SUB_y_TO_d_RIGHT_1	9	1	exact positional arithmetic consistency; representation-induced
EDIT_DISTANCE_1	SUB_y_TO_d_RIGHT_2	12	1	exact positional arithmetic consistency; representation-induced
EDIT_DISTANCE_1	SUB_y_TO_d_RIGHT_3	17	1	exact positional arithmetic consistency; representation-induced
EDIT_DISTANCE_1	SUB_y_TO_d_RIGHT_4	28	1	exact positional arithmetic consistency; representation-induced
EDIT_DISTANCE_1	SUB_y_TO_d_RIGHT_5	24	1	exact positional arithmetic consistency; representation-induced
EDIT_DISTANCE_1	SUB_y_TO_d_RIGHT_6	13	1	exact positional arithmetic consistency; representation-induced
EDIT_DISTANCE_1	SUB_y_TO_d_RIGHT_7	2	1	exact positional arithmetic consistency; representation-induced
EDIT_DISTANCE_1	SUB_y_TO_d_RIGHT_8	3	1	exact positional arithmetic consistency; representation-induced
EDIT_DISTANCE_1	SUB_y_TO_e_RIGHT_0	47	1	exact positional arithmetic consistency; representation-induced
EDIT_DISTANCE_1	SUB_y_TO_e_RIGHT_1	23	1	exact positional arithmetic consistency; representation-induced
EDIT_DISTANCE_1	SUB_y_TO_e_RIGHT_2	34	1	exact positional arithmetic consistency; representation-induced
EDIT_DISTANCE_1	SUB_y_TO_e_RIGHT_3	13	1	exact positional arithmetic consistency; representation-induced
EDIT_DISTANCE_1	SUB_y_TO_e_RIGHT_4	17	1	exact positional arithmetic consistency; representation-induced
EDIT_DISTANCE_1	SUB_y_TO_e_RIGHT_5	16	1	exact positional arithmetic consistency; representation-induced
EDIT_DISTANCE_1	SUB_y_TO_e_RIGHT_6	4	1	exact positional arithmetic consistency; representation-induced
EDIT_DISTANCE_1	SUB_y_TO_f_RIGHT_0	12	1	exact positional arithmetic consistency; representation-induced
EDIT_DISTANCE_1	SUB_y_TO_f_RIGHT_1	1	1	exact positional arithmetic consistency; representation-induced
EDIT_DISTANCE_1	SUB_y_TO_f_RIGHT_2	3	1	exact positional arithmetic consistency; representation-induced
EDIT_DISTANCE_1	SUB_y_TO_f_RIGHT_3	3	1	exact positional arithmetic consistency; representation-induced
EDIT_DISTANCE_1	SUB_y_TO_f_RIGHT_4	12	1	exact positional arithmetic consistency; representation-induced
EDIT_DISTANCE_1	SUB_y_TO_f_RIGHT_5	7	1	exact positional arithmetic consistency; representation-induced
EDIT_DISTANCE_1	SUB_y_TO_f_RIGHT_6	1	1	exact positional arithmetic consistency; representation-induced
EDIT_DISTANCE_1	SUB_y_TO_f_RIGHT_7	1	1	exact positional arithmetic consistency; representation-induced
EDIT_DISTANCE_1	SUB_y_TO_g_RIGHT_0	61	1	exact positional arithmetic consistency; representation-induced
EDIT_DISTANCE_1	SUB_y_TO_h_RIGHT_0	13	1	exact positional arithmetic consistency; representation-induced
EDIT_DISTANCE_1	SUB_y_TO_h_RIGHT_1	3	1	exact positional arithmetic consistency; representation-induced
EDIT_DISTANCE_1	SUB_y_TO_h_RIGHT_2	7	1	exact positional arithmetic consistency; representation-induced
EDIT_DISTANCE_1	SUB_y_TO_h_RIGHT_3	2	1	exact positional arithmetic consistency; representation-induced
EDIT_DISTANCE_1	SUB_y_TO_h_RIGHT_4	1	1	exact positional arithmetic consistency; representation-induced
EDIT_DISTANCE_1	SUB_y_TO_h_RIGHT_5	1	1	exact positional arithmetic consistency; representation-induced
EDIT_DISTANCE_1	SUB_y_TO_i_RIGHT_0	9	1	exact positional arithmetic consistency; representation-induced
EDIT_DISTANCE_1	SUB_y_TO_i_RIGHT_1	2	1	exact positional arithmetic consistency; representation-induced
EDIT_DISTANCE_1	SUB_y_TO_i_RIGHT_4	2	1	exact positional arithmetic consistency; representation-induced
EDIT_DISTANCE_1	SUB_y_TO_k_RIGHT_0	17	1	exact positional arithmetic consistency; representation-induced
EDIT_DISTANCE_1	SUB_y_TO_k_RIGHT_1	5	1	exact positional arithmetic consistency; representation-induced
EDIT_DISTANCE_1	SUB_y_TO_k_RIGHT_2	6	1	exact positional arithmetic consistency; representation-induced
EDIT_DISTANCE_1	SUB_y_TO_k_RIGHT_3	10	1	exact positional arithmetic consistency; representation-induced
EDIT_DISTANCE_1	SUB_y_TO_k_RIGHT_4	24	1	exact positional arithmetic consistency; representation-induced
EDIT_DISTANCE_1	SUB_y_TO_k_RIGHT_5	12	1	exact positional arithmetic consistency; representation-induced
EDIT_DISTANCE_1	SUB_y_TO_k_RIGHT_6	8	1	exact positional arithmetic consistency; representation-induced
EDIT_DISTANCE_1	SUB_y_TO_k_RIGHT_7	1	1	exact positional arithmetic consistency; representation-induced
EDIT_DISTANCE_1	SUB_y_TO_l_RIGHT_0	103	1	exact positional arithmetic consistency; representation-induced
EDIT_DISTANCE_1	SUB_y_TO_l_RIGHT_1	8	1	exact positional arithmetic consistency; representation-induced
EDIT_DISTANCE_1	SUB_y_TO_l_RIGHT_2	12	1	exact positional arithmetic consistency; representation-induced
EDIT_DISTANCE_1	SUB_y_TO_l_RIGHT_3	27	1	exact positional arithmetic consistency; representation-induced
EDIT_DISTANCE_1	SUB_y_TO_l_RIGHT_4	45	1	exact positional arithmetic consistency; representation-induced
EDIT_DISTANCE_1	SUB_y_TO_l_RIGHT_5	44	1	exact positional arithmetic consistency; representation-induced
EDIT_DISTANCE_1	SUB_y_TO_l_RIGHT_6	19	1	exact positional arithmetic consistency; representation-induced
EDIT_DISTANCE_1	SUB_y_TO_l_RIGHT_7	4	1	exact positional arithmetic consistency; representation-induced
EDIT_DISTANCE_1	SUB_y_TO_l_RIGHT_8	3	1	exact positional arithmetic consistency; representation-induced
EDIT_DISTANCE_1	SUB_y_TO_m_RIGHT_0	41	1	exact positional arithmetic consistency; representation-induced
EDIT_DISTANCE_1	SUB_y_TO_m_RIGHT_2	1	1	exact positional arithmetic consistency; representation-induced
EDIT_DISTANCE_1	SUB_y_TO_n_RIGHT_0	17	1	exact positional arithmetic consistency; representation-induced
EDIT_DISTANCE_1	SUB_y_TO_o_RIGHT_0	216	1	exact positional arithmetic consistency; representation-induced
EDIT_DISTANCE_1	SUB_y_TO_o_RIGHT_1	46	1	exact positional arithmetic consistency; representation-induced
EDIT_DISTANCE_1	SUB_y_TO_o_RIGHT_2	44	1	exact positional arithmetic consistency; representation-induced
EDIT_DISTANCE_1	SUB_y_TO_o_RIGHT_3	56	1	exact positional arithmetic consistency; representation-induced
EDIT_DISTANCE_1	SUB_y_TO_o_RIGHT_4	95	1	exact positional arithmetic consistency; representation-induced
EDIT_DISTANCE_1	SUB_y_TO_o_RIGHT_5	91	1	exact positional arithmetic consistency; representation-induced
EDIT_DISTANCE_1	SUB_y_TO_o_RIGHT_6	48	1	exact positional arithmetic consistency; representation-induced
EDIT_DISTANCE_1	SUB_y_TO_o_RIGHT_7	19	1	exact positional arithmetic consistency; representation-induced
EDIT_DISTANCE_1	SUB_y_TO_o_RIGHT_8	4	1	exact positional arithmetic consistency; representation-induced
EDIT_DISTANCE_1	SUB_y_TO_o_RIGHT_9	1	1	exact positional arithmetic consistency; representation-induced
EDIT_DISTANCE_1	SUB_y_TO_p_RIGHT_0	13	1	exact positional arithmetic consistency; representation-induced
EDIT_DISTANCE_1	SUB_y_TO_p_RIGHT_1	1	1	exact positional arithmetic consistency; representation-induced
EDIT_DISTANCE_1	SUB_y_TO_p_RIGHT_2	5	1	exact positional arithmetic consistency; representation-induced
EDIT_DISTANCE_1	SUB_y_TO_p_RIGHT_3	9	1	exact positional arithmetic consistency; representation-induced
EDIT_DISTANCE_1	SUB_y_TO_p_RIGHT_4	17	1	exact positional arithmetic consistency; representation-induced
EDIT_DISTANCE_1	SUB_y_TO_p_RIGHT_5	17	1	exact positional arithmetic consistency; representation-induced
EDIT_DISTANCE_1	SUB_y_TO_p_RIGHT_6	8	1	exact positional arithmetic consistency; representation-induced
EDIT_DISTANCE_1	SUB_y_TO_p_RIGHT_7	3	1	exact positional arithmetic consistency; representation-induced
EDIT_DISTANCE_1	SUB_y_TO_p_RIGHT_8	4	1	exact positional arithmetic consistency; representation-induced
EDIT_DISTANCE_1	SUB_y_TO_q_RIGHT_0	1	1	exact positional arithmetic consistency; representation-induced
EDIT_DISTANCE_1	SUB_y_TO_q_RIGHT_1	2	1	exact positional arithmetic consistency; representation-induced
EDIT_DISTANCE_1	SUB_y_TO_q_RIGHT_2	5	1	exact positional arithmetic consistency; representation-induced
EDIT_DISTANCE_1	SUB_y_TO_q_RIGHT_3	7	1	exact positional arithmetic consistency; representation-induced
EDIT_DISTANCE_1	SUB_y_TO_q_RIGHT_4	12	1	exact positional arithmetic consistency; representation-induced
EDIT_DISTANCE_1	SUB_y_TO_q_RIGHT_5	9	1	exact positional arithmetic consistency; representation-induced
EDIT_DISTANCE_1	SUB_y_TO_q_RIGHT_6	7	1	exact positional arithmetic consistency; representation-induced
EDIT_DISTANCE_1	SUB_y_TO_r_RIGHT_0	79	1	exact positional arithmetic consistency; representation-induced
EDIT_DISTANCE_1	SUB_y_TO_r_RIGHT_1	3	1	exact positional arithmetic consistency; representation-induced
EDIT_DISTANCE_1	SUB_y_TO_r_RIGHT_2	5	1	exact positional arithmetic consistency; representation-induced
EDIT_DISTANCE_1	SUB_y_TO_r_RIGHT_3	9	1	exact positional arithmetic consistency; representation-induced
EDIT_DISTANCE_1	SUB_y_TO_r_RIGHT_4	16	1	exact positional arithmetic consistency; representation-induced
EDIT_DISTANCE_1	SUB_y_TO_r_RIGHT_5	9	1	exact positional arithmetic consistency; representation-induced
EDIT_DISTANCE_1	SUB_y_TO_r_RIGHT_6	4	1	exact positional arithmetic consistency; representation-induced
EDIT_DISTANCE_1	SUB_y_TO_s_RIGHT_0	205	1	exact positional arithmetic consistency; representation-induced
EDIT_DISTANCE_1	SUB_y_TO_s_RIGHT_1	5	1	exact positional arithmetic consistency; representation-induced
EDIT_DISTANCE_1	SUB_y_TO_s_RIGHT_2	6	1	exact positional arithmetic consistency; representation-induced
EDIT_DISTANCE_1	SUB_y_TO_s_RIGHT_3	12	1	exact positional arithmetic consistency; representation-induced
EDIT_DISTANCE_1	SUB_y_TO_s_RIGHT_4	16	1	exact positional arithmetic consistency; representation-induced
EDIT_DISTANCE_1	SUB_y_TO_s_RIGHT_5	17	1	exact positional arithmetic consistency; representation-induced
EDIT_DISTANCE_1	SUB_y_TO_s_RIGHT_6	4	1	exact positional arithmetic consistency; representation-induced
EDIT_DISTANCE_1	SUB_y_TO_t_RIGHT_0	16	1	exact positional arithmetic consistency; representation-induced
EDIT_DISTANCE_1	SUB_y_TO_t_RIGHT_1	3	1	exact positional arithmetic consistency; representation-induced
EDIT_DISTANCE_1	SUB_y_TO_t_RIGHT_2	5	1	exact positional arithmetic consistency; representation-induced
EDIT_DISTANCE_1	SUB_y_TO_t_RIGHT_3	13	1	exact positional arithmetic consistency; representation-induced
EDIT_DISTANCE_1	SUB_y_TO_t_RIGHT_4	20	1	exact positional arithmetic consistency; representation-induced
EDIT_DISTANCE_1	SUB_y_TO_t_RIGHT_5	17	1	exact positional arithmetic consistency; representation-induced
EDIT_DISTANCE_1	SUB_y_TO_t_RIGHT_6	9	1	exact positional arithmetic consistency; representation-induced
EDIT_DISTANCE_1	SUB_y_TO_t_RIGHT_8	1	1	exact positional arithmetic consistency; representation-induced
EDIT_DISTANCE_1	SUB_y_TO_u_RIGHT_0	5	1	exact positional arithmetic consistency; representation-induced
EDIT_DISTANCE_1	SUB_y_TO_v_RIGHT_0	1	1	exact positional arithmetic consistency; representation-induced
EDIT_DISTANCE_1	SUB_y_TO_v_RIGHT_1	2	1	exact positional arithmetic consistency; representation-induced
EDIT_DISTANCE_1	SUB_y_TO_v_RIGHT_2	1	1	exact positional arithmetic consistency; representation-induced
EDIT_DISTANCE_1	SUB_y_TO_x_RIGHT_0	5	1	exact positional arithmetic consistency; representation-induced
EDIT_DISTANCE_1	SUB_y_TO_x_RIGHT_2	3	1	exact positional arithmetic consistency; representation-induced
EDIT_DISTANCE_1	SUB_y_TO_x_RIGHT_3	1	1	exact positional arithmetic consistency; representation-induced
EDIT_DISTANCE_1	SUB_y_TO_x_RIGHT_4	1	1	exact positional arithmetic consistency; representation-induced
EDIT_DISTANCE_1	SUB_y_TO_z_RIGHT_0	1	1	exact positional arithmetic consistency; representation-induced
EDIT_DISTANCE_1	SUB_y_TO_z_RIGHT_2	1	1	exact positional arithmetic consistency; representation-induced
EDIT_DISTANCE_1	SUB_z_TO_a_RIGHT_1	1	1	exact positional arithmetic consistency; representation-induced
EDIT_DISTANCE_1	SUB_z_TO_c_RIGHT_0	1	1	exact positional arithmetic consistency; representation-induced
EDIT_DISTANCE_1	SUB_z_TO_d_RIGHT_0	1	1	exact positional arithmetic consistency; representation-induced
EDIT_DISTANCE_1	SUB_z_TO_d_RIGHT_1	1	1	exact positional arithmetic consistency; representation-induced
EDIT_DISTANCE_1	SUB_z_TO_d_RIGHT_2	1	1	exact positional arithmetic consistency; representation-induced
EDIT_DISTANCE_1	SUB_z_TO_e_RIGHT_1	1	1	exact positional arithmetic consistency; representation-induced
EDIT_DISTANCE_1	SUB_z_TO_e_RIGHT_2	1	1	exact positional arithmetic consistency; representation-induced
EDIT_DISTANCE_1	SUB_z_TO_f_RIGHT_2	1	1	exact positional arithmetic consistency; representation-induced
EDIT_DISTANCE_1	SUB_z_TO_h_RIGHT_1	1	1	exact positional arithmetic consistency; representation-induced
EDIT_DISTANCE_1	SUB_z_TO_h_RIGHT_2	1	1	exact positional arithmetic consistency; representation-induced
EDIT_DISTANCE_1	SUB_z_TO_i_RIGHT_1	1	1	exact positional arithmetic consistency; representation-induced
EDIT_DISTANCE_1	SUB_z_TO_k_RIGHT_0	1	1	exact positional arithmetic consistency; representation-induced
EDIT_DISTANCE_1	SUB_z_TO_k_RIGHT_2	1	1	exact positional arithmetic consistency; representation-induced
EDIT_DISTANCE_1	SUB_z_TO_l_RIGHT_0	1	1	exact positional arithmetic consistency; representation-induced
EDIT_DISTANCE_1	SUB_z_TO_l_RIGHT_1	3	1	exact positional arithmetic consistency; representation-induced
EDIT_DISTANCE_1	SUB_z_TO_l_RIGHT_2	1	1	exact positional arithmetic consistency; representation-induced
EDIT_DISTANCE_1	SUB_z_TO_m_RIGHT_1	1	1	exact positional arithmetic consistency; representation-induced
EDIT_DISTANCE_1	SUB_z_TO_o_RIGHT_0	1	1	exact positional arithmetic consistency; representation-induced
EDIT_DISTANCE_1	SUB_z_TO_o_RIGHT_1	1	1	exact positional arithmetic consistency; representation-induced
EDIT_DISTANCE_1	SUB_z_TO_o_RIGHT_2	1	1	exact positional arithmetic consistency; representation-induced
EDIT_DISTANCE_1	SUB_z_TO_p_RIGHT_2	1	1	exact positional arithmetic consistency; representation-induced
EDIT_DISTANCE_1	SUB_z_TO_q_RIGHT_2	1	1	exact positional arithmetic consistency; representation-induced
EDIT_DISTANCE_1	SUB_z_TO_r_RIGHT_0	1	1	exact positional arithmetic consistency; representation-induced
EDIT_DISTANCE_1	SUB_z_TO_r_RIGHT_1	2	1	exact positional arithmetic consistency; representation-induced
EDIT_DISTANCE_1	SUB_z_TO_r_RIGHT_2	1	1	exact positional arithmetic consistency; representation-induced
EDIT_DISTANCE_1	SUB_z_TO_s_RIGHT_0	1	1	exact positional arithmetic consistency; representation-induced
EDIT_DISTANCE_1	SUB_z_TO_s_RIGHT_1	1	1	exact positional arithmetic consistency; representation-induced
EDIT_DISTANCE_1	SUB_z_TO_s_RIGHT_2	1	1	exact positional arithmetic consistency; representation-induced
EDIT_DISTANCE_1	SUB_z_TO_t_RIGHT_2	1	1	exact positional arithmetic consistency; representation-induced
EDIT_DISTANCE_1	SUB_z_TO_x_RIGHT_2	1	1	exact positional arithmetic consistency; representation-induced
EDIT_DISTANCE_1	SUB_z_TO_y_RIGHT_0	1	1	exact positional arithmetic consistency; representation-induced
EDIT_DISTANCE_1	SUB_z_TO_y_RIGHT_2	1	1	exact positional arithmetic consistency; representation-induced
