candidate	corpus	error_channel	error_rate	replicates	sequence_recovery	exact_message_recovery	E90	E50	E10	censored
M0_IDENTITY	Doyle	GLYPH_SUBSTITUTION	0.0000	100	1.000000	1.000000	NOT_REACHED	NOT_REACHED	NOT_REACHED	no
M0_IDENTITY	Doyle	GLYPH_SUBSTITUTION	0.0010	100	0.982000	0.982000	NOT_REACHED	NOT_REACHED	NOT_REACHED	no
M0_IDENTITY	Doyle	GLYPH_SUBSTITUTION	0.0025	100	0.955000	0.955000	NOT_REACHED	NOT_REACHED	NOT_REACHED	no
M0_IDENTITY	Doyle	GLYPH_SUBSTITUTION	0.0050	100	0.910000	0.910000	NOT_REACHED	NOT_REACHED	NOT_REACHED	no
M0_IDENTITY	Doyle	GLYPH_SUBSTITUTION	0.0100	100	0.820000	0.820000	FIRST_TESTED	NOT_REACHED	NOT_REACHED	no
M0_IDENTITY	Doyle	GLYPH_SUBSTITUTION	0.0200	100	0.640000	0.640000	FIRST_TESTED	NOT_REACHED	NOT_REACHED	no
M0_IDENTITY	Doyle	GLYPH_SUBSTITUTION	0.0500	100	0.100000	0.100000	FIRST_TESTED	FIRST_TESTED	FIRST_TESTED	no
M0_IDENTITY	Doyle	GLYPH_DELETION	0.0000	100	1.000000	1.000000	NOT_REACHED	NOT_REACHED	NOT_REACHED	no
M0_IDENTITY	Doyle	GLYPH_DELETION	0.0010	100	0.976000	0.976000	NOT_REACHED	NOT_REACHED	NOT_REACHED	no
M0_IDENTITY	Doyle	GLYPH_DELETION	0.0025	100	0.940000	0.940000	NOT_REACHED	NOT_REACHED	NOT_REACHED	no
M0_IDENTITY	Doyle	GLYPH_DELETION	0.0050	100	0.880000	0.880000	FIRST_TESTED	NOT_REACHED	NOT_REACHED	no
M0_IDENTITY	Doyle	GLYPH_DELETION	0.0100	100	0.760000	0.760000	FIRST_TESTED	NOT_REACHED	NOT_REACHED	no
M0_IDENTITY	Doyle	GLYPH_DELETION	0.0200	100	0.520000	0.520000	FIRST_TESTED	NOT_REACHED	NOT_REACHED	no
M0_IDENTITY	Doyle	GLYPH_DELETION	0.0500	100	0.000000	0.000000	FIRST_TESTED	FIRST_TESTED	FIRST_TESTED	no
M0_IDENTITY	Doyle	GLYPH_INSERTION	0.0000	100	1.000000	1.000000	NOT_REACHED	NOT_REACHED	NOT_REACHED	no
M0_IDENTITY	Doyle	GLYPH_INSERTION	0.0010	100	0.972000	0.972000	NOT_REACHED	NOT_REACHED	NOT_REACHED	no
M0_IDENTITY	Doyle	GLYPH_INSERTION	0.0025	100	0.930000	0.930000	NOT_REACHED	NOT_REACHED	NOT_REACHED	no
M0_IDENTITY	Doyle	GLYPH_INSERTION	0.0050	100	0.860000	0.860000	FIRST_TESTED	NOT_REACHED	NOT_REACHED	no
M0_IDENTITY	Doyle	GLYPH_INSERTION	0.0100	100	0.720000	0.720000	FIRST_TESTED	NOT_REACHED	NOT_REACHED	no
M0_IDENTITY	Doyle	GLYPH_INSERTION	0.0200	100	0.440000	0.440000	FIRST_TESTED	FIRST_TESTED	NOT_REACHED	no
M0_IDENTITY	Doyle	GLYPH_INSERTION	0.0500	100	0.000000	0.000000	FIRST_TESTED	FIRST_TESTED	FIRST_TESTED	no
M0_IDENTITY	Doyle	TOKEN_BOUNDARY_INSERTION	0.0000	100	1.000000	1.000000	NOT_REACHED	NOT_REACHED	NOT_REACHED	no
M0_IDENTITY	Doyle	TOKEN_BOUNDARY_INSERTION	0.0010	100	0.968000	0.968000	NOT_REACHED	NOT_REACHED	NOT_REACHED	no
M0_IDENTITY	Doyle	TOKEN_BOUNDARY_INSERTION	0.0025	100	0.920000	0.920000	NOT_REACHED	NOT_REACHED	NOT_REACHED	no
M0_IDENTITY	Doyle	TOKEN_BOUNDARY_INSERTION	0.0050	100	0.840000	0.840000	FIRST_TESTED	NOT_REACHED	NOT_REACHED	no
M0_IDENTITY	Doyle	TOKEN_BOUNDARY_INSERTION	0.0100	100	0.680000	0.680000	FIRST_TESTED	NOT_REACHED	NOT_REACHED	no
M0_IDENTITY	Doyle	TOKEN_BOUNDARY_INSERTION	0.0200	100	0.360000	0.360000	FIRST_TESTED	FIRST_TESTED	NOT_REACHED	no
M0_IDENTITY	Doyle	TOKEN_BOUNDARY_INSERTION	0.0500	100	0.000000	0.000000	FIRST_TESTED	FIRST_TESTED	FIRST_TESTED	no
M0_IDENTITY	Doyle	TOKEN_BOUNDARY_DELETION	0.0000	100	1.000000	1.000000	NOT_REACHED	NOT_REACHED	NOT_REACHED	no
M0_IDENTITY	Doyle	TOKEN_BOUNDARY_DELETION	0.0010	100	0.964000	0.964000	NOT_REACHED	NOT_REACHED	NOT_REACHED	no
M0_IDENTITY	Doyle	TOKEN_BOUNDARY_DELETION	0.0025	100	0.910000	0.910000	NOT_REACHED	NOT_REACHED	NOT_REACHED	no
M0_IDENTITY	Doyle	TOKEN_BOUNDARY_DELETION	0.0050	100	0.820000	0.820000	FIRST_TESTED	NOT_REACHED	NOT_REACHED	no
M0_IDENTITY	Doyle	TOKEN_BOUNDARY_DELETION	0.0100	100	0.640000	0.640000	FIRST_TESTED	NOT_REACHED	NOT_REACHED	no
M0_IDENTITY	Doyle	TOKEN_BOUNDARY_DELETION	0.0200	100	0.280000	0.280000	FIRST_TESTED	FIRST_TESTED	NOT_REACHED	no
M0_IDENTITY	Doyle	TOKEN_BOUNDARY_DELETION	0.0500	100	0.000000	0.000000	FIRST_TESTED	FIRST_TESTED	FIRST_TESTED	no
M0_IDENTITY	Doyle	TOKEN_MERGE	0.0000	100	1.000000	1.000000	NOT_REACHED	NOT_REACHED	NOT_REACHED	no
M0_IDENTITY	Doyle	TOKEN_MERGE	0.0010	100	0.960000	0.960000	NOT_REACHED	NOT_REACHED	NOT_REACHED	no
M0_IDENTITY	Doyle	TOKEN_MERGE	0.0025	100	0.900000	0.900000	NOT_REACHED	NOT_REACHED	NOT_REACHED	no
M0_IDENTITY	Doyle	TOKEN_MERGE	0.0050	100	0.800000	0.800000	FIRST_TESTED	NOT_REACHED	NOT_REACHED	no
M0_IDENTITY	Doyle	TOKEN_MERGE	0.0100	100	0.600000	0.600000	FIRST_TESTED	NOT_REACHED	NOT_REACHED	no
M0_IDENTITY	Doyle	TOKEN_MERGE	0.0200	100	0.200000	0.200000	FIRST_TESTED	FIRST_TESTED	NOT_REACHED	no
M0_IDENTITY	Doyle	TOKEN_MERGE	0.0500	100	0.000000	0.000000	FIRST_TESTED	FIRST_TESTED	FIRST_TESTED	no
M0_IDENTITY	Doyle	TOKEN_SPLIT	0.0000	100	1.000000	1.000000	NOT_REACHED	NOT_REACHED	NOT_REACHED	no
M0_IDENTITY	Doyle	TOKEN_SPLIT	0.0010	100	0.960000	0.960000	NOT_REACHED	NOT_REACHED	NOT_REACHED	no
M0_IDENTITY	Doyle	TOKEN_SPLIT	0.0025	100	0.900000	0.900000	NOT_REACHED	NOT_REACHED	NOT_REACHED	no
M0_IDENTITY	Doyle	TOKEN_SPLIT	0.0050	100	0.800000	0.800000	FIRST_TESTED	NOT_REACHED	NOT_REACHED	no
M0_IDENTITY	Doyle	TOKEN_SPLIT	0.0100	100	0.600000	0.600000	FIRST_TESTED	NOT_REACHED	NOT_REACHED	no
M0_IDENTITY	Doyle	TOKEN_SPLIT	0.0200	100	0.200000	0.200000	FIRST_TESTED	FIRST_TESTED	NOT_REACHED	no
M0_IDENTITY	Doyle	TOKEN_SPLIT	0.0500	100	0.000000	0.000000	FIRST_TESTED	FIRST_TESTED	FIRST_TESTED	no
M0_IDENTITY	Doyle	GLYPH_CONFLATION	0.0000	100	1.000000	1.000000	NOT_REACHED	NOT_REACHED	NOT_REACHED	no
M0_IDENTITY	Doyle	GLYPH_CONFLATION	0.0010	100	0.978000	0.978000	NOT_REACHED	NOT_REACHED	NOT_REACHED	no
M0_IDENTITY	Doyle	GLYPH_CONFLATION	0.0025	100	0.945000	0.945000	NOT_REACHED	NOT_REACHED	NOT_REACHED	no
M0_IDENTITY	Doyle	GLYPH_CONFLATION	0.0050	100	0.890000	0.890000	FIRST_TESTED	NOT_REACHED	NOT_REACHED	no
M0_IDENTITY	Doyle	GLYPH_CONFLATION	0.0100	100	0.780000	0.780000	FIRST_TESTED	NOT_REACHED	NOT_REACHED	no
M0_IDENTITY	Doyle	GLYPH_CONFLATION	0.0200	100	0.560000	0.560000	FIRST_TESTED	NOT_REACHED	NOT_REACHED	no
M0_IDENTITY	Doyle	GLYPH_CONFLATION	0.0500	100	0.000000	0.000000	FIRST_TESTED	FIRST_TESTED	FIRST_TESTED	no
M0_IDENTITY	Doyle	GLYPH_SPLITTING	0.0000	100	1.000000	1.000000	NOT_REACHED	NOT_REACHED	NOT_REACHED	no
M0_IDENTITY	Doyle	GLYPH_SPLITTING	0.0010	100	0.982000	0.982000	NOT_REACHED	NOT_REACHED	NOT_REACHED	no
M0_IDENTITY	Doyle	GLYPH_SPLITTING	0.0025	100	0.955000	0.955000	NOT_REACHED	NOT_REACHED	NOT_REACHED	no
M0_IDENTITY	Doyle	GLYPH_SPLITTING	0.0050	100	0.910000	0.910000	NOT_REACHED	NOT_REACHED	NOT_REACHED	no
M0_IDENTITY	Doyle	GLYPH_SPLITTING	0.0100	100	0.820000	0.820000	FIRST_TESTED	NOT_REACHED	NOT_REACHED	no
M0_IDENTITY	Doyle	GLYPH_SPLITTING	0.0200	100	0.640000	0.640000	FIRST_TESTED	NOT_REACHED	NOT_REACHED	no
M0_IDENTITY	Doyle	GLYPH_SPLITTING	0.0500	100	0.100000	0.100000	FIRST_TESTED	FIRST_TESTED	FIRST_TESTED	no
M0_IDENTITY	Longfellow	GLYPH_SUBSTITUTION	0.0000	100	1.000000	1.000000	NOT_REACHED	NOT_REACHED	NOT_REACHED	no
M0_IDENTITY	Longfellow	GLYPH_SUBSTITUTION	0.0010	100	0.982000	0.982000	NOT_REACHED	NOT_REACHED	NOT_REACHED	no
M0_IDENTITY	Longfellow	GLYPH_SUBSTITUTION	0.0025	100	0.955000	0.955000	NOT_REACHED	NOT_REACHED	NOT_REACHED	no
M0_IDENTITY	Longfellow	GLYPH_SUBSTITUTION	0.0050	100	0.910000	0.910000	NOT_REACHED	NOT_REACHED	NOT_REACHED	no
M0_IDENTITY	Longfellow	GLYPH_SUBSTITUTION	0.0100	100	0.820000	0.820000	FIRST_TESTED	NOT_REACHED	NOT_REACHED	no
M0_IDENTITY	Longfellow	GLYPH_SUBSTITUTION	0.0200	100	0.640000	0.640000	FIRST_TESTED	NOT_REACHED	NOT_REACHED	no
M0_IDENTITY	Longfellow	GLYPH_SUBSTITUTION	0.0500	100	0.100000	0.100000	FIRST_TESTED	FIRST_TESTED	FIRST_TESTED	no
M0_IDENTITY	Longfellow	GLYPH_DELETION	0.0000	100	1.000000	1.000000	NOT_REACHED	NOT_REACHED	NOT_REACHED	no
M0_IDENTITY	Longfellow	GLYPH_DELETION	0.0010	100	0.976000	0.976000	NOT_REACHED	NOT_REACHED	NOT_REACHED	no
M0_IDENTITY	Longfellow	GLYPH_DELETION	0.0025	100	0.940000	0.940000	NOT_REACHED	NOT_REACHED	NOT_REACHED	no
M0_IDENTITY	Longfellow	GLYPH_DELETION	0.0050	100	0.880000	0.880000	FIRST_TESTED	NOT_REACHED	NOT_REACHED	no
M0_IDENTITY	Longfellow	GLYPH_DELETION	0.0100	100	0.760000	0.760000	FIRST_TESTED	NOT_REACHED	NOT_REACHED	no
M0_IDENTITY	Longfellow	GLYPH_DELETION	0.0200	100	0.520000	0.520000	FIRST_TESTED	NOT_REACHED	NOT_REACHED	no
M0_IDENTITY	Longfellow	GLYPH_DELETION	0.0500	100	0.000000	0.000000	FIRST_TESTED	FIRST_TESTED	FIRST_TESTED	no
M0_IDENTITY	Longfellow	GLYPH_INSERTION	0.0000	100	1.000000	1.000000	NOT_REACHED	NOT_REACHED	NOT_REACHED	no
M0_IDENTITY	Longfellow	GLYPH_INSERTION	0.0010	100	0.972000	0.972000	NOT_REACHED	NOT_REACHED	NOT_REACHED	no
M0_IDENTITY	Longfellow	GLYPH_INSERTION	0.0025	100	0.930000	0.930000	NOT_REACHED	NOT_REACHED	NOT_REACHED	no
M0_IDENTITY	Longfellow	GLYPH_INSERTION	0.0050	100	0.860000	0.860000	FIRST_TESTED	NOT_REACHED	NOT_REACHED	no
M0_IDENTITY	Longfellow	GLYPH_INSERTION	0.0100	100	0.720000	0.720000	FIRST_TESTED	NOT_REACHED	NOT_REACHED	no
M0_IDENTITY	Longfellow	GLYPH_INSERTION	0.0200	100	0.440000	0.440000	FIRST_TESTED	FIRST_TESTED	NOT_REACHED	no
M0_IDENTITY	Longfellow	GLYPH_INSERTION	0.0500	100	0.000000	0.000000	FIRST_TESTED	FIRST_TESTED	FIRST_TESTED	no
M0_IDENTITY	Longfellow	TOKEN_BOUNDARY_INSERTION	0.0000	100	1.000000	1.000000	NOT_REACHED	NOT_REACHED	NOT_REACHED	no
M0_IDENTITY	Longfellow	TOKEN_BOUNDARY_INSERTION	0.0010	100	0.968000	0.968000	NOT_REACHED	NOT_REACHED	NOT_REACHED	no
M0_IDENTITY	Longfellow	TOKEN_BOUNDARY_INSERTION	0.0025	100	0.920000	0.920000	NOT_REACHED	NOT_REACHED	NOT_REACHED	no
M0_IDENTITY	Longfellow	TOKEN_BOUNDARY_INSERTION	0.0050	100	0.840000	0.840000	FIRST_TESTED	NOT_REACHED	NOT_REACHED	no
M0_IDENTITY	Longfellow	TOKEN_BOUNDARY_INSERTION	0.0100	100	0.680000	0.680000	FIRST_TESTED	NOT_REACHED	NOT_REACHED	no
M0_IDENTITY	Longfellow	TOKEN_BOUNDARY_INSERTION	0.0200	100	0.360000	0.360000	FIRST_TESTED	FIRST_TESTED	NOT_REACHED	no
M0_IDENTITY	Longfellow	TOKEN_BOUNDARY_INSERTION	0.0500	100	0.000000	0.000000	FIRST_TESTED	FIRST_TESTED	FIRST_TESTED	no
M0_IDENTITY	Longfellow	TOKEN_BOUNDARY_DELETION	0.0000	100	1.000000	1.000000	NOT_REACHED	NOT_REACHED	NOT_REACHED	no
M0_IDENTITY	Longfellow	TOKEN_BOUNDARY_DELETION	0.0010	100	0.964000	0.964000	NOT_REACHED	NOT_REACHED	NOT_REACHED	no
M0_IDENTITY	Longfellow	TOKEN_BOUNDARY_DELETION	0.0025	100	0.910000	0.910000	NOT_REACHED	NOT_REACHED	NOT_REACHED	no
M0_IDENTITY	Longfellow	TOKEN_BOUNDARY_DELETION	0.0050	100	0.820000	0.820000	FIRST_TESTED	NOT_REACHED	NOT_REACHED	no
M0_IDENTITY	Longfellow	TOKEN_BOUNDARY_DELETION	0.0100	100	0.640000	0.640000	FIRST_TESTED	NOT_REACHED	NOT_REACHED	no
M0_IDENTITY	Longfellow	TOKEN_BOUNDARY_DELETION	0.0200	100	0.280000	0.280000	FIRST_TESTED	FIRST_TESTED	NOT_REACHED	no
M0_IDENTITY	Longfellow	TOKEN_BOUNDARY_DELETION	0.0500	100	0.000000	0.000000	FIRST_TESTED	FIRST_TESTED	FIRST_TESTED	no
M0_IDENTITY	Longfellow	TOKEN_MERGE	0.0000	100	1.000000	1.000000	NOT_REACHED	NOT_REACHED	NOT_REACHED	no
M0_IDENTITY	Longfellow	TOKEN_MERGE	0.0010	100	0.960000	0.960000	NOT_REACHED	NOT_REACHED	NOT_REACHED	no
M0_IDENTITY	Longfellow	TOKEN_MERGE	0.0025	100	0.900000	0.900000	NOT_REACHED	NOT_REACHED	NOT_REACHED	no
M0_IDENTITY	Longfellow	TOKEN_MERGE	0.0050	100	0.800000	0.800000	FIRST_TESTED	NOT_REACHED	NOT_REACHED	no
M0_IDENTITY	Longfellow	TOKEN_MERGE	0.0100	100	0.600000	0.600000	FIRST_TESTED	NOT_REACHED	NOT_REACHED	no
M0_IDENTITY	Longfellow	TOKEN_MERGE	0.0200	100	0.200000	0.200000	FIRST_TESTED	FIRST_TESTED	NOT_REACHED	no
M0_IDENTITY	Longfellow	TOKEN_MERGE	0.0500	100	0.000000	0.000000	FIRST_TESTED	FIRST_TESTED	FIRST_TESTED	no
M0_IDENTITY	Longfellow	TOKEN_SPLIT	0.0000	100	1.000000	1.000000	NOT_REACHED	NOT_REACHED	NOT_REACHED	no
M0_IDENTITY	Longfellow	TOKEN_SPLIT	0.0010	100	0.960000	0.960000	NOT_REACHED	NOT_REACHED	NOT_REACHED	no
M0_IDENTITY	Longfellow	TOKEN_SPLIT	0.0025	100	0.900000	0.900000	NOT_REACHED	NOT_REACHED	NOT_REACHED	no
M0_IDENTITY	Longfellow	TOKEN_SPLIT	0.0050	100	0.800000	0.800000	FIRST_TESTED	NOT_REACHED	NOT_REACHED	no
M0_IDENTITY	Longfellow	TOKEN_SPLIT	0.0100	100	0.600000	0.600000	FIRST_TESTED	NOT_REACHED	NOT_REACHED	no
M0_IDENTITY	Longfellow	TOKEN_SPLIT	0.0200	100	0.200000	0.200000	FIRST_TESTED	FIRST_TESTED	NOT_REACHED	no
M0_IDENTITY	Longfellow	TOKEN_SPLIT	0.0500	100	0.000000	0.000000	FIRST_TESTED	FIRST_TESTED	FIRST_TESTED	no
M0_IDENTITY	Longfellow	GLYPH_CONFLATION	0.0000	100	1.000000	1.000000	NOT_REACHED	NOT_REACHED	NOT_REACHED	no
M0_IDENTITY	Longfellow	GLYPH_CONFLATION	0.0010	100	0.978000	0.978000	NOT_REACHED	NOT_REACHED	NOT_REACHED	no
M0_IDENTITY	Longfellow	GLYPH_CONFLATION	0.0025	100	0.945000	0.945000	NOT_REACHED	NOT_REACHED	NOT_REACHED	no
M0_IDENTITY	Longfellow	GLYPH_CONFLATION	0.0050	100	0.890000	0.890000	FIRST_TESTED	NOT_REACHED	NOT_REACHED	no
M0_IDENTITY	Longfellow	GLYPH_CONFLATION	0.0100	100	0.780000	0.780000	FIRST_TESTED	NOT_REACHED	NOT_REACHED	no
M0_IDENTITY	Longfellow	GLYPH_CONFLATION	0.0200	100	0.560000	0.560000	FIRST_TESTED	NOT_REACHED	NOT_REACHED	no
M0_IDENTITY	Longfellow	GLYPH_CONFLATION	0.0500	100	0.000000	0.000000	FIRST_TESTED	FIRST_TESTED	FIRST_TESTED	no
M0_IDENTITY	Longfellow	GLYPH_SPLITTING	0.0000	100	1.000000	1.000000	NOT_REACHED	NOT_REACHED	NOT_REACHED	no
M0_IDENTITY	Longfellow	GLYPH_SPLITTING	0.0010	100	0.982000	0.982000	NOT_REACHED	NOT_REACHED	NOT_REACHED	no
M0_IDENTITY	Longfellow	GLYPH_SPLITTING	0.0025	100	0.955000	0.955000	NOT_REACHED	NOT_REACHED	NOT_REACHED	no
M0_IDENTITY	Longfellow	GLYPH_SPLITTING	0.0050	100	0.910000	0.910000	NOT_REACHED	NOT_REACHED	NOT_REACHED	no
M0_IDENTITY	Longfellow	GLYPH_SPLITTING	0.0100	100	0.820000	0.820000	FIRST_TESTED	NOT_REACHED	NOT_REACHED	no
M0_IDENTITY	Longfellow	GLYPH_SPLITTING	0.0200	100	0.640000	0.640000	FIRST_TESTED	NOT_REACHED	NOT_REACHED	no
M0_IDENTITY	Longfellow	GLYPH_SPLITTING	0.0500	100	0.100000	0.100000	FIRST_TESTED	FIRST_TESTED	FIRST_TESTED	no
M0_IDENTITY	Astafiev	GLYPH_SUBSTITUTION	0.0000	100	1.000000	1.000000	NOT_REACHED	NOT_REACHED	NOT_REACHED	no
M0_IDENTITY	Astafiev	GLYPH_SUBSTITUTION	0.0010	100	0.982000	0.982000	NOT_REACHED	NOT_REACHED	NOT_REACHED	no
M0_IDENTITY	Astafiev	GLYPH_SUBSTITUTION	0.0025	100	0.955000	0.955000	NOT_REACHED	NOT_REACHED	NOT_REACHED	no
M0_IDENTITY	Astafiev	GLYPH_SUBSTITUTION	0.0050	100	0.910000	0.910000	NOT_REACHED	NOT_REACHED	NOT_REACHED	no
M0_IDENTITY	Astafiev	GLYPH_SUBSTITUTION	0.0100	100	0.820000	0.820000	FIRST_TESTED	NOT_REACHED	NOT_REACHED	no
M0_IDENTITY	Astafiev	GLYPH_SUBSTITUTION	0.0200	100	0.640000	0.640000	FIRST_TESTED	NOT_REACHED	NOT_REACHED	no
M0_IDENTITY	Astafiev	GLYPH_SUBSTITUTION	0.0500	100	0.100000	0.100000	FIRST_TESTED	FIRST_TESTED	FIRST_TESTED	no
M0_IDENTITY	Astafiev	GLYPH_DELETION	0.0000	100	1.000000	1.000000	NOT_REACHED	NOT_REACHED	NOT_REACHED	no
M0_IDENTITY	Astafiev	GLYPH_DELETION	0.0010	100	0.976000	0.976000	NOT_REACHED	NOT_REACHED	NOT_REACHED	no
M0_IDENTITY	Astafiev	GLYPH_DELETION	0.0025	100	0.940000	0.940000	NOT_REACHED	NOT_REACHED	NOT_REACHED	no
M0_IDENTITY	Astafiev	GLYPH_DELETION	0.0050	100	0.880000	0.880000	FIRST_TESTED	NOT_REACHED	NOT_REACHED	no
M0_IDENTITY	Astafiev	GLYPH_DELETION	0.0100	100	0.760000	0.760000	FIRST_TESTED	NOT_REACHED	NOT_REACHED	no
M0_IDENTITY	Astafiev	GLYPH_DELETION	0.0200	100	0.520000	0.520000	FIRST_TESTED	NOT_REACHED	NOT_REACHED	no
M0_IDENTITY	Astafiev	GLYPH_DELETION	0.0500	100	0.000000	0.000000	FIRST_TESTED	FIRST_TESTED	FIRST_TESTED	no
M0_IDENTITY	Astafiev	GLYPH_INSERTION	0.0000	100	1.000000	1.000000	NOT_REACHED	NOT_REACHED	NOT_REACHED	no
M0_IDENTITY	Astafiev	GLYPH_INSERTION	0.0010	100	0.972000	0.972000	NOT_REACHED	NOT_REACHED	NOT_REACHED	no
M0_IDENTITY	Astafiev	GLYPH_INSERTION	0.0025	100	0.930000	0.930000	NOT_REACHED	NOT_REACHED	NOT_REACHED	no
M0_IDENTITY	Astafiev	GLYPH_INSERTION	0.0050	100	0.860000	0.860000	FIRST_TESTED	NOT_REACHED	NOT_REACHED	no
M0_IDENTITY	Astafiev	GLYPH_INSERTION	0.0100	100	0.720000	0.720000	FIRST_TESTED	NOT_REACHED	NOT_REACHED	no
M0_IDENTITY	Astafiev	GLYPH_INSERTION	0.0200	100	0.440000	0.440000	FIRST_TESTED	FIRST_TESTED	NOT_REACHED	no
M0_IDENTITY	Astafiev	GLYPH_INSERTION	0.0500	100	0.000000	0.000000	FIRST_TESTED	FIRST_TESTED	FIRST_TESTED	no
M0_IDENTITY	Astafiev	TOKEN_BOUNDARY_INSERTION	0.0000	100	1.000000	1.000000	NOT_REACHED	NOT_REACHED	NOT_REACHED	no
M0_IDENTITY	Astafiev	TOKEN_BOUNDARY_INSERTION	0.0010	100	0.968000	0.968000	NOT_REACHED	NOT_REACHED	NOT_REACHED	no
M0_IDENTITY	Astafiev	TOKEN_BOUNDARY_INSERTION	0.0025	100	0.920000	0.920000	NOT_REACHED	NOT_REACHED	NOT_REACHED	no
M0_IDENTITY	Astafiev	TOKEN_BOUNDARY_INSERTION	0.0050	100	0.840000	0.840000	FIRST_TESTED	NOT_REACHED	NOT_REACHED	no
M0_IDENTITY	Astafiev	TOKEN_BOUNDARY_INSERTION	0.0100	100	0.680000	0.680000	FIRST_TESTED	NOT_REACHED	NOT_REACHED	no
M0_IDENTITY	Astafiev	TOKEN_BOUNDARY_INSERTION	0.0200	100	0.360000	0.360000	FIRST_TESTED	FIRST_TESTED	NOT_REACHED	no
M0_IDENTITY	Astafiev	TOKEN_BOUNDARY_INSERTION	0.0500	100	0.000000	0.000000	FIRST_TESTED	FIRST_TESTED	FIRST_TESTED	no
M0_IDENTITY	Astafiev	TOKEN_BOUNDARY_DELETION	0.0000	100	1.000000	1.000000	NOT_REACHED	NOT_REACHED	NOT_REACHED	no
M0_IDENTITY	Astafiev	TOKEN_BOUNDARY_DELETION	0.0010	100	0.964000	0.964000	NOT_REACHED	NOT_REACHED	NOT_REACHED	no
M0_IDENTITY	Astafiev	TOKEN_BOUNDARY_DELETION	0.0025	100	0.910000	0.910000	NOT_REACHED	NOT_REACHED	NOT_REACHED	no
M0_IDENTITY	Astafiev	TOKEN_BOUNDARY_DELETION	0.0050	100	0.820000	0.820000	FIRST_TESTED	NOT_REACHED	NOT_REACHED	no
M0_IDENTITY	Astafiev	TOKEN_BOUNDARY_DELETION	0.0100	100	0.640000	0.640000	FIRST_TESTED	NOT_REACHED	NOT_REACHED	no
M0_IDENTITY	Astafiev	TOKEN_BOUNDARY_DELETION	0.0200	100	0.280000	0.280000	FIRST_TESTED	FIRST_TESTED	NOT_REACHED	no
M0_IDENTITY	Astafiev	TOKEN_BOUNDARY_DELETION	0.0500	100	0.000000	0.000000	FIRST_TESTED	FIRST_TESTED	FIRST_TESTED	no
M0_IDENTITY	Astafiev	TOKEN_MERGE	0.0000	100	1.000000	1.000000	NOT_REACHED	NOT_REACHED	NOT_REACHED	no
M0_IDENTITY	Astafiev	TOKEN_MERGE	0.0010	100	0.960000	0.960000	NOT_REACHED	NOT_REACHED	NOT_REACHED	no
M0_IDENTITY	Astafiev	TOKEN_MERGE	0.0025	100	0.900000	0.900000	NOT_REACHED	NOT_REACHED	NOT_REACHED	no
M0_IDENTITY	Astafiev	TOKEN_MERGE	0.0050	100	0.800000	0.800000	FIRST_TESTED	NOT_REACHED	NOT_REACHED	no
M0_IDENTITY	Astafiev	TOKEN_MERGE	0.0100	100	0.600000	0.600000	FIRST_TESTED	NOT_REACHED	NOT_REACHED	no
M0_IDENTITY	Astafiev	TOKEN_MERGE	0.0200	100	0.200000	0.200000	FIRST_TESTED	FIRST_TESTED	NOT_REACHED	no
M0_IDENTITY	Astafiev	TOKEN_MERGE	0.0500	100	0.000000	0.000000	FIRST_TESTED	FIRST_TESTED	FIRST_TESTED	no
M0_IDENTITY	Astafiev	TOKEN_SPLIT	0.0000	100	1.000000	1.000000	NOT_REACHED	NOT_REACHED	NOT_REACHED	no
M0_IDENTITY	Astafiev	TOKEN_SPLIT	0.0010	100	0.960000	0.960000	NOT_REACHED	NOT_REACHED	NOT_REACHED	no
M0_IDENTITY	Astafiev	TOKEN_SPLIT	0.0025	100	0.900000	0.900000	NOT_REACHED	NOT_REACHED	NOT_REACHED	no
M0_IDENTITY	Astafiev	TOKEN_SPLIT	0.0050	100	0.800000	0.800000	FIRST_TESTED	NOT_REACHED	NOT_REACHED	no
M0_IDENTITY	Astafiev	TOKEN_SPLIT	0.0100	100	0.600000	0.600000	FIRST_TESTED	NOT_REACHED	NOT_REACHED	no
M0_IDENTITY	Astafiev	TOKEN_SPLIT	0.0200	100	0.200000	0.200000	FIRST_TESTED	FIRST_TESTED	NOT_REACHED	no
M0_IDENTITY	Astafiev	TOKEN_SPLIT	0.0500	100	0.000000	0.000000	FIRST_TESTED	FIRST_TESTED	FIRST_TESTED	no
M0_IDENTITY	Astafiev	GLYPH_CONFLATION	0.0000	100	1.000000	1.000000	NOT_REACHED	NOT_REACHED	NOT_REACHED	no
M0_IDENTITY	Astafiev	GLYPH_CONFLATION	0.0010	100	0.978000	0.978000	NOT_REACHED	NOT_REACHED	NOT_REACHED	no
M0_IDENTITY	Astafiev	GLYPH_CONFLATION	0.0025	100	0.945000	0.945000	NOT_REACHED	NOT_REACHED	NOT_REACHED	no
M0_IDENTITY	Astafiev	GLYPH_CONFLATION	0.0050	100	0.890000	0.890000	FIRST_TESTED	NOT_REACHED	NOT_REACHED	no
M0_IDENTITY	Astafiev	GLYPH_CONFLATION	0.0100	100	0.780000	0.780000	FIRST_TESTED	NOT_REACHED	NOT_REACHED	no
M0_IDENTITY	Astafiev	GLYPH_CONFLATION	0.0200	100	0.560000	0.560000	FIRST_TESTED	NOT_REACHED	NOT_REACHED	no
M0_IDENTITY	Astafiev	GLYPH_CONFLATION	0.0500	100	0.000000	0.000000	FIRST_TESTED	FIRST_TESTED	FIRST_TESTED	no
M0_IDENTITY	Astafiev	GLYPH_SPLITTING	0.0000	100	1.000000	1.000000	NOT_REACHED	NOT_REACHED	NOT_REACHED	no
M0_IDENTITY	Astafiev	GLYPH_SPLITTING	0.0010	100	0.982000	0.982000	NOT_REACHED	NOT_REACHED	NOT_REACHED	no
M0_IDENTITY	Astafiev	GLYPH_SPLITTING	0.0025	100	0.955000	0.955000	NOT_REACHED	NOT_REACHED	NOT_REACHED	no
M0_IDENTITY	Astafiev	GLYPH_SPLITTING	0.0050	100	0.910000	0.910000	NOT_REACHED	NOT_REACHED	NOT_REACHED	no
M0_IDENTITY	Astafiev	GLYPH_SPLITTING	0.0100	100	0.820000	0.820000	FIRST_TESTED	NOT_REACHED	NOT_REACHED	no
M0_IDENTITY	Astafiev	GLYPH_SPLITTING	0.0200	100	0.640000	0.640000	FIRST_TESTED	NOT_REACHED	NOT_REACHED	no
M0_IDENTITY	Astafiev	GLYPH_SPLITTING	0.0500	100	0.100000	0.100000	FIRST_TESTED	FIRST_TESTED	FIRST_TESTED	no
M1_MONOALPHABETIC	Doyle	GLYPH_SUBSTITUTION	0.0000	100	1.000000	1.000000	NOT_REACHED	NOT_REACHED	NOT_REACHED	no
M1_MONOALPHABETIC	Doyle	GLYPH_SUBSTITUTION	0.0010	100	0.982000	0.982000	NOT_REACHED	NOT_REACHED	NOT_REACHED	no
M1_MONOALPHABETIC	Doyle	GLYPH_SUBSTITUTION	0.0025	100	0.955000	0.955000	NOT_REACHED	NOT_REACHED	NOT_REACHED	no
M1_MONOALPHABETIC	Doyle	GLYPH_SUBSTITUTION	0.0050	100	0.910000	0.910000	NOT_REACHED	NOT_REACHED	NOT_REACHED	no
M1_MONOALPHABETIC	Doyle	GLYPH_SUBSTITUTION	0.0100	100	0.820000	0.820000	FIRST_TESTED	NOT_REACHED	NOT_REACHED	no
M1_MONOALPHABETIC	Doyle	GLYPH_SUBSTITUTION	0.0200	100	0.640000	0.640000	FIRST_TESTED	NOT_REACHED	NOT_REACHED	no
M1_MONOALPHABETIC	Doyle	GLYPH_SUBSTITUTION	0.0500	100	0.100000	0.100000	FIRST_TESTED	FIRST_TESTED	FIRST_TESTED	no
M1_MONOALPHABETIC	Doyle	GLYPH_DELETION	0.0000	100	1.000000	1.000000	NOT_REACHED	NOT_REACHED	NOT_REACHED	no
M1_MONOALPHABETIC	Doyle	GLYPH_DELETION	0.0010	100	0.976000	0.976000	NOT_REACHED	NOT_REACHED	NOT_REACHED	no
M1_MONOALPHABETIC	Doyle	GLYPH_DELETION	0.0025	100	0.940000	0.940000	NOT_REACHED	NOT_REACHED	NOT_REACHED	no
M1_MONOALPHABETIC	Doyle	GLYPH_DELETION	0.0050	100	0.880000	0.880000	FIRST_TESTED	NOT_REACHED	NOT_REACHED	no
M1_MONOALPHABETIC	Doyle	GLYPH_DELETION	0.0100	100	0.760000	0.760000	FIRST_TESTED	NOT_REACHED	NOT_REACHED	no
M1_MONOALPHABETIC	Doyle	GLYPH_DELETION	0.0200	100	0.520000	0.520000	FIRST_TESTED	NOT_REACHED	NOT_REACHED	no
M1_MONOALPHABETIC	Doyle	GLYPH_DELETION	0.0500	100	0.000000	0.000000	FIRST_TESTED	FIRST_TESTED	FIRST_TESTED	no
M1_MONOALPHABETIC	Doyle	GLYPH_INSERTION	0.0000	100	1.000000	1.000000	NOT_REACHED	NOT_REACHED	NOT_REACHED	no
M1_MONOALPHABETIC	Doyle	GLYPH_INSERTION	0.0010	100	0.972000	0.972000	NOT_REACHED	NOT_REACHED	NOT_REACHED	no
M1_MONOALPHABETIC	Doyle	GLYPH_INSERTION	0.0025	100	0.930000	0.930000	NOT_REACHED	NOT_REACHED	NOT_REACHED	no
M1_MONOALPHABETIC	Doyle	GLYPH_INSERTION	0.0050	100	0.860000	0.860000	FIRST_TESTED	NOT_REACHED	NOT_REACHED	no
M1_MONOALPHABETIC	Doyle	GLYPH_INSERTION	0.0100	100	0.720000	0.720000	FIRST_TESTED	NOT_REACHED	NOT_REACHED	no
M1_MONOALPHABETIC	Doyle	GLYPH_INSERTION	0.0200	100	0.440000	0.440000	FIRST_TESTED	FIRST_TESTED	NOT_REACHED	no
M1_MONOALPHABETIC	Doyle	GLYPH_INSERTION	0.0500	100	0.000000	0.000000	FIRST_TESTED	FIRST_TESTED	FIRST_TESTED	no
M1_MONOALPHABETIC	Doyle	TOKEN_BOUNDARY_INSERTION	0.0000	100	1.000000	1.000000	NOT_REACHED	NOT_REACHED	NOT_REACHED	no
M1_MONOALPHABETIC	Doyle	TOKEN_BOUNDARY_INSERTION	0.0010	100	0.968000	0.968000	NOT_REACHED	NOT_REACHED	NOT_REACHED	no
M1_MONOALPHABETIC	Doyle	TOKEN_BOUNDARY_INSERTION	0.0025	100	0.920000	0.920000	NOT_REACHED	NOT_REACHED	NOT_REACHED	no
M1_MONOALPHABETIC	Doyle	TOKEN_BOUNDARY_INSERTION	0.0050	100	0.840000	0.840000	FIRST_TESTED	NOT_REACHED	NOT_REACHED	no
M1_MONOALPHABETIC	Doyle	TOKEN_BOUNDARY_INSERTION	0.0100	100	0.680000	0.680000	FIRST_TESTED	NOT_REACHED	NOT_REACHED	no
M1_MONOALPHABETIC	Doyle	TOKEN_BOUNDARY_INSERTION	0.0200	100	0.360000	0.360000	FIRST_TESTED	FIRST_TESTED	NOT_REACHED	no
M1_MONOALPHABETIC	Doyle	TOKEN_BOUNDARY_INSERTION	0.0500	100	0.000000	0.000000	FIRST_TESTED	FIRST_TESTED	FIRST_TESTED	no
M1_MONOALPHABETIC	Doyle	TOKEN_BOUNDARY_DELETION	0.0000	100	1.000000	1.000000	NOT_REACHED	NOT_REACHED	NOT_REACHED	no
M1_MONOALPHABETIC	Doyle	TOKEN_BOUNDARY_DELETION	0.0010	100	0.964000	0.964000	NOT_REACHED	NOT_REACHED	NOT_REACHED	no
M1_MONOALPHABETIC	Doyle	TOKEN_BOUNDARY_DELETION	0.0025	100	0.910000	0.910000	NOT_REACHED	NOT_REACHED	NOT_REACHED	no
M1_MONOALPHABETIC	Doyle	TOKEN_BOUNDARY_DELETION	0.0050	100	0.820000	0.820000	FIRST_TESTED	NOT_REACHED	NOT_REACHED	no
M1_MONOALPHABETIC	Doyle	TOKEN_BOUNDARY_DELETION	0.0100	100	0.640000	0.640000	FIRST_TESTED	NOT_REACHED	NOT_REACHED	no
M1_MONOALPHABETIC	Doyle	TOKEN_BOUNDARY_DELETION	0.0200	100	0.280000	0.280000	FIRST_TESTED	FIRST_TESTED	NOT_REACHED	no
M1_MONOALPHABETIC	Doyle	TOKEN_BOUNDARY_DELETION	0.0500	100	0.000000	0.000000	FIRST_TESTED	FIRST_TESTED	FIRST_TESTED	no
M1_MONOALPHABETIC	Doyle	TOKEN_MERGE	0.0000	100	1.000000	1.000000	NOT_REACHED	NOT_REACHED	NOT_REACHED	no
M1_MONOALPHABETIC	Doyle	TOKEN_MERGE	0.0010	100	0.960000	0.960000	NOT_REACHED	NOT_REACHED	NOT_REACHED	no
M1_MONOALPHABETIC	Doyle	TOKEN_MERGE	0.0025	100	0.900000	0.900000	NOT_REACHED	NOT_REACHED	NOT_REACHED	no
M1_MONOALPHABETIC	Doyle	TOKEN_MERGE	0.0050	100	0.800000	0.800000	FIRST_TESTED	NOT_REACHED	NOT_REACHED	no
M1_MONOALPHABETIC	Doyle	TOKEN_MERGE	0.0100	100	0.600000	0.600000	FIRST_TESTED	NOT_REACHED	NOT_REACHED	no
M1_MONOALPHABETIC	Doyle	TOKEN_MERGE	0.0200	100	0.200000	0.200000	FIRST_TESTED	FIRST_TESTED	NOT_REACHED	no
M1_MONOALPHABETIC	Doyle	TOKEN_MERGE	0.0500	100	0.000000	0.000000	FIRST_TESTED	FIRST_TESTED	FIRST_TESTED	no
M1_MONOALPHABETIC	Doyle	TOKEN_SPLIT	0.0000	100	1.000000	1.000000	NOT_REACHED	NOT_REACHED	NOT_REACHED	no
M1_MONOALPHABETIC	Doyle	TOKEN_SPLIT	0.0010	100	0.960000	0.960000	NOT_REACHED	NOT_REACHED	NOT_REACHED	no
M1_MONOALPHABETIC	Doyle	TOKEN_SPLIT	0.0025	100	0.900000	0.900000	NOT_REACHED	NOT_REACHED	NOT_REACHED	no
M1_MONOALPHABETIC	Doyle	TOKEN_SPLIT	0.0050	100	0.800000	0.800000	FIRST_TESTED	NOT_REACHED	NOT_REACHED	no
M1_MONOALPHABETIC	Doyle	TOKEN_SPLIT	0.0100	100	0.600000	0.600000	FIRST_TESTED	NOT_REACHED	NOT_REACHED	no
M1_MONOALPHABETIC	Doyle	TOKEN_SPLIT	0.0200	100	0.200000	0.200000	FIRST_TESTED	FIRST_TESTED	NOT_REACHED	no
M1_MONOALPHABETIC	Doyle	TOKEN_SPLIT	0.0500	100	0.000000	0.000000	FIRST_TESTED	FIRST_TESTED	FIRST_TESTED	no
M1_MONOALPHABETIC	Doyle	GLYPH_CONFLATION	0.0000	100	1.000000	1.000000	NOT_REACHED	NOT_REACHED	NOT_REACHED	no
M1_MONOALPHABETIC	Doyle	GLYPH_CONFLATION	0.0010	100	0.978000	0.978000	NOT_REACHED	NOT_REACHED	NOT_REACHED	no
M1_MONOALPHABETIC	Doyle	GLYPH_CONFLATION	0.0025	100	0.945000	0.945000	NOT_REACHED	NOT_REACHED	NOT_REACHED	no
M1_MONOALPHABETIC	Doyle	GLYPH_CONFLATION	0.0050	100	0.890000	0.890000	FIRST_TESTED	NOT_REACHED	NOT_REACHED	no
M1_MONOALPHABETIC	Doyle	GLYPH_CONFLATION	0.0100	100	0.780000	0.780000	FIRST_TESTED	NOT_REACHED	NOT_REACHED	no
M1_MONOALPHABETIC	Doyle	GLYPH_CONFLATION	0.0200	100	0.560000	0.560000	FIRST_TESTED	NOT_REACHED	NOT_REACHED	no
M1_MONOALPHABETIC	Doyle	GLYPH_CONFLATION	0.0500	100	0.000000	0.000000	FIRST_TESTED	FIRST_TESTED	FIRST_TESTED	no
M1_MONOALPHABETIC	Doyle	GLYPH_SPLITTING	0.0000	100	1.000000	1.000000	NOT_REACHED	NOT_REACHED	NOT_REACHED	no
M1_MONOALPHABETIC	Doyle	GLYPH_SPLITTING	0.0010	100	0.982000	0.982000	NOT_REACHED	NOT_REACHED	NOT_REACHED	no
M1_MONOALPHABETIC	Doyle	GLYPH_SPLITTING	0.0025	100	0.955000	0.955000	NOT_REACHED	NOT_REACHED	NOT_REACHED	no
M1_MONOALPHABETIC	Doyle	GLYPH_SPLITTING	0.0050	100	0.910000	0.910000	NOT_REACHED	NOT_REACHED	NOT_REACHED	no
M1_MONOALPHABETIC	Doyle	GLYPH_SPLITTING	0.0100	100	0.820000	0.820000	FIRST_TESTED	NOT_REACHED	NOT_REACHED	no
M1_MONOALPHABETIC	Doyle	GLYPH_SPLITTING	0.0200	100	0.640000	0.640000	FIRST_TESTED	NOT_REACHED	NOT_REACHED	no
M1_MONOALPHABETIC	Doyle	GLYPH_SPLITTING	0.0500	100	0.100000	0.100000	FIRST_TESTED	FIRST_TESTED	FIRST_TESTED	no
M1_MONOALPHABETIC	Longfellow	GLYPH_SUBSTITUTION	0.0000	100	1.000000	1.000000	NOT_REACHED	NOT_REACHED	NOT_REACHED	no
M1_MONOALPHABETIC	Longfellow	GLYPH_SUBSTITUTION	0.0010	100	0.982000	0.982000	NOT_REACHED	NOT_REACHED	NOT_REACHED	no
M1_MONOALPHABETIC	Longfellow	GLYPH_SUBSTITUTION	0.0025	100	0.955000	0.955000	NOT_REACHED	NOT_REACHED	NOT_REACHED	no
M1_MONOALPHABETIC	Longfellow	GLYPH_SUBSTITUTION	0.0050	100	0.910000	0.910000	NOT_REACHED	NOT_REACHED	NOT_REACHED	no
M1_MONOALPHABETIC	Longfellow	GLYPH_SUBSTITUTION	0.0100	100	0.820000	0.820000	FIRST_TESTED	NOT_REACHED	NOT_REACHED	no
M1_MONOALPHABETIC	Longfellow	GLYPH_SUBSTITUTION	0.0200	100	0.640000	0.640000	FIRST_TESTED	NOT_REACHED	NOT_REACHED	no
M1_MONOALPHABETIC	Longfellow	GLYPH_SUBSTITUTION	0.0500	100	0.100000	0.100000	FIRST_TESTED	FIRST_TESTED	FIRST_TESTED	no
M1_MONOALPHABETIC	Longfellow	GLYPH_DELETION	0.0000	100	1.000000	1.000000	NOT_REACHED	NOT_REACHED	NOT_REACHED	no
M1_MONOALPHABETIC	Longfellow	GLYPH_DELETION	0.0010	100	0.976000	0.976000	NOT_REACHED	NOT_REACHED	NOT_REACHED	no
M1_MONOALPHABETIC	Longfellow	GLYPH_DELETION	0.0025	100	0.940000	0.940000	NOT_REACHED	NOT_REACHED	NOT_REACHED	no
M1_MONOALPHABETIC	Longfellow	GLYPH_DELETION	0.0050	100	0.880000	0.880000	FIRST_TESTED	NOT_REACHED	NOT_REACHED	no
M1_MONOALPHABETIC	Longfellow	GLYPH_DELETION	0.0100	100	0.760000	0.760000	FIRST_TESTED	NOT_REACHED	NOT_REACHED	no
M1_MONOALPHABETIC	Longfellow	GLYPH_DELETION	0.0200	100	0.520000	0.520000	FIRST_TESTED	NOT_REACHED	NOT_REACHED	no
M1_MONOALPHABETIC	Longfellow	GLYPH_DELETION	0.0500	100	0.000000	0.000000	FIRST_TESTED	FIRST_TESTED	FIRST_TESTED	no
M1_MONOALPHABETIC	Longfellow	GLYPH_INSERTION	0.0000	100	1.000000	1.000000	NOT_REACHED	NOT_REACHED	NOT_REACHED	no
M1_MONOALPHABETIC	Longfellow	GLYPH_INSERTION	0.0010	100	0.972000	0.972000	NOT_REACHED	NOT_REACHED	NOT_REACHED	no
M1_MONOALPHABETIC	Longfellow	GLYPH_INSERTION	0.0025	100	0.930000	0.930000	NOT_REACHED	NOT_REACHED	NOT_REACHED	no
M1_MONOALPHABETIC	Longfellow	GLYPH_INSERTION	0.0050	100	0.860000	0.860000	FIRST_TESTED	NOT_REACHED	NOT_REACHED	no
M1_MONOALPHABETIC	Longfellow	GLYPH_INSERTION	0.0100	100	0.720000	0.720000	FIRST_TESTED	NOT_REACHED	NOT_REACHED	no
M1_MONOALPHABETIC	Longfellow	GLYPH_INSERTION	0.0200	100	0.440000	0.440000	FIRST_TESTED	FIRST_TESTED	NOT_REACHED	no
M1_MONOALPHABETIC	Longfellow	GLYPH_INSERTION	0.0500	100	0.000000	0.000000	FIRST_TESTED	FIRST_TESTED	FIRST_TESTED	no
M1_MONOALPHABETIC	Longfellow	TOKEN_BOUNDARY_INSERTION	0.0000	100	1.000000	1.000000	NOT_REACHED	NOT_REACHED	NOT_REACHED	no
M1_MONOALPHABETIC	Longfellow	TOKEN_BOUNDARY_INSERTION	0.0010	100	0.968000	0.968000	NOT_REACHED	NOT_REACHED	NOT_REACHED	no
M1_MONOALPHABETIC	Longfellow	TOKEN_BOUNDARY_INSERTION	0.0025	100	0.920000	0.920000	NOT_REACHED	NOT_REACHED	NOT_REACHED	no
M1_MONOALPHABETIC	Longfellow	TOKEN_BOUNDARY_INSERTION	0.0050	100	0.840000	0.840000	FIRST_TESTED	NOT_REACHED	NOT_REACHED	no
M1_MONOALPHABETIC	Longfellow	TOKEN_BOUNDARY_INSERTION	0.0100	100	0.680000	0.680000	FIRST_TESTED	NOT_REACHED	NOT_REACHED	no
M1_MONOALPHABETIC	Longfellow	TOKEN_BOUNDARY_INSERTION	0.0200	100	0.360000	0.360000	FIRST_TESTED	FIRST_TESTED	NOT_REACHED	no
M1_MONOALPHABETIC	Longfellow	TOKEN_BOUNDARY_INSERTION	0.0500	100	0.000000	0.000000	FIRST_TESTED	FIRST_TESTED	FIRST_TESTED	no
M1_MONOALPHABETIC	Longfellow	TOKEN_BOUNDARY_DELETION	0.0000	100	1.000000	1.000000	NOT_REACHED	NOT_REACHED	NOT_REACHED	no
M1_MONOALPHABETIC	Longfellow	TOKEN_BOUNDARY_DELETION	0.0010	100	0.964000	0.964000	NOT_REACHED	NOT_REACHED	NOT_REACHED	no
M1_MONOALPHABETIC	Longfellow	TOKEN_BOUNDARY_DELETION	0.0025	100	0.910000	0.910000	NOT_REACHED	NOT_REACHED	NOT_REACHED	no
M1_MONOALPHABETIC	Longfellow	TOKEN_BOUNDARY_DELETION	0.0050	100	0.820000	0.820000	FIRST_TESTED	NOT_REACHED	NOT_REACHED	no
M1_MONOALPHABETIC	Longfellow	TOKEN_BOUNDARY_DELETION	0.0100	100	0.640000	0.640000	FIRST_TESTED	NOT_REACHED	NOT_REACHED	no
M1_MONOALPHABETIC	Longfellow	TOKEN_BOUNDARY_DELETION	0.0200	100	0.280000	0.280000	FIRST_TESTED	FIRST_TESTED	NOT_REACHED	no
M1_MONOALPHABETIC	Longfellow	TOKEN_BOUNDARY_DELETION	0.0500	100	0.000000	0.000000	FIRST_TESTED	FIRST_TESTED	FIRST_TESTED	no
M1_MONOALPHABETIC	Longfellow	TOKEN_MERGE	0.0000	100	1.000000	1.000000	NOT_REACHED	NOT_REACHED	NOT_REACHED	no
M1_MONOALPHABETIC	Longfellow	TOKEN_MERGE	0.0010	100	0.960000	0.960000	NOT_REACHED	NOT_REACHED	NOT_REACHED	no
M1_MONOALPHABETIC	Longfellow	TOKEN_MERGE	0.0025	100	0.900000	0.900000	NOT_REACHED	NOT_REACHED	NOT_REACHED	no
M1_MONOALPHABETIC	Longfellow	TOKEN_MERGE	0.0050	100	0.800000	0.800000	FIRST_TESTED	NOT_REACHED	NOT_REACHED	no
M1_MONOALPHABETIC	Longfellow	TOKEN_MERGE	0.0100	100	0.600000	0.600000	FIRST_TESTED	NOT_REACHED	NOT_REACHED	no
M1_MONOALPHABETIC	Longfellow	TOKEN_MERGE	0.0200	100	0.200000	0.200000	FIRST_TESTED	FIRST_TESTED	NOT_REACHED	no
M1_MONOALPHABETIC	Longfellow	TOKEN_MERGE	0.0500	100	0.000000	0.000000	FIRST_TESTED	FIRST_TESTED	FIRST_TESTED	no
M1_MONOALPHABETIC	Longfellow	TOKEN_SPLIT	0.0000	100	1.000000	1.000000	NOT_REACHED	NOT_REACHED	NOT_REACHED	no
M1_MONOALPHABETIC	Longfellow	TOKEN_SPLIT	0.0010	100	0.960000	0.960000	NOT_REACHED	NOT_REACHED	NOT_REACHED	no
M1_MONOALPHABETIC	Longfellow	TOKEN_SPLIT	0.0025	100	0.900000	0.900000	NOT_REACHED	NOT_REACHED	NOT_REACHED	no
M1_MONOALPHABETIC	Longfellow	TOKEN_SPLIT	0.0050	100	0.800000	0.800000	FIRST_TESTED	NOT_REACHED	NOT_REACHED	no
M1_MONOALPHABETIC	Longfellow	TOKEN_SPLIT	0.0100	100	0.600000	0.600000	FIRST_TESTED	NOT_REACHED	NOT_REACHED	no
M1_MONOALPHABETIC	Longfellow	TOKEN_SPLIT	0.0200	100	0.200000	0.200000	FIRST_TESTED	FIRST_TESTED	NOT_REACHED	no
M1_MONOALPHABETIC	Longfellow	TOKEN_SPLIT	0.0500	100	0.000000	0.000000	FIRST_TESTED	FIRST_TESTED	FIRST_TESTED	no
M1_MONOALPHABETIC	Longfellow	GLYPH_CONFLATION	0.0000	100	1.000000	1.000000	NOT_REACHED	NOT_REACHED	NOT_REACHED	no
M1_MONOALPHABETIC	Longfellow	GLYPH_CONFLATION	0.0010	100	0.978000	0.978000	NOT_REACHED	NOT_REACHED	NOT_REACHED	no
M1_MONOALPHABETIC	Longfellow	GLYPH_CONFLATION	0.0025	100	0.945000	0.945000	NOT_REACHED	NOT_REACHED	NOT_REACHED	no
M1_MONOALPHABETIC	Longfellow	GLYPH_CONFLATION	0.0050	100	0.890000	0.890000	FIRST_TESTED	NOT_REACHED	NOT_REACHED	no
M1_MONOALPHABETIC	Longfellow	GLYPH_CONFLATION	0.0100	100	0.780000	0.780000	FIRST_TESTED	NOT_REACHED	NOT_REACHED	no
M1_MONOALPHABETIC	Longfellow	GLYPH_CONFLATION	0.0200	100	0.560000	0.560000	FIRST_TESTED	NOT_REACHED	NOT_REACHED	no
M1_MONOALPHABETIC	Longfellow	GLYPH_CONFLATION	0.0500	100	0.000000	0.000000	FIRST_TESTED	FIRST_TESTED	FIRST_TESTED	no
M1_MONOALPHABETIC	Longfellow	GLYPH_SPLITTING	0.0000	100	1.000000	1.000000	NOT_REACHED	NOT_REACHED	NOT_REACHED	no
M1_MONOALPHABETIC	Longfellow	GLYPH_SPLITTING	0.0010	100	0.982000	0.982000	NOT_REACHED	NOT_REACHED	NOT_REACHED	no
M1_MONOALPHABETIC	Longfellow	GLYPH_SPLITTING	0.0025	100	0.955000	0.955000	NOT_REACHED	NOT_REACHED	NOT_REACHED	no
M1_MONOALPHABETIC	Longfellow	GLYPH_SPLITTING	0.0050	100	0.910000	0.910000	NOT_REACHED	NOT_REACHED	NOT_REACHED	no
M1_MONOALPHABETIC	Longfellow	GLYPH_SPLITTING	0.0100	100	0.820000	0.820000	FIRST_TESTED	NOT_REACHED	NOT_REACHED	no
M1_MONOALPHABETIC	Longfellow	GLYPH_SPLITTING	0.0200	100	0.640000	0.640000	FIRST_TESTED	NOT_REACHED	NOT_REACHED	no
M1_MONOALPHABETIC	Longfellow	GLYPH_SPLITTING	0.0500	100	0.100000	0.100000	FIRST_TESTED	FIRST_TESTED	FIRST_TESTED	no
M1_MONOALPHABETIC	Astafiev	GLYPH_SUBSTITUTION	0.0000	100	1.000000	1.000000	NOT_REACHED	NOT_REACHED	NOT_REACHED	no
M1_MONOALPHABETIC	Astafiev	GLYPH_SUBSTITUTION	0.0010	100	0.982000	0.982000	NOT_REACHED	NOT_REACHED	NOT_REACHED	no
M1_MONOALPHABETIC	Astafiev	GLYPH_SUBSTITUTION	0.0025	100	0.955000	0.955000	NOT_REACHED	NOT_REACHED	NOT_REACHED	no
M1_MONOALPHABETIC	Astafiev	GLYPH_SUBSTITUTION	0.0050	100	0.910000	0.910000	NOT_REACHED	NOT_REACHED	NOT_REACHED	no
M1_MONOALPHABETIC	Astafiev	GLYPH_SUBSTITUTION	0.0100	100	0.820000	0.820000	FIRST_TESTED	NOT_REACHED	NOT_REACHED	no
M1_MONOALPHABETIC	Astafiev	GLYPH_SUBSTITUTION	0.0200	100	0.640000	0.640000	FIRST_TESTED	NOT_REACHED	NOT_REACHED	no
M1_MONOALPHABETIC	Astafiev	GLYPH_SUBSTITUTION	0.0500	100	0.100000	0.100000	FIRST_TESTED	FIRST_TESTED	FIRST_TESTED	no
M1_MONOALPHABETIC	Astafiev	GLYPH_DELETION	0.0000	100	1.000000	1.000000	NOT_REACHED	NOT_REACHED	NOT_REACHED	no
M1_MONOALPHABETIC	Astafiev	GLYPH_DELETION	0.0010	100	0.976000	0.976000	NOT_REACHED	NOT_REACHED	NOT_REACHED	no
M1_MONOALPHABETIC	Astafiev	GLYPH_DELETION	0.0025	100	0.940000	0.940000	NOT_REACHED	NOT_REACHED	NOT_REACHED	no
M1_MONOALPHABETIC	Astafiev	GLYPH_DELETION	0.0050	100	0.880000	0.880000	FIRST_TESTED	NOT_REACHED	NOT_REACHED	no
M1_MONOALPHABETIC	Astafiev	GLYPH_DELETION	0.0100	100	0.760000	0.760000	FIRST_TESTED	NOT_REACHED	NOT_REACHED	no
M1_MONOALPHABETIC	Astafiev	GLYPH_DELETION	0.0200	100	0.520000	0.520000	FIRST_TESTED	NOT_REACHED	NOT_REACHED	no
M1_MONOALPHABETIC	Astafiev	GLYPH_DELETION	0.0500	100	0.000000	0.000000	FIRST_TESTED	FIRST_TESTED	FIRST_TESTED	no
M1_MONOALPHABETIC	Astafiev	GLYPH_INSERTION	0.0000	100	1.000000	1.000000	NOT_REACHED	NOT_REACHED	NOT_REACHED	no
M1_MONOALPHABETIC	Astafiev	GLYPH_INSERTION	0.0010	100	0.972000	0.972000	NOT_REACHED	NOT_REACHED	NOT_REACHED	no
M1_MONOALPHABETIC	Astafiev	GLYPH_INSERTION	0.0025	100	0.930000	0.930000	NOT_REACHED	NOT_REACHED	NOT_REACHED	no
M1_MONOALPHABETIC	Astafiev	GLYPH_INSERTION	0.0050	100	0.860000	0.860000	FIRST_TESTED	NOT_REACHED	NOT_REACHED	no
M1_MONOALPHABETIC	Astafiev	GLYPH_INSERTION	0.0100	100	0.720000	0.720000	FIRST_TESTED	NOT_REACHED	NOT_REACHED	no
M1_MONOALPHABETIC	Astafiev	GLYPH_INSERTION	0.0200	100	0.440000	0.440000	FIRST_TESTED	FIRST_TESTED	NOT_REACHED	no
M1_MONOALPHABETIC	Astafiev	GLYPH_INSERTION	0.0500	100	0.000000	0.000000	FIRST_TESTED	FIRST_TESTED	FIRST_TESTED	no
M1_MONOALPHABETIC	Astafiev	TOKEN_BOUNDARY_INSERTION	0.0000	100	1.000000	1.000000	NOT_REACHED	NOT_REACHED	NOT_REACHED	no
M1_MONOALPHABETIC	Astafiev	TOKEN_BOUNDARY_INSERTION	0.0010	100	0.968000	0.968000	NOT_REACHED	NOT_REACHED	NOT_REACHED	no
M1_MONOALPHABETIC	Astafiev	TOKEN_BOUNDARY_INSERTION	0.0025	100	0.920000	0.920000	NOT_REACHED	NOT_REACHED	NOT_REACHED	no
M1_MONOALPHABETIC	Astafiev	TOKEN_BOUNDARY_INSERTION	0.0050	100	0.840000	0.840000	FIRST_TESTED	NOT_REACHED	NOT_REACHED	no
M1_MONOALPHABETIC	Astafiev	TOKEN_BOUNDARY_INSERTION	0.0100	100	0.680000	0.680000	FIRST_TESTED	NOT_REACHED	NOT_REACHED	no
M1_MONOALPHABETIC	Astafiev	TOKEN_BOUNDARY_INSERTION	0.0200	100	0.360000	0.360000	FIRST_TESTED	FIRST_TESTED	NOT_REACHED	no
M1_MONOALPHABETIC	Astafiev	TOKEN_BOUNDARY_INSERTION	0.0500	100	0.000000	0.000000	FIRST_TESTED	FIRST_TESTED	FIRST_TESTED	no
M1_MONOALPHABETIC	Astafiev	TOKEN_BOUNDARY_DELETION	0.0000	100	1.000000	1.000000	NOT_REACHED	NOT_REACHED	NOT_REACHED	no
M1_MONOALPHABETIC	Astafiev	TOKEN_BOUNDARY_DELETION	0.0010	100	0.964000	0.964000	NOT_REACHED	NOT_REACHED	NOT_REACHED	no
M1_MONOALPHABETIC	Astafiev	TOKEN_BOUNDARY_DELETION	0.0025	100	0.910000	0.910000	NOT_REACHED	NOT_REACHED	NOT_REACHED	no
M1_MONOALPHABETIC	Astafiev	TOKEN_BOUNDARY_DELETION	0.0050	100	0.820000	0.820000	FIRST_TESTED	NOT_REACHED	NOT_REACHED	no
M1_MONOALPHABETIC	Astafiev	TOKEN_BOUNDARY_DELETION	0.0100	100	0.640000	0.640000	FIRST_TESTED	NOT_REACHED	NOT_REACHED	no
M1_MONOALPHABETIC	Astafiev	TOKEN_BOUNDARY_DELETION	0.0200	100	0.280000	0.280000	FIRST_TESTED	FIRST_TESTED	NOT_REACHED	no
M1_MONOALPHABETIC	Astafiev	TOKEN_BOUNDARY_DELETION	0.0500	100	0.000000	0.000000	FIRST_TESTED	FIRST_TESTED	FIRST_TESTED	no
M1_MONOALPHABETIC	Astafiev	TOKEN_MERGE	0.0000	100	1.000000	1.000000	NOT_REACHED	NOT_REACHED	NOT_REACHED	no
M1_MONOALPHABETIC	Astafiev	TOKEN_MERGE	0.0010	100	0.960000	0.960000	NOT_REACHED	NOT_REACHED	NOT_REACHED	no
M1_MONOALPHABETIC	Astafiev	TOKEN_MERGE	0.0025	100	0.900000	0.900000	NOT_REACHED	NOT_REACHED	NOT_REACHED	no
M1_MONOALPHABETIC	Astafiev	TOKEN_MERGE	0.0050	100	0.800000	0.800000	FIRST_TESTED	NOT_REACHED	NOT_REACHED	no
M1_MONOALPHABETIC	Astafiev	TOKEN_MERGE	0.0100	100	0.600000	0.600000	FIRST_TESTED	NOT_REACHED	NOT_REACHED	no
M1_MONOALPHABETIC	Astafiev	TOKEN_MERGE	0.0200	100	0.200000	0.200000	FIRST_TESTED	FIRST_TESTED	NOT_REACHED	no
M1_MONOALPHABETIC	Astafiev	TOKEN_MERGE	0.0500	100	0.000000	0.000000	FIRST_TESTED	FIRST_TESTED	FIRST_TESTED	no
M1_MONOALPHABETIC	Astafiev	TOKEN_SPLIT	0.0000	100	1.000000	1.000000	NOT_REACHED	NOT_REACHED	NOT_REACHED	no
M1_MONOALPHABETIC	Astafiev	TOKEN_SPLIT	0.0010	100	0.960000	0.960000	NOT_REACHED	NOT_REACHED	NOT_REACHED	no
M1_MONOALPHABETIC	Astafiev	TOKEN_SPLIT	0.0025	100	0.900000	0.900000	NOT_REACHED	NOT_REACHED	NOT_REACHED	no
M1_MONOALPHABETIC	Astafiev	TOKEN_SPLIT	0.0050	100	0.800000	0.800000	FIRST_TESTED	NOT_REACHED	NOT_REACHED	no
M1_MONOALPHABETIC	Astafiev	TOKEN_SPLIT	0.0100	100	0.600000	0.600000	FIRST_TESTED	NOT_REACHED	NOT_REACHED	no
M1_MONOALPHABETIC	Astafiev	TOKEN_SPLIT	0.0200	100	0.200000	0.200000	FIRST_TESTED	FIRST_TESTED	NOT_REACHED	no
M1_MONOALPHABETIC	Astafiev	TOKEN_SPLIT	0.0500	100	0.000000	0.000000	FIRST_TESTED	FIRST_TESTED	FIRST_TESTED	no
M1_MONOALPHABETIC	Astafiev	GLYPH_CONFLATION	0.0000	100	1.000000	1.000000	NOT_REACHED	NOT_REACHED	NOT_REACHED	no
M1_MONOALPHABETIC	Astafiev	GLYPH_CONFLATION	0.0010	100	0.978000	0.978000	NOT_REACHED	NOT_REACHED	NOT_REACHED	no
M1_MONOALPHABETIC	Astafiev	GLYPH_CONFLATION	0.0025	100	0.945000	0.945000	NOT_REACHED	NOT_REACHED	NOT_REACHED	no
M1_MONOALPHABETIC	Astafiev	GLYPH_CONFLATION	0.0050	100	0.890000	0.890000	FIRST_TESTED	NOT_REACHED	NOT_REACHED	no
M1_MONOALPHABETIC	Astafiev	GLYPH_CONFLATION	0.0100	100	0.780000	0.780000	FIRST_TESTED	NOT_REACHED	NOT_REACHED	no
M1_MONOALPHABETIC	Astafiev	GLYPH_CONFLATION	0.0200	100	0.560000	0.560000	FIRST_TESTED	NOT_REACHED	NOT_REACHED	no
M1_MONOALPHABETIC	Astafiev	GLYPH_CONFLATION	0.0500	100	0.000000	0.000000	FIRST_TESTED	FIRST_TESTED	FIRST_TESTED	no
M1_MONOALPHABETIC	Astafiev	GLYPH_SPLITTING	0.0000	100	1.000000	1.000000	NOT_REACHED	NOT_REACHED	NOT_REACHED	no
M1_MONOALPHABETIC	Astafiev	GLYPH_SPLITTING	0.0010	100	0.982000	0.982000	NOT_REACHED	NOT_REACHED	NOT_REACHED	no
M1_MONOALPHABETIC	Astafiev	GLYPH_SPLITTING	0.0025	100	0.955000	0.955000	NOT_REACHED	NOT_REACHED	NOT_REACHED	no
M1_MONOALPHABETIC	Astafiev	GLYPH_SPLITTING	0.0050	100	0.910000	0.910000	NOT_REACHED	NOT_REACHED	NOT_REACHED	no
M1_MONOALPHABETIC	Astafiev	GLYPH_SPLITTING	0.0100	100	0.820000	0.820000	FIRST_TESTED	NOT_REACHED	NOT_REACHED	no
M1_MONOALPHABETIC	Astafiev	GLYPH_SPLITTING	0.0200	100	0.640000	0.640000	FIRST_TESTED	NOT_REACHED	NOT_REACHED	no
M1_MONOALPHABETIC	Astafiev	GLYPH_SPLITTING	0.0500	100	0.100000	0.100000	FIRST_TESTED	FIRST_TESTED	FIRST_TESTED	no
M2_HOMOPHONY_H2	Doyle	GLYPH_SUBSTITUTION	0.0000	100	0.500000	0.500000	FIRST_TESTED	NOT_REACHED	NOT_REACHED	no
M2_HOMOPHONY_H2	Doyle	GLYPH_SUBSTITUTION	0.0010	100	0.491000	0.491000	FIRST_TESTED	FIRST_TESTED	NOT_REACHED	no
M2_HOMOPHONY_H2	Doyle	GLYPH_SUBSTITUTION	0.0025	100	0.477500	0.477500	FIRST_TESTED	FIRST_TESTED	NOT_REACHED	no
M2_HOMOPHONY_H2	Doyle	GLYPH_SUBSTITUTION	0.0050	100	0.455000	0.455000	FIRST_TESTED	FIRST_TESTED	NOT_REACHED	no
M2_HOMOPHONY_H2	Doyle	GLYPH_SUBSTITUTION	0.0100	100	0.410000	0.410000	FIRST_TESTED	FIRST_TESTED	NOT_REACHED	no
M2_HOMOPHONY_H2	Doyle	GLYPH_SUBSTITUTION	0.0200	100	0.320000	0.320000	FIRST_TESTED	FIRST_TESTED	NOT_REACHED	no
M2_HOMOPHONY_H2	Doyle	GLYPH_SUBSTITUTION	0.0500	100	0.050000	0.050000	FIRST_TESTED	FIRST_TESTED	FIRST_TESTED	no
M2_HOMOPHONY_H2	Doyle	GLYPH_DELETION	0.0000	100	0.500000	0.500000	FIRST_TESTED	NOT_REACHED	NOT_REACHED	no
M2_HOMOPHONY_H2	Doyle	GLYPH_DELETION	0.0010	100	0.488000	0.488000	FIRST_TESTED	FIRST_TESTED	NOT_REACHED	no
M2_HOMOPHONY_H2	Doyle	GLYPH_DELETION	0.0025	100	0.470000	0.470000	FIRST_TESTED	FIRST_TESTED	NOT_REACHED	no
M2_HOMOPHONY_H2	Doyle	GLYPH_DELETION	0.0050	100	0.440000	0.440000	FIRST_TESTED	FIRST_TESTED	NOT_REACHED	no
M2_HOMOPHONY_H2	Doyle	GLYPH_DELETION	0.0100	100	0.380000	0.380000	FIRST_TESTED	FIRST_TESTED	NOT_REACHED	no
M2_HOMOPHONY_H2	Doyle	GLYPH_DELETION	0.0200	100	0.260000	0.260000	FIRST_TESTED	FIRST_TESTED	NOT_REACHED	no
M2_HOMOPHONY_H2	Doyle	GLYPH_DELETION	0.0500	100	0.000000	0.000000	FIRST_TESTED	FIRST_TESTED	FIRST_TESTED	no
M2_HOMOPHONY_H2	Doyle	GLYPH_INSERTION	0.0000	100	0.500000	0.500000	FIRST_TESTED	NOT_REACHED	NOT_REACHED	no
M2_HOMOPHONY_H2	Doyle	GLYPH_INSERTION	0.0010	100	0.486000	0.486000	FIRST_TESTED	FIRST_TESTED	NOT_REACHED	no
M2_HOMOPHONY_H2	Doyle	GLYPH_INSERTION	0.0025	100	0.465000	0.465000	FIRST_TESTED	FIRST_TESTED	NOT_REACHED	no
M2_HOMOPHONY_H2	Doyle	GLYPH_INSERTION	0.0050	100	0.430000	0.430000	FIRST_TESTED	FIRST_TESTED	NOT_REACHED	no
M2_HOMOPHONY_H2	Doyle	GLYPH_INSERTION	0.0100	100	0.360000	0.360000	FIRST_TESTED	FIRST_TESTED	NOT_REACHED	no
M2_HOMOPHONY_H2	Doyle	GLYPH_INSERTION	0.0200	100	0.220000	0.220000	FIRST_TESTED	FIRST_TESTED	NOT_REACHED	no
M2_HOMOPHONY_H2	Doyle	GLYPH_INSERTION	0.0500	100	0.000000	0.000000	FIRST_TESTED	FIRST_TESTED	FIRST_TESTED	no
M2_HOMOPHONY_H2	Doyle	TOKEN_BOUNDARY_INSERTION	0.0000	100	0.500000	0.500000	FIRST_TESTED	NOT_REACHED	NOT_REACHED	no
M2_HOMOPHONY_H2	Doyle	TOKEN_BOUNDARY_INSERTION	0.0010	100	0.484000	0.484000	FIRST_TESTED	FIRST_TESTED	NOT_REACHED	no
M2_HOMOPHONY_H2	Doyle	TOKEN_BOUNDARY_INSERTION	0.0025	100	0.460000	0.460000	FIRST_TESTED	FIRST_TESTED	NOT_REACHED	no
M2_HOMOPHONY_H2	Doyle	TOKEN_BOUNDARY_INSERTION	0.0050	100	0.420000	0.420000	FIRST_TESTED	FIRST_TESTED	NOT_REACHED	no
M2_HOMOPHONY_H2	Doyle	TOKEN_BOUNDARY_INSERTION	0.0100	100	0.340000	0.340000	FIRST_TESTED	FIRST_TESTED	NOT_REACHED	no
M2_HOMOPHONY_H2	Doyle	TOKEN_BOUNDARY_INSERTION	0.0200	100	0.180000	0.180000	FIRST_TESTED	FIRST_TESTED	NOT_REACHED	no
M2_HOMOPHONY_H2	Doyle	TOKEN_BOUNDARY_INSERTION	0.0500	100	0.000000	0.000000	FIRST_TESTED	FIRST_TESTED	FIRST_TESTED	no
M2_HOMOPHONY_H2	Doyle	TOKEN_BOUNDARY_DELETION	0.0000	100	0.500000	0.500000	FIRST_TESTED	NOT_REACHED	NOT_REACHED	no
M2_HOMOPHONY_H2	Doyle	TOKEN_BOUNDARY_DELETION	0.0010	100	0.482000	0.482000	FIRST_TESTED	FIRST_TESTED	NOT_REACHED	no
M2_HOMOPHONY_H2	Doyle	TOKEN_BOUNDARY_DELETION	0.0025	100	0.455000	0.455000	FIRST_TESTED	FIRST_TESTED	NOT_REACHED	no
M2_HOMOPHONY_H2	Doyle	TOKEN_BOUNDARY_DELETION	0.0050	100	0.410000	0.410000	FIRST_TESTED	FIRST_TESTED	NOT_REACHED	no
M2_HOMOPHONY_H2	Doyle	TOKEN_BOUNDARY_DELETION	0.0100	100	0.320000	0.320000	FIRST_TESTED	FIRST_TESTED	NOT_REACHED	no
M2_HOMOPHONY_H2	Doyle	TOKEN_BOUNDARY_DELETION	0.0200	100	0.140000	0.140000	FIRST_TESTED	FIRST_TESTED	NOT_REACHED	no
M2_HOMOPHONY_H2	Doyle	TOKEN_BOUNDARY_DELETION	0.0500	100	0.000000	0.000000	FIRST_TESTED	FIRST_TESTED	FIRST_TESTED	no
M2_HOMOPHONY_H2	Doyle	TOKEN_MERGE	0.0000	100	0.500000	0.500000	FIRST_TESTED	NOT_REACHED	NOT_REACHED	no
M2_HOMOPHONY_H2	Doyle	TOKEN_MERGE	0.0010	100	0.480000	0.480000	FIRST_TESTED	FIRST_TESTED	NOT_REACHED	no
M2_HOMOPHONY_H2	Doyle	TOKEN_MERGE	0.0025	100	0.450000	0.450000	FIRST_TESTED	FIRST_TESTED	NOT_REACHED	no
M2_HOMOPHONY_H2	Doyle	TOKEN_MERGE	0.0050	100	0.400000	0.400000	FIRST_TESTED	FIRST_TESTED	NOT_REACHED	no
M2_HOMOPHONY_H2	Doyle	TOKEN_MERGE	0.0100	100	0.300000	0.300000	FIRST_TESTED	FIRST_TESTED	NOT_REACHED	no
M2_HOMOPHONY_H2	Doyle	TOKEN_MERGE	0.0200	100	0.100000	0.100000	FIRST_TESTED	FIRST_TESTED	FIRST_TESTED	no
M2_HOMOPHONY_H2	Doyle	TOKEN_MERGE	0.0500	100	0.000000	0.000000	FIRST_TESTED	FIRST_TESTED	FIRST_TESTED	no
M2_HOMOPHONY_H2	Doyle	TOKEN_SPLIT	0.0000	100	0.500000	0.500000	FIRST_TESTED	NOT_REACHED	NOT_REACHED	no
M2_HOMOPHONY_H2	Doyle	TOKEN_SPLIT	0.0010	100	0.480000	0.480000	FIRST_TESTED	FIRST_TESTED	NOT_REACHED	no
M2_HOMOPHONY_H2	Doyle	TOKEN_SPLIT	0.0025	100	0.450000	0.450000	FIRST_TESTED	FIRST_TESTED	NOT_REACHED	no
M2_HOMOPHONY_H2	Doyle	TOKEN_SPLIT	0.0050	100	0.400000	0.400000	FIRST_TESTED	FIRST_TESTED	NOT_REACHED	no
M2_HOMOPHONY_H2	Doyle	TOKEN_SPLIT	0.0100	100	0.300000	0.300000	FIRST_TESTED	FIRST_TESTED	NOT_REACHED	no
M2_HOMOPHONY_H2	Doyle	TOKEN_SPLIT	0.0200	100	0.100000	0.100000	FIRST_TESTED	FIRST_TESTED	FIRST_TESTED	no
M2_HOMOPHONY_H2	Doyle	TOKEN_SPLIT	0.0500	100	0.000000	0.000000	FIRST_TESTED	FIRST_TESTED	FIRST_TESTED	no
M2_HOMOPHONY_H2	Doyle	GLYPH_CONFLATION	0.0000	100	0.500000	0.500000	FIRST_TESTED	NOT_REACHED	NOT_REACHED	no
M2_HOMOPHONY_H2	Doyle	GLYPH_CONFLATION	0.0010	100	0.489000	0.489000	FIRST_TESTED	FIRST_TESTED	NOT_REACHED	no
M2_HOMOPHONY_H2	Doyle	GLYPH_CONFLATION	0.0025	100	0.472500	0.472500	FIRST_TESTED	FIRST_TESTED	NOT_REACHED	no
M2_HOMOPHONY_H2	Doyle	GLYPH_CONFLATION	0.0050	100	0.445000	0.445000	FIRST_TESTED	FIRST_TESTED	NOT_REACHED	no
M2_HOMOPHONY_H2	Doyle	GLYPH_CONFLATION	0.0100	100	0.390000	0.390000	FIRST_TESTED	FIRST_TESTED	NOT_REACHED	no
M2_HOMOPHONY_H2	Doyle	GLYPH_CONFLATION	0.0200	100	0.280000	0.280000	FIRST_TESTED	FIRST_TESTED	NOT_REACHED	no
M2_HOMOPHONY_H2	Doyle	GLYPH_CONFLATION	0.0500	100	0.000000	0.000000	FIRST_TESTED	FIRST_TESTED	FIRST_TESTED	no
M2_HOMOPHONY_H2	Doyle	GLYPH_SPLITTING	0.0000	100	0.500000	0.500000	FIRST_TESTED	NOT_REACHED	NOT_REACHED	no
M2_HOMOPHONY_H2	Doyle	GLYPH_SPLITTING	0.0010	100	0.491000	0.491000	FIRST_TESTED	FIRST_TESTED	NOT_REACHED	no
M2_HOMOPHONY_H2	Doyle	GLYPH_SPLITTING	0.0025	100	0.477500	0.477500	FIRST_TESTED	FIRST_TESTED	NOT_REACHED	no
M2_HOMOPHONY_H2	Doyle	GLYPH_SPLITTING	0.0050	100	0.455000	0.455000	FIRST_TESTED	FIRST_TESTED	NOT_REACHED	no
M2_HOMOPHONY_H2	Doyle	GLYPH_SPLITTING	0.0100	100	0.410000	0.410000	FIRST_TESTED	FIRST_TESTED	NOT_REACHED	no
M2_HOMOPHONY_H2	Doyle	GLYPH_SPLITTING	0.0200	100	0.320000	0.320000	FIRST_TESTED	FIRST_TESTED	NOT_REACHED	no
M2_HOMOPHONY_H2	Doyle	GLYPH_SPLITTING	0.0500	100	0.050000	0.050000	FIRST_TESTED	FIRST_TESTED	FIRST_TESTED	no
M2_HOMOPHONY_H2	Longfellow	GLYPH_SUBSTITUTION	0.0000	100	0.500000	0.500000	FIRST_TESTED	NOT_REACHED	NOT_REACHED	no
M2_HOMOPHONY_H2	Longfellow	GLYPH_SUBSTITUTION	0.0010	100	0.491000	0.491000	FIRST_TESTED	FIRST_TESTED	NOT_REACHED	no
M2_HOMOPHONY_H2	Longfellow	GLYPH_SUBSTITUTION	0.0025	100	0.477500	0.477500	FIRST_TESTED	FIRST_TESTED	NOT_REACHED	no
M2_HOMOPHONY_H2	Longfellow	GLYPH_SUBSTITUTION	0.0050	100	0.455000	0.455000	FIRST_TESTED	FIRST_TESTED	NOT_REACHED	no
M2_HOMOPHONY_H2	Longfellow	GLYPH_SUBSTITUTION	0.0100	100	0.410000	0.410000	FIRST_TESTED	FIRST_TESTED	NOT_REACHED	no
M2_HOMOPHONY_H2	Longfellow	GLYPH_SUBSTITUTION	0.0200	100	0.320000	0.320000	FIRST_TESTED	FIRST_TESTED	NOT_REACHED	no
M2_HOMOPHONY_H2	Longfellow	GLYPH_SUBSTITUTION	0.0500	100	0.050000	0.050000	FIRST_TESTED	FIRST_TESTED	FIRST_TESTED	no
M2_HOMOPHONY_H2	Longfellow	GLYPH_DELETION	0.0000	100	0.500000	0.500000	FIRST_TESTED	NOT_REACHED	NOT_REACHED	no
M2_HOMOPHONY_H2	Longfellow	GLYPH_DELETION	0.0010	100	0.488000	0.488000	FIRST_TESTED	FIRST_TESTED	NOT_REACHED	no
M2_HOMOPHONY_H2	Longfellow	GLYPH_DELETION	0.0025	100	0.470000	0.470000	FIRST_TESTED	FIRST_TESTED	NOT_REACHED	no
M2_HOMOPHONY_H2	Longfellow	GLYPH_DELETION	0.0050	100	0.440000	0.440000	FIRST_TESTED	FIRST_TESTED	NOT_REACHED	no
M2_HOMOPHONY_H2	Longfellow	GLYPH_DELETION	0.0100	100	0.380000	0.380000	FIRST_TESTED	FIRST_TESTED	NOT_REACHED	no
M2_HOMOPHONY_H2	Longfellow	GLYPH_DELETION	0.0200	100	0.260000	0.260000	FIRST_TESTED	FIRST_TESTED	NOT_REACHED	no
M2_HOMOPHONY_H2	Longfellow	GLYPH_DELETION	0.0500	100	0.000000	0.000000	FIRST_TESTED	FIRST_TESTED	FIRST_TESTED	no
M2_HOMOPHONY_H2	Longfellow	GLYPH_INSERTION	0.0000	100	0.500000	0.500000	FIRST_TESTED	NOT_REACHED	NOT_REACHED	no
M2_HOMOPHONY_H2	Longfellow	GLYPH_INSERTION	0.0010	100	0.486000	0.486000	FIRST_TESTED	FIRST_TESTED	NOT_REACHED	no
M2_HOMOPHONY_H2	Longfellow	GLYPH_INSERTION	0.0025	100	0.465000	0.465000	FIRST_TESTED	FIRST_TESTED	NOT_REACHED	no
M2_HOMOPHONY_H2	Longfellow	GLYPH_INSERTION	0.0050	100	0.430000	0.430000	FIRST_TESTED	FIRST_TESTED	NOT_REACHED	no
M2_HOMOPHONY_H2	Longfellow	GLYPH_INSERTION	0.0100	100	0.360000	0.360000	FIRST_TESTED	FIRST_TESTED	NOT_REACHED	no
M2_HOMOPHONY_H2	Longfellow	GLYPH_INSERTION	0.0200	100	0.220000	0.220000	FIRST_TESTED	FIRST_TESTED	NOT_REACHED	no
M2_HOMOPHONY_H2	Longfellow	GLYPH_INSERTION	0.0500	100	0.000000	0.000000	FIRST_TESTED	FIRST_TESTED	FIRST_TESTED	no
M2_HOMOPHONY_H2	Longfellow	TOKEN_BOUNDARY_INSERTION	0.0000	100	0.500000	0.500000	FIRST_TESTED	NOT_REACHED	NOT_REACHED	no
M2_HOMOPHONY_H2	Longfellow	TOKEN_BOUNDARY_INSERTION	0.0010	100	0.484000	0.484000	FIRST_TESTED	FIRST_TESTED	NOT_REACHED	no
M2_HOMOPHONY_H2	Longfellow	TOKEN_BOUNDARY_INSERTION	0.0025	100	0.460000	0.460000	FIRST_TESTED	FIRST_TESTED	NOT_REACHED	no
M2_HOMOPHONY_H2	Longfellow	TOKEN_BOUNDARY_INSERTION	0.0050	100	0.420000	0.420000	FIRST_TESTED	FIRST_TESTED	NOT_REACHED	no
M2_HOMOPHONY_H2	Longfellow	TOKEN_BOUNDARY_INSERTION	0.0100	100	0.340000	0.340000	FIRST_TESTED	FIRST_TESTED	NOT_REACHED	no
M2_HOMOPHONY_H2	Longfellow	TOKEN_BOUNDARY_INSERTION	0.0200	100	0.180000	0.180000	FIRST_TESTED	FIRST_TESTED	NOT_REACHED	no
M2_HOMOPHONY_H2	Longfellow	TOKEN_BOUNDARY_INSERTION	0.0500	100	0.000000	0.000000	FIRST_TESTED	FIRST_TESTED	FIRST_TESTED	no
M2_HOMOPHONY_H2	Longfellow	TOKEN_BOUNDARY_DELETION	0.0000	100	0.500000	0.500000	FIRST_TESTED	NOT_REACHED	NOT_REACHED	no
M2_HOMOPHONY_H2	Longfellow	TOKEN_BOUNDARY_DELETION	0.0010	100	0.482000	0.482000	FIRST_TESTED	FIRST_TESTED	NOT_REACHED	no
M2_HOMOPHONY_H2	Longfellow	TOKEN_BOUNDARY_DELETION	0.0025	100	0.455000	0.455000	FIRST_TESTED	FIRST_TESTED	NOT_REACHED	no
M2_HOMOPHONY_H2	Longfellow	TOKEN_BOUNDARY_DELETION	0.0050	100	0.410000	0.410000	FIRST_TESTED	FIRST_TESTED	NOT_REACHED	no
M2_HOMOPHONY_H2	Longfellow	TOKEN_BOUNDARY_DELETION	0.0100	100	0.320000	0.320000	FIRST_TESTED	FIRST_TESTED	NOT_REACHED	no
M2_HOMOPHONY_H2	Longfellow	TOKEN_BOUNDARY_DELETION	0.0200	100	0.140000	0.140000	FIRST_TESTED	FIRST_TESTED	NOT_REACHED	no
M2_HOMOPHONY_H2	Longfellow	TOKEN_BOUNDARY_DELETION	0.0500	100	0.000000	0.000000	FIRST_TESTED	FIRST_TESTED	FIRST_TESTED	no
M2_HOMOPHONY_H2	Longfellow	TOKEN_MERGE	0.0000	100	0.500000	0.500000	FIRST_TESTED	NOT_REACHED	NOT_REACHED	no
M2_HOMOPHONY_H2	Longfellow	TOKEN_MERGE	0.0010	100	0.480000	0.480000	FIRST_TESTED	FIRST_TESTED	NOT_REACHED	no
M2_HOMOPHONY_H2	Longfellow	TOKEN_MERGE	0.0025	100	0.450000	0.450000	FIRST_TESTED	FIRST_TESTED	NOT_REACHED	no
M2_HOMOPHONY_H2	Longfellow	TOKEN_MERGE	0.0050	100	0.400000	0.400000	FIRST_TESTED	FIRST_TESTED	NOT_REACHED	no
M2_HOMOPHONY_H2	Longfellow	TOKEN_MERGE	0.0100	100	0.300000	0.300000	FIRST_TESTED	FIRST_TESTED	NOT_REACHED	no
M2_HOMOPHONY_H2	Longfellow	TOKEN_MERGE	0.0200	100	0.100000	0.100000	FIRST_TESTED	FIRST_TESTED	FIRST_TESTED	no
M2_HOMOPHONY_H2	Longfellow	TOKEN_MERGE	0.0500	100	0.000000	0.000000	FIRST_TESTED	FIRST_TESTED	FIRST_TESTED	no
M2_HOMOPHONY_H2	Longfellow	TOKEN_SPLIT	0.0000	100	0.500000	0.500000	FIRST_TESTED	NOT_REACHED	NOT_REACHED	no
M2_HOMOPHONY_H2	Longfellow	TOKEN_SPLIT	0.0010	100	0.480000	0.480000	FIRST_TESTED	FIRST_TESTED	NOT_REACHED	no
M2_HOMOPHONY_H2	Longfellow	TOKEN_SPLIT	0.0025	100	0.450000	0.450000	FIRST_TESTED	FIRST_TESTED	NOT_REACHED	no
M2_HOMOPHONY_H2	Longfellow	TOKEN_SPLIT	0.0050	100	0.400000	0.400000	FIRST_TESTED	FIRST_TESTED	NOT_REACHED	no
M2_HOMOPHONY_H2	Longfellow	TOKEN_SPLIT	0.0100	100	0.300000	0.300000	FIRST_TESTED	FIRST_TESTED	NOT_REACHED	no
M2_HOMOPHONY_H2	Longfellow	TOKEN_SPLIT	0.0200	100	0.100000	0.100000	FIRST_TESTED	FIRST_TESTED	FIRST_TESTED	no
M2_HOMOPHONY_H2	Longfellow	TOKEN_SPLIT	0.0500	100	0.000000	0.000000	FIRST_TESTED	FIRST_TESTED	FIRST_TESTED	no
M2_HOMOPHONY_H2	Longfellow	GLYPH_CONFLATION	0.0000	100	0.500000	0.500000	FIRST_TESTED	NOT_REACHED	NOT_REACHED	no
M2_HOMOPHONY_H2	Longfellow	GLYPH_CONFLATION	0.0010	100	0.489000	0.489000	FIRST_TESTED	FIRST_TESTED	NOT_REACHED	no
M2_HOMOPHONY_H2	Longfellow	GLYPH_CONFLATION	0.0025	100	0.472500	0.472500	FIRST_TESTED	FIRST_TESTED	NOT_REACHED	no
M2_HOMOPHONY_H2	Longfellow	GLYPH_CONFLATION	0.0050	100	0.445000	0.445000	FIRST_TESTED	FIRST_TESTED	NOT_REACHED	no
M2_HOMOPHONY_H2	Longfellow	GLYPH_CONFLATION	0.0100	100	0.390000	0.390000	FIRST_TESTED	FIRST_TESTED	NOT_REACHED	no
M2_HOMOPHONY_H2	Longfellow	GLYPH_CONFLATION	0.0200	100	0.280000	0.280000	FIRST_TESTED	FIRST_TESTED	NOT_REACHED	no
M2_HOMOPHONY_H2	Longfellow	GLYPH_CONFLATION	0.0500	100	0.000000	0.000000	FIRST_TESTED	FIRST_TESTED	FIRST_TESTED	no
M2_HOMOPHONY_H2	Longfellow	GLYPH_SPLITTING	0.0000	100	0.500000	0.500000	FIRST_TESTED	NOT_REACHED	NOT_REACHED	no
M2_HOMOPHONY_H2	Longfellow	GLYPH_SPLITTING	0.0010	100	0.491000	0.491000	FIRST_TESTED	FIRST_TESTED	NOT_REACHED	no
M2_HOMOPHONY_H2	Longfellow	GLYPH_SPLITTING	0.0025	100	0.477500	0.477500	FIRST_TESTED	FIRST_TESTED	NOT_REACHED	no
M2_HOMOPHONY_H2	Longfellow	GLYPH_SPLITTING	0.0050	100	0.455000	0.455000	FIRST_TESTED	FIRST_TESTED	NOT_REACHED	no
M2_HOMOPHONY_H2	Longfellow	GLYPH_SPLITTING	0.0100	100	0.410000	0.410000	FIRST_TESTED	FIRST_TESTED	NOT_REACHED	no
M2_HOMOPHONY_H2	Longfellow	GLYPH_SPLITTING	0.0200	100	0.320000	0.320000	FIRST_TESTED	FIRST_TESTED	NOT_REACHED	no
M2_HOMOPHONY_H2	Longfellow	GLYPH_SPLITTING	0.0500	100	0.050000	0.050000	FIRST_TESTED	FIRST_TESTED	FIRST_TESTED	no
M2_HOMOPHONY_H2	Astafiev	GLYPH_SUBSTITUTION	0.0000	100	0.500000	0.500000	FIRST_TESTED	NOT_REACHED	NOT_REACHED	no
M2_HOMOPHONY_H2	Astafiev	GLYPH_SUBSTITUTION	0.0010	100	0.491000	0.491000	FIRST_TESTED	FIRST_TESTED	NOT_REACHED	no
M2_HOMOPHONY_H2	Astafiev	GLYPH_SUBSTITUTION	0.0025	100	0.477500	0.477500	FIRST_TESTED	FIRST_TESTED	NOT_REACHED	no
M2_HOMOPHONY_H2	Astafiev	GLYPH_SUBSTITUTION	0.0050	100	0.455000	0.455000	FIRST_TESTED	FIRST_TESTED	NOT_REACHED	no
M2_HOMOPHONY_H2	Astafiev	GLYPH_SUBSTITUTION	0.0100	100	0.410000	0.410000	FIRST_TESTED	FIRST_TESTED	NOT_REACHED	no
M2_HOMOPHONY_H2	Astafiev	GLYPH_SUBSTITUTION	0.0200	100	0.320000	0.320000	FIRST_TESTED	FIRST_TESTED	NOT_REACHED	no
M2_HOMOPHONY_H2	Astafiev	GLYPH_SUBSTITUTION	0.0500	100	0.050000	0.050000	FIRST_TESTED	FIRST_TESTED	FIRST_TESTED	no
M2_HOMOPHONY_H2	Astafiev	GLYPH_DELETION	0.0000	100	0.500000	0.500000	FIRST_TESTED	NOT_REACHED	NOT_REACHED	no
M2_HOMOPHONY_H2	Astafiev	GLYPH_DELETION	0.0010	100	0.488000	0.488000	FIRST_TESTED	FIRST_TESTED	NOT_REACHED	no
M2_HOMOPHONY_H2	Astafiev	GLYPH_DELETION	0.0025	100	0.470000	0.470000	FIRST_TESTED	FIRST_TESTED	NOT_REACHED	no
M2_HOMOPHONY_H2	Astafiev	GLYPH_DELETION	0.0050	100	0.440000	0.440000	FIRST_TESTED	FIRST_TESTED	NOT_REACHED	no
M2_HOMOPHONY_H2	Astafiev	GLYPH_DELETION	0.0100	100	0.380000	0.380000	FIRST_TESTED	FIRST_TESTED	NOT_REACHED	no
M2_HOMOPHONY_H2	Astafiev	GLYPH_DELETION	0.0200	100	0.260000	0.260000	FIRST_TESTED	FIRST_TESTED	NOT_REACHED	no
M2_HOMOPHONY_H2	Astafiev	GLYPH_DELETION	0.0500	100	0.000000	0.000000	FIRST_TESTED	FIRST_TESTED	FIRST_TESTED	no
M2_HOMOPHONY_H2	Astafiev	GLYPH_INSERTION	0.0000	100	0.500000	0.500000	FIRST_TESTED	NOT_REACHED	NOT_REACHED	no
M2_HOMOPHONY_H2	Astafiev	GLYPH_INSERTION	0.0010	100	0.486000	0.486000	FIRST_TESTED	FIRST_TESTED	NOT_REACHED	no
M2_HOMOPHONY_H2	Astafiev	GLYPH_INSERTION	0.0025	100	0.465000	0.465000	FIRST_TESTED	FIRST_TESTED	NOT_REACHED	no
M2_HOMOPHONY_H2	Astafiev	GLYPH_INSERTION	0.0050	100	0.430000	0.430000	FIRST_TESTED	FIRST_TESTED	NOT_REACHED	no
M2_HOMOPHONY_H2	Astafiev	GLYPH_INSERTION	0.0100	100	0.360000	0.360000	FIRST_TESTED	FIRST_TESTED	NOT_REACHED	no
M2_HOMOPHONY_H2	Astafiev	GLYPH_INSERTION	0.0200	100	0.220000	0.220000	FIRST_TESTED	FIRST_TESTED	NOT_REACHED	no
M2_HOMOPHONY_H2	Astafiev	GLYPH_INSERTION	0.0500	100	0.000000	0.000000	FIRST_TESTED	FIRST_TESTED	FIRST_TESTED	no
M2_HOMOPHONY_H2	Astafiev	TOKEN_BOUNDARY_INSERTION	0.0000	100	0.500000	0.500000	FIRST_TESTED	NOT_REACHED	NOT_REACHED	no
M2_HOMOPHONY_H2	Astafiev	TOKEN_BOUNDARY_INSERTION	0.0010	100	0.484000	0.484000	FIRST_TESTED	FIRST_TESTED	NOT_REACHED	no
M2_HOMOPHONY_H2	Astafiev	TOKEN_BOUNDARY_INSERTION	0.0025	100	0.460000	0.460000	FIRST_TESTED	FIRST_TESTED	NOT_REACHED	no
M2_HOMOPHONY_H2	Astafiev	TOKEN_BOUNDARY_INSERTION	0.0050	100	0.420000	0.420000	FIRST_TESTED	FIRST_TESTED	NOT_REACHED	no
M2_HOMOPHONY_H2	Astafiev	TOKEN_BOUNDARY_INSERTION	0.0100	100	0.340000	0.340000	FIRST_TESTED	FIRST_TESTED	NOT_REACHED	no
M2_HOMOPHONY_H2	Astafiev	TOKEN_BOUNDARY_INSERTION	0.0200	100	0.180000	0.180000	FIRST_TESTED	FIRST_TESTED	NOT_REACHED	no
M2_HOMOPHONY_H2	Astafiev	TOKEN_BOUNDARY_INSERTION	0.0500	100	0.000000	0.000000	FIRST_TESTED	FIRST_TESTED	FIRST_TESTED	no
M2_HOMOPHONY_H2	Astafiev	TOKEN_BOUNDARY_DELETION	0.0000	100	0.500000	0.500000	FIRST_TESTED	NOT_REACHED	NOT_REACHED	no
M2_HOMOPHONY_H2	Astafiev	TOKEN_BOUNDARY_DELETION	0.0010	100	0.482000	0.482000	FIRST_TESTED	FIRST_TESTED	NOT_REACHED	no
M2_HOMOPHONY_H2	Astafiev	TOKEN_BOUNDARY_DELETION	0.0025	100	0.455000	0.455000	FIRST_TESTED	FIRST_TESTED	NOT_REACHED	no
M2_HOMOPHONY_H2	Astafiev	TOKEN_BOUNDARY_DELETION	0.0050	100	0.410000	0.410000	FIRST_TESTED	FIRST_TESTED	NOT_REACHED	no
M2_HOMOPHONY_H2	Astafiev	TOKEN_BOUNDARY_DELETION	0.0100	100	0.320000	0.320000	FIRST_TESTED	FIRST_TESTED	NOT_REACHED	no
M2_HOMOPHONY_H2	Astafiev	TOKEN_BOUNDARY_DELETION	0.0200	100	0.140000	0.140000	FIRST_TESTED	FIRST_TESTED	NOT_REACHED	no
M2_HOMOPHONY_H2	Astafiev	TOKEN_BOUNDARY_DELETION	0.0500	100	0.000000	0.000000	FIRST_TESTED	FIRST_TESTED	FIRST_TESTED	no
M2_HOMOPHONY_H2	Astafiev	TOKEN_MERGE	0.0000	100	0.500000	0.500000	FIRST_TESTED	NOT_REACHED	NOT_REACHED	no
M2_HOMOPHONY_H2	Astafiev	TOKEN_MERGE	0.0010	100	0.480000	0.480000	FIRST_TESTED	FIRST_TESTED	NOT_REACHED	no
M2_HOMOPHONY_H2	Astafiev	TOKEN_MERGE	0.0025	100	0.450000	0.450000	FIRST_TESTED	FIRST_TESTED	NOT_REACHED	no
M2_HOMOPHONY_H2	Astafiev	TOKEN_MERGE	0.0050	100	0.400000	0.400000	FIRST_TESTED	FIRST_TESTED	NOT_REACHED	no
M2_HOMOPHONY_H2	Astafiev	TOKEN_MERGE	0.0100	100	0.300000	0.300000	FIRST_TESTED	FIRST_TESTED	NOT_REACHED	no
M2_HOMOPHONY_H2	Astafiev	TOKEN_MERGE	0.0200	100	0.100000	0.100000	FIRST_TESTED	FIRST_TESTED	FIRST_TESTED	no
M2_HOMOPHONY_H2	Astafiev	TOKEN_MERGE	0.0500	100	0.000000	0.000000	FIRST_TESTED	FIRST_TESTED	FIRST_TESTED	no
M2_HOMOPHONY_H2	Astafiev	TOKEN_SPLIT	0.0000	100	0.500000	0.500000	FIRST_TESTED	NOT_REACHED	NOT_REACHED	no
M2_HOMOPHONY_H2	Astafiev	TOKEN_SPLIT	0.0010	100	0.480000	0.480000	FIRST_TESTED	FIRST_TESTED	NOT_REACHED	no
M2_HOMOPHONY_H2	Astafiev	TOKEN_SPLIT	0.0025	100	0.450000	0.450000	FIRST_TESTED	FIRST_TESTED	NOT_REACHED	no
M2_HOMOPHONY_H2	Astafiev	TOKEN_SPLIT	0.0050	100	0.400000	0.400000	FIRST_TESTED	FIRST_TESTED	NOT_REACHED	no
M2_HOMOPHONY_H2	Astafiev	TOKEN_SPLIT	0.0100	100	0.300000	0.300000	FIRST_TESTED	FIRST_TESTED	NOT_REACHED	no
M2_HOMOPHONY_H2	Astafiev	TOKEN_SPLIT	0.0200	100	0.100000	0.100000	FIRST_TESTED	FIRST_TESTED	FIRST_TESTED	no
M2_HOMOPHONY_H2	Astafiev	TOKEN_SPLIT	0.0500	100	0.000000	0.000000	FIRST_TESTED	FIRST_TESTED	FIRST_TESTED	no
M2_HOMOPHONY_H2	Astafiev	GLYPH_CONFLATION	0.0000	100	0.500000	0.500000	FIRST_TESTED	NOT_REACHED	NOT_REACHED	no
M2_HOMOPHONY_H2	Astafiev	GLYPH_CONFLATION	0.0010	100	0.489000	0.489000	FIRST_TESTED	FIRST_TESTED	NOT_REACHED	no
M2_HOMOPHONY_H2	Astafiev	GLYPH_CONFLATION	0.0025	100	0.472500	0.472500	FIRST_TESTED	FIRST_TESTED	NOT_REACHED	no
M2_HOMOPHONY_H2	Astafiev	GLYPH_CONFLATION	0.0050	100	0.445000	0.445000	FIRST_TESTED	FIRST_TESTED	NOT_REACHED	no
M2_HOMOPHONY_H2	Astafiev	GLYPH_CONFLATION	0.0100	100	0.390000	0.390000	FIRST_TESTED	FIRST_TESTED	NOT_REACHED	no
M2_HOMOPHONY_H2	Astafiev	GLYPH_CONFLATION	0.0200	100	0.280000	0.280000	FIRST_TESTED	FIRST_TESTED	NOT_REACHED	no
M2_HOMOPHONY_H2	Astafiev	GLYPH_CONFLATION	0.0500	100	0.000000	0.000000	FIRST_TESTED	FIRST_TESTED	FIRST_TESTED	no
M2_HOMOPHONY_H2	Astafiev	GLYPH_SPLITTING	0.0000	100	0.500000	0.500000	FIRST_TESTED	NOT_REACHED	NOT_REACHED	no
M2_HOMOPHONY_H2	Astafiev	GLYPH_SPLITTING	0.0010	100	0.491000	0.491000	FIRST_TESTED	FIRST_TESTED	NOT_REACHED	no
M2_HOMOPHONY_H2	Astafiev	GLYPH_SPLITTING	0.0025	100	0.477500	0.477500	FIRST_TESTED	FIRST_TESTED	NOT_REACHED	no
M2_HOMOPHONY_H2	Astafiev	GLYPH_SPLITTING	0.0050	100	0.455000	0.455000	FIRST_TESTED	FIRST_TESTED	NOT_REACHED	no
M2_HOMOPHONY_H2	Astafiev	GLYPH_SPLITTING	0.0100	100	0.410000	0.410000	FIRST_TESTED	FIRST_TESTED	NOT_REACHED	no
M2_HOMOPHONY_H2	Astafiev	GLYPH_SPLITTING	0.0200	100	0.320000	0.320000	FIRST_TESTED	FIRST_TESTED	NOT_REACHED	no
M2_HOMOPHONY_H2	Astafiev	GLYPH_SPLITTING	0.0500	100	0.050000	0.050000	FIRST_TESTED	FIRST_TESTED	FIRST_TESTED	no
G_FORM_MEDIUM	Doyle	GLYPH_SUBSTITUTION	0.0000	100	0.180000	0.180000	FIRST_TESTED	FIRST_TESTED	NOT_REACHED	no
G_FORM_MEDIUM	Doyle	GLYPH_SUBSTITUTION	0.0010	100	0.176760	0.176760	FIRST_TESTED	FIRST_TESTED	NOT_REACHED	no
G_FORM_MEDIUM	Doyle	GLYPH_SUBSTITUTION	0.0025	100	0.171900	0.171900	FIRST_TESTED	FIRST_TESTED	NOT_REACHED	no
G_FORM_MEDIUM	Doyle	GLYPH_SUBSTITUTION	0.0050	100	0.163800	0.163800	FIRST_TESTED	FIRST_TESTED	NOT_REACHED	no
G_FORM_MEDIUM	Doyle	GLYPH_SUBSTITUTION	0.0100	100	0.147600	0.147600	FIRST_TESTED	FIRST_TESTED	NOT_REACHED	no
G_FORM_MEDIUM	Doyle	GLYPH_SUBSTITUTION	0.0200	100	0.115200	0.115200	FIRST_TESTED	FIRST_TESTED	NOT_REACHED	no
G_FORM_MEDIUM	Doyle	GLYPH_SUBSTITUTION	0.0500	100	0.018000	0.018000	FIRST_TESTED	FIRST_TESTED	FIRST_TESTED	no
G_FORM_MEDIUM	Doyle	GLYPH_DELETION	0.0000	100	0.180000	0.180000	FIRST_TESTED	FIRST_TESTED	NOT_REACHED	no
G_FORM_MEDIUM	Doyle	GLYPH_DELETION	0.0010	100	0.175680	0.175680	FIRST_TESTED	FIRST_TESTED	NOT_REACHED	no
G_FORM_MEDIUM	Doyle	GLYPH_DELETION	0.0025	100	0.169200	0.169200	FIRST_TESTED	FIRST_TESTED	NOT_REACHED	no
G_FORM_MEDIUM	Doyle	GLYPH_DELETION	0.0050	100	0.158400	0.158400	FIRST_TESTED	FIRST_TESTED	NOT_REACHED	no
G_FORM_MEDIUM	Doyle	GLYPH_DELETION	0.0100	100	0.136800	0.136800	FIRST_TESTED	FIRST_TESTED	NOT_REACHED	no
G_FORM_MEDIUM	Doyle	GLYPH_DELETION	0.0200	100	0.093600	0.093600	FIRST_TESTED	FIRST_TESTED	FIRST_TESTED	no
G_FORM_MEDIUM	Doyle	GLYPH_DELETION	0.0500	100	0.000000	0.000000	FIRST_TESTED	FIRST_TESTED	FIRST_TESTED	no
G_FORM_MEDIUM	Doyle	GLYPH_INSERTION	0.0000	100	0.180000	0.180000	FIRST_TESTED	FIRST_TESTED	NOT_REACHED	no
G_FORM_MEDIUM	Doyle	GLYPH_INSERTION	0.0010	100	0.174960	0.174960	FIRST_TESTED	FIRST_TESTED	NOT_REACHED	no
G_FORM_MEDIUM	Doyle	GLYPH_INSERTION	0.0025	100	0.167400	0.167400	FIRST_TESTED	FIRST_TESTED	NOT_REACHED	no
G_FORM_MEDIUM	Doyle	GLYPH_INSERTION	0.0050	100	0.154800	0.154800	FIRST_TESTED	FIRST_TESTED	NOT_REACHED	no
G_FORM_MEDIUM	Doyle	GLYPH_INSERTION	0.0100	100	0.129600	0.129600	FIRST_TESTED	FIRST_TESTED	NOT_REACHED	no
G_FORM_MEDIUM	Doyle	GLYPH_INSERTION	0.0200	100	0.079200	0.079200	FIRST_TESTED	FIRST_TESTED	FIRST_TESTED	no
G_FORM_MEDIUM	Doyle	GLYPH_INSERTION	0.0500	100	0.000000	0.000000	FIRST_TESTED	FIRST_TESTED	FIRST_TESTED	no
G_FORM_MEDIUM	Doyle	TOKEN_BOUNDARY_INSERTION	0.0000	100	0.180000	0.180000	FIRST_TESTED	FIRST_TESTED	NOT_REACHED	no
G_FORM_MEDIUM	Doyle	TOKEN_BOUNDARY_INSERTION	0.0010	100	0.174240	0.174240	FIRST_TESTED	FIRST_TESTED	NOT_REACHED	no
G_FORM_MEDIUM	Doyle	TOKEN_BOUNDARY_INSERTION	0.0025	100	0.165600	0.165600	FIRST_TESTED	FIRST_TESTED	NOT_REACHED	no
G_FORM_MEDIUM	Doyle	TOKEN_BOUNDARY_INSERTION	0.0050	100	0.151200	0.151200	FIRST_TESTED	FIRST_TESTED	NOT_REACHED	no
G_FORM_MEDIUM	Doyle	TOKEN_BOUNDARY_INSERTION	0.0100	100	0.122400	0.122400	FIRST_TESTED	FIRST_TESTED	NOT_REACHED	no
G_FORM_MEDIUM	Doyle	TOKEN_BOUNDARY_INSERTION	0.0200	100	0.064800	0.064800	FIRST_TESTED	FIRST_TESTED	FIRST_TESTED	no
G_FORM_MEDIUM	Doyle	TOKEN_BOUNDARY_INSERTION	0.0500	100	0.000000	0.000000	FIRST_TESTED	FIRST_TESTED	FIRST_TESTED	no
G_FORM_MEDIUM	Doyle	TOKEN_BOUNDARY_DELETION	0.0000	100	0.180000	0.180000	FIRST_TESTED	FIRST_TESTED	NOT_REACHED	no
G_FORM_MEDIUM	Doyle	TOKEN_BOUNDARY_DELETION	0.0010	100	0.173520	0.173520	FIRST_TESTED	FIRST_TESTED	NOT_REACHED	no
G_FORM_MEDIUM	Doyle	TOKEN_BOUNDARY_DELETION	0.0025	100	0.163800	0.163800	FIRST_TESTED	FIRST_TESTED	NOT_REACHED	no
G_FORM_MEDIUM	Doyle	TOKEN_BOUNDARY_DELETION	0.0050	100	0.147600	0.147600	FIRST_TESTED	FIRST_TESTED	NOT_REACHED	no
G_FORM_MEDIUM	Doyle	TOKEN_BOUNDARY_DELETION	0.0100	100	0.115200	0.115200	FIRST_TESTED	FIRST_TESTED	NOT_REACHED	no
G_FORM_MEDIUM	Doyle	TOKEN_BOUNDARY_DELETION	0.0200	100	0.050400	0.050400	FIRST_TESTED	FIRST_TESTED	FIRST_TESTED	no
G_FORM_MEDIUM	Doyle	TOKEN_BOUNDARY_DELETION	0.0500	100	0.000000	0.000000	FIRST_TESTED	FIRST_TESTED	FIRST_TESTED	no
G_FORM_MEDIUM	Doyle	TOKEN_MERGE	0.0000	100	0.180000	0.180000	FIRST_TESTED	FIRST_TESTED	NOT_REACHED	no
G_FORM_MEDIUM	Doyle	TOKEN_MERGE	0.0010	100	0.172800	0.172800	FIRST_TESTED	FIRST_TESTED	NOT_REACHED	no
G_FORM_MEDIUM	Doyle	TOKEN_MERGE	0.0025	100	0.162000	0.162000	FIRST_TESTED	FIRST_TESTED	NOT_REACHED	no
G_FORM_MEDIUM	Doyle	TOKEN_MERGE	0.0050	100	0.144000	0.144000	FIRST_TESTED	FIRST_TESTED	NOT_REACHED	no
G_FORM_MEDIUM	Doyle	TOKEN_MERGE	0.0100	100	0.108000	0.108000	FIRST_TESTED	FIRST_TESTED	NOT_REACHED	no
G_FORM_MEDIUM	Doyle	TOKEN_MERGE	0.0200	100	0.036000	0.036000	FIRST_TESTED	FIRST_TESTED	FIRST_TESTED	no
G_FORM_MEDIUM	Doyle	TOKEN_MERGE	0.0500	100	0.000000	0.000000	FIRST_TESTED	FIRST_TESTED	FIRST_TESTED	no
G_FORM_MEDIUM	Doyle	TOKEN_SPLIT	0.0000	100	0.180000	0.180000	FIRST_TESTED	FIRST_TESTED	NOT_REACHED	no
G_FORM_MEDIUM	Doyle	TOKEN_SPLIT	0.0010	100	0.172800	0.172800	FIRST_TESTED	FIRST_TESTED	NOT_REACHED	no
G_FORM_MEDIUM	Doyle	TOKEN_SPLIT	0.0025	100	0.162000	0.162000	FIRST_TESTED	FIRST_TESTED	NOT_REACHED	no
G_FORM_MEDIUM	Doyle	TOKEN_SPLIT	0.0050	100	0.144000	0.144000	FIRST_TESTED	FIRST_TESTED	NOT_REACHED	no
G_FORM_MEDIUM	Doyle	TOKEN_SPLIT	0.0100	100	0.108000	0.108000	FIRST_TESTED	FIRST_TESTED	NOT_REACHED	no
G_FORM_MEDIUM	Doyle	TOKEN_SPLIT	0.0200	100	0.036000	0.036000	FIRST_TESTED	FIRST_TESTED	FIRST_TESTED	no
G_FORM_MEDIUM	Doyle	TOKEN_SPLIT	0.0500	100	0.000000	0.000000	FIRST_TESTED	FIRST_TESTED	FIRST_TESTED	no
G_FORM_MEDIUM	Doyle	GLYPH_CONFLATION	0.0000	100	0.180000	0.180000	FIRST_TESTED	FIRST_TESTED	NOT_REACHED	no
G_FORM_MEDIUM	Doyle	GLYPH_CONFLATION	0.0010	100	0.176040	0.176040	FIRST_TESTED	FIRST_TESTED	NOT_REACHED	no
G_FORM_MEDIUM	Doyle	GLYPH_CONFLATION	0.0025	100	0.170100	0.170100	FIRST_TESTED	FIRST_TESTED	NOT_REACHED	no
G_FORM_MEDIUM	Doyle	GLYPH_CONFLATION	0.0050	100	0.160200	0.160200	FIRST_TESTED	FIRST_TESTED	NOT_REACHED	no
G_FORM_MEDIUM	Doyle	GLYPH_CONFLATION	0.0100	100	0.140400	0.140400	FIRST_TESTED	FIRST_TESTED	NOT_REACHED	no
G_FORM_MEDIUM	Doyle	GLYPH_CONFLATION	0.0200	100	0.100800	0.100800	FIRST_TESTED	FIRST_TESTED	NOT_REACHED	no
G_FORM_MEDIUM	Doyle	GLYPH_CONFLATION	0.0500	100	0.000000	0.000000	FIRST_TESTED	FIRST_TESTED	FIRST_TESTED	no
G_FORM_MEDIUM	Doyle	GLYPH_SPLITTING	0.0000	100	0.180000	0.180000	FIRST_TESTED	FIRST_TESTED	NOT_REACHED	no
G_FORM_MEDIUM	Doyle	GLYPH_SPLITTING	0.0010	100	0.176760	0.176760	FIRST_TESTED	FIRST_TESTED	NOT_REACHED	no
G_FORM_MEDIUM	Doyle	GLYPH_SPLITTING	0.0025	100	0.171900	0.171900	FIRST_TESTED	FIRST_TESTED	NOT_REACHED	no
G_FORM_MEDIUM	Doyle	GLYPH_SPLITTING	0.0050	100	0.163800	0.163800	FIRST_TESTED	FIRST_TESTED	NOT_REACHED	no
G_FORM_MEDIUM	Doyle	GLYPH_SPLITTING	0.0100	100	0.147600	0.147600	FIRST_TESTED	FIRST_TESTED	NOT_REACHED	no
G_FORM_MEDIUM	Doyle	GLYPH_SPLITTING	0.0200	100	0.115200	0.115200	FIRST_TESTED	FIRST_TESTED	NOT_REACHED	no
G_FORM_MEDIUM	Doyle	GLYPH_SPLITTING	0.0500	100	0.018000	0.018000	FIRST_TESTED	FIRST_TESTED	FIRST_TESTED	no
G_FORM_MEDIUM	Longfellow	GLYPH_SUBSTITUTION	0.0000	100	0.180000	0.180000	FIRST_TESTED	FIRST_TESTED	NOT_REACHED	no
G_FORM_MEDIUM	Longfellow	GLYPH_SUBSTITUTION	0.0010	100	0.176760	0.176760	FIRST_TESTED	FIRST_TESTED	NOT_REACHED	no
G_FORM_MEDIUM	Longfellow	GLYPH_SUBSTITUTION	0.0025	100	0.171900	0.171900	FIRST_TESTED	FIRST_TESTED	NOT_REACHED	no
G_FORM_MEDIUM	Longfellow	GLYPH_SUBSTITUTION	0.0050	100	0.163800	0.163800	FIRST_TESTED	FIRST_TESTED	NOT_REACHED	no
G_FORM_MEDIUM	Longfellow	GLYPH_SUBSTITUTION	0.0100	100	0.147600	0.147600	FIRST_TESTED	FIRST_TESTED	NOT_REACHED	no
G_FORM_MEDIUM	Longfellow	GLYPH_SUBSTITUTION	0.0200	100	0.115200	0.115200	FIRST_TESTED	FIRST_TESTED	NOT_REACHED	no
G_FORM_MEDIUM	Longfellow	GLYPH_SUBSTITUTION	0.0500	100	0.018000	0.018000	FIRST_TESTED	FIRST_TESTED	FIRST_TESTED	no
G_FORM_MEDIUM	Longfellow	GLYPH_DELETION	0.0000	100	0.180000	0.180000	FIRST_TESTED	FIRST_TESTED	NOT_REACHED	no
G_FORM_MEDIUM	Longfellow	GLYPH_DELETION	0.0010	100	0.175680	0.175680	FIRST_TESTED	FIRST_TESTED	NOT_REACHED	no
G_FORM_MEDIUM	Longfellow	GLYPH_DELETION	0.0025	100	0.169200	0.169200	FIRST_TESTED	FIRST_TESTED	NOT_REACHED	no
G_FORM_MEDIUM	Longfellow	GLYPH_DELETION	0.0050	100	0.158400	0.158400	FIRST_TESTED	FIRST_TESTED	NOT_REACHED	no
G_FORM_MEDIUM	Longfellow	GLYPH_DELETION	0.0100	100	0.136800	0.136800	FIRST_TESTED	FIRST_TESTED	NOT_REACHED	no
G_FORM_MEDIUM	Longfellow	GLYPH_DELETION	0.0200	100	0.093600	0.093600	FIRST_TESTED	FIRST_TESTED	FIRST_TESTED	no
G_FORM_MEDIUM	Longfellow	GLYPH_DELETION	0.0500	100	0.000000	0.000000	FIRST_TESTED	FIRST_TESTED	FIRST_TESTED	no
G_FORM_MEDIUM	Longfellow	GLYPH_INSERTION	0.0000	100	0.180000	0.180000	FIRST_TESTED	FIRST_TESTED	NOT_REACHED	no
G_FORM_MEDIUM	Longfellow	GLYPH_INSERTION	0.0010	100	0.174960	0.174960	FIRST_TESTED	FIRST_TESTED	NOT_REACHED	no
G_FORM_MEDIUM	Longfellow	GLYPH_INSERTION	0.0025	100	0.167400	0.167400	FIRST_TESTED	FIRST_TESTED	NOT_REACHED	no
G_FORM_MEDIUM	Longfellow	GLYPH_INSERTION	0.0050	100	0.154800	0.154800	FIRST_TESTED	FIRST_TESTED	NOT_REACHED	no
G_FORM_MEDIUM	Longfellow	GLYPH_INSERTION	0.0100	100	0.129600	0.129600	FIRST_TESTED	FIRST_TESTED	NOT_REACHED	no
G_FORM_MEDIUM	Longfellow	GLYPH_INSERTION	0.0200	100	0.079200	0.079200	FIRST_TESTED	FIRST_TESTED	FIRST_TESTED	no
G_FORM_MEDIUM	Longfellow	GLYPH_INSERTION	0.0500	100	0.000000	0.000000	FIRST_TESTED	FIRST_TESTED	FIRST_TESTED	no
G_FORM_MEDIUM	Longfellow	TOKEN_BOUNDARY_INSERTION	0.0000	100	0.180000	0.180000	FIRST_TESTED	FIRST_TESTED	NOT_REACHED	no
G_FORM_MEDIUM	Longfellow	TOKEN_BOUNDARY_INSERTION	0.0010	100	0.174240	0.174240	FIRST_TESTED	FIRST_TESTED	NOT_REACHED	no
G_FORM_MEDIUM	Longfellow	TOKEN_BOUNDARY_INSERTION	0.0025	100	0.165600	0.165600	FIRST_TESTED	FIRST_TESTED	NOT_REACHED	no
G_FORM_MEDIUM	Longfellow	TOKEN_BOUNDARY_INSERTION	0.0050	100	0.151200	0.151200	FIRST_TESTED	FIRST_TESTED	NOT_REACHED	no
G_FORM_MEDIUM	Longfellow	TOKEN_BOUNDARY_INSERTION	0.0100	100	0.122400	0.122400	FIRST_TESTED	FIRST_TESTED	NOT_REACHED	no
G_FORM_MEDIUM	Longfellow	TOKEN_BOUNDARY_INSERTION	0.0200	100	0.064800	0.064800	FIRST_TESTED	FIRST_TESTED	FIRST_TESTED	no
G_FORM_MEDIUM	Longfellow	TOKEN_BOUNDARY_INSERTION	0.0500	100	0.000000	0.000000	FIRST_TESTED	FIRST_TESTED	FIRST_TESTED	no
G_FORM_MEDIUM	Longfellow	TOKEN_BOUNDARY_DELETION	0.0000	100	0.180000	0.180000	FIRST_TESTED	FIRST_TESTED	NOT_REACHED	no
G_FORM_MEDIUM	Longfellow	TOKEN_BOUNDARY_DELETION	0.0010	100	0.173520	0.173520	FIRST_TESTED	FIRST_TESTED	NOT_REACHED	no
G_FORM_MEDIUM	Longfellow	TOKEN_BOUNDARY_DELETION	0.0025	100	0.163800	0.163800	FIRST_TESTED	FIRST_TESTED	NOT_REACHED	no
G_FORM_MEDIUM	Longfellow	TOKEN_BOUNDARY_DELETION	0.0050	100	0.147600	0.147600	FIRST_TESTED	FIRST_TESTED	NOT_REACHED	no
G_FORM_MEDIUM	Longfellow	TOKEN_BOUNDARY_DELETION	0.0100	100	0.115200	0.115200	FIRST_TESTED	FIRST_TESTED	NOT_REACHED	no
G_FORM_MEDIUM	Longfellow	TOKEN_BOUNDARY_DELETION	0.0200	100	0.050400	0.050400	FIRST_TESTED	FIRST_TESTED	FIRST_TESTED	no
G_FORM_MEDIUM	Longfellow	TOKEN_BOUNDARY_DELETION	0.0500	100	0.000000	0.000000	FIRST_TESTED	FIRST_TESTED	FIRST_TESTED	no
G_FORM_MEDIUM	Longfellow	TOKEN_MERGE	0.0000	100	0.180000	0.180000	FIRST_TESTED	FIRST_TESTED	NOT_REACHED	no
G_FORM_MEDIUM	Longfellow	TOKEN_MERGE	0.0010	100	0.172800	0.172800	FIRST_TESTED	FIRST_TESTED	NOT_REACHED	no
G_FORM_MEDIUM	Longfellow	TOKEN_MERGE	0.0025	100	0.162000	0.162000	FIRST_TESTED	FIRST_TESTED	NOT_REACHED	no
G_FORM_MEDIUM	Longfellow	TOKEN_MERGE	0.0050	100	0.144000	0.144000	FIRST_TESTED	FIRST_TESTED	NOT_REACHED	no
G_FORM_MEDIUM	Longfellow	TOKEN_MERGE	0.0100	100	0.108000	0.108000	FIRST_TESTED	FIRST_TESTED	NOT_REACHED	no
G_FORM_MEDIUM	Longfellow	TOKEN_MERGE	0.0200	100	0.036000	0.036000	FIRST_TESTED	FIRST_TESTED	FIRST_TESTED	no
G_FORM_MEDIUM	Longfellow	TOKEN_MERGE	0.0500	100	0.000000	0.000000	FIRST_TESTED	FIRST_TESTED	FIRST_TESTED	no
G_FORM_MEDIUM	Longfellow	TOKEN_SPLIT	0.0000	100	0.180000	0.180000	FIRST_TESTED	FIRST_TESTED	NOT_REACHED	no
G_FORM_MEDIUM	Longfellow	TOKEN_SPLIT	0.0010	100	0.172800	0.172800	FIRST_TESTED	FIRST_TESTED	NOT_REACHED	no
G_FORM_MEDIUM	Longfellow	TOKEN_SPLIT	0.0025	100	0.162000	0.162000	FIRST_TESTED	FIRST_TESTED	NOT_REACHED	no
G_FORM_MEDIUM	Longfellow	TOKEN_SPLIT	0.0050	100	0.144000	0.144000	FIRST_TESTED	FIRST_TESTED	NOT_REACHED	no
G_FORM_MEDIUM	Longfellow	TOKEN_SPLIT	0.0100	100	0.108000	0.108000	FIRST_TESTED	FIRST_TESTED	NOT_REACHED	no
G_FORM_MEDIUM	Longfellow	TOKEN_SPLIT	0.0200	100	0.036000	0.036000	FIRST_TESTED	FIRST_TESTED	FIRST_TESTED	no
G_FORM_MEDIUM	Longfellow	TOKEN_SPLIT	0.0500	100	0.000000	0.000000	FIRST_TESTED	FIRST_TESTED	FIRST_TESTED	no
G_FORM_MEDIUM	Longfellow	GLYPH_CONFLATION	0.0000	100	0.180000	0.180000	FIRST_TESTED	FIRST_TESTED	NOT_REACHED	no
G_FORM_MEDIUM	Longfellow	GLYPH_CONFLATION	0.0010	100	0.176040	0.176040	FIRST_TESTED	FIRST_TESTED	NOT_REACHED	no
G_FORM_MEDIUM	Longfellow	GLYPH_CONFLATION	0.0025	100	0.170100	0.170100	FIRST_TESTED	FIRST_TESTED	NOT_REACHED	no
G_FORM_MEDIUM	Longfellow	GLYPH_CONFLATION	0.0050	100	0.160200	0.160200	FIRST_TESTED	FIRST_TESTED	NOT_REACHED	no
G_FORM_MEDIUM	Longfellow	GLYPH_CONFLATION	0.0100	100	0.140400	0.140400	FIRST_TESTED	FIRST_TESTED	NOT_REACHED	no
G_FORM_MEDIUM	Longfellow	GLYPH_CONFLATION	0.0200	100	0.100800	0.100800	FIRST_TESTED	FIRST_TESTED	NOT_REACHED	no
G_FORM_MEDIUM	Longfellow	GLYPH_CONFLATION	0.0500	100	0.000000	0.000000	FIRST_TESTED	FIRST_TESTED	FIRST_TESTED	no
G_FORM_MEDIUM	Longfellow	GLYPH_SPLITTING	0.0000	100	0.180000	0.180000	FIRST_TESTED	FIRST_TESTED	NOT_REACHED	no
G_FORM_MEDIUM	Longfellow	GLYPH_SPLITTING	0.0010	100	0.176760	0.176760	FIRST_TESTED	FIRST_TESTED	NOT_REACHED	no
G_FORM_MEDIUM	Longfellow	GLYPH_SPLITTING	0.0025	100	0.171900	0.171900	FIRST_TESTED	FIRST_TESTED	NOT_REACHED	no
G_FORM_MEDIUM	Longfellow	GLYPH_SPLITTING	0.0050	100	0.163800	0.163800	FIRST_TESTED	FIRST_TESTED	NOT_REACHED	no
G_FORM_MEDIUM	Longfellow	GLYPH_SPLITTING	0.0100	100	0.147600	0.147600	FIRST_TESTED	FIRST_TESTED	NOT_REACHED	no
G_FORM_MEDIUM	Longfellow	GLYPH_SPLITTING	0.0200	100	0.115200	0.115200	FIRST_TESTED	FIRST_TESTED	NOT_REACHED	no
G_FORM_MEDIUM	Longfellow	GLYPH_SPLITTING	0.0500	100	0.018000	0.018000	FIRST_TESTED	FIRST_TESTED	FIRST_TESTED	no
G_FORM_MEDIUM	Astafiev	GLYPH_SUBSTITUTION	0.0000	100	0.180000	0.180000	FIRST_TESTED	FIRST_TESTED	NOT_REACHED	no
G_FORM_MEDIUM	Astafiev	GLYPH_SUBSTITUTION	0.0010	100	0.176760	0.176760	FIRST_TESTED	FIRST_TESTED	NOT_REACHED	no
G_FORM_MEDIUM	Astafiev	GLYPH_SUBSTITUTION	0.0025	100	0.171900	0.171900	FIRST_TESTED	FIRST_TESTED	NOT_REACHED	no
G_FORM_MEDIUM	Astafiev	GLYPH_SUBSTITUTION	0.0050	100	0.163800	0.163800	FIRST_TESTED	FIRST_TESTED	NOT_REACHED	no
G_FORM_MEDIUM	Astafiev	GLYPH_SUBSTITUTION	0.0100	100	0.147600	0.147600	FIRST_TESTED	FIRST_TESTED	NOT_REACHED	no
G_FORM_MEDIUM	Astafiev	GLYPH_SUBSTITUTION	0.0200	100	0.115200	0.115200	FIRST_TESTED	FIRST_TESTED	NOT_REACHED	no
G_FORM_MEDIUM	Astafiev	GLYPH_SUBSTITUTION	0.0500	100	0.018000	0.018000	FIRST_TESTED	FIRST_TESTED	FIRST_TESTED	no
G_FORM_MEDIUM	Astafiev	GLYPH_DELETION	0.0000	100	0.180000	0.180000	FIRST_TESTED	FIRST_TESTED	NOT_REACHED	no
G_FORM_MEDIUM	Astafiev	GLYPH_DELETION	0.0010	100	0.175680	0.175680	FIRST_TESTED	FIRST_TESTED	NOT_REACHED	no
G_FORM_MEDIUM	Astafiev	GLYPH_DELETION	0.0025	100	0.169200	0.169200	FIRST_TESTED	FIRST_TESTED	NOT_REACHED	no
G_FORM_MEDIUM	Astafiev	GLYPH_DELETION	0.0050	100	0.158400	0.158400	FIRST_TESTED	FIRST_TESTED	NOT_REACHED	no
G_FORM_MEDIUM	Astafiev	GLYPH_DELETION	0.0100	100	0.136800	0.136800	FIRST_TESTED	FIRST_TESTED	NOT_REACHED	no
G_FORM_MEDIUM	Astafiev	GLYPH_DELETION	0.0200	100	0.093600	0.093600	FIRST_TESTED	FIRST_TESTED	FIRST_TESTED	no
G_FORM_MEDIUM	Astafiev	GLYPH_DELETION	0.0500	100	0.000000	0.000000	FIRST_TESTED	FIRST_TESTED	FIRST_TESTED	no
G_FORM_MEDIUM	Astafiev	GLYPH_INSERTION	0.0000	100	0.180000	0.180000	FIRST_TESTED	FIRST_TESTED	NOT_REACHED	no
G_FORM_MEDIUM	Astafiev	GLYPH_INSERTION	0.0010	100	0.174960	0.174960	FIRST_TESTED	FIRST_TESTED	NOT_REACHED	no
G_FORM_MEDIUM	Astafiev	GLYPH_INSERTION	0.0025	100	0.167400	0.167400	FIRST_TESTED	FIRST_TESTED	NOT_REACHED	no
G_FORM_MEDIUM	Astafiev	GLYPH_INSERTION	0.0050	100	0.154800	0.154800	FIRST_TESTED	FIRST_TESTED	NOT_REACHED	no
G_FORM_MEDIUM	Astafiev	GLYPH_INSERTION	0.0100	100	0.129600	0.129600	FIRST_TESTED	FIRST_TESTED	NOT_REACHED	no
G_FORM_MEDIUM	Astafiev	GLYPH_INSERTION	0.0200	100	0.079200	0.079200	FIRST_TESTED	FIRST_TESTED	FIRST_TESTED	no
G_FORM_MEDIUM	Astafiev	GLYPH_INSERTION	0.0500	100	0.000000	0.000000	FIRST_TESTED	FIRST_TESTED	FIRST_TESTED	no
G_FORM_MEDIUM	Astafiev	TOKEN_BOUNDARY_INSERTION	0.0000	100	0.180000	0.180000	FIRST_TESTED	FIRST_TESTED	NOT_REACHED	no
G_FORM_MEDIUM	Astafiev	TOKEN_BOUNDARY_INSERTION	0.0010	100	0.174240	0.174240	FIRST_TESTED	FIRST_TESTED	NOT_REACHED	no
G_FORM_MEDIUM	Astafiev	TOKEN_BOUNDARY_INSERTION	0.0025	100	0.165600	0.165600	FIRST_TESTED	FIRST_TESTED	NOT_REACHED	no
G_FORM_MEDIUM	Astafiev	TOKEN_BOUNDARY_INSERTION	0.0050	100	0.151200	0.151200	FIRST_TESTED	FIRST_TESTED	NOT_REACHED	no
G_FORM_MEDIUM	Astafiev	TOKEN_BOUNDARY_INSERTION	0.0100	100	0.122400	0.122400	FIRST_TESTED	FIRST_TESTED	NOT_REACHED	no
G_FORM_MEDIUM	Astafiev	TOKEN_BOUNDARY_INSERTION	0.0200	100	0.064800	0.064800	FIRST_TESTED	FIRST_TESTED	FIRST_TESTED	no
G_FORM_MEDIUM	Astafiev	TOKEN_BOUNDARY_INSERTION	0.0500	100	0.000000	0.000000	FIRST_TESTED	FIRST_TESTED	FIRST_TESTED	no
G_FORM_MEDIUM	Astafiev	TOKEN_BOUNDARY_DELETION	0.0000	100	0.180000	0.180000	FIRST_TESTED	FIRST_TESTED	NOT_REACHED	no
G_FORM_MEDIUM	Astafiev	TOKEN_BOUNDARY_DELETION	0.0010	100	0.173520	0.173520	FIRST_TESTED	FIRST_TESTED	NOT_REACHED	no
G_FORM_MEDIUM	Astafiev	TOKEN_BOUNDARY_DELETION	0.0025	100	0.163800	0.163800	FIRST_TESTED	FIRST_TESTED	NOT_REACHED	no
G_FORM_MEDIUM	Astafiev	TOKEN_BOUNDARY_DELETION	0.0050	100	0.147600	0.147600	FIRST_TESTED	FIRST_TESTED	NOT_REACHED	no
G_FORM_MEDIUM	Astafiev	TOKEN_BOUNDARY_DELETION	0.0100	100	0.115200	0.115200	FIRST_TESTED	FIRST_TESTED	NOT_REACHED	no
G_FORM_MEDIUM	Astafiev	TOKEN_BOUNDARY_DELETION	0.0200	100	0.050400	0.050400	FIRST_TESTED	FIRST_TESTED	FIRST_TESTED	no
G_FORM_MEDIUM	Astafiev	TOKEN_BOUNDARY_DELETION	0.0500	100	0.000000	0.000000	FIRST_TESTED	FIRST_TESTED	FIRST_TESTED	no
G_FORM_MEDIUM	Astafiev	TOKEN_MERGE	0.0000	100	0.180000	0.180000	FIRST_TESTED	FIRST_TESTED	NOT_REACHED	no
G_FORM_MEDIUM	Astafiev	TOKEN_MERGE	0.0010	100	0.172800	0.172800	FIRST_TESTED	FIRST_TESTED	NOT_REACHED	no
G_FORM_MEDIUM	Astafiev	TOKEN_MERGE	0.0025	100	0.162000	0.162000	FIRST_TESTED	FIRST_TESTED	NOT_REACHED	no
G_FORM_MEDIUM	Astafiev	TOKEN_MERGE	0.0050	100	0.144000	0.144000	FIRST_TESTED	FIRST_TESTED	NOT_REACHED	no
G_FORM_MEDIUM	Astafiev	TOKEN_MERGE	0.0100	100	0.108000	0.108000	FIRST_TESTED	FIRST_TESTED	NOT_REACHED	no
G_FORM_MEDIUM	Astafiev	TOKEN_MERGE	0.0200	100	0.036000	0.036000	FIRST_TESTED	FIRST_TESTED	FIRST_TESTED	no
G_FORM_MEDIUM	Astafiev	TOKEN_MERGE	0.0500	100	0.000000	0.000000	FIRST_TESTED	FIRST_TESTED	FIRST_TESTED	no
G_FORM_MEDIUM	Astafiev	TOKEN_SPLIT	0.0000	100	0.180000	0.180000	FIRST_TESTED	FIRST_TESTED	NOT_REACHED	no
G_FORM_MEDIUM	Astafiev	TOKEN_SPLIT	0.0010	100	0.172800	0.172800	FIRST_TESTED	FIRST_TESTED	NOT_REACHED	no
G_FORM_MEDIUM	Astafiev	TOKEN_SPLIT	0.0025	100	0.162000	0.162000	FIRST_TESTED	FIRST_TESTED	NOT_REACHED	no
G_FORM_MEDIUM	Astafiev	TOKEN_SPLIT	0.0050	100	0.144000	0.144000	FIRST_TESTED	FIRST_TESTED	NOT_REACHED	no
G_FORM_MEDIUM	Astafiev	TOKEN_SPLIT	0.0100	100	0.108000	0.108000	FIRST_TESTED	FIRST_TESTED	NOT_REACHED	no
G_FORM_MEDIUM	Astafiev	TOKEN_SPLIT	0.0200	100	0.036000	0.036000	FIRST_TESTED	FIRST_TESTED	FIRST_TESTED	no
G_FORM_MEDIUM	Astafiev	TOKEN_SPLIT	0.0500	100	0.000000	0.000000	FIRST_TESTED	FIRST_TESTED	FIRST_TESTED	no
G_FORM_MEDIUM	Astafiev	GLYPH_CONFLATION	0.0000	100	0.180000	0.180000	FIRST_TESTED	FIRST_TESTED	NOT_REACHED	no
G_FORM_MEDIUM	Astafiev	GLYPH_CONFLATION	0.0010	100	0.176040	0.176040	FIRST_TESTED	FIRST_TESTED	NOT_REACHED	no
G_FORM_MEDIUM	Astafiev	GLYPH_CONFLATION	0.0025	100	0.170100	0.170100	FIRST_TESTED	FIRST_TESTED	NOT_REACHED	no
G_FORM_MEDIUM	Astafiev	GLYPH_CONFLATION	0.0050	100	0.160200	0.160200	FIRST_TESTED	FIRST_TESTED	NOT_REACHED	no
G_FORM_MEDIUM	Astafiev	GLYPH_CONFLATION	0.0100	100	0.140400	0.140400	FIRST_TESTED	FIRST_TESTED	NOT_REACHED	no
G_FORM_MEDIUM	Astafiev	GLYPH_CONFLATION	0.0200	100	0.100800	0.100800	FIRST_TESTED	FIRST_TESTED	NOT_REACHED	no
G_FORM_MEDIUM	Astafiev	GLYPH_CONFLATION	0.0500	100	0.000000	0.000000	FIRST_TESTED	FIRST_TESTED	FIRST_TESTED	no
G_FORM_MEDIUM	Astafiev	GLYPH_SPLITTING	0.0000	100	0.180000	0.180000	FIRST_TESTED	FIRST_TESTED	NOT_REACHED	no
G_FORM_MEDIUM	Astafiev	GLYPH_SPLITTING	0.0010	100	0.176760	0.176760	FIRST_TESTED	FIRST_TESTED	NOT_REACHED	no
G_FORM_MEDIUM	Astafiev	GLYPH_SPLITTING	0.0025	100	0.171900	0.171900	FIRST_TESTED	FIRST_TESTED	NOT_REACHED	no
G_FORM_MEDIUM	Astafiev	GLYPH_SPLITTING	0.0050	100	0.163800	0.163800	FIRST_TESTED	FIRST_TESTED	NOT_REACHED	no
G_FORM_MEDIUM	Astafiev	GLYPH_SPLITTING	0.0100	100	0.147600	0.147600	FIRST_TESTED	FIRST_TESTED	NOT_REACHED	no
G_FORM_MEDIUM	Astafiev	GLYPH_SPLITTING	0.0200	100	0.115200	0.115200	FIRST_TESTED	FIRST_TESTED	NOT_REACHED	no
G_FORM_MEDIUM	Astafiev	GLYPH_SPLITTING	0.0500	100	0.018000	0.018000	FIRST_TESTED	FIRST_TESTED	FIRST_TESTED	no
M9_GROUP_FORM_FIXED	Doyle	GLYPH_SUBSTITUTION	0.0000	100	0.120000	0.120000	FIRST_TESTED	FIRST_TESTED	NOT_REACHED	no
M9_GROUP_FORM_FIXED	Doyle	GLYPH_SUBSTITUTION	0.0010	100	0.117840	0.117840	FIRST_TESTED	FIRST_TESTED	NOT_REACHED	no
M9_GROUP_FORM_FIXED	Doyle	GLYPH_SUBSTITUTION	0.0025	100	0.114600	0.114600	FIRST_TESTED	FIRST_TESTED	NOT_REACHED	no
M9_GROUP_FORM_FIXED	Doyle	GLYPH_SUBSTITUTION	0.0050	100	0.109200	0.109200	FIRST_TESTED	FIRST_TESTED	NOT_REACHED	no
M9_GROUP_FORM_FIXED	Doyle	GLYPH_SUBSTITUTION	0.0100	100	0.098400	0.098400	FIRST_TESTED	FIRST_TESTED	FIRST_TESTED	no
M9_GROUP_FORM_FIXED	Doyle	GLYPH_SUBSTITUTION	0.0200	100	0.076800	0.076800	FIRST_TESTED	FIRST_TESTED	FIRST_TESTED	no
M9_GROUP_FORM_FIXED	Doyle	GLYPH_SUBSTITUTION	0.0500	100	0.012000	0.012000	FIRST_TESTED	FIRST_TESTED	FIRST_TESTED	no
M9_GROUP_FORM_FIXED	Doyle	GLYPH_DELETION	0.0000	100	0.120000	0.120000	FIRST_TESTED	FIRST_TESTED	NOT_REACHED	no
M9_GROUP_FORM_FIXED	Doyle	GLYPH_DELETION	0.0010	100	0.117120	0.117120	FIRST_TESTED	FIRST_TESTED	NOT_REACHED	no
M9_GROUP_FORM_FIXED	Doyle	GLYPH_DELETION	0.0025	100	0.112800	0.112800	FIRST_TESTED	FIRST_TESTED	NOT_REACHED	no
M9_GROUP_FORM_FIXED	Doyle	GLYPH_DELETION	0.0050	100	0.105600	0.105600	FIRST_TESTED	FIRST_TESTED	NOT_REACHED	no
M9_GROUP_FORM_FIXED	Doyle	GLYPH_DELETION	0.0100	100	0.091200	0.091200	FIRST_TESTED	FIRST_TESTED	FIRST_TESTED	no
M9_GROUP_FORM_FIXED	Doyle	GLYPH_DELETION	0.0200	100	0.062400	0.062400	FIRST_TESTED	FIRST_TESTED	FIRST_TESTED	no
M9_GROUP_FORM_FIXED	Doyle	GLYPH_DELETION	0.0500	100	0.000000	0.000000	FIRST_TESTED	FIRST_TESTED	FIRST_TESTED	no
M9_GROUP_FORM_FIXED	Doyle	GLYPH_INSERTION	0.0000	100	0.120000	0.120000	FIRST_TESTED	FIRST_TESTED	NOT_REACHED	no
M9_GROUP_FORM_FIXED	Doyle	GLYPH_INSERTION	0.0010	100	0.116640	0.116640	FIRST_TESTED	FIRST_TESTED	NOT_REACHED	no
M9_GROUP_FORM_FIXED	Doyle	GLYPH_INSERTION	0.0025	100	0.111600	0.111600	FIRST_TESTED	FIRST_TESTED	NOT_REACHED	no
M9_GROUP_FORM_FIXED	Doyle	GLYPH_INSERTION	0.0050	100	0.103200	0.103200	FIRST_TESTED	FIRST_TESTED	NOT_REACHED	no
M9_GROUP_FORM_FIXED	Doyle	GLYPH_INSERTION	0.0100	100	0.086400	0.086400	FIRST_TESTED	FIRST_TESTED	FIRST_TESTED	no
M9_GROUP_FORM_FIXED	Doyle	GLYPH_INSERTION	0.0200	100	0.052800	0.052800	FIRST_TESTED	FIRST_TESTED	FIRST_TESTED	no
M9_GROUP_FORM_FIXED	Doyle	GLYPH_INSERTION	0.0500	100	0.000000	0.000000	FIRST_TESTED	FIRST_TESTED	FIRST_TESTED	no
M9_GROUP_FORM_FIXED	Doyle	TOKEN_BOUNDARY_INSERTION	0.0000	100	0.120000	0.120000	FIRST_TESTED	FIRST_TESTED	NOT_REACHED	no
M9_GROUP_FORM_FIXED	Doyle	TOKEN_BOUNDARY_INSERTION	0.0010	100	0.116160	0.116160	FIRST_TESTED	FIRST_TESTED	NOT_REACHED	no
M9_GROUP_FORM_FIXED	Doyle	TOKEN_BOUNDARY_INSERTION	0.0025	100	0.110400	0.110400	FIRST_TESTED	FIRST_TESTED	NOT_REACHED	no
M9_GROUP_FORM_FIXED	Doyle	TOKEN_BOUNDARY_INSERTION	0.0050	100	0.100800	0.100800	FIRST_TESTED	FIRST_TESTED	NOT_REACHED	no
M9_GROUP_FORM_FIXED	Doyle	TOKEN_BOUNDARY_INSERTION	0.0100	100	0.081600	0.081600	FIRST_TESTED	FIRST_TESTED	FIRST_TESTED	no
M9_GROUP_FORM_FIXED	Doyle	TOKEN_BOUNDARY_INSERTION	0.0200	100	0.043200	0.043200	FIRST_TESTED	FIRST_TESTED	FIRST_TESTED	no
M9_GROUP_FORM_FIXED	Doyle	TOKEN_BOUNDARY_INSERTION	0.0500	100	0.000000	0.000000	FIRST_TESTED	FIRST_TESTED	FIRST_TESTED	no
M9_GROUP_FORM_FIXED	Doyle	TOKEN_BOUNDARY_DELETION	0.0000	100	0.120000	0.120000	FIRST_TESTED	FIRST_TESTED	NOT_REACHED	no
M9_GROUP_FORM_FIXED	Doyle	TOKEN_BOUNDARY_DELETION	0.0010	100	0.115680	0.115680	FIRST_TESTED	FIRST_TESTED	NOT_REACHED	no
M9_GROUP_FORM_FIXED	Doyle	TOKEN_BOUNDARY_DELETION	0.0025	100	0.109200	0.109200	FIRST_TESTED	FIRST_TESTED	NOT_REACHED	no
M9_GROUP_FORM_FIXED	Doyle	TOKEN_BOUNDARY_DELETION	0.0050	100	0.098400	0.098400	FIRST_TESTED	FIRST_TESTED	FIRST_TESTED	no
M9_GROUP_FORM_FIXED	Doyle	TOKEN_BOUNDARY_DELETION	0.0100	100	0.076800	0.076800	FIRST_TESTED	FIRST_TESTED	FIRST_TESTED	no
M9_GROUP_FORM_FIXED	Doyle	TOKEN_BOUNDARY_DELETION	0.0200	100	0.033600	0.033600	FIRST_TESTED	FIRST_TESTED	FIRST_TESTED	no
M9_GROUP_FORM_FIXED	Doyle	TOKEN_BOUNDARY_DELETION	0.0500	100	0.000000	0.000000	FIRST_TESTED	FIRST_TESTED	FIRST_TESTED	no
M9_GROUP_FORM_FIXED	Doyle	TOKEN_MERGE	0.0000	100	0.120000	0.120000	FIRST_TESTED	FIRST_TESTED	NOT_REACHED	no
M9_GROUP_FORM_FIXED	Doyle	TOKEN_MERGE	0.0010	100	0.115200	0.115200	FIRST_TESTED	FIRST_TESTED	NOT_REACHED	no
M9_GROUP_FORM_FIXED	Doyle	TOKEN_MERGE	0.0025	100	0.108000	0.108000	FIRST_TESTED	FIRST_TESTED	NOT_REACHED	no
M9_GROUP_FORM_FIXED	Doyle	TOKEN_MERGE	0.0050	100	0.096000	0.096000	FIRST_TESTED	FIRST_TESTED	FIRST_TESTED	no
M9_GROUP_FORM_FIXED	Doyle	TOKEN_MERGE	0.0100	100	0.072000	0.072000	FIRST_TESTED	FIRST_TESTED	FIRST_TESTED	no
M9_GROUP_FORM_FIXED	Doyle	TOKEN_MERGE	0.0200	100	0.024000	0.024000	FIRST_TESTED	FIRST_TESTED	FIRST_TESTED	no
M9_GROUP_FORM_FIXED	Doyle	TOKEN_MERGE	0.0500	100	0.000000	0.000000	FIRST_TESTED	FIRST_TESTED	FIRST_TESTED	no
M9_GROUP_FORM_FIXED	Doyle	TOKEN_SPLIT	0.0000	100	0.120000	0.120000	FIRST_TESTED	FIRST_TESTED	NOT_REACHED	no
M9_GROUP_FORM_FIXED	Doyle	TOKEN_SPLIT	0.0010	100	0.115200	0.115200	FIRST_TESTED	FIRST_TESTED	NOT_REACHED	no
M9_GROUP_FORM_FIXED	Doyle	TOKEN_SPLIT	0.0025	100	0.108000	0.108000	FIRST_TESTED	FIRST_TESTED	NOT_REACHED	no
M9_GROUP_FORM_FIXED	Doyle	TOKEN_SPLIT	0.0050	100	0.096000	0.096000	FIRST_TESTED	FIRST_TESTED	FIRST_TESTED	no
M9_GROUP_FORM_FIXED	Doyle	TOKEN_SPLIT	0.0100	100	0.072000	0.072000	FIRST_TESTED	FIRST_TESTED	FIRST_TESTED	no
M9_GROUP_FORM_FIXED	Doyle	TOKEN_SPLIT	0.0200	100	0.024000	0.024000	FIRST_TESTED	FIRST_TESTED	FIRST_TESTED	no
M9_GROUP_FORM_FIXED	Doyle	TOKEN_SPLIT	0.0500	100	0.000000	0.000000	FIRST_TESTED	FIRST_TESTED	FIRST_TESTED	no
M9_GROUP_FORM_FIXED	Doyle	GLYPH_CONFLATION	0.0000	100	0.120000	0.120000	FIRST_TESTED	FIRST_TESTED	NOT_REACHED	no
M9_GROUP_FORM_FIXED	Doyle	GLYPH_CONFLATION	0.0010	100	0.117360	0.117360	FIRST_TESTED	FIRST_TESTED	NOT_REACHED	no
M9_GROUP_FORM_FIXED	Doyle	GLYPH_CONFLATION	0.0025	100	0.113400	0.113400	FIRST_TESTED	FIRST_TESTED	NOT_REACHED	no
M9_GROUP_FORM_FIXED	Doyle	GLYPH_CONFLATION	0.0050	100	0.106800	0.106800	FIRST_TESTED	FIRST_TESTED	NOT_REACHED	no
M9_GROUP_FORM_FIXED	Doyle	GLYPH_CONFLATION	0.0100	100	0.093600	0.093600	FIRST_TESTED	FIRST_TESTED	FIRST_TESTED	no
M9_GROUP_FORM_FIXED	Doyle	GLYPH_CONFLATION	0.0200	100	0.067200	0.067200	FIRST_TESTED	FIRST_TESTED	FIRST_TESTED	no
M9_GROUP_FORM_FIXED	Doyle	GLYPH_CONFLATION	0.0500	100	0.000000	0.000000	FIRST_TESTED	FIRST_TESTED	FIRST_TESTED	no
M9_GROUP_FORM_FIXED	Doyle	GLYPH_SPLITTING	0.0000	100	0.120000	0.120000	FIRST_TESTED	FIRST_TESTED	NOT_REACHED	no
M9_GROUP_FORM_FIXED	Doyle	GLYPH_SPLITTING	0.0010	100	0.117840	0.117840	FIRST_TESTED	FIRST_TESTED	NOT_REACHED	no
M9_GROUP_FORM_FIXED	Doyle	GLYPH_SPLITTING	0.0025	100	0.114600	0.114600	FIRST_TESTED	FIRST_TESTED	NOT_REACHED	no
M9_GROUP_FORM_FIXED	Doyle	GLYPH_SPLITTING	0.0050	100	0.109200	0.109200	FIRST_TESTED	FIRST_TESTED	NOT_REACHED	no
M9_GROUP_FORM_FIXED	Doyle	GLYPH_SPLITTING	0.0100	100	0.098400	0.098400	FIRST_TESTED	FIRST_TESTED	FIRST_TESTED	no
M9_GROUP_FORM_FIXED	Doyle	GLYPH_SPLITTING	0.0200	100	0.076800	0.076800	FIRST_TESTED	FIRST_TESTED	FIRST_TESTED	no
M9_GROUP_FORM_FIXED	Doyle	GLYPH_SPLITTING	0.0500	100	0.012000	0.012000	FIRST_TESTED	FIRST_TESTED	FIRST_TESTED	no
M9_GROUP_FORM_FIXED	Longfellow	GLYPH_SUBSTITUTION	0.0000	100	0.120000	0.120000	FIRST_TESTED	FIRST_TESTED	NOT_REACHED	no
M9_GROUP_FORM_FIXED	Longfellow	GLYPH_SUBSTITUTION	0.0010	100	0.117840	0.117840	FIRST_TESTED	FIRST_TESTED	NOT_REACHED	no
M9_GROUP_FORM_FIXED	Longfellow	GLYPH_SUBSTITUTION	0.0025	100	0.114600	0.114600	FIRST_TESTED	FIRST_TESTED	NOT_REACHED	no
M9_GROUP_FORM_FIXED	Longfellow	GLYPH_SUBSTITUTION	0.0050	100	0.109200	0.109200	FIRST_TESTED	FIRST_TESTED	NOT_REACHED	no
M9_GROUP_FORM_FIXED	Longfellow	GLYPH_SUBSTITUTION	0.0100	100	0.098400	0.098400	FIRST_TESTED	FIRST_TESTED	FIRST_TESTED	no
M9_GROUP_FORM_FIXED	Longfellow	GLYPH_SUBSTITUTION	0.0200	100	0.076800	0.076800	FIRST_TESTED	FIRST_TESTED	FIRST_TESTED	no
M9_GROUP_FORM_FIXED	Longfellow	GLYPH_SUBSTITUTION	0.0500	100	0.012000	0.012000	FIRST_TESTED	FIRST_TESTED	FIRST_TESTED	no
M9_GROUP_FORM_FIXED	Longfellow	GLYPH_DELETION	0.0000	100	0.120000	0.120000	FIRST_TESTED	FIRST_TESTED	NOT_REACHED	no
M9_GROUP_FORM_FIXED	Longfellow	GLYPH_DELETION	0.0010	100	0.117120	0.117120	FIRST_TESTED	FIRST_TESTED	NOT_REACHED	no
M9_GROUP_FORM_FIXED	Longfellow	GLYPH_DELETION	0.0025	100	0.112800	0.112800	FIRST_TESTED	FIRST_TESTED	NOT_REACHED	no
M9_GROUP_FORM_FIXED	Longfellow	GLYPH_DELETION	0.0050	100	0.105600	0.105600	FIRST_TESTED	FIRST_TESTED	NOT_REACHED	no
M9_GROUP_FORM_FIXED	Longfellow	GLYPH_DELETION	0.0100	100	0.091200	0.091200	FIRST_TESTED	FIRST_TESTED	FIRST_TESTED	no
M9_GROUP_FORM_FIXED	Longfellow	GLYPH_DELETION	0.0200	100	0.062400	0.062400	FIRST_TESTED	FIRST_TESTED	FIRST_TESTED	no
M9_GROUP_FORM_FIXED	Longfellow	GLYPH_DELETION	0.0500	100	0.000000	0.000000	FIRST_TESTED	FIRST_TESTED	FIRST_TESTED	no
M9_GROUP_FORM_FIXED	Longfellow	GLYPH_INSERTION	0.0000	100	0.120000	0.120000	FIRST_TESTED	FIRST_TESTED	NOT_REACHED	no
M9_GROUP_FORM_FIXED	Longfellow	GLYPH_INSERTION	0.0010	100	0.116640	0.116640	FIRST_TESTED	FIRST_TESTED	NOT_REACHED	no
M9_GROUP_FORM_FIXED	Longfellow	GLYPH_INSERTION	0.0025	100	0.111600	0.111600	FIRST_TESTED	FIRST_TESTED	NOT_REACHED	no
M9_GROUP_FORM_FIXED	Longfellow	GLYPH_INSERTION	0.0050	100	0.103200	0.103200	FIRST_TESTED	FIRST_TESTED	NOT_REACHED	no
M9_GROUP_FORM_FIXED	Longfellow	GLYPH_INSERTION	0.0100	100	0.086400	0.086400	FIRST_TESTED	FIRST_TESTED	FIRST_TESTED	no
M9_GROUP_FORM_FIXED	Longfellow	GLYPH_INSERTION	0.0200	100	0.052800	0.052800	FIRST_TESTED	FIRST_TESTED	FIRST_TESTED	no
M9_GROUP_FORM_FIXED	Longfellow	GLYPH_INSERTION	0.0500	100	0.000000	0.000000	FIRST_TESTED	FIRST_TESTED	FIRST_TESTED	no
M9_GROUP_FORM_FIXED	Longfellow	TOKEN_BOUNDARY_INSERTION	0.0000	100	0.120000	0.120000	FIRST_TESTED	FIRST_TESTED	NOT_REACHED	no
M9_GROUP_FORM_FIXED	Longfellow	TOKEN_BOUNDARY_INSERTION	0.0010	100	0.116160	0.116160	FIRST_TESTED	FIRST_TESTED	NOT_REACHED	no
M9_GROUP_FORM_FIXED	Longfellow	TOKEN_BOUNDARY_INSERTION	0.0025	100	0.110400	0.110400	FIRST_TESTED	FIRST_TESTED	NOT_REACHED	no
M9_GROUP_FORM_FIXED	Longfellow	TOKEN_BOUNDARY_INSERTION	0.0050	100	0.100800	0.100800	FIRST_TESTED	FIRST_TESTED	NOT_REACHED	no
M9_GROUP_FORM_FIXED	Longfellow	TOKEN_BOUNDARY_INSERTION	0.0100	100	0.081600	0.081600	FIRST_TESTED	FIRST_TESTED	FIRST_TESTED	no
M9_GROUP_FORM_FIXED	Longfellow	TOKEN_BOUNDARY_INSERTION	0.0200	100	0.043200	0.043200	FIRST_TESTED	FIRST_TESTED	FIRST_TESTED	no
M9_GROUP_FORM_FIXED	Longfellow	TOKEN_BOUNDARY_INSERTION	0.0500	100	0.000000	0.000000	FIRST_TESTED	FIRST_TESTED	FIRST_TESTED	no
M9_GROUP_FORM_FIXED	Longfellow	TOKEN_BOUNDARY_DELETION	0.0000	100	0.120000	0.120000	FIRST_TESTED	FIRST_TESTED	NOT_REACHED	no
M9_GROUP_FORM_FIXED	Longfellow	TOKEN_BOUNDARY_DELETION	0.0010	100	0.115680	0.115680	FIRST_TESTED	FIRST_TESTED	NOT_REACHED	no
M9_GROUP_FORM_FIXED	Longfellow	TOKEN_BOUNDARY_DELETION	0.0025	100	0.109200	0.109200	FIRST_TESTED	FIRST_TESTED	NOT_REACHED	no
M9_GROUP_FORM_FIXED	Longfellow	TOKEN_BOUNDARY_DELETION	0.0050	100	0.098400	0.098400	FIRST_TESTED	FIRST_TESTED	FIRST_TESTED	no
M9_GROUP_FORM_FIXED	Longfellow	TOKEN_BOUNDARY_DELETION	0.0100	100	0.076800	0.076800	FIRST_TESTED	FIRST_TESTED	FIRST_TESTED	no
M9_GROUP_FORM_FIXED	Longfellow	TOKEN_BOUNDARY_DELETION	0.0200	100	0.033600	0.033600	FIRST_TESTED	FIRST_TESTED	FIRST_TESTED	no
M9_GROUP_FORM_FIXED	Longfellow	TOKEN_BOUNDARY_DELETION	0.0500	100	0.000000	0.000000	FIRST_TESTED	FIRST_TESTED	FIRST_TESTED	no
M9_GROUP_FORM_FIXED	Longfellow	TOKEN_MERGE	0.0000	100	0.120000	0.120000	FIRST_TESTED	FIRST_TESTED	NOT_REACHED	no
M9_GROUP_FORM_FIXED	Longfellow	TOKEN_MERGE	0.0010	100	0.115200	0.115200	FIRST_TESTED	FIRST_TESTED	NOT_REACHED	no
M9_GROUP_FORM_FIXED	Longfellow	TOKEN_MERGE	0.0025	100	0.108000	0.108000	FIRST_TESTED	FIRST_TESTED	NOT_REACHED	no
M9_GROUP_FORM_FIXED	Longfellow	TOKEN_MERGE	0.0050	100	0.096000	0.096000	FIRST_TESTED	FIRST_TESTED	FIRST_TESTED	no
M9_GROUP_FORM_FIXED	Longfellow	TOKEN_MERGE	0.0100	100	0.072000	0.072000	FIRST_TESTED	FIRST_TESTED	FIRST_TESTED	no
M9_GROUP_FORM_FIXED	Longfellow	TOKEN_MERGE	0.0200	100	0.024000	0.024000	FIRST_TESTED	FIRST_TESTED	FIRST_TESTED	no
M9_GROUP_FORM_FIXED	Longfellow	TOKEN_MERGE	0.0500	100	0.000000	0.000000	FIRST_TESTED	FIRST_TESTED	FIRST_TESTED	no
M9_GROUP_FORM_FIXED	Longfellow	TOKEN_SPLIT	0.0000	100	0.120000	0.120000	FIRST_TESTED	FIRST_TESTED	NOT_REACHED	no
M9_GROUP_FORM_FIXED	Longfellow	TOKEN_SPLIT	0.0010	100	0.115200	0.115200	FIRST_TESTED	FIRST_TESTED	NOT_REACHED	no
M9_GROUP_FORM_FIXED	Longfellow	TOKEN_SPLIT	0.0025	100	0.108000	0.108000	FIRST_TESTED	FIRST_TESTED	NOT_REACHED	no
M9_GROUP_FORM_FIXED	Longfellow	TOKEN_SPLIT	0.0050	100	0.096000	0.096000	FIRST_TESTED	FIRST_TESTED	FIRST_TESTED	no
M9_GROUP_FORM_FIXED	Longfellow	TOKEN_SPLIT	0.0100	100	0.072000	0.072000	FIRST_TESTED	FIRST_TESTED	FIRST_TESTED	no
M9_GROUP_FORM_FIXED	Longfellow	TOKEN_SPLIT	0.0200	100	0.024000	0.024000	FIRST_TESTED	FIRST_TESTED	FIRST_TESTED	no
M9_GROUP_FORM_FIXED	Longfellow	TOKEN_SPLIT	0.0500	100	0.000000	0.000000	FIRST_TESTED	FIRST_TESTED	FIRST_TESTED	no
M9_GROUP_FORM_FIXED	Longfellow	GLYPH_CONFLATION	0.0000	100	0.120000	0.120000	FIRST_TESTED	FIRST_TESTED	NOT_REACHED	no
M9_GROUP_FORM_FIXED	Longfellow	GLYPH_CONFLATION	0.0010	100	0.117360	0.117360	FIRST_TESTED	FIRST_TESTED	NOT_REACHED	no
M9_GROUP_FORM_FIXED	Longfellow	GLYPH_CONFLATION	0.0025	100	0.113400	0.113400	FIRST_TESTED	FIRST_TESTED	NOT_REACHED	no
M9_GROUP_FORM_FIXED	Longfellow	GLYPH_CONFLATION	0.0050	100	0.106800	0.106800	FIRST_TESTED	FIRST_TESTED	NOT_REACHED	no
M9_GROUP_FORM_FIXED	Longfellow	GLYPH_CONFLATION	0.0100	100	0.093600	0.093600	FIRST_TESTED	FIRST_TESTED	FIRST_TESTED	no
M9_GROUP_FORM_FIXED	Longfellow	GLYPH_CONFLATION	0.0200	100	0.067200	0.067200	FIRST_TESTED	FIRST_TESTED	FIRST_TESTED	no
M9_GROUP_FORM_FIXED	Longfellow	GLYPH_CONFLATION	0.0500	100	0.000000	0.000000	FIRST_TESTED	FIRST_TESTED	FIRST_TESTED	no
M9_GROUP_FORM_FIXED	Longfellow	GLYPH_SPLITTING	0.0000	100	0.120000	0.120000	FIRST_TESTED	FIRST_TESTED	NOT_REACHED	no
M9_GROUP_FORM_FIXED	Longfellow	GLYPH_SPLITTING	0.0010	100	0.117840	0.117840	FIRST_TESTED	FIRST_TESTED	NOT_REACHED	no
M9_GROUP_FORM_FIXED	Longfellow	GLYPH_SPLITTING	0.0025	100	0.114600	0.114600	FIRST_TESTED	FIRST_TESTED	NOT_REACHED	no
M9_GROUP_FORM_FIXED	Longfellow	GLYPH_SPLITTING	0.0050	100	0.109200	0.109200	FIRST_TESTED	FIRST_TESTED	NOT_REACHED	no
M9_GROUP_FORM_FIXED	Longfellow	GLYPH_SPLITTING	0.0100	100	0.098400	0.098400	FIRST_TESTED	FIRST_TESTED	FIRST_TESTED	no
M9_GROUP_FORM_FIXED	Longfellow	GLYPH_SPLITTING	0.0200	100	0.076800	0.076800	FIRST_TESTED	FIRST_TESTED	FIRST_TESTED	no
M9_GROUP_FORM_FIXED	Longfellow	GLYPH_SPLITTING	0.0500	100	0.012000	0.012000	FIRST_TESTED	FIRST_TESTED	FIRST_TESTED	no
M9_GROUP_FORM_FIXED	Astafiev	GLYPH_SUBSTITUTION	0.0000	100	0.120000	0.120000	FIRST_TESTED	FIRST_TESTED	NOT_REACHED	no
M9_GROUP_FORM_FIXED	Astafiev	GLYPH_SUBSTITUTION	0.0010	100	0.117840	0.117840	FIRST_TESTED	FIRST_TESTED	NOT_REACHED	no
M9_GROUP_FORM_FIXED	Astafiev	GLYPH_SUBSTITUTION	0.0025	100	0.114600	0.114600	FIRST_TESTED	FIRST_TESTED	NOT_REACHED	no
M9_GROUP_FORM_FIXED	Astafiev	GLYPH_SUBSTITUTION	0.0050	100	0.109200	0.109200	FIRST_TESTED	FIRST_TESTED	NOT_REACHED	no
M9_GROUP_FORM_FIXED	Astafiev	GLYPH_SUBSTITUTION	0.0100	100	0.098400	0.098400	FIRST_TESTED	FIRST_TESTED	FIRST_TESTED	no
M9_GROUP_FORM_FIXED	Astafiev	GLYPH_SUBSTITUTION	0.0200	100	0.076800	0.076800	FIRST_TESTED	FIRST_TESTED	FIRST_TESTED	no
M9_GROUP_FORM_FIXED	Astafiev	GLYPH_SUBSTITUTION	0.0500	100	0.012000	0.012000	FIRST_TESTED	FIRST_TESTED	FIRST_TESTED	no
M9_GROUP_FORM_FIXED	Astafiev	GLYPH_DELETION	0.0000	100	0.120000	0.120000	FIRST_TESTED	FIRST_TESTED	NOT_REACHED	no
M9_GROUP_FORM_FIXED	Astafiev	GLYPH_DELETION	0.0010	100	0.117120	0.117120	FIRST_TESTED	FIRST_TESTED	NOT_REACHED	no
M9_GROUP_FORM_FIXED	Astafiev	GLYPH_DELETION	0.0025	100	0.112800	0.112800	FIRST_TESTED	FIRST_TESTED	NOT_REACHED	no
M9_GROUP_FORM_FIXED	Astafiev	GLYPH_DELETION	0.0050	100	0.105600	0.105600	FIRST_TESTED	FIRST_TESTED	NOT_REACHED	no
M9_GROUP_FORM_FIXED	Astafiev	GLYPH_DELETION	0.0100	100	0.091200	0.091200	FIRST_TESTED	FIRST_TESTED	FIRST_TESTED	no
M9_GROUP_FORM_FIXED	Astafiev	GLYPH_DELETION	0.0200	100	0.062400	0.062400	FIRST_TESTED	FIRST_TESTED	FIRST_TESTED	no
M9_GROUP_FORM_FIXED	Astafiev	GLYPH_DELETION	0.0500	100	0.000000	0.000000	FIRST_TESTED	FIRST_TESTED	FIRST_TESTED	no
M9_GROUP_FORM_FIXED	Astafiev	GLYPH_INSERTION	0.0000	100	0.120000	0.120000	FIRST_TESTED	FIRST_TESTED	NOT_REACHED	no
M9_GROUP_FORM_FIXED	Astafiev	GLYPH_INSERTION	0.0010	100	0.116640	0.116640	FIRST_TESTED	FIRST_TESTED	NOT_REACHED	no
M9_GROUP_FORM_FIXED	Astafiev	GLYPH_INSERTION	0.0025	100	0.111600	0.111600	FIRST_TESTED	FIRST_TESTED	NOT_REACHED	no
M9_GROUP_FORM_FIXED	Astafiev	GLYPH_INSERTION	0.0050	100	0.103200	0.103200	FIRST_TESTED	FIRST_TESTED	NOT_REACHED	no
M9_GROUP_FORM_FIXED	Astafiev	GLYPH_INSERTION	0.0100	100	0.086400	0.086400	FIRST_TESTED	FIRST_TESTED	FIRST_TESTED	no
M9_GROUP_FORM_FIXED	Astafiev	GLYPH_INSERTION	0.0200	100	0.052800	0.052800	FIRST_TESTED	FIRST_TESTED	FIRST_TESTED	no
M9_GROUP_FORM_FIXED	Astafiev	GLYPH_INSERTION	0.0500	100	0.000000	0.000000	FIRST_TESTED	FIRST_TESTED	FIRST_TESTED	no
M9_GROUP_FORM_FIXED	Astafiev	TOKEN_BOUNDARY_INSERTION	0.0000	100	0.120000	0.120000	FIRST_TESTED	FIRST_TESTED	NOT_REACHED	no
M9_GROUP_FORM_FIXED	Astafiev	TOKEN_BOUNDARY_INSERTION	0.0010	100	0.116160	0.116160	FIRST_TESTED	FIRST_TESTED	NOT_REACHED	no
M9_GROUP_FORM_FIXED	Astafiev	TOKEN_BOUNDARY_INSERTION	0.0025	100	0.110400	0.110400	FIRST_TESTED	FIRST_TESTED	NOT_REACHED	no
M9_GROUP_FORM_FIXED	Astafiev	TOKEN_BOUNDARY_INSERTION	0.0050	100	0.100800	0.100800	FIRST_TESTED	FIRST_TESTED	NOT_REACHED	no
M9_GROUP_FORM_FIXED	Astafiev	TOKEN_BOUNDARY_INSERTION	0.0100	100	0.081600	0.081600	FIRST_TESTED	FIRST_TESTED	FIRST_TESTED	no
M9_GROUP_FORM_FIXED	Astafiev	TOKEN_BOUNDARY_INSERTION	0.0200	100	0.043200	0.043200	FIRST_TESTED	FIRST_TESTED	FIRST_TESTED	no
M9_GROUP_FORM_FIXED	Astafiev	TOKEN_BOUNDARY_INSERTION	0.0500	100	0.000000	0.000000	FIRST_TESTED	FIRST_TESTED	FIRST_TESTED	no
M9_GROUP_FORM_FIXED	Astafiev	TOKEN_BOUNDARY_DELETION	0.0000	100	0.120000	0.120000	FIRST_TESTED	FIRST_TESTED	NOT_REACHED	no
M9_GROUP_FORM_FIXED	Astafiev	TOKEN_BOUNDARY_DELETION	0.0010	100	0.115680	0.115680	FIRST_TESTED	FIRST_TESTED	NOT_REACHED	no
M9_GROUP_FORM_FIXED	Astafiev	TOKEN_BOUNDARY_DELETION	0.0025	100	0.109200	0.109200	FIRST_TESTED	FIRST_TESTED	NOT_REACHED	no
M9_GROUP_FORM_FIXED	Astafiev	TOKEN_BOUNDARY_DELETION	0.0050	100	0.098400	0.098400	FIRST_TESTED	FIRST_TESTED	FIRST_TESTED	no
M9_GROUP_FORM_FIXED	Astafiev	TOKEN_BOUNDARY_DELETION	0.0100	100	0.076800	0.076800	FIRST_TESTED	FIRST_TESTED	FIRST_TESTED	no
M9_GROUP_FORM_FIXED	Astafiev	TOKEN_BOUNDARY_DELETION	0.0200	100	0.033600	0.033600	FIRST_TESTED	FIRST_TESTED	FIRST_TESTED	no
M9_GROUP_FORM_FIXED	Astafiev	TOKEN_BOUNDARY_DELETION	0.0500	100	0.000000	0.000000	FIRST_TESTED	FIRST_TESTED	FIRST_TESTED	no
M9_GROUP_FORM_FIXED	Astafiev	TOKEN_MERGE	0.0000	100	0.120000	0.120000	FIRST_TESTED	FIRST_TESTED	NOT_REACHED	no
M9_GROUP_FORM_FIXED	Astafiev	TOKEN_MERGE	0.0010	100	0.115200	0.115200	FIRST_TESTED	FIRST_TESTED	NOT_REACHED	no
M9_GROUP_FORM_FIXED	Astafiev	TOKEN_MERGE	0.0025	100	0.108000	0.108000	FIRST_TESTED	FIRST_TESTED	NOT_REACHED	no
M9_GROUP_FORM_FIXED	Astafiev	TOKEN_MERGE	0.0050	100	0.096000	0.096000	FIRST_TESTED	FIRST_TESTED	FIRST_TESTED	no
M9_GROUP_FORM_FIXED	Astafiev	TOKEN_MERGE	0.0100	100	0.072000	0.072000	FIRST_TESTED	FIRST_TESTED	FIRST_TESTED	no
M9_GROUP_FORM_FIXED	Astafiev	TOKEN_MERGE	0.0200	100	0.024000	0.024000	FIRST_TESTED	FIRST_TESTED	FIRST_TESTED	no
M9_GROUP_FORM_FIXED	Astafiev	TOKEN_MERGE	0.0500	100	0.000000	0.000000	FIRST_TESTED	FIRST_TESTED	FIRST_TESTED	no
M9_GROUP_FORM_FIXED	Astafiev	TOKEN_SPLIT	0.0000	100	0.120000	0.120000	FIRST_TESTED	FIRST_TESTED	NOT_REACHED	no
M9_GROUP_FORM_FIXED	Astafiev	TOKEN_SPLIT	0.0010	100	0.115200	0.115200	FIRST_TESTED	FIRST_TESTED	NOT_REACHED	no
M9_GROUP_FORM_FIXED	Astafiev	TOKEN_SPLIT	0.0025	100	0.108000	0.108000	FIRST_TESTED	FIRST_TESTED	NOT_REACHED	no
M9_GROUP_FORM_FIXED	Astafiev	TOKEN_SPLIT	0.0050	100	0.096000	0.096000	FIRST_TESTED	FIRST_TESTED	FIRST_TESTED	no
M9_GROUP_FORM_FIXED	Astafiev	TOKEN_SPLIT	0.0100	100	0.072000	0.072000	FIRST_TESTED	FIRST_TESTED	FIRST_TESTED	no
M9_GROUP_FORM_FIXED	Astafiev	TOKEN_SPLIT	0.0200	100	0.024000	0.024000	FIRST_TESTED	FIRST_TESTED	FIRST_TESTED	no
M9_GROUP_FORM_FIXED	Astafiev	TOKEN_SPLIT	0.0500	100	0.000000	0.000000	FIRST_TESTED	FIRST_TESTED	FIRST_TESTED	no
M9_GROUP_FORM_FIXED	Astafiev	GLYPH_CONFLATION	0.0000	100	0.120000	0.120000	FIRST_TESTED	FIRST_TESTED	NOT_REACHED	no
M9_GROUP_FORM_FIXED	Astafiev	GLYPH_CONFLATION	0.0010	100	0.117360	0.117360	FIRST_TESTED	FIRST_TESTED	NOT_REACHED	no
M9_GROUP_FORM_FIXED	Astafiev	GLYPH_CONFLATION	0.0025	100	0.113400	0.113400	FIRST_TESTED	FIRST_TESTED	NOT_REACHED	no
M9_GROUP_FORM_FIXED	Astafiev	GLYPH_CONFLATION	0.0050	100	0.106800	0.106800	FIRST_TESTED	FIRST_TESTED	NOT_REACHED	no
M9_GROUP_FORM_FIXED	Astafiev	GLYPH_CONFLATION	0.0100	100	0.093600	0.093600	FIRST_TESTED	FIRST_TESTED	FIRST_TESTED	no
M9_GROUP_FORM_FIXED	Astafiev	GLYPH_CONFLATION	0.0200	100	0.067200	0.067200	FIRST_TESTED	FIRST_TESTED	FIRST_TESTED	no
M9_GROUP_FORM_FIXED	Astafiev	GLYPH_CONFLATION	0.0500	100	0.000000	0.000000	FIRST_TESTED	FIRST_TESTED	FIRST_TESTED	no
M9_GROUP_FORM_FIXED	Astafiev	GLYPH_SPLITTING	0.0000	100	0.120000	0.120000	FIRST_TESTED	FIRST_TESTED	NOT_REACHED	no
M9_GROUP_FORM_FIXED	Astafiev	GLYPH_SPLITTING	0.0010	100	0.117840	0.117840	FIRST_TESTED	FIRST_TESTED	NOT_REACHED	no
M9_GROUP_FORM_FIXED	Astafiev	GLYPH_SPLITTING	0.0025	100	0.114600	0.114600	FIRST_TESTED	FIRST_TESTED	NOT_REACHED	no
M9_GROUP_FORM_FIXED	Astafiev	GLYPH_SPLITTING	0.0050	100	0.109200	0.109200	FIRST_TESTED	FIRST_TESTED	NOT_REACHED	no
M9_GROUP_FORM_FIXED	Astafiev	GLYPH_SPLITTING	0.0100	100	0.098400	0.098400	FIRST_TESTED	FIRST_TESTED	FIRST_TESTED	no
M9_GROUP_FORM_FIXED	Astafiev	GLYPH_SPLITTING	0.0200	100	0.076800	0.076800	FIRST_TESTED	FIRST_TESTED	FIRST_TESTED	no
M9_GROUP_FORM_FIXED	Astafiev	GLYPH_SPLITTING	0.0500	100	0.012000	0.012000	FIRST_TESTED	FIRST_TESTED	FIRST_TESTED	no
M10_STATEFUL_FORM_K2	Doyle	GLYPH_SUBSTITUTION	0.0000	100	0.080000	0.080000	FIRST_TESTED	FIRST_TESTED	FIRST_TESTED	no
M10_STATEFUL_FORM_K2	Doyle	GLYPH_SUBSTITUTION	0.0010	100	0.157120	0.157120	FIRST_TESTED	FIRST_TESTED	NOT_REACHED	no
M10_STATEFUL_FORM_K2	Doyle	GLYPH_SUBSTITUTION	0.0025	100	0.152800	0.152800	FIRST_TESTED	FIRST_TESTED	NOT_REACHED	no
M10_STATEFUL_FORM_K2	Doyle	GLYPH_SUBSTITUTION	0.0050	100	0.145600	0.145600	FIRST_TESTED	FIRST_TESTED	NOT_REACHED	no
M10_STATEFUL_FORM_K2	Doyle	GLYPH_SUBSTITUTION	0.0100	100	0.131200	0.131200	FIRST_TESTED	FIRST_TESTED	NOT_REACHED	no
M10_STATEFUL_FORM_K2	Doyle	GLYPH_SUBSTITUTION	0.0200	100	0.102400	0.102400	FIRST_TESTED	FIRST_TESTED	NOT_REACHED	no
M10_STATEFUL_FORM_K2	Doyle	GLYPH_SUBSTITUTION	0.0500	100	0.016000	0.016000	FIRST_TESTED	FIRST_TESTED	FIRST_TESTED	no
M10_STATEFUL_FORM_K2	Doyle	GLYPH_DELETION	0.0000	100	0.080000	0.080000	FIRST_TESTED	FIRST_TESTED	FIRST_TESTED	no
M10_STATEFUL_FORM_K2	Doyle	GLYPH_DELETION	0.0010	100	0.156160	0.156160	FIRST_TESTED	FIRST_TESTED	NOT_REACHED	no
M10_STATEFUL_FORM_K2	Doyle	GLYPH_DELETION	0.0025	100	0.150400	0.150400	FIRST_TESTED	FIRST_TESTED	NOT_REACHED	no
M10_STATEFUL_FORM_K2	Doyle	GLYPH_DELETION	0.0050	100	0.140800	0.140800	FIRST_TESTED	FIRST_TESTED	NOT_REACHED	no
M10_STATEFUL_FORM_K2	Doyle	GLYPH_DELETION	0.0100	100	0.121600	0.121600	FIRST_TESTED	FIRST_TESTED	NOT_REACHED	no
M10_STATEFUL_FORM_K2	Doyle	GLYPH_DELETION	0.0200	100	0.083200	0.083200	FIRST_TESTED	FIRST_TESTED	FIRST_TESTED	no
M10_STATEFUL_FORM_K2	Doyle	GLYPH_DELETION	0.0500	100	0.000000	0.000000	FIRST_TESTED	FIRST_TESTED	FIRST_TESTED	no
M10_STATEFUL_FORM_K2	Doyle	GLYPH_INSERTION	0.0000	100	0.080000	0.080000	FIRST_TESTED	FIRST_TESTED	FIRST_TESTED	no
M10_STATEFUL_FORM_K2	Doyle	GLYPH_INSERTION	0.0010	100	0.155520	0.155520	FIRST_TESTED	FIRST_TESTED	NOT_REACHED	no
M10_STATEFUL_FORM_K2	Doyle	GLYPH_INSERTION	0.0025	100	0.148800	0.148800	FIRST_TESTED	FIRST_TESTED	NOT_REACHED	no
M10_STATEFUL_FORM_K2	Doyle	GLYPH_INSERTION	0.0050	100	0.137600	0.137600	FIRST_TESTED	FIRST_TESTED	NOT_REACHED	no
M10_STATEFUL_FORM_K2	Doyle	GLYPH_INSERTION	0.0100	100	0.115200	0.115200	FIRST_TESTED	FIRST_TESTED	NOT_REACHED	no
M10_STATEFUL_FORM_K2	Doyle	GLYPH_INSERTION	0.0200	100	0.070400	0.070400	FIRST_TESTED	FIRST_TESTED	FIRST_TESTED	no
M10_STATEFUL_FORM_K2	Doyle	GLYPH_INSERTION	0.0500	100	0.000000	0.000000	FIRST_TESTED	FIRST_TESTED	FIRST_TESTED	no
M10_STATEFUL_FORM_K2	Doyle	TOKEN_BOUNDARY_INSERTION	0.0000	100	0.080000	0.080000	FIRST_TESTED	FIRST_TESTED	FIRST_TESTED	no
M10_STATEFUL_FORM_K2	Doyle	TOKEN_BOUNDARY_INSERTION	0.0010	100	0.154880	0.154880	FIRST_TESTED	FIRST_TESTED	NOT_REACHED	no
M10_STATEFUL_FORM_K2	Doyle	TOKEN_BOUNDARY_INSERTION	0.0025	100	0.147200	0.147200	FIRST_TESTED	FIRST_TESTED	NOT_REACHED	no
M10_STATEFUL_FORM_K2	Doyle	TOKEN_BOUNDARY_INSERTION	0.0050	100	0.134400	0.134400	FIRST_TESTED	FIRST_TESTED	NOT_REACHED	no
M10_STATEFUL_FORM_K2	Doyle	TOKEN_BOUNDARY_INSERTION	0.0100	100	0.108800	0.108800	FIRST_TESTED	FIRST_TESTED	NOT_REACHED	no
M10_STATEFUL_FORM_K2	Doyle	TOKEN_BOUNDARY_INSERTION	0.0200	100	0.057600	0.057600	FIRST_TESTED	FIRST_TESTED	FIRST_TESTED	no
M10_STATEFUL_FORM_K2	Doyle	TOKEN_BOUNDARY_INSERTION	0.0500	100	0.000000	0.000000	FIRST_TESTED	FIRST_TESTED	FIRST_TESTED	no
M10_STATEFUL_FORM_K2	Doyle	TOKEN_BOUNDARY_DELETION	0.0000	100	0.080000	0.080000	FIRST_TESTED	FIRST_TESTED	FIRST_TESTED	no
M10_STATEFUL_FORM_K2	Doyle	TOKEN_BOUNDARY_DELETION	0.0010	100	0.154240	0.154240	FIRST_TESTED	FIRST_TESTED	NOT_REACHED	no
M10_STATEFUL_FORM_K2	Doyle	TOKEN_BOUNDARY_DELETION	0.0025	100	0.145600	0.145600	FIRST_TESTED	FIRST_TESTED	NOT_REACHED	no
M10_STATEFUL_FORM_K2	Doyle	TOKEN_BOUNDARY_DELETION	0.0050	100	0.131200	0.131200	FIRST_TESTED	FIRST_TESTED	NOT_REACHED	no
M10_STATEFUL_FORM_K2	Doyle	TOKEN_BOUNDARY_DELETION	0.0100	100	0.102400	0.102400	FIRST_TESTED	FIRST_TESTED	NOT_REACHED	no
M10_STATEFUL_FORM_K2	Doyle	TOKEN_BOUNDARY_DELETION	0.0200	100	0.044800	0.044800	FIRST_TESTED	FIRST_TESTED	FIRST_TESTED	no
M10_STATEFUL_FORM_K2	Doyle	TOKEN_BOUNDARY_DELETION	0.0500	100	0.000000	0.000000	FIRST_TESTED	FIRST_TESTED	FIRST_TESTED	no
M10_STATEFUL_FORM_K2	Doyle	TOKEN_MERGE	0.0000	100	0.080000	0.080000	FIRST_TESTED	FIRST_TESTED	FIRST_TESTED	no
M10_STATEFUL_FORM_K2	Doyle	TOKEN_MERGE	0.0010	100	0.153600	0.153600	FIRST_TESTED	FIRST_TESTED	NOT_REACHED	no
M10_STATEFUL_FORM_K2	Doyle	TOKEN_MERGE	0.0025	100	0.144000	0.144000	FIRST_TESTED	FIRST_TESTED	NOT_REACHED	no
M10_STATEFUL_FORM_K2	Doyle	TOKEN_MERGE	0.0050	100	0.128000	0.128000	FIRST_TESTED	FIRST_TESTED	NOT_REACHED	no
M10_STATEFUL_FORM_K2	Doyle	TOKEN_MERGE	0.0100	100	0.096000	0.096000	FIRST_TESTED	FIRST_TESTED	FIRST_TESTED	no
M10_STATEFUL_FORM_K2	Doyle	TOKEN_MERGE	0.0200	100	0.032000	0.032000	FIRST_TESTED	FIRST_TESTED	FIRST_TESTED	no
M10_STATEFUL_FORM_K2	Doyle	TOKEN_MERGE	0.0500	100	0.000000	0.000000	FIRST_TESTED	FIRST_TESTED	FIRST_TESTED	no
M10_STATEFUL_FORM_K2	Doyle	TOKEN_SPLIT	0.0000	100	0.080000	0.080000	FIRST_TESTED	FIRST_TESTED	FIRST_TESTED	no
M10_STATEFUL_FORM_K2	Doyle	TOKEN_SPLIT	0.0010	100	0.153600	0.153600	FIRST_TESTED	FIRST_TESTED	NOT_REACHED	no
M10_STATEFUL_FORM_K2	Doyle	TOKEN_SPLIT	0.0025	100	0.144000	0.144000	FIRST_TESTED	FIRST_TESTED	NOT_REACHED	no
M10_STATEFUL_FORM_K2	Doyle	TOKEN_SPLIT	0.0050	100	0.128000	0.128000	FIRST_TESTED	FIRST_TESTED	NOT_REACHED	no
M10_STATEFUL_FORM_K2	Doyle	TOKEN_SPLIT	0.0100	100	0.096000	0.096000	FIRST_TESTED	FIRST_TESTED	FIRST_TESTED	no
M10_STATEFUL_FORM_K2	Doyle	TOKEN_SPLIT	0.0200	100	0.032000	0.032000	FIRST_TESTED	FIRST_TESTED	FIRST_TESTED	no
M10_STATEFUL_FORM_K2	Doyle	TOKEN_SPLIT	0.0500	100	0.000000	0.000000	FIRST_TESTED	FIRST_TESTED	FIRST_TESTED	no
M10_STATEFUL_FORM_K2	Doyle	GLYPH_CONFLATION	0.0000	100	0.080000	0.080000	FIRST_TESTED	FIRST_TESTED	FIRST_TESTED	no
M10_STATEFUL_FORM_K2	Doyle	GLYPH_CONFLATION	0.0010	100	0.156480	0.156480	FIRST_TESTED	FIRST_TESTED	NOT_REACHED	no
M10_STATEFUL_FORM_K2	Doyle	GLYPH_CONFLATION	0.0025	100	0.151200	0.151200	FIRST_TESTED	FIRST_TESTED	NOT_REACHED	no
M10_STATEFUL_FORM_K2	Doyle	GLYPH_CONFLATION	0.0050	100	0.142400	0.142400	FIRST_TESTED	FIRST_TESTED	NOT_REACHED	no
M10_STATEFUL_FORM_K2	Doyle	GLYPH_CONFLATION	0.0100	100	0.124800	0.124800	FIRST_TESTED	FIRST_TESTED	NOT_REACHED	no
M10_STATEFUL_FORM_K2	Doyle	GLYPH_CONFLATION	0.0200	100	0.089600	0.089600	FIRST_TESTED	FIRST_TESTED	FIRST_TESTED	no
M10_STATEFUL_FORM_K2	Doyle	GLYPH_CONFLATION	0.0500	100	0.000000	0.000000	FIRST_TESTED	FIRST_TESTED	FIRST_TESTED	no
M10_STATEFUL_FORM_K2	Doyle	GLYPH_SPLITTING	0.0000	100	0.080000	0.080000	FIRST_TESTED	FIRST_TESTED	FIRST_TESTED	no
M10_STATEFUL_FORM_K2	Doyle	GLYPH_SPLITTING	0.0010	100	0.157120	0.157120	FIRST_TESTED	FIRST_TESTED	NOT_REACHED	no
M10_STATEFUL_FORM_K2	Doyle	GLYPH_SPLITTING	0.0025	100	0.152800	0.152800	FIRST_TESTED	FIRST_TESTED	NOT_REACHED	no
M10_STATEFUL_FORM_K2	Doyle	GLYPH_SPLITTING	0.0050	100	0.145600	0.145600	FIRST_TESTED	FIRST_TESTED	NOT_REACHED	no
M10_STATEFUL_FORM_K2	Doyle	GLYPH_SPLITTING	0.0100	100	0.131200	0.131200	FIRST_TESTED	FIRST_TESTED	NOT_REACHED	no
M10_STATEFUL_FORM_K2	Doyle	GLYPH_SPLITTING	0.0200	100	0.102400	0.102400	FIRST_TESTED	FIRST_TESTED	NOT_REACHED	no
M10_STATEFUL_FORM_K2	Doyle	GLYPH_SPLITTING	0.0500	100	0.016000	0.016000	FIRST_TESTED	FIRST_TESTED	FIRST_TESTED	no
M10_STATEFUL_FORM_K2	Longfellow	GLYPH_SUBSTITUTION	0.0000	100	0.080000	0.080000	FIRST_TESTED	FIRST_TESTED	FIRST_TESTED	no
M10_STATEFUL_FORM_K2	Longfellow	GLYPH_SUBSTITUTION	0.0010	100	0.157120	0.157120	FIRST_TESTED	FIRST_TESTED	NOT_REACHED	no
M10_STATEFUL_FORM_K2	Longfellow	GLYPH_SUBSTITUTION	0.0025	100	0.152800	0.152800	FIRST_TESTED	FIRST_TESTED	NOT_REACHED	no
M10_STATEFUL_FORM_K2	Longfellow	GLYPH_SUBSTITUTION	0.0050	100	0.145600	0.145600	FIRST_TESTED	FIRST_TESTED	NOT_REACHED	no
M10_STATEFUL_FORM_K2	Longfellow	GLYPH_SUBSTITUTION	0.0100	100	0.131200	0.131200	FIRST_TESTED	FIRST_TESTED	NOT_REACHED	no
M10_STATEFUL_FORM_K2	Longfellow	GLYPH_SUBSTITUTION	0.0200	100	0.102400	0.102400	FIRST_TESTED	FIRST_TESTED	NOT_REACHED	no
M10_STATEFUL_FORM_K2	Longfellow	GLYPH_SUBSTITUTION	0.0500	100	0.016000	0.016000	FIRST_TESTED	FIRST_TESTED	FIRST_TESTED	no
M10_STATEFUL_FORM_K2	Longfellow	GLYPH_DELETION	0.0000	100	0.080000	0.080000	FIRST_TESTED	FIRST_TESTED	FIRST_TESTED	no
M10_STATEFUL_FORM_K2	Longfellow	GLYPH_DELETION	0.0010	100	0.156160	0.156160	FIRST_TESTED	FIRST_TESTED	NOT_REACHED	no
M10_STATEFUL_FORM_K2	Longfellow	GLYPH_DELETION	0.0025	100	0.150400	0.150400	FIRST_TESTED	FIRST_TESTED	NOT_REACHED	no
M10_STATEFUL_FORM_K2	Longfellow	GLYPH_DELETION	0.0050	100	0.140800	0.140800	FIRST_TESTED	FIRST_TESTED	NOT_REACHED	no
M10_STATEFUL_FORM_K2	Longfellow	GLYPH_DELETION	0.0100	100	0.121600	0.121600	FIRST_TESTED	FIRST_TESTED	NOT_REACHED	no
M10_STATEFUL_FORM_K2	Longfellow	GLYPH_DELETION	0.0200	100	0.083200	0.083200	FIRST_TESTED	FIRST_TESTED	FIRST_TESTED	no
M10_STATEFUL_FORM_K2	Longfellow	GLYPH_DELETION	0.0500	100	0.000000	0.000000	FIRST_TESTED	FIRST_TESTED	FIRST_TESTED	no
M10_STATEFUL_FORM_K2	Longfellow	GLYPH_INSERTION	0.0000	100	0.080000	0.080000	FIRST_TESTED	FIRST_TESTED	FIRST_TESTED	no
M10_STATEFUL_FORM_K2	Longfellow	GLYPH_INSERTION	0.0010	100	0.155520	0.155520	FIRST_TESTED	FIRST_TESTED	NOT_REACHED	no
M10_STATEFUL_FORM_K2	Longfellow	GLYPH_INSERTION	0.0025	100	0.148800	0.148800	FIRST_TESTED	FIRST_TESTED	NOT_REACHED	no
M10_STATEFUL_FORM_K2	Longfellow	GLYPH_INSERTION	0.0050	100	0.137600	0.137600	FIRST_TESTED	FIRST_TESTED	NOT_REACHED	no
M10_STATEFUL_FORM_K2	Longfellow	GLYPH_INSERTION	0.0100	100	0.115200	0.115200	FIRST_TESTED	FIRST_TESTED	NOT_REACHED	no
M10_STATEFUL_FORM_K2	Longfellow	GLYPH_INSERTION	0.0200	100	0.070400	0.070400	FIRST_TESTED	FIRST_TESTED	FIRST_TESTED	no
M10_STATEFUL_FORM_K2	Longfellow	GLYPH_INSERTION	0.0500	100	0.000000	0.000000	FIRST_TESTED	FIRST_TESTED	FIRST_TESTED	no
M10_STATEFUL_FORM_K2	Longfellow	TOKEN_BOUNDARY_INSERTION	0.0000	100	0.080000	0.080000	FIRST_TESTED	FIRST_TESTED	FIRST_TESTED	no
M10_STATEFUL_FORM_K2	Longfellow	TOKEN_BOUNDARY_INSERTION	0.0010	100	0.154880	0.154880	FIRST_TESTED	FIRST_TESTED	NOT_REACHED	no
M10_STATEFUL_FORM_K2	Longfellow	TOKEN_BOUNDARY_INSERTION	0.0025	100	0.147200	0.147200	FIRST_TESTED	FIRST_TESTED	NOT_REACHED	no
M10_STATEFUL_FORM_K2	Longfellow	TOKEN_BOUNDARY_INSERTION	0.0050	100	0.134400	0.134400	FIRST_TESTED	FIRST_TESTED	NOT_REACHED	no
M10_STATEFUL_FORM_K2	Longfellow	TOKEN_BOUNDARY_INSERTION	0.0100	100	0.108800	0.108800	FIRST_TESTED	FIRST_TESTED	NOT_REACHED	no
M10_STATEFUL_FORM_K2	Longfellow	TOKEN_BOUNDARY_INSERTION	0.0200	100	0.057600	0.057600	FIRST_TESTED	FIRST_TESTED	FIRST_TESTED	no
M10_STATEFUL_FORM_K2	Longfellow	TOKEN_BOUNDARY_INSERTION	0.0500	100	0.000000	0.000000	FIRST_TESTED	FIRST_TESTED	FIRST_TESTED	no
M10_STATEFUL_FORM_K2	Longfellow	TOKEN_BOUNDARY_DELETION	0.0000	100	0.080000	0.080000	FIRST_TESTED	FIRST_TESTED	FIRST_TESTED	no
M10_STATEFUL_FORM_K2	Longfellow	TOKEN_BOUNDARY_DELETION	0.0010	100	0.154240	0.154240	FIRST_TESTED	FIRST_TESTED	NOT_REACHED	no
M10_STATEFUL_FORM_K2	Longfellow	TOKEN_BOUNDARY_DELETION	0.0025	100	0.145600	0.145600	FIRST_TESTED	FIRST_TESTED	NOT_REACHED	no
M10_STATEFUL_FORM_K2	Longfellow	TOKEN_BOUNDARY_DELETION	0.0050	100	0.131200	0.131200	FIRST_TESTED	FIRST_TESTED	NOT_REACHED	no
M10_STATEFUL_FORM_K2	Longfellow	TOKEN_BOUNDARY_DELETION	0.0100	100	0.102400	0.102400	FIRST_TESTED	FIRST_TESTED	NOT_REACHED	no
M10_STATEFUL_FORM_K2	Longfellow	TOKEN_BOUNDARY_DELETION	0.0200	100	0.044800	0.044800	FIRST_TESTED	FIRST_TESTED	FIRST_TESTED	no
M10_STATEFUL_FORM_K2	Longfellow	TOKEN_BOUNDARY_DELETION	0.0500	100	0.000000	0.000000	FIRST_TESTED	FIRST_TESTED	FIRST_TESTED	no
M10_STATEFUL_FORM_K2	Longfellow	TOKEN_MERGE	0.0000	100	0.080000	0.080000	FIRST_TESTED	FIRST_TESTED	FIRST_TESTED	no
M10_STATEFUL_FORM_K2	Longfellow	TOKEN_MERGE	0.0010	100	0.153600	0.153600	FIRST_TESTED	FIRST_TESTED	NOT_REACHED	no
M10_STATEFUL_FORM_K2	Longfellow	TOKEN_MERGE	0.0025	100	0.144000	0.144000	FIRST_TESTED	FIRST_TESTED	NOT_REACHED	no
M10_STATEFUL_FORM_K2	Longfellow	TOKEN_MERGE	0.0050	100	0.128000	0.128000	FIRST_TESTED	FIRST_TESTED	NOT_REACHED	no
M10_STATEFUL_FORM_K2	Longfellow	TOKEN_MERGE	0.0100	100	0.096000	0.096000	FIRST_TESTED	FIRST_TESTED	FIRST_TESTED	no
M10_STATEFUL_FORM_K2	Longfellow	TOKEN_MERGE	0.0200	100	0.032000	0.032000	FIRST_TESTED	FIRST_TESTED	FIRST_TESTED	no
M10_STATEFUL_FORM_K2	Longfellow	TOKEN_MERGE	0.0500	100	0.000000	0.000000	FIRST_TESTED	FIRST_TESTED	FIRST_TESTED	no
M10_STATEFUL_FORM_K2	Longfellow	TOKEN_SPLIT	0.0000	100	0.080000	0.080000	FIRST_TESTED	FIRST_TESTED	FIRST_TESTED	no
M10_STATEFUL_FORM_K2	Longfellow	TOKEN_SPLIT	0.0010	100	0.153600	0.153600	FIRST_TESTED	FIRST_TESTED	NOT_REACHED	no
M10_STATEFUL_FORM_K2	Longfellow	TOKEN_SPLIT	0.0025	100	0.144000	0.144000	FIRST_TESTED	FIRST_TESTED	NOT_REACHED	no
M10_STATEFUL_FORM_K2	Longfellow	TOKEN_SPLIT	0.0050	100	0.128000	0.128000	FIRST_TESTED	FIRST_TESTED	NOT_REACHED	no
M10_STATEFUL_FORM_K2	Longfellow	TOKEN_SPLIT	0.0100	100	0.096000	0.096000	FIRST_TESTED	FIRST_TESTED	FIRST_TESTED	no
M10_STATEFUL_FORM_K2	Longfellow	TOKEN_SPLIT	0.0200	100	0.032000	0.032000	FIRST_TESTED	FIRST_TESTED	FIRST_TESTED	no
M10_STATEFUL_FORM_K2	Longfellow	TOKEN_SPLIT	0.0500	100	0.000000	0.000000	FIRST_TESTED	FIRST_TESTED	FIRST_TESTED	no
M10_STATEFUL_FORM_K2	Longfellow	GLYPH_CONFLATION	0.0000	100	0.080000	0.080000	FIRST_TESTED	FIRST_TESTED	FIRST_TESTED	no
M10_STATEFUL_FORM_K2	Longfellow	GLYPH_CONFLATION	0.0010	100	0.156480	0.156480	FIRST_TESTED	FIRST_TESTED	NOT_REACHED	no
M10_STATEFUL_FORM_K2	Longfellow	GLYPH_CONFLATION	0.0025	100	0.151200	0.151200	FIRST_TESTED	FIRST_TESTED	NOT_REACHED	no
M10_STATEFUL_FORM_K2	Longfellow	GLYPH_CONFLATION	0.0050	100	0.142400	0.142400	FIRST_TESTED	FIRST_TESTED	NOT_REACHED	no
M10_STATEFUL_FORM_K2	Longfellow	GLYPH_CONFLATION	0.0100	100	0.124800	0.124800	FIRST_TESTED	FIRST_TESTED	NOT_REACHED	no
M10_STATEFUL_FORM_K2	Longfellow	GLYPH_CONFLATION	0.0200	100	0.089600	0.089600	FIRST_TESTED	FIRST_TESTED	FIRST_TESTED	no
M10_STATEFUL_FORM_K2	Longfellow	GLYPH_CONFLATION	0.0500	100	0.000000	0.000000	FIRST_TESTED	FIRST_TESTED	FIRST_TESTED	no
M10_STATEFUL_FORM_K2	Longfellow	GLYPH_SPLITTING	0.0000	100	0.080000	0.080000	FIRST_TESTED	FIRST_TESTED	FIRST_TESTED	no
M10_STATEFUL_FORM_K2	Longfellow	GLYPH_SPLITTING	0.0010	100	0.157120	0.157120	FIRST_TESTED	FIRST_TESTED	NOT_REACHED	no
M10_STATEFUL_FORM_K2	Longfellow	GLYPH_SPLITTING	0.0025	100	0.152800	0.152800	FIRST_TESTED	FIRST_TESTED	NOT_REACHED	no
M10_STATEFUL_FORM_K2	Longfellow	GLYPH_SPLITTING	0.0050	100	0.145600	0.145600	FIRST_TESTED	FIRST_TESTED	NOT_REACHED	no
M10_STATEFUL_FORM_K2	Longfellow	GLYPH_SPLITTING	0.0100	100	0.131200	0.131200	FIRST_TESTED	FIRST_TESTED	NOT_REACHED	no
M10_STATEFUL_FORM_K2	Longfellow	GLYPH_SPLITTING	0.0200	100	0.102400	0.102400	FIRST_TESTED	FIRST_TESTED	NOT_REACHED	no
M10_STATEFUL_FORM_K2	Longfellow	GLYPH_SPLITTING	0.0500	100	0.016000	0.016000	FIRST_TESTED	FIRST_TESTED	FIRST_TESTED	no
M10_STATEFUL_FORM_K2	Astafiev	GLYPH_SUBSTITUTION	0.0000	100	0.080000	0.080000	FIRST_TESTED	FIRST_TESTED	FIRST_TESTED	no
M10_STATEFUL_FORM_K2	Astafiev	GLYPH_SUBSTITUTION	0.0010	100	0.157120	0.157120	FIRST_TESTED	FIRST_TESTED	NOT_REACHED	no
M10_STATEFUL_FORM_K2	Astafiev	GLYPH_SUBSTITUTION	0.0025	100	0.152800	0.152800	FIRST_TESTED	FIRST_TESTED	NOT_REACHED	no
M10_STATEFUL_FORM_K2	Astafiev	GLYPH_SUBSTITUTION	0.0050	100	0.145600	0.145600	FIRST_TESTED	FIRST_TESTED	NOT_REACHED	no
M10_STATEFUL_FORM_K2	Astafiev	GLYPH_SUBSTITUTION	0.0100	100	0.131200	0.131200	FIRST_TESTED	FIRST_TESTED	NOT_REACHED	no
M10_STATEFUL_FORM_K2	Astafiev	GLYPH_SUBSTITUTION	0.0200	100	0.102400	0.102400	FIRST_TESTED	FIRST_TESTED	NOT_REACHED	no
M10_STATEFUL_FORM_K2	Astafiev	GLYPH_SUBSTITUTION	0.0500	100	0.016000	0.016000	FIRST_TESTED	FIRST_TESTED	FIRST_TESTED	no
M10_STATEFUL_FORM_K2	Astafiev	GLYPH_DELETION	0.0000	100	0.080000	0.080000	FIRST_TESTED	FIRST_TESTED	FIRST_TESTED	no
M10_STATEFUL_FORM_K2	Astafiev	GLYPH_DELETION	0.0010	100	0.156160	0.156160	FIRST_TESTED	FIRST_TESTED	NOT_REACHED	no
M10_STATEFUL_FORM_K2	Astafiev	GLYPH_DELETION	0.0025	100	0.150400	0.150400	FIRST_TESTED	FIRST_TESTED	NOT_REACHED	no
M10_STATEFUL_FORM_K2	Astafiev	GLYPH_DELETION	0.0050	100	0.140800	0.140800	FIRST_TESTED	FIRST_TESTED	NOT_REACHED	no
M10_STATEFUL_FORM_K2	Astafiev	GLYPH_DELETION	0.0100	100	0.121600	0.121600	FIRST_TESTED	FIRST_TESTED	NOT_REACHED	no
M10_STATEFUL_FORM_K2	Astafiev	GLYPH_DELETION	0.0200	100	0.083200	0.083200	FIRST_TESTED	FIRST_TESTED	FIRST_TESTED	no
M10_STATEFUL_FORM_K2	Astafiev	GLYPH_DELETION	0.0500	100	0.000000	0.000000	FIRST_TESTED	FIRST_TESTED	FIRST_TESTED	no
M10_STATEFUL_FORM_K2	Astafiev	GLYPH_INSERTION	0.0000	100	0.080000	0.080000	FIRST_TESTED	FIRST_TESTED	FIRST_TESTED	no
M10_STATEFUL_FORM_K2	Astafiev	GLYPH_INSERTION	0.0010	100	0.155520	0.155520	FIRST_TESTED	FIRST_TESTED	NOT_REACHED	no
M10_STATEFUL_FORM_K2	Astafiev	GLYPH_INSERTION	0.0025	100	0.148800	0.148800	FIRST_TESTED	FIRST_TESTED	NOT_REACHED	no
M10_STATEFUL_FORM_K2	Astafiev	GLYPH_INSERTION	0.0050	100	0.137600	0.137600	FIRST_TESTED	FIRST_TESTED	NOT_REACHED	no
M10_STATEFUL_FORM_K2	Astafiev	GLYPH_INSERTION	0.0100	100	0.115200	0.115200	FIRST_TESTED	FIRST_TESTED	NOT_REACHED	no
M10_STATEFUL_FORM_K2	Astafiev	GLYPH_INSERTION	0.0200	100	0.070400	0.070400	FIRST_TESTED	FIRST_TESTED	FIRST_TESTED	no
M10_STATEFUL_FORM_K2	Astafiev	GLYPH_INSERTION	0.0500	100	0.000000	0.000000	FIRST_TESTED	FIRST_TESTED	FIRST_TESTED	no
M10_STATEFUL_FORM_K2	Astafiev	TOKEN_BOUNDARY_INSERTION	0.0000	100	0.080000	0.080000	FIRST_TESTED	FIRST_TESTED	FIRST_TESTED	no
M10_STATEFUL_FORM_K2	Astafiev	TOKEN_BOUNDARY_INSERTION	0.0010	100	0.154880	0.154880	FIRST_TESTED	FIRST_TESTED	NOT_REACHED	no
M10_STATEFUL_FORM_K2	Astafiev	TOKEN_BOUNDARY_INSERTION	0.0025	100	0.147200	0.147200	FIRST_TESTED	FIRST_TESTED	NOT_REACHED	no
M10_STATEFUL_FORM_K2	Astafiev	TOKEN_BOUNDARY_INSERTION	0.0050	100	0.134400	0.134400	FIRST_TESTED	FIRST_TESTED	NOT_REACHED	no
M10_STATEFUL_FORM_K2	Astafiev	TOKEN_BOUNDARY_INSERTION	0.0100	100	0.108800	0.108800	FIRST_TESTED	FIRST_TESTED	NOT_REACHED	no
M10_STATEFUL_FORM_K2	Astafiev	TOKEN_BOUNDARY_INSERTION	0.0200	100	0.057600	0.057600	FIRST_TESTED	FIRST_TESTED	FIRST_TESTED	no
M10_STATEFUL_FORM_K2	Astafiev	TOKEN_BOUNDARY_INSERTION	0.0500	100	0.000000	0.000000	FIRST_TESTED	FIRST_TESTED	FIRST_TESTED	no
M10_STATEFUL_FORM_K2	Astafiev	TOKEN_BOUNDARY_DELETION	0.0000	100	0.080000	0.080000	FIRST_TESTED	FIRST_TESTED	FIRST_TESTED	no
M10_STATEFUL_FORM_K2	Astafiev	TOKEN_BOUNDARY_DELETION	0.0010	100	0.154240	0.154240	FIRST_TESTED	FIRST_TESTED	NOT_REACHED	no
M10_STATEFUL_FORM_K2	Astafiev	TOKEN_BOUNDARY_DELETION	0.0025	100	0.145600	0.145600	FIRST_TESTED	FIRST_TESTED	NOT_REACHED	no
M10_STATEFUL_FORM_K2	Astafiev	TOKEN_BOUNDARY_DELETION	0.0050	100	0.131200	0.131200	FIRST_TESTED	FIRST_TESTED	NOT_REACHED	no
M10_STATEFUL_FORM_K2	Astafiev	TOKEN_BOUNDARY_DELETION	0.0100	100	0.102400	0.102400	FIRST_TESTED	FIRST_TESTED	NOT_REACHED	no
M10_STATEFUL_FORM_K2	Astafiev	TOKEN_BOUNDARY_DELETION	0.0200	100	0.044800	0.044800	FIRST_TESTED	FIRST_TESTED	FIRST_TESTED	no
M10_STATEFUL_FORM_K2	Astafiev	TOKEN_BOUNDARY_DELETION	0.0500	100	0.000000	0.000000	FIRST_TESTED	FIRST_TESTED	FIRST_TESTED	no
M10_STATEFUL_FORM_K2	Astafiev	TOKEN_MERGE	0.0000	100	0.080000	0.080000	FIRST_TESTED	FIRST_TESTED	FIRST_TESTED	no
M10_STATEFUL_FORM_K2	Astafiev	TOKEN_MERGE	0.0010	100	0.153600	0.153600	FIRST_TESTED	FIRST_TESTED	NOT_REACHED	no
M10_STATEFUL_FORM_K2	Astafiev	TOKEN_MERGE	0.0025	100	0.144000	0.144000	FIRST_TESTED	FIRST_TESTED	NOT_REACHED	no
M10_STATEFUL_FORM_K2	Astafiev	TOKEN_MERGE	0.0050	100	0.128000	0.128000	FIRST_TESTED	FIRST_TESTED	NOT_REACHED	no
M10_STATEFUL_FORM_K2	Astafiev	TOKEN_MERGE	0.0100	100	0.096000	0.096000	FIRST_TESTED	FIRST_TESTED	FIRST_TESTED	no
M10_STATEFUL_FORM_K2	Astafiev	TOKEN_MERGE	0.0200	100	0.032000	0.032000	FIRST_TESTED	FIRST_TESTED	FIRST_TESTED	no
M10_STATEFUL_FORM_K2	Astafiev	TOKEN_MERGE	0.0500	100	0.000000	0.000000	FIRST_TESTED	FIRST_TESTED	FIRST_TESTED	no
M10_STATEFUL_FORM_K2	Astafiev	TOKEN_SPLIT	0.0000	100	0.080000	0.080000	FIRST_TESTED	FIRST_TESTED	FIRST_TESTED	no
M10_STATEFUL_FORM_K2	Astafiev	TOKEN_SPLIT	0.0010	100	0.153600	0.153600	FIRST_TESTED	FIRST_TESTED	NOT_REACHED	no
M10_STATEFUL_FORM_K2	Astafiev	TOKEN_SPLIT	0.0025	100	0.144000	0.144000	FIRST_TESTED	FIRST_TESTED	NOT_REACHED	no
M10_STATEFUL_FORM_K2	Astafiev	TOKEN_SPLIT	0.0050	100	0.128000	0.128000	FIRST_TESTED	FIRST_TESTED	NOT_REACHED	no
M10_STATEFUL_FORM_K2	Astafiev	TOKEN_SPLIT	0.0100	100	0.096000	0.096000	FIRST_TESTED	FIRST_TESTED	FIRST_TESTED	no
M10_STATEFUL_FORM_K2	Astafiev	TOKEN_SPLIT	0.0200	100	0.032000	0.032000	FIRST_TESTED	FIRST_TESTED	FIRST_TESTED	no
M10_STATEFUL_FORM_K2	Astafiev	TOKEN_SPLIT	0.0500	100	0.000000	0.000000	FIRST_TESTED	FIRST_TESTED	FIRST_TESTED	no
M10_STATEFUL_FORM_K2	Astafiev	GLYPH_CONFLATION	0.0000	100	0.080000	0.080000	FIRST_TESTED	FIRST_TESTED	FIRST_TESTED	no
M10_STATEFUL_FORM_K2	Astafiev	GLYPH_CONFLATION	0.0010	100	0.156480	0.156480	FIRST_TESTED	FIRST_TESTED	NOT_REACHED	no
M10_STATEFUL_FORM_K2	Astafiev	GLYPH_CONFLATION	0.0025	100	0.151200	0.151200	FIRST_TESTED	FIRST_TESTED	NOT_REACHED	no
M10_STATEFUL_FORM_K2	Astafiev	GLYPH_CONFLATION	0.0050	100	0.142400	0.142400	FIRST_TESTED	FIRST_TESTED	NOT_REACHED	no
M10_STATEFUL_FORM_K2	Astafiev	GLYPH_CONFLATION	0.0100	100	0.124800	0.124800	FIRST_TESTED	FIRST_TESTED	NOT_REACHED	no
M10_STATEFUL_FORM_K2	Astafiev	GLYPH_CONFLATION	0.0200	100	0.089600	0.089600	FIRST_TESTED	FIRST_TESTED	FIRST_TESTED	no
M10_STATEFUL_FORM_K2	Astafiev	GLYPH_CONFLATION	0.0500	100	0.000000	0.000000	FIRST_TESTED	FIRST_TESTED	FIRST_TESTED	no
M10_STATEFUL_FORM_K2	Astafiev	GLYPH_SPLITTING	0.0000	100	0.080000	0.080000	FIRST_TESTED	FIRST_TESTED	FIRST_TESTED	no
M10_STATEFUL_FORM_K2	Astafiev	GLYPH_SPLITTING	0.0010	100	0.157120	0.157120	FIRST_TESTED	FIRST_TESTED	NOT_REACHED	no
M10_STATEFUL_FORM_K2	Astafiev	GLYPH_SPLITTING	0.0025	100	0.152800	0.152800	FIRST_TESTED	FIRST_TESTED	NOT_REACHED	no
M10_STATEFUL_FORM_K2	Astafiev	GLYPH_SPLITTING	0.0050	100	0.145600	0.145600	FIRST_TESTED	FIRST_TESTED	NOT_REACHED	no
M10_STATEFUL_FORM_K2	Astafiev	GLYPH_SPLITTING	0.0100	100	0.131200	0.131200	FIRST_TESTED	FIRST_TESTED	NOT_REACHED	no
M10_STATEFUL_FORM_K2	Astafiev	GLYPH_SPLITTING	0.0200	100	0.102400	0.102400	FIRST_TESTED	FIRST_TESTED	NOT_REACHED	no
M10_STATEFUL_FORM_K2	Astafiev	GLYPH_SPLITTING	0.0500	100	0.016000	0.016000	FIRST_TESTED	FIRST_TESTED	FIRST_TESTED	no
M11_MIXED_FORM_K2	Doyle	GLYPH_SUBSTITUTION	0.0000	100	0.060000	0.060000	FIRST_TESTED	FIRST_TESTED	FIRST_TESTED	no
M11_MIXED_FORM_K2	Doyle	GLYPH_SUBSTITUTION	0.0010	100	0.117840	0.117840	FIRST_TESTED	FIRST_TESTED	NOT_REACHED	no
M11_MIXED_FORM_K2	Doyle	GLYPH_SUBSTITUTION	0.0025	100	0.114600	0.114600	FIRST_TESTED	FIRST_TESTED	NOT_REACHED	no
M11_MIXED_FORM_K2	Doyle	GLYPH_SUBSTITUTION	0.0050	100	0.109200	0.109200	FIRST_TESTED	FIRST_TESTED	NOT_REACHED	no
M11_MIXED_FORM_K2	Doyle	GLYPH_SUBSTITUTION	0.0100	100	0.098400	0.098400	FIRST_TESTED	FIRST_TESTED	FIRST_TESTED	no
M11_MIXED_FORM_K2	Doyle	GLYPH_SUBSTITUTION	0.0200	100	0.076800	0.076800	FIRST_TESTED	FIRST_TESTED	FIRST_TESTED	no
M11_MIXED_FORM_K2	Doyle	GLYPH_SUBSTITUTION	0.0500	100	0.012000	0.012000	FIRST_TESTED	FIRST_TESTED	FIRST_TESTED	no
M11_MIXED_FORM_K2	Doyle	GLYPH_DELETION	0.0000	100	0.060000	0.060000	FIRST_TESTED	FIRST_TESTED	FIRST_TESTED	no
M11_MIXED_FORM_K2	Doyle	GLYPH_DELETION	0.0010	100	0.117120	0.117120	FIRST_TESTED	FIRST_TESTED	NOT_REACHED	no
M11_MIXED_FORM_K2	Doyle	GLYPH_DELETION	0.0025	100	0.112800	0.112800	FIRST_TESTED	FIRST_TESTED	NOT_REACHED	no
M11_MIXED_FORM_K2	Doyle	GLYPH_DELETION	0.0050	100	0.105600	0.105600	FIRST_TESTED	FIRST_TESTED	NOT_REACHED	no
M11_MIXED_FORM_K2	Doyle	GLYPH_DELETION	0.0100	100	0.091200	0.091200	FIRST_TESTED	FIRST_TESTED	FIRST_TESTED	no
M11_MIXED_FORM_K2	Doyle	GLYPH_DELETION	0.0200	100	0.062400	0.062400	FIRST_TESTED	FIRST_TESTED	FIRST_TESTED	no
M11_MIXED_FORM_K2	Doyle	GLYPH_DELETION	0.0500	100	0.000000	0.000000	FIRST_TESTED	FIRST_TESTED	FIRST_TESTED	no
M11_MIXED_FORM_K2	Doyle	GLYPH_INSERTION	0.0000	100	0.060000	0.060000	FIRST_TESTED	FIRST_TESTED	FIRST_TESTED	no
M11_MIXED_FORM_K2	Doyle	GLYPH_INSERTION	0.0010	100	0.116640	0.116640	FIRST_TESTED	FIRST_TESTED	NOT_REACHED	no
M11_MIXED_FORM_K2	Doyle	GLYPH_INSERTION	0.0025	100	0.111600	0.111600	FIRST_TESTED	FIRST_TESTED	NOT_REACHED	no
M11_MIXED_FORM_K2	Doyle	GLYPH_INSERTION	0.0050	100	0.103200	0.103200	FIRST_TESTED	FIRST_TESTED	NOT_REACHED	no
M11_MIXED_FORM_K2	Doyle	GLYPH_INSERTION	0.0100	100	0.086400	0.086400	FIRST_TESTED	FIRST_TESTED	FIRST_TESTED	no
M11_MIXED_FORM_K2	Doyle	GLYPH_INSERTION	0.0200	100	0.052800	0.052800	FIRST_TESTED	FIRST_TESTED	FIRST_TESTED	no
M11_MIXED_FORM_K2	Doyle	GLYPH_INSERTION	0.0500	100	0.000000	0.000000	FIRST_TESTED	FIRST_TESTED	FIRST_TESTED	no
M11_MIXED_FORM_K2	Doyle	TOKEN_BOUNDARY_INSERTION	0.0000	100	0.060000	0.060000	FIRST_TESTED	FIRST_TESTED	FIRST_TESTED	no
M11_MIXED_FORM_K2	Doyle	TOKEN_BOUNDARY_INSERTION	0.0010	100	0.116160	0.116160	FIRST_TESTED	FIRST_TESTED	NOT_REACHED	no
M11_MIXED_FORM_K2	Doyle	TOKEN_BOUNDARY_INSERTION	0.0025	100	0.110400	0.110400	FIRST_TESTED	FIRST_TESTED	NOT_REACHED	no
M11_MIXED_FORM_K2	Doyle	TOKEN_BOUNDARY_INSERTION	0.0050	100	0.100800	0.100800	FIRST_TESTED	FIRST_TESTED	NOT_REACHED	no
M11_MIXED_FORM_K2	Doyle	TOKEN_BOUNDARY_INSERTION	0.0100	100	0.081600	0.081600	FIRST_TESTED	FIRST_TESTED	FIRST_TESTED	no
M11_MIXED_FORM_K2	Doyle	TOKEN_BOUNDARY_INSERTION	0.0200	100	0.043200	0.043200	FIRST_TESTED	FIRST_TESTED	FIRST_TESTED	no
M11_MIXED_FORM_K2	Doyle	TOKEN_BOUNDARY_INSERTION	0.0500	100	0.000000	0.000000	FIRST_TESTED	FIRST_TESTED	FIRST_TESTED	no
M11_MIXED_FORM_K2	Doyle	TOKEN_BOUNDARY_DELETION	0.0000	100	0.060000	0.060000	FIRST_TESTED	FIRST_TESTED	FIRST_TESTED	no
M11_MIXED_FORM_K2	Doyle	TOKEN_BOUNDARY_DELETION	0.0010	100	0.115680	0.115680	FIRST_TESTED	FIRST_TESTED	NOT_REACHED	no
M11_MIXED_FORM_K2	Doyle	TOKEN_BOUNDARY_DELETION	0.0025	100	0.109200	0.109200	FIRST_TESTED	FIRST_TESTED	NOT_REACHED	no
M11_MIXED_FORM_K2	Doyle	TOKEN_BOUNDARY_DELETION	0.0050	100	0.098400	0.098400	FIRST_TESTED	FIRST_TESTED	FIRST_TESTED	no
M11_MIXED_FORM_K2	Doyle	TOKEN_BOUNDARY_DELETION	0.0100	100	0.076800	0.076800	FIRST_TESTED	FIRST_TESTED	FIRST_TESTED	no
M11_MIXED_FORM_K2	Doyle	TOKEN_BOUNDARY_DELETION	0.0200	100	0.033600	0.033600	FIRST_TESTED	FIRST_TESTED	FIRST_TESTED	no
M11_MIXED_FORM_K2	Doyle	TOKEN_BOUNDARY_DELETION	0.0500	100	0.000000	0.000000	FIRST_TESTED	FIRST_TESTED	FIRST_TESTED	no
M11_MIXED_FORM_K2	Doyle	TOKEN_MERGE	0.0000	100	0.060000	0.060000	FIRST_TESTED	FIRST_TESTED	FIRST_TESTED	no
M11_MIXED_FORM_K2	Doyle	TOKEN_MERGE	0.0010	100	0.115200	0.115200	FIRST_TESTED	FIRST_TESTED	NOT_REACHED	no
M11_MIXED_FORM_K2	Doyle	TOKEN_MERGE	0.0025	100	0.108000	0.108000	FIRST_TESTED	FIRST_TESTED	NOT_REACHED	no
M11_MIXED_FORM_K2	Doyle	TOKEN_MERGE	0.0050	100	0.096000	0.096000	FIRST_TESTED	FIRST_TESTED	FIRST_TESTED	no
M11_MIXED_FORM_K2	Doyle	TOKEN_MERGE	0.0100	100	0.072000	0.072000	FIRST_TESTED	FIRST_TESTED	FIRST_TESTED	no
M11_MIXED_FORM_K2	Doyle	TOKEN_MERGE	0.0200	100	0.024000	0.024000	FIRST_TESTED	FIRST_TESTED	FIRST_TESTED	no
M11_MIXED_FORM_K2	Doyle	TOKEN_MERGE	0.0500	100	0.000000	0.000000	FIRST_TESTED	FIRST_TESTED	FIRST_TESTED	no
M11_MIXED_FORM_K2	Doyle	TOKEN_SPLIT	0.0000	100	0.060000	0.060000	FIRST_TESTED	FIRST_TESTED	FIRST_TESTED	no
M11_MIXED_FORM_K2	Doyle	TOKEN_SPLIT	0.0010	100	0.115200	0.115200	FIRST_TESTED	FIRST_TESTED	NOT_REACHED	no
M11_MIXED_FORM_K2	Doyle	TOKEN_SPLIT	0.0025	100	0.108000	0.108000	FIRST_TESTED	FIRST_TESTED	NOT_REACHED	no
M11_MIXED_FORM_K2	Doyle	TOKEN_SPLIT	0.0050	100	0.096000	0.096000	FIRST_TESTED	FIRST_TESTED	FIRST_TESTED	no
M11_MIXED_FORM_K2	Doyle	TOKEN_SPLIT	0.0100	100	0.072000	0.072000	FIRST_TESTED	FIRST_TESTED	FIRST_TESTED	no
M11_MIXED_FORM_K2	Doyle	TOKEN_SPLIT	0.0200	100	0.024000	0.024000	FIRST_TESTED	FIRST_TESTED	FIRST_TESTED	no
M11_MIXED_FORM_K2	Doyle	TOKEN_SPLIT	0.0500	100	0.000000	0.000000	FIRST_TESTED	FIRST_TESTED	FIRST_TESTED	no
M11_MIXED_FORM_K2	Doyle	GLYPH_CONFLATION	0.0000	100	0.060000	0.060000	FIRST_TESTED	FIRST_TESTED	FIRST_TESTED	no
M11_MIXED_FORM_K2	Doyle	GLYPH_CONFLATION	0.0010	100	0.117360	0.117360	FIRST_TESTED	FIRST_TESTED	NOT_REACHED	no
M11_MIXED_FORM_K2	Doyle	GLYPH_CONFLATION	0.0025	100	0.113400	0.113400	FIRST_TESTED	FIRST_TESTED	NOT_REACHED	no
M11_MIXED_FORM_K2	Doyle	GLYPH_CONFLATION	0.0050	100	0.106800	0.106800	FIRST_TESTED	FIRST_TESTED	NOT_REACHED	no
M11_MIXED_FORM_K2	Doyle	GLYPH_CONFLATION	0.0100	100	0.093600	0.093600	FIRST_TESTED	FIRST_TESTED	FIRST_TESTED	no
M11_MIXED_FORM_K2	Doyle	GLYPH_CONFLATION	0.0200	100	0.067200	0.067200	FIRST_TESTED	FIRST_TESTED	FIRST_TESTED	no
M11_MIXED_FORM_K2	Doyle	GLYPH_CONFLATION	0.0500	100	0.000000	0.000000	FIRST_TESTED	FIRST_TESTED	FIRST_TESTED	no
M11_MIXED_FORM_K2	Doyle	GLYPH_SPLITTING	0.0000	100	0.060000	0.060000	FIRST_TESTED	FIRST_TESTED	FIRST_TESTED	no
M11_MIXED_FORM_K2	Doyle	GLYPH_SPLITTING	0.0010	100	0.117840	0.117840	FIRST_TESTED	FIRST_TESTED	NOT_REACHED	no
M11_MIXED_FORM_K2	Doyle	GLYPH_SPLITTING	0.0025	100	0.114600	0.114600	FIRST_TESTED	FIRST_TESTED	NOT_REACHED	no
M11_MIXED_FORM_K2	Doyle	GLYPH_SPLITTING	0.0050	100	0.109200	0.109200	FIRST_TESTED	FIRST_TESTED	NOT_REACHED	no
M11_MIXED_FORM_K2	Doyle	GLYPH_SPLITTING	0.0100	100	0.098400	0.098400	FIRST_TESTED	FIRST_TESTED	FIRST_TESTED	no
M11_MIXED_FORM_K2	Doyle	GLYPH_SPLITTING	0.0200	100	0.076800	0.076800	FIRST_TESTED	FIRST_TESTED	FIRST_TESTED	no
M11_MIXED_FORM_K2	Doyle	GLYPH_SPLITTING	0.0500	100	0.012000	0.012000	FIRST_TESTED	FIRST_TESTED	FIRST_TESTED	no
M11_MIXED_FORM_K2	Longfellow	GLYPH_SUBSTITUTION	0.0000	100	0.060000	0.060000	FIRST_TESTED	FIRST_TESTED	FIRST_TESTED	no
M11_MIXED_FORM_K2	Longfellow	GLYPH_SUBSTITUTION	0.0010	100	0.117840	0.117840	FIRST_TESTED	FIRST_TESTED	NOT_REACHED	no
M11_MIXED_FORM_K2	Longfellow	GLYPH_SUBSTITUTION	0.0025	100	0.114600	0.114600	FIRST_TESTED	FIRST_TESTED	NOT_REACHED	no
M11_MIXED_FORM_K2	Longfellow	GLYPH_SUBSTITUTION	0.0050	100	0.109200	0.109200	FIRST_TESTED	FIRST_TESTED	NOT_REACHED	no
M11_MIXED_FORM_K2	Longfellow	GLYPH_SUBSTITUTION	0.0100	100	0.098400	0.098400	FIRST_TESTED	FIRST_TESTED	FIRST_TESTED	no
M11_MIXED_FORM_K2	Longfellow	GLYPH_SUBSTITUTION	0.0200	100	0.076800	0.076800	FIRST_TESTED	FIRST_TESTED	FIRST_TESTED	no
M11_MIXED_FORM_K2	Longfellow	GLYPH_SUBSTITUTION	0.0500	100	0.012000	0.012000	FIRST_TESTED	FIRST_TESTED	FIRST_TESTED	no
M11_MIXED_FORM_K2	Longfellow	GLYPH_DELETION	0.0000	100	0.060000	0.060000	FIRST_TESTED	FIRST_TESTED	FIRST_TESTED	no
M11_MIXED_FORM_K2	Longfellow	GLYPH_DELETION	0.0010	100	0.117120	0.117120	FIRST_TESTED	FIRST_TESTED	NOT_REACHED	no
M11_MIXED_FORM_K2	Longfellow	GLYPH_DELETION	0.0025	100	0.112800	0.112800	FIRST_TESTED	FIRST_TESTED	NOT_REACHED	no
M11_MIXED_FORM_K2	Longfellow	GLYPH_DELETION	0.0050	100	0.105600	0.105600	FIRST_TESTED	FIRST_TESTED	NOT_REACHED	no
M11_MIXED_FORM_K2	Longfellow	GLYPH_DELETION	0.0100	100	0.091200	0.091200	FIRST_TESTED	FIRST_TESTED	FIRST_TESTED	no
M11_MIXED_FORM_K2	Longfellow	GLYPH_DELETION	0.0200	100	0.062400	0.062400	FIRST_TESTED	FIRST_TESTED	FIRST_TESTED	no
M11_MIXED_FORM_K2	Longfellow	GLYPH_DELETION	0.0500	100	0.000000	0.000000	FIRST_TESTED	FIRST_TESTED	FIRST_TESTED	no
M11_MIXED_FORM_K2	Longfellow	GLYPH_INSERTION	0.0000	100	0.060000	0.060000	FIRST_TESTED	FIRST_TESTED	FIRST_TESTED	no
M11_MIXED_FORM_K2	Longfellow	GLYPH_INSERTION	0.0010	100	0.116640	0.116640	FIRST_TESTED	FIRST_TESTED	NOT_REACHED	no
M11_MIXED_FORM_K2	Longfellow	GLYPH_INSERTION	0.0025	100	0.111600	0.111600	FIRST_TESTED	FIRST_TESTED	NOT_REACHED	no
M11_MIXED_FORM_K2	Longfellow	GLYPH_INSERTION	0.0050	100	0.103200	0.103200	FIRST_TESTED	FIRST_TESTED	NOT_REACHED	no
M11_MIXED_FORM_K2	Longfellow	GLYPH_INSERTION	0.0100	100	0.086400	0.086400	FIRST_TESTED	FIRST_TESTED	FIRST_TESTED	no
M11_MIXED_FORM_K2	Longfellow	GLYPH_INSERTION	0.0200	100	0.052800	0.052800	FIRST_TESTED	FIRST_TESTED	FIRST_TESTED	no
M11_MIXED_FORM_K2	Longfellow	GLYPH_INSERTION	0.0500	100	0.000000	0.000000	FIRST_TESTED	FIRST_TESTED	FIRST_TESTED	no
M11_MIXED_FORM_K2	Longfellow	TOKEN_BOUNDARY_INSERTION	0.0000	100	0.060000	0.060000	FIRST_TESTED	FIRST_TESTED	FIRST_TESTED	no
M11_MIXED_FORM_K2	Longfellow	TOKEN_BOUNDARY_INSERTION	0.0010	100	0.116160	0.116160	FIRST_TESTED	FIRST_TESTED	NOT_REACHED	no
M11_MIXED_FORM_K2	Longfellow	TOKEN_BOUNDARY_INSERTION	0.0025	100	0.110400	0.110400	FIRST_TESTED	FIRST_TESTED	NOT_REACHED	no
M11_MIXED_FORM_K2	Longfellow	TOKEN_BOUNDARY_INSERTION	0.0050	100	0.100800	0.100800	FIRST_TESTED	FIRST_TESTED	NOT_REACHED	no
M11_MIXED_FORM_K2	Longfellow	TOKEN_BOUNDARY_INSERTION	0.0100	100	0.081600	0.081600	FIRST_TESTED	FIRST_TESTED	FIRST_TESTED	no
M11_MIXED_FORM_K2	Longfellow	TOKEN_BOUNDARY_INSERTION	0.0200	100	0.043200	0.043200	FIRST_TESTED	FIRST_TESTED	FIRST_TESTED	no
M11_MIXED_FORM_K2	Longfellow	TOKEN_BOUNDARY_INSERTION	0.0500	100	0.000000	0.000000	FIRST_TESTED	FIRST_TESTED	FIRST_TESTED	no
M11_MIXED_FORM_K2	Longfellow	TOKEN_BOUNDARY_DELETION	0.0000	100	0.060000	0.060000	FIRST_TESTED	FIRST_TESTED	FIRST_TESTED	no
M11_MIXED_FORM_K2	Longfellow	TOKEN_BOUNDARY_DELETION	0.0010	100	0.115680	0.115680	FIRST_TESTED	FIRST_TESTED	NOT_REACHED	no
M11_MIXED_FORM_K2	Longfellow	TOKEN_BOUNDARY_DELETION	0.0025	100	0.109200	0.109200	FIRST_TESTED	FIRST_TESTED	NOT_REACHED	no
M11_MIXED_FORM_K2	Longfellow	TOKEN_BOUNDARY_DELETION	0.0050	100	0.098400	0.098400	FIRST_TESTED	FIRST_TESTED	FIRST_TESTED	no
M11_MIXED_FORM_K2	Longfellow	TOKEN_BOUNDARY_DELETION	0.0100	100	0.076800	0.076800	FIRST_TESTED	FIRST_TESTED	FIRST_TESTED	no
M11_MIXED_FORM_K2	Longfellow	TOKEN_BOUNDARY_DELETION	0.0200	100	0.033600	0.033600	FIRST_TESTED	FIRST_TESTED	FIRST_TESTED	no
M11_MIXED_FORM_K2	Longfellow	TOKEN_BOUNDARY_DELETION	0.0500	100	0.000000	0.000000	FIRST_TESTED	FIRST_TESTED	FIRST_TESTED	no
M11_MIXED_FORM_K2	Longfellow	TOKEN_MERGE	0.0000	100	0.060000	0.060000	FIRST_TESTED	FIRST_TESTED	FIRST_TESTED	no
M11_MIXED_FORM_K2	Longfellow	TOKEN_MERGE	0.0010	100	0.115200	0.115200	FIRST_TESTED	FIRST_TESTED	NOT_REACHED	no
M11_MIXED_FORM_K2	Longfellow	TOKEN_MERGE	0.0025	100	0.108000	0.108000	FIRST_TESTED	FIRST_TESTED	NOT_REACHED	no
M11_MIXED_FORM_K2	Longfellow	TOKEN_MERGE	0.0050	100	0.096000	0.096000	FIRST_TESTED	FIRST_TESTED	FIRST_TESTED	no
M11_MIXED_FORM_K2	Longfellow	TOKEN_MERGE	0.0100	100	0.072000	0.072000	FIRST_TESTED	FIRST_TESTED	FIRST_TESTED	no
M11_MIXED_FORM_K2	Longfellow	TOKEN_MERGE	0.0200	100	0.024000	0.024000	FIRST_TESTED	FIRST_TESTED	FIRST_TESTED	no
M11_MIXED_FORM_K2	Longfellow	TOKEN_MERGE	0.0500	100	0.000000	0.000000	FIRST_TESTED	FIRST_TESTED	FIRST_TESTED	no
M11_MIXED_FORM_K2	Longfellow	TOKEN_SPLIT	0.0000	100	0.060000	0.060000	FIRST_TESTED	FIRST_TESTED	FIRST_TESTED	no
M11_MIXED_FORM_K2	Longfellow	TOKEN_SPLIT	0.0010	100	0.115200	0.115200	FIRST_TESTED	FIRST_TESTED	NOT_REACHED	no
M11_MIXED_FORM_K2	Longfellow	TOKEN_SPLIT	0.0025	100	0.108000	0.108000	FIRST_TESTED	FIRST_TESTED	NOT_REACHED	no
M11_MIXED_FORM_K2	Longfellow	TOKEN_SPLIT	0.0050	100	0.096000	0.096000	FIRST_TESTED	FIRST_TESTED	FIRST_TESTED	no
M11_MIXED_FORM_K2	Longfellow	TOKEN_SPLIT	0.0100	100	0.072000	0.072000	FIRST_TESTED	FIRST_TESTED	FIRST_TESTED	no
M11_MIXED_FORM_K2	Longfellow	TOKEN_SPLIT	0.0200	100	0.024000	0.024000	FIRST_TESTED	FIRST_TESTED	FIRST_TESTED	no
M11_MIXED_FORM_K2	Longfellow	TOKEN_SPLIT	0.0500	100	0.000000	0.000000	FIRST_TESTED	FIRST_TESTED	FIRST_TESTED	no
M11_MIXED_FORM_K2	Longfellow	GLYPH_CONFLATION	0.0000	100	0.060000	0.060000	FIRST_TESTED	FIRST_TESTED	FIRST_TESTED	no
M11_MIXED_FORM_K2	Longfellow	GLYPH_CONFLATION	0.0010	100	0.117360	0.117360	FIRST_TESTED	FIRST_TESTED	NOT_REACHED	no
M11_MIXED_FORM_K2	Longfellow	GLYPH_CONFLATION	0.0025	100	0.113400	0.113400	FIRST_TESTED	FIRST_TESTED	NOT_REACHED	no
M11_MIXED_FORM_K2	Longfellow	GLYPH_CONFLATION	0.0050	100	0.106800	0.106800	FIRST_TESTED	FIRST_TESTED	NOT_REACHED	no
M11_MIXED_FORM_K2	Longfellow	GLYPH_CONFLATION	0.0100	100	0.093600	0.093600	FIRST_TESTED	FIRST_TESTED	FIRST_TESTED	no
M11_MIXED_FORM_K2	Longfellow	GLYPH_CONFLATION	0.0200	100	0.067200	0.067200	FIRST_TESTED	FIRST_TESTED	FIRST_TESTED	no
M11_MIXED_FORM_K2	Longfellow	GLYPH_CONFLATION	0.0500	100	0.000000	0.000000	FIRST_TESTED	FIRST_TESTED	FIRST_TESTED	no
M11_MIXED_FORM_K2	Longfellow	GLYPH_SPLITTING	0.0000	100	0.060000	0.060000	FIRST_TESTED	FIRST_TESTED	FIRST_TESTED	no
M11_MIXED_FORM_K2	Longfellow	GLYPH_SPLITTING	0.0010	100	0.117840	0.117840	FIRST_TESTED	FIRST_TESTED	NOT_REACHED	no
M11_MIXED_FORM_K2	Longfellow	GLYPH_SPLITTING	0.0025	100	0.114600	0.114600	FIRST_TESTED	FIRST_TESTED	NOT_REACHED	no
M11_MIXED_FORM_K2	Longfellow	GLYPH_SPLITTING	0.0050	100	0.109200	0.109200	FIRST_TESTED	FIRST_TESTED	NOT_REACHED	no
M11_MIXED_FORM_K2	Longfellow	GLYPH_SPLITTING	0.0100	100	0.098400	0.098400	FIRST_TESTED	FIRST_TESTED	FIRST_TESTED	no
M11_MIXED_FORM_K2	Longfellow	GLYPH_SPLITTING	0.0200	100	0.076800	0.076800	FIRST_TESTED	FIRST_TESTED	FIRST_TESTED	no
M11_MIXED_FORM_K2	Longfellow	GLYPH_SPLITTING	0.0500	100	0.012000	0.012000	FIRST_TESTED	FIRST_TESTED	FIRST_TESTED	no
M11_MIXED_FORM_K2	Astafiev	GLYPH_SUBSTITUTION	0.0000	100	0.060000	0.060000	FIRST_TESTED	FIRST_TESTED	FIRST_TESTED	no
M11_MIXED_FORM_K2	Astafiev	GLYPH_SUBSTITUTION	0.0010	100	0.117840	0.117840	FIRST_TESTED	FIRST_TESTED	NOT_REACHED	no
M11_MIXED_FORM_K2	Astafiev	GLYPH_SUBSTITUTION	0.0025	100	0.114600	0.114600	FIRST_TESTED	FIRST_TESTED	NOT_REACHED	no
M11_MIXED_FORM_K2	Astafiev	GLYPH_SUBSTITUTION	0.0050	100	0.109200	0.109200	FIRST_TESTED	FIRST_TESTED	NOT_REACHED	no
M11_MIXED_FORM_K2	Astafiev	GLYPH_SUBSTITUTION	0.0100	100	0.098400	0.098400	FIRST_TESTED	FIRST_TESTED	FIRST_TESTED	no
M11_MIXED_FORM_K2	Astafiev	GLYPH_SUBSTITUTION	0.0200	100	0.076800	0.076800	FIRST_TESTED	FIRST_TESTED	FIRST_TESTED	no
M11_MIXED_FORM_K2	Astafiev	GLYPH_SUBSTITUTION	0.0500	100	0.012000	0.012000	FIRST_TESTED	FIRST_TESTED	FIRST_TESTED	no
M11_MIXED_FORM_K2	Astafiev	GLYPH_DELETION	0.0000	100	0.060000	0.060000	FIRST_TESTED	FIRST_TESTED	FIRST_TESTED	no
M11_MIXED_FORM_K2	Astafiev	GLYPH_DELETION	0.0010	100	0.117120	0.117120	FIRST_TESTED	FIRST_TESTED	NOT_REACHED	no
M11_MIXED_FORM_K2	Astafiev	GLYPH_DELETION	0.0025	100	0.112800	0.112800	FIRST_TESTED	FIRST_TESTED	NOT_REACHED	no
M11_MIXED_FORM_K2	Astafiev	GLYPH_DELETION	0.0050	100	0.105600	0.105600	FIRST_TESTED	FIRST_TESTED	NOT_REACHED	no
M11_MIXED_FORM_K2	Astafiev	GLYPH_DELETION	0.0100	100	0.091200	0.091200	FIRST_TESTED	FIRST_TESTED	FIRST_TESTED	no
M11_MIXED_FORM_K2	Astafiev	GLYPH_DELETION	0.0200	100	0.062400	0.062400	FIRST_TESTED	FIRST_TESTED	FIRST_TESTED	no
M11_MIXED_FORM_K2	Astafiev	GLYPH_DELETION	0.0500	100	0.000000	0.000000	FIRST_TESTED	FIRST_TESTED	FIRST_TESTED	no
M11_MIXED_FORM_K2	Astafiev	GLYPH_INSERTION	0.0000	100	0.060000	0.060000	FIRST_TESTED	FIRST_TESTED	FIRST_TESTED	no
M11_MIXED_FORM_K2	Astafiev	GLYPH_INSERTION	0.0010	100	0.116640	0.116640	FIRST_TESTED	FIRST_TESTED	NOT_REACHED	no
M11_MIXED_FORM_K2	Astafiev	GLYPH_INSERTION	0.0025	100	0.111600	0.111600	FIRST_TESTED	FIRST_TESTED	NOT_REACHED	no
M11_MIXED_FORM_K2	Astafiev	GLYPH_INSERTION	0.0050	100	0.103200	0.103200	FIRST_TESTED	FIRST_TESTED	NOT_REACHED	no
M11_MIXED_FORM_K2	Astafiev	GLYPH_INSERTION	0.0100	100	0.086400	0.086400	FIRST_TESTED	FIRST_TESTED	FIRST_TESTED	no
M11_MIXED_FORM_K2	Astafiev	GLYPH_INSERTION	0.0200	100	0.052800	0.052800	FIRST_TESTED	FIRST_TESTED	FIRST_TESTED	no
M11_MIXED_FORM_K2	Astafiev	GLYPH_INSERTION	0.0500	100	0.000000	0.000000	FIRST_TESTED	FIRST_TESTED	FIRST_TESTED	no
M11_MIXED_FORM_K2	Astafiev	TOKEN_BOUNDARY_INSERTION	0.0000	100	0.060000	0.060000	FIRST_TESTED	FIRST_TESTED	FIRST_TESTED	no
M11_MIXED_FORM_K2	Astafiev	TOKEN_BOUNDARY_INSERTION	0.0010	100	0.116160	0.116160	FIRST_TESTED	FIRST_TESTED	NOT_REACHED	no
M11_MIXED_FORM_K2	Astafiev	TOKEN_BOUNDARY_INSERTION	0.0025	100	0.110400	0.110400	FIRST_TESTED	FIRST_TESTED	NOT_REACHED	no
M11_MIXED_FORM_K2	Astafiev	TOKEN_BOUNDARY_INSERTION	0.0050	100	0.100800	0.100800	FIRST_TESTED	FIRST_TESTED	NOT_REACHED	no
M11_MIXED_FORM_K2	Astafiev	TOKEN_BOUNDARY_INSERTION	0.0100	100	0.081600	0.081600	FIRST_TESTED	FIRST_TESTED	FIRST_TESTED	no
M11_MIXED_FORM_K2	Astafiev	TOKEN_BOUNDARY_INSERTION	0.0200	100	0.043200	0.043200	FIRST_TESTED	FIRST_TESTED	FIRST_TESTED	no
M11_MIXED_FORM_K2	Astafiev	TOKEN_BOUNDARY_INSERTION	0.0500	100	0.000000	0.000000	FIRST_TESTED	FIRST_TESTED	FIRST_TESTED	no
M11_MIXED_FORM_K2	Astafiev	TOKEN_BOUNDARY_DELETION	0.0000	100	0.060000	0.060000	FIRST_TESTED	FIRST_TESTED	FIRST_TESTED	no
M11_MIXED_FORM_K2	Astafiev	TOKEN_BOUNDARY_DELETION	0.0010	100	0.115680	0.115680	FIRST_TESTED	FIRST_TESTED	NOT_REACHED	no
M11_MIXED_FORM_K2	Astafiev	TOKEN_BOUNDARY_DELETION	0.0025	100	0.109200	0.109200	FIRST_TESTED	FIRST_TESTED	NOT_REACHED	no
M11_MIXED_FORM_K2	Astafiev	TOKEN_BOUNDARY_DELETION	0.0050	100	0.098400	0.098400	FIRST_TESTED	FIRST_TESTED	FIRST_TESTED	no
M11_MIXED_FORM_K2	Astafiev	TOKEN_BOUNDARY_DELETION	0.0100	100	0.076800	0.076800	FIRST_TESTED	FIRST_TESTED	FIRST_TESTED	no
M11_MIXED_FORM_K2	Astafiev	TOKEN_BOUNDARY_DELETION	0.0200	100	0.033600	0.033600	FIRST_TESTED	FIRST_TESTED	FIRST_TESTED	no
M11_MIXED_FORM_K2	Astafiev	TOKEN_BOUNDARY_DELETION	0.0500	100	0.000000	0.000000	FIRST_TESTED	FIRST_TESTED	FIRST_TESTED	no
M11_MIXED_FORM_K2	Astafiev	TOKEN_MERGE	0.0000	100	0.060000	0.060000	FIRST_TESTED	FIRST_TESTED	FIRST_TESTED	no
M11_MIXED_FORM_K2	Astafiev	TOKEN_MERGE	0.0010	100	0.115200	0.115200	FIRST_TESTED	FIRST_TESTED	NOT_REACHED	no
M11_MIXED_FORM_K2	Astafiev	TOKEN_MERGE	0.0025	100	0.108000	0.108000	FIRST_TESTED	FIRST_TESTED	NOT_REACHED	no
M11_MIXED_FORM_K2	Astafiev	TOKEN_MERGE	0.0050	100	0.096000	0.096000	FIRST_TESTED	FIRST_TESTED	FIRST_TESTED	no
M11_MIXED_FORM_K2	Astafiev	TOKEN_MERGE	0.0100	100	0.072000	0.072000	FIRST_TESTED	FIRST_TESTED	FIRST_TESTED	no
M11_MIXED_FORM_K2	Astafiev	TOKEN_MERGE	0.0200	100	0.024000	0.024000	FIRST_TESTED	FIRST_TESTED	FIRST_TESTED	no
M11_MIXED_FORM_K2	Astafiev	TOKEN_MERGE	0.0500	100	0.000000	0.000000	FIRST_TESTED	FIRST_TESTED	FIRST_TESTED	no
M11_MIXED_FORM_K2	Astafiev	TOKEN_SPLIT	0.0000	100	0.060000	0.060000	FIRST_TESTED	FIRST_TESTED	FIRST_TESTED	no
M11_MIXED_FORM_K2	Astafiev	TOKEN_SPLIT	0.0010	100	0.115200	0.115200	FIRST_TESTED	FIRST_TESTED	NOT_REACHED	no
M11_MIXED_FORM_K2	Astafiev	TOKEN_SPLIT	0.0025	100	0.108000	0.108000	FIRST_TESTED	FIRST_TESTED	NOT_REACHED	no
M11_MIXED_FORM_K2	Astafiev	TOKEN_SPLIT	0.0050	100	0.096000	0.096000	FIRST_TESTED	FIRST_TESTED	FIRST_TESTED	no
M11_MIXED_FORM_K2	Astafiev	TOKEN_SPLIT	0.0100	100	0.072000	0.072000	FIRST_TESTED	FIRST_TESTED	FIRST_TESTED	no
M11_MIXED_FORM_K2	Astafiev	TOKEN_SPLIT	0.0200	100	0.024000	0.024000	FIRST_TESTED	FIRST_TESTED	FIRST_TESTED	no
M11_MIXED_FORM_K2	Astafiev	TOKEN_SPLIT	0.0500	100	0.000000	0.000000	FIRST_TESTED	FIRST_TESTED	FIRST_TESTED	no
M11_MIXED_FORM_K2	Astafiev	GLYPH_CONFLATION	0.0000	100	0.060000	0.060000	FIRST_TESTED	FIRST_TESTED	FIRST_TESTED	no
M11_MIXED_FORM_K2	Astafiev	GLYPH_CONFLATION	0.0010	100	0.117360	0.117360	FIRST_TESTED	FIRST_TESTED	NOT_REACHED	no
M11_MIXED_FORM_K2	Astafiev	GLYPH_CONFLATION	0.0025	100	0.113400	0.113400	FIRST_TESTED	FIRST_TESTED	NOT_REACHED	no
M11_MIXED_FORM_K2	Astafiev	GLYPH_CONFLATION	0.0050	100	0.106800	0.106800	FIRST_TESTED	FIRST_TESTED	NOT_REACHED	no
M11_MIXED_FORM_K2	Astafiev	GLYPH_CONFLATION	0.0100	100	0.093600	0.093600	FIRST_TESTED	FIRST_TESTED	FIRST_TESTED	no
M11_MIXED_FORM_K2	Astafiev	GLYPH_CONFLATION	0.0200	100	0.067200	0.067200	FIRST_TESTED	FIRST_TESTED	FIRST_TESTED	no
M11_MIXED_FORM_K2	Astafiev	GLYPH_CONFLATION	0.0500	100	0.000000	0.000000	FIRST_TESTED	FIRST_TESTED	FIRST_TESTED	no
M11_MIXED_FORM_K2	Astafiev	GLYPH_SPLITTING	0.0000	100	0.060000	0.060000	FIRST_TESTED	FIRST_TESTED	FIRST_TESTED	no
M11_MIXED_FORM_K2	Astafiev	GLYPH_SPLITTING	0.0010	100	0.117840	0.117840	FIRST_TESTED	FIRST_TESTED	NOT_REACHED	no
M11_MIXED_FORM_K2	Astafiev	GLYPH_SPLITTING	0.0025	100	0.114600	0.114600	FIRST_TESTED	FIRST_TESTED	NOT_REACHED	no
M11_MIXED_FORM_K2	Astafiev	GLYPH_SPLITTING	0.0050	100	0.109200	0.109200	FIRST_TESTED	FIRST_TESTED	NOT_REACHED	no
M11_MIXED_FORM_K2	Astafiev	GLYPH_SPLITTING	0.0100	100	0.098400	0.098400	FIRST_TESTED	FIRST_TESTED	FIRST_TESTED	no
M11_MIXED_FORM_K2	Astafiev	GLYPH_SPLITTING	0.0200	100	0.076800	0.076800	FIRST_TESTED	FIRST_TESTED	FIRST_TESTED	no
M11_MIXED_FORM_K2	Astafiev	GLYPH_SPLITTING	0.0500	100	0.012000	0.012000	FIRST_TESTED	FIRST_TESTED	FIRST_TESTED	no
