system_id	label_id	reason
E1_CONSERVATIVE_PER_PAGE_CAPACITY_1_K1	STAR_f68r1_12380	NO_EXACT_GLOBAL_ASSIGNMENT_IN_INCUMBENT
E1_CONSERVATIVE_PER_PAGE_CAPACITY_1_K1	STAR_f68r1_12381	NO_EXACT_GLOBAL_ASSIGNMENT_IN_INCUMBENT
E1_CONSERVATIVE_PER_PAGE_CAPACITY_1_K1	STAR_f68r1_12382	NO_EXACT_GLOBAL_ASSIGNMENT_IN_INCUMBENT
E1_CONSERVATIVE_PER_PAGE_CAPACITY_1_K1	STAR_f68r1_12383	NO_EXACT_GLOBAL_ASSIGNMENT_IN_INCUMBENT
E1_CONSERVATIVE_PER_PAGE_CAPACITY_1_K1	STAR_f68r1_12384	NO_EXACT_GLOBAL_ASSIGNMENT_IN_INCUMBENT
E1_CONSERVATIVE_PER_PAGE_CAPACITY_1_K1	STAR_f68r1_12385	NO_EXACT_GLOBAL_ASSIGNMENT_IN_INCUMBENT
E1_CONSERVATIVE_PER_PAGE_CAPACITY_1_K1	STAR_f68r1_12386	NO_EXACT_GLOBAL_ASSIGNMENT_IN_INCUMBENT
E1_CONSERVATIVE_PER_PAGE_CAPACITY_1_K1	STAR_f68r1_12387	NO_EXACT_GLOBAL_ASSIGNMENT_IN_INCUMBENT
E1_CONSERVATIVE_PER_PAGE_CAPACITY_1_K1	STAR_f68r1_12388	NO_EXACT_GLOBAL_ASSIGNMENT_IN_INCUMBENT
E1_CONSERVATIVE_PER_PAGE_CAPACITY_1_K1	STAR_f68r1_12389	NO_EXACT_GLOBAL_ASSIGNMENT_IN_INCUMBENT
E1_CONSERVATIVE_PER_PAGE_CAPACITY_1_K1	STAR_f68r1_12390	NO_EXACT_GLOBAL_ASSIGNMENT_IN_INCUMBENT
E1_CONSERVATIVE_PER_PAGE_CAPACITY_1_K1	STAR_f68r1_12391	NO_EXACT_GLOBAL_ASSIGNMENT_IN_INCUMBENT
E1_CONSERVATIVE_PER_PAGE_CAPACITY_1_K1	STAR_f68r1_12392	NO_EXACT_GLOBAL_ASSIGNMENT_IN_INCUMBENT
E1_CONSERVATIVE_PER_PAGE_CAPACITY_1_K1	STAR_f68r1_12393	NO_EXACT_GLOBAL_ASSIGNMENT_IN_INCUMBENT
E1_CONSERVATIVE_PER_PAGE_CAPACITY_1_K1	STAR_f68r1_12394	NO_EXACT_GLOBAL_ASSIGNMENT_IN_INCUMBENT
E1_CONSERVATIVE_PER_PAGE_CAPACITY_1_K1	STAR_f68r1_12395	NO_EXACT_GLOBAL_ASSIGNMENT_IN_INCUMBENT
E1_CONSERVATIVE_PER_PAGE_CAPACITY_1_K1	STAR_f68r1_12396	NO_EXACT_GLOBAL_ASSIGNMENT_IN_INCUMBENT
E1_CONSERVATIVE_PER_PAGE_CAPACITY_1_K1	STAR_f68r1_12397	NO_EXACT_GLOBAL_ASSIGNMENT_IN_INCUMBENT
E1_CONSERVATIVE_PER_PAGE_CAPACITY_1_K1	STAR_f68r1_12398	NO_EXACT_GLOBAL_ASSIGNMENT_IN_INCUMBENT
E1_CONSERVATIVE_PER_PAGE_CAPACITY_1_K1	STAR_f68r1_12399	NO_EXACT_GLOBAL_ASSIGNMENT_IN_INCUMBENT
E1_CONSERVATIVE_PER_PAGE_CAPACITY_1_K1	STAR_f68r1_12400	NO_EXACT_GLOBAL_ASSIGNMENT_IN_INCUMBENT
E1_CONSERVATIVE_PER_PAGE_CAPACITY_1_K1	STAR_f68r1_12401	NO_EXACT_GLOBAL_ASSIGNMENT_IN_INCUMBENT
E1_CONSERVATIVE_PER_PAGE_CAPACITY_1_K1	STAR_f68r1_12403	NO_EXACT_GLOBAL_ASSIGNMENT_IN_INCUMBENT
E1_CONSERVATIVE_PER_PAGE_CAPACITY_1_K1	STAR_f68r1_12405	NO_EXACT_GLOBAL_ASSIGNMENT_IN_INCUMBENT
E1_CONSERVATIVE_PER_PAGE_CAPACITY_1_K1	STAR_f68r1_12406	NO_EXACT_GLOBAL_ASSIGNMENT_IN_INCUMBENT
E1_CONSERVATIVE_PER_PAGE_CAPACITY_1_K1	STAR_f68r1_12407	NO_EXACT_GLOBAL_ASSIGNMENT_IN_INCUMBENT
E1_CONSERVATIVE_PER_PAGE_CAPACITY_1_K1	STAR_f68r1_12408	NO_EXACT_GLOBAL_ASSIGNMENT_IN_INCUMBENT
E1_CONSERVATIVE_PER_PAGE_CAPACITY_1_K1	STAR_f68r1_12409	NO_EXACT_GLOBAL_ASSIGNMENT_IN_INCUMBENT
E1_CONSERVATIVE_PER_PAGE_CAPACITY_1_K1	STAR_f68r1_12410	NO_EXACT_GLOBAL_ASSIGNMENT_IN_INCUMBENT
E1_CONSERVATIVE_PER_PAGE_CAPACITY_1_K1	STAR_f68r1_12411	NO_EXACT_GLOBAL_ASSIGNMENT_IN_INCUMBENT
E1_CONSERVATIVE_PER_PAGE_CAPACITY_1_K1	STAR_f68r2_12465	NO_EXACT_GLOBAL_ASSIGNMENT_IN_INCUMBENT
E1_CONSERVATIVE_PER_PAGE_CAPACITY_1_K1	STAR_f68r2_12467	NO_EXACT_GLOBAL_ASSIGNMENT_IN_INCUMBENT
E1_CONSERVATIVE_PER_PAGE_CAPACITY_1_K1	STAR_f68r2_12468	NO_EXACT_GLOBAL_ASSIGNMENT_IN_INCUMBENT
E1_CONSERVATIVE_PER_PAGE_CAPACITY_1_K1	STAR_f68r2_12469	NO_EXACT_GLOBAL_ASSIGNMENT_IN_INCUMBENT
E1_CONSERVATIVE_PER_PAGE_CAPACITY_1_K1	STAR_f68r2_12470	NO_EXACT_GLOBAL_ASSIGNMENT_IN_INCUMBENT
E1_CONSERVATIVE_PER_PAGE_CAPACITY_1_K1	STAR_f68r2_12471	NO_EXACT_GLOBAL_ASSIGNMENT_IN_INCUMBENT
E1_CONSERVATIVE_PER_PAGE_CAPACITY_1_K1	STAR_f68r2_12472	NO_EXACT_GLOBAL_ASSIGNMENT_IN_INCUMBENT
E1_CONSERVATIVE_PER_PAGE_CAPACITY_1_K1	STAR_f68r2_12473	NO_EXACT_GLOBAL_ASSIGNMENT_IN_INCUMBENT
E1_CONSERVATIVE_PER_PAGE_CAPACITY_1_K1	STAR_f68r2_12474	NO_EXACT_GLOBAL_ASSIGNMENT_IN_INCUMBENT
E1_CONSERVATIVE_PER_PAGE_CAPACITY_1_K1	STAR_f68r2_12475	NO_EXACT_GLOBAL_ASSIGNMENT_IN_INCUMBENT
E1_CONSERVATIVE_PER_PAGE_CAPACITY_1_K1	STAR_f68r2_12476	NO_EXACT_GLOBAL_ASSIGNMENT_IN_INCUMBENT
E1_CONSERVATIVE_PER_PAGE_CAPACITY_1_K1	STAR_f68r2_12477	NO_EXACT_GLOBAL_ASSIGNMENT_IN_INCUMBENT
E1_CONSERVATIVE_PER_PAGE_CAPACITY_1_K1	STAR_f68r2_12478	NO_EXACT_GLOBAL_ASSIGNMENT_IN_INCUMBENT
E1_CONSERVATIVE_PER_PAGE_CAPACITY_1_K1	STAR_f68r2_12479	NO_EXACT_GLOBAL_ASSIGNMENT_IN_INCUMBENT
E1_CONSERVATIVE_PER_PAGE_CAPACITY_1_K1	STAR_f68r2_12480	NO_EXACT_GLOBAL_ASSIGNMENT_IN_INCUMBENT
E1_CONSERVATIVE_PER_PAGE_CAPACITY_1_K1	STAR_f68r2_12481	NO_EXACT_GLOBAL_ASSIGNMENT_IN_INCUMBENT
E1_CONSERVATIVE_PER_PAGE_CAPACITY_1_K1	STAR_f68r2_12482	NO_EXACT_GLOBAL_ASSIGNMENT_IN_INCUMBENT
E1_CONSERVATIVE_PER_PAGE_CAPACITY_1_K1	STAR_f68r2_12483	NO_EXACT_GLOBAL_ASSIGNMENT_IN_INCUMBENT
E1_CONSERVATIVE_PER_PAGE_CAPACITY_1_K1	STAR_f68r2_12484	NO_EXACT_GLOBAL_ASSIGNMENT_IN_INCUMBENT
E1_CONSERVATIVE_PER_PAGE_CAPACITY_1_K1	STAR_f68r2_12485	NO_EXACT_GLOBAL_ASSIGNMENT_IN_INCUMBENT
E1_CONSERVATIVE_PER_PAGE_CAPACITY_1_K1	STAR_f68r2_12486	NO_EXACT_GLOBAL_ASSIGNMENT_IN_INCUMBENT
E1_CONSERVATIVE_PER_PAGE_CAPACITY_1_K1	STAR_f68r2_12487	NO_EXACT_GLOBAL_ASSIGNMENT_IN_INCUMBENT
E1_CONSERVATIVE_PER_PAGE_CAPACITY_1_K1	STAR_f68r2_12488	NO_EXACT_GLOBAL_ASSIGNMENT_IN_INCUMBENT
E1_CONSERVATIVE_PER_PAGE_CAPACITY_1_K1	STAR_f68r2_12489	NO_EXACT_GLOBAL_ASSIGNMENT_IN_INCUMBENT
E1_CONSERVATIVE_PER_PAGE_CAPACITY_1_K1	STAR_f68r2_12490	NO_EXACT_GLOBAL_ASSIGNMENT_IN_INCUMBENT
E1_CONSERVATIVE_PER_PAGE_CAPACITY_1_K1	STAR_f68r2_12491	NO_EXACT_GLOBAL_ASSIGNMENT_IN_INCUMBENT
E1_BALANCED_PER_PAGE_CAPACITY_1_K1	STAR_f68r1_12380	NO_EXACT_GLOBAL_ASSIGNMENT_IN_INCUMBENT
E1_BALANCED_PER_PAGE_CAPACITY_1_K1	STAR_f68r1_12381	NO_EXACT_GLOBAL_ASSIGNMENT_IN_INCUMBENT
E1_BALANCED_PER_PAGE_CAPACITY_1_K1	STAR_f68r1_12382	NO_EXACT_GLOBAL_ASSIGNMENT_IN_INCUMBENT
E1_BALANCED_PER_PAGE_CAPACITY_1_K1	STAR_f68r1_12383	NO_EXACT_GLOBAL_ASSIGNMENT_IN_INCUMBENT
E1_BALANCED_PER_PAGE_CAPACITY_1_K1	STAR_f68r1_12384	NO_EXACT_GLOBAL_ASSIGNMENT_IN_INCUMBENT
E1_BALANCED_PER_PAGE_CAPACITY_1_K1	STAR_f68r1_12385	NO_EXACT_GLOBAL_ASSIGNMENT_IN_INCUMBENT
E1_BALANCED_PER_PAGE_CAPACITY_1_K1	STAR_f68r1_12386	NO_EXACT_GLOBAL_ASSIGNMENT_IN_INCUMBENT
E1_BALANCED_PER_PAGE_CAPACITY_1_K1	STAR_f68r1_12387	NO_EXACT_GLOBAL_ASSIGNMENT_IN_INCUMBENT
E1_BALANCED_PER_PAGE_CAPACITY_1_K1	STAR_f68r1_12388	NO_EXACT_GLOBAL_ASSIGNMENT_IN_INCUMBENT
E1_BALANCED_PER_PAGE_CAPACITY_1_K1	STAR_f68r1_12389	NO_EXACT_GLOBAL_ASSIGNMENT_IN_INCUMBENT
E1_BALANCED_PER_PAGE_CAPACITY_1_K1	STAR_f68r1_12390	NO_EXACT_GLOBAL_ASSIGNMENT_IN_INCUMBENT
E1_BALANCED_PER_PAGE_CAPACITY_1_K1	STAR_f68r1_12391	NO_EXACT_GLOBAL_ASSIGNMENT_IN_INCUMBENT
E1_BALANCED_PER_PAGE_CAPACITY_1_K1	STAR_f68r1_12392	NO_EXACT_GLOBAL_ASSIGNMENT_IN_INCUMBENT
E1_BALANCED_PER_PAGE_CAPACITY_1_K1	STAR_f68r1_12393	NO_EXACT_GLOBAL_ASSIGNMENT_IN_INCUMBENT
E1_BALANCED_PER_PAGE_CAPACITY_1_K1	STAR_f68r1_12394	NO_EXACT_GLOBAL_ASSIGNMENT_IN_INCUMBENT
E1_BALANCED_PER_PAGE_CAPACITY_1_K1	STAR_f68r1_12395	NO_EXACT_GLOBAL_ASSIGNMENT_IN_INCUMBENT
E1_BALANCED_PER_PAGE_CAPACITY_1_K1	STAR_f68r1_12396	NO_EXACT_GLOBAL_ASSIGNMENT_IN_INCUMBENT
E1_BALANCED_PER_PAGE_CAPACITY_1_K1	STAR_f68r1_12397	NO_EXACT_GLOBAL_ASSIGNMENT_IN_INCUMBENT
E1_BALANCED_PER_PAGE_CAPACITY_1_K1	STAR_f68r1_12398	NO_EXACT_GLOBAL_ASSIGNMENT_IN_INCUMBENT
E1_BALANCED_PER_PAGE_CAPACITY_1_K1	STAR_f68r1_12399	NO_EXACT_GLOBAL_ASSIGNMENT_IN_INCUMBENT
E1_BALANCED_PER_PAGE_CAPACITY_1_K1	STAR_f68r1_12400	NO_EXACT_GLOBAL_ASSIGNMENT_IN_INCUMBENT
E1_BALANCED_PER_PAGE_CAPACITY_1_K1	STAR_f68r1_12401	NO_EXACT_GLOBAL_ASSIGNMENT_IN_INCUMBENT
E1_BALANCED_PER_PAGE_CAPACITY_1_K1	STAR_f68r1_12403	NO_EXACT_GLOBAL_ASSIGNMENT_IN_INCUMBENT
E1_BALANCED_PER_PAGE_CAPACITY_1_K1	STAR_f68r1_12405	NO_EXACT_GLOBAL_ASSIGNMENT_IN_INCUMBENT
E1_BALANCED_PER_PAGE_CAPACITY_1_K1	STAR_f68r1_12406	NO_EXACT_GLOBAL_ASSIGNMENT_IN_INCUMBENT
E1_BALANCED_PER_PAGE_CAPACITY_1_K1	STAR_f68r1_12407	NO_EXACT_GLOBAL_ASSIGNMENT_IN_INCUMBENT
E1_BALANCED_PER_PAGE_CAPACITY_1_K1	STAR_f68r1_12408	NO_EXACT_GLOBAL_ASSIGNMENT_IN_INCUMBENT
E1_BALANCED_PER_PAGE_CAPACITY_1_K1	STAR_f68r1_12409	NO_EXACT_GLOBAL_ASSIGNMENT_IN_INCUMBENT
E1_BALANCED_PER_PAGE_CAPACITY_1_K1	STAR_f68r1_12410	NO_EXACT_GLOBAL_ASSIGNMENT_IN_INCUMBENT
E1_BALANCED_PER_PAGE_CAPACITY_1_K1	STAR_f68r1_12411	NO_EXACT_GLOBAL_ASSIGNMENT_IN_INCUMBENT
E1_BALANCED_PER_PAGE_CAPACITY_1_K1	STAR_f68r2_12465	NO_EXACT_GLOBAL_ASSIGNMENT_IN_INCUMBENT
E1_BALANCED_PER_PAGE_CAPACITY_1_K1	STAR_f68r2_12467	NO_EXACT_GLOBAL_ASSIGNMENT_IN_INCUMBENT
E1_BALANCED_PER_PAGE_CAPACITY_1_K1	STAR_f68r2_12468	NO_EXACT_GLOBAL_ASSIGNMENT_IN_INCUMBENT
E1_BALANCED_PER_PAGE_CAPACITY_1_K1	STAR_f68r2_12469	NO_EXACT_GLOBAL_ASSIGNMENT_IN_INCUMBENT
E1_BALANCED_PER_PAGE_CAPACITY_1_K1	STAR_f68r2_12470	NO_EXACT_GLOBAL_ASSIGNMENT_IN_INCUMBENT
E1_BALANCED_PER_PAGE_CAPACITY_1_K1	STAR_f68r2_12471	NO_EXACT_GLOBAL_ASSIGNMENT_IN_INCUMBENT
E1_BALANCED_PER_PAGE_CAPACITY_1_K1	STAR_f68r2_12472	NO_EXACT_GLOBAL_ASSIGNMENT_IN_INCUMBENT
E1_BALANCED_PER_PAGE_CAPACITY_1_K1	STAR_f68r2_12473	NO_EXACT_GLOBAL_ASSIGNMENT_IN_INCUMBENT
E1_BALANCED_PER_PAGE_CAPACITY_1_K1	STAR_f68r2_12474	NO_EXACT_GLOBAL_ASSIGNMENT_IN_INCUMBENT
E1_BALANCED_PER_PAGE_CAPACITY_1_K1	STAR_f68r2_12475	NO_EXACT_GLOBAL_ASSIGNMENT_IN_INCUMBENT
E1_BALANCED_PER_PAGE_CAPACITY_1_K1	STAR_f68r2_12476	NO_EXACT_GLOBAL_ASSIGNMENT_IN_INCUMBENT
E1_BALANCED_PER_PAGE_CAPACITY_1_K1	STAR_f68r2_12477	NO_EXACT_GLOBAL_ASSIGNMENT_IN_INCUMBENT
E1_BALANCED_PER_PAGE_CAPACITY_1_K1	STAR_f68r2_12478	NO_EXACT_GLOBAL_ASSIGNMENT_IN_INCUMBENT
E1_BALANCED_PER_PAGE_CAPACITY_1_K1	STAR_f68r2_12479	NO_EXACT_GLOBAL_ASSIGNMENT_IN_INCUMBENT
E1_BALANCED_PER_PAGE_CAPACITY_1_K1	STAR_f68r2_12480	NO_EXACT_GLOBAL_ASSIGNMENT_IN_INCUMBENT
E1_BALANCED_PER_PAGE_CAPACITY_1_K1	STAR_f68r2_12481	NO_EXACT_GLOBAL_ASSIGNMENT_IN_INCUMBENT
E1_BALANCED_PER_PAGE_CAPACITY_1_K1	STAR_f68r2_12482	NO_EXACT_GLOBAL_ASSIGNMENT_IN_INCUMBENT
E1_BALANCED_PER_PAGE_CAPACITY_1_K1	STAR_f68r2_12483	NO_EXACT_GLOBAL_ASSIGNMENT_IN_INCUMBENT
E1_BALANCED_PER_PAGE_CAPACITY_1_K1	STAR_f68r2_12484	NO_EXACT_GLOBAL_ASSIGNMENT_IN_INCUMBENT
E1_BALANCED_PER_PAGE_CAPACITY_1_K1	STAR_f68r2_12485	NO_EXACT_GLOBAL_ASSIGNMENT_IN_INCUMBENT
E1_BALANCED_PER_PAGE_CAPACITY_1_K1	STAR_f68r2_12486	NO_EXACT_GLOBAL_ASSIGNMENT_IN_INCUMBENT
E1_BALANCED_PER_PAGE_CAPACITY_1_K1	STAR_f68r2_12487	NO_EXACT_GLOBAL_ASSIGNMENT_IN_INCUMBENT
E1_BALANCED_PER_PAGE_CAPACITY_1_K1	STAR_f68r2_12488	NO_EXACT_GLOBAL_ASSIGNMENT_IN_INCUMBENT
E1_BALANCED_PER_PAGE_CAPACITY_1_K1	STAR_f68r2_12489	NO_EXACT_GLOBAL_ASSIGNMENT_IN_INCUMBENT
E1_BALANCED_PER_PAGE_CAPACITY_1_K1	STAR_f68r2_12490	NO_EXACT_GLOBAL_ASSIGNMENT_IN_INCUMBENT
E1_BALANCED_PER_PAGE_CAPACITY_1_K1	STAR_f68r2_12491	NO_EXACT_GLOBAL_ASSIGNMENT_IN_INCUMBENT
E1_RECALL_ORIENTED_PER_PAGE_CAPACITY_1_K1	STAR_f68r1_12380	NO_EXACT_GLOBAL_ASSIGNMENT_IN_INCUMBENT
E1_RECALL_ORIENTED_PER_PAGE_CAPACITY_1_K1	STAR_f68r1_12381	NO_EXACT_GLOBAL_ASSIGNMENT_IN_INCUMBENT
E1_RECALL_ORIENTED_PER_PAGE_CAPACITY_1_K1	STAR_f68r1_12382	NO_EXACT_GLOBAL_ASSIGNMENT_IN_INCUMBENT
E1_RECALL_ORIENTED_PER_PAGE_CAPACITY_1_K1	STAR_f68r1_12383	NO_EXACT_GLOBAL_ASSIGNMENT_IN_INCUMBENT
E1_RECALL_ORIENTED_PER_PAGE_CAPACITY_1_K1	STAR_f68r1_12384	NO_EXACT_GLOBAL_ASSIGNMENT_IN_INCUMBENT
E1_RECALL_ORIENTED_PER_PAGE_CAPACITY_1_K1	STAR_f68r1_12385	NO_EXACT_GLOBAL_ASSIGNMENT_IN_INCUMBENT
E1_RECALL_ORIENTED_PER_PAGE_CAPACITY_1_K1	STAR_f68r1_12386	NO_EXACT_GLOBAL_ASSIGNMENT_IN_INCUMBENT
E1_RECALL_ORIENTED_PER_PAGE_CAPACITY_1_K1	STAR_f68r1_12387	NO_EXACT_GLOBAL_ASSIGNMENT_IN_INCUMBENT
E1_RECALL_ORIENTED_PER_PAGE_CAPACITY_1_K1	STAR_f68r1_12388	NO_EXACT_GLOBAL_ASSIGNMENT_IN_INCUMBENT
E1_RECALL_ORIENTED_PER_PAGE_CAPACITY_1_K1	STAR_f68r1_12389	NO_EXACT_GLOBAL_ASSIGNMENT_IN_INCUMBENT
E1_RECALL_ORIENTED_PER_PAGE_CAPACITY_1_K1	STAR_f68r1_12390	NO_EXACT_GLOBAL_ASSIGNMENT_IN_INCUMBENT
E1_RECALL_ORIENTED_PER_PAGE_CAPACITY_1_K1	STAR_f68r1_12391	NO_EXACT_GLOBAL_ASSIGNMENT_IN_INCUMBENT
E1_RECALL_ORIENTED_PER_PAGE_CAPACITY_1_K1	STAR_f68r1_12392	NO_EXACT_GLOBAL_ASSIGNMENT_IN_INCUMBENT
E1_RECALL_ORIENTED_PER_PAGE_CAPACITY_1_K1	STAR_f68r1_12393	NO_EXACT_GLOBAL_ASSIGNMENT_IN_INCUMBENT
E1_RECALL_ORIENTED_PER_PAGE_CAPACITY_1_K1	STAR_f68r1_12394	NO_EXACT_GLOBAL_ASSIGNMENT_IN_INCUMBENT
E1_RECALL_ORIENTED_PER_PAGE_CAPACITY_1_K1	STAR_f68r1_12395	NO_EXACT_GLOBAL_ASSIGNMENT_IN_INCUMBENT
E1_RECALL_ORIENTED_PER_PAGE_CAPACITY_1_K1	STAR_f68r1_12396	NO_EXACT_GLOBAL_ASSIGNMENT_IN_INCUMBENT
E1_RECALL_ORIENTED_PER_PAGE_CAPACITY_1_K1	STAR_f68r1_12397	NO_EXACT_GLOBAL_ASSIGNMENT_IN_INCUMBENT
E1_RECALL_ORIENTED_PER_PAGE_CAPACITY_1_K1	STAR_f68r1_12398	NO_EXACT_GLOBAL_ASSIGNMENT_IN_INCUMBENT
E1_RECALL_ORIENTED_PER_PAGE_CAPACITY_1_K1	STAR_f68r1_12399	NO_EXACT_GLOBAL_ASSIGNMENT_IN_INCUMBENT
E1_RECALL_ORIENTED_PER_PAGE_CAPACITY_1_K1	STAR_f68r1_12400	NO_EXACT_GLOBAL_ASSIGNMENT_IN_INCUMBENT
E1_RECALL_ORIENTED_PER_PAGE_CAPACITY_1_K1	STAR_f68r1_12401	NO_EXACT_GLOBAL_ASSIGNMENT_IN_INCUMBENT
E1_RECALL_ORIENTED_PER_PAGE_CAPACITY_1_K1	STAR_f68r1_12403	NO_EXACT_GLOBAL_ASSIGNMENT_IN_INCUMBENT
E1_RECALL_ORIENTED_PER_PAGE_CAPACITY_1_K1	STAR_f68r1_12405	NO_EXACT_GLOBAL_ASSIGNMENT_IN_INCUMBENT
E1_RECALL_ORIENTED_PER_PAGE_CAPACITY_1_K1	STAR_f68r1_12406	NO_EXACT_GLOBAL_ASSIGNMENT_IN_INCUMBENT
E1_RECALL_ORIENTED_PER_PAGE_CAPACITY_1_K1	STAR_f68r1_12407	NO_EXACT_GLOBAL_ASSIGNMENT_IN_INCUMBENT
E1_RECALL_ORIENTED_PER_PAGE_CAPACITY_1_K1	STAR_f68r1_12408	NO_EXACT_GLOBAL_ASSIGNMENT_IN_INCUMBENT
E1_RECALL_ORIENTED_PER_PAGE_CAPACITY_1_K1	STAR_f68r1_12409	NO_EXACT_GLOBAL_ASSIGNMENT_IN_INCUMBENT
E1_RECALL_ORIENTED_PER_PAGE_CAPACITY_1_K1	STAR_f68r1_12410	NO_EXACT_GLOBAL_ASSIGNMENT_IN_INCUMBENT
E1_RECALL_ORIENTED_PER_PAGE_CAPACITY_1_K1	STAR_f68r1_12411	NO_EXACT_GLOBAL_ASSIGNMENT_IN_INCUMBENT
E1_RECALL_ORIENTED_PER_PAGE_CAPACITY_1_K1	STAR_f68r2_12465	NO_EXACT_GLOBAL_ASSIGNMENT_IN_INCUMBENT
E1_RECALL_ORIENTED_PER_PAGE_CAPACITY_1_K1	STAR_f68r2_12467	NO_EXACT_GLOBAL_ASSIGNMENT_IN_INCUMBENT
E1_RECALL_ORIENTED_PER_PAGE_CAPACITY_1_K1	STAR_f68r2_12468	NO_EXACT_GLOBAL_ASSIGNMENT_IN_INCUMBENT
E1_RECALL_ORIENTED_PER_PAGE_CAPACITY_1_K1	STAR_f68r2_12469	NO_EXACT_GLOBAL_ASSIGNMENT_IN_INCUMBENT
E1_RECALL_ORIENTED_PER_PAGE_CAPACITY_1_K1	STAR_f68r2_12470	NO_EXACT_GLOBAL_ASSIGNMENT_IN_INCUMBENT
E1_RECALL_ORIENTED_PER_PAGE_CAPACITY_1_K1	STAR_f68r2_12471	NO_EXACT_GLOBAL_ASSIGNMENT_IN_INCUMBENT
E1_RECALL_ORIENTED_PER_PAGE_CAPACITY_1_K1	STAR_f68r2_12472	NO_EXACT_GLOBAL_ASSIGNMENT_IN_INCUMBENT
E1_RECALL_ORIENTED_PER_PAGE_CAPACITY_1_K1	STAR_f68r2_12473	NO_EXACT_GLOBAL_ASSIGNMENT_IN_INCUMBENT
E1_RECALL_ORIENTED_PER_PAGE_CAPACITY_1_K1	STAR_f68r2_12474	NO_EXACT_GLOBAL_ASSIGNMENT_IN_INCUMBENT
E1_RECALL_ORIENTED_PER_PAGE_CAPACITY_1_K1	STAR_f68r2_12475	NO_EXACT_GLOBAL_ASSIGNMENT_IN_INCUMBENT
E1_RECALL_ORIENTED_PER_PAGE_CAPACITY_1_K1	STAR_f68r2_12476	NO_EXACT_GLOBAL_ASSIGNMENT_IN_INCUMBENT
E1_RECALL_ORIENTED_PER_PAGE_CAPACITY_1_K1	STAR_f68r2_12477	NO_EXACT_GLOBAL_ASSIGNMENT_IN_INCUMBENT
E1_RECALL_ORIENTED_PER_PAGE_CAPACITY_1_K1	STAR_f68r2_12478	NO_EXACT_GLOBAL_ASSIGNMENT_IN_INCUMBENT
E1_RECALL_ORIENTED_PER_PAGE_CAPACITY_1_K1	STAR_f68r2_12479	NO_EXACT_GLOBAL_ASSIGNMENT_IN_INCUMBENT
E1_RECALL_ORIENTED_PER_PAGE_CAPACITY_1_K1	STAR_f68r2_12480	NO_EXACT_GLOBAL_ASSIGNMENT_IN_INCUMBENT
E1_RECALL_ORIENTED_PER_PAGE_CAPACITY_1_K1	STAR_f68r2_12481	NO_EXACT_GLOBAL_ASSIGNMENT_IN_INCUMBENT
E1_RECALL_ORIENTED_PER_PAGE_CAPACITY_1_K1	STAR_f68r2_12482	NO_EXACT_GLOBAL_ASSIGNMENT_IN_INCUMBENT
E1_RECALL_ORIENTED_PER_PAGE_CAPACITY_1_K1	STAR_f68r2_12483	NO_EXACT_GLOBAL_ASSIGNMENT_IN_INCUMBENT
E1_RECALL_ORIENTED_PER_PAGE_CAPACITY_1_K1	STAR_f68r2_12484	NO_EXACT_GLOBAL_ASSIGNMENT_IN_INCUMBENT
E1_RECALL_ORIENTED_PER_PAGE_CAPACITY_1_K1	STAR_f68r2_12485	NO_EXACT_GLOBAL_ASSIGNMENT_IN_INCUMBENT
E1_RECALL_ORIENTED_PER_PAGE_CAPACITY_1_K1	STAR_f68r2_12486	NO_EXACT_GLOBAL_ASSIGNMENT_IN_INCUMBENT
E1_RECALL_ORIENTED_PER_PAGE_CAPACITY_1_K1	STAR_f68r2_12487	NO_EXACT_GLOBAL_ASSIGNMENT_IN_INCUMBENT
E1_RECALL_ORIENTED_PER_PAGE_CAPACITY_1_K1	STAR_f68r2_12488	NO_EXACT_GLOBAL_ASSIGNMENT_IN_INCUMBENT
E1_RECALL_ORIENTED_PER_PAGE_CAPACITY_1_K1	STAR_f68r2_12489	NO_EXACT_GLOBAL_ASSIGNMENT_IN_INCUMBENT
E1_RECALL_ORIENTED_PER_PAGE_CAPACITY_1_K1	STAR_f68r2_12490	NO_EXACT_GLOBAL_ASSIGNMENT_IN_INCUMBENT
E1_RECALL_ORIENTED_PER_PAGE_CAPACITY_1_K1	STAR_f68r2_12491	NO_EXACT_GLOBAL_ASSIGNMENT_IN_INCUMBENT
E1_CONSERVATIVE_GLOBAL_CAPACITY_1_K1	STAR_f68r1_12380	NO_EXACT_GLOBAL_ASSIGNMENT_IN_INCUMBENT
E1_CONSERVATIVE_GLOBAL_CAPACITY_1_K1	STAR_f68r1_12381	NO_EXACT_GLOBAL_ASSIGNMENT_IN_INCUMBENT
E1_CONSERVATIVE_GLOBAL_CAPACITY_1_K1	STAR_f68r1_12382	NO_EXACT_GLOBAL_ASSIGNMENT_IN_INCUMBENT
E1_CONSERVATIVE_GLOBAL_CAPACITY_1_K1	STAR_f68r1_12383	NO_EXACT_GLOBAL_ASSIGNMENT_IN_INCUMBENT
E1_CONSERVATIVE_GLOBAL_CAPACITY_1_K1	STAR_f68r1_12384	NO_EXACT_GLOBAL_ASSIGNMENT_IN_INCUMBENT
E1_CONSERVATIVE_GLOBAL_CAPACITY_1_K1	STAR_f68r1_12385	NO_EXACT_GLOBAL_ASSIGNMENT_IN_INCUMBENT
E1_CONSERVATIVE_GLOBAL_CAPACITY_1_K1	STAR_f68r1_12386	NO_EXACT_GLOBAL_ASSIGNMENT_IN_INCUMBENT
E1_CONSERVATIVE_GLOBAL_CAPACITY_1_K1	STAR_f68r1_12387	NO_EXACT_GLOBAL_ASSIGNMENT_IN_INCUMBENT
E1_CONSERVATIVE_GLOBAL_CAPACITY_1_K1	STAR_f68r1_12388	NO_EXACT_GLOBAL_ASSIGNMENT_IN_INCUMBENT
E1_CONSERVATIVE_GLOBAL_CAPACITY_1_K1	STAR_f68r1_12389	NO_EXACT_GLOBAL_ASSIGNMENT_IN_INCUMBENT
E1_CONSERVATIVE_GLOBAL_CAPACITY_1_K1	STAR_f68r1_12390	NO_EXACT_GLOBAL_ASSIGNMENT_IN_INCUMBENT
E1_CONSERVATIVE_GLOBAL_CAPACITY_1_K1	STAR_f68r1_12391	NO_EXACT_GLOBAL_ASSIGNMENT_IN_INCUMBENT
E1_CONSERVATIVE_GLOBAL_CAPACITY_1_K1	STAR_f68r1_12392	NO_EXACT_GLOBAL_ASSIGNMENT_IN_INCUMBENT
E1_CONSERVATIVE_GLOBAL_CAPACITY_1_K1	STAR_f68r1_12393	NO_EXACT_GLOBAL_ASSIGNMENT_IN_INCUMBENT
E1_CONSERVATIVE_GLOBAL_CAPACITY_1_K1	STAR_f68r1_12394	NO_EXACT_GLOBAL_ASSIGNMENT_IN_INCUMBENT
E1_CONSERVATIVE_GLOBAL_CAPACITY_1_K1	STAR_f68r1_12395	NO_EXACT_GLOBAL_ASSIGNMENT_IN_INCUMBENT
E1_CONSERVATIVE_GLOBAL_CAPACITY_1_K1	STAR_f68r1_12396	NO_EXACT_GLOBAL_ASSIGNMENT_IN_INCUMBENT
E1_CONSERVATIVE_GLOBAL_CAPACITY_1_K1	STAR_f68r1_12397	NO_EXACT_GLOBAL_ASSIGNMENT_IN_INCUMBENT
E1_CONSERVATIVE_GLOBAL_CAPACITY_1_K1	STAR_f68r1_12398	NO_EXACT_GLOBAL_ASSIGNMENT_IN_INCUMBENT
E1_CONSERVATIVE_GLOBAL_CAPACITY_1_K1	STAR_f68r1_12399	NO_EXACT_GLOBAL_ASSIGNMENT_IN_INCUMBENT
E1_CONSERVATIVE_GLOBAL_CAPACITY_1_K1	STAR_f68r1_12400	NO_EXACT_GLOBAL_ASSIGNMENT_IN_INCUMBENT
E1_CONSERVATIVE_GLOBAL_CAPACITY_1_K1	STAR_f68r1_12401	NO_EXACT_GLOBAL_ASSIGNMENT_IN_INCUMBENT
E1_CONSERVATIVE_GLOBAL_CAPACITY_1_K1	STAR_f68r1_12403	NO_EXACT_GLOBAL_ASSIGNMENT_IN_INCUMBENT
E1_CONSERVATIVE_GLOBAL_CAPACITY_1_K1	STAR_f68r1_12405	NO_EXACT_GLOBAL_ASSIGNMENT_IN_INCUMBENT
E1_CONSERVATIVE_GLOBAL_CAPACITY_1_K1	STAR_f68r1_12406	NO_EXACT_GLOBAL_ASSIGNMENT_IN_INCUMBENT
E1_CONSERVATIVE_GLOBAL_CAPACITY_1_K1	STAR_f68r1_12407	NO_EXACT_GLOBAL_ASSIGNMENT_IN_INCUMBENT
E1_CONSERVATIVE_GLOBAL_CAPACITY_1_K1	STAR_f68r1_12408	NO_EXACT_GLOBAL_ASSIGNMENT_IN_INCUMBENT
E1_CONSERVATIVE_GLOBAL_CAPACITY_1_K1	STAR_f68r1_12409	NO_EXACT_GLOBAL_ASSIGNMENT_IN_INCUMBENT
E1_CONSERVATIVE_GLOBAL_CAPACITY_1_K1	STAR_f68r1_12410	NO_EXACT_GLOBAL_ASSIGNMENT_IN_INCUMBENT
E1_CONSERVATIVE_GLOBAL_CAPACITY_1_K1	STAR_f68r1_12411	NO_EXACT_GLOBAL_ASSIGNMENT_IN_INCUMBENT
E1_CONSERVATIVE_GLOBAL_CAPACITY_1_K1	STAR_f68r2_12465	NO_EXACT_GLOBAL_ASSIGNMENT_IN_INCUMBENT
E1_CONSERVATIVE_GLOBAL_CAPACITY_1_K1	STAR_f68r2_12467	NO_EXACT_GLOBAL_ASSIGNMENT_IN_INCUMBENT
E1_CONSERVATIVE_GLOBAL_CAPACITY_1_K1	STAR_f68r2_12468	NO_EXACT_GLOBAL_ASSIGNMENT_IN_INCUMBENT
E1_CONSERVATIVE_GLOBAL_CAPACITY_1_K1	STAR_f68r2_12469	NO_EXACT_GLOBAL_ASSIGNMENT_IN_INCUMBENT
E1_CONSERVATIVE_GLOBAL_CAPACITY_1_K1	STAR_f68r2_12470	NO_EXACT_GLOBAL_ASSIGNMENT_IN_INCUMBENT
E1_CONSERVATIVE_GLOBAL_CAPACITY_1_K1	STAR_f68r2_12471	NO_EXACT_GLOBAL_ASSIGNMENT_IN_INCUMBENT
E1_CONSERVATIVE_GLOBAL_CAPACITY_1_K1	STAR_f68r2_12472	NO_EXACT_GLOBAL_ASSIGNMENT_IN_INCUMBENT
E1_CONSERVATIVE_GLOBAL_CAPACITY_1_K1	STAR_f68r2_12473	NO_EXACT_GLOBAL_ASSIGNMENT_IN_INCUMBENT
E1_CONSERVATIVE_GLOBAL_CAPACITY_1_K1	STAR_f68r2_12474	NO_EXACT_GLOBAL_ASSIGNMENT_IN_INCUMBENT
E1_CONSERVATIVE_GLOBAL_CAPACITY_1_K1	STAR_f68r2_12475	NO_EXACT_GLOBAL_ASSIGNMENT_IN_INCUMBENT
E1_CONSERVATIVE_GLOBAL_CAPACITY_1_K1	STAR_f68r2_12476	NO_EXACT_GLOBAL_ASSIGNMENT_IN_INCUMBENT
E1_CONSERVATIVE_GLOBAL_CAPACITY_1_K1	STAR_f68r2_12477	NO_EXACT_GLOBAL_ASSIGNMENT_IN_INCUMBENT
E1_CONSERVATIVE_GLOBAL_CAPACITY_1_K1	STAR_f68r2_12478	NO_EXACT_GLOBAL_ASSIGNMENT_IN_INCUMBENT
E1_CONSERVATIVE_GLOBAL_CAPACITY_1_K1	STAR_f68r2_12479	NO_EXACT_GLOBAL_ASSIGNMENT_IN_INCUMBENT
E1_CONSERVATIVE_GLOBAL_CAPACITY_1_K1	STAR_f68r2_12480	NO_EXACT_GLOBAL_ASSIGNMENT_IN_INCUMBENT
E1_CONSERVATIVE_GLOBAL_CAPACITY_1_K1	STAR_f68r2_12481	NO_EXACT_GLOBAL_ASSIGNMENT_IN_INCUMBENT
E1_CONSERVATIVE_GLOBAL_CAPACITY_1_K1	STAR_f68r2_12482	NO_EXACT_GLOBAL_ASSIGNMENT_IN_INCUMBENT
E1_CONSERVATIVE_GLOBAL_CAPACITY_1_K1	STAR_f68r2_12483	NO_EXACT_GLOBAL_ASSIGNMENT_IN_INCUMBENT
E1_CONSERVATIVE_GLOBAL_CAPACITY_1_K1	STAR_f68r2_12484	NO_EXACT_GLOBAL_ASSIGNMENT_IN_INCUMBENT
E1_CONSERVATIVE_GLOBAL_CAPACITY_1_K1	STAR_f68r2_12485	NO_EXACT_GLOBAL_ASSIGNMENT_IN_INCUMBENT
E1_CONSERVATIVE_GLOBAL_CAPACITY_1_K1	STAR_f68r2_12486	NO_EXACT_GLOBAL_ASSIGNMENT_IN_INCUMBENT
E1_CONSERVATIVE_GLOBAL_CAPACITY_1_K1	STAR_f68r2_12487	NO_EXACT_GLOBAL_ASSIGNMENT_IN_INCUMBENT
E1_CONSERVATIVE_GLOBAL_CAPACITY_1_K1	STAR_f68r2_12488	NO_EXACT_GLOBAL_ASSIGNMENT_IN_INCUMBENT
E1_CONSERVATIVE_GLOBAL_CAPACITY_1_K1	STAR_f68r2_12489	NO_EXACT_GLOBAL_ASSIGNMENT_IN_INCUMBENT
E1_CONSERVATIVE_GLOBAL_CAPACITY_1_K1	STAR_f68r2_12490	NO_EXACT_GLOBAL_ASSIGNMENT_IN_INCUMBENT
E1_CONSERVATIVE_GLOBAL_CAPACITY_1_K1	STAR_f68r2_12491	NO_EXACT_GLOBAL_ASSIGNMENT_IN_INCUMBENT
E1_BALANCED_GLOBAL_CAPACITY_1_K1	STAR_f68r1_12380	NO_EXACT_GLOBAL_ASSIGNMENT_IN_INCUMBENT
E1_BALANCED_GLOBAL_CAPACITY_1_K1	STAR_f68r1_12381	NO_EXACT_GLOBAL_ASSIGNMENT_IN_INCUMBENT
E1_BALANCED_GLOBAL_CAPACITY_1_K1	STAR_f68r1_12382	NO_EXACT_GLOBAL_ASSIGNMENT_IN_INCUMBENT
E1_BALANCED_GLOBAL_CAPACITY_1_K1	STAR_f68r1_12383	NO_EXACT_GLOBAL_ASSIGNMENT_IN_INCUMBENT
E1_BALANCED_GLOBAL_CAPACITY_1_K1	STAR_f68r1_12384	NO_EXACT_GLOBAL_ASSIGNMENT_IN_INCUMBENT
E1_BALANCED_GLOBAL_CAPACITY_1_K1	STAR_f68r1_12385	NO_EXACT_GLOBAL_ASSIGNMENT_IN_INCUMBENT
E1_BALANCED_GLOBAL_CAPACITY_1_K1	STAR_f68r1_12386	NO_EXACT_GLOBAL_ASSIGNMENT_IN_INCUMBENT
E1_BALANCED_GLOBAL_CAPACITY_1_K1	STAR_f68r1_12387	NO_EXACT_GLOBAL_ASSIGNMENT_IN_INCUMBENT
E1_BALANCED_GLOBAL_CAPACITY_1_K1	STAR_f68r1_12388	NO_EXACT_GLOBAL_ASSIGNMENT_IN_INCUMBENT
E1_BALANCED_GLOBAL_CAPACITY_1_K1	STAR_f68r1_12389	NO_EXACT_GLOBAL_ASSIGNMENT_IN_INCUMBENT
E1_BALANCED_GLOBAL_CAPACITY_1_K1	STAR_f68r1_12390	NO_EXACT_GLOBAL_ASSIGNMENT_IN_INCUMBENT
E1_BALANCED_GLOBAL_CAPACITY_1_K1	STAR_f68r1_12391	NO_EXACT_GLOBAL_ASSIGNMENT_IN_INCUMBENT
E1_BALANCED_GLOBAL_CAPACITY_1_K1	STAR_f68r1_12392	NO_EXACT_GLOBAL_ASSIGNMENT_IN_INCUMBENT
E1_BALANCED_GLOBAL_CAPACITY_1_K1	STAR_f68r1_12393	NO_EXACT_GLOBAL_ASSIGNMENT_IN_INCUMBENT
E1_BALANCED_GLOBAL_CAPACITY_1_K1	STAR_f68r1_12394	NO_EXACT_GLOBAL_ASSIGNMENT_IN_INCUMBENT
E1_BALANCED_GLOBAL_CAPACITY_1_K1	STAR_f68r1_12395	NO_EXACT_GLOBAL_ASSIGNMENT_IN_INCUMBENT
E1_BALANCED_GLOBAL_CAPACITY_1_K1	STAR_f68r1_12396	NO_EXACT_GLOBAL_ASSIGNMENT_IN_INCUMBENT
E1_BALANCED_GLOBAL_CAPACITY_1_K1	STAR_f68r1_12397	NO_EXACT_GLOBAL_ASSIGNMENT_IN_INCUMBENT
E1_BALANCED_GLOBAL_CAPACITY_1_K1	STAR_f68r1_12398	NO_EXACT_GLOBAL_ASSIGNMENT_IN_INCUMBENT
E1_BALANCED_GLOBAL_CAPACITY_1_K1	STAR_f68r1_12399	NO_EXACT_GLOBAL_ASSIGNMENT_IN_INCUMBENT
E1_BALANCED_GLOBAL_CAPACITY_1_K1	STAR_f68r1_12400	NO_EXACT_GLOBAL_ASSIGNMENT_IN_INCUMBENT
E1_BALANCED_GLOBAL_CAPACITY_1_K1	STAR_f68r1_12401	NO_EXACT_GLOBAL_ASSIGNMENT_IN_INCUMBENT
E1_BALANCED_GLOBAL_CAPACITY_1_K1	STAR_f68r1_12403	NO_EXACT_GLOBAL_ASSIGNMENT_IN_INCUMBENT
E1_BALANCED_GLOBAL_CAPACITY_1_K1	STAR_f68r1_12405	NO_EXACT_GLOBAL_ASSIGNMENT_IN_INCUMBENT
E1_BALANCED_GLOBAL_CAPACITY_1_K1	STAR_f68r1_12406	NO_EXACT_GLOBAL_ASSIGNMENT_IN_INCUMBENT
E1_BALANCED_GLOBAL_CAPACITY_1_K1	STAR_f68r1_12407	NO_EXACT_GLOBAL_ASSIGNMENT_IN_INCUMBENT
E1_BALANCED_GLOBAL_CAPACITY_1_K1	STAR_f68r1_12408	NO_EXACT_GLOBAL_ASSIGNMENT_IN_INCUMBENT
E1_BALANCED_GLOBAL_CAPACITY_1_K1	STAR_f68r1_12409	NO_EXACT_GLOBAL_ASSIGNMENT_IN_INCUMBENT
E1_BALANCED_GLOBAL_CAPACITY_1_K1	STAR_f68r1_12410	NO_EXACT_GLOBAL_ASSIGNMENT_IN_INCUMBENT
E1_BALANCED_GLOBAL_CAPACITY_1_K1	STAR_f68r1_12411	NO_EXACT_GLOBAL_ASSIGNMENT_IN_INCUMBENT
E1_BALANCED_GLOBAL_CAPACITY_1_K1	STAR_f68r2_12465	NO_EXACT_GLOBAL_ASSIGNMENT_IN_INCUMBENT
E1_BALANCED_GLOBAL_CAPACITY_1_K1	STAR_f68r2_12467	NO_EXACT_GLOBAL_ASSIGNMENT_IN_INCUMBENT
E1_BALANCED_GLOBAL_CAPACITY_1_K1	STAR_f68r2_12468	NO_EXACT_GLOBAL_ASSIGNMENT_IN_INCUMBENT
E1_BALANCED_GLOBAL_CAPACITY_1_K1	STAR_f68r2_12469	NO_EXACT_GLOBAL_ASSIGNMENT_IN_INCUMBENT
E1_BALANCED_GLOBAL_CAPACITY_1_K1	STAR_f68r2_12470	NO_EXACT_GLOBAL_ASSIGNMENT_IN_INCUMBENT
E1_BALANCED_GLOBAL_CAPACITY_1_K1	STAR_f68r2_12471	NO_EXACT_GLOBAL_ASSIGNMENT_IN_INCUMBENT
E1_BALANCED_GLOBAL_CAPACITY_1_K1	STAR_f68r2_12472	NO_EXACT_GLOBAL_ASSIGNMENT_IN_INCUMBENT
E1_BALANCED_GLOBAL_CAPACITY_1_K1	STAR_f68r2_12473	NO_EXACT_GLOBAL_ASSIGNMENT_IN_INCUMBENT
E1_BALANCED_GLOBAL_CAPACITY_1_K1	STAR_f68r2_12474	NO_EXACT_GLOBAL_ASSIGNMENT_IN_INCUMBENT
E1_BALANCED_GLOBAL_CAPACITY_1_K1	STAR_f68r2_12475	NO_EXACT_GLOBAL_ASSIGNMENT_IN_INCUMBENT
E1_BALANCED_GLOBAL_CAPACITY_1_K1	STAR_f68r2_12476	NO_EXACT_GLOBAL_ASSIGNMENT_IN_INCUMBENT
E1_BALANCED_GLOBAL_CAPACITY_1_K1	STAR_f68r2_12477	NO_EXACT_GLOBAL_ASSIGNMENT_IN_INCUMBENT
E1_BALANCED_GLOBAL_CAPACITY_1_K1	STAR_f68r2_12478	NO_EXACT_GLOBAL_ASSIGNMENT_IN_INCUMBENT
E1_BALANCED_GLOBAL_CAPACITY_1_K1	STAR_f68r2_12479	NO_EXACT_GLOBAL_ASSIGNMENT_IN_INCUMBENT
E1_BALANCED_GLOBAL_CAPACITY_1_K1	STAR_f68r2_12480	NO_EXACT_GLOBAL_ASSIGNMENT_IN_INCUMBENT
E1_BALANCED_GLOBAL_CAPACITY_1_K1	STAR_f68r2_12481	NO_EXACT_GLOBAL_ASSIGNMENT_IN_INCUMBENT
E1_BALANCED_GLOBAL_CAPACITY_1_K1	STAR_f68r2_12482	NO_EXACT_GLOBAL_ASSIGNMENT_IN_INCUMBENT
E1_BALANCED_GLOBAL_CAPACITY_1_K1	STAR_f68r2_12483	NO_EXACT_GLOBAL_ASSIGNMENT_IN_INCUMBENT
E1_BALANCED_GLOBAL_CAPACITY_1_K1	STAR_f68r2_12484	NO_EXACT_GLOBAL_ASSIGNMENT_IN_INCUMBENT
E1_BALANCED_GLOBAL_CAPACITY_1_K1	STAR_f68r2_12485	NO_EXACT_GLOBAL_ASSIGNMENT_IN_INCUMBENT
E1_BALANCED_GLOBAL_CAPACITY_1_K1	STAR_f68r2_12486	NO_EXACT_GLOBAL_ASSIGNMENT_IN_INCUMBENT
E1_BALANCED_GLOBAL_CAPACITY_1_K1	STAR_f68r2_12487	NO_EXACT_GLOBAL_ASSIGNMENT_IN_INCUMBENT
E1_BALANCED_GLOBAL_CAPACITY_1_K1	STAR_f68r2_12488	NO_EXACT_GLOBAL_ASSIGNMENT_IN_INCUMBENT
E1_BALANCED_GLOBAL_CAPACITY_1_K1	STAR_f68r2_12489	NO_EXACT_GLOBAL_ASSIGNMENT_IN_INCUMBENT
E1_BALANCED_GLOBAL_CAPACITY_1_K1	STAR_f68r2_12490	NO_EXACT_GLOBAL_ASSIGNMENT_IN_INCUMBENT
E1_BALANCED_GLOBAL_CAPACITY_1_K1	STAR_f68r2_12491	NO_EXACT_GLOBAL_ASSIGNMENT_IN_INCUMBENT
E1_RECALL_ORIENTED_GLOBAL_CAPACITY_1_K1	STAR_f68r1_12380	NO_EXACT_GLOBAL_ASSIGNMENT_IN_INCUMBENT
E1_RECALL_ORIENTED_GLOBAL_CAPACITY_1_K1	STAR_f68r1_12381	NO_EXACT_GLOBAL_ASSIGNMENT_IN_INCUMBENT
E1_RECALL_ORIENTED_GLOBAL_CAPACITY_1_K1	STAR_f68r1_12382	NO_EXACT_GLOBAL_ASSIGNMENT_IN_INCUMBENT
E1_RECALL_ORIENTED_GLOBAL_CAPACITY_1_K1	STAR_f68r1_12383	NO_EXACT_GLOBAL_ASSIGNMENT_IN_INCUMBENT
E1_RECALL_ORIENTED_GLOBAL_CAPACITY_1_K1	STAR_f68r1_12384	NO_EXACT_GLOBAL_ASSIGNMENT_IN_INCUMBENT
E1_RECALL_ORIENTED_GLOBAL_CAPACITY_1_K1	STAR_f68r1_12385	NO_EXACT_GLOBAL_ASSIGNMENT_IN_INCUMBENT
E1_RECALL_ORIENTED_GLOBAL_CAPACITY_1_K1	STAR_f68r1_12386	NO_EXACT_GLOBAL_ASSIGNMENT_IN_INCUMBENT
E1_RECALL_ORIENTED_GLOBAL_CAPACITY_1_K1	STAR_f68r1_12387	NO_EXACT_GLOBAL_ASSIGNMENT_IN_INCUMBENT
E1_RECALL_ORIENTED_GLOBAL_CAPACITY_1_K1	STAR_f68r1_12388	NO_EXACT_GLOBAL_ASSIGNMENT_IN_INCUMBENT
E1_RECALL_ORIENTED_GLOBAL_CAPACITY_1_K1	STAR_f68r1_12389	NO_EXACT_GLOBAL_ASSIGNMENT_IN_INCUMBENT
E1_RECALL_ORIENTED_GLOBAL_CAPACITY_1_K1	STAR_f68r1_12390	NO_EXACT_GLOBAL_ASSIGNMENT_IN_INCUMBENT
E1_RECALL_ORIENTED_GLOBAL_CAPACITY_1_K1	STAR_f68r1_12391	NO_EXACT_GLOBAL_ASSIGNMENT_IN_INCUMBENT
E1_RECALL_ORIENTED_GLOBAL_CAPACITY_1_K1	STAR_f68r1_12392	NO_EXACT_GLOBAL_ASSIGNMENT_IN_INCUMBENT
E1_RECALL_ORIENTED_GLOBAL_CAPACITY_1_K1	STAR_f68r1_12393	NO_EXACT_GLOBAL_ASSIGNMENT_IN_INCUMBENT
E1_RECALL_ORIENTED_GLOBAL_CAPACITY_1_K1	STAR_f68r1_12394	NO_EXACT_GLOBAL_ASSIGNMENT_IN_INCUMBENT
E1_RECALL_ORIENTED_GLOBAL_CAPACITY_1_K1	STAR_f68r1_12395	NO_EXACT_GLOBAL_ASSIGNMENT_IN_INCUMBENT
E1_RECALL_ORIENTED_GLOBAL_CAPACITY_1_K1	STAR_f68r1_12396	NO_EXACT_GLOBAL_ASSIGNMENT_IN_INCUMBENT
E1_RECALL_ORIENTED_GLOBAL_CAPACITY_1_K1	STAR_f68r1_12397	NO_EXACT_GLOBAL_ASSIGNMENT_IN_INCUMBENT
E1_RECALL_ORIENTED_GLOBAL_CAPACITY_1_K1	STAR_f68r1_12398	NO_EXACT_GLOBAL_ASSIGNMENT_IN_INCUMBENT
E1_RECALL_ORIENTED_GLOBAL_CAPACITY_1_K1	STAR_f68r1_12399	NO_EXACT_GLOBAL_ASSIGNMENT_IN_INCUMBENT
E1_RECALL_ORIENTED_GLOBAL_CAPACITY_1_K1	STAR_f68r1_12400	NO_EXACT_GLOBAL_ASSIGNMENT_IN_INCUMBENT
E1_RECALL_ORIENTED_GLOBAL_CAPACITY_1_K1	STAR_f68r1_12401	NO_EXACT_GLOBAL_ASSIGNMENT_IN_INCUMBENT
E1_RECALL_ORIENTED_GLOBAL_CAPACITY_1_K1	STAR_f68r1_12403	NO_EXACT_GLOBAL_ASSIGNMENT_IN_INCUMBENT
E1_RECALL_ORIENTED_GLOBAL_CAPACITY_1_K1	STAR_f68r1_12405	NO_EXACT_GLOBAL_ASSIGNMENT_IN_INCUMBENT
E1_RECALL_ORIENTED_GLOBAL_CAPACITY_1_K1	STAR_f68r1_12406	NO_EXACT_GLOBAL_ASSIGNMENT_IN_INCUMBENT
E1_RECALL_ORIENTED_GLOBAL_CAPACITY_1_K1	STAR_f68r1_12407	NO_EXACT_GLOBAL_ASSIGNMENT_IN_INCUMBENT
E1_RECALL_ORIENTED_GLOBAL_CAPACITY_1_K1	STAR_f68r1_12408	NO_EXACT_GLOBAL_ASSIGNMENT_IN_INCUMBENT
E1_RECALL_ORIENTED_GLOBAL_CAPACITY_1_K1	STAR_f68r1_12409	NO_EXACT_GLOBAL_ASSIGNMENT_IN_INCUMBENT
E1_RECALL_ORIENTED_GLOBAL_CAPACITY_1_K1	STAR_f68r1_12410	NO_EXACT_GLOBAL_ASSIGNMENT_IN_INCUMBENT
E1_RECALL_ORIENTED_GLOBAL_CAPACITY_1_K1	STAR_f68r1_12411	NO_EXACT_GLOBAL_ASSIGNMENT_IN_INCUMBENT
E1_RECALL_ORIENTED_GLOBAL_CAPACITY_1_K1	STAR_f68r2_12465	NO_EXACT_GLOBAL_ASSIGNMENT_IN_INCUMBENT
E1_RECALL_ORIENTED_GLOBAL_CAPACITY_1_K1	STAR_f68r2_12467	NO_EXACT_GLOBAL_ASSIGNMENT_IN_INCUMBENT
E1_RECALL_ORIENTED_GLOBAL_CAPACITY_1_K1	STAR_f68r2_12468	NO_EXACT_GLOBAL_ASSIGNMENT_IN_INCUMBENT
E1_RECALL_ORIENTED_GLOBAL_CAPACITY_1_K1	STAR_f68r2_12469	NO_EXACT_GLOBAL_ASSIGNMENT_IN_INCUMBENT
E1_RECALL_ORIENTED_GLOBAL_CAPACITY_1_K1	STAR_f68r2_12470	NO_EXACT_GLOBAL_ASSIGNMENT_IN_INCUMBENT
E1_RECALL_ORIENTED_GLOBAL_CAPACITY_1_K1	STAR_f68r2_12471	NO_EXACT_GLOBAL_ASSIGNMENT_IN_INCUMBENT
E1_RECALL_ORIENTED_GLOBAL_CAPACITY_1_K1	STAR_f68r2_12472	NO_EXACT_GLOBAL_ASSIGNMENT_IN_INCUMBENT
E1_RECALL_ORIENTED_GLOBAL_CAPACITY_1_K1	STAR_f68r2_12473	NO_EXACT_GLOBAL_ASSIGNMENT_IN_INCUMBENT
E1_RECALL_ORIENTED_GLOBAL_CAPACITY_1_K1	STAR_f68r2_12474	NO_EXACT_GLOBAL_ASSIGNMENT_IN_INCUMBENT
E1_RECALL_ORIENTED_GLOBAL_CAPACITY_1_K1	STAR_f68r2_12475	NO_EXACT_GLOBAL_ASSIGNMENT_IN_INCUMBENT
E1_RECALL_ORIENTED_GLOBAL_CAPACITY_1_K1	STAR_f68r2_12476	NO_EXACT_GLOBAL_ASSIGNMENT_IN_INCUMBENT
E1_RECALL_ORIENTED_GLOBAL_CAPACITY_1_K1	STAR_f68r2_12477	NO_EXACT_GLOBAL_ASSIGNMENT_IN_INCUMBENT
E1_RECALL_ORIENTED_GLOBAL_CAPACITY_1_K1	STAR_f68r2_12478	NO_EXACT_GLOBAL_ASSIGNMENT_IN_INCUMBENT
E1_RECALL_ORIENTED_GLOBAL_CAPACITY_1_K1	STAR_f68r2_12479	NO_EXACT_GLOBAL_ASSIGNMENT_IN_INCUMBENT
E1_RECALL_ORIENTED_GLOBAL_CAPACITY_1_K1	STAR_f68r2_12480	NO_EXACT_GLOBAL_ASSIGNMENT_IN_INCUMBENT
E1_RECALL_ORIENTED_GLOBAL_CAPACITY_1_K1	STAR_f68r2_12481	NO_EXACT_GLOBAL_ASSIGNMENT_IN_INCUMBENT
E1_RECALL_ORIENTED_GLOBAL_CAPACITY_1_K1	STAR_f68r2_12482	NO_EXACT_GLOBAL_ASSIGNMENT_IN_INCUMBENT
E1_RECALL_ORIENTED_GLOBAL_CAPACITY_1_K1	STAR_f68r2_12483	NO_EXACT_GLOBAL_ASSIGNMENT_IN_INCUMBENT
E1_RECALL_ORIENTED_GLOBAL_CAPACITY_1_K1	STAR_f68r2_12484	NO_EXACT_GLOBAL_ASSIGNMENT_IN_INCUMBENT
E1_RECALL_ORIENTED_GLOBAL_CAPACITY_1_K1	STAR_f68r2_12485	NO_EXACT_GLOBAL_ASSIGNMENT_IN_INCUMBENT
E1_RECALL_ORIENTED_GLOBAL_CAPACITY_1_K1	STAR_f68r2_12486	NO_EXACT_GLOBAL_ASSIGNMENT_IN_INCUMBENT
E1_RECALL_ORIENTED_GLOBAL_CAPACITY_1_K1	STAR_f68r2_12487	NO_EXACT_GLOBAL_ASSIGNMENT_IN_INCUMBENT
E1_RECALL_ORIENTED_GLOBAL_CAPACITY_1_K1	STAR_f68r2_12488	NO_EXACT_GLOBAL_ASSIGNMENT_IN_INCUMBENT
E1_RECALL_ORIENTED_GLOBAL_CAPACITY_1_K1	STAR_f68r2_12489	NO_EXACT_GLOBAL_ASSIGNMENT_IN_INCUMBENT
E1_RECALL_ORIENTED_GLOBAL_CAPACITY_1_K1	STAR_f68r2_12490	NO_EXACT_GLOBAL_ASSIGNMENT_IN_INCUMBENT
E1_RECALL_ORIENTED_GLOBAL_CAPACITY_1_K1	STAR_f68r2_12491	NO_EXACT_GLOBAL_ASSIGNMENT_IN_INCUMBENT
E1_CONSERVATIVE_PER_PAGE_CAPACITY_1_K2	STAR_f68r1_12380	NO_EXACT_GLOBAL_ASSIGNMENT_IN_INCUMBENT
E1_CONSERVATIVE_PER_PAGE_CAPACITY_1_K2	STAR_f68r1_12381	NO_EXACT_GLOBAL_ASSIGNMENT_IN_INCUMBENT
E1_CONSERVATIVE_PER_PAGE_CAPACITY_1_K2	STAR_f68r1_12382	NO_EXACT_GLOBAL_ASSIGNMENT_IN_INCUMBENT
E1_CONSERVATIVE_PER_PAGE_CAPACITY_1_K2	STAR_f68r1_12383	NO_EXACT_GLOBAL_ASSIGNMENT_IN_INCUMBENT
E1_CONSERVATIVE_PER_PAGE_CAPACITY_1_K2	STAR_f68r1_12384	NO_EXACT_GLOBAL_ASSIGNMENT_IN_INCUMBENT
E1_CONSERVATIVE_PER_PAGE_CAPACITY_1_K2	STAR_f68r1_12385	NO_EXACT_GLOBAL_ASSIGNMENT_IN_INCUMBENT
E1_CONSERVATIVE_PER_PAGE_CAPACITY_1_K2	STAR_f68r1_12386	NO_EXACT_GLOBAL_ASSIGNMENT_IN_INCUMBENT
E1_CONSERVATIVE_PER_PAGE_CAPACITY_1_K2	STAR_f68r1_12387	NO_EXACT_GLOBAL_ASSIGNMENT_IN_INCUMBENT
E1_CONSERVATIVE_PER_PAGE_CAPACITY_1_K2	STAR_f68r1_12388	NO_EXACT_GLOBAL_ASSIGNMENT_IN_INCUMBENT
E1_CONSERVATIVE_PER_PAGE_CAPACITY_1_K2	STAR_f68r1_12389	NO_EXACT_GLOBAL_ASSIGNMENT_IN_INCUMBENT
E1_CONSERVATIVE_PER_PAGE_CAPACITY_1_K2	STAR_f68r1_12390	NO_EXACT_GLOBAL_ASSIGNMENT_IN_INCUMBENT
E1_CONSERVATIVE_PER_PAGE_CAPACITY_1_K2	STAR_f68r1_12391	NO_EXACT_GLOBAL_ASSIGNMENT_IN_INCUMBENT
E1_CONSERVATIVE_PER_PAGE_CAPACITY_1_K2	STAR_f68r1_12392	NO_EXACT_GLOBAL_ASSIGNMENT_IN_INCUMBENT
E1_CONSERVATIVE_PER_PAGE_CAPACITY_1_K2	STAR_f68r1_12393	NO_EXACT_GLOBAL_ASSIGNMENT_IN_INCUMBENT
E1_CONSERVATIVE_PER_PAGE_CAPACITY_1_K2	STAR_f68r1_12394	NO_EXACT_GLOBAL_ASSIGNMENT_IN_INCUMBENT
E1_CONSERVATIVE_PER_PAGE_CAPACITY_1_K2	STAR_f68r1_12395	NO_EXACT_GLOBAL_ASSIGNMENT_IN_INCUMBENT
E1_CONSERVATIVE_PER_PAGE_CAPACITY_1_K2	STAR_f68r1_12396	NO_EXACT_GLOBAL_ASSIGNMENT_IN_INCUMBENT
E1_CONSERVATIVE_PER_PAGE_CAPACITY_1_K2	STAR_f68r1_12397	NO_EXACT_GLOBAL_ASSIGNMENT_IN_INCUMBENT
E1_CONSERVATIVE_PER_PAGE_CAPACITY_1_K2	STAR_f68r1_12398	NO_EXACT_GLOBAL_ASSIGNMENT_IN_INCUMBENT
E1_CONSERVATIVE_PER_PAGE_CAPACITY_1_K2	STAR_f68r1_12399	NO_EXACT_GLOBAL_ASSIGNMENT_IN_INCUMBENT
E1_CONSERVATIVE_PER_PAGE_CAPACITY_1_K2	STAR_f68r1_12400	NO_EXACT_GLOBAL_ASSIGNMENT_IN_INCUMBENT
E1_CONSERVATIVE_PER_PAGE_CAPACITY_1_K2	STAR_f68r1_12401	NO_EXACT_GLOBAL_ASSIGNMENT_IN_INCUMBENT
E1_CONSERVATIVE_PER_PAGE_CAPACITY_1_K2	STAR_f68r1_12403	NO_EXACT_GLOBAL_ASSIGNMENT_IN_INCUMBENT
E1_CONSERVATIVE_PER_PAGE_CAPACITY_1_K2	STAR_f68r1_12406	NO_EXACT_GLOBAL_ASSIGNMENT_IN_INCUMBENT
E1_CONSERVATIVE_PER_PAGE_CAPACITY_1_K2	STAR_f68r1_12407	NO_EXACT_GLOBAL_ASSIGNMENT_IN_INCUMBENT
E1_CONSERVATIVE_PER_PAGE_CAPACITY_1_K2	STAR_f68r1_12408	NO_EXACT_GLOBAL_ASSIGNMENT_IN_INCUMBENT
E1_CONSERVATIVE_PER_PAGE_CAPACITY_1_K2	STAR_f68r1_12409	NO_EXACT_GLOBAL_ASSIGNMENT_IN_INCUMBENT
E1_CONSERVATIVE_PER_PAGE_CAPACITY_1_K2	STAR_f68r1_12410	NO_EXACT_GLOBAL_ASSIGNMENT_IN_INCUMBENT
E1_CONSERVATIVE_PER_PAGE_CAPACITY_1_K2	STAR_f68r1_12411	NO_EXACT_GLOBAL_ASSIGNMENT_IN_INCUMBENT
E1_CONSERVATIVE_PER_PAGE_CAPACITY_1_K2	STAR_f68r2_12463	NO_EXACT_GLOBAL_ASSIGNMENT_IN_INCUMBENT
E1_CONSERVATIVE_PER_PAGE_CAPACITY_1_K2	STAR_f68r2_12465	NO_EXACT_GLOBAL_ASSIGNMENT_IN_INCUMBENT
E1_CONSERVATIVE_PER_PAGE_CAPACITY_1_K2	STAR_f68r2_12468	NO_EXACT_GLOBAL_ASSIGNMENT_IN_INCUMBENT
E1_CONSERVATIVE_PER_PAGE_CAPACITY_1_K2	STAR_f68r2_12469	NO_EXACT_GLOBAL_ASSIGNMENT_IN_INCUMBENT
E1_CONSERVATIVE_PER_PAGE_CAPACITY_1_K2	STAR_f68r2_12470	NO_EXACT_GLOBAL_ASSIGNMENT_IN_INCUMBENT
E1_CONSERVATIVE_PER_PAGE_CAPACITY_1_K2	STAR_f68r2_12471	NO_EXACT_GLOBAL_ASSIGNMENT_IN_INCUMBENT
E1_CONSERVATIVE_PER_PAGE_CAPACITY_1_K2	STAR_f68r2_12472	NO_EXACT_GLOBAL_ASSIGNMENT_IN_INCUMBENT
E1_CONSERVATIVE_PER_PAGE_CAPACITY_1_K2	STAR_f68r2_12473	NO_EXACT_GLOBAL_ASSIGNMENT_IN_INCUMBENT
E1_CONSERVATIVE_PER_PAGE_CAPACITY_1_K2	STAR_f68r2_12474	NO_EXACT_GLOBAL_ASSIGNMENT_IN_INCUMBENT
E1_CONSERVATIVE_PER_PAGE_CAPACITY_1_K2	STAR_f68r2_12475	NO_EXACT_GLOBAL_ASSIGNMENT_IN_INCUMBENT
E1_CONSERVATIVE_PER_PAGE_CAPACITY_1_K2	STAR_f68r2_12476	NO_EXACT_GLOBAL_ASSIGNMENT_IN_INCUMBENT
E1_CONSERVATIVE_PER_PAGE_CAPACITY_1_K2	STAR_f68r2_12477	NO_EXACT_GLOBAL_ASSIGNMENT_IN_INCUMBENT
E1_CONSERVATIVE_PER_PAGE_CAPACITY_1_K2	STAR_f68r2_12478	NO_EXACT_GLOBAL_ASSIGNMENT_IN_INCUMBENT
E1_CONSERVATIVE_PER_PAGE_CAPACITY_1_K2	STAR_f68r2_12479	NO_EXACT_GLOBAL_ASSIGNMENT_IN_INCUMBENT
E1_CONSERVATIVE_PER_PAGE_CAPACITY_1_K2	STAR_f68r2_12480	NO_EXACT_GLOBAL_ASSIGNMENT_IN_INCUMBENT
E1_CONSERVATIVE_PER_PAGE_CAPACITY_1_K2	STAR_f68r2_12481	NO_EXACT_GLOBAL_ASSIGNMENT_IN_INCUMBENT
E1_CONSERVATIVE_PER_PAGE_CAPACITY_1_K2	STAR_f68r2_12482	NO_EXACT_GLOBAL_ASSIGNMENT_IN_INCUMBENT
E1_CONSERVATIVE_PER_PAGE_CAPACITY_1_K2	STAR_f68r2_12483	NO_EXACT_GLOBAL_ASSIGNMENT_IN_INCUMBENT
E1_CONSERVATIVE_PER_PAGE_CAPACITY_1_K2	STAR_f68r2_12484	NO_EXACT_GLOBAL_ASSIGNMENT_IN_INCUMBENT
E1_CONSERVATIVE_PER_PAGE_CAPACITY_1_K2	STAR_f68r2_12485	NO_EXACT_GLOBAL_ASSIGNMENT_IN_INCUMBENT
E1_CONSERVATIVE_PER_PAGE_CAPACITY_1_K2	STAR_f68r2_12486	NO_EXACT_GLOBAL_ASSIGNMENT_IN_INCUMBENT
E1_CONSERVATIVE_PER_PAGE_CAPACITY_1_K2	STAR_f68r2_12487	NO_EXACT_GLOBAL_ASSIGNMENT_IN_INCUMBENT
E1_CONSERVATIVE_PER_PAGE_CAPACITY_1_K2	STAR_f68r2_12488	NO_EXACT_GLOBAL_ASSIGNMENT_IN_INCUMBENT
E1_CONSERVATIVE_PER_PAGE_CAPACITY_1_K2	STAR_f68r2_12489	NO_EXACT_GLOBAL_ASSIGNMENT_IN_INCUMBENT
E1_CONSERVATIVE_PER_PAGE_CAPACITY_1_K2	STAR_f68r2_12490	NO_EXACT_GLOBAL_ASSIGNMENT_IN_INCUMBENT
E1_CONSERVATIVE_PER_PAGE_CAPACITY_1_K2	STAR_f68r2_12491	NO_EXACT_GLOBAL_ASSIGNMENT_IN_INCUMBENT
E1_BALANCED_PER_PAGE_CAPACITY_1_K2	STAR_f68r1_12380	NO_EXACT_GLOBAL_ASSIGNMENT_IN_INCUMBENT
E1_BALANCED_PER_PAGE_CAPACITY_1_K2	STAR_f68r1_12381	NO_EXACT_GLOBAL_ASSIGNMENT_IN_INCUMBENT
E1_BALANCED_PER_PAGE_CAPACITY_1_K2	STAR_f68r1_12382	NO_EXACT_GLOBAL_ASSIGNMENT_IN_INCUMBENT
E1_BALANCED_PER_PAGE_CAPACITY_1_K2	STAR_f68r1_12383	NO_EXACT_GLOBAL_ASSIGNMENT_IN_INCUMBENT
E1_BALANCED_PER_PAGE_CAPACITY_1_K2	STAR_f68r1_12384	NO_EXACT_GLOBAL_ASSIGNMENT_IN_INCUMBENT
E1_BALANCED_PER_PAGE_CAPACITY_1_K2	STAR_f68r1_12385	NO_EXACT_GLOBAL_ASSIGNMENT_IN_INCUMBENT
E1_BALANCED_PER_PAGE_CAPACITY_1_K2	STAR_f68r1_12386	NO_EXACT_GLOBAL_ASSIGNMENT_IN_INCUMBENT
E1_BALANCED_PER_PAGE_CAPACITY_1_K2	STAR_f68r1_12387	NO_EXACT_GLOBAL_ASSIGNMENT_IN_INCUMBENT
E1_BALANCED_PER_PAGE_CAPACITY_1_K2	STAR_f68r1_12388	NO_EXACT_GLOBAL_ASSIGNMENT_IN_INCUMBENT
E1_BALANCED_PER_PAGE_CAPACITY_1_K2	STAR_f68r1_12389	NO_EXACT_GLOBAL_ASSIGNMENT_IN_INCUMBENT
E1_BALANCED_PER_PAGE_CAPACITY_1_K2	STAR_f68r1_12390	NO_EXACT_GLOBAL_ASSIGNMENT_IN_INCUMBENT
E1_BALANCED_PER_PAGE_CAPACITY_1_K2	STAR_f68r1_12391	NO_EXACT_GLOBAL_ASSIGNMENT_IN_INCUMBENT
E1_BALANCED_PER_PAGE_CAPACITY_1_K2	STAR_f68r1_12392	NO_EXACT_GLOBAL_ASSIGNMENT_IN_INCUMBENT
E1_BALANCED_PER_PAGE_CAPACITY_1_K2	STAR_f68r1_12393	NO_EXACT_GLOBAL_ASSIGNMENT_IN_INCUMBENT
E1_BALANCED_PER_PAGE_CAPACITY_1_K2	STAR_f68r1_12394	NO_EXACT_GLOBAL_ASSIGNMENT_IN_INCUMBENT
E1_BALANCED_PER_PAGE_CAPACITY_1_K2	STAR_f68r1_12395	NO_EXACT_GLOBAL_ASSIGNMENT_IN_INCUMBENT
E1_BALANCED_PER_PAGE_CAPACITY_1_K2	STAR_f68r1_12396	NO_EXACT_GLOBAL_ASSIGNMENT_IN_INCUMBENT
E1_BALANCED_PER_PAGE_CAPACITY_1_K2	STAR_f68r1_12397	NO_EXACT_GLOBAL_ASSIGNMENT_IN_INCUMBENT
E1_BALANCED_PER_PAGE_CAPACITY_1_K2	STAR_f68r1_12398	NO_EXACT_GLOBAL_ASSIGNMENT_IN_INCUMBENT
E1_BALANCED_PER_PAGE_CAPACITY_1_K2	STAR_f68r1_12399	NO_EXACT_GLOBAL_ASSIGNMENT_IN_INCUMBENT
E1_BALANCED_PER_PAGE_CAPACITY_1_K2	STAR_f68r1_12400	NO_EXACT_GLOBAL_ASSIGNMENT_IN_INCUMBENT
E1_BALANCED_PER_PAGE_CAPACITY_1_K2	STAR_f68r1_12401	NO_EXACT_GLOBAL_ASSIGNMENT_IN_INCUMBENT
E1_BALANCED_PER_PAGE_CAPACITY_1_K2	STAR_f68r1_12403	NO_EXACT_GLOBAL_ASSIGNMENT_IN_INCUMBENT
E1_BALANCED_PER_PAGE_CAPACITY_1_K2	STAR_f68r1_12406	NO_EXACT_GLOBAL_ASSIGNMENT_IN_INCUMBENT
E1_BALANCED_PER_PAGE_CAPACITY_1_K2	STAR_f68r1_12407	NO_EXACT_GLOBAL_ASSIGNMENT_IN_INCUMBENT
E1_BALANCED_PER_PAGE_CAPACITY_1_K2	STAR_f68r1_12408	NO_EXACT_GLOBAL_ASSIGNMENT_IN_INCUMBENT
E1_BALANCED_PER_PAGE_CAPACITY_1_K2	STAR_f68r1_12409	NO_EXACT_GLOBAL_ASSIGNMENT_IN_INCUMBENT
E1_BALANCED_PER_PAGE_CAPACITY_1_K2	STAR_f68r1_12410	NO_EXACT_GLOBAL_ASSIGNMENT_IN_INCUMBENT
E1_BALANCED_PER_PAGE_CAPACITY_1_K2	STAR_f68r1_12411	NO_EXACT_GLOBAL_ASSIGNMENT_IN_INCUMBENT
E1_BALANCED_PER_PAGE_CAPACITY_1_K2	STAR_f68r2_12463	NO_EXACT_GLOBAL_ASSIGNMENT_IN_INCUMBENT
E1_BALANCED_PER_PAGE_CAPACITY_1_K2	STAR_f68r2_12465	NO_EXACT_GLOBAL_ASSIGNMENT_IN_INCUMBENT
E1_BALANCED_PER_PAGE_CAPACITY_1_K2	STAR_f68r2_12468	NO_EXACT_GLOBAL_ASSIGNMENT_IN_INCUMBENT
E1_BALANCED_PER_PAGE_CAPACITY_1_K2	STAR_f68r2_12469	NO_EXACT_GLOBAL_ASSIGNMENT_IN_INCUMBENT
E1_BALANCED_PER_PAGE_CAPACITY_1_K2	STAR_f68r2_12470	NO_EXACT_GLOBAL_ASSIGNMENT_IN_INCUMBENT
E1_BALANCED_PER_PAGE_CAPACITY_1_K2	STAR_f68r2_12471	NO_EXACT_GLOBAL_ASSIGNMENT_IN_INCUMBENT
E1_BALANCED_PER_PAGE_CAPACITY_1_K2	STAR_f68r2_12472	NO_EXACT_GLOBAL_ASSIGNMENT_IN_INCUMBENT
E1_BALANCED_PER_PAGE_CAPACITY_1_K2	STAR_f68r2_12473	NO_EXACT_GLOBAL_ASSIGNMENT_IN_INCUMBENT
E1_BALANCED_PER_PAGE_CAPACITY_1_K2	STAR_f68r2_12474	NO_EXACT_GLOBAL_ASSIGNMENT_IN_INCUMBENT
E1_BALANCED_PER_PAGE_CAPACITY_1_K2	STAR_f68r2_12475	NO_EXACT_GLOBAL_ASSIGNMENT_IN_INCUMBENT
E1_BALANCED_PER_PAGE_CAPACITY_1_K2	STAR_f68r2_12476	NO_EXACT_GLOBAL_ASSIGNMENT_IN_INCUMBENT
E1_BALANCED_PER_PAGE_CAPACITY_1_K2	STAR_f68r2_12477	NO_EXACT_GLOBAL_ASSIGNMENT_IN_INCUMBENT
E1_BALANCED_PER_PAGE_CAPACITY_1_K2	STAR_f68r2_12478	NO_EXACT_GLOBAL_ASSIGNMENT_IN_INCUMBENT
E1_BALANCED_PER_PAGE_CAPACITY_1_K2	STAR_f68r2_12479	NO_EXACT_GLOBAL_ASSIGNMENT_IN_INCUMBENT
E1_BALANCED_PER_PAGE_CAPACITY_1_K2	STAR_f68r2_12480	NO_EXACT_GLOBAL_ASSIGNMENT_IN_INCUMBENT
E1_BALANCED_PER_PAGE_CAPACITY_1_K2	STAR_f68r2_12481	NO_EXACT_GLOBAL_ASSIGNMENT_IN_INCUMBENT
E1_BALANCED_PER_PAGE_CAPACITY_1_K2	STAR_f68r2_12482	NO_EXACT_GLOBAL_ASSIGNMENT_IN_INCUMBENT
E1_BALANCED_PER_PAGE_CAPACITY_1_K2	STAR_f68r2_12483	NO_EXACT_GLOBAL_ASSIGNMENT_IN_INCUMBENT
E1_BALANCED_PER_PAGE_CAPACITY_1_K2	STAR_f68r2_12484	NO_EXACT_GLOBAL_ASSIGNMENT_IN_INCUMBENT
E1_BALANCED_PER_PAGE_CAPACITY_1_K2	STAR_f68r2_12485	NO_EXACT_GLOBAL_ASSIGNMENT_IN_INCUMBENT
E1_BALANCED_PER_PAGE_CAPACITY_1_K2	STAR_f68r2_12486	NO_EXACT_GLOBAL_ASSIGNMENT_IN_INCUMBENT
E1_BALANCED_PER_PAGE_CAPACITY_1_K2	STAR_f68r2_12487	NO_EXACT_GLOBAL_ASSIGNMENT_IN_INCUMBENT
E1_BALANCED_PER_PAGE_CAPACITY_1_K2	STAR_f68r2_12488	NO_EXACT_GLOBAL_ASSIGNMENT_IN_INCUMBENT
E1_BALANCED_PER_PAGE_CAPACITY_1_K2	STAR_f68r2_12489	NO_EXACT_GLOBAL_ASSIGNMENT_IN_INCUMBENT
E1_BALANCED_PER_PAGE_CAPACITY_1_K2	STAR_f68r2_12490	NO_EXACT_GLOBAL_ASSIGNMENT_IN_INCUMBENT
E1_BALANCED_PER_PAGE_CAPACITY_1_K2	STAR_f68r2_12491	NO_EXACT_GLOBAL_ASSIGNMENT_IN_INCUMBENT
E1_RECALL_ORIENTED_PER_PAGE_CAPACITY_1_K2	STAR_f68r1_12380	NO_EXACT_GLOBAL_ASSIGNMENT_IN_INCUMBENT
E1_RECALL_ORIENTED_PER_PAGE_CAPACITY_1_K2	STAR_f68r1_12381	NO_EXACT_GLOBAL_ASSIGNMENT_IN_INCUMBENT
E1_RECALL_ORIENTED_PER_PAGE_CAPACITY_1_K2	STAR_f68r1_12382	NO_EXACT_GLOBAL_ASSIGNMENT_IN_INCUMBENT
E1_RECALL_ORIENTED_PER_PAGE_CAPACITY_1_K2	STAR_f68r1_12383	NO_EXACT_GLOBAL_ASSIGNMENT_IN_INCUMBENT
E1_RECALL_ORIENTED_PER_PAGE_CAPACITY_1_K2	STAR_f68r1_12384	NO_EXACT_GLOBAL_ASSIGNMENT_IN_INCUMBENT
E1_RECALL_ORIENTED_PER_PAGE_CAPACITY_1_K2	STAR_f68r1_12385	NO_EXACT_GLOBAL_ASSIGNMENT_IN_INCUMBENT
E1_RECALL_ORIENTED_PER_PAGE_CAPACITY_1_K2	STAR_f68r1_12386	NO_EXACT_GLOBAL_ASSIGNMENT_IN_INCUMBENT
E1_RECALL_ORIENTED_PER_PAGE_CAPACITY_1_K2	STAR_f68r1_12387	NO_EXACT_GLOBAL_ASSIGNMENT_IN_INCUMBENT
E1_RECALL_ORIENTED_PER_PAGE_CAPACITY_1_K2	STAR_f68r1_12388	NO_EXACT_GLOBAL_ASSIGNMENT_IN_INCUMBENT
E1_RECALL_ORIENTED_PER_PAGE_CAPACITY_1_K2	STAR_f68r1_12389	NO_EXACT_GLOBAL_ASSIGNMENT_IN_INCUMBENT
E1_RECALL_ORIENTED_PER_PAGE_CAPACITY_1_K2	STAR_f68r1_12390	NO_EXACT_GLOBAL_ASSIGNMENT_IN_INCUMBENT
E1_RECALL_ORIENTED_PER_PAGE_CAPACITY_1_K2	STAR_f68r1_12391	NO_EXACT_GLOBAL_ASSIGNMENT_IN_INCUMBENT
E1_RECALL_ORIENTED_PER_PAGE_CAPACITY_1_K2	STAR_f68r1_12392	NO_EXACT_GLOBAL_ASSIGNMENT_IN_INCUMBENT
E1_RECALL_ORIENTED_PER_PAGE_CAPACITY_1_K2	STAR_f68r1_12393	NO_EXACT_GLOBAL_ASSIGNMENT_IN_INCUMBENT
E1_RECALL_ORIENTED_PER_PAGE_CAPACITY_1_K2	STAR_f68r1_12394	NO_EXACT_GLOBAL_ASSIGNMENT_IN_INCUMBENT
E1_RECALL_ORIENTED_PER_PAGE_CAPACITY_1_K2	STAR_f68r1_12395	NO_EXACT_GLOBAL_ASSIGNMENT_IN_INCUMBENT
E1_RECALL_ORIENTED_PER_PAGE_CAPACITY_1_K2	STAR_f68r1_12396	NO_EXACT_GLOBAL_ASSIGNMENT_IN_INCUMBENT
E1_RECALL_ORIENTED_PER_PAGE_CAPACITY_1_K2	STAR_f68r1_12397	NO_EXACT_GLOBAL_ASSIGNMENT_IN_INCUMBENT
E1_RECALL_ORIENTED_PER_PAGE_CAPACITY_1_K2	STAR_f68r1_12398	NO_EXACT_GLOBAL_ASSIGNMENT_IN_INCUMBENT
E1_RECALL_ORIENTED_PER_PAGE_CAPACITY_1_K2	STAR_f68r1_12399	NO_EXACT_GLOBAL_ASSIGNMENT_IN_INCUMBENT
E1_RECALL_ORIENTED_PER_PAGE_CAPACITY_1_K2	STAR_f68r1_12400	NO_EXACT_GLOBAL_ASSIGNMENT_IN_INCUMBENT
E1_RECALL_ORIENTED_PER_PAGE_CAPACITY_1_K2	STAR_f68r1_12401	NO_EXACT_GLOBAL_ASSIGNMENT_IN_INCUMBENT
E1_RECALL_ORIENTED_PER_PAGE_CAPACITY_1_K2	STAR_f68r1_12403	NO_EXACT_GLOBAL_ASSIGNMENT_IN_INCUMBENT
E1_RECALL_ORIENTED_PER_PAGE_CAPACITY_1_K2	STAR_f68r1_12406	NO_EXACT_GLOBAL_ASSIGNMENT_IN_INCUMBENT
E1_RECALL_ORIENTED_PER_PAGE_CAPACITY_1_K2	STAR_f68r1_12407	NO_EXACT_GLOBAL_ASSIGNMENT_IN_INCUMBENT
E1_RECALL_ORIENTED_PER_PAGE_CAPACITY_1_K2	STAR_f68r1_12408	NO_EXACT_GLOBAL_ASSIGNMENT_IN_INCUMBENT
E1_RECALL_ORIENTED_PER_PAGE_CAPACITY_1_K2	STAR_f68r1_12409	NO_EXACT_GLOBAL_ASSIGNMENT_IN_INCUMBENT
E1_RECALL_ORIENTED_PER_PAGE_CAPACITY_1_K2	STAR_f68r1_12410	NO_EXACT_GLOBAL_ASSIGNMENT_IN_INCUMBENT
E1_RECALL_ORIENTED_PER_PAGE_CAPACITY_1_K2	STAR_f68r1_12411	NO_EXACT_GLOBAL_ASSIGNMENT_IN_INCUMBENT
E1_RECALL_ORIENTED_PER_PAGE_CAPACITY_1_K2	STAR_f68r2_12463	NO_EXACT_GLOBAL_ASSIGNMENT_IN_INCUMBENT
E1_RECALL_ORIENTED_PER_PAGE_CAPACITY_1_K2	STAR_f68r2_12465	NO_EXACT_GLOBAL_ASSIGNMENT_IN_INCUMBENT
E1_RECALL_ORIENTED_PER_PAGE_CAPACITY_1_K2	STAR_f68r2_12468	NO_EXACT_GLOBAL_ASSIGNMENT_IN_INCUMBENT
E1_RECALL_ORIENTED_PER_PAGE_CAPACITY_1_K2	STAR_f68r2_12469	NO_EXACT_GLOBAL_ASSIGNMENT_IN_INCUMBENT
E1_RECALL_ORIENTED_PER_PAGE_CAPACITY_1_K2	STAR_f68r2_12470	NO_EXACT_GLOBAL_ASSIGNMENT_IN_INCUMBENT
E1_RECALL_ORIENTED_PER_PAGE_CAPACITY_1_K2	STAR_f68r2_12471	NO_EXACT_GLOBAL_ASSIGNMENT_IN_INCUMBENT
E1_RECALL_ORIENTED_PER_PAGE_CAPACITY_1_K2	STAR_f68r2_12472	NO_EXACT_GLOBAL_ASSIGNMENT_IN_INCUMBENT
E1_RECALL_ORIENTED_PER_PAGE_CAPACITY_1_K2	STAR_f68r2_12473	NO_EXACT_GLOBAL_ASSIGNMENT_IN_INCUMBENT
E1_RECALL_ORIENTED_PER_PAGE_CAPACITY_1_K2	STAR_f68r2_12474	NO_EXACT_GLOBAL_ASSIGNMENT_IN_INCUMBENT
E1_RECALL_ORIENTED_PER_PAGE_CAPACITY_1_K2	STAR_f68r2_12475	NO_EXACT_GLOBAL_ASSIGNMENT_IN_INCUMBENT
E1_RECALL_ORIENTED_PER_PAGE_CAPACITY_1_K2	STAR_f68r2_12476	NO_EXACT_GLOBAL_ASSIGNMENT_IN_INCUMBENT
E1_RECALL_ORIENTED_PER_PAGE_CAPACITY_1_K2	STAR_f68r2_12477	NO_EXACT_GLOBAL_ASSIGNMENT_IN_INCUMBENT
E1_RECALL_ORIENTED_PER_PAGE_CAPACITY_1_K2	STAR_f68r2_12478	NO_EXACT_GLOBAL_ASSIGNMENT_IN_INCUMBENT
E1_RECALL_ORIENTED_PER_PAGE_CAPACITY_1_K2	STAR_f68r2_12479	NO_EXACT_GLOBAL_ASSIGNMENT_IN_INCUMBENT
E1_RECALL_ORIENTED_PER_PAGE_CAPACITY_1_K2	STAR_f68r2_12480	NO_EXACT_GLOBAL_ASSIGNMENT_IN_INCUMBENT
E1_RECALL_ORIENTED_PER_PAGE_CAPACITY_1_K2	STAR_f68r2_12481	NO_EXACT_GLOBAL_ASSIGNMENT_IN_INCUMBENT
E1_RECALL_ORIENTED_PER_PAGE_CAPACITY_1_K2	STAR_f68r2_12482	NO_EXACT_GLOBAL_ASSIGNMENT_IN_INCUMBENT
E1_RECALL_ORIENTED_PER_PAGE_CAPACITY_1_K2	STAR_f68r2_12483	NO_EXACT_GLOBAL_ASSIGNMENT_IN_INCUMBENT
E1_RECALL_ORIENTED_PER_PAGE_CAPACITY_1_K2	STAR_f68r2_12484	NO_EXACT_GLOBAL_ASSIGNMENT_IN_INCUMBENT
E1_RECALL_ORIENTED_PER_PAGE_CAPACITY_1_K2	STAR_f68r2_12485	NO_EXACT_GLOBAL_ASSIGNMENT_IN_INCUMBENT
E1_RECALL_ORIENTED_PER_PAGE_CAPACITY_1_K2	STAR_f68r2_12486	NO_EXACT_GLOBAL_ASSIGNMENT_IN_INCUMBENT
E1_RECALL_ORIENTED_PER_PAGE_CAPACITY_1_K2	STAR_f68r2_12487	NO_EXACT_GLOBAL_ASSIGNMENT_IN_INCUMBENT
E1_RECALL_ORIENTED_PER_PAGE_CAPACITY_1_K2	STAR_f68r2_12488	NO_EXACT_GLOBAL_ASSIGNMENT_IN_INCUMBENT
E1_RECALL_ORIENTED_PER_PAGE_CAPACITY_1_K2	STAR_f68r2_12489	NO_EXACT_GLOBAL_ASSIGNMENT_IN_INCUMBENT
E1_RECALL_ORIENTED_PER_PAGE_CAPACITY_1_K2	STAR_f68r2_12490	NO_EXACT_GLOBAL_ASSIGNMENT_IN_INCUMBENT
E1_RECALL_ORIENTED_PER_PAGE_CAPACITY_1_K2	STAR_f68r2_12491	NO_EXACT_GLOBAL_ASSIGNMENT_IN_INCUMBENT
E1_CONSERVATIVE_GLOBAL_CAPACITY_1_K2	STAR_f68r1_12380	NO_EXACT_GLOBAL_ASSIGNMENT_IN_INCUMBENT
E1_CONSERVATIVE_GLOBAL_CAPACITY_1_K2	STAR_f68r1_12381	NO_EXACT_GLOBAL_ASSIGNMENT_IN_INCUMBENT
E1_CONSERVATIVE_GLOBAL_CAPACITY_1_K2	STAR_f68r1_12382	NO_EXACT_GLOBAL_ASSIGNMENT_IN_INCUMBENT
E1_CONSERVATIVE_GLOBAL_CAPACITY_1_K2	STAR_f68r1_12383	NO_EXACT_GLOBAL_ASSIGNMENT_IN_INCUMBENT
E1_CONSERVATIVE_GLOBAL_CAPACITY_1_K2	STAR_f68r1_12384	NO_EXACT_GLOBAL_ASSIGNMENT_IN_INCUMBENT
E1_CONSERVATIVE_GLOBAL_CAPACITY_1_K2	STAR_f68r1_12385	NO_EXACT_GLOBAL_ASSIGNMENT_IN_INCUMBENT
E1_CONSERVATIVE_GLOBAL_CAPACITY_1_K2	STAR_f68r1_12386	NO_EXACT_GLOBAL_ASSIGNMENT_IN_INCUMBENT
E1_CONSERVATIVE_GLOBAL_CAPACITY_1_K2	STAR_f68r1_12387	NO_EXACT_GLOBAL_ASSIGNMENT_IN_INCUMBENT
E1_CONSERVATIVE_GLOBAL_CAPACITY_1_K2	STAR_f68r1_12388	NO_EXACT_GLOBAL_ASSIGNMENT_IN_INCUMBENT
E1_CONSERVATIVE_GLOBAL_CAPACITY_1_K2	STAR_f68r1_12389	NO_EXACT_GLOBAL_ASSIGNMENT_IN_INCUMBENT
E1_CONSERVATIVE_GLOBAL_CAPACITY_1_K2	STAR_f68r1_12390	NO_EXACT_GLOBAL_ASSIGNMENT_IN_INCUMBENT
E1_CONSERVATIVE_GLOBAL_CAPACITY_1_K2	STAR_f68r1_12391	NO_EXACT_GLOBAL_ASSIGNMENT_IN_INCUMBENT
E1_CONSERVATIVE_GLOBAL_CAPACITY_1_K2	STAR_f68r1_12392	NO_EXACT_GLOBAL_ASSIGNMENT_IN_INCUMBENT
E1_CONSERVATIVE_GLOBAL_CAPACITY_1_K2	STAR_f68r1_12393	NO_EXACT_GLOBAL_ASSIGNMENT_IN_INCUMBENT
E1_CONSERVATIVE_GLOBAL_CAPACITY_1_K2	STAR_f68r1_12394	NO_EXACT_GLOBAL_ASSIGNMENT_IN_INCUMBENT
E1_CONSERVATIVE_GLOBAL_CAPACITY_1_K2	STAR_f68r1_12395	NO_EXACT_GLOBAL_ASSIGNMENT_IN_INCUMBENT
E1_CONSERVATIVE_GLOBAL_CAPACITY_1_K2	STAR_f68r1_12396	NO_EXACT_GLOBAL_ASSIGNMENT_IN_INCUMBENT
E1_CONSERVATIVE_GLOBAL_CAPACITY_1_K2	STAR_f68r1_12397	NO_EXACT_GLOBAL_ASSIGNMENT_IN_INCUMBENT
E1_CONSERVATIVE_GLOBAL_CAPACITY_1_K2	STAR_f68r1_12398	NO_EXACT_GLOBAL_ASSIGNMENT_IN_INCUMBENT
E1_CONSERVATIVE_GLOBAL_CAPACITY_1_K2	STAR_f68r1_12399	NO_EXACT_GLOBAL_ASSIGNMENT_IN_INCUMBENT
E1_CONSERVATIVE_GLOBAL_CAPACITY_1_K2	STAR_f68r1_12400	NO_EXACT_GLOBAL_ASSIGNMENT_IN_INCUMBENT
E1_CONSERVATIVE_GLOBAL_CAPACITY_1_K2	STAR_f68r1_12401	NO_EXACT_GLOBAL_ASSIGNMENT_IN_INCUMBENT
E1_CONSERVATIVE_GLOBAL_CAPACITY_1_K2	STAR_f68r1_12403	NO_EXACT_GLOBAL_ASSIGNMENT_IN_INCUMBENT
E1_CONSERVATIVE_GLOBAL_CAPACITY_1_K2	STAR_f68r1_12406	NO_EXACT_GLOBAL_ASSIGNMENT_IN_INCUMBENT
E1_CONSERVATIVE_GLOBAL_CAPACITY_1_K2	STAR_f68r1_12407	NO_EXACT_GLOBAL_ASSIGNMENT_IN_INCUMBENT
E1_CONSERVATIVE_GLOBAL_CAPACITY_1_K2	STAR_f68r1_12408	NO_EXACT_GLOBAL_ASSIGNMENT_IN_INCUMBENT
E1_CONSERVATIVE_GLOBAL_CAPACITY_1_K2	STAR_f68r1_12409	NO_EXACT_GLOBAL_ASSIGNMENT_IN_INCUMBENT
E1_CONSERVATIVE_GLOBAL_CAPACITY_1_K2	STAR_f68r1_12410	NO_EXACT_GLOBAL_ASSIGNMENT_IN_INCUMBENT
E1_CONSERVATIVE_GLOBAL_CAPACITY_1_K2	STAR_f68r1_12411	NO_EXACT_GLOBAL_ASSIGNMENT_IN_INCUMBENT
E1_CONSERVATIVE_GLOBAL_CAPACITY_1_K2	STAR_f68r2_12463	NO_EXACT_GLOBAL_ASSIGNMENT_IN_INCUMBENT
E1_CONSERVATIVE_GLOBAL_CAPACITY_1_K2	STAR_f68r2_12465	NO_EXACT_GLOBAL_ASSIGNMENT_IN_INCUMBENT
E1_CONSERVATIVE_GLOBAL_CAPACITY_1_K2	STAR_f68r2_12468	NO_EXACT_GLOBAL_ASSIGNMENT_IN_INCUMBENT
E1_CONSERVATIVE_GLOBAL_CAPACITY_1_K2	STAR_f68r2_12469	NO_EXACT_GLOBAL_ASSIGNMENT_IN_INCUMBENT
E1_CONSERVATIVE_GLOBAL_CAPACITY_1_K2	STAR_f68r2_12470	NO_EXACT_GLOBAL_ASSIGNMENT_IN_INCUMBENT
E1_CONSERVATIVE_GLOBAL_CAPACITY_1_K2	STAR_f68r2_12471	NO_EXACT_GLOBAL_ASSIGNMENT_IN_INCUMBENT
E1_CONSERVATIVE_GLOBAL_CAPACITY_1_K2	STAR_f68r2_12472	NO_EXACT_GLOBAL_ASSIGNMENT_IN_INCUMBENT
E1_CONSERVATIVE_GLOBAL_CAPACITY_1_K2	STAR_f68r2_12473	NO_EXACT_GLOBAL_ASSIGNMENT_IN_INCUMBENT
E1_CONSERVATIVE_GLOBAL_CAPACITY_1_K2	STAR_f68r2_12474	NO_EXACT_GLOBAL_ASSIGNMENT_IN_INCUMBENT
E1_CONSERVATIVE_GLOBAL_CAPACITY_1_K2	STAR_f68r2_12475	NO_EXACT_GLOBAL_ASSIGNMENT_IN_INCUMBENT
E1_CONSERVATIVE_GLOBAL_CAPACITY_1_K2	STAR_f68r2_12476	NO_EXACT_GLOBAL_ASSIGNMENT_IN_INCUMBENT
E1_CONSERVATIVE_GLOBAL_CAPACITY_1_K2	STAR_f68r2_12477	NO_EXACT_GLOBAL_ASSIGNMENT_IN_INCUMBENT
E1_CONSERVATIVE_GLOBAL_CAPACITY_1_K2	STAR_f68r2_12478	NO_EXACT_GLOBAL_ASSIGNMENT_IN_INCUMBENT
E1_CONSERVATIVE_GLOBAL_CAPACITY_1_K2	STAR_f68r2_12479	NO_EXACT_GLOBAL_ASSIGNMENT_IN_INCUMBENT
E1_CONSERVATIVE_GLOBAL_CAPACITY_1_K2	STAR_f68r2_12480	NO_EXACT_GLOBAL_ASSIGNMENT_IN_INCUMBENT
E1_CONSERVATIVE_GLOBAL_CAPACITY_1_K2	STAR_f68r2_12481	NO_EXACT_GLOBAL_ASSIGNMENT_IN_INCUMBENT
E1_CONSERVATIVE_GLOBAL_CAPACITY_1_K2	STAR_f68r2_12482	NO_EXACT_GLOBAL_ASSIGNMENT_IN_INCUMBENT
E1_CONSERVATIVE_GLOBAL_CAPACITY_1_K2	STAR_f68r2_12483	NO_EXACT_GLOBAL_ASSIGNMENT_IN_INCUMBENT
E1_CONSERVATIVE_GLOBAL_CAPACITY_1_K2	STAR_f68r2_12484	NO_EXACT_GLOBAL_ASSIGNMENT_IN_INCUMBENT
E1_CONSERVATIVE_GLOBAL_CAPACITY_1_K2	STAR_f68r2_12485	NO_EXACT_GLOBAL_ASSIGNMENT_IN_INCUMBENT
E1_CONSERVATIVE_GLOBAL_CAPACITY_1_K2	STAR_f68r2_12486	NO_EXACT_GLOBAL_ASSIGNMENT_IN_INCUMBENT
E1_CONSERVATIVE_GLOBAL_CAPACITY_1_K2	STAR_f68r2_12487	NO_EXACT_GLOBAL_ASSIGNMENT_IN_INCUMBENT
E1_CONSERVATIVE_GLOBAL_CAPACITY_1_K2	STAR_f68r2_12488	NO_EXACT_GLOBAL_ASSIGNMENT_IN_INCUMBENT
E1_CONSERVATIVE_GLOBAL_CAPACITY_1_K2	STAR_f68r2_12489	NO_EXACT_GLOBAL_ASSIGNMENT_IN_INCUMBENT
E1_CONSERVATIVE_GLOBAL_CAPACITY_1_K2	STAR_f68r2_12490	NO_EXACT_GLOBAL_ASSIGNMENT_IN_INCUMBENT
E1_CONSERVATIVE_GLOBAL_CAPACITY_1_K2	STAR_f68r2_12491	NO_EXACT_GLOBAL_ASSIGNMENT_IN_INCUMBENT
E1_BALANCED_GLOBAL_CAPACITY_1_K2	STAR_f68r1_12380	NO_EXACT_GLOBAL_ASSIGNMENT_IN_INCUMBENT
E1_BALANCED_GLOBAL_CAPACITY_1_K2	STAR_f68r1_12381	NO_EXACT_GLOBAL_ASSIGNMENT_IN_INCUMBENT
E1_BALANCED_GLOBAL_CAPACITY_1_K2	STAR_f68r1_12382	NO_EXACT_GLOBAL_ASSIGNMENT_IN_INCUMBENT
E1_BALANCED_GLOBAL_CAPACITY_1_K2	STAR_f68r1_12383	NO_EXACT_GLOBAL_ASSIGNMENT_IN_INCUMBENT
E1_BALANCED_GLOBAL_CAPACITY_1_K2	STAR_f68r1_12384	NO_EXACT_GLOBAL_ASSIGNMENT_IN_INCUMBENT
E1_BALANCED_GLOBAL_CAPACITY_1_K2	STAR_f68r1_12385	NO_EXACT_GLOBAL_ASSIGNMENT_IN_INCUMBENT
E1_BALANCED_GLOBAL_CAPACITY_1_K2	STAR_f68r1_12386	NO_EXACT_GLOBAL_ASSIGNMENT_IN_INCUMBENT
E1_BALANCED_GLOBAL_CAPACITY_1_K2	STAR_f68r1_12387	NO_EXACT_GLOBAL_ASSIGNMENT_IN_INCUMBENT
E1_BALANCED_GLOBAL_CAPACITY_1_K2	STAR_f68r1_12388	NO_EXACT_GLOBAL_ASSIGNMENT_IN_INCUMBENT
E1_BALANCED_GLOBAL_CAPACITY_1_K2	STAR_f68r1_12389	NO_EXACT_GLOBAL_ASSIGNMENT_IN_INCUMBENT
E1_BALANCED_GLOBAL_CAPACITY_1_K2	STAR_f68r1_12390	NO_EXACT_GLOBAL_ASSIGNMENT_IN_INCUMBENT
E1_BALANCED_GLOBAL_CAPACITY_1_K2	STAR_f68r1_12391	NO_EXACT_GLOBAL_ASSIGNMENT_IN_INCUMBENT
E1_BALANCED_GLOBAL_CAPACITY_1_K2	STAR_f68r1_12392	NO_EXACT_GLOBAL_ASSIGNMENT_IN_INCUMBENT
E1_BALANCED_GLOBAL_CAPACITY_1_K2	STAR_f68r1_12393	NO_EXACT_GLOBAL_ASSIGNMENT_IN_INCUMBENT
E1_BALANCED_GLOBAL_CAPACITY_1_K2	STAR_f68r1_12394	NO_EXACT_GLOBAL_ASSIGNMENT_IN_INCUMBENT
E1_BALANCED_GLOBAL_CAPACITY_1_K2	STAR_f68r1_12395	NO_EXACT_GLOBAL_ASSIGNMENT_IN_INCUMBENT
E1_BALANCED_GLOBAL_CAPACITY_1_K2	STAR_f68r1_12396	NO_EXACT_GLOBAL_ASSIGNMENT_IN_INCUMBENT
E1_BALANCED_GLOBAL_CAPACITY_1_K2	STAR_f68r1_12397	NO_EXACT_GLOBAL_ASSIGNMENT_IN_INCUMBENT
E1_BALANCED_GLOBAL_CAPACITY_1_K2	STAR_f68r1_12398	NO_EXACT_GLOBAL_ASSIGNMENT_IN_INCUMBENT
E1_BALANCED_GLOBAL_CAPACITY_1_K2	STAR_f68r1_12399	NO_EXACT_GLOBAL_ASSIGNMENT_IN_INCUMBENT
E1_BALANCED_GLOBAL_CAPACITY_1_K2	STAR_f68r1_12400	NO_EXACT_GLOBAL_ASSIGNMENT_IN_INCUMBENT
E1_BALANCED_GLOBAL_CAPACITY_1_K2	STAR_f68r1_12401	NO_EXACT_GLOBAL_ASSIGNMENT_IN_INCUMBENT
E1_BALANCED_GLOBAL_CAPACITY_1_K2	STAR_f68r1_12403	NO_EXACT_GLOBAL_ASSIGNMENT_IN_INCUMBENT
E1_BALANCED_GLOBAL_CAPACITY_1_K2	STAR_f68r1_12406	NO_EXACT_GLOBAL_ASSIGNMENT_IN_INCUMBENT
E1_BALANCED_GLOBAL_CAPACITY_1_K2	STAR_f68r1_12407	NO_EXACT_GLOBAL_ASSIGNMENT_IN_INCUMBENT
E1_BALANCED_GLOBAL_CAPACITY_1_K2	STAR_f68r1_12408	NO_EXACT_GLOBAL_ASSIGNMENT_IN_INCUMBENT
E1_BALANCED_GLOBAL_CAPACITY_1_K2	STAR_f68r1_12409	NO_EXACT_GLOBAL_ASSIGNMENT_IN_INCUMBENT
E1_BALANCED_GLOBAL_CAPACITY_1_K2	STAR_f68r1_12410	NO_EXACT_GLOBAL_ASSIGNMENT_IN_INCUMBENT
E1_BALANCED_GLOBAL_CAPACITY_1_K2	STAR_f68r1_12411	NO_EXACT_GLOBAL_ASSIGNMENT_IN_INCUMBENT
E1_BALANCED_GLOBAL_CAPACITY_1_K2	STAR_f68r2_12463	NO_EXACT_GLOBAL_ASSIGNMENT_IN_INCUMBENT
E1_BALANCED_GLOBAL_CAPACITY_1_K2	STAR_f68r2_12465	NO_EXACT_GLOBAL_ASSIGNMENT_IN_INCUMBENT
E1_BALANCED_GLOBAL_CAPACITY_1_K2	STAR_f68r2_12468	NO_EXACT_GLOBAL_ASSIGNMENT_IN_INCUMBENT
E1_BALANCED_GLOBAL_CAPACITY_1_K2	STAR_f68r2_12469	NO_EXACT_GLOBAL_ASSIGNMENT_IN_INCUMBENT
E1_BALANCED_GLOBAL_CAPACITY_1_K2	STAR_f68r2_12470	NO_EXACT_GLOBAL_ASSIGNMENT_IN_INCUMBENT
E1_BALANCED_GLOBAL_CAPACITY_1_K2	STAR_f68r2_12471	NO_EXACT_GLOBAL_ASSIGNMENT_IN_INCUMBENT
E1_BALANCED_GLOBAL_CAPACITY_1_K2	STAR_f68r2_12472	NO_EXACT_GLOBAL_ASSIGNMENT_IN_INCUMBENT
E1_BALANCED_GLOBAL_CAPACITY_1_K2	STAR_f68r2_12473	NO_EXACT_GLOBAL_ASSIGNMENT_IN_INCUMBENT
E1_BALANCED_GLOBAL_CAPACITY_1_K2	STAR_f68r2_12474	NO_EXACT_GLOBAL_ASSIGNMENT_IN_INCUMBENT
E1_BALANCED_GLOBAL_CAPACITY_1_K2	STAR_f68r2_12475	NO_EXACT_GLOBAL_ASSIGNMENT_IN_INCUMBENT
E1_BALANCED_GLOBAL_CAPACITY_1_K2	STAR_f68r2_12476	NO_EXACT_GLOBAL_ASSIGNMENT_IN_INCUMBENT
E1_BALANCED_GLOBAL_CAPACITY_1_K2	STAR_f68r2_12477	NO_EXACT_GLOBAL_ASSIGNMENT_IN_INCUMBENT
E1_BALANCED_GLOBAL_CAPACITY_1_K2	STAR_f68r2_12478	NO_EXACT_GLOBAL_ASSIGNMENT_IN_INCUMBENT
E1_BALANCED_GLOBAL_CAPACITY_1_K2	STAR_f68r2_12479	NO_EXACT_GLOBAL_ASSIGNMENT_IN_INCUMBENT
E1_BALANCED_GLOBAL_CAPACITY_1_K2	STAR_f68r2_12480	NO_EXACT_GLOBAL_ASSIGNMENT_IN_INCUMBENT
E1_BALANCED_GLOBAL_CAPACITY_1_K2	STAR_f68r2_12481	NO_EXACT_GLOBAL_ASSIGNMENT_IN_INCUMBENT
E1_BALANCED_GLOBAL_CAPACITY_1_K2	STAR_f68r2_12482	NO_EXACT_GLOBAL_ASSIGNMENT_IN_INCUMBENT
E1_BALANCED_GLOBAL_CAPACITY_1_K2	STAR_f68r2_12483	NO_EXACT_GLOBAL_ASSIGNMENT_IN_INCUMBENT
E1_BALANCED_GLOBAL_CAPACITY_1_K2	STAR_f68r2_12484	NO_EXACT_GLOBAL_ASSIGNMENT_IN_INCUMBENT
E1_BALANCED_GLOBAL_CAPACITY_1_K2	STAR_f68r2_12485	NO_EXACT_GLOBAL_ASSIGNMENT_IN_INCUMBENT
E1_BALANCED_GLOBAL_CAPACITY_1_K2	STAR_f68r2_12486	NO_EXACT_GLOBAL_ASSIGNMENT_IN_INCUMBENT
E1_BALANCED_GLOBAL_CAPACITY_1_K2	STAR_f68r2_12487	NO_EXACT_GLOBAL_ASSIGNMENT_IN_INCUMBENT
E1_BALANCED_GLOBAL_CAPACITY_1_K2	STAR_f68r2_12488	NO_EXACT_GLOBAL_ASSIGNMENT_IN_INCUMBENT
E1_BALANCED_GLOBAL_CAPACITY_1_K2	STAR_f68r2_12489	NO_EXACT_GLOBAL_ASSIGNMENT_IN_INCUMBENT
E1_BALANCED_GLOBAL_CAPACITY_1_K2	STAR_f68r2_12490	NO_EXACT_GLOBAL_ASSIGNMENT_IN_INCUMBENT
E1_BALANCED_GLOBAL_CAPACITY_1_K2	STAR_f68r2_12491	NO_EXACT_GLOBAL_ASSIGNMENT_IN_INCUMBENT
E1_RECALL_ORIENTED_GLOBAL_CAPACITY_1_K2	STAR_f68r1_12380	NO_EXACT_GLOBAL_ASSIGNMENT_IN_INCUMBENT
E1_RECALL_ORIENTED_GLOBAL_CAPACITY_1_K2	STAR_f68r1_12381	NO_EXACT_GLOBAL_ASSIGNMENT_IN_INCUMBENT
E1_RECALL_ORIENTED_GLOBAL_CAPACITY_1_K2	STAR_f68r1_12382	NO_EXACT_GLOBAL_ASSIGNMENT_IN_INCUMBENT
E1_RECALL_ORIENTED_GLOBAL_CAPACITY_1_K2	STAR_f68r1_12383	NO_EXACT_GLOBAL_ASSIGNMENT_IN_INCUMBENT
E1_RECALL_ORIENTED_GLOBAL_CAPACITY_1_K2	STAR_f68r1_12384	NO_EXACT_GLOBAL_ASSIGNMENT_IN_INCUMBENT
E1_RECALL_ORIENTED_GLOBAL_CAPACITY_1_K2	STAR_f68r1_12385	NO_EXACT_GLOBAL_ASSIGNMENT_IN_INCUMBENT
E1_RECALL_ORIENTED_GLOBAL_CAPACITY_1_K2	STAR_f68r1_12386	NO_EXACT_GLOBAL_ASSIGNMENT_IN_INCUMBENT
E1_RECALL_ORIENTED_GLOBAL_CAPACITY_1_K2	STAR_f68r1_12387	NO_EXACT_GLOBAL_ASSIGNMENT_IN_INCUMBENT
E1_RECALL_ORIENTED_GLOBAL_CAPACITY_1_K2	STAR_f68r1_12388	NO_EXACT_GLOBAL_ASSIGNMENT_IN_INCUMBENT
E1_RECALL_ORIENTED_GLOBAL_CAPACITY_1_K2	STAR_f68r1_12389	NO_EXACT_GLOBAL_ASSIGNMENT_IN_INCUMBENT
E1_RECALL_ORIENTED_GLOBAL_CAPACITY_1_K2	STAR_f68r1_12390	NO_EXACT_GLOBAL_ASSIGNMENT_IN_INCUMBENT
E1_RECALL_ORIENTED_GLOBAL_CAPACITY_1_K2	STAR_f68r1_12391	NO_EXACT_GLOBAL_ASSIGNMENT_IN_INCUMBENT
E1_RECALL_ORIENTED_GLOBAL_CAPACITY_1_K2	STAR_f68r1_12392	NO_EXACT_GLOBAL_ASSIGNMENT_IN_INCUMBENT
E1_RECALL_ORIENTED_GLOBAL_CAPACITY_1_K2	STAR_f68r1_12393	NO_EXACT_GLOBAL_ASSIGNMENT_IN_INCUMBENT
E1_RECALL_ORIENTED_GLOBAL_CAPACITY_1_K2	STAR_f68r1_12394	NO_EXACT_GLOBAL_ASSIGNMENT_IN_INCUMBENT
E1_RECALL_ORIENTED_GLOBAL_CAPACITY_1_K2	STAR_f68r1_12395	NO_EXACT_GLOBAL_ASSIGNMENT_IN_INCUMBENT
E1_RECALL_ORIENTED_GLOBAL_CAPACITY_1_K2	STAR_f68r1_12396	NO_EXACT_GLOBAL_ASSIGNMENT_IN_INCUMBENT
E1_RECALL_ORIENTED_GLOBAL_CAPACITY_1_K2	STAR_f68r1_12397	NO_EXACT_GLOBAL_ASSIGNMENT_IN_INCUMBENT
E1_RECALL_ORIENTED_GLOBAL_CAPACITY_1_K2	STAR_f68r1_12398	NO_EXACT_GLOBAL_ASSIGNMENT_IN_INCUMBENT
E1_RECALL_ORIENTED_GLOBAL_CAPACITY_1_K2	STAR_f68r1_12399	NO_EXACT_GLOBAL_ASSIGNMENT_IN_INCUMBENT
E1_RECALL_ORIENTED_GLOBAL_CAPACITY_1_K2	STAR_f68r1_12400	NO_EXACT_GLOBAL_ASSIGNMENT_IN_INCUMBENT
E1_RECALL_ORIENTED_GLOBAL_CAPACITY_1_K2	STAR_f68r1_12401	NO_EXACT_GLOBAL_ASSIGNMENT_IN_INCUMBENT
E1_RECALL_ORIENTED_GLOBAL_CAPACITY_1_K2	STAR_f68r1_12403	NO_EXACT_GLOBAL_ASSIGNMENT_IN_INCUMBENT
E1_RECALL_ORIENTED_GLOBAL_CAPACITY_1_K2	STAR_f68r1_12406	NO_EXACT_GLOBAL_ASSIGNMENT_IN_INCUMBENT
E1_RECALL_ORIENTED_GLOBAL_CAPACITY_1_K2	STAR_f68r1_12407	NO_EXACT_GLOBAL_ASSIGNMENT_IN_INCUMBENT
E1_RECALL_ORIENTED_GLOBAL_CAPACITY_1_K2	STAR_f68r1_12408	NO_EXACT_GLOBAL_ASSIGNMENT_IN_INCUMBENT
E1_RECALL_ORIENTED_GLOBAL_CAPACITY_1_K2	STAR_f68r1_12409	NO_EXACT_GLOBAL_ASSIGNMENT_IN_INCUMBENT
E1_RECALL_ORIENTED_GLOBAL_CAPACITY_1_K2	STAR_f68r1_12410	NO_EXACT_GLOBAL_ASSIGNMENT_IN_INCUMBENT
E1_RECALL_ORIENTED_GLOBAL_CAPACITY_1_K2	STAR_f68r1_12411	NO_EXACT_GLOBAL_ASSIGNMENT_IN_INCUMBENT
E1_RECALL_ORIENTED_GLOBAL_CAPACITY_1_K2	STAR_f68r2_12463	NO_EXACT_GLOBAL_ASSIGNMENT_IN_INCUMBENT
E1_RECALL_ORIENTED_GLOBAL_CAPACITY_1_K2	STAR_f68r2_12465	NO_EXACT_GLOBAL_ASSIGNMENT_IN_INCUMBENT
E1_RECALL_ORIENTED_GLOBAL_CAPACITY_1_K2	STAR_f68r2_12468	NO_EXACT_GLOBAL_ASSIGNMENT_IN_INCUMBENT
E1_RECALL_ORIENTED_GLOBAL_CAPACITY_1_K2	STAR_f68r2_12469	NO_EXACT_GLOBAL_ASSIGNMENT_IN_INCUMBENT
E1_RECALL_ORIENTED_GLOBAL_CAPACITY_1_K2	STAR_f68r2_12470	NO_EXACT_GLOBAL_ASSIGNMENT_IN_INCUMBENT
E1_RECALL_ORIENTED_GLOBAL_CAPACITY_1_K2	STAR_f68r2_12471	NO_EXACT_GLOBAL_ASSIGNMENT_IN_INCUMBENT
E1_RECALL_ORIENTED_GLOBAL_CAPACITY_1_K2	STAR_f68r2_12472	NO_EXACT_GLOBAL_ASSIGNMENT_IN_INCUMBENT
E1_RECALL_ORIENTED_GLOBAL_CAPACITY_1_K2	STAR_f68r2_12473	NO_EXACT_GLOBAL_ASSIGNMENT_IN_INCUMBENT
E1_RECALL_ORIENTED_GLOBAL_CAPACITY_1_K2	STAR_f68r2_12474	NO_EXACT_GLOBAL_ASSIGNMENT_IN_INCUMBENT
E1_RECALL_ORIENTED_GLOBAL_CAPACITY_1_K2	STAR_f68r2_12475	NO_EXACT_GLOBAL_ASSIGNMENT_IN_INCUMBENT
E1_RECALL_ORIENTED_GLOBAL_CAPACITY_1_K2	STAR_f68r2_12476	NO_EXACT_GLOBAL_ASSIGNMENT_IN_INCUMBENT
E1_RECALL_ORIENTED_GLOBAL_CAPACITY_1_K2	STAR_f68r2_12477	NO_EXACT_GLOBAL_ASSIGNMENT_IN_INCUMBENT
E1_RECALL_ORIENTED_GLOBAL_CAPACITY_1_K2	STAR_f68r2_12478	NO_EXACT_GLOBAL_ASSIGNMENT_IN_INCUMBENT
E1_RECALL_ORIENTED_GLOBAL_CAPACITY_1_K2	STAR_f68r2_12479	NO_EXACT_GLOBAL_ASSIGNMENT_IN_INCUMBENT
E1_RECALL_ORIENTED_GLOBAL_CAPACITY_1_K2	STAR_f68r2_12480	NO_EXACT_GLOBAL_ASSIGNMENT_IN_INCUMBENT
E1_RECALL_ORIENTED_GLOBAL_CAPACITY_1_K2	STAR_f68r2_12481	NO_EXACT_GLOBAL_ASSIGNMENT_IN_INCUMBENT
E1_RECALL_ORIENTED_GLOBAL_CAPACITY_1_K2	STAR_f68r2_12482	NO_EXACT_GLOBAL_ASSIGNMENT_IN_INCUMBENT
E1_RECALL_ORIENTED_GLOBAL_CAPACITY_1_K2	STAR_f68r2_12483	NO_EXACT_GLOBAL_ASSIGNMENT_IN_INCUMBENT
E1_RECALL_ORIENTED_GLOBAL_CAPACITY_1_K2	STAR_f68r2_12484	NO_EXACT_GLOBAL_ASSIGNMENT_IN_INCUMBENT
E1_RECALL_ORIENTED_GLOBAL_CAPACITY_1_K2	STAR_f68r2_12485	NO_EXACT_GLOBAL_ASSIGNMENT_IN_INCUMBENT
E1_RECALL_ORIENTED_GLOBAL_CAPACITY_1_K2	STAR_f68r2_12486	NO_EXACT_GLOBAL_ASSIGNMENT_IN_INCUMBENT
E1_RECALL_ORIENTED_GLOBAL_CAPACITY_1_K2	STAR_f68r2_12487	NO_EXACT_GLOBAL_ASSIGNMENT_IN_INCUMBENT
E1_RECALL_ORIENTED_GLOBAL_CAPACITY_1_K2	STAR_f68r2_12488	NO_EXACT_GLOBAL_ASSIGNMENT_IN_INCUMBENT
E1_RECALL_ORIENTED_GLOBAL_CAPACITY_1_K2	STAR_f68r2_12489	NO_EXACT_GLOBAL_ASSIGNMENT_IN_INCUMBENT
E1_RECALL_ORIENTED_GLOBAL_CAPACITY_1_K2	STAR_f68r2_12490	NO_EXACT_GLOBAL_ASSIGNMENT_IN_INCUMBENT
E1_RECALL_ORIENTED_GLOBAL_CAPACITY_1_K2	STAR_f68r2_12491	NO_EXACT_GLOBAL_ASSIGNMENT_IN_INCUMBENT
E1_CONSERVATIVE_PER_PAGE_CAPACITY_1_K3	STAR_f68r1_12380	NO_EXACT_GLOBAL_ASSIGNMENT_IN_INCUMBENT
E1_CONSERVATIVE_PER_PAGE_CAPACITY_1_K3	STAR_f68r1_12381	NO_EXACT_GLOBAL_ASSIGNMENT_IN_INCUMBENT
E1_CONSERVATIVE_PER_PAGE_CAPACITY_1_K3	STAR_f68r1_12382	NO_EXACT_GLOBAL_ASSIGNMENT_IN_INCUMBENT
E1_CONSERVATIVE_PER_PAGE_CAPACITY_1_K3	STAR_f68r1_12383	NO_EXACT_GLOBAL_ASSIGNMENT_IN_INCUMBENT
E1_CONSERVATIVE_PER_PAGE_CAPACITY_1_K3	STAR_f68r1_12384	NO_EXACT_GLOBAL_ASSIGNMENT_IN_INCUMBENT
E1_CONSERVATIVE_PER_PAGE_CAPACITY_1_K3	STAR_f68r1_12385	NO_EXACT_GLOBAL_ASSIGNMENT_IN_INCUMBENT
E1_CONSERVATIVE_PER_PAGE_CAPACITY_1_K3	STAR_f68r1_12386	NO_EXACT_GLOBAL_ASSIGNMENT_IN_INCUMBENT
E1_CONSERVATIVE_PER_PAGE_CAPACITY_1_K3	STAR_f68r1_12387	NO_EXACT_GLOBAL_ASSIGNMENT_IN_INCUMBENT
E1_CONSERVATIVE_PER_PAGE_CAPACITY_1_K3	STAR_f68r1_12388	NO_EXACT_GLOBAL_ASSIGNMENT_IN_INCUMBENT
E1_CONSERVATIVE_PER_PAGE_CAPACITY_1_K3	STAR_f68r1_12389	NO_EXACT_GLOBAL_ASSIGNMENT_IN_INCUMBENT
E1_CONSERVATIVE_PER_PAGE_CAPACITY_1_K3	STAR_f68r1_12390	NO_EXACT_GLOBAL_ASSIGNMENT_IN_INCUMBENT
E1_CONSERVATIVE_PER_PAGE_CAPACITY_1_K3	STAR_f68r1_12391	NO_EXACT_GLOBAL_ASSIGNMENT_IN_INCUMBENT
E1_CONSERVATIVE_PER_PAGE_CAPACITY_1_K3	STAR_f68r1_12392	NO_EXACT_GLOBAL_ASSIGNMENT_IN_INCUMBENT
E1_CONSERVATIVE_PER_PAGE_CAPACITY_1_K3	STAR_f68r1_12393	NO_EXACT_GLOBAL_ASSIGNMENT_IN_INCUMBENT
E1_CONSERVATIVE_PER_PAGE_CAPACITY_1_K3	STAR_f68r1_12394	NO_EXACT_GLOBAL_ASSIGNMENT_IN_INCUMBENT
E1_CONSERVATIVE_PER_PAGE_CAPACITY_1_K3	STAR_f68r1_12395	NO_EXACT_GLOBAL_ASSIGNMENT_IN_INCUMBENT
E1_CONSERVATIVE_PER_PAGE_CAPACITY_1_K3	STAR_f68r1_12396	NO_EXACT_GLOBAL_ASSIGNMENT_IN_INCUMBENT
E1_CONSERVATIVE_PER_PAGE_CAPACITY_1_K3	STAR_f68r1_12397	NO_EXACT_GLOBAL_ASSIGNMENT_IN_INCUMBENT
E1_CONSERVATIVE_PER_PAGE_CAPACITY_1_K3	STAR_f68r1_12398	NO_EXACT_GLOBAL_ASSIGNMENT_IN_INCUMBENT
E1_CONSERVATIVE_PER_PAGE_CAPACITY_1_K3	STAR_f68r1_12399	NO_EXACT_GLOBAL_ASSIGNMENT_IN_INCUMBENT
E1_CONSERVATIVE_PER_PAGE_CAPACITY_1_K3	STAR_f68r1_12400	NO_EXACT_GLOBAL_ASSIGNMENT_IN_INCUMBENT
E1_CONSERVATIVE_PER_PAGE_CAPACITY_1_K3	STAR_f68r1_12401	NO_EXACT_GLOBAL_ASSIGNMENT_IN_INCUMBENT
E1_CONSERVATIVE_PER_PAGE_CAPACITY_1_K3	STAR_f68r1_12403	NO_EXACT_GLOBAL_ASSIGNMENT_IN_INCUMBENT
E1_CONSERVATIVE_PER_PAGE_CAPACITY_1_K3	STAR_f68r1_12405	NO_EXACT_GLOBAL_ASSIGNMENT_IN_INCUMBENT
E1_CONSERVATIVE_PER_PAGE_CAPACITY_1_K3	STAR_f68r1_12406	NO_EXACT_GLOBAL_ASSIGNMENT_IN_INCUMBENT
E1_CONSERVATIVE_PER_PAGE_CAPACITY_1_K3	STAR_f68r1_12407	NO_EXACT_GLOBAL_ASSIGNMENT_IN_INCUMBENT
E1_CONSERVATIVE_PER_PAGE_CAPACITY_1_K3	STAR_f68r1_12408	NO_EXACT_GLOBAL_ASSIGNMENT_IN_INCUMBENT
E1_CONSERVATIVE_PER_PAGE_CAPACITY_1_K3	STAR_f68r1_12409	NO_EXACT_GLOBAL_ASSIGNMENT_IN_INCUMBENT
E1_CONSERVATIVE_PER_PAGE_CAPACITY_1_K3	STAR_f68r1_12410	NO_EXACT_GLOBAL_ASSIGNMENT_IN_INCUMBENT
E1_CONSERVATIVE_PER_PAGE_CAPACITY_1_K3	STAR_f68r1_12411	NO_EXACT_GLOBAL_ASSIGNMENT_IN_INCUMBENT
E1_CONSERVATIVE_PER_PAGE_CAPACITY_1_K3	STAR_f68r2_12465	NO_EXACT_GLOBAL_ASSIGNMENT_IN_INCUMBENT
E1_CONSERVATIVE_PER_PAGE_CAPACITY_1_K3	STAR_f68r2_12467	NO_EXACT_GLOBAL_ASSIGNMENT_IN_INCUMBENT
E1_CONSERVATIVE_PER_PAGE_CAPACITY_1_K3	STAR_f68r2_12468	NO_EXACT_GLOBAL_ASSIGNMENT_IN_INCUMBENT
E1_CONSERVATIVE_PER_PAGE_CAPACITY_1_K3	STAR_f68r2_12469	NO_EXACT_GLOBAL_ASSIGNMENT_IN_INCUMBENT
E1_CONSERVATIVE_PER_PAGE_CAPACITY_1_K3	STAR_f68r2_12470	NO_EXACT_GLOBAL_ASSIGNMENT_IN_INCUMBENT
E1_CONSERVATIVE_PER_PAGE_CAPACITY_1_K3	STAR_f68r2_12471	NO_EXACT_GLOBAL_ASSIGNMENT_IN_INCUMBENT
E1_CONSERVATIVE_PER_PAGE_CAPACITY_1_K3	STAR_f68r2_12472	NO_EXACT_GLOBAL_ASSIGNMENT_IN_INCUMBENT
E1_CONSERVATIVE_PER_PAGE_CAPACITY_1_K3	STAR_f68r2_12473	NO_EXACT_GLOBAL_ASSIGNMENT_IN_INCUMBENT
E1_CONSERVATIVE_PER_PAGE_CAPACITY_1_K3	STAR_f68r2_12474	NO_EXACT_GLOBAL_ASSIGNMENT_IN_INCUMBENT
E1_CONSERVATIVE_PER_PAGE_CAPACITY_1_K3	STAR_f68r2_12475	NO_EXACT_GLOBAL_ASSIGNMENT_IN_INCUMBENT
E1_CONSERVATIVE_PER_PAGE_CAPACITY_1_K3	STAR_f68r2_12476	NO_EXACT_GLOBAL_ASSIGNMENT_IN_INCUMBENT
E1_CONSERVATIVE_PER_PAGE_CAPACITY_1_K3	STAR_f68r2_12477	NO_EXACT_GLOBAL_ASSIGNMENT_IN_INCUMBENT
E1_CONSERVATIVE_PER_PAGE_CAPACITY_1_K3	STAR_f68r2_12478	NO_EXACT_GLOBAL_ASSIGNMENT_IN_INCUMBENT
E1_CONSERVATIVE_PER_PAGE_CAPACITY_1_K3	STAR_f68r2_12479	NO_EXACT_GLOBAL_ASSIGNMENT_IN_INCUMBENT
E1_CONSERVATIVE_PER_PAGE_CAPACITY_1_K3	STAR_f68r2_12480	NO_EXACT_GLOBAL_ASSIGNMENT_IN_INCUMBENT
E1_CONSERVATIVE_PER_PAGE_CAPACITY_1_K3	STAR_f68r2_12481	NO_EXACT_GLOBAL_ASSIGNMENT_IN_INCUMBENT
E1_CONSERVATIVE_PER_PAGE_CAPACITY_1_K3	STAR_f68r2_12482	NO_EXACT_GLOBAL_ASSIGNMENT_IN_INCUMBENT
E1_CONSERVATIVE_PER_PAGE_CAPACITY_1_K3	STAR_f68r2_12483	NO_EXACT_GLOBAL_ASSIGNMENT_IN_INCUMBENT
E1_CONSERVATIVE_PER_PAGE_CAPACITY_1_K3	STAR_f68r2_12484	NO_EXACT_GLOBAL_ASSIGNMENT_IN_INCUMBENT
E1_CONSERVATIVE_PER_PAGE_CAPACITY_1_K3	STAR_f68r2_12485	NO_EXACT_GLOBAL_ASSIGNMENT_IN_INCUMBENT
E1_CONSERVATIVE_PER_PAGE_CAPACITY_1_K3	STAR_f68r2_12486	NO_EXACT_GLOBAL_ASSIGNMENT_IN_INCUMBENT
E1_CONSERVATIVE_PER_PAGE_CAPACITY_1_K3	STAR_f68r2_12487	NO_EXACT_GLOBAL_ASSIGNMENT_IN_INCUMBENT
E1_CONSERVATIVE_PER_PAGE_CAPACITY_1_K3	STAR_f68r2_12488	NO_EXACT_GLOBAL_ASSIGNMENT_IN_INCUMBENT
E1_CONSERVATIVE_PER_PAGE_CAPACITY_1_K3	STAR_f68r2_12489	NO_EXACT_GLOBAL_ASSIGNMENT_IN_INCUMBENT
E1_CONSERVATIVE_PER_PAGE_CAPACITY_1_K3	STAR_f68r2_12490	NO_EXACT_GLOBAL_ASSIGNMENT_IN_INCUMBENT
E1_CONSERVATIVE_PER_PAGE_CAPACITY_1_K3	STAR_f68r2_12491	NO_EXACT_GLOBAL_ASSIGNMENT_IN_INCUMBENT
E1_BALANCED_PER_PAGE_CAPACITY_1_K3	STAR_f68r1_12380	NO_EXACT_GLOBAL_ASSIGNMENT_IN_INCUMBENT
E1_BALANCED_PER_PAGE_CAPACITY_1_K3	STAR_f68r1_12381	NO_EXACT_GLOBAL_ASSIGNMENT_IN_INCUMBENT
E1_BALANCED_PER_PAGE_CAPACITY_1_K3	STAR_f68r1_12382	NO_EXACT_GLOBAL_ASSIGNMENT_IN_INCUMBENT
E1_BALANCED_PER_PAGE_CAPACITY_1_K3	STAR_f68r1_12383	NO_EXACT_GLOBAL_ASSIGNMENT_IN_INCUMBENT
E1_BALANCED_PER_PAGE_CAPACITY_1_K3	STAR_f68r1_12384	NO_EXACT_GLOBAL_ASSIGNMENT_IN_INCUMBENT
E1_BALANCED_PER_PAGE_CAPACITY_1_K3	STAR_f68r1_12385	NO_EXACT_GLOBAL_ASSIGNMENT_IN_INCUMBENT
E1_BALANCED_PER_PAGE_CAPACITY_1_K3	STAR_f68r1_12386	NO_EXACT_GLOBAL_ASSIGNMENT_IN_INCUMBENT
E1_BALANCED_PER_PAGE_CAPACITY_1_K3	STAR_f68r1_12387	NO_EXACT_GLOBAL_ASSIGNMENT_IN_INCUMBENT
E1_BALANCED_PER_PAGE_CAPACITY_1_K3	STAR_f68r1_12388	NO_EXACT_GLOBAL_ASSIGNMENT_IN_INCUMBENT
E1_BALANCED_PER_PAGE_CAPACITY_1_K3	STAR_f68r1_12389	NO_EXACT_GLOBAL_ASSIGNMENT_IN_INCUMBENT
E1_BALANCED_PER_PAGE_CAPACITY_1_K3	STAR_f68r1_12390	NO_EXACT_GLOBAL_ASSIGNMENT_IN_INCUMBENT
E1_BALANCED_PER_PAGE_CAPACITY_1_K3	STAR_f68r1_12391	NO_EXACT_GLOBAL_ASSIGNMENT_IN_INCUMBENT
E1_BALANCED_PER_PAGE_CAPACITY_1_K3	STAR_f68r1_12392	NO_EXACT_GLOBAL_ASSIGNMENT_IN_INCUMBENT
E1_BALANCED_PER_PAGE_CAPACITY_1_K3	STAR_f68r1_12393	NO_EXACT_GLOBAL_ASSIGNMENT_IN_INCUMBENT
E1_BALANCED_PER_PAGE_CAPACITY_1_K3	STAR_f68r1_12394	NO_EXACT_GLOBAL_ASSIGNMENT_IN_INCUMBENT
E1_BALANCED_PER_PAGE_CAPACITY_1_K3	STAR_f68r1_12395	NO_EXACT_GLOBAL_ASSIGNMENT_IN_INCUMBENT
E1_BALANCED_PER_PAGE_CAPACITY_1_K3	STAR_f68r1_12396	NO_EXACT_GLOBAL_ASSIGNMENT_IN_INCUMBENT
E1_BALANCED_PER_PAGE_CAPACITY_1_K3	STAR_f68r1_12397	NO_EXACT_GLOBAL_ASSIGNMENT_IN_INCUMBENT
E1_BALANCED_PER_PAGE_CAPACITY_1_K3	STAR_f68r1_12398	NO_EXACT_GLOBAL_ASSIGNMENT_IN_INCUMBENT
E1_BALANCED_PER_PAGE_CAPACITY_1_K3	STAR_f68r1_12399	NO_EXACT_GLOBAL_ASSIGNMENT_IN_INCUMBENT
E1_BALANCED_PER_PAGE_CAPACITY_1_K3	STAR_f68r1_12400	NO_EXACT_GLOBAL_ASSIGNMENT_IN_INCUMBENT
E1_BALANCED_PER_PAGE_CAPACITY_1_K3	STAR_f68r1_12401	NO_EXACT_GLOBAL_ASSIGNMENT_IN_INCUMBENT
E1_BALANCED_PER_PAGE_CAPACITY_1_K3	STAR_f68r1_12403	NO_EXACT_GLOBAL_ASSIGNMENT_IN_INCUMBENT
E1_BALANCED_PER_PAGE_CAPACITY_1_K3	STAR_f68r1_12405	NO_EXACT_GLOBAL_ASSIGNMENT_IN_INCUMBENT
E1_BALANCED_PER_PAGE_CAPACITY_1_K3	STAR_f68r1_12406	NO_EXACT_GLOBAL_ASSIGNMENT_IN_INCUMBENT
E1_BALANCED_PER_PAGE_CAPACITY_1_K3	STAR_f68r1_12407	NO_EXACT_GLOBAL_ASSIGNMENT_IN_INCUMBENT
E1_BALANCED_PER_PAGE_CAPACITY_1_K3	STAR_f68r1_12408	NO_EXACT_GLOBAL_ASSIGNMENT_IN_INCUMBENT
E1_BALANCED_PER_PAGE_CAPACITY_1_K3	STAR_f68r1_12409	NO_EXACT_GLOBAL_ASSIGNMENT_IN_INCUMBENT
E1_BALANCED_PER_PAGE_CAPACITY_1_K3	STAR_f68r1_12410	NO_EXACT_GLOBAL_ASSIGNMENT_IN_INCUMBENT
E1_BALANCED_PER_PAGE_CAPACITY_1_K3	STAR_f68r1_12411	NO_EXACT_GLOBAL_ASSIGNMENT_IN_INCUMBENT
E1_BALANCED_PER_PAGE_CAPACITY_1_K3	STAR_f68r2_12465	NO_EXACT_GLOBAL_ASSIGNMENT_IN_INCUMBENT
E1_BALANCED_PER_PAGE_CAPACITY_1_K3	STAR_f68r2_12467	NO_EXACT_GLOBAL_ASSIGNMENT_IN_INCUMBENT
E1_BALANCED_PER_PAGE_CAPACITY_1_K3	STAR_f68r2_12468	NO_EXACT_GLOBAL_ASSIGNMENT_IN_INCUMBENT
E1_BALANCED_PER_PAGE_CAPACITY_1_K3	STAR_f68r2_12469	NO_EXACT_GLOBAL_ASSIGNMENT_IN_INCUMBENT
E1_BALANCED_PER_PAGE_CAPACITY_1_K3	STAR_f68r2_12470	NO_EXACT_GLOBAL_ASSIGNMENT_IN_INCUMBENT
E1_BALANCED_PER_PAGE_CAPACITY_1_K3	STAR_f68r2_12471	NO_EXACT_GLOBAL_ASSIGNMENT_IN_INCUMBENT
E1_BALANCED_PER_PAGE_CAPACITY_1_K3	STAR_f68r2_12472	NO_EXACT_GLOBAL_ASSIGNMENT_IN_INCUMBENT
E1_BALANCED_PER_PAGE_CAPACITY_1_K3	STAR_f68r2_12473	NO_EXACT_GLOBAL_ASSIGNMENT_IN_INCUMBENT
E1_BALANCED_PER_PAGE_CAPACITY_1_K3	STAR_f68r2_12474	NO_EXACT_GLOBAL_ASSIGNMENT_IN_INCUMBENT
E1_BALANCED_PER_PAGE_CAPACITY_1_K3	STAR_f68r2_12475	NO_EXACT_GLOBAL_ASSIGNMENT_IN_INCUMBENT
E1_BALANCED_PER_PAGE_CAPACITY_1_K3	STAR_f68r2_12476	NO_EXACT_GLOBAL_ASSIGNMENT_IN_INCUMBENT
E1_BALANCED_PER_PAGE_CAPACITY_1_K3	STAR_f68r2_12477	NO_EXACT_GLOBAL_ASSIGNMENT_IN_INCUMBENT
E1_BALANCED_PER_PAGE_CAPACITY_1_K3	STAR_f68r2_12478	NO_EXACT_GLOBAL_ASSIGNMENT_IN_INCUMBENT
E1_BALANCED_PER_PAGE_CAPACITY_1_K3	STAR_f68r2_12479	NO_EXACT_GLOBAL_ASSIGNMENT_IN_INCUMBENT
E1_BALANCED_PER_PAGE_CAPACITY_1_K3	STAR_f68r2_12480	NO_EXACT_GLOBAL_ASSIGNMENT_IN_INCUMBENT
E1_BALANCED_PER_PAGE_CAPACITY_1_K3	STAR_f68r2_12481	NO_EXACT_GLOBAL_ASSIGNMENT_IN_INCUMBENT
E1_BALANCED_PER_PAGE_CAPACITY_1_K3	STAR_f68r2_12482	NO_EXACT_GLOBAL_ASSIGNMENT_IN_INCUMBENT
E1_BALANCED_PER_PAGE_CAPACITY_1_K3	STAR_f68r2_12483	NO_EXACT_GLOBAL_ASSIGNMENT_IN_INCUMBENT
E1_BALANCED_PER_PAGE_CAPACITY_1_K3	STAR_f68r2_12484	NO_EXACT_GLOBAL_ASSIGNMENT_IN_INCUMBENT
E1_BALANCED_PER_PAGE_CAPACITY_1_K3	STAR_f68r2_12485	NO_EXACT_GLOBAL_ASSIGNMENT_IN_INCUMBENT
E1_BALANCED_PER_PAGE_CAPACITY_1_K3	STAR_f68r2_12486	NO_EXACT_GLOBAL_ASSIGNMENT_IN_INCUMBENT
E1_BALANCED_PER_PAGE_CAPACITY_1_K3	STAR_f68r2_12487	NO_EXACT_GLOBAL_ASSIGNMENT_IN_INCUMBENT
E1_BALANCED_PER_PAGE_CAPACITY_1_K3	STAR_f68r2_12488	NO_EXACT_GLOBAL_ASSIGNMENT_IN_INCUMBENT
E1_BALANCED_PER_PAGE_CAPACITY_1_K3	STAR_f68r2_12489	NO_EXACT_GLOBAL_ASSIGNMENT_IN_INCUMBENT
E1_BALANCED_PER_PAGE_CAPACITY_1_K3	STAR_f68r2_12490	NO_EXACT_GLOBAL_ASSIGNMENT_IN_INCUMBENT
E1_BALANCED_PER_PAGE_CAPACITY_1_K3	STAR_f68r2_12491	NO_EXACT_GLOBAL_ASSIGNMENT_IN_INCUMBENT
E1_RECALL_ORIENTED_PER_PAGE_CAPACITY_1_K3	STAR_f68r1_12380	NO_EXACT_GLOBAL_ASSIGNMENT_IN_INCUMBENT
E1_RECALL_ORIENTED_PER_PAGE_CAPACITY_1_K3	STAR_f68r1_12381	NO_EXACT_GLOBAL_ASSIGNMENT_IN_INCUMBENT
E1_RECALL_ORIENTED_PER_PAGE_CAPACITY_1_K3	STAR_f68r1_12382	NO_EXACT_GLOBAL_ASSIGNMENT_IN_INCUMBENT
E1_RECALL_ORIENTED_PER_PAGE_CAPACITY_1_K3	STAR_f68r1_12383	NO_EXACT_GLOBAL_ASSIGNMENT_IN_INCUMBENT
E1_RECALL_ORIENTED_PER_PAGE_CAPACITY_1_K3	STAR_f68r1_12384	NO_EXACT_GLOBAL_ASSIGNMENT_IN_INCUMBENT
E1_RECALL_ORIENTED_PER_PAGE_CAPACITY_1_K3	STAR_f68r1_12385	NO_EXACT_GLOBAL_ASSIGNMENT_IN_INCUMBENT
E1_RECALL_ORIENTED_PER_PAGE_CAPACITY_1_K3	STAR_f68r1_12386	NO_EXACT_GLOBAL_ASSIGNMENT_IN_INCUMBENT
E1_RECALL_ORIENTED_PER_PAGE_CAPACITY_1_K3	STAR_f68r1_12387	NO_EXACT_GLOBAL_ASSIGNMENT_IN_INCUMBENT
E1_RECALL_ORIENTED_PER_PAGE_CAPACITY_1_K3	STAR_f68r1_12388	NO_EXACT_GLOBAL_ASSIGNMENT_IN_INCUMBENT
E1_RECALL_ORIENTED_PER_PAGE_CAPACITY_1_K3	STAR_f68r1_12389	NO_EXACT_GLOBAL_ASSIGNMENT_IN_INCUMBENT
E1_RECALL_ORIENTED_PER_PAGE_CAPACITY_1_K3	STAR_f68r1_12390	NO_EXACT_GLOBAL_ASSIGNMENT_IN_INCUMBENT
E1_RECALL_ORIENTED_PER_PAGE_CAPACITY_1_K3	STAR_f68r1_12391	NO_EXACT_GLOBAL_ASSIGNMENT_IN_INCUMBENT
E1_RECALL_ORIENTED_PER_PAGE_CAPACITY_1_K3	STAR_f68r1_12392	NO_EXACT_GLOBAL_ASSIGNMENT_IN_INCUMBENT
E1_RECALL_ORIENTED_PER_PAGE_CAPACITY_1_K3	STAR_f68r1_12393	NO_EXACT_GLOBAL_ASSIGNMENT_IN_INCUMBENT
E1_RECALL_ORIENTED_PER_PAGE_CAPACITY_1_K3	STAR_f68r1_12394	NO_EXACT_GLOBAL_ASSIGNMENT_IN_INCUMBENT
E1_RECALL_ORIENTED_PER_PAGE_CAPACITY_1_K3	STAR_f68r1_12395	NO_EXACT_GLOBAL_ASSIGNMENT_IN_INCUMBENT
E1_RECALL_ORIENTED_PER_PAGE_CAPACITY_1_K3	STAR_f68r1_12396	NO_EXACT_GLOBAL_ASSIGNMENT_IN_INCUMBENT
E1_RECALL_ORIENTED_PER_PAGE_CAPACITY_1_K3	STAR_f68r1_12397	NO_EXACT_GLOBAL_ASSIGNMENT_IN_INCUMBENT
E1_RECALL_ORIENTED_PER_PAGE_CAPACITY_1_K3	STAR_f68r1_12398	NO_EXACT_GLOBAL_ASSIGNMENT_IN_INCUMBENT
E1_RECALL_ORIENTED_PER_PAGE_CAPACITY_1_K3	STAR_f68r1_12399	NO_EXACT_GLOBAL_ASSIGNMENT_IN_INCUMBENT
E1_RECALL_ORIENTED_PER_PAGE_CAPACITY_1_K3	STAR_f68r1_12400	NO_EXACT_GLOBAL_ASSIGNMENT_IN_INCUMBENT
E1_RECALL_ORIENTED_PER_PAGE_CAPACITY_1_K3	STAR_f68r1_12401	NO_EXACT_GLOBAL_ASSIGNMENT_IN_INCUMBENT
E1_RECALL_ORIENTED_PER_PAGE_CAPACITY_1_K3	STAR_f68r1_12403	NO_EXACT_GLOBAL_ASSIGNMENT_IN_INCUMBENT
E1_RECALL_ORIENTED_PER_PAGE_CAPACITY_1_K3	STAR_f68r1_12405	NO_EXACT_GLOBAL_ASSIGNMENT_IN_INCUMBENT
E1_RECALL_ORIENTED_PER_PAGE_CAPACITY_1_K3	STAR_f68r1_12406	NO_EXACT_GLOBAL_ASSIGNMENT_IN_INCUMBENT
E1_RECALL_ORIENTED_PER_PAGE_CAPACITY_1_K3	STAR_f68r1_12407	NO_EXACT_GLOBAL_ASSIGNMENT_IN_INCUMBENT
E1_RECALL_ORIENTED_PER_PAGE_CAPACITY_1_K3	STAR_f68r1_12408	NO_EXACT_GLOBAL_ASSIGNMENT_IN_INCUMBENT
E1_RECALL_ORIENTED_PER_PAGE_CAPACITY_1_K3	STAR_f68r1_12409	NO_EXACT_GLOBAL_ASSIGNMENT_IN_INCUMBENT
E1_RECALL_ORIENTED_PER_PAGE_CAPACITY_1_K3	STAR_f68r1_12410	NO_EXACT_GLOBAL_ASSIGNMENT_IN_INCUMBENT
E1_RECALL_ORIENTED_PER_PAGE_CAPACITY_1_K3	STAR_f68r1_12411	NO_EXACT_GLOBAL_ASSIGNMENT_IN_INCUMBENT
E1_RECALL_ORIENTED_PER_PAGE_CAPACITY_1_K3	STAR_f68r2_12465	NO_EXACT_GLOBAL_ASSIGNMENT_IN_INCUMBENT
E1_RECALL_ORIENTED_PER_PAGE_CAPACITY_1_K3	STAR_f68r2_12467	NO_EXACT_GLOBAL_ASSIGNMENT_IN_INCUMBENT
E1_RECALL_ORIENTED_PER_PAGE_CAPACITY_1_K3	STAR_f68r2_12468	NO_EXACT_GLOBAL_ASSIGNMENT_IN_INCUMBENT
E1_RECALL_ORIENTED_PER_PAGE_CAPACITY_1_K3	STAR_f68r2_12469	NO_EXACT_GLOBAL_ASSIGNMENT_IN_INCUMBENT
E1_RECALL_ORIENTED_PER_PAGE_CAPACITY_1_K3	STAR_f68r2_12470	NO_EXACT_GLOBAL_ASSIGNMENT_IN_INCUMBENT
E1_RECALL_ORIENTED_PER_PAGE_CAPACITY_1_K3	STAR_f68r2_12471	NO_EXACT_GLOBAL_ASSIGNMENT_IN_INCUMBENT
E1_RECALL_ORIENTED_PER_PAGE_CAPACITY_1_K3	STAR_f68r2_12472	NO_EXACT_GLOBAL_ASSIGNMENT_IN_INCUMBENT
E1_RECALL_ORIENTED_PER_PAGE_CAPACITY_1_K3	STAR_f68r2_12473	NO_EXACT_GLOBAL_ASSIGNMENT_IN_INCUMBENT
E1_RECALL_ORIENTED_PER_PAGE_CAPACITY_1_K3	STAR_f68r2_12474	NO_EXACT_GLOBAL_ASSIGNMENT_IN_INCUMBENT
E1_RECALL_ORIENTED_PER_PAGE_CAPACITY_1_K3	STAR_f68r2_12475	NO_EXACT_GLOBAL_ASSIGNMENT_IN_INCUMBENT
E1_RECALL_ORIENTED_PER_PAGE_CAPACITY_1_K3	STAR_f68r2_12476	NO_EXACT_GLOBAL_ASSIGNMENT_IN_INCUMBENT
E1_RECALL_ORIENTED_PER_PAGE_CAPACITY_1_K3	STAR_f68r2_12477	NO_EXACT_GLOBAL_ASSIGNMENT_IN_INCUMBENT
E1_RECALL_ORIENTED_PER_PAGE_CAPACITY_1_K3	STAR_f68r2_12478	NO_EXACT_GLOBAL_ASSIGNMENT_IN_INCUMBENT
E1_RECALL_ORIENTED_PER_PAGE_CAPACITY_1_K3	STAR_f68r2_12479	NO_EXACT_GLOBAL_ASSIGNMENT_IN_INCUMBENT
E1_RECALL_ORIENTED_PER_PAGE_CAPACITY_1_K3	STAR_f68r2_12480	NO_EXACT_GLOBAL_ASSIGNMENT_IN_INCUMBENT
E1_RECALL_ORIENTED_PER_PAGE_CAPACITY_1_K3	STAR_f68r2_12481	NO_EXACT_GLOBAL_ASSIGNMENT_IN_INCUMBENT
E1_RECALL_ORIENTED_PER_PAGE_CAPACITY_1_K3	STAR_f68r2_12482	NO_EXACT_GLOBAL_ASSIGNMENT_IN_INCUMBENT
E1_RECALL_ORIENTED_PER_PAGE_CAPACITY_1_K3	STAR_f68r2_12483	NO_EXACT_GLOBAL_ASSIGNMENT_IN_INCUMBENT
E1_RECALL_ORIENTED_PER_PAGE_CAPACITY_1_K3	STAR_f68r2_12484	NO_EXACT_GLOBAL_ASSIGNMENT_IN_INCUMBENT
E1_RECALL_ORIENTED_PER_PAGE_CAPACITY_1_K3	STAR_f68r2_12485	NO_EXACT_GLOBAL_ASSIGNMENT_IN_INCUMBENT
E1_RECALL_ORIENTED_PER_PAGE_CAPACITY_1_K3	STAR_f68r2_12486	NO_EXACT_GLOBAL_ASSIGNMENT_IN_INCUMBENT
E1_RECALL_ORIENTED_PER_PAGE_CAPACITY_1_K3	STAR_f68r2_12487	NO_EXACT_GLOBAL_ASSIGNMENT_IN_INCUMBENT
E1_RECALL_ORIENTED_PER_PAGE_CAPACITY_1_K3	STAR_f68r2_12488	NO_EXACT_GLOBAL_ASSIGNMENT_IN_INCUMBENT
E1_RECALL_ORIENTED_PER_PAGE_CAPACITY_1_K3	STAR_f68r2_12489	NO_EXACT_GLOBAL_ASSIGNMENT_IN_INCUMBENT
E1_RECALL_ORIENTED_PER_PAGE_CAPACITY_1_K3	STAR_f68r2_12490	NO_EXACT_GLOBAL_ASSIGNMENT_IN_INCUMBENT
E1_RECALL_ORIENTED_PER_PAGE_CAPACITY_1_K3	STAR_f68r2_12491	NO_EXACT_GLOBAL_ASSIGNMENT_IN_INCUMBENT
E1_CONSERVATIVE_GLOBAL_CAPACITY_1_K3	STAR_f68r1_12380	NO_EXACT_GLOBAL_ASSIGNMENT_IN_INCUMBENT
E1_CONSERVATIVE_GLOBAL_CAPACITY_1_K3	STAR_f68r1_12381	NO_EXACT_GLOBAL_ASSIGNMENT_IN_INCUMBENT
E1_CONSERVATIVE_GLOBAL_CAPACITY_1_K3	STAR_f68r1_12382	NO_EXACT_GLOBAL_ASSIGNMENT_IN_INCUMBENT
E1_CONSERVATIVE_GLOBAL_CAPACITY_1_K3	STAR_f68r1_12383	NO_EXACT_GLOBAL_ASSIGNMENT_IN_INCUMBENT
E1_CONSERVATIVE_GLOBAL_CAPACITY_1_K3	STAR_f68r1_12384	NO_EXACT_GLOBAL_ASSIGNMENT_IN_INCUMBENT
E1_CONSERVATIVE_GLOBAL_CAPACITY_1_K3	STAR_f68r1_12385	NO_EXACT_GLOBAL_ASSIGNMENT_IN_INCUMBENT
E1_CONSERVATIVE_GLOBAL_CAPACITY_1_K3	STAR_f68r1_12386	NO_EXACT_GLOBAL_ASSIGNMENT_IN_INCUMBENT
E1_CONSERVATIVE_GLOBAL_CAPACITY_1_K3	STAR_f68r1_12387	NO_EXACT_GLOBAL_ASSIGNMENT_IN_INCUMBENT
E1_CONSERVATIVE_GLOBAL_CAPACITY_1_K3	STAR_f68r1_12388	NO_EXACT_GLOBAL_ASSIGNMENT_IN_INCUMBENT
E1_CONSERVATIVE_GLOBAL_CAPACITY_1_K3	STAR_f68r1_12389	NO_EXACT_GLOBAL_ASSIGNMENT_IN_INCUMBENT
E1_CONSERVATIVE_GLOBAL_CAPACITY_1_K3	STAR_f68r1_12390	NO_EXACT_GLOBAL_ASSIGNMENT_IN_INCUMBENT
E1_CONSERVATIVE_GLOBAL_CAPACITY_1_K3	STAR_f68r1_12391	NO_EXACT_GLOBAL_ASSIGNMENT_IN_INCUMBENT
E1_CONSERVATIVE_GLOBAL_CAPACITY_1_K3	STAR_f68r1_12392	NO_EXACT_GLOBAL_ASSIGNMENT_IN_INCUMBENT
E1_CONSERVATIVE_GLOBAL_CAPACITY_1_K3	STAR_f68r1_12393	NO_EXACT_GLOBAL_ASSIGNMENT_IN_INCUMBENT
E1_CONSERVATIVE_GLOBAL_CAPACITY_1_K3	STAR_f68r1_12394	NO_EXACT_GLOBAL_ASSIGNMENT_IN_INCUMBENT
E1_CONSERVATIVE_GLOBAL_CAPACITY_1_K3	STAR_f68r1_12395	NO_EXACT_GLOBAL_ASSIGNMENT_IN_INCUMBENT
E1_CONSERVATIVE_GLOBAL_CAPACITY_1_K3	STAR_f68r1_12396	NO_EXACT_GLOBAL_ASSIGNMENT_IN_INCUMBENT
E1_CONSERVATIVE_GLOBAL_CAPACITY_1_K3	STAR_f68r1_12397	NO_EXACT_GLOBAL_ASSIGNMENT_IN_INCUMBENT
E1_CONSERVATIVE_GLOBAL_CAPACITY_1_K3	STAR_f68r1_12398	NO_EXACT_GLOBAL_ASSIGNMENT_IN_INCUMBENT
E1_CONSERVATIVE_GLOBAL_CAPACITY_1_K3	STAR_f68r1_12399	NO_EXACT_GLOBAL_ASSIGNMENT_IN_INCUMBENT
E1_CONSERVATIVE_GLOBAL_CAPACITY_1_K3	STAR_f68r1_12400	NO_EXACT_GLOBAL_ASSIGNMENT_IN_INCUMBENT
E1_CONSERVATIVE_GLOBAL_CAPACITY_1_K3	STAR_f68r1_12401	NO_EXACT_GLOBAL_ASSIGNMENT_IN_INCUMBENT
E1_CONSERVATIVE_GLOBAL_CAPACITY_1_K3	STAR_f68r1_12403	NO_EXACT_GLOBAL_ASSIGNMENT_IN_INCUMBENT
E1_CONSERVATIVE_GLOBAL_CAPACITY_1_K3	STAR_f68r1_12405	NO_EXACT_GLOBAL_ASSIGNMENT_IN_INCUMBENT
E1_CONSERVATIVE_GLOBAL_CAPACITY_1_K3	STAR_f68r1_12406	NO_EXACT_GLOBAL_ASSIGNMENT_IN_INCUMBENT
E1_CONSERVATIVE_GLOBAL_CAPACITY_1_K3	STAR_f68r1_12407	NO_EXACT_GLOBAL_ASSIGNMENT_IN_INCUMBENT
E1_CONSERVATIVE_GLOBAL_CAPACITY_1_K3	STAR_f68r1_12408	NO_EXACT_GLOBAL_ASSIGNMENT_IN_INCUMBENT
E1_CONSERVATIVE_GLOBAL_CAPACITY_1_K3	STAR_f68r1_12409	NO_EXACT_GLOBAL_ASSIGNMENT_IN_INCUMBENT
E1_CONSERVATIVE_GLOBAL_CAPACITY_1_K3	STAR_f68r1_12410	NO_EXACT_GLOBAL_ASSIGNMENT_IN_INCUMBENT
E1_CONSERVATIVE_GLOBAL_CAPACITY_1_K3	STAR_f68r1_12411	NO_EXACT_GLOBAL_ASSIGNMENT_IN_INCUMBENT
E1_CONSERVATIVE_GLOBAL_CAPACITY_1_K3	STAR_f68r2_12465	NO_EXACT_GLOBAL_ASSIGNMENT_IN_INCUMBENT
E1_CONSERVATIVE_GLOBAL_CAPACITY_1_K3	STAR_f68r2_12467	NO_EXACT_GLOBAL_ASSIGNMENT_IN_INCUMBENT
E1_CONSERVATIVE_GLOBAL_CAPACITY_1_K3	STAR_f68r2_12468	NO_EXACT_GLOBAL_ASSIGNMENT_IN_INCUMBENT
E1_CONSERVATIVE_GLOBAL_CAPACITY_1_K3	STAR_f68r2_12469	NO_EXACT_GLOBAL_ASSIGNMENT_IN_INCUMBENT
E1_CONSERVATIVE_GLOBAL_CAPACITY_1_K3	STAR_f68r2_12470	NO_EXACT_GLOBAL_ASSIGNMENT_IN_INCUMBENT
E1_CONSERVATIVE_GLOBAL_CAPACITY_1_K3	STAR_f68r2_12471	NO_EXACT_GLOBAL_ASSIGNMENT_IN_INCUMBENT
E1_CONSERVATIVE_GLOBAL_CAPACITY_1_K3	STAR_f68r2_12472	NO_EXACT_GLOBAL_ASSIGNMENT_IN_INCUMBENT
E1_CONSERVATIVE_GLOBAL_CAPACITY_1_K3	STAR_f68r2_12473	NO_EXACT_GLOBAL_ASSIGNMENT_IN_INCUMBENT
E1_CONSERVATIVE_GLOBAL_CAPACITY_1_K3	STAR_f68r2_12474	NO_EXACT_GLOBAL_ASSIGNMENT_IN_INCUMBENT
E1_CONSERVATIVE_GLOBAL_CAPACITY_1_K3	STAR_f68r2_12475	NO_EXACT_GLOBAL_ASSIGNMENT_IN_INCUMBENT
E1_CONSERVATIVE_GLOBAL_CAPACITY_1_K3	STAR_f68r2_12476	NO_EXACT_GLOBAL_ASSIGNMENT_IN_INCUMBENT
E1_CONSERVATIVE_GLOBAL_CAPACITY_1_K3	STAR_f68r2_12477	NO_EXACT_GLOBAL_ASSIGNMENT_IN_INCUMBENT
E1_CONSERVATIVE_GLOBAL_CAPACITY_1_K3	STAR_f68r2_12478	NO_EXACT_GLOBAL_ASSIGNMENT_IN_INCUMBENT
E1_CONSERVATIVE_GLOBAL_CAPACITY_1_K3	STAR_f68r2_12479	NO_EXACT_GLOBAL_ASSIGNMENT_IN_INCUMBENT
E1_CONSERVATIVE_GLOBAL_CAPACITY_1_K3	STAR_f68r2_12480	NO_EXACT_GLOBAL_ASSIGNMENT_IN_INCUMBENT
E1_CONSERVATIVE_GLOBAL_CAPACITY_1_K3	STAR_f68r2_12481	NO_EXACT_GLOBAL_ASSIGNMENT_IN_INCUMBENT
E1_CONSERVATIVE_GLOBAL_CAPACITY_1_K3	STAR_f68r2_12482	NO_EXACT_GLOBAL_ASSIGNMENT_IN_INCUMBENT
E1_CONSERVATIVE_GLOBAL_CAPACITY_1_K3	STAR_f68r2_12483	NO_EXACT_GLOBAL_ASSIGNMENT_IN_INCUMBENT
E1_CONSERVATIVE_GLOBAL_CAPACITY_1_K3	STAR_f68r2_12484	NO_EXACT_GLOBAL_ASSIGNMENT_IN_INCUMBENT
E1_CONSERVATIVE_GLOBAL_CAPACITY_1_K3	STAR_f68r2_12485	NO_EXACT_GLOBAL_ASSIGNMENT_IN_INCUMBENT
E1_CONSERVATIVE_GLOBAL_CAPACITY_1_K3	STAR_f68r2_12486	NO_EXACT_GLOBAL_ASSIGNMENT_IN_INCUMBENT
E1_CONSERVATIVE_GLOBAL_CAPACITY_1_K3	STAR_f68r2_12487	NO_EXACT_GLOBAL_ASSIGNMENT_IN_INCUMBENT
E1_CONSERVATIVE_GLOBAL_CAPACITY_1_K3	STAR_f68r2_12488	NO_EXACT_GLOBAL_ASSIGNMENT_IN_INCUMBENT
E1_CONSERVATIVE_GLOBAL_CAPACITY_1_K3	STAR_f68r2_12489	NO_EXACT_GLOBAL_ASSIGNMENT_IN_INCUMBENT
E1_CONSERVATIVE_GLOBAL_CAPACITY_1_K3	STAR_f68r2_12490	NO_EXACT_GLOBAL_ASSIGNMENT_IN_INCUMBENT
E1_CONSERVATIVE_GLOBAL_CAPACITY_1_K3	STAR_f68r2_12491	NO_EXACT_GLOBAL_ASSIGNMENT_IN_INCUMBENT
E1_BALANCED_GLOBAL_CAPACITY_1_K3	STAR_f68r1_12380	NO_EXACT_GLOBAL_ASSIGNMENT_IN_INCUMBENT
E1_BALANCED_GLOBAL_CAPACITY_1_K3	STAR_f68r1_12381	NO_EXACT_GLOBAL_ASSIGNMENT_IN_INCUMBENT
E1_BALANCED_GLOBAL_CAPACITY_1_K3	STAR_f68r1_12382	NO_EXACT_GLOBAL_ASSIGNMENT_IN_INCUMBENT
E1_BALANCED_GLOBAL_CAPACITY_1_K3	STAR_f68r1_12383	NO_EXACT_GLOBAL_ASSIGNMENT_IN_INCUMBENT
E1_BALANCED_GLOBAL_CAPACITY_1_K3	STAR_f68r1_12384	NO_EXACT_GLOBAL_ASSIGNMENT_IN_INCUMBENT
E1_BALANCED_GLOBAL_CAPACITY_1_K3	STAR_f68r1_12385	NO_EXACT_GLOBAL_ASSIGNMENT_IN_INCUMBENT
E1_BALANCED_GLOBAL_CAPACITY_1_K3	STAR_f68r1_12386	NO_EXACT_GLOBAL_ASSIGNMENT_IN_INCUMBENT
E1_BALANCED_GLOBAL_CAPACITY_1_K3	STAR_f68r1_12387	NO_EXACT_GLOBAL_ASSIGNMENT_IN_INCUMBENT
E1_BALANCED_GLOBAL_CAPACITY_1_K3	STAR_f68r1_12388	NO_EXACT_GLOBAL_ASSIGNMENT_IN_INCUMBENT
E1_BALANCED_GLOBAL_CAPACITY_1_K3	STAR_f68r1_12389	NO_EXACT_GLOBAL_ASSIGNMENT_IN_INCUMBENT
E1_BALANCED_GLOBAL_CAPACITY_1_K3	STAR_f68r1_12390	NO_EXACT_GLOBAL_ASSIGNMENT_IN_INCUMBENT
E1_BALANCED_GLOBAL_CAPACITY_1_K3	STAR_f68r1_12391	NO_EXACT_GLOBAL_ASSIGNMENT_IN_INCUMBENT
E1_BALANCED_GLOBAL_CAPACITY_1_K3	STAR_f68r1_12392	NO_EXACT_GLOBAL_ASSIGNMENT_IN_INCUMBENT
E1_BALANCED_GLOBAL_CAPACITY_1_K3	STAR_f68r1_12393	NO_EXACT_GLOBAL_ASSIGNMENT_IN_INCUMBENT
E1_BALANCED_GLOBAL_CAPACITY_1_K3	STAR_f68r1_12394	NO_EXACT_GLOBAL_ASSIGNMENT_IN_INCUMBENT
E1_BALANCED_GLOBAL_CAPACITY_1_K3	STAR_f68r1_12395	NO_EXACT_GLOBAL_ASSIGNMENT_IN_INCUMBENT
E1_BALANCED_GLOBAL_CAPACITY_1_K3	STAR_f68r1_12396	NO_EXACT_GLOBAL_ASSIGNMENT_IN_INCUMBENT
E1_BALANCED_GLOBAL_CAPACITY_1_K3	STAR_f68r1_12397	NO_EXACT_GLOBAL_ASSIGNMENT_IN_INCUMBENT
E1_BALANCED_GLOBAL_CAPACITY_1_K3	STAR_f68r1_12398	NO_EXACT_GLOBAL_ASSIGNMENT_IN_INCUMBENT
E1_BALANCED_GLOBAL_CAPACITY_1_K3	STAR_f68r1_12399	NO_EXACT_GLOBAL_ASSIGNMENT_IN_INCUMBENT
E1_BALANCED_GLOBAL_CAPACITY_1_K3	STAR_f68r1_12400	NO_EXACT_GLOBAL_ASSIGNMENT_IN_INCUMBENT
E1_BALANCED_GLOBAL_CAPACITY_1_K3	STAR_f68r1_12401	NO_EXACT_GLOBAL_ASSIGNMENT_IN_INCUMBENT
E1_BALANCED_GLOBAL_CAPACITY_1_K3	STAR_f68r1_12403	NO_EXACT_GLOBAL_ASSIGNMENT_IN_INCUMBENT
E1_BALANCED_GLOBAL_CAPACITY_1_K3	STAR_f68r1_12405	NO_EXACT_GLOBAL_ASSIGNMENT_IN_INCUMBENT
E1_BALANCED_GLOBAL_CAPACITY_1_K3	STAR_f68r1_12406	NO_EXACT_GLOBAL_ASSIGNMENT_IN_INCUMBENT
E1_BALANCED_GLOBAL_CAPACITY_1_K3	STAR_f68r1_12407	NO_EXACT_GLOBAL_ASSIGNMENT_IN_INCUMBENT
E1_BALANCED_GLOBAL_CAPACITY_1_K3	STAR_f68r1_12408	NO_EXACT_GLOBAL_ASSIGNMENT_IN_INCUMBENT
E1_BALANCED_GLOBAL_CAPACITY_1_K3	STAR_f68r1_12409	NO_EXACT_GLOBAL_ASSIGNMENT_IN_INCUMBENT
E1_BALANCED_GLOBAL_CAPACITY_1_K3	STAR_f68r1_12410	NO_EXACT_GLOBAL_ASSIGNMENT_IN_INCUMBENT
E1_BALANCED_GLOBAL_CAPACITY_1_K3	STAR_f68r1_12411	NO_EXACT_GLOBAL_ASSIGNMENT_IN_INCUMBENT
E1_BALANCED_GLOBAL_CAPACITY_1_K3	STAR_f68r2_12465	NO_EXACT_GLOBAL_ASSIGNMENT_IN_INCUMBENT
E1_BALANCED_GLOBAL_CAPACITY_1_K3	STAR_f68r2_12467	NO_EXACT_GLOBAL_ASSIGNMENT_IN_INCUMBENT
E1_BALANCED_GLOBAL_CAPACITY_1_K3	STAR_f68r2_12468	NO_EXACT_GLOBAL_ASSIGNMENT_IN_INCUMBENT
E1_BALANCED_GLOBAL_CAPACITY_1_K3	STAR_f68r2_12469	NO_EXACT_GLOBAL_ASSIGNMENT_IN_INCUMBENT
E1_BALANCED_GLOBAL_CAPACITY_1_K3	STAR_f68r2_12470	NO_EXACT_GLOBAL_ASSIGNMENT_IN_INCUMBENT
E1_BALANCED_GLOBAL_CAPACITY_1_K3	STAR_f68r2_12471	NO_EXACT_GLOBAL_ASSIGNMENT_IN_INCUMBENT
E1_BALANCED_GLOBAL_CAPACITY_1_K3	STAR_f68r2_12472	NO_EXACT_GLOBAL_ASSIGNMENT_IN_INCUMBENT
E1_BALANCED_GLOBAL_CAPACITY_1_K3	STAR_f68r2_12473	NO_EXACT_GLOBAL_ASSIGNMENT_IN_INCUMBENT
E1_BALANCED_GLOBAL_CAPACITY_1_K3	STAR_f68r2_12474	NO_EXACT_GLOBAL_ASSIGNMENT_IN_INCUMBENT
E1_BALANCED_GLOBAL_CAPACITY_1_K3	STAR_f68r2_12475	NO_EXACT_GLOBAL_ASSIGNMENT_IN_INCUMBENT
E1_BALANCED_GLOBAL_CAPACITY_1_K3	STAR_f68r2_12476	NO_EXACT_GLOBAL_ASSIGNMENT_IN_INCUMBENT
E1_BALANCED_GLOBAL_CAPACITY_1_K3	STAR_f68r2_12477	NO_EXACT_GLOBAL_ASSIGNMENT_IN_INCUMBENT
E1_BALANCED_GLOBAL_CAPACITY_1_K3	STAR_f68r2_12478	NO_EXACT_GLOBAL_ASSIGNMENT_IN_INCUMBENT
E1_BALANCED_GLOBAL_CAPACITY_1_K3	STAR_f68r2_12479	NO_EXACT_GLOBAL_ASSIGNMENT_IN_INCUMBENT
E1_BALANCED_GLOBAL_CAPACITY_1_K3	STAR_f68r2_12480	NO_EXACT_GLOBAL_ASSIGNMENT_IN_INCUMBENT
E1_BALANCED_GLOBAL_CAPACITY_1_K3	STAR_f68r2_12481	NO_EXACT_GLOBAL_ASSIGNMENT_IN_INCUMBENT
E1_BALANCED_GLOBAL_CAPACITY_1_K3	STAR_f68r2_12482	NO_EXACT_GLOBAL_ASSIGNMENT_IN_INCUMBENT
E1_BALANCED_GLOBAL_CAPACITY_1_K3	STAR_f68r2_12483	NO_EXACT_GLOBAL_ASSIGNMENT_IN_INCUMBENT
E1_BALANCED_GLOBAL_CAPACITY_1_K3	STAR_f68r2_12484	NO_EXACT_GLOBAL_ASSIGNMENT_IN_INCUMBENT
E1_BALANCED_GLOBAL_CAPACITY_1_K3	STAR_f68r2_12485	NO_EXACT_GLOBAL_ASSIGNMENT_IN_INCUMBENT
E1_BALANCED_GLOBAL_CAPACITY_1_K3	STAR_f68r2_12486	NO_EXACT_GLOBAL_ASSIGNMENT_IN_INCUMBENT
E1_BALANCED_GLOBAL_CAPACITY_1_K3	STAR_f68r2_12487	NO_EXACT_GLOBAL_ASSIGNMENT_IN_INCUMBENT
E1_BALANCED_GLOBAL_CAPACITY_1_K3	STAR_f68r2_12488	NO_EXACT_GLOBAL_ASSIGNMENT_IN_INCUMBENT
E1_BALANCED_GLOBAL_CAPACITY_1_K3	STAR_f68r2_12489	NO_EXACT_GLOBAL_ASSIGNMENT_IN_INCUMBENT
E1_BALANCED_GLOBAL_CAPACITY_1_K3	STAR_f68r2_12490	NO_EXACT_GLOBAL_ASSIGNMENT_IN_INCUMBENT
E1_BALANCED_GLOBAL_CAPACITY_1_K3	STAR_f68r2_12491	NO_EXACT_GLOBAL_ASSIGNMENT_IN_INCUMBENT
E1_RECALL_ORIENTED_GLOBAL_CAPACITY_1_K3	STAR_f68r1_12380	NO_EXACT_GLOBAL_ASSIGNMENT_IN_INCUMBENT
E1_RECALL_ORIENTED_GLOBAL_CAPACITY_1_K3	STAR_f68r1_12381	NO_EXACT_GLOBAL_ASSIGNMENT_IN_INCUMBENT
E1_RECALL_ORIENTED_GLOBAL_CAPACITY_1_K3	STAR_f68r1_12382	NO_EXACT_GLOBAL_ASSIGNMENT_IN_INCUMBENT
E1_RECALL_ORIENTED_GLOBAL_CAPACITY_1_K3	STAR_f68r1_12383	NO_EXACT_GLOBAL_ASSIGNMENT_IN_INCUMBENT
E1_RECALL_ORIENTED_GLOBAL_CAPACITY_1_K3	STAR_f68r1_12384	NO_EXACT_GLOBAL_ASSIGNMENT_IN_INCUMBENT
E1_RECALL_ORIENTED_GLOBAL_CAPACITY_1_K3	STAR_f68r1_12385	NO_EXACT_GLOBAL_ASSIGNMENT_IN_INCUMBENT
E1_RECALL_ORIENTED_GLOBAL_CAPACITY_1_K3	STAR_f68r1_12386	NO_EXACT_GLOBAL_ASSIGNMENT_IN_INCUMBENT
E1_RECALL_ORIENTED_GLOBAL_CAPACITY_1_K3	STAR_f68r1_12387	NO_EXACT_GLOBAL_ASSIGNMENT_IN_INCUMBENT
E1_RECALL_ORIENTED_GLOBAL_CAPACITY_1_K3	STAR_f68r1_12388	NO_EXACT_GLOBAL_ASSIGNMENT_IN_INCUMBENT
E1_RECALL_ORIENTED_GLOBAL_CAPACITY_1_K3	STAR_f68r1_12389	NO_EXACT_GLOBAL_ASSIGNMENT_IN_INCUMBENT
E1_RECALL_ORIENTED_GLOBAL_CAPACITY_1_K3	STAR_f68r1_12390	NO_EXACT_GLOBAL_ASSIGNMENT_IN_INCUMBENT
E1_RECALL_ORIENTED_GLOBAL_CAPACITY_1_K3	STAR_f68r1_12391	NO_EXACT_GLOBAL_ASSIGNMENT_IN_INCUMBENT
E1_RECALL_ORIENTED_GLOBAL_CAPACITY_1_K3	STAR_f68r1_12392	NO_EXACT_GLOBAL_ASSIGNMENT_IN_INCUMBENT
E1_RECALL_ORIENTED_GLOBAL_CAPACITY_1_K3	STAR_f68r1_12393	NO_EXACT_GLOBAL_ASSIGNMENT_IN_INCUMBENT
E1_RECALL_ORIENTED_GLOBAL_CAPACITY_1_K3	STAR_f68r1_12394	NO_EXACT_GLOBAL_ASSIGNMENT_IN_INCUMBENT
E1_RECALL_ORIENTED_GLOBAL_CAPACITY_1_K3	STAR_f68r1_12395	NO_EXACT_GLOBAL_ASSIGNMENT_IN_INCUMBENT
E1_RECALL_ORIENTED_GLOBAL_CAPACITY_1_K3	STAR_f68r1_12396	NO_EXACT_GLOBAL_ASSIGNMENT_IN_INCUMBENT
E1_RECALL_ORIENTED_GLOBAL_CAPACITY_1_K3	STAR_f68r1_12397	NO_EXACT_GLOBAL_ASSIGNMENT_IN_INCUMBENT
E1_RECALL_ORIENTED_GLOBAL_CAPACITY_1_K3	STAR_f68r1_12398	NO_EXACT_GLOBAL_ASSIGNMENT_IN_INCUMBENT
E1_RECALL_ORIENTED_GLOBAL_CAPACITY_1_K3	STAR_f68r1_12399	NO_EXACT_GLOBAL_ASSIGNMENT_IN_INCUMBENT
E1_RECALL_ORIENTED_GLOBAL_CAPACITY_1_K3	STAR_f68r1_12400	NO_EXACT_GLOBAL_ASSIGNMENT_IN_INCUMBENT
E1_RECALL_ORIENTED_GLOBAL_CAPACITY_1_K3	STAR_f68r1_12401	NO_EXACT_GLOBAL_ASSIGNMENT_IN_INCUMBENT
E1_RECALL_ORIENTED_GLOBAL_CAPACITY_1_K3	STAR_f68r1_12403	NO_EXACT_GLOBAL_ASSIGNMENT_IN_INCUMBENT
E1_RECALL_ORIENTED_GLOBAL_CAPACITY_1_K3	STAR_f68r1_12405	NO_EXACT_GLOBAL_ASSIGNMENT_IN_INCUMBENT
E1_RECALL_ORIENTED_GLOBAL_CAPACITY_1_K3	STAR_f68r1_12406	NO_EXACT_GLOBAL_ASSIGNMENT_IN_INCUMBENT
E1_RECALL_ORIENTED_GLOBAL_CAPACITY_1_K3	STAR_f68r1_12407	NO_EXACT_GLOBAL_ASSIGNMENT_IN_INCUMBENT
E1_RECALL_ORIENTED_GLOBAL_CAPACITY_1_K3	STAR_f68r1_12408	NO_EXACT_GLOBAL_ASSIGNMENT_IN_INCUMBENT
E1_RECALL_ORIENTED_GLOBAL_CAPACITY_1_K3	STAR_f68r1_12409	NO_EXACT_GLOBAL_ASSIGNMENT_IN_INCUMBENT
E1_RECALL_ORIENTED_GLOBAL_CAPACITY_1_K3	STAR_f68r1_12410	NO_EXACT_GLOBAL_ASSIGNMENT_IN_INCUMBENT
E1_RECALL_ORIENTED_GLOBAL_CAPACITY_1_K3	STAR_f68r1_12411	NO_EXACT_GLOBAL_ASSIGNMENT_IN_INCUMBENT
E1_RECALL_ORIENTED_GLOBAL_CAPACITY_1_K3	STAR_f68r2_12465	NO_EXACT_GLOBAL_ASSIGNMENT_IN_INCUMBENT
E1_RECALL_ORIENTED_GLOBAL_CAPACITY_1_K3	STAR_f68r2_12467	NO_EXACT_GLOBAL_ASSIGNMENT_IN_INCUMBENT
E1_RECALL_ORIENTED_GLOBAL_CAPACITY_1_K3	STAR_f68r2_12468	NO_EXACT_GLOBAL_ASSIGNMENT_IN_INCUMBENT
E1_RECALL_ORIENTED_GLOBAL_CAPACITY_1_K3	STAR_f68r2_12469	NO_EXACT_GLOBAL_ASSIGNMENT_IN_INCUMBENT
E1_RECALL_ORIENTED_GLOBAL_CAPACITY_1_K3	STAR_f68r2_12470	NO_EXACT_GLOBAL_ASSIGNMENT_IN_INCUMBENT
E1_RECALL_ORIENTED_GLOBAL_CAPACITY_1_K3	STAR_f68r2_12471	NO_EXACT_GLOBAL_ASSIGNMENT_IN_INCUMBENT
E1_RECALL_ORIENTED_GLOBAL_CAPACITY_1_K3	STAR_f68r2_12472	NO_EXACT_GLOBAL_ASSIGNMENT_IN_INCUMBENT
E1_RECALL_ORIENTED_GLOBAL_CAPACITY_1_K3	STAR_f68r2_12473	NO_EXACT_GLOBAL_ASSIGNMENT_IN_INCUMBENT
E1_RECALL_ORIENTED_GLOBAL_CAPACITY_1_K3	STAR_f68r2_12474	NO_EXACT_GLOBAL_ASSIGNMENT_IN_INCUMBENT
E1_RECALL_ORIENTED_GLOBAL_CAPACITY_1_K3	STAR_f68r2_12475	NO_EXACT_GLOBAL_ASSIGNMENT_IN_INCUMBENT
E1_RECALL_ORIENTED_GLOBAL_CAPACITY_1_K3	STAR_f68r2_12476	NO_EXACT_GLOBAL_ASSIGNMENT_IN_INCUMBENT
E1_RECALL_ORIENTED_GLOBAL_CAPACITY_1_K3	STAR_f68r2_12477	NO_EXACT_GLOBAL_ASSIGNMENT_IN_INCUMBENT
E1_RECALL_ORIENTED_GLOBAL_CAPACITY_1_K3	STAR_f68r2_12478	NO_EXACT_GLOBAL_ASSIGNMENT_IN_INCUMBENT
E1_RECALL_ORIENTED_GLOBAL_CAPACITY_1_K3	STAR_f68r2_12479	NO_EXACT_GLOBAL_ASSIGNMENT_IN_INCUMBENT
E1_RECALL_ORIENTED_GLOBAL_CAPACITY_1_K3	STAR_f68r2_12480	NO_EXACT_GLOBAL_ASSIGNMENT_IN_INCUMBENT
E1_RECALL_ORIENTED_GLOBAL_CAPACITY_1_K3	STAR_f68r2_12481	NO_EXACT_GLOBAL_ASSIGNMENT_IN_INCUMBENT
E1_RECALL_ORIENTED_GLOBAL_CAPACITY_1_K3	STAR_f68r2_12482	NO_EXACT_GLOBAL_ASSIGNMENT_IN_INCUMBENT
E1_RECALL_ORIENTED_GLOBAL_CAPACITY_1_K3	STAR_f68r2_12483	NO_EXACT_GLOBAL_ASSIGNMENT_IN_INCUMBENT
E1_RECALL_ORIENTED_GLOBAL_CAPACITY_1_K3	STAR_f68r2_12484	NO_EXACT_GLOBAL_ASSIGNMENT_IN_INCUMBENT
E1_RECALL_ORIENTED_GLOBAL_CAPACITY_1_K3	STAR_f68r2_12485	NO_EXACT_GLOBAL_ASSIGNMENT_IN_INCUMBENT
E1_RECALL_ORIENTED_GLOBAL_CAPACITY_1_K3	STAR_f68r2_12486	NO_EXACT_GLOBAL_ASSIGNMENT_IN_INCUMBENT
E1_RECALL_ORIENTED_GLOBAL_CAPACITY_1_K3	STAR_f68r2_12487	NO_EXACT_GLOBAL_ASSIGNMENT_IN_INCUMBENT
E1_RECALL_ORIENTED_GLOBAL_CAPACITY_1_K3	STAR_f68r2_12488	NO_EXACT_GLOBAL_ASSIGNMENT_IN_INCUMBENT
E1_RECALL_ORIENTED_GLOBAL_CAPACITY_1_K3	STAR_f68r2_12489	NO_EXACT_GLOBAL_ASSIGNMENT_IN_INCUMBENT
E1_RECALL_ORIENTED_GLOBAL_CAPACITY_1_K3	STAR_f68r2_12490	NO_EXACT_GLOBAL_ASSIGNMENT_IN_INCUMBENT
E1_RECALL_ORIENTED_GLOBAL_CAPACITY_1_K3	STAR_f68r2_12491	NO_EXACT_GLOBAL_ASSIGNMENT_IN_INCUMBENT
E1_CONSERVATIVE_PER_PAGE_CAPACITY_1_K4	STAR_f68r1_12380	NO_EXACT_GLOBAL_ASSIGNMENT_IN_INCUMBENT
E1_CONSERVATIVE_PER_PAGE_CAPACITY_1_K4	STAR_f68r1_12381	NO_EXACT_GLOBAL_ASSIGNMENT_IN_INCUMBENT
E1_CONSERVATIVE_PER_PAGE_CAPACITY_1_K4	STAR_f68r1_12382	NO_EXACT_GLOBAL_ASSIGNMENT_IN_INCUMBENT
E1_CONSERVATIVE_PER_PAGE_CAPACITY_1_K4	STAR_f68r1_12383	NO_EXACT_GLOBAL_ASSIGNMENT_IN_INCUMBENT
E1_CONSERVATIVE_PER_PAGE_CAPACITY_1_K4	STAR_f68r1_12384	NO_EXACT_GLOBAL_ASSIGNMENT_IN_INCUMBENT
E1_CONSERVATIVE_PER_PAGE_CAPACITY_1_K4	STAR_f68r1_12385	NO_EXACT_GLOBAL_ASSIGNMENT_IN_INCUMBENT
E1_CONSERVATIVE_PER_PAGE_CAPACITY_1_K4	STAR_f68r1_12386	NO_EXACT_GLOBAL_ASSIGNMENT_IN_INCUMBENT
E1_CONSERVATIVE_PER_PAGE_CAPACITY_1_K4	STAR_f68r1_12387	NO_EXACT_GLOBAL_ASSIGNMENT_IN_INCUMBENT
E1_CONSERVATIVE_PER_PAGE_CAPACITY_1_K4	STAR_f68r1_12388	NO_EXACT_GLOBAL_ASSIGNMENT_IN_INCUMBENT
E1_CONSERVATIVE_PER_PAGE_CAPACITY_1_K4	STAR_f68r1_12389	NO_EXACT_GLOBAL_ASSIGNMENT_IN_INCUMBENT
E1_CONSERVATIVE_PER_PAGE_CAPACITY_1_K4	STAR_f68r1_12390	NO_EXACT_GLOBAL_ASSIGNMENT_IN_INCUMBENT
E1_CONSERVATIVE_PER_PAGE_CAPACITY_1_K4	STAR_f68r1_12391	NO_EXACT_GLOBAL_ASSIGNMENT_IN_INCUMBENT
E1_CONSERVATIVE_PER_PAGE_CAPACITY_1_K4	STAR_f68r1_12392	NO_EXACT_GLOBAL_ASSIGNMENT_IN_INCUMBENT
E1_CONSERVATIVE_PER_PAGE_CAPACITY_1_K4	STAR_f68r1_12393	NO_EXACT_GLOBAL_ASSIGNMENT_IN_INCUMBENT
E1_CONSERVATIVE_PER_PAGE_CAPACITY_1_K4	STAR_f68r1_12394	NO_EXACT_GLOBAL_ASSIGNMENT_IN_INCUMBENT
E1_CONSERVATIVE_PER_PAGE_CAPACITY_1_K4	STAR_f68r1_12395	NO_EXACT_GLOBAL_ASSIGNMENT_IN_INCUMBENT
E1_CONSERVATIVE_PER_PAGE_CAPACITY_1_K4	STAR_f68r1_12396	NO_EXACT_GLOBAL_ASSIGNMENT_IN_INCUMBENT
E1_CONSERVATIVE_PER_PAGE_CAPACITY_1_K4	STAR_f68r1_12397	NO_EXACT_GLOBAL_ASSIGNMENT_IN_INCUMBENT
E1_CONSERVATIVE_PER_PAGE_CAPACITY_1_K4	STAR_f68r1_12398	NO_EXACT_GLOBAL_ASSIGNMENT_IN_INCUMBENT
E1_CONSERVATIVE_PER_PAGE_CAPACITY_1_K4	STAR_f68r1_12399	NO_EXACT_GLOBAL_ASSIGNMENT_IN_INCUMBENT
E1_CONSERVATIVE_PER_PAGE_CAPACITY_1_K4	STAR_f68r1_12400	NO_EXACT_GLOBAL_ASSIGNMENT_IN_INCUMBENT
E1_CONSERVATIVE_PER_PAGE_CAPACITY_1_K4	STAR_f68r1_12401	NO_EXACT_GLOBAL_ASSIGNMENT_IN_INCUMBENT
E1_CONSERVATIVE_PER_PAGE_CAPACITY_1_K4	STAR_f68r1_12403	NO_EXACT_GLOBAL_ASSIGNMENT_IN_INCUMBENT
E1_CONSERVATIVE_PER_PAGE_CAPACITY_1_K4	STAR_f68r1_12405	NO_EXACT_GLOBAL_ASSIGNMENT_IN_INCUMBENT
E1_CONSERVATIVE_PER_PAGE_CAPACITY_1_K4	STAR_f68r1_12406	NO_EXACT_GLOBAL_ASSIGNMENT_IN_INCUMBENT
E1_CONSERVATIVE_PER_PAGE_CAPACITY_1_K4	STAR_f68r1_12407	NO_EXACT_GLOBAL_ASSIGNMENT_IN_INCUMBENT
E1_CONSERVATIVE_PER_PAGE_CAPACITY_1_K4	STAR_f68r1_12408	NO_EXACT_GLOBAL_ASSIGNMENT_IN_INCUMBENT
E1_CONSERVATIVE_PER_PAGE_CAPACITY_1_K4	STAR_f68r1_12409	NO_EXACT_GLOBAL_ASSIGNMENT_IN_INCUMBENT
E1_CONSERVATIVE_PER_PAGE_CAPACITY_1_K4	STAR_f68r1_12410	NO_EXACT_GLOBAL_ASSIGNMENT_IN_INCUMBENT
E1_CONSERVATIVE_PER_PAGE_CAPACITY_1_K4	STAR_f68r1_12411	NO_EXACT_GLOBAL_ASSIGNMENT_IN_INCUMBENT
E1_CONSERVATIVE_PER_PAGE_CAPACITY_1_K4	STAR_f68r2_12465	NO_EXACT_GLOBAL_ASSIGNMENT_IN_INCUMBENT
E1_CONSERVATIVE_PER_PAGE_CAPACITY_1_K4	STAR_f68r2_12467	NO_EXACT_GLOBAL_ASSIGNMENT_IN_INCUMBENT
E1_CONSERVATIVE_PER_PAGE_CAPACITY_1_K4	STAR_f68r2_12468	NO_EXACT_GLOBAL_ASSIGNMENT_IN_INCUMBENT
E1_CONSERVATIVE_PER_PAGE_CAPACITY_1_K4	STAR_f68r2_12469	NO_EXACT_GLOBAL_ASSIGNMENT_IN_INCUMBENT
E1_CONSERVATIVE_PER_PAGE_CAPACITY_1_K4	STAR_f68r2_12470	NO_EXACT_GLOBAL_ASSIGNMENT_IN_INCUMBENT
E1_CONSERVATIVE_PER_PAGE_CAPACITY_1_K4	STAR_f68r2_12471	NO_EXACT_GLOBAL_ASSIGNMENT_IN_INCUMBENT
E1_CONSERVATIVE_PER_PAGE_CAPACITY_1_K4	STAR_f68r2_12472	NO_EXACT_GLOBAL_ASSIGNMENT_IN_INCUMBENT
E1_CONSERVATIVE_PER_PAGE_CAPACITY_1_K4	STAR_f68r2_12473	NO_EXACT_GLOBAL_ASSIGNMENT_IN_INCUMBENT
E1_CONSERVATIVE_PER_PAGE_CAPACITY_1_K4	STAR_f68r2_12474	NO_EXACT_GLOBAL_ASSIGNMENT_IN_INCUMBENT
E1_CONSERVATIVE_PER_PAGE_CAPACITY_1_K4	STAR_f68r2_12475	NO_EXACT_GLOBAL_ASSIGNMENT_IN_INCUMBENT
E1_CONSERVATIVE_PER_PAGE_CAPACITY_1_K4	STAR_f68r2_12476	NO_EXACT_GLOBAL_ASSIGNMENT_IN_INCUMBENT
E1_CONSERVATIVE_PER_PAGE_CAPACITY_1_K4	STAR_f68r2_12477	NO_EXACT_GLOBAL_ASSIGNMENT_IN_INCUMBENT
E1_CONSERVATIVE_PER_PAGE_CAPACITY_1_K4	STAR_f68r2_12478	NO_EXACT_GLOBAL_ASSIGNMENT_IN_INCUMBENT
E1_CONSERVATIVE_PER_PAGE_CAPACITY_1_K4	STAR_f68r2_12479	NO_EXACT_GLOBAL_ASSIGNMENT_IN_INCUMBENT
E1_CONSERVATIVE_PER_PAGE_CAPACITY_1_K4	STAR_f68r2_12480	NO_EXACT_GLOBAL_ASSIGNMENT_IN_INCUMBENT
E1_CONSERVATIVE_PER_PAGE_CAPACITY_1_K4	STAR_f68r2_12481	NO_EXACT_GLOBAL_ASSIGNMENT_IN_INCUMBENT
E1_CONSERVATIVE_PER_PAGE_CAPACITY_1_K4	STAR_f68r2_12482	NO_EXACT_GLOBAL_ASSIGNMENT_IN_INCUMBENT
E1_CONSERVATIVE_PER_PAGE_CAPACITY_1_K4	STAR_f68r2_12483	NO_EXACT_GLOBAL_ASSIGNMENT_IN_INCUMBENT
E1_CONSERVATIVE_PER_PAGE_CAPACITY_1_K4	STAR_f68r2_12484	NO_EXACT_GLOBAL_ASSIGNMENT_IN_INCUMBENT
E1_CONSERVATIVE_PER_PAGE_CAPACITY_1_K4	STAR_f68r2_12485	NO_EXACT_GLOBAL_ASSIGNMENT_IN_INCUMBENT
E1_CONSERVATIVE_PER_PAGE_CAPACITY_1_K4	STAR_f68r2_12486	NO_EXACT_GLOBAL_ASSIGNMENT_IN_INCUMBENT
E1_CONSERVATIVE_PER_PAGE_CAPACITY_1_K4	STAR_f68r2_12487	NO_EXACT_GLOBAL_ASSIGNMENT_IN_INCUMBENT
E1_CONSERVATIVE_PER_PAGE_CAPACITY_1_K4	STAR_f68r2_12488	NO_EXACT_GLOBAL_ASSIGNMENT_IN_INCUMBENT
E1_CONSERVATIVE_PER_PAGE_CAPACITY_1_K4	STAR_f68r2_12489	NO_EXACT_GLOBAL_ASSIGNMENT_IN_INCUMBENT
E1_CONSERVATIVE_PER_PAGE_CAPACITY_1_K4	STAR_f68r2_12490	NO_EXACT_GLOBAL_ASSIGNMENT_IN_INCUMBENT
E1_CONSERVATIVE_PER_PAGE_CAPACITY_1_K4	STAR_f68r2_12491	NO_EXACT_GLOBAL_ASSIGNMENT_IN_INCUMBENT
E1_BALANCED_PER_PAGE_CAPACITY_1_K4	STAR_f68r1_12380	NO_EXACT_GLOBAL_ASSIGNMENT_IN_INCUMBENT
E1_BALANCED_PER_PAGE_CAPACITY_1_K4	STAR_f68r1_12381	NO_EXACT_GLOBAL_ASSIGNMENT_IN_INCUMBENT
E1_BALANCED_PER_PAGE_CAPACITY_1_K4	STAR_f68r1_12382	NO_EXACT_GLOBAL_ASSIGNMENT_IN_INCUMBENT
E1_BALANCED_PER_PAGE_CAPACITY_1_K4	STAR_f68r1_12383	NO_EXACT_GLOBAL_ASSIGNMENT_IN_INCUMBENT
E1_BALANCED_PER_PAGE_CAPACITY_1_K4	STAR_f68r1_12384	NO_EXACT_GLOBAL_ASSIGNMENT_IN_INCUMBENT
E1_BALANCED_PER_PAGE_CAPACITY_1_K4	STAR_f68r1_12385	NO_EXACT_GLOBAL_ASSIGNMENT_IN_INCUMBENT
E1_BALANCED_PER_PAGE_CAPACITY_1_K4	STAR_f68r1_12386	NO_EXACT_GLOBAL_ASSIGNMENT_IN_INCUMBENT
E1_BALANCED_PER_PAGE_CAPACITY_1_K4	STAR_f68r1_12387	NO_EXACT_GLOBAL_ASSIGNMENT_IN_INCUMBENT
E1_BALANCED_PER_PAGE_CAPACITY_1_K4	STAR_f68r1_12388	NO_EXACT_GLOBAL_ASSIGNMENT_IN_INCUMBENT
E1_BALANCED_PER_PAGE_CAPACITY_1_K4	STAR_f68r1_12389	NO_EXACT_GLOBAL_ASSIGNMENT_IN_INCUMBENT
E1_BALANCED_PER_PAGE_CAPACITY_1_K4	STAR_f68r1_12390	NO_EXACT_GLOBAL_ASSIGNMENT_IN_INCUMBENT
E1_BALANCED_PER_PAGE_CAPACITY_1_K4	STAR_f68r1_12391	NO_EXACT_GLOBAL_ASSIGNMENT_IN_INCUMBENT
E1_BALANCED_PER_PAGE_CAPACITY_1_K4	STAR_f68r1_12392	NO_EXACT_GLOBAL_ASSIGNMENT_IN_INCUMBENT
E1_BALANCED_PER_PAGE_CAPACITY_1_K4	STAR_f68r1_12393	NO_EXACT_GLOBAL_ASSIGNMENT_IN_INCUMBENT
E1_BALANCED_PER_PAGE_CAPACITY_1_K4	STAR_f68r1_12394	NO_EXACT_GLOBAL_ASSIGNMENT_IN_INCUMBENT
E1_BALANCED_PER_PAGE_CAPACITY_1_K4	STAR_f68r1_12395	NO_EXACT_GLOBAL_ASSIGNMENT_IN_INCUMBENT
E1_BALANCED_PER_PAGE_CAPACITY_1_K4	STAR_f68r1_12396	NO_EXACT_GLOBAL_ASSIGNMENT_IN_INCUMBENT
E1_BALANCED_PER_PAGE_CAPACITY_1_K4	STAR_f68r1_12397	NO_EXACT_GLOBAL_ASSIGNMENT_IN_INCUMBENT
E1_BALANCED_PER_PAGE_CAPACITY_1_K4	STAR_f68r1_12398	NO_EXACT_GLOBAL_ASSIGNMENT_IN_INCUMBENT
E1_BALANCED_PER_PAGE_CAPACITY_1_K4	STAR_f68r1_12399	NO_EXACT_GLOBAL_ASSIGNMENT_IN_INCUMBENT
E1_BALANCED_PER_PAGE_CAPACITY_1_K4	STAR_f68r1_12400	NO_EXACT_GLOBAL_ASSIGNMENT_IN_INCUMBENT
E1_BALANCED_PER_PAGE_CAPACITY_1_K4	STAR_f68r1_12401	NO_EXACT_GLOBAL_ASSIGNMENT_IN_INCUMBENT
E1_BALANCED_PER_PAGE_CAPACITY_1_K4	STAR_f68r1_12403	NO_EXACT_GLOBAL_ASSIGNMENT_IN_INCUMBENT
E1_BALANCED_PER_PAGE_CAPACITY_1_K4	STAR_f68r1_12405	NO_EXACT_GLOBAL_ASSIGNMENT_IN_INCUMBENT
E1_BALANCED_PER_PAGE_CAPACITY_1_K4	STAR_f68r1_12406	NO_EXACT_GLOBAL_ASSIGNMENT_IN_INCUMBENT
E1_BALANCED_PER_PAGE_CAPACITY_1_K4	STAR_f68r1_12407	NO_EXACT_GLOBAL_ASSIGNMENT_IN_INCUMBENT
E1_BALANCED_PER_PAGE_CAPACITY_1_K4	STAR_f68r1_12408	NO_EXACT_GLOBAL_ASSIGNMENT_IN_INCUMBENT
E1_BALANCED_PER_PAGE_CAPACITY_1_K4	STAR_f68r1_12409	NO_EXACT_GLOBAL_ASSIGNMENT_IN_INCUMBENT
E1_BALANCED_PER_PAGE_CAPACITY_1_K4	STAR_f68r1_12410	NO_EXACT_GLOBAL_ASSIGNMENT_IN_INCUMBENT
E1_BALANCED_PER_PAGE_CAPACITY_1_K4	STAR_f68r1_12411	NO_EXACT_GLOBAL_ASSIGNMENT_IN_INCUMBENT
E1_BALANCED_PER_PAGE_CAPACITY_1_K4	STAR_f68r2_12465	NO_EXACT_GLOBAL_ASSIGNMENT_IN_INCUMBENT
E1_BALANCED_PER_PAGE_CAPACITY_1_K4	STAR_f68r2_12467	NO_EXACT_GLOBAL_ASSIGNMENT_IN_INCUMBENT
E1_BALANCED_PER_PAGE_CAPACITY_1_K4	STAR_f68r2_12468	NO_EXACT_GLOBAL_ASSIGNMENT_IN_INCUMBENT
E1_BALANCED_PER_PAGE_CAPACITY_1_K4	STAR_f68r2_12469	NO_EXACT_GLOBAL_ASSIGNMENT_IN_INCUMBENT
E1_BALANCED_PER_PAGE_CAPACITY_1_K4	STAR_f68r2_12470	NO_EXACT_GLOBAL_ASSIGNMENT_IN_INCUMBENT
E1_BALANCED_PER_PAGE_CAPACITY_1_K4	STAR_f68r2_12471	NO_EXACT_GLOBAL_ASSIGNMENT_IN_INCUMBENT
E1_BALANCED_PER_PAGE_CAPACITY_1_K4	STAR_f68r2_12472	NO_EXACT_GLOBAL_ASSIGNMENT_IN_INCUMBENT
E1_BALANCED_PER_PAGE_CAPACITY_1_K4	STAR_f68r2_12473	NO_EXACT_GLOBAL_ASSIGNMENT_IN_INCUMBENT
E1_BALANCED_PER_PAGE_CAPACITY_1_K4	STAR_f68r2_12474	NO_EXACT_GLOBAL_ASSIGNMENT_IN_INCUMBENT
E1_BALANCED_PER_PAGE_CAPACITY_1_K4	STAR_f68r2_12475	NO_EXACT_GLOBAL_ASSIGNMENT_IN_INCUMBENT
E1_BALANCED_PER_PAGE_CAPACITY_1_K4	STAR_f68r2_12476	NO_EXACT_GLOBAL_ASSIGNMENT_IN_INCUMBENT
E1_BALANCED_PER_PAGE_CAPACITY_1_K4	STAR_f68r2_12477	NO_EXACT_GLOBAL_ASSIGNMENT_IN_INCUMBENT
E1_BALANCED_PER_PAGE_CAPACITY_1_K4	STAR_f68r2_12478	NO_EXACT_GLOBAL_ASSIGNMENT_IN_INCUMBENT
E1_BALANCED_PER_PAGE_CAPACITY_1_K4	STAR_f68r2_12479	NO_EXACT_GLOBAL_ASSIGNMENT_IN_INCUMBENT
E1_BALANCED_PER_PAGE_CAPACITY_1_K4	STAR_f68r2_12480	NO_EXACT_GLOBAL_ASSIGNMENT_IN_INCUMBENT
E1_BALANCED_PER_PAGE_CAPACITY_1_K4	STAR_f68r2_12481	NO_EXACT_GLOBAL_ASSIGNMENT_IN_INCUMBENT
E1_BALANCED_PER_PAGE_CAPACITY_1_K4	STAR_f68r2_12482	NO_EXACT_GLOBAL_ASSIGNMENT_IN_INCUMBENT
E1_BALANCED_PER_PAGE_CAPACITY_1_K4	STAR_f68r2_12483	NO_EXACT_GLOBAL_ASSIGNMENT_IN_INCUMBENT
E1_BALANCED_PER_PAGE_CAPACITY_1_K4	STAR_f68r2_12484	NO_EXACT_GLOBAL_ASSIGNMENT_IN_INCUMBENT
E1_BALANCED_PER_PAGE_CAPACITY_1_K4	STAR_f68r2_12485	NO_EXACT_GLOBAL_ASSIGNMENT_IN_INCUMBENT
E1_BALANCED_PER_PAGE_CAPACITY_1_K4	STAR_f68r2_12486	NO_EXACT_GLOBAL_ASSIGNMENT_IN_INCUMBENT
E1_BALANCED_PER_PAGE_CAPACITY_1_K4	STAR_f68r2_12487	NO_EXACT_GLOBAL_ASSIGNMENT_IN_INCUMBENT
E1_BALANCED_PER_PAGE_CAPACITY_1_K4	STAR_f68r2_12488	NO_EXACT_GLOBAL_ASSIGNMENT_IN_INCUMBENT
E1_BALANCED_PER_PAGE_CAPACITY_1_K4	STAR_f68r2_12489	NO_EXACT_GLOBAL_ASSIGNMENT_IN_INCUMBENT
E1_BALANCED_PER_PAGE_CAPACITY_1_K4	STAR_f68r2_12490	NO_EXACT_GLOBAL_ASSIGNMENT_IN_INCUMBENT
E1_BALANCED_PER_PAGE_CAPACITY_1_K4	STAR_f68r2_12491	NO_EXACT_GLOBAL_ASSIGNMENT_IN_INCUMBENT
E1_RECALL_ORIENTED_PER_PAGE_CAPACITY_1_K4	STAR_f68r1_12380	NO_EXACT_GLOBAL_ASSIGNMENT_IN_INCUMBENT
E1_RECALL_ORIENTED_PER_PAGE_CAPACITY_1_K4	STAR_f68r1_12381	NO_EXACT_GLOBAL_ASSIGNMENT_IN_INCUMBENT
E1_RECALL_ORIENTED_PER_PAGE_CAPACITY_1_K4	STAR_f68r1_12382	NO_EXACT_GLOBAL_ASSIGNMENT_IN_INCUMBENT
E1_RECALL_ORIENTED_PER_PAGE_CAPACITY_1_K4	STAR_f68r1_12383	NO_EXACT_GLOBAL_ASSIGNMENT_IN_INCUMBENT
E1_RECALL_ORIENTED_PER_PAGE_CAPACITY_1_K4	STAR_f68r1_12384	NO_EXACT_GLOBAL_ASSIGNMENT_IN_INCUMBENT
E1_RECALL_ORIENTED_PER_PAGE_CAPACITY_1_K4	STAR_f68r1_12385	NO_EXACT_GLOBAL_ASSIGNMENT_IN_INCUMBENT
E1_RECALL_ORIENTED_PER_PAGE_CAPACITY_1_K4	STAR_f68r1_12386	NO_EXACT_GLOBAL_ASSIGNMENT_IN_INCUMBENT
E1_RECALL_ORIENTED_PER_PAGE_CAPACITY_1_K4	STAR_f68r1_12387	NO_EXACT_GLOBAL_ASSIGNMENT_IN_INCUMBENT
E1_RECALL_ORIENTED_PER_PAGE_CAPACITY_1_K4	STAR_f68r1_12388	NO_EXACT_GLOBAL_ASSIGNMENT_IN_INCUMBENT
E1_RECALL_ORIENTED_PER_PAGE_CAPACITY_1_K4	STAR_f68r1_12389	NO_EXACT_GLOBAL_ASSIGNMENT_IN_INCUMBENT
E1_RECALL_ORIENTED_PER_PAGE_CAPACITY_1_K4	STAR_f68r1_12390	NO_EXACT_GLOBAL_ASSIGNMENT_IN_INCUMBENT
E1_RECALL_ORIENTED_PER_PAGE_CAPACITY_1_K4	STAR_f68r1_12391	NO_EXACT_GLOBAL_ASSIGNMENT_IN_INCUMBENT
E1_RECALL_ORIENTED_PER_PAGE_CAPACITY_1_K4	STAR_f68r1_12392	NO_EXACT_GLOBAL_ASSIGNMENT_IN_INCUMBENT
E1_RECALL_ORIENTED_PER_PAGE_CAPACITY_1_K4	STAR_f68r1_12393	NO_EXACT_GLOBAL_ASSIGNMENT_IN_INCUMBENT
E1_RECALL_ORIENTED_PER_PAGE_CAPACITY_1_K4	STAR_f68r1_12394	NO_EXACT_GLOBAL_ASSIGNMENT_IN_INCUMBENT
E1_RECALL_ORIENTED_PER_PAGE_CAPACITY_1_K4	STAR_f68r1_12395	NO_EXACT_GLOBAL_ASSIGNMENT_IN_INCUMBENT
E1_RECALL_ORIENTED_PER_PAGE_CAPACITY_1_K4	STAR_f68r1_12396	NO_EXACT_GLOBAL_ASSIGNMENT_IN_INCUMBENT
E1_RECALL_ORIENTED_PER_PAGE_CAPACITY_1_K4	STAR_f68r1_12397	NO_EXACT_GLOBAL_ASSIGNMENT_IN_INCUMBENT
E1_RECALL_ORIENTED_PER_PAGE_CAPACITY_1_K4	STAR_f68r1_12398	NO_EXACT_GLOBAL_ASSIGNMENT_IN_INCUMBENT
E1_RECALL_ORIENTED_PER_PAGE_CAPACITY_1_K4	STAR_f68r1_12399	NO_EXACT_GLOBAL_ASSIGNMENT_IN_INCUMBENT
E1_RECALL_ORIENTED_PER_PAGE_CAPACITY_1_K4	STAR_f68r1_12400	NO_EXACT_GLOBAL_ASSIGNMENT_IN_INCUMBENT
E1_RECALL_ORIENTED_PER_PAGE_CAPACITY_1_K4	STAR_f68r1_12401	NO_EXACT_GLOBAL_ASSIGNMENT_IN_INCUMBENT
E1_RECALL_ORIENTED_PER_PAGE_CAPACITY_1_K4	STAR_f68r1_12403	NO_EXACT_GLOBAL_ASSIGNMENT_IN_INCUMBENT
E1_RECALL_ORIENTED_PER_PAGE_CAPACITY_1_K4	STAR_f68r1_12405	NO_EXACT_GLOBAL_ASSIGNMENT_IN_INCUMBENT
E1_RECALL_ORIENTED_PER_PAGE_CAPACITY_1_K4	STAR_f68r1_12406	NO_EXACT_GLOBAL_ASSIGNMENT_IN_INCUMBENT
E1_RECALL_ORIENTED_PER_PAGE_CAPACITY_1_K4	STAR_f68r1_12407	NO_EXACT_GLOBAL_ASSIGNMENT_IN_INCUMBENT
E1_RECALL_ORIENTED_PER_PAGE_CAPACITY_1_K4	STAR_f68r1_12408	NO_EXACT_GLOBAL_ASSIGNMENT_IN_INCUMBENT
E1_RECALL_ORIENTED_PER_PAGE_CAPACITY_1_K4	STAR_f68r1_12409	NO_EXACT_GLOBAL_ASSIGNMENT_IN_INCUMBENT
E1_RECALL_ORIENTED_PER_PAGE_CAPACITY_1_K4	STAR_f68r1_12410	NO_EXACT_GLOBAL_ASSIGNMENT_IN_INCUMBENT
E1_RECALL_ORIENTED_PER_PAGE_CAPACITY_1_K4	STAR_f68r1_12411	NO_EXACT_GLOBAL_ASSIGNMENT_IN_INCUMBENT
E1_RECALL_ORIENTED_PER_PAGE_CAPACITY_1_K4	STAR_f68r2_12465	NO_EXACT_GLOBAL_ASSIGNMENT_IN_INCUMBENT
E1_RECALL_ORIENTED_PER_PAGE_CAPACITY_1_K4	STAR_f68r2_12467	NO_EXACT_GLOBAL_ASSIGNMENT_IN_INCUMBENT
E1_RECALL_ORIENTED_PER_PAGE_CAPACITY_1_K4	STAR_f68r2_12468	NO_EXACT_GLOBAL_ASSIGNMENT_IN_INCUMBENT
E1_RECALL_ORIENTED_PER_PAGE_CAPACITY_1_K4	STAR_f68r2_12469	NO_EXACT_GLOBAL_ASSIGNMENT_IN_INCUMBENT
E1_RECALL_ORIENTED_PER_PAGE_CAPACITY_1_K4	STAR_f68r2_12470	NO_EXACT_GLOBAL_ASSIGNMENT_IN_INCUMBENT
E1_RECALL_ORIENTED_PER_PAGE_CAPACITY_1_K4	STAR_f68r2_12471	NO_EXACT_GLOBAL_ASSIGNMENT_IN_INCUMBENT
E1_RECALL_ORIENTED_PER_PAGE_CAPACITY_1_K4	STAR_f68r2_12472	NO_EXACT_GLOBAL_ASSIGNMENT_IN_INCUMBENT
E1_RECALL_ORIENTED_PER_PAGE_CAPACITY_1_K4	STAR_f68r2_12473	NO_EXACT_GLOBAL_ASSIGNMENT_IN_INCUMBENT
E1_RECALL_ORIENTED_PER_PAGE_CAPACITY_1_K4	STAR_f68r2_12474	NO_EXACT_GLOBAL_ASSIGNMENT_IN_INCUMBENT
E1_RECALL_ORIENTED_PER_PAGE_CAPACITY_1_K4	STAR_f68r2_12475	NO_EXACT_GLOBAL_ASSIGNMENT_IN_INCUMBENT
E1_RECALL_ORIENTED_PER_PAGE_CAPACITY_1_K4	STAR_f68r2_12476	NO_EXACT_GLOBAL_ASSIGNMENT_IN_INCUMBENT
E1_RECALL_ORIENTED_PER_PAGE_CAPACITY_1_K4	STAR_f68r2_12477	NO_EXACT_GLOBAL_ASSIGNMENT_IN_INCUMBENT
E1_RECALL_ORIENTED_PER_PAGE_CAPACITY_1_K4	STAR_f68r2_12478	NO_EXACT_GLOBAL_ASSIGNMENT_IN_INCUMBENT
E1_RECALL_ORIENTED_PER_PAGE_CAPACITY_1_K4	STAR_f68r2_12479	NO_EXACT_GLOBAL_ASSIGNMENT_IN_INCUMBENT
E1_RECALL_ORIENTED_PER_PAGE_CAPACITY_1_K4	STAR_f68r2_12480	NO_EXACT_GLOBAL_ASSIGNMENT_IN_INCUMBENT
E1_RECALL_ORIENTED_PER_PAGE_CAPACITY_1_K4	STAR_f68r2_12481	NO_EXACT_GLOBAL_ASSIGNMENT_IN_INCUMBENT
E1_RECALL_ORIENTED_PER_PAGE_CAPACITY_1_K4	STAR_f68r2_12482	NO_EXACT_GLOBAL_ASSIGNMENT_IN_INCUMBENT
E1_RECALL_ORIENTED_PER_PAGE_CAPACITY_1_K4	STAR_f68r2_12483	NO_EXACT_GLOBAL_ASSIGNMENT_IN_INCUMBENT
E1_RECALL_ORIENTED_PER_PAGE_CAPACITY_1_K4	STAR_f68r2_12484	NO_EXACT_GLOBAL_ASSIGNMENT_IN_INCUMBENT
E1_RECALL_ORIENTED_PER_PAGE_CAPACITY_1_K4	STAR_f68r2_12485	NO_EXACT_GLOBAL_ASSIGNMENT_IN_INCUMBENT
E1_RECALL_ORIENTED_PER_PAGE_CAPACITY_1_K4	STAR_f68r2_12486	NO_EXACT_GLOBAL_ASSIGNMENT_IN_INCUMBENT
E1_RECALL_ORIENTED_PER_PAGE_CAPACITY_1_K4	STAR_f68r2_12487	NO_EXACT_GLOBAL_ASSIGNMENT_IN_INCUMBENT
E1_RECALL_ORIENTED_PER_PAGE_CAPACITY_1_K4	STAR_f68r2_12488	NO_EXACT_GLOBAL_ASSIGNMENT_IN_INCUMBENT
E1_RECALL_ORIENTED_PER_PAGE_CAPACITY_1_K4	STAR_f68r2_12489	NO_EXACT_GLOBAL_ASSIGNMENT_IN_INCUMBENT
E1_RECALL_ORIENTED_PER_PAGE_CAPACITY_1_K4	STAR_f68r2_12490	NO_EXACT_GLOBAL_ASSIGNMENT_IN_INCUMBENT
E1_RECALL_ORIENTED_PER_PAGE_CAPACITY_1_K4	STAR_f68r2_12491	NO_EXACT_GLOBAL_ASSIGNMENT_IN_INCUMBENT
E1_CONSERVATIVE_GLOBAL_CAPACITY_1_K4	STAR_f68r1_12380	NO_EXACT_GLOBAL_ASSIGNMENT_IN_INCUMBENT
E1_CONSERVATIVE_GLOBAL_CAPACITY_1_K4	STAR_f68r1_12381	NO_EXACT_GLOBAL_ASSIGNMENT_IN_INCUMBENT
E1_CONSERVATIVE_GLOBAL_CAPACITY_1_K4	STAR_f68r1_12382	NO_EXACT_GLOBAL_ASSIGNMENT_IN_INCUMBENT
E1_CONSERVATIVE_GLOBAL_CAPACITY_1_K4	STAR_f68r1_12383	NO_EXACT_GLOBAL_ASSIGNMENT_IN_INCUMBENT
E1_CONSERVATIVE_GLOBAL_CAPACITY_1_K4	STAR_f68r1_12384	NO_EXACT_GLOBAL_ASSIGNMENT_IN_INCUMBENT
E1_CONSERVATIVE_GLOBAL_CAPACITY_1_K4	STAR_f68r1_12385	NO_EXACT_GLOBAL_ASSIGNMENT_IN_INCUMBENT
E1_CONSERVATIVE_GLOBAL_CAPACITY_1_K4	STAR_f68r1_12386	NO_EXACT_GLOBAL_ASSIGNMENT_IN_INCUMBENT
E1_CONSERVATIVE_GLOBAL_CAPACITY_1_K4	STAR_f68r1_12387	NO_EXACT_GLOBAL_ASSIGNMENT_IN_INCUMBENT
E1_CONSERVATIVE_GLOBAL_CAPACITY_1_K4	STAR_f68r1_12388	NO_EXACT_GLOBAL_ASSIGNMENT_IN_INCUMBENT
E1_CONSERVATIVE_GLOBAL_CAPACITY_1_K4	STAR_f68r1_12389	NO_EXACT_GLOBAL_ASSIGNMENT_IN_INCUMBENT
E1_CONSERVATIVE_GLOBAL_CAPACITY_1_K4	STAR_f68r1_12390	NO_EXACT_GLOBAL_ASSIGNMENT_IN_INCUMBENT
E1_CONSERVATIVE_GLOBAL_CAPACITY_1_K4	STAR_f68r1_12391	NO_EXACT_GLOBAL_ASSIGNMENT_IN_INCUMBENT
E1_CONSERVATIVE_GLOBAL_CAPACITY_1_K4	STAR_f68r1_12392	NO_EXACT_GLOBAL_ASSIGNMENT_IN_INCUMBENT
E1_CONSERVATIVE_GLOBAL_CAPACITY_1_K4	STAR_f68r1_12393	NO_EXACT_GLOBAL_ASSIGNMENT_IN_INCUMBENT
E1_CONSERVATIVE_GLOBAL_CAPACITY_1_K4	STAR_f68r1_12394	NO_EXACT_GLOBAL_ASSIGNMENT_IN_INCUMBENT
E1_CONSERVATIVE_GLOBAL_CAPACITY_1_K4	STAR_f68r1_12395	NO_EXACT_GLOBAL_ASSIGNMENT_IN_INCUMBENT
E1_CONSERVATIVE_GLOBAL_CAPACITY_1_K4	STAR_f68r1_12396	NO_EXACT_GLOBAL_ASSIGNMENT_IN_INCUMBENT
E1_CONSERVATIVE_GLOBAL_CAPACITY_1_K4	STAR_f68r1_12397	NO_EXACT_GLOBAL_ASSIGNMENT_IN_INCUMBENT
E1_CONSERVATIVE_GLOBAL_CAPACITY_1_K4	STAR_f68r1_12398	NO_EXACT_GLOBAL_ASSIGNMENT_IN_INCUMBENT
E1_CONSERVATIVE_GLOBAL_CAPACITY_1_K4	STAR_f68r1_12399	NO_EXACT_GLOBAL_ASSIGNMENT_IN_INCUMBENT
E1_CONSERVATIVE_GLOBAL_CAPACITY_1_K4	STAR_f68r1_12400	NO_EXACT_GLOBAL_ASSIGNMENT_IN_INCUMBENT
E1_CONSERVATIVE_GLOBAL_CAPACITY_1_K4	STAR_f68r1_12401	NO_EXACT_GLOBAL_ASSIGNMENT_IN_INCUMBENT
E1_CONSERVATIVE_GLOBAL_CAPACITY_1_K4	STAR_f68r1_12403	NO_EXACT_GLOBAL_ASSIGNMENT_IN_INCUMBENT
E1_CONSERVATIVE_GLOBAL_CAPACITY_1_K4	STAR_f68r1_12405	NO_EXACT_GLOBAL_ASSIGNMENT_IN_INCUMBENT
E1_CONSERVATIVE_GLOBAL_CAPACITY_1_K4	STAR_f68r1_12406	NO_EXACT_GLOBAL_ASSIGNMENT_IN_INCUMBENT
E1_CONSERVATIVE_GLOBAL_CAPACITY_1_K4	STAR_f68r1_12407	NO_EXACT_GLOBAL_ASSIGNMENT_IN_INCUMBENT
E1_CONSERVATIVE_GLOBAL_CAPACITY_1_K4	STAR_f68r1_12408	NO_EXACT_GLOBAL_ASSIGNMENT_IN_INCUMBENT
E1_CONSERVATIVE_GLOBAL_CAPACITY_1_K4	STAR_f68r1_12409	NO_EXACT_GLOBAL_ASSIGNMENT_IN_INCUMBENT
E1_CONSERVATIVE_GLOBAL_CAPACITY_1_K4	STAR_f68r1_12410	NO_EXACT_GLOBAL_ASSIGNMENT_IN_INCUMBENT
E1_CONSERVATIVE_GLOBAL_CAPACITY_1_K4	STAR_f68r1_12411	NO_EXACT_GLOBAL_ASSIGNMENT_IN_INCUMBENT
E1_CONSERVATIVE_GLOBAL_CAPACITY_1_K4	STAR_f68r2_12465	NO_EXACT_GLOBAL_ASSIGNMENT_IN_INCUMBENT
E1_CONSERVATIVE_GLOBAL_CAPACITY_1_K4	STAR_f68r2_12467	NO_EXACT_GLOBAL_ASSIGNMENT_IN_INCUMBENT
E1_CONSERVATIVE_GLOBAL_CAPACITY_1_K4	STAR_f68r2_12468	NO_EXACT_GLOBAL_ASSIGNMENT_IN_INCUMBENT
E1_CONSERVATIVE_GLOBAL_CAPACITY_1_K4	STAR_f68r2_12469	NO_EXACT_GLOBAL_ASSIGNMENT_IN_INCUMBENT
E1_CONSERVATIVE_GLOBAL_CAPACITY_1_K4	STAR_f68r2_12470	NO_EXACT_GLOBAL_ASSIGNMENT_IN_INCUMBENT
E1_CONSERVATIVE_GLOBAL_CAPACITY_1_K4	STAR_f68r2_12471	NO_EXACT_GLOBAL_ASSIGNMENT_IN_INCUMBENT
E1_CONSERVATIVE_GLOBAL_CAPACITY_1_K4	STAR_f68r2_12472	NO_EXACT_GLOBAL_ASSIGNMENT_IN_INCUMBENT
E1_CONSERVATIVE_GLOBAL_CAPACITY_1_K4	STAR_f68r2_12473	NO_EXACT_GLOBAL_ASSIGNMENT_IN_INCUMBENT
E1_CONSERVATIVE_GLOBAL_CAPACITY_1_K4	STAR_f68r2_12474	NO_EXACT_GLOBAL_ASSIGNMENT_IN_INCUMBENT
E1_CONSERVATIVE_GLOBAL_CAPACITY_1_K4	STAR_f68r2_12475	NO_EXACT_GLOBAL_ASSIGNMENT_IN_INCUMBENT
E1_CONSERVATIVE_GLOBAL_CAPACITY_1_K4	STAR_f68r2_12476	NO_EXACT_GLOBAL_ASSIGNMENT_IN_INCUMBENT
E1_CONSERVATIVE_GLOBAL_CAPACITY_1_K4	STAR_f68r2_12477	NO_EXACT_GLOBAL_ASSIGNMENT_IN_INCUMBENT
E1_CONSERVATIVE_GLOBAL_CAPACITY_1_K4	STAR_f68r2_12478	NO_EXACT_GLOBAL_ASSIGNMENT_IN_INCUMBENT
E1_CONSERVATIVE_GLOBAL_CAPACITY_1_K4	STAR_f68r2_12479	NO_EXACT_GLOBAL_ASSIGNMENT_IN_INCUMBENT
E1_CONSERVATIVE_GLOBAL_CAPACITY_1_K4	STAR_f68r2_12480	NO_EXACT_GLOBAL_ASSIGNMENT_IN_INCUMBENT
E1_CONSERVATIVE_GLOBAL_CAPACITY_1_K4	STAR_f68r2_12481	NO_EXACT_GLOBAL_ASSIGNMENT_IN_INCUMBENT
E1_CONSERVATIVE_GLOBAL_CAPACITY_1_K4	STAR_f68r2_12482	NO_EXACT_GLOBAL_ASSIGNMENT_IN_INCUMBENT
E1_CONSERVATIVE_GLOBAL_CAPACITY_1_K4	STAR_f68r2_12483	NO_EXACT_GLOBAL_ASSIGNMENT_IN_INCUMBENT
E1_CONSERVATIVE_GLOBAL_CAPACITY_1_K4	STAR_f68r2_12484	NO_EXACT_GLOBAL_ASSIGNMENT_IN_INCUMBENT
E1_CONSERVATIVE_GLOBAL_CAPACITY_1_K4	STAR_f68r2_12485	NO_EXACT_GLOBAL_ASSIGNMENT_IN_INCUMBENT
E1_CONSERVATIVE_GLOBAL_CAPACITY_1_K4	STAR_f68r2_12486	NO_EXACT_GLOBAL_ASSIGNMENT_IN_INCUMBENT
E1_CONSERVATIVE_GLOBAL_CAPACITY_1_K4	STAR_f68r2_12487	NO_EXACT_GLOBAL_ASSIGNMENT_IN_INCUMBENT
E1_CONSERVATIVE_GLOBAL_CAPACITY_1_K4	STAR_f68r2_12488	NO_EXACT_GLOBAL_ASSIGNMENT_IN_INCUMBENT
E1_CONSERVATIVE_GLOBAL_CAPACITY_1_K4	STAR_f68r2_12489	NO_EXACT_GLOBAL_ASSIGNMENT_IN_INCUMBENT
E1_CONSERVATIVE_GLOBAL_CAPACITY_1_K4	STAR_f68r2_12490	NO_EXACT_GLOBAL_ASSIGNMENT_IN_INCUMBENT
E1_CONSERVATIVE_GLOBAL_CAPACITY_1_K4	STAR_f68r2_12491	NO_EXACT_GLOBAL_ASSIGNMENT_IN_INCUMBENT
E1_BALANCED_GLOBAL_CAPACITY_1_K4	STAR_f68r1_12380	NO_EXACT_GLOBAL_ASSIGNMENT_IN_INCUMBENT
E1_BALANCED_GLOBAL_CAPACITY_1_K4	STAR_f68r1_12381	NO_EXACT_GLOBAL_ASSIGNMENT_IN_INCUMBENT
E1_BALANCED_GLOBAL_CAPACITY_1_K4	STAR_f68r1_12382	NO_EXACT_GLOBAL_ASSIGNMENT_IN_INCUMBENT
E1_BALANCED_GLOBAL_CAPACITY_1_K4	STAR_f68r1_12383	NO_EXACT_GLOBAL_ASSIGNMENT_IN_INCUMBENT
E1_BALANCED_GLOBAL_CAPACITY_1_K4	STAR_f68r1_12384	NO_EXACT_GLOBAL_ASSIGNMENT_IN_INCUMBENT
E1_BALANCED_GLOBAL_CAPACITY_1_K4	STAR_f68r1_12385	NO_EXACT_GLOBAL_ASSIGNMENT_IN_INCUMBENT
E1_BALANCED_GLOBAL_CAPACITY_1_K4	STAR_f68r1_12386	NO_EXACT_GLOBAL_ASSIGNMENT_IN_INCUMBENT
E1_BALANCED_GLOBAL_CAPACITY_1_K4	STAR_f68r1_12387	NO_EXACT_GLOBAL_ASSIGNMENT_IN_INCUMBENT
E1_BALANCED_GLOBAL_CAPACITY_1_K4	STAR_f68r1_12388	NO_EXACT_GLOBAL_ASSIGNMENT_IN_INCUMBENT
E1_BALANCED_GLOBAL_CAPACITY_1_K4	STAR_f68r1_12389	NO_EXACT_GLOBAL_ASSIGNMENT_IN_INCUMBENT
E1_BALANCED_GLOBAL_CAPACITY_1_K4	STAR_f68r1_12390	NO_EXACT_GLOBAL_ASSIGNMENT_IN_INCUMBENT
E1_BALANCED_GLOBAL_CAPACITY_1_K4	STAR_f68r1_12391	NO_EXACT_GLOBAL_ASSIGNMENT_IN_INCUMBENT
E1_BALANCED_GLOBAL_CAPACITY_1_K4	STAR_f68r1_12392	NO_EXACT_GLOBAL_ASSIGNMENT_IN_INCUMBENT
E1_BALANCED_GLOBAL_CAPACITY_1_K4	STAR_f68r1_12393	NO_EXACT_GLOBAL_ASSIGNMENT_IN_INCUMBENT
E1_BALANCED_GLOBAL_CAPACITY_1_K4	STAR_f68r1_12394	NO_EXACT_GLOBAL_ASSIGNMENT_IN_INCUMBENT
E1_BALANCED_GLOBAL_CAPACITY_1_K4	STAR_f68r1_12395	NO_EXACT_GLOBAL_ASSIGNMENT_IN_INCUMBENT
E1_BALANCED_GLOBAL_CAPACITY_1_K4	STAR_f68r1_12396	NO_EXACT_GLOBAL_ASSIGNMENT_IN_INCUMBENT
E1_BALANCED_GLOBAL_CAPACITY_1_K4	STAR_f68r1_12397	NO_EXACT_GLOBAL_ASSIGNMENT_IN_INCUMBENT
E1_BALANCED_GLOBAL_CAPACITY_1_K4	STAR_f68r1_12398	NO_EXACT_GLOBAL_ASSIGNMENT_IN_INCUMBENT
E1_BALANCED_GLOBAL_CAPACITY_1_K4	STAR_f68r1_12399	NO_EXACT_GLOBAL_ASSIGNMENT_IN_INCUMBENT
E1_BALANCED_GLOBAL_CAPACITY_1_K4	STAR_f68r1_12400	NO_EXACT_GLOBAL_ASSIGNMENT_IN_INCUMBENT
E1_BALANCED_GLOBAL_CAPACITY_1_K4	STAR_f68r1_12401	NO_EXACT_GLOBAL_ASSIGNMENT_IN_INCUMBENT
E1_BALANCED_GLOBAL_CAPACITY_1_K4	STAR_f68r1_12403	NO_EXACT_GLOBAL_ASSIGNMENT_IN_INCUMBENT
E1_BALANCED_GLOBAL_CAPACITY_1_K4	STAR_f68r1_12405	NO_EXACT_GLOBAL_ASSIGNMENT_IN_INCUMBENT
E1_BALANCED_GLOBAL_CAPACITY_1_K4	STAR_f68r1_12406	NO_EXACT_GLOBAL_ASSIGNMENT_IN_INCUMBENT
E1_BALANCED_GLOBAL_CAPACITY_1_K4	STAR_f68r1_12407	NO_EXACT_GLOBAL_ASSIGNMENT_IN_INCUMBENT
E1_BALANCED_GLOBAL_CAPACITY_1_K4	STAR_f68r1_12408	NO_EXACT_GLOBAL_ASSIGNMENT_IN_INCUMBENT
E1_BALANCED_GLOBAL_CAPACITY_1_K4	STAR_f68r1_12409	NO_EXACT_GLOBAL_ASSIGNMENT_IN_INCUMBENT
E1_BALANCED_GLOBAL_CAPACITY_1_K4	STAR_f68r1_12410	NO_EXACT_GLOBAL_ASSIGNMENT_IN_INCUMBENT
E1_BALANCED_GLOBAL_CAPACITY_1_K4	STAR_f68r1_12411	NO_EXACT_GLOBAL_ASSIGNMENT_IN_INCUMBENT
E1_BALANCED_GLOBAL_CAPACITY_1_K4	STAR_f68r2_12465	NO_EXACT_GLOBAL_ASSIGNMENT_IN_INCUMBENT
E1_BALANCED_GLOBAL_CAPACITY_1_K4	STAR_f68r2_12467	NO_EXACT_GLOBAL_ASSIGNMENT_IN_INCUMBENT
E1_BALANCED_GLOBAL_CAPACITY_1_K4	STAR_f68r2_12468	NO_EXACT_GLOBAL_ASSIGNMENT_IN_INCUMBENT
E1_BALANCED_GLOBAL_CAPACITY_1_K4	STAR_f68r2_12469	NO_EXACT_GLOBAL_ASSIGNMENT_IN_INCUMBENT
E1_BALANCED_GLOBAL_CAPACITY_1_K4	STAR_f68r2_12470	NO_EXACT_GLOBAL_ASSIGNMENT_IN_INCUMBENT
E1_BALANCED_GLOBAL_CAPACITY_1_K4	STAR_f68r2_12471	NO_EXACT_GLOBAL_ASSIGNMENT_IN_INCUMBENT
E1_BALANCED_GLOBAL_CAPACITY_1_K4	STAR_f68r2_12472	NO_EXACT_GLOBAL_ASSIGNMENT_IN_INCUMBENT
E1_BALANCED_GLOBAL_CAPACITY_1_K4	STAR_f68r2_12473	NO_EXACT_GLOBAL_ASSIGNMENT_IN_INCUMBENT
E1_BALANCED_GLOBAL_CAPACITY_1_K4	STAR_f68r2_12474	NO_EXACT_GLOBAL_ASSIGNMENT_IN_INCUMBENT
E1_BALANCED_GLOBAL_CAPACITY_1_K4	STAR_f68r2_12475	NO_EXACT_GLOBAL_ASSIGNMENT_IN_INCUMBENT
E1_BALANCED_GLOBAL_CAPACITY_1_K4	STAR_f68r2_12476	NO_EXACT_GLOBAL_ASSIGNMENT_IN_INCUMBENT
E1_BALANCED_GLOBAL_CAPACITY_1_K4	STAR_f68r2_12477	NO_EXACT_GLOBAL_ASSIGNMENT_IN_INCUMBENT
E1_BALANCED_GLOBAL_CAPACITY_1_K4	STAR_f68r2_12478	NO_EXACT_GLOBAL_ASSIGNMENT_IN_INCUMBENT
E1_BALANCED_GLOBAL_CAPACITY_1_K4	STAR_f68r2_12479	NO_EXACT_GLOBAL_ASSIGNMENT_IN_INCUMBENT
E1_BALANCED_GLOBAL_CAPACITY_1_K4	STAR_f68r2_12480	NO_EXACT_GLOBAL_ASSIGNMENT_IN_INCUMBENT
E1_BALANCED_GLOBAL_CAPACITY_1_K4	STAR_f68r2_12481	NO_EXACT_GLOBAL_ASSIGNMENT_IN_INCUMBENT
E1_BALANCED_GLOBAL_CAPACITY_1_K4	STAR_f68r2_12482	NO_EXACT_GLOBAL_ASSIGNMENT_IN_INCUMBENT
E1_BALANCED_GLOBAL_CAPACITY_1_K4	STAR_f68r2_12483	NO_EXACT_GLOBAL_ASSIGNMENT_IN_INCUMBENT
E1_BALANCED_GLOBAL_CAPACITY_1_K4	STAR_f68r2_12484	NO_EXACT_GLOBAL_ASSIGNMENT_IN_INCUMBENT
E1_BALANCED_GLOBAL_CAPACITY_1_K4	STAR_f68r2_12485	NO_EXACT_GLOBAL_ASSIGNMENT_IN_INCUMBENT
E1_BALANCED_GLOBAL_CAPACITY_1_K4	STAR_f68r2_12486	NO_EXACT_GLOBAL_ASSIGNMENT_IN_INCUMBENT
E1_BALANCED_GLOBAL_CAPACITY_1_K4	STAR_f68r2_12487	NO_EXACT_GLOBAL_ASSIGNMENT_IN_INCUMBENT
E1_BALANCED_GLOBAL_CAPACITY_1_K4	STAR_f68r2_12488	NO_EXACT_GLOBAL_ASSIGNMENT_IN_INCUMBENT
E1_BALANCED_GLOBAL_CAPACITY_1_K4	STAR_f68r2_12489	NO_EXACT_GLOBAL_ASSIGNMENT_IN_INCUMBENT
E1_BALANCED_GLOBAL_CAPACITY_1_K4	STAR_f68r2_12490	NO_EXACT_GLOBAL_ASSIGNMENT_IN_INCUMBENT
E1_BALANCED_GLOBAL_CAPACITY_1_K4	STAR_f68r2_12491	NO_EXACT_GLOBAL_ASSIGNMENT_IN_INCUMBENT
E1_RECALL_ORIENTED_GLOBAL_CAPACITY_1_K4	STAR_f68r1_12380	NO_EXACT_GLOBAL_ASSIGNMENT_IN_INCUMBENT
E1_RECALL_ORIENTED_GLOBAL_CAPACITY_1_K4	STAR_f68r1_12381	NO_EXACT_GLOBAL_ASSIGNMENT_IN_INCUMBENT
E1_RECALL_ORIENTED_GLOBAL_CAPACITY_1_K4	STAR_f68r1_12382	NO_EXACT_GLOBAL_ASSIGNMENT_IN_INCUMBENT
E1_RECALL_ORIENTED_GLOBAL_CAPACITY_1_K4	STAR_f68r1_12383	NO_EXACT_GLOBAL_ASSIGNMENT_IN_INCUMBENT
E1_RECALL_ORIENTED_GLOBAL_CAPACITY_1_K4	STAR_f68r1_12384	NO_EXACT_GLOBAL_ASSIGNMENT_IN_INCUMBENT
E1_RECALL_ORIENTED_GLOBAL_CAPACITY_1_K4	STAR_f68r1_12385	NO_EXACT_GLOBAL_ASSIGNMENT_IN_INCUMBENT
E1_RECALL_ORIENTED_GLOBAL_CAPACITY_1_K4	STAR_f68r1_12386	NO_EXACT_GLOBAL_ASSIGNMENT_IN_INCUMBENT
E1_RECALL_ORIENTED_GLOBAL_CAPACITY_1_K4	STAR_f68r1_12387	NO_EXACT_GLOBAL_ASSIGNMENT_IN_INCUMBENT
E1_RECALL_ORIENTED_GLOBAL_CAPACITY_1_K4	STAR_f68r1_12388	NO_EXACT_GLOBAL_ASSIGNMENT_IN_INCUMBENT
E1_RECALL_ORIENTED_GLOBAL_CAPACITY_1_K4	STAR_f68r1_12389	NO_EXACT_GLOBAL_ASSIGNMENT_IN_INCUMBENT
E1_RECALL_ORIENTED_GLOBAL_CAPACITY_1_K4	STAR_f68r1_12390	NO_EXACT_GLOBAL_ASSIGNMENT_IN_INCUMBENT
E1_RECALL_ORIENTED_GLOBAL_CAPACITY_1_K4	STAR_f68r1_12391	NO_EXACT_GLOBAL_ASSIGNMENT_IN_INCUMBENT
E1_RECALL_ORIENTED_GLOBAL_CAPACITY_1_K4	STAR_f68r1_12392	NO_EXACT_GLOBAL_ASSIGNMENT_IN_INCUMBENT
E1_RECALL_ORIENTED_GLOBAL_CAPACITY_1_K4	STAR_f68r1_12393	NO_EXACT_GLOBAL_ASSIGNMENT_IN_INCUMBENT
E1_RECALL_ORIENTED_GLOBAL_CAPACITY_1_K4	STAR_f68r1_12394	NO_EXACT_GLOBAL_ASSIGNMENT_IN_INCUMBENT
E1_RECALL_ORIENTED_GLOBAL_CAPACITY_1_K4	STAR_f68r1_12395	NO_EXACT_GLOBAL_ASSIGNMENT_IN_INCUMBENT
E1_RECALL_ORIENTED_GLOBAL_CAPACITY_1_K4	STAR_f68r1_12396	NO_EXACT_GLOBAL_ASSIGNMENT_IN_INCUMBENT
E1_RECALL_ORIENTED_GLOBAL_CAPACITY_1_K4	STAR_f68r1_12397	NO_EXACT_GLOBAL_ASSIGNMENT_IN_INCUMBENT
E1_RECALL_ORIENTED_GLOBAL_CAPACITY_1_K4	STAR_f68r1_12398	NO_EXACT_GLOBAL_ASSIGNMENT_IN_INCUMBENT
E1_RECALL_ORIENTED_GLOBAL_CAPACITY_1_K4	STAR_f68r1_12399	NO_EXACT_GLOBAL_ASSIGNMENT_IN_INCUMBENT
E1_RECALL_ORIENTED_GLOBAL_CAPACITY_1_K4	STAR_f68r1_12400	NO_EXACT_GLOBAL_ASSIGNMENT_IN_INCUMBENT
E1_RECALL_ORIENTED_GLOBAL_CAPACITY_1_K4	STAR_f68r1_12401	NO_EXACT_GLOBAL_ASSIGNMENT_IN_INCUMBENT
E1_RECALL_ORIENTED_GLOBAL_CAPACITY_1_K4	STAR_f68r1_12403	NO_EXACT_GLOBAL_ASSIGNMENT_IN_INCUMBENT
E1_RECALL_ORIENTED_GLOBAL_CAPACITY_1_K4	STAR_f68r1_12405	NO_EXACT_GLOBAL_ASSIGNMENT_IN_INCUMBENT
E1_RECALL_ORIENTED_GLOBAL_CAPACITY_1_K4	STAR_f68r1_12406	NO_EXACT_GLOBAL_ASSIGNMENT_IN_INCUMBENT
E1_RECALL_ORIENTED_GLOBAL_CAPACITY_1_K4	STAR_f68r1_12407	NO_EXACT_GLOBAL_ASSIGNMENT_IN_INCUMBENT
E1_RECALL_ORIENTED_GLOBAL_CAPACITY_1_K4	STAR_f68r1_12408	NO_EXACT_GLOBAL_ASSIGNMENT_IN_INCUMBENT
E1_RECALL_ORIENTED_GLOBAL_CAPACITY_1_K4	STAR_f68r1_12409	NO_EXACT_GLOBAL_ASSIGNMENT_IN_INCUMBENT
E1_RECALL_ORIENTED_GLOBAL_CAPACITY_1_K4	STAR_f68r1_12410	NO_EXACT_GLOBAL_ASSIGNMENT_IN_INCUMBENT
E1_RECALL_ORIENTED_GLOBAL_CAPACITY_1_K4	STAR_f68r1_12411	NO_EXACT_GLOBAL_ASSIGNMENT_IN_INCUMBENT
E1_RECALL_ORIENTED_GLOBAL_CAPACITY_1_K4	STAR_f68r2_12465	NO_EXACT_GLOBAL_ASSIGNMENT_IN_INCUMBENT
E1_RECALL_ORIENTED_GLOBAL_CAPACITY_1_K4	STAR_f68r2_12467	NO_EXACT_GLOBAL_ASSIGNMENT_IN_INCUMBENT
E1_RECALL_ORIENTED_GLOBAL_CAPACITY_1_K4	STAR_f68r2_12468	NO_EXACT_GLOBAL_ASSIGNMENT_IN_INCUMBENT
E1_RECALL_ORIENTED_GLOBAL_CAPACITY_1_K4	STAR_f68r2_12469	NO_EXACT_GLOBAL_ASSIGNMENT_IN_INCUMBENT
E1_RECALL_ORIENTED_GLOBAL_CAPACITY_1_K4	STAR_f68r2_12470	NO_EXACT_GLOBAL_ASSIGNMENT_IN_INCUMBENT
E1_RECALL_ORIENTED_GLOBAL_CAPACITY_1_K4	STAR_f68r2_12471	NO_EXACT_GLOBAL_ASSIGNMENT_IN_INCUMBENT
E1_RECALL_ORIENTED_GLOBAL_CAPACITY_1_K4	STAR_f68r2_12472	NO_EXACT_GLOBAL_ASSIGNMENT_IN_INCUMBENT
E1_RECALL_ORIENTED_GLOBAL_CAPACITY_1_K4	STAR_f68r2_12473	NO_EXACT_GLOBAL_ASSIGNMENT_IN_INCUMBENT
E1_RECALL_ORIENTED_GLOBAL_CAPACITY_1_K4	STAR_f68r2_12474	NO_EXACT_GLOBAL_ASSIGNMENT_IN_INCUMBENT
E1_RECALL_ORIENTED_GLOBAL_CAPACITY_1_K4	STAR_f68r2_12475	NO_EXACT_GLOBAL_ASSIGNMENT_IN_INCUMBENT
E1_RECALL_ORIENTED_GLOBAL_CAPACITY_1_K4	STAR_f68r2_12476	NO_EXACT_GLOBAL_ASSIGNMENT_IN_INCUMBENT
E1_RECALL_ORIENTED_GLOBAL_CAPACITY_1_K4	STAR_f68r2_12477	NO_EXACT_GLOBAL_ASSIGNMENT_IN_INCUMBENT
E1_RECALL_ORIENTED_GLOBAL_CAPACITY_1_K4	STAR_f68r2_12478	NO_EXACT_GLOBAL_ASSIGNMENT_IN_INCUMBENT
E1_RECALL_ORIENTED_GLOBAL_CAPACITY_1_K4	STAR_f68r2_12479	NO_EXACT_GLOBAL_ASSIGNMENT_IN_INCUMBENT
E1_RECALL_ORIENTED_GLOBAL_CAPACITY_1_K4	STAR_f68r2_12480	NO_EXACT_GLOBAL_ASSIGNMENT_IN_INCUMBENT
E1_RECALL_ORIENTED_GLOBAL_CAPACITY_1_K4	STAR_f68r2_12481	NO_EXACT_GLOBAL_ASSIGNMENT_IN_INCUMBENT
E1_RECALL_ORIENTED_GLOBAL_CAPACITY_1_K4	STAR_f68r2_12482	NO_EXACT_GLOBAL_ASSIGNMENT_IN_INCUMBENT
E1_RECALL_ORIENTED_GLOBAL_CAPACITY_1_K4	STAR_f68r2_12483	NO_EXACT_GLOBAL_ASSIGNMENT_IN_INCUMBENT
E1_RECALL_ORIENTED_GLOBAL_CAPACITY_1_K4	STAR_f68r2_12484	NO_EXACT_GLOBAL_ASSIGNMENT_IN_INCUMBENT
E1_RECALL_ORIENTED_GLOBAL_CAPACITY_1_K4	STAR_f68r2_12485	NO_EXACT_GLOBAL_ASSIGNMENT_IN_INCUMBENT
E1_RECALL_ORIENTED_GLOBAL_CAPACITY_1_K4	STAR_f68r2_12486	NO_EXACT_GLOBAL_ASSIGNMENT_IN_INCUMBENT
E1_RECALL_ORIENTED_GLOBAL_CAPACITY_1_K4	STAR_f68r2_12487	NO_EXACT_GLOBAL_ASSIGNMENT_IN_INCUMBENT
E1_RECALL_ORIENTED_GLOBAL_CAPACITY_1_K4	STAR_f68r2_12488	NO_EXACT_GLOBAL_ASSIGNMENT_IN_INCUMBENT
E1_RECALL_ORIENTED_GLOBAL_CAPACITY_1_K4	STAR_f68r2_12489	NO_EXACT_GLOBAL_ASSIGNMENT_IN_INCUMBENT
E1_RECALL_ORIENTED_GLOBAL_CAPACITY_1_K4	STAR_f68r2_12490	NO_EXACT_GLOBAL_ASSIGNMENT_IN_INCUMBENT
E1_RECALL_ORIENTED_GLOBAL_CAPACITY_1_K4	STAR_f68r2_12491	NO_EXACT_GLOBAL_ASSIGNMENT_IN_INCUMBENT
