target_a	target_b	control_rank	control_a	control_b	distance	js_similarity	weighted_overlap	jaccard_support_overlap	observations_a	observations_b	reliability
or	s	1	am	qokeedy	1	0.12734625680602174	0.08700098477388077	0.0502092050209205	86	307	1
or	s	1	am	qokeedy	2	0.17947631315351065	0.1163169456859329	0.07434944237918216	86	307	1
or	s	1	am	qokeedy	3	0.2082369581645681	0.15074615559427318	0.08979591836734693	86	307	1
or	s	1	am	qokeedy	4	0.3544229318626694	0.26937353230815847	0.125	86	307	1
or	s	1	am	qokeedy	5	0.22651586318669037	0.15540489356866907	0.08984375	86	307	1
or	s	1	am	qokeedy	6	0.28152158528557747	0.21077948640254526	0.1125	86	307	1
or	s	1	am	qokeedy	7	0.2915716736681364	0.21263540640860545	0.10655737704918032	86	307	1
or	s	1	am	qokeedy	8	0.24915583111445105	0.19680327247935767	0.08835341365461848	86	307	1
or	s	1	am	qokeedy	9	0.20864152872476915	0.15169305355654875	0.078125	86	307	1
or	s	1	am	qokeedy	10	0.23563324581642753	0.17540337853192942	0.08764940239043825	86	307	1
or	s	1	am	qokeedy	11	0.19016739333261712	0.13260359063707297	0.06746031746031746	86	307	1
or	s	1	am	qokeedy	12	0.24151016673194636	0.18191803651238544	0.10204081632653061	86	307	1
or	s	1	am	qokeedy	13	0.18890700216657497	0.13771683963336112	0.07364341085271318	86	307	1
or	s	1	am	qokeedy	14	0.3117824342533423	0.22471782440724192	0.12350597609561753	86	307	1
or	s	1	am	qokeedy	15	0.24847355407241123	0.1837739565184456	0.08661417322834646	86	307	1
or	s	1	am	qokeedy	16	0.22802800966680647	0.16843420952958113	0.10196078431372549	86	307	1
or	s	1	am	qokeedy	17	0.19175632106467855	0.13400499962124085	0.08139534883720931	86	307	1
or	s	1	am	qokeedy	18	0.20035477244034228	0.12794485266267708	0.08949416342412451	86	307	1
or	s	1	am	qokeedy	19	0.24703860300055303	0.19680327247935764	0.08943089430894309	86	307	1
or	s	1	am	qokeedy	20	0.25162714844506506	0.18983410347700935	0.09523809523809523	86	307	1
or	s	2	am	qokeey	1	0.21297526329082572	0.1572608135747292	0.08032128514056225	86	307	1
or	s	2	am	qokeey	2	0.21724903207011326	0.1470343155821529	0.08695652173913043	86	307	1
or	s	2	am	qokeey	3	0.20446651786257664	0.14889023558821302	0.10040160642570281	86	307	1
or	s	2	am	qokeey	4	0.31961934381186974	0.2489205363230059	0.10861423220973783	86	307	1
or	s	2	am	qokeey	5	0.1995991106018643	0.13400499962124085	0.0842911877394636	86	307	1
or	s	2	am	qokeey	6	0.26829919831139715	0.20286341943792138	0.0996309963099631	86	307	1
or	s	2	am	qokeey	7	0.32473417978314656	0.23914854935232183	0.11740890688259109	86	307	1
or	s	2	am	qokeey	8	0.23656108153518918	0.176350276494205	0.08487084870848709	86	307	1
or	s	2	am	qokeey	9	0.243646646634884	0.16517688053935312	0.10276679841897234	86	307	1
or	s	2	am	qokeey	10	0.2025884782015963	0.1586622225588971	0.07662835249042145	86	307	1
or	s	2	am	qokeey	11	0.1761844559868394	0.12468752367244906	0.05639097744360902	86	307	1
or	s	2	am	qokeey	12	0.2535490495613454	0.1954018634951898	0.10441767068273092	86	307	1
or	s	2	am	qokeey	13	0.1994352387151873	0.1437769865919249	0.0749063670411985	86	307	1
or	s	2	am	qokeey	14	0.2730950073301682	0.19309143246723734	0.09885931558935361	86	307	1
or	s	2	am	qokeey	15	0.23096648719290447	0.17074464055753352	0.07806691449814127	86	307	1
or	s	2	am	qokeey	16	0.23049575738916284	0.16703280054541325	0.09125475285171103	86	307	1
or	s	2	am	qokeey	17	0.2073991180290652	0.1437769865919249	0.08823529411764706	86	307	1
or	s	2	am	qokeey	18	0.2604111678899024	0.1879781834709492	0.09398496240601503	86	307	1
or	s	2	am	qokeey	19	0.20889530377657028	0.15866222255889706	0.08273381294964029	86	307	1
or	s	2	am	qokeey	20	0.2796460008814845	0.2116885084463298	0.0984251968503937	86	307	1
or	s	3	ar	qotchy	1	0.10708115728921586	0.06451612903225806	0.04498269896193772	403	62	1
or	s	3	ar	qotchy	2	0.17458679150215872	0.10297766749379653	0.047619047619047616	403	62	1
or	s	3	ar	qotchy	3	0.13451779554221865	0.07816377171215881	0.040625	403	62	1
or	s	3	ar	qotchy	4	0.19305446255510395	0.11662531017369727	0.06363636363636363	403	62	1
or	s	3	ar	qotchy	5	0.16540495955455614	0.1054590570719603	0.05389221556886228	403	62	1
or	s	3	ar	qotchy	6	0.16838397807088357	0.10173697270471464	0.046583850931677016	403	62	1
or	s	3	ar	qotchy	7	0.18623583455990445	0.12158808933002482	0.06191950464396285	403	62	1
or	s	3	ar	qotchy	8	0.16110262508135986	0.11166253101736973	0.04294478527607362	403	62	1
or	s	3	ar	qotchy	9	0.11935626739538252	0.0794044665012407	0.038922155688622756	403	62	1
or	s	3	ar	qotchy	10	0.1953556339467568	0.12903225806451613	0.05379746835443038	403	62	1
or	s	3	ar	qotchy	11	0.21768356136304534	0.14143920595533502	0.07348242811501597	403	62	1
or	s	3	ar	qotchy	12	0.18048432535218306	0.11662531017369727	0.04281345565749235	403	62	1
or	s	3	ar	qotchy	13	0.22047449277834608	0.16004962779156331	0.06050955414012739	403	62	1
or	s	3	ar	qotchy	14	0.1691566790131499	0.1141439205955335	0.05521472392638037	403	62	1
or	s	3	ar	qotchy	15	0.13936601858970576	0.09553349875930521	0.04129793510324484	403	62	1
or	s	3	ar	qotchy	16	0.13365939686690076	0.07444168734491315	0.04678362573099415	403	62	1
or	s	3	ar	qotchy	17	0.1454132638518173	0.09181141439205955	0.04491017964071856	403	62	1
or	s	3	ar	qotchy	18	0.16364607142591547	0.09925558312655086	0.060240963855421686	403	62	1
or	s	3	ar	qotchy	19	0.21041621785389564	0.1327543424317618	0.06422018348623854	403	62	1
or	s	3	ar	qotchy	20	0.12604642565624302	0.06947890818858563	0.04819277108433735	403	62	1
chol	daiin	1	aiin	qotchy	1	0.13333052022875735	0.07936507936507936	0.04395604395604396	504	62	1
chol	daiin	1	aiin	qotchy	2	0.1991064285197387	0.11309523809523805	0.0549738219895288	504	62	1
chol	daiin	1	aiin	qotchy	3	0.16909826829858898	0.09549411162314389	0.04825737265415549	504	62	1
chol	daiin	1	aiin	qotchy	4	0.22209649178007507	0.13914490527393744	0.06933333333333333	504	62	1
chol	daiin	1	aiin	qotchy	5	0.14778285177168926	0.08954173067076292	0.041884816753926704	504	62	1
chol	daiin	1	aiin	qotchy	6	0.21121037691214617	0.12499999999999997	0.05945945945945946	504	62	1
chol	daiin	1	aiin	qotchy	7	0.20470671132671614	0.1349206349206349	0.056	504	62	1
chol	daiin	1	aiin	qotchy	8	0.1776377158296033	0.11930363543266767	0.04450261780104712	504	62	1
chol	daiin	1	aiin	qotchy	9	0.15280019855411253	0.08928571428571427	0.05699481865284974	504	62	1
chol	daiin	1	aiin	qotchy	10	0.2220927149632146	0.13914490527393752	0.06077348066298342	504	62	1
chol	daiin	1	aiin	qotchy	11	0.20107712537439681	0.12103174603174598	0.05929919137466307	504	62	1
chol	daiin	1	aiin	qotchy	12	0.20212528179315514	0.12327188940092164	0.046153846153846156	504	62	1
chol	daiin	1	aiin	qotchy	13	0.20914537710616654	0.14932155657962104	0.04960835509138381	504	62	1
chol	daiin	1	aiin	qotchy	14	0.1483254289370074	0.10317460317460318	0.042666666666666665	504	62	1
chol	daiin	1	aiin	qotchy	15	0.15246001016855448	0.09152585765488992	0.04580152671755725	504	62	1
chol	daiin	1	aiin	qotchy	16	0.18220448619716823	0.121031746031746	0.04639175257731959	504	62	1
chol	daiin	1	aiin	qotchy	17	0.17997866921718253	0.10317460317460317	0.04738154613466334	504	62	1
chol	daiin	1	aiin	qotchy	18	0.17712607368984357	0.11111111111111112	0.05675675675675676	504	62	1
chol	daiin	1	aiin	qotchy	19	0.2106581648151743	0.13492063492063489	0.06382978723404255	504	62	1
chol	daiin	1	aiin	qotchy	20	0.21830150949138527	0.13888888888888884	0.059895833333333336	504	62	1
chol	daiin	2	am	qokeedy	1	0.12734625680602196	0.08700098477388078	0.0502092050209205	86	307	1
chol	daiin	2	am	qokeedy	2	0.17947631315351098	0.1163169456859329	0.07434944237918216	86	307	1
chol	daiin	2	am	qokeedy	3	0.2082369581645671	0.15074615559427318	0.08979591836734693	86	307	1
chol	daiin	2	am	qokeedy	4	0.3544229318626695	0.26937353230815847	0.125	86	307	1
chol	daiin	2	am	qokeedy	5	0.22651586318669037	0.15540489356866907	0.08984375	86	307	1
chol	daiin	2	am	qokeedy	6	0.28152158528557736	0.2107794864025453	0.1125	86	307	1
chol	daiin	2	am	qokeedy	7	0.29157167366813563	0.21263540640860545	0.10655737704918032	86	307	1
chol	daiin	2	am	qokeedy	8	0.24915583111445072	0.19680327247935764	0.08835341365461848	86	307	1
chol	daiin	2	am	qokeedy	9	0.2086415287247686	0.15169305355654877	0.078125	86	307	1
chol	daiin	2	am	qokeedy	10	0.23563324581642764	0.17540337853192944	0.08764940239043825	86	307	1
chol	daiin	2	am	qokeedy	11	0.1901673933326169	0.13260359063707297	0.06746031746031746	86	307	1
chol	daiin	2	am	qokeedy	12	0.24151016673194603	0.18191803651238547	0.10204081632653061	86	307	1
chol	daiin	2	am	qokeedy	13	0.1889070021665753	0.1377168396333611	0.07364341085271318	86	307	1
chol	daiin	2	am	qokeedy	14	0.3117824342533424	0.2247178244072419	0.12350597609561753	86	307	1
chol	daiin	2	am	qokeedy	15	0.24847355407241156	0.18377395651844558	0.08661417322834646	86	307	1
chol	daiin	2	am	qokeedy	16	0.22802800966680647	0.16843420952958113	0.10196078431372549	86	307	1
chol	daiin	2	am	qokeedy	17	0.19175632106467833	0.13400499962124085	0.08139534883720931	86	307	1
chol	daiin	2	am	qokeedy	18	0.2003547724403425	0.12794485266267708	0.08949416342412451	86	307	1
chol	daiin	2	am	qokeedy	19	0.24703860300055291	0.19680327247935764	0.08943089430894309	86	307	1
chol	daiin	2	am	qokeedy	20	0.25162714844506495	0.18983410347700935	0.09523809523809523	86	307	1
chol	daiin	3	aiin	sor	1	0.18909692173059844	0.11286181139122314	0.05475504322766571	504	51	1
chol	daiin	3	aiin	sor	2	0.22086656047159914	0.15032679738562088	0.052770448548812667	504	51	1
chol	daiin	3	aiin	sor	3	0.20341570449432278	0.12476657329598502	0.06301369863013699	504	51	1
chol	daiin	3	aiin	sor	4	0.25198428816257634	0.16246498599439774	0.06486486486486487	504	51	1
chol	daiin	3	aiin	sor	5	0.21935503076874208	0.13690476190476186	0.06027397260273973	504	51	1
chol	daiin	3	aiin	sor	6	0.26287825098884343	0.17460317460317457	0.06060606060606061	504	51	1
chol	daiin	3	aiin	sor	7	0.2615469938798647	0.16421568627450972	0.07799442896935933	504	51	1
chol	daiin	3	aiin	sor	8	0.2202645715538314	0.15429505135387483	0.04904632152588556	504	51	1
chol	daiin	3	aiin	sor	9	0.21849720080715374	0.1386554621848739	0.06702412868632708	504	51	1
chol	daiin	3	aiin	sor	10	0.18842008959769108	0.13492063492063494	0.03825136612021858	504	51	1
chol	daiin	3	aiin	sor	11	0.19921554469820546	0.11904761904761904	0.06077348066298342	504	51	1
chol	daiin	3	aiin	sor	12	0.26657238943382167	0.16795051353874882	0.0748663101604278	504	51	1
chol	daiin	3	aiin	sor	13	0.2796910482631747	0.1723856209150326	0.07967032967032966	504	51	1
chol	daiin	3	aiin	sor	14	0.1337300921838136	0.07913165266106442	0.04120879120879121	504	51	1
chol	daiin	3	aiin	sor	15	0.1403278404477648	0.08905228758169931	0.038860103626943004	504	51	1
chol	daiin	3	aiin	sor	16	0.20763832296874385	0.132703081232493	0.047493403693931395	504	51	1
chol	daiin	3	aiin	sor	17	0.21328496507003802	0.13095238095238093	0.05102040816326531	504	51	1
chol	daiin	3	aiin	sor	18	0.18726498416415804	0.11484593837535012	0.05234159779614325	504	51	1
chol	daiin	3	aiin	sor	19	0.14475948305306996	0.09302054154995332	0.042328042328042326	504	51	1
chol	daiin	3	aiin	sor	20	0.2022219784951539	0.13643790849673199	0.05235602094240838	504	51	1
r	s	1	am	qokeedy	1	0.12734625680602174	0.08700098477388077	0.0502092050209205	86	307	1
r	s	1	am	qokeedy	2	0.17947631315350987	0.1163169456859329	0.07434944237918216	86	307	1
r	s	1	am	qokeedy	3	0.20823695816456733	0.15074615559427315	0.08979591836734693	86	307	1
r	s	1	am	qokeedy	4	0.3544229318626695	0.2693735323081585	0.125	86	307	1
r	s	1	am	qokeedy	5	0.22651586318669048	0.15540489356866904	0.08984375	86	307	1
r	s	1	am	qokeedy	6	0.281521585285578	0.21077948640254532	0.1125	86	307	1
r	s	1	am	qokeedy	7	0.29157167366813586	0.21263540640860543	0.10655737704918032	86	307	1
r	s	1	am	qokeedy	8	0.24915583111445117	0.19680327247935764	0.08835341365461848	86	307	1
r	s	1	am	qokeedy	9	0.20864152872476915	0.15169305355654877	0.078125	86	307	1
r	s	1	am	qokeedy	10	0.23563324581642775	0.17540337853192944	0.08764940239043825	86	307	1
r	s	1	am	qokeedy	11	0.19016739333261712	0.13260359063707294	0.06746031746031746	86	307	1
r	s	1	am	qokeedy	12	0.2415101667319468	0.18191803651238544	0.10204081632653061	86	307	1
r	s	1	am	qokeedy	13	0.18890700216657497	0.13771683963336112	0.07364341085271318	86	307	1
r	s	1	am	qokeedy	14	0.31178243425334273	0.22471782440724186	0.12350597609561753	86	307	1
r	s	1	am	qokeedy	15	0.24847355407241145	0.18377395651844558	0.08661417322834646	86	307	1
r	s	1	am	qokeedy	16	0.22802800966680614	0.16843420952958113	0.10196078431372549	86	307	1
r	s	1	am	qokeedy	17	0.19175632106467744	0.13400499962124082	0.08139534883720931	86	307	1
r	s	1	am	qokeedy	18	0.2003547724403414	0.1279448526626771	0.08949416342412451	86	307	1
r	s	1	am	qokeedy	19	0.2470386030005527	0.19680327247935764	0.08943089430894309	86	307	1
r	s	1	am	qokeedy	20	0.25162714844506473	0.18983410347700935	0.09523809523809523	86	307	1
r	s	2	am	qokeey	1	0.2129752632908264	0.1572608135747292	0.08032128514056225	86	307	1
r	s	2	am	qokeey	2	0.21724903207011315	0.14703431558215288	0.08695652173913043	86	307	1
r	s	2	am	qokeey	3	0.20446651786257686	0.14889023558821304	0.10040160642570281	86	307	1
r	s	2	am	qokeey	4	0.3196193438118695	0.24892053632300587	0.10861423220973783	86	307	1
r	s	2	am	qokeey	5	0.19959911060186486	0.13400499962124082	0.0842911877394636	86	307	1
r	s	2	am	qokeey	6	0.26829919831139715	0.2028634194379214	0.0996309963099631	86	307	1
r	s	2	am	qokeey	7	0.3247341797831458	0.23914854935232183	0.11740890688259109	86	307	1
r	s	2	am	qokeey	8	0.2365610815351893	0.176350276494205	0.08487084870848709	86	307	1
r	s	2	am	qokeey	9	0.24364664663488467	0.16517688053935312	0.10276679841897234	86	307	1
r	s	2	am	qokeey	10	0.20258847820159565	0.15866222255889706	0.07662835249042145	86	307	1
r	s	2	am	qokeey	11	0.1761844559868394	0.12468752367244908	0.05639097744360902	86	307	1
r	s	2	am	qokeey	12	0.2535490495613455	0.1954018634951898	0.10441767068273092	86	307	1
r	s	2	am	qokeey	13	0.19943523871518687	0.1437769865919249	0.0749063670411985	86	307	1
r	s	2	am	qokeey	14	0.27309500733016834	0.19309143246723737	0.09885931558935361	86	307	1
r	s	2	am	qokeey	15	0.23096648719290402	0.17074464055753355	0.07806691449814127	86	307	1
r	s	2	am	qokeey	16	0.2304957573891635	0.16703280054541325	0.09125475285171103	86	307	1
r	s	2	am	qokeey	17	0.2073991180290652	0.14377698659192487	0.08823529411764706	86	307	1
r	s	2	am	qokeey	18	0.26041116788990204	0.18797818347094922	0.09398496240601503	86	307	1
r	s	2	am	qokeey	19	0.20889530377657106	0.15866222255889706	0.08273381294964029	86	307	1
r	s	2	am	qokeey	20	0.27964600088148506	0.21168850844632986	0.0984251968503937	86	307	1
r	s	3	am	qokedy	1	0.1910128949068155	0.13270980788675427	0.08490566037735849	86	276	1
r	s	3	am	qokedy	2	0.12905262019895147	0.07684529828109203	0.06854838709677419	86	276	1
r	s	3	am	qokedy	3	0.2227676714771587	0.158072126727334	0.1059322033898305	86	276	1
r	s	3	am	qokedy	4	0.3507501755087836	0.2554769127064374	0.14691943127962084	86	276	1
r	s	3	am	qokedy	5	0.22260102374552126	0.1508257499157398	0.1037344398340249	86	276	1
r	s	3	am	qokedy	6	0.21682101357962613	0.15006740815638692	0.08677685950413223	86	276	1
r	s	3	am	qokedy	7	0.316206078466324	0.22404785979103464	0.11764705882352941	86	276	1
r	s	3	am	qokedy	8	0.24339593135928983	0.1862992922143579	0.1016949152542373	86	276	1
r	s	3	am	qokedy	9	0.23981703374738694	0.18284462419952807	0.09504132231404959	86	276	1
r	s	3	am	qokedy	10	0.22447992110831838	0.15234243343444556	0.1038961038961039	86	276	1
r	s	3	am	qokedy	11	0.18044281663694683	0.13860802157061003	0.05439330543933055	86	276	1
r	s	3	am	qokedy	12	0.2159837915574192	0.15082574991573983	0.0931174089068826	86	276	1
r	s	3	am	qokedy	13	0.1899082788173363	0.1319514661274014	0.08641975308641975	86	276	1
r	s	3	am	qokedy	14	0.31086387171888985	0.2291877317155375	0.12831858407079647	86	276	1
r	s	3	am	qokedy	15	0.2413877584301113	0.18056959892146948	0.09417040358744394	86	276	1
r	s	3	am	qokedy	16	0.20001251941300313	0.1327098078867543	0.08943089430894309	86	276	1
r	s	3	am	qokedy	17	0.18703136193314618	0.1384395011796427	0.07916666666666666	86	276	1
r	s	3	am	qokedy	18	0.20568258082820456	0.1327098078867543	0.09130434782608696	86	276	1
r	s	3	am	qokedy	19	0.19347544281151818	0.14357937310414556	0.08016877637130802	86	276	1
r	s	3	am	qokedy	20	0.22643254257666567	0.1653185035389282	0.09649122807017543	86	276	1
ol	y	1	aiin	qotchy	1	0.1333305202287588	0.07936507936507933	0.04395604395604396	504	62	1
ol	y	1	aiin	qotchy	2	0.19910642851973825	0.11309523809523805	0.0549738219895288	504	62	1
ol	y	1	aiin	qotchy	3	0.16909826829858754	0.09549411162314389	0.04825737265415549	504	62	1
ol	y	1	aiin	qotchy	4	0.22209649178007496	0.13914490527393747	0.06933333333333333	504	62	1
ol	y	1	aiin	qotchy	5	0.14778285177168993	0.08954173067076293	0.041884816753926704	504	62	1
ol	y	1	aiin	qotchy	6	0.2112103769121454	0.12499999999999997	0.05945945945945946	504	62	1
ol	y	1	aiin	qotchy	7	0.2047067113267168	0.1349206349206349	0.056	504	62	1
ol	y	1	aiin	qotchy	8	0.17763771582960308	0.1193036354326677	0.04450261780104712	504	62	1
ol	y	1	aiin	qotchy	9	0.15280019855411286	0.08928571428571425	0.05699481865284974	504	62	1
ol	y	1	aiin	qotchy	10	0.22209271496321348	0.13914490527393752	0.06077348066298342	504	62	1
ol	y	1	aiin	qotchy	11	0.20107712537439604	0.121031746031746	0.05929919137466307	504	62	1
ol	y	1	aiin	qotchy	12	0.20212528179315514	0.12327188940092167	0.046153846153846156	504	62	1
ol	y	1	aiin	qotchy	13	0.20914537710616543	0.14932155657962112	0.04960835509138381	504	62	1
ol	y	1	aiin	qotchy	14	0.14832542893700706	0.10317460317460317	0.042666666666666665	504	62	1
ol	y	1	aiin	qotchy	15	0.15246001016855582	0.09152585765488991	0.04580152671755725	504	62	1
ol	y	1	aiin	qotchy	16	0.18220448619716745	0.12103174603174602	0.04639175257731959	504	62	1
ol	y	1	aiin	qotchy	17	0.17997866921718253	0.10317460317460317	0.04738154613466334	504	62	1
ol	y	1	aiin	qotchy	18	0.17712607368984212	0.1111111111111111	0.05675675675675676	504	62	1
ol	y	1	aiin	qotchy	19	0.21065816481517452	0.13492063492063489	0.06382978723404255	504	62	1
ol	y	1	aiin	qotchy	20	0.2183015094913845	0.13888888888888887	0.059895833333333336	504	62	1
ol	y	2	am	qokeedy	1	0.12734625680602196	0.08700098477388078	0.0502092050209205	86	307	1
ol	y	2	am	qokeedy	2	0.17947631315351087	0.1163169456859329	0.07434944237918216	86	307	1
ol	y	2	am	qokeedy	3	0.20823695816456744	0.15074615559427318	0.08979591836734693	86	307	1
ol	y	2	am	qokeedy	4	0.35442293186266927	0.26937353230815847	0.125	86	307	1
ol	y	2	am	qokeedy	5	0.22651586318669026	0.15540489356866907	0.08984375	86	307	1
ol	y	2	am	qokeedy	6	0.2815215852855776	0.2107794864025453	0.1125	86	307	1
ol	y	2	am	qokeedy	7	0.2915716736681355	0.21263540640860543	0.10655737704918032	86	307	1
ol	y	2	am	qokeedy	8	0.24915583111445072	0.19680327247935764	0.08835341365461848	86	307	1
ol	y	2	am	qokeedy	9	0.2086415287247686	0.15169305355654877	0.078125	86	307	1
ol	y	2	am	qokeedy	10	0.23563324581642775	0.17540337853192944	0.08764940239043825	86	307	1
ol	y	2	am	qokeedy	11	0.19016739333261667	0.13260359063707297	0.06746031746031746	86	307	1
ol	y	2	am	qokeedy	12	0.2415101667319468	0.18191803651238544	0.10204081632653061	86	307	1
ol	y	2	am	qokeedy	13	0.1889070021665754	0.13771683963336112	0.07364341085271318	86	307	1
ol	y	2	am	qokeedy	14	0.3117824342533424	0.22471782440724192	0.12350597609561753	86	307	1
ol	y	2	am	qokeedy	15	0.24847355407241112	0.18377395651844558	0.08661417322834646	86	307	1
ol	y	2	am	qokeedy	16	0.2280280096668057	0.16843420952958113	0.10196078431372549	86	307	1
ol	y	2	am	qokeedy	17	0.191756321064678	0.13400499962124085	0.08139534883720931	86	307	1
ol	y	2	am	qokeedy	18	0.20035477244034183	0.12794485266267705	0.08949416342412451	86	307	1
ol	y	2	am	qokeedy	19	0.24703860300055258	0.19680327247935764	0.08943089430894309	86	307	1
ol	y	2	am	qokeedy	20	0.25162714844506506	0.18983410347700932	0.09523809523809523	86	307	1
ol	y	3	aiin	sor	1	0.18909692173059744	0.11286181139122314	0.05475504322766571	504	51	1
ol	y	3	aiin	sor	2	0.22086656047159914	0.15032679738562085	0.052770448548812667	504	51	1
ol	y	3	aiin	sor	3	0.20341570449432422	0.12476657329598506	0.06301369863013699	504	51	1
ol	y	3	aiin	sor	4	0.2519842881625757	0.16246498599439776	0.06486486486486487	504	51	1
ol	y	3	aiin	sor	5	0.21935503076874185	0.1369047619047619	0.06027397260273973	504	51	1
ol	y	3	aiin	sor	6	0.26287825098884354	0.17460317460317457	0.06060606060606061	504	51	1
ol	y	3	aiin	sor	7	0.26154699387986513	0.16421568627450978	0.07799442896935933	504	51	1
ol	y	3	aiin	sor	8	0.22026457155383072	0.15429505135387483	0.04904632152588556	504	51	1
ol	y	3	aiin	sor	9	0.21849720080715396	0.1386554621848739	0.06702412868632708	504	51	1
ol	y	3	aiin	sor	10	0.1884200895976913	0.13492063492063489	0.03825136612021858	504	51	1
ol	y	3	aiin	sor	11	0.19921554469820557	0.11904761904761901	0.06077348066298342	504	51	1
ol	y	3	aiin	sor	12	0.26657238943382133	0.16795051353874874	0.0748663101604278	504	51	1
ol	y	3	aiin	sor	13	0.2796910482631746	0.17238562091503268	0.07967032967032966	504	51	1
ol	y	3	aiin	sor	14	0.13373009218381304	0.07913165266106442	0.04120879120879121	504	51	1
ol	y	3	aiin	sor	15	0.1403278404477628	0.08905228758169931	0.038860103626943004	504	51	1
ol	y	3	aiin	sor	16	0.2076383229687434	0.132703081232493	0.047493403693931395	504	51	1
ol	y	3	aiin	sor	17	0.21328496507003847	0.13095238095238093	0.05102040816326531	504	51	1
ol	y	3	aiin	sor	18	0.18726498416415815	0.11484593837535012	0.05234159779614325	504	51	1
ol	y	3	aiin	sor	19	0.14475948305306996	0.09302054154995332	0.042328042328042326	504	51	1
ol	y	3	aiin	sor	20	0.2022219784951541	0.136437908496732	0.05235602094240838	504	51	1
dar	ol	1	aiin	qotchy	1	0.13333052022875902	0.07936507936507937	0.04395604395604396	504	62	1
dar	ol	1	aiin	qotchy	2	0.19910642851973837	0.11309523809523808	0.0549738219895288	504	62	1
dar	ol	1	aiin	qotchy	3	0.16909826829858865	0.09549411162314386	0.04825737265415549	504	62	1
dar	ol	1	aiin	qotchy	4	0.2220964917800743	0.13914490527393752	0.06933333333333333	504	62	1
dar	ol	1	aiin	qotchy	5	0.14778285177168893	0.08954173067076292	0.041884816753926704	504	62	1
dar	ol	1	aiin	qotchy	6	0.2112103769121465	0.125	0.05945945945945946	504	62	1
dar	ol	1	aiin	qotchy	7	0.20470671132671747	0.1349206349206349	0.056	504	62	1
dar	ol	1	aiin	qotchy	8	0.17763771582960453	0.11930363543266767	0.04450261780104712	504	62	1
dar	ol	1	aiin	qotchy	9	0.15280019855411286	0.08928571428571427	0.05699481865284974	504	62	1
dar	ol	1	aiin	qotchy	10	0.22209271496321492	0.1391449052739375	0.06077348066298342	504	62	1
dar	ol	1	aiin	qotchy	11	0.20107712537439726	0.12103174603174605	0.05929919137466307	504	62	1
dar	ol	1	aiin	qotchy	12	0.20212528179315525	0.12327188940092165	0.046153846153846156	504	62	1
dar	ol	1	aiin	qotchy	13	0.2091453771061672	0.1493215565796211	0.04960835509138381	504	62	1
dar	ol	1	aiin	qotchy	14	0.14832542893700806	0.10317460317460315	0.042666666666666665	504	62	1
dar	ol	1	aiin	qotchy	15	0.1524600101685556	0.09152585765488991	0.04580152671755725	504	62	1
dar	ol	1	aiin	qotchy	16	0.18220448619716767	0.12103174603174602	0.04639175257731959	504	62	1
dar	ol	1	aiin	qotchy	17	0.1799786692171811	0.10317460317460317	0.04738154613466334	504	62	1
dar	ol	1	aiin	qotchy	18	0.1771260736898429	0.1111111111111111	0.05675675675675676	504	62	1
dar	ol	1	aiin	qotchy	19	0.2106581648151754	0.13492063492063489	0.06382978723404255	504	62	1
dar	ol	1	aiin	qotchy	20	0.21830150949138494	0.13888888888888887	0.059895833333333336	504	62	1
dar	ol	2	am	qokeedy	1	0.12734625680602163	0.08700098477388078	0.0502092050209205	86	307	1
dar	ol	2	am	qokeedy	2	0.17947631315351098	0.1163169456859329	0.07434944237918216	86	307	1
dar	ol	2	am	qokeedy	3	0.2082369581645679	0.15074615559427318	0.08979591836734693	86	307	1
dar	ol	2	am	qokeedy	4	0.35442293186267015	0.2693735323081585	0.125	86	307	1
dar	ol	2	am	qokeedy	5	0.22651586318669037	0.15540489356866907	0.08984375	86	307	1
dar	ol	2	am	qokeedy	6	0.2815215852855777	0.2107794864025453	0.1125	86	307	1
dar	ol	2	am	qokeedy	7	0.2915716736681354	0.21263540640860543	0.10655737704918032	86	307	1
dar	ol	2	am	qokeedy	8	0.2491558311144505	0.19680327247935764	0.08835341365461848	86	307	1
dar	ol	2	am	qokeedy	9	0.2086415287247695	0.15169305355654875	0.078125	86	307	1
dar	ol	2	am	qokeedy	10	0.23563324581642797	0.17540337853192942	0.08764940239043825	86	307	1
dar	ol	2	am	qokeedy	11	0.1901673933326169	0.13260359063707297	0.06746031746031746	86	307	1
dar	ol	2	am	qokeedy	12	0.24151016673194636	0.18191803651238544	0.10204081632653061	86	307	1
dar	ol	2	am	qokeedy	13	0.18890700216657497	0.13771683963336112	0.07364341085271318	86	307	1
dar	ol	2	am	qokeedy	14	0.3117824342533422	0.2247178244072419	0.12350597609561753	86	307	1
dar	ol	2	am	qokeedy	15	0.24847355407241167	0.18377395651844555	0.08661417322834646	86	307	1
dar	ol	2	am	qokeedy	16	0.22802800966680647	0.1684342095295811	0.10196078431372549	86	307	1
dar	ol	2	am	qokeedy	17	0.1917563210646781	0.13400499962124085	0.08139534883720931	86	307	1
dar	ol	2	am	qokeedy	18	0.20035477244034217	0.12794485266267708	0.08949416342412451	86	307	1
dar	ol	2	am	qokeedy	19	0.24703860300055303	0.19680327247935764	0.08943089430894309	86	307	1
dar	ol	2	am	qokeedy	20	0.25162714844506495	0.18983410347700935	0.09523809523809523	86	307	1
dar	ol	3	aiin	sor	1	0.1890969217305981	0.11286181139122314	0.05475504322766571	504	51	1
dar	ol	3	aiin	sor	2	0.22086656047159958	0.15032679738562088	0.052770448548812667	504	51	1
dar	ol	3	aiin	sor	3	0.20341570449432433	0.12476657329598503	0.06301369863013699	504	51	1
dar	ol	3	aiin	sor	4	0.2519842881625751	0.16246498599439774	0.06486486486486487	504	51	1
dar	ol	3	aiin	sor	5	0.21935503076873952	0.1369047619047619	0.06027397260273973	504	51	1
dar	ol	3	aiin	sor	6	0.26287825098884443	0.17460317460317454	0.06060606060606061	504	51	1
dar	ol	3	aiin	sor	7	0.261546993879865	0.16421568627450978	0.07799442896935933	504	51	1
dar	ol	3	aiin	sor	8	0.22026457155383106	0.15429505135387483	0.04904632152588556	504	51	1
dar	ol	3	aiin	sor	9	0.21849720080715485	0.1386554621848739	0.06702412868632708	504	51	1
dar	ol	3	aiin	sor	10	0.18842008959769097	0.13492063492063489	0.03825136612021858	504	51	1
dar	ol	3	aiin	sor	11	0.1992155446982059	0.11904761904761904	0.06077348066298342	504	51	1
dar	ol	3	aiin	sor	12	0.26657238943382167	0.1679505135387488	0.0748663101604278	504	51	1
dar	ol	3	aiin	sor	13	0.27969104826317437	0.17238562091503268	0.07967032967032966	504	51	1
dar	ol	3	aiin	sor	14	0.1337300921838147	0.07913165266106442	0.04120879120879121	504	51	1
dar	ol	3	aiin	sor	15	0.1403278404477637	0.08905228758169934	0.038860103626943004	504	51	1
dar	ol	3	aiin	sor	16	0.20763832296874385	0.132703081232493	0.047493403693931395	504	51	1
dar	ol	3	aiin	sor	17	0.2132849650700387	0.13095238095238093	0.05102040816326531	504	51	1
dar	ol	3	aiin	sor	18	0.18726498416415793	0.11484593837535012	0.05234159779614325	504	51	1
dar	ol	3	aiin	sor	19	0.14475948305306996	0.09302054154995328	0.042328042328042326	504	51	1
dar	ol	3	aiin	sor	20	0.20222197849515422	0.13643790849673199	0.05235602094240838	504	51	1
ar	ol	1	aiin	qotchy	1	0.13333052022875813	0.07936507936507936	0.04395604395604396	504	62	1
ar	ol	1	aiin	qotchy	2	0.19910642851973837	0.11309523809523808	0.0549738219895288	504	62	1
ar	ol	1	aiin	qotchy	3	0.1690982682985882	0.09549411162314386	0.04825737265415549	504	62	1
ar	ol	1	aiin	qotchy	4	0.2220964917800744	0.1391449052739375	0.06933333333333333	504	62	1
ar	ol	1	aiin	qotchy	5	0.1477828517716896	0.08954173067076293	0.041884816753926704	504	62	1
ar	ol	1	aiin	qotchy	6	0.2112103769121465	0.12499999999999999	0.05945945945945946	504	62	1
ar	ol	1	aiin	qotchy	7	0.2047067113267178	0.1349206349206349	0.056	504	62	1
ar	ol	1	aiin	qotchy	8	0.1776377158296032	0.1193036354326677	0.04450261780104712	504	62	1
ar	ol	1	aiin	qotchy	9	0.15280019855411253	0.08928571428571425	0.05699481865284974	504	62	1
ar	ol	1	aiin	qotchy	10	0.2220927149632147	0.1391449052739375	0.06077348066298342	504	62	1
ar	ol	1	aiin	qotchy	11	0.20107712537439715	0.12103174603174602	0.05929919137466307	504	62	1
ar	ol	1	aiin	qotchy	12	0.20212528179315525	0.12327188940092165	0.046153846153846156	504	62	1
ar	ol	1	aiin	qotchy	13	0.20914537710616599	0.1493215565796211	0.04960835509138381	504	62	1
ar	ol	1	aiin	qotchy	14	0.14832542893700773	0.10317460317460317	0.042666666666666665	504	62	1
ar	ol	1	aiin	qotchy	15	0.1524600101685546	0.09152585765488994	0.04580152671755725	504	62	1
ar	ol	1	aiin	qotchy	16	0.18220448619716845	0.12103174603174602	0.04639175257731959	504	62	1
ar	ol	1	aiin	qotchy	17	0.17997866921718164	0.10317460317460318	0.04738154613466334	504	62	1
ar	ol	1	aiin	qotchy	18	0.17712607368984146	0.11111111111111108	0.05675675675675676	504	62	1
ar	ol	1	aiin	qotchy	19	0.21065816481517396	0.1349206349206349	0.06382978723404255	504	62	1
ar	ol	1	aiin	qotchy	20	0.21830150949138516	0.1388888888888889	0.059895833333333336	504	62	1
ar	ol	2	am	qokeedy	1	0.12734625680602196	0.08700098477388077	0.0502092050209205	86	307	1
ar	ol	2	am	qokeedy	2	0.17947631315351054	0.1163169456859329	0.07434944237918216	86	307	1
ar	ol	2	am	qokeedy	3	0.20823695816456778	0.15074615559427318	0.08979591836734693	86	307	1
ar	ol	2	am	qokeedy	4	0.35442293186266927	0.2693735323081585	0.125	86	307	1
ar	ol	2	am	qokeedy	5	0.22651586318669026	0.15540489356866907	0.08984375	86	307	1
ar	ol	2	am	qokeedy	6	0.2815215852855779	0.21077948640254532	0.1125	86	307	1
ar	ol	2	am	qokeedy	7	0.29157167366813574	0.21263540640860543	0.10655737704918032	86	307	1
ar	ol	2	am	qokeedy	8	0.2491558311144505	0.19680327247935764	0.08835341365461848	86	307	1
ar	ol	2	am	qokeedy	9	0.20864152872476927	0.15169305355654875	0.078125	86	307	1
ar	ol	2	am	qokeedy	10	0.23563324581642764	0.17540337853192944	0.08764940239043825	86	307	1
ar	ol	2	am	qokeedy	11	0.19016739333261645	0.13260359063707294	0.06746031746031746	86	307	1
ar	ol	2	am	qokeedy	12	0.24151016673194636	0.18191803651238547	0.10204081632653061	86	307	1
ar	ol	2	am	qokeedy	13	0.18890700216657497	0.13771683963336112	0.07364341085271318	86	307	1
ar	ol	2	am	qokeedy	14	0.3117824342533422	0.2247178244072419	0.12350597609561753	86	307	1
ar	ol	2	am	qokeedy	15	0.2484735540724119	0.18377395651844558	0.08661417322834646	86	307	1
ar	ol	2	am	qokeedy	16	0.22802800966680659	0.16843420952958113	0.10196078431372549	86	307	1
ar	ol	2	am	qokeedy	17	0.19175632106467855	0.13400499962124085	0.08139534883720931	86	307	1
ar	ol	2	am	qokeedy	18	0.20035477244034183	0.12794485266267708	0.08949416342412451	86	307	1
ar	ol	2	am	qokeedy	19	0.24703860300055225	0.19680327247935764	0.08943089430894309	86	307	1
ar	ol	2	am	qokeedy	20	0.2516271484450645	0.18983410347700935	0.09523809523809523	86	307	1
ar	ol	3	aiin	sor	1	0.18909692173059922	0.11286181139122314	0.05475504322766571	504	51	1
ar	ol	3	aiin	sor	2	0.22086656047159958	0.15032679738562088	0.052770448548812667	504	51	1
ar	ol	3	aiin	sor	3	0.20341570449432422	0.12476657329598506	0.06301369863013699	504	51	1
ar	ol	3	aiin	sor	4	0.2519842881625758	0.16246498599439774	0.06486486486486487	504	51	1
ar	ol	3	aiin	sor	5	0.21935503076874174	0.1369047619047618	0.06027397260273973	504	51	1
ar	ol	3	aiin	sor	6	0.262878250988845	0.17460317460317457	0.06060606060606061	504	51	1
ar	ol	3	aiin	sor	7	0.261546993879864	0.16421568627450975	0.07799442896935933	504	51	1
ar	ol	3	aiin	sor	8	0.2202645715538314	0.15429505135387483	0.04904632152588556	504	51	1
ar	ol	3	aiin	sor	9	0.21849720080715263	0.1386554621848739	0.06702412868632708	504	51	1
ar	ol	3	aiin	sor	10	0.18842008959769074	0.1349206349206349	0.03825136612021858	504	51	1
ar	ol	3	aiin	sor	11	0.19921554469820513	0.11904761904761904	0.06077348066298342	504	51	1
ar	ol	3	aiin	sor	12	0.2665723894338221	0.16795051353874882	0.0748663101604278	504	51	1
ar	ol	3	aiin	sor	13	0.2796910482631747	0.17238562091503265	0.07967032967032966	504	51	1
ar	ol	3	aiin	sor	14	0.13373009218381327	0.0791316526610644	0.04120879120879121	504	51	1
ar	ol	3	aiin	sor	15	0.14032784044776347	0.08905228758169934	0.038860103626943004	504	51	1
ar	ol	3	aiin	sor	16	0.20763832296874452	0.132703081232493	0.047493403693931395	504	51	1
ar	ol	3	aiin	sor	17	0.2132849650700389	0.13095238095238093	0.05102040816326531	504	51	1
ar	ol	3	aiin	sor	18	0.18726498416415693	0.11484593837535012	0.05234159779614325	504	51	1
ar	ol	3	aiin	sor	19	0.1447594830530694	0.09302054154995332	0.042328042328042326	504	51	1
ar	ol	3	aiin	sor	20	0.202221978495156	0.13643790849673204	0.05235602094240838	504	51	1
chor	daiin	1	aiin	qotchy	1	0.13333052022875835	0.07936507936507937	0.04395604395604396	504	62	1
chor	daiin	1	aiin	qotchy	2	0.19910642851973903	0.11309523809523805	0.0549738219895288	504	62	1
chor	daiin	1	aiin	qotchy	3	0.16909826829858898	0.09549411162314386	0.04825737265415549	504	62	1
chor	daiin	1	aiin	qotchy	4	0.22209649178007607	0.13914490527393752	0.06933333333333333	504	62	1
chor	daiin	1	aiin	qotchy	5	0.14778285177168815	0.0895417306707629	0.041884816753926704	504	62	1
chor	daiin	1	aiin	qotchy	6	0.21121037691214517	0.125	0.05945945945945946	504	62	1
chor	daiin	1	aiin	qotchy	7	0.20470671132671636	0.13492063492063494	0.056	504	62	1
chor	daiin	1	aiin	qotchy	8	0.17763771582960275	0.1193036354326677	0.04450261780104712	504	62	1
chor	daiin	1	aiin	qotchy	9	0.15280019855411175	0.08928571428571427	0.05699481865284974	504	62	1
chor	daiin	1	aiin	qotchy	10	0.2220927149632146	0.13914490527393752	0.06077348066298342	504	62	1
chor	daiin	1	aiin	qotchy	11	0.20107712537439681	0.12103174603174603	0.05929919137466307	504	62	1
chor	daiin	1	aiin	qotchy	12	0.2021252817931548	0.12327188940092165	0.046153846153846156	504	62	1
chor	daiin	1	aiin	qotchy	13	0.20914537710616599	0.1493215565796211	0.04960835509138381	504	62	1
chor	daiin	1	aiin	qotchy	14	0.14832542893700762	0.1031746031746032	0.042666666666666665	504	62	1
chor	daiin	1	aiin	qotchy	15	0.1524600101685546	0.09152585765488991	0.04580152671755725	504	62	1
chor	daiin	1	aiin	qotchy	16	0.182204486197168	0.12103174603174602	0.04639175257731959	504	62	1
chor	daiin	1	aiin	qotchy	17	0.17997866921718275	0.10317460317460317	0.04738154613466334	504	62	1
chor	daiin	1	aiin	qotchy	18	0.17712607368984312	0.11111111111111109	0.05675675675675676	504	62	1
chor	daiin	1	aiin	qotchy	19	0.21065816481517396	0.13492063492063489	0.06382978723404255	504	62	1
chor	daiin	1	aiin	qotchy	20	0.2183015094913845	0.13888888888888887	0.059895833333333336	504	62	1
chor	daiin	2	am	qokeedy	1	0.1273462568060214	0.08700098477388078	0.0502092050209205	86	307	1
chor	daiin	2	am	qokeedy	2	0.17947631315351087	0.1163169456859329	0.07434944237918216	86	307	1
chor	daiin	2	am	qokeedy	3	0.20823695816456733	0.15074615559427315	0.08979591836734693	86	307	1
chor	daiin	2	am	qokeedy	4	0.3544229318626697	0.2693735323081585	0.125	86	307	1
chor	daiin	2	am	qokeedy	5	0.22651586318668993	0.15540489356866907	0.08984375	86	307	1
chor	daiin	2	am	qokeedy	6	0.2815215852855777	0.2107794864025453	0.1125	86	307	1
chor	daiin	2	am	qokeedy	7	0.2915716736681355	0.21263540640860545	0.10655737704918032	86	307	1
chor	daiin	2	am	qokeedy	8	0.24915583111445072	0.19680327247935764	0.08835341365461848	86	307	1
chor	daiin	2	am	qokeedy	9	0.20864152872476893	0.15169305355654877	0.078125	86	307	1
chor	daiin	2	am	qokeedy	10	0.23563324581642808	0.17540337853192944	0.08764940239043825	86	307	1
chor	daiin	2	am	qokeedy	11	0.1901673933326169	0.13260359063707297	0.06746031746031746	86	307	1
chor	daiin	2	am	qokeedy	12	0.24151016673194592	0.18191803651238547	0.10204081632653061	86	307	1
chor	daiin	2	am	qokeedy	13	0.18890700216657497	0.13771683963336112	0.07364341085271318	86	307	1
chor	daiin	2	am	qokeedy	14	0.3117824342533424	0.2247178244072419	0.12350597609561753	86	307	1
chor	daiin	2	am	qokeedy	15	0.24847355407241167	0.1837739565184456	0.08661417322834646	86	307	1
chor	daiin	2	am	qokeedy	16	0.2280280096668057	0.16843420952958113	0.10196078431372549	86	307	1
chor	daiin	2	am	qokeedy	17	0.19175632106467777	0.13400499962124085	0.08139534883720931	86	307	1
chor	daiin	2	am	qokeedy	18	0.20035477244034217	0.12794485266267708	0.08949416342412451	86	307	1
chor	daiin	2	am	qokeedy	19	0.24703860300055358	0.19680327247935764	0.08943089430894309	86	307	1
chor	daiin	2	am	qokeedy	20	0.2516271484450646	0.18983410347700935	0.09523809523809523	86	307	1
chor	daiin	3	aiin	sor	1	0.18909692173059822	0.11286181139122314	0.05475504322766571	504	51	1
chor	daiin	3	aiin	sor	2	0.22086656047159925	0.15032679738562088	0.052770448548812667	504	51	1
chor	daiin	3	aiin	sor	3	0.20341570449432378	0.12476657329598506	0.06301369863013699	504	51	1
chor	daiin	3	aiin	sor	4	0.25198428816257534	0.16246498599439774	0.06486486486486487	504	51	1
chor	daiin	3	aiin	sor	5	0.21935503076874063	0.13690476190476186	0.06027397260273973	504	51	1
chor	daiin	3	aiin	sor	6	0.26287825098884465	0.17460317460317454	0.06060606060606061	504	51	1
chor	daiin	3	aiin	sor	7	0.26154699387986435	0.16421568627450975	0.07799442896935933	504	51	1
chor	daiin	3	aiin	sor	8	0.22026457155383072	0.1542950513538748	0.04904632152588556	504	51	1
chor	daiin	3	aiin	sor	9	0.2184972008071544	0.1386554621848739	0.06702412868632708	504	51	1
chor	daiin	3	aiin	sor	10	0.18842008959769074	0.13492063492063489	0.03825136612021858	504	51	1
chor	daiin	3	aiin	sor	11	0.19921554469820524	0.11904761904761904	0.06077348066298342	504	51	1
chor	daiin	3	aiin	sor	12	0.26657238943382167	0.1679505135387488	0.0748663101604278	504	51	1
chor	daiin	3	aiin	sor	13	0.2796910482631738	0.17238562091503268	0.07967032967032966	504	51	1
chor	daiin	3	aiin	sor	14	0.13373009218381404	0.0791316526610644	0.04120879120879121	504	51	1
chor	daiin	3	aiin	sor	15	0.14032784044776248	0.08905228758169934	0.038860103626943004	504	51	1
chor	daiin	3	aiin	sor	16	0.20763832296874318	0.132703081232493	0.047493403693931395	504	51	1
chor	daiin	3	aiin	sor	17	0.21328496507003925	0.13095238095238093	0.05102040816326531	504	51	1
chor	daiin	3	aiin	sor	18	0.18726498416415815	0.11484593837535012	0.05234159779614325	504	51	1
chor	daiin	3	aiin	sor	19	0.14475948305307018	0.09302054154995332	0.042328042328042326	504	51	1
chor	daiin	3	aiin	sor	20	0.20222197849515489	0.136437908496732	0.05235602094240838	504	51	1
chey	ol	1	aiin	qotchy	1	0.13333052022875913	0.07936507936507936	0.04395604395604396	504	62	1
chey	ol	1	aiin	qotchy	2	0.19910642851973936	0.11309523809523808	0.0549738219895288	504	62	1
chey	ol	1	aiin	qotchy	3	0.16909826829858954	0.09549411162314389	0.04825737265415549	504	62	1
chey	ol	1	aiin	qotchy	4	0.2220964917800754	0.1391449052739375	0.06933333333333333	504	62	1
chey	ol	1	aiin	qotchy	5	0.14778285177168948	0.0895417306707629	0.041884816753926704	504	62	1
chey	ol	1	aiin	qotchy	6	0.21121037691214606	0.12499999999999997	0.05945945945945946	504	62	1
chey	ol	1	aiin	qotchy	7	0.20470671132671714	0.1349206349206349	0.056	504	62	1
chey	ol	1	aiin	qotchy	8	0.17763771582960364	0.1193036354326677	0.04450261780104712	504	62	1
chey	ol	1	aiin	qotchy	9	0.15280019855411386	0.08928571428571427	0.05699481865284974	504	62	1
chey	ol	1	aiin	qotchy	10	0.22209271496321392	0.13914490527393747	0.06077348066298342	504	62	1
chey	ol	1	aiin	qotchy	11	0.2010771253743976	0.12103174603174605	0.05929919137466307	504	62	1
chey	ol	1	aiin	qotchy	12	0.20212528179315525	0.12327188940092165	0.046153846153846156	504	62	1
chey	ol	1	aiin	qotchy	13	0.20914537710616599	0.1493215565796211	0.04960835509138381	504	62	1
chey	ol	1	aiin	qotchy	14	0.1483254289370084	0.10317460317460317	0.042666666666666665	504	62	1
chey	ol	1	aiin	qotchy	15	0.15246001016855348	0.09152585765488988	0.04580152671755725	504	62	1
chey	ol	1	aiin	qotchy	16	0.182204486197168	0.12103174603174602	0.04639175257731959	504	62	1
chey	ol	1	aiin	qotchy	17	0.17997866921718209	0.10317460317460315	0.04738154613466334	504	62	1
chey	ol	1	aiin	qotchy	18	0.1771260736898439	0.11111111111111105	0.05675675675675676	504	62	1
chey	ol	1	aiin	qotchy	19	0.2106581648151742	0.13492063492063483	0.06382978723404255	504	62	1
chey	ol	1	aiin	qotchy	20	0.21830150949138405	0.13888888888888884	0.059895833333333336	504	62	1
chey	ol	2	am	qokeedy	1	0.1273462568060214	0.08700098477388077	0.0502092050209205	86	307	1
chey	ol	2	am	qokeedy	2	0.17947631315351087	0.1163169456859329	0.07434944237918216	86	307	1
chey	ol	2	am	qokeedy	3	0.20823695816456766	0.15074615559427318	0.08979591836734693	86	307	1
chey	ol	2	am	qokeedy	4	0.35442293186266915	0.26937353230815847	0.125	86	307	1
chey	ol	2	am	qokeedy	5	0.22651586318669037	0.15540489356866907	0.08984375	86	307	1
chey	ol	2	am	qokeedy	6	0.28152158528557747	0.21077948640254532	0.1125	86	307	1
chey	ol	2	am	qokeedy	7	0.2915716736681354	0.21263540640860543	0.10655737704918032	86	307	1
chey	ol	2	am	qokeedy	8	0.24915583111445105	0.19680327247935764	0.08835341365461848	86	307	1
chey	ol	2	am	qokeedy	9	0.2086415287247686	0.15169305355654877	0.078125	86	307	1
chey	ol	2	am	qokeedy	10	0.2356332458164283	0.17540337853192942	0.08764940239043825	86	307	1
chey	ol	2	am	qokeedy	11	0.19016739333261723	0.13260359063707297	0.06746031746031746	86	307	1
chey	ol	2	am	qokeedy	12	0.24151016673194714	0.18191803651238547	0.10204081632653061	86	307	1
chey	ol	2	am	qokeedy	13	0.1889070021665754	0.13771683963336112	0.07364341085271318	86	307	1
chey	ol	2	am	qokeedy	14	0.3117824342533422	0.2247178244072419	0.12350597609561753	86	307	1
chey	ol	2	am	qokeedy	15	0.24847355407241167	0.18377395651844558	0.08661417322834646	86	307	1
chey	ol	2	am	qokeedy	16	0.22802800966680659	0.1684342095295811	0.10196078431372549	86	307	1
chey	ol	2	am	qokeedy	17	0.1917563210646781	0.13400499962124082	0.08139534883720931	86	307	1
chey	ol	2	am	qokeedy	18	0.20035477244034183	0.1279448526626771	0.08949416342412451	86	307	1
chey	ol	2	am	qokeedy	19	0.2470386030005527	0.19680327247935764	0.08943089430894309	86	307	1
chey	ol	2	am	qokeedy	20	0.25162714844506473	0.18983410347700932	0.09523809523809523	86	307	1
chey	ol	3	aiin	sor	1	0.18909692173059744	0.11286181139122314	0.05475504322766571	504	51	1
chey	ol	3	aiin	sor	2	0.22086656047159947	0.15032679738562088	0.052770448548812667	504	51	1
chey	ol	3	aiin	sor	3	0.2034157044943241	0.12476657329598506	0.06301369863013699	504	51	1
chey	ol	3	aiin	sor	4	0.2519842881625757	0.1624649859943977	0.06486486486486487	504	51	1
chey	ol	3	aiin	sor	5	0.2193550307687403	0.1369047619047619	0.06027397260273973	504	51	1
chey	ol	3	aiin	sor	6	0.26287825098884465	0.17460317460317454	0.06060606060606061	504	51	1
chey	ol	3	aiin	sor	7	0.2615469938798648	0.16421568627450972	0.07799442896935933	504	51	1
chey	ol	3	aiin	sor	8	0.2202645715538316	0.15429505135387483	0.04904632152588556	504	51	1
chey	ol	3	aiin	sor	9	0.2184972008071545	0.13865546218487393	0.06702412868632708	504	51	1
chey	ol	3	aiin	sor	10	0.1884200895976913	0.13492063492063489	0.03825136612021858	504	51	1
chey	ol	3	aiin	sor	11	0.19921554469820546	0.11904761904761901	0.06077348066298342	504	51	1
chey	ol	3	aiin	sor	12	0.26657238943382233	0.1679505135387488	0.0748663101604278	504	51	1
chey	ol	3	aiin	sor	13	0.27969104826317503	0.17238562091503268	0.07967032967032966	504	51	1
chey	ol	3	aiin	sor	14	0.13373009218381382	0.07913165266106442	0.04120879120879121	504	51	1
chey	ol	3	aiin	sor	15	0.14032784044776336	0.08905228758169935	0.038860103626943004	504	51	1
chey	ol	3	aiin	sor	16	0.20763832296874418	0.13270308123249297	0.047493403693931395	504	51	1
chey	ol	3	aiin	sor	17	0.2132849650700377	0.13095238095238093	0.05102040816326531	504	51	1
chey	ol	3	aiin	sor	18	0.1872649841641576	0.11484593837535015	0.05234159779614325	504	51	1
chey	ol	3	aiin	sor	19	0.1447594830530694	0.09302054154995332	0.042328042328042326	504	51	1
chey	ol	3	aiin	sor	20	0.202221978495155	0.136437908496732	0.05235602094240838	504	51	1
lchedy	qokar	1	chy	sar	1	0.14226377138282997	0.10426076482987053	0.054878048780487805	164	81	1
lchedy	qokar	1	chy	sar	2	0.19537461592709038	0.15319180969587476	0.07853403141361257	164	81	1
lchedy	qokar	1	chy	sar	3	0.19835884827614347	0.16523637458596813	0.08152173913043478	164	81	1
lchedy	qokar	1	chy	sar	4	0.17154566453621656	0.11600421559771155	0.075	164	81	1
lchedy	qokar	1	chy	sar	5	0.20043942800327152	0.14724480578139115	0.08571428571428572	164	81	1
lchedy	qokar	1	chy	sar	6	0.14158481604121753	0.1099066546221018	0.05970149253731343	164	81	1
lchedy	qokar	1	chy	sar	7	0.2324966740262151	0.18947606142728096	0.08379888268156424	164	81	1
lchedy	qokar	1	chy	sar	8	0.16835543048786294	0.11615477265883772	0.07222222222222222	164	81	1
lchedy	qokar	1	chy	sar	9	0.19722528090880698	0.13459801264679316	0.08839779005524862	164	81	1
lchedy	qokar	1	chy	sar	10	0.06936478022781312	0.0548780487804878	0.03365384615384615	164	81	1
lchedy	qokar	1	chy	sar	11	0.13978118486108382	0.1039596507076182	0.06091370558375635	164	81	1
lchedy	qokar	1	chy	sar	12	0.15994577282822375	0.12834989461005722	0.05789473684210526	164	81	1
lchedy	qokar	1	chy	sar	13	0.12562706770523557	0.09146341463414634	0.06153846153846154	164	81	1
lchedy	qokar	1	chy	sar	14	0.16176905080429949	0.12834989461005722	0.06315789473684211	164	81	1
lchedy	qokar	1	chy	sar	15	0.15523971689735439	0.10975609756097564	0.07317073170731707	164	81	1
lchedy	qokar	1	chy	sar	16	0.1991305423192059	0.15868714242697987	0.09137055837563451	164	81	1
lchedy	qokar	1	chy	sar	17	0.16870640187510133	0.1342968985245408	0.07650273224043716	164	81	1
lchedy	qokar	1	chy	sar	18	0.14905365251690805	0.12240289069557364	0.06435643564356436	164	81	1
lchedy	qokar	1	chy	sar	19	0.16529675947362543	0.11615477265883771	0.07653061224489796	164	81	1
lchedy	qokar	1	chy	sar	20	0.1375834963211615	0.10411020776874437	0.06217616580310881	164	81	1
lchedy	qokar	2	cheey	sar	1	0.12398345002036881	0.09026512851649464	0.043478260869565216	183	81	1
lchedy	qokar	2	cheey	sar	2	0.2374644830550472	0.194495041489577	0.08717948717948718	183	81	1
lchedy	qokar	2	cheey	sar	3	0.2571545803841877	0.18741145517101807	0.10880829015544041	183	81	1
lchedy	qokar	2	cheey	sar	4	0.256048970527629	0.18599473790730628	0.10582010582010581	183	81	1
lchedy	qokar	2	cheey	sar	5	0.3004627108528489	0.2268771503744182	0.13513513513513514	183	81	1
lchedy	qokar	2	cheey	sar	6	0.17532049699112096	0.1325642582473184	0.08737864077669903	183	81	1
lchedy	qokar	2	cheey	sar	7	0.15695982893544835	0.1121230520137624	0.05970149253731343	183	81	1
lchedy	qokar	2	cheey	sar	8	0.23558370732979472	0.1776968225055657	0.08717948717948718	183	81	1
lchedy	qokar	2	cheey	sar	9	0.2593758233238832	0.19692369965594012	0.10471204188481675	183	81	1
lchedy	qokar	2	cheey	sar	10	0.1649513032773764	0.11758753288807938	0.08018867924528301	183	81	1
lchedy	qokar	2	cheey	sar	11	0.16735984458273345	0.12446873102610811	0.0660377358490566	183	81	1
lchedy	qokar	2	cheey	sar	12	0.17221731965666565	0.1311475409836066	0.07177033492822966	183	81	1
lchedy	qokar	2	cheey	sar	13	0.2372337632935244	0.18194697429670112	0.09230769230769231	183	81	1
lchedy	qokar	2	cheey	sar	14	0.2284576435898371	0.18741145517101804	0.08629441624365482	183	81	1
lchedy	qokar	2	cheey	sar	15	0.21630527646230013	0.171686338353005	0.09547738693467336	182	81	1
lchedy	qokar	2	cheey	sar	16	0.20596766082585594	0.16069732736399403	0.09313725490196079	182	81	1
lchedy	qokar	2	cheey	sar	17	0.20055155397972269	0.14692714692714692	0.09134615384615384	182	81	1
lchedy	qokar	2	cheey	sar	18	0.2523731997793993	0.19217202550535883	0.11855670103092783	182	81	1
lchedy	qokar	2	cheey	sar	19	0.21339696947429176	0.16476733143399808	0.08823529411764706	182	81	1
lchedy	qokar	2	cheey	sar	20	0.1971509282486924	0.14285714285714285	0.10344827586206896	182	81	1
lchedy	qokar	3	cthy	saiin	1	0.16879326413465823	0.12177968045256478	0.07222222222222222	103	127	1
lchedy	qokar	3	cthy	saiin	2	0.16224978451547112	0.12544912468465713	0.06358381502890173	103	127	1
lchedy	qokar	3	cthy	saiin	3	0.14057108848874322	0.11337053742068647	0.06779661016949153	103	127	1
lchedy	qokar	3	cthy	saiin	4	0.16354367201687603	0.11574038682057945	0.07471264367816093	103	127	1
lchedy	qokar	3	cthy	saiin	5	0.09317154545609818	0.0745355859643758	0.047619047619047616	103	127	1
lchedy	qokar	3	cthy	saiin	6	0.23907979518314815	0.19578013913309372	0.08823529411764706	103	127	1
lchedy	qokar	3	cthy	saiin	7	0.1427029432650796	0.1194098310526718	0.07103825136612021	103	127	1
lchedy	qokar	3	cthy	saiin	8	0.17846931731957172	0.13752771194862778	0.07262569832402235	103	127	1
lchedy	qokar	3	cthy	saiin	9	0.23099424664604196	0.18844125066890907	0.10857142857142857	103	127	1
lchedy	qokar	3	cthy	saiin	10	0.16901169342736067	0.13752771194862778	0.08791208791208792	103	127	1
lchedy	qokar	3	cthy	saiin	11	0.12987910968607075	0.10366179955660883	0.056179775280898875	103	127	1
lchedy	qokar	3	cthy	saiin	12	0.13228062919829298	0.11153581530464031	0.049723756906077346	103	127	1
lchedy	qokar	3	cthy	saiin	13	0.19184877560446012	0.13936243406467394	0.08670520231213873	103	127	1
lchedy	qokar	3	cthy	saiin	14	0.14017355372442442	0.10603164895650179	0.06629834254143646	103	127	1
lchedy	qokar	3	cthy	saiin	15	0.15737938835526188	0.11757510893662562	0.07446808510638298	103	127	1
lchedy	qokar	3	cthy	saiin	16	0.11975549569954491	0.09211833957648496	0.047872340425531915	103	127	1
lchedy	qokar	3	cthy	saiin	17	0.17763942332115434	0.1351578625487348	0.08	103	127	1
lchedy	qokar	3	cthy	saiin	18	0.20627053879072432	0.1690237749407537	0.09497206703910614	103	127	1
lchedy	qokar	3	cthy	saiin	19	0.16122956501988983	0.12911856891674947	0.06741573033707865	103	127	1
lchedy	qokar	3	cthy	saiin	20	0.18520694839504936	0.15144102132864457	0.0782122905027933	103	127	1
lchedy	qol	1	cthy	saiin	1	0.1687932641346579	0.12177968045256478	0.07222222222222222	103	127	1
lchedy	qol	1	cthy	saiin	2	0.16224978451547156	0.12544912468465713	0.06358381502890173	103	127	1
lchedy	qol	1	cthy	saiin	3	0.14057108848874367	0.11337053742068648	0.06779661016949153	103	127	1
lchedy	qol	1	cthy	saiin	4	0.16354367201687636	0.11574038682057945	0.07471264367816093	103	127	1
lchedy	qol	1	cthy	saiin	5	0.09317154545609851	0.0745355859643758	0.047619047619047616	103	127	1
lchedy	qol	1	cthy	saiin	6	0.2390797951831488	0.19578013913309378	0.08823529411764706	103	127	1
lchedy	qol	1	cthy	saiin	7	0.1427029432650796	0.1194098310526718	0.07103825136612021	103	127	1
lchedy	qol	1	cthy	saiin	8	0.1784693173195716	0.13752771194862778	0.07262569832402235	103	127	1
lchedy	qol	1	cthy	saiin	9	0.23099424664604196	0.18844125066890904	0.10857142857142857	103	127	1
lchedy	qol	1	cthy	saiin	10	0.1690116934273611	0.13752771194862778	0.08791208791208792	103	127	1
lchedy	qol	1	cthy	saiin	11	0.12987910968607042	0.10366179955660881	0.056179775280898875	103	127	1
lchedy	qol	1	cthy	saiin	12	0.1322806291982931	0.1115358153046403	0.049723756906077346	103	127	1
lchedy	qol	1	cthy	saiin	13	0.19184877560446	0.1393624340646739	0.08670520231213873	103	127	1
lchedy	qol	1	cthy	saiin	14	0.14017355372442442	0.10603164895650179	0.06629834254143646	103	127	1
lchedy	qol	1	cthy	saiin	15	0.15737938835526122	0.11757510893662562	0.07446808510638298	103	127	1
lchedy	qol	1	cthy	saiin	16	0.11975549569954524	0.09211833957648496	0.047872340425531915	103	127	1
lchedy	qol	1	cthy	saiin	17	0.17763942332115468	0.1351578625487348	0.08	103	127	1
lchedy	qol	1	cthy	saiin	18	0.20627053879072432	0.1690237749407537	0.09497206703910614	103	127	1
lchedy	qol	1	cthy	saiin	19	0.1612295650198896	0.12911856891674947	0.06741573033707865	103	127	1
lchedy	qol	1	cthy	saiin	20	0.18520694839504992	0.1514410213286446	0.0782122905027933	103	127	1
lchedy	qol	2	chdy	sar	1	0.10572883952769718	0.07398951462878403	0.052941176470588235	146	81	1
lchedy	qol	2	chdy	sar	2	0.16186253416687013	0.126078132927448	0.06486486486486487	146	81	1
lchedy	qol	2	chdy	sar	3	0.154943503974176	0.11237950279046169	0.07514450867052024	146	81	1
lchedy	qol	2	chdy	sar	4	0.23559525332338271	0.17951970235075257	0.11046511627906977	146	81	1
lchedy	qol	2	chdy	sar	5	0.3010363711627331	0.22061559276171147	0.13043478260869565	146	81	1
lchedy	qol	2	chdy	sar	6	0.15693470910214335	0.11373245391510231	0.0782122905027933	146	81	1
lchedy	qol	2	chdy	sar	7	0.21910652820901289	0.16582107221376627	0.09411764705882353	146	81	1
lchedy	qol	2	chdy	sar	8	0.23413166352566073	0.18231016404532385	0.10650887573964497	146	81	1
lchedy	qol	2	chdy	sar	9	0.2007920316281363	0.15626585489599187	0.07647058823529412	146	81	1
lchedy	qol	2	chdy	sar	10	0.17146261969937904	0.13301200744123118	0.07344632768361582	146	81	1
lchedy	qol	2	chdy	sar	11	0.15897150423870898	0.11922881785895484	0.07262569832402235	146	81	1
lchedy	qol	2	chdy	sar	12	0.18944043264806865	0.1411297141890749	0.08241758241758242	146	81	1
lchedy	qol	2	chdy	sar	13	0.2535864151774523	0.189159479113817	0.1206896551724138	146	81	1
lchedy	qol	2	chdy	sar	14	0.20458882452535965	0.15626585489599187	0.09248554913294797	146	81	1
lchedy	qol	2	chdy	sar	15	0.2304292197003842	0.17267038728225942	0.10344827586206896	146	81	1
lchedy	qol	2	chdy	sar	16	0.17799724997188127	0.13157449687130052	0.07428571428571429	146	81	1
lchedy	qol	2	chdy	sar	17	0.2548871470899585	0.19727718586166074	0.12	146	81	1
lchedy	qol	2	chdy	sar	18	0.17855392191167885	0.14256722475900557	0.08888888888888889	146	81	1
lchedy	qol	2	chdy	sar	19	0.21204011762062602	0.16446812108912565	0.09550561797752809	146	81	1
lchedy	qol	2	chdy	sar	20	0.1933530897911896	0.14941653982749872	0.09142857142857143	146	81	1
lchedy	qol	3	am	cthy	1	0.16258546571677224	0.11639196206818692	0.06756756756756757	86	103	1
lchedy	qol	3	am	cthy	2	0.17360151504073096	0.1435990065477534	0.06756756756756757	86	103	1
lchedy	qol	3	am	cthy	3	0.1012680085344887	0.08342741025062089	0.050314465408805034	86	103	1
lchedy	qol	3	am	cthy	4	0.1864608223887353	0.14743734477308643	0.07586206896551724	86	103	1
lchedy	qol	3	am	cthy	5	0.1439752092421388	0.11842402348159853	0.07741935483870968	86	103	1
lchedy	qol	3	am	cthy	6	0.1803170534965819	0.15127568299841948	0.06711409395973154	86	103	1
lchedy	qol	3	am	cthy	7	0.2309205899893979	0.17848272747798594	0.09154929577464789	86	103	1
lchedy	qol	3	am	cthy	8	0.15716008444498852	0.12418153081959807	0.07894736842105263	86	103	1
lchedy	qol	3	am	cthy	9	0.15718832394734406	0.1300519304583427	0.07333333333333333	86	103	1
lchedy	qol	3	am	cthy	10	0.18566829140350383	0.14167983743508689	0.08609271523178808	86	103	1
lchedy	qol	3	am	cthy	11	0.11187398589808828	0.09313614811469856	0.053691275167785234	86	103	1
lchedy	qol	3	am	cthy	12	0.12247996326168809	0.10284488597877622	0.062111801242236024	86	103	1
lchedy	qol	3	am	cthy	13	0.1315917941192668	0.09505531722736507	0.05921052631578947	86	103	1
lchedy	qol	3	am	cthy	14	0.17304680541598738	0.14359900654775343	0.08053691275167785	86	103	1
lchedy	qol	3	am	cthy	15	0.15636688490605977	0.12034319259426503	0.0759493670886076	86	103	1
lchedy	qol	3	am	cthy	16	0.13048002844410977	0.10081282456536464	0.05128205128205128	86	103	1
lchedy	qol	3	am	cthy	17	0.18651878969216895	0.1533077444118311	0.08666666666666667	86	103	1
lchedy	qol	3	am	cthy	18	0.2029111688712304	0.1533077444118311	0.0958904109589041	86	103	1
lchedy	qol	3	am	cthy	19	0.12575586233322578	0.09505531722736507	0.05921052631578947	86	103	1
lchedy	qol	3	am	cthy	20	0.13089690239426477	0.10476405509144275	0.05660377358490566	86	103	1
okaiin	ol	1	sar	shedy	1	0.12264908966227295	0.07834101382488479	0.04710144927536232	81	434	1
okaiin	ol	1	sar	shedy	2	0.27467435214192404	0.19619388974227683	0.09294871794871795	81	434	1
okaiin	ol	1	sar	shedy	3	0.2604320861456598	0.18071912157933662	0.08333333333333333	81	434	1
okaiin	ol	1	sar	shedy	4	0.31154293730145954	0.22532286510781133	0.0926517571884984	81	434	1
okaiin	ol	1	sar	shedy	5	0.3184394225255872	0.23667292484496782	0.1	81	434	1
okaiin	ol	1	sar	shedy	6	0.2596397576059979	0.1945440063719633	0.10101010101010101	81	434	1
okaiin	ol	1	sar	shedy	7	0.22587196853306546	0.15833191102008304	0.07467532467532467	81	434	1
okaiin	ol	1	sar	shedy	8	0.29873130582680874	0.20771462706946575	0.1040268456375839	81	434	1
okaiin	ol	1	sar	shedy	9	0.29149749701092853	0.20902315525971435	0.10104529616724739	81	434	1
okaiin	ol	1	sar	shedy	10	0.24233805926606444	0.17611082664846106	0.09061488673139159	81	434	1
okaiin	ol	1	sar	shedy	11	0.2600876018527776	0.1853274165102122	0.08064516129032258	81	434	1
okaiin	ol	1	sar	shedy	12	0.22676692130631693	0.15471923536439663	0.0749185667752443	81	434	1
okaiin	ol	1	sar	shedy	13	0.25365177214954127	0.18680662229049327	0.0744336569579288	81	434	1
okaiin	ol	1	sar	shedy	14	0.28919719597595084	0.2169312169312169	0.08524590163934426	81	434	1
okaiin	ol	1	sar	shedy	15	0.22781198519610046	0.15372361608920743	0.08974358974358974	81	434	1
okaiin	ol	1	sar	shedy	16	0.2653468947139638	0.19141491722136883	0.09060402684563758	81	434	1
okaiin	ol	1	sar	shedy	17	0.27565328401321976	0.20293565454855775	0.09446254071661238	81	434	1
okaiin	ol	1	sar	shedy	18	0.335469219712792	0.2470558115719406	0.10631229235880399	81	434	1
okaiin	ol	1	sar	shedy	19	0.22541044249963826	0.15389429367923985	0.07894736842105263	81	434	1
okaiin	ol	1	sar	shedy	20	0.24277867339631665	0.17545656255333672	0.08940397350993377	81	434	1
okaiin	ol	2	aiin	qotchy	1	0.13333052022876046	0.07936507936507935	0.04395604395604396	504	62	1
okaiin	ol	2	aiin	qotchy	2	0.1991064285197386	0.11309523809523805	0.0549738219895288	504	62	1
okaiin	ol	2	aiin	qotchy	3	0.16909826829858998	0.09549411162314389	0.04825737265415549	504	62	1
okaiin	ol	2	aiin	qotchy	4	0.22209649178007507	0.1391449052739375	0.06933333333333333	504	62	1
okaiin	ol	2	aiin	qotchy	5	0.1477828517716896	0.08954173067076293	0.041884816753926704	504	62	1
okaiin	ol	2	aiin	qotchy	6	0.21121037691214606	0.125	0.05945945945945946	504	62	1
okaiin	ol	2	aiin	qotchy	7	0.20470671132671692	0.1349206349206349	0.056	504	62	1
okaiin	ol	2	aiin	qotchy	8	0.1776377158296043	0.11930363543266768	0.04450261780104712	504	62	1
okaiin	ol	2	aiin	qotchy	9	0.15280019855411353	0.08928571428571426	0.05699481865284974	504	62	1
okaiin	ol	2	aiin	qotchy	10	0.22209271496321492	0.1391449052739375	0.06077348066298342	504	62	1
okaiin	ol	2	aiin	qotchy	11	0.20107712537439748	0.12103174603174602	0.05929919137466307	504	62	1
okaiin	ol	2	aiin	qotchy	12	0.20212528179315625	0.12327188940092167	0.046153846153846156	504	62	1
okaiin	ol	2	aiin	qotchy	13	0.2091453771061662	0.1493215565796211	0.04960835509138381	504	62	1
okaiin	ol	2	aiin	qotchy	14	0.14832542893700795	0.10317460317460317	0.042666666666666665	504	62	1
okaiin	ol	2	aiin	qotchy	15	0.15246001016855337	0.09152585765488991	0.04580152671755725	504	62	1
okaiin	ol	2	aiin	qotchy	16	0.18220448619716778	0.12103174603174603	0.04639175257731959	504	62	1
okaiin	ol	2	aiin	qotchy	17	0.1799786692171822	0.10317460317460317	0.04738154613466334	504	62	1
okaiin	ol	2	aiin	qotchy	18	0.17712607368984312	0.11111111111111108	0.05675675675675676	504	62	1
okaiin	ol	2	aiin	qotchy	19	0.21065816481517396	0.13492063492063483	0.06382978723404255	504	62	1
okaiin	ol	2	aiin	qotchy	20	0.2183015094913845	0.1388888888888889	0.059895833333333336	504	62	1
okaiin	ol	3	shedy	sor	1	0.1567126059661048	0.11177374175476644	0.05363984674329502	434	51	1
okaiin	ol	3	shedy	sor	2	0.25180629016457234	0.16476913345983554	0.07586206896551724	434	51	1
okaiin	ol	3	shedy	sor	3	0.17838606978850968	0.12216499503027017	0.05750798722044728	434	51	1
okaiin	ol	3	shedy	sor	4	0.25506282999011676	0.1901599349417186	0.059800664451827246	434	51	1
okaiin	ol	3	shedy	sor	5	0.21118930044064987	0.13942351134001987	0.06968641114982578	434	51	1
okaiin	ol	3	shedy	sor	6	0.2424848516821556	0.1682479443390259	0.05714285714285714	434	51	1
okaiin	ol	3	shedy	sor	7	0.253732313871759	0.16937742839071113	0.07317073170731707	434	51	1
okaiin	ol	3	shedy	sor	8	0.21198896529868105	0.14059817475377248	0.059233449477351915	434	51	1
okaiin	ol	3	shedy	sor	9	0.23885863118621753	0.1647691334598355	0.07664233576642336	434	51	1
okaiin	ol	3	shedy	sor	10	0.178639449466107	0.112948405168519	0.05821917808219178	434	51	1
okaiin	ol	3	shedy	sor	11	0.2518503726005279	0.15555254359808438	0.07291666666666667	434	51	1
okaiin	ol	3	shedy	sor	12	0.2351064100709247	0.15672720701183698	0.07394366197183098	434	51	1
okaiin	ol	3	shedy	sor	13	0.2771381466516267	0.18898527152796604	0.08480565371024736	434	51	1
okaiin	ol	3	shedy	sor	14	0.11639077734136627	0.06912442396313363	0.04081632653061224	434	51	1
okaiin	ol	3	shedy	sor	15	0.19043461898412506	0.116382036685642	0.06779661016949153	434	51	1
okaiin	ol	3	shedy	sor	16	0.3112219140131318	0.22011385199240982	0.09523809523809523	434	51	1
okaiin	ol	3	shedy	sor	17	0.21250552080611906	0.14633595373633326	0.061855670103092786	434	51	1
okaiin	ol	3	shedy	sor	18	0.20289878627287272	0.13364055299539168	0.058823529411764705	434	51	1
okaiin	ol	3	shedy	sor	19	0.1667260320671119	0.11064425770308123	0.055944055944055944	434	51	1
okaiin	ol	3	shedy	sor	20	0.24025885742709086	0.16942260775277848	0.07829181494661921	434	51	1
okain	ol	1	sar	shedy	1	0.12264908966227295	0.07834101382488479	0.04710144927536232	81	434	1
okain	ol	1	sar	shedy	2	0.2746743521419239	0.19619388974227678	0.09294871794871795	81	434	1
okain	ol	1	sar	shedy	3	0.26043208614566127	0.1807191215793366	0.08333333333333333	81	434	1
okain	ol	1	sar	shedy	4	0.311542937301459	0.2253228651078113	0.0926517571884984	81	434	1
okain	ol	1	sar	shedy	5	0.31843942252558743	0.2366729248449678	0.1	81	434	1
okain	ol	1	sar	shedy	6	0.2596397576059979	0.19454400637196334	0.10101010101010101	81	434	1
okain	ol	1	sar	shedy	7	0.22587196853306457	0.15833191102008307	0.07467532467532467	81	434	1
okain	ol	1	sar	shedy	8	0.29873130582680807	0.2077146270694658	0.1040268456375839	81	434	1
okain	ol	1	sar	shedy	9	0.29149749701092864	0.20902315525971435	0.10104529616724739	81	434	1
okain	ol	1	sar	shedy	10	0.2423380592660639	0.17611082664846103	0.09061488673139159	81	434	1
okain	ol	1	sar	shedy	11	0.2600876018527767	0.1853274165102122	0.08064516129032258	81	434	1
okain	ol	1	sar	shedy	12	0.2267669213063177	0.15471923536439663	0.0749185667752443	81	434	1
okain	ol	1	sar	shedy	13	0.2536517721495415	0.18680662229049327	0.0744336569579288	81	434	1
okain	ol	1	sar	shedy	14	0.2891971959759516	0.21693121693121695	0.08524590163934426	81	434	1
okain	ol	1	sar	shedy	15	0.22781198519610046	0.15372361608920743	0.08974358974358974	81	434	1
okain	ol	1	sar	shedy	16	0.265346894713964	0.19141491722136877	0.09060402684563758	81	434	1
okain	ol	1	sar	shedy	17	0.2756532840132193	0.20293565454855775	0.09446254071661238	81	434	1
okain	ol	1	sar	shedy	18	0.33546921971279176	0.24705581157194054	0.10631229235880399	81	434	1
okain	ol	1	sar	shedy	19	0.22541044249963782	0.1538942936792399	0.07894736842105263	81	434	1
okain	ol	1	sar	shedy	20	0.2427786733963163	0.1754565625533367	0.08940397350993377	81	434	1
okain	ol	2	shedy	sor	1	0.15671260596610526	0.11177374175476645	0.05363984674329502	434	51	1
okain	ol	2	shedy	sor	2	0.2518062901645739	0.16476913345983552	0.07586206896551724	434	51	1
okain	ol	2	shedy	sor	3	0.17838606978850957	0.12216499503027017	0.05750798722044728	434	51	1
okain	ol	2	shedy	sor	4	0.25506282999011676	0.19015993494171862	0.059800664451827246	434	51	1
okain	ol	2	shedy	sor	5	0.21118930044064887	0.13942351134001987	0.06968641114982578	434	51	1
okain	ol	2	shedy	sor	6	0.24248485168215628	0.16824794433902596	0.05714285714285714	434	51	1
okain	ol	2	shedy	sor	7	0.2537323138717601	0.16937742839071107	0.07317073170731707	434	51	1
okain	ol	2	shedy	sor	8	0.21198896529867994	0.14059817475377245	0.059233449477351915	434	51	1
okain	ol	2	shedy	sor	9	0.23885863118621842	0.1647691334598355	0.07664233576642336	434	51	1
okain	ol	2	shedy	sor	10	0.178639449466107	0.11294840516851902	0.05821917808219178	434	51	1
okain	ol	2	shedy	sor	11	0.25185037260052934	0.1555525435980844	0.07291666666666667	434	51	1
okain	ol	2	shedy	sor	12	0.23510641007092659	0.15672720701183696	0.07394366197183098	434	51	1
okain	ol	2	shedy	sor	13	0.27713814665162606	0.18898527152796601	0.08480565371024736	434	51	1
okain	ol	2	shedy	sor	14	0.11639077734136627	0.06912442396313365	0.04081632653061224	434	51	1
okain	ol	2	shedy	sor	15	0.19043461898412517	0.11638203668564201	0.06779661016949153	434	51	1
okain	ol	2	shedy	sor	16	0.31122191401313093	0.22011385199240982	0.09523809523809523	434	51	1
okain	ol	2	shedy	sor	17	0.21250552080611984	0.1463359537363333	0.061855670103092786	434	51	1
okain	ol	2	shedy	sor	18	0.20289878627287206	0.13364055299539168	0.058823529411764705	434	51	1
okain	ol	2	shedy	sor	19	0.16672603206711178	0.11064425770308124	0.055944055944055944	434	51	1
okain	ol	2	shedy	sor	20	0.24025885742709086	0.1694226077527785	0.07829181494661921	434	51	1
okain	ol	3	aiin	qotchy	1	0.13333052022875835	0.07936507936507933	0.04395604395604396	504	62	1
okain	ol	3	aiin	qotchy	2	0.19910642851973903	0.11309523809523808	0.0549738219895288	504	62	1
okain	ol	3	aiin	qotchy	3	0.16909826829858865	0.09549411162314389	0.04825737265415549	504	62	1
okain	ol	3	aiin	qotchy	4	0.2220964917800744	0.13914490527393752	0.06933333333333333	504	62	1
okain	ol	3	aiin	qotchy	5	0.14778285177168982	0.0895417306707629	0.041884816753926704	504	62	1
okain	ol	3	aiin	qotchy	6	0.21121037691214406	0.12499999999999997	0.05945945945945946	504	62	1
okain	ol	3	aiin	qotchy	7	0.20470671132671692	0.13492063492063494	0.056	504	62	1
okain	ol	3	aiin	qotchy	8	0.1776377158296033	0.11930363543266766	0.04450261780104712	504	62	1
okain	ol	3	aiin	qotchy	9	0.1528001985541121	0.08928571428571429	0.05699481865284974	504	62	1
okain	ol	3	aiin	qotchy	10	0.22209271496321425	0.13914490527393747	0.06077348066298342	504	62	1
okain	ol	3	aiin	qotchy	11	0.20107712537439648	0.12103174603174599	0.05929919137466307	504	62	1
okain	ol	3	aiin	qotchy	12	0.20212528179315548	0.12327188940092165	0.046153846153846156	504	62	1
okain	ol	3	aiin	qotchy	13	0.20914537710616576	0.1493215565796211	0.04960835509138381	504	62	1
okain	ol	3	aiin	qotchy	14	0.14832542893700806	0.10317460317460317	0.042666666666666665	504	62	1
okain	ol	3	aiin	qotchy	15	0.1524600101685556	0.09152585765488991	0.04580152671755725	504	62	1
okain	ol	3	aiin	qotchy	16	0.18220448619716811	0.121031746031746	0.04639175257731959	504	62	1
okain	ol	3	aiin	qotchy	17	0.1799786692171813	0.10317460317460317	0.04738154613466334	504	62	1
okain	ol	3	aiin	qotchy	18	0.17712607368984323	0.1111111111111111	0.05675675675675676	504	62	1
okain	ol	3	aiin	qotchy	19	0.21065816481517474	0.13492063492063489	0.06382978723404255	504	62	1
okain	ol	3	aiin	qotchy	20	0.21830150949138516	0.13888888888888887	0.059895833333333336	504	62	1
qokaiin	qol	1	sar	shey	1	0.12470232105043744	0.0827338129496403	0.0502092050209205	81	278	1
qokaiin	qol	1	sar	shey	2	0.3109853173007807	0.23954169997335467	0.11255411255411256	81	278	1
qokaiin	qol	1	sar	shey	3	0.2716383028162863	0.20921040945021763	0.10460251046025104	81	278	1
qokaiin	qol	1	sar	shey	4	0.29739583812618464	0.2143618438582468	0.10548523206751055	81	278	1
qokaiin	qol	1	sar	shey	5	0.2844757584446411	0.21280753175237588	0.10548523206751055	81	278	1
qokaiin	qol	1	sar	shey	6	0.2566736021065247	0.1963762323474554	0.10810810810810811	81	278	1
qokaiin	qol	1	sar	shey	7	0.24366463691539453	0.19735322852828852	0.0782608695652174	81	278	1
qokaiin	qol	1	sar	shey	8	0.26105880138750603	0.19890754063415936	0.088	81	278	1
qokaiin	qol	1	sar	shey	9	0.2343480820802778	0.16293631761257665	0.09881422924901186	81	278	1
qokaiin	qol	1	sar	shey	10	0.1871406716131777	0.14290789590549782	0.07335907335907337	81	278	1
qokaiin	qol	1	sar	shey	11	0.2692289708259348	0.19841904254374285	0.09387755102040816	81	278	1
qokaiin	qol	1	sar	shey	12	0.2482467359540902	0.17887911892708058	0.09561752988047809	81	278	1
qokaiin	qol	1	sar	shey	13	0.20519559655400832	0.14854782840394354	0.07346938775510205	81	278	1
qokaiin	qol	1	sar	shey	14	0.27714996404477243	0.21329602984279247	0.09795918367346938	81	278	1
qokaiin	qol	1	sar	shey	15	0.1922207711086824	0.12492228439470648	0.07228915662650602	81	278	1
qokaiin	qol	1	sar	shey	16	0.23090404181594548	0.1665334399147349	0.08846153846153847	81	278	1
qokaiin	qol	1	sar	shey	17	0.2122041633450561	0.14903632649436008	0.08108108108108109	81	278	1
qokaiin	qol	1	sar	shey	18	0.2779794835475988	0.20921040945021763	0.102880658436214	81	278	1
qokaiin	qol	1	sar	shey	19	0.219912741736082	0.1557420730082601	0.09090909090909091	81	278	1
qokaiin	qol	1	sar	shey	20	0.21429522650913324	0.1577848832045475	0.09163346613545817	81	278	1
qokaiin	qol	2	al	sol	1	0.21331141838716883	0.1405615600160119	0.07555555555555556	261	67	1
qokaiin	qol	2	al	sol	2	0.23542711537806627	0.14862469262881	0.09745762711864407	261	67	1
qokaiin	qol	2	al	sol	3	0.16675293687601112	0.11071081374735518	0.06938775510204082	261	67	1
qokaiin	qol	2	al	sol	4	0.24995399057526468	0.1601189455023732	0.0823045267489712	261	67	1
qokaiin	qol	2	al	sol	5	0.23576610897992545	0.1601189455023732	0.08823529411764706	261	67	1
qokaiin	qol	2	al	sol	6	0.24080195121700232	0.1566878252416081	0.10460251046025104	261	67	1
qokaiin	qol	2	al	sol	7	0.21984816182278866	0.1623491736718706	0.07851239669421488	261	67	1
qokaiin	qol	2	al	sol	8	0.2286689899230201	0.1529276693455798	0.0846774193548387	260	67	1
qokaiin	qol	2	al	sol	9	0.2429826143349032	0.1640068886337543	0.09166666666666666	260	67	1
qokaiin	qol	2	al	sol	10	0.2556078901395993	0.1687715269804822	0.09210526315789473	260	67	1
qokaiin	qol	2	al	sol	11	0.17174272198378926	0.121699196326062	0.0625	260	67	1
qokaiin	qol	2	al	sol	12	0.23118972433651108	0.16739380022962116	0.08786610878661087	260	67	1
qokaiin	qol	2	al	sol	13	0.23777082913128822	0.172158438576349	0.08130081300813008	260	67	1
qokaiin	qol	2	al	sol	14	0.15074080007988788	0.11446613088404134	0.047244094488188976	260	67	1
qokaiin	qol	2	al	sol	15	0.16764670613815702	0.11446613088404134	0.068	260	67	1
qokaiin	qol	2	al	sol	16	0.25039751587347137	0.17600459242250277	0.10080645161290322	260	67	1
qokaiin	qol	2	al	sol	17	0.252370682891077	0.17215843857634902	0.096	260	67	1
qokaiin	qol	2	al	sol	18	0.16970679100875274	0.1	0.06926406926406926	260	67	1
qokaiin	qol	2	al	sol	19	0.18512164286672694	0.12554535017221585	0.07630522088353414	260	67	1
qokaiin	qol	2	al	sol	20	0.2538600462054229	0.16538461538461538	0.10204081632653061	260	67	1
qokaiin	qol	3	r	shor	1	0.13217056339717737	0.09492110453648916	0.050314465408805034	169	96	1
qokaiin	qol	3	r	shor	2	0.18018773426161294	0.13634122287968445	0.06896551724137931	169	96	1
qokaiin	qol	3	r	shor	3	0.1646840849957133	0.12900641025641027	0.06965174129353234	169	96	1
qokaiin	qol	3	r	shor	4	0.20442690127564322	0.15859220907297833	0.09743589743589744	169	96	1
qokaiin	qol	3	r	shor	5	0.17544930321566177	0.1304240631163708	0.08018867924528301	169	96	1
qokaiin	qol	3	r	shor	6	0.21446194276451191	0.17800788954635108	0.0975609756097561	169	96	1
qokaiin	qol	3	r	shor	7	0.27707707285598604	0.21634615384615388	0.13333333333333333	169	96	1
qokaiin	qol	3	r	shor	8	0.2072615448226498	0.16592702169625248	0.08376963350785341	169	96	1
qokaiin	qol	3	r	shor	9	0.1705246456916958	0.13042406311637084	0.07462686567164178	169	96	1
qokaiin	qol	3	r	shor	10	0.19060661436476067	0.14792899408284027	0.07920792079207921	169	96	1
qokaiin	qol	3	r	shor	11	0.2288369144606197	0.16309171597633138	0.08080808080808081	169	96	1
qokaiin	qol	3	r	shor	12	0.11972493232075587	0.09800295857988166	0.04225352112676056	169	96	1
qokaiin	qol	3	r	shor	13	0.18013799110215	0.12734220907297833	0.09137055837563451	169	96	1
qokaiin	qol	3	r	shor	14	0.19887585639259298	0.15409270216962526	0.09178743961352658	169	96	1
qokaiin	qol	3	r	shor	15	0.2202421738324326	0.17326183431952663	0.08205128205128205	169	96	1
qokaiin	qol	3	r	shor	16	0.2138490473738942	0.16592702169625248	0.08823529411764706	169	96	1
qokaiin	qol	3	r	shor	17	0.2129176588807965	0.16142751479289943	0.08737864077669903	169	96	1
qokaiin	qol	3	r	shor	18	0.20466480363793615	0.1585922090729783	0.08415841584158416	169	96	1
qokaiin	qol	3	r	shor	19	0.18914672892574647	0.13942307692307696	0.0825242718446602	169	96	1
qokaiin	qol	3	r	shor	20	0.19605235958361644	0.13917652859960553	0.07216494845360824	169	96	1
daiin	dol	1	sar	shedy	1	0.12264908966227295	0.0783410138248848	0.04710144927536232	81	434	1
daiin	dol	1	sar	shedy	2	0.27467435214192426	0.19619388974227678	0.09294871794871795	81	434	1
daiin	dol	1	sar	shedy	3	0.26043208614566093	0.18071912157933662	0.08333333333333333	81	434	1
daiin	dol	1	sar	shedy	4	0.311542937301459	0.2253228651078113	0.0926517571884984	81	434	1
daiin	dol	1	sar	shedy	5	0.3184394225255869	0.23667292484496782	0.1	81	434	1
daiin	dol	1	sar	shedy	6	0.25963975760599844	0.1945440063719633	0.10101010101010101	81	434	1
daiin	dol	1	sar	shedy	7	0.22587196853306424	0.15833191102008307	0.07467532467532467	81	434	1
daiin	dol	1	sar	shedy	8	0.2987313058268085	0.20771462706946578	0.1040268456375839	81	434	1
daiin	dol	1	sar	shedy	9	0.2914974970109283	0.20902315525971435	0.10104529616724739	81	434	1
daiin	dol	1	sar	shedy	10	0.24233805926606455	0.17611082664846103	0.09061488673139159	81	434	1
daiin	dol	1	sar	shedy	11	0.26008760185277646	0.18532741651021217	0.08064516129032258	81	434	1
daiin	dol	1	sar	shedy	12	0.22676692130631693	0.15471923536439663	0.0749185667752443	81	434	1
daiin	dol	1	sar	shedy	13	0.25365177214954115	0.18680662229049325	0.0744336569579288	81	434	1
daiin	dol	1	sar	shedy	14	0.2891971959759516	0.2169312169312169	0.08524590163934426	81	434	1
daiin	dol	1	sar	shedy	15	0.22781198519610046	0.15372361608920745	0.08974358974358974	81	434	1
daiin	dol	1	sar	shedy	16	0.26534689471396367	0.19141491722136886	0.09060402684563758	81	434	1
daiin	dol	1	sar	shedy	17	0.2756532840132193	0.20293565454855778	0.09446254071661238	81	434	1
daiin	dol	1	sar	shedy	18	0.335469219712792	0.24705581157194056	0.10631229235880399	81	434	1
daiin	dol	1	sar	shedy	19	0.22541044249963837	0.15389429367923987	0.07894736842105263	81	434	1
daiin	dol	1	sar	shedy	20	0.24277867339631665	0.1754565625533367	0.08940397350993377	81	434	1
daiin	dol	2	shedy	sor	1	0.15671260596610437	0.11177374175476644	0.05363984674329502	434	51	1
daiin	dol	2	shedy	sor	2	0.25180629016457445	0.16476913345983557	0.07586206896551724	434	51	1
daiin	dol	2	shedy	sor	3	0.17838606978851024	0.12216499503027017	0.05750798722044728	434	51	1
daiin	dol	2	shedy	sor	4	0.2550628299901171	0.19015993494171862	0.059800664451827246	434	51	1
daiin	dol	2	shedy	sor	5	0.21118930044064932	0.13942351134001985	0.06968641114982578	434	51	1
daiin	dol	2	shedy	sor	6	0.2424848516821566	0.1682479443390259	0.05714285714285714	434	51	1
daiin	dol	2	shedy	sor	7	0.2537323138717591	0.1693774283907111	0.07317073170731707	434	51	1
daiin	dol	2	shedy	sor	8	0.2119889652986805	0.14059817475377248	0.059233449477351915	434	51	1
daiin	dol	2	shedy	sor	9	0.23885863118621697	0.16476913345983552	0.07664233576642336	434	51	1
daiin	dol	2	shedy	sor	10	0.17863944946610555	0.11294840516851902	0.05821917808219178	434	51	1
daiin	dol	2	shedy	sor	11	0.25185037260052834	0.1555525435980844	0.07291666666666667	434	51	1
daiin	dol	2	shedy	sor	12	0.23510641007092536	0.15672720701183698	0.07394366197183098	434	51	1
daiin	dol	2	shedy	sor	13	0.2771381466516267	0.18898527152796596	0.08480565371024736	434	51	1
daiin	dol	2	shedy	sor	14	0.11639077734136583	0.06912442396313363	0.04081632653061224	434	51	1
daiin	dol	2	shedy	sor	15	0.19043461898412484	0.11638203668564202	0.06779661016949153	434	51	1
daiin	dol	2	shedy	sor	16	0.3112219140131325	0.22011385199240988	0.09523809523809523	434	51	1
daiin	dol	2	shedy	sor	17	0.21250552080611873	0.14633595373633326	0.061855670103092786	434	51	1
daiin	dol	2	shedy	sor	18	0.20289878627287306	0.13364055299539165	0.058823529411764705	434	51	1
daiin	dol	2	shedy	sor	19	0.16672603206711234	0.11064425770308123	0.055944055944055944	434	51	1
daiin	dol	2	shedy	sor	20	0.2402588574270912	0.1694226077527785	0.07829181494661921	434	51	1
daiin	dol	3	aiin	qotchy	1	0.1333305202287578	0.07936507936507936	0.04395604395604396	504	62	1
daiin	dol	3	aiin	qotchy	2	0.1991064285197387	0.11309523809523808	0.0549738219895288	504	62	1
daiin	dol	3	aiin	qotchy	3	0.16909826829858843	0.09549411162314386	0.04825737265415549	504	62	1
daiin	dol	3	aiin	qotchy	4	0.2220964917800744	0.13914490527393747	0.06933333333333333	504	62	1
daiin	dol	3	aiin	qotchy	5	0.14778285177168815	0.0895417306707629	0.041884816753926704	504	62	1
daiin	dol	3	aiin	qotchy	6	0.21121037691214606	0.12499999999999996	0.05945945945945946	504	62	1
daiin	dol	3	aiin	qotchy	7	0.20470671132671547	0.13492063492063494	0.056	504	62	1
daiin	dol	3	aiin	qotchy	8	0.17763771582960353	0.11930363543266768	0.04450261780104712	504	62	1
daiin	dol	3	aiin	qotchy	9	0.15280019855411253	0.08928571428571427	0.05699481865284974	504	62	1
daiin	dol	3	aiin	qotchy	10	0.2220927149632137	0.1391449052739375	0.06077348066298342	504	62	1
daiin	dol	3	aiin	qotchy	11	0.20107712537439804	0.12103174603174602	0.05929919137466307	504	62	1
daiin	dol	3	aiin	qotchy	12	0.2021252817931546	0.12327188940092168	0.046153846153846156	504	62	1
daiin	dol	3	aiin	qotchy	13	0.2091453771061661	0.1493215565796211	0.04960835509138381	504	62	1
daiin	dol	3	aiin	qotchy	14	0.14832542893700806	0.10317460317460317	0.042666666666666665	504	62	1
daiin	dol	3	aiin	qotchy	15	0.15246001016855493	0.0915258576548899	0.04580152671755725	504	62	1
daiin	dol	3	aiin	qotchy	16	0.18220448619716778	0.12103174603174599	0.04639175257731959	504	62	1
daiin	dol	3	aiin	qotchy	17	0.17997866921718209	0.10317460317460315	0.04738154613466334	504	62	1
daiin	dol	3	aiin	qotchy	18	0.17712607368984223	0.11111111111111109	0.05675675675675676	504	62	1
daiin	dol	3	aiin	qotchy	19	0.21065816481517496	0.13492063492063486	0.06382978723404255	504	62	1
daiin	dol	3	aiin	qotchy	20	0.2183015094913845	0.13888888888888884	0.059895833333333336	504	62	1
aiin	ar	1	sar	shedy	1	0.12264908966227328	0.07834101382488479	0.04710144927536232	81	434	1
aiin	ar	1	sar	shedy	2	0.2746743521419247	0.19619388974227686	0.09294871794871795	81	434	1
aiin	ar	1	sar	shedy	3	0.26043208614566016	0.1807191215793366	0.08333333333333333	81	434	1
aiin	ar	1	sar	shedy	4	0.3115429373014592	0.22532286510781133	0.0926517571884984	81	434	1
aiin	ar	1	sar	shedy	5	0.3184394225255871	0.23667292484496785	0.1	81	434	1
aiin	ar	1	sar	shedy	6	0.2596397576059991	0.1945440063719633	0.10101010101010101	81	434	1
aiin	ar	1	sar	shedy	7	0.22587196853306402	0.15833191102008304	0.07467532467532467	81	434	1
aiin	ar	1	sar	shedy	8	0.29873130582680807	0.20771462706946572	0.1040268456375839	81	434	1
aiin	ar	1	sar	shedy	9	0.291497497010928	0.2090231552597144	0.10104529616724739	81	434	1
aiin	ar	1	sar	shedy	10	0.24233805926606444	0.17611082664846106	0.09061488673139159	81	434	1
aiin	ar	1	sar	shedy	11	0.2600876018527766	0.1853274165102122	0.08064516129032258	81	434	1
aiin	ar	1	sar	shedy	12	0.22676692130631715	0.15471923536439666	0.0749185667752443	81	434	1
aiin	ar	1	sar	shedy	13	0.2536517721495418	0.18680662229049327	0.0744336569579288	81	434	1
aiin	ar	1	sar	shedy	14	0.2891971959759514	0.2169312169312169	0.08524590163934426	81	434	1
aiin	ar	1	sar	shedy	15	0.2278119851961008	0.1537236160892075	0.08974358974358974	81	434	1
aiin	ar	1	sar	shedy	16	0.26534689471396333	0.1914149172213688	0.09060402684563758	81	434	1
aiin	ar	1	sar	shedy	17	0.2756532840132193	0.20293565454855772	0.09446254071661238	81	434	1
aiin	ar	1	sar	shedy	18	0.3354692197127924	0.24705581157194054	0.10631229235880399	81	434	1
aiin	ar	1	sar	shedy	19	0.2254104424996386	0.1538942936792399	0.07894736842105263	81	434	1
aiin	ar	1	sar	shedy	20	0.24277867339631587	0.1754565625533367	0.08940397350993377	81	434	1
aiin	ar	2	shedy	sor	1	0.15671260596610515	0.11177374175476643	0.05363984674329502	434	51	1
aiin	ar	2	shedy	sor	2	0.2518062901645727	0.16476913345983552	0.07586206896551724	434	51	1
aiin	ar	2	shedy	sor	3	0.17838606978851113	0.12216499503027016	0.05750798722044728	434	51	1
aiin	ar	2	shedy	sor	4	0.2550628299901162	0.19015993494171857	0.059800664451827246	434	51	1
aiin	ar	2	shedy	sor	5	0.21118930044064999	0.13942351134001985	0.06968641114982578	434	51	1
aiin	ar	2	shedy	sor	6	0.2424848516821564	0.1682479443390259	0.05714285714285714	434	51	1
aiin	ar	2	shedy	sor	7	0.25373231387175976	0.16937742839071107	0.07317073170731707	434	51	1
aiin	ar	2	shedy	sor	8	0.21198896529867994	0.14059817475377248	0.059233449477351915	434	51	1
aiin	ar	2	shedy	sor	9	0.23885863118621853	0.16476913345983552	0.07664233576642336	434	51	1
aiin	ar	2	shedy	sor	10	0.17863944946610566	0.11294840516851903	0.05821917808219178	434	51	1
aiin	ar	2	shedy	sor	11	0.2518503726005279	0.15555254359808438	0.07291666666666667	434	51	1
aiin	ar	2	shedy	sor	12	0.23510641007092503	0.15672720701183696	0.07394366197183098	434	51	1
aiin	ar	2	shedy	sor	13	0.2771381466516267	0.188985271527966	0.08480565371024736	434	51	1
aiin	ar	2	shedy	sor	14	0.11639077734136494	0.06912442396313365	0.04081632653061224	434	51	1
aiin	ar	2	shedy	sor	15	0.1904346189841255	0.11638203668564201	0.06779661016949153	434	51	1
aiin	ar	2	shedy	sor	16	0.31122191401313115	0.22011385199240985	0.09523809523809523	434	51	1
aiin	ar	2	shedy	sor	17	0.21250552080611862	0.14633595373633324	0.061855670103092786	434	51	1
aiin	ar	2	shedy	sor	18	0.2028987862728724	0.13364055299539168	0.058823529411764705	434	51	1
aiin	ar	2	shedy	sor	19	0.16672603206711123	0.11064425770308124	0.055944055944055944	434	51	1
aiin	ar	2	shedy	sor	20	0.2402588574270914	0.1694226077527785	0.07829181494661921	434	51	1
aiin	ar	3	sar	shey	1	0.12470232105043755	0.0827338129496403	0.0502092050209205	81	278	1
aiin	ar	3	sar	shey	2	0.31098531730078105	0.23954169997335464	0.11255411255411256	81	278	1
aiin	ar	3	sar	shey	3	0.27163830281628665	0.20921040945021763	0.10460251046025104	81	278	1
aiin	ar	3	sar	shey	4	0.2973958381261841	0.21436184385824678	0.10548523206751055	81	278	1
aiin	ar	3	sar	shey	5	0.2844757584446417	0.21280753175237596	0.10548523206751055	81	278	1
aiin	ar	3	sar	shey	6	0.25667360210652457	0.19637623234745533	0.10810810810810811	81	278	1
aiin	ar	3	sar	shey	7	0.24366463691539453	0.1973532285282885	0.0782608695652174	81	278	1
aiin	ar	3	sar	shey	8	0.26105880138750626	0.1989075406341593	0.088	81	278	1
aiin	ar	3	sar	shey	9	0.23434808208027758	0.16293631761257665	0.09881422924901186	81	278	1
aiin	ar	3	sar	shey	10	0.1871406716131785	0.14290789590549782	0.07335907335907337	81	278	1
aiin	ar	3	sar	shey	11	0.2692289708259342	0.1984190425437428	0.09387755102040816	81	278	1
aiin	ar	3	sar	shey	12	0.24824673595409075	0.1788791189270806	0.09561752988047809	81	278	1
aiin	ar	3	sar	shey	13	0.20519559655400832	0.1485478284039435	0.07346938775510205	81	278	1
aiin	ar	3	sar	shey	14	0.27714996404477243	0.21329602984279245	0.09795918367346938	81	278	1
aiin	ar	3	sar	shey	15	0.1922207711086824	0.12492228439470647	0.07228915662650602	81	278	1
aiin	ar	3	sar	shey	16	0.2309040418159456	0.1665334399147349	0.08846153846153847	81	278	1
aiin	ar	3	sar	shey	17	0.21220416334505598	0.14903632649436013	0.08108108108108109	81	278	1
aiin	ar	3	sar	shey	18	0.2779794835475986	0.20921040945021763	0.102880658436214	81	278	1
aiin	ar	3	sar	shey	19	0.21991274173608233	0.1557420730082601	0.09090909090909091	81	278	1
aiin	ar	3	sar	shey	20	0.21429522650913324	0.1577848832045475	0.09163346613545817	81	278	1
qokain	qol	1	sar	shey	1	0.12470232105043777	0.08273381294964029	0.0502092050209205	81	278	1
qokain	qol	1	sar	shey	2	0.31098531730078094	0.23954169997335467	0.11255411255411256	81	278	1
qokain	qol	1	sar	shey	3	0.271638302816286	0.20921040945021763	0.10460251046025104	81	278	1
qokain	qol	1	sar	shey	4	0.29739583812618464	0.21436184385824675	0.10548523206751055	81	278	1
qokain	qol	1	sar	shey	5	0.2844757584446419	0.21280753175237596	0.10548523206751055	81	278	1
qokain	qol	1	sar	shey	6	0.2566736021065247	0.19637623234745544	0.10810810810810811	81	278	1
qokain	qol	1	sar	shey	7	0.24366463691539453	0.19735322852828852	0.0782608695652174	81	278	1
qokain	qol	1	sar	shey	8	0.26105880138750637	0.19890754063415939	0.088	81	278	1
qokain	qol	1	sar	shey	9	0.23434808208027702	0.16293631761257663	0.09881422924901186	81	278	1
qokain	qol	1	sar	shey	10	0.1871406716131785	0.14290789590549785	0.07335907335907337	81	278	1
qokain	qol	1	sar	shey	11	0.2692289708259341	0.19841904254374282	0.09387755102040816	81	278	1
qokain	qol	1	sar	shey	12	0.24824673595408997	0.1788791189270806	0.09561752988047809	81	278	1
qokain	qol	1	sar	shey	13	0.20519559655400788	0.14854782840394354	0.07346938775510205	81	278	1
qokain	qol	1	sar	shey	14	0.27714996404477255	0.21329602984279245	0.09795918367346938	81	278	1
qokain	qol	1	sar	shey	15	0.1922207711086824	0.12492228439470647	0.07228915662650602	81	278	1
qokain	qol	1	sar	shey	16	0.23090404181594626	0.1665334399147349	0.08846153846153847	81	278	1
qokain	qol	1	sar	shey	17	0.21220416334505576	0.14903632649436008	0.08108108108108109	81	278	1
qokain	qol	1	sar	shey	18	0.27797948354759816	0.20921040945021763	0.102880658436214	81	278	1
qokain	qol	1	sar	shey	19	0.21991274173608233	0.15574207300826012	0.09090909090909091	81	278	1
qokain	qol	1	sar	shey	20	0.21429522650913368	0.1577848832045475	0.09163346613545817	81	278	1
qokain	qol	2	al	sol	1	0.21331141838716805	0.1405615600160119	0.07555555555555556	261	67	1
qokain	qol	2	al	sol	2	0.23542711537806582	0.14862469262881	0.09745762711864407	261	67	1
qokain	qol	2	al	sol	3	0.16675293687601145	0.11071081374735518	0.06938775510204082	261	67	1
qokain	qol	2	al	sol	4	0.2499539905752658	0.16011894550237318	0.0823045267489712	261	67	1
qokain	qol	2	al	sol	5	0.2357661089799259	0.1601189455023732	0.08823529411764706	261	67	1
qokain	qol	2	al	sol	6	0.24080195121700332	0.1566878252416081	0.10460251046025104	261	67	1
qokain	qol	2	al	sol	7	0.2198481618227891	0.16234917367187052	0.07851239669421488	261	67	1
qokain	qol	2	al	sol	8	0.2286689899230202	0.15292766934557978	0.0846774193548387	260	67	1
qokain	qol	2	al	sol	9	0.24298261433490365	0.1640068886337543	0.09166666666666666	260	67	1
qokain	qol	2	al	sol	10	0.25560789013959995	0.16877152698048226	0.09210526315789473	260	67	1
qokain	qol	2	al	sol	11	0.17174272198378926	0.121699196326062	0.0625	260	67	1
qokain	qol	2	al	sol	12	0.23118972433651142	0.16739380022962108	0.08786610878661087	260	67	1
qokain	qol	2	al	sol	13	0.23777082913128755	0.172158438576349	0.08130081300813008	260	67	1
qokain	qol	2	al	sol	14	0.15074080007988788	0.11446613088404134	0.047244094488188976	260	67	1
qokain	qol	2	al	sol	15	0.1676467061381578	0.11446613088404134	0.068	260	67	1
qokain	qol	2	al	sol	16	0.25039751587347114	0.17600459242250288	0.10080645161290322	260	67	1
qokain	qol	2	al	sol	17	0.2523706828910769	0.17215843857634902	0.096	260	67	1
qokain	qol	2	al	sol	18	0.16970679100875274	0.1	0.06926406926406926	260	67	1
qokain	qol	2	al	sol	19	0.1851216428667264	0.12554535017221585	0.07630522088353414	260	67	1
qokain	qol	2	al	sol	20	0.2538600462054226	0.16538461538461535	0.10204081632653061	260	67	1
qokain	qol	3	am	qokeedy	1	0.1273462568060213	0.08700098477388077	0.0502092050209205	86	307	1
qokain	qol	3	am	qokeedy	2	0.17947631315351054	0.1163169456859329	0.07434944237918216	86	307	1
qokain	qol	3	am	qokeedy	3	0.20823695816456778	0.15074615559427315	0.08979591836734693	86	307	1
qokain	qol	3	am	qokeedy	4	0.35442293186266993	0.2693735323081585	0.125	86	307	1
qokain	qol	3	am	qokeedy	5	0.22651586318669048	0.15540489356866907	0.08984375	86	307	1
qokain	qol	3	am	qokeedy	6	0.2815215852855776	0.21077948640254532	0.1125	86	307	1
qokain	qol	3	am	qokeedy	7	0.29157167366813574	0.21263540640860543	0.10655737704918032	86	307	1
qokain	qol	3	am	qokeedy	8	0.24915583111445117	0.19680327247935764	0.08835341365461848	86	307	1
qokain	qol	3	am	qokeedy	9	0.20864152872476915	0.15169305355654877	0.078125	86	307	1
qokain	qol	3	am	qokeedy	10	0.23563324581642864	0.17540337853192942	0.08764940239043825	86	307	1
qokain	qol	3	am	qokeedy	11	0.19016739333261712	0.13260359063707297	0.06746031746031746	86	307	1
qokain	qol	3	am	qokeedy	12	0.24151016673194636	0.18191803651238544	0.10204081632653061	86	307	1
qokain	qol	3	am	qokeedy	13	0.1889070021665753	0.13771683963336112	0.07364341085271318	86	307	1
qokain	qol	3	am	qokeedy	14	0.3117824342533424	0.22471782440724192	0.12350597609561753	86	307	1
qokain	qol	3	am	qokeedy	15	0.24847355407241156	0.18377395651844558	0.08661417322834646	86	307	1
qokain	qol	3	am	qokeedy	16	0.22802800966680647	0.1684342095295811	0.10196078431372549	86	307	1
qokain	qol	3	am	qokeedy	17	0.1917563210646781	0.13400499962124085	0.08139534883720931	86	307	1
qokain	qol	3	am	qokeedy	18	0.20035477244034217	0.12794485266267708	0.08949416342412451	86	307	1
qokain	qol	3	am	qokeedy	19	0.2470386030005527	0.19680327247935767	0.08943089430894309	86	307	1
qokain	qol	3	am	qokeedy	20	0.2516271484450654	0.18983410347700935	0.09523809523809523	86	307	1
chol	cthy	1	sar	shedy	1	0.12264908966227328	0.07834101382488479	0.04710144927536232	81	434	1
chol	cthy	1	sar	shedy	2	0.27467435214192437	0.19619388974227683	0.09294871794871795	81	434	1
chol	cthy	1	sar	shedy	3	0.2604320861456608	0.1807191215793366	0.08333333333333333	81	434	1
chol	cthy	1	sar	shedy	4	0.3115429373014589	0.22532286510781133	0.0926517571884984	81	434	1
chol	cthy	1	sar	shedy	5	0.31843942252558677	0.23667292484496782	0.1	81	434	1
chol	cthy	1	sar	shedy	6	0.25963975760599856	0.1945440063719633	0.10101010101010101	81	434	1
chol	cthy	1	sar	shedy	7	0.22587196853306468	0.15833191102008304	0.07467532467532467	81	434	1
chol	cthy	1	sar	shedy	8	0.2987313058268084	0.20771462706946572	0.1040268456375839	81	434	1
chol	cthy	1	sar	shedy	9	0.29149749701092853	0.20902315525971438	0.10104529616724739	81	434	1
chol	cthy	1	sar	shedy	10	0.24233805926606555	0.17611082664846106	0.09061488673139159	81	434	1
chol	cthy	1	sar	shedy	11	0.2600876018527766	0.18532741651021217	0.08064516129032258	81	434	1
chol	cthy	1	sar	shedy	12	0.22676692130631737	0.1547192353643966	0.0749185667752443	81	434	1
chol	cthy	1	sar	shedy	13	0.2536517721495418	0.18680662229049325	0.0744336569579288	81	434	1
chol	cthy	1	sar	shedy	14	0.28919719597595106	0.21693121693121692	0.08524590163934426	81	434	1
chol	cthy	1	sar	shedy	15	0.22781198519610057	0.15372361608920745	0.08974358974358974	81	434	1
chol	cthy	1	sar	shedy	16	0.26534689471396433	0.1914149172213688	0.09060402684563758	81	434	1
chol	cthy	1	sar	shedy	17	0.27565328401321976	0.20293565454855772	0.09446254071661238	81	434	1
chol	cthy	1	sar	shedy	18	0.33546921971279253	0.2470558115719406	0.10631229235880399	81	434	1
chol	cthy	1	sar	shedy	19	0.22541044249963715	0.1538942936792399	0.07894736842105263	81	434	1
chol	cthy	1	sar	shedy	20	0.2427786733963163	0.1754565625533367	0.08940397350993377	81	434	1
chol	cthy	2	sar	shey	1	0.12470232105043777	0.08273381294964031	0.0502092050209205	81	278	1
chol	cthy	2	sar	shey	2	0.31098531730078094	0.23954169997335467	0.11255411255411256	81	278	1
chol	cthy	2	sar	shey	3	0.27163830281628665	0.2092104094502176	0.10460251046025104	81	278	1
chol	cthy	2	sar	shey	4	0.2973958381261844	0.21436184385824675	0.10548523206751055	81	278	1
chol	cthy	2	sar	shey	5	0.28447575844464157	0.21280753175237593	0.10548523206751055	81	278	1
chol	cthy	2	sar	shey	6	0.25667360210652457	0.19637623234745538	0.10810810810810811	81	278	1
chol	cthy	2	sar	shey	7	0.24366463691539442	0.1973532285282885	0.0782608695652174	81	278	1
chol	cthy	2	sar	shey	8	0.2610588013875066	0.19890754063415936	0.088	81	278	1
chol	cthy	2	sar	shey	9	0.23434808208027758	0.16293631761257665	0.09881422924901186	81	278	1
chol	cthy	2	sar	shey	10	0.18714067161317804	0.14290789590549782	0.07335907335907337	81	278	1
chol	cthy	2	sar	shey	11	0.26922897082593444	0.19841904254374282	0.09387755102040816	81	278	1
chol	cthy	2	sar	shey	12	0.24824673595409052	0.17887911892708055	0.09561752988047809	81	278	1
chol	cthy	2	sar	shey	13	0.2051955965540082	0.14854782840394354	0.07346938775510205	81	278	1
chol	cthy	2	sar	shey	14	0.2771499640447723	0.21329602984279245	0.09795918367346938	81	278	1
chol	cthy	2	sar	shey	15	0.1922207711086824	0.12492228439470646	0.07228915662650602	81	278	1
chol	cthy	2	sar	shey	16	0.23090404181594548	0.1665334399147349	0.08846153846153847	81	278	1
chol	cthy	2	sar	shey	17	0.21220416334505565	0.14903632649436008	0.08108108108108109	81	278	1
chol	cthy	2	sar	shey	18	0.27797948354759827	0.20921040945021768	0.102880658436214	81	278	1
chol	cthy	2	sar	shey	19	0.21991274173608177	0.15574207300826012	0.09090909090909091	81	278	1
chol	cthy	2	sar	shey	20	0.21429522650913335	0.15778488320454753	0.09163346613545817	81	278	1
chol	cthy	3	shedy	sor	1	0.15671260596610448	0.11177374175476641	0.05363984674329502	434	51	1
chol	cthy	3	shedy	sor	2	0.2518062901645739	0.16476913345983557	0.07586206896551724	434	51	1
chol	cthy	3	shedy	sor	3	0.1783860697885099	0.12216499503027017	0.05750798722044728	434	51	1
chol	cthy	3	shedy	sor	4	0.2550628299901182	0.1901599349417186	0.059800664451827246	434	51	1
chol	cthy	3	shedy	sor	5	0.21118930044064954	0.13942351134001987	0.06968641114982578	434	51	1
chol	cthy	3	shedy	sor	6	0.2424848516821566	0.16824794433902587	0.05714285714285714	434	51	1
chol	cthy	3	shedy	sor	7	0.25373231387175865	0.1693774283907111	0.07317073170731707	434	51	1
chol	cthy	3	shedy	sor	8	0.21198896529867928	0.14059817475377245	0.059233449477351915	434	51	1
chol	cthy	3	shedy	sor	9	0.23885863118621786	0.16476913345983552	0.07664233576642336	434	51	1
chol	cthy	3	shedy	sor	10	0.17863944946610555	0.11294840516851902	0.05821917808219178	434	51	1
chol	cthy	3	shedy	sor	11	0.25185037260052767	0.1555525435980844	0.07291666666666667	434	51	1
chol	cthy	3	shedy	sor	12	0.23510641007092659	0.15672720701183698	0.07394366197183098	434	51	1
chol	cthy	3	shedy	sor	13	0.27713814665162595	0.18898527152796601	0.08480565371024736	434	51	1
chol	cthy	3	shedy	sor	14	0.11639077734136705	0.06912442396313363	0.04081632653061224	434	51	1
chol	cthy	3	shedy	sor	15	0.19043461898412617	0.11638203668564201	0.06779661016949153	434	51	1
chol	cthy	3	shedy	sor	16	0.3112219140131315	0.22011385199240988	0.09523809523809523	434	51	1
chol	cthy	3	shedy	sor	17	0.21250552080611906	0.14633595373633324	0.061855670103092786	434	51	1
chol	cthy	3	shedy	sor	18	0.2028987862728724	0.1336405529953917	0.058823529411764705	434	51	1
chol	cthy	3	shedy	sor	19	0.1667260320671109	0.11064425770308124	0.055944055944055944	434	51	1
chol	cthy	3	shedy	sor	20	0.24025885742709052	0.1694226077527785	0.07829181494661921	434	51	1
lchedy	qokeey	1	sar	shey	1	0.12470232105043733	0.08273381294964029	0.0502092050209205	81	278	1
lchedy	qokeey	1	sar	shey	2	0.3109853173007807	0.23954169997335467	0.11255411255411256	81	278	1
lchedy	qokeey	1	sar	shey	3	0.2716383028162871	0.20921040945021763	0.10460251046025104	81	278	1
lchedy	qokeey	1	sar	shey	4	0.2973958381261842	0.21436184385824675	0.10548523206751055	81	278	1
lchedy	qokeey	1	sar	shey	5	0.2844757584446417	0.2128075317523759	0.10548523206751055	81	278	1
lchedy	qokeey	1	sar	shey	6	0.256673602106525	0.19637623234745538	0.10810810810810811	81	278	1
lchedy	qokeey	1	sar	shey	7	0.24366463691539408	0.19735322852828852	0.0782608695652174	81	278	1
lchedy	qokeey	1	sar	shey	8	0.2610588013875067	0.19890754063415936	0.088	81	278	1
lchedy	qokeey	1	sar	shey	9	0.23434808208027735	0.16293631761257665	0.09881422924901186	81	278	1
lchedy	qokeey	1	sar	shey	10	0.18714067161317816	0.14290789590549782	0.07335907335907337	81	278	1
lchedy	qokeey	1	sar	shey	11	0.26922897082593455	0.19841904254374282	0.09387755102040816	81	278	1
lchedy	qokeey	1	sar	shey	12	0.24824673595408975	0.17887911892708058	0.09561752988047809	81	278	1
lchedy	qokeey	1	sar	shey	13	0.2051955965540082	0.14854782840394354	0.07346938775510205	81	278	1
lchedy	qokeey	1	sar	shey	14	0.27714996404477255	0.21329602984279245	0.09795918367346938	81	278	1
lchedy	qokeey	1	sar	shey	15	0.1922207711086824	0.12492228439470648	0.07228915662650602	81	278	1
lchedy	qokeey	1	sar	shey	16	0.2309040418159456	0.1665334399147349	0.08846153846153847	81	278	1
lchedy	qokeey	1	sar	shey	17	0.21220416334505576	0.14903632649436008	0.08108108108108109	81	278	1
lchedy	qokeey	1	sar	shey	18	0.2779794835475986	0.20921040945021768	0.102880658436214	81	278	1
lchedy	qokeey	1	sar	shey	19	0.219912741736082	0.1557420730082601	0.09090909090909091	81	278	1
lchedy	qokeey	1	sar	shey	20	0.21429522650913335	0.1577848832045475	0.09163346613545817	81	278	1
lchedy	qokeey	2	am	qokeedy	1	0.12734625680602174	0.08700098477388078	0.0502092050209205	86	307	1
lchedy	qokeey	2	am	qokeedy	2	0.17947631315351043	0.11631694568593291	0.07434944237918216	86	307	1
lchedy	qokeey	2	am	qokeedy	3	0.20823695816456766	0.15074615559427318	0.08979591836734693	86	307	1
lchedy	qokeey	2	am	qokeedy	4	0.3544229318626698	0.2693735323081585	0.125	86	307	1
lchedy	qokeey	2	am	qokeedy	5	0.22651586318669004	0.15540489356866907	0.08984375	86	307	1
lchedy	qokeey	2	am	qokeedy	6	0.2815215852855776	0.2107794864025453	0.1125	86	307	1
lchedy	qokeey	2	am	qokeedy	7	0.2915716736681362	0.21263540640860543	0.10655737704918032	86	307	1
lchedy	qokeey	2	am	qokeedy	8	0.24915583111445105	0.1968032724793576	0.08835341365461848	86	307	1
lchedy	qokeey	2	am	qokeedy	9	0.20864152872476882	0.15169305355654877	0.078125	86	307	1
lchedy	qokeey	2	am	qokeedy	10	0.23563324581642797	0.17540337853192942	0.08764940239043825	86	307	1
lchedy	qokeey	2	am	qokeedy	11	0.19016739333261723	0.13260359063707297	0.06746031746031746	86	307	1
lchedy	qokeey	2	am	qokeedy	12	0.24151016673194736	0.18191803651238547	0.10204081632653061	86	307	1
lchedy	qokeey	2	am	qokeedy	13	0.18890700216657463	0.13771683963336112	0.07364341085271318	86	307	1
lchedy	qokeey	2	am	qokeedy	14	0.3117824342533424	0.2247178244072419	0.12350597609561753	86	307	1
lchedy	qokeey	2	am	qokeedy	15	0.24847355407241123	0.18377395651844558	0.08661417322834646	86	307	1
lchedy	qokeey	2	am	qokeedy	16	0.22802800966680625	0.1684342095295811	0.10196078431372549	86	307	1
lchedy	qokeey	2	am	qokeedy	17	0.191756321064678	0.13400499962124085	0.08139534883720931	86	307	1
lchedy	qokeey	2	am	qokeedy	18	0.20035477244034194	0.1279448526626771	0.08949416342412451	86	307	1
lchedy	qokeey	2	am	qokeedy	19	0.2470386030005527	0.19680327247935764	0.08943089430894309	86	307	1
lchedy	qokeey	2	am	qokeedy	20	0.25162714844506495	0.18983410347700932	0.09523809523809523	86	307	1
lchedy	qokeey	3	al	sol	1	0.21331141838716838	0.1405615600160119	0.07555555555555556	261	67	1
lchedy	qokeey	3	al	sol	2	0.23542711537806515	0.14862469262880998	0.09745762711864407	261	67	1
lchedy	qokeey	3	al	sol	3	0.16675293687601045	0.1107108137473552	0.06938775510204082	261	67	1
lchedy	qokeey	3	al	sol	4	0.2499539905752649	0.1601189455023732	0.0823045267489712	261	67	1
lchedy	qokeey	3	al	sol	5	0.2357661089799259	0.16011894550237316	0.08823529411764706	261	67	1
lchedy	qokeey	3	al	sol	6	0.24080195121700154	0.1566878252416081	0.10460251046025104	261	67	1
lchedy	qokeey	3	al	sol	7	0.219848161822789	0.16234917367187054	0.07851239669421488	261	67	1
lchedy	qokeey	3	al	sol	8	0.2286689899230202	0.1529276693455798	0.0846774193548387	260	67	1
lchedy	qokeey	3	al	sol	9	0.2429826143349032	0.1640068886337543	0.09166666666666666	260	67	1
lchedy	qokeey	3	al	sol	10	0.25560789013959984	0.1687715269804822	0.09210526315789473	260	67	1
lchedy	qokeey	3	al	sol	11	0.17174272198378915	0.121699196326062	0.0625	260	67	1
lchedy	qokeey	3	al	sol	12	0.23118972433651097	0.16739380022962114	0.08786610878661087	260	67	1
lchedy	qokeey	3	al	sol	13	0.23777082913128778	0.172158438576349	0.08130081300813008	260	67	1
lchedy	qokeey	3	al	sol	14	0.15074080007988755	0.11446613088404134	0.047244094488188976	260	67	1
lchedy	qokeey	3	al	sol	15	0.16764670613815735	0.11446613088404134	0.068	260	67	1
lchedy	qokeey	3	al	sol	16	0.25039751587347125	0.17600459242250288	0.10080645161290322	260	67	1
lchedy	qokeey	3	al	sol	17	0.25237068289107734	0.17215843857634905	0.096	260	67	1
lchedy	qokeey	3	al	sol	18	0.16970679100875252	0.1	0.06926406926406926	260	67	1
lchedy	qokeey	3	al	sol	19	0.18512164286672617	0.12554535017221585	0.07630522088353414	260	67	1
lchedy	qokeey	3	al	sol	20	0.25386004620542235	0.16538461538461535	0.10204081632653061	260	67	1
chedy	qokeey	1	sar	shedy	1	0.1226490896622725	0.0783410138248848	0.04710144927536232	81	434	1
chedy	qokeey	1	sar	shedy	2	0.2746743521419249	0.19619388974227683	0.09294871794871795	81	434	1
chedy	qokeey	1	sar	shedy	3	0.26043208614566093	0.18071912157933662	0.08333333333333333	81	434	1
chedy	qokeey	1	sar	shedy	4	0.31154293730145877	0.22532286510781133	0.0926517571884984	81	434	1
chedy	qokeey	1	sar	shedy	5	0.31843942252558743	0.23667292484496782	0.1	81	434	1
chedy	qokeey	1	sar	shedy	6	0.25963975760599856	0.19454400637196329	0.10101010101010101	81	434	1
chedy	qokeey	1	sar	shedy	7	0.22587196853306402	0.15833191102008307	0.07467532467532467	81	434	1
chedy	qokeey	1	sar	shedy	8	0.2987313058268084	0.20771462706946575	0.1040268456375839	81	434	1
chedy	qokeey	1	sar	shedy	9	0.291497497010928	0.20902315525971435	0.10104529616724739	81	434	1
chedy	qokeey	1	sar	shedy	10	0.24233805926606444	0.17611082664846103	0.09061488673139159	81	434	1
chedy	qokeey	1	sar	shedy	11	0.2600876018527781	0.18532741651021223	0.08064516129032258	81	434	1
chedy	qokeey	1	sar	shedy	12	0.22676692130631704	0.15471923536439663	0.0749185667752443	81	434	1
chedy	qokeey	1	sar	shedy	13	0.25365177214954115	0.18680662229049327	0.0744336569579288	81	434	1
chedy	qokeey	1	sar	shedy	14	0.2891971959759523	0.21693121693121692	0.08524590163934426	81	434	1
chedy	qokeey	1	sar	shedy	15	0.22781198519610124	0.15372361608920745	0.08974358974358974	81	434	1
chedy	qokeey	1	sar	shedy	16	0.26534689471396333	0.19141491722136883	0.09060402684563758	81	434	1
chedy	qokeey	1	sar	shedy	17	0.2756532840132193	0.20293565454855766	0.09446254071661238	81	434	1
chedy	qokeey	1	sar	shedy	18	0.33546921971279253	0.24705581157194056	0.10631229235880399	81	434	1
chedy	qokeey	1	sar	shedy	19	0.22541044249963782	0.15389429367923993	0.07894736842105263	81	434	1
chedy	qokeey	1	sar	shedy	20	0.24277867339631642	0.1754565625533367	0.08940397350993377	81	434	1
chedy	qokeey	2	shedy	sor	1	0.1567126059661047	0.11177374175476644	0.05363984674329502	434	51	1
chedy	qokeey	2	shedy	sor	2	0.251806290164573	0.16476913345983552	0.07586206896551724	434	51	1
chedy	qokeey	2	shedy	sor	3	0.17838606978851002	0.12216499503027017	0.05750798722044728	434	51	1
chedy	qokeey	2	shedy	sor	4	0.2550628299901171	0.19015993494171862	0.059800664451827246	434	51	1
chedy	qokeey	2	shedy	sor	5	0.21118930044064865	0.13942351134001985	0.06968641114982578	434	51	1
chedy	qokeey	2	shedy	sor	6	0.24248485168215617	0.1682479443390259	0.05714285714285714	434	51	1
chedy	qokeey	2	shedy	sor	7	0.25373231387175976	0.16937742839071107	0.07317073170731707	434	51	1
chedy	qokeey	2	shedy	sor	8	0.2119889652986804	0.14059817475377245	0.059233449477351915	434	51	1
chedy	qokeey	2	shedy	sor	9	0.23885863118621753	0.16476913345983552	0.07664233576642336	434	51	1
chedy	qokeey	2	shedy	sor	10	0.17863944946610633	0.11294840516851902	0.05821917808219178	434	51	1
chedy	qokeey	2	shedy	sor	11	0.25185037260052867	0.15555254359808438	0.07291666666666667	434	51	1
chedy	qokeey	2	shedy	sor	12	0.2351064100709258	0.15672720701183693	0.07394366197183098	434	51	1
chedy	qokeey	2	shedy	sor	13	0.2771381466516275	0.18898527152796601	0.08480565371024736	434	51	1
chedy	qokeey	2	shedy	sor	14	0.11639077734136594	0.06912442396313363	0.04081632653061224	434	51	1
chedy	qokeey	2	shedy	sor	15	0.19043461898412473	0.11638203668564201	0.06779661016949153	434	51	1
chedy	qokeey	2	shedy	sor	16	0.3112219140131314	0.2201138519924099	0.09523809523809523	434	51	1
chedy	qokeey	2	shedy	sor	17	0.2125055208061194	0.14633595373633324	0.061855670103092786	434	51	1
chedy	qokeey	2	shedy	sor	18	0.2028987862728725	0.1336405529953917	0.058823529411764705	434	51	1
chedy	qokeey	2	shedy	sor	19	0.16672603206711256	0.11064425770308126	0.055944055944055944	434	51	1
chedy	qokeey	2	shedy	sor	20	0.2402588574270912	0.1694226077527785	0.07829181494661921	434	51	1
chedy	qokeey	3	aiin	qotchy	1	0.13333052022875835	0.07936507936507935	0.04395604395604396	504	62	1
chedy	qokeey	3	aiin	qotchy	2	0.19910642851973948	0.11309523809523808	0.0549738219895288	504	62	1
chedy	qokeey	3	aiin	qotchy	3	0.16909826829858776	0.09549411162314388	0.04825737265415549	504	62	1
chedy	qokeey	3	aiin	qotchy	4	0.2220964917800755	0.13914490527393747	0.06933333333333333	504	62	1
chedy	qokeey	3	aiin	qotchy	5	0.14778285177168948	0.0895417306707629	0.041884816753926704	504	62	1
chedy	qokeey	3	aiin	qotchy	6	0.21121037691214573	0.12499999999999997	0.05945945945945946	504	62	1
chedy	qokeey	3	aiin	qotchy	7	0.20470671132671714	0.1349206349206349	0.056	504	62	1
chedy	qokeey	3	aiin	qotchy	8	0.17763771582960386	0.11930363543266768	0.04450261780104712	504	62	1
chedy	qokeey	3	aiin	qotchy	9	0.1528001985541113	0.08928571428571425	0.05699481865284974	504	62	1
chedy	qokeey	3	aiin	qotchy	10	0.2220927149632146	0.13914490527393752	0.06077348066298342	504	62	1
chedy	qokeey	3	aiin	qotchy	11	0.20107712537439726	0.12103174603174599	0.05929919137466307	504	62	1
chedy	qokeey	3	aiin	qotchy	12	0.2021252817931557	0.12327188940092164	0.046153846153846156	504	62	1
chedy	qokeey	3	aiin	qotchy	13	0.20914537710616565	0.14932155657962112	0.04960835509138381	504	62	1
chedy	qokeey	3	aiin	qotchy	14	0.14832542893700706	0.10317460317460313	0.042666666666666665	504	62	1
chedy	qokeey	3	aiin	qotchy	15	0.15246001016855582	0.09152585765488991	0.04580152671755725	504	62	1
chedy	qokeey	3	aiin	qotchy	16	0.18220448619716856	0.12103174603174602	0.04639175257731959	504	62	1
chedy	qokeey	3	aiin	qotchy	17	0.17997866921718197	0.10317460317460315	0.04738154613466334	504	62	1
chedy	qokeey	3	aiin	qotchy	18	0.1771260736898429	0.11111111111111108	0.05675675675675676	504	62	1
chedy	qokeey	3	aiin	qotchy	19	0.21065816481517452	0.13492063492063489	0.06382978723404255	504	62	1
chedy	qokeey	3	aiin	qotchy	20	0.21830150949138383	0.13888888888888887	0.059895833333333336	504	62	1
qokedy	qol	1	sar	shey	1	0.12470232105043821	0.0827338129496403	0.0502092050209205	81	278	1
qokedy	qol	1	sar	shey	2	0.31098531730078083	0.23954169997335467	0.11255411255411256	81	278	1
qokedy	qol	1	sar	shey	3	0.2716383028162864	0.20921040945021765	0.10460251046025104	81	278	1
qokedy	qol	1	sar	shey	4	0.2973958381261842	0.21436184385824683	0.10548523206751055	81	278	1
qokedy	qol	1	sar	shey	5	0.28447575844464124	0.21280753175237593	0.10548523206751055	81	278	1
qokedy	qol	1	sar	shey	6	0.256673602106525	0.19637623234745538	0.10810810810810811	81	278	1
qokedy	qol	1	sar	shey	7	0.24366463691539408	0.19735322852828852	0.0782608695652174	81	278	1
qokedy	qol	1	sar	shey	8	0.26105880138750637	0.19890754063415936	0.088	81	278	1
qokedy	qol	1	sar	shey	9	0.23434808208027735	0.16293631761257665	0.09881422924901186	81	278	1
qokedy	qol	1	sar	shey	10	0.18714067161317804	0.14290789590549782	0.07335907335907337	81	278	1
qokedy	qol	1	sar	shey	11	0.26922897082593455	0.19841904254374282	0.09387755102040816	81	278	1
qokedy	qol	1	sar	shey	12	0.24824673595409041	0.1788791189270806	0.09561752988047809	81	278	1
qokedy	qol	1	sar	shey	13	0.2051955965540082	0.14854782840394354	0.07346938775510205	81	278	1
qokedy	qol	1	sar	shey	14	0.2771499640447723	0.21329602984279245	0.09795918367346938	81	278	1
qokedy	qol	1	sar	shey	15	0.1922207711086822	0.12492228439470648	0.07228915662650602	81	278	1
qokedy	qol	1	sar	shey	16	0.23090404181594504	0.1665334399147349	0.08846153846153847	81	278	1
qokedy	qol	1	sar	shey	17	0.2122041633450561	0.14903632649436013	0.08108108108108109	81	278	1
qokedy	qol	1	sar	shey	18	0.2779794835475986	0.20921040945021765	0.102880658436214	81	278	1
qokedy	qol	1	sar	shey	19	0.21991274173608233	0.1557420730082601	0.09090909090909091	81	278	1
qokedy	qol	1	sar	shey	20	0.21429522650913335	0.1577848832045475	0.09163346613545817	81	278	1
qokedy	qol	2	al	sol	1	0.21331141838716772	0.14056156001601192	0.07555555555555556	261	67	1
qokedy	qol	2	al	sol	2	0.23542711537806738	0.14862469262880998	0.09745762711864407	261	67	1
qokedy	qol	2	al	sol	3	0.16675293687601	0.1107108137473552	0.06938775510204082	261	67	1
qokedy	qol	2	al	sol	4	0.24995399057526546	0.1601189455023732	0.0823045267489712	261	67	1
qokedy	qol	2	al	sol	5	0.23576610897992512	0.16011894550237318	0.08823529411764706	261	67	1
qokedy	qol	2	al	sol	6	0.24080195121700187	0.1566878252416081	0.10460251046025104	261	67	1
qokedy	qol	2	al	sol	7	0.219848161822789	0.16234917367187057	0.07851239669421488	261	67	1
qokedy	qol	2	al	sol	8	0.2286689899230202	0.1529276693455798	0.0846774193548387	260	67	1
qokedy	qol	2	al	sol	9	0.2429826143349031	0.16400688863375432	0.09166666666666666	260	67	1
qokedy	qol	2	al	sol	10	0.25560789013959995	0.1687715269804822	0.09210526315789473	260	67	1
qokedy	qol	2	al	sol	11	0.17174272198378815	0.121699196326062	0.0625	260	67	1
qokedy	qol	2	al	sol	12	0.23118972433651108	0.16739380022962108	0.08786610878661087	260	67	1
qokedy	qol	2	al	sol	13	0.2377708291312881	0.17215843857634905	0.08130081300813008	260	67	1
qokedy	qol	2	al	sol	14	0.15074080007988777	0.11446613088404134	0.047244094488188976	260	67	1
qokedy	qol	2	al	sol	15	0.1676467061381578	0.11446613088404134	0.068	260	67	1
qokedy	qol	2	al	sol	16	0.2503975158734709	0.17600459242250285	0.10080645161290322	260	67	1
qokedy	qol	2	al	sol	17	0.2523706828910772	0.17215843857634905	0.096	260	67	1
qokedy	qol	2	al	sol	18	0.1697067910087522	0.1	0.06926406926406926	260	67	1
qokedy	qol	2	al	sol	19	0.18512164286672672	0.12554535017221585	0.07630522088353414	260	67	1
qokedy	qol	2	al	sol	20	0.2538600462054229	0.1653846153846153	0.10204081632653061	260	67	1
qokedy	qol	3	otam	qokain	1	0.08528354052095	0.05667562724014336	0.036458333333333336	48	279	1
qokedy	qol	3	otam	qokain	2	0.26274955798406274	0.18570788530465954	0.0966183574879227	48	279	1
qokedy	qol	3	otam	qokain	3	0.22722940804321012	0.1462813620071685	0.0947867298578199	48	279	1
qokedy	qol	3	otam	qokain	4	0.18610085753292405	0.11043906810035843	0.06422018348623854	48	279	1
qokedy	qol	3	otam	qokain	5	0.23893049876610872	0.17002688172043015	0.08292682926829269	48	279	1
qokedy	qol	3	otam	qokain	6	0.15779006392654338	0.1039426523297491	0.06222222222222222	48	279	1
qokedy	qol	3	otam	qokain	7	0.19050225965573786	0.12051971326164874	0.0594059405940594	48	279	1
qokedy	qol	3	otam	qokain	8	0.2342887171482929	0.17002688172043015	0.08653846153846154	48	279	1
qokedy	qol	3	otam	qokain	9	0.2438734088878396	0.1599462365591398	0.08653846153846154	48	279	1
qokedy	qol	3	otam	qokain	10	0.17635477561171986	0.12051971326164873	0.056338028169014086	48	279	1
qokedy	qol	3	otam	qokain	11	0.23059061143326243	0.1606182795698925	0.08955223880597014	48	279	1
qokedy	qol	3	otam	qokain	12	0.20764057442148598	0.14135304659498213	0.07373271889400922	48	279	1
qokedy	qol	3	otam	qokain	13	0.17582570729721592	0.11402329749103945	0.06976744186046512	48	279	1
qokedy	qol	3	otam	qokain	14	0.17273842350329505	0.11402329749103943	0.0430622009569378	48	279	1
qokedy	qol	3	otam	qokain	15	0.16763284605451823	0.10752688172043011	0.06451612903225806	48	279	1
qokedy	qol	3	otam	qokain	16	0.22201631859003357	0.1498655913978495	0.0776255707762557	48	279	1
qokedy	qol	3	otam	qokain	17	0.18872578559304964	0.13194444444444448	0.06435643564356436	48	279	1
qokedy	qol	3	otam	qokain	18	0.2082713060561454	0.1491935483870968	0.07211538461538461	48	279	1
qokedy	qol	3	otam	qokain	19	0.19255554816654863	0.14202508960573476	0.06637168141592921	48	279	1
qokedy	qol	3	otam	qokain	20	0.1617487387987726	0.11402329749103941	0.04411764705882353	48	279	1
dal	ol	1	sar	shedy	1	0.12264908966227184	0.07834101382488479	0.04710144927536232	81	434	1
dal	ol	1	sar	shedy	2	0.2746743521419249	0.19619388974227686	0.09294871794871795	81	434	1
dal	ol	1	sar	shedy	3	0.26043208614566027	0.18071912157933667	0.08333333333333333	81	434	1
dal	ol	1	sar	shedy	4	0.3115429373014583	0.22532286510781133	0.0926517571884984	81	434	1
dal	ol	1	sar	shedy	5	0.3184394225255869	0.2366729248449678	0.1	81	434	1
dal	ol	1	sar	shedy	6	0.2596397576059982	0.1945440063719633	0.10101010101010101	81	434	1
dal	ol	1	sar	shedy	7	0.2258719685330648	0.1583319110200831	0.07467532467532467	81	434	1
dal	ol	1	sar	shedy	8	0.29873130582680796	0.20771462706946575	0.1040268456375839	81	434	1
dal	ol	1	sar	shedy	9	0.291497497010928	0.20902315525971435	0.10104529616724739	81	434	1
dal	ol	1	sar	shedy	10	0.2423380592660649	0.17611082664846103	0.09061488673139159	81	434	1
dal	ol	1	sar	shedy	11	0.26008760185277646	0.1853274165102122	0.08064516129032258	81	434	1
dal	ol	1	sar	shedy	12	0.22676692130631737	0.1547192353643966	0.0749185667752443	81	434	1
dal	ol	1	sar	shedy	13	0.25365177214954115	0.18680662229049327	0.0744336569579288	81	434	1
dal	ol	1	sar	shedy	14	0.2891971959759516	0.2169312169312169	0.08524590163934426	81	434	1
dal	ol	1	sar	shedy	15	0.22781198519610046	0.15372361608920743	0.08974358974358974	81	434	1
dal	ol	1	sar	shedy	16	0.2653468947139641	0.1914149172213688	0.09060402684563758	81	434	1
dal	ol	1	sar	shedy	17	0.2756532840132201	0.20293565454855766	0.09446254071661238	81	434	1
dal	ol	1	sar	shedy	18	0.3354692197127923	0.2470558115719405	0.10631229235880399	81	434	1
dal	ol	1	sar	shedy	19	0.22541044249963893	0.1538942936792399	0.07894736842105263	81	434	1
dal	ol	1	sar	shedy	20	0.2427786733963163	0.17545656255333672	0.08940397350993377	81	434	1
dal	ol	2	shedy	sor	1	0.15671260596610403	0.11177374175476644	0.05363984674329502	434	51	1
dal	ol	2	shedy	sor	2	0.2518062901645738	0.1647691334598355	0.07586206896551724	434	51	1
dal	ol	2	shedy	sor	3	0.17838606978851035	0.12216499503027017	0.05750798722044728	434	51	1
dal	ol	2	shedy	sor	4	0.25506282999011753	0.19015993494171854	0.059800664451827246	434	51	1
dal	ol	2	shedy	sor	5	0.21118930044064954	0.13942351134001982	0.06968641114982578	434	51	1
dal	ol	2	shedy	sor	6	0.24248485168215617	0.1682479443390259	0.05714285714285714	434	51	1
dal	ol	2	shedy	sor	7	0.25373231387175976	0.16937742839071113	0.07317073170731707	434	51	1
dal	ol	2	shedy	sor	8	0.21198896529867994	0.14059817475377245	0.059233449477351915	434	51	1
dal	ol	2	shedy	sor	9	0.23885863118621808	0.16476913345983557	0.07664233576642336	434	51	1
dal	ol	2	shedy	sor	10	0.17863944946610533	0.11294840516851903	0.05821917808219178	434	51	1
dal	ol	2	shedy	sor	11	0.25185037260052934	0.1555525435980844	0.07291666666666667	434	51	1
dal	ol	2	shedy	sor	12	0.23510641007092625	0.15672720701183698	0.07394366197183098	434	51	1
dal	ol	2	shedy	sor	13	0.2771381466516265	0.18898527152796601	0.08480565371024736	434	51	1
dal	ol	2	shedy	sor	14	0.11639077734136594	0.06912442396313365	0.04081632653061224	434	51	1
dal	ol	2	shedy	sor	15	0.19043461898412595	0.11638203668564201	0.06779661016949153	434	51	1
dal	ol	2	shedy	sor	16	0.3112219140131315	0.22011385199240982	0.09523809523809523	434	51	1
dal	ol	2	shedy	sor	17	0.21250552080611984	0.14633595373633324	0.061855670103092786	434	51	1
dal	ol	2	shedy	sor	18	0.20289878627287306	0.1336405529953917	0.058823529411764705	434	51	1
dal	ol	2	shedy	sor	19	0.16672603206711123	0.11064425770308124	0.055944055944055944	434	51	1
dal	ol	2	shedy	sor	20	0.2402588574270904	0.16942260775277854	0.07829181494661921	434	51	1
dal	ol	3	aiin	qotchy	1	0.13333052022875724	0.07936507936507936	0.04395604395604396	504	62	1
dal	ol	3	aiin	qotchy	2	0.19910642851973803	0.11309523809523808	0.0549738219895288	504	62	1
dal	ol	3	aiin	qotchy	3	0.16909826829858887	0.09549411162314386	0.04825737265415549	504	62	1
dal	ol	3	aiin	qotchy	4	0.22209649178007607	0.13914490527393752	0.06933333333333333	504	62	1
dal	ol	3	aiin	qotchy	5	0.14778285177169037	0.0895417306707629	0.041884816753926704	504	62	1
dal	ol	3	aiin	qotchy	6	0.21121037691214606	0.12499999999999997	0.05945945945945946	504	62	1
dal	ol	3	aiin	qotchy	7	0.20470671132671603	0.13492063492063494	0.056	504	62	1
dal	ol	3	aiin	qotchy	8	0.17763771582960253	0.11930363543266767	0.04450261780104712	504	62	1
dal	ol	3	aiin	qotchy	9	0.15280019855411253	0.08928571428571426	0.05699481865284974	504	62	1
dal	ol	3	aiin	qotchy	10	0.22209271496321403	0.1391449052739375	0.06077348066298342	504	62	1
dal	ol	3	aiin	qotchy	11	0.20107712537439804	0.12103174603174602	0.05929919137466307	504	62	1
dal	ol	3	aiin	qotchy	12	0.20212528179315514	0.12327188940092165	0.046153846153846156	504	62	1
dal	ol	3	aiin	qotchy	13	0.20914537710616576	0.1493215565796211	0.04960835509138381	504	62	1
dal	ol	3	aiin	qotchy	14	0.14832542893700706	0.10317460317460317	0.042666666666666665	504	62	1
dal	ol	3	aiin	qotchy	15	0.15246001016855637	0.09152585765488991	0.04580152671755725	504	62	1
dal	ol	3	aiin	qotchy	16	0.18220448619716811	0.12103174603174602	0.04639175257731959	504	62	1
dal	ol	3	aiin	qotchy	17	0.17997866921718175	0.10317460317460317	0.04738154613466334	504	62	1
dal	ol	3	aiin	qotchy	18	0.17712607368984246	0.11111111111111109	0.05675675675675676	504	62	1
dal	ol	3	aiin	qotchy	19	0.21065816481517363	0.13492063492063489	0.06382978723404255	504	62	1
dal	ol	3	aiin	qotchy	20	0.2183015094913835	0.13888888888888884	0.059895833333333336	504	62	1
ain	al	1	sar	shey	1	0.12470232105043744	0.0827338129496403	0.0502092050209205	81	278	1
ain	al	1	sar	shey	2	0.3109853173007806	0.2395416999733547	0.11255411255411256	81	278	1
ain	al	1	sar	shey	3	0.2716383028162864	0.20921040945021763	0.10460251046025104	81	278	1
ain	al	1	sar	shey	4	0.2973958381261844	0.2143618438582468	0.10548523206751055	81	278	1
ain	al	1	sar	shey	5	0.28447575844464124	0.21280753175237588	0.10548523206751055	81	278	1
ain	al	1	sar	shey	6	0.2566736021065249	0.19637623234745538	0.10810810810810811	81	278	1
ain	al	1	sar	shey	7	0.24366463691539442	0.1973532285282885	0.0782608695652174	81	278	1
ain	al	1	sar	shey	8	0.2610588013875067	0.19890754063415936	0.088	81	278	1
ain	al	1	sar	shey	9	0.2343480820802778	0.16293631761257663	0.09881422924901186	81	278	1
ain	al	1	sar	shey	10	0.18714067161317782	0.14290789590549782	0.07335907335907337	81	278	1
ain	al	1	sar	shey	11	0.2692289708259338	0.19841904254374285	0.09387755102040816	81	278	1
ain	al	1	sar	shey	12	0.24824673595409041	0.17887911892708055	0.09561752988047809	81	278	1
ain	al	1	sar	shey	13	0.20519559655400754	0.14854782840394354	0.07346938775510205	81	278	1
ain	al	1	sar	shey	14	0.27714996404477255	0.21329602984279245	0.09795918367346938	81	278	1
ain	al	1	sar	shey	15	0.19222077110868252	0.12492228439470646	0.07228915662650602	81	278	1
ain	al	1	sar	shey	16	0.23090404181594537	0.16653343991473488	0.08846153846153847	81	278	1
ain	al	1	sar	shey	17	0.21220416334505632	0.1490363264943601	0.08108108108108109	81	278	1
ain	al	1	sar	shey	18	0.2779794835475985	0.20921040945021765	0.102880658436214	81	278	1
ain	al	1	sar	shey	19	0.219912741736082	0.1557420730082601	0.09090909090909091	81	278	1
ain	al	1	sar	shey	20	0.21429522650913302	0.1577848832045475	0.09163346613545817	81	278	1
ain	al	2	otam	qokain	1	0.08528354052095044	0.05667562724014336	0.036458333333333336	48	279	1
ain	al	2	otam	qokain	2	0.26274955798406285	0.1857078853046595	0.0966183574879227	48	279	1
ain	al	2	otam	qokain	3	0.22722940804321057	0.14628136200716851	0.0947867298578199	48	279	1
ain	al	2	otam	qokain	4	0.1861008575329235	0.11043906810035845	0.06422018348623854	48	279	1
ain	al	2	otam	qokain	5	0.23893049876610906	0.17002688172043018	0.08292682926829269	48	279	1
ain	al	2	otam	qokain	6	0.1577900639265447	0.10394265232974911	0.06222222222222222	48	279	1
ain	al	2	otam	qokain	7	0.19050225965573786	0.12051971326164874	0.0594059405940594	48	279	1
ain	al	2	otam	qokain	8	0.23428871714829247	0.17002688172043018	0.08653846153846154	48	279	1
ain	al	2	otam	qokain	9	0.24387340888783993	0.15994623655913984	0.08653846153846154	48	279	1
ain	al	2	otam	qokain	10	0.1763547756117193	0.12051971326164874	0.056338028169014086	48	279	1
ain	al	2	otam	qokain	11	0.2305906114332622	0.1606182795698925	0.08955223880597014	48	279	1
ain	al	2	otam	qokain	12	0.20764057442148576	0.14135304659498207	0.07373271889400922	48	279	1
ain	al	2	otam	qokain	13	0.17582570729721647	0.11402329749103943	0.06976744186046512	48	279	1
ain	al	2	otam	qokain	14	0.1727384235032955	0.11402329749103943	0.0430622009569378	48	279	1
ain	al	2	otam	qokain	15	0.1676328460545189	0.10752688172043012	0.06451612903225806	48	279	1
ain	al	2	otam	qokain	16	0.22201631859003357	0.14986559139784947	0.0776255707762557	48	279	1
ain	al	2	otam	qokain	17	0.18872578559304964	0.13194444444444445	0.06435643564356436	48	279	1
ain	al	2	otam	qokain	18	0.20827130605614574	0.14919354838709678	0.07211538461538461	48	279	1
ain	al	2	otam	qokain	19	0.19255554816654907	0.14202508960573482	0.06637168141592921	48	279	1
ain	al	2	otam	qokain	20	0.16174873879877238	0.11402329749103944	0.04411764705882353	48	279	1
ain	al	3	r	shor	1	0.13217056339717792	0.09492110453648915	0.050314465408805034	169	96	1
ain	al	3	r	shor	2	0.18018773426161339	0.13634122287968442	0.06896551724137931	169	96	1
ain	al	3	r	shor	3	0.1646840849957133	0.12900641025641027	0.06965174129353234	169	96	1
ain	al	3	r	shor	4	0.20442690127564334	0.15859220907297833	0.09743589743589744	169	96	1
ain	al	3	r	shor	5	0.1754493032156622	0.13042406311637084	0.08018867924528301	169	96	1
ain	al	3	r	shor	6	0.21446194276451191	0.1780078895463511	0.0975609756097561	169	96	1
ain	al	3	r	shor	7	0.27707707285598626	0.21634615384615388	0.13333333333333333	169	96	1
ain	al	3	r	shor	8	0.20726154482265013	0.16592702169625248	0.08376963350785341	169	96	1
ain	al	3	r	shor	9	0.17052464569169568	0.1304240631163708	0.07462686567164178	169	96	1
ain	al	3	r	shor	10	0.19060661436476023	0.14792899408284027	0.07920792079207921	169	96	1
ain	al	3	r	shor	11	0.22883691446062004	0.1630917159763314	0.08080808080808081	169	96	1
ain	al	3	r	shor	12	0.11972493232075565	0.09800295857988167	0.04225352112676056	169	96	1
ain	al	3	r	shor	13	0.18013799110214979	0.12734220907297833	0.09137055837563451	169	96	1
ain	al	3	r	shor	14	0.19887585639259353	0.15409270216962528	0.09178743961352658	169	96	1
ain	al	3	r	shor	15	0.2202421738324326	0.1732618343195267	0.08205128205128205	169	96	1
ain	al	3	r	shor	16	0.21384904737389365	0.16592702169625245	0.08823529411764706	169	96	1
ain	al	3	r	shor	17	0.2129176588807964	0.16142751479289943	0.08737864077669903	169	96	1
ain	al	3	r	shor	18	0.20466480363793593	0.1585922090729783	0.08415841584158416	169	96	1
ain	al	3	r	shor	19	0.18914672892574635	0.13942307692307696	0.0825242718446602	169	96	1
ain	al	3	r	shor	20	0.19605235958361666	0.13917652859960553	0.07216494845360824	169	96	1
ain	ar	1	sar	shedy	1	0.12264908966227261	0.0783410138248848	0.04710144927536232	81	434	1
ain	ar	1	sar	shedy	2	0.2746743521419246	0.1961938897422768	0.09294871794871795	81	434	1
ain	ar	1	sar	shedy	3	0.26043208614565994	0.18071912157933653	0.08333333333333333	81	434	1
ain	ar	1	sar	shedy	4	0.3115429373014591	0.22532286510781127	0.0926517571884984	81	434	1
ain	ar	1	sar	shedy	5	0.3184394225255869	0.23667292484496785	0.1	81	434	1
ain	ar	1	sar	shedy	6	0.2596397576059989	0.1945440063719633	0.10101010101010101	81	434	1
ain	ar	1	sar	shedy	7	0.22587196853306535	0.1583319110200831	0.07467532467532467	81	434	1
ain	ar	1	sar	shedy	8	0.29873130582680807	0.20771462706946578	0.1040268456375839	81	434	1
ain	ar	1	sar	shedy	9	0.2914974970109284	0.2090231552597144	0.10104529616724739	81	434	1
ain	ar	1	sar	shedy	10	0.2423380592660639	0.17611082664846098	0.09061488673139159	81	434	1
ain	ar	1	sar	shedy	11	0.260087601852777	0.18532741651021212	0.08064516129032258	81	434	1
ain	ar	1	sar	shedy	12	0.22676692130631748	0.15471923536439663	0.0749185667752443	81	434	1
ain	ar	1	sar	shedy	13	0.25365177214954115	0.18680662229049325	0.0744336569579288	81	434	1
ain	ar	1	sar	shedy	14	0.2891971959759516	0.21693121693121692	0.08524590163934426	81	434	1
ain	ar	1	sar	shedy	15	0.22781198519610113	0.15372361608920745	0.08974358974358974	81	434	1
ain	ar	1	sar	shedy	16	0.2653468947139641	0.19141491722136883	0.09060402684563758	81	434	1
ain	ar	1	sar	shedy	17	0.27565328401321965	0.20293565454855772	0.09446254071661238	81	434	1
ain	ar	1	sar	shedy	18	0.335469219712792	0.24705581157194056	0.10631229235880399	81	434	1
ain	ar	1	sar	shedy	19	0.2254104424996387	0.1538942936792399	0.07894736842105263	81	434	1
ain	ar	1	sar	shedy	20	0.24277867339631698	0.17545656255333672	0.08940397350993377	81	434	1
ain	ar	2	sar	shey	1	0.12470232105043788	0.0827338129496403	0.0502092050209205	81	278	1
ain	ar	2	sar	shey	2	0.31098531730078083	0.23954169997335464	0.11255411255411256	81	278	1
ain	ar	2	sar	shey	3	0.2716383028162861	0.20921040945021765	0.10460251046025104	81	278	1
ain	ar	2	sar	shey	4	0.29739583812618475	0.21436184385824678	0.10548523206751055	81	278	1
ain	ar	2	sar	shey	5	0.28447575844464146	0.2128075317523759	0.10548523206751055	81	278	1
ain	ar	2	sar	shey	6	0.2566736021065247	0.1963762323474554	0.10810810810810811	81	278	1
ain	ar	2	sar	shey	7	0.24366463691539442	0.19735322852828852	0.0782608695652174	81	278	1
ain	ar	2	sar	shey	8	0.2610588013875057	0.19890754063415933	0.088	81	278	1
ain	ar	2	sar	shey	9	0.23434808208027735	0.16293631761257663	0.09881422924901186	81	278	1
ain	ar	2	sar	shey	10	0.18714067161317782	0.14290789590549782	0.07335907335907337	81	278	1
ain	ar	2	sar	shey	11	0.2692289708259342	0.19841904254374282	0.09387755102040816	81	278	1
ain	ar	2	sar	shey	12	0.24824673595409075	0.1788791189270806	0.09561752988047809	81	278	1
ain	ar	2	sar	shey	13	0.205195596554008	0.14854782840394354	0.07346938775510205	81	278	1
ain	ar	2	sar	shey	14	0.2771499640447723	0.2132960298427925	0.09795918367346938	81	278	1
ain	ar	2	sar	shey	15	0.1922207711086822	0.12492228439470648	0.07228915662650602	81	278	1
ain	ar	2	sar	shey	16	0.23090404181594582	0.1665334399147349	0.08846153846153847	81	278	1
ain	ar	2	sar	shey	17	0.2122041633450561	0.1490363264943601	0.08108108108108109	81	278	1
ain	ar	2	sar	shey	18	0.2779794835475988	0.20921040945021765	0.102880658436214	81	278	1
ain	ar	2	sar	shey	19	0.21991274173608166	0.15574207300826012	0.09090909090909091	81	278	1
ain	ar	2	sar	shey	20	0.21429522650913335	0.15778488320454753	0.09163346613545817	81	278	1
ain	ar	3	shedy	sor	1	0.1567126059661048	0.11177374175476645	0.05363984674329502	434	51	1
ain	ar	3	shedy	sor	2	0.25180629016457234	0.16476913345983557	0.07586206896551724	434	51	1
ain	ar	3	shedy	sor	3	0.17838606978851024	0.12216499503027016	0.05750798722044728	434	51	1
ain	ar	3	shedy	sor	4	0.25506282999011687	0.1901599349417186	0.059800664451827246	434	51	1
ain	ar	3	shedy	sor	5	0.21118930044064932	0.13942351134001987	0.06968641114982578	434	51	1
ain	ar	3	shedy	sor	6	0.24248485168215617	0.1682479443390259	0.05714285714285714	434	51	1
ain	ar	3	shedy	sor	7	0.25373231387175976	0.1693774283907111	0.07317073170731707	434	51	1
ain	ar	3	shedy	sor	8	0.21198896529867972	0.1405981747537725	0.059233449477351915	434	51	1
ain	ar	3	shedy	sor	9	0.2388586311862173	0.16476913345983554	0.07664233576642336	434	51	1
ain	ar	3	shedy	sor	10	0.17863944946610621	0.11294840516851903	0.05821917808219178	434	51	1
ain	ar	3	shedy	sor	11	0.25185037260052867	0.1555525435980844	0.07291666666666667	434	51	1
ain	ar	3	shedy	sor	12	0.2351064100709258	0.15672720701183696	0.07394366197183098	434	51	1
ain	ar	3	shedy	sor	13	0.2771381466516267	0.18898527152796601	0.08480565371024736	434	51	1
ain	ar	3	shedy	sor	14	0.11639077734136594	0.06912442396313363	0.04081632653061224	434	51	1
ain	ar	3	shedy	sor	15	0.1904346189841244	0.11638203668564202	0.06779661016949153	434	51	1
ain	ar	3	shedy	sor	16	0.3112219140131318	0.2201138519924098	0.09523809523809523	434	51	1
ain	ar	3	shedy	sor	17	0.21250552080611984	0.14633595373633324	0.061855670103092786	434	51	1
ain	ar	3	shedy	sor	18	0.2028987862728735	0.1336405529953917	0.058823529411764705	434	51	1
ain	ar	3	shedy	sor	19	0.16672603206711256	0.11064425770308124	0.055944055944055944	434	51	1
ain	ar	3	shedy	sor	20	0.2402588574270904	0.16942260775277854	0.07829181494661921	434	51	1
qokar	qol	1	r	shor	1	0.1321705633971776	0.09492110453648915	0.050314465408805034	169	96	1
qokar	qol	1	r	shor	2	0.18018773426161339	0.13634122287968442	0.06896551724137931	169	96	1
qokar	qol	1	r	shor	3	0.1646840849957134	0.12900641025641027	0.06965174129353234	169	96	1
qokar	qol	1	r	shor	4	0.20442690127564334	0.15859220907297833	0.09743589743589744	169	96	1
qokar	qol	1	r	shor	5	0.17544930321566155	0.13042406311637084	0.08018867924528301	169	96	1
qokar	qol	1	r	shor	6	0.2144619427645117	0.1780078895463511	0.0975609756097561	169	96	1
qokar	qol	1	r	shor	7	0.27707707285598604	0.21634615384615385	0.13333333333333333	169	96	1
qokar	qol	1	r	shor	8	0.2072615448226497	0.16592702169625248	0.08376963350785341	169	96	1
qokar	qol	1	r	shor	9	0.17052464569169612	0.13042406311637084	0.07462686567164178	169	96	1
qokar	qol	1	r	shor	10	0.19060661436476067	0.14792899408284027	0.07920792079207921	169	96	1
qokar	qol	1	r	shor	11	0.22883691446061982	0.16309171597633138	0.08080808080808081	169	96	1
qokar	qol	1	r	shor	12	0.11972493232075598	0.09800295857988167	0.04225352112676056	169	96	1
qokar	qol	1	r	shor	13	0.18013799110215	0.12734220907297833	0.09137055837563451	169	96	1
qokar	qol	1	r	shor	14	0.19887585639259375	0.15409270216962528	0.09178743961352658	169	96	1
qokar	qol	1	r	shor	15	0.2202421738324326	0.17326183431952666	0.08205128205128205	169	96	1
qokar	qol	1	r	shor	16	0.21384904737389399	0.16592702169625245	0.08823529411764706	169	96	1
qokar	qol	1	r	shor	17	0.21291765888079683	0.16142751479289943	0.08737864077669903	169	96	1
qokar	qol	1	r	shor	18	0.20466480363793582	0.1585922090729783	0.08415841584158416	169	96	1
qokar	qol	1	r	shor	19	0.18914672892574647	0.13942307692307696	0.0825242718446602	169	96	1
qokar	qol	1	r	shor	20	0.19605235958361644	0.13917652859960553	0.07216494845360824	169	96	1
qokar	qol	2	sar	shol	1	0.16250080067441408	0.10155316606929508	0.07446808510638298	81	186	1
qokar	qol	2	sar	shol	2	0.2258410121540696	0.1628833134209478	0.0970873786407767	81	186	1
qokar	qol	2	sar	shol	3	0.20331362015312615	0.1413779370768618	0.0891089108910891	81	186	1
qokar	qol	2	sar	shol	4	0.2327031356804472	0.1616885702907208	0.09183673469387756	81	186	1
qokar	qol	2	sar	shol	5	0.20908101460277895	0.15312624452409396	0.07352941176470588	81	186	1
qokar	qol	2	sar	shol	6	0.1840424627555174	0.14078056551174828	0.08173076923076923	81	186	1
qokar	qol	2	sar	shol	7	0.16406496345668975	0.1129032258064516	0.08095238095238096	81	186	1
qokar	qol	2	sar	shol	8	0.249872779046462	0.17682198327359616	0.11702127659574468	81	186	1
qokar	qol	2	sar	shol	9	0.17702906846662625	0.12465153325368376	0.07317073170731707	81	186	1
qokar	qol	2	sar	shol	10	0.10808440862605384	0.07686180804460375	0.04716981132075472	81	186	1
qokar	qol	2	sar	shol	11	0.08611117932451096	0.06610911987256074	0.037383177570093455	81	186	1
qokar	qol	2	sar	shol	12	0.21072385970062069	0.15372361608920748	0.08823529411764706	81	186	1
qokar	qol	2	sar	shol	13	0.14603361546399707	0.1021505376344086	0.06635071090047394	81	186	1
qokar	qol	2	sar	shol	14	0.22313296525880255	0.16069295101553163	0.095	81	186	1
qokar	qol	2	sar	shol	15	0.16618930502146856	0.11987256073277577	0.0660377358490566	81	186	1
qokar	qol	2	sar	shol	16	0.12176519005055297	0.08920748705694942	0.05687203791469194	81	186	1
qokar	qol	2	sar	shol	17	0.21000313658351566	0.15909996017522898	0.09359605911330049	81	186	1
qokar	qol	2	sar	shol	18	0.19058756732448556	0.15850258861011546	0.07881773399014778	81	186	1
qokar	qol	2	sar	shol	19	0.16415680846819192	0.11449621664675429	0.07142857142857142	81	186	1
qokar	qol	2	sar	shol	20	0.12900144879329167	0.09458383114297093	0.058823529411764705	81	186	1
qokar	qol	3	sar	sheey	1	0.1333505756478396	0.0945945945945946	0.042682926829268296	81	148	1
qokar	qol	3	sar	sheey	2	0.27436505405893674	0.2259759759759759	0.1242603550295858	81	148	1
qokar	qol	3	sar	sheey	3	0.27551018865436405	0.20687354020687354	0.11494252873563218	81	148	1
qokar	qol	3	sar	sheey	4	0.2733979974187406	0.21363029696363023	0.13095238095238096	81	148	1
qokar	qol	3	sar	sheey	5	0.22019483202110635	0.1619119119119119	0.09146341463414634	81	148	1
qokar	qol	3	sar	sheey	6	0.1766848870489205	0.13722055388722054	0.08695652173913043	81	148	1
qokar	qol	3	sar	sheey	7	0.21865763858291165	0.16541541541541543	0.09550561797752809	81	148	1
qokar	qol	3	sar	sheey	8	0.25341774642977877	0.20804137470804135	0.11560693641618497	81	148	1
qokar	qol	3	sar	sheey	9	0.2122358770363163	0.16307974641307976	0.08522727272727272	81	148	1
qokar	qol	3	sar	sheey	10	0.16398166596593866	0.13371705038371706	0.0718232044198895	81	148	1
qokar	qol	3	sar	sheey	11	0.1770133639247361	0.1304637971304638	0.08287292817679558	81	148	1
qokar	qol	3	sar	sheey	12	0.22296788891494868	0.16307974641307976	0.10285714285714286	81	148	1
qokar	qol	3	sar	sheey	13	0.27124959406337235	0.20920920920920918	0.11764705882352941	81	148	1
qokar	qol	3	sar	sheey	14	0.21752722526809476	0.15982649315982644	0.09497206703910614	81	148	1
qokar	qol	3	sar	sheey	15	0.14509293045783989	0.11019352686019353	0.0670391061452514	81	148	1
qokar	qol	3	sar	sheey	16	0.2595385954474171	0.19452786119452786	0.11560693641618497	81	148	1
qokar	qol	3	sar	sheey	17	0.20708367337283684	0.1519019019019019	0.09944751381215469	81	148	1
qokar	qol	3	sar	sheey	18	0.27573583439610494	0.22480814147480804	0.13218390804597702	81	148	1
qokar	qol	3	sar	sheey	19	0.11684988930942775	0.08550216883550217	0.058823529411764705	81	148	1
qokar	qol	3	sar	sheey	20	0.20865405330988596	0.16983650316983645	0.09042553191489362	81	148	1
qol	qotain	1	sheey	sor	1	0.10278942217814713	0.07366189719130896	0.04666666666666667	148	51	1
qol	qotain	1	sheey	sor	2	0.2491725693881136	0.1993905670376258	0.09523809523809523	148	51	1
qol	qotain	1	sheey	sor	3	0.1481077940291975	0.10678325384207737	0.06748466257668712	148	51	1
qol	qotain	1	sheey	sor	4	0.2729532711394542	0.2000529941706412	0.12080536912751678	148	51	1
qol	qotain	1	sheey	sor	5	0.22675154399885478	0.18587705352411235	0.09090909090909091	148	51	1
qol	qotain	1	sheey	sor	6	0.21089881691001022	0.15408055113937463	0.07643312101910828	148	51	1
qol	qotain	1	sheey	sor	7	0.252638399782558	0.18044515103338632	0.12418300653594772	148	51	1
qol	qotain	1	sheey	sor	8	0.16046151101928863	0.10744568097509274	0.06329113924050633	148	51	1
qol	qotain	1	sheey	sor	9	0.22329726501327396	0.16626921038685738	0.1038961038961039	148	51	1
qol	qotain	1	sheey	sor	10	0.14271555851037232	0.1142024377318495	0.05732484076433121	148	51	1
qol	qotain	1	sheey	sor	11	0.20788058775273432	0.13513513513513514	0.1038961038961039	148	51	1
qol	qotain	1	sheey	sor	12	0.18678374175814083	0.12162162162162163	0.09090909090909091	148	51	1
qol	qotain	1	sheey	sor	13	0.24556736115617206	0.19462109167991518	0.1	148	51	1
qol	qotain	1	sheey	sor	14	0.1798340352167409	0.1142024377318495	0.08917197452229299	148	51	1
qol	qotain	1	sheey	sor	15	0.19760035616617622	0.1473237943826179	0.07792207792207792	148	51	1
qol	qotain	1	sheey	sor	16	0.27730756276560553	0.21422893481717015	0.10596026490066225	148	51	1
qol	qotain	1	sheey	sor	17	0.1702995228751235	0.12029676735559089	0.06832298136645963	148	51	1
qol	qotain	1	sheey	sor	18	0.13040181882378732	0.09393216746157923	0.055900621118012424	148	51	1
qol	qotain	1	sheey	sor	19	0.0902078177996638	0.0669051404345522	0.04242424242424243	148	51	1
qol	qotain	1	sheey	sor	20	0.21650464413343917	0.16693163751987278	0.09815950920245399	148	51	1
qol	qotain	2	shy	sor	1	0.11710738658916342	0.07062825130052021	0.05	98	51	1
qol	qotain	2	shy	sor	2	0.19549166139968865	0.1608643457382953	0.08620689655172414	98	51	1
qol	qotain	2	shy	sor	3	0.15560541181165255	0.12004801920768306	0.06557377049180328	98	51	1
qol	qotain	2	shy	sor	4	0.21623144060852162	0.17106842737094838	0.09836065573770492	98	51	1
qol	qotain	2	shy	sor	5	0.17477860375827325	0.1404561824729892	0.064	98	51	1
qol	qotain	2	shy	sor	6	0.23522506490575867	0.18207282913165268	0.09482758620689655	98	51	1
qol	qotain	2	shy	sor	7	0.21531646951890215	0.16086434573829533	0.1016949152542373	98	51	1
qol	qotain	2	shy	sor	8	0.051868470603883665	0.04001600640256102	0.025210084033613446	98	51	1
qol	qotain	2	shy	sor	9	0.1640308755709925	0.12945178071228491	0.07086614173228346	98	51	1
qol	qotain	2	shy	sor	10	0.13743857335227283	0.11144457783113244	0.06201550387596899	98	51	1
qol	qotain	2	shy	sor	11	0.1882295056538107	0.1404561824729892	0.08403361344537816	98	51	1
qol	qotain	2	shy	sor	12	0.22642911139536703	0.1710684273709484	0.09322033898305085	98	51	1
qol	qotain	2	shy	sor	13	0.23172393064586527	0.18047218887555022	0.10743801652892562	98	51	1
qol	qotain	2	shy	sor	14	0.1071389197375473	0.08083233293317325	0.056	98	51	1
qol	qotain	2	shy	sor	15	0.10835497138908701	0.09963985594237695	0.03076923076923077	98	51	1
qol	qotain	2	shy	sor	16	0.20224778110828334	0.1600640256102441	0.09401709401709402	98	51	1
qol	qotain	2	shy	sor	17	0.17961477918540425	0.13025210084033612	0.06722689075630252	98	51	1
qol	qotain	2	shy	sor	18	0.10807357905583326	0.08003201280512204	0.048	98	51	1
qol	qotain	2	shy	sor	19	0.1209565320209629	0.09103641456582633	0.064	98	51	1
qol	qotain	2	shy	sor	20	0.1429123628813358	0.12004801920768306	0.07258064516129033	98	51	1
qol	qotain	3	chckhy	pchedy	1	0.09519805398192238	0.05714285714285715	0.04285714285714286	140	36	1
qol	qotain	3	chckhy	pchedy	2	0.1778946086165022	0.1277777777777778	0.07194244604316546	140	36	1
qol	qotain	3	chckhy	pchedy	3	0.17043903494767565	0.1142857142857143	0.05755395683453238	140	36	1
qol	qotain	3	chckhy	pchedy	4	0.13242485089525213	0.09841269841269841	0.0425531914893617	140	36	1
qol	qotain	3	chckhy	pchedy	5	0.1665079615418621	0.10000000000000002	0.07692307692307693	140	36	1
qol	qotain	3	chckhy	pchedy	6	0.1241464568742745	0.07913669064748201	0.05555555555555555	139	36	1
qol	qotain	3	chckhy	pchedy	7	0.13200419890534598	0.09972022382094325	0.05185185185185185	139	36	1
qol	qotain	3	chckhy	pchedy	8	0.22896660590951567	0.16966426858513192	0.07633587786259542	139	36	1
qol	qotain	3	chckhy	pchedy	9	0.17931202802660506	0.11510791366906473	0.07407407407407407	139	36	1
qol	qotain	3	chckhy	pchedy	10	0.23413436798094633	0.15627498001598722	0.09352517985611511	139	36	1
qol	qotain	3	chckhy	pchedy	11	0.17543016407258338	0.10791366906474818	0.07575757575757576	139	36	1
qol	qotain	3	chckhy	pchedy	12	0.12735850079553124	0.09972022382094325	0.041379310344827586	139	36	1
qol	qotain	3	chckhy	pchedy	13	0.24122689229550165	0.184052757793765	0.09090909090909091	139	36	1
qol	qotain	3	chckhy	pchedy	14	0.19117945859333352	0.13469224620303757	0.07575757575757576	139	36	1
qol	qotain	3	chckhy	pchedy	15	0.1678092995003443	0.11510791366906474	0.05343511450381679	139	36	1
qol	qotain	3	chckhy	pchedy	16	0.22408657821378186	0.1500799360511591	0.09701492537313433	139	36	1
qol	qotain	3	chckhy	pchedy	17	0.2589710487011315	0.16546762589928057	0.10526315789473684	139	36	1
qol	qotain	3	chckhy	pchedy	18	0.09304546456274143	0.05035971223021582	0.04964539007092199	139	36	1
qol	qotain	3	chckhy	pchedy	19	0.1795765073723139	0.12749800159872102	0.06569343065693431	139	36	1
qol	qotain	3	chckhy	pchedy	20	0.17350606179435546	0.1079136690647482	0.06015037593984962	139	36	1
okar	otain	1	r	shor	1	0.13217056339717748	0.09492110453648915	0.050314465408805034	169	96	1
okar	otain	1	r	shor	2	0.18018773426161316	0.13634122287968442	0.06896551724137931	169	96	1
okar	otain	1	r	shor	3	0.1646840849957134	0.12900641025641027	0.06965174129353234	169	96	1
okar	otain	1	r	shor	4	0.20442690127564378	0.15859220907297836	0.09743589743589744	169	96	1
okar	otain	1	r	shor	5	0.1754493032156621	0.13042406311637084	0.08018867924528301	169	96	1
okar	otain	1	r	shor	6	0.2144619427645117	0.17800788954635108	0.0975609756097561	169	96	1
okar	otain	1	r	shor	7	0.27707707285598593	0.21634615384615388	0.13333333333333333	169	96	1
okar	otain	1	r	shor	8	0.2072615448226498	0.16592702169625248	0.08376963350785341	169	96	1
okar	otain	1	r	shor	9	0.17052464569169568	0.13042406311637084	0.07462686567164178	169	96	1
okar	otain	1	r	shor	10	0.19060661436476023	0.14792899408284024	0.07920792079207921	169	96	1
okar	otain	1	r	shor	11	0.22883691446062004	0.16309171597633138	0.08080808080808081	169	96	1
okar	otain	1	r	shor	12	0.11972493232075587	0.09800295857988167	0.04225352112676056	169	96	1
okar	otain	1	r	shor	13	0.18013799110215012	0.12734220907297833	0.09137055837563451	169	96	1
okar	otain	1	r	shor	14	0.1988758563925932	0.15409270216962526	0.09178743961352658	169	96	1
okar	otain	1	r	shor	15	0.2202421738324324	0.17326183431952663	0.08205128205128205	169	96	1
okar	otain	1	r	shor	16	0.2138490473738942	0.16592702169625248	0.08823529411764706	169	96	1
okar	otain	1	r	shor	17	0.2129176588807966	0.16142751479289943	0.08737864077669903	169	96	1
okar	otain	1	r	shor	18	0.20466480363793593	0.15859220907297833	0.08415841584158416	169	96	1
okar	otain	1	r	shor	19	0.18914672892574635	0.13942307692307693	0.0825242718446602	169	96	1
okar	otain	1	r	shor	20	0.19605235958361678	0.13917652859960553	0.07216494845360824	169	96	1
okar	otain	2	am	sar	1	0.1831227260009709	0.15188056273327588	0.0847457627118644	86	81	1
okar	otain	2	am	sar	2	0.2525468954946313	0.21360895779500425	0.12686567164179105	86	81	1
okar	otain	2	am	sar	3	0.14834468779505527	0.1402526557565317	0.07913669064748201	86	81	1
okar	otain	2	am	sar	4	0.24168998969761124	0.1998277347114556	0.12403100775193798	86	81	1
okar	otain	2	am	sar	5	0.1733201235731655	0.14168819982773467	0.08333333333333333	86	81	1
okar	otain	2	am	sar	6	0.18653728188431062	0.16494401378122303	0.09219858156028368	86	81	1
okar	otain	2	am	sar	7	0.22277402603358187	0.17657192075796727	0.0859375	86	81	1
okar	otain	2	am	sar	8	0.16975991929501655	0.14168819982773467	0.08148148148148149	86	81	1
okar	otain	2	am	sar	9	0.20579143903876196	0.17513637668676427	0.08148148148148149	86	81	1
okar	otain	2	am	sar	10	0.15294088488801572	0.1409704277921332	0.07746478873239436	86	81	1
okar	otain	2	am	sar	11	0.12892313445368941	0.10680447889750214	0.05714285714285714	86	81	1
okar	otain	2	am	sar	12	0.1497075910569854	0.1286247487797875	0.07857142857142857	86	81	1
okar	otain	2	am	sar	13	0.10562595114356788	0.09517657192075796	0.04861111111111111	86	81	1
okar	otain	2	am	sar	14	0.14375107352418648	0.11771461383864482	0.072992700729927	86	81	1
okar	otain	2	am	sar	15	0.14075329297049355	0.11771461383864483	0.06338028169014084	86	81	1
okar	otain	2	am	sar	16	0.08824093231016872	0.0704852138960666	0.04054054054054054	86	81	1
okar	otain	2	am	sar	17	0.12883392072929634	0.11699684180304332	0.06293706293706294	86	81	1
okar	otain	2	am	sar	18	0.18434406194331432	0.16422624174562156	0.09558823529411764	86	81	1
okar	otain	2	am	sar	19	0.1424736296331407	0.11843238587424634	0.06164383561643835	86	81	1
okar	otain	2	am	sar	20	0.2008570484553801	0.18748205569910995	0.10714285714285714	86	81	1
okar	otain	3	dam	saiin	1	0.12856494811322894	0.10406227630637079	0.05405405405405406	88	127	1
okar	otain	3	dam	saiin	2	0.23163538096623792	0.17931281317108086	0.11180124223602485	88	127	1
okar	otain	3	dam	saiin	3	0.1840458962669299	0.15130637079455977	0.07100591715976332	88	127	1
okar	otain	3	dam	saiin	4	0.14455744585441044	0.10406227630637081	0.06285714285714286	88	127	1
okar	otain	3	dam	saiin	5	0.11892444636031296	0.08920901932712957	0.05056179775280899	88	127	1
okar	otain	3	dam	saiin	6	0.18219940167112714	0.15130637079455977	0.06395348837209303	88	127	1
okar	otain	3	dam	saiin	7	0.24554429923007126	0.1967609162491052	0.11242603550295859	88	127	1
okar	otain	3	dam	saiin	8	0.18860114106755643	0.14432712956335003	0.0783132530120482	88	127	1
okar	otain	3	dam	saiin	9	0.17428980998074284	0.13994273443092342	0.08620689655172414	88	127	1
okar	otain	3	dam	saiin	10	0.16343727380159112	0.13466356478167502	0.06857142857142857	88	127	1
okar	otain	3	dam	saiin	11	0.1987842510808192	0.15918038654259126	0.08771929824561403	88	127	1
okar	otain	3	dam	saiin	12	0.2963355695058226	0.22825697924123117	0.12987012987012986	88	127	1
okar	otain	3	dam	saiin	13	0.16300252742783417	0.12419470293486043	0.07471264367816093	88	127	1
okar	otain	3	dam	saiin	14	0.1982932214381632	0.15569076592698639	0.10119047619047619	88	127	1
okar	otain	3	dam	saiin	15	0.17949570820069127	0.14692197566213316	0.08571428571428572	88	127	1
okar	otain	3	dam	saiin	16	0.16784171389740743	0.1276843235504653	0.07262569832402235	88	127	1
okar	otain	3	dam	saiin	17	0.22170271032191569	0.1705440229062276	0.09090909090909091	88	127	1
okar	otain	3	dam	saiin	18	0.22414319534601113	0.1784180386542591	0.09195402298850575	88	127	1
okar	otain	3	dam	saiin	19	0.16204861014445726	0.11721546170365069	0.06857142857142857	88	127	1
okar	otain	3	dam	saiin	20	0.26043305904120495	0.2125089477451682	0.10843373493975904	88	127	1
