window_size	window_index	start	end	currier_majority_label	currier_purity	currier_composition	hand_majority_label	hand_purity	hand_composition
50	0	0	50	1	1	1:1	1	1	1:1
50	1	5	55	1	1	1:1	1	1	1:1
50	2	10	60	1	1	1:1	1	1	1:1
50	3	15	65	1	1	1:1	1	1	1:1
50	4	20	70	1	1	1:1	1	1	1:1
50	5	25	75	1	1	1:1	1	1	1:1
50	6	30	80	1	1	1:1	1	1	1:1
50	7	35	85	1	1	1:1	1	1	1:1
50	8	40	90	1	1	1:1	1	1	1:1
50	9	45	95	1	1	1:1	1	1	1:1
50	10	50	100	1	1	1:1	1	1	1:1
50	11	55	105	1	1	1:1	1	1	1:1
50	12	60	110	1	1	1:1	1	1	1:1
50	13	65	115	1	1	1:1	1	1	1:1
50	14	70	120	1	1	1:1	1	1	1:1
50	15	75	125	1	1	1:1	1	1	1:1
50	16	80	130	1	1	1:1	1	1	1:1
50	17	85	135	1	1	1:1	1	1	1:1
50	18	90	140	1	1	1:1	1	1	1:1
50	19	95	145	1	1	1:1	1	1	1:1
50	20	100	150	1	1	1:1	1	1	1:1
50	21	105	155	1	1	1:1	1	1	1:1
50	22	110	160	1	1	1:1	1	1	1:1
50	23	115	165	1	1	1:1	1	1	1:1
50	24	120	170	1	1	1:1	1	1	1:1
50	25	125	175	1	1	1:1	1	1	1:1
50	26	130	180	1	1	1:1	1	1	1:1
50	27	135	185	1	1	1:1	1	1	1:1
50	28	140	190	1	1	1:1	1	1	1:1
50	29	145	195	1	1	1:1	1	1	1:1
50	30	150	200	1	1	1:1	1	1	1:1
50	31	155	205	1	1	1:1	1	1	1:1
50	32	160	210	1	1	1:1	1	1	1:1
50	33	165	215	1	1	1:1	1	1	1:1
50	34	170	220	1	1	1:1	1	1	1:1
50	35	175	225	1	1	1:1	1	1	1:1
50	36	180	230	1	1	1:1	1	1	1:1
50	37	185	235	1	1	1:1	1	1	1:1
50	38	190	240	1	1	1:1	1	1	1:1
50	39	195	245	1	1	1:1	1	1	1:1
50	40	200	250	1	1	1:1	1	1	1:1
50	41	205	255	1	1	1:1	1	1	1:1
50	42	210	260	1	1	1:1	1	1	1:1
50	43	215	265	1	1	1:1	1	1	1:1
50	44	220	270	1	1	1:1	1	1	1:1
50	45	225	275	1	1	1:1	1	1	1:1
50	46	230	280	1	1	1:1	1	1	1:1
50	47	235	285	1	1	1:1	1	1	1:1
50	48	240	290	1	1	1:1	1	1	1:1
50	49	245	295	1	1	1:1	1	1	1:1
50	50	250	300	1	1	1:1	1	1	1:1
50	51	255	305	1	1	1:1	1	1	1:1
50	52	260	310	1	1	1:1	1	1	1:1
50	53	265	315	1	1	1:1	1	1	1:1
50	54	270	320	1	1	1:1	1	1	1:1
50	55	275	325	1	1	1:1	1	1	1:1
50	56	280	330	1	1	1:1	1	1	1:1
50	57	285	335	1	1	1:1	1	1	1:1
50	58	290	340	1	1	1:1	1	1	1:1
50	59	295	345	1	1	1:1	1	1	1:1
50	60	300	350	1	1	1:1	1	1	1:1
50	61	305	355	1	1	1:1	1	1	1:1
50	62	310	360	1	1	1:1	1	1	1:1
50	63	315	365	1	1	1:1	1	1	1:1
50	64	320	370	1	1	1:1	1	1	1:1
50	65	325	375	1	1	1:1	1	1	1:1
50	66	330	380	1	1	1:1	1	1	1:1
50	67	335	385	1	1	1:1	1	1	1:1
50	68	340	390	1	1	1:1	1	1	1:1
50	69	345	395	1	1	1:1	1	1	1:1
50	70	350	400	1	1	1:1	1	1	1:1
50	71	355	405	1	1	1:1	1	1	1:1
50	72	360	410	1	1	1:1	1	1	1:1
50	73	365	415	1	1	1:1	1	1	1:1
50	74	370	420	1	1	1:1	1	1	1:1
50	75	375	425	1	1	1:1	1	1	1:1
50	76	380	430	1	1	1:1	1	1	1:1
50	77	385	435	1	1	1:1	1	1	1:1
50	78	390	440	1	1	1:1	1	1	1:1
50	79	395	445	1	1	1:1	1	1	1:1
50	80	400	450	1	1	1:1	1	1	1:1
50	81	405	455	1	1	1:1	1	1	1:1
50	82	410	460	1	1	1:1	1	1	1:1
50	83	415	465	1	1	1:1	1	1	1:1
50	84	420	470	1	1	1:1	1	1	1:1
50	85	425	475	1	1	1:1	1	1	1:1
50	86	430	480	1	1	1:1	1	1	1:1
50	87	435	485	1	1	1:1	1	1	1:1
50	88	440	490	1	1	1:1	1	1	1:1
50	89	445	495	1	1	1:1	1	1	1:1
50	90	450	500	1	1	1:1	1	1	1:1
50	91	455	505	1	1	1:1	1	1	1:1
50	92	460	510	1	1	1:1	1	1	1:1
50	93	465	515	1	1	1:1	1	1	1:1
50	94	470	520	1	1	1:1	1	1	1:1
50	95	475	525	1	1	1:1	1	1	1:1
50	96	480	530	1	1	1:1	1	1	1:1
50	97	485	535	1	1	1:1	1	1	1:1
50	98	490	540	1	1	1:1	1	1	1:1
50	99	495	545	1	1	1:1	1	1	1:1
50	100	500	550	1	1	1:1	1	1	1:1
50	101	505	555	1	1	1:1	1	1	1:1
50	102	510	560	1	1	1:1	1	1	1:1
50	103	515	565	1	1	1:1	1	1	1:1
50	104	520	570	1	1	1:1	1	1	1:1
50	105	525	575	1	1	1:1	1	1	1:1
50	106	530	580	1	1	1:1	1	1	1:1
50	107	535	585	1	1	1:1	1	1	1:1
50	108	540	590	1	1	1:1	1	1	1:1
50	109	545	595	1	1	1:1	1	1	1:1
50	110	550	600	1	1	1:1	1	1	1:1
50	111	555	605	1	1	1:1	1	1	1:1
50	112	560	610	1	1	1:1	1	1	1:1
50	113	565	615	1	1	1:1	1	1	1:1
50	114	570	620	1	1	1:1	1	1	1:1
50	115	575	625	1	1	1:1	1	1	1:1
50	116	580	630	1	1	1:1	1	1	1:1
50	117	585	635	1	1	1:1	1	1	1:1
50	118	590	640	1	1	1:1	1	1	1:1
50	119	595	645	1	1	1:1	1	1	1:1
50	120	600	650	1	1	1:1	1	1	1:1
50	121	605	655	1	1	1:1	1	1	1:1
50	122	610	660	1	1	1:1	1	1	1:1
50	123	615	665	1	1	1:1	1	1	1:1
50	124	620	670	1	1	1:1	1	1	1:1
50	125	625	675	1	1	1:1	1	1	1:1
50	126	630	680	1	1	1:1	1	1	1:1
50	127	635	685	1	1	1:1	1	1	1:1
50	128	640	690	1	1	1:1	1	1	1:1
50	129	645	695	1	1	1:1	1	1	1:1
50	130	650	700	1	1	1:1	1	1	1:1
50	131	655	705	1	1	1:1	1	1	1:1
50	132	660	710	1	1	1:1	1	1	1:1
50	133	665	715	1	1	1:1	1	1	1:1
50	134	670	720	1	1	1:1	1	1	1:1
50	135	675	725	1	1	1:1	1	1	1:1
50	136	680	730	1	1	1:1	1	1	1:1
50	137	685	735	1	1	1:1	1	1	1:1
50	138	690	740	1	1	1:1	1	1	1:1
50	139	695	745	1	1	1:1	1	1	1:1
50	140	700	750	1	1	1:1	1	1	1:1
50	141	705	755	1	1	1:1	1	1	1:1
50	142	710	760	1	1	1:1	1	1	1:1
50	143	715	765	1	1	1:1	1	1	1:1
50	144	720	770	1	1	1:1	1	1	1:1
50	145	725	775	1	1	1:1	1	1	1:1
50	146	730	780	1	1	1:1	1	1	1:1
50	147	735	785	1	1	1:1	1	1	1:1
50	148	740	790	1	1	1:1	1	1	1:1
50	149	745	795	1	1	1:1	1	1	1:1
50	150	750	800	1	1	1:1	1	1	1:1
50	151	755	805	1	1	1:1	1	1	1:1
50	152	760	810	1	1	1:1	1	1	1:1
50	153	765	815	1	1	1:1	1	1	1:1
50	154	770	820	1	1	1:1	1	1	1:1
50	155	775	825	1	1	1:1	1	1	1:1
50	156	780	830	1	1	1:1	1	1	1:1
50	157	785	835	1	1	1:1	1	1	1:1
50	158	790	840	1	1	1:1	1	1	1:1
50	159	795	845	1	1	1:1	1	1	1:1
50	160	800	850	1	1	1:1	1	1	1:1
50	161	805	855	1	1	1:1	1	1	1:1
50	162	810	860	1	1	1:1	1	1	1:1
50	163	815	865	1	1	1:1	1	1	1:1
50	164	820	870	1	1	1:1	1	1	1:1
50	165	825	875	1	1	1:1	1	1	1:1
50	166	830	880	1	1	1:1	1	1	1:1
50	167	835	885	1	1	1:1	1	1	1:1
50	168	840	890	1	1	1:1	1	1	1:1
50	169	845	895	1	1	1:1	1	1	1:1
50	170	850	900	1	1	1:1	1	1	1:1
50	171	855	905	1	1	1:1	1	1	1:1
50	172	860	910	1	1	1:1	1	1	1:1
50	173	865	915	1	1	1:1	1	1	1:1
50	174	870	920	1	1	1:1	1	1	1:1
50	175	875	925	1	1	1:1	1	1	1:1
50	176	880	930	1	1	1:1	1	1	1:1
50	177	885	935	1	1	1:1	1	1	1:1
50	178	890	940	1	1	1:1	1	1	1:1
50	179	895	945	1	1	1:1	1	1	1:1
50	180	900	950	1	1	1:1	1	1	1:1
50	181	905	955	1	1	1:1	1	1	1:1
50	182	910	960	1	1	1:1	1	1	1:1
50	183	915	965	1	1	1:1	1	1	1:1
50	184	920	970	1	1	1:1	1	1	1:1
50	185	925	975	1	1	1:1	1	1	1:1
50	186	930	980	1	1	1:1	1	1	1:1
50	187	935	985	1	1	1:1	1	1	1:1
50	188	940	990	1	1	1:1	1	1	1:1
50	189	945	995	1	1	1:1	1	1	1:1
50	190	950	1000	1	1	1:1	1	1	1:1
50	191	955	1005	1	1	1:1	1	1	1:1
50	192	960	1010	1	1	1:1	1	1	1:1
50	193	965	1015	1	1	1:1	1	1	1:1
50	194	970	1020	1	1	1:1	1	1	1:1
50	195	975	1025	1	1	1:1	1	1	1:1
50	196	980	1030	1	1	1:1	1	1	1:1
50	197	985	1035	1	1	1:1	1	1	1:1
50	198	990	1040	1	1	1:1	1	1	1:1
50	199	995	1045	1	1	1:1	1	1	1:1
50	200	1000	1050	1	1	1:1	1	1	1:1
50	201	1005	1055	1	1	1:1	1	1	1:1
50	202	1010	1060	1	1	1:1	1	1	1:1
50	203	1015	1065	1	1	1:1	1	1	1:1
50	204	1020	1070	1	1	1:1	1	1	1:1
50	205	1025	1075	1	1	1:1	1	1	1:1
50	206	1030	1080	1	1	1:1	1	1	1:1
50	207	1035	1085	1	1	1:1	1	1	1:1
50	208	1040	1090	1	1	1:1	1	1	1:1
50	209	1045	1095	1	1	1:1	1	1	1:1
50	210	1050	1100	1	1	1:1	1	1	1:1
50	211	1055	1105	1	1	1:1	1	1	1:1
50	212	1060	1110	1	1	1:1	1	1	1:1
50	213	1065	1115	1	1	1:1	1	1	1:1
50	214	1070	1120	1	1	1:1	1	1	1:1
50	215	1075	1125	1	1	1:1	1	1	1:1
50	216	1080	1130	1	1	1:1	1	1	1:1
50	217	1085	1135	1	1	1:1	1	1	1:1
50	218	1090	1140	1	1	1:1	1	1	1:1
50	219	1095	1145	1	1	1:1	1	1	1:1
50	220	1100	1150	1	1	1:1	1	1	1:1
50	221	1105	1155	1	1	1:1	1	1	1:1
50	222	1110	1160	1	1	1:1	1	1	1:1
50	223	1115	1165	1	1	1:1	1	1	1:1
50	224	1120	1170	1	1	1:1	1	1	1:1
50	225	1125	1175	1	1	1:1	1	1	1:1
50	226	1130	1180	1	1	1:1	1	1	1:1
50	227	1135	1185	1	1	1:1	1	1	1:1
50	228	1140	1190	1	1	1:1	1	1	1:1
50	229	1145	1195	1	1	1:1	1	1	1:1
50	230	1150	1200	1	1	1:1	1	1	1:1
50	231	1155	1205	1	1	1:1	1	1	1:1
50	232	1160	1210	1	1	1:1	1	1	1:1
50	233	1165	1215	1	1	1:1	1	1	1:1
50	234	1170	1220	1	1	1:1	1	1	1:1
50	235	1175	1225	1	1	1:1	1	1	1:1
50	236	1180	1230	1	1	1:1	1	1	1:1
50	237	1185	1235	1	1	1:1	1	1	1:1
50	238	1190	1240	1	1	1:1	1	1	1:1
50	239	1195	1245	1	1	1:1	1	1	1:1
50	240	1200	1250	1	1	1:1	1	1	1:1
50	241	1205	1255	1	1	1:1	1	1	1:1
50	242	1210	1260	1	1	1:1	1	1	1:1
50	243	1215	1265	1	1	1:1	1	1	1:1
50	244	1220	1270	1	1	1:1	1	1	1:1
50	245	1225	1275	1	1	1:1	1	1	1:1
50	246	1230	1280	1	1	1:1	1	1	1:1
50	247	1235	1285	1	1	1:1	1	1	1:1
50	248	1240	1290	1	1	1:1	1	1	1:1
50	249	1245	1295	1	1	1:1	1	1	1:1
50	250	1250	1300	1	1	1:1	1	1	1:1
50	251	1255	1305	1	1	1:1	1	1	1:1
50	252	1260	1310	1	1	1:1	1	1	1:1
50	253	1265	1315	1	1	1:1	1	1	1:1
50	254	1270	1320	1	1	1:1	1	1	1:1
50	255	1275	1325	1	1	1:1	1	1	1:1
50	256	1280	1330	1	1	1:1	1	1	1:1
50	257	1285	1335	1	1	1:1	1	1	1:1
50	258	1290	1340	1	1	1:1	1	1	1:1
50	259	1295	1345	1	1	1:1	1	1	1:1
50	260	1300	1350	1	1	1:1	1	1	1:1
50	261	1305	1355	1	1	1:1	1	1	1:1
50	262	1310	1360	1	1	1:1	1	1	1:1
50	263	1315	1365	1	1	1:1	1	1	1:1
50	264	1320	1370	1	1	1:1	1	1	1:1
50	265	1325	1375	1	1	1:1	1	1	1:1
50	266	1330	1380	1	1	1:1	1	1	1:1
50	267	1335	1385	1	1	1:1	1	1	1:1
50	268	1340	1390	1	1	1:1	1	1	1:1
50	269	1345	1395	1	1	1:1	1	1	1:1
50	270	1350	1400	1	1	1:1	1	1	1:1
50	271	1355	1405	1	1	1:1	1	1	1:1
50	272	1360	1410	1	1	1:1	1	1	1:1
50	273	1365	1415	1	1	1:1	1	1	1:1
50	274	1370	1420	1	1	1:1	1	1	1:1
50	275	1375	1425	1	1	1:1	1	1	1:1
50	276	1380	1430	1	1	1:1	1	1	1:1
50	277	1385	1435	1	1	1:1	1	1	1:1
50	278	1390	1440	1	1	1:1	1	1	1:1
50	279	1395	1445	1	1	1:1	1	1	1:1
50	280	1400	1450	1	1	1:1	1	1	1:1
50	281	1405	1455	1	1	1:1	1	1	1:1
50	282	1410	1460	1	1	1:1	1	1	1:1
50	283	1415	1465	1	1	1:1	1	1	1:1
50	284	1420	1470	1	1	1:1	1	1	1:1
50	285	1425	1475	1	1	1:1	1	1	1:1
50	286	1430	1480	1	1	1:1	1	1	1:1
50	287	1435	1485	1	1	1:1	1	1	1:1
50	288	1440	1490	1	1	1:1	1	1	1:1
50	289	1445	1495	1	1	1:1	1	1	1:1
50	290	1450	1500	1	1	1:1	1	1	1:1
50	291	1455	1505	1	1	1:1	1	1	1:1
50	292	1460	1510	1	1	1:1	1	1	1:1
50	293	1465	1515	1	1	1:1	1	1	1:1
50	294	1470	1520	1	1	1:1	1	1	1:1
50	295	1475	1525	1	1	1:1	1	1	1:1
50	296	1480	1530	1	1	1:1	1	1	1:1
50	297	1485	1535	1	1	1:1	1	1	1:1
50	298	1490	1540	1	1	1:1	1	1	1:1
50	299	1495	1545	1	1	1:1	1	1	1:1
50	300	1500	1550	1	1	1:1	1	1	1:1
50	301	1505	1555	1	1	1:1	1	1	1:1
50	302	1510	1560	1	1	1:1	1	1	1:1
50	303	1515	1565	1	1	1:1	1	1	1:1
50	304	1520	1570	1	1	1:1	1	1	1:1
50	305	1525	1575	1	1	1:1	1	1	1:1
50	306	1530	1580	1	1	1:1	1	1	1:1
50	307	1535	1585	1	1	1:1	1	1	1:1
50	308	1540	1590	1	1	1:1	1	1	1:1
50	309	1545	1595	1	1	1:1	1	1	1:1
50	310	1550	1600	1	1	1:1	1	1	1:1
50	311	1555	1605	1	1	1:1	1	1	1:1
50	312	1560	1610	1	1	1:1	1	1	1:1
50	313	1565	1615	1	1	1:1	1	1	1:1
50	314	1570	1620	1	1	1:1	1	1	1:1
50	315	1575	1625	1	1	1:1	1	1	1:1
50	316	1580	1630	1	1	1:1	1	1	1:1
50	317	1585	1635	1	1	1:1	1	1	1:1
50	318	1590	1640	1	1	1:1	1	1	1:1
50	319	1595	1645	1	1	1:1	1	1	1:1
50	320	1600	1650	1	1	1:1	1	1	1:1
50	321	1605	1655	1	1	1:1	1	1	1:1
50	322	1610	1660	1	1	1:1	1	1	1:1
50	323	1615	1665	1	1	1:1	1	1	1:1
50	324	1620	1670	1	1	1:1	1	1	1:1
50	325	1625	1675	1	1	1:1	1	1	1:1
50	326	1630	1680	1	1	1:1	1	1	1:1
50	327	1635	1685	1	1	1:1	1	1	1:1
50	328	1640	1690	1	1	1:1	1	1	1:1
50	329	1645	1695	1	1	1:1	1	1	1:1
50	330	1650	1700	1	1	1:1	1	1	1:1
50	331	1655	1705	1	1	1:1	1	1	1:1
50	332	1660	1710	1	1	1:1	1	1	1:1
50	333	1665	1715	1	1	1:1	1	1	1:1
50	334	1670	1720	1	1	1:1	1	1	1:1
50	335	1675	1725	1	1	1:1	1	1	1:1
50	336	1680	1730	1	1	1:1	1	1	1:1
50	337	1685	1735	1	1	1:1	1	1	1:1
50	338	1690	1740	1	1	1:1	1	1	1:1
50	339	1695	1745	1	1	1:1	1	1	1:1
50	340	1700	1750	1	1	1:1	1	1	1:1
50	341	1705	1755	1	1	1:1	1	1	1:1
50	342	1710	1760	1	1	1:1	1	1	1:1
50	343	1715	1765	1	1	1:1	1	1	1:1
50	344	1720	1770	1	1	1:1	1	1	1:1
50	345	1725	1775	1	1	1:1	1	1	1:1
50	346	1730	1780	1	1	1:1	1	1	1:1
50	347	1735	1785	1	1	1:1	1	1	1:1
50	348	1740	1790	1	1	1:1	1	1	1:1
50	349	1745	1795	1	1	1:1	1	1	1:1
50	350	1750	1800	1	1	1:1	1	1	1:1
50	351	1755	1805	1	1	1:1	1	1	1:1
50	352	1760	1810	1	1	1:1	1	1	1:1
50	353	1765	1815	1	1	1:1	1	1	1:1
50	354	1770	1820	1	1	1:1	1	1	1:1
50	355	1775	1825	1	1	1:1	1	1	1:1
50	356	1780	1830	1	1	1:1	1	1	1:1
50	357	1785	1835	1	1	1:1	1	1	1:1
50	358	1790	1840	1	1	1:1	1	1	1:1
50	359	1795	1845	1	1	1:1	1	1	1:1
50	360	1800	1850	1	1	1:1	1	1	1:1
50	361	1805	1855	1	1	1:1	1	1	1:1
50	362	1810	1860	1	1	1:1	1	1	1:1
50	363	1815	1865	1	1	1:1	1	1	1:1
50	364	1820	1870	1	1	1:1	1	1	1:1
50	365	1825	1875	1	1	1:1	1	1	1:1
50	366	1830	1880	1	1	1:1	1	1	1:1
50	367	1835	1885	1	1	1:1	1	1	1:1
50	368	1840	1890	1	1	1:1	1	1	1:1
50	369	1845	1895	1	1	1:1	1	1	1:1
50	370	1850	1900	1	1	1:1	1	1	1:1
50	371	1855	1905	1	1	1:1	1	1	1:1
50	372	1860	1910	1	1	1:1	1	1	1:1
50	373	1865	1915	1	1	1:1	1	1	1:1
50	374	1870	1920	1	1	1:1	1	1	1:1
50	375	1875	1925	1	1	1:1	1	1	1:1
50	376	1880	1930	1	1	1:1	1	1	1:1
50	377	1885	1935	1	1	1:1	1	1	1:1
50	378	1890	1940	1	1	1:1	1	1	1:1
50	379	1895	1945	1	1	1:1	1	1	1:1
50	380	1900	1950	1	1	1:1	1	1	1:1
50	381	1905	1955	1	1	1:1	1	1	1:1
50	382	1910	1960	1	1	1:1	1	1	1:1
50	383	1915	1965	1	1	1:1	1	1	1:1
50	384	1920	1970	1	1	1:1	1	1	1:1
50	385	1925	1975	1	1	1:1	1	1	1:1
50	386	1930	1980	1	1	1:1	1	1	1:1
50	387	1935	1985	1	1	1:1	1	1	1:1
50	388	1940	1990	1	1	1:1	1	1	1:1
50	389	1945	1995	1	1	1:1	1	1	1:1
50	390	1950	2000	1	1	1:1	1	1	1:1
50	391	1955	2005	1	1	1:1	1	1	1:1
50	392	1960	2010	1	1	1:1	1	1	1:1
50	393	1965	2015	1	1	1:1	1	1	1:1
50	394	1970	2020	1	1	1:1	1	1	1:1
50	395	1975	2025	1	1	1:1	1	1	1:1
50	396	1980	2030	1	1	1:1	1	1	1:1
50	397	1985	2035	1	1	1:1	1	1	1:1
50	398	1990	2040	1	1	1:1	1	1	1:1
50	399	1995	2045	1	1	1:1	1	1	1:1
50	400	2000	2050	1	1	1:1	1	1	1:1
50	401	2005	2055	1	1	1:1	1	1	1:1
50	402	2010	2060	1	1	1:1	1	1	1:1
50	403	2015	2065	1	1	1:1	1	1	1:1
50	404	2020	2070	1	1	1:1	1	1	1:1
50	405	2025	2075	1	1	1:1	1	1	1:1
50	406	2030	2080	1	1	1:1	1	1	1:1
50	407	2035	2085	1	1	1:1	1	1	1:1
50	408	2040	2090	1	1	1:1	1	1	1:1
50	409	2045	2095	1	1	1:1	1	1	1:1
50	410	2050	2100	1	1	1:1	1	1	1:1
50	411	2055	2105	1	1	1:1	1	1	1:1
50	412	2060	2110	1	1	1:1	1	1	1:1
50	413	2065	2115	1	1	1:1	1	1	1:1
50	414	2070	2120	1	1	1:1	1	1	1:1
50	415	2075	2125	1	1	1:1	1	1	1:1
50	416	2080	2130	1	1	1:1	1	1	1:1
50	417	2085	2135	1	1	1:1	1	1	1:1
50	418	2090	2140	1	1	1:1	1	1	1:1
50	419	2095	2145	1	1	1:1	1	1	1:1
50	420	2100	2150	1	1	1:1	1	1	1:1
50	421	2105	2155	1	1	1:1	1	1	1:1
50	422	2110	2160	1	1	1:1	1	1	1:1
50	423	2115	2165	1	1	1:1	1	1	1:1
50	424	2120	2170	1	1	1:1	1	1	1:1
50	425	2125	2175	1	1	1:1	1	1	1:1
50	426	2130	2180	1	1	1:1	1	1	1:1
50	427	2135	2185	1	1	1:1	1	1	1:1
50	428	2140	2190	1	1	1:1	1	1	1:1
50	429	2145	2195	1	1	1:1	1	1	1:1
50	430	2150	2200	1	1	1:1	1	1	1:1
50	431	2155	2205	1	1	1:1	1	1	1:1
50	432	2160	2210	1	1	1:1	1	1	1:1
50	433	2165	2215	1	1	1:1	1	1	1:1
50	434	2170	2220	1	1	1:1	1	1	1:1
50	435	2175	2225	1	1	1:1	1	1	1:1
50	436	2180	2230	1	1	1:1	1	1	1:1
50	437	2185	2235	1	1	1:1	1	1	1:1
50	438	2190	2240	1	1	1:1	1	1	1:1
50	439	2195	2245	1	1	1:1	1	1	1:1
50	440	2200	2250	1	1	1:1	1	1	1:1
50	441	2205	2255	1	1	1:1	1	1	1:1
50	442	2210	2260	1	1	1:1	1	1	1:1
50	443	2215	2265	1	1	1:1	1	1	1:1
50	444	2220	2270	1	1	1:1	1	1	1:1
50	445	2225	2275	1	1	1:1	1	1	1:1
50	446	2230	2280	1	1	1:1	1	1	1:1
50	447	2235	2285	1	1	1:1	1	1	1:1
50	448	2240	2290	1	1	1:1	1	1	1:1
50	449	2245	2295	1	1	1:1	1	1	1:1
50	450	2250	2300	1	1	1:1	1	1	1:1
50	451	2255	2305	1	1	1:1	1	1	1:1
50	452	2260	2310	1	1	1:1	1	1	1:1
50	453	2265	2315	1	1	1:1	1	1	1:1
50	454	2270	2320	1	1	1:1	1	1	1:1
50	455	2275	2325	1	1	1:1	1	1	1:1
50	456	2280	2330	1	1	1:1	1	1	1:1
50	457	2285	2335	1	1	1:1	1	1	1:1
50	458	2290	2340	1	1	1:1	1	1	1:1
50	459	2295	2345	1	1	1:1	1	1	1:1
50	460	2300	2350	1	1	1:1	1	1	1:1
50	461	2305	2355	1	1	1:1	1	1	1:1
50	462	2310	2360	1	1	1:1	1	1	1:1
50	463	2315	2365	1	1	1:1	1	1	1:1
50	464	2320	2370	1	1	1:1	1	1	1:1
50	465	2325	2375	1	1	1:1	1	1	1:1
50	466	2330	2380	1	1	1:1	1	1	1:1
50	467	2335	2385	1	1	1:1	1	1	1:1
50	468	2340	2390	1	1	1:1	1	1	1:1
50	469	2345	2395	1	1	1:1	1	1	1:1
50	470	2350	2400	1	1	1:1	1	1	1:1
50	471	2355	2405	1	1	1:1	1	1	1:1
50	472	2360	2410	1	1	1:1	1	1	1:1
50	473	2365	2415	1	1	1:1	1	1	1:1
50	474	2370	2420	1	1	1:1	1	1	1:1
50	475	2375	2425	1	1	1:1	1	1	1:1
50	476	2380	2430	1	1	1:1	1	1	1:1
50	477	2385	2435	1	1	1:1	1	1	1:1
50	478	2390	2440	1	1	1:1	1	1	1:1
50	479	2395	2445	1	1	1:1	1	1	1:1
50	480	2400	2450	1	1	1:1	1	1	1:1
50	481	2405	2455	1	1	1:1	1	1	1:1
50	482	2410	2460	1	1	1:1	1	1	1:1
50	483	2415	2465	1	1	1:1	1	1	1:1
50	484	2420	2470	1	1	1:1	1	1	1:1
50	485	2425	2475	1	1	1:1	1	1	1:1
50	486	2430	2480	1	1	1:1	1	1	1:1
50	487	2435	2485	1	1	1:1	1	1	1:1
50	488	2440	2490	1	1	1:1	1	1	1:1
50	489	2445	2495	1	1	1:1	1	1	1:1
50	490	2450	2500	1	1	1:1	1	1	1:1
50	491	2455	2505	1	1	1:1	1	1	1:1
50	492	2460	2510	1	1	1:1	1	1	1:1
50	493	2465	2515	1	1	1:1	1	1	1:1
50	494	2470	2520	1	1	1:1	1	1	1:1
50	495	2475	2525	1	1	1:1	1	1	1:1
50	496	2480	2530	1	1	1:1	1	1	1:1
50	497	2485	2535	1	1	1:1	1	1	1:1
50	498	2490	2540	1	1	1:1	1	1	1:1
50	499	2495	2545	1	1	1:1	1	1	1:1
50	500	2500	2550	1	1	1:1	1	1	1:1
50	501	2505	2555	1	1	1:1	1	1	1:1
50	502	2510	2560	1	1	1:1	1	1	1:1
50	503	2515	2565	1	1	1:1	1	1	1:1
50	504	2520	2570	1	1	1:1	1	1	1:1
50	505	2525	2575	1	1	1:1	1	1	1:1
50	506	2530	2580	1	1	1:1	1	1	1:1
50	507	2535	2585	1	1	1:1	1	1	1:1
50	508	2540	2590	1	1	1:1	1	1	1:1
50	509	2545	2595	1	1	1:1	1	1	1:1
50	510	2550	2600	1	1	1:1	1	1	1:1
50	511	2555	2605	1	1	1:1	1	1	1:1
50	512	2560	2610	1	1	1:1	1	1	1:1
50	513	2565	2615	1	1	1:1	1	1	1:1
50	514	2570	2620	1	1	1:1	1	1	1:1
50	515	2575	2625	1	1	1:1	1	1	1:1
50	516	2580	2630	1	1	1:1	1	1	1:1
50	517	2585	2635	1	1	1:1	1	1	1:1
50	518	2590	2640	1	1	1:1	1	1	1:1
50	519	2595	2645	1	1	1:1	1	1	1:1
50	520	2600	2650	1	1	1:1	1	1	1:1
50	521	2605	2655	1	1	1:1	1	1	1:1
50	522	2610	2660	1	1	1:1	1	1	1:1
50	523	2615	2665	1	1	1:1	1	1	1:1
50	524	2620	2670	1	1	1:1	1	1	1:1
50	525	2625	2675	1	1	1:1	1	1	1:1
50	526	2630	2680	1	1	1:1	1	1	1:1
50	527	2635	2685	1	1	1:1	1	1	1:1
50	528	2640	2690	1	1	1:1	1	1	1:1
50	529	2645	2695	1	1	1:1	1	1	1:1
50	530	2650	2700	1	1	1:1	1	1	1:1
50	531	2655	2705	1	1	1:1	1	1	1:1
50	532	2660	2710	1	1	1:1	1	1	1:1
50	533	2665	2715	1	1	1:1	1	1	1:1
50	534	2670	2720	1	1	1:1	1	1	1:1
50	535	2675	2725	1	1	1:1	1	1	1:1
50	536	2680	2730	1	1	1:1	1	1	1:1
50	537	2685	2735	1	1	1:1	1	1	1:1
50	538	2690	2740	1	1	1:1	1	1	1:1
50	539	2695	2745	1	1	1:1	1	1	1:1
50	540	2700	2750	1	1	1:1	1	1	1:1
50	541	2705	2755	1	1	1:1	1	1	1:1
50	542	2710	2760	1	1	1:1	1	1	1:1
50	543	2715	2765	1	1	1:1	1	1	1:1
50	544	2720	2770	1	1	1:1	1	1	1:1
50	545	2725	2775	1	1	1:1	1	1	1:1
50	546	2730	2780	1	1	1:1	1	1	1:1
50	547	2735	2785	1	1	1:1	1	1	1:1
50	548	2740	2790	1	1	1:1	1	1	1:1
50	549	2745	2795	1	1	1:1	1	1	1:1
50	550	2750	2800	1	1	1:1	1	1	1:1
50	551	2755	2805	1	1	1:1	1	1	1:1
50	552	2760	2810	1	1	1:1	1	1	1:1
50	553	2765	2815	1	1	1:1	1	1	1:1
50	554	2770	2820	1	1	1:1	1	1	1:1
50	555	2775	2825	1	1	1:1	1	1	1:1
50	556	2780	2830	1	1	1:1	1	1	1:1
50	557	2785	2835	1	1	1:1	1	1	1:1
50	558	2790	2840	1	1	1:1	1	1	1:1
50	559	2795	2845	1	1	1:1	1	1	1:1
50	560	2800	2850	1	1	1:1	1	1	1:1
50	561	2805	2855	1	1	1:1	1	1	1:1
50	562	2810	2860	1	1	1:1	1	1	1:1
50	563	2815	2865	1	1	1:1	1	1	1:1
50	564	2820	2870	1	1	1:1	1	1	1:1
50	565	2825	2875	1	1	1:1	1	1	1:1
50	566	2830	2880	1	1	1:1	1	1	1:1
50	567	2835	2885	1	1	1:1	1	1	1:1
50	568	2840	2890	1	1	1:1	1	1	1:1
50	569	2845	2895	1	1	1:1	1	1	1:1
50	570	2850	2900	1	1	1:1	1	1	1:1
50	571	2855	2905	1	1	1:1	1	1	1:1
50	572	2860	2910	1	1	1:1	1	1	1:1
50	573	2865	2915	1	1	1:1	1	1	1:1
50	574	2870	2920	1	1	1:1	1	1	1:1
50	575	2875	2925	1	1	1:1	1	1	1:1
50	576	2880	2930	1	1	1:1	1	1	1:1
50	577	2885	2935	1	1	1:1	1	1	1:1
50	578	2890	2940	1	1	1:1	1	1	1:1
50	579	2895	2945	1	1	1:1	1	1	1:1
50	580	2900	2950	1	1	1:1	1	1	1:1
50	581	2905	2955	1	1	1:1	1	1	1:1
50	582	2910	2960	1	1	1:1	1	1	1:1
50	583	2915	2965	1	1	1:1	1	1	1:1
50	584	2920	2970	1	1	1:1	1	1	1:1
50	585	2925	2975	1	1	1:1	1	1	1:1
50	586	2930	2980	1	1	1:1	1	1	1:1
50	587	2935	2985	1	1	1:1	1	1	1:1
50	588	2940	2990	1	1	1:1	1	1	1:1
50	589	2945	2995	1	1	1:1	1	1	1:1
50	590	2950	3000	1	1	1:1	1	1	1:1
50	591	2955	3005	1	1	1:1	1	1	1:1
50	592	2960	3010	1	1	1:1	1	1	1:1
50	593	2965	3015	1	1	1:1	1	1	1:1
50	594	2970	3020	1	1	1:1	1	1	1:1
50	595	2975	3025	1	1	1:1	1	1	1:1
50	596	2980	3030	1	1	1:1	1	1	1:1
50	597	2985	3035	1	1	1:1	1	1	1:1
50	598	2990	3040	1	1	1:1	1	1	1:1
50	599	2995	3045	1	1	1:1	1	1	1:1
50	600	3000	3050	1	1	1:1	1	1	1:1
50	601	3005	3055	1	1	1:1	1	1	1:1
50	602	3010	3060	1	1	1:1	1	1	1:1
50	603	3015	3065	1	1	1:1	1	1	1:1
50	604	3020	3070	1	1	1:1	1	1	1:1
50	605	3025	3075	1	1	1:1	1	1	1:1
50	606	3030	3080	1	1	1:1	1	1	1:1
50	607	3035	3085	1	1	1:1	1	1	1:1
50	608	3040	3090	1	1	1:1	1	1	1:1
50	609	3045	3095	1	1	1:1	1	1	1:1
50	610	3050	3100	1	1	1:1	1	1	1:1
50	611	3055	3105	1	1	1:1	1	1	1:1
50	612	3060	3110	1	1	1:1	1	1	1:1
50	613	3065	3115	1	1	1:1	1	1	1:1
50	614	3070	3120	1	1	1:1	1	1	1:1
50	615	3075	3125	1	1	1:1	1	1	1:1
50	616	3080	3130	1	1	1:1	1	1	1:1
50	617	3085	3135	1	1	1:1	1	1	1:1
50	618	3090	3140	1	1	1:1	1	1	1:1
50	619	3095	3145	1	1	1:1	1	1	1:1
50	620	3100	3150	1	1	1:1	1	1	1:1
50	621	3105	3155	1	1	1:1	1	1	1:1
50	622	3110	3160	1	1	1:1	1	1	1:1
50	623	3115	3165	1	1	1:1	1	1	1:1
50	624	3120	3170	1	1	1:1	1	1	1:1
50	625	3125	3175	1	1	1:1	1	1	1:1
50	626	3130	3180	1	1	1:1	1	1	1:1
50	627	3135	3185	1	1	1:1	1	1	1:1
50	628	3140	3190	1	1	1:1	1	1	1:1
50	629	3145	3195	1	1	1:1	1	1	1:1
50	630	3150	3200	1	1	1:1	1	1	1:1
50	631	3155	3205	1	1	1:1	1	1	1:1
50	632	3160	3210	1	1	1:1	1	1	1:1
50	633	3165	3215	1	1	1:1	1	1	1:1
50	634	3170	3220	1	1	1:1	1	1	1:1
50	635	3175	3225	1	1	1:1	1	1	1:1
50	636	3180	3230	1	1	1:1	1	1	1:1
50	637	3185	3235	1	1	1:1	1	1	1:1
50	638	3190	3240	1	1	1:1	1	1	1:1
50	639	3195	3245	1	1	1:1	1	1	1:1
50	640	3200	3250	1	1	1:1	1	1	1:1
50	641	3205	3255	1	1	1:1	1	1	1:1
50	642	3210	3260	1	1	1:1	1	1	1:1
50	643	3215	3265	1	1	1:1	1	1	1:1
50	644	3220	3270	1	1	1:1	1	1	1:1
50	645	3225	3275	1	1	1:1	1	1	1:1
50	646	3230	3280	1	1	1:1	1	1	1:1
50	647	3235	3285	1	1	1:1	1	1	1:1
50	648	3240	3290	1	1	1:1	1	1	1:1
50	649	3245	3295	1	1	1:1	1	1	1:1
50	650	3250	3300	1	1	1:1	1	1	1:1
50	651	3255	3305	1	1	1:1	1	1	1:1
50	652	3260	3310	1	1	1:1	1	1	1:1
50	653	3265	3315	1	1	1:1	1	1	1:1
50	654	3270	3320	1	1	1:1	1	1	1:1
50	655	3275	3325	1	1	1:1	1	1	1:1
50	656	3280	3330	1	1	1:1	1	1	1:1
50	657	3285	3335	1	1	1:1	1	1	1:1
50	658	3290	3340	1	1	1:1	1	1	1:1
50	659	3295	3345	1	1	1:1	1	1	1:1
50	660	3300	3350	1	1	1:1	1	1	1:1
50	661	3305	3355	1	1	1:1	1	1	1:1
50	662	3310	3360	1	1	1:1	1	1	1:1
50	663	3315	3365	1	1	1:1	1	1	1:1
50	664	3320	3370	1	1	1:1	1	1	1:1
50	665	3325	3375	1	1	1:1	1	1	1:1
50	666	3330	3380	1	1	1:1	1	1	1:1
50	667	3335	3385	1	1	1:1	1	1	1:1
50	668	3340	3390	1	1	1:1	1	1	1:1
50	669	3345	3395	1	1	1:1	1	1	1:1
50	670	3350	3400	1	1	1:1	1	1	1:1
50	671	3355	3405	1	1	1:1	1	1	1:1
50	672	3360	3410	1	1	1:1	1	1	1:1
50	673	3365	3415	1	1	1:1	1	1	1:1
50	674	3370	3420	1	1	1:1	1	1	1:1
50	675	3375	3425	1	1	1:1	1	1	1:1
50	676	3380	3430	1	1	1:1	1	1	1:1
50	677	3385	3435	1	1	1:1	1	1	1:1
50	678	3390	3440	1	1	1:1	1	1	1:1
50	679	3395	3445	1	1	1:1	1	1	1:1
50	680	3400	3450	1	1	1:1	1	1	1:1
50	681	3405	3455	1	1	1:1	1	1	1:1
50	682	3410	3460	1	1	1:1	1	1	1:1
50	683	3415	3465	1	1	1:1	1	1	1:1
50	684	3420	3470	1	1	1:1	1	1	1:1
50	685	3425	3475	1	1	1:1	1	1	1:1
50	686	3430	3480	1	1	1:1	1	1	1:1
50	687	3435	3485	1	1	1:1	1	1	1:1
50	688	3440	3490	1	1	1:1	1	1	1:1
50	689	3445	3495	1	1	1:1	1	1	1:1
50	690	3450	3500	1	1	1:1	1	1	1:1
50	691	3455	3505	1	1	1:1	1	1	1:1
50	692	3460	3510	1	1	1:1	1	1	1:1
50	693	3465	3515	1	1	1:1	1	1	1:1
50	694	3470	3520	1	1	1:1	1	1	1:1
50	695	3475	3525	1	1	1:1	1	1	1:1
50	696	3480	3530	1	1	1:1	1	1	1:1
50	697	3485	3535	1	1	1:1	1	1	1:1
50	698	3490	3540	1	1	1:1	1	1	1:1
50	699	3495	3545	1	1	1:1	1	1	1:1
50	700	3500	3550	1	1	1:1	1	1	1:1
50	701	3505	3555	1	1	1:1	1	1	1:1
50	702	3510	3560	1	1	1:1	1	1	1:1
50	703	3515	3565	1	1	1:1	1	1	1:1
50	704	3520	3570	1	1	1:1	1	1	1:1
50	705	3525	3575	1	1	1:1	1	1	1:1
50	706	3530	3580	1	1	1:1	1	1	1:1
50	707	3535	3585	1	1	1:1	1	1	1:1
50	708	3540	3590	1	1	1:1	1	1	1:1
50	709	3545	3595	1	1	1:1	1	1	1:1
50	710	3550	3600	1	1	1:1	1	1	1:1
50	711	3555	3605	1	1	1:1	1	1	1:1
50	712	3560	3610	1	1	1:1	1	1	1:1
50	713	3565	3615	1	1	1:1	1	1	1:1
50	714	3570	3620	1	1	1:1	1	1	1:1
50	715	3575	3625	1	1	1:1	1	1	1:1
50	716	3580	3630	1	1	1:1	1	1	1:1
50	717	3585	3635	1	1	1:1	1	1	1:1
50	718	3590	3640	1	1	1:1	1	1	1:1
50	719	3595	3645	1	1	1:1	1	1	1:1
50	720	3600	3650	1	1	1:1	1	1	1:1
50	721	3605	3655	1	1	1:1	1	1	1:1
50	722	3610	3660	1	1	1:1	1	1	1:1
50	723	3615	3665	1	1	1:1	1	1	1:1
50	724	3620	3670	1	1	1:1	1	1	1:1
50	725	3625	3675	1	1	1:1	1	1	1:1
50	726	3630	3680	1	1	1:1	1	1	1:1
50	727	3635	3685	1	1	1:1	1	1	1:1
50	728	3640	3690	1	1	1:1	1	1	1:1
50	729	3645	3695	1	1	1:1	1	1	1:1
50	730	3650	3700	1	1	1:1	1	1	1:1
50	731	3655	3705	1	1	1:1	1	1	1:1
50	732	3660	3710	1	1	1:1	1	1	1:1
50	733	3665	3715	1	1	1:1	1	1	1:1
50	734	3670	3720	1	1	1:1	1	1	1:1
50	735	3675	3725	1	1	1:1	1	1	1:1
50	736	3680	3730	1	1	1:1	1	1	1:1
50	737	3685	3735	1	1	1:1	1	1	1:1
50	738	3690	3740	1	1	1:1	1	1	1:1
50	739	3695	3745	1	1	1:1	1	1	1:1
50	740	3700	3750	1	1	1:1	1	1	1:1
50	741	3705	3755	1	1	1:1	1	1	1:1
50	742	3710	3760	1	1	1:1	1	1	1:1
50	743	3715	3765	1	1	1:1	1	1	1:1
50	744	3720	3770	1	1	1:1	1	1	1:1
50	745	3725	3775	1	1	1:1	1	1	1:1
50	746	3730	3780	1	1	1:1	1	1	1:1
50	747	3735	3785	1	1	1:1	1	1	1:1
50	748	3740	3790	1	1	1:1	1	1	1:1
50	749	3745	3795	1	1	1:1	1	1	1:1
50	750	3750	3800	1	1	1:1	1	1	1:1
50	751	3755	3805	1	1	1:1	1	1	1:1
50	752	3760	3810	1	1	1:1	1	1	1:1
50	753	3765	3815	1	1	1:1	1	1	1:1
50	754	3770	3820	1	1	1:1	1	1	1:1
50	755	3775	3825	1	1	1:1	1	1	1:1
50	756	3780	3830	1	1	1:1	1	1	1:1
50	757	3785	3835	1	1	1:1	1	1	1:1
50	758	3790	3840	1	1	1:1	1	1	1:1
50	759	3795	3845	1	1	1:1	1	1	1:1
50	760	3800	3850	1	1	1:1	1	1	1:1
50	761	3805	3855	1	1	1:1	1	1	1:1
50	762	3810	3860	1	1	1:1	1	1	1:1
50	763	3815	3865	1	1	1:1	1	1	1:1
50	764	3820	3870	1	1	1:1	1	1	1:1
50	765	3825	3875	1	1	1:1	1	1	1:1
50	766	3830	3880	1	1	1:1	1	1	1:1
50	767	3835	3885	1	1	1:1	1	1	1:1
50	768	3840	3890	1	1	1:1	1	1	1:1
50	769	3845	3895	1	1	1:1	1	1	1:1
50	770	3850	3900	1	1	1:1	1	1	1:1
50	771	3855	3905	1	1	1:1	1	1	1:1
50	772	3860	3910	1	1	1:1	1	1	1:1
50	773	3865	3915	1	1	1:1	1	1	1:1
50	774	3870	3920	1	1	1:1	1	1	1:1
50	775	3875	3925	1	1	1:1	1	1	1:1
50	776	3880	3930	1	1	1:1	1	1	1:1
50	777	3885	3935	1	1	1:1	1	1	1:1
50	778	3890	3940	1	1	1:1	1	1	1:1
50	779	3895	3945	1	1	1:1	1	1	1:1
50	780	3900	3950	1	1	1:1	1	1	1:1
50	781	3905	3955	1	1	1:1	1	1	1:1
50	782	3910	3960	1	1	1:1	1	1	1:1
50	783	3915	3965	1	1	1:1	1	1	1:1
50	784	3920	3970	1	1	1:1	1	1	1:1
50	785	3925	3975	1	1	1:1	1	1	1:1
50	786	3930	3980	1	1	1:1	1	1	1:1
50	787	3935	3985	1	1	1:1	1	1	1:1
50	788	3940	3990	1	1	1:1	1	1	1:1
50	789	3945	3995	1	1	1:1	1	1	1:1
50	790	3950	4000	1	1	1:1	1	1	1:1
50	791	3955	4005	1	1	1:1	1	1	1:1
50	792	3960	4010	1	1	1:1	1	1	1:1
50	793	3965	4015	1	1	1:1	1	1	1:1
50	794	3970	4020	1	1	1:1	1	1	1:1
50	795	3975	4025	1	1	1:1	1	1	1:1
50	796	3980	4030	1	1	1:1	1	1	1:1
50	797	3985	4035	1	1	1:1	1	1	1:1
50	798	3990	4040	1	1	1:1	1	1	1:1
50	799	3995	4045	1	1	1:1	1	1	1:1
50	800	4000	4050	1	1	1:1	1	1	1:1
50	801	4005	4055	1	1	1:1	1	1	1:1
50	802	4010	4060	1	1	1:1	1	1	1:1
50	803	4015	4065	1	1	1:1	1	1	1:1
50	804	4020	4070	1	1	1:1	1	1	1:1
50	805	4025	4075	1	1	1:1	1	1	1:1
50	806	4030	4080	1	1	1:1	1	1	1:1
50	807	4035	4085	1	1	1:1	1	1	1:1
50	808	4040	4090	1	1	1:1	1	1	1:1
50	809	4045	4095	1	1	1:1	1	1	1:1
50	810	4050	4100	1	1	1:1	1	1	1:1
50	811	4055	4105	1	1	1:1	1	1	1:1
50	812	4060	4110	1	1	1:1	1	1	1:1
50	813	4065	4115	1	1	1:1	1	1	1:1
50	814	4070	4120	1	1	1:1	1	1	1:1
50	815	4075	4125	1	1	1:1	1	1	1:1
50	816	4080	4130	1	1	1:1	1	1	1:1
50	817	4085	4135	1	1	1:1	1	1	1:1
50	818	4090	4140	1	1	1:1	1	1	1:1
50	819	4095	4145	1	1	1:1	1	1	1:1
50	820	4100	4150	1	0.9	1:0.9,2:0.1	1	0.9	1:0.9,2:0.1
50	821	4105	4155	1	0.8	1:0.8,2:0.2	1	0.8	1:0.8,2:0.2
50	822	4110	4160	1	0.7	1:0.7,2:0.3	1	0.7	1:0.7,2:0.3
50	823	4115	4165	1	0.6	1:0.6,2:0.4	1	0.6	1:0.6,2:0.4
50	824	4120	4170	1	0.5	1:0.5,2:0.5	1	0.5	1:0.5,2:0.5
50	825	4125	4175	2	0.6	1:0.4,2:0.6	2	0.6	1:0.4,2:0.6
50	826	4130	4180	2	0.7	1:0.3,2:0.7	2	0.7	1:0.3,2:0.7
50	827	4135	4185	2	0.8	1:0.2,2:0.8	2	0.8	1:0.2,2:0.8
50	828	4140	4190	2	0.9	1:0.1,2:0.9	2	0.9	1:0.1,2:0.9
50	829	4145	4195	2	1	2:1	2	1	2:1
50	830	4150	4200	2	1	2:1	2	1	2:1
50	831	4155	4205	2	1	2:1	2	1	2:1
50	832	4160	4210	2	1	2:1	2	1	2:1
50	833	4165	4215	2	1	2:1	2	1	2:1
50	834	4170	4220	2	1	2:1	2	1	2:1
50	835	4175	4225	2	1	2:1	2	1	2:1
50	836	4180	4230	2	1	2:1	2	1	2:1
50	837	4185	4235	2	1	2:1	2	1	2:1
50	838	4190	4240	2	1	2:1	2	1	2:1
50	839	4195	4245	2	1	2:1	2	1	2:1
50	840	4200	4250	2	1	2:1	2	1	2:1
50	841	4205	4255	2	1	2:1	2	1	2:1
50	842	4210	4260	2	1	2:1	2	1	2:1
50	843	4215	4265	2	1	2:1	2	1	2:1
50	844	4220	4270	2	1	2:1	2	1	2:1
50	845	4225	4275	2	1	2:1	2	1	2:1
50	846	4230	4280	2	1	2:1	2	1	2:1
50	847	4235	4285	2	1	2:1	2	1	2:1
50	848	4240	4290	2	1	2:1	2	1	2:1
50	849	4245	4295	2	1	2:1	2	1	2:1
50	850	4250	4300	2	1	2:1	2	1	2:1
50	851	4255	4305	2	1	2:1	2	1	2:1
50	852	4260	4310	2	1	2:1	2	1	2:1
50	853	4265	4315	2	1	2:1	2	1	2:1
50	854	4270	4320	2	1	2:1	2	1	2:1
50	855	4275	4325	2	1	2:1	2	1	2:1
50	856	4280	4330	2	0.96	1:0.04,2:0.96	2	0.96	1:0.04,2:0.96
50	857	4285	4335	2	0.86	1:0.14,2:0.86	2	0.86	1:0.14,2:0.86
50	858	4290	4340	2	0.76	1:0.24,2:0.76	2	0.76	1:0.24,2:0.76
50	859	4295	4345	2	0.66	1:0.34,2:0.66	2	0.66	1:0.34,2:0.66
50	860	4300	4350	2	0.56	1:0.44,2:0.56	2	0.56	1:0.44,2:0.56
50	861	4305	4355	1	0.54	1:0.54,2:0.46	1	0.54	1:0.54,2:0.46
50	862	4310	4360	1	0.64	1:0.64,2:0.36	1	0.64	1:0.64,2:0.36
50	863	4315	4365	1	0.74	1:0.74,2:0.26	1	0.74	1:0.74,2:0.26
50	864	4320	4370	1	0.84	1:0.84,2:0.16	1	0.84	1:0.84,2:0.16
50	865	4325	4375	1	0.94	1:0.94,2:0.06	1	0.94	1:0.94,2:0.06
50	866	4330	4380	1	1	1:1	1	1	1:1
50	867	4335	4385	1	1	1:1	1	1	1:1
50	868	4340	4390	1	1	1:1	1	1	1:1
50	869	4345	4395	1	1	1:1	1	1	1:1
50	870	4350	4400	1	1	1:1	1	1	1:1
50	871	4355	4405	1	1	1:1	1	1	1:1
50	872	4360	4410	1	1	1:1	1	1	1:1
50	873	4365	4415	1	1	1:1	1	1	1:1
50	874	4370	4420	1	1	1:1	1	1	1:1
50	875	4375	4425	1	1	1:1	1	1	1:1
50	876	4380	4430	1	1	1:1	1	1	1:1
50	877	4385	4435	1	1	1:1	1	1	1:1
50	878	4390	4440	1	1	1:1	1	1	1:1
50	879	4395	4445	1	1	1:1	1	1	1:1
50	880	4400	4450	1	1	1:1	1	1	1:1
50	881	4405	4455	1	1	1:1	1	1	1:1
50	882	4410	4460	1	1	1:1	1	1	1:1
50	883	4415	4465	1	1	1:1	1	1	1:1
50	884	4420	4470	1	1	1:1	1	1	1:1
50	885	4425	4475	1	1	1:1	1	1	1:1
50	886	4430	4480	1	1	1:1	1	1	1:1
50	887	4435	4485	1	1	1:1	1	1	1:1
50	888	4440	4490	1	1	1:1	1	1	1:1
50	889	4445	4495	1	1	1:1	1	1	1:1
50	890	4450	4500	1	1	1:1	1	1	1:1
50	891	4455	4505	1	1	1:1	1	1	1:1
50	892	4460	4510	1	1	1:1	1	1	1:1
50	893	4465	4515	1	1	1:1	1	1	1:1
50	894	4470	4520	1	1	1:1	1	1	1:1
50	895	4475	4525	1	1	1:1	1	1	1:1
50	896	4480	4530	1	1	1:1	1	1	1:1
50	897	4485	4535	1	1	1:1	1	1	1:1
50	898	4490	4540	1	1	1:1	1	1	1:1
50	899	4495	4545	1	1	1:1	1	1	1:1
50	900	4500	4550	1	1	1:1	1	1	1:1
50	901	4505	4555	1	1	1:1	1	1	1:1
50	902	4510	4560	1	1	1:1	1	1	1:1
50	903	4515	4565	1	1	1:1	1	1	1:1
50	904	4520	4570	1	1	1:1	1	1	1:1
50	905	4525	4575	1	1	1:1	1	1	1:1
50	906	4530	4580	1	1	1:1	1	1	1:1
50	907	4535	4585	1	1	1:1	1	1	1:1
50	908	4540	4590	1	1	1:1	1	1	1:1
50	909	4545	4595	1	1	1:1	1	1	1:1
50	910	4550	4600	1	1	1:1	1	1	1:1
50	911	4555	4605	1	1	1:1	1	1	1:1
50	912	4560	4610	1	1	1:1	1	1	1:1
50	913	4565	4615	1	1	1:1	1	1	1:1
50	914	4570	4620	1	1	1:1	1	1	1:1
50	915	4575	4625	1	1	1:1	1	1	1:1
50	916	4580	4630	1	1	1:1	1	1	1:1
50	917	4585	4635	1	1	1:1	1	1	1:1
50	918	4590	4640	1	1	1:1	1	1	1:1
50	919	4595	4645	1	1	1:1	1	1	1:1
50	920	4600	4650	1	1	1:1	1	1	1:1
50	921	4605	4655	1	1	1:1	1	1	1:1
50	922	4610	4660	1	1	1:1	1	1	1:1
50	923	4615	4665	1	1	1:1	1	1	1:1
50	924	4620	4670	1	1	1:1	1	1	1:1
50	925	4625	4675	1	1	1:1	1	1	1:1
50	926	4630	4680	1	1	1:1	1	1	1:1
50	927	4635	4685	1	1	1:1	1	1	1:1
50	928	4640	4690	1	1	1:1	1	1	1:1
50	929	4645	4695	1	1	1:1	1	1	1:1
50	930	4650	4700	1	1	1:1	1	1	1:1
50	931	4655	4705	1	1	1:1	1	1	1:1
50	932	4660	4710	1	1	1:1	1	1	1:1
50	933	4665	4715	1	1	1:1	1	1	1:1
50	934	4670	4720	1	1	1:1	1	1	1:1
50	935	4675	4725	1	1	1:1	1	1	1:1
50	936	4680	4730	1	1	1:1	1	1	1:1
50	937	4685	4735	1	1	1:1	1	1	1:1
50	938	4690	4740	1	1	1:1	1	1	1:1
50	939	4695	4745	1	1	1:1	1	1	1:1
50	940	4700	4750	1	1	1:1	1	1	1:1
50	941	4705	4755	1	1	1:1	1	1	1:1
50	942	4710	4760	1	1	1:1	1	1	1:1
50	943	4715	4765	1	1	1:1	1	1	1:1
50	944	4720	4770	1	1	1:1	1	1	1:1
50	945	4725	4775	1	1	1:1	1	1	1:1
50	946	4730	4780	1	1	1:1	1	1	1:1
50	947	4735	4785	1	1	1:1	1	1	1:1
50	948	4740	4790	1	1	1:1	1	1	1:1
50	949	4745	4795	1	1	1:1	1	1	1:1
50	950	4750	4800	1	1	1:1	1	1	1:1
50	951	4755	4805	1	1	1:1	1	1	1:1
50	952	4760	4810	1	1	1:1	1	1	1:1
50	953	4765	4815	1	1	1:1	1	1	1:1
50	954	4770	4820	1	1	1:1	1	1	1:1
50	955	4775	4825	1	1	1:1	1	1	1:1
50	956	4780	4830	1	1	1:1	1	1	1:1
50	957	4785	4835	1	1	1:1	1	1	1:1
50	958	4790	4840	1	1	1:1	1	1	1:1
50	959	4795	4845	1	1	1:1	1	1	1:1
50	960	4800	4850	1	1	1:1	1	1	1:1
50	961	4805	4855	1	1	1:1	1	1	1:1
50	962	4810	4860	1	1	1:1	1	1	1:1
50	963	4815	4865	1	1	1:1	1	1	1:1
50	964	4820	4870	1	1	1:1	1	1	1:1
50	965	4825	4875	1	1	1:1	1	1	1:1
50	966	4830	4880	1	1	1:1	1	1	1:1
50	967	4835	4885	1	1	1:1	1	1	1:1
50	968	4840	4890	1	1	1:1	1	1	1:1
50	969	4845	4895	1	1	1:1	1	1	1:1
50	970	4850	4900	1	1	1:1	1	1	1:1
50	971	4855	4905	1	1	1:1	1	1	1:1
50	972	4860	4910	1	1	1:1	1	1	1:1
50	973	4865	4915	1	1	1:1	1	1	1:1
50	974	4870	4920	1	1	1:1	1	1	1:1
50	975	4875	4925	1	1	1:1	1	1	1:1
50	976	4880	4930	1	1	1:1	1	1	1:1
50	977	4885	4935	1	1	1:1	1	1	1:1
50	978	4890	4940	1	1	1:1	1	1	1:1
50	979	4895	4945	1	0.9	1:0.9,2:0.1	1	0.9	1:0.9,2:0.1
50	980	4900	4950	1	0.8	1:0.8,2:0.2	1	0.8	1:0.8,2:0.2
50	981	4905	4955	1	0.7	1:0.7,2:0.3	1	0.7	1:0.7,2:0.3
50	982	4910	4960	1	0.6	1:0.6,2:0.4	1	0.6	1:0.6,2:0.4
50	983	4915	4965	1	0.5	1:0.5,2:0.5	1	0.5	1:0.5,2:0.5
50	984	4920	4970	2	0.6	1:0.4,2:0.6	2	0.6	1:0.4,2:0.6
50	985	4925	4975	2	0.7	1:0.3,2:0.7	2	0.7	1:0.3,2:0.7
50	986	4930	4980	2	0.8	1:0.2,2:0.8	2	0.8	1:0.2,2:0.8
50	987	4935	4985	2	0.9	1:0.1,2:0.9	2	0.9	1:0.1,2:0.9
50	988	4940	4990	2	1	2:1	2	1	2:1
50	989	4945	4995	2	1	2:1	2	1	2:1
50	990	4950	5000	2	1	2:1	2	1	2:1
50	991	4955	5005	2	1	2:1	2	1	2:1
50	992	4960	5010	2	1	2:1	2	1	2:1
50	993	4965	5015	2	1	2:1	2	1	2:1
50	994	4970	5020	2	1	2:1	2	1	2:1
50	995	4975	5025	2	1	2:1	2	1	2:1
50	996	4980	5030	2	1	2:1	2	1	2:1
50	997	4985	5035	2	1	2:1	2	1	2:1
50	998	4990	5040	2	1	2:1	2	1	2:1
50	999	4995	5045	2	1	2:1	2	1	2:1
50	1000	5000	5050	2	1	2:1	2	1	2:1
50	1001	5005	5055	2	1	2:1	2	1	2:1
50	1002	5010	5060	2	1	2:1	2	1	2:1
50	1003	5015	5065	2	1	2:1	2	1	2:1
50	1004	5020	5070	2	1	2:1	2	1	2:1
50	1005	5025	5075	2	1	2:1	2	1	2:1
50	1006	5030	5080	2	1	2:1	2	1	2:1
50	1007	5035	5085	2	1	2:1	2	1	2:1
50	1008	5040	5090	2	1	2:1	2	1	2:1
50	1009	5045	5095	2	1	2:1	2	1	2:1
50	1010	5050	5100	2	1	2:1	2	1	2:1
50	1011	5055	5105	2	1	2:1	2	1	2:1
50	1012	5060	5110	2	1	2:1	2	1	2:1
50	1013	5065	5115	2	1	2:1	2	1	2:1
50	1014	5070	5120	2	1	2:1	2	1	2:1
50	1015	5075	5125	2	1	2:1	2	1	2:1
50	1016	5080	5130	2	1	2:1	2	1	2:1
50	1017	5085	5135	2	1	2:1	2	1	2:1
50	1018	5090	5140	2	1	2:1	2	1	2:1
50	1019	5095	5145	2	1	2:1	2	1	2:1
50	1020	5100	5150	2	1	2:1	2	1	2:1
50	1021	5105	5155	2	0.96	1:0.04,2:0.96	2	0.96	1:0.04,2:0.96
50	1022	5110	5160	2	0.86	1:0.14,2:0.86	2	0.86	1:0.14,2:0.86
50	1023	5115	5165	2	0.76	1:0.24,2:0.76	2	0.76	1:0.24,2:0.76
50	1024	5120	5170	2	0.66	1:0.34,2:0.66	2	0.66	1:0.34,2:0.66
50	1025	5125	5175	2	0.56	1:0.44,2:0.56	2	0.56	1:0.44,2:0.56
50	1026	5130	5180	1	0.54	1:0.54,2:0.46	1	0.54	1:0.54,2:0.46
50	1027	5135	5185	1	0.64	1:0.64,2:0.36	1	0.64	1:0.64,2:0.36
50	1028	5140	5190	1	0.74	1:0.74,2:0.26	1	0.74	1:0.74,2:0.26
50	1029	5145	5195	1	0.84	1:0.84,2:0.16	1	0.84	1:0.84,2:0.16
50	1030	5150	5200	1	0.94	1:0.94,2:0.06	1	0.94	1:0.94,2:0.06
50	1031	5155	5205	1	1	1:1	1	1	1:1
50	1032	5160	5210	1	1	1:1	1	1	1:1
50	1033	5165	5215	1	1	1:1	1	1	1:1
50	1034	5170	5220	1	1	1:1	1	1	1:1
50	1035	5175	5225	1	1	1:1	1	1	1:1
50	1036	5180	5230	1	1	1:1	1	1	1:1
50	1037	5185	5235	1	1	1:1	1	1	1:1
50	1038	5190	5240	1	1	1:1	1	1	1:1
50	1039	5195	5245	1	1	1:1	1	1	1:1
50	1040	5200	5250	1	1	1:1	1	1	1:1
50	1041	5205	5255	1	1	1:1	1	1	1:1
50	1042	5210	5260	1	1	1:1	1	1	1:1
50	1043	5215	5265	1	1	1:1	1	1	1:1
50	1044	5220	5270	1	1	1:1	1	1	1:1
50	1045	5225	5275	1	1	1:1	1	1	1:1
50	1046	5230	5280	1	1	1:1	1	1	1:1
50	1047	5235	5285	1	1	1:1	1	1	1:1
50	1048	5240	5290	1	1	1:1	1	1	1:1
50	1049	5245	5295	1	1	1:1	1	1	1:1
50	1050	5250	5300	1	1	1:1	1	1	1:1
50	1051	5255	5305	1	1	1:1	1	1	1:1
50	1052	5260	5310	1	1	1:1	1	1	1:1
50	1053	5265	5315	1	1	1:1	1	1	1:1
50	1054	5270	5320	1	0.96	1:0.96,2:0.04	1	0.96	1:0.96,2:0.04
50	1055	5275	5325	1	0.86	1:0.86,2:0.14	1	0.86	1:0.86,2:0.14
50	1056	5280	5330	1	0.76	1:0.76,2:0.24	1	0.76	1:0.76,2:0.24
50	1057	5285	5335	1	0.66	1:0.66,2:0.34	1	0.66	1:0.66,2:0.34
50	1058	5290	5340	1	0.56	1:0.56,2:0.44	1	0.56	1:0.56,2:0.44
50	1059	5295	5345	2	0.54	1:0.46,2:0.54	2	0.54	1:0.46,2:0.54
50	1060	5300	5350	2	0.64	1:0.36,2:0.64	2	0.64	1:0.36,2:0.64
50	1061	5305	5355	2	0.74	1:0.26,2:0.74	2	0.74	1:0.26,2:0.74
50	1062	5310	5360	2	0.84	1:0.16,2:0.84	2	0.84	1:0.16,2:0.84
50	1063	5315	5365	2	0.94	1:0.06,2:0.94	2	0.94	1:0.06,2:0.94
50	1064	5320	5370	2	1	2:1	2	1	2:1
50	1065	5325	5375	2	1	2:1	2	1	2:1
50	1066	5330	5380	2	1	2:1	2	1	2:1
50	1067	5335	5385	2	1	2:1	2	1	2:1
50	1068	5340	5390	2	1	2:1	2	1	2:1
50	1069	5345	5395	2	1	2:1	2	1	2:1
50	1070	5350	5400	2	1	2:1	2	1	2:1
50	1071	5355	5405	2	1	2:1	2	1	2:1
50	1072	5360	5410	2	1	2:1	2	1	2:1
50	1073	5365	5415	2	1	2:1	2	1	2:1
50	1074	5370	5420	2	1	2:1	2	1	2:1
50	1075	5375	5425	2	1	2:1	2	1	2:1
50	1076	5380	5430	2	1	2:1	2	1	2:1
50	1077	5385	5435	2	1	2:1	2	1	2:1
50	1078	5390	5440	2	1	2:1	2	1	2:1
50	1079	5395	5445	2	1	2:1	2	1	2:1
50	1080	5400	5450	2	1	2:1	2	1	2:1
50	1081	5405	5455	2	1	2:1	2	1	2:1
50	1082	5410	5460	2	1	2:1	2	1	2:1
50	1083	5415	5465	2	1	2:1	2	1	2:1
50	1084	5420	5470	2	1	2:1	2	1	2:1
50	1085	5425	5475	2	1	2:1	2	1	2:1
50	1086	5430	5480	2	1	2:1	2	1	2:1
50	1087	5435	5485	2	1	2:1	2	1	2:1
50	1088	5440	5490	2	1	2:1	2	1	2:1
50	1089	5445	5495	2	1	2:1	2	1	2:1
50	1090	5450	5500	2	1	2:1	2	1	2:1
50	1091	5455	5505	2	1	2:1	2	1	2:1
50	1092	5460	5510	2	1	2:1	2	1	2:1
50	1093	5465	5515	2	1	2:1	2	1	2:1
50	1094	5470	5520	2	1	2:1	2	1	2:1
50	1095	5475	5525	2	1	2:1	2	1	2:1
50	1096	5480	5530	2	1	2:1	2	1	2:1
50	1097	5485	5535	2	1	2:1	2	1	2:1
50	1098	5490	5540	2	1	2:1	2	1	2:1
50	1099	5495	5545	2	1	2:1	2	1	2:1
50	1100	5500	5550	2	1	2:1	2	1	2:1
50	1101	5505	5555	2	1	2:1	2	1	2:1
50	1102	5510	5560	2	1	2:1	2	1	2:1
50	1103	5515	5565	2	1	2:1	2	1	2:1
50	1104	5520	5570	2	1	2:1	2	1	2:1
50	1105	5525	5575	2	1	2:1	2	1	2:1
50	1106	5530	5580	2	1	2:1	2	1	2:1
50	1107	5535	5585	2	1	2:1	2	1	2:1
50	1108	5540	5590	2	1	2:1	2	1	2:1
50	1109	5545	5595	2	1	2:1	2	1	2:1
50	1110	5550	5600	2	1	2:1	2	1	2:1
50	1111	5555	5605	2	1	2:1	2	1	2:1
50	1112	5560	5610	2	1	2:1	2	1	2:1
50	1113	5565	5615	2	1	2:1	2	1	2:1
50	1114	5570	5620	2	1	2:1	2	1	2:1
50	1115	5575	5625	2	1	2:1	2	1	2:1
50	1116	5580	5630	2	1	2:1	2	1	2:1
50	1117	5585	5635	2	1	2:1	2	1	2:1
50	1118	5590	5640	2	1	2:1	2	1	2:1
50	1119	5595	5645	2	1	2:1	2	1	2:1
50	1120	5600	5650	2	1	2:1	2	1	2:1
50	1121	5605	5655	2	1	2:1	2	1	2:1
50	1122	5610	5660	2	1	2:1	2	1	2:1
50	1123	5615	5665	2	1	2:1	2	1	2:1
50	1124	5620	5670	2	1	2:1	2	1	2:1
50	1125	5625	5675	2	1	2:1	2	1	2:1
50	1126	5630	5680	2	1	2:1	2	1	2:1
50	1127	5635	5685	2	1	2:1	2	1	2:1
50	1128	5640	5690	2	1	2:1	2	1	2:1
50	1129	5645	5695	2	1	2:1	2	1	2:1
50	1130	5650	5700	2	1	2:1	2	1	2:1
50	1131	5655	5705	2	1	2:1	2	1	2:1
50	1132	5660	5710	2	1	2:1	2	1	2:1
50	1133	5665	5715	2	1	2:1	2	1	2:1
50	1134	5670	5720	2	1	2:1	2	1	2:1
50	1135	5675	5725	2	1	2:1	2	1	2:1
50	1136	5680	5730	2	1	2:1	2	1	2:1
50	1137	5685	5735	2	1	2:1	2	1	2:1
50	1138	5690	5740	2	1	2:1	2	1	2:1
50	1139	5695	5745	2	1	2:1	2	1	2:1
50	1140	5700	5750	2	1	2:1	2	1	2:1
50	1141	5705	5755	2	1	2:1	2	1	2:1
50	1142	5710	5760	2	1	2:1	2	1	2:1
50	1143	5715	5765	2	1	2:1	2	1	2:1
50	1144	5720	5770	2	1	2:1	2	1	2:1
50	1145	5725	5775	2	0.94	1:0.06,2:0.94	2	0.94	1:0.06,2:0.94
50	1146	5730	5780	2	0.84	1:0.16,2:0.84	2	0.84	1:0.16,2:0.84
50	1147	5735	5785	2	0.74	1:0.26,2:0.74	2	0.74	1:0.26,2:0.74
50	1148	5740	5790	2	0.64	1:0.36,2:0.64	2	0.64	1:0.36,2:0.64
50	1149	5745	5795	2	0.54	1:0.46,2:0.54	2	0.54	1:0.46,2:0.54
50	1150	5750	5800	1	0.56	1:0.56,2:0.44	1	0.56	1:0.56,2:0.44
50	1151	5755	5805	1	0.66	1:0.66,2:0.34	1	0.66	1:0.66,2:0.34
50	1152	5760	5810	1	0.76	1:0.76,2:0.24	1	0.76	1:0.76,2:0.24
50	1153	5765	5815	1	0.86	1:0.86,2:0.14	1	0.86	1:0.86,2:0.14
50	1154	5770	5820	1	0.96	1:0.96,2:0.04	1	0.96	1:0.96,2:0.04
50	1155	5775	5825	1	1	1:1	1	1	1:1
50	1156	5780	5830	1	1	1:1	1	1	1:1
50	1157	5785	5835	1	1	1:1	1	1	1:1
50	1158	5790	5840	1	1	1:1	1	1	1:1
50	1159	5795	5845	1	1	1:1	1	1	1:1
50	1160	5800	5850	1	1	1:1	1	1	1:1
50	1161	5805	5855	1	1	1:1	1	1	1:1
50	1162	5810	5860	1	1	1:1	1	1	1:1
50	1163	5815	5865	1	1	1:1	1	1	1:1
50	1164	5820	5870	1	1	1:1	1	1	1:1
50	1165	5825	5875	1	1	1:1	1	1	1:1
50	1166	5830	5880	1	1	1:1	1	1	1:1
50	1167	5835	5885	1	1	1:1	1	1	1:1
50	1168	5840	5890	1	1	1:1	1	1	1:1
50	1169	5845	5895	1	1	1:1	1	1	1:1
50	1170	5850	5900	1	1	1:1	1	1	1:1
50	1171	5855	5905	1	1	1:1	1	1	1:1
50	1172	5860	5910	1	1	1:1	1	1	1:1
50	1173	5865	5915	1	1	1:1	1	1	1:1
50	1174	5870	5920	1	1	1:1	1	1	1:1
50	1175	5875	5925	1	1	1:1	1	1	1:1
50	1176	5880	5930	1	1	1:1	1	1	1:1
50	1177	5885	5935	1	1	1:1	1	1	1:1
50	1178	5890	5940	1	1	1:1	1	1	1:1
50	1179	5895	5945	1	1	1:1	1	1	1:1
50	1180	5900	5950	1	1	1:1	1	1	1:1
50	1181	5905	5955	1	1	1:1	1	1	1:1
50	1182	5910	5960	1	1	1:1	1	1	1:1
50	1183	5915	5965	1	1	1:1	1	1	1:1
50	1184	5920	5970	1	1	1:1	1	1	1:1
50	1185	5925	5975	1	1	1:1	1	1	1:1
50	1186	5930	5980	1	1	1:1	1	1	1:1
50	1187	5935	5985	1	1	1:1	1	1	1:1
50	1188	5940	5990	1	1	1:1	1	1	1:1
50	1189	5945	5995	1	1	1:1	1	1	1:1
50	1190	5950	6000	1	1	1:1	1	1	1:1
50	1191	5955	6005	1	1	1:1	1	1	1:1
50	1192	5960	6010	1	1	1:1	1	1	1:1
50	1193	5965	6015	1	1	1:1	1	1	1:1
50	1194	5970	6020	1	1	1:1	1	1	1:1
50	1195	5975	6025	1	1	1:1	1	1	1:1
50	1196	5980	6030	1	1	1:1	1	1	1:1
50	1197	5985	6035	1	1	1:1	1	1	1:1
50	1198	5990	6040	1	1	1:1	1	1	1:1
50	1199	5995	6045	1	1	1:1	1	1	1:1
50	1200	6000	6050	1	1	1:1	1	1	1:1
50	1201	6005	6055	1	1	1:1	1	1	1:1
50	1202	6010	6060	1	1	1:1	1	1	1:1
50	1203	6015	6065	1	1	1:1	1	1	1:1
50	1204	6020	6070	1	1	1:1	1	1	1:1
50	1205	6025	6075	1	1	1:1	1	1	1:1
50	1206	6030	6080	1	1	1:1	1	1	1:1
50	1207	6035	6085	1	1	1:1	1	1	1:1
50	1208	6040	6090	1	1	1:1	1	1	1:1
50	1209	6045	6095	1	1	1:1	1	1	1:1
50	1210	6050	6100	1	1	1:1	1	1	1:1
50	1211	6055	6105	1	1	1:1	1	1	1:1
50	1212	6060	6110	1	1	1:1	1	1	1:1
50	1213	6065	6115	1	1	1:1	1	1	1:1
50	1214	6070	6120	1	1	1:1	1	1	1:1
50	1215	6075	6125	1	1	1:1	1	1	1:1
50	1216	6080	6130	1	1	1:1	1	1	1:1
50	1217	6085	6135	1	1	1:1	1	1	1:1
50	1218	6090	6140	1	1	1:1	1	1	1:1
50	1219	6095	6145	1	1	1:1	1	1	1:1
50	1220	6100	6150	1	1	1:1	1	1	1:1
50	1221	6105	6155	1	1	1:1	1	1	1:1
50	1222	6110	6160	1	1	1:1	1	1	1:1
50	1223	6115	6165	1	1	1:1	1	1	1:1
50	1224	6120	6170	1	1	1:1	1	1	1:1
50	1225	6125	6175	1	1	1:1	1	1	1:1
50	1226	6130	6180	1	1	1:1	1	1	1:1
50	1227	6135	6185	1	1	1:1	1	1	1:1
50	1228	6140	6190	1	1	1:1	1	1	1:1
50	1229	6145	6195	1	1	1:1	1	1	1:1
50	1230	6150	6200	1	1	1:1	1	1	1:1
50	1231	6155	6205	1	1	1:1	1	1	1:1
50	1232	6160	6210	1	1	1:1	1	1	1:1
50	1233	6165	6215	1	1	1:1	1	1	1:1
50	1234	6170	6220	1	1	1:1	1	1	1:1
50	1235	6175	6225	1	1	1:1	1	1	1:1
50	1236	6180	6230	1	1	1:1	1	1	1:1
50	1237	6185	6235	1	1	1:1	1	1	1:1
50	1238	6190	6240	1	1	1:1	1	1	1:1
50	1239	6195	6245	1	1	1:1	1	1	1:1
50	1240	6200	6250	1	1	1:1	1	1	1:1
50	1241	6205	6255	1	1	1:1	1	1	1:1
50	1242	6210	6260	1	1	1:1	1	1	1:1
50	1243	6215	6265	1	1	1:1	1	1	1:1
50	1244	6220	6270	1	1	1:1	1	1	1:1
50	1245	6225	6275	1	1	1:1	1	1	1:1
50	1246	6230	6280	1	1	1:1	1	1	1:1
50	1247	6235	6285	1	1	1:1	1	1	1:1
50	1248	6240	6290	1	1	1:1	1	1	1:1
50	1249	6245	6295	1	1	1:1	1	1	1:1
50	1250	6250	6300	1	1	1:1	1	1	1:1
50	1251	6255	6305	1	1	1:1	1	1	1:1
50	1252	6260	6310	1	1	1:1	1	1	1:1
50	1253	6265	6315	1	1	1:1	1	1	1:1
50	1254	6270	6320	1	1	1:1	1	1	1:1
50	1255	6275	6325	1	1	1:1	1	1	1:1
50	1256	6280	6330	1	1	1:1	1	1	1:1
50	1257	6285	6335	1	1	1:1	1	1	1:1
50	1258	6290	6340	1	1	1:1	1	1	1:1
50	1259	6295	6345	1	1	1:1	1	1	1:1
50	1260	6300	6350	1	1	1:1	1	1	1:1
50	1261	6305	6355	1	1	1:1	1	1	1:1
50	1262	6310	6360	1	1	1:1	1	1	1:1
50	1263	6315	6365	1	1	1:1	1	1	1:1
50	1264	6320	6370	1	1	1:1	1	1	1:1
50	1265	6325	6375	1	1	1:1	1	1	1:1
50	1266	6330	6380	1	0.9	1:0.9,2:0.1	1	0.9	1:0.9,2:0.1
50	1267	6335	6385	1	0.8	1:0.8,2:0.2	1	0.8	1:0.8,2:0.2
50	1268	6340	6390	1	0.7	1:0.7,2:0.3	1	0.7	1:0.7,2:0.3
50	1269	6345	6395	1	0.6	1:0.6,2:0.4	1	0.6	1:0.6,2:0.4
50	1270	6350	6400	1	0.5	1:0.5,2:0.5	1	0.5	1:0.5,2:0.5
50	1271	6355	6405	2	0.6	1:0.4,2:0.6	2	0.6	1:0.4,2:0.6
50	1272	6360	6410	2	0.7	1:0.3,2:0.7	2	0.7	1:0.3,2:0.7
50	1273	6365	6415	2	0.8	1:0.2,2:0.8	2	0.8	1:0.2,2:0.8
50	1274	6370	6420	2	0.9	1:0.1,2:0.9	2	0.9	1:0.1,2:0.9
50	1275	6375	6425	2	1	2:1	2	1	2:1
50	1276	6380	6430	2	1	2:1	2	1	2:1
50	1277	6385	6435	2	1	2:1	2	1	2:1
50	1278	6390	6440	2	1	2:1	2	1	2:1
50	1279	6395	6445	2	1	2:1	2	1	2:1
50	1280	6400	6450	2	1	2:1	2	1	2:1
50	1281	6405	6455	2	1	2:1	2	1	2:1
50	1282	6410	6460	2	1	2:1	2	1	2:1
50	1283	6415	6465	2	1	2:1	2	1	2:1
50	1284	6420	6470	2	1	2:1	2	1	2:1
50	1285	6425	6475	2	1	2:1	2	1	2:1
50	1286	6430	6480	2	1	2:1	2	1	2:1
50	1287	6435	6485	2	1	2:1	2	1	2:1
50	1288	6440	6490	2	1	2:1	2	1	2:1
50	1289	6445	6495	2	1	2:1	2	1	2:1
50	1290	6450	6500	2	1	2:1	2	1	2:1
50	1291	6455	6505	2	1	2:1	2	1	2:1
50	1292	6460	6510	2	1	2:1	2	1	2:1
50	1293	6465	6515	2	1	2:1	2	1	2:1
50	1294	6470	6520	2	1	2:1	2	1	2:1
50	1295	6475	6525	2	1	2:1	2	1	2:1
50	1296	6480	6530	2	1	2:1	2	1	2:1
50	1297	6485	6535	2	1	2:1	2	1	2:1
50	1298	6490	6540	2	1	2:1	2	1	2:1
50	1299	6495	6545	2	1	2:1	2	1	2:1
50	1300	6500	6550	2	1	2:1	2	1	2:1
50	1301	6505	6555	2	1	2:1	2	1	2:1
50	1302	6510	6560	2	1	2:1	2	1	2:1
50	1303	6515	6565	2	1	2:1	2	1	2:1
50	1304	6520	6570	2	1	2:1	2	1	2:1
50	1305	6525	6575	2	1	2:1	2	1	2:1
50	1306	6530	6580	2	1	2:1	2	1	2:1
50	1307	6535	6585	2	1	2:1	2	1	2:1
50	1308	6540	6590	2	1	2:1	2	1	2:1
50	1309	6545	6595	2	1	2:1	2	1	2:1
50	1310	6550	6600	2	1	2:1	2	1	2:1
50	1311	6555	6605	2	1	2:1	2	1	2:1
50	1312	6560	6610	2	1	2:1	2	1	2:1
50	1313	6565	6615	2	1	2:1	2	1	2:1
50	1314	6570	6620	2	1	2:1	2	1	2:1
50	1315	6575	6625	2	1	2:1	2	1	2:1
50	1316	6580	6630	2	1	2:1	2	1	2:1
50	1317	6585	6635	2	1	2:1	2	1	2:1
50	1318	6590	6640	2	1	2:1	2	1	2:1
50	1319	6595	6645	2	1	2:1	2	1	2:1
50	1320	6600	6650	2	1	2:1	2	1	2:1
50	1321	6605	6655	2	1	2:1	2	1	2:1
50	1322	6610	6660	2	1	2:1	2	1	2:1
50	1323	6615	6665	2	1	2:1	2	1	2:1
50	1324	6620	6670	2	1	2:1	2	1	2:1
50	1325	6625	6675	2	1	2:1	2	1	2:1
50	1326	6630	6680	2	1	2:1	2	1	2:1
50	1327	6635	6685	2	1	2:1	2	1	2:1
50	1328	6640	6690	2	1	2:1	2	1	2:1
50	1329	6645	6695	2	1	2:1	2	1	2:1
50	1330	6650	6700	2	1	2:1	2	1	2:1
50	1331	6655	6705	2	1	2:1	2	1	2:1
50	1332	6660	6710	2	1	2:1	2	1	2:1
50	1333	6665	6715	2	1	2:1	2	1	2:1
50	1334	6670	6720	2	1	2:1	2	1	2:1
50	1335	6675	6725	2	1	2:1	2	1	2:1
50	1336	6680	6730	2	1	2:1	2	1	2:1
50	1337	6685	6735	2	1	2:1	2	1	2:1
50	1338	6690	6740	2	1	2:1	2	1	2:1
50	1339	6695	6745	2	1	2:1	2	1	2:1
50	1340	6700	6750	2	1	2:1	2	1	2:1
50	1341	6705	6755	2	1	2:1	2	1	2:1
50	1342	6710	6760	2	1	2:1	2	1	2:1
50	1343	6715	6765	2	1	2:1	2	1	2:1
50	1344	6720	6770	2	1	2:1	2	1	2:1
50	1345	6725	6775	2	1	2:1	2	1	2:1
50	1346	6730	6780	2	1	2:1	2	1	2:1
50	1347	6735	6785	2	1	2:1	2	1	2:1
50	1348	6740	6790	2	1	2:1	2	1	2:1
50	1349	6745	6795	2	1	2:1	2	1	2:1
50	1350	6750	6800	2	1	2:1	2	1	2:1
50	1351	6755	6805	2	1	2:1	2	1	2:1
50	1352	6760	6810	2	1	2:1	2	1	2:1
50	1353	6765	6815	2	1	2:1	2	1	2:1
50	1354	6770	6820	2	1	2:1	2	1	2:1
50	1355	6775	6825	2	1	2:1	2	1	2:1
50	1356	6780	6830	2	1	2:1	2	1	2:1
50	1357	6785	6835	2	1	2:1	2	1	2:1
50	1358	6790	6840	2	1	2:1	2	1	2:1
50	1359	6795	6845	2	1	2:1	2	1	2:1
50	1360	6800	6850	2	1	2:1	2	1	2:1
50	1361	6805	6855	2	1	2:1	2	1	2:1
50	1362	6810	6860	2	1	2:1	2	1	2:1
50	1363	6815	6865	2	1	2:1	2	1	2:1
50	1364	6820	6870	2	1	2:1	2	1	2:1
50	1365	6825	6875	2	1	2:1	2	1	2:1
50	1366	6830	6880	2	1	2:1	2	1	2:1
50	1367	6835	6885	2	1	2:1	2	1	2:1
50	1368	6840	6890	2	1	2:1	2	0.92	2:0.92,5:0.08
50	1369	6845	6895	2	1	2:1	2	0.82	2:0.82,5:0.18
50	1370	6850	6900	2	1	2:1	2	0.72	2:0.72,5:0.28
50	1371	6855	6905	2	1	2:1	2	0.62	2:0.62,5:0.38
50	1372	6860	6910	2	1	2:1	2	0.52	2:0.52,5:0.48
50	1373	6865	6915	2	1	2:1	5	0.58	2:0.42,5:0.58
50	1374	6870	6920	2	1	2:1	5	0.68	2:0.32,5:0.68
50	1375	6875	6925	2	1	2:1	5	0.78	2:0.22,5:0.78
50	1376	6880	6930	2	1	2:1	5	0.88	2:0.12,5:0.88
50	1377	6885	6935	2	1	2:1	5	0.98	2:0.02,5:0.98
50	1378	6890	6940	2	1	2:1	5	1	5:1
50	1379	6895	6945	2	1	2:1	5	1	5:1
50	1380	6900	6950	2	1	2:1	5	1	5:1
50	1381	6905	6955	2	1	2:1	5	1	5:1
50	1382	6910	6960	2	1	2:1	5	1	5:1
50	1383	6915	6965	2	1	2:1	5	1	5:1
50	1384	6920	6970	2	1	2:1	5	1	5:1
50	1385	6925	6975	2	1	2:1	5	1	5:1
50	1386	6930	6980	2	1	2:1	5	1	5:1
50	1387	6935	6985	2	1	2:1	5	1	5:1
50	1388	6940	6990	2	1	2:1	5	1	5:1
50	1389	6945	6995	2	1	2:1	5	1	5:1
50	1390	6950	7000	2	1	2:1	5	1	5:1
50	1391	6955	7005	2	1	2:1	5	1	5:1
50	1392	6960	7010	2	1	2:1	5	1	5:1
50	1393	6965	7015	2	1	2:1	5	1	5:1
50	1394	6970	7020	2	1	2:1	5	1	5:1
50	1395	6975	7025	2	1	2:1	5	1	5:1
50	1396	6980	7030	2	1	2:1	5	1	5:1
50	1397	6985	7035	2	1	2:1	5	1	5:1
50	1398	6990	7040	2	1	2:1	5	1	5:1
50	1399	6995	7045	2	1	2:1	5	1	5:1
50	1400	7000	7050	2	0.98	1:0.02,2:0.98	5	0.98	1:0.02,5:0.98
50	1401	7005	7055	2	0.88	1:0.12,2:0.88	5	0.88	1:0.12,5:0.88
50	1402	7010	7060	2	0.78	1:0.22,2:0.78	5	0.78	1:0.22,5:0.78
50	1403	7015	7065	2	0.68	1:0.32,2:0.68	5	0.68	1:0.32,5:0.68
50	1404	7020	7070	2	0.58	1:0.42,2:0.58	5	0.58	1:0.42,5:0.58
50	1405	7025	7075	1	0.52	1:0.52,2:0.48	1	0.52	1:0.52,5:0.48
50	1406	7030	7080	1	0.62	1:0.62,2:0.38	1	0.62	1:0.62,5:0.38
50	1407	7035	7085	1	0.72	1:0.72,2:0.28	1	0.72	1:0.72,5:0.28
50	1408	7040	7090	1	0.82	1:0.82,2:0.18	1	0.82	1:0.82,5:0.18
50	1409	7045	7095	1	0.92	1:0.92,2:0.08	1	0.92	1:0.92,5:0.08
50	1410	7050	7100	1	1	1:1	1	1	1:1
50	1411	7055	7105	1	1	1:1	1	1	1:1
50	1412	7060	7110	1	1	1:1	1	1	1:1
50	1413	7065	7115	1	1	1:1	1	1	1:1
50	1414	7070	7120	1	1	1:1	1	1	1:1
50	1415	7075	7125	1	1	1:1	1	1	1:1
50	1416	7080	7130	1	1	1:1	1	1	1:1
50	1417	7085	7135	1	1	1:1	1	1	1:1
50	1418	7090	7140	1	1	1:1	1	1	1:1
50	1419	7095	7145	1	1	1:1	1	1	1:1
50	1420	7100	7150	1	1	1:1	1	1	1:1
50	1421	7105	7155	1	1	1:1	1	1	1:1
50	1422	7110	7160	1	1	1:1	1	1	1:1
50	1423	7115	7165	1	1	1:1	1	1	1:1
50	1424	7120	7170	1	1	1:1	1	1	1:1
50	1425	7125	7175	1	1	1:1	1	1	1:1
50	1426	7130	7180	1	1	1:1	1	1	1:1
50	1427	7135	7185	1	1	1:1	1	1	1:1
50	1428	7140	7190	1	1	1:1	1	1	1:1
50	1429	7145	7195	1	1	1:1	1	1	1:1
50	1430	7150	7200	1	1	1:1	1	1	1:1
50	1431	7155	7205	1	1	1:1	1	1	1:1
50	1432	7160	7210	1	1	1:1	1	1	1:1
50	1433	7165	7215	1	1	1:1	1	1	1:1
50	1434	7170	7220	1	1	1:1	1	1	1:1
50	1435	7175	7225	1	1	1:1	1	1	1:1
50	1436	7180	7230	1	1	1:1	1	1	1:1
50	1437	7185	7235	1	1	1:1	1	1	1:1
50	1438	7190	7240	1	1	1:1	1	1	1:1
50	1439	7195	7245	1	1	1:1	1	1	1:1
50	1440	7200	7250	1	1	1:1	1	1	1:1
50	1441	7205	7255	1	1	1:1	1	1	1:1
50	1442	7210	7260	1	1	1:1	1	1	1:1
50	1443	7215	7265	1	1	1:1	1	1	1:1
50	1444	7220	7270	1	1	1:1	1	1	1:1
50	1445	7225	7275	1	1	1:1	1	1	1:1
50	1446	7230	7280	1	1	1:1	1	1	1:1
50	1447	7235	7285	1	1	1:1	1	1	1:1
50	1448	7240	7290	1	1	1:1	1	1	1:1
50	1449	7245	7295	1	1	1:1	1	1	1:1
50	1450	7250	7300	1	1	1:1	1	1	1:1
50	1451	7255	7305	1	1	1:1	1	1	1:1
50	1452	7260	7310	1	0.92	1:0.92,2:0.08	1	0.92	1:0.92,2:0.08
50	1453	7265	7315	1	0.82	1:0.82,2:0.18	1	0.82	1:0.82,2:0.18
50	1454	7270	7320	1	0.72	1:0.72,2:0.28	1	0.72	1:0.72,2:0.28
50	1455	7275	7325	1	0.62	1:0.62,2:0.38	1	0.62	1:0.62,2:0.38
50	1456	7280	7330	1	0.52	1:0.52,2:0.48	1	0.52	1:0.52,2:0.48
50	1457	7285	7335	2	0.58	1:0.42,2:0.58	2	0.58	1:0.42,2:0.58
50	1458	7290	7340	2	0.68	1:0.32,2:0.68	2	0.68	1:0.32,2:0.68
50	1459	7295	7345	2	0.78	1:0.22,2:0.78	2	0.78	1:0.22,2:0.78
50	1460	7300	7350	2	0.88	1:0.12,2:0.88	2	0.88	1:0.12,2:0.88
50	1461	7305	7355	2	0.98	1:0.02,2:0.98	2	0.98	1:0.02,2:0.98
50	1462	7310	7360	2	1	2:1	2	1	2:1
50	1463	7315	7365	2	1	2:1	2	1	2:1
50	1464	7320	7370	2	1	2:1	2	1	2:1
50	1465	7325	7375	2	1	2:1	2	1	2:1
50	1466	7330	7380	2	1	2:1	2	1	2:1
50	1467	7335	7385	2	1	2:1	2	1	2:1
50	1468	7340	7390	2	1	2:1	2	1	2:1
50	1469	7345	7395	2	1	2:1	2	1	2:1
50	1470	7350	7400	2	1	2:1	2	1	2:1
50	1471	7355	7405	2	1	2:1	2	1	2:1
50	1472	7360	7410	2	1	2:1	2	1	2:1
50	1473	7365	7415	2	1	2:1	2	1	2:1
50	1474	7370	7420	2	1	2:1	2	1	2:1
50	1475	7375	7425	2	1	2:1	2	1	2:1
50	1476	7380	7430	2	1	2:1	2	1	2:1
50	1477	7385	7435	2	1	2:1	2	1	2:1
50	1478	7390	7440	2	1	2:1	2	1	2:1
50	1479	7395	7445	2	1	2:1	2	1	2:1
50	1480	7400	7450	2	1	2:1	2	1	2:1
50	1481	7405	7455	2	1	2:1	2	1	2:1
50	1482	7410	7460	2	1	2:1	2	1	2:1
50	1483	7415	7465	2	1	2:1	2	1	2:1
50	1484	7420	7470	2	1	2:1	2	1	2:1
50	1485	7425	7475	2	1	2:1	2	1	2:1
50	1486	7430	7480	2	1	2:1	2	1	2:1
50	1487	7435	7485	2	1	2:1	2	1	2:1
50	1488	7440	7490	2	1	2:1	2	1	2:1
50	1489	7445	7495	2	1	2:1	2	1	2:1
50	1490	7450	7500	2	1	2:1	2	1	2:1
50	1491	7455	7505	2	1	2:1	2	1	2:1
50	1492	7460	7510	2	1	2:1	2	1	2:1
50	1493	7465	7515	2	1	2:1	2	1	2:1
50	1494	7470	7520	2	1	2:1	2	1	2:1
50	1495	7475	7525	2	1	2:1	2	1	2:1
50	1496	7480	7530	2	1	2:1	2	1	2:1
50	1497	7485	7535	2	1	2:1	2	1	2:1
50	1498	7490	7540	2	1	2:1	2	1	2:1
50	1499	7495	7545	2	1	2:1	2	1	2:1
50	1500	7500	7550	2	1	2:1	2	1	2:1
50	1501	7505	7555	2	1	2:1	2	1	2:1
50	1502	7510	7560	2	1	2:1	2	1	2:1
50	1503	7515	7565	2	1	2:1	2	1	2:1
50	1504	7520	7570	2	1	2:1	2	1	2:1
50	1505	7525	7575	2	1	2:1	2	1	2:1
50	1506	7530	7580	2	1	2:1	2	1	2:1
50	1507	7535	7585	2	1	2:1	2	1	2:1
50	1508	7540	7590	2	1	2:1	2	1	2:1
50	1509	7545	7595	2	1	2:1	2	1	2:1
50	1510	7550	7600	2	1	2:1	2	1	2:1
50	1511	7555	7605	2	1	2:1	2	1	2:1
50	1512	7560	7610	2	1	2:1	2	1	2:1
50	1513	7565	7615	2	0.9	1:0.1,2:0.9	2	0.9	1:0.1,2:0.9
50	1514	7570	7620	2	0.8	1:0.2,2:0.8	2	0.8	1:0.2,2:0.8
50	1515	7575	7625	2	0.7	1:0.3,2:0.7	2	0.7	1:0.3,2:0.7
50	1516	7580	7630	2	0.6	1:0.4,2:0.6	2	0.6	1:0.4,2:0.6
50	1517	7585	7635	1	0.5	1:0.5,2:0.5	1	0.5	1:0.5,2:0.5
50	1518	7590	7640	1	0.6	1:0.6,2:0.4	1	0.6	1:0.6,2:0.4
50	1519	7595	7645	1	0.7	1:0.7,2:0.3	1	0.7	1:0.7,2:0.3
50	1520	7600	7650	1	0.8	1:0.8,2:0.2	1	0.8	1:0.8,2:0.2
50	1521	7605	7655	1	0.9	1:0.9,2:0.1	1	0.9	1:0.9,2:0.1
50	1522	7610	7660	1	1	1:1	1	1	1:1
50	1523	7615	7665	1	1	1:1	1	1	1:1
50	1524	7620	7670	1	1	1:1	1	1	1:1
50	1525	7625	7675	1	1	1:1	1	1	1:1
50	1526	7630	7680	1	1	1:1	1	1	1:1
50	1527	7635	7685	1	1	1:1	1	1	1:1
50	1528	7640	7690	1	1	1:1	1	1	1:1
50	1529	7645	7695	1	1	1:1	1	1	1:1
50	1530	7650	7700	1	1	1:1	1	1	1:1
50	1531	7655	7705	1	1	1:1	1	1	1:1
50	1532	7660	7710	1	1	1:1	1	1	1:1
50	1533	7665	7715	1	1	1:1	1	1	1:1
50	1534	7670	7720	1	1	1:1	1	1	1:1
50	1535	7675	7725	1	1	1:1	1	1	1:1
50	1536	7680	7730	1	1	1:1	1	1	1:1
50	1537	7685	7735	1	1	1:1	1	1	1:1
50	1538	7690	7740	1	1	1:1	1	1	1:1
50	1539	7695	7745	1	1	1:1	1	1	1:1
50	1540	7700	7750	1	1	1:1	1	1	1:1
50	1541	7705	7755	1	1	1:1	1	1	1:1
50	1542	7710	7760	1	1	1:1	1	1	1:1
50	1543	7715	7765	1	1	1:1	1	1	1:1
50	1544	7720	7770	1	1	1:1	1	1	1:1
50	1545	7725	7775	1	1	1:1	1	1	1:1
50	1546	7730	7780	1	1	1:1	1	1	1:1
50	1547	7735	7785	1	1	1:1	1	1	1:1
50	1548	7740	7790	1	1	1:1	1	1	1:1
50	1549	7745	7795	1	1	1:1	1	1	1:1
50	1550	7750	7800	1	1	1:1	1	1	1:1
50	1551	7755	7805	1	1	1:1	1	1	1:1
50	1552	7760	7810	1	1	1:1	1	1	1:1
50	1553	7765	7815	1	1	1:1	1	1	1:1
50	1554	7770	7820	1	1	1:1	1	1	1:1
50	1555	7775	7825	1	1	1:1	1	1	1:1
50	1556	7780	7830	1	1	1:1	1	1	1:1
50	1557	7785	7835	1	1	1:1	1	1	1:1
50	1558	7790	7840	1	1	1:1	1	1	1:1
50	1559	7795	7845	1	1	1:1	1	1	1:1
50	1560	7800	7850	1	1	1:1	1	1	1:1
50	1561	7805	7855	1	1	1:1	1	1	1:1
50	1562	7810	7860	1	1	1:1	1	1	1:1
50	1563	7815	7865	1	1	1:1	1	1	1:1
50	1564	7820	7870	1	1	1:1	1	1	1:1
50	1565	7825	7875	1	1	1:1	1	1	1:1
50	1566	7830	7880	1	1	1:1	1	1	1:1
50	1567	7835	7885	1	1	1:1	1	1	1:1
50	1568	7840	7890	1	1	1:1	1	1	1:1
50	1569	7845	7895	1	1	1:1	1	1	1:1
50	1570	7850	7900	1	1	1:1	1	1	1:1
50	1571	7855	7905	1	1	1:1	1	1	1:1
50	1572	7860	7910	1	1	1:1	1	1	1:1
50	1573	7865	7915	1	1	1:1	1	1	1:1
50	1574	7870	7920	1	1	1:1	1	1	1:1
50	1575	7875	7925	1	1	1:1	1	1	1:1
50	1576	7880	7930	1	1	1:1	1	1	1:1
50	1577	7885	7935	1	1	1:1	1	1	1:1
50	1578	7890	7940	1	1	1:1	1	1	1:1
50	1579	7895	7945	1	1	1:1	1	1	1:1
50	1580	7900	7950	1	1	1:1	1	1	1:1
50	1581	7905	7955	1	1	1:1	1	1	1:1
50	1582	7910	7960	1	0.96	1:0.96,2:0.04	1	0.96	1:0.96,2:0.04
50	1583	7915	7965	1	0.86	1:0.86,2:0.14	1	0.86	1:0.86,2:0.14
50	1584	7920	7970	1	0.76	1:0.76,2:0.24	1	0.76	1:0.76,2:0.24
50	1585	7925	7975	1	0.66	1:0.66,2:0.34	1	0.66	1:0.66,2:0.34
50	1586	7930	7980	1	0.56	1:0.56,2:0.44	1	0.56	1:0.56,2:0.44
50	1587	7935	7985	2	0.54	1:0.46,2:0.54	2	0.54	1:0.46,2:0.54
50	1588	7940	7990	2	0.64	1:0.36,2:0.64	2	0.64	1:0.36,2:0.64
50	1589	7945	7995	2	0.74	1:0.26,2:0.74	2	0.74	1:0.26,2:0.74
50	1590	7950	8000	2	0.84	1:0.16,2:0.84	2	0.84	1:0.16,2:0.84
50	1591	7955	8005	2	0.94	1:0.06,2:0.94	2	0.94	1:0.06,2:0.94
50	1592	7960	8010	2	1	2:1	2	1	2:1
50	1593	7965	8015	2	1	2:1	2	1	2:1
50	1594	7970	8020	2	1	2:1	2	1	2:1
50	1595	7975	8025	2	1	2:1	2	1	2:1
50	1596	7980	8030	2	1	2:1	2	1	2:1
50	1597	7985	8035	2	1	2:1	2	1	2:1
50	1598	7990	8040	2	1	2:1	2	1	2:1
50	1599	7995	8045	2	1	2:1	2	1	2:1
50	1600	8000	8050	2	1	2:1	2	1	2:1
50	1601	8005	8055	2	1	2:1	2	1	2:1
50	1602	8010	8060	2	1	2:1	2	1	2:1
50	1603	8015	8065	2	1	2:1	2	1	2:1
50	1604	8020	8070	2	1	2:1	2	1	2:1
50	1605	8025	8075	2	1	2:1	2	1	2:1
50	1606	8030	8080	2	1	2:1	2	1	2:1
50	1607	8035	8085	2	1	2:1	2	1	2:1
50	1608	8040	8090	2	1	2:1	2	1	2:1
50	1609	8045	8095	2	1	2:1	2	1	2:1
50	1610	8050	8100	2	1	2:1	2	1	2:1
50	1611	8055	8105	2	1	2:1	2	1	2:1
50	1612	8060	8110	2	1	2:1	2	1	2:1
50	1613	8065	8115	2	1	2:1	2	1	2:1
50	1614	8070	8120	2	1	2:1	2	1	2:1
50	1615	8075	8125	2	1	2:1	2	1	2:1
50	1616	8080	8130	2	1	2:1	2	1	2:1
50	1617	8085	8135	2	1	2:1	2	1	2:1
50	1618	8090	8140	2	1	2:1	2	1	2:1
50	1619	8095	8145	2	1	2:1	2	1	2:1
50	1620	8100	8150	2	1	2:1	2	1	2:1
50	1621	8105	8155	2	1	2:1	2	1	2:1
50	1622	8110	8160	2	1	2:1	2	1	2:1
50	1623	8115	8165	2	1	2:1	2	1	2:1
50	1624	8120	8170	2	1	2:1	2	1	2:1
50	1625	8125	8175	2	1	2:1	2	1	2:1
50	1626	8130	8180	2	1	2:1	2	1	2:1
50	1627	8135	8185	2	1	2:1	2	1	2:1
50	1628	8140	8190	2	1	2:1	2	1	2:1
50	1629	8145	8195	2	1	2:1	2	1	2:1
50	1630	8150	8200	2	1	2:1	2	1	2:1
50	1631	8155	8205	2	1	2:1	2	1	2:1
50	1632	8160	8210	2	1	2:1	2	1	2:1
50	1633	8165	8215	2	1	2:1	2	1	2:1
50	1634	8170	8220	2	1	2:1	2	1	2:1
50	1635	8175	8225	2	1	2:1	2	1	2:1
50	1636	8180	8230	2	1	2:1	2	1	2:1
50	1637	8185	8235	2	0.94	1:0.06,2:0.94	2	0.94	1:0.06,2:0.94
50	1638	8190	8240	2	0.84	1:0.16,2:0.84	2	0.84	1:0.16,2:0.84
50	1639	8195	8245	2	0.74	1:0.26,2:0.74	2	0.74	1:0.26,2:0.74
50	1640	8200	8250	2	0.64	1:0.36,2:0.64	2	0.64	1:0.36,2:0.64
50	1641	8205	8255	2	0.54	1:0.46,2:0.54	2	0.54	1:0.46,2:0.54
50	1642	8210	8260	1	0.56	1:0.56,2:0.44	1	0.56	1:0.56,2:0.44
50	1643	8215	8265	1	0.66	1:0.66,2:0.34	1	0.66	1:0.66,2:0.34
50	1644	8220	8270	1	0.76	1:0.76,2:0.24	1	0.76	1:0.76,2:0.24
50	1645	8225	8275	1	0.86	1:0.86,2:0.14	1	0.86	1:0.86,2:0.14
50	1646	8230	8280	1	0.96	1:0.96,2:0.04	1	0.96	1:0.96,2:0.04
50	1647	8235	8285	1	1	1:1	1	1	1:1
50	1648	8240	8290	1	1	1:1	1	1	1:1
50	1649	8245	8295	1	1	1:1	1	1	1:1
50	1650	8250	8300	1	1	1:1	1	1	1:1
50	1651	8255	8305	1	1	1:1	1	1	1:1
50	1652	8260	8310	1	1	1:1	1	1	1:1
50	1653	8265	8315	1	1	1:1	1	1	1:1
50	1654	8270	8320	1	1	1:1	1	1	1:1
50	1655	8275	8325	1	1	1:1	1	1	1:1
50	1656	8280	8330	1	1	1:1	1	1	1:1
50	1657	8285	8335	1	1	1:1	1	1	1:1
50	1658	8290	8340	1	1	1:1	1	1	1:1
50	1659	8295	8345	1	1	1:1	1	1	1:1
50	1660	8300	8350	1	1	1:1	1	1	1:1
50	1661	8305	8355	1	1	1:1	1	1	1:1
50	1662	8310	8360	1	1	1:1	1	1	1:1
50	1663	8315	8365	1	1	1:1	1	1	1:1
50	1664	8320	8370	1	1	1:1	1	1	1:1
50	1665	8325	8375	1	1	1:1	1	1	1:1
50	1666	8330	8380	1	1	1:1	1	1	1:1
50	1667	8335	8385	1	1	1:1	1	1	1:1
50	1668	8340	8390	1	1	1:1	1	1	1:1
50	1669	8345	8395	1	0.96	1:0.96,2:0.04	1	0.96	1:0.96,5:0.04
50	1670	8350	8400	1	0.86	1:0.86,2:0.14	1	0.86	1:0.86,5:0.14
50	1671	8355	8405	1	0.76	1:0.76,2:0.24	1	0.76	1:0.76,5:0.24
50	1672	8360	8410	1	0.66	1:0.66,2:0.34	1	0.66	1:0.66,5:0.34
50	1673	8365	8415	1	0.56	1:0.56,2:0.44	1	0.56	1:0.56,5:0.44
50	1674	8370	8420	2	0.54	1:0.46,2:0.54	5	0.54	1:0.46,5:0.54
50	1675	8375	8425	2	0.64	1:0.36,2:0.64	5	0.64	1:0.36,5:0.64
50	1676	8380	8430	2	0.74	1:0.26,2:0.74	5	0.74	1:0.26,5:0.74
50	1677	8385	8435	2	0.84	1:0.16,2:0.84	5	0.84	1:0.16,5:0.84
50	1678	8390	8440	2	0.94	1:0.06,2:0.94	5	0.94	1:0.06,5:0.94
50	1679	8395	8445	2	1	2:1	5	1	5:1
50	1680	8400	8450	2	1	2:1	5	1	5:1
50	1681	8405	8455	2	1	2:1	5	1	5:1
50	1682	8410	8460	2	1	2:1	5	1	5:1
50	1683	8415	8465	2	1	2:1	5	1	5:1
50	1684	8420	8470	2	1	2:1	5	1	5:1
50	1685	8425	8475	2	1	2:1	5	1	5:1
50	1686	8430	8480	2	1	2:1	5	1	5:1
50	1687	8435	8485	2	1	2:1	5	1	5:1
50	1688	8440	8490	2	1	2:1	5	1	5:1
50	1689	8445	8495	2	1	2:1	5	1	5:1
50	1690	8450	8500	2	1	2:1	5	1	5:1
50	1691	8455	8505	2	1	2:1	5	1	5:1
50	1692	8460	8510	2	1	2:1	5	1	5:1
50	1693	8465	8515	2	1	2:1	5	1	5:1
50	1694	8470	8520	2	1	2:1	5	1	5:1
50	1695	8475	8525	2	1	2:1	5	1	5:1
50	1696	8480	8530	2	1	2:1	5	1	5:1
50	1697	8485	8535	2	1	2:1	5	1	5:1
50	1698	8490	8540	2	1	2:1	5	1	5:1
50	1699	8495	8545	2	1	2:1	5	1	5:1
50	1700	8500	8550	2	1	2:1	5	1	5:1
50	1701	8505	8555	2	1	2:1	5	1	5:1
50	1702	8510	8560	2	1	2:1	5	1	5:1
50	1703	8515	8565	2	1	2:1	5	1	5:1
50	1704	8520	8570	2	1	2:1	5	1	5:1
50	1705	8525	8575	2	1	2:1	5	1	5:1
50	1706	8530	8580	2	1	2:1	5	1	5:1
50	1707	8535	8585	2	1	2:1	5	1	5:1
50	1708	8540	8590	2	1	2:1	5	1	5:1
50	1709	8545	8595	2	1	2:1	5	1	5:1
50	1710	8550	8600	2	1	2:1	5	1	5:1
50	1711	8555	8605	2	1	2:1	5	1	5:1
50	1712	8560	8610	2	1	2:1	5	1	5:1
50	1713	8565	8615	2	0.9	1:0.1,2:0.9	5	0.9	1:0.1,5:0.9
50	1714	8570	8620	2	0.8	1:0.2,2:0.8	5	0.8	1:0.2,5:0.8
50	1715	8575	8625	2	0.7	1:0.3,2:0.7	5	0.7	1:0.3,5:0.7
50	1716	8580	8630	2	0.6	1:0.4,2:0.6	5	0.6	1:0.4,5:0.6
50	1717	8585	8635	1	0.5	1:0.5,2:0.5	1	0.5	1:0.5,5:0.5
50	1718	8590	8640	1	0.6	1:0.6,2:0.4	1	0.6	1:0.6,5:0.4
50	1719	8595	8645	1	0.7	1:0.7,2:0.3	1	0.7	1:0.7,5:0.3
50	1720	8600	8650	1	0.8	1:0.8,2:0.2	1	0.8	1:0.8,5:0.2
50	1721	8605	8655	1	0.9	1:0.9,2:0.1	1	0.9	1:0.9,5:0.1
50	1722	8610	8660	1	1	1:1	1	1	1:1
50	1723	8615	8665	1	1	1:1	1	1	1:1
50	1724	8620	8670	1	1	1:1	1	1	1:1
50	1725	8625	8675	1	1	1:1	1	1	1:1
50	1726	8630	8680	1	1	1:1	1	1	1:1
50	1727	8635	8685	1	1	1:1	1	1	1:1
50	1728	8640	8690	1	1	1:1	1	1	1:1
50	1729	8645	8695	1	1	1:1	1	1	1:1
50	1730	8650	8700	1	1	1:1	1	1	1:1
50	1731	8655	8705	1	1	1:1	1	1	1:1
50	1732	8660	8710	1	1	1:1	1	1	1:1
50	1733	8665	8715	1	1	1:1	1	1	1:1
50	1734	8670	8720	1	1	1:1	1	1	1:1
50	1735	8675	8725	1	1	1:1	1	1	1:1
50	1736	8680	8730	1	1	1:1	1	1	1:1
50	1737	8685	8735	1	1	1:1	1	1	1:1
50	1738	8690	8740	1	1	1:1	1	1	1:1
50	1739	8695	8745	1	1	1:1	1	1	1:1
50	1740	8700	8750	1	1	1:1	1	1	1:1
50	1741	8705	8755	1	1	1:1	1	1	1:1
50	1742	8710	8760	1	1	1:1	1	1	1:1
50	1743	8715	8765	1	1	1:1	1	1	1:1
50	1744	8720	8770	1	1	1:1	1	1	1:1
50	1745	8725	8775	1	1	1:1	1	1	1:1
50	1746	8730	8780	1	1	1:1	1	1	1:1
50	1747	8735	8785	1	1	1:1	1	1	1:1
50	1748	8740	8790	1	1	1:1	1	1	1:1
50	1749	8745	8795	1	1	1:1	1	1	1:1
50	1750	8750	8800	1	1	1:1	1	1	1:1
50	1751	8755	8805	1	1	1:1	1	1	1:1
50	1752	8760	8810	1	1	1:1	1	1	1:1
50	1753	8765	8815	1	1	1:1	1	1	1:1
50	1754	8770	8820	1	1	1:1	1	1	1:1
50	1755	8775	8825	1	1	1:1	1	1	1:1
50	1756	8780	8830	1	1	1:1	1	1	1:1
50	1757	8785	8835	1	1	1:1	1	1	1:1
50	1758	8790	8840	1	1	1:1	1	1	1:1
50	1759	8795	8845	1	1	1:1	1	1	1:1
50	1760	8800	8850	1	1	1:1	1	1	1:1
50	1761	8805	8855	1	1	1:1	1	1	1:1
50	1762	8810	8860	1	1	1:1	1	1	1:1
50	1763	8815	8865	1	1	1:1	1	1	1:1
50	1764	8820	8870	1	1	1:1	1	1	1:1
50	1765	8825	8875	1	1	1:1	1	1	1:1
50	1766	8830	8880	1	1	1:1	1	1	1:1
50	1767	8835	8885	1	1	1:1	1	1	1:1
50	1768	8840	8890	1	1	1:1	1	1	1:1
50	1769	8845	8895	1	0.96	1:0.96,2:0.04	1	0.96	1:0.96,2:0.04
50	1770	8850	8900	1	0.86	1:0.86,2:0.14	1	0.86	1:0.86,2:0.14
50	1771	8855	8905	1	0.76	1:0.76,2:0.24	1	0.76	1:0.76,2:0.24
50	1772	8860	8910	1	0.66	1:0.66,2:0.34	1	0.66	1:0.66,2:0.34
50	1773	8865	8915	1	0.56	1:0.56,2:0.44	1	0.56	1:0.56,2:0.44
50	1774	8870	8920	2	0.54	1:0.46,2:0.54	2	0.54	1:0.46,2:0.54
50	1775	8875	8925	2	0.64	1:0.36,2:0.64	2	0.64	1:0.36,2:0.64
50	1776	8880	8930	2	0.74	1:0.26,2:0.74	2	0.74	1:0.26,2:0.74
50	1777	8885	8935	2	0.84	1:0.16,2:0.84	2	0.84	1:0.16,2:0.84
50	1778	8890	8940	2	0.94	1:0.06,2:0.94	2	0.94	1:0.06,2:0.94
50	1779	8895	8945	2	1	2:1	2	1	2:1
50	1780	8900	8950	2	1	2:1	2	1	2:1
50	1781	8905	8955	2	1	2:1	2	1	2:1
50	1782	8910	8960	2	1	2:1	2	1	2:1
50	1783	8915	8965	2	1	2:1	2	1	2:1
50	1784	8920	8970	2	1	2:1	2	1	2:1
50	1785	8925	8975	2	1	2:1	2	1	2:1
50	1786	8930	8980	2	1	2:1	2	1	2:1
50	1787	8935	8985	2	1	2:1	2	1	2:1
50	1788	8940	8990	2	1	2:1	2	1	2:1
50	1789	8945	8995	2	1	2:1	2	1	2:1
50	1790	8950	9000	2	1	2:1	2	1	2:1
50	1791	8955	9005	2	1	2:1	2	1	2:1
50	1792	8960	9010	2	1	2:1	2	1	2:1
50	1793	8965	9015	2	1	2:1	2	1	2:1
50	1794	8970	9020	2	1	2:1	2	1	2:1
50	1795	8975	9025	2	1	2:1	2	1	2:1
50	1796	8980	9030	2	1	2:1	2	1	2:1
50	1797	8985	9035	2	1	2:1	2	1	2:1
50	1798	8990	9040	2	1	2:1	2	1	2:1
50	1799	8995	9045	2	1	2:1	2	1	2:1
50	1800	9000	9050	2	1	2:1	2	1	2:1
50	1801	9005	9055	2	1	2:1	2	1	2:1
50	1802	9010	9060	2	1	2:1	2	1	2:1
50	1803	9015	9065	2	1	2:1	2	1	2:1
50	1804	9020	9070	2	1	2:1	2	1	2:1
50	1805	9025	9075	2	1	2:1	2	1	2:1
50	1806	9030	9080	2	1	2:1	2	1	2:1
50	1807	9035	9085	2	1	2:1	2	1	2:1
50	1808	9040	9090	2	0.92	1:0.08,2:0.92	2	0.92	1:0.08,2:0.92
50	1809	9045	9095	2	0.82	1:0.18,2:0.82	2	0.82	1:0.18,2:0.82
50	1810	9050	9100	2	0.72	1:0.28,2:0.72	2	0.72	1:0.28,2:0.72
50	1811	9055	9105	2	0.62	1:0.38,2:0.62	2	0.62	1:0.38,2:0.62
50	1812	9060	9110	2	0.52	1:0.48,2:0.52	2	0.52	1:0.48,2:0.52
50	1813	9065	9115	1	0.58	1:0.58,2:0.42	1	0.58	1:0.58,2:0.42
50	1814	9070	9120	1	0.68	1:0.68,2:0.32	1	0.68	1:0.68,2:0.32
50	1815	9075	9125	1	0.78	1:0.78,2:0.22	1	0.78	1:0.78,2:0.22
50	1816	9080	9130	1	0.88	1:0.88,2:0.12	1	0.88	1:0.88,2:0.12
50	1817	9085	9135	1	0.98	1:0.98,2:0.02	1	0.98	1:0.98,2:0.02
50	1818	9090	9140	1	1	1:1	1	1	1:1
50	1819	9095	9145	1	1	1:1	1	1	1:1
50	1820	9100	9150	1	1	1:1	1	1	1:1
50	1821	9105	9155	1	1	1:1	1	1	1:1
50	1822	9110	9160	1	1	1:1	1	1	1:1
50	1823	9115	9165	1	1	1:1	1	1	1:1
50	1824	9120	9170	1	1	1:1	1	1	1:1
50	1825	9125	9175	1	1	1:1	1	1	1:1
50	1826	9130	9180	1	1	1:1	1	1	1:1
50	1827	9135	9185	1	1	1:1	1	1	1:1
50	1828	9140	9190	1	1	1:1	1	1	1:1
50	1829	9145	9195	1	1	1:1	1	1	1:1
50	1830	9150	9200	1	1	1:1	1	1	1:1
50	1831	9155	9205	1	1	1:1	1	1	1:1
50	1832	9160	9210	1	1	1:1	1	1	1:1
50	1833	9165	9215	1	1	1:1	1	1	1:1
50	1834	9170	9220	1	1	1:1	1	1	1:1
50	1835	9175	9225	1	1	1:1	1	1	1:1
50	1836	9180	9230	1	1	1:1	1	1	1:1
50	1837	9185	9235	1	1	1:1	1	1	1:1
50	1838	9190	9240	1	1	1:1	1	1	1:1
50	1839	9195	9245	1	1	1:1	1	1	1:1
50	1840	9200	9250	1	1	1:1	1	1	1:1
50	1841	9205	9255	1	1	1:1	1	1	1:1
50	1842	9210	9260	1	1	1:1	1	1	1:1
50	1843	9215	9265	1	1	1:1	1	1	1:1
50	1844	9220	9270	1	1	1:1	1	1	1:1
50	1845	9225	9275	1	1	1:1	1	1	1:1
50	1846	9230	9280	1	1	1:1	1	1	1:1
50	1847	9235	9285	1	1	1:1	1	1	1:1
50	1848	9240	9290	1	1	1:1	1	1	1:1
50	1849	9245	9295	1	1	1:1	1	1	1:1
50	1850	9250	9300	1	1	1:1	1	1	1:1
50	1851	9255	9305	1	1	1:1	1	1	1:1
50	1852	9260	9310	1	1	1:1	1	1	1:1
50	1853	9265	9315	1	1	1:1	1	1	1:1
50	1854	9270	9320	1	1	1:1	1	1	1:1
50	1855	9275	9325	1	1	1:1	1	1	1:1
50	1856	9280	9330	1	1	1:1	1	1	1:1
50	1857	9285	9335	1	1	1:1	1	1	1:1
50	1858	9290	9340	1	1	1:1	1	1	1:1
50	1859	9295	9345	1	1	1:1	1	1	1:1
50	1860	9300	9350	1	1	1:1	1	1	1:1
50	1861	9305	9355	1	1	1:1	1	1	1:1
50	1862	9310	9360	1	1	1:1	1	1	1:1
50	1863	9315	9365	1	1	1:1	1	1	1:1
50	1864	9320	9370	1	1	1:1	1	1	1:1
50	1865	9325	9375	1	1	1:1	1	1	1:1
50	1866	9330	9380	1	1	1:1	1	1	1:1
50	1867	9335	9385	1	1	1:1	1	1	1:1
50	1868	9340	9390	1	1	1:1	1	1	1:1
50	1869	9345	9395	1	1	1:1	1	1	1:1
50	1870	9350	9400	1	1	1:1	1	1	1:1
50	1871	9355	9405	1	1	1:1	1	1	1:1
50	1872	9360	9410	1	1	1:1	1	1	1:1
50	1873	9365	9415	1	1	1:1	1	1	1:1
50	1874	9370	9420	1	1	1:1	1	1	1:1
50	1875	9375	9425	1	1	1:1	1	1	1:1
50	1876	9380	9430	1	1	1:1	1	1	1:1
50	1877	9385	9435	1	1	1:1	1	1	1:1
50	1878	9390	9440	1	1	1:1	1	1	1:1
50	1879	9395	9445	1	1	1:1	1	1	1:1
50	1880	9400	9450	1	1	1:1	1	1	1:1
50	1881	9405	9455	1	1	1:1	1	1	1:1
50	1882	9410	9460	1	1	1:1	1	1	1:1
50	1883	9415	9465	1	1	1:1	1	1	1:1
50	1884	9420	9470	1	1	1:1	1	1	1:1
50	1885	9425	9475	1	1	1:1	1	1	1:1
50	1886	9430	9480	1	1	1:1	1	1	1:1
50	1887	9435	9485	1	1	1:1	1	1	1:1
50	1888	9440	9490	1	1	1:1	1	1	1:1
50	1889	9445	9495	1	1	1:1	1	1	1:1
50	1890	9450	9500	1	1	1:1	1	1	1:1
50	1891	9455	9505	1	1	1:1	1	1	1:1
50	1892	9460	9510	1	1	1:1	1	1	1:1
50	1893	9465	9515	1	1	1:1	1	1	1:1
50	1894	9470	9520	1	1	1:1	1	1	1:1
50	1895	9475	9525	1	1	1:1	1	1	1:1
50	1896	9480	9530	1	1	1:1	1	1	1:1
50	1897	9485	9535	1	1	1:1	1	1	1:1
50	1898	9490	9540	1	1	1:1	1	1	1:1
50	1899	9495	9545	1	1	1:1	1	1	1:1
50	1900	9500	9550	1	1	1:1	1	1	1:1
50	1901	9505	9555	1	1	1:1	1	1	1:1
50	1902	9510	9560	1	1	1:1	1	1	1:1
50	1903	9515	9565	1	1	1:1	1	1	1:1
50	1904	9520	9570	1	1	1:1	1	1	1:1
50	1905	9525	9575	1	1	1:1	1	1	1:1
50	1906	9530	9580	1	1	1:1	1	1	1:1
50	1907	9535	9585	1	1	1:1	1	1	1:1
50	1908	9540	9590	1	1	1:1	1	1	1:1
50	1909	9545	9595	1	1	1:1	1	1	1:1
50	1910	9550	9600	1	1	1:1	1	1	1:1
50	1911	9555	9605	1	1	1:1	1	1	1:1
50	1912	9560	9610	1	1	1:1	1	1	1:1
50	1913	9565	9615	1	1	1:1	1	1	1:1
50	1914	9570	9620	1	1	1:1	1	1	1:1
50	1915	9575	9625	1	1	1:1	1	1	1:1
50	1916	9580	9630	1	1	1:1	1	1	1:1
50	1917	9585	9635	1	1	1:1	1	1	1:1
50	1918	9590	9640	1	1	1:1	1	1	1:1
50	1919	9595	9645	1	1	1:1	1	1	1:1
50	1920	9600	9650	1	1	1:1	1	1	1:1
50	1921	9605	9655	1	1	1:1	1	1	1:1
50	1922	9610	9660	1	1	1:1	1	1	1:1
50	1923	9615	9665	1	1	1:1	1	1	1:1
50	1924	9620	9670	1	1	1:1	1	1	1:1
50	1925	9625	9675	1	1	1:1	1	1	1:1
50	1926	9630	9680	1	1	1:1	1	1	1:1
50	1927	9635	9685	1	1	1:1	1	1	1:1
50	1928	9640	9690	1	1	1:1	1	1	1:1
50	1929	9645	9695	1	1	1:1	1	1	1:1
50	1930	9650	9700	1	1	1:1	1	1	1:1
50	1931	9655	9705	1	1	1:1	1	1	1:1
50	1932	9660	9710	1	1	1:1	1	1	1:1
50	1933	9665	9715	1	1	1:1	1	1	1:1
50	1934	9670	9720	1	1	1:1	1	1	1:1
50	1935	9675	9725	1	1	1:1	1	1	1:1
50	1936	9680	9730	1	1	1:1	1	1	1:1
50	1937	9685	9735	1	1	1:1	1	1	1:1
50	1938	9690	9740	1	1	1:1	1	1	1:1
50	1939	9695	9745	1	0.92	1:0.92,2:0.08	1	0.92	1:0.92,2:0.08
50	1940	9700	9750	1	0.82	1:0.82,2:0.18	1	0.82	1:0.82,2:0.18
50	1941	9705	9755	1	0.72	1:0.72,2:0.28	1	0.72	1:0.72,2:0.28
50	1942	9710	9760	1	0.62	1:0.62,2:0.38	1	0.62	1:0.62,2:0.38
50	1943	9715	9765	1	0.52	1:0.52,2:0.48	1	0.52	1:0.52,2:0.48
50	1944	9720	9770	2	0.58	1:0.42,2:0.58	2	0.58	1:0.42,2:0.58
50	1945	9725	9775	2	0.68	1:0.32,2:0.68	2	0.68	1:0.32,2:0.68
50	1946	9730	9780	2	0.78	1:0.22,2:0.78	2	0.78	1:0.22,2:0.78
50	1947	9735	9785	2	0.88	1:0.12,2:0.88	2	0.88	1:0.12,2:0.88
50	1948	9740	9790	2	0.98	1:0.02,2:0.98	2	0.98	1:0.02,2:0.98
50	1949	9745	9795	2	1	2:1	2	1	2:1
50	1950	9750	9800	2	1	2:1	2	1	2:1
50	1951	9755	9805	2	1	2:1	2	1	2:1
50	1952	9760	9810	2	1	2:1	2	1	2:1
50	1953	9765	9815	2	1	2:1	2	1	2:1
50	1954	9770	9820	2	1	2:1	2	1	2:1
50	1955	9775	9825	2	1	2:1	2	1	2:1
50	1956	9780	9830	2	1	2:1	2	1	2:1
50	1957	9785	9835	2	1	2:1	2	1	2:1
50	1958	9790	9840	2	1	2:1	2	1	2:1
50	1959	9795	9845	2	1	2:1	2	1	2:1
50	1960	9800	9850	2	1	2:1	2	1	2:1
50	1961	9805	9855	2	1	2:1	2	1	2:1
50	1962	9810	9860	2	1	2:1	2	1	2:1
50	1963	9815	9865	2	1	2:1	2	1	2:1
50	1964	9820	9870	2	1	2:1	2	1	2:1
50	1965	9825	9875	2	1	2:1	2	1	2:1
50	1966	9830	9880	2	1	2:1	2	1	2:1
50	1967	9835	9885	2	1	2:1	2	1	2:1
50	1968	9840	9890	2	1	2:1	2	1	2:1
50	1969	9845	9895	2	1	2:1	2	1	2:1
50	1970	9850	9900	2	1	2:1	2	1	2:1
50	1971	9855	9905	2	1	2:1	2	1	2:1
50	1972	9860	9910	2	1	2:1	2	1	2:1
50	1973	9865	9915	2	1	2:1	2	1	2:1
50	1974	9870	9920	2	1	2:1	2	1	2:1
50	1975	9875	9925	2	1	2:1	2	1	2:1
50	1976	9880	9930	2	1	2:1	2	1	2:1
50	1977	9885	9935	2	1	2:1	2	1	2:1
50	1978	9890	9940	2	1	2:1	2	1	2:1
50	1979	9895	9945	2	1	2:1	2	1	2:1
50	1980	9900	9950	2	1	2:1	2	1	2:1
50	1981	9905	9955	2	1	2:1	2	1	2:1
50	1982	9910	9960	2	1	2:1	2	1	2:1
50	1983	9915	9965	2	1	2:1	2	1	2:1
50	1984	9920	9970	2	1	2:1	2	1	2:1
50	1985	9925	9975	2	0.9	1:0.1,2:0.9	2	0.9	1:0.1,2:0.9
50	1986	9930	9980	2	0.8	1:0.2,2:0.8	2	0.8	1:0.2,2:0.8
50	1987	9935	9985	2	0.7	1:0.3,2:0.7	2	0.7	1:0.3,2:0.7
50	1988	9940	9990	2	0.6	1:0.4,2:0.6	2	0.6	1:0.4,2:0.6
50	1989	9945	9995	1	0.5	1:0.5,2:0.5	1	0.5	1:0.5,2:0.5
50	1990	9950	10000	1	0.6	1:0.6,2:0.4	1	0.6	1:0.6,2:0.4
50	1991	9955	10005	1	0.7	1:0.7,2:0.3	1	0.7	1:0.7,2:0.3
50	1992	9960	10010	1	0.8	1:0.8,2:0.2	1	0.8	1:0.8,2:0.2
50	1993	9965	10015	1	0.9	1:0.9,2:0.1	1	0.9	1:0.9,2:0.1
50	1994	9970	10020	1	1	1:1	1	1	1:1
50	1995	9975	10025	1	1	1:1	1	1	1:1
50	1996	9980	10030	1	1	1:1	1	1	1:1
50	1997	9985	10035	1	1	1:1	1	1	1:1
50	1998	9990	10040	1	1	1:1	1	1	1:1
50	1999	9995	10045	1	1	1:1	1	1	1:1
50	2000	10000	10050	1	1	1:1	1	1	1:1
50	2001	10005	10055	1	1	1:1	1	1	1:1
50	2002	10010	10060	1	1	1:1	1	1	1:1
50	2003	10015	10065	1	1	1:1	1	1	1:1
50	2004	10020	10070	1	1	1:1	1	1	1:1
50	2005	10025	10075	1	1	1:1	1	1	1:1
50	2006	10030	10080	1	1	1:1	1	1	1:1
50	2007	10035	10085	1	1	1:1	1	1	1:1
50	2008	10040	10090	1	1	1:1	1	1	1:1
50	2009	10045	10095	1	1	1:1	1	1	1:1
50	2010	10050	10100	1	1	1:1	1	1	1:1
50	2011	10055	10105	1	1	1:1	1	1	1:1
50	2012	10060	10110	1	1	1:1	1	1	1:1
50	2013	10065	10115	1	1	1:1	1	1	1:1
50	2014	10070	10120	1	1	1:1	1	1	1:1
50	2015	10075	10125	1	1	1:1	1	1	1:1
50	2016	10080	10130	1	1	1:1	1	1	1:1
50	2017	10085	10135	1	1	1:1	1	1	1:1
50	2018	10090	10140	1	1	1:1	1	1	1:1
50	2019	10095	10145	1	1	1:1	1	1	1:1
50	2020	10100	10150	1	1	1:1	1	1	1:1
50	2021	10105	10155	1	1	1:1	1	1	1:1
50	2022	10110	10160	1	1	1:1	1	1	1:1
50	2023	10115	10165	1	0.98	1:0.98,2:0.02	1	0.98	1:0.98,5:0.02
50	2024	10120	10170	1	0.88	1:0.88,2:0.12	1	0.88	1:0.88,5:0.12
50	2025	10125	10175	1	0.78	1:0.78,2:0.22	1	0.78	1:0.78,5:0.22
50	2026	10130	10180	1	0.68	1:0.68,2:0.32	1	0.68	1:0.68,5:0.32
50	2027	10135	10185	1	0.58	1:0.58,2:0.42	1	0.58	1:0.58,5:0.42
50	2028	10140	10190	2	0.52	1:0.48,2:0.52	5	0.52	1:0.48,5:0.52
50	2029	10145	10195	2	0.62	1:0.38,2:0.62	5	0.62	1:0.38,5:0.62
50	2030	10150	10200	2	0.72	1:0.28,2:0.72	5	0.72	1:0.28,5:0.72
50	2031	10155	10205	2	0.82	1:0.18,2:0.82	5	0.82	1:0.18,5:0.82
50	2032	10160	10210	2	0.92	1:0.08,2:0.92	5	0.92	1:0.08,5:0.92
50	2033	10165	10215	2	1	2:1	5	1	5:1
50	2034	10170	10220	2	1	2:1	5	1	5:1
50	2035	10175	10225	2	1	2:1	5	1	5:1
50	2036	10180	10230	2	1	2:1	5	1	5:1
50	2037	10185	10235	2	1	2:1	5	1	5:1
50	2038	10190	10240	2	1	2:1	5	1	5:1
50	2039	10195	10245	2	1	2:1	5	1	5:1
50	2040	10200	10250	2	1	2:1	5	1	5:1
50	2041	10205	10255	2	1	2:1	5	0.92	1:0.08,5:0.92
50	2042	10210	10260	2	1	2:1	5	0.82	1:0.18,5:0.82
50	2043	10215	10265	2	1	2:1	5	0.72	1:0.28,5:0.72
50	2044	10220	10270	2	1	2:1	5	0.62	1:0.38,5:0.62
50	2045	10225	10275	2	1	2:1	5	0.52	1:0.48,5:0.52
50	2046	10230	10280	2	1	2:1	1	0.58	1:0.58,5:0.42
50	2047	10235	10285	2	1	2:1	1	0.68	1:0.68,5:0.32
50	2048	10240	10290	2	1	2:1	1	0.78	1:0.78,5:0.22
50	2049	10245	10295	2	1	2:1	1	0.88	1:0.88,5:0.12
50	2050	10250	10300	2	1	2:1	1	0.98	1:0.98,5:0.02
50	2051	10255	10305		0		1	1	1:1
50	2052	10260	10310		0		1	1	1:1
50	2053	10265	10315		0		1	1	1:1
50	2054	10270	10320		0		1	1	1:1
50	2055	10275	10325		0		1	1	1:1
50	2056	10280	10330		0		1	1	1:1
50	2057	10285	10335		0		1	1	1:1
50	2058	10290	10340		0		1	1	1:1
50	2059	10295	10345		0		1	1	1:1
50	2060	10300	10350		0		1	1	1:1
50	2061	10305	10355		0		1	1	1:1
50	2062	10310	10360		0		1	1	1:1
50	2063	10315	10365		0		1	1	1:1
50	2064	10320	10370		0		1	1	1:1
50	2065	10325	10375		0		1	1	1:1
50	2066	10330	10380		0		1	1	1:1
50	2067	10335	10385		0		1	1	1:1
50	2068	10340	10390		0		1	1	1:1
50	2069	10345	10395		0		1	1	1:1
50	2070	10350	10400		0		1	1	1:1
50	2071	10355	10405		0		1	1	1:1
50	2072	10360	10410		0		1	1	1:1
50	2073	10365	10415		0		1	1	1:1
50	2074	10370	10420		0		1	1	1:1
50	2075	10375	10425		0		1	1	1:1
50	2076	10380	10430		0		1	1	1:1
50	2077	10385	10435		0		1	1	1:1
50	2078	10390	10440		0		1	1	1:1
50	2079	10395	10445		0		1	1	1:1
50	2080	10400	10450		0		1	0.98	1:0.98,3:0.02
50	2081	10405	10455		0		1	0.88	1:0.88,3:0.12
50	2082	10410	10460		0		1	0.78	1:0.78,3:0.22
50	2083	10415	10465		0		1	0.68	1:0.68,3:0.32
50	2084	10420	10470		0		1	0.58	1:0.58,3:0.42
50	2085	10425	10475		0		3	0.52	1:0.48,3:0.52
50	2086	10430	10480		0		3	0.62	1:0.38,3:0.62
50	2087	10435	10485		0		3	0.72	1:0.28,3:0.72
50	2088	10440	10490		0		3	0.82	1:0.18,3:0.82
50	2089	10445	10495		0		3	0.92	1:0.08,3:0.92
50	2090	10450	10500		0		3	1	3:1
50	2091	10455	10505		0		3	1	3:1
50	2092	10460	10510		0		3	1	3:1
50	2093	10465	10515		0		3	1	3:1
50	2094	10470	10520		0		3	1	3:1
50	2095	10475	10525		0		3	1	3:1
50	2096	10480	10530		0		3	1	3:1
50	2097	10485	10535		0		3	1	3:1
50	2098	10490	10540		0		3	1	3:1
50	2099	10495	10545		0		3	1	3:1
50	2100	10500	10550		0		3	1	3:1
50	2101	10505	10555		0		3	1	3:1
50	2102	10510	10560		0		3	1	3:1
50	2103	10515	10565		0		3	1	3:1
50	2104	10520	10570		0		3	1	3:1
50	2105	10525	10575		0		3	1	3:1
50	2106	10530	10580		0		3	1	3:1
50	2107	10535	10585		0		3	1	3:1
50	2108	10540	10590		0		3	1	3:1
50	2109	10545	10595		0		3	1	3:1
50	2110	10550	10600		0		3	1	3:1
50	2111	10555	10605		0		3	1	3:1
50	2112	10560	10610		0		3	1	3:1
50	2113	10565	10615		0		3	1	3:1
50	2114	10570	10620		0		3	1	3:1
50	2115	10575	10625		0		3	1	3:1
50	2116	10580	10630		0		3	1	3:1
50	2117	10585	10635		0		3	1	3:1
50	2118	10590	10640		0		3	1	3:1
50	2119	10595	10645		0		3	1	3:1
50	2120	10600	10650		0		3	1	3:1
50	2121	10605	10655		0		3	1	3:1
50	2122	10610	10660		0		3	1	3:1
50	2123	10615	10665		0		3	1	3:1
50	2124	10620	10670		0		3	1	3:1
50	2125	10625	10675		0		3	1	3:1
50	2126	10630	10680		0		3	1	3:1
50	2127	10635	10685		0		3	1	3:1
50	2128	10640	10690		0		3	1	3:1
50	2129	10645	10695		0		3	1	3:1
50	2130	10650	10700		0		3	1	3:1
50	2131	10655	10705		0		3	1	3:1
50	2132	10660	10710		0		3	1	3:1
50	2133	10665	10715		0		3	1	3:1
50	2134	10670	10720		0		3	1	3:1
50	2135	10675	10725		0		3	1	3:1
50	2136	10680	10730		0		3	1	3:1
50	2137	10685	10735		0		3	1	3:1
50	2138	10690	10740		0		3	1	3:1
50	2139	10695	10745		0		3	1	3:1
50	2140	10700	10750		0		3	1	3:1
50	2141	10705	10755		0		3	1	3:1
50	2142	10710	10760		0		3	1	3:1
50	2143	10715	10765		0		3	1	3:1
50	2144	10720	10770		0		3	1	3:1
50	2145	10725	10775		0		3	1	3:1
50	2146	10730	10780		0		3	1	3:1
50	2147	10735	10785		0		3	1	3:1
50	2148	10740	10790		0		3	1	3:1
50	2149	10745	10795		0		3	1	3:1
50	2150	10750	10800		0		3	1	3:1
50	2151	10755	10805		0		3	1	3:1
50	2152	10760	10810		0		3	1	3:1
50	2153	10765	10815		0		3	1	3:1
50	2154	10770	10820		0		3	1	3:1
50	2155	10775	10825		0		3	1	3:1
50	2156	10780	10830		0		3	1	3:1
50	2157	10785	10835		0		3	1	3:1
50	2158	10790	10840		0		3	1	3:1
50	2159	10795	10845		0		3	1	3:1
50	2160	10800	10850		0		3	1	3:1
50	2161	10805	10855		0		3	1	3:1
50	2162	10810	10860		0		3	1	3:1
50	2163	10815	10865		0		3	1	3:1
50	2164	10820	10870		0		3	1	3:1
50	2165	10825	10875		0		3	1	3:1
50	2166	10830	10880		0		3	1	3:1
50	2167	10835	10885		0		3	1	3:1
50	2168	10840	10890		0		3	1	3:1
50	2169	10845	10895		0		3	1	3:1
50	2170	10850	10900		0		3	1	3:1
50	2171	10855	10905		0		3	1	3:1
50	2172	10860	10910		0		3	1	3:1
50	2173	10865	10915		0		3	1	3:1
50	2174	10870	10920		0		3	1	3:1
50	2175	10875	10925		0		3	1	3:1
50	2176	10880	10930		0		3	1	3:1
50	2177	10885	10935		0		3	1	3:1
50	2178	10890	10940		0		3	1	3:1
50	2179	10895	10945		0		3	1	3:1
50	2180	10900	10950		0		3	1	3:1
50	2181	10905	10955		0		3	1	3:1
50	2182	10910	10960		0		3	1	3:1
50	2183	10915	10965		0		3	1	3:1
50	2184	10920	10970		0		3	1	3:1
50	2185	10925	10975		0		3	1	3:1
50	2186	10930	10980		0		3	1	3:1
50	2187	10935	10985		0		3	1	3:1
50	2188	10940	10990		0		3	1	3:1
50	2189	10945	10995		0		3	1	3:1
50	2190	10950	11000		0		3	1	3:1
50	2191	10955	11005		0		3	1	3:1
50	2192	10960	11010		0		3	1	3:1
50	2193	10965	11015		0		3	1	3:1
50	2194	10970	11020		0		3	1	3:1
50	2195	10975	11025		0		3	1	3:1
50	2196	10980	11030		0		3	1	3:1
50	2197	10985	11035		0		3	1	3:1
50	2198	10990	11040		0		3	1	3:1
50	2199	10995	11045		0		3	1	3:1
50	2200	11000	11050		0		3	1	3:1
50	2201	11005	11055		0		3	1	3:1
50	2202	11010	11060		0		3	1	3:1
50	2203	11015	11065		0		3	1	3:1
50	2204	11020	11070		0		3	1	3:1
50	2205	11025	11075		0		3	1	3:1
50	2206	11030	11080		0		3	1	3:1
50	2207	11035	11085		0		3	1	3:1
50	2208	11040	11090		0		3	1	3:1
50	2209	11045	11095		0		3	1	3:1
50	2210	11050	11100		0		3	1	3:1
50	2211	11055	11105		0		3	1	3:1
50	2212	11060	11110		0		3	1	3:1
50	2213	11065	11115		0		3	1	3:1
50	2214	11070	11120		0		3	1	3:1
50	2215	11075	11125		0		3	1	3:1
50	2216	11080	11130		0		3	1	3:1
50	2217	11085	11135		0		3	1	3:1
50	2218	11090	11140		0		3	1	3:1
50	2219	11095	11145		0		3	1	3:1
50	2220	11100	11150		0		3	1	3:1
50	2221	11105	11155		0		3	1	3:1
50	2222	11110	11160		0		3	1	3:1
50	2223	11115	11165		0		3	1	3:1
50	2224	11120	11170		0		3	1	3:1
50	2225	11125	11175		0		3	1	3:1
50	2226	11130	11180		0		3	1	3:1
50	2227	11135	11185		0		3	1	3:1
50	2228	11140	11190		0		3	1	3:1
50	2229	11145	11195		0		3	1	3:1
50	2230	11150	11200		0		3	1	3:1
50	2231	11155	11205		0		3	1	3:1
50	2232	11160	11210		0		3	1	3:1
50	2233	11165	11215		0		3	1	3:1
50	2234	11170	11220		0		3	1	3:1
50	2235	11175	11225		0		3	1	3:1
50	2236	11180	11230		0		3	1	3:1
50	2237	11185	11235		0		3	1	3:1
50	2238	11190	11240		0		3	1	3:1
50	2239	11195	11245		0		3	1	3:1
50	2240	11200	11250		0		3	1	3:1
50	2241	11205	11255		0		3	0.9	3:0.9,5:0.1
50	2242	11210	11260		0		3	0.8	3:0.8,5:0.2
50	2243	11215	11265		0		3	0.7	3:0.7,5:0.3
50	2244	11220	11270		0		3	0.6	3:0.6,5:0.4
50	2245	11225	11275		0		3	0.5	3:0.5,5:0.5
50	2246	11230	11280		0		5	0.6	3:0.4,5:0.6
50	2247	11235	11285		0		5	0.7	3:0.3,5:0.7
50	2248	11240	11290		0		5	0.8	3:0.2,5:0.8
50	2249	11245	11295		0		5	0.9	3:0.1,5:0.9
50	2250	11250	11300		0		5	1	5:1
50	2251	11255	11305		0		5	1	5:1
50	2252	11260	11310		0		5	1	5:1
50	2253	11265	11315		0		5	1	5:1
50	2254	11270	11320		0		5	1	5:1
50	2255	11275	11325		0		5	1	5:1
50	2256	11280	11330		0		5	1	5:1
50	2257	11285	11335		0		5	1	5:1
50	2258	11290	11340		0		5	1	5:1
50	2259	11295	11345		0		5	1	5:1
50	2260	11300	11350		0		5	1	5:1
50	2261	11305	11355		0		5	1	5:1
50	2262	11310	11360		0		5	1	5:1
50	2263	11315	11365		0		5	1	5:1
50	2264	11320	11370		0		5	1	5:1
50	2265	11325	11375		0		5	1	5:1
50	2266	11330	11380		0		5	1	5:1
50	2267	11335	11385		0		5	1	5:1
50	2268	11340	11390		0		5	1	5:1
50	2269	11345	11395		0		5	1	5:1
50	2270	11350	11400		0		5	1	5:1
50	2271	11355	11405		0		5	1	5:1
50	2272	11360	11410		0		5	1	5:1
50	2273	11365	11415		0		5	1	5:1
50	2274	11370	11420		0		5	1	5:1
50	2275	11375	11425		0		5	1	5:1
50	2276	11380	11430		0		5	1	5:1
50	2277	11385	11435		0		5	1	5:1
50	2278	11390	11440		0		5	1	5:1
50	2279	11395	11445		0		5	1	5:1
50	2280	11400	11450		0		5	1	5:1
50	2281	11405	11455		0		5	1	5:1
50	2282	11410	11460		0		5	1	5:1
50	2283	11415	11465		0		5	1	5:1
50	2284	11420	11470		0		5	1	5:1
50	2285	11425	11475		0		5	1	5:1
50	2286	11430	11480		0		5	1	5:1
50	2287	11435	11485		0		5	1	5:1
50	2288	11440	11490		0		5	1	5:1
50	2289	11445	11495		0		5	1	5:1
50	2290	11450	11500		0		5	1	5:1
50	2291	11455	11505		0		5	1	5:1
50	2292	11460	11510		0		5	1	5:1
50	2293	11465	11515		0		5	1	5:1
50	2294	11470	11520		0		5	1	5:1
50	2295	11475	11525		0		5	1	5:1
50	2296	11480	11530		0		5	1	5:1
50	2297	11485	11535		0		5	1	5:1
50	2298	11490	11540		0		5	1	5:1
50	2299	11495	11545		0		5	1	5:1
50	2300	11500	11550		0		5	1	5:1
50	2301	11505	11555		0		5	1	5:1
50	2302	11510	11560		0		5	1	5:1
50	2303	11515	11565		0		5	1	5:1
50	2304	11520	11570		0		5	1	5:1
50	2305	11525	11575		0		5	1	5:1
50	2306	11530	11580		0		5	1	5:1
50	2307	11535	11585		0		5	1	5:1
50	2308	11540	11590		0		5	1	5:1
50	2309	11545	11595		0		5	1	5:1
50	2310	11550	11600		0		5	1	5:1
50	2311	11555	11605		0		5	1	5:1
50	2312	11560	11610		0		5	1	5:1
50	2313	11565	11615		0		5	1	5:1
50	2314	11570	11620		0		5	1	5:1
50	2315	11575	11625		0		5	1	5:1
50	2316	11580	11630		0		5	1	5:1
50	2317	11585	11635		0		5	1	5:1
50	2318	11590	11640		0		5	1	5:1
50	2319	11595	11645		0		5	1	5:1
50	2320	11600	11650		0		5	1	5:1
50	2321	11605	11655		0		5	1	5:1
50	2322	11610	11660		0		5	1	5:1
50	2323	11615	11665		0		5	1	5:1
50	2324	11620	11670		0		5	1	5:1
50	2325	11625	11675		0		5	1	5:1
50	2326	11630	11680		0		5	1	5:1
50	2327	11635	11685		0		5	1	5:1
50	2328	11640	11690		0		5	1	5:1
50	2329	11645	11695		0		5	1	5:1
50	2330	11650	11700		0		5	1	5:1
50	2331	11655	11705		0		5	1	5:1
50	2332	11660	11710		0		5	1	5:1
50	2333	11665	11715		0		5	0.94	4:0.06,5:0.94
50	2334	11670	11720		0		5	0.84	4:0.16,5:0.84
50	2335	11675	11725		0		5	0.74	4:0.26,5:0.74
50	2336	11680	11730		0		5	0.64	4:0.36,5:0.64
50	2337	11685	11735		0		5	0.54	4:0.46,5:0.54
50	2338	11690	11740		0		4	0.56	4:0.56,5:0.44
50	2339	11695	11745		0		4	0.66	4:0.66,5:0.34
50	2340	11700	11750		0		4	0.76	4:0.76,5:0.24
50	2341	11705	11755		0		4	0.86	4:0.86,5:0.14
50	2342	11710	11760		0		4	0.96	4:0.96,5:0.04
50	2343	11715	11765		0		4	1	4:1
50	2344	11720	11770		0		4	1	4:1
50	2345	11725	11775		0		4	1	4:1
50	2346	11730	11780		0		4	1	4:1
50	2347	11735	11785		0		4	1	4:1
50	2348	11740	11790		0		4	1	4:1
50	2349	11745	11795		0		4	1	4:1
50	2350	11750	11800		0		4	1	4:1
50	2351	11755	11805		0		4	1	4:1
50	2352	11760	11810		0		4	1	4:1
50	2353	11765	11815		0		4	1	4:1
50	2354	11770	11820		0		4	1	4:1
50	2355	11775	11825		0		4	1	4:1
50	2356	11780	11830		0		4	1	4:1
50	2357	11785	11835		0		4	1	4:1
50	2358	11790	11840		0		4	1	4:1
50	2359	11795	11845		0		4	1	4:1
50	2360	11800	11850		0		4	1	4:1
50	2361	11805	11855		0		4	1	4:1
50	2362	11810	11860		0		4	1	4:1
50	2363	11815	11865		0		4	1	4:1
50	2364	11820	11870		0		4	1	4:1
50	2365	11825	11875		0		4	1	4:1
50	2366	11830	11880		0		4	1	4:1
50	2367	11835	11885		0		4	1	4:1
50	2368	11840	11890		0		4	1	4:1
50	2369	11845	11895		0		4	1	4:1
50	2370	11850	11900		0		4	1	4:1
50	2371	11855	11905		0		4	1	4:1
50	2372	11860	11910		0		4	1	4:1
50	2373	11865	11915		0		4	1	4:1
50	2374	11870	11920		0		4	1	4:1
50	2375	11875	11925		0		4	1	4:1
50	2376	11880	11930		0		4	1	4:1
50	2377	11885	11935		0		4	1	4:1
50	2378	11890	11940		0		4	1	4:1
50	2379	11895	11945		0		4	1	4:1
50	2380	11900	11950		0		4	1	4:1
50	2381	11905	11955		0		4	1	4:1
50	2382	11910	11960		0		4	1	4:1
50	2383	11915	11965		0		4	1	4:1
50	2384	11920	11970		0		4	1	4:1
50	2385	11925	11975		0		4	1	4:1
50	2386	11930	11980		0		4	1	4:1
50	2387	11935	11985		0		4	1	4:1
50	2388	11940	11990		0		4	1	4:1
50	2389	11945	11995		0		4	1	4:1
50	2390	11950	12000		0		4	1	4:1
50	2391	11955	12005		0		4	1	4:1
50	2392	11960	12010		0		4	1	4:1
50	2393	11965	12015		0		4	1	4:1
50	2394	11970	12020		0		4	1	4:1
50	2395	11975	12025		0		4	1	4:1
50	2396	11980	12030		0		4	1	4:1
50	2397	11985	12035		0		4	1	4:1
50	2398	11990	12040		0		4	1	4:1
50	2399	11995	12045		0		4	1	4:1
50	2400	12000	12050		0		4	1	4:1
50	2401	12005	12055		0		4	1	4:1
50	2402	12010	12060		0		4	1	4:1
50	2403	12015	12065		0		4	1	4:1
50	2404	12020	12070		0		4	1	4:1
50	2405	12025	12075		0		4	1	4:1
50	2406	12030	12080		0		4	1	4:1
50	2407	12035	12085		0		4	1	4:1
50	2408	12040	12090		0		4	1	4:1
50	2409	12045	12095		0		4	1	4:1
50	2410	12050	12100		0		4	1	4:1
50	2411	12055	12105		0		4	1	4:1
50	2412	12060	12110		0		4	1	4:1
50	2413	12065	12115		0		4	1	4:1
50	2414	12070	12120		0		4	1	4:1
50	2415	12075	12125		0		4	1	4:1
50	2416	12080	12130		0		4	1	4:1
50	2417	12085	12135		0		4	1	4:1
50	2418	12090	12140		0		4	1	4:1
50	2419	12095	12145		0		4	1	4:1
50	2420	12100	12150		0		4	1	4:1
50	2421	12105	12155		0		4	1	4:1
50	2422	12110	12160		0		4	1	4:1
50	2423	12115	12165		0		4	1	4:1
50	2424	12120	12170		0		4	1	4:1
50	2425	12125	12175		0		4	1	4:1
50	2426	12130	12180		0		4	1	4:1
50	2427	12135	12185		0		4	1	4:1
50	2428	12140	12190		0		4	1	4:1
50	2429	12145	12195		0		4	1	4:1
50	2430	12150	12200		0		4	1	4:1
50	2431	12155	12205		0		4	1	4:1
50	2432	12160	12210		0		4	1	4:1
50	2433	12165	12215		0		4	1	4:1
50	2434	12170	12220		0		4	1	4:1
50	2435	12175	12225		0		4	1	4:1
50	2436	12180	12230		0		4	1	4:1
50	2437	12185	12235		0		4	1	4:1
50	2438	12190	12240		0		4	1	4:1
50	2439	12195	12245		0		4	1	4:1
50	2440	12200	12250		0		4	1	4:1
50	2441	12205	12255		0		4	1	4:1
50	2442	12210	12260		0		4	1	4:1
50	2443	12215	12265		0		4	1	4:1
50	2444	12220	12270		0		4	1	4:1
50	2445	12225	12275		0		4	1	4:1
50	2446	12230	12280		0		4	1	4:1
50	2447	12235	12285		0		4	1	4:1
50	2448	12240	12290		0		4	1	4:1
50	2449	12245	12295		0		4	1	4:1
50	2450	12250	12300		0		4	1	4:1
50	2451	12255	12305		0		4	1	4:1
50	2452	12260	12310		0		4	1	4:1
50	2453	12265	12315		0		4	1	4:1
50	2454	12270	12320		0		4	1	4:1
50	2455	12275	12325		0		4	1	4:1
50	2456	12280	12330		0		4	1	4:1
50	2457	12285	12335		0		4	1	4:1
50	2458	12290	12340		0		4	1	4:1
50	2459	12295	12345		0		4	1	4:1
50	2460	12300	12350		0		4	1	4:1
50	2461	12305	12355		0		4	1	4:1
50	2462	12310	12360		0		4	1	4:1
50	2463	12315	12365		0		4	1	4:1
50	2464	12320	12370		0		4	1	4:1
50	2465	12325	12375		0		4	1	4:1
50	2466	12330	12380		0		4	1	4:1
50	2467	12335	12385		0		4	1	4:1
50	2468	12340	12390		0		4	1	4:1
50	2469	12345	12395		0		4	1	4:1
50	2470	12350	12400		0		4	1	4:1
50	2471	12355	12405		0		4	1	4:1
50	2472	12360	12410		0		4	1	4:1
50	2473	12365	12415		0		4	1	4:1
50	2474	12370	12420		0		4	1	4:1
50	2475	12375	12425		0		4	1	4:1
50	2476	12380	12430		0		4	1	4:1
50	2477	12385	12435		0		4	1	4:1
50	2478	12390	12440		0		4	1	4:1
50	2479	12395	12445		0		4	1	4:1
50	2480	12400	12450		0		4	1	4:1
50	2481	12405	12455		0		4	1	4:1
50	2482	12410	12460		0		4	1	4:1
50	2483	12415	12465		0		4	1	4:1
50	2484	12420	12470		0		4	1	4:1
50	2485	12425	12475		0		4	1	4:1
50	2486	12430	12480		0		4	1	4:1
50	2487	12435	12485		0		4	1	4:1
50	2488	12440	12490		0		4	1	4:1
50	2489	12445	12495		0		4	1	4:1
50	2490	12450	12500		0		4	1	4:1
50	2491	12455	12505		0		4	1	4:1
50	2492	12460	12510		0		4	1	4:1
50	2493	12465	12515		0		4	1	4:1
50	2494	12470	12520		0		4	1	4:1
50	2495	12475	12525		0		4	1	4:1
50	2496	12480	12530		0		4	1	4:1
50	2497	12485	12535		0		4	1	4:1
50	2498	12490	12540		0		4	1	4:1
50	2499	12495	12545		0		4	1	4:1
50	2500	12500	12550		0		4	1	4:1
50	2501	12505	12555		0		4	1	4:1
50	2502	12510	12560		0		4	1	4:1
50	2503	12515	12565		0		4	1	4:1
50	2504	12520	12570		0		4	1	4:1
50	2505	12525	12575		0		4	1	4:1
50	2506	12530	12580		0		4	1	4:1
50	2507	12535	12585		0		4	1	4:1
50	2508	12540	12590		0		4	1	4:1
50	2509	12545	12595		0		4	1	4:1
50	2510	12550	12600		0		4	1	4:1
50	2511	12555	12605		0		4	1	4:1
50	2512	12560	12610		0		4	1	4:1
50	2513	12565	12615		0		4	1	4:1
50	2514	12570	12620		0		4	1	4:1
50	2515	12575	12625		0		4	1	4:1
50	2516	12580	12630		0		4	1	4:1
50	2517	12585	12635		0		4	1	4:1
50	2518	12590	12640		0		4	1	4:1
50	2519	12595	12645		0		4	1	4:1
50	2520	12600	12650		0		4	1	4:1
50	2521	12605	12655		0		4	1	4:1
50	2522	12610	12660		0		4	1	4:1
50	2523	12615	12665		0		4	1	4:1
50	2524	12620	12670		0		4	1	4:1
50	2525	12625	12675		0		4	1	4:1
50	2526	12630	12680		0		4	1	4:1
50	2527	12635	12685		0		4	1	4:1
50	2528	12640	12690		0		4	1	4:1
50	2529	12645	12695		0		4	1	4:1
50	2530	12650	12700		0		4	1	4:1
50	2531	12655	12705		0		4	1	4:1
50	2532	12660	12710		0		4	1	4:1
50	2533	12665	12715		0		4	1	4:1
50	2534	12670	12720		0		4	1	4:1
50	2535	12675	12725		0		4	1	4:1
50	2536	12680	12730		0		4	1	4:1
50	2537	12685	12735		0		4	1	4:1
50	2538	12690	12740		0		4	1	4:1
50	2539	12695	12745		0		4	1	4:1
50	2540	12700	12750		0		4	1	4:1
50	2541	12705	12755		0		4	1	4:1
50	2542	12710	12760		0		4	1	4:1
50	2543	12715	12765		0		4	1	4:1
50	2544	12720	12770		0		4	1	4:1
50	2545	12725	12775		0		4	1	4:1
50	2546	12730	12780		0		4	1	4:1
50	2547	12735	12785		0		4	1	4:1
50	2548	12740	12790		0		4	1	4:1
50	2549	12745	12795		0		4	1	4:1
50	2550	12750	12800		0		4	1	4:1
50	2551	12755	12805		0		4	1	4:1
50	2552	12760	12810		0		4	1	4:1
50	2553	12765	12815		0		4	1	4:1
50	2554	12770	12820		0		4	1	4:1
50	2555	12775	12825		0		4	1	4:1
50	2556	12780	12830		0		4	1	4:1
50	2557	12785	12835		0		4	1	4:1
50	2558	12790	12840		0		4	1	4:1
50	2559	12795	12845		0		4	1	4:1
50	2560	12800	12850		0		4	1	4:1
50	2561	12805	12855		0		4	1	4:1
50	2562	12810	12860		0		4	1	4:1
50	2563	12815	12865		0		4	1	4:1
50	2564	12820	12870		0		4	1	4:1
50	2565	12825	12875		0		4	1	4:1
50	2566	12830	12880		0		4	1	4:1
50	2567	12835	12885		0		4	1	4:1
50	2568	12840	12890		0		4	1	4:1
50	2569	12845	12895		0		4	1	4:1
50	2570	12850	12900		0		4	1	4:1
50	2571	12855	12905		0		4	1	4:1
50	2572	12860	12910		0		4	1	4:1
50	2573	12865	12915		0		4	1	4:1
50	2574	12870	12920		0		4	1	4:1
50	2575	12875	12925		0		4	1	4:1
50	2576	12880	12930		0		4	1	4:1
50	2577	12885	12935		0		4	1	4:1
50	2578	12890	12940		0		4	1	4:1
50	2579	12895	12945		0		4	1	4:1
50	2580	12900	12950		0		4	1	4:1
50	2581	12905	12955		0		4	1	4:1
50	2582	12910	12960		0		4	1	4:1
50	2583	12915	12965		0		4	1	4:1
50	2584	12920	12970		0		4	1	4:1
50	2585	12925	12975		0		4	1	4:1
50	2586	12930	12980		0		4	1	4:1
50	2587	12935	12985		0		4	1	4:1
50	2588	12940	12990		0		4	1	4:1
50	2589	12945	12995		0		4	1	4:1
50	2590	12950	13000		0		4	1	4:1
50	2591	12955	13005		0		4	1	4:1
50	2592	12960	13010		0		4	1	4:1
50	2593	12965	13015		0		4	1	4:1
50	2594	12970	13020		0		4	1	4:1
50	2595	12975	13025		0		4	1	4:1
50	2596	12980	13030		0		4	1	4:1
50	2597	12985	13035		0		4	1	4:1
50	2598	12990	13040		0		4	1	4:1
50	2599	12995	13045		0		4	1	4:1
50	2600	13000	13050		0		4	1	4:1
50	2601	13005	13055		0		4	1	4:1
50	2602	13010	13060		0		4	1	4:1
50	2603	13015	13065		0		4	1	4:1
50	2604	13020	13070		0		4	1	4:1
50	2605	13025	13075		0		4	1	4:1
50	2606	13030	13080		0		4	1	4:1
50	2607	13035	13085		0		4	1	4:1
50	2608	13040	13090		0		4	1	4:1
50	2609	13045	13095		0		4	1	4:1
50	2610	13050	13100		0		4	1	4:1
50	2611	13055	13105		0		4	1	4:1
50	2612	13060	13110		0		4	1	4:1
50	2613	13065	13115		0		4	1	4:1
50	2614	13070	13120		0		4	1	4:1
50	2615	13075	13125		0		4	1	4:1
50	2616	13080	13130		0		4	1	4:1
50	2617	13085	13135		0		4	1	4:1
50	2618	13090	13140		0		4	1	4:1
50	2619	13095	13145		0		4	1	4:1
50	2620	13100	13150		0		4	1	4:1
50	2621	13105	13155		0		4	1	4:1
50	2622	13110	13160		0		4	1	4:1
50	2623	13115	13165		0		4	1	4:1
50	2624	13120	13170		0		4	1	4:1
50	2625	13125	13175		0		4	1	4:1
50	2626	13130	13180		0		4	1	4:1
50	2627	13135	13185		0		4	1	4:1
50	2628	13140	13190		0		4	1	4:1
50	2629	13145	13195		0		4	1	4:1
50	2630	13150	13200		0		4	1	4:1
50	2631	13155	13205		0		4	1	4:1
50	2632	13160	13210		0		4	1	4:1
50	2633	13165	13215		0		4	1	4:1
50	2634	13170	13220		0		4	1	4:1
50	2635	13175	13225		0		4	1	4:1
50	2636	13180	13230		0		4	1	4:1
50	2637	13185	13235		0		4	1	4:1
50	2638	13190	13240		0		4	1	4:1
50	2639	13195	13245		0		4	1	4:1
50	2640	13200	13250		0		4	1	4:1
50	2641	13205	13255		0		4	1	4:1
50	2642	13210	13260		0		4	1	4:1
50	2643	13215	13265		0		4	1	4:1
50	2644	13220	13270		0		4	1	4:1
50	2645	13225	13275		0		4	1	4:1
50	2646	13230	13280		0		4	1	4:1
50	2647	13235	13285		0		4	1	4:1
50	2648	13240	13290		0		4	1	4:1
50	2649	13245	13295		0		4	1	4:1
50	2650	13250	13300		0		4	1	4:1
50	2651	13255	13305		0		4	1	4:1
50	2652	13260	13310		0		4	1	4:1
50	2653	13265	13315		0		4	1	4:1
50	2654	13270	13320		0		4	1	4:1
50	2655	13275	13325		0		4	1	4:1
50	2656	13280	13330		0		4	1	4:1
50	2657	13285	13335		0		4	1	4:1
50	2658	13290	13340		0		4	1	4:1
50	2659	13295	13345		0		4	1	4:1
50	2660	13300	13350		0		4	1	4:1
50	2661	13305	13355		0		4	1	4:1
50	2662	13310	13360		0		4	1	4:1
50	2663	13315	13365		0		4	1	4:1
50	2664	13320	13370		0		4	1	4:1
50	2665	13325	13375		0		4	1	4:1
50	2666	13330	13380		0		4	1	4:1
50	2667	13335	13385		0		4	1	4:1
50	2668	13340	13390		0		4	1	4:1
50	2669	13345	13395		0		4	1	4:1
50	2670	13350	13400		0		4	1	4:1
50	2671	13355	13405		0		4	1	4:1
50	2672	13360	13410		0		4	1	4:1
50	2673	13365	13415		0		4	1	4:1
50	2674	13370	13420		0		4	1	4:1
50	2675	13375	13425		0		4	1	4:1
50	2676	13380	13430		0		4	1	4:1
50	2677	13385	13435		0		4	1	4:1
50	2678	13390	13440		0		4	1	4:1
50	2679	13395	13445		0		4	1	4:1
50	2680	13400	13450		0		4	1	4:1
50	2681	13405	13455		0		4	1	4:1
50	2682	13410	13460		0		4	1	4:1
50	2683	13415	13465		0		4	1	4:1
50	2684	13420	13470		0		4	1	4:1
50	2685	13425	13475		0		4	1	4:1
50	2686	13430	13480		0		4	1	4:1
50	2687	13435	13485		0		4	1	4:1
50	2688	13440	13490		0		4	1	4:1
50	2689	13445	13495		0		4	1	4:1
50	2690	13450	13500		0		4	1	4:1
50	2691	13455	13505		0		4	1	4:1
50	2692	13460	13510		0		4	1	4:1
50	2693	13465	13515		0		4	1	4:1
50	2694	13470	13520		0		4	1	4:1
50	2695	13475	13525		0		4	1	4:1
50	2696	13480	13530		0		4	1	4:1
50	2697	13485	13535		0		4	1	4:1
50	2698	13490	13540		0		4	1	4:1
50	2699	13495	13545		0		4	1	4:1
50	2700	13500	13550		0		4	1	4:1
50	2701	13505	13555		0		4	1	4:1
50	2702	13510	13560		0		4	1	4:1
50	2703	13515	13565		0		4	1	4:1
50	2704	13520	13570		0		4	1	4:1
50	2705	13525	13575		0		4	1	4:1
50	2706	13530	13580		0		4	1	4:1
50	2707	13535	13585		0		4	1	4:1
50	2708	13540	13590		0		4	1	4:1
50	2709	13545	13595		0		4	1	4:1
50	2710	13550	13600		0		4	1	4:1
50	2711	13555	13605		0		4	1	4:1
50	2712	13560	13610		0		4	1	4:1
50	2713	13565	13615		0		4	1	4:1
50	2714	13570	13620		0		4	1	4:1
50	2715	13575	13625		0		4	1	4:1
50	2716	13580	13630		0		4	1	4:1
50	2717	13585	13635		0		4	1	4:1
50	2718	13590	13640		0		4	1	4:1
50	2719	13595	13645		0		4	1	4:1
50	2720	13600	13650		0		4	1	4:1
50	2721	13605	13655		0		4	1	4:1
50	2722	13610	13660		0		4	1	4:1
50	2723	13615	13665		0		4	1	4:1
50	2724	13620	13670		0		4	1	4:1
50	2725	13625	13675		0		4	1	4:1
50	2726	13630	13680		0		4	1	4:1
50	2727	13635	13685		0		4	1	4:1
50	2728	13640	13690		0		4	1	4:1
50	2729	13645	13695		0		4	1	4:1
50	2730	13650	13700		0		4	1	4:1
50	2731	13655	13705		0		4	1	4:1
50	2732	13660	13710		0		4	1	4:1
50	2733	13665	13715		0		4	1	4:1
50	2734	13670	13720		0		4	1	4:1
50	2735	13675	13725		0		4	1	4:1
50	2736	13680	13730		0		4	1	4:1
50	2737	13685	13735		0		4	1	4:1
50	2738	13690	13740		0		4	1	4:1
50	2739	13695	13745		0		4	1	4:1
50	2740	13700	13750		0		4	1	4:1
50	2741	13705	13755		0		4	1	4:1
50	2742	13710	13760		0		4	1	4:1
50	2743	13715	13765		0		4	1	4:1
50	2744	13720	13770		0		4	1	4:1
50	2745	13725	13775		0		4	1	4:1
50	2746	13730	13780		0		4	1	4:1
50	2747	13735	13785		0		4	1	4:1
50	2748	13740	13790		0		4	1	4:1
50	2749	13745	13795		0		4	1	4:1
50	2750	13750	13800		0		4	1	4:1
50	2751	13755	13805		0		4	1	4:1
50	2752	13760	13810		0		4	1	4:1
50	2753	13765	13815		0		4	1	4:1
50	2754	13770	13820		0		4	1	4:1
50	2755	13775	13825		0		4	1	4:1
50	2756	13780	13830		0		4	1	4:1
50	2757	13785	13835		0		4	1	4:1
50	2758	13790	13840		0		4	1	4:1
50	2759	13795	13845		0		4	1	4:1
50	2760	13800	13850		0		4	1	4:1
50	2761	13805	13855		0		4	1	4:1
50	2762	13810	13860		0		4	1	4:1
50	2763	13815	13865		0		4	1	4:1
50	2764	13820	13870		0		4	1	4:1
50	2765	13825	13875		0		4	1	4:1
50	2766	13830	13880		0		4	1	4:1
50	2767	13835	13885		0		4	1	4:1
50	2768	13840	13890		0		4	1	4:1
50	2769	13845	13895		0		4	1	4:1
50	2770	13850	13900		0		4	1	4:1
50	2771	13855	13905		0		4	1	4:1
50	2772	13860	13910		0		4	1	4:1
50	2773	13865	13915		0		4	1	4:1
50	2774	13870	13920		0		4	1	4:1
50	2775	13875	13925		0		4	1	4:1
50	2776	13880	13930		0		4	1	4:1
50	2777	13885	13935		0		4	1	4:1
50	2778	13890	13940		0		4	1	4:1
50	2779	13895	13945		0		4	1	4:1
50	2780	13900	13950		0		4	1	4:1
50	2781	13905	13955		0		4	1	4:1
50	2782	13910	13960		0		4	1	4:1
50	2783	13915	13965		0		4	1	4:1
50	2784	13920	13970		0		4	1	4:1
50	2785	13925	13975		0		4	1	4:1
50	2786	13930	13980		0		4	1	4:1
50	2787	13935	13985		0		4	1	4:1
50	2788	13940	13990		0		4	1	4:1
50	2789	13945	13995		0		4	1	4:1
50	2790	13950	14000		0		4	1	4:1
50	2791	13955	14005		0		4	1	4:1
50	2792	13960	14010		0		4	1	4:1
50	2793	13965	14015		0		4	1	4:1
50	2794	13970	14020		0		4	1	4:1
50	2795	13975	14025		0		4	1	4:1
50	2796	13980	14030		0		4	1	4:1
50	2797	13985	14035		0		4	1	4:1
50	2798	13990	14040		0		4	1	4:1
50	2799	13995	14045		0		4	1	4:1
50	2800	14000	14050		0		4	1	4:1
50	2801	14005	14055		0		4	1	4:1
50	2802	14010	14060		0		4	1	4:1
50	2803	14015	14065		0		4	1	4:1
50	2804	14020	14070		0		4	1	4:1
50	2805	14025	14075		0		4	1	4:1
50	2806	14030	14080		0		4	1	4:1
50	2807	14035	14085		0		4	1	4:1
50	2808	14040	14090		0		4	1	4:1
50	2809	14045	14095		0		4	1	4:1
50	2810	14050	14100		0		4	1	4:1
50	2811	14055	14105		0		4	1	4:1
50	2812	14060	14110		0		4	1	4:1
50	2813	14065	14115		0		4	1	4:1
50	2814	14070	14120		0		4	1	4:1
50	2815	14075	14125		0		4	1	4:1
50	2816	14080	14130		0		4	1	4:1
50	2817	14085	14135		0		4	1	4:1
50	2818	14090	14140		0		4	1	4:1
50	2819	14095	14145		0		4	1	4:1
50	2820	14100	14150		0		4	1	4:1
50	2821	14105	14155		0		4	1	4:1
50	2822	14110	14160		0		4	1	4:1
50	2823	14115	14165		0		4	1	4:1
50	2824	14120	14170		0		4	1	4:1
50	2825	14125	14175		0		4	1	4:1
50	2826	14130	14180		0		4	1	4:1
50	2827	14135	14185		0		4	1	4:1
50	2828	14140	14190		0		4	1	4:1
50	2829	14145	14195		0		4	1	4:1
50	2830	14150	14200		0		4	1	4:1
50	2831	14155	14205		0		4	1	4:1
50	2832	14160	14210		0		4	1	4:1
50	2833	14165	14215		0		4	1	4:1
50	2834	14170	14220		0		4	1	4:1
50	2835	14175	14225		0		4	1	4:1
50	2836	14180	14230		0		4	1	4:1
50	2837	14185	14235		0		4	1	4:1
50	2838	14190	14240		0		4	1	4:1
50	2839	14195	14245		0		4	1	4:1
50	2840	14200	14250		0		4	1	4:1
50	2841	14205	14255		0		4	1	4:1
50	2842	14210	14260		0		4	1	4:1
50	2843	14215	14265		0		4	1	4:1
50	2844	14220	14270		0		4	1	4:1
50	2845	14225	14275		0		4	1	4:1
50	2846	14230	14280		0		4	1	4:1
50	2847	14235	14285		0		4	1	4:1
50	2848	14240	14290		0		4	1	4:1
50	2849	14245	14295		0		4	1	4:1
50	2850	14250	14300		0		4	1	4:1
50	2851	14255	14305		0		4	1	4:1
50	2852	14260	14310		0		4	1	4:1
50	2853	14265	14315		0		4	1	4:1
50	2854	14270	14320		0		4	1	4:1
50	2855	14275	14325		0		4	1	4:1
50	2856	14280	14330		0		4	1	4:1
50	2857	14285	14335		0		4	1	4:1
50	2858	14290	14340		0		4	1	4:1
50	2859	14295	14345		0		4	1	4:1
50	2860	14300	14350		0		4	1	4:1
50	2861	14305	14355		0		4	1	4:1
50	2862	14310	14360		0		4	1	4:1
50	2863	14315	14365		0		4	1	4:1
50	2864	14320	14370		0		4	1	4:1
50	2865	14325	14375		0		4	1	4:1
50	2866	14330	14380		0		4	1	4:1
50	2867	14335	14385		0		4	1	4:1
50	2868	14340	14390		0		4	1	4:1
50	2869	14345	14395		0		4	1	4:1
50	2870	14350	14400		0		4	1	4:1
50	2871	14355	14405		0		4	1	4:1
50	2872	14360	14410		0		4	1	4:1
50	2873	14365	14415		0		4	1	4:1
50	2874	14370	14420		0		4	1	4:1
50	2875	14375	14425		0		4	1	4:1
50	2876	14380	14430		0		4	1	4:1
50	2877	14385	14435		0		4	1	4:1
50	2878	14390	14440		0		4	1	4:1
50	2879	14395	14445		0		4	1	4:1
50	2880	14400	14450		0		4	1	4:1
50	2881	14405	14455		0		4	1	4:1
50	2882	14410	14460		0		4	1	4:1
50	2883	14415	14465		0		4	1	4:1
50	2884	14420	14470		0		4	1	4:1
50	2885	14425	14475		0		4	1	4:1
50	2886	14430	14480		0		4	1	4:1
50	2887	14435	14485		0		4	1	4:1
50	2888	14440	14490		0		4	1	4:1
50	2889	14445	14495		0		4	1	4:1
50	2890	14450	14500		0		4	1	4:1
50	2891	14455	14505		0		4	1	4:1
50	2892	14460	14510		0		4	1	4:1
50	2893	14465	14515		0		4	1	4:1
50	2894	14470	14520		0		4	1	4:1
50	2895	14475	14525		0		4	1	4:1
50	2896	14480	14530		0		4	1	4:1
50	2897	14485	14535		0		4	1	4:1
50	2898	14490	14540		0		4	1	4:1
50	2899	14495	14545		0		4	1	4:1
50	2900	14500	14550		0		4	1	4:1
50	2901	14505	14555		0		4	1	4:1
50	2902	14510	14560		0		4	1	4:1
50	2903	14515	14565		0		4	1	4:1
50	2904	14520	14570		0		4	1	4:1
50	2905	14525	14575		0		4	1	4:1
50	2906	14530	14580		0		4	1	4:1
50	2907	14535	14585		0		4	1	4:1
50	2908	14540	14590		0		4	1	4:1
50	2909	14545	14595		0		4	1	4:1
50	2910	14550	14600		0		4	1	4:1
50	2911	14555	14605		0		4	1	4:1
50	2912	14560	14610		0		4	1	4:1
50	2913	14565	14615		0		4	1	4:1
50	2914	14570	14620		0		4	1	4:1
50	2915	14575	14625		0		4	1	4:1
50	2916	14580	14630		0		4	1	4:1
50	2917	14585	14635		0		4	1	4:1
50	2918	14590	14640		0		4	1	4:1
50	2919	14595	14645		0		4	1	4:1
50	2920	14600	14650		0		4	1	4:1
50	2921	14605	14655		0		4	1	4:1
50	2922	14610	14660		0		4	1	4:1
50	2923	14615	14665		0		4	1	4:1
50	2924	14620	14670		0		4	1	4:1
50	2925	14625	14675		0		4	1	4:1
50	2926	14630	14680		0		4	1	4:1
50	2927	14635	14685		0		4	1	4:1
50	2928	14640	14690		0		4	1	4:1
50	2929	14645	14695		0		4	1	4:1
50	2930	14650	14700		0		4	1	4:1
50	2931	14655	14705		0		4	1	4:1
50	2932	14660	14710		0		4	1	4:1
50	2933	14665	14715		0		4	1	4:1
50	2934	14670	14720		0		4	1	4:1
50	2935	14675	14725		0		4	1	4:1
50	2936	14680	14730		0		4	1	4:1
50	2937	14685	14735		0		4	1	4:1
50	2938	14690	14740		0		4	1	4:1
50	2939	14695	14745		0		4	1	4:1
50	2940	14700	14750		0		4	1	4:1
50	2941	14705	14755		0		4	1	4:1
50	2942	14710	14760		0		4	1	4:1
50	2943	14715	14765		0		4	1	4:1
50	2944	14720	14770		0		4	1	4:1
50	2945	14725	14775		0		4	1	4:1
50	2946	14730	14780		0		4	1	4:1
50	2947	14735	14785		0		4	1	4:1
50	2948	14740	14790		0		4	1	4:1
50	2949	14745	14795		0		4	1	4:1
50	2950	14750	14800		0		4	1	4:1
50	2951	14755	14805	2	1	2:1	4	0.9	2:0.1,4:0.9
50	2952	14760	14810	2	1	2:1	4	0.8	2:0.2,4:0.8
50	2953	14765	14815	2	1	2:1	4	0.7	2:0.3,4:0.7
50	2954	14770	14820	2	1	2:1	4	0.6	2:0.4,4:0.6
50	2955	14775	14825	2	1	2:1	2	0.5	2:0.5,4:0.5
50	2956	14780	14830	2	1	2:1	2	0.6	2:0.6,4:0.4
50	2957	14785	14835	2	1	2:1	2	0.7	2:0.7,4:0.3
50	2958	14790	14840	2	1	2:1	2	0.8	2:0.8,4:0.2
50	2959	14795	14845	2	1	2:1	2	0.9	2:0.9,4:0.1
50	2960	14800	14850	2	1	2:1	2	1	2:1
50	2961	14805	14855	2	1	2:1	2	1	2:1
50	2962	14810	14860	2	1	2:1	2	1	2:1
50	2963	14815	14865	2	1	2:1	2	1	2:1
50	2964	14820	14870	2	1	2:1	2	1	2:1
50	2965	14825	14875	2	1	2:1	2	1	2:1
50	2966	14830	14880	2	1	2:1	2	1	2:1
50	2967	14835	14885	2	1	2:1	2	1	2:1
50	2968	14840	14890	2	1	2:1	2	1	2:1
50	2969	14845	14895	2	1	2:1	2	1	2:1
50	2970	14850	14900	2	1	2:1	2	1	2:1
50	2971	14855	14905	2	1	2:1	2	1	2:1
50	2972	14860	14910	2	1	2:1	2	1	2:1
50	2973	14865	14915	2	1	2:1	2	1	2:1
50	2974	14870	14920	2	1	2:1	2	1	2:1
50	2975	14875	14925	2	1	2:1	2	1	2:1
50	2976	14880	14930	2	1	2:1	2	1	2:1
50	2977	14885	14935	2	1	2:1	2	1	2:1
50	2978	14890	14940	2	1	2:1	2	1	2:1
50	2979	14895	14945	2	1	2:1	2	1	2:1
50	2980	14900	14950	2	1	2:1	2	1	2:1
50	2981	14905	14955	2	1	2:1	2	1	2:1
50	2982	14910	14960	2	1	2:1	2	1	2:1
50	2983	14915	14965	2	1	2:1	2	1	2:1
50	2984	14920	14970	2	1	2:1	2	1	2:1
50	2985	14925	14975	2	1	2:1	2	1	2:1
50	2986	14930	14980	2	1	2:1	2	1	2:1
50	2987	14935	14985	2	1	2:1	2	1	2:1
50	2988	14940	14990	2	1	2:1	2	1	2:1
50	2989	14945	14995	2	1	2:1	2	1	2:1
50	2990	14950	15000	2	1	2:1	2	1	2:1
50	2991	14955	15005	2	1	2:1	2	1	2:1
50	2992	14960	15010	2	1	2:1	2	1	2:1
50	2993	14965	15015	2	1	2:1	2	1	2:1
50	2994	14970	15020	2	1	2:1	2	1	2:1
50	2995	14975	15025	2	1	2:1	2	1	2:1
50	2996	14980	15030	2	1	2:1	2	1	2:1
50	2997	14985	15035	2	1	2:1	2	1	2:1
50	2998	14990	15040	2	1	2:1	2	1	2:1
50	2999	14995	15045	2	1	2:1	2	1	2:1
50	3000	15000	15050	2	1	2:1	2	1	2:1
50	3001	15005	15055	2	1	2:1	2	1	2:1
50	3002	15010	15060	2	1	2:1	2	1	2:1
50	3003	15015	15065	2	1	2:1	2	1	2:1
50	3004	15020	15070	2	1	2:1	2	1	2:1
50	3005	15025	15075	2	1	2:1	2	1	2:1
50	3006	15030	15080	2	1	2:1	2	1	2:1
50	3007	15035	15085	2	1	2:1	2	1	2:1
50	3008	15040	15090	2	1	2:1	2	1	2:1
50	3009	15045	15095	2	1	2:1	2	1	2:1
50	3010	15050	15100	2	1	2:1	2	1	2:1
50	3011	15055	15105	2	1	2:1	2	1	2:1
50	3012	15060	15110	2	1	2:1	2	1	2:1
50	3013	15065	15115	2	1	2:1	2	1	2:1
50	3014	15070	15120	2	1	2:1	2	1	2:1
50	3015	15075	15125	2	1	2:1	2	1	2:1
50	3016	15080	15130	2	1	2:1	2	1	2:1
50	3017	15085	15135	2	1	2:1	2	1	2:1
50	3018	15090	15140	2	1	2:1	2	1	2:1
50	3019	15095	15145	2	1	2:1	2	1	2:1
50	3020	15100	15150	2	1	2:1	2	1	2:1
50	3021	15105	15155	2	1	2:1	2	1	2:1
50	3022	15110	15160	2	1	2:1	2	1	2:1
50	3023	15115	15165	2	1	2:1	2	1	2:1
50	3024	15120	15170	2	1	2:1	2	1	2:1
50	3025	15125	15175	2	1	2:1	2	1	2:1
50	3026	15130	15180	2	1	2:1	2	1	2:1
50	3027	15135	15185	2	1	2:1	2	1	2:1
50	3028	15140	15190	2	1	2:1	2	1	2:1
50	3029	15145	15195	2	1	2:1	2	1	2:1
50	3030	15150	15200	2	1	2:1	2	1	2:1
50	3031	15155	15205	2	1	2:1	2	1	2:1
50	3032	15160	15210	2	1	2:1	2	1	2:1
50	3033	15165	15215	2	1	2:1	2	1	2:1
50	3034	15170	15220	2	1	2:1	2	1	2:1
50	3035	15175	15225	2	1	2:1	2	1	2:1
50	3036	15180	15230	2	1	2:1	2	1	2:1
50	3037	15185	15235	2	1	2:1	2	1	2:1
50	3038	15190	15240	2	1	2:1	2	1	2:1
50	3039	15195	15245	2	1	2:1	2	1	2:1
50	3040	15200	15250	2	1	2:1	2	1	2:1
50	3041	15205	15255	2	1	2:1	2	1	2:1
50	3042	15210	15260	2	1	2:1	2	1	2:1
50	3043	15215	15265	2	1	2:1	2	1	2:1
50	3044	15220	15270	2	1	2:1	2	1	2:1
50	3045	15225	15275	2	1	2:1	2	1	2:1
50	3046	15230	15280	2	1	2:1	2	1	2:1
50	3047	15235	15285	2	1	2:1	2	1	2:1
50	3048	15240	15290	2	1	2:1	2	1	2:1
50	3049	15245	15295	2	1	2:1	2	1	2:1
50	3050	15250	15300	2	1	2:1	2	1	2:1
50	3051	15255	15305	2	1	2:1	2	1	2:1
50	3052	15260	15310	2	1	2:1	2	1	2:1
50	3053	15265	15315	2	1	2:1	2	1	2:1
50	3054	15270	15320	2	1	2:1	2	1	2:1
50	3055	15275	15325	2	1	2:1	2	1	2:1
50	3056	15280	15330	2	1	2:1	2	1	2:1
50	3057	15285	15335	2	1	2:1	2	1	2:1
50	3058	15290	15340	2	1	2:1	2	1	2:1
50	3059	15295	15345	2	1	2:1	2	1	2:1
50	3060	15300	15350	2	1	2:1	2	1	2:1
50	3061	15305	15355	2	1	2:1	2	1	2:1
50	3062	15310	15360	2	1	2:1	2	1	2:1
50	3063	15315	15365	2	1	2:1	2	1	2:1
50	3064	15320	15370	2	1	2:1	2	1	2:1
50	3065	15325	15375	2	1	2:1	2	1	2:1
50	3066	15330	15380	2	1	2:1	2	1	2:1
50	3067	15335	15385	2	1	2:1	2	1	2:1
50	3068	15340	15390	2	1	2:1	2	1	2:1
50	3069	15345	15395	2	1	2:1	2	1	2:1
50	3070	15350	15400	2	1	2:1	2	1	2:1
50	3071	15355	15405	2	1	2:1	2	1	2:1
50	3072	15360	15410	2	1	2:1	2	1	2:1
50	3073	15365	15415	2	1	2:1	2	1	2:1
50	3074	15370	15420	2	1	2:1	2	1	2:1
50	3075	15375	15425	2	1	2:1	2	1	2:1
50	3076	15380	15430	2	1	2:1	2	1	2:1
50	3077	15385	15435	2	1	2:1	2	1	2:1
50	3078	15390	15440	2	1	2:1	2	1	2:1
50	3079	15395	15445	2	1	2:1	2	1	2:1
50	3080	15400	15450	2	1	2:1	2	1	2:1
50	3081	15405	15455	2	1	2:1	2	1	2:1
50	3082	15410	15460	2	1	2:1	2	1	2:1
50	3083	15415	15465	2	1	2:1	2	1	2:1
50	3084	15420	15470	2	1	2:1	2	1	2:1
50	3085	15425	15475	2	1	2:1	2	1	2:1
50	3086	15430	15480	2	1	2:1	2	1	2:1
50	3087	15435	15485	2	1	2:1	2	1	2:1
50	3088	15440	15490	2	1	2:1	2	1	2:1
50	3089	15445	15495	2	1	2:1	2	1	2:1
50	3090	15450	15500	2	1	2:1	2	1	2:1
50	3091	15455	15505	2	1	2:1	2	1	2:1
50	3092	15460	15510	2	1	2:1	2	1	2:1
50	3093	15465	15515	2	1	2:1	2	1	2:1
50	3094	15470	15520	2	1	2:1	2	1	2:1
50	3095	15475	15525	2	1	2:1	2	1	2:1
50	3096	15480	15530	2	1	2:1	2	1	2:1
50	3097	15485	15535	2	1	2:1	2	1	2:1
50	3098	15490	15540	2	1	2:1	2	1	2:1
50	3099	15495	15545	2	1	2:1	2	1	2:1
50	3100	15500	15550	2	1	2:1	2	1	2:1
50	3101	15505	15555	2	1	2:1	2	1	2:1
50	3102	15510	15560	2	1	2:1	2	1	2:1
50	3103	15515	15565	2	1	2:1	2	1	2:1
50	3104	15520	15570	2	1	2:1	2	1	2:1
50	3105	15525	15575	2	1	2:1	2	1	2:1
50	3106	15530	15580	2	1	2:1	2	1	2:1
50	3107	15535	15585	2	1	2:1	2	1	2:1
50	3108	15540	15590	2	1	2:1	2	1	2:1
50	3109	15545	15595	2	1	2:1	2	1	2:1
50	3110	15550	15600	2	1	2:1	2	1	2:1
50	3111	15555	15605	2	1	2:1	2	1	2:1
50	3112	15560	15610	2	1	2:1	2	1	2:1
50	3113	15565	15615	2	1	2:1	2	1	2:1
50	3114	15570	15620	2	1	2:1	2	1	2:1
50	3115	15575	15625	2	1	2:1	2	1	2:1
50	3116	15580	15630	2	1	2:1	2	1	2:1
50	3117	15585	15635	2	1	2:1	2	1	2:1
50	3118	15590	15640	2	1	2:1	2	1	2:1
50	3119	15595	15645	2	1	2:1	2	1	2:1
50	3120	15600	15650	2	1	2:1	2	1	2:1
50	3121	15605	15655	2	1	2:1	2	1	2:1
50	3122	15610	15660	2	1	2:1	2	1	2:1
50	3123	15615	15665	2	1	2:1	2	1	2:1
50	3124	15620	15670	2	1	2:1	2	1	2:1
50	3125	15625	15675	2	1	2:1	2	1	2:1
50	3126	15630	15680	2	1	2:1	2	1	2:1
50	3127	15635	15685	2	1	2:1	2	1	2:1
50	3128	15640	15690	2	1	2:1	2	1	2:1
50	3129	15645	15695	2	1	2:1	2	1	2:1
50	3130	15650	15700	2	1	2:1	2	1	2:1
50	3131	15655	15705	2	1	2:1	2	1	2:1
50	3132	15660	15710	2	1	2:1	2	1	2:1
50	3133	15665	15715	2	1	2:1	2	1	2:1
50	3134	15670	15720	2	1	2:1	2	1	2:1
50	3135	15675	15725	2	1	2:1	2	1	2:1
50	3136	15680	15730	2	1	2:1	2	1	2:1
50	3137	15685	15735	2	1	2:1	2	1	2:1
50	3138	15690	15740	2	1	2:1	2	1	2:1
50	3139	15695	15745	2	1	2:1	2	1	2:1
50	3140	15700	15750	2	1	2:1	2	1	2:1
50	3141	15705	15755	2	1	2:1	2	1	2:1
50	3142	15710	15760	2	1	2:1	2	1	2:1
50	3143	15715	15765	2	1	2:1	2	1	2:1
50	3144	15720	15770	2	1	2:1	2	1	2:1
50	3145	15725	15775	2	1	2:1	2	1	2:1
50	3146	15730	15780	2	1	2:1	2	1	2:1
50	3147	15735	15785	2	1	2:1	2	1	2:1
50	3148	15740	15790	2	1	2:1	2	1	2:1
50	3149	15745	15795	2	1	2:1	2	1	2:1
50	3150	15750	15800	2	1	2:1	2	1	2:1
50	3151	15755	15805	2	1	2:1	2	1	2:1
50	3152	15760	15810	2	1	2:1	2	1	2:1
50	3153	15765	15815	2	1	2:1	2	1	2:1
50	3154	15770	15820	2	1	2:1	2	1	2:1
50	3155	15775	15825	2	1	2:1	2	1	2:1
50	3156	15780	15830	2	1	2:1	2	1	2:1
50	3157	15785	15835	2	1	2:1	2	1	2:1
50	3158	15790	15840	2	1	2:1	2	1	2:1
50	3159	15795	15845	2	1	2:1	2	1	2:1
50	3160	15800	15850	2	1	2:1	2	1	2:1
50	3161	15805	15855	2	1	2:1	2	1	2:1
50	3162	15810	15860	2	1	2:1	2	1	2:1
50	3163	15815	15865	2	1	2:1	2	1	2:1
50	3164	15820	15870	2	1	2:1	2	1	2:1
50	3165	15825	15875	2	1	2:1	2	1	2:1
50	3166	15830	15880	2	1	2:1	2	1	2:1
50	3167	15835	15885	2	1	2:1	2	1	2:1
50	3168	15840	15890	2	1	2:1	2	1	2:1
50	3169	15845	15895	2	1	2:1	2	1	2:1
50	3170	15850	15900	2	1	2:1	2	1	2:1
50	3171	15855	15905	2	1	2:1	2	1	2:1
50	3172	15860	15910	2	1	2:1	2	1	2:1
50	3173	15865	15915	2	1	2:1	2	1	2:1
50	3174	15870	15920	2	1	2:1	2	1	2:1
50	3175	15875	15925	2	1	2:1	2	1	2:1
50	3176	15880	15930	2	1	2:1	2	1	2:1
50	3177	15885	15935	2	1	2:1	2	1	2:1
50	3178	15890	15940	2	1	2:1	2	1	2:1
50	3179	15895	15945	2	1	2:1	2	1	2:1
50	3180	15900	15950	2	1	2:1	2	1	2:1
50	3181	15905	15955	2	1	2:1	2	1	2:1
50	3182	15910	15960	2	1	2:1	2	1	2:1
50	3183	15915	15965	2	1	2:1	2	1	2:1
50	3184	15920	15970	2	1	2:1	2	1	2:1
50	3185	15925	15975	2	1	2:1	2	1	2:1
50	3186	15930	15980	2	1	2:1	2	1	2:1
50	3187	15935	15985	2	1	2:1	2	1	2:1
50	3188	15940	15990	2	1	2:1	2	1	2:1
50	3189	15945	15995	2	1	2:1	2	1	2:1
50	3190	15950	16000	2	1	2:1	2	1	2:1
50	3191	15955	16005	2	1	2:1	2	1	2:1
50	3192	15960	16010	2	1	2:1	2	1	2:1
50	3193	15965	16015	2	1	2:1	2	1	2:1
50	3194	15970	16020	2	1	2:1	2	1	2:1
50	3195	15975	16025	2	1	2:1	2	1	2:1
50	3196	15980	16030	2	1	2:1	2	1	2:1
50	3197	15985	16035	2	1	2:1	2	1	2:1
50	3198	15990	16040	2	1	2:1	2	1	2:1
50	3199	15995	16045	2	1	2:1	2	1	2:1
50	3200	16000	16050	2	1	2:1	2	1	2:1
50	3201	16005	16055	2	1	2:1	2	1	2:1
50	3202	16010	16060	2	1	2:1	2	1	2:1
50	3203	16015	16065	2	1	2:1	2	1	2:1
50	3204	16020	16070	2	1	2:1	2	1	2:1
50	3205	16025	16075	2	1	2:1	2	1	2:1
50	3206	16030	16080	2	1	2:1	2	1	2:1
50	3207	16035	16085	2	1	2:1	2	1	2:1
50	3208	16040	16090	2	1	2:1	2	1	2:1
50	3209	16045	16095	2	1	2:1	2	1	2:1
50	3210	16050	16100	2	1	2:1	2	1	2:1
50	3211	16055	16105	2	1	2:1	2	1	2:1
50	3212	16060	16110	2	1	2:1	2	1	2:1
50	3213	16065	16115	2	1	2:1	2	1	2:1
50	3214	16070	16120	2	1	2:1	2	1	2:1
50	3215	16075	16125	2	1	2:1	2	1	2:1
50	3216	16080	16130	2	1	2:1	2	1	2:1
50	3217	16085	16135	2	1	2:1	2	1	2:1
50	3218	16090	16140	2	1	2:1	2	1	2:1
50	3219	16095	16145	2	1	2:1	2	1	2:1
50	3220	16100	16150	2	1	2:1	2	1	2:1
50	3221	16105	16155	2	1	2:1	2	1	2:1
50	3222	16110	16160	2	1	2:1	2	1	2:1
50	3223	16115	16165	2	1	2:1	2	1	2:1
50	3224	16120	16170	2	1	2:1	2	1	2:1
50	3225	16125	16175	2	1	2:1	2	1	2:1
50	3226	16130	16180	2	1	2:1	2	1	2:1
50	3227	16135	16185	2	1	2:1	2	1	2:1
50	3228	16140	16190	2	1	2:1	2	1	2:1
50	3229	16145	16195	2	1	2:1	2	1	2:1
50	3230	16150	16200	2	1	2:1	2	1	2:1
50	3231	16155	16205	2	1	2:1	2	1	2:1
50	3232	16160	16210	2	1	2:1	2	1	2:1
50	3233	16165	16215	2	1	2:1	2	1	2:1
50	3234	16170	16220	2	1	2:1	2	1	2:1
50	3235	16175	16225	2	1	2:1	2	1	2:1
50	3236	16180	16230	2	1	2:1	2	1	2:1
50	3237	16185	16235	2	1	2:1	2	1	2:1
50	3238	16190	16240	2	1	2:1	2	1	2:1
50	3239	16195	16245	2	1	2:1	2	1	2:1
50	3240	16200	16250	2	1	2:1	2	1	2:1
50	3241	16205	16255	2	1	2:1	2	1	2:1
50	3242	16210	16260	2	1	2:1	2	1	2:1
50	3243	16215	16265	2	1	2:1	2	1	2:1
50	3244	16220	16270	2	1	2:1	2	1	2:1
50	3245	16225	16275	2	1	2:1	2	1	2:1
50	3246	16230	16280	2	1	2:1	2	1	2:1
50	3247	16235	16285	2	1	2:1	2	1	2:1
50	3248	16240	16290	2	1	2:1	2	1	2:1
50	3249	16245	16295	2	1	2:1	2	1	2:1
50	3250	16250	16300	2	1	2:1	2	1	2:1
50	3251	16255	16305	2	1	2:1	2	1	2:1
50	3252	16260	16310	2	1	2:1	2	1	2:1
50	3253	16265	16315	2	1	2:1	2	1	2:1
50	3254	16270	16320	2	1	2:1	2	1	2:1
50	3255	16275	16325	2	1	2:1	2	1	2:1
50	3256	16280	16330	2	1	2:1	2	1	2:1
50	3257	16285	16335	2	1	2:1	2	1	2:1
50	3258	16290	16340	2	1	2:1	2	1	2:1
50	3259	16295	16345	2	1	2:1	2	1	2:1
50	3260	16300	16350	2	1	2:1	2	1	2:1
50	3261	16305	16355	2	1	2:1	2	1	2:1
50	3262	16310	16360	2	1	2:1	2	1	2:1
50	3263	16315	16365	2	1	2:1	2	1	2:1
50	3264	16320	16370	2	1	2:1	2	1	2:1
50	3265	16325	16375	2	1	2:1	2	1	2:1
50	3266	16330	16380	2	1	2:1	2	1	2:1
50	3267	16335	16385	2	1	2:1	2	1	2:1
50	3268	16340	16390	2	1	2:1	2	1	2:1
50	3269	16345	16395	2	1	2:1	2	1	2:1
50	3270	16350	16400	2	1	2:1	2	1	2:1
50	3271	16355	16405	2	1	2:1	2	1	2:1
50	3272	16360	16410	2	1	2:1	2	1	2:1
50	3273	16365	16415	2	1	2:1	2	1	2:1
50	3274	16370	16420	2	1	2:1	2	1	2:1
50	3275	16375	16425	2	1	2:1	2	1	2:1
50	3276	16380	16430	2	1	2:1	2	1	2:1
50	3277	16385	16435	2	1	2:1	2	1	2:1
50	3278	16390	16440	2	1	2:1	2	1	2:1
50	3279	16395	16445	2	1	2:1	2	1	2:1
50	3280	16400	16450	2	1	2:1	2	1	2:1
50	3281	16405	16455	2	1	2:1	2	1	2:1
50	3282	16410	16460	2	1	2:1	2	1	2:1
50	3283	16415	16465	2	1	2:1	2	1	2:1
50	3284	16420	16470	2	1	2:1	2	1	2:1
50	3285	16425	16475	2	1	2:1	2	1	2:1
50	3286	16430	16480	2	1	2:1	2	1	2:1
50	3287	16435	16485	2	1	2:1	2	1	2:1
50	3288	16440	16490	2	1	2:1	2	1	2:1
50	3289	16445	16495	2	1	2:1	2	1	2:1
50	3290	16450	16500	2	1	2:1	2	1	2:1
50	3291	16455	16505	2	1	2:1	2	1	2:1
50	3292	16460	16510	2	1	2:1	2	1	2:1
50	3293	16465	16515	2	1	2:1	2	1	2:1
50	3294	16470	16520	2	1	2:1	2	1	2:1
50	3295	16475	16525	2	1	2:1	2	1	2:1
50	3296	16480	16530	2	1	2:1	2	1	2:1
50	3297	16485	16535	2	1	2:1	2	1	2:1
50	3298	16490	16540	2	1	2:1	2	1	2:1
50	3299	16495	16545	2	1	2:1	2	1	2:1
50	3300	16500	16550	2	1	2:1	2	1	2:1
50	3301	16505	16555	2	1	2:1	2	1	2:1
50	3302	16510	16560	2	1	2:1	2	1	2:1
50	3303	16515	16565	2	1	2:1	2	1	2:1
50	3304	16520	16570	2	1	2:1	2	1	2:1
50	3305	16525	16575	2	1	2:1	2	1	2:1
50	3306	16530	16580	2	1	2:1	2	1	2:1
50	3307	16535	16585	2	1	2:1	2	1	2:1
50	3308	16540	16590	2	1	2:1	2	1	2:1
50	3309	16545	16595	2	1	2:1	2	1	2:1
50	3310	16550	16600	2	1	2:1	2	1	2:1
50	3311	16555	16605	2	1	2:1	2	1	2:1
50	3312	16560	16610	2	1	2:1	2	1	2:1
50	3313	16565	16615	2	1	2:1	2	1	2:1
50	3314	16570	16620	2	1	2:1	2	1	2:1
50	3315	16575	16625	2	1	2:1	2	1	2:1
50	3316	16580	16630	2	1	2:1	2	1	2:1
50	3317	16585	16635	2	1	2:1	2	1	2:1
50	3318	16590	16640	2	1	2:1	2	1	2:1
50	3319	16595	16645	2	1	2:1	2	1	2:1
50	3320	16600	16650	2	1	2:1	2	1	2:1
50	3321	16605	16655	2	1	2:1	2	1	2:1
50	3322	16610	16660	2	1	2:1	2	1	2:1
50	3323	16615	16665	2	1	2:1	2	1	2:1
50	3324	16620	16670	2	1	2:1	2	1	2:1
50	3325	16625	16675	2	1	2:1	2	1	2:1
50	3326	16630	16680	2	1	2:1	2	1	2:1
50	3327	16635	16685	2	1	2:1	2	1	2:1
50	3328	16640	16690	2	1	2:1	2	1	2:1
50	3329	16645	16695	2	1	2:1	2	1	2:1
50	3330	16650	16700	2	1	2:1	2	1	2:1
50	3331	16655	16705	2	1	2:1	2	1	2:1
50	3332	16660	16710	2	1	2:1	2	1	2:1
50	3333	16665	16715	2	1	2:1	2	1	2:1
50	3334	16670	16720	2	1	2:1	2	1	2:1
50	3335	16675	16725	2	1	2:1	2	1	2:1
50	3336	16680	16730	2	1	2:1	2	1	2:1
50	3337	16685	16735	2	1	2:1	2	1	2:1
50	3338	16690	16740	2	1	2:1	2	1	2:1
50	3339	16695	16745	2	1	2:1	2	1	2:1
50	3340	16700	16750	2	1	2:1	2	1	2:1
50	3341	16705	16755	2	1	2:1	2	1	2:1
50	3342	16710	16760	2	1	2:1	2	1	2:1
50	3343	16715	16765	2	1	2:1	2	1	2:1
50	3344	16720	16770	2	1	2:1	2	1	2:1
50	3345	16725	16775	2	1	2:1	2	1	2:1
50	3346	16730	16780	2	1	2:1	2	1	2:1
50	3347	16735	16785	2	1	2:1	2	1	2:1
50	3348	16740	16790	2	1	2:1	2	1	2:1
50	3349	16745	16795	2	1	2:1	2	1	2:1
50	3350	16750	16800	2	1	2:1	2	1	2:1
50	3351	16755	16805	2	1	2:1	2	1	2:1
50	3352	16760	16810	2	1	2:1	2	1	2:1
50	3353	16765	16815	2	1	2:1	2	1	2:1
50	3354	16770	16820	2	1	2:1	2	1	2:1
50	3355	16775	16825	2	1	2:1	2	1	2:1
50	3356	16780	16830	2	1	2:1	2	1	2:1
50	3357	16785	16835	2	1	2:1	2	1	2:1
50	3358	16790	16840	2	1	2:1	2	1	2:1
50	3359	16795	16845	2	1	2:1	2	1	2:1
50	3360	16800	16850	2	1	2:1	2	1	2:1
50	3361	16805	16855	2	1	2:1	2	1	2:1
50	3362	16810	16860	2	1	2:1	2	1	2:1
50	3363	16815	16865	2	1	2:1	2	1	2:1
50	3364	16820	16870	2	1	2:1	2	1	2:1
50	3365	16825	16875	2	1	2:1	2	1	2:1
50	3366	16830	16880	2	1	2:1	2	1	2:1
50	3367	16835	16885	2	1	2:1	2	1	2:1
50	3368	16840	16890	2	1	2:1	2	1	2:1
50	3369	16845	16895	2	1	2:1	2	1	2:1
50	3370	16850	16900	2	1	2:1	2	1	2:1
50	3371	16855	16905	2	1	2:1	2	1	2:1
50	3372	16860	16910	2	1	2:1	2	1	2:1
50	3373	16865	16915	2	1	2:1	2	1	2:1
50	3374	16870	16920	2	1	2:1	2	1	2:1
50	3375	16875	16925	2	1	2:1	2	1	2:1
50	3376	16880	16930	2	1	2:1	2	1	2:1
50	3377	16885	16935	2	1	2:1	2	1	2:1
50	3378	16890	16940	2	1	2:1	2	1	2:1
50	3379	16895	16945	2	1	2:1	2	1	2:1
50	3380	16900	16950	2	1	2:1	2	1	2:1
50	3381	16905	16955	2	1	2:1	2	1	2:1
50	3382	16910	16960	2	1	2:1	2	1	2:1
50	3383	16915	16965	2	1	2:1	2	1	2:1
50	3384	16920	16970	2	1	2:1	2	1	2:1
50	3385	16925	16975	2	1	2:1	2	1	2:1
50	3386	16930	16980	2	1	2:1	2	1	2:1
50	3387	16935	16985	2	1	2:1	2	1	2:1
50	3388	16940	16990	2	1	2:1	2	1	2:1
50	3389	16945	16995	2	1	2:1	2	1	2:1
50	3390	16950	17000	2	1	2:1	2	1	2:1
50	3391	16955	17005	2	1	2:1	2	1	2:1
50	3392	16960	17010	2	1	2:1	2	1	2:1
50	3393	16965	17015	2	1	2:1	2	1	2:1
50	3394	16970	17020	2	1	2:1	2	1	2:1
50	3395	16975	17025	2	1	2:1	2	1	2:1
50	3396	16980	17030	2	1	2:1	2	1	2:1
50	3397	16985	17035	2	1	2:1	2	1	2:1
50	3398	16990	17040	2	1	2:1	2	1	2:1
50	3399	16995	17045	2	1	2:1	2	1	2:1
50	3400	17000	17050	2	1	2:1	2	1	2:1
50	3401	17005	17055	2	1	2:1	2	1	2:1
50	3402	17010	17060	2	1	2:1	2	1	2:1
50	3403	17015	17065	2	1	2:1	2	1	2:1
50	3404	17020	17070	2	1	2:1	2	1	2:1
50	3405	17025	17075	2	1	2:1	2	1	2:1
50	3406	17030	17080	2	1	2:1	2	1	2:1
50	3407	17035	17085	2	1	2:1	2	1	2:1
50	3408	17040	17090	2	1	2:1	2	1	2:1
50	3409	17045	17095	2	1	2:1	2	1	2:1
50	3410	17050	17100	2	1	2:1	2	1	2:1
50	3411	17055	17105	2	1	2:1	2	1	2:1
50	3412	17060	17110	2	1	2:1	2	1	2:1
50	3413	17065	17115	2	1	2:1	2	1	2:1
50	3414	17070	17120	2	1	2:1	2	1	2:1
50	3415	17075	17125	2	1	2:1	2	1	2:1
50	3416	17080	17130	2	1	2:1	2	1	2:1
50	3417	17085	17135	2	1	2:1	2	1	2:1
50	3418	17090	17140	2	1	2:1	2	1	2:1
50	3419	17095	17145	2	1	2:1	2	1	2:1
50	3420	17100	17150	2	1	2:1	2	1	2:1
50	3421	17105	17155	2	1	2:1	2	1	2:1
50	3422	17110	17160	2	1	2:1	2	1	2:1
50	3423	17115	17165	2	1	2:1	2	1	2:1
50	3424	17120	17170	2	1	2:1	2	1	2:1
50	3425	17125	17175	2	1	2:1	2	1	2:1
50	3426	17130	17180	2	1	2:1	2	1	2:1
50	3427	17135	17185	2	1	2:1	2	1	2:1
50	3428	17140	17190	2	1	2:1	2	1	2:1
50	3429	17145	17195	2	1	2:1	2	1	2:1
50	3430	17150	17200	2	1	2:1	2	1	2:1
50	3431	17155	17205	2	1	2:1	2	1	2:1
50	3432	17160	17210	2	1	2:1	2	1	2:1
50	3433	17165	17215	2	1	2:1	2	1	2:1
50	3434	17170	17220	2	1	2:1	2	1	2:1
50	3435	17175	17225	2	1	2:1	2	1	2:1
50	3436	17180	17230	2	1	2:1	2	1	2:1
50	3437	17185	17235	2	1	2:1	2	1	2:1
50	3438	17190	17240	2	1	2:1	2	1	2:1
50	3439	17195	17245	2	1	2:1	2	1	2:1
50	3440	17200	17250	2	1	2:1	2	1	2:1
50	3441	17205	17255	2	1	2:1	2	1	2:1
50	3442	17210	17260	2	1	2:1	2	1	2:1
50	3443	17215	17265	2	1	2:1	2	1	2:1
50	3444	17220	17270	2	1	2:1	2	1	2:1
50	3445	17225	17275	2	1	2:1	2	1	2:1
50	3446	17230	17280	2	1	2:1	2	1	2:1
50	3447	17235	17285	2	1	2:1	2	1	2:1
50	3448	17240	17290	2	1	2:1	2	1	2:1
50	3449	17245	17295	2	1	2:1	2	1	2:1
50	3450	17250	17300	2	1	2:1	2	1	2:1
50	3451	17255	17305	2	1	2:1	2	1	2:1
50	3452	17260	17310	2	1	2:1	2	1	2:1
50	3453	17265	17315	2	1	2:1	2	1	2:1
50	3454	17270	17320	2	1	2:1	2	1	2:1
50	3455	17275	17325	2	1	2:1	2	1	2:1
50	3456	17280	17330	2	1	2:1	2	1	2:1
50	3457	17285	17335	2	1	2:1	2	1	2:1
50	3458	17290	17340	2	1	2:1	2	1	2:1
50	3459	17295	17345	2	1	2:1	2	1	2:1
50	3460	17300	17350	2	1	2:1	2	1	2:1
50	3461	17305	17355	2	1	2:1	2	1	2:1
50	3462	17310	17360	2	1	2:1	2	1	2:1
50	3463	17315	17365	2	1	2:1	2	1	2:1
50	3464	17320	17370	2	1	2:1	2	1	2:1
50	3465	17325	17375	2	1	2:1	2	1	2:1
50	3466	17330	17380	2	1	2:1	2	1	2:1
50	3467	17335	17385	2	1	2:1	2	1	2:1
50	3468	17340	17390	2	1	2:1	2	1	2:1
50	3469	17345	17395	2	1	2:1	2	1	2:1
50	3470	17350	17400	2	1	2:1	2	1	2:1
50	3471	17355	17405	2	1	2:1	2	1	2:1
50	3472	17360	17410	2	1	2:1	2	1	2:1
50	3473	17365	17415	2	1	2:1	2	1	2:1
50	3474	17370	17420	2	1	2:1	2	1	2:1
50	3475	17375	17425	2	1	2:1	2	1	2:1
50	3476	17380	17430	2	1	2:1	2	1	2:1
50	3477	17385	17435	2	1	2:1	2	1	2:1
50	3478	17390	17440	2	1	2:1	2	1	2:1
50	3479	17395	17445	2	1	2:1	2	1	2:1
50	3480	17400	17450	2	1	2:1	2	1	2:1
50	3481	17405	17455	2	1	2:1	2	1	2:1
50	3482	17410	17460	2	1	2:1	2	1	2:1
50	3483	17415	17465	2	1	2:1	2	1	2:1
50	3484	17420	17470	2	1	2:1	2	1	2:1
50	3485	17425	17475	2	1	2:1	2	1	2:1
50	3486	17430	17480	2	1	2:1	2	1	2:1
50	3487	17435	17485	2	1	2:1	2	1	2:1
50	3488	17440	17490	2	1	2:1	2	1	2:1
50	3489	17445	17495	2	1	2:1	2	1	2:1
50	3490	17450	17500	2	1	2:1	2	1	2:1
50	3491	17455	17505	2	1	2:1	2	1	2:1
50	3492	17460	17510	2	1	2:1	2	1	2:1
50	3493	17465	17515	2	1	2:1	2	1	2:1
50	3494	17470	17520	2	1	2:1	2	1	2:1
50	3495	17475	17525	2	1	2:1	2	1	2:1
50	3496	17480	17530	2	1	2:1	2	1	2:1
50	3497	17485	17535	2	1	2:1	2	1	2:1
50	3498	17490	17540	2	1	2:1	2	1	2:1
50	3499	17495	17545	2	1	2:1	2	1	2:1
50	3500	17500	17550	2	1	2:1	2	1	2:1
50	3501	17505	17555	2	1	2:1	2	1	2:1
50	3502	17510	17560	2	1	2:1	2	1	2:1
50	3503	17515	17565	2	1	2:1	2	1	2:1
50	3504	17520	17570	2	1	2:1	2	1	2:1
50	3505	17525	17575	2	1	2:1	2	1	2:1
50	3506	17530	17580	2	1	2:1	2	1	2:1
50	3507	17535	17585	2	1	2:1	2	1	2:1
50	3508	17540	17590	2	1	2:1	2	1	2:1
50	3509	17545	17595	2	1	2:1	2	1	2:1
50	3510	17550	17600	2	1	2:1	2	1	2:1
50	3511	17555	17605	2	1	2:1	2	1	2:1
50	3512	17560	17610	2	1	2:1	2	1	2:1
50	3513	17565	17615	2	1	2:1	2	1	2:1
50	3514	17570	17620	2	1	2:1	2	1	2:1
50	3515	17575	17625	2	1	2:1	2	1	2:1
50	3516	17580	17630	2	1	2:1	2	1	2:1
50	3517	17585	17635	2	1	2:1	2	1	2:1
50	3518	17590	17640	2	1	2:1	2	1	2:1
50	3519	17595	17645	2	1	2:1	2	1	2:1
50	3520	17600	17650	2	1	2:1	2	1	2:1
50	3521	17605	17655	2	1	2:1	2	1	2:1
50	3522	17610	17660	2	1	2:1	2	1	2:1
50	3523	17615	17665	2	1	2:1	2	1	2:1
50	3524	17620	17670	2	1	2:1	2	1	2:1
50	3525	17625	17675	2	1	2:1	2	1	2:1
50	3526	17630	17680	2	1	2:1	2	1	2:1
50	3527	17635	17685	2	1	2:1	2	1	2:1
50	3528	17640	17690	2	1	2:1	2	1	2:1
50	3529	17645	17695	2	1	2:1	2	1	2:1
50	3530	17650	17700	2	1	2:1	2	1	2:1
50	3531	17655	17705	2	1	2:1	2	1	2:1
50	3532	17660	17710	2	1	2:1	2	1	2:1
50	3533	17665	17715	2	1	2:1	2	1	2:1
50	3534	17670	17720	2	1	2:1	2	1	2:1
50	3535	17675	17725	2	1	2:1	2	1	2:1
50	3536	17680	17730	2	1	2:1	2	1	2:1
50	3537	17685	17735	2	1	2:1	2	1	2:1
50	3538	17690	17740	2	1	2:1	2	1	2:1
50	3539	17695	17745	2	1	2:1	2	1	2:1
50	3540	17700	17750	2	1	2:1	2	1	2:1
50	3541	17705	17755	2	1	2:1	2	1	2:1
50	3542	17710	17760	2	1	2:1	2	1	2:1
50	3543	17715	17765	2	1	2:1	2	1	2:1
50	3544	17720	17770	2	1	2:1	2	1	2:1
50	3545	17725	17775	2	1	2:1	2	1	2:1
50	3546	17730	17780	2	1	2:1	2	1	2:1
50	3547	17735	17785	2	1	2:1	2	1	2:1
50	3548	17740	17790	2	1	2:1	2	1	2:1
50	3549	17745	17795	2	1	2:1	2	1	2:1
50	3550	17750	17800	2	1	2:1	2	1	2:1
50	3551	17755	17805	2	1	2:1	2	1	2:1
50	3552	17760	17810	2	1	2:1	2	1	2:1
50	3553	17765	17815	2	1	2:1	2	1	2:1
50	3554	17770	17820	2	1	2:1	2	1	2:1
50	3555	17775	17825	2	1	2:1	2	1	2:1
50	3556	17780	17830	2	1	2:1	2	1	2:1
50	3557	17785	17835	2	1	2:1	2	1	2:1
50	3558	17790	17840	2	1	2:1	2	1	2:1
50	3559	17795	17845	2	1	2:1	2	1	2:1
50	3560	17800	17850	2	1	2:1	2	1	2:1
50	3561	17805	17855	2	1	2:1	2	1	2:1
50	3562	17810	17860	2	1	2:1	2	1	2:1
50	3563	17815	17865	2	1	2:1	2	1	2:1
50	3564	17820	17870	2	1	2:1	2	1	2:1
50	3565	17825	17875	2	1	2:1	2	1	2:1
50	3566	17830	17880	2	1	2:1	2	1	2:1
50	3567	17835	17885	2	1	2:1	2	1	2:1
50	3568	17840	17890	2	1	2:1	2	1	2:1
50	3569	17845	17895	2	1	2:1	2	1	2:1
50	3570	17850	17900	2	1	2:1	2	1	2:1
50	3571	17855	17905	2	1	2:1	2	1	2:1
50	3572	17860	17910	2	1	2:1	2	1	2:1
50	3573	17865	17915	2	1	2:1	2	1	2:1
50	3574	17870	17920	2	1	2:1	2	1	2:1
50	3575	17875	17925	2	1	2:1	2	1	2:1
50	3576	17880	17930	2	1	2:1	2	1	2:1
50	3577	17885	17935	2	1	2:1	2	1	2:1
50	3578	17890	17940	2	1	2:1	2	1	2:1
50	3579	17895	17945	2	1	2:1	2	1	2:1
50	3580	17900	17950	2	1	2:1	2	1	2:1
50	3581	17905	17955	2	1	2:1	2	1	2:1
50	3582	17910	17960	2	1	2:1	2	1	2:1
50	3583	17915	17965	2	1	2:1	2	1	2:1
50	3584	17920	17970	2	1	2:1	2	1	2:1
50	3585	17925	17975	2	1	2:1	2	1	2:1
50	3586	17930	17980	2	1	2:1	2	1	2:1
50	3587	17935	17985	2	1	2:1	2	1	2:1
50	3588	17940	17990	2	1	2:1	2	1	2:1
50	3589	17945	17995	2	1	2:1	2	1	2:1
50	3590	17950	18000	2	1	2:1	2	1	2:1
50	3591	17955	18005	2	1	2:1	2	1	2:1
50	3592	17960	18010	2	1	2:1	2	1	2:1
50	3593	17965	18015	2	1	2:1	2	1	2:1
50	3594	17970	18020	2	1	2:1	2	1	2:1
50	3595	17975	18025	2	1	2:1	2	1	2:1
50	3596	17980	18030	2	1	2:1	2	1	2:1
50	3597	17985	18035	2	1	2:1	2	1	2:1
50	3598	17990	18040	2	1	2:1	2	1	2:1
50	3599	17995	18045	2	1	2:1	2	1	2:1
50	3600	18000	18050	2	1	2:1	2	1	2:1
50	3601	18005	18055	2	1	2:1	2	1	2:1
50	3602	18010	18060	2	1	2:1	2	1	2:1
50	3603	18015	18065	2	1	2:1	2	1	2:1
50	3604	18020	18070	2	1	2:1	2	1	2:1
50	3605	18025	18075	2	1	2:1	2	1	2:1
50	3606	18030	18080	2	1	2:1	2	1	2:1
50	3607	18035	18085	2	1	2:1	2	1	2:1
50	3608	18040	18090	2	1	2:1	2	1	2:1
50	3609	18045	18095	2	1	2:1	2	1	2:1
50	3610	18050	18100	2	1	2:1	2	1	2:1
50	3611	18055	18105	2	1	2:1	2	1	2:1
50	3612	18060	18110	2	1	2:1	2	1	2:1
50	3613	18065	18115	2	1	2:1	2	1	2:1
50	3614	18070	18120	2	1	2:1	2	1	2:1
50	3615	18075	18125	2	1	2:1	2	1	2:1
50	3616	18080	18130	2	1	2:1	2	1	2:1
50	3617	18085	18135	2	1	2:1	2	1	2:1
50	3618	18090	18140	2	1	2:1	2	1	2:1
50	3619	18095	18145	2	1	2:1	2	1	2:1
50	3620	18100	18150	2	1	2:1	2	1	2:1
50	3621	18105	18155	2	1	2:1	2	1	2:1
50	3622	18110	18160	2	1	2:1	2	1	2:1
50	3623	18115	18165	2	1	2:1	2	1	2:1
50	3624	18120	18170	2	1	2:1	2	1	2:1
50	3625	18125	18175	2	1	2:1	2	1	2:1
50	3626	18130	18180	2	1	2:1	2	1	2:1
50	3627	18135	18185	2	1	2:1	2	1	2:1
50	3628	18140	18190	2	1	2:1	2	1	2:1
50	3629	18145	18195	2	1	2:1	2	1	2:1
50	3630	18150	18200	2	1	2:1	2	1	2:1
50	3631	18155	18205	2	1	2:1	2	1	2:1
50	3632	18160	18210	2	1	2:1	2	1	2:1
50	3633	18165	18215	2	1	2:1	2	1	2:1
50	3634	18170	18220	2	1	2:1	2	1	2:1
50	3635	18175	18225	2	1	2:1	2	1	2:1
50	3636	18180	18230	2	1	2:1	2	1	2:1
50	3637	18185	18235	2	1	2:1	2	1	2:1
50	3638	18190	18240	2	1	2:1	2	1	2:1
50	3639	18195	18245	2	1	2:1	2	1	2:1
50	3640	18200	18250	2	1	2:1	2	1	2:1
50	3641	18205	18255	2	1	2:1	2	1	2:1
50	3642	18210	18260	2	1	2:1	2	1	2:1
50	3643	18215	18265	2	1	2:1	2	1	2:1
50	3644	18220	18270	2	1	2:1	2	1	2:1
50	3645	18225	18275	2	1	2:1	2	1	2:1
50	3646	18230	18280	2	1	2:1	2	1	2:1
50	3647	18235	18285	2	1	2:1	2	1	2:1
50	3648	18240	18290	2	1	2:1	2	1	2:1
50	3649	18245	18295	2	1	2:1	2	1	2:1
50	3650	18250	18300	2	1	2:1	2	1	2:1
50	3651	18255	18305	2	1	2:1	2	1	2:1
50	3652	18260	18310	2	1	2:1	2	1	2:1
50	3653	18265	18315	2	1	2:1	2	1	2:1
50	3654	18270	18320	2	1	2:1	2	1	2:1
50	3655	18275	18325	2	1	2:1	2	1	2:1
50	3656	18280	18330	2	1	2:1	2	1	2:1
50	3657	18285	18335	2	1	2:1	2	1	2:1
50	3658	18290	18340	2	1	2:1	2	1	2:1
50	3659	18295	18345	2	1	2:1	2	1	2:1
50	3660	18300	18350	2	1	2:1	2	1	2:1
50	3661	18305	18355	2	1	2:1	2	1	2:1
50	3662	18310	18360	2	1	2:1	2	1	2:1
50	3663	18315	18365	2	1	2:1	2	1	2:1
50	3664	18320	18370	2	1	2:1	2	1	2:1
50	3665	18325	18375	2	1	2:1	2	1	2:1
50	3666	18330	18380	2	1	2:1	2	1	2:1
50	3667	18335	18385	2	1	2:1	2	1	2:1
50	3668	18340	18390	2	1	2:1	2	1	2:1
50	3669	18345	18395	2	1	2:1	2	1	2:1
50	3670	18350	18400	2	1	2:1	2	1	2:1
50	3671	18355	18405	2	1	2:1	2	1	2:1
50	3672	18360	18410	2	1	2:1	2	1	2:1
50	3673	18365	18415	2	1	2:1	2	1	2:1
50	3674	18370	18420	2	1	2:1	2	1	2:1
50	3675	18375	18425	2	1	2:1	2	1	2:1
50	3676	18380	18430	2	1	2:1	2	1	2:1
50	3677	18385	18435	2	1	2:1	2	1	2:1
50	3678	18390	18440	2	1	2:1	2	1	2:1
50	3679	18395	18445	2	1	2:1	2	1	2:1
50	3680	18400	18450	2	1	2:1	2	1	2:1
50	3681	18405	18455	2	1	2:1	2	1	2:1
50	3682	18410	18460	2	1	2:1	2	1	2:1
50	3683	18415	18465	2	1	2:1	2	1	2:1
50	3684	18420	18470	2	1	2:1	2	1	2:1
50	3685	18425	18475	2	1	2:1	2	1	2:1
50	3686	18430	18480	2	1	2:1	2	1	2:1
50	3687	18435	18485	2	1	2:1	2	1	2:1
50	3688	18440	18490	2	1	2:1	2	1	2:1
50	3689	18445	18495	2	1	2:1	2	1	2:1
50	3690	18450	18500	2	1	2:1	2	1	2:1
50	3691	18455	18505	2	1	2:1	2	1	2:1
50	3692	18460	18510	2	1	2:1	2	1	2:1
50	3693	18465	18515	2	1	2:1	2	1	2:1
50	3694	18470	18520	2	1	2:1	2	1	2:1
50	3695	18475	18525	2	1	2:1	2	1	2:1
50	3696	18480	18530	2	1	2:1	2	1	2:1
50	3697	18485	18535	2	1	2:1	2	1	2:1
50	3698	18490	18540	2	1	2:1	2	1	2:1
50	3699	18495	18545	2	1	2:1	2	1	2:1
50	3700	18500	18550	2	1	2:1	2	1	2:1
50	3701	18505	18555	2	1	2:1	2	1	2:1
50	3702	18510	18560	2	1	2:1	2	1	2:1
50	3703	18515	18565	2	1	2:1	2	1	2:1
50	3704	18520	18570	2	1	2:1	2	1	2:1
50	3705	18525	18575	2	1	2:1	2	1	2:1
50	3706	18530	18580	2	1	2:1	2	1	2:1
50	3707	18535	18585	2	1	2:1	2	1	2:1
50	3708	18540	18590	2	1	2:1	2	1	2:1
50	3709	18545	18595	2	1	2:1	2	1	2:1
50	3710	18550	18600	2	1	2:1	2	1	2:1
50	3711	18555	18605	2	1	2:1	2	1	2:1
50	3712	18560	18610	2	1	2:1	2	1	2:1
50	3713	18565	18615	2	1	2:1	2	1	2:1
50	3714	18570	18620	2	1	2:1	2	1	2:1
50	3715	18575	18625	2	1	2:1	2	1	2:1
50	3716	18580	18630	2	1	2:1	2	1	2:1
50	3717	18585	18635	2	1	2:1	2	1	2:1
50	3718	18590	18640	2	1	2:1	2	1	2:1
50	3719	18595	18645	2	1	2:1	2	1	2:1
50	3720	18600	18650	2	1	2:1	2	1	2:1
50	3721	18605	18655	2	1	2:1	2	1	2:1
50	3722	18610	18660	2	1	2:1	2	1	2:1
50	3723	18615	18665	2	1	2:1	2	1	2:1
50	3724	18620	18670	2	1	2:1	2	1	2:1
50	3725	18625	18675	2	1	2:1	2	1	2:1
50	3726	18630	18680	2	1	2:1	2	1	2:1
50	3727	18635	18685	2	1	2:1	2	1	2:1
50	3728	18640	18690	2	1	2:1	2	1	2:1
50	3729	18645	18695	2	1	2:1	2	1	2:1
50	3730	18650	18700	2	1	2:1	2	1	2:1
50	3731	18655	18705	2	1	2:1	2	1	2:1
50	3732	18660	18710	2	1	2:1	2	1	2:1
50	3733	18665	18715	2	1	2:1	2	1	2:1
50	3734	18670	18720	2	1	2:1	2	1	2:1
50	3735	18675	18725	2	1	2:1	2	1	2:1
50	3736	18680	18730	2	1	2:1	2	1	2:1
50	3737	18685	18735	2	1	2:1	2	1	2:1
50	3738	18690	18740	2	1	2:1	2	1	2:1
50	3739	18695	18745	2	1	2:1	2	1	2:1
50	3740	18700	18750	2	1	2:1	2	1	2:1
50	3741	18705	18755	2	1	2:1	2	1	2:1
50	3742	18710	18760	2	1	2:1	2	1	2:1
50	3743	18715	18765	2	1	2:1	2	1	2:1
50	3744	18720	18770	2	1	2:1	2	1	2:1
50	3745	18725	18775	2	1	2:1	2	1	2:1
50	3746	18730	18780	2	1	2:1	2	1	2:1
50	3747	18735	18785	2	1	2:1	2	1	2:1
50	3748	18740	18790	2	1	2:1	2	1	2:1
50	3749	18745	18795	2	1	2:1	2	1	2:1
50	3750	18750	18800	2	1	2:1	2	1	2:1
50	3751	18755	18805	2	1	2:1	2	1	2:1
50	3752	18760	18810	2	1	2:1	2	1	2:1
50	3753	18765	18815	2	1	2:1	2	1	2:1
50	3754	18770	18820	2	1	2:1	2	1	2:1
50	3755	18775	18825	2	1	2:1	2	1	2:1
50	3756	18780	18830	2	1	2:1	2	1	2:1
50	3757	18785	18835	2	1	2:1	2	1	2:1
50	3758	18790	18840	2	1	2:1	2	1	2:1
50	3759	18795	18845	2	1	2:1	2	1	2:1
50	3760	18800	18850	2	1	2:1	2	1	2:1
50	3761	18805	18855	2	1	2:1	2	1	2:1
50	3762	18810	18860	2	1	2:1	2	1	2:1
50	3763	18815	18865	2	1	2:1	2	1	2:1
50	3764	18820	18870	2	1	2:1	2	1	2:1
50	3765	18825	18875	2	1	2:1	2	1	2:1
50	3766	18830	18880	2	1	2:1	2	1	2:1
50	3767	18835	18885	2	1	2:1	2	1	2:1
50	3768	18840	18890	2	1	2:1	2	1	2:1
50	3769	18845	18895	2	1	2:1	2	1	2:1
50	3770	18850	18900	2	1	2:1	2	1	2:1
50	3771	18855	18905	2	1	2:1	2	1	2:1
50	3772	18860	18910	2	1	2:1	2	1	2:1
50	3773	18865	18915	2	1	2:1	2	1	2:1
50	3774	18870	18920	2	1	2:1	2	1	2:1
50	3775	18875	18925	2	1	2:1	2	1	2:1
50	3776	18880	18930	2	1	2:1	2	1	2:1
50	3777	18885	18935	2	1	2:1	2	1	2:1
50	3778	18890	18940	2	1	2:1	2	1	2:1
50	3779	18895	18945	2	1	2:1	2	1	2:1
50	3780	18900	18950	2	1	2:1	2	1	2:1
50	3781	18905	18955	2	1	2:1	2	1	2:1
50	3782	18910	18960	2	1	2:1	2	1	2:1
50	3783	18915	18965	2	1	2:1	2	1	2:1
50	3784	18920	18970	2	1	2:1	2	1	2:1
50	3785	18925	18975	2	1	2:1	2	1	2:1
50	3786	18930	18980	2	1	2:1	2	1	2:1
50	3787	18935	18985	2	1	2:1	2	1	2:1
50	3788	18940	18990	2	1	2:1	2	1	2:1
50	3789	18945	18995	2	1	2:1	2	1	2:1
50	3790	18950	19000	2	1	2:1	2	1	2:1
50	3791	18955	19005	2	1	2:1	2	1	2:1
50	3792	18960	19010	2	1	2:1	2	1	2:1
50	3793	18965	19015	2	1	2:1	2	1	2:1
50	3794	18970	19020	2	1	2:1	2	1	2:1
50	3795	18975	19025	2	1	2:1	2	1	2:1
50	3796	18980	19030	2	1	2:1	2	1	2:1
50	3797	18985	19035	2	1	2:1	2	1	2:1
50	3798	18990	19040	2	1	2:1	2	1	2:1
50	3799	18995	19045	2	1	2:1	2	1	2:1
50	3800	19000	19050	2	1	2:1	2	1	2:1
50	3801	19005	19055	2	1	2:1	2	1	2:1
50	3802	19010	19060	2	1	2:1	2	1	2:1
50	3803	19015	19065	2	1	2:1	2	1	2:1
50	3804	19020	19070	2	1	2:1	2	1	2:1
50	3805	19025	19075	2	1	2:1	2	1	2:1
50	3806	19030	19080	2	1	2:1	2	1	2:1
50	3807	19035	19085	2	1	2:1	2	1	2:1
50	3808	19040	19090	2	1	2:1	2	1	2:1
50	3809	19045	19095	2	1	2:1	2	1	2:1
50	3810	19050	19100	2	1	2:1	2	1	2:1
50	3811	19055	19105	2	1	2:1	2	1	2:1
50	3812	19060	19110	2	1	2:1	2	1	2:1
50	3813	19065	19115	2	1	2:1	2	1	2:1
50	3814	19070	19120	2	1	2:1	2	1	2:1
50	3815	19075	19125	2	1	2:1	2	1	2:1
50	3816	19080	19130	2	1	2:1	2	1	2:1
50	3817	19085	19135	2	1	2:1	2	1	2:1
50	3818	19090	19140	2	1	2:1	2	1	2:1
50	3819	19095	19145	2	1	2:1	2	1	2:1
50	3820	19100	19150	2	1	2:1	2	1	2:1
50	3821	19105	19155	2	1	2:1	2	1	2:1
50	3822	19110	19160	2	1	2:1	2	1	2:1
50	3823	19115	19165	2	1	2:1	2	1	2:1
50	3824	19120	19170	2	1	2:1	2	1	2:1
50	3825	19125	19175	2	1	2:1	2	1	2:1
50	3826	19130	19180	2	1	2:1	2	1	2:1
50	3827	19135	19185	2	1	2:1	2	1	2:1
50	3828	19140	19190	2	1	2:1	2	1	2:1
50	3829	19145	19195	2	1	2:1	2	1	2:1
50	3830	19150	19200	2	1	2:1	2	1	2:1
50	3831	19155	19205	2	1	2:1	2	1	2:1
50	3832	19160	19210	2	1	2:1	2	1	2:1
50	3833	19165	19215	2	1	2:1	2	1	2:1
50	3834	19170	19220	2	1	2:1	2	1	2:1
50	3835	19175	19225	2	1	2:1	2	1	2:1
50	3836	19180	19230	2	1	2:1	2	1	2:1
50	3837	19185	19235	2	1	2:1	2	1	2:1
50	3838	19190	19240	2	1	2:1	2	1	2:1
50	3839	19195	19245	2	1	2:1	2	1	2:1
50	3840	19200	19250	2	1	2:1	2	1	2:1
50	3841	19205	19255	2	1	2:1	2	1	2:1
50	3842	19210	19260	2	1	2:1	2	1	2:1
50	3843	19215	19265	2	1	2:1	2	1	2:1
50	3844	19220	19270	2	1	2:1	2	1	2:1
50	3845	19225	19275	2	1	2:1	2	1	2:1
50	3846	19230	19280	2	1	2:1	2	1	2:1
50	3847	19235	19285	2	1	2:1	2	1	2:1
50	3848	19240	19290	2	1	2:1	2	1	2:1
50	3849	19245	19295	2	1	2:1	2	1	2:1
50	3850	19250	19300	2	1	2:1	2	1	2:1
50	3851	19255	19305	2	1	2:1	2	1	2:1
50	3852	19260	19310	2	1	2:1	2	1	2:1
50	3853	19265	19315	2	1	2:1	2	1	2:1
50	3854	19270	19320	2	1	2:1	2	1	2:1
50	3855	19275	19325	2	1	2:1	2	1	2:1
50	3856	19280	19330	2	1	2:1	2	1	2:1
50	3857	19285	19335	2	1	2:1	2	1	2:1
50	3858	19290	19340	2	1	2:1	2	1	2:1
50	3859	19295	19345	2	1	2:1	2	1	2:1
50	3860	19300	19350	2	1	2:1	2	1	2:1
50	3861	19305	19355	2	1	2:1	2	1	2:1
50	3862	19310	19360	2	1	2:1	2	1	2:1
50	3863	19315	19365	2	1	2:1	2	1	2:1
50	3864	19320	19370	2	1	2:1	2	1	2:1
50	3865	19325	19375	2	1	2:1	2	1	2:1
50	3866	19330	19380	2	1	2:1	2	1	2:1
50	3867	19335	19385	2	1	2:1	2	1	2:1
50	3868	19340	19390	2	1	2:1	2	1	2:1
50	3869	19345	19395	2	1	2:1	2	1	2:1
50	3870	19350	19400	2	1	2:1	2	1	2:1
50	3871	19355	19405	2	1	2:1	2	1	2:1
50	3872	19360	19410	2	1	2:1	2	1	2:1
50	3873	19365	19415	2	1	2:1	2	1	2:1
50	3874	19370	19420	2	1	2:1	2	1	2:1
50	3875	19375	19425	2	1	2:1	2	1	2:1
50	3876	19380	19430	2	1	2:1	2	1	2:1
50	3877	19385	19435	2	1	2:1	2	1	2:1
50	3878	19390	19440	2	1	2:1	2	1	2:1
50	3879	19395	19445	2	1	2:1	2	1	2:1
50	3880	19400	19450	2	1	2:1	2	1	2:1
50	3881	19405	19455	2	1	2:1	2	1	2:1
50	3882	19410	19460	2	1	2:1	2	1	2:1
50	3883	19415	19465	2	1	2:1	2	1	2:1
50	3884	19420	19470	2	1	2:1	2	1	2:1
50	3885	19425	19475	2	1	2:1	2	1	2:1
50	3886	19430	19480	2	1	2:1	2	1	2:1
50	3887	19435	19485	2	1	2:1	2	1	2:1
50	3888	19440	19490	2	1	2:1	2	1	2:1
50	3889	19445	19495	2	1	2:1	2	1	2:1
50	3890	19450	19500	2	1	2:1	2	1	2:1
50	3891	19455	19505	2	1	2:1	2	1	2:1
50	3892	19460	19510	2	1	2:1	2	1	2:1
50	3893	19465	19515	2	1	2:1	2	1	2:1
50	3894	19470	19520	2	1	2:1	2	1	2:1
50	3895	19475	19525	2	1	2:1	2	1	2:1
50	3896	19480	19530	2	1	2:1	2	1	2:1
50	3897	19485	19535	2	1	2:1	2	1	2:1
50	3898	19490	19540	2	1	2:1	2	1	2:1
50	3899	19495	19545	2	1	2:1	2	1	2:1
50	3900	19500	19550	2	1	2:1	2	1	2:1
50	3901	19505	19555	2	1	2:1	2	1	2:1
50	3902	19510	19560	2	1	2:1	2	1	2:1
50	3903	19515	19565	2	1	2:1	2	1	2:1
50	3904	19520	19570	2	1	2:1	2	1	2:1
50	3905	19525	19575	2	1	2:1	2	1	2:1
50	3906	19530	19580	2	1	2:1	2	1	2:1
50	3907	19535	19585	2	1	2:1	2	1	2:1
50	3908	19540	19590	2	1	2:1	2	1	2:1
50	3909	19545	19595	2	1	2:1	2	1	2:1
50	3910	19550	19600	2	1	2:1	2	1	2:1
50	3911	19555	19605	2	1	2:1	2	1	2:1
50	3912	19560	19610	2	1	2:1	2	1	2:1
50	3913	19565	19615	2	1	2:1	2	1	2:1
50	3914	19570	19620	2	1	2:1	2	1	2:1
50	3915	19575	19625	2	1	2:1	2	1	2:1
50	3916	19580	19630	2	1	2:1	2	1	2:1
50	3917	19585	19635	2	1	2:1	2	1	2:1
50	3918	19590	19640	2	1	2:1	2	1	2:1
50	3919	19595	19645	2	1	2:1	2	1	2:1
50	3920	19600	19650	2	1	2:1	2	1	2:1
50	3921	19605	19655	2	1	2:1	2	1	2:1
50	3922	19610	19660	2	1	2:1	2	1	2:1
50	3923	19615	19665	2	1	2:1	2	1	2:1
50	3924	19620	19670	2	1	2:1	2	1	2:1
50	3925	19625	19675	2	1	2:1	2	1	2:1
50	3926	19630	19680	2	1	2:1	2	1	2:1
50	3927	19635	19685	2	1	2:1	2	1	2:1
50	3928	19640	19690	2	1	2:1	2	1	2:1
50	3929	19645	19695	2	1	2:1	2	1	2:1
50	3930	19650	19700	2	1	2:1	2	1	2:1
50	3931	19655	19705	2	1	2:1	2	1	2:1
50	3932	19660	19710	2	1	2:1	2	1	2:1
50	3933	19665	19715	2	1	2:1	2	1	2:1
50	3934	19670	19720	2	1	2:1	2	1	2:1
50	3935	19675	19725	2	1	2:1	2	1	2:1
50	3936	19680	19730	2	1	2:1	2	1	2:1
50	3937	19685	19735	2	1	2:1	2	1	2:1
50	3938	19690	19740	2	1	2:1	2	1	2:1
50	3939	19695	19745	2	1	2:1	2	1	2:1
50	3940	19700	19750	2	1	2:1	2	1	2:1
50	3941	19705	19755	2	1	2:1	2	1	2:1
50	3942	19710	19760	2	1	2:1	2	1	2:1
50	3943	19715	19765	2	1	2:1	2	1	2:1
50	3944	19720	19770	2	1	2:1	2	1	2:1
50	3945	19725	19775	2	1	2:1	2	1	2:1
50	3946	19730	19780	2	1	2:1	2	1	2:1
50	3947	19735	19785	2	1	2:1	2	1	2:1
50	3948	19740	19790	2	1	2:1	2	1	2:1
50	3949	19745	19795	2	1	2:1	2	1	2:1
50	3950	19750	19800	2	1	2:1	2	1	2:1
50	3951	19755	19805	2	1	2:1	2	1	2:1
50	3952	19760	19810	2	1	2:1	2	1	2:1
50	3953	19765	19815	2	1	2:1	2	1	2:1
50	3954	19770	19820	2	1	2:1	2	1	2:1
50	3955	19775	19825	2	1	2:1	2	1	2:1
50	3956	19780	19830	2	1	2:1	2	1	2:1
50	3957	19785	19835	2	1	2:1	2	1	2:1
50	3958	19790	19840	2	1	2:1	2	1	2:1
50	3959	19795	19845	2	1	2:1	2	1	2:1
50	3960	19800	19850	2	1	2:1	2	1	2:1
50	3961	19805	19855	2	1	2:1	2	1	2:1
50	3962	19810	19860	2	1	2:1	2	1	2:1
50	3963	19815	19865	2	1	2:1	2	1	2:1
50	3964	19820	19870	2	1	2:1	2	1	2:1
50	3965	19825	19875	2	1	2:1	2	1	2:1
50	3966	19830	19880	2	1	2:1	2	1	2:1
50	3967	19835	19885	2	1	2:1	2	1	2:1
50	3968	19840	19890	2	1	2:1	2	1	2:1
50	3969	19845	19895	2	1	2:1	2	1	2:1
50	3970	19850	19900	2	1	2:1	2	1	2:1
50	3971	19855	19905	2	1	2:1	2	1	2:1
50	3972	19860	19910	2	1	2:1	2	1	2:1
50	3973	19865	19915	2	1	2:1	2	1	2:1
50	3974	19870	19920	2	1	2:1	2	1	2:1
50	3975	19875	19925	2	1	2:1	2	1	2:1
50	3976	19880	19930	2	1	2:1	2	1	2:1
50	3977	19885	19935	2	1	2:1	2	1	2:1
50	3978	19890	19940	2	1	2:1	2	1	2:1
50	3979	19895	19945	2	1	2:1	2	1	2:1
50	3980	19900	19950	2	1	2:1	2	1	2:1
50	3981	19905	19955	2	1	2:1	2	1	2:1
50	3982	19910	19960	2	1	2:1	2	1	2:1
50	3983	19915	19965	2	1	2:1	2	1	2:1
50	3984	19920	19970	2	1	2:1	2	1	2:1
50	3985	19925	19975	2	1	2:1	2	1	2:1
50	3986	19930	19980	2	1	2:1	2	1	2:1
50	3987	19935	19985	2	1	2:1	2	1	2:1
50	3988	19940	19990	2	1	2:1	2	1	2:1
50	3989	19945	19995	2	1	2:1	2	1	2:1
50	3990	19950	20000	2	1	2:1	2	1	2:1
50	3991	19955	20005	2	1	2:1	2	1	2:1
50	3992	19960	20010	2	1	2:1	2	1	2:1
50	3993	19965	20015	2	1	2:1	2	1	2:1
50	3994	19970	20020	2	1	2:1	2	1	2:1
50	3995	19975	20025	2	1	2:1	2	1	2:1
50	3996	19980	20030	2	1	2:1	2	1	2:1
50	3997	19985	20035	2	1	2:1	2	1	2:1
50	3998	19990	20040	2	1	2:1	2	1	2:1
50	3999	19995	20045	2	1	2:1	2	1	2:1
50	4000	20000	20050	2	1	2:1	2	1	2:1
50	4001	20005	20055	2	1	2:1	2	1	2:1
50	4002	20010	20060	2	1	2:1	2	1	2:1
50	4003	20015	20065	2	1	2:1	2	1	2:1
50	4004	20020	20070	2	1	2:1	2	1	2:1
50	4005	20025	20075	2	1	2:1	2	1	2:1
50	4006	20030	20080	2	1	2:1	2	1	2:1
50	4007	20035	20085	2	1	2:1	2	1	2:1
50	4008	20040	20090	2	1	2:1	2	1	2:1
50	4009	20045	20095	2	1	2:1	2	1	2:1
50	4010	20050	20100	2	1	2:1	2	1	2:1
50	4011	20055	20105	2	1	2:1	2	1	2:1
50	4012	20060	20110	2	1	2:1	2	1	2:1
50	4013	20065	20115	2	1	2:1	2	1	2:1
50	4014	20070	20120	2	1	2:1	2	1	2:1
50	4015	20075	20125	2	1	2:1	2	1	2:1
50	4016	20080	20130	2	1	2:1	2	1	2:1
50	4017	20085	20135	2	1	2:1	2	1	2:1
50	4018	20090	20140	2	1	2:1	2	1	2:1
50	4019	20095	20145	2	1	2:1	2	1	2:1
50	4020	20100	20150	2	1	2:1	2	1	2:1
50	4021	20105	20155	2	1	2:1	2	1	2:1
50	4022	20110	20160	2	1	2:1	2	1	2:1
50	4023	20115	20165	2	1	2:1	2	1	2:1
50	4024	20120	20170	2	1	2:1	2	1	2:1
50	4025	20125	20175	2	1	2:1	2	1	2:1
50	4026	20130	20180	2	1	2:1	2	1	2:1
50	4027	20135	20185	2	1	2:1	2	1	2:1
50	4028	20140	20190	2	1	2:1	2	1	2:1
50	4029	20145	20195	2	1	2:1	2	1	2:1
50	4030	20150	20200	2	1	2:1	2	1	2:1
50	4031	20155	20205	2	1	2:1	2	1	2:1
50	4032	20160	20210	2	1	2:1	2	1	2:1
50	4033	20165	20215	2	1	2:1	2	1	2:1
50	4034	20170	20220	2	1	2:1	2	1	2:1
50	4035	20175	20225	2	1	2:1	2	1	2:1
50	4036	20180	20230	2	1	2:1	2	1	2:1
50	4037	20185	20235	2	1	2:1	2	1	2:1
50	4038	20190	20240	2	1	2:1	2	1	2:1
50	4039	20195	20245	2	1	2:1	2	1	2:1
50	4040	20200	20250	2	1	2:1	2	1	2:1
50	4041	20205	20255	2	1	2:1	2	1	2:1
50	4042	20210	20260	2	1	2:1	2	1	2:1
50	4043	20215	20265	2	1	2:1	2	1	2:1
50	4044	20220	20270	2	1	2:1	2	1	2:1
50	4045	20225	20275	2	1	2:1	2	1	2:1
50	4046	20230	20280	2	1	2:1	2	1	2:1
50	4047	20235	20285	2	1	2:1	2	1	2:1
50	4048	20240	20290	2	1	2:1	2	1	2:1
50	4049	20245	20295	2	1	2:1	2	1	2:1
50	4050	20250	20300	2	1	2:1	2	1	2:1
50	4051	20255	20305	2	1	2:1	2	1	2:1
50	4052	20260	20310	2	1	2:1	2	1	2:1
50	4053	20265	20315	2	1	2:1	2	1	2:1
50	4054	20270	20320	2	1	2:1	2	1	2:1
50	4055	20275	20325	2	1	2:1	2	1	2:1
50	4056	20280	20330	2	1	2:1	2	1	2:1
50	4057	20285	20335	2	1	2:1	2	1	2:1
50	4058	20290	20340	2	1	2:1	2	1	2:1
50	4059	20295	20345	2	1	2:1	2	1	2:1
50	4060	20300	20350	2	1	2:1	2	1	2:1
50	4061	20305	20355	2	1	2:1	2	1	2:1
50	4062	20310	20360	2	1	2:1	2	1	2:1
50	4063	20315	20365	2	1	2:1	2	1	2:1
50	4064	20320	20370	2	1	2:1	2	1	2:1
50	4065	20325	20375	2	1	2:1	2	1	2:1
50	4066	20330	20380	2	1	2:1	2	1	2:1
50	4067	20335	20385	2	1	2:1	2	1	2:1
50	4068	20340	20390	2	1	2:1	2	1	2:1
50	4069	20345	20395	2	1	2:1	2	1	2:1
50	4070	20350	20400	2	1	2:1	2	1	2:1
50	4071	20355	20405	2	1	2:1	2	1	2:1
50	4072	20360	20410	2	1	2:1	2	1	2:1
50	4073	20365	20415	2	1	2:1	2	1	2:1
50	4074	20370	20420	2	1	2:1	2	1	2:1
50	4075	20375	20425	2	1	2:1	2	1	2:1
50	4076	20380	20430	2	1	2:1	2	1	2:1
50	4077	20385	20435	2	1	2:1	2	1	2:1
50	4078	20390	20440	2	1	2:1	2	1	2:1
50	4079	20395	20445	2	1	2:1	2	1	2:1
50	4080	20400	20450	2	1	2:1	2	1	2:1
50	4081	20405	20455	2	1	2:1	2	1	2:1
50	4082	20410	20460	2	1	2:1	2	1	2:1
50	4083	20415	20465	2	1	2:1	2	1	2:1
50	4084	20420	20470	2	1	2:1	2	1	2:1
50	4085	20425	20475	2	1	2:1	2	1	2:1
50	4086	20430	20480	2	1	2:1	2	1	2:1
50	4087	20435	20485	2	1	2:1	2	1	2:1
50	4088	20440	20490	2	1	2:1	2	1	2:1
50	4089	20445	20495	2	1	2:1	2	1	2:1
50	4090	20450	20500	2	1	2:1	2	1	2:1
50	4091	20455	20505	2	1	2:1	2	1	2:1
50	4092	20460	20510	2	1	2:1	2	1	2:1
50	4093	20465	20515	2	1	2:1	2	1	2:1
50	4094	20470	20520	2	1	2:1	2	1	2:1
50	4095	20475	20525	2	1	2:1	2	1	2:1
50	4096	20480	20530	2	1	2:1	2	1	2:1
50	4097	20485	20535	2	1	2:1	2	1	2:1
50	4098	20490	20540	2	1	2:1	2	1	2:1
50	4099	20495	20545	2	1	2:1	2	1	2:1
50	4100	20500	20550	2	1	2:1	2	1	2:1
50	4101	20505	20555	2	1	2:1	2	1	2:1
50	4102	20510	20560	2	1	2:1	2	1	2:1
50	4103	20515	20565	2	1	2:1	2	1	2:1
50	4104	20520	20570	2	1	2:1	2	1	2:1
50	4105	20525	20575	2	1	2:1	2	1	2:1
50	4106	20530	20580	2	1	2:1	2	1	2:1
50	4107	20535	20585	2	1	2:1	2	1	2:1
50	4108	20540	20590	2	1	2:1	2	1	2:1
50	4109	20545	20595	2	1	2:1	2	1	2:1
50	4110	20550	20600	2	1	2:1	2	1	2:1
50	4111	20555	20605	2	1	2:1	2	1	2:1
50	4112	20560	20610	2	1	2:1	2	1	2:1
50	4113	20565	20615	2	1	2:1	2	1	2:1
50	4114	20570	20620	2	1	2:1	2	1	2:1
50	4115	20575	20625	2	1	2:1	2	1	2:1
50	4116	20580	20630	2	1	2:1	2	1	2:1
50	4117	20585	20635	2	1	2:1	2	1	2:1
50	4118	20590	20640	2	1	2:1	2	1	2:1
50	4119	20595	20645	2	1	2:1	2	1	2:1
50	4120	20600	20650	2	1	2:1	2	1	2:1
50	4121	20605	20655	2	1	2:1	2	1	2:1
50	4122	20610	20660	2	1	2:1	2	1	2:1
50	4123	20615	20665	2	1	2:1	2	1	2:1
50	4124	20620	20670	2	1	2:1	2	1	2:1
50	4125	20625	20675	2	1	2:1	2	1	2:1
50	4126	20630	20680	2	1	2:1	2	1	2:1
50	4127	20635	20685	2	1	2:1	2	1	2:1
50	4128	20640	20690	2	1	2:1	2	1	2:1
50	4129	20645	20695	2	1	2:1	2	1	2:1
50	4130	20650	20700	2	1	2:1	2	1	2:1
50	4131	20655	20705	2	1	2:1	2	1	2:1
50	4132	20660	20710	2	1	2:1	2	1	2:1
50	4133	20665	20715	2	1	2:1	2	1	2:1
50	4134	20670	20720	2	1	2:1	2	1	2:1
50	4135	20675	20725	2	1	2:1	2	1	2:1
50	4136	20680	20730	2	1	2:1	2	1	2:1
50	4137	20685	20735	2	1	2:1	2	1	2:1
50	4138	20690	20740	2	1	2:1	2	1	2:1
50	4139	20695	20745	2	1	2:1	2	1	2:1
50	4140	20700	20750	2	1	2:1	2	1	2:1
50	4141	20705	20755	2	1	2:1	2	1	2:1
50	4142	20710	20760	2	1	2:1	2	1	2:1
50	4143	20715	20765	2	1	2:1	2	1	2:1
50	4144	20720	20770	2	1	2:1	2	1	2:1
50	4145	20725	20775	2	1	2:1	2	1	2:1
50	4146	20730	20780	2	1	2:1	2	1	2:1
50	4147	20735	20785	2	1	2:1	2	1	2:1
50	4148	20740	20790	2	1	2:1	2	1	2:1
50	4149	20745	20795	2	1	2:1	2	1	2:1
50	4150	20750	20800	2	1	2:1	2	1	2:1
50	4151	20755	20805	2	1	2:1	2	1	2:1
50	4152	20760	20810	2	1	2:1	2	1	2:1
50	4153	20765	20815	2	1	2:1	2	1	2:1
50	4154	20770	20820	2	1	2:1	2	1	2:1
50	4155	20775	20825	2	1	2:1	2	1	2:1
50	4156	20780	20830	2	1	2:1	2	1	2:1
50	4157	20785	20835	2	1	2:1	2	1	2:1
50	4158	20790	20840	2	1	2:1	2	1	2:1
50	4159	20795	20845	2	1	2:1	2	1	2:1
50	4160	20800	20850	2	1	2:1	2	1	2:1
50	4161	20805	20855	2	1	2:1	2	1	2:1
50	4162	20810	20860	2	1	2:1	2	1	2:1
50	4163	20815	20865	2	1	2:1	2	1	2:1
50	4164	20820	20870	2	1	2:1	2	1	2:1
50	4165	20825	20875	2	1	2:1	2	1	2:1
50	4166	20830	20880	2	1	2:1	2	1	2:1
50	4167	20835	20885	2	1	2:1	2	1	2:1
50	4168	20840	20890	2	1	2:1	2	1	2:1
50	4169	20845	20895	2	1	2:1	2	1	2:1
50	4170	20850	20900	2	1	2:1	2	1	2:1
50	4171	20855	20905	2	1	2:1	2	1	2:1
50	4172	20860	20910	2	1	2:1	2	1	2:1
50	4173	20865	20915	2	1	2:1	2	1	2:1
50	4174	20870	20920	2	1	2:1	2	1	2:1
50	4175	20875	20925	2	1	2:1	2	1	2:1
50	4176	20880	20930	2	1	2:1	2	1	2:1
50	4177	20885	20935	2	1	2:1	2	1	2:1
50	4178	20890	20940	2	1	2:1	2	1	2:1
50	4179	20895	20945	2	1	2:1	2	1	2:1
50	4180	20900	20950	2	1	2:1	2	1	2:1
50	4181	20905	20955	2	1	2:1	2	1	2:1
50	4182	20910	20960	2	1	2:1	2	1	2:1
50	4183	20915	20965	2	1	2:1	2	1	2:1
50	4184	20920	20970	2	1	2:1	2	1	2:1
50	4185	20925	20975	2	1	2:1	2	1	2:1
50	4186	20930	20980	2	1	2:1	2	1	2:1
50	4187	20935	20985	2	1	2:1	2	1	2:1
50	4188	20940	20990	2	1	2:1	2	1	2:1
50	4189	20945	20995	2	1	2:1	2	1	2:1
50	4190	20950	21000	2	1	2:1	2	1	2:1
50	4191	20955	21005	2	1	2:1	2	1	2:1
50	4192	20960	21010	2	1	2:1	2	1	2:1
50	4193	20965	21015	2	1	2:1	2	1	2:1
50	4194	20970	21020	2	1	2:1	2	1	2:1
50	4195	20975	21025	2	1	2:1	2	1	2:1
50	4196	20980	21030	2	1	2:1	2	1	2:1
50	4197	20985	21035	2	1	2:1	2	1	2:1
50	4198	20990	21040	2	1	2:1	2	1	2:1
50	4199	20995	21045	2	1	2:1	2	1	2:1
50	4200	21000	21050	2	1	2:1	2	1	2:1
50	4201	21005	21055	2	1	2:1	2	1	2:1
50	4202	21010	21060	2	1	2:1	2	1	2:1
50	4203	21015	21065	2	1	2:1	2	1	2:1
50	4204	21020	21070	2	1	2:1	2	1	2:1
50	4205	21025	21075	2	1	2:1	2	1	2:1
50	4206	21030	21080	2	1	2:1	2	1	2:1
50	4207	21035	21085	2	1	2:1	2	1	2:1
50	4208	21040	21090	2	1	2:1	2	1	2:1
50	4209	21045	21095	2	1	2:1	2	1	2:1
50	4210	21050	21100	2	1	2:1	2	1	2:1
50	4211	21055	21105	2	1	2:1	2	1	2:1
50	4212	21060	21110	2	1	2:1	2	1	2:1
50	4213	21065	21115	2	1	2:1	2	1	2:1
50	4214	21070	21120	2	1	2:1	2	1	2:1
50	4215	21075	21125	2	1	2:1	2	1	2:1
50	4216	21080	21130	2	1	2:1	2	1	2:1
50	4217	21085	21135	2	1	2:1	2	1	2:1
50	4218	21090	21140	2	1	2:1	2	1	2:1
50	4219	21095	21145	2	1	2:1	2	1	2:1
50	4220	21100	21150	2	1	2:1	2	1	2:1
50	4221	21105	21155	2	1	2:1	2	1	2:1
50	4222	21110	21160	2	1	2:1	2	1	2:1
50	4223	21115	21165	2	1	2:1	2	1	2:1
50	4224	21120	21170	2	1	2:1	2	1	2:1
50	4225	21125	21175	2	1	2:1	2	1	2:1
50	4226	21130	21180	2	1	2:1	2	1	2:1
50	4227	21135	21185	2	1	2:1	2	1	2:1
50	4228	21140	21190	2	1	2:1	2	1	2:1
50	4229	21145	21195	2	1	2:1	2	1	2:1
50	4230	21150	21200	2	1	2:1	2	1	2:1
50	4231	21155	21205	2	1	2:1	2	1	2:1
50	4232	21160	21210	2	1	2:1	2	1	2:1
50	4233	21165	21215	2	1	2:1	2	1	2:1
50	4234	21170	21220	2	1	2:1	2	1	2:1
50	4235	21175	21225	2	1	2:1	2	1	2:1
50	4236	21180	21230	2	1	2:1	2	1	2:1
50	4237	21185	21235	2	1	2:1	2	1	2:1
50	4238	21190	21240	2	1	2:1	2	1	2:1
50	4239	21195	21245	2	1	2:1	2	1	2:1
50	4240	21200	21250	2	1	2:1	2	1	2:1
50	4241	21205	21255	2	1	2:1	2	1	2:1
50	4242	21210	21260	2	1	2:1	2	1	2:1
50	4243	21215	21265	2	1	2:1	2	1	2:1
50	4244	21220	21270	2	1	2:1	2	1	2:1
50	4245	21225	21275	2	1	2:1	2	1	2:1
50	4246	21230	21280	2	1	2:1	2	1	2:1
50	4247	21235	21285	2	1	2:1	2	1	2:1
50	4248	21240	21290	2	1	2:1	2	1	2:1
50	4249	21245	21295	2	1	2:1	2	1	2:1
50	4250	21250	21300	2	1	2:1	2	1	2:1
50	4251	21255	21305	2	1	2:1	2	1	2:1
50	4252	21260	21310	2	1	2:1	2	1	2:1
50	4253	21265	21315	2	1	2:1	2	1	2:1
50	4254	21270	21320	2	1	2:1	2	1	2:1
50	4255	21275	21325	2	1	2:1	2	1	2:1
50	4256	21280	21330	2	1	2:1	2	1	2:1
50	4257	21285	21335	2	1	2:1	2	1	2:1
50	4258	21290	21340	2	1	2:1	2	1	2:1
50	4259	21295	21345	2	1	2:1	2	1	2:1
50	4260	21300	21350	2	1	2:1	2	1	2:1
50	4261	21305	21355	2	1	2:1	2	1	2:1
50	4262	21310	21360	2	1	2:1	2	1	2:1
50	4263	21315	21365	2	1	2:1	2	1	2:1
50	4264	21320	21370	2	1	2:1	2	1	2:1
50	4265	21325	21375	2	1	2:1	2	1	2:1
50	4266	21330	21380	2	1	2:1	2	1	2:1
50	4267	21335	21385	2	1	2:1	2	1	2:1
50	4268	21340	21390	2	1	2:1	2	1	2:1
50	4269	21345	21395	2	1	2:1	2	1	2:1
50	4270	21350	21400	2	1	2:1	2	1	2:1
50	4271	21355	21405	2	1	2:1	2	1	2:1
50	4272	21360	21410	2	1	2:1	2	1	2:1
50	4273	21365	21415	2	1	2:1	2	1	2:1
50	4274	21370	21420	2	1	2:1	2	1	2:1
50	4275	21375	21425	2	1	2:1	2	1	2:1
50	4276	21380	21430	2	1	2:1	2	1	2:1
50	4277	21385	21435	2	1	2:1	2	1	2:1
50	4278	21390	21440	2	1	2:1	2	1	2:1
50	4279	21395	21445	2	1	2:1	2	1	2:1
50	4280	21400	21450	2	1	2:1	2	1	2:1
50	4281	21405	21455	2	1	2:1	2	1	2:1
50	4282	21410	21460	2	1	2:1	2	1	2:1
50	4283	21415	21465	2	1	2:1	2	1	2:1
50	4284	21420	21470	2	1	2:1	2	1	2:1
50	4285	21425	21475	2	1	2:1	2	1	2:1
50	4286	21430	21480	2	1	2:1	2	1	2:1
50	4287	21435	21485	2	1	2:1	2	1	2:1
50	4288	21440	21490	2	1	2:1	2	1	2:1
50	4289	21445	21495	2	1	2:1	2	1	2:1
50	4290	21450	21500	2	1	2:1	2	1	2:1
50	4291	21455	21505	2	1	2:1	2	1	2:1
50	4292	21460	21510	2	1	2:1	2	1	2:1
50	4293	21465	21515	2	1	2:1	2	1	2:1
50	4294	21470	21520	2	1	2:1	2	1	2:1
50	4295	21475	21525	2	1	2:1	2	1	2:1
50	4296	21480	21530	2	1	2:1	2	1	2:1
50	4297	21485	21535	2	1	2:1	2	1	2:1
50	4298	21490	21540	2	1	2:1	2	1	2:1
50	4299	21495	21545	2	1	2:1	2	1	2:1
50	4300	21500	21550	2	1	2:1	2	1	2:1
50	4301	21505	21555	2	1	2:1	2	1	2:1
50	4302	21510	21560	2	1	2:1	2	1	2:1
50	4303	21515	21565	2	1	2:1	2	1	2:1
50	4304	21520	21570	2	1	2:1	2	1	2:1
50	4305	21525	21575	2	1	2:1	2	1	2:1
50	4306	21530	21580	2	1	2:1	2	1	2:1
50	4307	21535	21585	2	1	2:1	2	1	2:1
50	4308	21540	21590	2	1	2:1	2	1	2:1
50	4309	21545	21595	2	1	2:1	2	1	2:1
50	4310	21550	21600	2	1	2:1	2	1	2:1
50	4311	21555	21605	2	1	2:1	2	1	2:1
50	4312	21560	21610	2	1	2:1	2	1	2:1
50	4313	21565	21615	2	1	2:1	2	1	2:1
50	4314	21570	21620	2	1	2:1	2	1	2:1
50	4315	21575	21625	2	1	2:1	2	1	2:1
50	4316	21580	21630	2	1	2:1	2	1	2:1
50	4317	21585	21635	2	1	2:1	2	1	2:1
50	4318	21590	21640	2	1	2:1	2	1	2:1
50	4319	21595	21645	2	1	2:1	2	1	2:1
50	4320	21600	21650	2	1	2:1	2	1	2:1
50	4321	21605	21655	2	1	2:1	2	1	2:1
50	4322	21610	21660	2	1	2:1	2	1	2:1
50	4323	21615	21665	2	1	2:1	2	1	2:1
50	4324	21620	21670	2	1	2:1	2	1	2:1
50	4325	21625	21675	2	1	2:1	2	1	2:1
50	4326	21630	21680	2	1	2:1	2	1	2:1
50	4327	21635	21685	2	1	2:1	2	1	2:1
50	4328	21640	21690	2	1	2:1	2	1	2:1
50	4329	21645	21695	2	1	2:1	2	1	2:1
50	4330	21650	21700	2	1	2:1	2	1	2:1
50	4331	21655	21705	2	1	2:1	2	1	2:1
50	4332	21660	21710	2	1	2:1	2	1	2:1
50	4333	21665	21715	2	1	2:1	2	1	2:1
50	4334	21670	21720	2	1	2:1	2	1	2:1
50	4335	21675	21725	2	1	2:1	2	1	2:1
50	4336	21680	21730	2	1	2:1	2	1	2:1
50	4337	21685	21735	2	1	2:1	2	1	2:1
50	4338	21690	21740	2	1	2:1	2	1	2:1
50	4339	21695	21745	2	1	2:1	2	1	2:1
50	4340	21700	21750	2	1	2:1	2	1	2:1
50	4341	21705	21755	2	1	2:1	2	1	2:1
50	4342	21710	21760	2	0.94	2:0.94,3:0.06	2	1	2:1
50	4343	21715	21765	2	0.84	2:0.84,3:0.16	2	1	2:1
50	4344	21720	21770	2	0.74	2:0.74,3:0.26	2	1	2:1
50	4345	21725	21775	2	0.64	2:0.64,3:0.36	2	1	2:1
50	4346	21730	21780	2	0.54	2:0.54,3:0.46	2	1	2:1
50	4347	21735	21785	3	0.56	2:0.44,3:0.56	2	1	2:1
50	4348	21740	21790	3	0.66	2:0.34,3:0.66	2	1	2:1
50	4349	21745	21795	3	0.76	2:0.24,3:0.76	2	1	2:1
50	4350	21750	21800	3	0.86	2:0.14,3:0.86	2	1	2:1
50	4351	21755	21805	3	0.96	2:0.04,3:0.96	2	1	2:1
50	4352	21760	21810	3	1	3:1	2	1	2:1
50	4353	21765	21815	3	1	3:1	2	1	2:1
50	4354	21770	21820	3	1	3:1	2	1	2:1
50	4355	21775	21825	3	1	3:1	2	1	2:1
50	4356	21780	21830	3	1	3:1	2	1	2:1
50	4357	21785	21835	3	1	3:1	2	1	2:1
50	4358	21790	21840	3	1	3:1	2	1	2:1
50	4359	21795	21845	3	1	3:1	2	1	2:1
50	4360	21800	21850	3	1	3:1	2	1	2:1
50	4361	21805	21855	3	1	3:1	2	1	2:1
50	4362	21810	21860	3	1	3:1	2	1	2:1
50	4363	21815	21865	3	1	3:1	2	1	2:1
50	4364	21820	21870	3	1	3:1	2	1	2:1
50	4365	21825	21875	3	1	3:1	2	1	2:1
50	4366	21830	21880	3	1	3:1	2	1	2:1
50	4367	21835	21885	3	1	3:1	2	1	2:1
50	4368	21840	21890	3	1	3:1	2	1	2:1
50	4369	21845	21895	3	1	3:1	2	1	2:1
50	4370	21850	21900	3	1	3:1	2	1	2:1
50	4371	21855	21905	3	1	3:1	2	1	2:1
50	4372	21860	21910	3	1	3:1	2	1	2:1
50	4373	21865	21915	3	1	3:1	2	1	2:1
50	4374	21870	21920	3	1	3:1	2	1	2:1
50	4375	21875	21925	3	1	3:1	2	1	2:1
50	4376	21880	21930	3	1	3:1	2	1	2:1
50	4377	21885	21935	3	1	3:1	2	1	2:1
50	4378	21890	21940	3	1	3:1	2	1	2:1
50	4379	21895	21945	3	1	3:1	2	1	2:1
50	4380	21900	21950	3	1	3:1	2	1	2:1
50	4381	21905	21955	3	1	3:1	2	1	2:1
50	4382	21910	21960	3	1	3:1	2	1	2:1
50	4383	21915	21965	3	1	3:1	2	1	2:1
50	4384	21920	21970	3	1	3:1	2	1	2:1
50	4385	21925	21975	3	1	3:1	2	1	2:1
50	4386	21930	21980	3	1	3:1	2	1	2:1
50	4387	21935	21985	3	1	3:1	2	1	2:1
50	4388	21940	21990	3	1	3:1	2	1	2:1
50	4389	21945	21995	3	1	3:1	2	1	2:1
50	4390	21950	22000	3	1	3:1	2	1	2:1
50	4391	21955	22005	3	1	3:1	2	1	2:1
50	4392	21960	22010	3	1	3:1	2	1	2:1
50	4393	21965	22015	3	1	3:1	2	1	2:1
50	4394	21970	22020	3	1	3:1	2	1	2:1
50	4395	21975	22025	3	1	3:1	2	1	2:1
50	4396	21980	22030	3	1	3:1	2	1	2:1
50	4397	21985	22035	3	1	3:1	2	1	2:1
50	4398	21990	22040	3	1	3:1	2	1	2:1
50	4399	21995	22045	3	1	3:1	2	1	2:1
50	4400	22000	22050	3	1	3:1	2	1	2:1
50	4401	22005	22055	3	1	3:1	2	1	2:1
50	4402	22010	22060	3	1	3:1	2	1	2:1
50	4403	22015	22065	3	1	3:1	2	1	2:1
50	4404	22020	22070	3	1	3:1	2	1	2:1
50	4405	22025	22075	3	1	3:1	2	1	2:1
50	4406	22030	22080	3	1	3:1	2	1	2:1
50	4407	22035	22085	3	1	3:1	2	1	2:1
50	4408	22040	22090	3	1	3:1	2	1	2:1
50	4409	22045	22095	3	1	3:1	2	1	2:1
50	4410	22050	22100	3	1	3:1	2	1	2:1
50	4411	22055	22105	3	1	3:1	2	1	2:1
50	4412	22060	22110	3	1	3:1	2	1	2:1
50	4413	22065	22115	3	1	3:1	2	1	2:1
50	4414	22070	22120	3	1	3:1	2	1	2:1
50	4415	22075	22125	3	1	3:1	2	1	2:1
50	4416	22080	22130	3	1	3:1	2	1	2:1
50	4417	22085	22135	3	1	3:1	2	1	2:1
50	4418	22090	22140	3	1	3:1	2	1	2:1
50	4419	22095	22145	3	1	3:1	2	1	2:1
50	4420	22100	22150	3	1	3:1	2	1	2:1
50	4421	22105	22155	3	1	3:1	2	1	2:1
50	4422	22110	22160	3	1	3:1	2	1	2:1
50	4423	22115	22165	3	1	3:1	2	1	2:1
50	4424	22120	22170	3	1	3:1	2	1	2:1
50	4425	22125	22175	3	1	3:1	2	1	2:1
50	4426	22130	22180	3	1	3:1	2	1	2:1
50	4427	22135	22185	3	1	3:1	2	1	2:1
50	4428	22140	22190	3	1	3:1	2	1	2:1
50	4429	22145	22195	3	1	3:1	2	1	2:1
50	4430	22150	22200	3	1	3:1	2	1	2:1
50	4431	22155	22205	3	1	3:1	2	1	2:1
50	4432	22160	22210	3	1	3:1	2	1	2:1
50	4433	22165	22215	3	1	3:1	2	1	2:1
50	4434	22170	22220	3	1	3:1	2	1	2:1
50	4435	22175	22225	3	1	3:1	2	1	2:1
50	4436	22180	22230	3	1	3:1	2	1	2:1
50	4437	22185	22235	3	1	3:1	2	1	2:1
50	4438	22190	22240	3	1	3:1	2	1	2:1
50	4439	22195	22245	3	1	3:1	2	1	2:1
50	4440	22200	22250	3	1	3:1	2	1	2:1
50	4441	22205	22255	3	1	3:1	2	1	2:1
50	4442	22210	22260	3	1	3:1	2	1	2:1
50	4443	22215	22265	3	1	3:1	2	0.9	2:0.9,4:0.1
50	4444	22220	22270	3	1	3:1	2	0.8	2:0.8,4:0.2
50	4445	22225	22275	3	1	3:1	2	0.7	2:0.7,4:0.3
50	4446	22230	22280	3	1	3:1	2	0.6	2:0.6,4:0.4
50	4447	22235	22285	3	1	3:1	2	0.5	2:0.5,4:0.5
50	4448	22240	22290	3	1	3:1	4	0.6	2:0.4,4:0.6
50	4449	22245	22295	3	1	3:1	4	0.7	2:0.3,4:0.7
50	4450	22250	22300	3	1	3:1	4	0.8	2:0.2,4:0.8
50	4451	22255	22305	3	1	3:1	4	0.9	2:0.1,4:0.9
50	4452	22260	22310	3	1	3:1	4	1	4:1
50	4453	22265	22315	3	1	3:1	4	1	4:1
50	4454	22270	22320	3	1	3:1	4	1	4:1
50	4455	22275	22325	3	1	3:1	4	1	4:1
50	4456	22280	22330	3	1	3:1	4	1	4:1
50	4457	22285	22335	3	1	3:1	4	1	4:1
50	4458	22290	22340	3	1	3:1	4	1	4:1
50	4459	22295	22345	3	1	3:1	4	1	4:1
50	4460	22300	22350	3	1	3:1	4	1	4:1
50	4461	22305	22355	3	1	3:1	4	1	4:1
50	4462	22310	22360	3	1	3:1	4	1	4:1
50	4463	22315	22365	3	1	3:1	4	1	4:1
50	4464	22320	22370	3	1	3:1	4	1	4:1
50	4465	22325	22375	3	1	3:1	4	1	4:1
50	4466	22330	22380	3	1	3:1	4	1	4:1
50	4467	22335	22385	3	1	3:1	4	1	4:1
50	4468	22340	22390	3	1	3:1	4	1	4:1
50	4469	22345	22395	3	1	3:1	4	1	4:1
50	4470	22350	22400	3	1	3:1	4	1	4:1
50	4471	22355	22405	3	1	3:1	4	1	4:1
50	4472	22360	22410	3	1	3:1	4	1	4:1
50	4473	22365	22415	3	1	3:1	4	1	4:1
50	4474	22370	22420	3	1	3:1	4	1	4:1
50	4475	22375	22425	3	1	3:1	4	1	4:1
50	4476	22380	22430	3	1	3:1	4	1	4:1
50	4477	22385	22435	3	1	3:1	4	1	4:1
50	4478	22390	22440	3	1	3:1	4	1	4:1
50	4479	22395	22445	3	1	3:1	4	1	4:1
50	4480	22400	22450	3	1	3:1	4	1	4:1
50	4481	22405	22455	3	1	3:1	4	1	4:1
50	4482	22410	22460	3	1	3:1	4	1	4:1
50	4483	22415	22465	3	1	3:1	4	1	4:1
50	4484	22420	22470	3	1	3:1	4	1	4:1
50	4485	22425	22475	3	1	3:1	4	1	4:1
50	4486	22430	22480	3	1	3:1	4	1	4:1
50	4487	22435	22485	3	1	3:1	4	1	4:1
50	4488	22440	22490	3	1	3:1	4	1	4:1
50	4489	22445	22495	3	1	3:1	4	1	4:1
50	4490	22450	22500	3	1	3:1	4	1	4:1
50	4491	22455	22505	3	1	3:1	4	1	4:1
50	4492	22460	22510	3	1	3:1	4	1	4:1
50	4493	22465	22515	3	1	3:1	4	1	4:1
50	4494	22470	22520	3	1	3:1	4	1	4:1
50	4495	22475	22525	3	1	3:1	4	1	4:1
50	4496	22480	22530	3	1	3:1	4	1	4:1
50	4497	22485	22535	3	1	3:1	4	1	4:1
50	4498	22490	22540	3	1	3:1	4	1	4:1
50	4499	22495	22545	3	1	3:1	4	1	4:1
50	4500	22500	22550	3	1	3:1	4	1	4:1
50	4501	22505	22555	3	1	3:1	4	1	4:1
50	4502	22510	22560	3	1	3:1	4	1	4:1
50	4503	22515	22565	3	1	3:1	4	1	4:1
50	4504	22520	22570	3	1	3:1	4	1	4:1
50	4505	22525	22575	3	1	3:1	4	1	4:1
50	4506	22530	22580	3	1	3:1	4	1	4:1
50	4507	22535	22585	3	1	3:1	4	1	4:1
50	4508	22540	22590	3	1	3:1	4	1	4:1
50	4509	22545	22595	3	1	3:1	4	1	4:1
50	4510	22550	22600	3	1	3:1	4	1	4:1
50	4511	22555	22605	3	1	3:1	4	1	4:1
50	4512	22560	22610	3	1	3:1	4	1	4:1
50	4513	22565	22615	3	1	3:1	4	1	4:1
50	4514	22570	22620	3	1	3:1	4	1	4:1
50	4515	22575	22625	3	1	3:1	4	1	4:1
50	4516	22580	22630	3	1	3:1	4	1	4:1
50	4517	22585	22635	3	1	3:1	4	1	4:1
50	4518	22590	22640	3	1	3:1	4	1	4:1
50	4519	22595	22645	3	1	3:1	4	1	4:1
50	4520	22600	22650	3	1	3:1	4	1	4:1
50	4521	22605	22655	3	1	3:1	4	1	4:1
50	4522	22610	22660	3	1	3:1	4	1	4:1
50	4523	22615	22665	3	1	3:1	4	1	4:1
50	4524	22620	22670	3	1	3:1	4	1	4:1
50	4525	22625	22675	3	1	3:1	4	1	4:1
50	4526	22630	22680	3	1	3:1	4	1	4:1
50	4527	22635	22685	3	1	3:1	4	1	4:1
50	4528	22640	22690	3	1	3:1	4	1	4:1
50	4529	22645	22695	3	1	3:1	4	1	4:1
50	4530	22650	22700	3	1	3:1	4	1	4:1
50	4531	22655	22705	3	1	3:1	4	1	4:1
50	4532	22660	22710	3	1	3:1	4	1	4:1
50	4533	22665	22715	3	1	3:1	4	1	4:1
50	4534	22670	22720	3	1	3:1	4	1	4:1
50	4535	22675	22725	3	1	3:1	4	1	4:1
50	4536	22680	22730	3	1	3:1	4	1	4:1
50	4537	22685	22735	3	1	3:1	4	1	4:1
50	4538	22690	22740	3	1	3:1	4	1	4:1
50	4539	22695	22745	3	1	3:1	4	1	4:1
50	4540	22700	22750	3	1	3:1	4	1	4:1
50	4541	22705	22755	3	1	3:1	4	1	4:1
50	4542	22710	22760	3	1	3:1	4	1	4:1
50	4543	22715	22765	3	1	3:1	4	1	4:1
50	4544	22720	22770	3	1	3:1	4	1	4:1
50	4545	22725	22775	3	1	3:1	4	1	4:1
50	4546	22730	22780	3	1	3:1	4	1	4:1
50	4547	22735	22785	3	1	3:1	4	1	4:1
50	4548	22740	22790	3	1	3:1	4	1	4:1
50	4549	22745	22795	3	1	3:1	4	1	4:1
50	4550	22750	22800	3	1	3:1	4	1	4:1
50	4551	22755	22805	3	1	3:1	4	0.9	2:0.1,4:0.9
50	4552	22760	22810	3	1	3:1	4	0.8	2:0.2,4:0.8
50	4553	22765	22815	3	1	3:1	4	0.7	2:0.3,4:0.7
50	4554	22770	22820	3	1	3:1	4	0.6	2:0.4,4:0.6
50	4555	22775	22825	3	1	3:1	2	0.5	2:0.5,4:0.5
50	4556	22780	22830	3	1	3:1	2	0.6	2:0.6,4:0.4
50	4557	22785	22835	3	1	3:1	2	0.7	2:0.7,4:0.3
50	4558	22790	22840	3	1	3:1	2	0.8	2:0.8,4:0.2
50	4559	22795	22845	3	1	3:1	2	0.9	2:0.9,4:0.1
50	4560	22800	22850	3	1	3:1	2	1	2:1
50	4561	22805	22855	3	1	3:1	2	1	2:1
50	4562	22810	22860	3	1	3:1	2	1	2:1
50	4563	22815	22865	3	1	3:1	2	1	2:1
50	4564	22820	22870	3	1	3:1	2	1	2:1
50	4565	22825	22875	3	1	3:1	2	1	2:1
50	4566	22830	22880	3	1	3:1	2	1	2:1
50	4567	22835	22885	3	1	3:1	2	1	2:1
50	4568	22840	22890	3	1	3:1	2	1	2:1
50	4569	22845	22895	3	1	3:1	2	1	2:1
50	4570	22850	22900	3	1	3:1	2	1	2:1
50	4571	22855	22905	3	1	3:1	2	1	2:1
50	4572	22860	22910	3	1	3:1	2	1	2:1
50	4573	22865	22915	3	1	3:1	2	1	2:1
50	4574	22870	22920	3	1	3:1	2	1	2:1
50	4575	22875	22925	3	1	3:1	2	1	2:1
50	4576	22880	22930	3	1	3:1	2	1	2:1
50	4577	22885	22935	3	1	3:1	2	1	2:1
50	4578	22890	22940	3	1	3:1	2	1	2:1
50	4579	22895	22945	3	1	3:1	2	1	2:1
50	4580	22900	22950	3	1	3:1	2	1	2:1
50	4581	22905	22955	3	1	3:1	2	1	2:1
50	4582	22910	22960	3	1	3:1	2	1	2:1
50	4583	22915	22965	3	1	3:1	2	1	2:1
50	4584	22920	22970	3	1	3:1	2	1	2:1
50	4585	22925	22975	3	1	3:1	2	1	2:1
50	4586	22930	22980	3	1	3:1	2	1	2:1
50	4587	22935	22985	3	1	3:1	2	1	2:1
50	4588	22940	22990	3	1	3:1	2	1	2:1
50	4589	22945	22995	3	1	3:1	2	1	2:1
50	4590	22950	23000	3	1	3:1	2	1	2:1
50	4591	22955	23005	3	1	3:1	2	1	2:1
50	4592	22960	23010	3	1	3:1	2	1	2:1
50	4593	22965	23015	3	1	3:1	2	1	2:1
50	4594	22970	23020	3	1	3:1	2	1	2:1
50	4595	22975	23025	3	1	3:1	2	1	2:1
50	4596	22980	23030	3	1	3:1	2	1	2:1
50	4597	22985	23035	3	1	3:1	2	1	2:1
50	4598	22990	23040	3	1	3:1	2	1	2:1
50	4599	22995	23045	3	1	3:1	2	1	2:1
50	4600	23000	23050	3	1	3:1	2	1	2:1
50	4601	23005	23055	3	1	3:1	2	1	2:1
50	4602	23010	23060	3	1	3:1	2	1	2:1
50	4603	23015	23065	3	1	3:1	2	1	2:1
50	4604	23020	23070	3	1	3:1	2	1	2:1
50	4605	23025	23075	3	1	3:1	2	1	2:1
50	4606	23030	23080	3	1	3:1	2	1	2:1
50	4607	23035	23085	3	1	3:1	2	1	2:1
50	4608	23040	23090	3	1	3:1	2	1	2:1
50	4609	23045	23095	3	1	3:1	2	1	2:1
50	4610	23050	23100	3	1	3:1	2	1	2:1
50	4611	23055	23105	3	1	3:1	2	1	2:1
50	4612	23060	23110	3	1	3:1	2	1	2:1
50	4613	23065	23115	3	1	3:1	2	1	2:1
50	4614	23070	23120	3	1	3:1	2	1	2:1
50	4615	23075	23125	3	1	3:1	2	1	2:1
50	4616	23080	23130	3	1	3:1	2	1	2:1
50	4617	23085	23135	3	1	3:1	2	1	2:1
50	4618	23090	23140	3	1	3:1	2	1	2:1
50	4619	23095	23145	3	1	3:1	2	1	2:1
50	4620	23100	23150	3	1	3:1	2	1	2:1
50	4621	23105	23155	3	1	3:1	2	1	2:1
50	4622	23110	23160	3	1	3:1	2	1	2:1
50	4623	23115	23165	3	1	3:1	2	1	2:1
50	4624	23120	23170	3	1	3:1	2	1	2:1
50	4625	23125	23175	3	1	3:1	2	1	2:1
50	4626	23130	23180	3	1	3:1	2	1	2:1
50	4627	23135	23185	3	1	3:1	2	1	2:1
50	4628	23140	23190	3	1	3:1	2	1	2:1
50	4629	23145	23195	3	1	3:1	2	1	2:1
50	4630	23150	23200	3	1	3:1	2	1	2:1
50	4631	23155	23205	3	1	3:1	2	1	2:1
50	4632	23160	23210	3	1	3:1	2	1	2:1
50	4633	23165	23215	3	1	3:1	2	1	2:1
50	4634	23170	23220	3	1	3:1	2	1	2:1
50	4635	23175	23225	3	1	3:1	2	1	2:1
50	4636	23180	23230	3	1	3:1	2	1	2:1
50	4637	23185	23235	3	1	3:1	2	1	2:1
50	4638	23190	23240	3	1	3:1	2	1	2:1
50	4639	23195	23245	3	1	3:1	2	1	2:1
50	4640	23200	23250	3	1	3:1	2	1	2:1
50	4641	23205	23255	3	1	3:1	2	1	2:1
50	4642	23210	23260	3	1	3:1	2	1	2:1
50	4643	23215	23265	3	1	3:1	2	1	2:1
50	4644	23220	23270	3	1	3:1	2	1	2:1
50	4645	23225	23275	3	1	3:1	2	1	2:1
50	4646	23230	23280	3	1	3:1	2	1	2:1
50	4647	23235	23285	3	1	3:1	2	1	2:1
50	4648	23240	23290	3	1	3:1	2	1	2:1
50	4649	23245	23295	3	1	3:1	2	1	2:1
50	4650	23250	23300	3	1	3:1	2	1	2:1
50	4651	23255	23305	3	1	3:1	2	1	2:1
50	4652	23260	23310	3	1	3:1	2	1	2:1
50	4653	23265	23315	3	1	3:1	2	1	2:1
50	4654	23270	23320	3	1	3:1	2	1	2:1
50	4655	23275	23325	3	1	3:1	2	1	2:1
50	4656	23280	23330	3	1	3:1	2	1	2:1
50	4657	23285	23335	3	1	3:1	2	1	2:1
50	4658	23290	23340	3	1	3:1	2	1	2:1
50	4659	23295	23345	3	1	3:1	2	1	2:1
50	4660	23300	23350	3	1	3:1	2	1	2:1
50	4661	23305	23355	3	1	3:1	2	1	2:1
50	4662	23310	23360	3	1	3:1	2	1	2:1
50	4663	23315	23365	3	1	3:1	2	1	2:1
50	4664	23320	23370	3	1	3:1	2	1	2:1
50	4665	23325	23375	3	1	3:1	2	1	2:1
50	4666	23330	23380	3	1	3:1	2	1	2:1
50	4667	23335	23385	3	1	3:1	2	1	2:1
50	4668	23340	23390	3	1	3:1	2	1	2:1
50	4669	23345	23395	3	1	3:1	2	1	2:1
50	4670	23350	23400	3	1	3:1	2	1	2:1
50	4671	23355	23405	3	1	3:1	2	1	2:1
50	4672	23360	23410	3	1	3:1	2	1	2:1
50	4673	23365	23415	3	1	3:1	2	1	2:1
50	4674	23370	23420	3	1	3:1	2	1	2:1
50	4675	23375	23425	3	1	3:1	2	1	2:1
50	4676	23380	23430	3	1	3:1	2	1	2:1
50	4677	23385	23435	3	1	3:1	2	1	2:1
50	4678	23390	23440	3	1	3:1	2	1	2:1
50	4679	23395	23445	3	1	3:1	2	1	2:1
50	4680	23400	23450	3	1	3:1	2	1	2:1
50	4681	23405	23455	3	1	3:1	2	1	2:1
50	4682	23410	23460	3	1	3:1	2	1	2:1
50	4683	23415	23465	3	1	3:1	2	1	2:1
50	4684	23420	23470	3	1	3:1	2	1	2:1
50	4685	23425	23475	3	1	3:1	2	1	2:1
50	4686	23430	23480	3	1	3:1	2	1	2:1
50	4687	23435	23485	3	1	3:1	2	1	2:1
50	4688	23440	23490	3	1	3:1	2	1	2:1
50	4689	23445	23495	3	1	3:1	2	1	2:1
50	4690	23450	23500	3	1	3:1	2	1	2:1
50	4691	23455	23505	3	1	3:1	2	1	2:1
50	4692	23460	23510	3	1	3:1	2	1	2:1
50	4693	23465	23515	3	1	3:1	2	1	2:1
50	4694	23470	23520	3	1	3:1	2	1	2:1
50	4695	23475	23525	3	1	3:1	2	1	2:1
50	4696	23480	23530	3	1	3:1	2	1	2:1
50	4697	23485	23535	3	1	3:1	2	1	2:1
50	4698	23490	23540	3	1	3:1	2	1	2:1
50	4699	23495	23545	3	1	3:1	2	1	2:1
50	4700	23500	23550	3	1	3:1	2	1	2:1
50	4701	23505	23555	3	1	3:1	2	1	2:1
50	4702	23510	23560	3	1	3:1	2	1	2:1
50	4703	23515	23565	3	1	3:1	2	1	2:1
50	4704	23520	23570	3	1	3:1	2	1	2:1
50	4705	23525	23575	3	1	3:1	2	1	2:1
50	4706	23530	23580	3	1	3:1	2	1	2:1
50	4707	23535	23585	3	1	3:1	2	1	2:1
50	4708	23540	23590	3	1	3:1	2	1	2:1
50	4709	23545	23595	3	1	3:1	2	1	2:1
50	4710	23550	23600	3	1	3:1	2	1	2:1
50	4711	23555	23605	3	1	3:1	2	1	2:1
50	4712	23560	23610	3	1	3:1	2	1	2:1
50	4713	23565	23615	3	1	3:1	2	1	2:1
50	4714	23570	23620	3	1	3:1	2	1	2:1
50	4715	23575	23625	3	1	3:1	2	1	2:1
50	4716	23580	23630	3	1	3:1	2	1	2:1
50	4717	23585	23635	3	1	3:1	2	1	2:1
50	4718	23590	23640	3	1	3:1	2	1	2:1
50	4719	23595	23645	3	1	3:1	2	1	2:1
50	4720	23600	23650	3	1	3:1	2	1	2:1
50	4721	23605	23655	3	1	3:1	2	1	2:1
50	4722	23610	23660	3	1	3:1	2	1	2:1
50	4723	23615	23665	3	1	3:1	2	1	2:1
50	4724	23620	23670	3	1	3:1	2	1	2:1
50	4725	23625	23675	3	1	3:1	2	1	2:1
50	4726	23630	23680	3	1	3:1	2	1	2:1
50	4727	23635	23685	3	1	3:1	2	1	2:1
50	4728	23640	23690	3	1	3:1	2	1	2:1
50	4729	23645	23695	3	1	3:1	2	1	2:1
50	4730	23650	23700	3	1	3:1	2	1	2:1
50	4731	23655	23705	3	1	3:1	2	1	2:1
50	4732	23660	23710	3	1	3:1	2	1	2:1
50	4733	23665	23715	3	1	3:1	2	1	2:1
50	4734	23670	23720	3	1	3:1	2	1	2:1
50	4735	23675	23725	3	1	3:1	2	1	2:1
50	4736	23680	23730	3	1	3:1	2	1	2:1
50	4737	23685	23735	3	1	3:1	2	1	2:1
50	4738	23690	23740	3	1	3:1	2	1	2:1
50	4739	23695	23745	3	1	3:1	2	1	2:1
50	4740	23700	23750	3	1	3:1	2	1	2:1
50	4741	23705	23755	3	1	3:1	2	1	2:1
50	4742	23710	23760	3	1	3:1	2	1	2:1
50	4743	23715	23765	3	1	3:1	2	1	2:1
50	4744	23720	23770	3	1	3:1	2	1	2:1
50	4745	23725	23775	3	1	3:1	2	1	2:1
50	4746	23730	23780	3	1	3:1	2	1	2:1
50	4747	23735	23785	3	1	3:1	2	1	2:1
50	4748	23740	23790	3	1	3:1	2	1	2:1
50	4749	23745	23795	3	1	3:1	2	1	2:1
50	4750	23750	23800	3	1	3:1	2	1	2:1
50	4751	23755	23805	3	1	3:1	2	1	2:1
50	4752	23760	23810	3	1	3:1	2	1	2:1
50	4753	23765	23815	3	1	3:1	2	1	2:1
50	4754	23770	23820	3	1	3:1	2	1	2:1
50	4755	23775	23825	3	1	3:1	2	1	2:1
50	4756	23780	23830	3	1	3:1	2	1	2:1
50	4757	23785	23835	3	1	3:1	2	1	2:1
50	4758	23790	23840	3	1	3:1	2	1	2:1
50	4759	23795	23845	3	1	3:1	2	1	2:1
50	4760	23800	23850	3	1	3:1	2	1	2:1
50	4761	23805	23855	3	1	3:1	2	1	2:1
50	4762	23810	23860	3	1	3:1	2	1	2:1
50	4763	23815	23865	3	1	3:1	2	1	2:1
50	4764	23820	23870	3	1	3:1	2	1	2:1
50	4765	23825	23875	3	1	3:1	2	1	2:1
50	4766	23830	23880	3	1	3:1	2	1	2:1
50	4767	23835	23885	3	1	3:1	2	1	2:1
50	4768	23840	23890	3	1	3:1	2	1	2:1
50	4769	23845	23895	3	1	3:1	2	1	2:1
50	4770	23850	23900	3	1	3:1	2	1	2:1
50	4771	23855	23905	3	1	3:1	2	1	2:1
50	4772	23860	23910	3	1	3:1	2	1	2:1
50	4773	23865	23915	3	1	3:1	2	1	2:1
50	4774	23870	23920	3	1	3:1	2	1	2:1
50	4775	23875	23925	3	1	3:1	2	1	2:1
50	4776	23880	23930	3	1	3:1	2	1	2:1
50	4777	23885	23935	3	1	3:1	2	1	2:1
50	4778	23890	23940	3	1	3:1	2	1	2:1
50	4779	23895	23945	3	1	3:1	2	1	2:1
50	4780	23900	23950	3	1	3:1	2	1	2:1
50	4781	23905	23955	3	1	3:1	2	1	2:1
50	4782	23910	23960	3	1	3:1	2	1	2:1
50	4783	23915	23965	3	1	3:1	2	1	2:1
50	4784	23920	23970	3	1	3:1	2	1	2:1
50	4785	23925	23975	3	1	3:1	2	1	2:1
50	4786	23930	23980	3	1	3:1	2	1	2:1
50	4787	23935	23985	3	1	3:1	2	1	2:1
50	4788	23940	23990	3	1	3:1	2	1	2:1
50	4789	23945	23995	3	1	3:1	2	1	2:1
50	4790	23950	24000	3	1	3:1	2	1	2:1
50	4791	23955	24005	3	1	3:1	2	1	2:1
50	4792	23960	24010	3	1	3:1	2	1	2:1
50	4793	23965	24015	3	1	3:1	2	1	2:1
50	4794	23970	24020	3	1	3:1	2	1	2:1
50	4795	23975	24025	3	1	3:1	2	1	2:1
50	4796	23980	24030	3	1	3:1	2	1	2:1
50	4797	23985	24035	3	1	3:1	2	1	2:1
50	4798	23990	24040	3	1	3:1	2	1	2:1
50	4799	23995	24045	3	1	3:1	2	1	2:1
50	4800	24000	24050	3	1	3:1	2	1	2:1
50	4801	24005	24055	3	1	3:1	2	1	2:1
50	4802	24010	24060	3	1	3:1	2	1	2:1
50	4803	24015	24065	3	1	3:1	2	1	2:1
50	4804	24020	24070	3	1	3:1	2	1	2:1
50	4805	24025	24075	3	1	3:1	2	1	2:1
50	4806	24030	24080	3	1	3:1	2	1	2:1
50	4807	24035	24085	3	1	3:1	2	1	2:1
50	4808	24040	24090	3	1	3:1	2	1	2:1
50	4809	24045	24095	3	1	3:1	2	1	2:1
50	4810	24050	24100	3	1	3:1	2	1	2:1
50	4811	24055	24105	3	1	3:1	2	1	2:1
50	4812	24060	24110	3	1	3:1	2	1	2:1
50	4813	24065	24115	3	1	3:1	2	1	2:1
50	4814	24070	24120	3	1	3:1	2	1	2:1
50	4815	24075	24125	3	1	3:1	2	1	2:1
50	4816	24080	24130	3	1	3:1	2	1	2:1
50	4817	24085	24135	3	1	3:1	2	1	2:1
50	4818	24090	24140	3	1	3:1	2	1	2:1
50	4819	24095	24145	3	1	3:1	2	1	2:1
50	4820	24100	24150	3	1	3:1	2	1	2:1
50	4821	24105	24155	3	0.94	3:0.94,4:0.06	2	0.94	1:0.06,2:0.94
50	4822	24110	24160	3	0.84	3:0.84,4:0.16	2	0.84	1:0.16,2:0.84
50	4823	24115	24165	3	0.74	3:0.74,4:0.26	2	0.74	1:0.26,2:0.74
50	4824	24120	24170	3	0.64	3:0.64,4:0.36	2	0.64	1:0.36,2:0.64
50	4825	24125	24175	3	0.54	3:0.54,4:0.46	2	0.54	1:0.46,2:0.54
50	4826	24130	24180	4	0.56	3:0.44,4:0.56	1	0.56	1:0.56,2:0.44
50	4827	24135	24185	4	0.66	3:0.34,4:0.66	1	0.66	1:0.66,2:0.34
50	4828	24140	24190	4	0.76	3:0.24,4:0.76	1	0.76	1:0.76,2:0.24
50	4829	24145	24195	4	0.86	3:0.14,4:0.86	1	0.86	1:0.86,2:0.14
50	4830	24150	24200	4	0.96	3:0.04,4:0.96	1	0.96	1:0.96,2:0.04
50	4831	24155	24205	4	1	4:1	1	1	1:1
50	4832	24160	24210	4	1	4:1	1	1	1:1
50	4833	24165	24215	4	1	4:1	1	1	1:1
50	4834	24170	24220	4	1	4:1	1	1	1:1
50	4835	24175	24225	4	1	4:1	1	1	1:1
50	4836	24180	24230	4	1	4:1	1	1	1:1
50	4837	24185	24235	4	1	4:1	1	1	1:1
50	4838	24190	24240	4	1	4:1	1	1	1:1
50	4839	24195	24245	4	1	4:1	1	1	1:1
50	4840	24200	24250	4	1	4:1	1	1	1:1
50	4841	24205	24255	4	1	4:1	1	1	1:1
50	4842	24210	24260	4	1	4:1	1	1	1:1
50	4843	24215	24265	4	1	4:1	1	1	1:1
50	4844	24220	24270	4	1	4:1	1	1	1:1
50	4845	24225	24275	4	1	4:1	1	1	1:1
50	4846	24230	24280	4	1	4:1	1	1	1:1
50	4847	24235	24285	4	1	4:1	1	1	1:1
50	4848	24240	24290	4	1	4:1	1	1	1:1
50	4849	24245	24295	4	1	4:1	1	1	1:1
50	4850	24250	24300	4	1	4:1	1	1	1:1
50	4851	24255	24305	4	1	4:1	1	1	1:1
50	4852	24260	24310	4	1	4:1	1	1	1:1
50	4853	24265	24315	4	1	4:1	1	1	1:1
50	4854	24270	24320	4	1	4:1	1	1	1:1
50	4855	24275	24325	4	1	4:1	1	1	1:1
50	4856	24280	24330	4	1	4:1	1	1	1:1
50	4857	24285	24335	4	1	4:1	1	1	1:1
50	4858	24290	24340	4	1	4:1	1	1	1:1
50	4859	24295	24345	4	1	4:1	1	1	1:1
50	4860	24300	24350	4	1	4:1	1	1	1:1
50	4861	24305	24355	4	1	4:1	1	1	1:1
50	4862	24310	24360	4	1	4:1	1	1	1:1
50	4863	24315	24365	4	1	4:1	1	1	1:1
50	4864	24320	24370	4	1	4:1	1	1	1:1
50	4865	24325	24375	4	1	4:1	1	1	1:1
50	4866	24330	24380	4	1	4:1	1	1	1:1
50	4867	24335	24385	4	1	4:1	1	1	1:1
50	4868	24340	24390	4	1	4:1	1	1	1:1
50	4869	24345	24395	4	1	4:1	1	1	1:1
50	4870	24350	24400	4	1	4:1	1	1	1:1
50	4871	24355	24405	4	1	4:1	1	1	1:1
50	4872	24360	24410	4	1	4:1	1	1	1:1
50	4873	24365	24415	4	1	4:1	1	1	1:1
50	4874	24370	24420	4	1	4:1	1	1	1:1
50	4875	24375	24425	4	1	4:1	1	1	1:1
50	4876	24380	24430	4	1	4:1	1	1	1:1
50	4877	24385	24435	4	1	4:1	1	1	1:1
50	4878	24390	24440	4	1	4:1	1	1	1:1
50	4879	24395	24445	4	1	4:1	1	1	1:1
50	4880	24400	24450	4	1	4:1	1	1	1:1
50	4881	24405	24455	4	1	4:1	1	1	1:1
50	4882	24410	24460	4	1	4:1	1	1	1:1
50	4883	24415	24465	4	1	4:1	1	1	1:1
50	4884	24420	24470	4	1	4:1	1	1	1:1
50	4885	24425	24475	4	1	4:1	1	1	1:1
50	4886	24430	24480	4	1	4:1	1	1	1:1
50	4887	24435	24485	4	1	4:1	1	1	1:1
50	4888	24440	24490	4	1	4:1	1	1	1:1
50	4889	24445	24495	4	1	4:1	1	1	1:1
50	4890	24450	24500	4	1	4:1	1	1	1:1
50	4891	24455	24505	4	1	4:1	1	1	1:1
50	4892	24460	24510	4	1	4:1	1	1	1:1
50	4893	24465	24515	4	1	4:1	1	1	1:1
50	4894	24470	24520	4	1	4:1	1	1	1:1
50	4895	24475	24525	4	1	4:1	1	1	1:1
50	4896	24480	24530	4	1	4:1	1	1	1:1
50	4897	24485	24535	4	1	4:1	1	1	1:1
50	4898	24490	24540	4	1	4:1	1	1	1:1
50	4899	24495	24545	4	1	4:1	1	1	1:1
50	4900	24500	24550	4	1	4:1	1	1	1:1
50	4901	24505	24555	4	1	4:1	1	1	1:1
50	4902	24510	24560	4	1	4:1	1	1	1:1
50	4903	24515	24565	4	1	4:1	1	1	1:1
50	4904	24520	24570	4	1	4:1	1	1	1:1
50	4905	24525	24575	4	1	4:1	1	1	1:1
50	4906	24530	24580	4	1	4:1	1	1	1:1
50	4907	24535	24585	4	1	4:1	1	1	1:1
50	4908	24540	24590	4	1	4:1	1	1	1:1
50	4909	24545	24595	4	1	4:1	1	1	1:1
50	4910	24550	24600	4	1	4:1	1	1	1:1
50	4911	24555	24605	4	1	4:1	1	1	1:1
50	4912	24560	24610	4	1	4:1	1	1	1:1
50	4913	24565	24615	4	1	4:1	1	1	1:1
50	4914	24570	24620	4	1	4:1	1	1	1:1
50	4915	24575	24625	4	1	4:1	1	1	1:1
50	4916	24580	24630	4	1	4:1	1	1	1:1
50	4917	24585	24635	4	1	4:1	1	1	1:1
50	4918	24590	24640	4	1	4:1	1	1	1:1
50	4919	24595	24645	4	1	4:1	1	1	1:1
50	4920	24600	24650	4	1	4:1	1	1	1:1
50	4921	24605	24655	4	1	4:1	1	1	1:1
50	4922	24610	24660	4	1	4:1	1	1	1:1
50	4923	24615	24665	4	1	4:1	1	1	1:1
50	4924	24620	24670	4	1	4:1	1	1	1:1
50	4925	24625	24675	4	1	4:1	1	1	1:1
50	4926	24630	24680	4	1	4:1	1	1	1:1
50	4927	24635	24685	4	1	4:1	1	1	1:1
50	4928	24640	24690	4	1	4:1	1	1	1:1
50	4929	24645	24695		0		1	1	1:1
50	4930	24650	24700		0		1	1	1:1
50	4931	24655	24705		0		1	1	1:1
50	4932	24660	24710		0		1	1	1:1
50	4933	24665	24715		0		1	1	1:1
50	4934	24670	24720		0		1	1	1:1
50	4935	24675	24725		0		1	1	1:1
50	4936	24680	24730		0		1	1	1:1
50	4937	24685	24735		0		1	1	1:1
50	4938	24690	24740		0		1	1	1:1
50	4939	24695	24745		0		1	1	1:1
50	4940	24700	24750		0		1	1	1:1
50	4941	24705	24755		0		1	1	1:1
50	4942	24710	24760		0		1	1	1:1
50	4943	24715	24765		0		1	1	1:1
50	4944	24720	24770		0		1	1	1:1
50	4945	24725	24775		0		1	1	1:1
50	4946	24730	24780		0		1	1	1:1
50	4947	24735	24785		0		1	1	1:1
50	4948	24740	24790		0		1	1	1:1
50	4949	24745	24795		0		1	1	1:1
50	4950	24750	24800		0		1	1	1:1
50	4951	24755	24805		0		1	1	1:1
50	4952	24760	24810		0		1	1	1:1
50	4953	24765	24815		0		1	1	1:1
50	4954	24770	24820		0		1	1	1:1
50	4955	24775	24825		0		1	1	1:1
50	4956	24780	24830		0		1	1	1:1
50	4957	24785	24835		0		1	1	1:1
50	4958	24790	24840		0		1	1	1:1
50	4959	24795	24845		0		1	1	1:1
50	4960	24800	24850		0		1	1	1:1
50	4961	24805	24855		0		1	1	1:1
50	4962	24810	24860		0		1	1	1:1
50	4963	24815	24865		0		1	1	1:1
50	4964	24820	24870		0		1	1	1:1
50	4965	24825	24875		0		1	1	1:1
50	4966	24830	24880		0		1	1	1:1
50	4967	24835	24885		0		1	1	1:1
50	4968	24840	24890		0		1	1	1:1
50	4969	24845	24895		0		1	1	1:1
50	4970	24850	24900		0		1	1	1:1
50	4971	24855	24905		0		1	1	1:1
50	4972	24860	24910		0		1	1	1:1
50	4973	24865	24915		0		1	1	1:1
50	4974	24870	24920		0		1	1	1:1
50	4975	24875	24925		0		1	1	1:1
50	4976	24880	24930		0		1	1	1:1
50	4977	24885	24935		0		1	1	1:1
50	4978	24890	24940		0		1	1	1:1
50	4979	24895	24945		0		1	1	1:1
50	4980	24900	24950		0		1	1	1:1
50	4981	24905	24955		0		1	1	1:1
50	4982	24910	24960		0		1	1	1:1
50	4983	24915	24965		0		1	1	1:1
50	4984	24920	24970		0		1	1	1:1
50	4985	24925	24975		0		1	1	1:1
50	4986	24930	24980		0		1	1	1:1
50	4987	24935	24985		0		1	1	1:1
50	4988	24940	24990		0		1	1	1:1
50	4989	24945	24995		0		1	1	1:1
50	4990	24950	25000		0		1	1	1:1
50	4991	24955	25005		0		1	1	1:1
50	4992	24960	25010		0		1	1	1:1
50	4993	24965	25015		0		1	1	1:1
50	4994	24970	25020		0		1	1	1:1
50	4995	24975	25025		0		1	1	1:1
50	4996	24980	25030		0		1	1	1:1
50	4997	24985	25035		0		1	1	1:1
50	4998	24990	25040		0		1	1	1:1
50	4999	24995	25045		0		1	1	1:1
50	5000	25000	25050		0		1	1	1:1
50	5001	25005	25055		0		1	1	1:1
50	5002	25010	25060		0		1	1	1:1
50	5003	25015	25065		0		1	1	1:1
50	5004	25020	25070		0		1	1	1:1
50	5005	25025	25075		0		1	1	1:1
50	5006	25030	25080		0		1	1	1:1
50	5007	25035	25085		0		1	1	1:1
50	5008	25040	25090		0		1	1	1:1
50	5009	25045	25095		0		1	1	1:1
50	5010	25050	25100		0		1	1	1:1
50	5011	25055	25105		0		1	1	1:1
50	5012	25060	25110		0		1	1	1:1
50	5013	25065	25115		0		1	1	1:1
50	5014	25070	25120		0		1	1	1:1
50	5015	25075	25125		0		1	1	1:1
50	5016	25080	25130		0		1	1	1:1
50	5017	25085	25135		0		1	1	1:1
50	5018	25090	25140		0		1	1	1:1
50	5019	25095	25145		0		1	1	1:1
50	5020	25100	25150		0		1	1	1:1
50	5021	25105	25155		0		1	1	1:1
50	5022	25110	25160		0		1	1	1:1
50	5023	25115	25165		0		1	1	1:1
50	5024	25120	25170		0		1	1	1:1
50	5025	25125	25175		0		1	1	1:1
50	5026	25130	25180		0		1	1	1:1
50	5027	25135	25185		0		1	1	1:1
50	5028	25140	25190		0		1	1	1:1
50	5029	25145	25195		0		1	1	1:1
50	5030	25150	25200		0		1	1	1:1
50	5031	25155	25205		0		1	1	1:1
50	5032	25160	25210		0		1	1	1:1
50	5033	25165	25215		0		1	1	1:1
50	5034	25170	25220		0		1	1	1:1
50	5035	25175	25225		0		1	1	1:1
50	5036	25180	25230		0		1	1	1:1
50	5037	25185	25235		0		1	1	1:1
50	5038	25190	25240		0		1	1	1:1
50	5039	25195	25245		0		1	1	1:1
50	5040	25200	25250		0		1	1	1:1
50	5041	25205	25255		0		1	1	1:1
50	5042	25210	25260		0		1	1	1:1
50	5043	25215	25265		0		1	1	1:1
50	5044	25220	25270		0		1	1	1:1
50	5045	25225	25275		0		1	1	1:1
50	5046	25230	25280		0		1	1	1:1
50	5047	25235	25285		0		1	1	1:1
50	5048	25240	25290		0		1	1	1:1
50	5049	25245	25295		0		1	1	1:1
50	5050	25250	25300		0		1	1	1:1
50	5051	25255	25305		0		1	1	1:1
50	5052	25260	25310		0		1	1	1:1
50	5053	25265	25315		0		1	1	1:1
50	5054	25270	25320		0		1	1	1:1
50	5055	25275	25325		0		1	1	1:1
50	5056	25280	25330		0		1	1	1:1
50	5057	25285	25335		0		1	1	1:1
50	5058	25290	25340		0		1	1	1:1
50	5059	25295	25345		0		1	1	1:1
50	5060	25300	25350		0		1	1	1:1
50	5061	25305	25355		0		1	1	1:1
50	5062	25310	25360		0		1	1	1:1
50	5063	25315	25365		0		1	1	1:1
50	5064	25320	25370		0		1	1	1:1
50	5065	25325	25375		0		1	1	1:1
50	5066	25330	25380		0		1	1	1:1
50	5067	25335	25385		0		1	1	1:1
50	5068	25340	25390		0		1	1	1:1
50	5069	25345	25395		0		1	1	1:1
50	5070	25350	25400		0		1	1	1:1
50	5071	25355	25405		0		1	1	1:1
50	5072	25360	25410		0		1	1	1:1
50	5073	25365	25415		0		1	1	1:1
50	5074	25370	25420		0		1	1	1:1
50	5075	25375	25425		0		1	1	1:1
50	5076	25380	25430		0		1	1	1:1
50	5077	25385	25435		0		1	1	1:1
50	5078	25390	25440		0		1	1	1:1
50	5079	25395	25445		0		1	1	1:1
50	5080	25400	25450		0		1	1	1:1
50	5081	25405	25455		0		1	1	1:1
50	5082	25410	25460		0		1	1	1:1
50	5083	25415	25465		0		1	1	1:1
50	5084	25420	25470		0		1	1	1:1
50	5085	25425	25475		0		1	1	1:1
50	5086	25430	25480		0		1	1	1:1
50	5087	25435	25485		0		1	1	1:1
50	5088	25440	25490		0		1	1	1:1
50	5089	25445	25495		0		1	1	1:1
50	5090	25450	25500		0		1	1	1:1
50	5091	25455	25505		0		1	1	1:1
50	5092	25460	25510		0		1	1	1:1
50	5093	25465	25515		0		1	1	1:1
50	5094	25470	25520		0		1	1	1:1
50	5095	25475	25525		0		1	1	1:1
50	5096	25480	25530		0		1	1	1:1
50	5097	25485	25535		0		1	1	1:1
50	5098	25490	25540		0		1	1	1:1
50	5099	25495	25545		0		1	1	1:1
50	5100	25500	25550		0		1	1	1:1
50	5101	25505	25555		0		1	1	1:1
50	5102	25510	25560		0		1	1	1:1
50	5103	25515	25565		0		1	1	1:1
50	5104	25520	25570		0		1	1	1:1
50	5105	25525	25575		0		1	1	1:1
50	5106	25530	25580		0		1	1	1:1
50	5107	25535	25585		0		1	1	1:1
50	5108	25540	25590		0		1	1	1:1
50	5109	25545	25595		0		1	1	1:1
50	5110	25550	25600		0		1	1	1:1
50	5111	25555	25605		0		1	1	1:1
50	5112	25560	25610		0		1	1	1:1
50	5113	25565	25615		0		1	1	1:1
50	5114	25570	25620		0		1	1	1:1
50	5115	25575	25625		0		1	1	1:1
50	5116	25580	25630		0		1	1	1:1
50	5117	25585	25635	4	1	4:1	1	1	1:1
50	5118	25590	25640	4	1	4:1	1	1	1:1
50	5119	25595	25645	4	1	4:1	1	1	1:1
50	5120	25600	25650	4	1	4:1	1	1	1:1
50	5121	25605	25655	4	1	4:1	1	1	1:1
50	5122	25610	25660	4	1	4:1	1	1	1:1
50	5123	25615	25665	4	1	4:1	1	1	1:1
50	5124	25620	25670	4	1	4:1	1	1	1:1
50	5125	25625	25675	4	1	4:1	1	1	1:1
50	5126	25630	25680	4	1	4:1	1	1	1:1
50	5127	25635	25685	4	1	4:1	1	1	1:1
50	5128	25640	25690	4	1	4:1	1	1	1:1
50	5129	25645	25695	4	1	4:1	1	1	1:1
50	5130	25650	25700	4	1	4:1	1	1	1:1
50	5131	25655	25705	4	1	4:1	1	1	1:1
50	5132	25660	25710	4	1	4:1	1	1	1:1
50	5133	25665	25715	4	1	4:1	1	1	1:1
50	5134	25670	25720	4	1	4:1	1	1	1:1
50	5135	25675	25725	4	1	4:1	1	1	1:1
50	5136	25680	25730	4	1	4:1	1	1	1:1
50	5137	25685	25735	4	1	4:1	1	1	1:1
50	5138	25690	25740	4	1	4:1	1	1	1:1
50	5139	25695	25745	4	1	4:1	1	1	1:1
50	5140	25700	25750	4	1	4:1	1	1	1:1
50	5141	25705	25755	4	1	4:1	1	1	1:1
50	5142	25710	25760	4	1	4:1	1	1	1:1
50	5143	25715	25765	4	1	4:1	1	1	1:1
50	5144	25720	25770	4	1	4:1	1	1	1:1
50	5145	25725	25775	4	1	4:1	1	1	1:1
50	5146	25730	25780	4	1	4:1	1	1	1:1
50	5147	25735	25785	4	1	4:1	1	1	1:1
50	5148	25740	25790	4	1	4:1	1	1	1:1
50	5149	25745	25795	4	1	4:1	1	1	1:1
50	5150	25750	25800	4	1	4:1	1	1	1:1
50	5151	25755	25805	4	1	4:1	1	1	1:1
50	5152	25760	25810	4	1	4:1	1	1	1:1
50	5153	25765	25815	4	1	4:1	1	1	1:1
50	5154	25770	25820	4	1	4:1	1	1	1:1
50	5155	25775	25825	4	1	4:1	1	1	1:1
50	5156	25780	25830	4	1	4:1	1	1	1:1
50	5157	25785	25835	4	1	4:1	1	1	1:1
50	5158	25790	25840	4	1	4:1	1	1	1:1
50	5159	25795	25845	4	1	4:1	1	1	1:1
50	5160	25800	25850	4	1	4:1	1	1	1:1
50	5161	25805	25855	4	1	4:1	1	1	1:1
50	5162	25810	25860	4	1	4:1	1	1	1:1
50	5163	25815	25865	4	1	4:1	1	1	1:1
50	5164	25820	25870	4	1	4:1	1	1	1:1
50	5165	25825	25875	4	0.94	4:0.94,5:0.06	1	0.94	1:0.94,3:0.06
50	5166	25830	25880	4	0.84	4:0.84,5:0.16	1	0.84	1:0.84,3:0.16
50	5167	25835	25885	4	0.74	4:0.74,5:0.26	1	0.74	1:0.74,3:0.26
50	5168	25840	25890	4	0.64	4:0.64,5:0.36	1	0.64	1:0.64,3:0.36
50	5169	25845	25895	4	0.54	4:0.54,5:0.46	1	0.54	1:0.54,3:0.46
50	5170	25850	25900	5	0.56	4:0.44,5:0.56	3	0.56	1:0.44,3:0.56
50	5171	25855	25905	5	0.66	4:0.34,5:0.66	3	0.66	1:0.34,3:0.66
50	5172	25860	25910	5	0.76	4:0.24,5:0.76	3	0.76	1:0.24,3:0.76
50	5173	25865	25915	5	0.86	4:0.14,5:0.86	3	0.86	1:0.14,3:0.86
50	5174	25870	25920	5	0.96	4:0.04,5:0.96	3	0.96	1:0.04,3:0.96
50	5175	25875	25925	5	1	5:1	3	1	3:1
50	5176	25880	25930	5	1	5:1	3	1	3:1
50	5177	25885	25935	5	1	5:1	3	1	3:1
50	5178	25890	25940	5	1	5:1	3	1	3:1
50	5179	25895	25945	5	1	5:1	3	1	3:1
50	5180	25900	25950	5	1	5:1	3	1	3:1
50	5181	25905	25955	5	1	5:1	3	1	3:1
50	5182	25910	25960	5	1	5:1	3	1	3:1
50	5183	25915	25965	5	1	5:1	3	1	3:1
50	5184	25920	25970	5	1	5:1	3	1	3:1
50	5185	25925	25975	5	1	5:1	3	1	3:1
50	5186	25930	25980	5	1	5:1	3	1	3:1
50	5187	25935	25985	5	1	5:1	3	1	3:1
50	5188	25940	25990	5	1	5:1	3	1	3:1
50	5189	25945	25995	5	1	5:1	3	1	3:1
50	5190	25950	26000	5	1	5:1	3	1	3:1
50	5191	25955	26005	5	1	5:1	3	1	3:1
50	5192	25960	26010	5	1	5:1	3	1	3:1
50	5193	25965	26015	5	1	5:1	3	1	3:1
50	5194	25970	26020	5	1	5:1	3	1	3:1
50	5195	25975	26025	5	1	5:1	3	1	3:1
50	5196	25980	26030	5	1	5:1	3	1	3:1
50	5197	25985	26035	5	1	5:1	3	1	3:1
50	5198	25990	26040	5	1	5:1	3	1	3:1
50	5199	25995	26045	5	1	5:1	3	1	3:1
50	5200	26000	26050	5	1	5:1	3	1	3:1
50	5201	26005	26055	5	1	5:1	3	1	3:1
50	5202	26010	26060	5	1	5:1	3	1	3:1
50	5203	26015	26065	5	1	5:1	3	1	3:1
50	5204	26020	26070	5	1	5:1	3	1	3:1
50	5205	26025	26075	5	1	5:1	3	1	3:1
50	5206	26030	26080	5	1	5:1	3	1	3:1
50	5207	26035	26085	5	1	5:1	3	1	3:1
50	5208	26040	26090	5	1	5:1	3	1	3:1
50	5209	26045	26095	5	1	5:1	3	1	3:1
50	5210	26050	26100	5	1	5:1	3	1	3:1
50	5211	26055	26105	5	1	5:1	3	1	3:1
50	5212	26060	26110	5	1	5:1	3	1	3:1
50	5213	26065	26115	5	1	5:1	3	1	3:1
50	5214	26070	26120	5	1	5:1	3	1	3:1
50	5215	26075	26125	5	1	5:1	3	1	3:1
50	5216	26080	26130	5	1	5:1	3	1	3:1
50	5217	26085	26135	5	1	5:1	3	1	3:1
50	5218	26090	26140	5	1	5:1	3	1	3:1
50	5219	26095	26145	5	1	5:1	3	1	3:1
50	5220	26100	26150	5	1	5:1	3	1	3:1
50	5221	26105	26155	5	1	5:1	3	1	3:1
50	5222	26110	26160	5	1	5:1	3	1	3:1
50	5223	26115	26165	5	1	5:1	3	1	3:1
50	5224	26120	26170	5	1	5:1	3	1	3:1
50	5225	26125	26175	5	1	5:1	3	1	3:1
50	5226	26130	26180	5	1	5:1	3	1	3:1
50	5227	26135	26185	5	1	5:1	3	1	3:1
50	5228	26140	26190	5	1	5:1	3	1	3:1
50	5229	26145	26195	5	1	5:1	3	1	3:1
50	5230	26150	26200	5	1	5:1	3	1	3:1
50	5231	26155	26205	5	1	5:1	3	1	3:1
50	5232	26160	26210	5	1	5:1	3	1	3:1
50	5233	26165	26215	5	1	5:1	3	1	3:1
50	5234	26170	26220	5	1	5:1	3	1	3:1
50	5235	26175	26225	5	1	5:1	3	1	3:1
50	5236	26180	26230	5	1	5:1	3	1	3:1
50	5237	26185	26235	5	1	5:1	3	1	3:1
50	5238	26190	26240	5	1	5:1	3	1	3:1
50	5239	26195	26245	5	1	5:1	3	1	3:1
50	5240	26200	26250	5	1	5:1	3	1	3:1
50	5241	26205	26255	5	1	5:1	3	1	3:1
50	5242	26210	26260	5	1	5:1	3	1	3:1
50	5243	26215	26265	5	1	5:1	3	1	3:1
50	5244	26220	26270	5	1	5:1	3	1	3:1
50	5245	26225	26275	5	1	5:1	3	1	3:1
50	5246	26230	26280	5	1	5:1	3	1	3:1
50	5247	26235	26285	5	1	5:1	3	1	3:1
50	5248	26240	26290	5	1	5:1	3	1	3:1
50	5249	26245	26295	5	1	5:1	3	1	3:1
50	5250	26250	26300	5	1	5:1	3	1	3:1
50	5251	26255	26305	5	1	5:1	3	1	3:1
50	5252	26260	26310	5	1	5:1	3	1	3:1
50	5253	26265	26315	5	1	5:1	3	1	3:1
50	5254	26270	26320	5	1	5:1	3	1	3:1
50	5255	26275	26325	5	1	5:1	3	1	3:1
50	5256	26280	26330	5	1	5:1	3	1	3:1
50	5257	26285	26335	5	1	5:1	3	1	3:1
50	5258	26290	26340	5	1	5:1	3	1	3:1
50	5259	26295	26345	5	1	5:1	3	1	3:1
50	5260	26300	26350	5	1	5:1	3	1	3:1
50	5261	26305	26355	5	1	5:1	3	1	3:1
50	5262	26310	26360	5	1	5:1	3	1	3:1
50	5263	26315	26365	5	1	5:1	3	1	3:1
50	5264	26320	26370	5	1	5:1	3	1	3:1
50	5265	26325	26375	5	1	5:1	3	1	3:1
50	5266	26330	26380	5	1	5:1	3	1	3:1
50	5267	26335	26385	5	1	5:1	3	1	3:1
50	5268	26340	26390	5	1	5:1	3	1	3:1
50	5269	26345	26395	5	1	5:1	3	1	3:1
50	5270	26350	26400	5	1	5:1	3	1	3:1
50	5271	26355	26405	5	1	5:1	3	1	3:1
50	5272	26360	26410	5	0.94	4:0.06,5:0.94	3	0.94	1:0.06,3:0.94
50	5273	26365	26415	5	0.84	4:0.16,5:0.84	3	0.84	1:0.16,3:0.84
50	5274	26370	26420	5	0.74	4:0.26,5:0.74	3	0.74	1:0.26,3:0.74
50	5275	26375	26425	5	0.64	4:0.36,5:0.64	3	0.64	1:0.36,3:0.64
50	5276	26380	26430	5	0.54	4:0.46,5:0.54	3	0.54	1:0.46,3:0.54
50	5277	26385	26435	4	0.56	4:0.56,5:0.44	1	0.56	1:0.56,3:0.44
50	5278	26390	26440	4	0.66	4:0.66,5:0.34	1	0.66	1:0.66,3:0.34
50	5279	26395	26445	4	0.76	4:0.76,5:0.24	1	0.76	1:0.76,3:0.24
50	5280	26400	26450	4	0.86	4:0.86,5:0.14	1	0.86	1:0.86,3:0.14
50	5281	26405	26455	4	0.96	4:0.96,5:0.04	1	0.96	1:0.96,3:0.04
50	5282	26410	26460	4	1	4:1	1	1	1:1
50	5283	26415	26465	4	1	4:1	1	1	1:1
50	5284	26420	26470	4	1	4:1	1	1	1:1
50	5285	26425	26475	4	1	4:1	1	1	1:1
50	5286	26430	26480	4	1	4:1	1	1	1:1
50	5287	26435	26485	4	1	4:1	1	1	1:1
50	5288	26440	26490	4	1	4:1	1	1	1:1
50	5289	26445	26495	4	1	4:1	1	1	1:1
50	5290	26450	26500	4	1	4:1	1	1	1:1
50	5291	26455	26505	4	1	4:1	1	1	1:1
50	5292	26460	26510	4	1	4:1	1	1	1:1
50	5293	26465	26515	4	1	4:1	1	1	1:1
50	5294	26470	26520	4	1	4:1	1	1	1:1
50	5295	26475	26525	4	1	4:1	1	1	1:1
50	5296	26480	26530	4	1	4:1	1	1	1:1
50	5297	26485	26535	4	1	4:1	1	1	1:1
50	5298	26490	26540	4	1	4:1	1	1	1:1
50	5299	26495	26545	4	1	4:1	1	1	1:1
50	5300	26500	26550	4	1	4:1	1	1	1:1
50	5301	26505	26555	4	1	4:1	1	1	1:1
50	5302	26510	26560	4	1	4:1	1	1	1:1
50	5303	26515	26565	4	1	4:1	1	1	1:1
50	5304	26520	26570	4	1	4:1	1	1	1:1
50	5305	26525	26575	4	1	4:1	1	1	1:1
50	5306	26530	26580	4	1	4:1	1	1	1:1
50	5307	26535	26585	4	1	4:1	1	1	1:1
50	5308	26540	26590	4	1	4:1	1	1	1:1
50	5309	26545	26595	4	1	4:1	1	1	1:1
50	5310	26550	26600		0		1	1	1:1
50	5311	26555	26605		0		1	1	1:1
50	5312	26560	26610		0		1	1	1:1
50	5313	26565	26615		0		1	1	1:1
50	5314	26570	26620		0		1	1	1:1
50	5315	26575	26625		0		1	1	1:1
50	5316	26580	26630		0		1	1	1:1
50	5317	26585	26635		0		1	1	1:1
50	5318	26590	26640		0		1	1	1:1
50	5319	26595	26645		0		1	1	1:1
50	5320	26600	26650		0		1	1	1:1
50	5321	26605	26655		0		1	1	1:1
50	5322	26610	26660		0		1	1	1:1
50	5323	26615	26665		0		1	1	1:1
50	5324	26620	26670		0		1	1	1:1
50	5325	26625	26675		0		1	1	1:1
50	5326	26630	26680		0		1	1	1:1
50	5327	26635	26685		0		1	1	1:1
50	5328	26640	26690		0		1	1	1:1
50	5329	26645	26695		0		1	1	1:1
50	5330	26650	26700		0		1	1	1:1
50	5331	26655	26705		0		1	1	1:1
50	5332	26660	26710		0		1	1	1:1
50	5333	26665	26715		0		1	1	1:1
50	5334	26670	26720		0		1	1	1:1
50	5335	26675	26725		0		1	1	1:1
50	5336	26680	26730		0		1	1	1:1
50	5337	26685	26735		0		1	1	1:1
50	5338	26690	26740		0		1	1	1:1
50	5339	26695	26745		0		1	1	1:1
50	5340	26700	26750		0		1	1	1:1
50	5341	26705	26755		0		1	1	1:1
50	5342	26710	26760		0		1	1	1:1
50	5343	26715	26765		0		1	1	1:1
50	5344	26720	26770		0		1	1	1:1
50	5345	26725	26775		0		1	1	1:1
50	5346	26730	26780		0		1	1	1:1
50	5347	26735	26785		0		1	1	1:1
50	5348	26740	26790		0		1	1	1:1
50	5349	26745	26795		0		1	1	1:1
50	5350	26750	26800		0		1	1	1:1
50	5351	26755	26805		0		1	1	1:1
50	5352	26760	26810		0		1	1	1:1
50	5353	26765	26815		0		1	1	1:1
50	5354	26770	26820		0		1	1	1:1
50	5355	26775	26825		0		1	1	1:1
50	5356	26780	26830		0		1	1	1:1
50	5357	26785	26835		0		1	1	1:1
50	5358	26790	26840		0		1	1	1:1
50	5359	26795	26845		0		1	1	1:1
50	5360	26800	26850		0		1	1	1:1
50	5361	26805	26855		0		1	1	1:1
50	5362	26810	26860		0		1	1	1:1
50	5363	26815	26865		0		1	1	1:1
50	5364	26820	26870		0		1	1	1:1
50	5365	26825	26875		0		1	1	1:1
50	5366	26830	26880		0		1	1	1:1
50	5367	26835	26885		0		1	1	1:1
50	5368	26840	26890		0		1	1	1:1
50	5369	26845	26895		0		1	1	1:1
50	5370	26850	26900		0		1	1	1:1
50	5371	26855	26905		0		1	1	1:1
50	5372	26860	26910		0		1	1	1:1
50	5373	26865	26915		0		1	1	1:1
50	5374	26870	26920		0		1	1	1:1
50	5375	26875	26925		0		1	1	1:1
50	5376	26880	26930		0		1	1	1:1
50	5377	26885	26935		0		1	1	1:1
50	5378	26890	26940		0		1	1	1:1
50	5379	26895	26945		0		1	1	1:1
50	5380	26900	26950		0		1	1	1:1
50	5381	26905	26955		0		1	1	1:1
50	5382	26910	26960		0		1	1	1:1
50	5383	26915	26965		0		1	1	1:1
50	5384	26920	26970		0		1	1	1:1
50	5385	26925	26975		0		1	1	1:1
50	5386	26930	26980		0		1	1	1:1
50	5387	26935	26985		0		1	1	1:1
50	5388	26940	26990		0		1	1	1:1
50	5389	26945	26995		0		1	1	1:1
50	5390	26950	27000		0		1	1	1:1
50	5391	26955	27005		0		1	1	1:1
50	5392	26960	27010		0		1	1	1:1
50	5393	26965	27015		0		1	1	1:1
50	5394	26970	27020		0		1	1	1:1
50	5395	26975	27025		0		1	1	1:1
50	5396	26980	27030		0		1	1	1:1
50	5397	26985	27035		0		1	1	1:1
50	5398	26990	27040		0		1	1	1:1
50	5399	26995	27045		0		1	1	1:1
50	5400	27000	27050		0		1	1	1:1
50	5401	27005	27055		0		1	1	1:1
50	5402	27010	27060		0		1	1	1:1
50	5403	27015	27065		0		1	1	1:1
50	5404	27020	27070		0		1	1	1:1
50	5405	27025	27075		0		1	1	1:1
50	5406	27030	27080		0		1	1	1:1
50	5407	27035	27085		0		1	1	1:1
50	5408	27040	27090		0		1	1	1:1
50	5409	27045	27095		0		1	1	1:1
50	5410	27050	27100		0		1	1	1:1
50	5411	27055	27105		0		1	1	1:1
50	5412	27060	27110		0		1	1	1:1
50	5413	27065	27115		0		1	1	1:1
50	5414	27070	27120		0		1	1	1:1
50	5415	27075	27125		0		1	1	1:1
50	5416	27080	27130		0		1	1	1:1
50	5417	27085	27135		0		1	1	1:1
50	5418	27090	27140		0		1	1	1:1
50	5419	27095	27145		0		1	1	1:1
50	5420	27100	27150		0		1	1	1:1
50	5421	27105	27155		0		1	1	1:1
50	5422	27110	27160		0		1	1	1:1
50	5423	27115	27165		0		1	1	1:1
50	5424	27120	27170		0		1	1	1:1
50	5425	27125	27175		0		1	1	1:1
50	5426	27130	27180		0		1	1	1:1
50	5427	27135	27185		0		1	1	1:1
50	5428	27140	27190		0		1	1	1:1
50	5429	27145	27195		0		1	1	1:1
50	5430	27150	27200		0		1	1	1:1
50	5431	27155	27205		0		1	1	1:1
50	5432	27160	27210		0		1	1	1:1
50	5433	27165	27215		0		1	1	1:1
50	5434	27170	27220		0		1	1	1:1
50	5435	27175	27225		0		1	1	1:1
50	5436	27180	27230		0		1	1	1:1
50	5437	27185	27235		0		1	1	1:1
50	5438	27190	27240		0		1	1	1:1
50	5439	27195	27245		0		1	1	1:1
50	5440	27200	27250		0		1	1	1:1
50	5441	27205	27255		0		1	1	1:1
50	5442	27210	27260		0		1	1	1:1
50	5443	27215	27265		0		1	1	1:1
50	5444	27220	27270		0		1	1	1:1
50	5445	27225	27275		0		1	1	1:1
50	5446	27230	27280		0		1	1	1:1
50	5447	27235	27285		0		1	1	1:1
50	5448	27240	27290		0		1	1	1:1
50	5449	27245	27295		0		1	1	1:1
50	5450	27250	27300		0		1	1	1:1
50	5451	27255	27305		0		1	1	1:1
50	5452	27260	27310		0		1	1	1:1
50	5453	27265	27315		0		1	1	1:1
50	5454	27270	27320		0		1	1	1:1
50	5455	27275	27325		0		1	1	1:1
50	5456	27280	27330		0		1	1	1:1
50	5457	27285	27335		0		1	1	1:1
50	5458	27290	27340		0		1	1	1:1
50	5459	27295	27345		0		1	1	1:1
50	5460	27300	27350		0		1	1	1:1
50	5461	27305	27355		0		1	1	1:1
50	5462	27310	27360		0		1	1	1:1
50	5463	27315	27365		0		1	1	1:1
50	5464	27320	27370		0		1	1	1:1
50	5465	27325	27375		0		1	1	1:1
50	5466	27330	27380		0		1	1	1:1
50	5467	27335	27385		0		1	1	1:1
50	5468	27340	27390		0		1	1	1:1
50	5469	27345	27395		0		1	1	1:1
50	5470	27350	27400		0		1	1	1:1
50	5471	27355	27405		0		1	1	1:1
50	5472	27360	27410		0		1	1	1:1
50	5473	27365	27415		0		1	1	1:1
50	5474	27370	27420		0		1	1	1:1
50	5475	27375	27425		0		1	1	1:1
50	5476	27380	27430		0		1	1	1:1
50	5477	27385	27435		0		1	1	1:1
50	5478	27390	27440		0		1	1	1:1
50	5479	27395	27445		0		1	1	1:1
50	5480	27400	27450		0		1	1	1:1
50	5481	27405	27455		0		1	1	1:1
50	5482	27410	27460		0		1	1	1:1
50	5483	27415	27465		0		1	1	1:1
50	5484	27420	27470		0		1	1	1:1
50	5485	27425	27475		0		1	1	1:1
50	5486	27430	27480		0		1	1	1:1
50	5487	27435	27485		0		1	1	1:1
50	5488	27440	27490		0		1	1	1:1
50	5489	27445	27495		0		1	1	1:1
50	5490	27450	27500		0		1	1	1:1
50	5491	27455	27505		0		1	1	1:1
50	5492	27460	27510		0		1	1	1:1
50	5493	27465	27515		0		1	1	1:1
50	5494	27470	27520		0		1	1	1:1
50	5495	27475	27525		0		1	1	1:1
50	5496	27480	27530		0		1	1	1:1
50	5497	27485	27535		0		1	1	1:1
50	5498	27490	27540		0		1	1	1:1
50	5499	27495	27545		0		1	1	1:1
50	5500	27500	27550		0		1	1	1:1
50	5501	27505	27555		0		1	1	1:1
50	5502	27510	27560		0		1	1	1:1
50	5503	27515	27565		0		1	1	1:1
50	5504	27520	27570		0		1	1	1:1
50	5505	27525	27575		0		1	1	1:1
50	5506	27530	27580		0		1	1	1:1
50	5507	27535	27585		0		1	1	1:1
50	5508	27540	27590		0		1	1	1:1
50	5509	27545	27595		0		1	1	1:1
50	5510	27550	27600		0		1	1	1:1
50	5511	27555	27605		0		1	1	1:1
50	5512	27560	27610		0		1	1	1:1
50	5513	27565	27615		0		1	1	1:1
50	5514	27570	27620		0		1	1	1:1
50	5515	27575	27625		0		1	1	1:1
50	5516	27580	27630		0		1	1	1:1
50	5517	27585	27635		0		1	1	1:1
50	5518	27590	27640		0		1	1	1:1
50	5519	27595	27645		0		1	1	1:1
50	5520	27600	27650		0		1	1	1:1
50	5521	27605	27655		0		1	1	1:1
50	5522	27610	27660		0		1	1	1:1
50	5523	27615	27665		0		1	1	1:1
50	5524	27620	27670		0		1	1	1:1
50	5525	27625	27675		0		1	1	1:1
50	5526	27630	27680		0		1	1	1:1
50	5527	27635	27685		0		1	1	1:1
50	5528	27640	27690		0		1	1	1:1
50	5529	27645	27695		0		1	1	1:1
50	5530	27650	27700		0		1	1	1:1
50	5531	27655	27705		0		1	1	1:1
50	5532	27660	27710		0		1	1	1:1
50	5533	27665	27715		0		1	1	1:1
50	5534	27670	27720		0		1	1	1:1
50	5535	27675	27725		0		1	1	1:1
50	5536	27680	27730		0		1	1	1:1
50	5537	27685	27735		0		1	1	1:1
50	5538	27690	27740		0		1	1	1:1
50	5539	27695	27745		0		1	1	1:1
50	5540	27700	27750		0		1	1	1:1
50	5541	27705	27755		0		1	1	1:1
50	5542	27710	27760		0		1	1	1:1
50	5543	27715	27765		0		1	1	1:1
50	5544	27720	27770		0		1	1	1:1
50	5545	27725	27775		0		1	1	1:1
50	5546	27730	27780		0		1	1	1:1
50	5547	27735	27785		0		1	1	1:1
50	5548	27740	27790		0		1	1	1:1
50	5549	27745	27795		0		1	1	1:1
50	5550	27750	27800		0		1	1	1:1
50	5551	27755	27805		0		1	1	1:1
50	5552	27760	27810		0		1	1	1:1
50	5553	27765	27815		0		1	1	1:1
50	5554	27770	27820		0		1	1	1:1
50	5555	27775	27825		0		1	1	1:1
50	5556	27780	27830		0		1	1	1:1
50	5557	27785	27835		0		1	1	1:1
50	5558	27790	27840		0		1	1	1:1
50	5559	27795	27845		0		1	1	1:1
50	5560	27800	27850		0		1	1	1:1
50	5561	27805	27855		0		1	1	1:1
50	5562	27810	27860		0		1	1	1:1
50	5563	27815	27865		0		1	1	1:1
50	5564	27820	27870		0		1	1	1:1
50	5565	27825	27875		0		1	1	1:1
50	5566	27830	27880		0		1	1	1:1
50	5567	27835	27885		0		1	1	1:1
50	5568	27840	27890		0		1	1	1:1
50	5569	27845	27895		0		1	1	1:1
50	5570	27850	27900		0		1	1	1:1
50	5571	27855	27905		0		1	1	1:1
50	5572	27860	27910		0		1	1	1:1
50	5573	27865	27915		0		1	1	1:1
50	5574	27870	27920		0		1	1	1:1
50	5575	27875	27925		0		1	1	1:1
50	5576	27880	27930		0		1	1	1:1
50	5577	27885	27935		0		1	1	1:1
50	5578	27890	27940		0		1	1	1:1
50	5579	27895	27945		0		1	1	1:1
50	5580	27900	27950		0		1	1	1:1
50	5581	27905	27955		0		1	1	1:1
50	5582	27910	27960		0		1	1	1:1
50	5583	27915	27965		0		1	1	1:1
50	5584	27920	27970		0		1	1	1:1
50	5585	27925	27975		0		1	1	1:1
50	5586	27930	27980		0		1	1	1:1
50	5587	27935	27985		0		1	1	1:1
50	5588	27940	27990		0		1	1	1:1
50	5589	27945	27995		0		1	1	1:1
50	5590	27950	28000		0		1	1	1:1
50	5591	27955	28005		0		1	1	1:1
50	5592	27960	28010		0		1	1	1:1
50	5593	27965	28015		0		1	1	1:1
50	5594	27970	28020		0		1	1	1:1
50	5595	27975	28025		0		1	1	1:1
50	5596	27980	28030		0		1	1	1:1
50	5597	27985	28035		0		1	1	1:1
50	5598	27990	28040		0		1	1	1:1
50	5599	27995	28045		0		1	1	1:1
50	5600	28000	28050		0		1	1	1:1
50	5601	28005	28055		0		1	1	1:1
50	5602	28010	28060		0		1	1	1:1
50	5603	28015	28065		0		1	1	1:1
50	5604	28020	28070		0		1	1	1:1
50	5605	28025	28075		0		1	1	1:1
50	5606	28030	28080		0		1	1	1:1
50	5607	28035	28085		0		1	1	1:1
50	5608	28040	28090		0		1	1	1:1
50	5609	28045	28095		0		1	1	1:1
50	5610	28050	28100		0		1	1	1:1
50	5611	28055	28105		0		1	1	1:1
50	5612	28060	28110		0		1	1	1:1
50	5613	28065	28115		0		1	1	1:1
50	5614	28070	28120		0		1	1	1:1
50	5615	28075	28125		0		1	1	1:1
50	5616	28080	28130		0		1	1	1:1
50	5617	28085	28135	X	1	X:1	1	0.92	1:0.92,3:0.08
50	5618	28090	28140	X	1	X:1	1	0.82	1:0.82,3:0.18
50	5619	28095	28145	X	1	X:1	1	0.72	1:0.72,3:0.28
50	5620	28100	28150	X	1	X:1	1	0.62	1:0.62,3:0.38
50	5621	28105	28155	X	1	X:1	1	0.52	1:0.52,3:0.48
50	5622	28110	28160	X	1	X:1	3	0.58	1:0.42,3:0.58
50	5623	28115	28165	X	1	X:1	3	0.68	1:0.32,3:0.68
50	5624	28120	28170	X	1	X:1	3	0.78	1:0.22,3:0.78
50	5625	28125	28175	X	1	X:1	3	0.88	1:0.12,3:0.88
50	5626	28130	28180	X	1	X:1	3	0.98	1:0.02,3:0.98
50	5627	28135	28185	X	1	X:1	3	1	3:1
50	5628	28140	28190	X	1	X:1	3	1	3:1
50	5629	28145	28195	X	1	X:1	3	1	3:1
50	5630	28150	28200	X	1	X:1	3	1	3:1
50	5631	28155	28205	X	1	X:1	3	1	3:1
50	5632	28160	28210	X	1	X:1	3	1	3:1
50	5633	28165	28215	X	1	X:1	3	1	3:1
50	5634	28170	28220	X	1	X:1	3	1	3:1
50	5635	28175	28225	X	1	X:1	3	1	3:1
50	5636	28180	28230	X	1	X:1	3	1	3:1
50	5637	28185	28235	X	1	X:1	3	1	3:1
50	5638	28190	28240	X	1	X:1	3	1	3:1
50	5639	28195	28245	X	1	X:1	3	1	3:1
50	5640	28200	28250	X	1	X:1	3	1	3:1
50	5641	28205	28255	X	1	X:1	3	1	3:1
50	5642	28210	28260	X	1	X:1	3	1	3:1
50	5643	28215	28265	X	1	X:1	3	1	3:1
50	5644	28220	28270	X	1	X:1	3	1	3:1
50	5645	28225	28275	X	1	X:1	3	1	3:1
50	5646	28230	28280	X	1	X:1	3	1	3:1
50	5647	28235	28285	X	1	X:1	3	1	3:1
50	5648	28240	28290	X	1	X:1	3	1	3:1
50	5649	28245	28295	X	1	X:1	3	1	3:1
50	5650	28250	28300	X	1	X:1	3	1	3:1
50	5651	28255	28305	X	1	X:1	3	1	3:1
50	5652	28260	28310	X	1	X:1	3	1	3:1
50	5653	28265	28315	X	1	X:1	3	1	3:1
50	5654	28270	28320	X	1	X:1	3	1	3:1
50	5655	28275	28325	X	1	X:1	3	1	3:1
50	5656	28280	28330	X	1	X:1	3	1	3:1
50	5657	28285	28335	X	1	X:1	3	1	3:1
50	5658	28290	28340	X	1	X:1	3	1	3:1
50	5659	28295	28345	X	1	X:1	3	1	3:1
50	5660	28300	28350	X	1	X:1	3	1	3:1
50	5661	28305	28355	X	1	X:1	3	1	3:1
50	5662	28310	28360	X	1	X:1	3	1	3:1
50	5663	28315	28365	X	1	X:1	3	1	3:1
50	5664	28320	28370	X	1	X:1	3	1	3:1
50	5665	28325	28375	X	1	X:1	3	1	3:1
50	5666	28330	28380	X	1	X:1	3	1	3:1
50	5667	28335	28385	X	1	X:1	3	1	3:1
50	5668	28340	28390	X	1	X:1	3	1	3:1
50	5669	28345	28395	X	1	X:1	3	1	3:1
50	5670	28350	28400	X	1	X:1	3	1	3:1
50	5671	28355	28405	X	1	X:1	3	1	3:1
50	5672	28360	28410	X	1	X:1	3	1	3:1
50	5673	28365	28415	X	1	X:1	3	1	3:1
50	5674	28370	28420	X	1	X:1	3	1	3:1
50	5675	28375	28425	X	1	X:1	3	1	3:1
50	5676	28380	28430	X	1	X:1	3	1	3:1
50	5677	28385	28435	X	1	X:1	3	1	3:1
50	5678	28390	28440	X	1	X:1	3	1	3:1
50	5679	28395	28445	X	1	X:1	3	1	3:1
50	5680	28400	28450	X	1	X:1	3	1	3:1
50	5681	28405	28455	X	1	X:1	3	1	3:1
50	5682	28410	28460	X	1	X:1	3	1	3:1
50	5683	28415	28465	X	1	X:1	3	1	3:1
50	5684	28420	28470	X	1	X:1	3	1	3:1
50	5685	28425	28475	X	1	X:1	3	1	3:1
50	5686	28430	28480	X	1	X:1	3	1	3:1
50	5687	28435	28485	X	1	X:1	3	1	3:1
50	5688	28440	28490	X	1	X:1	3	1	3:1
50	5689	28445	28495	X	1	X:1	3	1	3:1
50	5690	28450	28500	X	1	X:1	3	1	3:1
50	5691	28455	28505	X	1	X:1	3	1	3:1
50	5692	28460	28510	X	1	X:1	3	1	3:1
50	5693	28465	28515	X	1	X:1	3	1	3:1
50	5694	28470	28520	X	1	X:1	3	1	3:1
50	5695	28475	28525	X	1	X:1	3	1	3:1
50	5696	28480	28530	X	1	X:1	3	1	3:1
50	5697	28485	28535	X	1	X:1	3	1	3:1
50	5698	28490	28540	X	1	X:1	3	1	3:1
50	5699	28495	28545	X	1	X:1	3	1	3:1
50	5700	28500	28550	X	1	X:1	3	1	3:1
50	5701	28505	28555	X	1	X:1	3	1	3:1
50	5702	28510	28560	X	1	X:1	3	1	3:1
50	5703	28515	28565	X	1	X:1	3	1	3:1
50	5704	28520	28570	X	1	X:1	3	1	3:1
50	5705	28525	28575	X	1	X:1	3	1	3:1
50	5706	28530	28580	X	1	X:1	3	1	3:1
50	5707	28535	28585	X	1	X:1	3	1	3:1
50	5708	28540	28590	X	1	X:1	3	1	3:1
50	5709	28545	28595	X	1	X:1	3	1	3:1
50	5710	28550	28600	X	1	X:1	3	1	3:1
50	5711	28555	28605	X	1	X:1	3	1	3:1
50	5712	28560	28610	X	1	X:1	3	1	3:1
50	5713	28565	28615	X	1	X:1	3	1	3:1
50	5714	28570	28620	X	1	X:1	3	1	3:1
50	5715	28575	28625	X	1	X:1	3	1	3:1
50	5716	28580	28630	X	1	X:1	3	1	3:1
50	5717	28585	28635	X	1	X:1	3	1	3:1
50	5718	28590	28640	X	1	X:1	3	1	3:1
50	5719	28595	28645	X	1	X:1	3	1	3:1
50	5720	28600	28650	X	1	X:1	3	1	3:1
50	5721	28605	28655	X	1	X:1	3	1	3:1
50	5722	28610	28660	X	1	X:1	3	1	3:1
50	5723	28615	28665	X	1	X:1	3	1	3:1
50	5724	28620	28670	X	1	X:1	3	1	3:1
50	5725	28625	28675	X	1	X:1	3	1	3:1
50	5726	28630	28680	X	1	X:1	3	1	3:1
50	5727	28635	28685	X	1	X:1	3	1	3:1
50	5728	28640	28690	X	1	X:1	3	1	3:1
50	5729	28645	28695	X	1	X:1	3	1	3:1
50	5730	28650	28700	X	1	X:1	3	1	3:1
50	5731	28655	28705	X	1	X:1	3	1	3:1
50	5732	28660	28710	X	1	X:1	3	1	3:1
50	5733	28665	28715	X	1	X:1	3	1	3:1
50	5734	28670	28720	X	1	X:1	3	1	3:1
50	5735	28675	28725	X	1	X:1	3	1	3:1
50	5736	28680	28730	X	1	X:1	3	1	3:1
50	5737	28685	28735	X	1	X:1	3	1	3:1
50	5738	28690	28740	X	1	X:1	3	1	3:1
50	5739	28695	28745	X	1	X:1	3	1	3:1
50	5740	28700	28750	X	1	X:1	3	1	3:1
50	5741	28705	28755	X	1	X:1	3	1	3:1
50	5742	28710	28760	X	1	X:1	3	1	3:1
50	5743	28715	28765	X	1	X:1	3	1	3:1
50	5744	28720	28770	X	1	X:1	3	1	3:1
50	5745	28725	28775	X	1	X:1	3	1	3:1
50	5746	28730	28780	X	1	X:1	3	1	3:1
50	5747	28735	28785	X	1	X:1	3	1	3:1
50	5748	28740	28790	X	1	X:1	3	1	3:1
50	5749	28745	28795	X	1	X:1	3	1	3:1
50	5750	28750	28800	X	1	X:1	3	1	3:1
50	5751	28755	28805	X	1	X:1	3	1	3:1
50	5752	28760	28810	X	1	X:1	3	1	3:1
50	5753	28765	28815	X	1	X:1	3	1	3:1
50	5754	28770	28820	X	1	X:1	3	1	3:1
50	5755	28775	28825	X	1	X:1	3	1	3:1
50	5756	28780	28830	X	1	X:1	3	1	3:1
50	5757	28785	28835	X	1	X:1	3	1	3:1
50	5758	28790	28840	X	1	X:1	3	1	3:1
50	5759	28795	28845	X	1	X:1	3	1	3:1
50	5760	28800	28850	X	1	X:1	3	1	3:1
50	5761	28805	28855	X	1	X:1	3	1	3:1
50	5762	28810	28860	X	1	X:1	3	1	3:1
50	5763	28815	28865	X	1	X:1	3	1	3:1
50	5764	28820	28870	X	1	X:1	3	1	3:1
50	5765	28825	28875	X	1	X:1	3	1	3:1
50	5766	28830	28880	X	1	X:1	3	1	3:1
50	5767	28835	28885	X	1	X:1	3	1	3:1
50	5768	28840	28890	X	1	X:1	3	1	3:1
50	5769	28845	28895	X	1	X:1	3	1	3:1
50	5770	28850	28900	X	1	X:1	3	1	3:1
50	5771	28855	28905	X	1	X:1	3	1	3:1
50	5772	28860	28910	X	1	X:1	3	1	3:1
50	5773	28865	28915	X	1	X:1	3	1	3:1
50	5774	28870	28920	X	1	X:1	3	1	3:1
50	5775	28875	28925	X	1	X:1	3	1	3:1
50	5776	28880	28930	X	1	X:1	3	1	3:1
50	5777	28885	28935	X	1	X:1	3	1	3:1
50	5778	28890	28940	X	1	X:1	3	1	3:1
50	5779	28895	28945	X	1	X:1	3	1	3:1
50	5780	28900	28950	X	1	X:1	3	1	3:1
50	5781	28905	28955	X	1	X:1	3	1	3:1
50	5782	28910	28960	X	1	X:1	3	1	3:1
50	5783	28915	28965	X	1	X:1	3	1	3:1
50	5784	28920	28970	X	1	X:1	3	1	3:1
50	5785	28925	28975	X	1	X:1	3	1	3:1
50	5786	28930	28980	X	1	X:1	3	1	3:1
50	5787	28935	28985	X	1	X:1	3	1	3:1
50	5788	28940	28990	X	1	X:1	3	1	3:1
50	5789	28945	28995	X	1	X:1	3	1	3:1
50	5790	28950	29000	X	1	X:1	3	1	3:1
50	5791	28955	29005	X	1	X:1	3	1	3:1
50	5792	28960	29010	X	1	X:1	3	1	3:1
50	5793	28965	29015	X	1	X:1	3	1	3:1
50	5794	28970	29020	X	1	X:1	3	1	3:1
50	5795	28975	29025	X	1	X:1	3	1	3:1
50	5796	28980	29030	X	1	X:1	3	1	3:1
50	5797	28985	29035	X	1	X:1	3	1	3:1
50	5798	28990	29040	X	1	X:1	3	1	3:1
50	5799	28995	29045	X	1	X:1	3	1	3:1
50	5800	29000	29050	X	1	X:1	3	1	3:1
50	5801	29005	29055	X	1	X:1	3	1	3:1
50	5802	29010	29060	X	1	X:1	3	1	3:1
50	5803	29015	29065	X	1	X:1	3	1	3:1
50	5804	29020	29070	X	1	X:1	3	1	3:1
50	5805	29025	29075	X	1	X:1	3	1	3:1
50	5806	29030	29080	X	1	X:1	3	1	3:1
50	5807	29035	29085	X	1	X:1	3	1	3:1
50	5808	29040	29090	X	1	X:1	3	1	3:1
50	5809	29045	29095	X	1	X:1	3	1	3:1
50	5810	29050	29100	X	1	X:1	3	1	3:1
50	5811	29055	29105	X	1	X:1	3	1	3:1
50	5812	29060	29110	X	1	X:1	3	1	3:1
50	5813	29065	29115	X	1	X:1	3	1	3:1
50	5814	29070	29120	X	1	X:1	3	1	3:1
50	5815	29075	29125	X	1	X:1	3	1	3:1
50	5816	29080	29130	X	1	X:1	3	1	3:1
50	5817	29085	29135	X	1	X:1	3	1	3:1
50	5818	29090	29140	X	1	X:1	3	1	3:1
50	5819	29095	29145	X	1	X:1	3	1	3:1
50	5820	29100	29150	X	1	X:1	3	1	3:1
50	5821	29105	29155	X	1	X:1	3	1	3:1
50	5822	29110	29160	X	1	X:1	3	1	3:1
50	5823	29115	29165	X	1	X:1	3	1	3:1
50	5824	29120	29170	X	1	X:1	3	1	3:1
50	5825	29125	29175	X	1	X:1	3	1	3:1
50	5826	29130	29180	X	1	X:1	3	1	3:1
50	5827	29135	29185	X	1	X:1	3	1	3:1
50	5828	29140	29190	X	1	X:1	3	1	3:1
50	5829	29145	29195	X	1	X:1	3	1	3:1
50	5830	29150	29200	X	1	X:1	3	1	3:1
50	5831	29155	29205	X	1	X:1	3	1	3:1
50	5832	29160	29210	X	1	X:1	3	1	3:1
50	5833	29165	29215	X	1	X:1	3	1	3:1
50	5834	29170	29220	X	1	X:1	3	1	3:1
50	5835	29175	29225	X	1	X:1	3	1	3:1
50	5836	29180	29230	X	1	X:1	3	1	3:1
50	5837	29185	29235	X	1	X:1	3	1	3:1
50	5838	29190	29240	X	1	X:1	3	1	3:1
50	5839	29195	29245	X	1	X:1	3	1	3:1
50	5840	29200	29250	X	1	X:1	3	1	3:1
50	5841	29205	29255	X	1	X:1	3	1	3:1
50	5842	29210	29260	X	1	X:1	3	1	3:1
50	5843	29215	29265	X	1	X:1	3	1	3:1
50	5844	29220	29270	X	1	X:1	3	1	3:1
50	5845	29225	29275	X	1	X:1	3	1	3:1
50	5846	29230	29280	X	1	X:1	3	1	3:1
50	5847	29235	29285	X	1	X:1	3	1	3:1
50	5848	29240	29290	X	1	X:1	3	1	3:1
50	5849	29245	29295	X	1	X:1	3	1	3:1
50	5850	29250	29300	X	1	X:1	3	1	3:1
50	5851	29255	29305	X	1	X:1	3	1	3:1
50	5852	29260	29310	X	1	X:1	3	1	3:1
50	5853	29265	29315	X	1	X:1	3	1	3:1
50	5854	29270	29320	X	1	X:1	3	1	3:1
50	5855	29275	29325	X	1	X:1	3	1	3:1
50	5856	29280	29330	X	1	X:1	3	1	3:1
50	5857	29285	29335	X	1	X:1	3	1	3:1
50	5858	29290	29340	X	1	X:1	3	1	3:1
50	5859	29295	29345	X	1	X:1	3	1	3:1
50	5860	29300	29350	X	1	X:1	3	1	3:1
50	5861	29305	29355	X	1	X:1	3	1	3:1
50	5862	29310	29360	X	1	X:1	3	1	3:1
50	5863	29315	29365	X	1	X:1	3	1	3:1
50	5864	29320	29370	X	1	X:1	3	1	3:1
50	5865	29325	29375	X	1	X:1	3	1	3:1
50	5866	29330	29380	X	1	X:1	3	1	3:1
50	5867	29335	29385	X	1	X:1	3	1	3:1
50	5868	29340	29390	X	1	X:1	3	1	3:1
50	5869	29345	29395	X	1	X:1	3	1	3:1
50	5870	29350	29400	X	1	X:1	3	1	3:1
50	5871	29355	29405	X	1	X:1	3	1	3:1
50	5872	29360	29410	X	1	X:1	3	1	3:1
50	5873	29365	29415	X	1	X:1	3	1	3:1
50	5874	29370	29420	X	1	X:1	3	1	3:1
50	5875	29375	29425	X	1	X:1	3	1	3:1
50	5876	29380	29430	X	1	X:1	3	1	3:1
50	5877	29385	29435	X	1	X:1	3	1	3:1
50	5878	29390	29440	X	1	X:1	3	1	3:1
50	5879	29395	29445	X	1	X:1	3	1	3:1
50	5880	29400	29450	X	1	X:1	3	1	3:1
50	5881	29405	29455	X	1	X:1	3	1	3:1
50	5882	29410	29460	X	1	X:1	3	1	3:1
50	5883	29415	29465	X	1	X:1	3	1	3:1
50	5884	29420	29470	X	1	X:1	3	1	3:1
50	5885	29425	29475	X	1	X:1	3	1	3:1
50	5886	29430	29480	X	1	X:1	3	1	3:1
50	5887	29435	29485	X	1	X:1	3	1	3:1
50	5888	29440	29490	X	1	X:1	3	1	3:1
50	5889	29445	29495	X	1	X:1	3	1	3:1
50	5890	29450	29500	X	1	X:1	3	1	3:1
50	5891	29455	29505	X	1	X:1	3	1	3:1
50	5892	29460	29510	X	1	X:1	3	1	3:1
50	5893	29465	29515	X	1	X:1	3	1	3:1
50	5894	29470	29520	X	1	X:1	3	1	3:1
50	5895	29475	29525	X	1	X:1	3	1	3:1
50	5896	29480	29530	X	1	X:1	3	1	3:1
50	5897	29485	29535	X	1	X:1	3	1	3:1
50	5898	29490	29540	X	1	X:1	3	1	3:1
50	5899	29495	29545	X	1	X:1	3	1	3:1
50	5900	29500	29550	X	1	X:1	3	1	3:1
50	5901	29505	29555	X	1	X:1	3	1	3:1
50	5902	29510	29560	X	1	X:1	3	1	3:1
50	5903	29515	29565	X	1	X:1	3	1	3:1
50	5904	29520	29570	X	1	X:1	3	1	3:1
50	5905	29525	29575	X	1	X:1	3	1	3:1
50	5906	29530	29580	X	1	X:1	3	1	3:1
50	5907	29535	29585	X	1	X:1	3	1	3:1
50	5908	29540	29590	X	1	X:1	3	1	3:1
50	5909	29545	29595	X	1	X:1	3	1	3:1
50	5910	29550	29600	X	1	X:1	3	1	3:1
50	5911	29555	29605	X	1	X:1	3	1	3:1
50	5912	29560	29610	X	1	X:1	3	1	3:1
50	5913	29565	29615	X	1	X:1	3	1	3:1
50	5914	29570	29620	X	1	X:1	3	1	3:1
50	5915	29575	29625	X	1	X:1	3	1	3:1
50	5916	29580	29630	X	1	X:1	3	1	3:1
50	5917	29585	29635	X	1	X:1	3	1	3:1
50	5918	29590	29640	X	1	X:1	3	1	3:1
50	5919	29595	29645	X	1	X:1	3	1	3:1
50	5920	29600	29650	X	1	X:1	3	1	3:1
50	5921	29605	29655	X	1	X:1	3	1	3:1
50	5922	29610	29660	X	1	X:1	3	1	3:1
50	5923	29615	29665	X	1	X:1	3	1	3:1
50	5924	29620	29670	X	1	X:1	3	1	3:1
50	5925	29625	29675	X	1	X:1	3	1	3:1
50	5926	29630	29680	X	1	X:1	3	1	3:1
50	5927	29635	29685	X	1	X:1	3	1	3:1
50	5928	29640	29690	X	1	X:1	3	1	3:1
50	5929	29645	29695	X	1	X:1	3	1	3:1
50	5930	29650	29700	X	1	X:1	3	1	3:1
50	5931	29655	29705	X	1	X:1	3	1	3:1
50	5932	29660	29710	X	1	X:1	3	1	3:1
50	5933	29665	29715	X	1	X:1	3	1	3:1
50	5934	29670	29720	X	1	X:1	3	1	3:1
50	5935	29675	29725	X	1	X:1	3	1	3:1
50	5936	29680	29730	X	1	X:1	3	1	3:1
50	5937	29685	29735	X	1	X:1	3	1	3:1
50	5938	29690	29740	X	1	X:1	3	1	3:1
50	5939	29695	29745	X	1	X:1	3	1	3:1
50	5940	29700	29750	X	1	X:1	3	1	3:1
50	5941	29705	29755	X	1	X:1	3	1	3:1
50	5942	29710	29760	X	1	X:1	3	1	3:1
50	5943	29715	29765	X	1	X:1	3	1	3:1
50	5944	29720	29770	X	1	X:1	3	1	3:1
50	5945	29725	29775	X	1	X:1	3	1	3:1
50	5946	29730	29780	X	1	X:1	3	1	3:1
50	5947	29735	29785	X	1	X:1	3	1	3:1
50	5948	29740	29790	X	1	X:1	3	1	3:1
50	5949	29745	29795	X	1	X:1	3	1	3:1
50	5950	29750	29800	X	1	X:1	3	1	3:1
50	5951	29755	29805	X	1	X:1	3	1	3:1
50	5952	29760	29810	X	1	X:1	3	1	3:1
50	5953	29765	29815	X	1	X:1	3	1	3:1
50	5954	29770	29820	X	1	X:1	3	1	3:1
50	5955	29775	29825	X	1	X:1	3	1	3:1
50	5956	29780	29830	X	1	X:1	3	1	3:1
50	5957	29785	29835	X	1	X:1	3	1	3:1
50	5958	29790	29840	X	1	X:1	3	1	3:1
50	5959	29795	29845	X	1	X:1	3	1	3:1
50	5960	29800	29850	X	1	X:1	3	1	3:1
50	5961	29805	29855	X	1	X:1	3	1	3:1
50	5962	29810	29860	X	1	X:1	3	1	3:1
50	5963	29815	29865	X	1	X:1	3	1	3:1
50	5964	29820	29870	X	1	X:1	3	1	3:1
50	5965	29825	29875	X	1	X:1	3	1	3:1
50	5966	29830	29880	X	1	X:1	3	1	3:1
50	5967	29835	29885	X	1	X:1	3	1	3:1
50	5968	29840	29890	X	1	X:1	3	1	3:1
50	5969	29845	29895	X	1	X:1	3	1	3:1
50	5970	29850	29900	X	1	X:1	3	1	3:1
50	5971	29855	29905	X	1	X:1	3	1	3:1
50	5972	29860	29910	X	1	X:1	3	1	3:1
50	5973	29865	29915	X	1	X:1	3	1	3:1
50	5974	29870	29920	X	1	X:1	3	1	3:1
50	5975	29875	29925	X	1	X:1	3	1	3:1
50	5976	29880	29930	X	1	X:1	3	1	3:1
50	5977	29885	29935	X	1	X:1	3	1	3:1
50	5978	29890	29940	X	1	X:1	3	1	3:1
50	5979	29895	29945	X	1	X:1	3	1	3:1
50	5980	29900	29950	X	1	X:1	3	1	3:1
50	5981	29905	29955	X	1	X:1	3	1	3:1
50	5982	29910	29960	X	1	X:1	3	1	3:1
50	5983	29915	29965	X	1	X:1	3	1	3:1
50	5984	29920	29970	X	1	X:1	3	1	3:1
50	5985	29925	29975	X	1	X:1	3	1	3:1
50	5986	29930	29980	X	1	X:1	3	1	3:1
50	5987	29935	29985	X	1	X:1	3	1	3:1
50	5988	29940	29990	X	1	X:1	3	1	3:1
50	5989	29945	29995	X	1	X:1	3	1	3:1
50	5990	29950	30000	X	1	X:1	3	1	3:1
50	5991	29955	30005	X	1	X:1	3	1	3:1
50	5992	29960	30010	X	1	X:1	3	1	3:1
50	5993	29965	30015	X	1	X:1	3	1	3:1
50	5994	29970	30020	X	1	X:1	3	1	3:1
50	5995	29975	30025	X	1	X:1	3	1	3:1
50	5996	29980	30030	X	1	X:1	3	1	3:1
50	5997	29985	30035	X	1	X:1	3	1	3:1
50	5998	29990	30040	X	1	X:1	3	1	3:1
50	5999	29995	30045	X	0.94	X:0.94,Y:0.06	3	1	3:1
50	6000	30000	30050	X	0.84	X:0.84,Y:0.16	3	1	3:1
50	6001	30005	30055	X	0.74	X:0.74,Y:0.26	3	1	3:1
50	6002	30010	30060	X	0.64	X:0.64,Y:0.36	3	1	3:1
50	6003	30015	30065	X	0.54	X:0.54,Y:0.46	3	1	3:1
50	6004	30020	30070	Y	0.56	X:0.44,Y:0.56	3	1	3:1
50	6005	30025	30075	Y	0.66	X:0.34,Y:0.66	3	1	3:1
50	6006	30030	30080	Y	0.76	X:0.24,Y:0.76	3	1	3:1
50	6007	30035	30085	Y	0.86	X:0.14,Y:0.86	3	1	3:1
50	6008	30040	30090	Y	0.96	X:0.04,Y:0.96	3	1	3:1
50	6009	30045	30095	Y	1	Y:1	3	1	3:1
50	6010	30050	30100	Y	1	Y:1	3	1	3:1
50	6011	30055	30105	Y	1	Y:1	3	1	3:1
50	6012	30060	30110	Y	1	Y:1	3	1	3:1
50	6013	30065	30115	Y	1	Y:1	3	1	3:1
50	6014	30070	30120	Y	1	Y:1	3	1	3:1
50	6015	30075	30125	Y	1	Y:1	3	1	3:1
50	6016	30080	30130	Y	1	Y:1	3	1	3:1
50	6017	30085	30135	Y	1	Y:1	3	1	3:1
50	6018	30090	30140	Y	1	Y:1	3	1	3:1
50	6019	30095	30145	Y	1	Y:1	3	1	3:1
50	6020	30100	30150	Y	1	Y:1	3	1	3:1
50	6021	30105	30155	Y	1	Y:1	3	1	3:1
50	6022	30110	30160	Y	1	Y:1	3	1	3:1
50	6023	30115	30165	Y	1	Y:1	3	1	3:1
50	6024	30120	30170	Y	1	Y:1	3	1	3:1
50	6025	30125	30175	Y	1	Y:1	3	1	3:1
50	6026	30130	30180	Y	1	Y:1	3	1	3:1
50	6027	30135	30185	Y	1	Y:1	3	1	3:1
50	6028	30140	30190	Y	1	Y:1	3	1	3:1
50	6029	30145	30195	Y	1	Y:1	3	1	3:1
50	6030	30150	30200	Y	1	Y:1	3	1	3:1
50	6031	30155	30205	Y	1	Y:1	3	1	3:1
50	6032	30160	30210	Y	1	Y:1	3	1	3:1
50	6033	30165	30215	Y	1	Y:1	3	1	3:1
50	6034	30170	30220	Y	1	Y:1	3	1	3:1
50	6035	30175	30225	Y	1	Y:1	3	1	3:1
50	6036	30180	30230	Y	1	Y:1	3	1	3:1
50	6037	30185	30235	Y	1	Y:1	3	1	3:1
50	6038	30190	30240	Y	1	Y:1	3	1	3:1
50	6039	30195	30245	Y	1	Y:1	3	1	3:1
50	6040	30200	30250	Y	1	Y:1	3	1	3:1
50	6041	30205	30255	Y	1	Y:1	3	1	3:1
50	6042	30210	30260	Y	1	Y:1	3	1	3:1
50	6043	30215	30265	Y	1	Y:1	3	1	3:1
50	6044	30220	30270	Y	1	Y:1	3	1	3:1
50	6045	30225	30275	Y	1	Y:1	3	1	3:1
50	6046	30230	30280	Y	1	Y:1	3	1	3:1
50	6047	30235	30285	Y	1	Y:1	3	1	3:1
50	6048	30240	30290	Y	1	Y:1	3	1	3:1
50	6049	30245	30295	Y	1	Y:1	3	1	3:1
50	6050	30250	30300	Y	1	Y:1	3	1	3:1
50	6051	30255	30305	Y	1	Y:1	3	1	3:1
50	6052	30260	30310	Y	1	Y:1	3	1	3:1
50	6053	30265	30315	Y	1	Y:1	3	1	3:1
50	6054	30270	30320	Y	1	Y:1	3	1	3:1
50	6055	30275	30325	Y	1	Y:1	3	1	3:1
50	6056	30280	30330	Y	1	Y:1	3	1	3:1
50	6057	30285	30335	Y	1	Y:1	3	1	3:1
50	6058	30290	30340	Y	1	Y:1	3	1	3:1
50	6059	30295	30345	Y	1	Y:1	3	1	3:1
50	6060	30300	30350	Y	1	Y:1	3	1	3:1
50	6061	30305	30355	Y	1	Y:1	3	1	3:1
50	6062	30310	30360	Y	1	Y:1	3	1	3:1
50	6063	30315	30365	Y	1	Y:1	3	1	3:1
50	6064	30320	30370	Y	1	Y:1	3	1	3:1
50	6065	30325	30375	Y	1	Y:1	3	1	3:1
50	6066	30330	30380	Y	1	Y:1	3	1	3:1
50	6067	30335	30385	Y	1	Y:1	3	1	3:1
50	6068	30340	30390	Y	1	Y:1	3	1	3:1
50	6069	30345	30395	Y	1	Y:1	3	1	3:1
50	6070	30350	30400	Y	1	Y:1	3	1	3:1
50	6071	30355	30405	Y	1	Y:1	3	1	3:1
50	6072	30360	30410	Y	1	Y:1	3	1	3:1
50	6073	30365	30415	Y	1	Y:1	3	1	3:1
50	6074	30370	30420	Y	1	Y:1	3	1	3:1
50	6075	30375	30425	Y	1	Y:1	3	1	3:1
50	6076	30380	30430	Y	1	Y:1	3	1	3:1
50	6077	30385	30435	Y	1	Y:1	3	1	3:1
50	6078	30390	30440	Y	1	Y:1	3	1	3:1
50	6079	30395	30445	Y	1	Y:1	3	1	3:1
50	6080	30400	30450	Y	1	Y:1	3	1	3:1
50	6081	30405	30455	Y	1	Y:1	3	1	3:1
50	6082	30410	30460	Y	1	Y:1	3	1	3:1
50	6083	30415	30465	Y	1	Y:1	3	1	3:1
50	6084	30420	30470	Y	1	Y:1	3	1	3:1
50	6085	30425	30475	Y	1	Y:1	3	1	3:1
50	6086	30430	30480	Y	1	Y:1	3	1	3:1
50	6087	30435	30485	Y	1	Y:1	3	1	3:1
50	6088	30440	30490	Y	1	Y:1	3	1	3:1
50	6089	30445	30495	Y	1	Y:1	3	1	3:1
50	6090	30450	30500	Y	1	Y:1	3	1	3:1
50	6091	30455	30505	Y	1	Y:1	3	1	3:1
50	6092	30460	30510	Y	1	Y:1	3	1	3:1
50	6093	30465	30515	Y	1	Y:1	3	1	3:1
50	6094	30470	30520	Y	1	Y:1	3	1	3:1
50	6095	30475	30525	Y	1	Y:1	3	1	3:1
50	6096	30480	30530	Y	1	Y:1	3	1	3:1
50	6097	30485	30535	Y	1	Y:1	3	1	3:1
50	6098	30490	30540	Y	1	Y:1	3	1	3:1
50	6099	30495	30545	Y	1	Y:1	3	1	3:1
50	6100	30500	30550	Y	1	Y:1	3	1	3:1
50	6101	30505	30555	Y	1	Y:1	3	1	3:1
50	6102	30510	30560	Y	1	Y:1	3	1	3:1
50	6103	30515	30565	Y	1	Y:1	3	1	3:1
50	6104	30520	30570	Y	1	Y:1	3	1	3:1
50	6105	30525	30575	Y	1	Y:1	3	1	3:1
50	6106	30530	30580	Y	1	Y:1	3	1	3:1
50	6107	30535	30585	Y	1	Y:1	3	1	3:1
50	6108	30540	30590	Y	1	Y:1	3	1	3:1
50	6109	30545	30595	Y	1	Y:1	3	1	3:1
50	6110	30550	30600	Y	1	Y:1	3	1	3:1
50	6111	30555	30605	Y	1	Y:1	3	1	3:1
50	6112	30560	30610	Y	1	Y:1	3	1	3:1
50	6113	30565	30615	Y	1	Y:1	3	1	3:1
50	6114	30570	30620	Y	1	Y:1	3	1	3:1
50	6115	30575	30625	Y	1	Y:1	3	1	3:1
50	6116	30580	30630	Y	1	Y:1	3	1	3:1
50	6117	30585	30635	Y	1	Y:1	3	1	3:1
50	6118	30590	30640	Y	1	Y:1	3	1	3:1
50	6119	30595	30645	Y	1	Y:1	3	1	3:1
50	6120	30600	30650	Y	1	Y:1	3	1	3:1
50	6121	30605	30655	Y	1	Y:1	3	1	3:1
50	6122	30610	30660	Y	1	Y:1	3	1	3:1
50	6123	30615	30665	Y	1	Y:1	3	1	3:1
50	6124	30620	30670	Y	1	Y:1	3	1	3:1
50	6125	30625	30675	Y	1	Y:1	3	1	3:1
50	6126	30630	30680	Y	1	Y:1	3	1	3:1
50	6127	30635	30685	Y	1	Y:1	3	1	3:1
50	6128	30640	30690	Y	1	Y:1	3	1	3:1
50	6129	30645	30695	Y	1	Y:1	3	1	3:1
50	6130	30650	30700	Y	1	Y:1	3	1	3:1
50	6131	30655	30705	Y	1	Y:1	3	1	3:1
50	6132	30660	30710	Y	1	Y:1	3	1	3:1
50	6133	30665	30715	Y	1	Y:1	3	1	3:1
50	6134	30670	30720	Y	1	Y:1	3	1	3:1
50	6135	30675	30725	Y	1	Y:1	3	1	3:1
50	6136	30680	30730	Y	1	Y:1	3	1	3:1
50	6137	30685	30735	Y	1	Y:1	3	1	3:1
50	6138	30690	30740	Y	1	Y:1	3	1	3:1
50	6139	30695	30745	Y	1	Y:1	3	1	3:1
50	6140	30700	30750	Y	1	Y:1	3	1	3:1
50	6141	30705	30755	Y	1	Y:1	3	1	3:1
50	6142	30710	30760	Y	1	Y:1	3	1	3:1
50	6143	30715	30765	Y	1	Y:1	3	1	3:1
50	6144	30720	30770	Y	1	Y:1	3	1	3:1
50	6145	30725	30775	Y	1	Y:1	3	1	3:1
50	6146	30730	30780	Y	1	Y:1	3	1	3:1
50	6147	30735	30785	Y	1	Y:1	3	1	3:1
50	6148	30740	30790	Y	1	Y:1	3	1	3:1
50	6149	30745	30795	Y	1	Y:1	3	1	3:1
50	6150	30750	30800	Y	1	Y:1	3	1	3:1
50	6151	30755	30805	Y	1	Y:1	3	1	3:1
50	6152	30760	30810	Y	1	Y:1	3	1	3:1
50	6153	30765	30815	Y	1	Y:1	3	1	3:1
50	6154	30770	30820	Y	1	Y:1	3	1	3:1
50	6155	30775	30825	Y	0.9	X:0.1,Y:0.9	3	1	3:1
50	6156	30780	30830	Y	0.8	X:0.2,Y:0.8	3	1	3:1
50	6157	30785	30835	Y	0.7	X:0.3,Y:0.7	3	1	3:1
50	6158	30790	30840	Y	0.6	X:0.4,Y:0.6	3	1	3:1
50	6159	30795	30845	X	0.5	X:0.5,Y:0.5	3	1	3:1
50	6160	30800	30850	X	0.6	X:0.6,Y:0.4	3	1	3:1
50	6161	30805	30855	X	0.7	X:0.7,Y:0.3	3	1	3:1
50	6162	30810	30860	X	0.8	X:0.8,Y:0.2	3	1	3:1
50	6163	30815	30865	X	0.9	X:0.9,Y:0.1	3	1	3:1
50	6164	30820	30870	X	1	X:1	3	1	3:1
50	6165	30825	30875	X	1	X:1	3	1	3:1
50	6166	30830	30880	X	1	X:1	3	1	3:1
50	6167	30835	30885	X	1	X:1	3	1	3:1
50	6168	30840	30890	X	1	X:1	3	1	3:1
50	6169	30845	30895	X	1	X:1	3	1	3:1
50	6170	30850	30900	X	1	X:1	3	1	3:1
50	6171	30855	30905	X	1	X:1	3	1	3:1
50	6172	30860	30910	X	1	X:1	3	1	3:1
50	6173	30865	30915	X	1	X:1	3	1	3:1
50	6174	30870	30920	X	1	X:1	3	1	3:1
50	6175	30875	30925	X	1	X:1	3	1	3:1
50	6176	30880	30930	X	1	X:1	3	1	3:1
50	6177	30885	30935	X	1	X:1	3	1	3:1
50	6178	30890	30940	X	1	X:1	3	1	3:1
50	6179	30895	30945	X	1	X:1	3	1	3:1
50	6180	30900	30950	X	1	X:1	3	1	3:1
50	6181	30905	30955	X	1	X:1	3	1	3:1
50	6182	30910	30960	X	1	X:1	3	1	3:1
50	6183	30915	30965	X	1	X:1	3	1	3:1
50	6184	30920	30970	X	1	X:1	3	1	3:1
50	6185	30925	30975	X	1	X:1	3	1	3:1
50	6186	30930	30980	X	1	X:1	3	1	3:1
50	6187	30935	30985	X	1	X:1	3	1	3:1
50	6188	30940	30990	X	1	X:1	3	1	3:1
50	6189	30945	30995	X	1	X:1	3	1	3:1
50	6190	30950	31000	X	1	X:1	3	1	3:1
50	6191	30955	31005	X	1	X:1	3	1	3:1
50	6192	30960	31010	X	1	X:1	3	1	3:1
50	6193	30965	31015	X	1	X:1	3	1	3:1
50	6194	30970	31020	X	1	X:1	3	1	3:1
50	6195	30975	31025	X	1	X:1	3	1	3:1
50	6196	30980	31030	X	1	X:1	3	1	3:1
50	6197	30985	31035	X	1	X:1	3	1	3:1
50	6198	30990	31040	X	1	X:1	3	1	3:1
50	6199	30995	31045	X	1	X:1	3	1	3:1
50	6200	31000	31050	X	1	X:1	3	1	3:1
50	6201	31005	31055	X	1	X:1	3	1	3:1
50	6202	31010	31060	X	1	X:1	3	1	3:1
50	6203	31015	31065	X	1	X:1	3	1	3:1
50	6204	31020	31070	X	1	X:1	3	1	3:1
50	6205	31025	31075	X	1	X:1	3	1	3:1
50	6206	31030	31080	X	1	X:1	3	1	3:1
50	6207	31035	31085	X	1	X:1	3	1	3:1
50	6208	31040	31090	X	1	X:1	3	1	3:1
50	6209	31045	31095	X	1	X:1	3	1	3:1
50	6210	31050	31100	X	1	X:1	3	1	3:1
50	6211	31055	31105	X	1	X:1	3	1	3:1
50	6212	31060	31110	X	1	X:1	3	1	3:1
50	6213	31065	31115	X	1	X:1	3	1	3:1
50	6214	31070	31120	X	1	X:1	3	1	3:1
50	6215	31075	31125	X	1	X:1	3	1	3:1
50	6216	31080	31130	X	1	X:1	3	1	3:1
50	6217	31085	31135	X	1	X:1	3	1	3:1
50	6218	31090	31140	X	1	X:1	3	1	3:1
50	6219	31095	31145	X	1	X:1	3	1	3:1
50	6220	31100	31150	X	1	X:1	3	1	3:1
50	6221	31105	31155	X	1	X:1	3	1	3:1
50	6222	31110	31160	X	1	X:1	3	1	3:1
50	6223	31115	31165	X	1	X:1	3	1	3:1
50	6224	31120	31170	X	1	X:1	3	1	3:1
50	6225	31125	31175	X	1	X:1	3	1	3:1
50	6226	31130	31180	X	1	X:1	3	1	3:1
50	6227	31135	31185	X	1	X:1	3	1	3:1
50	6228	31140	31190	X	1	X:1	3	1	3:1
50	6229	31145	31195	X	1	X:1	3	1	3:1
50	6230	31150	31200	X	1	X:1	3	1	3:1
50	6231	31155	31205	X	1	X:1	3	1	3:1
50	6232	31160	31210	X	1	X:1	3	1	3:1
50	6233	31165	31215	X	1	X:1	3	1	3:1
50	6234	31170	31220	X	1	X:1	3	1	3:1
50	6235	31175	31225	X	1	X:1	3	1	3:1
50	6236	31180	31230	X	1	X:1	3	1	3:1
50	6237	31185	31235	X	1	X:1	3	1	3:1
50	6238	31190	31240	X	1	X:1	3	1	3:1
50	6239	31195	31245	X	1	X:1	3	1	3:1
50	6240	31200	31250	X	1	X:1	3	1	3:1
50	6241	31205	31255	X	1	X:1	3	1	3:1
50	6242	31210	31260	X	1	X:1	3	1	3:1
50	6243	31215	31265	X	1	X:1	3	1	3:1
50	6244	31220	31270	X	1	X:1	3	1	3:1
50	6245	31225	31275	X	1	X:1	3	1	3:1
50	6246	31230	31280	X	1	X:1	3	1	3:1
50	6247	31235	31285	X	1	X:1	3	1	3:1
50	6248	31240	31290	X	1	X:1	3	1	3:1
50	6249	31245	31295	X	1	X:1	3	1	3:1
50	6250	31250	31300	X	1	X:1	3	1	3:1
50	6251	31255	31305	X	1	X:1	3	1	3:1
50	6252	31260	31310	X	1	X:1	3	1	3:1
50	6253	31265	31315	X	1	X:1	3	1	3:1
50	6254	31270	31320	X	1	X:1	3	1	3:1
50	6255	31275	31325	X	1	X:1	3	1	3:1
50	6256	31280	31330	X	1	X:1	3	1	3:1
50	6257	31285	31335	X	1	X:1	3	1	3:1
50	6258	31290	31340	X	1	X:1	3	1	3:1
50	6259	31295	31345	X	1	X:1	3	1	3:1
50	6260	31300	31350	X	1	X:1	3	1	3:1
50	6261	31305	31355	X	1	X:1	3	1	3:1
50	6262	31310	31360	X	1	X:1	3	1	3:1
50	6263	31315	31365	X	1	X:1	3	1	3:1
50	6264	31320	31370	X	1	X:1	3	1	3:1
50	6265	31325	31375	X	1	X:1	3	1	3:1
50	6266	31330	31380	X	1	X:1	3	1	3:1
50	6267	31335	31385	X	1	X:1	3	1	3:1
50	6268	31340	31390	X	1	X:1	3	1	3:1
50	6269	31345	31395	X	1	X:1	3	1	3:1
50	6270	31350	31400	X	1	X:1	3	1	3:1
50	6271	31355	31405	X	1	X:1	3	1	3:1
50	6272	31360	31410	X	1	X:1	3	1	3:1
50	6273	31365	31415	X	1	X:1	3	1	3:1
50	6274	31370	31420	X	1	X:1	3	1	3:1
50	6275	31375	31425	X	1	X:1	3	1	3:1
50	6276	31380	31430	X	1	X:1	3	1	3:1
50	6277	31385	31435	X	1	X:1	3	1	3:1
50	6278	31390	31440	X	1	X:1	3	1	3:1
50	6279	31395	31445	X	1	X:1	3	1	3:1
50	6280	31400	31450	X	1	X:1	3	1	3:1
50	6281	31405	31455	X	1	X:1	3	1	3:1
50	6282	31410	31460	X	1	X:1	3	1	3:1
50	6283	31415	31465	X	1	X:1	3	1	3:1
50	6284	31420	31470	X	1	X:1	3	1	3:1
50	6285	31425	31475	X	1	X:1	3	1	3:1
50	6286	31430	31480	X	1	X:1	3	1	3:1
50	6287	31435	31485	X	1	X:1	3	1	3:1
50	6288	31440	31490	X	1	X:1	3	1	3:1
50	6289	31445	31495	X	1	X:1	3	1	3:1
50	6290	31450	31500	X	1	X:1	3	1	3:1
50	6291	31455	31505	X	1	X:1	3	1	3:1
50	6292	31460	31510	X	1	X:1	3	1	3:1
50	6293	31465	31515	X	1	X:1	3	1	3:1
50	6294	31470	31520	X	1	X:1	3	1	3:1
50	6295	31475	31525	X	1	X:1	3	1	3:1
50	6296	31480	31530	X	1	X:1	3	1	3:1
50	6297	31485	31535	X	1	X:1	3	1	3:1
50	6298	31490	31540	X	1	X:1	3	1	3:1
50	6299	31495	31545	X	1	X:1	3	1	3:1
50	6300	31500	31550	X	1	X:1	3	1	3:1
50	6301	31505	31555	X	1	X:1	3	1	3:1
50	6302	31510	31560	X	1	X:1	3	1	3:1
50	6303	31515	31565	X	1	X:1	3	1	3:1
50	6304	31520	31570	X	1	X:1	3	1	3:1
50	6305	31525	31575	X	1	X:1	3	1	3:1
50	6306	31530	31580	X	1	X:1	3	1	3:1
50	6307	31535	31585	X	1	X:1	3	1	3:1
50	6308	31540	31590	X	1	X:1	3	1	3:1
50	6309	31545	31595	X	1	X:1	3	1	3:1
50	6310	31550	31600	X	1	X:1	3	1	3:1
50	6311	31555	31605	X	1	X:1	3	1	3:1
50	6312	31560	31610	X	1	X:1	3	1	3:1
50	6313	31565	31615	X	1	X:1	3	1	3:1
50	6314	31570	31620	X	1	X:1	3	1	3:1
50	6315	31575	31625	X	1	X:1	3	1	3:1
50	6316	31580	31630	X	1	X:1	3	1	3:1
50	6317	31585	31635	X	1	X:1	3	1	3:1
50	6318	31590	31640	X	1	X:1	3	1	3:1
50	6319	31595	31645	X	1	X:1	3	1	3:1
50	6320	31600	31650	X	1	X:1	3	1	3:1
50	6321	31605	31655	X	1	X:1	3	1	3:1
50	6322	31610	31660	X	1	X:1	3	1	3:1
50	6323	31615	31665	X	1	X:1	3	1	3:1
50	6324	31620	31670	X	1	X:1	3	1	3:1
50	6325	31625	31675	X	1	X:1	3	1	3:1
50	6326	31630	31680	X	1	X:1	3	1	3:1
50	6327	31635	31685	X	1	X:1	3	1	3:1
50	6328	31640	31690	X	1	X:1	3	1	3:1
50	6329	31645	31695	X	1	X:1	3	1	3:1
50	6330	31650	31700	X	1	X:1	3	1	3:1
50	6331	31655	31705	X	1	X:1	3	1	3:1
50	6332	31660	31710	X	1	X:1	3	1	3:1
50	6333	31665	31715	X	1	X:1	3	1	3:1
50	6334	31670	31720	X	1	X:1	3	1	3:1
50	6335	31675	31725	X	1	X:1	3	1	3:1
50	6336	31680	31730	X	1	X:1	3	1	3:1
50	6337	31685	31735	X	1	X:1	3	1	3:1
50	6338	31690	31740	X	1	X:1	3	1	3:1
50	6339	31695	31745	X	1	X:1	3	1	3:1
50	6340	31700	31750		0		3	1	3:1
50	6341	31705	31755		0		3	1	3:1
50	6342	31710	31760		0		3	1	3:1
50	6343	31715	31765		0		3	1	3:1
50	6344	31720	31770		0		3	1	3:1
50	6345	31725	31775		0		3	1	3:1
50	6346	31730	31780		0		3	1	3:1
50	6347	31735	31785		0		3	1	3:1
50	6348	31740	31790		0		3	1	3:1
50	6349	31745	31795		0		3	1	3:1
50	6350	31750	31800		0		3	1	3:1
50	6351	31755	31805		0		3	1	3:1
50	6352	31760	31810		0		3	1	3:1
50	6353	31765	31815		0		3	1	3:1
50	6354	31770	31820		0		3	1	3:1
50	6355	31775	31825		0		3	1	3:1
50	6356	31780	31830		0		3	1	3:1
50	6357	31785	31835		0		3	1	3:1
50	6358	31790	31840		0		3	1	3:1
50	6359	31795	31845		0		3	1	3:1
50	6360	31800	31850		0		3	1	3:1
50	6361	31805	31855		0		3	1	3:1
50	6362	31810	31860		0		3	1	3:1
50	6363	31815	31865		0		3	1	3:1
50	6364	31820	31870		0		3	1	3:1
50	6365	31825	31875		0		3	1	3:1
50	6366	31830	31880		0		3	1	3:1
50	6367	31835	31885		0		3	1	3:1
50	6368	31840	31890		0		3	1	3:1
50	6369	31845	31895		0		3	1	3:1
50	6370	31850	31900		0		3	1	3:1
50	6371	31855	31905		0		3	1	3:1
50	6372	31860	31910		0		3	1	3:1
50	6373	31865	31915		0		3	1	3:1
50	6374	31870	31920		0		3	1	3:1
50	6375	31875	31925		0		3	1	3:1
50	6376	31880	31930		0		3	1	3:1
50	6377	31885	31935		0		3	1	3:1
50	6378	31890	31940		0		3	1	3:1
50	6379	31895	31945		0		3	1	3:1
50	6380	31900	31950		0		3	1	3:1
50	6381	31905	31955		0		3	1	3:1
50	6382	31910	31960		0		3	1	3:1
50	6383	31915	31965		0		3	1	3:1
50	6384	31920	31970		0		3	1	3:1
50	6385	31925	31975		0		3	1	3:1
50	6386	31930	31980		0		3	1	3:1
50	6387	31935	31985		0		3	1	3:1
50	6388	31940	31990		0		3	1	3:1
50	6389	31945	31995		0		3	1	3:1
50	6390	31950	32000		0		3	1	3:1
50	6391	31955	32005		0		3	1	3:1
50	6392	31960	32010		0		3	1	3:1
50	6393	31965	32015		0		3	1	3:1
50	6394	31970	32020		0		3	1	3:1
50	6395	31975	32025		0		3	1	3:1
50	6396	31980	32030		0		3	1	3:1
50	6397	31985	32035		0		3	1	3:1
50	6398	31990	32040		0		3	1	3:1
50	6399	31995	32045		0		3	1	3:1
50	6400	32000	32050		0		3	1	3:1
50	6401	32005	32055		0		3	1	3:1
50	6402	32010	32060		0		3	1	3:1
50	6403	32015	32065		0		3	1	3:1
50	6404	32020	32070		0		3	1	3:1
50	6405	32025	32075		0		3	1	3:1
50	6406	32030	32080		0		3	1	3:1
50	6407	32035	32085		0		3	1	3:1
50	6408	32040	32090		0		3	1	3:1
50	6409	32045	32095		0		3	1	3:1
50	6410	32050	32100		0		3	1	3:1
50	6411	32055	32105		0		3	1	3:1
50	6412	32060	32110		0		3	1	3:1
50	6413	32065	32115		0		3	1	3:1
50	6414	32070	32120		0		3	1	3:1
50	6415	32075	32125		0		3	1	3:1
50	6416	32080	32130		0		3	1	3:1
50	6417	32085	32135		0		3	1	3:1
50	6418	32090	32140		0		3	1	3:1
50	6419	32095	32145		0		3	1	3:1
50	6420	32100	32150		0		3	1	3:1
50	6421	32105	32155		0		3	1	3:1
50	6422	32110	32160		0		3	1	3:1
50	6423	32115	32165		0		3	1	3:1
50	6424	32120	32170		0		3	1	3:1
50	6425	32125	32175		0		3	1	3:1
50	6426	32130	32180		0		3	1	3:1
50	6427	32135	32185		0		3	1	3:1
50	6428	32140	32190		0		3	1	3:1
50	6429	32145	32195		0		3	1	3:1
50	6430	32150	32200		0		3	1	3:1
50	6431	32155	32205		0		3	1	3:1
50	6432	32160	32210		0		3	1	3:1
50	6433	32165	32215		0		3	1	3:1
50	6434	32170	32220		0		3	1	3:1
50	6435	32175	32225		0		3	1	3:1
50	6436	32180	32230		0		3	1	3:1
50	6437	32185	32235		0		3	1	3:1
50	6438	32190	32240		0		3	1	3:1
50	6439	32195	32245		0		3	1	3:1
50	6440	32200	32250		0		3	1	3:1
50	6441	32205	32255		0		3	1	3:1
50	6442	32210	32260		0		3	1	3:1
50	6443	32215	32265		0		3	1	3:1
50	6444	32220	32270		0		3	1	3:1
50	6445	32225	32275		0		3	1	3:1
50	6446	32230	32280		0		3	1	3:1
50	6447	32235	32285		0		3	1	3:1
50	6448	32240	32290		0		3	1	3:1
50	6449	32245	32295		0		3	1	3:1
50	6450	32250	32300		0		3	1	3:1
50	6451	32255	32305		0		3	1	3:1
50	6452	32260	32310		0		3	1	3:1
50	6453	32265	32315		0		3	1	3:1
50	6454	32270	32320		0		3	1	3:1
50	6455	32275	32325		0		3	1	3:1
50	6456	32280	32330		0		3	1	3:1
50	6457	32285	32335		0		3	1	3:1
50	6458	32290	32340		0		3	1	3:1
50	6459	32295	32345		0		3	1	3:1
50	6460	32300	32350		0		3	1	3:1
50	6461	32305	32355		0		3	1	3:1
50	6462	32310	32360		0		3	1	3:1
50	6463	32315	32365		0		3	1	3:1
50	6464	32320	32370		0		3	1	3:1
50	6465	32325	32375		0		3	1	3:1
50	6466	32330	32380		0		3	1	3:1
50	6467	32335	32385		0		3	1	3:1
50	6468	32340	32390		0		3	1	3:1
50	6469	32345	32395		0		3	1	3:1
50	6470	32350	32400		0		3	1	3:1
50	6471	32355	32405		0		3	1	3:1
50	6472	32360	32410		0		3	1	3:1
50	6473	32365	32415		0		3	1	3:1
50	6474	32370	32420		0		3	1	3:1
50	6475	32375	32425		0		3	1	3:1
50	6476	32380	32430		0		3	1	3:1
50	6477	32385	32435		0		3	1	3:1
50	6478	32390	32440		0		3	1	3:1
50	6479	32395	32445		0		3	1	3:1
50	6480	32400	32450		0		3	1	3:1
50	6481	32405	32455		0		3	1	3:1
50	6482	32410	32460		0		3	1	3:1
50	6483	32415	32465		0		3	1	3:1
50	6484	32420	32470		0		3	1	3:1
50	6485	32425	32475		0		3	1	3:1
50	6486	32430	32480		0		3	1	3:1
50	6487	32435	32485		0		3	1	3:1
50	6488	32440	32490		0		3	1	3:1
50	6489	32445	32495		0		3	1	3:1
50	6490	32450	32500		0		3	1	3:1
50	6491	32455	32505		0		3	1	3:1
50	6492	32460	32510		0		3	1	3:1
50	6493	32465	32515		0		3	1	3:1
50	6494	32470	32520		0		3	1	3:1
50	6495	32475	32525		0		3	1	3:1
50	6496	32480	32530		0		3	1	3:1
50	6497	32485	32535		0		3	1	3:1
50	6498	32490	32540		0		3	1	3:1
50	6499	32495	32545		0		3	1	3:1
50	6500	32500	32550		0		3	1	3:1
50	6501	32505	32555		0		3	1	3:1
50	6502	32510	32560		0		3	1	3:1
50	6503	32515	32565		0		3	1	3:1
50	6504	32520	32570		0		3	1	3:1
50	6505	32525	32575		0		3	1	3:1
50	6506	32530	32580		0		3	1	3:1
50	6507	32535	32585		0		3	1	3:1
50	6508	32540	32590		0		3	1	3:1
50	6509	32545	32595		0		3	1	3:1
50	6510	32550	32600		0		3	1	3:1
50	6511	32555	32605		0		3	1	3:1
50	6512	32560	32610		0		3	1	3:1
50	6513	32565	32615		0		3	1	3:1
50	6514	32570	32620		0		3	1	3:1
50	6515	32575	32625		0		3	1	3:1
50	6516	32580	32630		0		3	1	3:1
50	6517	32585	32635		0		3	1	3:1
50	6518	32590	32640		0		3	1	3:1
50	6519	32595	32645		0		3	1	3:1
50	6520	32600	32650		0		3	1	3:1
50	6521	32605	32655		0		3	1	3:1
50	6522	32610	32660		0		3	1	3:1
50	6523	32615	32665		0		3	1	3:1
50	6524	32620	32670		0		3	1	3:1
50	6525	32625	32675		0		3	1	3:1
50	6526	32630	32680		0		3	1	3:1
50	6527	32635	32685		0		3	1	3:1
50	6528	32640	32690		0		3	1	3:1
50	6529	32645	32695		0		3	1	3:1
50	6530	32650	32700		0		3	1	3:1
50	6531	32655	32705		0		3	1	3:1
50	6532	32660	32710		0		3	1	3:1
50	6533	32665	32715		0		3	1	3:1
50	6534	32670	32720		0		3	1	3:1
50	6535	32675	32725		0		3	1	3:1
50	6536	32680	32730		0		3	1	3:1
50	6537	32685	32735		0		3	1	3:1
50	6538	32690	32740		0		3	1	3:1
50	6539	32695	32745		0		3	1	3:1
50	6540	32700	32750		0		3	1	3:1
50	6541	32705	32755		0		3	1	3:1
50	6542	32710	32760		0		3	1	3:1
50	6543	32715	32765		0		3	1	3:1
50	6544	32720	32770		0		3	1	3:1
50	6545	32725	32775		0		3	1	3:1
50	6546	32730	32780		0		3	1	3:1
50	6547	32735	32785		0		3	1	3:1
50	6548	32740	32790		0		3	1	3:1
50	6549	32745	32795		0		3	1	3:1
50	6550	32750	32800		0		3	1	3:1
50	6551	32755	32805		0		3	1	3:1
50	6552	32760	32810		0		3	1	3:1
50	6553	32765	32815		0		3	1	3:1
50	6554	32770	32820		0		3	1	3:1
50	6555	32775	32825		0		3	1	3:1
50	6556	32780	32830		0		3	1	3:1
50	6557	32785	32835		0		3	1	3:1
50	6558	32790	32840		0		3	1	3:1
50	6559	32795	32845		0		3	1	3:1
50	6560	32800	32850		0		3	1	3:1
50	6561	32805	32855		0		3	1	3:1
50	6562	32810	32860		0		3	1	3:1
50	6563	32815	32865		0		3	1	3:1
50	6564	32820	32870		0		3	1	3:1
50	6565	32825	32875		0		3	1	3:1
50	6566	32830	32880		0		3	1	3:1
50	6567	32835	32885		0		3	1	3:1
50	6568	32840	32890		0		3	1	3:1
50	6569	32845	32895		0		3	1	3:1
50	6570	32850	32900		0		3	1	3:1
50	6571	32855	32905		0		3	1	3:1
50	6572	32860	32910		0		3	1	3:1
50	6573	32865	32915		0		3	1	3:1
50	6574	32870	32920		0		3	1	3:1
50	6575	32875	32925		0		3	1	3:1
50	6576	32880	32930		0		3	1	3:1
50	6577	32885	32935		0		3	1	3:1
50	6578	32890	32940		0		3	1	3:1
50	6579	32895	32945		0		3	1	3:1
50	6580	32900	32950		0		3	1	3:1
50	6581	32905	32955		0		3	1	3:1
50	6582	32910	32960		0		3	1	3:1
50	6583	32915	32965		0		3	1	3:1
50	6584	32920	32970		0		3	1	3:1
50	6585	32925	32975		0		3	1	3:1
50	6586	32930	32980		0		3	1	3:1
50	6587	32935	32985		0		3	1	3:1
50	6588	32940	32990		0		3	1	3:1
50	6589	32945	32995		0		3	1	3:1
50	6590	32950	33000		0		3	1	3:1
50	6591	32955	33005		0		3	1	3:1
50	6592	32960	33010		0		3	1	3:1
50	6593	32965	33015		0		3	1	3:1
50	6594	32970	33020		0		3	1	3:1
50	6595	32975	33025		0		3	1	3:1
50	6596	32980	33030		0		3	1	3:1
50	6597	32985	33035		0		3	1	3:1
50	6598	32990	33040		0		3	1	3:1
50	6599	32995	33045		0		3	1	3:1
50	6600	33000	33050		0		3	1	3:1
50	6601	33005	33055		0		3	1	3:1
50	6602	33010	33060		0		3	1	3:1
50	6603	33015	33065		0		3	1	3:1
50	6604	33020	33070		0		3	1	3:1
50	6605	33025	33075		0		3	1	3:1
50	6606	33030	33080		0		3	1	3:1
50	6607	33035	33085		0		3	1	3:1
50	6608	33040	33090		0		3	1	3:1
50	6609	33045	33095		0		3	1	3:1
50	6610	33050	33100		0		3	1	3:1
50	6611	33055	33105		0		3	1	3:1
50	6612	33060	33110		0		3	1	3:1
50	6613	33065	33115		0		3	1	3:1
50	6614	33070	33120		0		3	1	3:1
50	6615	33075	33125		0		3	1	3:1
50	6616	33080	33130		0		3	1	3:1
50	6617	33085	33135		0		3	1	3:1
50	6618	33090	33140		0		3	1	3:1
50	6619	33095	33145		0		3	1	3:1
50	6620	33100	33150		0		3	1	3:1
50	6621	33105	33155		0		3	1	3:1
50	6622	33110	33160		0		3	1	3:1
50	6623	33115	33165		0		3	1	3:1
50	6624	33120	33170		0		3	1	3:1
50	6625	33125	33175		0		3	1	3:1
50	6626	33130	33180		0		3	1	3:1
50	6627	33135	33185		0		3	1	3:1
50	6628	33140	33190		0		3	1	3:1
50	6629	33145	33195		0		3	1	3:1
50	6630	33150	33200		0		3	1	3:1
50	6631	33155	33205		0		3	1	3:1
50	6632	33160	33210		0		3	1	3:1
50	6633	33165	33215		0		3	1	3:1
50	6634	33170	33220		0		3	1	3:1
50	6635	33175	33225		0		3	1	3:1
50	6636	33180	33230		0		3	1	3:1
50	6637	33185	33235		0		3	1	3:1
50	6638	33190	33240		0		3	1	3:1
50	6639	33195	33245		0		3	1	3:1
50	6640	33200	33250		0		3	1	3:1
50	6641	33205	33255		0		3	1	3:1
50	6642	33210	33260		0		3	1	3:1
50	6643	33215	33265		0		3	1	3:1
50	6644	33220	33270		0		3	1	3:1
50	6645	33225	33275		0		3	1	3:1
50	6646	33230	33280		0		3	1	3:1
50	6647	33235	33285		0		3	1	3:1
50	6648	33240	33290		0		3	1	3:1
50	6649	33245	33295		0		3	1	3:1
50	6650	33250	33300		0		3	1	3:1
50	6651	33255	33305		0		3	1	3:1
50	6652	33260	33310		0		3	1	3:1
50	6653	33265	33315		0		3	1	3:1
50	6654	33270	33320		0		3	1	3:1
50	6655	33275	33325		0		3	1	3:1
50	6656	33280	33330		0		3	1	3:1
50	6657	33285	33335		0		3	1	3:1
50	6658	33290	33340		0		3	1	3:1
50	6659	33295	33345		0		3	1	3:1
50	6660	33300	33350		0		3	1	3:1
50	6661	33305	33355		0		3	1	3:1
50	6662	33310	33360		0		3	1	3:1
50	6663	33315	33365		0		3	1	3:1
50	6664	33320	33370		0		3	1	3:1
50	6665	33325	33375		0		3	1	3:1
50	6666	33330	33380		0		3	1	3:1
50	6667	33335	33385		0		3	1	3:1
50	6668	33340	33390		0		3	1	3:1
50	6669	33345	33395		0		3	1	3:1
50	6670	33350	33400		0		3	1	3:1
50	6671	33355	33405		0		3	1	3:1
50	6672	33360	33410		0		3	1	3:1
50	6673	33365	33415		0		3	1	3:1
50	6674	33370	33420		0		3	1	3:1
50	6675	33375	33425		0		3	1	3:1
50	6676	33380	33430		0		3	1	3:1
50	6677	33385	33435		0		3	1	3:1
50	6678	33390	33440		0		3	1	3:1
50	6679	33395	33445		0		3	1	3:1
50	6680	33400	33450		0		3	1	3:1
50	6681	33405	33455		0		3	1	3:1
50	6682	33410	33460		0		3	1	3:1
50	6683	33415	33465		0		3	1	3:1
50	6684	33420	33470		0		3	1	3:1
50	6685	33425	33475		0		3	1	3:1
50	6686	33430	33480		0		3	1	3:1
50	6687	33435	33485		0		3	1	3:1
50	6688	33440	33490		0		3	1	3:1
50	6689	33445	33495		0		3	1	3:1
50	6690	33450	33500		0		3	1	3:1
50	6691	33455	33505		0		3	1	3:1
50	6692	33460	33510		0		3	1	3:1
50	6693	33465	33515		0		3	1	3:1
50	6694	33470	33520		0		3	1	3:1
50	6695	33475	33525		0		3	1	3:1
50	6696	33480	33530		0		3	1	3:1
50	6697	33485	33535		0		3	1	3:1
50	6698	33490	33540		0		3	1	3:1
50	6699	33495	33545		0		3	1	3:1
50	6700	33500	33550		0		3	1	3:1
50	6701	33505	33555		0		3	1	3:1
50	6702	33510	33560		0		3	1	3:1
50	6703	33515	33565		0		3	1	3:1
50	6704	33520	33570		0		3	1	3:1
50	6705	33525	33575		0		3	1	3:1
50	6706	33530	33580		0		3	1	3:1
50	6707	33535	33585		0		3	1	3:1
50	6708	33540	33590		0		3	1	3:1
50	6709	33545	33595		0		3	1	3:1
50	6710	33550	33600		0		3	1	3:1
50	6711	33555	33605		0		3	1	3:1
50	6712	33560	33610		0		3	1	3:1
50	6713	33565	33615		0		3	1	3:1
50	6714	33570	33620		0		3	1	3:1
50	6715	33575	33625		0		3	1	3:1
50	6716	33580	33630		0		3	1	3:1
50	6717	33585	33635		0		3	1	3:1
50	6718	33590	33640		0		3	1	3:1
50	6719	33595	33645		0		3	1	3:1
50	6720	33600	33650		0		3	1	3:1
50	6721	33605	33655		0		3	1	3:1
50	6722	33610	33660		0		3	1	3:1
50	6723	33615	33665		0		3	1	3:1
50	6724	33620	33670		0		3	1	3:1
50	6725	33625	33675		0		3	1	3:1
50	6726	33630	33680		0		3	1	3:1
50	6727	33635	33685		0		3	1	3:1
50	6728	33640	33690		0		3	1	3:1
50	6729	33645	33695		0		3	1	3:1
50	6730	33650	33700		0		3	1	3:1
50	6731	33655	33705		0		3	1	3:1
50	6732	33660	33710		0		3	1	3:1
50	6733	33665	33715		0		3	1	3:1
50	6734	33670	33720		0		3	1	3:1
50	6735	33675	33725		0		3	1	3:1
50	6736	33680	33730		0		3	1	3:1
50	6737	33685	33735		0		3	1	3:1
50	6738	33690	33740		0		3	1	3:1
50	6739	33695	33745		0		3	1	3:1
50	6740	33700	33750		0		3	1	3:1
50	6741	33705	33755		0		3	1	3:1
50	6742	33710	33760		0		3	1	3:1
50	6743	33715	33765		0		3	1	3:1
50	6744	33720	33770		0		3	1	3:1
50	6745	33725	33775		0		3	1	3:1
50	6746	33730	33780		0		3	1	3:1
50	6747	33735	33785		0		3	1	3:1
50	6748	33740	33790		0		3	1	3:1
50	6749	33745	33795		0		3	1	3:1
50	6750	33750	33800		0		3	1	3:1
50	6751	33755	33805		0		3	1	3:1
50	6752	33760	33810		0		3	1	3:1
50	6753	33765	33815		0		3	1	3:1
50	6754	33770	33820		0		3	1	3:1
50	6755	33775	33825		0		3	1	3:1
50	6756	33780	33830		0		3	1	3:1
50	6757	33785	33835		0		3	1	3:1
50	6758	33790	33840		0		3	1	3:1
50	6759	33795	33845		0		3	1	3:1
50	6760	33800	33850		0		3	1	3:1
50	6761	33805	33855		0		3	1	3:1
50	6762	33810	33860		0		3	1	3:1
50	6763	33815	33865		0		3	1	3:1
50	6764	33820	33870		0		3	1	3:1
50	6765	33825	33875		0		3	1	3:1
50	6766	33830	33880		0		3	1	3:1
50	6767	33835	33885		0		3	1	3:1
50	6768	33840	33890		0		3	1	3:1
50	6769	33845	33895		0		3	1	3:1
50	6770	33850	33900		0		3	1	3:1
50	6771	33855	33905		0		3	1	3:1
50	6772	33860	33910		0		3	1	3:1
50	6773	33865	33915		0		3	1	3:1
50	6774	33870	33920		0		3	1	3:1
50	6775	33875	33925		0		3	1	3:1
50	6776	33880	33930		0		3	1	3:1
50	6777	33885	33935		0		3	1	3:1
50	6778	33890	33940		0		3	1	3:1
50	6779	33895	33945		0		3	1	3:1
50	6780	33900	33950		0		3	1	3:1
50	6781	33905	33955		0		3	1	3:1
50	6782	33910	33960		0		3	1	3:1
50	6783	33915	33965		0		3	1	3:1
50	6784	33920	33970		0		3	1	3:1
50	6785	33925	33975		0		3	1	3:1
50	6786	33930	33980		0		3	1	3:1
50	6787	33935	33985		0		3	1	3:1
50	6788	33940	33990		0		3	1	3:1
50	6789	33945	33995		0		3	1	3:1
50	6790	33950	34000		0		3	1	3:1
50	6791	33955	34005		0		3	1	3:1
50	6792	33960	34010		0		3	1	3:1
50	6793	33965	34015		0		3	1	3:1
50	6794	33970	34020		0		3	1	3:1
50	6795	33975	34025		0		3	1	3:1
50	6796	33980	34030		0		3	1	3:1
50	6797	33985	34035		0		3	1	3:1
50	6798	33990	34040		0		3	1	3:1
50	6799	33995	34045		0		3	1	3:1
50	6800	34000	34050		0		3	1	3:1
50	6801	34005	34055		0		3	1	3:1
50	6802	34010	34060		0		3	1	3:1
50	6803	34015	34065		0		3	1	3:1
50	6804	34020	34070		0		3	1	3:1
50	6805	34025	34075		0		3	1	3:1
50	6806	34030	34080		0		3	1	3:1
50	6807	34035	34085		0		3	1	3:1
50	6808	34040	34090		0		3	1	3:1
50	6809	34045	34095		0		3	1	3:1
50	6810	34050	34100		0		3	1	3:1
50	6811	34055	34105		0		3	1	3:1
50	6812	34060	34110		0		3	1	3:1
50	6813	34065	34115		0		3	1	3:1
50	6814	34070	34120		0		3	1	3:1
50	6815	34075	34125		0		3	1	3:1
50	6816	34080	34130		0		3	1	3:1
50	6817	34085	34135		0		3	1	3:1
50	6818	34090	34140		0		3	1	3:1
50	6819	34095	34145		0		3	1	3:1
50	6820	34100	34150		0		3	1	3:1
50	6821	34105	34155		0		3	1	3:1
50	6822	34110	34160		0		3	1	3:1
50	6823	34115	34165		0		3	1	3:1
50	6824	34120	34170		0		3	1	3:1
50	6825	34125	34175		0		3	1	3:1
50	6826	34130	34180		0		3	1	3:1
50	6827	34135	34185		0		3	1	3:1
50	6828	34140	34190		0		3	1	3:1
50	6829	34145	34195		0		3	1	3:1
50	6830	34150	34200		0		3	1	3:1
50	6831	34155	34205		0		3	1	3:1
50	6832	34160	34210		0		3	1	3:1
50	6833	34165	34215		0		3	1	3:1
50	6834	34170	34220		0		3	1	3:1
50	6835	34175	34225		0		3	1	3:1
50	6836	34180	34230		0		3	1	3:1
50	6837	34185	34235		0		3	1	3:1
50	6838	34190	34240		0		3	1	3:1
50	6839	34195	34245		0		3	1	3:1
50	6840	34200	34250		0		3	1	3:1
50	6841	34205	34255		0		3	1	3:1
50	6842	34210	34260		0		3	1	3:1
50	6843	34215	34265		0		3	1	3:1
50	6844	34220	34270		0		3	1	3:1
50	6845	34225	34275		0		3	1	3:1
50	6846	34230	34280		0		3	1	3:1
50	6847	34235	34285		0		3	1	3:1
50	6848	34240	34290		0		3	1	3:1
50	6849	34245	34295		0		3	1	3:1
50	6850	34250	34300		0		3	1	3:1
50	6851	34255	34305		0		3	1	3:1
50	6852	34260	34310		0		3	1	3:1
50	6853	34265	34315		0		3	1	3:1
50	6854	34270	34320		0		3	1	3:1
50	6855	34275	34325		0		3	1	3:1
50	6856	34280	34330		0		3	1	3:1
50	6857	34285	34335		0		3	1	3:1
50	6858	34290	34340		0		3	1	3:1
50	6859	34295	34345		0		3	1	3:1
50	6860	34300	34350		0		3	1	3:1
50	6861	34305	34355		0		3	1	3:1
50	6862	34310	34360		0		3	1	3:1
50	6863	34315	34365		0		3	1	3:1
50	6864	34320	34370		0		3	1	3:1
50	6865	34325	34375		0		3	1	3:1
50	6866	34330	34380		0		3	1	3:1
50	6867	34335	34385		0		3	1	3:1
50	6868	34340	34390		0		3	1	3:1
50	6869	34345	34395		0		3	1	3:1
50	6870	34350	34400		0		3	1	3:1
50	6871	34355	34405		0		3	1	3:1
50	6872	34360	34410		0		3	1	3:1
50	6873	34365	34415		0		3	1	3:1
50	6874	34370	34420		0		3	1	3:1
50	6875	34375	34425		0		3	1	3:1
50	6876	34380	34430		0		3	1	3:1
50	6877	34385	34435		0		3	1	3:1
50	6878	34390	34440		0		3	1	3:1
50	6879	34395	34445		0		3	1	3:1
50	6880	34400	34450		0		3	1	3:1
50	6881	34405	34455		0		3	1	3:1
50	6882	34410	34460		0		3	1	3:1
50	6883	34415	34465		0		3	1	3:1
50	6884	34420	34470		0		3	1	3:1
50	6885	34425	34475		0		3	1	3:1
50	6886	34430	34480		0		3	1	3:1
50	6887	34435	34485		0		3	1	3:1
50	6888	34440	34490		0		3	1	3:1
50	6889	34445	34495		0		3	1	3:1
50	6890	34450	34500		0		3	1	3:1
50	6891	34455	34505		0		3	1	3:1
50	6892	34460	34510		0		3	1	3:1
50	6893	34465	34515		0		3	1	3:1
50	6894	34470	34520		0		3	1	3:1
50	6895	34475	34525		0		3	1	3:1
50	6896	34480	34530		0		3	1	3:1
50	6897	34485	34535		0		3	1	3:1
50	6898	34490	34540		0		3	1	3:1
50	6899	34495	34545		0		3	1	3:1
50	6900	34500	34550		0		3	1	3:1
50	6901	34505	34555		0		3	1	3:1
50	6902	34510	34560		0		3	1	3:1
50	6903	34515	34565		0		3	1	3:1
50	6904	34520	34570		0		3	1	3:1
50	6905	34525	34575		0		3	1	3:1
50	6906	34530	34580		0		3	1	3:1
50	6907	34535	34585		0		3	1	3:1
50	6908	34540	34590		0		3	1	3:1
50	6909	34545	34595		0		3	1	3:1
50	6910	34550	34600		0		3	1	3:1
50	6911	34555	34605		0		3	1	3:1
50	6912	34560	34610		0		3	1	3:1
50	6913	34565	34615		0		3	1	3:1
50	6914	34570	34620		0		3	1	3:1
50	6915	34575	34625		0		3	1	3:1
50	6916	34580	34630		0		3	1	3:1
50	6917	34585	34635		0		3	1	3:1
50	6918	34590	34640		0		3	1	3:1
50	6919	34595	34645		0		3	1	3:1
50	6920	34600	34650		0		3	1	3:1
50	6921	34605	34655		0		3	1	3:1
50	6922	34610	34660		0		3	1	3:1
50	6923	34615	34665		0		3	1	3:1
50	6924	34620	34670		0		3	1	3:1
50	6925	34625	34675		0		3	1	3:1
50	6926	34630	34680		0		3	1	3:1
50	6927	34635	34685		0		3	1	3:1
50	6928	34640	34690		0		3	1	3:1
50	6929	34645	34695		0		3	1	3:1
50	6930	34650	34700		0		3	1	3:1
50	6931	34655	34705		0		3	1	3:1
50	6932	34660	34710		0		3	1	3:1
50	6933	34665	34715		0		3	1	3:1
50	6934	34670	34720		0		3	1	3:1
50	6935	34675	34725		0		3	1	3:1
50	6936	34680	34730		0		3	1	3:1
50	6937	34685	34735		0		3	1	3:1
50	6938	34690	34740		0		3	1	3:1
50	6939	34695	34745		0		3	1	3:1
50	6940	34700	34750		0		3	1	3:1
50	6941	34705	34755		0		3	1	3:1
50	6942	34710	34760		0		3	1	3:1
50	6943	34715	34765		0		3	1	3:1
50	6944	34720	34770		0		3	1	3:1
50	6945	34725	34775		0		3	1	3:1
50	6946	34730	34780		0		3	1	3:1
50	6947	34735	34785		0		3	1	3:1
50	6948	34740	34790		0		3	1	3:1
50	6949	34745	34795		0		3	1	3:1
50	6950	34750	34800		0		3	1	3:1
50	6951	34755	34805		0		3	1	3:1
50	6952	34760	34810		0		3	1	3:1
50	6953	34765	34815		0		3	1	3:1
50	6954	34770	34820		0		3	1	3:1
50	6955	34775	34825		0		3	1	3:1
50	6956	34780	34830		0		3	1	3:1
50	6957	34785	34835		0		3	1	3:1
50	6958	34790	34840		0		3	1	3:1
50	6959	34795	34845		0		3	1	3:1
50	6960	34800	34850		0		3	1	3:1
50	6961	34805	34855		0		3	1	3:1
50	6962	34810	34860		0		3	1	3:1
50	6963	34815	34865		0		3	1	3:1
50	6964	34820	34870		0		3	1	3:1
50	6965	34825	34875		0		3	1	3:1
50	6966	34830	34880		0		3	1	3:1
50	6967	34835	34885		0		3	1	3:1
50	6968	34840	34890		0		3	1	3:1
50	6969	34845	34895		0		3	1	3:1
50	6970	34850	34900		0		3	1	3:1
50	6971	34855	34905		0		3	1	3:1
50	6972	34860	34910		0		3	1	3:1
50	6973	34865	34915		0		3	1	3:1
50	6974	34870	34920		0		3	1	3:1
50	6975	34875	34925		0		3	1	3:1
50	6976	34880	34930		0		3	1	3:1
50	6977	34885	34935		0		3	1	3:1
50	6978	34890	34940		0		3	1	3:1
50	6979	34895	34945		0		3	1	3:1
50	6980	34900	34950		0		3	1	3:1
50	6981	34905	34955		0		3	1	3:1
50	6982	34910	34960		0		3	1	3:1
50	6983	34915	34965		0		3	1	3:1
50	6984	34920	34970		0		3	1	3:1
50	6985	34925	34975		0		3	1	3:1
50	6986	34930	34980		0		3	1	3:1
50	6987	34935	34985		0		3	1	3:1
50	6988	34940	34990		0		3	1	3:1
50	6989	34945	34995		0		3	1	3:1
50	6990	34950	35000		0		3	1	3:1
50	6991	34955	35005		0		3	1	3:1
50	6992	34960	35010		0		3	1	3:1
50	6993	34965	35015		0		3	1	3:1
50	6994	34970	35020		0		3	1	3:1
50	6995	34975	35025		0		3	1	3:1
50	6996	34980	35030		0		3	1	3:1
50	6997	34985	35035		0		3	1	3:1
50	6998	34990	35040		0		3	1	3:1
50	6999	34995	35045		0		3	1	3:1
50	7000	35000	35050		0		3	1	3:1
50	7001	35005	35055		0		3	1	3:1
50	7002	35010	35060		0		3	1	3:1
50	7003	35015	35065		0		3	1	3:1
50	7004	35020	35070		0		3	1	3:1
50	7005	35025	35075		0		3	1	3:1
50	7006	35030	35080		0		3	1	3:1
50	7007	35035	35085		0		3	1	3:1
50	7008	35040	35090		0		3	1	3:1
50	7009	35045	35095		0		3	1	3:1
50	7010	35050	35100		0		3	1	3:1
50	7011	35055	35105		0		3	1	3:1
50	7012	35060	35110		0		3	1	3:1
50	7013	35065	35115		0		3	1	3:1
50	7014	35070	35120		0		3	1	3:1
50	7015	35075	35125		0		3	1	3:1
50	7016	35080	35130		0		3	1	3:1
50	7017	35085	35135		0		3	1	3:1
50	7018	35090	35140		0		3	1	3:1
50	7019	35095	35145		0		3	1	3:1
50	7020	35100	35150		0		3	1	3:1
50	7021	35105	35155		0		3	1	3:1
50	7022	35110	35160		0		3	1	3:1
50	7023	35115	35165		0		3	1	3:1
50	7024	35120	35170		0		3	1	3:1
50	7025	35125	35175		0		3	1	3:1
50	7026	35130	35180		0		3	1	3:1
50	7027	35135	35185		0		3	1	3:1
50	7028	35140	35190		0		3	1	3:1
50	7029	35145	35195		0		3	1	3:1
50	7030	35150	35200		0		3	1	3:1
50	7031	35155	35205		0		3	1	3:1
50	7032	35160	35210		0		3	1	3:1
50	7033	35165	35215		0		3	1	3:1
50	7034	35170	35220		0		3	1	3:1
50	7035	35175	35225		0		3	1	3:1
50	7036	35180	35230		0		3	1	3:1
50	7037	35185	35235		0		3	1	3:1
50	7038	35190	35240		0		3	1	3:1
50	7039	35195	35245		0		3	1	3:1
50	7040	35200	35250		0		3	1	3:1
50	7041	35205	35255		0		3	1	3:1
50	7042	35210	35260		0		3	1	3:1
50	7043	35215	35265		0		3	1	3:1
50	7044	35220	35270		0		3	1	3:1
50	7045	35225	35275		0		3	1	3:1
50	7046	35230	35280		0		3	1	3:1
50	7047	35235	35285		0		3	1	3:1
50	7048	35240	35290		0		3	1	3:1
50	7049	35245	35295		0		3	1	3:1
50	7050	35250	35300		0		3	1	3:1
50	7051	35255	35305		0		3	1	3:1
50	7052	35260	35310		0		3	1	3:1
50	7053	35265	35315		0		3	1	3:1
50	7054	35270	35320		0		3	1	3:1
50	7055	35275	35325		0		3	1	3:1
50	7056	35280	35330		0		3	1	3:1
50	7057	35285	35335		0		3	1	3:1
50	7058	35290	35340		0		3	1	3:1
50	7059	35295	35345		0		3	1	3:1
50	7060	35300	35350		0		3	1	3:1
50	7061	35305	35355		0		3	1	3:1
50	7062	35310	35360		0		3	1	3:1
50	7063	35315	35365		0		3	1	3:1
50	7064	35320	35370		0		3	1	3:1
50	7065	35325	35375		0		3	1	3:1
50	7066	35330	35380		0		3	1	3:1
50	7067	35335	35385		0		3	1	3:1
50	7068	35340	35390		0		3	1	3:1
50	7069	35345	35395		0		3	1	3:1
50	7070	35350	35400		0		3	1	3:1
50	7071	35355	35405		0		3	1	3:1
50	7072	35360	35410		0		3	1	3:1
50	7073	35365	35415		0		3	1	3:1
50	7074	35370	35420		0		3	1	3:1
50	7075	35375	35425		0		3	1	3:1
50	7076	35380	35430		0		3	1	3:1
50	7077	35385	35435		0		3	1	3:1
50	7078	35390	35440		0		3	1	3:1
50	7079	35395	35445		0		3	1	3:1
50	7080	35400	35450		0		3	1	3:1
50	7081	35405	35455		0		3	1	3:1
50	7082	35410	35460		0		3	1	3:1
50	7083	35415	35465		0		3	1	3:1
50	7084	35420	35470		0		3	1	3:1
50	7085	35425	35475		0		3	1	3:1
50	7086	35430	35480		0		3	1	3:1
50	7087	35435	35485		0		3	1	3:1
50	7088	35440	35490		0		3	1	3:1
50	7089	35445	35495		0		3	1	3:1
50	7090	35450	35500		0		3	1	3:1
50	7091	35455	35505		0		3	1	3:1
50	7092	35460	35510		0		3	1	3:1
50	7093	35465	35515		0		3	1	3:1
50	7094	35470	35520		0		3	1	3:1
50	7095	35475	35525		0		3	1	3:1
50	7096	35480	35530		0		3	1	3:1
50	7097	35485	35535		0		3	1	3:1
50	7098	35490	35540		0		3	1	3:1
50	7099	35495	35545		0		3	1	3:1
50	7100	35500	35550		0		3	1	3:1
50	7101	35505	35555		0		3	1	3:1
50	7102	35510	35560		0		3	1	3:1
50	7103	35515	35565		0		3	1	3:1
50	7104	35520	35570		0		3	1	3:1
50	7105	35525	35575		0		3	1	3:1
50	7106	35530	35580		0		3	1	3:1
50	7107	35535	35585		0		3	1	3:1
50	7108	35540	35590		0		3	1	3:1
50	7109	35545	35595		0		3	1	3:1
50	7110	35550	35600		0		3	1	3:1
50	7111	35555	35605		0		3	1	3:1
50	7112	35560	35610		0		3	1	3:1
50	7113	35565	35615		0		3	1	3:1
50	7114	35570	35620		0		3	1	3:1
50	7115	35575	35625		0		3	1	3:1
50	7116	35580	35630		0		3	1	3:1
50	7117	35585	35635		0		3	1	3:1
50	7118	35590	35640		0		3	1	3:1
50	7119	35595	35645		0		3	1	3:1
50	7120	35600	35650		0		3	1	3:1
50	7121	35605	35655		0		3	1	3:1
50	7122	35610	35660		0		3	1	3:1
50	7123	35615	35665		0		3	1	3:1
50	7124	35620	35670		0		3	1	3:1
50	7125	35625	35675		0		3	1	3:1
50	7126	35630	35680		0		3	1	3:1
50	7127	35635	35685		0		3	1	3:1
50	7128	35640	35690		0		3	1	3:1
50	7129	35645	35695		0		3	1	3:1
50	7130	35650	35700		0		3	1	3:1
50	7131	35655	35705		0		3	1	3:1
50	7132	35660	35710		0		3	1	3:1
50	7133	35665	35715		0		3	1	3:1
50	7134	35670	35720		0		3	1	3:1
50	7135	35675	35725		0		3	1	3:1
50	7136	35680	35730		0		3	1	3:1
50	7137	35685	35735		0		3	1	3:1
50	7138	35690	35740		0		3	1	3:1
50	7139	35695	35745		0		3	1	3:1
50	7140	35700	35750		0		3	1	3:1
50	7141	35705	35755		0		3	1	3:1
50	7142	35710	35760		0		3	1	3:1
50	7143	35715	35765		0		3	1	3:1
50	7144	35720	35770		0		3	1	3:1
50	7145	35725	35775		0		3	1	3:1
50	7146	35730	35780		0		3	1	3:1
50	7147	35735	35785		0		3	1	3:1
50	7148	35740	35790		0		3	1	3:1
50	7149	35745	35795		0		3	1	3:1
50	7150	35750	35800		0		3	1	3:1
50	7151	35755	35805		0		3	1	3:1
50	7152	35760	35810		0		3	1	3:1
50	7153	35765	35815		0		3	1	3:1
50	7154	35770	35820		0		3	1	3:1
50	7155	35775	35825		0		3	1	3:1
50	7156	35780	35830		0		3	1	3:1
50	7157	35785	35835		0		3	1	3:1
50	7158	35790	35840		0		3	1	3:1
50	7159	35795	35845		0		3	1	3:1
50	7160	35800	35850		0		3	1	3:1
50	7161	35805	35855		0		3	1	3:1
50	7162	35810	35860		0		3	1	3:1
50	7163	35815	35865		0		3	1	3:1
50	7164	35820	35870		0		3	1	3:1
50	7165	35825	35875		0		3	1	3:1
50	7166	35830	35880		0		3	1	3:1
50	7167	35835	35885		0		3	1	3:1
50	7168	35840	35890		0		3	1	3:1
50	7169	35845	35895		0		3	1	3:1
50	7170	35850	35900		0		3	1	3:1
50	7171	35855	35905		0		3	1	3:1
50	7172	35860	35910		0		3	1	3:1
50	7173	35865	35915		0		3	1	3:1
50	7174	35870	35920		0		3	1	3:1
50	7175	35875	35925		0		3	1	3:1
50	7176	35880	35930		0		3	1	3:1
50	7177	35885	35935		0		3	1	3:1
50	7178	35890	35940		0		3	1	3:1
50	7179	35895	35945		0		3	1	3:1
50	7180	35900	35950		0		3	1	3:1
50	7181	35905	35955		0		3	1	3:1
50	7182	35910	35960		0		3	1	3:1
50	7183	35915	35965		0		3	1	3:1
50	7184	35920	35970		0		3	1	3:1
50	7185	35925	35975		0		3	1	3:1
50	7186	35930	35980		0		3	1	3:1
50	7187	35935	35985		0		3	1	3:1
50	7188	35940	35990		0		3	1	3:1
50	7189	35945	35995		0		3	1	3:1
50	7190	35950	36000		0		3	1	3:1
50	7191	35955	36005		0		3	1	3:1
50	7192	35960	36010		0		3	1	3:1
50	7193	35965	36015		0		3	1	3:1
50	7194	35970	36020		0		3	1	3:1
50	7195	35975	36025		0		3	1	3:1
50	7196	35980	36030		0		3	1	3:1
50	7197	35985	36035		0		3	1	3:1
50	7198	35990	36040		0		3	1	3:1
50	7199	35995	36045		0		3	1	3:1
50	7200	36000	36050		0		3	1	3:1
50	7201	36005	36055		0		3	1	3:1
50	7202	36010	36060		0		3	1	3:1
50	7203	36015	36065		0		3	1	3:1
50	7204	36020	36070		0		3	1	3:1
50	7205	36025	36075		0		3	1	3:1
50	7206	36030	36080		0		3	1	3:1
50	7207	36035	36085		0		3	1	3:1
50	7208	36040	36090		0		3	1	3:1
50	7209	36045	36095		0		3	1	3:1
50	7210	36050	36100		0		3	1	3:1
50	7211	36055	36105		0		3	1	3:1
50	7212	36060	36110		0		3	1	3:1
50	7213	36065	36115		0		3	1	3:1
50	7214	36070	36120		0		3	1	3:1
50	7215	36075	36125		0		3	1	3:1
50	7216	36080	36130		0		3	1	3:1
50	7217	36085	36135		0		3	1	3:1
50	7218	36090	36140		0		3	1	3:1
50	7219	36095	36145		0		3	1	3:1
50	7220	36100	36150		0		3	1	3:1
50	7221	36105	36155		0		3	1	3:1
50	7222	36110	36160		0		3	1	3:1
50	7223	36115	36165		0		3	1	3:1
50	7224	36120	36170		0		3	1	3:1
50	7225	36125	36175		0		3	1	3:1
50	7226	36130	36180		0		3	1	3:1
50	7227	36135	36185		0		3	1	3:1
50	7228	36140	36190		0		3	1	3:1
50	7229	36145	36195		0		3	1	3:1
50	7230	36150	36200		0		3	1	3:1
50	7231	36155	36205		0		3	1	3:1
50	7232	36160	36210		0		3	1	3:1
50	7233	36165	36215		0		3	1	3:1
50	7234	36170	36220		0		3	1	3:1
50	7235	36175	36225		0		3	1	3:1
50	7236	36180	36230		0		3	1	3:1
50	7237	36185	36235		0		3	1	3:1
50	7238	36190	36240		0		3	1	3:1
50	7239	36195	36245		0		3	1	3:1
50	7240	36200	36250		0		3	1	3:1
50	7241	36205	36255		0		3	1	3:1
50	7242	36210	36260		0		3	1	3:1
50	7243	36215	36265		0		3	1	3:1
50	7244	36220	36270		0		3	1	3:1
50	7245	36225	36275		0		3	1	3:1
50	7246	36230	36280		0		3	1	3:1
50	7247	36235	36285		0		3	1	3:1
50	7248	36240	36290		0		3	1	3:1
50	7249	36245	36295		0		3	1	3:1
50	7250	36250	36300		0		3	1	3:1
50	7251	36255	36305		0		3	1	3:1
50	7252	36260	36310		0		3	1	3:1
50	7253	36265	36315		0		3	1	3:1
50	7254	36270	36320		0		3	1	3:1
50	7255	36275	36325		0		3	1	3:1
50	7256	36280	36330		0		3	1	3:1
50	7257	36285	36335		0		3	1	3:1
50	7258	36290	36340		0		3	1	3:1
50	7259	36295	36345		0		3	1	3:1
50	7260	36300	36350		0		3	1	3:1
50	7261	36305	36355		0		3	1	3:1
50	7262	36310	36360		0		3	1	3:1
50	7263	36315	36365		0		3	1	3:1
50	7264	36320	36370		0		3	1	3:1
50	7265	36325	36375		0		3	1	3:1
50	7266	36330	36380		0		3	1	3:1
50	7267	36335	36385		0		3	1	3:1
50	7268	36340	36390		0		3	1	3:1
50	7269	36345	36395		0		3	1	3:1
50	7270	36350	36400		0		3	1	3:1
50	7271	36355	36405		0		3	1	3:1
50	7272	36360	36410		0		3	1	3:1
50	7273	36365	36415		0		3	1	3:1
50	7274	36370	36420		0		3	1	3:1
50	7275	36375	36425		0		3	1	3:1
50	7276	36380	36430		0		3	1	3:1
50	7277	36385	36435		0		3	1	3:1
50	7278	36390	36440		0		3	1	3:1
50	7279	36395	36445		0		3	1	3:1
50	7280	36400	36450		0		3	1	3:1
50	7281	36405	36455		0		3	1	3:1
50	7282	36410	36460		0		3	1	3:1
50	7283	36415	36465		0		3	1	3:1
50	7284	36420	36470		0		3	1	3:1
50	7285	36425	36475		0		3	1	3:1
50	7286	36430	36480		0		3	1	3:1
50	7287	36435	36485		0		3	1	3:1
50	7288	36440	36490		0		3	1	3:1
50	7289	36445	36495		0		3	1	3:1
50	7290	36450	36500		0		3	1	3:1
50	7291	36455	36505		0		3	1	3:1
50	7292	36460	36510		0		3	1	3:1
50	7293	36465	36515		0		3	1	3:1
50	7294	36470	36520		0		3	1	3:1
50	7295	36475	36525		0		3	1	3:1
50	7296	36480	36530		0		3	1	3:1
50	7297	36485	36535		0		3	1	3:1
50	7298	36490	36540		0		3	1	3:1
50	7299	36495	36545		0		3	1	3:1
50	7300	36500	36550		0		3	1	3:1
50	7301	36505	36555		0		3	1	3:1
50	7302	36510	36560		0		3	1	3:1
50	7303	36515	36565		0		3	1	3:1
50	7304	36520	36570		0		3	1	3:1
50	7305	36525	36575		0		3	1	3:1
50	7306	36530	36580		0		3	1	3:1
50	7307	36535	36585		0		3	1	3:1
50	7308	36540	36590		0		3	1	3:1
50	7309	36545	36595		0		3	1	3:1
50	7310	36550	36600		0		3	1	3:1
50	7311	36555	36605		0		3	1	3:1
50	7312	36560	36610		0		3	1	3:1
50	7313	36565	36615		0		3	1	3:1
50	7314	36570	36620		0		3	1	3:1
50	7315	36575	36625		0		3	1	3:1
50	7316	36580	36630		0		3	1	3:1
50	7317	36585	36635		0		3	1	3:1
50	7318	36590	36640		0		3	1	3:1
50	7319	36595	36645		0		3	1	3:1
50	7320	36600	36650		0		3	1	3:1
50	7321	36605	36655		0		3	1	3:1
50	7322	36610	36660		0		3	1	3:1
50	7323	36615	36665		0		3	1	3:1
50	7324	36620	36670		0		3	1	3:1
50	7325	36625	36675		0		3	1	3:1
50	7326	36630	36680		0		3	1	3:1
50	7327	36635	36685		0		3	1	3:1
50	7328	36640	36690		0		3	1	3:1
50	7329	36645	36695		0		3	1	3:1
50	7330	36650	36700		0		3	1	3:1
50	7331	36655	36705		0		3	1	3:1
50	7332	36660	36710		0		3	1	3:1
50	7333	36665	36715		0		3	1	3:1
50	7334	36670	36720		0		3	1	3:1
50	7335	36675	36725		0		3	1	3:1
50	7336	36680	36730		0		3	1	3:1
50	7337	36685	36735		0		3	1	3:1
50	7338	36690	36740		0		3	1	3:1
50	7339	36695	36745		0		3	1	3:1
50	7340	36700	36750		0		3	1	3:1
50	7341	36705	36755		0		3	1	3:1
50	7342	36710	36760		0		3	1	3:1
50	7343	36715	36765		0		3	1	3:1
50	7344	36720	36770		0		3	1	3:1
50	7345	36725	36775		0		3	1	3:1
50	7346	36730	36780		0		3	1	3:1
50	7347	36735	36785		0		3	1	3:1
50	7348	36740	36790		0		3	1	3:1
50	7349	36745	36795		0		3	1	3:1
50	7350	36750	36800		0		3	1	3:1
50	7351	36755	36805		0		3	1	3:1
50	7352	36760	36810		0		3	1	3:1
50	7353	36765	36815		0		3	1	3:1
50	7354	36770	36820		0		3	1	3:1
50	7355	36775	36825		0		3	1	3:1
50	7356	36780	36830		0		3	1	3:1
50	7357	36785	36835		0		3	1	3:1
50	7358	36790	36840		0		3	1	3:1
50	7359	36795	36845		0		3	1	3:1
50	7360	36800	36850		0		3	1	3:1
50	7361	36805	36855		0		3	1	3:1
50	7362	36810	36860		0		3	1	3:1
50	7363	36815	36865		0		3	1	3:1
50	7364	36820	36870		0		3	1	3:1
50	7365	36825	36875		0		3	1	3:1
50	7366	36830	36880		0		3	1	3:1
50	7367	36835	36885		0		3	1	3:1
50	7368	36840	36890		0		3	1	3:1
50	7369	36845	36895		0		3	1	3:1
50	7370	36850	36900		0		3	1	3:1
50	7371	36855	36905		0		3	1	3:1
50	7372	36860	36910		0		3	1	3:1
50	7373	36865	36915		0		3	1	3:1
50	7374	36870	36920		0		3	1	3:1
50	7375	36875	36925		0		3	1	3:1
50	7376	36880	36930		0		3	1	3:1
50	7377	36885	36935		0		3	1	3:1
50	7378	36890	36940		0		3	1	3:1
50	7379	36895	36945		0		3	1	3:1
50	7380	36900	36950		0		3	1	3:1
50	7381	36905	36955		0		3	1	3:1
50	7382	36910	36960		0		3	1	3:1
50	7383	36915	36965		0		3	1	3:1
50	7384	36920	36970		0		3	1	3:1
50	7385	36925	36975		0		3	1	3:1
50	7386	36930	36980		0		3	1	3:1
50	7387	36935	36985		0		3	1	3:1
50	7388	36940	36990		0		3	1	3:1
50	7389	36945	36995		0		3	1	3:1
50	7390	36950	37000		0		3	1	3:1
50	7391	36955	37005		0		3	1	3:1
50	7392	36960	37010		0		3	1	3:1
50	7393	36965	37015		0		3	1	3:1
50	7394	36970	37020		0		3	1	3:1
50	7395	36975	37025		0		3	1	3:1
50	7396	36980	37030		0		3	1	3:1
50	7397	36985	37035		0		3	1	3:1
50	7398	36990	37040		0		3	1	3:1
50	7399	36995	37045		0		3	1	3:1
50	7400	37000	37050		0		3	1	3:1
50	7401	37005	37055		0		3	1	3:1
50	7402	37010	37060		0		3	1	3:1
50	7403	37015	37065		0		3	1	3:1
50	7404	37020	37070		0		3	1	3:1
50	7405	37025	37075		0		3	1	3:1
50	7406	37030	37080		0		3	1	3:1
50	7407	37035	37085		0		3	1	3:1
50	7408	37040	37090		0		3	1	3:1
50	7409	37045	37095		0		3	1	3:1
50	7410	37050	37100		0		3	1	3:1
50	7411	37055	37105		0		3	1	3:1
50	7412	37060	37110		0		3	1	3:1
50	7413	37065	37115		0		3	1	3:1
50	7414	37070	37120		0		3	1	3:1
50	7415	37075	37125		0		3	1	3:1
50	7416	37080	37130		0		3	1	3:1
50	7417	37085	37135		0		3	1	3:1
50	7418	37090	37140		0		3	1	3:1
50	7419	37095	37145		0		3	1	3:1
50	7420	37100	37150		0		3	1	3:1
50	7421	37105	37155		0		3	1	3:1
50	7422	37110	37160		0		3	1	3:1
50	7423	37115	37165		0		3	1	3:1
50	7424	37120	37170		0		3	1	3:1
50	7425	37125	37175		0		3	1	3:1
50	7426	37130	37180		0		3	1	3:1
50	7427	37135	37185		0		3	1	3:1
50	7428	37140	37190		0		3	1	3:1
50	7429	37145	37195		0		3	1	3:1
50	7430	37150	37200		0		3	1	3:1
50	7431	37155	37205		0		3	1	3:1
50	7432	37160	37210		0		3	1	3:1
50	7433	37165	37215		0		3	1	3:1
50	7434	37170	37220		0		3	1	3:1
50	7435	37175	37225		0		3	1	3:1
50	7436	37180	37230		0		3	1	3:1
50	7437	37185	37235		0		3	1	3:1
50	7438	37190	37240		0		3	1	3:1
50	7439	37195	37245		0		3	1	3:1
50	7440	37200	37250		0		3	1	3:1
50	7441	37205	37255		0		3	1	3:1
50	7442	37210	37260		0		3	1	3:1
50	7443	37215	37265		0		3	1	3:1
50	7444	37220	37270		0		3	1	3:1
50	7445	37225	37275		0		3	1	3:1
50	7446	37230	37280		0		3	1	3:1
50	7447	37235	37285		0		3	1	3:1
50	7448	37240	37290		0		3	1	3:1
50	7449	37245	37295		0		3	1	3:1
50	7450	37250	37300		0		3	1	3:1
50	7451	37255	37305		0		3	1	3:1
50	7452	37260	37310		0		3	1	3:1
50	7453	37265	37315		0		3	1	3:1
50	7454	37270	37320		0		3	1	3:1
50	7455	37275	37325		0		3	1	3:1
50	7456	37280	37330		0		3	1	3:1
50	7457	37285	37335		0		3	1	3:1
50	7458	37290	37340		0		3	1	3:1
50	7459	37295	37345		0		3	1	3:1
50	7460	37300	37350		0		3	1	3:1
50	7461	37305	37355		0		3	1	3:1
50	7462	37310	37360		0		3	1	3:1
50	7463	37315	37365		0		3	1	3:1
50	7464	37320	37370		0		3	1	3:1
50	7465	37325	37375		0		3	1	3:1
50	7466	37330	37380		0		3	1	3:1
50	7467	37335	37385		0		3	1	3:1
50	7468	37340	37390		0		3	1	3:1
50	7469	37345	37395		0		3	1	3:1
50	7470	37350	37400		0		3	1	3:1
50	7471	37355	37405		0		3	1	3:1
50	7472	37360	37410		0		3	1	3:1
50	7473	37365	37415		0		3	1	3:1
50	7474	37370	37420		0		3	1	3:1
50	7475	37375	37425		0		3	1	3:1
50	7476	37380	37430		0		3	1	3:1
50	7477	37385	37435		0		3	1	3:1
50	7478	37390	37440		0		3	1	3:1
50	7479	37395	37445		0		3	1	3:1
50	7480	37400	37450		0		3	1	3:1
50	7481	37405	37455		0		3	1	3:1
50	7482	37410	37460		0		3	1	3:1
50	7483	37415	37465		0		3	1	3:1
50	7484	37420	37470		0		3	1	3:1
50	7485	37425	37475		0		3	1	3:1
50	7486	37430	37480		0		3	1	3:1
50	7487	37435	37485		0		3	1	3:1
50	7488	37440	37490		0		3	1	3:1
50	7489	37445	37495		0		3	1	3:1
50	7490	37450	37500		0		3	1	3:1
50	7491	37455	37505		0		3	1	3:1
50	7492	37460	37510		0		3	1	3:1
50	7493	37465	37515		0		3	1	3:1
50	7494	37470	37520		0		3	1	3:1
50	7495	37475	37525		0		3	1	3:1
50	7496	37480	37530		0		3	1	3:1
50	7497	37485	37535		0		3	1	3:1
50	7498	37490	37540		0		3	1	3:1
50	7499	37495	37545		0		3	1	3:1
50	7500	37500	37550		0		3	1	3:1
50	7501	37505	37555		0		3	1	3:1
50	7502	37510	37560		0		3	1	3:1
50	7503	37515	37565		0		3	1	3:1
50	7504	37520	37570		0		3	1	3:1
50	7505	37525	37575		0		3	1	3:1
50	7506	37530	37580		0		3	1	3:1
50	7507	37535	37585		0		3	1	3:1
50	7508	37540	37590		0		3	1	3:1
50	7509	37545	37595		0		3	1	3:1
50	7510	37550	37600		0		3	1	3:1
50	7511	37555	37605		0		3	0.9	2:0.1,3:0.9
50	7512	37560	37610		0		3	0.8	2:0.2,3:0.8
50	7513	37565	37615		0		3	0.7	2:0.3,3:0.7
50	7514	37570	37620		0		3	0.6	2:0.4,3:0.6
50	7515	37575	37625		0		2	0.5	2:0.5,3:0.5
50	7516	37580	37630		0		2	0.6	2:0.6,3:0.4
50	7517	37585	37635		0		2	0.7	2:0.7,3:0.3
50	7518	37590	37640		0		2	0.8	2:0.8,3:0.2
50	7519	37595	37645		0		2	0.9	2:0.9,3:0.1
50	7520	37600	37650		0		2	1	2:1
50	7521	37605	37655		0		2	1	2:1
50	7522	37610	37660		0		2	1	2:1
50	7523	37615	37665		0		2	1	2:1
50	7524	37620	37670		0		2	1	2:1
50	7525	37625	37675		0		2	1	2:1
50	7526	37630	37680		0		2	1	2:1
50	7527	37635	37685		0		2	1	2:1
50	7528	37640	37690		0		2	1	2:1
50	7529	37645	37695		0		2	1	2:1
50	7530	37650	37700		0		2	1	2:1
50	7531	37655	37705		0		2	1	2:1
50	7532	37660	37710		0		2	1	2:1
50	7533	37665	37715		0		2	1	2:1
50	7534	37670	37720		0		2	1	2:1
50	7535	37675	37725		0		2	1	2:1
50	7536	37680	37730		0		2	0.98	2:0.98,3:0.02
50	7537	37685	37735		0		2	0.88	2:0.88,3:0.12
50	7538	37690	37740		0		2	0.78	2:0.78,3:0.22
50	7539	37695	37745		0		2	0.68	2:0.68,3:0.32
50	7540	37700	37750		0		2	0.58	2:0.58,3:0.42
50	7541	37705	37755		0		3	0.52	2:0.48,3:0.52
50	7542	37710	37760		0		3	0.62	2:0.38,3:0.62
50	7543	37715	37765		0		3	0.72	2:0.28,3:0.72
50	7544	37720	37770		0		3	0.82	2:0.18,3:0.82
50	7545	37725	37775		0		3	0.92	2:0.08,3:0.92
50	7546	37730	37780		0		3	1	3:1
50	7547	37735	37785		0		3	1	3:1
50	7548	37740	37790		0		3	1	3:1
50	7549	37745	37795		0		3	1	3:1
50	7550	37750	37800		0		3	1	3:1
50	7551	37755	37805		0		3	1	3:1
50	7552	37760	37810		0		3	1	3:1
50	7553	37765	37815		0		3	1	3:1
50	7554	37770	37820		0		3	1	3:1
50	7555	37775	37825		0		3	1	3:1
50	7556	37780	37830		0		3	1	3:1
50	7557	37785	37835		0		3	1	3:1
50	7558	37790	37840		0		3	1	3:1
50	7559	37795	37845		0		3	1	3:1
50	7560	37800	37850		0		3	1	3:1
50	7561	37805	37855		0		3	1	3:1
50	7562	37810	37860		0		3	1	3:1
50	7563	37815	37865		0		3	1	3:1
50	7564	37820	37870		0		3	1	3:1
50	7565	37825	37875		0		3	1	3:1
50	7566	37830	37880		0		3	1	3:1
50	7567	37835	37885		0		3	1	3:1
50	7568	37840	37890		0		3	1	3:1
50	7569	37845	37895		0		3	1	3:1
50	7570	37850	37900		0		3	1	3:1
50	7571	37855	37905		0		3	1	3:1
50	7572	37860	37910		0		3	1	3:1
50	7573	37865	37915		0		3	1	3:1
50	7574	37870	37920		0		3	1	3:1
50	7575	37875	37925		0		3	1	3:1
50	7576	37880	37930		0		3	1	3:1
50	7577	37885	37935		0		3	1	3:1
50	7578	37890	37940		0		3	1	3:1
50	7579	37895	37945		0		3	1	3:1
50	7580	37900	37950		0		3	1	3:1
50	7581	37905	37955		0		3	1	3:1
50	7582	37910	37960		0		3	1	3:1
50	7583	37915	37965		0		3	1	3:1
50	7584	37920	37970		0		3	1	3:1
50	7585	37925	37975		0		3	1	3:1
50	7586	37930	37980		0		3	1	3:1
50	7587	37935	37985		0		3	1	3:1
50	7588	37940	37990		0		3	1	3:1
50	7589	37945	37995		0		3	1	3:1
50	7590	37950	38000		0		3	1	3:1
50	7591	37955	38005		0		3	1	3:1
50	7592	37960	38010		0		3	1	3:1
50	7593	37965	38015		0		3	1	3:1
50	7594	37970	38020		0		3	1	3:1
50	7595	37975	38025		0		3	1	3:1
50	7596	37980	38030		0		3	1	3:1
50	7597	37985	38035		0		3	1	3:1
50	7598	37990	38040		0		3	1	3:1
50	7599	37995	38045		0		3	1	3:1
50	7600	38000	38050		0		3	1	3:1
50	7601	38005	38055		0		3	1	3:1
50	7602	38010	38060		0		3	1	3:1
50	7603	38015	38065		0		3	1	3:1
50	7604	38020	38070		0		3	1	3:1
50	7605	38025	38075		0		3	1	3:1
50	7606	38030	38080		0		3	1	3:1
50	7607	38035	38085		0		3	1	3:1
50	7608	38040	38090		0		3	1	3:1
50	7609	38045	38095		0		3	1	3:1
50	7610	38050	38100		0		3	1	3:1
50	7611	38055	38105		0		3	1	3:1
50	7612	38060	38110		0		3	1	3:1
50	7613	38065	38115		0		3	1	3:1
50	7614	38070	38120		0		3	1	3:1
50	7615	38075	38125		0		3	1	3:1
50	7616	38080	38130		0		3	1	3:1
50	7617	38085	38135		0		3	1	3:1
50	7618	38090	38140		0		3	1	3:1
50	7619	38095	38145		0		3	1	3:1
50	7620	38100	38150		0		3	1	3:1
50	7621	38105	38155		0		3	1	3:1
50	7622	38110	38160		0		3	1	3:1
50	7623	38115	38165		0		3	1	3:1
50	7624	38120	38170		0		3	1	3:1
50	7625	38125	38175		0		3	1	3:1
50	7626	38130	38180		0		3	1	3:1
50	7627	38135	38185		0		3	1	3:1
50	7628	38140	38190		0		3	1	3:1
50	7629	38145	38195		0		3	1	3:1
50	7630	38150	38200		0		3	1	3:1
50	7631	38155	38205		0		3	1	3:1
50	7632	38160	38210		0		3	1	3:1
50	7633	38165	38215		0		3	1	3:1
50	7634	38170	38220		0		3	1	3:1
50	7635	38175	38225		0		3	1	3:1
50	7636	38180	38230		0		3	1	3:1
50	7637	38185	38235		0		3	1	3:1
50	7638	38190	38240		0		3	1	3:1
50	7639	38195	38245		0		3	1	3:1
50	7640	38200	38250		0		3	1	3:1
50	7641	38205	38255		0		3	1	3:1
50	7642	38210	38260		0		3	1	3:1
50	7643	38215	38265		0		3	1	3:1
50	7644	38220	38270		0		3	1	3:1
50	7645	38225	38275		0		3	1	3:1
50	7646	38230	38280		0		3	1	3:1
50	7647	38235	38285		0		3	1	3:1
50	7648	38240	38290		0		3	1	3:1
50	7649	38245	38295		0		3	1	3:1
50	7650	38250	38300		0		3	1	3:1
50	7651	38255	38305		0		3	1	3:1
50	7652	38260	38310		0		3	1	3:1
50	7653	38265	38315		0		3	1	3:1
50	7654	38270	38320		0		3	1	3:1
50	7655	38275	38325		0		3	1	3:1
50	7656	38280	38330		0		3	1	3:1
50	7657	38285	38335		0		3	1	3:1
50	7658	38290	38340		0		3	1	3:1
50	7659	38295	38345		0		3	1	3:1
50	7660	38300	38350		0		3	1	3:1
50	7661	38305	38355		0		3	1	3:1
50	7662	38310	38360		0		3	1	3:1
50	7663	38315	38365		0		3	1	3:1
50	7664	38320	38370		0		3	1	3:1
50	7665	38325	38375		0		3	1	3:1
50	7666	38330	38380		0		3	1	3:1
50	7667	38335	38385		0		3	1	3:1
50	7668	38340	38390		0		3	1	3:1
50	7669	38345	38395		0		3	1	3:1
50	7670	38350	38400		0		3	1	3:1
50	7671	38355	38405		0		3	1	3:1
50	7672	38360	38410		0		3	1	3:1
50	7673	38365	38415		0		3	1	3:1
50	7674	38370	38420		0		3	1	3:1
50	7675	38375	38425		0		3	1	3:1
50	7676	38380	38430		0		3	1	3:1
50	7677	38385	38435		0		3	1	3:1
50	7678	38390	38440		0		3	1	3:1
50	7679	38395	38445		0		3	1	3:1
50	7680	38400	38450		0		3	1	3:1
50	7681	38405	38455		0		3	1	3:1
50	7682	38410	38460		0		3	1	3:1
50	7683	38415	38465		0		3	1	3:1
50	7684	38420	38470		0		3	1	3:1
50	7685	38425	38475		0		3	1	3:1
50	7686	38430	38480		0		3	1	3:1
50	7687	38435	38485		0		3	1	3:1
50	7688	38440	38490		0		3	1	3:1
50	7689	38445	38495		0		3	1	3:1
50	7690	38450	38500		0		3	1	3:1
50	7691	38455	38505		0		3	1	3:1
50	7692	38460	38510		0		3	1	3:1
50	7693	38465	38515		0		3	1	3:1
50	7694	38470	38520		0		3	1	3:1
50	7695	38475	38525		0		3	1	3:1
50	7696	38480	38530		0		3	1	3:1
50	7697	38485	38535		0		3	1	3:1
50	7698	38490	38540		0		3	1	3:1
50	7699	38495	38545		0		3	1	3:1
50	7700	38500	38550		0		3	1	3:1
50	7701	38505	38555		0		3	1	3:1
50	7702	38510	38560		0		3	1	3:1
50	7703	38515	38565		0		3	1	3:1
50	7704	38520	38570		0		3	1	3:1
50	7705	38525	38575		0		3	1	3:1
50	7706	38530	38580		0		3	1	3:1
50	7707	38535	38585		0		3	1	3:1
50	7708	38540	38590		0		3	1	3:1
50	7709	38545	38595		0		3	1	3:1
50	7710	38550	38600		0		3	1	3:1
50	7711	38555	38605		0		3	1	3:1
50	7712	38560	38610		0		3	1	3:1
50	7713	38565	38615		0		3	1	3:1
50	7714	38570	38620		0		3	1	3:1
50	7715	38575	38625		0		3	1	3:1
50	7716	38580	38630		0		3	1	3:1
50	7717	38585	38635		0		3	1	3:1
50	7718	38590	38640		0		3	1	3:1
50	7719	38595	38645		0		3	1	3:1
50	7720	38600	38650		0		3	1	3:1
50	7721	38605	38655		0		3	1	3:1
50	7722	38610	38660		0		3	1	3:1
50	7723	38615	38665		0		3	1	3:1
50	7724	38620	38670		0		3	1	3:1
50	7725	38625	38675		0		3	1	3:1
50	7726	38630	38680		0		3	1	3:1
50	7727	38635	38685		0		3	1	3:1
50	7728	38640	38690		0		3	1	3:1
50	7729	38645	38695		0		3	1	3:1
50	7730	38650	38700		0		3	1	3:1
50	7731	38655	38705		0		3	1	3:1
50	7732	38660	38710		0		3	1	3:1
50	7733	38665	38715		0		3	1	3:1
50	7734	38670	38720		0		3	1	3:1
50	7735	38675	38725		0		3	1	3:1
50	7736	38680	38730		0		3	1	3:1
50	7737	38685	38735		0		3	1	3:1
50	7738	38690	38740		0		3	1	3:1
50	7739	38695	38745		0		3	1	3:1
50	7740	38700	38750		0		3	1	3:1
50	7741	38705	38755		0		3	1	3:1
50	7742	38710	38760		0		3	1	3:1
50	7743	38715	38765		0		3	1	3:1
50	7744	38720	38770		0		3	1	3:1
50	7745	38725	38775		0		3	1	3:1
50	7746	38730	38780		0		3	1	3:1
50	7747	38735	38785		0		3	1	3:1
50	7748	38740	38790		0		3	1	3:1
50	7749	38745	38795		0		3	1	3:1
50	7750	38750	38800		0		3	1	3:1
50	7751	38755	38805		0		3	1	3:1
50	7752	38760	38810		0		3	1	3:1
50	7753	38765	38815		0		3	1	3:1
50	7754	38770	38820		0		3	1	3:1
50	7755	38775	38825		0		3	1	3:1
50	7756	38780	38830		0		3	1	3:1
50	7757	38785	38835		0		3	1	3:1
50	7758	38790	38840		0		3	1	3:1
50	7759	38795	38845		0		3	1	3:1
50	7760	38800	38850		0		3	1	3:1
50	7761	38805	38855		0		3	1	3:1
50	7762	38810	38860		0		3	1	3:1
50	7763	38815	38865		0		3	1	3:1
50	7764	38820	38870		0		3	1	3:1
50	7765	38825	38875		0		3	1	3:1
50	7766	38830	38880		0		3	1	3:1
50	7767	38835	38885		0		3	1	3:1
50	7768	38840	38890		0		3	1	3:1
50	7769	38845	38895		0		3	1	3:1
50	7770	38850	38900		0		3	1	3:1
50	7771	38855	38905		0		3	1	3:1
50	7772	38860	38910		0		3	1	3:1
50	7773	38865	38915		0		3	1	3:1
50	7774	38870	38920		0		3	1	3:1
50	7775	38875	38925		0		3	1	3:1
50	7776	38880	38930		0		3	1	3:1
50	7777	38885	38935		0		3	1	3:1
50	7778	38890	38940		0		3	1	3:1
50	7779	38895	38945		0		3	1	3:1
50	7780	38900	38950		0		3	1	3:1
50	7781	38905	38955		0		3	1	3:1
50	7782	38910	38960		0		3	1	3:1
50	7783	38915	38965		0		3	1	3:1
50	7784	38920	38970		0		3	1	3:1
50	7785	38925	38975		0		3	1	3:1
50	7786	38930	38980		0		3	1	3:1
50	7787	38935	38985		0		3	1	3:1
50	7788	38940	38990		0		3	1	3:1
50	7789	38945	38995		0		3	1	3:1
50	7790	38950	39000		0		3	1	3:1
50	7791	38955	39005		0		3	1	3:1
50	7792	38960	39010		0		3	1	3:1
50	7793	38965	39015		0		3	1	3:1
50	7794	38970	39020		0		3	1	3:1
50	7795	38975	39025		0		3	1	3:1
100	0	0	100	1	1	1:1	1	1	1:1
100	1	10	110	1	1	1:1	1	1	1:1
100	2	20	120	1	1	1:1	1	1	1:1
100	3	30	130	1	1	1:1	1	1	1:1
100	4	40	140	1	1	1:1	1	1	1:1
100	5	50	150	1	1	1:1	1	1	1:1
100	6	60	160	1	1	1:1	1	1	1:1
100	7	70	170	1	1	1:1	1	1	1:1
100	8	80	180	1	1	1:1	1	1	1:1
100	9	90	190	1	1	1:1	1	1	1:1
100	10	100	200	1	1	1:1	1	1	1:1
100	11	110	210	1	1	1:1	1	1	1:1
100	12	120	220	1	1	1:1	1	1	1:1
100	13	130	230	1	1	1:1	1	1	1:1
100	14	140	240	1	1	1:1	1	1	1:1
100	15	150	250	1	1	1:1	1	1	1:1
100	16	160	260	1	1	1:1	1	1	1:1
100	17	170	270	1	1	1:1	1	1	1:1
100	18	180	280	1	1	1:1	1	1	1:1
100	19	190	290	1	1	1:1	1	1	1:1
100	20	200	300	1	1	1:1	1	1	1:1
100	21	210	310	1	1	1:1	1	1	1:1
100	22	220	320	1	1	1:1	1	1	1:1
100	23	230	330	1	1	1:1	1	1	1:1
100	24	240	340	1	1	1:1	1	1	1:1
100	25	250	350	1	1	1:1	1	1	1:1
100	26	260	360	1	1	1:1	1	1	1:1
100	27	270	370	1	1	1:1	1	1	1:1
100	28	280	380	1	1	1:1	1	1	1:1
100	29	290	390	1	1	1:1	1	1	1:1
100	30	300	400	1	1	1:1	1	1	1:1
100	31	310	410	1	1	1:1	1	1	1:1
100	32	320	420	1	1	1:1	1	1	1:1
100	33	330	430	1	1	1:1	1	1	1:1
100	34	340	440	1	1	1:1	1	1	1:1
100	35	350	450	1	1	1:1	1	1	1:1
100	36	360	460	1	1	1:1	1	1	1:1
100	37	370	470	1	1	1:1	1	1	1:1
100	38	380	480	1	1	1:1	1	1	1:1
100	39	390	490	1	1	1:1	1	1	1:1
100	40	400	500	1	1	1:1	1	1	1:1
100	41	410	510	1	1	1:1	1	1	1:1
100	42	420	520	1	1	1:1	1	1	1:1
100	43	430	530	1	1	1:1	1	1	1:1
100	44	440	540	1	1	1:1	1	1	1:1
100	45	450	550	1	1	1:1	1	1	1:1
100	46	460	560	1	1	1:1	1	1	1:1
100	47	470	570	1	1	1:1	1	1	1:1
100	48	480	580	1	1	1:1	1	1	1:1
100	49	490	590	1	1	1:1	1	1	1:1
100	50	500	600	1	1	1:1	1	1	1:1
100	51	510	610	1	1	1:1	1	1	1:1
100	52	520	620	1	1	1:1	1	1	1:1
100	53	530	630	1	1	1:1	1	1	1:1
100	54	540	640	1	1	1:1	1	1	1:1
100	55	550	650	1	1	1:1	1	1	1:1
100	56	560	660	1	1	1:1	1	1	1:1
100	57	570	670	1	1	1:1	1	1	1:1
100	58	580	680	1	1	1:1	1	1	1:1
100	59	590	690	1	1	1:1	1	1	1:1
100	60	600	700	1	1	1:1	1	1	1:1
100	61	610	710	1	1	1:1	1	1	1:1
100	62	620	720	1	1	1:1	1	1	1:1
100	63	630	730	1	1	1:1	1	1	1:1
100	64	640	740	1	1	1:1	1	1	1:1
100	65	650	750	1	1	1:1	1	1	1:1
100	66	660	760	1	1	1:1	1	1	1:1
100	67	670	770	1	1	1:1	1	1	1:1
100	68	680	780	1	1	1:1	1	1	1:1
100	69	690	790	1	1	1:1	1	1	1:1
100	70	700	800	1	1	1:1	1	1	1:1
100	71	710	810	1	1	1:1	1	1	1:1
100	72	720	820	1	1	1:1	1	1	1:1
100	73	730	830	1	1	1:1	1	1	1:1
100	74	740	840	1	1	1:1	1	1	1:1
100	75	750	850	1	1	1:1	1	1	1:1
100	76	760	860	1	1	1:1	1	1	1:1
100	77	770	870	1	1	1:1	1	1	1:1
100	78	780	880	1	1	1:1	1	1	1:1
100	79	790	890	1	1	1:1	1	1	1:1
100	80	800	900	1	1	1:1	1	1	1:1
100	81	810	910	1	1	1:1	1	1	1:1
100	82	820	920	1	1	1:1	1	1	1:1
100	83	830	930	1	1	1:1	1	1	1:1
100	84	840	940	1	1	1:1	1	1	1:1
100	85	850	950	1	1	1:1	1	1	1:1
100	86	860	960	1	1	1:1	1	1	1:1
100	87	870	970	1	1	1:1	1	1	1:1
100	88	880	980	1	1	1:1	1	1	1:1
100	89	890	990	1	1	1:1	1	1	1:1
100	90	900	1000	1	1	1:1	1	1	1:1
100	91	910	1010	1	1	1:1	1	1	1:1
100	92	920	1020	1	1	1:1	1	1	1:1
100	93	930	1030	1	1	1:1	1	1	1:1
100	94	940	1040	1	1	1:1	1	1	1:1
100	95	950	1050	1	1	1:1	1	1	1:1
100	96	960	1060	1	1	1:1	1	1	1:1
100	97	970	1070	1	1	1:1	1	1	1:1
100	98	980	1080	1	1	1:1	1	1	1:1
100	99	990	1090	1	1	1:1	1	1	1:1
100	100	1000	1100	1	1	1:1	1	1	1:1
100	101	1010	1110	1	1	1:1	1	1	1:1
100	102	1020	1120	1	1	1:1	1	1	1:1
100	103	1030	1130	1	1	1:1	1	1	1:1
100	104	1040	1140	1	1	1:1	1	1	1:1
100	105	1050	1150	1	1	1:1	1	1	1:1
100	106	1060	1160	1	1	1:1	1	1	1:1
100	107	1070	1170	1	1	1:1	1	1	1:1
100	108	1080	1180	1	1	1:1	1	1	1:1
100	109	1090	1190	1	1	1:1	1	1	1:1
100	110	1100	1200	1	1	1:1	1	1	1:1
100	111	1110	1210	1	1	1:1	1	1	1:1
100	112	1120	1220	1	1	1:1	1	1	1:1
100	113	1130	1230	1	1	1:1	1	1	1:1
100	114	1140	1240	1	1	1:1	1	1	1:1
100	115	1150	1250	1	1	1:1	1	1	1:1
100	116	1160	1260	1	1	1:1	1	1	1:1
100	117	1170	1270	1	1	1:1	1	1	1:1
100	118	1180	1280	1	1	1:1	1	1	1:1
100	119	1190	1290	1	1	1:1	1	1	1:1
100	120	1200	1300	1	1	1:1	1	1	1:1
100	121	1210	1310	1	1	1:1	1	1	1:1
100	122	1220	1320	1	1	1:1	1	1	1:1
100	123	1230	1330	1	1	1:1	1	1	1:1
100	124	1240	1340	1	1	1:1	1	1	1:1
100	125	1250	1350	1	1	1:1	1	1	1:1
100	126	1260	1360	1	1	1:1	1	1	1:1
100	127	1270	1370	1	1	1:1	1	1	1:1
100	128	1280	1380	1	1	1:1	1	1	1:1
100	129	1290	1390	1	1	1:1	1	1	1:1
100	130	1300	1400	1	1	1:1	1	1	1:1
100	131	1310	1410	1	1	1:1	1	1	1:1
100	132	1320	1420	1	1	1:1	1	1	1:1
100	133	1330	1430	1	1	1:1	1	1	1:1
100	134	1340	1440	1	1	1:1	1	1	1:1
100	135	1350	1450	1	1	1:1	1	1	1:1
100	136	1360	1460	1	1	1:1	1	1	1:1
100	137	1370	1470	1	1	1:1	1	1	1:1
100	138	1380	1480	1	1	1:1	1	1	1:1
100	139	1390	1490	1	1	1:1	1	1	1:1
100	140	1400	1500	1	1	1:1	1	1	1:1
100	141	1410	1510	1	1	1:1	1	1	1:1
100	142	1420	1520	1	1	1:1	1	1	1:1
100	143	1430	1530	1	1	1:1	1	1	1:1
100	144	1440	1540	1	1	1:1	1	1	1:1
100	145	1450	1550	1	1	1:1	1	1	1:1
100	146	1460	1560	1	1	1:1	1	1	1:1
100	147	1470	1570	1	1	1:1	1	1	1:1
100	148	1480	1580	1	1	1:1	1	1	1:1
100	149	1490	1590	1	1	1:1	1	1	1:1
100	150	1500	1600	1	1	1:1	1	1	1:1
100	151	1510	1610	1	1	1:1	1	1	1:1
100	152	1520	1620	1	1	1:1	1	1	1:1
100	153	1530	1630	1	1	1:1	1	1	1:1
100	154	1540	1640	1	1	1:1	1	1	1:1
100	155	1550	1650	1	1	1:1	1	1	1:1
100	156	1560	1660	1	1	1:1	1	1	1:1
100	157	1570	1670	1	1	1:1	1	1	1:1
100	158	1580	1680	1	1	1:1	1	1	1:1
100	159	1590	1690	1	1	1:1	1	1	1:1
100	160	1600	1700	1	1	1:1	1	1	1:1
100	161	1610	1710	1	1	1:1	1	1	1:1
100	162	1620	1720	1	1	1:1	1	1	1:1
100	163	1630	1730	1	1	1:1	1	1	1:1
100	164	1640	1740	1	1	1:1	1	1	1:1
100	165	1650	1750	1	1	1:1	1	1	1:1
100	166	1660	1760	1	1	1:1	1	1	1:1
100	167	1670	1770	1	1	1:1	1	1	1:1
100	168	1680	1780	1	1	1:1	1	1	1:1
100	169	1690	1790	1	1	1:1	1	1	1:1
100	170	1700	1800	1	1	1:1	1	1	1:1
100	171	1710	1810	1	1	1:1	1	1	1:1
100	172	1720	1820	1	1	1:1	1	1	1:1
100	173	1730	1830	1	1	1:1	1	1	1:1
100	174	1740	1840	1	1	1:1	1	1	1:1
100	175	1750	1850	1	1	1:1	1	1	1:1
100	176	1760	1860	1	1	1:1	1	1	1:1
100	177	1770	1870	1	1	1:1	1	1	1:1
100	178	1780	1880	1	1	1:1	1	1	1:1
100	179	1790	1890	1	1	1:1	1	1	1:1
100	180	1800	1900	1	1	1:1	1	1	1:1
100	181	1810	1910	1	1	1:1	1	1	1:1
100	182	1820	1920	1	1	1:1	1	1	1:1
100	183	1830	1930	1	1	1:1	1	1	1:1
100	184	1840	1940	1	1	1:1	1	1	1:1
100	185	1850	1950	1	1	1:1	1	1	1:1
100	186	1860	1960	1	1	1:1	1	1	1:1
100	187	1870	1970	1	1	1:1	1	1	1:1
100	188	1880	1980	1	1	1:1	1	1	1:1
100	189	1890	1990	1	1	1:1	1	1	1:1
100	190	1900	2000	1	1	1:1	1	1	1:1
100	191	1910	2010	1	1	1:1	1	1	1:1
100	192	1920	2020	1	1	1:1	1	1	1:1
100	193	1930	2030	1	1	1:1	1	1	1:1
100	194	1940	2040	1	1	1:1	1	1	1:1
100	195	1950	2050	1	1	1:1	1	1	1:1
100	196	1960	2060	1	1	1:1	1	1	1:1
100	197	1970	2070	1	1	1:1	1	1	1:1
100	198	1980	2080	1	1	1:1	1	1	1:1
100	199	1990	2090	1	1	1:1	1	1	1:1
100	200	2000	2100	1	1	1:1	1	1	1:1
100	201	2010	2110	1	1	1:1	1	1	1:1
100	202	2020	2120	1	1	1:1	1	1	1:1
100	203	2030	2130	1	1	1:1	1	1	1:1
100	204	2040	2140	1	1	1:1	1	1	1:1
100	205	2050	2150	1	1	1:1	1	1	1:1
100	206	2060	2160	1	1	1:1	1	1	1:1
100	207	2070	2170	1	1	1:1	1	1	1:1
100	208	2080	2180	1	1	1:1	1	1	1:1
100	209	2090	2190	1	1	1:1	1	1	1:1
100	210	2100	2200	1	1	1:1	1	1	1:1
100	211	2110	2210	1	1	1:1	1	1	1:1
100	212	2120	2220	1	1	1:1	1	1	1:1
100	213	2130	2230	1	1	1:1	1	1	1:1
100	214	2140	2240	1	1	1:1	1	1	1:1
100	215	2150	2250	1	1	1:1	1	1	1:1
100	216	2160	2260	1	1	1:1	1	1	1:1
100	217	2170	2270	1	1	1:1	1	1	1:1
100	218	2180	2280	1	1	1:1	1	1	1:1
100	219	2190	2290	1	1	1:1	1	1	1:1
100	220	2200	2300	1	1	1:1	1	1	1:1
100	221	2210	2310	1	1	1:1	1	1	1:1
100	222	2220	2320	1	1	1:1	1	1	1:1
100	223	2230	2330	1	1	1:1	1	1	1:1
100	224	2240	2340	1	1	1:1	1	1	1:1
100	225	2250	2350	1	1	1:1	1	1	1:1
100	226	2260	2360	1	1	1:1	1	1	1:1
100	227	2270	2370	1	1	1:1	1	1	1:1
100	228	2280	2380	1	1	1:1	1	1	1:1
100	229	2290	2390	1	1	1:1	1	1	1:1
100	230	2300	2400	1	1	1:1	1	1	1:1
100	231	2310	2410	1	1	1:1	1	1	1:1
100	232	2320	2420	1	1	1:1	1	1	1:1
100	233	2330	2430	1	1	1:1	1	1	1:1
100	234	2340	2440	1	1	1:1	1	1	1:1
100	235	2350	2450	1	1	1:1	1	1	1:1
100	236	2360	2460	1	1	1:1	1	1	1:1
100	237	2370	2470	1	1	1:1	1	1	1:1
100	238	2380	2480	1	1	1:1	1	1	1:1
100	239	2390	2490	1	1	1:1	1	1	1:1
100	240	2400	2500	1	1	1:1	1	1	1:1
100	241	2410	2510	1	1	1:1	1	1	1:1
100	242	2420	2520	1	1	1:1	1	1	1:1
100	243	2430	2530	1	1	1:1	1	1	1:1
100	244	2440	2540	1	1	1:1	1	1	1:1
100	245	2450	2550	1	1	1:1	1	1	1:1
100	246	2460	2560	1	1	1:1	1	1	1:1
100	247	2470	2570	1	1	1:1	1	1	1:1
100	248	2480	2580	1	1	1:1	1	1	1:1
100	249	2490	2590	1	1	1:1	1	1	1:1
100	250	2500	2600	1	1	1:1	1	1	1:1
100	251	2510	2610	1	1	1:1	1	1	1:1
100	252	2520	2620	1	1	1:1	1	1	1:1
100	253	2530	2630	1	1	1:1	1	1	1:1
100	254	2540	2640	1	1	1:1	1	1	1:1
100	255	2550	2650	1	1	1:1	1	1	1:1
100	256	2560	2660	1	1	1:1	1	1	1:1
100	257	2570	2670	1	1	1:1	1	1	1:1
100	258	2580	2680	1	1	1:1	1	1	1:1
100	259	2590	2690	1	1	1:1	1	1	1:1
100	260	2600	2700	1	1	1:1	1	1	1:1
100	261	2610	2710	1	1	1:1	1	1	1:1
100	262	2620	2720	1	1	1:1	1	1	1:1
100	263	2630	2730	1	1	1:1	1	1	1:1
100	264	2640	2740	1	1	1:1	1	1	1:1
100	265	2650	2750	1	1	1:1	1	1	1:1
100	266	2660	2760	1	1	1:1	1	1	1:1
100	267	2670	2770	1	1	1:1	1	1	1:1
100	268	2680	2780	1	1	1:1	1	1	1:1
100	269	2690	2790	1	1	1:1	1	1	1:1
100	270	2700	2800	1	1	1:1	1	1	1:1
100	271	2710	2810	1	1	1:1	1	1	1:1
100	272	2720	2820	1	1	1:1	1	1	1:1
100	273	2730	2830	1	1	1:1	1	1	1:1
100	274	2740	2840	1	1	1:1	1	1	1:1
100	275	2750	2850	1	1	1:1	1	1	1:1
100	276	2760	2860	1	1	1:1	1	1	1:1
100	277	2770	2870	1	1	1:1	1	1	1:1
100	278	2780	2880	1	1	1:1	1	1	1:1
100	279	2790	2890	1	1	1:1	1	1	1:1
100	280	2800	2900	1	1	1:1	1	1	1:1
100	281	2810	2910	1	1	1:1	1	1	1:1
100	282	2820	2920	1	1	1:1	1	1	1:1
100	283	2830	2930	1	1	1:1	1	1	1:1
100	284	2840	2940	1	1	1:1	1	1	1:1
100	285	2850	2950	1	1	1:1	1	1	1:1
100	286	2860	2960	1	1	1:1	1	1	1:1
100	287	2870	2970	1	1	1:1	1	1	1:1
100	288	2880	2980	1	1	1:1	1	1	1:1
100	289	2890	2990	1	1	1:1	1	1	1:1
100	290	2900	3000	1	1	1:1	1	1	1:1
100	291	2910	3010	1	1	1:1	1	1	1:1
100	292	2920	3020	1	1	1:1	1	1	1:1
100	293	2930	3030	1	1	1:1	1	1	1:1
100	294	2940	3040	1	1	1:1	1	1	1:1
100	295	2950	3050	1	1	1:1	1	1	1:1
100	296	2960	3060	1	1	1:1	1	1	1:1
100	297	2970	3070	1	1	1:1	1	1	1:1
100	298	2980	3080	1	1	1:1	1	1	1:1
100	299	2990	3090	1	1	1:1	1	1	1:1
100	300	3000	3100	1	1	1:1	1	1	1:1
100	301	3010	3110	1	1	1:1	1	1	1:1
100	302	3020	3120	1	1	1:1	1	1	1:1
100	303	3030	3130	1	1	1:1	1	1	1:1
100	304	3040	3140	1	1	1:1	1	1	1:1
100	305	3050	3150	1	1	1:1	1	1	1:1
100	306	3060	3160	1	1	1:1	1	1	1:1
100	307	3070	3170	1	1	1:1	1	1	1:1
100	308	3080	3180	1	1	1:1	1	1	1:1
100	309	3090	3190	1	1	1:1	1	1	1:1
100	310	3100	3200	1	1	1:1	1	1	1:1
100	311	3110	3210	1	1	1:1	1	1	1:1
100	312	3120	3220	1	1	1:1	1	1	1:1
100	313	3130	3230	1	1	1:1	1	1	1:1
100	314	3140	3240	1	1	1:1	1	1	1:1
100	315	3150	3250	1	1	1:1	1	1	1:1
100	316	3160	3260	1	1	1:1	1	1	1:1
100	317	3170	3270	1	1	1:1	1	1	1:1
100	318	3180	3280	1	1	1:1	1	1	1:1
100	319	3190	3290	1	1	1:1	1	1	1:1
100	320	3200	3300	1	1	1:1	1	1	1:1
100	321	3210	3310	1	1	1:1	1	1	1:1
100	322	3220	3320	1	1	1:1	1	1	1:1
100	323	3230	3330	1	1	1:1	1	1	1:1
100	324	3240	3340	1	1	1:1	1	1	1:1
100	325	3250	3350	1	1	1:1	1	1	1:1
100	326	3260	3360	1	1	1:1	1	1	1:1
100	327	3270	3370	1	1	1:1	1	1	1:1
100	328	3280	3380	1	1	1:1	1	1	1:1
100	329	3290	3390	1	1	1:1	1	1	1:1
100	330	3300	3400	1	1	1:1	1	1	1:1
100	331	3310	3410	1	1	1:1	1	1	1:1
100	332	3320	3420	1	1	1:1	1	1	1:1
100	333	3330	3430	1	1	1:1	1	1	1:1
100	334	3340	3440	1	1	1:1	1	1	1:1
100	335	3350	3450	1	1	1:1	1	1	1:1
100	336	3360	3460	1	1	1:1	1	1	1:1
100	337	3370	3470	1	1	1:1	1	1	1:1
100	338	3380	3480	1	1	1:1	1	1	1:1
100	339	3390	3490	1	1	1:1	1	1	1:1
100	340	3400	3500	1	1	1:1	1	1	1:1
100	341	3410	3510	1	1	1:1	1	1	1:1
100	342	3420	3520	1	1	1:1	1	1	1:1
100	343	3430	3530	1	1	1:1	1	1	1:1
100	344	3440	3540	1	1	1:1	1	1	1:1
100	345	3450	3550	1	1	1:1	1	1	1:1
100	346	3460	3560	1	1	1:1	1	1	1:1
100	347	3470	3570	1	1	1:1	1	1	1:1
100	348	3480	3580	1	1	1:1	1	1	1:1
100	349	3490	3590	1	1	1:1	1	1	1:1
100	350	3500	3600	1	1	1:1	1	1	1:1
100	351	3510	3610	1	1	1:1	1	1	1:1
100	352	3520	3620	1	1	1:1	1	1	1:1
100	353	3530	3630	1	1	1:1	1	1	1:1
100	354	3540	3640	1	1	1:1	1	1	1:1
100	355	3550	3650	1	1	1:1	1	1	1:1
100	356	3560	3660	1	1	1:1	1	1	1:1
100	357	3570	3670	1	1	1:1	1	1	1:1
100	358	3580	3680	1	1	1:1	1	1	1:1
100	359	3590	3690	1	1	1:1	1	1	1:1
100	360	3600	3700	1	1	1:1	1	1	1:1
100	361	3610	3710	1	1	1:1	1	1	1:1
100	362	3620	3720	1	1	1:1	1	1	1:1
100	363	3630	3730	1	1	1:1	1	1	1:1
100	364	3640	3740	1	1	1:1	1	1	1:1
100	365	3650	3750	1	1	1:1	1	1	1:1
100	366	3660	3760	1	1	1:1	1	1	1:1
100	367	3670	3770	1	1	1:1	1	1	1:1
100	368	3680	3780	1	1	1:1	1	1	1:1
100	369	3690	3790	1	1	1:1	1	1	1:1
100	370	3700	3800	1	1	1:1	1	1	1:1
100	371	3710	3810	1	1	1:1	1	1	1:1
100	372	3720	3820	1	1	1:1	1	1	1:1
100	373	3730	3830	1	1	1:1	1	1	1:1
100	374	3740	3840	1	1	1:1	1	1	1:1
100	375	3750	3850	1	1	1:1	1	1	1:1
100	376	3760	3860	1	1	1:1	1	1	1:1
100	377	3770	3870	1	1	1:1	1	1	1:1
100	378	3780	3880	1	1	1:1	1	1	1:1
100	379	3790	3890	1	1	1:1	1	1	1:1
100	380	3800	3900	1	1	1:1	1	1	1:1
100	381	3810	3910	1	1	1:1	1	1	1:1
100	382	3820	3920	1	1	1:1	1	1	1:1
100	383	3830	3930	1	1	1:1	1	1	1:1
100	384	3840	3940	1	1	1:1	1	1	1:1
100	385	3850	3950	1	1	1:1	1	1	1:1
100	386	3860	3960	1	1	1:1	1	1	1:1
100	387	3870	3970	1	1	1:1	1	1	1:1
100	388	3880	3980	1	1	1:1	1	1	1:1
100	389	3890	3990	1	1	1:1	1	1	1:1
100	390	3900	4000	1	1	1:1	1	1	1:1
100	391	3910	4010	1	1	1:1	1	1	1:1
100	392	3920	4020	1	1	1:1	1	1	1:1
100	393	3930	4030	1	1	1:1	1	1	1:1
100	394	3940	4040	1	1	1:1	1	1	1:1
100	395	3950	4050	1	1	1:1	1	1	1:1
100	396	3960	4060	1	1	1:1	1	1	1:1
100	397	3970	4070	1	1	1:1	1	1	1:1
100	398	3980	4080	1	1	1:1	1	1	1:1
100	399	3990	4090	1	1	1:1	1	1	1:1
100	400	4000	4100	1	1	1:1	1	1	1:1
100	401	4010	4110	1	1	1:1	1	1	1:1
100	402	4020	4120	1	1	1:1	1	1	1:1
100	403	4030	4130	1	1	1:1	1	1	1:1
100	404	4040	4140	1	1	1:1	1	1	1:1
100	405	4050	4150	1	0.95	1:0.95,2:0.05	1	0.95	1:0.95,2:0.05
100	406	4060	4160	1	0.85	1:0.85,2:0.15	1	0.85	1:0.85,2:0.15
100	407	4070	4170	1	0.75	1:0.75,2:0.25	1	0.75	1:0.75,2:0.25
100	408	4080	4180	1	0.65	1:0.65,2:0.35	1	0.65	1:0.65,2:0.35
100	409	4090	4190	1	0.55	1:0.55,2:0.45	1	0.55	1:0.55,2:0.45
100	410	4100	4200	2	0.55	1:0.45,2:0.55	2	0.55	1:0.45,2:0.55
100	411	4110	4210	2	0.65	1:0.35,2:0.65	2	0.65	1:0.35,2:0.65
100	412	4120	4220	2	0.75	1:0.25,2:0.75	2	0.75	1:0.25,2:0.75
100	413	4130	4230	2	0.85	1:0.15,2:0.85	2	0.85	1:0.15,2:0.85
100	414	4140	4240	2	0.95	1:0.05,2:0.95	2	0.95	1:0.05,2:0.95
100	415	4150	4250	2	1	2:1	2	1	2:1
100	416	4160	4260	2	1	2:1	2	1	2:1
100	417	4170	4270	2	1	2:1	2	1	2:1
100	418	4180	4280	2	1	2:1	2	1	2:1
100	419	4190	4290	2	1	2:1	2	1	2:1
100	420	4200	4300	2	1	2:1	2	1	2:1
100	421	4210	4310	2	1	2:1	2	1	2:1
100	422	4220	4320	2	1	2:1	2	1	2:1
100	423	4230	4330	2	0.98	1:0.02,2:0.98	2	0.98	1:0.02,2:0.98
100	424	4240	4340	2	0.88	1:0.12,2:0.88	2	0.88	1:0.12,2:0.88
100	425	4250	4350	2	0.78	1:0.22,2:0.78	2	0.78	1:0.22,2:0.78
100	426	4260	4360	2	0.68	1:0.32,2:0.68	2	0.68	1:0.32,2:0.68
100	427	4270	4370	2	0.58	1:0.42,2:0.58	2	0.58	1:0.42,2:0.58
100	428	4280	4380	1	0.52	1:0.52,2:0.48	1	0.52	1:0.52,2:0.48
100	429	4290	4390	1	0.62	1:0.62,2:0.38	1	0.62	1:0.62,2:0.38
100	430	4300	4400	1	0.72	1:0.72,2:0.28	1	0.72	1:0.72,2:0.28
100	431	4310	4410	1	0.82	1:0.82,2:0.18	1	0.82	1:0.82,2:0.18
100	432	4320	4420	1	0.92	1:0.92,2:0.08	1	0.92	1:0.92,2:0.08
100	433	4330	4430	1	1	1:1	1	1	1:1
100	434	4340	4440	1	1	1:1	1	1	1:1
100	435	4350	4450	1	1	1:1	1	1	1:1
100	436	4360	4460	1	1	1:1	1	1	1:1
100	437	4370	4470	1	1	1:1	1	1	1:1
100	438	4380	4480	1	1	1:1	1	1	1:1
100	439	4390	4490	1	1	1:1	1	1	1:1
100	440	4400	4500	1	1	1:1	1	1	1:1
100	441	4410	4510	1	1	1:1	1	1	1:1
100	442	4420	4520	1	1	1:1	1	1	1:1
100	443	4430	4530	1	1	1:1	1	1	1:1
100	444	4440	4540	1	1	1:1	1	1	1:1
100	445	4450	4550	1	1	1:1	1	1	1:1
100	446	4460	4560	1	1	1:1	1	1	1:1
100	447	4470	4570	1	1	1:1	1	1	1:1
100	448	4480	4580	1	1	1:1	1	1	1:1
100	449	4490	4590	1	1	1:1	1	1	1:1
100	450	4500	4600	1	1	1:1	1	1	1:1
100	451	4510	4610	1	1	1:1	1	1	1:1
100	452	4520	4620	1	1	1:1	1	1	1:1
100	453	4530	4630	1	1	1:1	1	1	1:1
100	454	4540	4640	1	1	1:1	1	1	1:1
100	455	4550	4650	1	1	1:1	1	1	1:1
100	456	4560	4660	1	1	1:1	1	1	1:1
100	457	4570	4670	1	1	1:1	1	1	1:1
100	458	4580	4680	1	1	1:1	1	1	1:1
100	459	4590	4690	1	1	1:1	1	1	1:1
100	460	4600	4700	1	1	1:1	1	1	1:1
100	461	4610	4710	1	1	1:1	1	1	1:1
100	462	4620	4720	1	1	1:1	1	1	1:1
100	463	4630	4730	1	1	1:1	1	1	1:1
100	464	4640	4740	1	1	1:1	1	1	1:1
100	465	4650	4750	1	1	1:1	1	1	1:1
100	466	4660	4760	1	1	1:1	1	1	1:1
100	467	4670	4770	1	1	1:1	1	1	1:1
100	468	4680	4780	1	1	1:1	1	1	1:1
100	469	4690	4790	1	1	1:1	1	1	1:1
100	470	4700	4800	1	1	1:1	1	1	1:1
100	471	4710	4810	1	1	1:1	1	1	1:1
100	472	4720	4820	1	1	1:1	1	1	1:1
100	473	4730	4830	1	1	1:1	1	1	1:1
100	474	4740	4840	1	1	1:1	1	1	1:1
100	475	4750	4850	1	1	1:1	1	1	1:1
100	476	4760	4860	1	1	1:1	1	1	1:1
100	477	4770	4870	1	1	1:1	1	1	1:1
100	478	4780	4880	1	1	1:1	1	1	1:1
100	479	4790	4890	1	1	1:1	1	1	1:1
100	480	4800	4900	1	1	1:1	1	1	1:1
100	481	4810	4910	1	1	1:1	1	1	1:1
100	482	4820	4920	1	1	1:1	1	1	1:1
100	483	4830	4930	1	1	1:1	1	1	1:1
100	484	4840	4940	1	1	1:1	1	1	1:1
100	485	4850	4950	1	0.9	1:0.9,2:0.1	1	0.9	1:0.9,2:0.1
100	486	4860	4960	1	0.8	1:0.8,2:0.2	1	0.8	1:0.8,2:0.2
100	487	4870	4970	1	0.7	1:0.7,2:0.3	1	0.7	1:0.7,2:0.3
100	488	4880	4980	1	0.6	1:0.6,2:0.4	1	0.6	1:0.6,2:0.4
100	489	4890	4990	1	0.5	1:0.5,2:0.5	1	0.5	1:0.5,2:0.5
100	490	4900	5000	2	0.6	1:0.4,2:0.6	2	0.6	1:0.4,2:0.6
100	491	4910	5010	2	0.7	1:0.3,2:0.7	2	0.7	1:0.3,2:0.7
100	492	4920	5020	2	0.8	1:0.2,2:0.8	2	0.8	1:0.2,2:0.8
100	493	4930	5030	2	0.9	1:0.1,2:0.9	2	0.9	1:0.1,2:0.9
100	494	4940	5040	2	1	2:1	2	1	2:1
100	495	4950	5050	2	1	2:1	2	1	2:1
100	496	4960	5060	2	1	2:1	2	1	2:1
100	497	4970	5070	2	1	2:1	2	1	2:1
100	498	4980	5080	2	1	2:1	2	1	2:1
100	499	4990	5090	2	1	2:1	2	1	2:1
100	500	5000	5100	2	1	2:1	2	1	2:1
100	501	5010	5110	2	1	2:1	2	1	2:1
100	502	5020	5120	2	1	2:1	2	1	2:1
100	503	5030	5130	2	1	2:1	2	1	2:1
100	504	5040	5140	2	1	2:1	2	1	2:1
100	505	5050	5150	2	1	2:1	2	1	2:1
100	506	5060	5160	2	0.93	1:0.07,2:0.93	2	0.93	1:0.07,2:0.93
100	507	5070	5170	2	0.83	1:0.17,2:0.83	2	0.83	1:0.17,2:0.83
100	508	5080	5180	2	0.73	1:0.27,2:0.73	2	0.73	1:0.27,2:0.73
100	509	5090	5190	2	0.63	1:0.37,2:0.63	2	0.63	1:0.37,2:0.63
100	510	5100	5200	2	0.53	1:0.47,2:0.53	2	0.53	1:0.47,2:0.53
100	511	5110	5210	1	0.57	1:0.57,2:0.43	1	0.57	1:0.57,2:0.43
100	512	5120	5220	1	0.67	1:0.67,2:0.33	1	0.67	1:0.67,2:0.33
100	513	5130	5230	1	0.77	1:0.77,2:0.23	1	0.77	1:0.77,2:0.23
100	514	5140	5240	1	0.87	1:0.87,2:0.13	1	0.87	1:0.87,2:0.13
100	515	5150	5250	1	0.97	1:0.97,2:0.03	1	0.97	1:0.97,2:0.03
100	516	5160	5260	1	1	1:1	1	1	1:1
100	517	5170	5270	1	1	1:1	1	1	1:1
100	518	5180	5280	1	1	1:1	1	1	1:1
100	519	5190	5290	1	1	1:1	1	1	1:1
100	520	5200	5300	1	1	1:1	1	1	1:1
100	521	5210	5310	1	1	1:1	1	1	1:1
100	522	5220	5320	1	0.98	1:0.98,2:0.02	1	0.98	1:0.98,2:0.02
100	523	5230	5330	1	0.88	1:0.88,2:0.12	1	0.88	1:0.88,2:0.12
100	524	5240	5340	1	0.78	1:0.78,2:0.22	1	0.78	1:0.78,2:0.22
100	525	5250	5350	1	0.68	1:0.68,2:0.32	1	0.68	1:0.68,2:0.32
100	526	5260	5360	1	0.58	1:0.58,2:0.42	1	0.58	1:0.58,2:0.42
100	527	5270	5370	2	0.52	1:0.48,2:0.52	2	0.52	1:0.48,2:0.52
100	528	5280	5380	2	0.62	1:0.38,2:0.62	2	0.62	1:0.38,2:0.62
100	529	5290	5390	2	0.72	1:0.28,2:0.72	2	0.72	1:0.28,2:0.72
100	530	5300	5400	2	0.82	1:0.18,2:0.82	2	0.82	1:0.18,2:0.82
100	531	5310	5410	2	0.92	1:0.08,2:0.92	2	0.92	1:0.08,2:0.92
100	532	5320	5420	2	1	2:1	2	1	2:1
100	533	5330	5430	2	1	2:1	2	1	2:1
100	534	5340	5440	2	1	2:1	2	1	2:1
100	535	5350	5450	2	1	2:1	2	1	2:1
100	536	5360	5460	2	1	2:1	2	1	2:1
100	537	5370	5470	2	1	2:1	2	1	2:1
100	538	5380	5480	2	1	2:1	2	1	2:1
100	539	5390	5490	2	1	2:1	2	1	2:1
100	540	5400	5500	2	1	2:1	2	1	2:1
100	541	5410	5510	2	1	2:1	2	1	2:1
100	542	5420	5520	2	1	2:1	2	1	2:1
100	543	5430	5530	2	1	2:1	2	1	2:1
100	544	5440	5540	2	1	2:1	2	1	2:1
100	545	5450	5550	2	1	2:1	2	1	2:1
100	546	5460	5560	2	1	2:1	2	1	2:1
100	547	5470	5570	2	1	2:1	2	1	2:1
100	548	5480	5580	2	1	2:1	2	1	2:1
100	549	5490	5590	2	1	2:1	2	1	2:1
100	550	5500	5600	2	1	2:1	2	1	2:1
100	551	5510	5610	2	1	2:1	2	1	2:1
100	552	5520	5620	2	1	2:1	2	1	2:1
100	553	5530	5630	2	1	2:1	2	1	2:1
100	554	5540	5640	2	1	2:1	2	1	2:1
100	555	5550	5650	2	1	2:1	2	1	2:1
100	556	5560	5660	2	1	2:1	2	1	2:1
100	557	5570	5670	2	1	2:1	2	1	2:1
100	558	5580	5680	2	1	2:1	2	1	2:1
100	559	5590	5690	2	1	2:1	2	1	2:1
100	560	5600	5700	2	1	2:1	2	1	2:1
100	561	5610	5710	2	1	2:1	2	1	2:1
100	562	5620	5720	2	1	2:1	2	1	2:1
100	563	5630	5730	2	1	2:1	2	1	2:1
100	564	5640	5740	2	1	2:1	2	1	2:1
100	565	5650	5750	2	1	2:1	2	1	2:1
100	566	5660	5760	2	1	2:1	2	1	2:1
100	567	5670	5770	2	1	2:1	2	1	2:1
100	568	5680	5780	2	0.92	1:0.08,2:0.92	2	0.92	1:0.08,2:0.92
100	569	5690	5790	2	0.82	1:0.18,2:0.82	2	0.82	1:0.18,2:0.82
100	570	5700	5800	2	0.72	1:0.28,2:0.72	2	0.72	1:0.28,2:0.72
100	571	5710	5810	2	0.62	1:0.38,2:0.62	2	0.62	1:0.38,2:0.62
100	572	5720	5820	2	0.52	1:0.48,2:0.52	2	0.52	1:0.48,2:0.52
100	573	5730	5830	1	0.58	1:0.58,2:0.42	1	0.58	1:0.58,2:0.42
100	574	5740	5840	1	0.68	1:0.68,2:0.32	1	0.68	1:0.68,2:0.32
100	575	5750	5850	1	0.78	1:0.78,2:0.22	1	0.78	1:0.78,2:0.22
100	576	5760	5860	1	0.88	1:0.88,2:0.12	1	0.88	1:0.88,2:0.12
100	577	5770	5870	1	0.98	1:0.98,2:0.02	1	0.98	1:0.98,2:0.02
100	578	5780	5880	1	1	1:1	1	1	1:1
100	579	5790	5890	1	1	1:1	1	1	1:1
100	580	5800	5900	1	1	1:1	1	1	1:1
100	581	5810	5910	1	1	1:1	1	1	1:1
100	582	5820	5920	1	1	1:1	1	1	1:1
100	583	5830	5930	1	1	1:1	1	1	1:1
100	584	5840	5940	1	1	1:1	1	1	1:1
100	585	5850	5950	1	1	1:1	1	1	1:1
100	586	5860	5960	1	1	1:1	1	1	1:1
100	587	5870	5970	1	1	1:1	1	1	1:1
100	588	5880	5980	1	1	1:1	1	1	1:1
100	589	5890	5990	1	1	1:1	1	1	1:1
100	590	5900	6000	1	1	1:1	1	1	1:1
100	591	5910	6010	1	1	1:1	1	1	1:1
100	592	5920	6020	1	1	1:1	1	1	1:1
100	593	5930	6030	1	1	1:1	1	1	1:1
100	594	5940	6040	1	1	1:1	1	1	1:1
100	595	5950	6050	1	1	1:1	1	1	1:1
100	596	5960	6060	1	1	1:1	1	1	1:1
100	597	5970	6070	1	1	1:1	1	1	1:1
100	598	5980	6080	1	1	1:1	1	1	1:1
100	599	5990	6090	1	1	1:1	1	1	1:1
100	600	6000	6100	1	1	1:1	1	1	1:1
100	601	6010	6110	1	1	1:1	1	1	1:1
100	602	6020	6120	1	1	1:1	1	1	1:1
100	603	6030	6130	1	1	1:1	1	1	1:1
100	604	6040	6140	1	1	1:1	1	1	1:1
100	605	6050	6150	1	1	1:1	1	1	1:1
100	606	6060	6160	1	1	1:1	1	1	1:1
100	607	6070	6170	1	1	1:1	1	1	1:1
100	608	6080	6180	1	1	1:1	1	1	1:1
100	609	6090	6190	1	1	1:1	1	1	1:1
100	610	6100	6200	1	1	1:1	1	1	1:1
100	611	6110	6210	1	1	1:1	1	1	1:1
100	612	6120	6220	1	1	1:1	1	1	1:1
100	613	6130	6230	1	1	1:1	1	1	1:1
100	614	6140	6240	1	1	1:1	1	1	1:1
100	615	6150	6250	1	1	1:1	1	1	1:1
100	616	6160	6260	1	1	1:1	1	1	1:1
100	617	6170	6270	1	1	1:1	1	1	1:1
100	618	6180	6280	1	1	1:1	1	1	1:1
100	619	6190	6290	1	1	1:1	1	1	1:1
100	620	6200	6300	1	1	1:1	1	1	1:1
100	621	6210	6310	1	1	1:1	1	1	1:1
100	622	6220	6320	1	1	1:1	1	1	1:1
100	623	6230	6330	1	1	1:1	1	1	1:1
100	624	6240	6340	1	1	1:1	1	1	1:1
100	625	6250	6350	1	1	1:1	1	1	1:1
100	626	6260	6360	1	1	1:1	1	1	1:1
100	627	6270	6370	1	1	1:1	1	1	1:1
100	628	6280	6380	1	0.95	1:0.95,2:0.05	1	0.95	1:0.95,2:0.05
100	629	6290	6390	1	0.85	1:0.85,2:0.15	1	0.85	1:0.85,2:0.15
100	630	6300	6400	1	0.75	1:0.75,2:0.25	1	0.75	1:0.75,2:0.25
100	631	6310	6410	1	0.65	1:0.65,2:0.35	1	0.65	1:0.65,2:0.35
100	632	6320	6420	1	0.55	1:0.55,2:0.45	1	0.55	1:0.55,2:0.45
100	633	6330	6430	2	0.55	1:0.45,2:0.55	2	0.55	1:0.45,2:0.55
100	634	6340	6440	2	0.65	1:0.35,2:0.65	2	0.65	1:0.35,2:0.65
100	635	6350	6450	2	0.75	1:0.25,2:0.75	2	0.75	1:0.25,2:0.75
100	636	6360	6460	2	0.85	1:0.15,2:0.85	2	0.85	1:0.15,2:0.85
100	637	6370	6470	2	0.95	1:0.05,2:0.95	2	0.95	1:0.05,2:0.95
100	638	6380	6480	2	1	2:1	2	1	2:1
100	639	6390	6490	2	1	2:1	2	1	2:1
100	640	6400	6500	2	1	2:1	2	1	2:1
100	641	6410	6510	2	1	2:1	2	1	2:1
100	642	6420	6520	2	1	2:1	2	1	2:1
100	643	6430	6530	2	1	2:1	2	1	2:1
100	644	6440	6540	2	1	2:1	2	1	2:1
100	645	6450	6550	2	1	2:1	2	1	2:1
100	646	6460	6560	2	1	2:1	2	1	2:1
100	647	6470	6570	2	1	2:1	2	1	2:1
100	648	6480	6580	2	1	2:1	2	1	2:1
100	649	6490	6590	2	1	2:1	2	1	2:1
100	650	6500	6600	2	1	2:1	2	1	2:1
100	651	6510	6610	2	1	2:1	2	1	2:1
100	652	6520	6620	2	1	2:1	2	1	2:1
100	653	6530	6630	2	1	2:1	2	1	2:1
100	654	6540	6640	2	1	2:1	2	1	2:1
100	655	6550	6650	2	1	2:1	2	1	2:1
100	656	6560	6660	2	1	2:1	2	1	2:1
100	657	6570	6670	2	1	2:1	2	1	2:1
100	658	6580	6680	2	1	2:1	2	1	2:1
100	659	6590	6690	2	1	2:1	2	1	2:1
100	660	6600	6700	2	1	2:1	2	1	2:1
100	661	6610	6710	2	1	2:1	2	1	2:1
100	662	6620	6720	2	1	2:1	2	1	2:1
100	663	6630	6730	2	1	2:1	2	1	2:1
100	664	6640	6740	2	1	2:1	2	1	2:1
100	665	6650	6750	2	1	2:1	2	1	2:1
100	666	6660	6760	2	1	2:1	2	1	2:1
100	667	6670	6770	2	1	2:1	2	1	2:1
100	668	6680	6780	2	1	2:1	2	1	2:1
100	669	6690	6790	2	1	2:1	2	1	2:1
100	670	6700	6800	2	1	2:1	2	1	2:1
100	671	6710	6810	2	1	2:1	2	1	2:1
100	672	6720	6820	2	1	2:1	2	1	2:1
100	673	6730	6830	2	1	2:1	2	1	2:1
100	674	6740	6840	2	1	2:1	2	1	2:1
100	675	6750	6850	2	1	2:1	2	1	2:1
100	676	6760	6860	2	1	2:1	2	1	2:1
100	677	6770	6870	2	1	2:1	2	1	2:1
100	678	6780	6880	2	1	2:1	2	1	2:1
100	679	6790	6890	2	1	2:1	2	0.96	2:0.96,5:0.04
100	680	6800	6900	2	1	2:1	2	0.86	2:0.86,5:0.14
100	681	6810	6910	2	1	2:1	2	0.76	2:0.76,5:0.24
100	682	6820	6920	2	1	2:1	2	0.66	2:0.66,5:0.34
100	683	6830	6930	2	1	2:1	2	0.56	2:0.56,5:0.44
100	684	6840	6940	2	1	2:1	5	0.54	2:0.46,5:0.54
100	685	6850	6950	2	1	2:1	5	0.64	2:0.36,5:0.64
100	686	6860	6960	2	1	2:1	5	0.74	2:0.26,5:0.74
100	687	6870	6970	2	1	2:1	5	0.84	2:0.16,5:0.84
100	688	6880	6980	2	1	2:1	5	0.94	2:0.06,5:0.94
100	689	6890	6990	2	1	2:1	5	1	5:1
100	690	6900	7000	2	1	2:1	5	1	5:1
100	691	6910	7010	2	1	2:1	5	1	5:1
100	692	6920	7020	2	1	2:1	5	1	5:1
100	693	6930	7030	2	1	2:1	5	1	5:1
100	694	6940	7040	2	1	2:1	5	1	5:1
100	695	6950	7050	2	0.99	1:0.01,2:0.99	5	0.99	1:0.01,5:0.99
100	696	6960	7060	2	0.89	1:0.11,2:0.89	5	0.89	1:0.11,5:0.89
100	697	6970	7070	2	0.79	1:0.21,2:0.79	5	0.79	1:0.21,5:0.79
100	698	6980	7080	2	0.69	1:0.31,2:0.69	5	0.69	1:0.31,5:0.69
100	699	6990	7090	2	0.59	1:0.41,2:0.59	5	0.59	1:0.41,5:0.59
100	700	7000	7100	1	0.51	1:0.51,2:0.49	1	0.51	1:0.51,5:0.49
100	701	7010	7110	1	0.61	1:0.61,2:0.39	1	0.61	1:0.61,5:0.39
100	702	7020	7120	1	0.71	1:0.71,2:0.29	1	0.71	1:0.71,5:0.29
100	703	7030	7130	1	0.81	1:0.81,2:0.19	1	0.81	1:0.81,5:0.19
100	704	7040	7140	1	0.91	1:0.91,2:0.09	1	0.91	1:0.91,5:0.09
100	705	7050	7150	1	1	1:1	1	1	1:1
100	706	7060	7160	1	1	1:1	1	1	1:1
100	707	7070	7170	1	1	1:1	1	1	1:1
100	708	7080	7180	1	1	1:1	1	1	1:1
100	709	7090	7190	1	1	1:1	1	1	1:1
100	710	7100	7200	1	1	1:1	1	1	1:1
100	711	7110	7210	1	1	1:1	1	1	1:1
100	712	7120	7220	1	1	1:1	1	1	1:1
100	713	7130	7230	1	1	1:1	1	1	1:1
100	714	7140	7240	1	1	1:1	1	1	1:1
100	715	7150	7250	1	1	1:1	1	1	1:1
100	716	7160	7260	1	1	1:1	1	1	1:1
100	717	7170	7270	1	1	1:1	1	1	1:1
100	718	7180	7280	1	1	1:1	1	1	1:1
100	719	7190	7290	1	1	1:1	1	1	1:1
100	720	7200	7300	1	1	1:1	1	1	1:1
100	721	7210	7310	1	0.96	1:0.96,2:0.04	1	0.96	1:0.96,2:0.04
100	722	7220	7320	1	0.86	1:0.86,2:0.14	1	0.86	1:0.86,2:0.14
100	723	7230	7330	1	0.76	1:0.76,2:0.24	1	0.76	1:0.76,2:0.24
100	724	7240	7340	1	0.66	1:0.66,2:0.34	1	0.66	1:0.66,2:0.34
100	725	7250	7350	1	0.56	1:0.56,2:0.44	1	0.56	1:0.56,2:0.44
100	726	7260	7360	2	0.54	1:0.46,2:0.54	2	0.54	1:0.46,2:0.54
100	727	7270	7370	2	0.64	1:0.36,2:0.64	2	0.64	1:0.36,2:0.64
100	728	7280	7380	2	0.74	1:0.26,2:0.74	2	0.74	1:0.26,2:0.74
100	729	7290	7390	2	0.84	1:0.16,2:0.84	2	0.84	1:0.16,2:0.84
100	730	7300	7400	2	0.94	1:0.06,2:0.94	2	0.94	1:0.06,2:0.94
100	731	7310	7410	2	1	2:1	2	1	2:1
100	732	7320	7420	2	1	2:1	2	1	2:1
100	733	7330	7430	2	1	2:1	2	1	2:1
100	734	7340	7440	2	1	2:1	2	1	2:1
100	735	7350	7450	2	1	2:1	2	1	2:1
100	736	7360	7460	2	1	2:1	2	1	2:1
100	737	7370	7470	2	1	2:1	2	1	2:1
100	738	7380	7480	2	1	2:1	2	1	2:1
100	739	7390	7490	2	1	2:1	2	1	2:1
100	740	7400	7500	2	1	2:1	2	1	2:1
100	741	7410	7510	2	1	2:1	2	1	2:1
100	742	7420	7520	2	1	2:1	2	1	2:1
100	743	7430	7530	2	1	2:1	2	1	2:1
100	744	7440	7540	2	1	2:1	2	1	2:1
100	745	7450	7550	2	1	2:1	2	1	2:1
100	746	7460	7560	2	1	2:1	2	1	2:1
100	747	7470	7570	2	1	2:1	2	1	2:1
100	748	7480	7580	2	1	2:1	2	1	2:1
100	749	7490	7590	2	1	2:1	2	1	2:1
100	750	7500	7600	2	1	2:1	2	1	2:1
100	751	7510	7610	2	1	2:1	2	1	2:1
100	752	7520	7620	2	0.9	1:0.1,2:0.9	2	0.9	1:0.1,2:0.9
100	753	7530	7630	2	0.8	1:0.2,2:0.8	2	0.8	1:0.2,2:0.8
100	754	7540	7640	2	0.7	1:0.3,2:0.7	2	0.7	1:0.3,2:0.7
100	755	7550	7650	2	0.6	1:0.4,2:0.6	2	0.6	1:0.4,2:0.6
100	756	7560	7660	1	0.5	1:0.5,2:0.5	1	0.5	1:0.5,2:0.5
100	757	7570	7670	1	0.6	1:0.6,2:0.4	1	0.6	1:0.6,2:0.4
100	758	7580	7680	1	0.7	1:0.7,2:0.3	1	0.7	1:0.7,2:0.3
100	759	7590	7690	1	0.8	1:0.8,2:0.2	1	0.8	1:0.8,2:0.2
100	760	7600	7700	1	0.9	1:0.9,2:0.1	1	0.9	1:0.9,2:0.1
100	761	7610	7710	1	1	1:1	1	1	1:1
100	762	7620	7720	1	1	1:1	1	1	1:1
100	763	7630	7730	1	1	1:1	1	1	1:1
100	764	7640	7740	1	1	1:1	1	1	1:1
100	765	7650	7750	1	1	1:1	1	1	1:1
100	766	7660	7760	1	1	1:1	1	1	1:1
100	767	7670	7770	1	1	1:1	1	1	1:1
100	768	7680	7780	1	1	1:1	1	1	1:1
100	769	7690	7790	1	1	1:1	1	1	1:1
100	770	7700	7800	1	1	1:1	1	1	1:1
100	771	7710	7810	1	1	1:1	1	1	1:1
100	772	7720	7820	1	1	1:1	1	1	1:1
100	773	7730	7830	1	1	1:1	1	1	1:1
100	774	7740	7840	1	1	1:1	1	1	1:1
100	775	7750	7850	1	1	1:1	1	1	1:1
100	776	7760	7860	1	1	1:1	1	1	1:1
100	777	7770	7870	1	1	1:1	1	1	1:1
100	778	7780	7880	1	1	1:1	1	1	1:1
100	779	7790	7890	1	1	1:1	1	1	1:1
100	780	7800	7900	1	1	1:1	1	1	1:1
100	781	7810	7910	1	1	1:1	1	1	1:1
100	782	7820	7920	1	1	1:1	1	1	1:1
100	783	7830	7930	1	1	1:1	1	1	1:1
100	784	7840	7940	1	1	1:1	1	1	1:1
100	785	7850	7950	1	1	1:1	1	1	1:1
100	786	7860	7960	1	0.98	1:0.98,2:0.02	1	0.98	1:0.98,2:0.02
100	787	7870	7970	1	0.88	1:0.88,2:0.12	1	0.88	1:0.88,2:0.12
100	788	7880	7980	1	0.78	1:0.78,2:0.22	1	0.78	1:0.78,2:0.22
100	789	7890	7990	1	0.68	1:0.68,2:0.32	1	0.68	1:0.68,2:0.32
100	790	7900	8000	1	0.58	1:0.58,2:0.42	1	0.58	1:0.58,2:0.42
100	791	7910	8010	2	0.52	1:0.48,2:0.52	2	0.52	1:0.48,2:0.52
100	792	7920	8020	2	0.62	1:0.38,2:0.62	2	0.62	1:0.38,2:0.62
100	793	7930	8030	2	0.72	1:0.28,2:0.72	2	0.72	1:0.28,2:0.72
100	794	7940	8040	2	0.82	1:0.18,2:0.82	2	0.82	1:0.18,2:0.82
100	795	7950	8050	2	0.92	1:0.08,2:0.92	2	0.92	1:0.08,2:0.92
100	796	7960	8060	2	1	2:1	2	1	2:1
100	797	7970	8070	2	1	2:1	2	1	2:1
100	798	7980	8080	2	1	2:1	2	1	2:1
100	799	7990	8090	2	1	2:1	2	1	2:1
100	800	8000	8100	2	1	2:1	2	1	2:1
100	801	8010	8110	2	1	2:1	2	1	2:1
100	802	8020	8120	2	1	2:1	2	1	2:1
100	803	8030	8130	2	1	2:1	2	1	2:1
100	804	8040	8140	2	1	2:1	2	1	2:1
100	805	8050	8150	2	1	2:1	2	1	2:1
100	806	8060	8160	2	1	2:1	2	1	2:1
100	807	8070	8170	2	1	2:1	2	1	2:1
100	808	8080	8180	2	1	2:1	2	1	2:1
100	809	8090	8190	2	1	2:1	2	1	2:1
100	810	8100	8200	2	1	2:1	2	1	2:1
100	811	8110	8210	2	1	2:1	2	1	2:1
100	812	8120	8220	2	1	2:1	2	1	2:1
100	813	8130	8230	2	1	2:1	2	1	2:1
100	814	8140	8240	2	0.92	1:0.08,2:0.92	2	0.92	1:0.08,2:0.92
100	815	8150	8250	2	0.82	1:0.18,2:0.82	2	0.82	1:0.18,2:0.82
100	816	8160	8260	2	0.72	1:0.28,2:0.72	2	0.72	1:0.28,2:0.72
100	817	8170	8270	2	0.62	1:0.38,2:0.62	2	0.62	1:0.38,2:0.62
100	818	8180	8280	2	0.52	1:0.48,2:0.52	2	0.52	1:0.48,2:0.52
100	819	8190	8290	1	0.58	1:0.58,2:0.42	1	0.58	1:0.58,2:0.42
100	820	8200	8300	1	0.68	1:0.68,2:0.32	1	0.68	1:0.68,2:0.32
100	821	8210	8310	1	0.78	1:0.78,2:0.22	1	0.78	1:0.78,2:0.22
100	822	8220	8320	1	0.88	1:0.88,2:0.12	1	0.88	1:0.88,2:0.12
100	823	8230	8330	1	0.98	1:0.98,2:0.02	1	0.98	1:0.98,2:0.02
100	824	8240	8340	1	1	1:1	1	1	1:1
100	825	8250	8350	1	1	1:1	1	1	1:1
100	826	8260	8360	1	1	1:1	1	1	1:1
100	827	8270	8370	1	1	1:1	1	1	1:1
100	828	8280	8380	1	1	1:1	1	1	1:1
100	829	8290	8390	1	1	1:1	1	1	1:1
100	830	8300	8400	1	0.93	1:0.93,2:0.07	1	0.93	1:0.93,5:0.07
100	831	8310	8410	1	0.83	1:0.83,2:0.17	1	0.83	1:0.83,5:0.17
100	832	8320	8420	1	0.73	1:0.73,2:0.27	1	0.73	1:0.73,5:0.27
100	833	8330	8430	1	0.63	1:0.63,2:0.37	1	0.63	1:0.63,5:0.37
100	834	8340	8440	1	0.53	1:0.53,2:0.47	1	0.53	1:0.53,5:0.47
100	835	8350	8450	2	0.57	1:0.43,2:0.57	5	0.57	1:0.43,5:0.57
100	836	8360	8460	2	0.67	1:0.33,2:0.67	5	0.67	1:0.33,5:0.67
100	837	8370	8470	2	0.77	1:0.23,2:0.77	5	0.77	1:0.23,5:0.77
100	838	8380	8480	2	0.87	1:0.13,2:0.87	5	0.87	1:0.13,5:0.87
100	839	8390	8490	2	0.97	1:0.03,2:0.97	5	0.97	1:0.03,5:0.97
100	840	8400	8500	2	1	2:1	5	1	5:1
100	841	8410	8510	2	1	2:1	5	1	5:1
100	842	8420	8520	2	1	2:1	5	1	5:1
100	843	8430	8530	2	1	2:1	5	1	5:1
100	844	8440	8540	2	1	2:1	5	1	5:1
100	845	8450	8550	2	1	2:1	5	1	5:1
100	846	8460	8560	2	1	2:1	5	1	5:1
100	847	8470	8570	2	1	2:1	5	1	5:1
100	848	8480	8580	2	1	2:1	5	1	5:1
100	849	8490	8590	2	1	2:1	5	1	5:1
100	850	8500	8600	2	1	2:1	5	1	5:1
100	851	8510	8610	2	1	2:1	5	1	5:1
100	852	8520	8620	2	0.9	1:0.1,2:0.9	5	0.9	1:0.1,5:0.9
100	853	8530	8630	2	0.8	1:0.2,2:0.8	5	0.8	1:0.2,5:0.8
100	854	8540	8640	2	0.7	1:0.3,2:0.7	5	0.7	1:0.3,5:0.7
100	855	8550	8650	2	0.6	1:0.4,2:0.6	5	0.6	1:0.4,5:0.6
100	856	8560	8660	1	0.5	1:0.5,2:0.5	1	0.5	1:0.5,5:0.5
100	857	8570	8670	1	0.6	1:0.6,2:0.4	1	0.6	1:0.6,5:0.4
100	858	8580	8680	1	0.7	1:0.7,2:0.3	1	0.7	1:0.7,5:0.3
100	859	8590	8690	1	0.8	1:0.8,2:0.2	1	0.8	1:0.8,5:0.2
100	860	8600	8700	1	0.9	1:0.9,2:0.1	1	0.9	1:0.9,5:0.1
100	861	8610	8710	1	1	1:1	1	1	1:1
100	862	8620	8720	1	1	1:1	1	1	1:1
100	863	8630	8730	1	1	1:1	1	1	1:1
100	864	8640	8740	1	1	1:1	1	1	1:1
100	865	8650	8750	1	1	1:1	1	1	1:1
100	866	8660	8760	1	1	1:1	1	1	1:1
100	867	8670	8770	1	1	1:1	1	1	1:1
100	868	8680	8780	1	1	1:1	1	1	1:1
100	869	8690	8790	1	1	1:1	1	1	1:1
100	870	8700	8800	1	1	1:1	1	1	1:1
100	871	8710	8810	1	1	1:1	1	1	1:1
100	872	8720	8820	1	1	1:1	1	1	1:1
100	873	8730	8830	1	1	1:1	1	1	1:1
100	874	8740	8840	1	1	1:1	1	1	1:1
100	875	8750	8850	1	1	1:1	1	1	1:1
100	876	8760	8860	1	1	1:1	1	1	1:1
100	877	8770	8870	1	1	1:1	1	1	1:1
100	878	8780	8880	1	1	1:1	1	1	1:1
100	879	8790	8890	1	1	1:1	1	1	1:1
100	880	8800	8900	1	0.93	1:0.93,2:0.07	1	0.93	1:0.93,2:0.07
100	881	8810	8910	1	0.83	1:0.83,2:0.17	1	0.83	1:0.83,2:0.17
100	882	8820	8920	1	0.73	1:0.73,2:0.27	1	0.73	1:0.73,2:0.27
100	883	8830	8930	1	0.63	1:0.63,2:0.37	1	0.63	1:0.63,2:0.37
100	884	8840	8940	1	0.53	1:0.53,2:0.47	1	0.53	1:0.53,2:0.47
100	885	8850	8950	2	0.57	1:0.43,2:0.57	2	0.57	1:0.43,2:0.57
100	886	8860	8960	2	0.67	1:0.33,2:0.67	2	0.67	1:0.33,2:0.67
100	887	8870	8970	2	0.77	1:0.23,2:0.77	2	0.77	1:0.23,2:0.77
100	888	8880	8980	2	0.87	1:0.13,2:0.87	2	0.87	1:0.13,2:0.87
100	889	8890	8990	2	0.97	1:0.03,2:0.97	2	0.97	1:0.03,2:0.97
100	890	8900	9000	2	1	2:1	2	1	2:1
100	891	8910	9010	2	1	2:1	2	1	2:1
100	892	8920	9020	2	1	2:1	2	1	2:1
100	893	8930	9030	2	1	2:1	2	1	2:1
100	894	8940	9040	2	1	2:1	2	1	2:1
100	895	8950	9050	2	1	2:1	2	1	2:1
100	896	8960	9060	2	1	2:1	2	1	2:1
100	897	8970	9070	2	1	2:1	2	1	2:1
100	898	8980	9080	2	1	2:1	2	1	2:1
100	899	8990	9090	2	0.96	1:0.04,2:0.96	2	0.96	1:0.04,2:0.96
100	900	9000	9100	2	0.86	1:0.14,2:0.86	2	0.86	1:0.14,2:0.86
100	901	9010	9110	2	0.76	1:0.24,2:0.76	2	0.76	1:0.24,2:0.76
100	902	9020	9120	2	0.66	1:0.34,2:0.66	2	0.66	1:0.34,2:0.66
100	903	9030	9130	2	0.56	1:0.44,2:0.56	2	0.56	1:0.44,2:0.56
100	904	9040	9140	1	0.54	1:0.54,2:0.46	1	0.54	1:0.54,2:0.46
100	905	9050	9150	1	0.64	1:0.64,2:0.36	1	0.64	1:0.64,2:0.36
100	906	9060	9160	1	0.74	1:0.74,2:0.26	1	0.74	1:0.74,2:0.26
100	907	9070	9170	1	0.84	1:0.84,2:0.16	1	0.84	1:0.84,2:0.16
100	908	9080	9180	1	0.94	1:0.94,2:0.06	1	0.94	1:0.94,2:0.06
100	909	9090	9190	1	1	1:1	1	1	1:1
100	910	9100	9200	1	1	1:1	1	1	1:1
100	911	9110	9210	1	1	1:1	1	1	1:1
100	912	9120	9220	1	1	1:1	1	1	1:1
100	913	9130	9230	1	1	1:1	1	1	1:1
100	914	9140	9240	1	1	1:1	1	1	1:1
100	915	9150	9250	1	1	1:1	1	1	1:1
100	916	9160	9260	1	1	1:1	1	1	1:1
100	917	9170	9270	1	1	1:1	1	1	1:1
100	918	9180	9280	1	1	1:1	1	1	1:1
100	919	9190	9290	1	1	1:1	1	1	1:1
100	920	9200	9300	1	1	1:1	1	1	1:1
100	921	9210	9310	1	1	1:1	1	1	1:1
100	922	9220	9320	1	1	1:1	1	1	1:1
100	923	9230	9330	1	1	1:1	1	1	1:1
100	924	9240	9340	1	1	1:1	1	1	1:1
100	925	9250	9350	1	1	1:1	1	1	1:1
100	926	9260	9360	1	1	1:1	1	1	1:1
100	927	9270	9370	1	1	1:1	1	1	1:1
100	928	9280	9380	1	1	1:1	1	1	1:1
100	929	9290	9390	1	1	1:1	1	1	1:1
100	930	9300	9400	1	1	1:1	1	1	1:1
100	931	9310	9410	1	1	1:1	1	1	1:1
100	932	9320	9420	1	1	1:1	1	1	1:1
100	933	9330	9430	1	1	1:1	1	1	1:1
100	934	9340	9440	1	1	1:1	1	1	1:1
100	935	9350	9450	1	1	1:1	1	1	1:1
100	936	9360	9460	1	1	1:1	1	1	1:1
100	937	9370	9470	1	1	1:1	1	1	1:1
100	938	9380	9480	1	1	1:1	1	1	1:1
100	939	9390	9490	1	1	1:1	1	1	1:1
100	940	9400	9500	1	1	1:1	1	1	1:1
100	941	9410	9510	1	1	1:1	1	1	1:1
100	942	9420	9520	1	1	1:1	1	1	1:1
100	943	9430	9530	1	1	1:1	1	1	1:1
100	944	9440	9540	1	1	1:1	1	1	1:1
100	945	9450	9550	1	1	1:1	1	1	1:1
100	946	9460	9560	1	1	1:1	1	1	1:1
100	947	9470	9570	1	1	1:1	1	1	1:1
100	948	9480	9580	1	1	1:1	1	1	1:1
100	949	9490	9590	1	1	1:1	1	1	1:1
100	950	9500	9600	1	1	1:1	1	1	1:1
100	951	9510	9610	1	1	1:1	1	1	1:1
100	952	9520	9620	1	1	1:1	1	1	1:1
100	953	9530	9630	1	1	1:1	1	1	1:1
100	954	9540	9640	1	1	1:1	1	1	1:1
100	955	9550	9650	1	1	1:1	1	1	1:1
100	956	9560	9660	1	1	1:1	1	1	1:1
100	957	9570	9670	1	1	1:1	1	1	1:1
100	958	9580	9680	1	1	1:1	1	1	1:1
100	959	9590	9690	1	1	1:1	1	1	1:1
100	960	9600	9700	1	1	1:1	1	1	1:1
100	961	9610	9710	1	1	1:1	1	1	1:1
100	962	9620	9720	1	1	1:1	1	1	1:1
100	963	9630	9730	1	1	1:1	1	1	1:1
100	964	9640	9740	1	1	1:1	1	1	1:1
100	965	9650	9750	1	0.91	1:0.91,2:0.09	1	0.91	1:0.91,2:0.09
100	966	9660	9760	1	0.81	1:0.81,2:0.19	1	0.81	1:0.81,2:0.19
100	967	9670	9770	1	0.71	1:0.71,2:0.29	1	0.71	1:0.71,2:0.29
100	968	9680	9780	1	0.61	1:0.61,2:0.39	1	0.61	1:0.61,2:0.39
100	969	9690	9790	1	0.51	1:0.51,2:0.49	1	0.51	1:0.51,2:0.49
100	970	9700	9800	2	0.59	1:0.41,2:0.59	2	0.59	1:0.41,2:0.59
100	971	9710	9810	2	0.69	1:0.31,2:0.69	2	0.69	1:0.31,2:0.69
100	972	9720	9820	2	0.79	1:0.21,2:0.79	2	0.79	1:0.21,2:0.79
100	973	9730	9830	2	0.89	1:0.11,2:0.89	2	0.89	1:0.11,2:0.89
100	974	9740	9840	2	0.99	1:0.01,2:0.99	2	0.99	1:0.01,2:0.99
100	975	9750	9850	2	1	2:1	2	1	2:1
100	976	9760	9860	2	1	2:1	2	1	2:1
100	977	9770	9870	2	1	2:1	2	1	2:1
100	978	9780	9880	2	1	2:1	2	1	2:1
100	979	9790	9890	2	1	2:1	2	1	2:1
100	980	9800	9900	2	1	2:1	2	1	2:1
100	981	9810	9910	2	1	2:1	2	1	2:1
100	982	9820	9920	2	1	2:1	2	1	2:1
100	983	9830	9930	2	1	2:1	2	1	2:1
100	984	9840	9940	2	1	2:1	2	1	2:1
100	985	9850	9950	2	1	2:1	2	1	2:1
100	986	9860	9960	2	1	2:1	2	1	2:1
100	987	9870	9970	2	1	2:1	2	1	2:1
100	988	9880	9980	2	0.9	1:0.1,2:0.9	2	0.9	1:0.1,2:0.9
100	989	9890	9990	2	0.8	1:0.2,2:0.8	2	0.8	1:0.2,2:0.8
100	990	9900	10000	2	0.7	1:0.3,2:0.7	2	0.7	1:0.3,2:0.7
100	991	9910	10010	2	0.6	1:0.4,2:0.6	2	0.6	1:0.4,2:0.6
100	992	9920	10020	1	0.5	1:0.5,2:0.5	1	0.5	1:0.5,2:0.5
100	993	9930	10030	1	0.6	1:0.6,2:0.4	1	0.6	1:0.6,2:0.4
100	994	9940	10040	1	0.7	1:0.7,2:0.3	1	0.7	1:0.7,2:0.3
100	995	9950	10050	1	0.8	1:0.8,2:0.2	1	0.8	1:0.8,2:0.2
100	996	9960	10060	1	0.9	1:0.9,2:0.1	1	0.9	1:0.9,2:0.1
100	997	9970	10070	1	1	1:1	1	1	1:1
100	998	9980	10080	1	1	1:1	1	1	1:1
100	999	9990	10090	1	1	1:1	1	1	1:1
100	1000	10000	10100	1	1	1:1	1	1	1:1
100	1001	10010	10110	1	1	1:1	1	1	1:1
100	1002	10020	10120	1	1	1:1	1	1	1:1
100	1003	10030	10130	1	1	1:1	1	1	1:1
100	1004	10040	10140	1	1	1:1	1	1	1:1
100	1005	10050	10150	1	1	1:1	1	1	1:1
100	1006	10060	10160	1	1	1:1	1	1	1:1
100	1007	10070	10170	1	0.94	1:0.94,2:0.06	1	0.94	1:0.94,5:0.06
100	1008	10080	10180	1	0.84	1:0.84,2:0.16	1	0.84	1:0.84,5:0.16
100	1009	10090	10190	1	0.74	1:0.74,2:0.26	1	0.74	1:0.74,5:0.26
100	1010	10100	10200	1	0.64	1:0.64,2:0.36	1	0.64	1:0.64,5:0.36
100	1011	10110	10210	1	0.54	1:0.54,2:0.46	1	0.54	1:0.54,5:0.46
100	1012	10120	10220	2	0.56	1:0.44,2:0.56	5	0.56	1:0.44,5:0.56
100	1013	10130	10230	2	0.66	1:0.34,2:0.66	5	0.66	1:0.34,5:0.66
100	1014	10140	10240	2	0.76	1:0.24,2:0.76	5	0.76	1:0.24,5:0.76
100	1015	10150	10250	2	0.86	1:0.14,2:0.86	5	0.86	1:0.14,5:0.86
100	1016	10160	10260	2	0.9560439560439561	1:0.04395604395604396,2:0.9560439560439561	5	0.87	1:0.13,5:0.87
100	1017	10170	10270	2	1	2:1	5	0.81	1:0.19,5:0.81
100	1018	10180	10280	2	1	2:1	5	0.71	1:0.29,5:0.71
100	1019	10190	10290	2	1	2:1	5	0.61	1:0.39,5:0.61
100	1020	10200	10300	2	1	2:1	5	0.51	1:0.49,5:0.51
100	1021	10210	10310	2	1	2:1	1	0.59	1:0.59,5:0.41
100	1022	10220	10320	2	1	2:1	1	0.69	1:0.69,5:0.31
100	1023	10230	10330	2	1	2:1	1	0.79	1:0.79,5:0.21
100	1024	10240	10340	2	1	2:1	1	0.89	1:0.89,5:0.11
100	1025	10250	10350	2	1	2:1	1	0.99	1:0.99,5:0.01
100	1026	10260	10360		0		1	1	1:1
100	1027	10270	10370		0		1	1	1:1
100	1028	10280	10380		0		1	1	1:1
100	1029	10290	10390		0		1	1	1:1
100	1030	10300	10400		0		1	1	1:1
100	1031	10310	10410		0		1	1	1:1
100	1032	10320	10420		0		1	1	1:1
100	1033	10330	10430		0		1	1	1:1
100	1034	10340	10440		0		1	1	1:1
100	1035	10350	10450		0		1	0.99	1:0.99,3:0.01
100	1036	10360	10460		0		1	0.89	1:0.89,3:0.11
100	1037	10370	10470		0		1	0.79	1:0.79,3:0.21
100	1038	10380	10480		0		1	0.69	1:0.69,3:0.31
100	1039	10390	10490		0		1	0.59	1:0.59,3:0.41
100	1040	10400	10500		0		3	0.51	1:0.49,3:0.51
100	1041	10410	10510		0		3	0.61	1:0.39,3:0.61
100	1042	10420	10520		0		3	0.71	1:0.29,3:0.71
100	1043	10430	10530		0		3	0.81	1:0.19,3:0.81
100	1044	10440	10540		0		3	0.91	1:0.09,3:0.91
100	1045	10450	10550		0		3	1	3:1
100	1046	10460	10560		0		3	1	3:1
100	1047	10470	10570		0		3	1	3:1
100	1048	10480	10580		0		3	1	3:1
100	1049	10490	10590		0		3	1	3:1
100	1050	10500	10600		0		3	1	3:1
100	1051	10510	10610		0		3	1	3:1
100	1052	10520	10620		0		3	1	3:1
100	1053	10530	10630		0		3	1	3:1
100	1054	10540	10640		0		3	1	3:1
100	1055	10550	10650		0		3	1	3:1
100	1056	10560	10660		0		3	1	3:1
100	1057	10570	10670		0		3	1	3:1
100	1058	10580	10680		0		3	1	3:1
100	1059	10590	10690		0		3	1	3:1
100	1060	10600	10700		0		3	1	3:1
100	1061	10610	10710		0		3	1	3:1
100	1062	10620	10720		0		3	1	3:1
100	1063	10630	10730		0		3	1	3:1
100	1064	10640	10740		0		3	1	3:1
100	1065	10650	10750		0		3	1	3:1
100	1066	10660	10760		0		3	1	3:1
100	1067	10670	10770		0		3	1	3:1
100	1068	10680	10780		0		3	1	3:1
100	1069	10690	10790		0		3	1	3:1
100	1070	10700	10800		0		3	1	3:1
100	1071	10710	10810		0		3	1	3:1
100	1072	10720	10820		0		3	1	3:1
100	1073	10730	10830		0		3	1	3:1
100	1074	10740	10840		0		3	1	3:1
100	1075	10750	10850		0		3	1	3:1
100	1076	10760	10860		0		3	1	3:1
100	1077	10770	10870		0		3	1	3:1
100	1078	10780	10880		0		3	1	3:1
100	1079	10790	10890		0		3	1	3:1
100	1080	10800	10900		0		3	1	3:1
100	1081	10810	10910		0		3	1	3:1
100	1082	10820	10920		0		3	1	3:1
100	1083	10830	10930		0		3	1	3:1
100	1084	10840	10940		0		3	1	3:1
100	1085	10850	10950		0		3	1	3:1
100	1086	10860	10960		0		3	1	3:1
100	1087	10870	10970		0		3	1	3:1
100	1088	10880	10980		0		3	1	3:1
100	1089	10890	10990		0		3	1	3:1
100	1090	10900	11000		0		3	1	3:1
100	1091	10910	11010		0		3	1	3:1
100	1092	10920	11020		0		3	1	3:1
100	1093	10930	11030		0		3	1	3:1
100	1094	10940	11040		0		3	1	3:1
100	1095	10950	11050		0		3	1	3:1
100	1096	10960	11060		0		3	1	3:1
100	1097	10970	11070		0		3	1	3:1
100	1098	10980	11080		0		3	1	3:1
100	1099	10990	11090		0		3	1	3:1
100	1100	11000	11100		0		3	1	3:1
100	1101	11010	11110		0		3	1	3:1
100	1102	11020	11120		0		3	1	3:1
100	1103	11030	11130		0		3	1	3:1
100	1104	11040	11140		0		3	1	3:1
100	1105	11050	11150		0		3	1	3:1
100	1106	11060	11160		0		3	1	3:1
100	1107	11070	11170		0		3	1	3:1
100	1108	11080	11180		0		3	1	3:1
100	1109	11090	11190		0		3	1	3:1
100	1110	11100	11200		0		3	1	3:1
100	1111	11110	11210		0		3	1	3:1
100	1112	11120	11220		0		3	1	3:1
100	1113	11130	11230		0		3	1	3:1
100	1114	11140	11240		0		3	1	3:1
100	1115	11150	11250		0		3	1	3:1
100	1116	11160	11260		0		3	0.9	3:0.9,5:0.1
100	1117	11170	11270		0		3	0.8	3:0.8,5:0.2
100	1118	11180	11280		0		3	0.7	3:0.7,5:0.3
100	1119	11190	11290		0		3	0.6	3:0.6,5:0.4
100	1120	11200	11300		0		3	0.5	3:0.5,5:0.5
100	1121	11210	11310		0		5	0.6	3:0.4,5:0.6
100	1122	11220	11320		0		5	0.7	3:0.3,5:0.7
100	1123	11230	11330		0		5	0.8	3:0.2,5:0.8
100	1124	11240	11340		0		5	0.9	3:0.1,5:0.9
100	1125	11250	11350		0		5	1	5:1
100	1126	11260	11360		0		5	1	5:1
100	1127	11270	11370		0		5	1	5:1
100	1128	11280	11380		0		5	1	5:1
100	1129	11290	11390		0		5	1	5:1
100	1130	11300	11400		0		5	1	5:1
100	1131	11310	11410		0		5	1	5:1
100	1132	11320	11420		0		5	1	5:1
100	1133	11330	11430		0		5	1	5:1
100	1134	11340	11440		0		5	1	5:1
100	1135	11350	11450		0		5	1	5:1
100	1136	11360	11460		0		5	1	5:1
100	1137	11370	11470		0		5	1	5:1
100	1138	11380	11480		0		5	1	5:1
100	1139	11390	11490		0		5	1	5:1
100	1140	11400	11500		0		5	1	5:1
100	1141	11410	11510		0		5	1	5:1
100	1142	11420	11520		0		5	1	5:1
100	1143	11430	11530		0		5	1	5:1
100	1144	11440	11540		0		5	1	5:1
100	1145	11450	11550		0		5	1	5:1
100	1146	11460	11560		0		5	1	5:1
100	1147	11470	11570		0		5	1	5:1
100	1148	11480	11580		0		5	1	5:1
100	1149	11490	11590		0		5	1	5:1
100	1150	11500	11600		0		5	1	5:1
100	1151	11510	11610		0		5	1	5:1
100	1152	11520	11620		0		5	1	5:1
100	1153	11530	11630		0		5	1	5:1
100	1154	11540	11640		0		5	1	5:1
100	1155	11550	11650		0		5	1	5:1
100	1156	11560	11660		0		5	1	5:1
100	1157	11570	11670		0		5	1	5:1
100	1158	11580	11680		0		5	1	5:1
100	1159	11590	11690		0		5	1	5:1
100	1160	11600	11700		0		5	1	5:1
100	1161	11610	11710		0		5	1	5:1
100	1162	11620	11720		0		5	0.92	4:0.08,5:0.92
100	1163	11630	11730		0		5	0.82	4:0.18,5:0.82
100	1164	11640	11740		0		5	0.72	4:0.28,5:0.72
100	1165	11650	11750		0		5	0.62	4:0.38,5:0.62
100	1166	11660	11760		0		5	0.52	4:0.48,5:0.52
100	1167	11670	11770		0		4	0.58	4:0.58,5:0.42
100	1168	11680	11780		0		4	0.68	4:0.68,5:0.32
100	1169	11690	11790		0		4	0.78	4:0.78,5:0.22
100	1170	11700	11800		0		4	0.88	4:0.88,5:0.12
100	1171	11710	11810		0		4	0.98	4:0.98,5:0.02
100	1172	11720	11820		0		4	1	4:1
100	1173	11730	11830		0		4	1	4:1
100	1174	11740	11840		0		4	1	4:1
100	1175	11750	11850		0		4	1	4:1
100	1176	11760	11860		0		4	1	4:1
100	1177	11770	11870		0		4	1	4:1
100	1178	11780	11880		0		4	1	4:1
100	1179	11790	11890		0		4	1	4:1
100	1180	11800	11900		0		4	1	4:1
100	1181	11810	11910		0		4	1	4:1
100	1182	11820	11920		0		4	1	4:1
100	1183	11830	11930		0		4	1	4:1
100	1184	11840	11940		0		4	1	4:1
100	1185	11850	11950		0		4	1	4:1
100	1186	11860	11960		0		4	1	4:1
100	1187	11870	11970		0		4	1	4:1
100	1188	11880	11980		0		4	1	4:1
100	1189	11890	11990		0		4	1	4:1
100	1190	11900	12000		0		4	1	4:1
100	1191	11910	12010		0		4	1	4:1
100	1192	11920	12020		0		4	1	4:1
100	1193	11930	12030		0		4	1	4:1
100	1194	11940	12040		0		4	1	4:1
100	1195	11950	12050		0		4	1	4:1
100	1196	11960	12060		0		4	1	4:1
100	1197	11970	12070		0		4	1	4:1
100	1198	11980	12080		0		4	1	4:1
100	1199	11990	12090		0		4	1	4:1
100	1200	12000	12100		0		4	1	4:1
100	1201	12010	12110		0		4	1	4:1
100	1202	12020	12120		0		4	1	4:1
100	1203	12030	12130		0		4	1	4:1
100	1204	12040	12140		0		4	1	4:1
100	1205	12050	12150		0		4	1	4:1
100	1206	12060	12160		0		4	1	4:1
100	1207	12070	12170		0		4	1	4:1
100	1208	12080	12180		0		4	1	4:1
100	1209	12090	12190		0		4	1	4:1
100	1210	12100	12200		0		4	1	4:1
100	1211	12110	12210		0		4	1	4:1
100	1212	12120	12220		0		4	1	4:1
100	1213	12130	12230		0		4	1	4:1
100	1214	12140	12240		0		4	1	4:1
100	1215	12150	12250		0		4	1	4:1
100	1216	12160	12260		0		4	1	4:1
100	1217	12170	12270		0		4	1	4:1
100	1218	12180	12280		0		4	1	4:1
100	1219	12190	12290		0		4	1	4:1
100	1220	12200	12300		0		4	1	4:1
100	1221	12210	12310		0		4	1	4:1
100	1222	12220	12320		0		4	1	4:1
100	1223	12230	12330		0		4	1	4:1
100	1224	12240	12340		0		4	1	4:1
100	1225	12250	12350		0		4	1	4:1
100	1226	12260	12360		0		4	1	4:1
100	1227	12270	12370		0		4	1	4:1
100	1228	12280	12380		0		4	1	4:1
100	1229	12290	12390		0		4	1	4:1
100	1230	12300	12400		0		4	1	4:1
100	1231	12310	12410		0		4	1	4:1
100	1232	12320	12420		0		4	1	4:1
100	1233	12330	12430		0		4	1	4:1
100	1234	12340	12440		0		4	1	4:1
100	1235	12350	12450		0		4	1	4:1
100	1236	12360	12460		0		4	1	4:1
100	1237	12370	12470		0		4	1	4:1
100	1238	12380	12480		0		4	1	4:1
100	1239	12390	12490		0		4	1	4:1
100	1240	12400	12500		0		4	1	4:1
100	1241	12410	12510		0		4	1	4:1
100	1242	12420	12520		0		4	1	4:1
100	1243	12430	12530		0		4	1	4:1
100	1244	12440	12540		0		4	1	4:1
100	1245	12450	12550		0		4	1	4:1
100	1246	12460	12560		0		4	1	4:1
100	1247	12470	12570		0		4	1	4:1
100	1248	12480	12580		0		4	1	4:1
100	1249	12490	12590		0		4	1	4:1
100	1250	12500	12600		0		4	1	4:1
100	1251	12510	12610		0		4	1	4:1
100	1252	12520	12620		0		4	1	4:1
100	1253	12530	12630		0		4	1	4:1
100	1254	12540	12640		0		4	1	4:1
100	1255	12550	12650		0		4	1	4:1
100	1256	12560	12660		0		4	1	4:1
100	1257	12570	12670		0		4	1	4:1
100	1258	12580	12680		0		4	1	4:1
100	1259	12590	12690		0		4	1	4:1
100	1260	12600	12700		0		4	1	4:1
100	1261	12610	12710		0		4	1	4:1
100	1262	12620	12720		0		4	1	4:1
100	1263	12630	12730		0		4	1	4:1
100	1264	12640	12740		0		4	1	4:1
100	1265	12650	12750		0		4	1	4:1
100	1266	12660	12760		0		4	1	4:1
100	1267	12670	12770		0		4	1	4:1
100	1268	12680	12780		0		4	1	4:1
100	1269	12690	12790		0		4	1	4:1
100	1270	12700	12800		0		4	1	4:1
100	1271	12710	12810		0		4	1	4:1
100	1272	12720	12820		0		4	1	4:1
100	1273	12730	12830		0		4	1	4:1
100	1274	12740	12840		0		4	1	4:1
100	1275	12750	12850		0		4	1	4:1
100	1276	12760	12860		0		4	1	4:1
100	1277	12770	12870		0		4	1	4:1
100	1278	12780	12880		0		4	1	4:1
100	1279	12790	12890		0		4	1	4:1
100	1280	12800	12900		0		4	1	4:1
100	1281	12810	12910		0		4	1	4:1
100	1282	12820	12920		0		4	1	4:1
100	1283	12830	12930		0		4	1	4:1
100	1284	12840	12940		0		4	1	4:1
100	1285	12850	12950		0		4	1	4:1
100	1286	12860	12960		0		4	1	4:1
100	1287	12870	12970		0		4	1	4:1
100	1288	12880	12980		0		4	1	4:1
100	1289	12890	12990		0		4	1	4:1
100	1290	12900	13000		0		4	1	4:1
100	1291	12910	13010		0		4	1	4:1
100	1292	12920	13020		0		4	1	4:1
100	1293	12930	13030		0		4	1	4:1
100	1294	12940	13040		0		4	1	4:1
100	1295	12950	13050		0		4	1	4:1
100	1296	12960	13060		0		4	1	4:1
100	1297	12970	13070		0		4	1	4:1
100	1298	12980	13080		0		4	1	4:1
100	1299	12990	13090		0		4	1	4:1
100	1300	13000	13100		0		4	1	4:1
100	1301	13010	13110		0		4	1	4:1
100	1302	13020	13120		0		4	1	4:1
100	1303	13030	13130		0		4	1	4:1
100	1304	13040	13140		0		4	1	4:1
100	1305	13050	13150		0		4	1	4:1
100	1306	13060	13160		0		4	1	4:1
100	1307	13070	13170		0		4	1	4:1
100	1308	13080	13180		0		4	1	4:1
100	1309	13090	13190		0		4	1	4:1
100	1310	13100	13200		0		4	1	4:1
100	1311	13110	13210		0		4	1	4:1
100	1312	13120	13220		0		4	1	4:1
100	1313	13130	13230		0		4	1	4:1
100	1314	13140	13240		0		4	1	4:1
100	1315	13150	13250		0		4	1	4:1
100	1316	13160	13260		0		4	1	4:1
100	1317	13170	13270		0		4	1	4:1
100	1318	13180	13280		0		4	1	4:1
100	1319	13190	13290		0		4	1	4:1
100	1320	13200	13300		0		4	1	4:1
100	1321	13210	13310		0		4	1	4:1
100	1322	13220	13320		0		4	1	4:1
100	1323	13230	13330		0		4	1	4:1
100	1324	13240	13340		0		4	1	4:1
100	1325	13250	13350		0		4	1	4:1
100	1326	13260	13360		0		4	1	4:1
100	1327	13270	13370		0		4	1	4:1
100	1328	13280	13380		0		4	1	4:1
100	1329	13290	13390		0		4	1	4:1
100	1330	13300	13400		0		4	1	4:1
100	1331	13310	13410		0		4	1	4:1
100	1332	13320	13420		0		4	1	4:1
100	1333	13330	13430		0		4	1	4:1
100	1334	13340	13440		0		4	1	4:1
100	1335	13350	13450		0		4	1	4:1
100	1336	13360	13460		0		4	1	4:1
100	1337	13370	13470		0		4	1	4:1
100	1338	13380	13480		0		4	1	4:1
100	1339	13390	13490		0		4	1	4:1
100	1340	13400	13500		0		4	1	4:1
100	1341	13410	13510		0		4	1	4:1
100	1342	13420	13520		0		4	1	4:1
100	1343	13430	13530		0		4	1	4:1
100	1344	13440	13540		0		4	1	4:1
100	1345	13450	13550		0		4	1	4:1
100	1346	13460	13560		0		4	1	4:1
100	1347	13470	13570		0		4	1	4:1
100	1348	13480	13580		0		4	1	4:1
100	1349	13490	13590		0		4	1	4:1
100	1350	13500	13600		0		4	1	4:1
100	1351	13510	13610		0		4	1	4:1
100	1352	13520	13620		0		4	1	4:1
100	1353	13530	13630		0		4	1	4:1
100	1354	13540	13640		0		4	1	4:1
100	1355	13550	13650		0		4	1	4:1
100	1356	13560	13660		0		4	1	4:1
100	1357	13570	13670		0		4	1	4:1
100	1358	13580	13680		0		4	1	4:1
100	1359	13590	13690		0		4	1	4:1
100	1360	13600	13700		0		4	1	4:1
100	1361	13610	13710		0		4	1	4:1
100	1362	13620	13720		0		4	1	4:1
100	1363	13630	13730		0		4	1	4:1
100	1364	13640	13740		0		4	1	4:1
100	1365	13650	13750		0		4	1	4:1
100	1366	13660	13760		0		4	1	4:1
100	1367	13670	13770		0		4	1	4:1
100	1368	13680	13780		0		4	1	4:1
100	1369	13690	13790		0		4	1	4:1
100	1370	13700	13800		0		4	1	4:1
100	1371	13710	13810		0		4	1	4:1
100	1372	13720	13820		0		4	1	4:1
100	1373	13730	13830		0		4	1	4:1
100	1374	13740	13840		0		4	1	4:1
100	1375	13750	13850		0		4	1	4:1
100	1376	13760	13860		0		4	1	4:1
100	1377	13770	13870		0		4	1	4:1
100	1378	13780	13880		0		4	1	4:1
100	1379	13790	13890		0		4	1	4:1
100	1380	13800	13900		0		4	1	4:1
100	1381	13810	13910		0		4	1	4:1
100	1382	13820	13920		0		4	1	4:1
100	1383	13830	13930		0		4	1	4:1
100	1384	13840	13940		0		4	1	4:1
100	1385	13850	13950		0		4	1	4:1
100	1386	13860	13960		0		4	1	4:1
100	1387	13870	13970		0		4	1	4:1
100	1388	13880	13980		0		4	1	4:1
100	1389	13890	13990		0		4	1	4:1
100	1390	13900	14000		0		4	1	4:1
100	1391	13910	14010		0		4	1	4:1
100	1392	13920	14020		0		4	1	4:1
100	1393	13930	14030		0		4	1	4:1
100	1394	13940	14040		0		4	1	4:1
100	1395	13950	14050		0		4	1	4:1
100	1396	13960	14060		0		4	1	4:1
100	1397	13970	14070		0		4	1	4:1
100	1398	13980	14080		0		4	1	4:1
100	1399	13990	14090		0		4	1	4:1
100	1400	14000	14100		0		4	1	4:1
100	1401	14010	14110		0		4	1	4:1
100	1402	14020	14120		0		4	1	4:1
100	1403	14030	14130		0		4	1	4:1
100	1404	14040	14140		0		4	1	4:1
100	1405	14050	14150		0		4	1	4:1
100	1406	14060	14160		0		4	1	4:1
100	1407	14070	14170		0		4	1	4:1
100	1408	14080	14180		0		4	1	4:1
100	1409	14090	14190		0		4	1	4:1
100	1410	14100	14200		0		4	1	4:1
100	1411	14110	14210		0		4	1	4:1
100	1412	14120	14220		0		4	1	4:1
100	1413	14130	14230		0		4	1	4:1
100	1414	14140	14240		0		4	1	4:1
100	1415	14150	14250		0		4	1	4:1
100	1416	14160	14260		0		4	1	4:1
100	1417	14170	14270		0		4	1	4:1
100	1418	14180	14280		0		4	1	4:1
100	1419	14190	14290		0		4	1	4:1
100	1420	14200	14300		0		4	1	4:1
100	1421	14210	14310		0		4	1	4:1
100	1422	14220	14320		0		4	1	4:1
100	1423	14230	14330		0		4	1	4:1
100	1424	14240	14340		0		4	1	4:1
100	1425	14250	14350		0		4	1	4:1
100	1426	14260	14360		0		4	1	4:1
100	1427	14270	14370		0		4	1	4:1
100	1428	14280	14380		0		4	1	4:1
100	1429	14290	14390		0		4	1	4:1
100	1430	14300	14400		0		4	1	4:1
100	1431	14310	14410		0		4	1	4:1
100	1432	14320	14420		0		4	1	4:1
100	1433	14330	14430		0		4	1	4:1
100	1434	14340	14440		0		4	1	4:1
100	1435	14350	14450		0		4	1	4:1
100	1436	14360	14460		0		4	1	4:1
100	1437	14370	14470		0		4	1	4:1
100	1438	14380	14480		0		4	1	4:1
100	1439	14390	14490		0		4	1	4:1
100	1440	14400	14500		0		4	1	4:1
100	1441	14410	14510		0		4	1	4:1
100	1442	14420	14520		0		4	1	4:1
100	1443	14430	14530		0		4	1	4:1
100	1444	14440	14540		0		4	1	4:1
100	1445	14450	14550		0		4	1	4:1
100	1446	14460	14560		0		4	1	4:1
100	1447	14470	14570		0		4	1	4:1
100	1448	14480	14580		0		4	1	4:1
100	1449	14490	14590		0		4	1	4:1
100	1450	14500	14600		0		4	1	4:1
100	1451	14510	14610		0		4	1	4:1
100	1452	14520	14620		0		4	1	4:1
100	1453	14530	14630		0		4	1	4:1
100	1454	14540	14640		0		4	1	4:1
100	1455	14550	14650		0		4	1	4:1
100	1456	14560	14660		0		4	1	4:1
100	1457	14570	14670		0		4	1	4:1
100	1458	14580	14680		0		4	1	4:1
100	1459	14590	14690		0		4	1	4:1
100	1460	14600	14700		0		4	1	4:1
100	1461	14610	14710		0		4	1	4:1
100	1462	14620	14720		0		4	1	4:1
100	1463	14630	14730		0		4	1	4:1
100	1464	14640	14740		0		4	1	4:1
100	1465	14650	14750		0		4	1	4:1
100	1466	14660	14760		0		4	1	4:1
100	1467	14670	14770		0		4	1	4:1
100	1468	14680	14780		0		4	1	4:1
100	1469	14690	14790		0		4	1	4:1
100	1470	14700	14800		0		4	1	4:1
100	1471	14710	14810	2	1	2:1	4	0.9	2:0.1,4:0.9
100	1472	14720	14820	2	1	2:1	4	0.8	2:0.2,4:0.8
100	1473	14730	14830	2	1	2:1	4	0.7	2:0.3,4:0.7
100	1474	14740	14840	2	1	2:1	4	0.6	2:0.4,4:0.6
100	1475	14750	14850	2	1	2:1	2	0.5	2:0.5,4:0.5
100	1476	14760	14860	2	1	2:1	2	0.6	2:0.6,4:0.4
100	1477	14770	14870	2	1	2:1	2	0.7	2:0.7,4:0.3
100	1478	14780	14880	2	1	2:1	2	0.8	2:0.8,4:0.2
100	1479	14790	14890	2	1	2:1	2	0.9	2:0.9,4:0.1
100	1480	14800	14900	2	1	2:1	2	1	2:1
100	1481	14810	14910	2	1	2:1	2	1	2:1
100	1482	14820	14920	2	1	2:1	2	1	2:1
100	1483	14830	14930	2	1	2:1	2	1	2:1
100	1484	14840	14940	2	1	2:1	2	1	2:1
100	1485	14850	14950	2	1	2:1	2	1	2:1
100	1486	14860	14960	2	1	2:1	2	1	2:1
100	1487	14870	14970	2	1	2:1	2	1	2:1
100	1488	14880	14980	2	1	2:1	2	1	2:1
100	1489	14890	14990	2	1	2:1	2	1	2:1
100	1490	14900	15000	2	1	2:1	2	1	2:1
100	1491	14910	15010	2	1	2:1	2	1	2:1
100	1492	14920	15020	2	1	2:1	2	1	2:1
100	1493	14930	15030	2	1	2:1	2	1	2:1
100	1494	14940	15040	2	1	2:1	2	1	2:1
100	1495	14950	15050	2	1	2:1	2	1	2:1
100	1496	14960	15060	2	1	2:1	2	1	2:1
100	1497	14970	15070	2	1	2:1	2	1	2:1
100	1498	14980	15080	2	1	2:1	2	1	2:1
100	1499	14990	15090	2	1	2:1	2	1	2:1
100	1500	15000	15100	2	1	2:1	2	1	2:1
100	1501	15010	15110	2	1	2:1	2	1	2:1
100	1502	15020	15120	2	1	2:1	2	1	2:1
100	1503	15030	15130	2	1	2:1	2	1	2:1
100	1504	15040	15140	2	1	2:1	2	1	2:1
100	1505	15050	15150	2	1	2:1	2	1	2:1
100	1506	15060	15160	2	1	2:1	2	1	2:1
100	1507	15070	15170	2	1	2:1	2	1	2:1
100	1508	15080	15180	2	1	2:1	2	1	2:1
100	1509	15090	15190	2	1	2:1	2	1	2:1
100	1510	15100	15200	2	1	2:1	2	1	2:1
100	1511	15110	15210	2	1	2:1	2	1	2:1
100	1512	15120	15220	2	1	2:1	2	1	2:1
100	1513	15130	15230	2	1	2:1	2	1	2:1
100	1514	15140	15240	2	1	2:1	2	1	2:1
100	1515	15150	15250	2	1	2:1	2	1	2:1
100	1516	15160	15260	2	1	2:1	2	1	2:1
100	1517	15170	15270	2	1	2:1	2	1	2:1
100	1518	15180	15280	2	1	2:1	2	1	2:1
100	1519	15190	15290	2	1	2:1	2	1	2:1
100	1520	15200	15300	2	1	2:1	2	1	2:1
100	1521	15210	15310	2	1	2:1	2	1	2:1
100	1522	15220	15320	2	1	2:1	2	1	2:1
100	1523	15230	15330	2	1	2:1	2	1	2:1
100	1524	15240	15340	2	1	2:1	2	1	2:1
100	1525	15250	15350	2	1	2:1	2	1	2:1
100	1526	15260	15360	2	1	2:1	2	1	2:1
100	1527	15270	15370	2	1	2:1	2	1	2:1
100	1528	15280	15380	2	1	2:1	2	1	2:1
100	1529	15290	15390	2	1	2:1	2	1	2:1
100	1530	15300	15400	2	1	2:1	2	1	2:1
100	1531	15310	15410	2	1	2:1	2	1	2:1
100	1532	15320	15420	2	1	2:1	2	1	2:1
100	1533	15330	15430	2	1	2:1	2	1	2:1
100	1534	15340	15440	2	1	2:1	2	1	2:1
100	1535	15350	15450	2	1	2:1	2	1	2:1
100	1536	15360	15460	2	1	2:1	2	1	2:1
100	1537	15370	15470	2	1	2:1	2	1	2:1
100	1538	15380	15480	2	1	2:1	2	1	2:1
100	1539	15390	15490	2	1	2:1	2	1	2:1
100	1540	15400	15500	2	1	2:1	2	1	2:1
100	1541	15410	15510	2	1	2:1	2	1	2:1
100	1542	15420	15520	2	1	2:1	2	1	2:1
100	1543	15430	15530	2	1	2:1	2	1	2:1
100	1544	15440	15540	2	1	2:1	2	1	2:1
100	1545	15450	15550	2	1	2:1	2	1	2:1
100	1546	15460	15560	2	1	2:1	2	1	2:1
100	1547	15470	15570	2	1	2:1	2	1	2:1
100	1548	15480	15580	2	1	2:1	2	1	2:1
100	1549	15490	15590	2	1	2:1	2	1	2:1
100	1550	15500	15600	2	1	2:1	2	1	2:1
100	1551	15510	15610	2	1	2:1	2	1	2:1
100	1552	15520	15620	2	1	2:1	2	1	2:1
100	1553	15530	15630	2	1	2:1	2	1	2:1
100	1554	15540	15640	2	1	2:1	2	1	2:1
100	1555	15550	15650	2	1	2:1	2	1	2:1
100	1556	15560	15660	2	1	2:1	2	1	2:1
100	1557	15570	15670	2	1	2:1	2	1	2:1
100	1558	15580	15680	2	1	2:1	2	1	2:1
100	1559	15590	15690	2	1	2:1	2	1	2:1
100	1560	15600	15700	2	1	2:1	2	1	2:1
100	1561	15610	15710	2	1	2:1	2	1	2:1
100	1562	15620	15720	2	1	2:1	2	1	2:1
100	1563	15630	15730	2	1	2:1	2	1	2:1
100	1564	15640	15740	2	1	2:1	2	1	2:1
100	1565	15650	15750	2	1	2:1	2	1	2:1
100	1566	15660	15760	2	1	2:1	2	1	2:1
100	1567	15670	15770	2	1	2:1	2	1	2:1
100	1568	15680	15780	2	1	2:1	2	1	2:1
100	1569	15690	15790	2	1	2:1	2	1	2:1
100	1570	15700	15800	2	1	2:1	2	1	2:1
100	1571	15710	15810	2	1	2:1	2	1	2:1
100	1572	15720	15820	2	1	2:1	2	1	2:1
100	1573	15730	15830	2	1	2:1	2	1	2:1
100	1574	15740	15840	2	1	2:1	2	1	2:1
100	1575	15750	15850	2	1	2:1	2	1	2:1
100	1576	15760	15860	2	1	2:1	2	1	2:1
100	1577	15770	15870	2	1	2:1	2	1	2:1
100	1578	15780	15880	2	1	2:1	2	1	2:1
100	1579	15790	15890	2	1	2:1	2	1	2:1
100	1580	15800	15900	2	1	2:1	2	1	2:1
100	1581	15810	15910	2	1	2:1	2	1	2:1
100	1582	15820	15920	2	1	2:1	2	1	2:1
100	1583	15830	15930	2	1	2:1	2	1	2:1
100	1584	15840	15940	2	1	2:1	2	1	2:1
100	1585	15850	15950	2	1	2:1	2	1	2:1
100	1586	15860	15960	2	1	2:1	2	1	2:1
100	1587	15870	15970	2	1	2:1	2	1	2:1
100	1588	15880	15980	2	1	2:1	2	1	2:1
100	1589	15890	15990	2	1	2:1	2	1	2:1
100	1590	15900	16000	2	1	2:1	2	1	2:1
100	1591	15910	16010	2	1	2:1	2	1	2:1
100	1592	15920	16020	2	1	2:1	2	1	2:1
100	1593	15930	16030	2	1	2:1	2	1	2:1
100	1594	15940	16040	2	1	2:1	2	1	2:1
100	1595	15950	16050	2	1	2:1	2	1	2:1
100	1596	15960	16060	2	1	2:1	2	1	2:1
100	1597	15970	16070	2	1	2:1	2	1	2:1
100	1598	15980	16080	2	1	2:1	2	1	2:1
100	1599	15990	16090	2	1	2:1	2	1	2:1
100	1600	16000	16100	2	1	2:1	2	1	2:1
100	1601	16010	16110	2	1	2:1	2	1	2:1
100	1602	16020	16120	2	1	2:1	2	1	2:1
100	1603	16030	16130	2	1	2:1	2	1	2:1
100	1604	16040	16140	2	1	2:1	2	1	2:1
100	1605	16050	16150	2	1	2:1	2	1	2:1
100	1606	16060	16160	2	1	2:1	2	1	2:1
100	1607	16070	16170	2	1	2:1	2	1	2:1
100	1608	16080	16180	2	1	2:1	2	1	2:1
100	1609	16090	16190	2	1	2:1	2	1	2:1
100	1610	16100	16200	2	1	2:1	2	1	2:1
100	1611	16110	16210	2	1	2:1	2	1	2:1
100	1612	16120	16220	2	1	2:1	2	1	2:1
100	1613	16130	16230	2	1	2:1	2	1	2:1
100	1614	16140	16240	2	1	2:1	2	1	2:1
100	1615	16150	16250	2	1	2:1	2	1	2:1
100	1616	16160	16260	2	1	2:1	2	1	2:1
100	1617	16170	16270	2	1	2:1	2	1	2:1
100	1618	16180	16280	2	1	2:1	2	1	2:1
100	1619	16190	16290	2	1	2:1	2	1	2:1
100	1620	16200	16300	2	1	2:1	2	1	2:1
100	1621	16210	16310	2	1	2:1	2	1	2:1
100	1622	16220	16320	2	1	2:1	2	1	2:1
100	1623	16230	16330	2	1	2:1	2	1	2:1
100	1624	16240	16340	2	1	2:1	2	1	2:1
100	1625	16250	16350	2	1	2:1	2	1	2:1
100	1626	16260	16360	2	1	2:1	2	1	2:1
100	1627	16270	16370	2	1	2:1	2	1	2:1
100	1628	16280	16380	2	1	2:1	2	1	2:1
100	1629	16290	16390	2	1	2:1	2	1	2:1
100	1630	16300	16400	2	1	2:1	2	1	2:1
100	1631	16310	16410	2	1	2:1	2	1	2:1
100	1632	16320	16420	2	1	2:1	2	1	2:1
100	1633	16330	16430	2	1	2:1	2	1	2:1
100	1634	16340	16440	2	1	2:1	2	1	2:1
100	1635	16350	16450	2	1	2:1	2	1	2:1
100	1636	16360	16460	2	1	2:1	2	1	2:1
100	1637	16370	16470	2	1	2:1	2	1	2:1
100	1638	16380	16480	2	1	2:1	2	1	2:1
100	1639	16390	16490	2	1	2:1	2	1	2:1
100	1640	16400	16500	2	1	2:1	2	1	2:1
100	1641	16410	16510	2	1	2:1	2	1	2:1
100	1642	16420	16520	2	1	2:1	2	1	2:1
100	1643	16430	16530	2	1	2:1	2	1	2:1
100	1644	16440	16540	2	1	2:1	2	1	2:1
100	1645	16450	16550	2	1	2:1	2	1	2:1
100	1646	16460	16560	2	1	2:1	2	1	2:1
100	1647	16470	16570	2	1	2:1	2	1	2:1
100	1648	16480	16580	2	1	2:1	2	1	2:1
100	1649	16490	16590	2	1	2:1	2	1	2:1
100	1650	16500	16600	2	1	2:1	2	1	2:1
100	1651	16510	16610	2	1	2:1	2	1	2:1
100	1652	16520	16620	2	1	2:1	2	1	2:1
100	1653	16530	16630	2	1	2:1	2	1	2:1
100	1654	16540	16640	2	1	2:1	2	1	2:1
100	1655	16550	16650	2	1	2:1	2	1	2:1
100	1656	16560	16660	2	1	2:1	2	1	2:1
100	1657	16570	16670	2	1	2:1	2	1	2:1
100	1658	16580	16680	2	1	2:1	2	1	2:1
100	1659	16590	16690	2	1	2:1	2	1	2:1
100	1660	16600	16700	2	1	2:1	2	1	2:1
100	1661	16610	16710	2	1	2:1	2	1	2:1
100	1662	16620	16720	2	1	2:1	2	1	2:1
100	1663	16630	16730	2	1	2:1	2	1	2:1
100	1664	16640	16740	2	1	2:1	2	1	2:1
100	1665	16650	16750	2	1	2:1	2	1	2:1
100	1666	16660	16760	2	1	2:1	2	1	2:1
100	1667	16670	16770	2	1	2:1	2	1	2:1
100	1668	16680	16780	2	1	2:1	2	1	2:1
100	1669	16690	16790	2	1	2:1	2	1	2:1
100	1670	16700	16800	2	1	2:1	2	1	2:1
100	1671	16710	16810	2	1	2:1	2	1	2:1
100	1672	16720	16820	2	1	2:1	2	1	2:1
100	1673	16730	16830	2	1	2:1	2	1	2:1
100	1674	16740	16840	2	1	2:1	2	1	2:1
100	1675	16750	16850	2	1	2:1	2	1	2:1
100	1676	16760	16860	2	1	2:1	2	1	2:1
100	1677	16770	16870	2	1	2:1	2	1	2:1
100	1678	16780	16880	2	1	2:1	2	1	2:1
100	1679	16790	16890	2	1	2:1	2	1	2:1
100	1680	16800	16900	2	1	2:1	2	1	2:1
100	1681	16810	16910	2	1	2:1	2	1	2:1
100	1682	16820	16920	2	1	2:1	2	1	2:1
100	1683	16830	16930	2	1	2:1	2	1	2:1
100	1684	16840	16940	2	1	2:1	2	1	2:1
100	1685	16850	16950	2	1	2:1	2	1	2:1
100	1686	16860	16960	2	1	2:1	2	1	2:1
100	1687	16870	16970	2	1	2:1	2	1	2:1
100	1688	16880	16980	2	1	2:1	2	1	2:1
100	1689	16890	16990	2	1	2:1	2	1	2:1
100	1690	16900	17000	2	1	2:1	2	1	2:1
100	1691	16910	17010	2	1	2:1	2	1	2:1
100	1692	16920	17020	2	1	2:1	2	1	2:1
100	1693	16930	17030	2	1	2:1	2	1	2:1
100	1694	16940	17040	2	1	2:1	2	1	2:1
100	1695	16950	17050	2	1	2:1	2	1	2:1
100	1696	16960	17060	2	1	2:1	2	1	2:1
100	1697	16970	17070	2	1	2:1	2	1	2:1
100	1698	16980	17080	2	1	2:1	2	1	2:1
100	1699	16990	17090	2	1	2:1	2	1	2:1
100	1700	17000	17100	2	1	2:1	2	1	2:1
100	1701	17010	17110	2	1	2:1	2	1	2:1
100	1702	17020	17120	2	1	2:1	2	1	2:1
100	1703	17030	17130	2	1	2:1	2	1	2:1
100	1704	17040	17140	2	1	2:1	2	1	2:1
100	1705	17050	17150	2	1	2:1	2	1	2:1
100	1706	17060	17160	2	1	2:1	2	1	2:1
100	1707	17070	17170	2	1	2:1	2	1	2:1
100	1708	17080	17180	2	1	2:1	2	1	2:1
100	1709	17090	17190	2	1	2:1	2	1	2:1
100	1710	17100	17200	2	1	2:1	2	1	2:1
100	1711	17110	17210	2	1	2:1	2	1	2:1
100	1712	17120	17220	2	1	2:1	2	1	2:1
100	1713	17130	17230	2	1	2:1	2	1	2:1
100	1714	17140	17240	2	1	2:1	2	1	2:1
100	1715	17150	17250	2	1	2:1	2	1	2:1
100	1716	17160	17260	2	1	2:1	2	1	2:1
100	1717	17170	17270	2	1	2:1	2	1	2:1
100	1718	17180	17280	2	1	2:1	2	1	2:1
100	1719	17190	17290	2	1	2:1	2	1	2:1
100	1720	17200	17300	2	1	2:1	2	1	2:1
100	1721	17210	17310	2	1	2:1	2	1	2:1
100	1722	17220	17320	2	1	2:1	2	1	2:1
100	1723	17230	17330	2	1	2:1	2	1	2:1
100	1724	17240	17340	2	1	2:1	2	1	2:1
100	1725	17250	17350	2	1	2:1	2	1	2:1
100	1726	17260	17360	2	1	2:1	2	1	2:1
100	1727	17270	17370	2	1	2:1	2	1	2:1
100	1728	17280	17380	2	1	2:1	2	1	2:1
100	1729	17290	17390	2	1	2:1	2	1	2:1
100	1730	17300	17400	2	1	2:1	2	1	2:1
100	1731	17310	17410	2	1	2:1	2	1	2:1
100	1732	17320	17420	2	1	2:1	2	1	2:1
100	1733	17330	17430	2	1	2:1	2	1	2:1
100	1734	17340	17440	2	1	2:1	2	1	2:1
100	1735	17350	17450	2	1	2:1	2	1	2:1
100	1736	17360	17460	2	1	2:1	2	1	2:1
100	1737	17370	17470	2	1	2:1	2	1	2:1
100	1738	17380	17480	2	1	2:1	2	1	2:1
100	1739	17390	17490	2	1	2:1	2	1	2:1
100	1740	17400	17500	2	1	2:1	2	1	2:1
100	1741	17410	17510	2	1	2:1	2	1	2:1
100	1742	17420	17520	2	1	2:1	2	1	2:1
100	1743	17430	17530	2	1	2:1	2	1	2:1
100	1744	17440	17540	2	1	2:1	2	1	2:1
100	1745	17450	17550	2	1	2:1	2	1	2:1
100	1746	17460	17560	2	1	2:1	2	1	2:1
100	1747	17470	17570	2	1	2:1	2	1	2:1
100	1748	17480	17580	2	1	2:1	2	1	2:1
100	1749	17490	17590	2	1	2:1	2	1	2:1
100	1750	17500	17600	2	1	2:1	2	1	2:1
100	1751	17510	17610	2	1	2:1	2	1	2:1
100	1752	17520	17620	2	1	2:1	2	1	2:1
100	1753	17530	17630	2	1	2:1	2	1	2:1
100	1754	17540	17640	2	1	2:1	2	1	2:1
100	1755	17550	17650	2	1	2:1	2	1	2:1
100	1756	17560	17660	2	1	2:1	2	1	2:1
100	1757	17570	17670	2	1	2:1	2	1	2:1
100	1758	17580	17680	2	1	2:1	2	1	2:1
100	1759	17590	17690	2	1	2:1	2	1	2:1
100	1760	17600	17700	2	1	2:1	2	1	2:1
100	1761	17610	17710	2	1	2:1	2	1	2:1
100	1762	17620	17720	2	1	2:1	2	1	2:1
100	1763	17630	17730	2	1	2:1	2	1	2:1
100	1764	17640	17740	2	1	2:1	2	1	2:1
100	1765	17650	17750	2	1	2:1	2	1	2:1
100	1766	17660	17760	2	1	2:1	2	1	2:1
100	1767	17670	17770	2	1	2:1	2	1	2:1
100	1768	17680	17780	2	1	2:1	2	1	2:1
100	1769	17690	17790	2	1	2:1	2	1	2:1
100	1770	17700	17800	2	1	2:1	2	1	2:1
100	1771	17710	17810	2	1	2:1	2	1	2:1
100	1772	17720	17820	2	1	2:1	2	1	2:1
100	1773	17730	17830	2	1	2:1	2	1	2:1
100	1774	17740	17840	2	1	2:1	2	1	2:1
100	1775	17750	17850	2	1	2:1	2	1	2:1
100	1776	17760	17860	2	1	2:1	2	1	2:1
100	1777	17770	17870	2	1	2:1	2	1	2:1
100	1778	17780	17880	2	1	2:1	2	1	2:1
100	1779	17790	17890	2	1	2:1	2	1	2:1
100	1780	17800	17900	2	1	2:1	2	1	2:1
100	1781	17810	17910	2	1	2:1	2	1	2:1
100	1782	17820	17920	2	1	2:1	2	1	2:1
100	1783	17830	17930	2	1	2:1	2	1	2:1
100	1784	17840	17940	2	1	2:1	2	1	2:1
100	1785	17850	17950	2	1	2:1	2	1	2:1
100	1786	17860	17960	2	1	2:1	2	1	2:1
100	1787	17870	17970	2	1	2:1	2	1	2:1
100	1788	17880	17980	2	1	2:1	2	1	2:1
100	1789	17890	17990	2	1	2:1	2	1	2:1
100	1790	17900	18000	2	1	2:1	2	1	2:1
100	1791	17910	18010	2	1	2:1	2	1	2:1
100	1792	17920	18020	2	1	2:1	2	1	2:1
100	1793	17930	18030	2	1	2:1	2	1	2:1
100	1794	17940	18040	2	1	2:1	2	1	2:1
100	1795	17950	18050	2	1	2:1	2	1	2:1
100	1796	17960	18060	2	1	2:1	2	1	2:1
100	1797	17970	18070	2	1	2:1	2	1	2:1
100	1798	17980	18080	2	1	2:1	2	1	2:1
100	1799	17990	18090	2	1	2:1	2	1	2:1
100	1800	18000	18100	2	1	2:1	2	1	2:1
100	1801	18010	18110	2	1	2:1	2	1	2:1
100	1802	18020	18120	2	1	2:1	2	1	2:1
100	1803	18030	18130	2	1	2:1	2	1	2:1
100	1804	18040	18140	2	1	2:1	2	1	2:1
100	1805	18050	18150	2	1	2:1	2	1	2:1
100	1806	18060	18160	2	1	2:1	2	1	2:1
100	1807	18070	18170	2	1	2:1	2	1	2:1
100	1808	18080	18180	2	1	2:1	2	1	2:1
100	1809	18090	18190	2	1	2:1	2	1	2:1
100	1810	18100	18200	2	1	2:1	2	1	2:1
100	1811	18110	18210	2	1	2:1	2	1	2:1
100	1812	18120	18220	2	1	2:1	2	1	2:1
100	1813	18130	18230	2	1	2:1	2	1	2:1
100	1814	18140	18240	2	1	2:1	2	1	2:1
100	1815	18150	18250	2	1	2:1	2	1	2:1
100	1816	18160	18260	2	1	2:1	2	1	2:1
100	1817	18170	18270	2	1	2:1	2	1	2:1
100	1818	18180	18280	2	1	2:1	2	1	2:1
100	1819	18190	18290	2	1	2:1	2	1	2:1
100	1820	18200	18300	2	1	2:1	2	1	2:1
100	1821	18210	18310	2	1	2:1	2	1	2:1
100	1822	18220	18320	2	1	2:1	2	1	2:1
100	1823	18230	18330	2	1	2:1	2	1	2:1
100	1824	18240	18340	2	1	2:1	2	1	2:1
100	1825	18250	18350	2	1	2:1	2	1	2:1
100	1826	18260	18360	2	1	2:1	2	1	2:1
100	1827	18270	18370	2	1	2:1	2	1	2:1
100	1828	18280	18380	2	1	2:1	2	1	2:1
100	1829	18290	18390	2	1	2:1	2	1	2:1
100	1830	18300	18400	2	1	2:1	2	1	2:1
100	1831	18310	18410	2	1	2:1	2	1	2:1
100	1832	18320	18420	2	1	2:1	2	1	2:1
100	1833	18330	18430	2	1	2:1	2	1	2:1
100	1834	18340	18440	2	1	2:1	2	1	2:1
100	1835	18350	18450	2	1	2:1	2	1	2:1
100	1836	18360	18460	2	1	2:1	2	1	2:1
100	1837	18370	18470	2	1	2:1	2	1	2:1
100	1838	18380	18480	2	1	2:1	2	1	2:1
100	1839	18390	18490	2	1	2:1	2	1	2:1
100	1840	18400	18500	2	1	2:1	2	1	2:1
100	1841	18410	18510	2	1	2:1	2	1	2:1
100	1842	18420	18520	2	1	2:1	2	1	2:1
100	1843	18430	18530	2	1	2:1	2	1	2:1
100	1844	18440	18540	2	1	2:1	2	1	2:1
100	1845	18450	18550	2	1	2:1	2	1	2:1
100	1846	18460	18560	2	1	2:1	2	1	2:1
100	1847	18470	18570	2	1	2:1	2	1	2:1
100	1848	18480	18580	2	1	2:1	2	1	2:1
100	1849	18490	18590	2	1	2:1	2	1	2:1
100	1850	18500	18600	2	1	2:1	2	1	2:1
100	1851	18510	18610	2	1	2:1	2	1	2:1
100	1852	18520	18620	2	1	2:1	2	1	2:1
100	1853	18530	18630	2	1	2:1	2	1	2:1
100	1854	18540	18640	2	1	2:1	2	1	2:1
100	1855	18550	18650	2	1	2:1	2	1	2:1
100	1856	18560	18660	2	1	2:1	2	1	2:1
100	1857	18570	18670	2	1	2:1	2	1	2:1
100	1858	18580	18680	2	1	2:1	2	1	2:1
100	1859	18590	18690	2	1	2:1	2	1	2:1
100	1860	18600	18700	2	1	2:1	2	1	2:1
100	1861	18610	18710	2	1	2:1	2	1	2:1
100	1862	18620	18720	2	1	2:1	2	1	2:1
100	1863	18630	18730	2	1	2:1	2	1	2:1
100	1864	18640	18740	2	1	2:1	2	1	2:1
100	1865	18650	18750	2	1	2:1	2	1	2:1
100	1866	18660	18760	2	1	2:1	2	1	2:1
100	1867	18670	18770	2	1	2:1	2	1	2:1
100	1868	18680	18780	2	1	2:1	2	1	2:1
100	1869	18690	18790	2	1	2:1	2	1	2:1
100	1870	18700	18800	2	1	2:1	2	1	2:1
100	1871	18710	18810	2	1	2:1	2	1	2:1
100	1872	18720	18820	2	1	2:1	2	1	2:1
100	1873	18730	18830	2	1	2:1	2	1	2:1
100	1874	18740	18840	2	1	2:1	2	1	2:1
100	1875	18750	18850	2	1	2:1	2	1	2:1
100	1876	18760	18860	2	1	2:1	2	1	2:1
100	1877	18770	18870	2	1	2:1	2	1	2:1
100	1878	18780	18880	2	1	2:1	2	1	2:1
100	1879	18790	18890	2	1	2:1	2	1	2:1
100	1880	18800	18900	2	1	2:1	2	1	2:1
100	1881	18810	18910	2	1	2:1	2	1	2:1
100	1882	18820	18920	2	1	2:1	2	1	2:1
100	1883	18830	18930	2	1	2:1	2	1	2:1
100	1884	18840	18940	2	1	2:1	2	1	2:1
100	1885	18850	18950	2	1	2:1	2	1	2:1
100	1886	18860	18960	2	1	2:1	2	1	2:1
100	1887	18870	18970	2	1	2:1	2	1	2:1
100	1888	18880	18980	2	1	2:1	2	1	2:1
100	1889	18890	18990	2	1	2:1	2	1	2:1
100	1890	18900	19000	2	1	2:1	2	1	2:1
100	1891	18910	19010	2	1	2:1	2	1	2:1
100	1892	18920	19020	2	1	2:1	2	1	2:1
100	1893	18930	19030	2	1	2:1	2	1	2:1
100	1894	18940	19040	2	1	2:1	2	1	2:1
100	1895	18950	19050	2	1	2:1	2	1	2:1
100	1896	18960	19060	2	1	2:1	2	1	2:1
100	1897	18970	19070	2	1	2:1	2	1	2:1
100	1898	18980	19080	2	1	2:1	2	1	2:1
100	1899	18990	19090	2	1	2:1	2	1	2:1
100	1900	19000	19100	2	1	2:1	2	1	2:1
100	1901	19010	19110	2	1	2:1	2	1	2:1
100	1902	19020	19120	2	1	2:1	2	1	2:1
100	1903	19030	19130	2	1	2:1	2	1	2:1
100	1904	19040	19140	2	1	2:1	2	1	2:1
100	1905	19050	19150	2	1	2:1	2	1	2:1
100	1906	19060	19160	2	1	2:1	2	1	2:1
100	1907	19070	19170	2	1	2:1	2	1	2:1
100	1908	19080	19180	2	1	2:1	2	1	2:1
100	1909	19090	19190	2	1	2:1	2	1	2:1
100	1910	19100	19200	2	1	2:1	2	1	2:1
100	1911	19110	19210	2	1	2:1	2	1	2:1
100	1912	19120	19220	2	1	2:1	2	1	2:1
100	1913	19130	19230	2	1	2:1	2	1	2:1
100	1914	19140	19240	2	1	2:1	2	1	2:1
100	1915	19150	19250	2	1	2:1	2	1	2:1
100	1916	19160	19260	2	1	2:1	2	1	2:1
100	1917	19170	19270	2	1	2:1	2	1	2:1
100	1918	19180	19280	2	1	2:1	2	1	2:1
100	1919	19190	19290	2	1	2:1	2	1	2:1
100	1920	19200	19300	2	1	2:1	2	1	2:1
100	1921	19210	19310	2	1	2:1	2	1	2:1
100	1922	19220	19320	2	1	2:1	2	1	2:1
100	1923	19230	19330	2	1	2:1	2	1	2:1
100	1924	19240	19340	2	1	2:1	2	1	2:1
100	1925	19250	19350	2	1	2:1	2	1	2:1
100	1926	19260	19360	2	1	2:1	2	1	2:1
100	1927	19270	19370	2	1	2:1	2	1	2:1
100	1928	19280	19380	2	1	2:1	2	1	2:1
100	1929	19290	19390	2	1	2:1	2	1	2:1
100	1930	19300	19400	2	1	2:1	2	1	2:1
100	1931	19310	19410	2	1	2:1	2	1	2:1
100	1932	19320	19420	2	1	2:1	2	1	2:1
100	1933	19330	19430	2	1	2:1	2	1	2:1
100	1934	19340	19440	2	1	2:1	2	1	2:1
100	1935	19350	19450	2	1	2:1	2	1	2:1
100	1936	19360	19460	2	1	2:1	2	1	2:1
100	1937	19370	19470	2	1	2:1	2	1	2:1
100	1938	19380	19480	2	1	2:1	2	1	2:1
100	1939	19390	19490	2	1	2:1	2	1	2:1
100	1940	19400	19500	2	1	2:1	2	1	2:1
100	1941	19410	19510	2	1	2:1	2	1	2:1
100	1942	19420	19520	2	1	2:1	2	1	2:1
100	1943	19430	19530	2	1	2:1	2	1	2:1
100	1944	19440	19540	2	1	2:1	2	1	2:1
100	1945	19450	19550	2	1	2:1	2	1	2:1
100	1946	19460	19560	2	1	2:1	2	1	2:1
100	1947	19470	19570	2	1	2:1	2	1	2:1
100	1948	19480	19580	2	1	2:1	2	1	2:1
100	1949	19490	19590	2	1	2:1	2	1	2:1
100	1950	19500	19600	2	1	2:1	2	1	2:1
100	1951	19510	19610	2	1	2:1	2	1	2:1
100	1952	19520	19620	2	1	2:1	2	1	2:1
100	1953	19530	19630	2	1	2:1	2	1	2:1
100	1954	19540	19640	2	1	2:1	2	1	2:1
100	1955	19550	19650	2	1	2:1	2	1	2:1
100	1956	19560	19660	2	1	2:1	2	1	2:1
100	1957	19570	19670	2	1	2:1	2	1	2:1
100	1958	19580	19680	2	1	2:1	2	1	2:1
100	1959	19590	19690	2	1	2:1	2	1	2:1
100	1960	19600	19700	2	1	2:1	2	1	2:1
100	1961	19610	19710	2	1	2:1	2	1	2:1
100	1962	19620	19720	2	1	2:1	2	1	2:1
100	1963	19630	19730	2	1	2:1	2	1	2:1
100	1964	19640	19740	2	1	2:1	2	1	2:1
100	1965	19650	19750	2	1	2:1	2	1	2:1
100	1966	19660	19760	2	1	2:1	2	1	2:1
100	1967	19670	19770	2	1	2:1	2	1	2:1
100	1968	19680	19780	2	1	2:1	2	1	2:1
100	1969	19690	19790	2	1	2:1	2	1	2:1
100	1970	19700	19800	2	1	2:1	2	1	2:1
100	1971	19710	19810	2	1	2:1	2	1	2:1
100	1972	19720	19820	2	1	2:1	2	1	2:1
100	1973	19730	19830	2	1	2:1	2	1	2:1
100	1974	19740	19840	2	1	2:1	2	1	2:1
100	1975	19750	19850	2	1	2:1	2	1	2:1
100	1976	19760	19860	2	1	2:1	2	1	2:1
100	1977	19770	19870	2	1	2:1	2	1	2:1
100	1978	19780	19880	2	1	2:1	2	1	2:1
100	1979	19790	19890	2	1	2:1	2	1	2:1
100	1980	19800	19900	2	1	2:1	2	1	2:1
100	1981	19810	19910	2	1	2:1	2	1	2:1
100	1982	19820	19920	2	1	2:1	2	1	2:1
100	1983	19830	19930	2	1	2:1	2	1	2:1
100	1984	19840	19940	2	1	2:1	2	1	2:1
100	1985	19850	19950	2	1	2:1	2	1	2:1
100	1986	19860	19960	2	1	2:1	2	1	2:1
100	1987	19870	19970	2	1	2:1	2	1	2:1
100	1988	19880	19980	2	1	2:1	2	1	2:1
100	1989	19890	19990	2	1	2:1	2	1	2:1
100	1990	19900	20000	2	1	2:1	2	1	2:1
100	1991	19910	20010	2	1	2:1	2	1	2:1
100	1992	19920	20020	2	1	2:1	2	1	2:1
100	1993	19930	20030	2	1	2:1	2	1	2:1
100	1994	19940	20040	2	1	2:1	2	1	2:1
100	1995	19950	20050	2	1	2:1	2	1	2:1
100	1996	19960	20060	2	1	2:1	2	1	2:1
100	1997	19970	20070	2	1	2:1	2	1	2:1
100	1998	19980	20080	2	1	2:1	2	1	2:1
100	1999	19990	20090	2	1	2:1	2	1	2:1
100	2000	20000	20100	2	1	2:1	2	1	2:1
100	2001	20010	20110	2	1	2:1	2	1	2:1
100	2002	20020	20120	2	1	2:1	2	1	2:1
100	2003	20030	20130	2	1	2:1	2	1	2:1
100	2004	20040	20140	2	1	2:1	2	1	2:1
100	2005	20050	20150	2	1	2:1	2	1	2:1
100	2006	20060	20160	2	1	2:1	2	1	2:1
100	2007	20070	20170	2	1	2:1	2	1	2:1
100	2008	20080	20180	2	1	2:1	2	1	2:1
100	2009	20090	20190	2	1	2:1	2	1	2:1
100	2010	20100	20200	2	1	2:1	2	1	2:1
100	2011	20110	20210	2	1	2:1	2	1	2:1
100	2012	20120	20220	2	1	2:1	2	1	2:1
100	2013	20130	20230	2	1	2:1	2	1	2:1
100	2014	20140	20240	2	1	2:1	2	1	2:1
100	2015	20150	20250	2	1	2:1	2	1	2:1
100	2016	20160	20260	2	1	2:1	2	1	2:1
100	2017	20170	20270	2	1	2:1	2	1	2:1
100	2018	20180	20280	2	1	2:1	2	1	2:1
100	2019	20190	20290	2	1	2:1	2	1	2:1
100	2020	20200	20300	2	1	2:1	2	1	2:1
100	2021	20210	20310	2	1	2:1	2	1	2:1
100	2022	20220	20320	2	1	2:1	2	1	2:1
100	2023	20230	20330	2	1	2:1	2	1	2:1
100	2024	20240	20340	2	1	2:1	2	1	2:1
100	2025	20250	20350	2	1	2:1	2	1	2:1
100	2026	20260	20360	2	1	2:1	2	1	2:1
100	2027	20270	20370	2	1	2:1	2	1	2:1
100	2028	20280	20380	2	1	2:1	2	1	2:1
100	2029	20290	20390	2	1	2:1	2	1	2:1
100	2030	20300	20400	2	1	2:1	2	1	2:1
100	2031	20310	20410	2	1	2:1	2	1	2:1
100	2032	20320	20420	2	1	2:1	2	1	2:1
100	2033	20330	20430	2	1	2:1	2	1	2:1
100	2034	20340	20440	2	1	2:1	2	1	2:1
100	2035	20350	20450	2	1	2:1	2	1	2:1
100	2036	20360	20460	2	1	2:1	2	1	2:1
100	2037	20370	20470	2	1	2:1	2	1	2:1
100	2038	20380	20480	2	1	2:1	2	1	2:1
100	2039	20390	20490	2	1	2:1	2	1	2:1
100	2040	20400	20500	2	1	2:1	2	1	2:1
100	2041	20410	20510	2	1	2:1	2	1	2:1
100	2042	20420	20520	2	1	2:1	2	1	2:1
100	2043	20430	20530	2	1	2:1	2	1	2:1
100	2044	20440	20540	2	1	2:1	2	1	2:1
100	2045	20450	20550	2	1	2:1	2	1	2:1
100	2046	20460	20560	2	1	2:1	2	1	2:1
100	2047	20470	20570	2	1	2:1	2	1	2:1
100	2048	20480	20580	2	1	2:1	2	1	2:1
100	2049	20490	20590	2	1	2:1	2	1	2:1
100	2050	20500	20600	2	1	2:1	2	1	2:1
100	2051	20510	20610	2	1	2:1	2	1	2:1
100	2052	20520	20620	2	1	2:1	2	1	2:1
100	2053	20530	20630	2	1	2:1	2	1	2:1
100	2054	20540	20640	2	1	2:1	2	1	2:1
100	2055	20550	20650	2	1	2:1	2	1	2:1
100	2056	20560	20660	2	1	2:1	2	1	2:1
100	2057	20570	20670	2	1	2:1	2	1	2:1
100	2058	20580	20680	2	1	2:1	2	1	2:1
100	2059	20590	20690	2	1	2:1	2	1	2:1
100	2060	20600	20700	2	1	2:1	2	1	2:1
100	2061	20610	20710	2	1	2:1	2	1	2:1
100	2062	20620	20720	2	1	2:1	2	1	2:1
100	2063	20630	20730	2	1	2:1	2	1	2:1
100	2064	20640	20740	2	1	2:1	2	1	2:1
100	2065	20650	20750	2	1	2:1	2	1	2:1
100	2066	20660	20760	2	1	2:1	2	1	2:1
100	2067	20670	20770	2	1	2:1	2	1	2:1
100	2068	20680	20780	2	1	2:1	2	1	2:1
100	2069	20690	20790	2	1	2:1	2	1	2:1
100	2070	20700	20800	2	1	2:1	2	1	2:1
100	2071	20710	20810	2	1	2:1	2	1	2:1
100	2072	20720	20820	2	1	2:1	2	1	2:1
100	2073	20730	20830	2	1	2:1	2	1	2:1
100	2074	20740	20840	2	1	2:1	2	1	2:1
100	2075	20750	20850	2	1	2:1	2	1	2:1
100	2076	20760	20860	2	1	2:1	2	1	2:1
100	2077	20770	20870	2	1	2:1	2	1	2:1
100	2078	20780	20880	2	1	2:1	2	1	2:1
100	2079	20790	20890	2	1	2:1	2	1	2:1
100	2080	20800	20900	2	1	2:1	2	1	2:1
100	2081	20810	20910	2	1	2:1	2	1	2:1
100	2082	20820	20920	2	1	2:1	2	1	2:1
100	2083	20830	20930	2	1	2:1	2	1	2:1
100	2084	20840	20940	2	1	2:1	2	1	2:1
100	2085	20850	20950	2	1	2:1	2	1	2:1
100	2086	20860	20960	2	1	2:1	2	1	2:1
100	2087	20870	20970	2	1	2:1	2	1	2:1
100	2088	20880	20980	2	1	2:1	2	1	2:1
100	2089	20890	20990	2	1	2:1	2	1	2:1
100	2090	20900	21000	2	1	2:1	2	1	2:1
100	2091	20910	21010	2	1	2:1	2	1	2:1
100	2092	20920	21020	2	1	2:1	2	1	2:1
100	2093	20930	21030	2	1	2:1	2	1	2:1
100	2094	20940	21040	2	1	2:1	2	1	2:1
100	2095	20950	21050	2	1	2:1	2	1	2:1
100	2096	20960	21060	2	1	2:1	2	1	2:1
100	2097	20970	21070	2	1	2:1	2	1	2:1
100	2098	20980	21080	2	1	2:1	2	1	2:1
100	2099	20990	21090	2	1	2:1	2	1	2:1
100	2100	21000	21100	2	1	2:1	2	1	2:1
100	2101	21010	21110	2	1	2:1	2	1	2:1
100	2102	21020	21120	2	1	2:1	2	1	2:1
100	2103	21030	21130	2	1	2:1	2	1	2:1
100	2104	21040	21140	2	1	2:1	2	1	2:1
100	2105	21050	21150	2	1	2:1	2	1	2:1
100	2106	21060	21160	2	1	2:1	2	1	2:1
100	2107	21070	21170	2	1	2:1	2	1	2:1
100	2108	21080	21180	2	1	2:1	2	1	2:1
100	2109	21090	21190	2	1	2:1	2	1	2:1
100	2110	21100	21200	2	1	2:1	2	1	2:1
100	2111	21110	21210	2	1	2:1	2	1	2:1
100	2112	21120	21220	2	1	2:1	2	1	2:1
100	2113	21130	21230	2	1	2:1	2	1	2:1
100	2114	21140	21240	2	1	2:1	2	1	2:1
100	2115	21150	21250	2	1	2:1	2	1	2:1
100	2116	21160	21260	2	1	2:1	2	1	2:1
100	2117	21170	21270	2	1	2:1	2	1	2:1
100	2118	21180	21280	2	1	2:1	2	1	2:1
100	2119	21190	21290	2	1	2:1	2	1	2:1
100	2120	21200	21300	2	1	2:1	2	1	2:1
100	2121	21210	21310	2	1	2:1	2	1	2:1
100	2122	21220	21320	2	1	2:1	2	1	2:1
100	2123	21230	21330	2	1	2:1	2	1	2:1
100	2124	21240	21340	2	1	2:1	2	1	2:1
100	2125	21250	21350	2	1	2:1	2	1	2:1
100	2126	21260	21360	2	1	2:1	2	1	2:1
100	2127	21270	21370	2	1	2:1	2	1	2:1
100	2128	21280	21380	2	1	2:1	2	1	2:1
100	2129	21290	21390	2	1	2:1	2	1	2:1
100	2130	21300	21400	2	1	2:1	2	1	2:1
100	2131	21310	21410	2	1	2:1	2	1	2:1
100	2132	21320	21420	2	1	2:1	2	1	2:1
100	2133	21330	21430	2	1	2:1	2	1	2:1
100	2134	21340	21440	2	1	2:1	2	1	2:1
100	2135	21350	21450	2	1	2:1	2	1	2:1
100	2136	21360	21460	2	1	2:1	2	1	2:1
100	2137	21370	21470	2	1	2:1	2	1	2:1
100	2138	21380	21480	2	1	2:1	2	1	2:1
100	2139	21390	21490	2	1	2:1	2	1	2:1
100	2140	21400	21500	2	1	2:1	2	1	2:1
100	2141	21410	21510	2	1	2:1	2	1	2:1
100	2142	21420	21520	2	1	2:1	2	1	2:1
100	2143	21430	21530	2	1	2:1	2	1	2:1
100	2144	21440	21540	2	1	2:1	2	1	2:1
100	2145	21450	21550	2	1	2:1	2	1	2:1
100	2146	21460	21560	2	1	2:1	2	1	2:1
100	2147	21470	21570	2	1	2:1	2	1	2:1
100	2148	21480	21580	2	1	2:1	2	1	2:1
100	2149	21490	21590	2	1	2:1	2	1	2:1
100	2150	21500	21600	2	1	2:1	2	1	2:1
100	2151	21510	21610	2	1	2:1	2	1	2:1
100	2152	21520	21620	2	1	2:1	2	1	2:1
100	2153	21530	21630	2	1	2:1	2	1	2:1
100	2154	21540	21640	2	1	2:1	2	1	2:1
100	2155	21550	21650	2	1	2:1	2	1	2:1
100	2156	21560	21660	2	1	2:1	2	1	2:1
100	2157	21570	21670	2	1	2:1	2	1	2:1
100	2158	21580	21680	2	1	2:1	2	1	2:1
100	2159	21590	21690	2	1	2:1	2	1	2:1
100	2160	21600	21700	2	1	2:1	2	1	2:1
100	2161	21610	21710	2	1	2:1	2	1	2:1
100	2162	21620	21720	2	1	2:1	2	1	2:1
100	2163	21630	21730	2	1	2:1	2	1	2:1
100	2164	21640	21740	2	1	2:1	2	1	2:1
100	2165	21650	21750	2	1	2:1	2	1	2:1
100	2166	21660	21760	2	0.97	2:0.97,3:0.03	2	1	2:1
100	2167	21670	21770	2	0.87	2:0.87,3:0.13	2	1	2:1
100	2168	21680	21780	2	0.77	2:0.77,3:0.23	2	1	2:1
100	2169	21690	21790	2	0.67	2:0.67,3:0.33	2	1	2:1
100	2170	21700	21800	2	0.57	2:0.57,3:0.43	2	1	2:1
100	2171	21710	21810	3	0.53	2:0.47,3:0.53	2	1	2:1
100	2172	21720	21820	3	0.63	2:0.37,3:0.63	2	1	2:1
100	2173	21730	21830	3	0.73	2:0.27,3:0.73	2	1	2:1
100	2174	21740	21840	3	0.83	2:0.17,3:0.83	2	1	2:1
100	2175	21750	21850	3	0.93	2:0.07,3:0.93	2	1	2:1
100	2176	21760	21860	3	1	3:1	2	1	2:1
100	2177	21770	21870	3	1	3:1	2	1	2:1
100	2178	21780	21880	3	1	3:1	2	1	2:1
100	2179	21790	21890	3	1	3:1	2	1	2:1
100	2180	21800	21900	3	1	3:1	2	1	2:1
100	2181	21810	21910	3	1	3:1	2	1	2:1
100	2182	21820	21920	3	1	3:1	2	1	2:1
100	2183	21830	21930	3	1	3:1	2	1	2:1
100	2184	21840	21940	3	1	3:1	2	1	2:1
100	2185	21850	21950	3	1	3:1	2	1	2:1
100	2186	21860	21960	3	1	3:1	2	1	2:1
100	2187	21870	21970	3	1	3:1	2	1	2:1
100	2188	21880	21980	3	1	3:1	2	1	2:1
100	2189	21890	21990	3	1	3:1	2	1	2:1
100	2190	21900	22000	3	1	3:1	2	1	2:1
100	2191	21910	22010	3	1	3:1	2	1	2:1
100	2192	21920	22020	3	1	3:1	2	1	2:1
100	2193	21930	22030	3	1	3:1	2	1	2:1
100	2194	21940	22040	3	1	3:1	2	1	2:1
100	2195	21950	22050	3	1	3:1	2	1	2:1
100	2196	21960	22060	3	1	3:1	2	1	2:1
100	2197	21970	22070	3	1	3:1	2	1	2:1
100	2198	21980	22080	3	1	3:1	2	1	2:1
100	2199	21990	22090	3	1	3:1	2	1	2:1
100	2200	22000	22100	3	1	3:1	2	1	2:1
100	2201	22010	22110	3	1	3:1	2	1	2:1
100	2202	22020	22120	3	1	3:1	2	1	2:1
100	2203	22030	22130	3	1	3:1	2	1	2:1
100	2204	22040	22140	3	1	3:1	2	1	2:1
100	2205	22050	22150	3	1	3:1	2	1	2:1
100	2206	22060	22160	3	1	3:1	2	1	2:1
100	2207	22070	22170	3	1	3:1	2	1	2:1
100	2208	22080	22180	3	1	3:1	2	1	2:1
100	2209	22090	22190	3	1	3:1	2	1	2:1
100	2210	22100	22200	3	1	3:1	2	1	2:1
100	2211	22110	22210	3	1	3:1	2	1	2:1
100	2212	22120	22220	3	1	3:1	2	1	2:1
100	2213	22130	22230	3	1	3:1	2	1	2:1
100	2214	22140	22240	3	1	3:1	2	1	2:1
100	2215	22150	22250	3	1	3:1	2	1	2:1
100	2216	22160	22260	3	1	3:1	2	1	2:1
100	2217	22170	22270	3	1	3:1	2	0.9	2:0.9,4:0.1
100	2218	22180	22280	3	1	3:1	2	0.8	2:0.8,4:0.2
100	2219	22190	22290	3	1	3:1	2	0.7	2:0.7,4:0.3
100	2220	22200	22300	3	1	3:1	2	0.6	2:0.6,4:0.4
100	2221	22210	22310	3	1	3:1	2	0.5	2:0.5,4:0.5
100	2222	22220	22320	3	1	3:1	4	0.6	2:0.4,4:0.6
100	2223	22230	22330	3	1	3:1	4	0.7	2:0.3,4:0.7
100	2224	22240	22340	3	1	3:1	4	0.8	2:0.2,4:0.8
100	2225	22250	22350	3	1	3:1	4	0.9	2:0.1,4:0.9
100	2226	22260	22360	3	1	3:1	4	1	4:1
100	2227	22270	22370	3	1	3:1	4	1	4:1
100	2228	22280	22380	3	1	3:1	4	1	4:1
100	2229	22290	22390	3	1	3:1	4	1	4:1
100	2230	22300	22400	3	1	3:1	4	1	4:1
100	2231	22310	22410	3	1	3:1	4	1	4:1
100	2232	22320	22420	3	1	3:1	4	1	4:1
100	2233	22330	22430	3	1	3:1	4	1	4:1
100	2234	22340	22440	3	1	3:1	4	1	4:1
100	2235	22350	22450	3	1	3:1	4	1	4:1
100	2236	22360	22460	3	1	3:1	4	1	4:1
100	2237	22370	22470	3	1	3:1	4	1	4:1
100	2238	22380	22480	3	1	3:1	4	1	4:1
100	2239	22390	22490	3	1	3:1	4	1	4:1
100	2240	22400	22500	3	1	3:1	4	1	4:1
100	2241	22410	22510	3	1	3:1	4	1	4:1
100	2242	22420	22520	3	1	3:1	4	1	4:1
100	2243	22430	22530	3	1	3:1	4	1	4:1
100	2244	22440	22540	3	1	3:1	4	1	4:1
100	2245	22450	22550	3	1	3:1	4	1	4:1
100	2246	22460	22560	3	1	3:1	4	1	4:1
100	2247	22470	22570	3	1	3:1	4	1	4:1
100	2248	22480	22580	3	1	3:1	4	1	4:1
100	2249	22490	22590	3	1	3:1	4	1	4:1
100	2250	22500	22600	3	1	3:1	4	1	4:1
100	2251	22510	22610	3	1	3:1	4	1	4:1
100	2252	22520	22620	3	1	3:1	4	1	4:1
100	2253	22530	22630	3	1	3:1	4	1	4:1
100	2254	22540	22640	3	1	3:1	4	1	4:1
100	2255	22550	22650	3	1	3:1	4	1	4:1
100	2256	22560	22660	3	1	3:1	4	1	4:1
100	2257	22570	22670	3	1	3:1	4	1	4:1
100	2258	22580	22680	3	1	3:1	4	1	4:1
100	2259	22590	22690	3	1	3:1	4	1	4:1
100	2260	22600	22700	3	1	3:1	4	1	4:1
100	2261	22610	22710	3	1	3:1	4	1	4:1
100	2262	22620	22720	3	1	3:1	4	1	4:1
100	2263	22630	22730	3	1	3:1	4	1	4:1
100	2264	22640	22740	3	1	3:1	4	1	4:1
100	2265	22650	22750	3	1	3:1	4	1	4:1
100	2266	22660	22760	3	1	3:1	4	1	4:1
100	2267	22670	22770	3	1	3:1	4	1	4:1
100	2268	22680	22780	3	1	3:1	4	1	4:1
100	2269	22690	22790	3	1	3:1	4	1	4:1
100	2270	22700	22800	3	1	3:1	4	1	4:1
100	2271	22710	22810	3	1	3:1	4	0.9	2:0.1,4:0.9
100	2272	22720	22820	3	1	3:1	4	0.8	2:0.2,4:0.8
100	2273	22730	22830	3	1	3:1	4	0.7	2:0.3,4:0.7
100	2274	22740	22840	3	1	3:1	4	0.6	2:0.4,4:0.6
100	2275	22750	22850	3	1	3:1	2	0.5	2:0.5,4:0.5
100	2276	22760	22860	3	1	3:1	2	0.6	2:0.6,4:0.4
100	2277	22770	22870	3	1	3:1	2	0.7	2:0.7,4:0.3
100	2278	22780	22880	3	1	3:1	2	0.8	2:0.8,4:0.2
100	2279	22790	22890	3	1	3:1	2	0.9	2:0.9,4:0.1
100	2280	22800	22900	3	1	3:1	2	1	2:1
100	2281	22810	22910	3	1	3:1	2	1	2:1
100	2282	22820	22920	3	1	3:1	2	1	2:1
100	2283	22830	22930	3	1	3:1	2	1	2:1
100	2284	22840	22940	3	1	3:1	2	1	2:1
100	2285	22850	22950	3	1	3:1	2	1	2:1
100	2286	22860	22960	3	1	3:1	2	1	2:1
100	2287	22870	22970	3	1	3:1	2	1	2:1
100	2288	22880	22980	3	1	3:1	2	1	2:1
100	2289	22890	22990	3	1	3:1	2	1	2:1
100	2290	22900	23000	3	1	3:1	2	1	2:1
100	2291	22910	23010	3	1	3:1	2	1	2:1
100	2292	22920	23020	3	1	3:1	2	1	2:1
100	2293	22930	23030	3	1	3:1	2	1	2:1
100	2294	22940	23040	3	1	3:1	2	1	2:1
100	2295	22950	23050	3	1	3:1	2	1	2:1
100	2296	22960	23060	3	1	3:1	2	1	2:1
100	2297	22970	23070	3	1	3:1	2	1	2:1
100	2298	22980	23080	3	1	3:1	2	1	2:1
100	2299	22990	23090	3	1	3:1	2	1	2:1
100	2300	23000	23100	3	1	3:1	2	1	2:1
100	2301	23010	23110	3	1	3:1	2	1	2:1
100	2302	23020	23120	3	1	3:1	2	1	2:1
100	2303	23030	23130	3	1	3:1	2	1	2:1
100	2304	23040	23140	3	1	3:1	2	1	2:1
100	2305	23050	23150	3	1	3:1	2	1	2:1
100	2306	23060	23160	3	1	3:1	2	1	2:1
100	2307	23070	23170	3	1	3:1	2	1	2:1
100	2308	23080	23180	3	1	3:1	2	1	2:1
100	2309	23090	23190	3	1	3:1	2	1	2:1
100	2310	23100	23200	3	1	3:1	2	1	2:1
100	2311	23110	23210	3	1	3:1	2	1	2:1
100	2312	23120	23220	3	1	3:1	2	1	2:1
100	2313	23130	23230	3	1	3:1	2	1	2:1
100	2314	23140	23240	3	1	3:1	2	1	2:1
100	2315	23150	23250	3	1	3:1	2	1	2:1
100	2316	23160	23260	3	1	3:1	2	1	2:1
100	2317	23170	23270	3	1	3:1	2	1	2:1
100	2318	23180	23280	3	1	3:1	2	1	2:1
100	2319	23190	23290	3	1	3:1	2	1	2:1
100	2320	23200	23300	3	1	3:1	2	1	2:1
100	2321	23210	23310	3	1	3:1	2	1	2:1
100	2322	23220	23320	3	1	3:1	2	1	2:1
100	2323	23230	23330	3	1	3:1	2	1	2:1
100	2324	23240	23340	3	1	3:1	2	1	2:1
100	2325	23250	23350	3	1	3:1	2	1	2:1
100	2326	23260	23360	3	1	3:1	2	1	2:1
100	2327	23270	23370	3	1	3:1	2	1	2:1
100	2328	23280	23380	3	1	3:1	2	1	2:1
100	2329	23290	23390	3	1	3:1	2	1	2:1
100	2330	23300	23400	3	1	3:1	2	1	2:1
100	2331	23310	23410	3	1	3:1	2	1	2:1
100	2332	23320	23420	3	1	3:1	2	1	2:1
100	2333	23330	23430	3	1	3:1	2	1	2:1
100	2334	23340	23440	3	1	3:1	2	1	2:1
100	2335	23350	23450	3	1	3:1	2	1	2:1
100	2336	23360	23460	3	1	3:1	2	1	2:1
100	2337	23370	23470	3	1	3:1	2	1	2:1
100	2338	23380	23480	3	1	3:1	2	1	2:1
100	2339	23390	23490	3	1	3:1	2	1	2:1
100	2340	23400	23500	3	1	3:1	2	1	2:1
100	2341	23410	23510	3	1	3:1	2	1	2:1
100	2342	23420	23520	3	1	3:1	2	1	2:1
100	2343	23430	23530	3	1	3:1	2	1	2:1
100	2344	23440	23540	3	1	3:1	2	1	2:1
100	2345	23450	23550	3	1	3:1	2	1	2:1
100	2346	23460	23560	3	1	3:1	2	1	2:1
100	2347	23470	23570	3	1	3:1	2	1	2:1
100	2348	23480	23580	3	1	3:1	2	1	2:1
100	2349	23490	23590	3	1	3:1	2	1	2:1
100	2350	23500	23600	3	1	3:1	2	1	2:1
100	2351	23510	23610	3	1	3:1	2	1	2:1
100	2352	23520	23620	3	1	3:1	2	1	2:1
100	2353	23530	23630	3	1	3:1	2	1	2:1
100	2354	23540	23640	3	1	3:1	2	1	2:1
100	2355	23550	23650	3	1	3:1	2	1	2:1
100	2356	23560	23660	3	1	3:1	2	1	2:1
100	2357	23570	23670	3	1	3:1	2	1	2:1
100	2358	23580	23680	3	1	3:1	2	1	2:1
100	2359	23590	23690	3	1	3:1	2	1	2:1
100	2360	23600	23700	3	1	3:1	2	1	2:1
100	2361	23610	23710	3	1	3:1	2	1	2:1
100	2362	23620	23720	3	1	3:1	2	1	2:1
100	2363	23630	23730	3	1	3:1	2	1	2:1
100	2364	23640	23740	3	1	3:1	2	1	2:1
100	2365	23650	23750	3	1	3:1	2	1	2:1
100	2366	23660	23760	3	1	3:1	2	1	2:1
100	2367	23670	23770	3	1	3:1	2	1	2:1
100	2368	23680	23780	3	1	3:1	2	1	2:1
100	2369	23690	23790	3	1	3:1	2	1	2:1
100	2370	23700	23800	3	1	3:1	2	1	2:1
100	2371	23710	23810	3	1	3:1	2	1	2:1
100	2372	23720	23820	3	1	3:1	2	1	2:1
100	2373	23730	23830	3	1	3:1	2	1	2:1
100	2374	23740	23840	3	1	3:1	2	1	2:1
100	2375	23750	23850	3	1	3:1	2	1	2:1
100	2376	23760	23860	3	1	3:1	2	1	2:1
100	2377	23770	23870	3	1	3:1	2	1	2:1
100	2378	23780	23880	3	1	3:1	2	1	2:1
100	2379	23790	23890	3	1	3:1	2	1	2:1
100	2380	23800	23900	3	1	3:1	2	1	2:1
100	2381	23810	23910	3	1	3:1	2	1	2:1
100	2382	23820	23920	3	1	3:1	2	1	2:1
100	2383	23830	23930	3	1	3:1	2	1	2:1
100	2384	23840	23940	3	1	3:1	2	1	2:1
100	2385	23850	23950	3	1	3:1	2	1	2:1
100	2386	23860	23960	3	1	3:1	2	1	2:1
100	2387	23870	23970	3	1	3:1	2	1	2:1
100	2388	23880	23980	3	1	3:1	2	1	2:1
100	2389	23890	23990	3	1	3:1	2	1	2:1
100	2390	23900	24000	3	1	3:1	2	1	2:1
100	2391	23910	24010	3	1	3:1	2	1	2:1
100	2392	23920	24020	3	1	3:1	2	1	2:1
100	2393	23930	24030	3	1	3:1	2	1	2:1
100	2394	23940	24040	3	1	3:1	2	1	2:1
100	2395	23950	24050	3	1	3:1	2	1	2:1
100	2396	23960	24060	3	1	3:1	2	1	2:1
100	2397	23970	24070	3	1	3:1	2	1	2:1
100	2398	23980	24080	3	1	3:1	2	1	2:1
100	2399	23990	24090	3	1	3:1	2	1	2:1
100	2400	24000	24100	3	1	3:1	2	1	2:1
100	2401	24010	24110	3	1	3:1	2	1	2:1
100	2402	24020	24120	3	1	3:1	2	1	2:1
100	2403	24030	24130	3	1	3:1	2	1	2:1
100	2404	24040	24140	3	1	3:1	2	1	2:1
100	2405	24050	24150	3	1	3:1	2	1	2:1
100	2406	24060	24160	3	0.92	3:0.92,4:0.08	2	0.92	1:0.08,2:0.92
100	2407	24070	24170	3	0.82	3:0.82,4:0.18	2	0.82	1:0.18,2:0.82
100	2408	24080	24180	3	0.72	3:0.72,4:0.28	2	0.72	1:0.28,2:0.72
100	2409	24090	24190	3	0.62	3:0.62,4:0.38	2	0.62	1:0.38,2:0.62
100	2410	24100	24200	3	0.52	3:0.52,4:0.48	2	0.52	1:0.48,2:0.52
100	2411	24110	24210	4	0.58	3:0.42,4:0.58	1	0.58	1:0.58,2:0.42
100	2412	24120	24220	4	0.68	3:0.32,4:0.68	1	0.68	1:0.68,2:0.32
100	2413	24130	24230	4	0.78	3:0.22,4:0.78	1	0.78	1:0.78,2:0.22
100	2414	24140	24240	4	0.88	3:0.12,4:0.88	1	0.88	1:0.88,2:0.12
100	2415	24150	24250	4	0.98	3:0.02,4:0.98	1	0.98	1:0.98,2:0.02
100	2416	24160	24260	4	1	4:1	1	1	1:1
100	2417	24170	24270	4	1	4:1	1	1	1:1
100	2418	24180	24280	4	1	4:1	1	1	1:1
100	2419	24190	24290	4	1	4:1	1	1	1:1
100	2420	24200	24300	4	1	4:1	1	1	1:1
100	2421	24210	24310	4	1	4:1	1	1	1:1
100	2422	24220	24320	4	1	4:1	1	1	1:1
100	2423	24230	24330	4	1	4:1	1	1	1:1
100	2424	24240	24340	4	1	4:1	1	1	1:1
100	2425	24250	24350	4	1	4:1	1	1	1:1
100	2426	24260	24360	4	1	4:1	1	1	1:1
100	2427	24270	24370	4	1	4:1	1	1	1:1
100	2428	24280	24380	4	1	4:1	1	1	1:1
100	2429	24290	24390	4	1	4:1	1	1	1:1
100	2430	24300	24400	4	1	4:1	1	1	1:1
100	2431	24310	24410	4	1	4:1	1	1	1:1
100	2432	24320	24420	4	1	4:1	1	1	1:1
100	2433	24330	24430	4	1	4:1	1	1	1:1
100	2434	24340	24440	4	1	4:1	1	1	1:1
100	2435	24350	24450	4	1	4:1	1	1	1:1
100	2436	24360	24460	4	1	4:1	1	1	1:1
100	2437	24370	24470	4	1	4:1	1	1	1:1
100	2438	24380	24480	4	1	4:1	1	1	1:1
100	2439	24390	24490	4	1	4:1	1	1	1:1
100	2440	24400	24500	4	1	4:1	1	1	1:1
100	2441	24410	24510	4	1	4:1	1	1	1:1
100	2442	24420	24520	4	1	4:1	1	1	1:1
100	2443	24430	24530	4	1	4:1	1	1	1:1
100	2444	24440	24540	4	1	4:1	1	1	1:1
100	2445	24450	24550	4	1	4:1	1	1	1:1
100	2446	24460	24560	4	1	4:1	1	1	1:1
100	2447	24470	24570	4	1	4:1	1	1	1:1
100	2448	24480	24580	4	1	4:1	1	1	1:1
100	2449	24490	24590	4	1	4:1	1	1	1:1
100	2450	24500	24600	4	1	4:1	1	1	1:1
100	2451	24510	24610	4	1	4:1	1	1	1:1
100	2452	24520	24620	4	1	4:1	1	1	1:1
100	2453	24530	24630	4	1	4:1	1	1	1:1
100	2454	24540	24640	4	1	4:1	1	1	1:1
100	2455	24550	24650	4	1	4:1	1	1	1:1
100	2456	24560	24660	4	1	4:1	1	1	1:1
100	2457	24570	24670	4	1	4:1	1	1	1:1
100	2458	24580	24680	4	1	4:1	1	1	1:1
100	2459	24590	24690	4	1	4:1	1	1	1:1
100	2460	24600	24700	4	1	4:1	1	1	1:1
100	2461	24610	24710	4	1	4:1	1	1	1:1
100	2462	24620	24720	4	1	4:1	1	1	1:1
100	2463	24630	24730	4	1	4:1	1	1	1:1
100	2464	24640	24740	4	1	4:1	1	1	1:1
100	2465	24650	24750		0		1	1	1:1
100	2466	24660	24760		0		1	1	1:1
100	2467	24670	24770		0		1	1	1:1
100	2468	24680	24780		0		1	1	1:1
100	2469	24690	24790		0		1	1	1:1
100	2470	24700	24800		0		1	1	1:1
100	2471	24710	24810		0		1	1	1:1
100	2472	24720	24820		0		1	1	1:1
100	2473	24730	24830		0		1	1	1:1
100	2474	24740	24840		0		1	1	1:1
100	2475	24750	24850		0		1	1	1:1
100	2476	24760	24860		0		1	1	1:1
100	2477	24770	24870		0		1	1	1:1
100	2478	24780	24880		0		1	1	1:1
100	2479	24790	24890		0		1	1	1:1
100	2480	24800	24900		0		1	1	1:1
100	2481	24810	24910		0		1	1	1:1
100	2482	24820	24920		0		1	1	1:1
100	2483	24830	24930		0		1	1	1:1
100	2484	24840	24940		0		1	1	1:1
100	2485	24850	24950		0		1	1	1:1
100	2486	24860	24960		0		1	1	1:1
100	2487	24870	24970		0		1	1	1:1
100	2488	24880	24980		0		1	1	1:1
100	2489	24890	24990		0		1	1	1:1
100	2490	24900	25000		0		1	1	1:1
100	2491	24910	25010		0		1	1	1:1
100	2492	24920	25020		0		1	1	1:1
100	2493	24930	25030		0		1	1	1:1
100	2494	24940	25040		0		1	1	1:1
100	2495	24950	25050		0		1	1	1:1
100	2496	24960	25060		0		1	1	1:1
100	2497	24970	25070		0		1	1	1:1
100	2498	24980	25080		0		1	1	1:1
100	2499	24990	25090		0		1	1	1:1
100	2500	25000	25100		0		1	1	1:1
100	2501	25010	25110		0		1	1	1:1
100	2502	25020	25120		0		1	1	1:1
100	2503	25030	25130		0		1	1	1:1
100	2504	25040	25140		0		1	1	1:1
100	2505	25050	25150		0		1	1	1:1
100	2506	25060	25160		0		1	1	1:1
100	2507	25070	25170		0		1	1	1:1
100	2508	25080	25180		0		1	1	1:1
100	2509	25090	25190		0		1	1	1:1
100	2510	25100	25200		0		1	1	1:1
100	2511	25110	25210		0		1	1	1:1
100	2512	25120	25220		0		1	1	1:1
100	2513	25130	25230		0		1	1	1:1
100	2514	25140	25240		0		1	1	1:1
100	2515	25150	25250		0		1	1	1:1
100	2516	25160	25260		0		1	1	1:1
100	2517	25170	25270		0		1	1	1:1
100	2518	25180	25280		0		1	1	1:1
100	2519	25190	25290		0		1	1	1:1
100	2520	25200	25300		0		1	1	1:1
100	2521	25210	25310		0		1	1	1:1
100	2522	25220	25320		0		1	1	1:1
100	2523	25230	25330		0		1	1	1:1
100	2524	25240	25340		0		1	1	1:1
100	2525	25250	25350		0		1	1	1:1
100	2526	25260	25360		0		1	1	1:1
100	2527	25270	25370		0		1	1	1:1
100	2528	25280	25380		0		1	1	1:1
100	2529	25290	25390		0		1	1	1:1
100	2530	25300	25400		0		1	1	1:1
100	2531	25310	25410		0		1	1	1:1
100	2532	25320	25420		0		1	1	1:1
100	2533	25330	25430		0		1	1	1:1
100	2534	25340	25440		0		1	1	1:1
100	2535	25350	25450		0		1	1	1:1
100	2536	25360	25460		0		1	1	1:1
100	2537	25370	25470		0		1	1	1:1
100	2538	25380	25480		0		1	1	1:1
100	2539	25390	25490		0		1	1	1:1
100	2540	25400	25500		0		1	1	1:1
100	2541	25410	25510		0		1	1	1:1
100	2542	25420	25520		0		1	1	1:1
100	2543	25430	25530		0		1	1	1:1
100	2544	25440	25540		0		1	1	1:1
100	2545	25450	25550		0		1	1	1:1
100	2546	25460	25560		0		1	1	1:1
100	2547	25470	25570		0		1	1	1:1
100	2548	25480	25580		0		1	1	1:1
100	2549	25490	25590		0		1	1	1:1
100	2550	25500	25600		0		1	1	1:1
100	2551	25510	25610		0		1	1	1:1
100	2552	25520	25620		0		1	1	1:1
100	2553	25530	25630		0		1	1	1:1
100	2554	25540	25640	4	1	4:1	1	1	1:1
100	2555	25550	25650	4	1	4:1	1	1	1:1
100	2556	25560	25660	4	1	4:1	1	1	1:1
100	2557	25570	25670	4	1	4:1	1	1	1:1
100	2558	25580	25680	4	1	4:1	1	1	1:1
100	2559	25590	25690	4	1	4:1	1	1	1:1
100	2560	25600	25700	4	1	4:1	1	1	1:1
100	2561	25610	25710	4	1	4:1	1	1	1:1
100	2562	25620	25720	4	1	4:1	1	1	1:1
100	2563	25630	25730	4	1	4:1	1	1	1:1
100	2564	25640	25740	4	1	4:1	1	1	1:1
100	2565	25650	25750	4	1	4:1	1	1	1:1
100	2566	25660	25760	4	1	4:1	1	1	1:1
100	2567	25670	25770	4	1	4:1	1	1	1:1
100	2568	25680	25780	4	1	4:1	1	1	1:1
100	2569	25690	25790	4	1	4:1	1	1	1:1
100	2570	25700	25800	4	1	4:1	1	1	1:1
100	2571	25710	25810	4	1	4:1	1	1	1:1
100	2572	25720	25820	4	1	4:1	1	1	1:1
100	2573	25730	25830	4	1	4:1	1	1	1:1
100	2574	25740	25840	4	1	4:1	1	1	1:1
100	2575	25750	25850	4	1	4:1	1	1	1:1
100	2576	25760	25860	4	1	4:1	1	1	1:1
100	2577	25770	25870	4	1	4:1	1	1	1:1
100	2578	25780	25880	4	0.92	4:0.92,5:0.08	1	0.92	1:0.92,3:0.08
100	2579	25790	25890	4	0.82	4:0.82,5:0.18	1	0.82	1:0.82,3:0.18
100	2580	25800	25900	4	0.72	4:0.72,5:0.28	1	0.72	1:0.72,3:0.28
100	2581	25810	25910	4	0.62	4:0.62,5:0.38	1	0.62	1:0.62,3:0.38
100	2582	25820	25920	4	0.52	4:0.52,5:0.48	1	0.52	1:0.52,3:0.48
100	2583	25830	25930	5	0.58	4:0.42,5:0.58	3	0.58	1:0.42,3:0.58
100	2584	25840	25940	5	0.68	4:0.32,5:0.68	3	0.68	1:0.32,3:0.68
100	2585	25850	25950	5	0.78	4:0.22,5:0.78	3	0.78	1:0.22,3:0.78
100	2586	25860	25960	5	0.88	4:0.12,5:0.88	3	0.88	1:0.12,3:0.88
100	2587	25870	25970	5	0.98	4:0.02,5:0.98	3	0.98	1:0.02,3:0.98
100	2588	25880	25980	5	1	5:1	3	1	3:1
100	2589	25890	25990	5	1	5:1	3	1	3:1
100	2590	25900	26000	5	1	5:1	3	1	3:1
100	2591	25910	26010	5	1	5:1	3	1	3:1
100	2592	25920	26020	5	1	5:1	3	1	3:1
100	2593	25930	26030	5	1	5:1	3	1	3:1
100	2594	25940	26040	5	1	5:1	3	1	3:1
100	2595	25950	26050	5	1	5:1	3	1	3:1
100	2596	25960	26060	5	1	5:1	3	1	3:1
100	2597	25970	26070	5	1	5:1	3	1	3:1
100	2598	25980	26080	5	1	5:1	3	1	3:1
100	2599	25990	26090	5	1	5:1	3	1	3:1
100	2600	26000	26100	5	1	5:1	3	1	3:1
100	2601	26010	26110	5	1	5:1	3	1	3:1
100	2602	26020	26120	5	1	5:1	3	1	3:1
100	2603	26030	26130	5	1	5:1	3	1	3:1
100	2604	26040	26140	5	1	5:1	3	1	3:1
100	2605	26050	26150	5	1	5:1	3	1	3:1
100	2606	26060	26160	5	1	5:1	3	1	3:1
100	2607	26070	26170	5	1	5:1	3	1	3:1
100	2608	26080	26180	5	1	5:1	3	1	3:1
100	2609	26090	26190	5	1	5:1	3	1	3:1
100	2610	26100	26200	5	1	5:1	3	1	3:1
100	2611	26110	26210	5	1	5:1	3	1	3:1
100	2612	26120	26220	5	1	5:1	3	1	3:1
100	2613	26130	26230	5	1	5:1	3	1	3:1
100	2614	26140	26240	5	1	5:1	3	1	3:1
100	2615	26150	26250	5	1	5:1	3	1	3:1
100	2616	26160	26260	5	1	5:1	3	1	3:1
100	2617	26170	26270	5	1	5:1	3	1	3:1
100	2618	26180	26280	5	1	5:1	3	1	3:1
100	2619	26190	26290	5	1	5:1	3	1	3:1
100	2620	26200	26300	5	1	5:1	3	1	3:1
100	2621	26210	26310	5	1	5:1	3	1	3:1
100	2622	26220	26320	5	1	5:1	3	1	3:1
100	2623	26230	26330	5	1	5:1	3	1	3:1
100	2624	26240	26340	5	1	5:1	3	1	3:1
100	2625	26250	26350	5	1	5:1	3	1	3:1
100	2626	26260	26360	5	1	5:1	3	1	3:1
100	2627	26270	26370	5	1	5:1	3	1	3:1
100	2628	26280	26380	5	1	5:1	3	1	3:1
100	2629	26290	26390	5	1	5:1	3	1	3:1
100	2630	26300	26400	5	1	5:1	3	1	3:1
100	2631	26310	26410	5	0.97	4:0.03,5:0.97	3	0.97	1:0.03,3:0.97
100	2632	26320	26420	5	0.87	4:0.13,5:0.87	3	0.87	1:0.13,3:0.87
100	2633	26330	26430	5	0.77	4:0.23,5:0.77	3	0.77	1:0.23,3:0.77
100	2634	26340	26440	5	0.67	4:0.33,5:0.67	3	0.67	1:0.33,3:0.67
100	2635	26350	26450	5	0.57	4:0.43,5:0.57	3	0.57	1:0.43,3:0.57
100	2636	26360	26460	4	0.53	4:0.53,5:0.47	1	0.53	1:0.53,3:0.47
100	2637	26370	26470	4	0.63	4:0.63,5:0.37	1	0.63	1:0.63,3:0.37
100	2638	26380	26480	4	0.73	4:0.73,5:0.27	1	0.73	1:0.73,3:0.27
100	2639	26390	26490	4	0.83	4:0.83,5:0.17	1	0.83	1:0.83,3:0.17
100	2640	26400	26500	4	0.93	4:0.93,5:0.07	1	0.93	1:0.93,3:0.07
100	2641	26410	26510	4	1	4:1	1	1	1:1
100	2642	26420	26520	4	1	4:1	1	1	1:1
100	2643	26430	26530	4	1	4:1	1	1	1:1
100	2644	26440	26540	4	1	4:1	1	1	1:1
100	2645	26450	26550	4	1	4:1	1	1	1:1
100	2646	26460	26560	4	1	4:1	1	1	1:1
100	2647	26470	26570	4	1	4:1	1	1	1:1
100	2648	26480	26580	4	1	4:1	1	1	1:1
100	2649	26490	26590	4	1	4:1	1	1	1:1
100	2650	26500	26600	4	1	4:1	1	1	1:1
100	2651	26510	26610	4	1	4:1	1	1	1:1
100	2652	26520	26620	4	1	4:1	1	1	1:1
100	2653	26530	26630	4	1	4:1	1	1	1:1
100	2654	26540	26640	4	1	4:1	1	1	1:1
100	2655	26550	26650		0		1	1	1:1
100	2656	26560	26660		0		1	1	1:1
100	2657	26570	26670		0		1	1	1:1
100	2658	26580	26680		0		1	1	1:1
100	2659	26590	26690		0		1	1	1:1
100	2660	26600	26700		0		1	1	1:1
100	2661	26610	26710		0		1	1	1:1
100	2662	26620	26720		0		1	1	1:1
100	2663	26630	26730		0		1	1	1:1
100	2664	26640	26740		0		1	1	1:1
100	2665	26650	26750		0		1	1	1:1
100	2666	26660	26760		0		1	1	1:1
100	2667	26670	26770		0		1	1	1:1
100	2668	26680	26780		0		1	1	1:1
100	2669	26690	26790		0		1	1	1:1
100	2670	26700	26800		0		1	1	1:1
100	2671	26710	26810		0		1	1	1:1
100	2672	26720	26820		0		1	1	1:1
100	2673	26730	26830		0		1	1	1:1
100	2674	26740	26840		0		1	1	1:1
100	2675	26750	26850		0		1	1	1:1
100	2676	26760	26860		0		1	1	1:1
100	2677	26770	26870		0		1	1	1:1
100	2678	26780	26880		0		1	1	1:1
100	2679	26790	26890		0		1	1	1:1
100	2680	26800	26900		0		1	1	1:1
100	2681	26810	26910		0		1	1	1:1
100	2682	26820	26920		0		1	1	1:1
100	2683	26830	26930		0		1	1	1:1
100	2684	26840	26940		0		1	1	1:1
100	2685	26850	26950		0		1	1	1:1
100	2686	26860	26960		0		1	1	1:1
100	2687	26870	26970		0		1	1	1:1
100	2688	26880	26980		0		1	1	1:1
100	2689	26890	26990		0		1	1	1:1
100	2690	26900	27000		0		1	1	1:1
100	2691	26910	27010		0		1	1	1:1
100	2692	26920	27020		0		1	1	1:1
100	2693	26930	27030		0		1	1	1:1
100	2694	26940	27040		0		1	1	1:1
100	2695	26950	27050		0		1	1	1:1
100	2696	26960	27060		0		1	1	1:1
100	2697	26970	27070		0		1	1	1:1
100	2698	26980	27080		0		1	1	1:1
100	2699	26990	27090		0		1	1	1:1
100	2700	27000	27100		0		1	1	1:1
100	2701	27010	27110		0		1	1	1:1
100	2702	27020	27120		0		1	1	1:1
100	2703	27030	27130		0		1	1	1:1
100	2704	27040	27140		0		1	1	1:1
100	2705	27050	27150		0		1	1	1:1
100	2706	27060	27160		0		1	1	1:1
100	2707	27070	27170		0		1	1	1:1
100	2708	27080	27180		0		1	1	1:1
100	2709	27090	27190		0		1	1	1:1
100	2710	27100	27200		0		1	1	1:1
100	2711	27110	27210		0		1	1	1:1
100	2712	27120	27220		0		1	1	1:1
100	2713	27130	27230		0		1	1	1:1
100	2714	27140	27240		0		1	1	1:1
100	2715	27150	27250		0		1	1	1:1
100	2716	27160	27260		0		1	1	1:1
100	2717	27170	27270		0		1	1	1:1
100	2718	27180	27280		0		1	1	1:1
100	2719	27190	27290		0		1	1	1:1
100	2720	27200	27300		0		1	1	1:1
100	2721	27210	27310		0		1	1	1:1
100	2722	27220	27320		0		1	1	1:1
100	2723	27230	27330		0		1	1	1:1
100	2724	27240	27340		0		1	1	1:1
100	2725	27250	27350		0		1	1	1:1
100	2726	27260	27360		0		1	1	1:1
100	2727	27270	27370		0		1	1	1:1
100	2728	27280	27380		0		1	1	1:1
100	2729	27290	27390		0		1	1	1:1
100	2730	27300	27400		0		1	1	1:1
100	2731	27310	27410		0		1	1	1:1
100	2732	27320	27420		0		1	1	1:1
100	2733	27330	27430		0		1	1	1:1
100	2734	27340	27440		0		1	1	1:1
100	2735	27350	27450		0		1	1	1:1
100	2736	27360	27460		0		1	1	1:1
100	2737	27370	27470		0		1	1	1:1
100	2738	27380	27480		0		1	1	1:1
100	2739	27390	27490		0		1	1	1:1
100	2740	27400	27500		0		1	1	1:1
100	2741	27410	27510		0		1	1	1:1
100	2742	27420	27520		0		1	1	1:1
100	2743	27430	27530		0		1	1	1:1
100	2744	27440	27540		0		1	1	1:1
100	2745	27450	27550		0		1	1	1:1
100	2746	27460	27560		0		1	1	1:1
100	2747	27470	27570		0		1	1	1:1
100	2748	27480	27580		0		1	1	1:1
100	2749	27490	27590		0		1	1	1:1
100	2750	27500	27600		0		1	1	1:1
100	2751	27510	27610		0		1	1	1:1
100	2752	27520	27620		0		1	1	1:1
100	2753	27530	27630		0		1	1	1:1
100	2754	27540	27640		0		1	1	1:1
100	2755	27550	27650		0		1	1	1:1
100	2756	27560	27660		0		1	1	1:1
100	2757	27570	27670		0		1	1	1:1
100	2758	27580	27680		0		1	1	1:1
100	2759	27590	27690		0		1	1	1:1
100	2760	27600	27700		0		1	1	1:1
100	2761	27610	27710		0		1	1	1:1
100	2762	27620	27720		0		1	1	1:1
100	2763	27630	27730		0		1	1	1:1
100	2764	27640	27740		0		1	1	1:1
100	2765	27650	27750		0		1	1	1:1
100	2766	27660	27760		0		1	1	1:1
100	2767	27670	27770		0		1	1	1:1
100	2768	27680	27780		0		1	1	1:1
100	2769	27690	27790		0		1	1	1:1
100	2770	27700	27800		0		1	1	1:1
100	2771	27710	27810		0		1	1	1:1
100	2772	27720	27820		0		1	1	1:1
100	2773	27730	27830		0		1	1	1:1
100	2774	27740	27840		0		1	1	1:1
100	2775	27750	27850		0		1	1	1:1
100	2776	27760	27860		0		1	1	1:1
100	2777	27770	27870		0		1	1	1:1
100	2778	27780	27880		0		1	1	1:1
100	2779	27790	27890		0		1	1	1:1
100	2780	27800	27900		0		1	1	1:1
100	2781	27810	27910		0		1	1	1:1
100	2782	27820	27920		0		1	1	1:1
100	2783	27830	27930		0		1	1	1:1
100	2784	27840	27940		0		1	1	1:1
100	2785	27850	27950		0		1	1	1:1
100	2786	27860	27960		0		1	1	1:1
100	2787	27870	27970		0		1	1	1:1
100	2788	27880	27980		0		1	1	1:1
100	2789	27890	27990		0		1	1	1:1
100	2790	27900	28000		0		1	1	1:1
100	2791	27910	28010		0		1	1	1:1
100	2792	27920	28020		0		1	1	1:1
100	2793	27930	28030		0		1	1	1:1
100	2794	27940	28040		0		1	1	1:1
100	2795	27950	28050		0		1	1	1:1
100	2796	27960	28060		0		1	1	1:1
100	2797	27970	28070		0		1	1	1:1
100	2798	27980	28080		0		1	1	1:1
100	2799	27990	28090		0		1	1	1:1
100	2800	28000	28100		0		1	1	1:1
100	2801	28010	28110		0		1	1	1:1
100	2802	28020	28120		0		1	1	1:1
100	2803	28030	28130		0		1	1	1:1
100	2804	28040	28140	X	1	X:1	1	0.91	1:0.91,3:0.09
100	2805	28050	28150	X	1	X:1	1	0.81	1:0.81,3:0.19
100	2806	28060	28160	X	1	X:1	1	0.71	1:0.71,3:0.29
100	2807	28070	28170	X	1	X:1	1	0.61	1:0.61,3:0.39
100	2808	28080	28180	X	1	X:1	1	0.51	1:0.51,3:0.49
100	2809	28090	28190	X	1	X:1	3	0.59	1:0.41,3:0.59
100	2810	28100	28200	X	1	X:1	3	0.69	1:0.31,3:0.69
100	2811	28110	28210	X	1	X:1	3	0.79	1:0.21,3:0.79
100	2812	28120	28220	X	1	X:1	3	0.89	1:0.11,3:0.89
100	2813	28130	28230	X	1	X:1	3	0.99	1:0.01,3:0.99
100	2814	28140	28240	X	1	X:1	3	1	3:1
100	2815	28150	28250	X	1	X:1	3	1	3:1
100	2816	28160	28260	X	1	X:1	3	1	3:1
100	2817	28170	28270	X	1	X:1	3	1	3:1
100	2818	28180	28280	X	1	X:1	3	1	3:1
100	2819	28190	28290	X	1	X:1	3	1	3:1
100	2820	28200	28300	X	1	X:1	3	1	3:1
100	2821	28210	28310	X	1	X:1	3	1	3:1
100	2822	28220	28320	X	1	X:1	3	1	3:1
100	2823	28230	28330	X	1	X:1	3	1	3:1
100	2824	28240	28340	X	1	X:1	3	1	3:1
100	2825	28250	28350	X	1	X:1	3	1	3:1
100	2826	28260	28360	X	1	X:1	3	1	3:1
100	2827	28270	28370	X	1	X:1	3	1	3:1
100	2828	28280	28380	X	1	X:1	3	1	3:1
100	2829	28290	28390	X	1	X:1	3	1	3:1
100	2830	28300	28400	X	1	X:1	3	1	3:1
100	2831	28310	28410	X	1	X:1	3	1	3:1
100	2832	28320	28420	X	1	X:1	3	1	3:1
100	2833	28330	28430	X	1	X:1	3	1	3:1
100	2834	28340	28440	X	1	X:1	3	1	3:1
100	2835	28350	28450	X	1	X:1	3	1	3:1
100	2836	28360	28460	X	1	X:1	3	1	3:1
100	2837	28370	28470	X	1	X:1	3	1	3:1
100	2838	28380	28480	X	1	X:1	3	1	3:1
100	2839	28390	28490	X	1	X:1	3	1	3:1
100	2840	28400	28500	X	1	X:1	3	1	3:1
100	2841	28410	28510	X	1	X:1	3	1	3:1
100	2842	28420	28520	X	1	X:1	3	1	3:1
100	2843	28430	28530	X	1	X:1	3	1	3:1
100	2844	28440	28540	X	1	X:1	3	1	3:1
100	2845	28450	28550	X	1	X:1	3	1	3:1
100	2846	28460	28560	X	1	X:1	3	1	3:1
100	2847	28470	28570	X	1	X:1	3	1	3:1
100	2848	28480	28580	X	1	X:1	3	1	3:1
100	2849	28490	28590	X	1	X:1	3	1	3:1
100	2850	28500	28600	X	1	X:1	3	1	3:1
100	2851	28510	28610	X	1	X:1	3	1	3:1
100	2852	28520	28620	X	1	X:1	3	1	3:1
100	2853	28530	28630	X	1	X:1	3	1	3:1
100	2854	28540	28640	X	1	X:1	3	1	3:1
100	2855	28550	28650	X	1	X:1	3	1	3:1
100	2856	28560	28660	X	1	X:1	3	1	3:1
100	2857	28570	28670	X	1	X:1	3	1	3:1
100	2858	28580	28680	X	1	X:1	3	1	3:1
100	2859	28590	28690	X	1	X:1	3	1	3:1
100	2860	28600	28700	X	1	X:1	3	1	3:1
100	2861	28610	28710	X	1	X:1	3	1	3:1
100	2862	28620	28720	X	1	X:1	3	1	3:1
100	2863	28630	28730	X	1	X:1	3	1	3:1
100	2864	28640	28740	X	1	X:1	3	1	3:1
100	2865	28650	28750	X	1	X:1	3	1	3:1
100	2866	28660	28760	X	1	X:1	3	1	3:1
100	2867	28670	28770	X	1	X:1	3	1	3:1
100	2868	28680	28780	X	1	X:1	3	1	3:1
100	2869	28690	28790	X	1	X:1	3	1	3:1
100	2870	28700	28800	X	1	X:1	3	1	3:1
100	2871	28710	28810	X	1	X:1	3	1	3:1
100	2872	28720	28820	X	1	X:1	3	1	3:1
100	2873	28730	28830	X	1	X:1	3	1	3:1
100	2874	28740	28840	X	1	X:1	3	1	3:1
100	2875	28750	28850	X	1	X:1	3	1	3:1
100	2876	28760	28860	X	1	X:1	3	1	3:1
100	2877	28770	28870	X	1	X:1	3	1	3:1
100	2878	28780	28880	X	1	X:1	3	1	3:1
100	2879	28790	28890	X	1	X:1	3	1	3:1
100	2880	28800	28900	X	1	X:1	3	1	3:1
100	2881	28810	28910	X	1	X:1	3	1	3:1
100	2882	28820	28920	X	1	X:1	3	1	3:1
100	2883	28830	28930	X	1	X:1	3	1	3:1
100	2884	28840	28940	X	1	X:1	3	1	3:1
100	2885	28850	28950	X	1	X:1	3	1	3:1
100	2886	28860	28960	X	1	X:1	3	1	3:1
100	2887	28870	28970	X	1	X:1	3	1	3:1
100	2888	28880	28980	X	1	X:1	3	1	3:1
100	2889	28890	28990	X	1	X:1	3	1	3:1
100	2890	28900	29000	X	1	X:1	3	1	3:1
100	2891	28910	29010	X	1	X:1	3	1	3:1
100	2892	28920	29020	X	1	X:1	3	1	3:1
100	2893	28930	29030	X	1	X:1	3	1	3:1
100	2894	28940	29040	X	1	X:1	3	1	3:1
100	2895	28950	29050	X	1	X:1	3	1	3:1
100	2896	28960	29060	X	1	X:1	3	1	3:1
100	2897	28970	29070	X	1	X:1	3	1	3:1
100	2898	28980	29080	X	1	X:1	3	1	3:1
100	2899	28990	29090	X	1	X:1	3	1	3:1
100	2900	29000	29100	X	1	X:1	3	1	3:1
100	2901	29010	29110	X	1	X:1	3	1	3:1
100	2902	29020	29120	X	1	X:1	3	1	3:1
100	2903	29030	29130	X	1	X:1	3	1	3:1
100	2904	29040	29140	X	1	X:1	3	1	3:1
100	2905	29050	29150	X	1	X:1	3	1	3:1
100	2906	29060	29160	X	1	X:1	3	1	3:1
100	2907	29070	29170	X	1	X:1	3	1	3:1
100	2908	29080	29180	X	1	X:1	3	1	3:1
100	2909	29090	29190	X	1	X:1	3	1	3:1
100	2910	29100	29200	X	1	X:1	3	1	3:1
100	2911	29110	29210	X	1	X:1	3	1	3:1
100	2912	29120	29220	X	1	X:1	3	1	3:1
100	2913	29130	29230	X	1	X:1	3	1	3:1
100	2914	29140	29240	X	1	X:1	3	1	3:1
100	2915	29150	29250	X	1	X:1	3	1	3:1
100	2916	29160	29260	X	1	X:1	3	1	3:1
100	2917	29170	29270	X	1	X:1	3	1	3:1
100	2918	29180	29280	X	1	X:1	3	1	3:1
100	2919	29190	29290	X	1	X:1	3	1	3:1
100	2920	29200	29300	X	1	X:1	3	1	3:1
100	2921	29210	29310	X	1	X:1	3	1	3:1
100	2922	29220	29320	X	1	X:1	3	1	3:1
100	2923	29230	29330	X	1	X:1	3	1	3:1
100	2924	29240	29340	X	1	X:1	3	1	3:1
100	2925	29250	29350	X	1	X:1	3	1	3:1
100	2926	29260	29360	X	1	X:1	3	1	3:1
100	2927	29270	29370	X	1	X:1	3	1	3:1
100	2928	29280	29380	X	1	X:1	3	1	3:1
100	2929	29290	29390	X	1	X:1	3	1	3:1
100	2930	29300	29400	X	1	X:1	3	1	3:1
100	2931	29310	29410	X	1	X:1	3	1	3:1
100	2932	29320	29420	X	1	X:1	3	1	3:1
100	2933	29330	29430	X	1	X:1	3	1	3:1
100	2934	29340	29440	X	1	X:1	3	1	3:1
100	2935	29350	29450	X	1	X:1	3	1	3:1
100	2936	29360	29460	X	1	X:1	3	1	3:1
100	2937	29370	29470	X	1	X:1	3	1	3:1
100	2938	29380	29480	X	1	X:1	3	1	3:1
100	2939	29390	29490	X	1	X:1	3	1	3:1
100	2940	29400	29500	X	1	X:1	3	1	3:1
100	2941	29410	29510	X	1	X:1	3	1	3:1
100	2942	29420	29520	X	1	X:1	3	1	3:1
100	2943	29430	29530	X	1	X:1	3	1	3:1
100	2944	29440	29540	X	1	X:1	3	1	3:1
100	2945	29450	29550	X	1	X:1	3	1	3:1
100	2946	29460	29560	X	1	X:1	3	1	3:1
100	2947	29470	29570	X	1	X:1	3	1	3:1
100	2948	29480	29580	X	1	X:1	3	1	3:1
100	2949	29490	29590	X	1	X:1	3	1	3:1
100	2950	29500	29600	X	1	X:1	3	1	3:1
100	2951	29510	29610	X	1	X:1	3	1	3:1
100	2952	29520	29620	X	1	X:1	3	1	3:1
100	2953	29530	29630	X	1	X:1	3	1	3:1
100	2954	29540	29640	X	1	X:1	3	1	3:1
100	2955	29550	29650	X	1	X:1	3	1	3:1
100	2956	29560	29660	X	1	X:1	3	1	3:1
100	2957	29570	29670	X	1	X:1	3	1	3:1
100	2958	29580	29680	X	1	X:1	3	1	3:1
100	2959	29590	29690	X	1	X:1	3	1	3:1
100	2960	29600	29700	X	1	X:1	3	1	3:1
100	2961	29610	29710	X	1	X:1	3	1	3:1
100	2962	29620	29720	X	1	X:1	3	1	3:1
100	2963	29630	29730	X	1	X:1	3	1	3:1
100	2964	29640	29740	X	1	X:1	3	1	3:1
100	2965	29650	29750	X	1	X:1	3	1	3:1
100	2966	29660	29760	X	1	X:1	3	1	3:1
100	2967	29670	29770	X	1	X:1	3	1	3:1
100	2968	29680	29780	X	1	X:1	3	1	3:1
100	2969	29690	29790	X	1	X:1	3	1	3:1
100	2970	29700	29800	X	1	X:1	3	1	3:1
100	2971	29710	29810	X	1	X:1	3	1	3:1
100	2972	29720	29820	X	1	X:1	3	1	3:1
100	2973	29730	29830	X	1	X:1	3	1	3:1
100	2974	29740	29840	X	1	X:1	3	1	3:1
100	2975	29750	29850	X	1	X:1	3	1	3:1
100	2976	29760	29860	X	1	X:1	3	1	3:1
100	2977	29770	29870	X	1	X:1	3	1	3:1
100	2978	29780	29880	X	1	X:1	3	1	3:1
100	2979	29790	29890	X	1	X:1	3	1	3:1
100	2980	29800	29900	X	1	X:1	3	1	3:1
100	2981	29810	29910	X	1	X:1	3	1	3:1
100	2982	29820	29920	X	1	X:1	3	1	3:1
100	2983	29830	29930	X	1	X:1	3	1	3:1
100	2984	29840	29940	X	1	X:1	3	1	3:1
100	2985	29850	29950	X	1	X:1	3	1	3:1
100	2986	29860	29960	X	1	X:1	3	1	3:1
100	2987	29870	29970	X	1	X:1	3	1	3:1
100	2988	29880	29980	X	1	X:1	3	1	3:1
100	2989	29890	29990	X	1	X:1	3	1	3:1
100	2990	29900	30000	X	1	X:1	3	1	3:1
100	2991	29910	30010	X	1	X:1	3	1	3:1
100	2992	29920	30020	X	1	X:1	3	1	3:1
100	2993	29930	30030	X	1	X:1	3	1	3:1
100	2994	29940	30040	X	1	X:1	3	1	3:1
100	2995	29950	30050	X	0.92	X:0.92,Y:0.08	3	1	3:1
100	2996	29960	30060	X	0.82	X:0.82,Y:0.18	3	1	3:1
100	2997	29970	30070	X	0.72	X:0.72,Y:0.28	3	1	3:1
100	2998	29980	30080	X	0.62	X:0.62,Y:0.38	3	1	3:1
100	2999	29990	30090	X	0.52	X:0.52,Y:0.48	3	1	3:1
100	3000	30000	30100	Y	0.58	X:0.42,Y:0.58	3	1	3:1
100	3001	30010	30110	Y	0.68	X:0.32,Y:0.68	3	1	3:1
100	3002	30020	30120	Y	0.78	X:0.22,Y:0.78	3	1	3:1
100	3003	30030	30130	Y	0.88	X:0.12,Y:0.88	3	1	3:1
100	3004	30040	30140	Y	0.98	X:0.02,Y:0.98	3	1	3:1
100	3005	30050	30150	Y	1	Y:1	3	1	3:1
100	3006	30060	30160	Y	1	Y:1	3	1	3:1
100	3007	30070	30170	Y	1	Y:1	3	1	3:1
100	3008	30080	30180	Y	1	Y:1	3	1	3:1
100	3009	30090	30190	Y	1	Y:1	3	1	3:1
100	3010	30100	30200	Y	1	Y:1	3	1	3:1
100	3011	30110	30210	Y	1	Y:1	3	1	3:1
100	3012	30120	30220	Y	1	Y:1	3	1	3:1
100	3013	30130	30230	Y	1	Y:1	3	1	3:1
100	3014	30140	30240	Y	1	Y:1	3	1	3:1
100	3015	30150	30250	Y	1	Y:1	3	1	3:1
100	3016	30160	30260	Y	1	Y:1	3	1	3:1
100	3017	30170	30270	Y	1	Y:1	3	1	3:1
100	3018	30180	30280	Y	1	Y:1	3	1	3:1
100	3019	30190	30290	Y	1	Y:1	3	1	3:1
100	3020	30200	30300	Y	1	Y:1	3	1	3:1
100	3021	30210	30310	Y	1	Y:1	3	1	3:1
100	3022	30220	30320	Y	1	Y:1	3	1	3:1
100	3023	30230	30330	Y	1	Y:1	3	1	3:1
100	3024	30240	30340	Y	1	Y:1	3	1	3:1
100	3025	30250	30350	Y	1	Y:1	3	1	3:1
100	3026	30260	30360	Y	1	Y:1	3	1	3:1
100	3027	30270	30370	Y	1	Y:1	3	1	3:1
100	3028	30280	30380	Y	1	Y:1	3	1	3:1
100	3029	30290	30390	Y	1	Y:1	3	1	3:1
100	3030	30300	30400	Y	1	Y:1	3	1	3:1
100	3031	30310	30410	Y	1	Y:1	3	1	3:1
100	3032	30320	30420	Y	1	Y:1	3	1	3:1
100	3033	30330	30430	Y	1	Y:1	3	1	3:1
100	3034	30340	30440	Y	1	Y:1	3	1	3:1
100	3035	30350	30450	Y	1	Y:1	3	1	3:1
100	3036	30360	30460	Y	1	Y:1	3	1	3:1
100	3037	30370	30470	Y	1	Y:1	3	1	3:1
100	3038	30380	30480	Y	1	Y:1	3	1	3:1
100	3039	30390	30490	Y	1	Y:1	3	1	3:1
100	3040	30400	30500	Y	1	Y:1	3	1	3:1
100	3041	30410	30510	Y	1	Y:1	3	1	3:1
100	3042	30420	30520	Y	1	Y:1	3	1	3:1
100	3043	30430	30530	Y	1	Y:1	3	1	3:1
100	3044	30440	30540	Y	1	Y:1	3	1	3:1
100	3045	30450	30550	Y	1	Y:1	3	1	3:1
100	3046	30460	30560	Y	1	Y:1	3	1	3:1
100	3047	30470	30570	Y	1	Y:1	3	1	3:1
100	3048	30480	30580	Y	1	Y:1	3	1	3:1
100	3049	30490	30590	Y	1	Y:1	3	1	3:1
100	3050	30500	30600	Y	1	Y:1	3	1	3:1
100	3051	30510	30610	Y	1	Y:1	3	1	3:1
100	3052	30520	30620	Y	1	Y:1	3	1	3:1
100	3053	30530	30630	Y	1	Y:1	3	1	3:1
100	3054	30540	30640	Y	1	Y:1	3	1	3:1
100	3055	30550	30650	Y	1	Y:1	3	1	3:1
100	3056	30560	30660	Y	1	Y:1	3	1	3:1
100	3057	30570	30670	Y	1	Y:1	3	1	3:1
100	3058	30580	30680	Y	1	Y:1	3	1	3:1
100	3059	30590	30690	Y	1	Y:1	3	1	3:1
100	3060	30600	30700	Y	1	Y:1	3	1	3:1
100	3061	30610	30710	Y	1	Y:1	3	1	3:1
100	3062	30620	30720	Y	1	Y:1	3	1	3:1
100	3063	30630	30730	Y	1	Y:1	3	1	3:1
100	3064	30640	30740	Y	1	Y:1	3	1	3:1
100	3065	30650	30750	Y	1	Y:1	3	1	3:1
100	3066	30660	30760	Y	1	Y:1	3	1	3:1
100	3067	30670	30770	Y	1	Y:1	3	1	3:1
100	3068	30680	30780	Y	1	Y:1	3	1	3:1
100	3069	30690	30790	Y	1	Y:1	3	1	3:1
100	3070	30700	30800	Y	1	Y:1	3	1	3:1
100	3071	30710	30810	Y	1	Y:1	3	1	3:1
100	3072	30720	30820	Y	1	Y:1	3	1	3:1
100	3073	30730	30830	Y	0.9	X:0.1,Y:0.9	3	1	3:1
100	3074	30740	30840	Y	0.8	X:0.2,Y:0.8	3	1	3:1
100	3075	30750	30850	Y	0.7	X:0.3,Y:0.7	3	1	3:1
100	3076	30760	30860	Y	0.6	X:0.4,Y:0.6	3	1	3:1
100	3077	30770	30870	X	0.5	X:0.5,Y:0.5	3	1	3:1
100	3078	30780	30880	X	0.6	X:0.6,Y:0.4	3	1	3:1
100	3079	30790	30890	X	0.7	X:0.7,Y:0.3	3	1	3:1
100	3080	30800	30900	X	0.8	X:0.8,Y:0.2	3	1	3:1
100	3081	30810	30910	X	0.9	X:0.9,Y:0.1	3	1	3:1
100	3082	30820	30920	X	1	X:1	3	1	3:1
100	3083	30830	30930	X	1	X:1	3	1	3:1
100	3084	30840	30940	X	1	X:1	3	1	3:1
100	3085	30850	30950	X	1	X:1	3	1	3:1
100	3086	30860	30960	X	1	X:1	3	1	3:1
100	3087	30870	30970	X	1	X:1	3	1	3:1
100	3088	30880	30980	X	1	X:1	3	1	3:1
100	3089	30890	30990	X	1	X:1	3	1	3:1
100	3090	30900	31000	X	1	X:1	3	1	3:1
100	3091	30910	31010	X	1	X:1	3	1	3:1
100	3092	30920	31020	X	1	X:1	3	1	3:1
100	3093	30930	31030	X	1	X:1	3	1	3:1
100	3094	30940	31040	X	1	X:1	3	1	3:1
100	3095	30950	31050	X	1	X:1	3	1	3:1
100	3096	30960	31060	X	1	X:1	3	1	3:1
100	3097	30970	31070	X	1	X:1	3	1	3:1
100	3098	30980	31080	X	1	X:1	3	1	3:1
100	3099	30990	31090	X	1	X:1	3	1	3:1
100	3100	31000	31100	X	1	X:1	3	1	3:1
100	3101	31010	31110	X	1	X:1	3	1	3:1
100	3102	31020	31120	X	1	X:1	3	1	3:1
100	3103	31030	31130	X	1	X:1	3	1	3:1
100	3104	31040	31140	X	1	X:1	3	1	3:1
100	3105	31050	31150	X	1	X:1	3	1	3:1
100	3106	31060	31160	X	1	X:1	3	1	3:1
100	3107	31070	31170	X	1	X:1	3	1	3:1
100	3108	31080	31180	X	1	X:1	3	1	3:1
100	3109	31090	31190	X	1	X:1	3	1	3:1
100	3110	31100	31200	X	1	X:1	3	1	3:1
100	3111	31110	31210	X	1	X:1	3	1	3:1
100	3112	31120	31220	X	1	X:1	3	1	3:1
100	3113	31130	31230	X	1	X:1	3	1	3:1
100	3114	31140	31240	X	1	X:1	3	1	3:1
100	3115	31150	31250	X	1	X:1	3	1	3:1
100	3116	31160	31260	X	1	X:1	3	1	3:1
100	3117	31170	31270	X	1	X:1	3	1	3:1
100	3118	31180	31280	X	1	X:1	3	1	3:1
100	3119	31190	31290	X	1	X:1	3	1	3:1
100	3120	31200	31300	X	1	X:1	3	1	3:1
100	3121	31210	31310	X	1	X:1	3	1	3:1
100	3122	31220	31320	X	1	X:1	3	1	3:1
100	3123	31230	31330	X	1	X:1	3	1	3:1
100	3124	31240	31340	X	1	X:1	3	1	3:1
100	3125	31250	31350	X	1	X:1	3	1	3:1
100	3126	31260	31360	X	1	X:1	3	1	3:1
100	3127	31270	31370	X	1	X:1	3	1	3:1
100	3128	31280	31380	X	1	X:1	3	1	3:1
100	3129	31290	31390	X	1	X:1	3	1	3:1
100	3130	31300	31400	X	1	X:1	3	1	3:1
100	3131	31310	31410	X	1	X:1	3	1	3:1
100	3132	31320	31420	X	1	X:1	3	1	3:1
100	3133	31330	31430	X	1	X:1	3	1	3:1
100	3134	31340	31440	X	1	X:1	3	1	3:1
100	3135	31350	31450	X	1	X:1	3	1	3:1
100	3136	31360	31460	X	1	X:1	3	1	3:1
100	3137	31370	31470	X	1	X:1	3	1	3:1
100	3138	31380	31480	X	1	X:1	3	1	3:1
100	3139	31390	31490	X	1	X:1	3	1	3:1
100	3140	31400	31500	X	1	X:1	3	1	3:1
100	3141	31410	31510	X	1	X:1	3	1	3:1
100	3142	31420	31520	X	1	X:1	3	1	3:1
100	3143	31430	31530	X	1	X:1	3	1	3:1
100	3144	31440	31540	X	1	X:1	3	1	3:1
100	3145	31450	31550	X	1	X:1	3	1	3:1
100	3146	31460	31560	X	1	X:1	3	1	3:1
100	3147	31470	31570	X	1	X:1	3	1	3:1
100	3148	31480	31580	X	1	X:1	3	1	3:1
100	3149	31490	31590	X	1	X:1	3	1	3:1
100	3150	31500	31600	X	1	X:1	3	1	3:1
100	3151	31510	31610	X	1	X:1	3	1	3:1
100	3152	31520	31620	X	1	X:1	3	1	3:1
100	3153	31530	31630	X	1	X:1	3	1	3:1
100	3154	31540	31640	X	1	X:1	3	1	3:1
100	3155	31550	31650	X	1	X:1	3	1	3:1
100	3156	31560	31660	X	1	X:1	3	1	3:1
100	3157	31570	31670	X	1	X:1	3	1	3:1
100	3158	31580	31680	X	1	X:1	3	1	3:1
100	3159	31590	31690	X	1	X:1	3	1	3:1
100	3160	31600	31700	X	1	X:1	3	1	3:1
100	3161	31610	31710	X	1	X:1	3	1	3:1
100	3162	31620	31720	X	1	X:1	3	1	3:1
100	3163	31630	31730	X	1	X:1	3	1	3:1
100	3164	31640	31740	X	1	X:1	3	1	3:1
100	3165	31650	31750	X	1	X:1	3	1	3:1
100	3166	31660	31760	X	1	X:1	3	1	3:1
100	3167	31670	31770	X	1	X:1	3	1	3:1
100	3168	31680	31780	X	1	X:1	3	1	3:1
100	3169	31690	31790	X	1	X:1	3	1	3:1
100	3170	31700	31800		0		3	1	3:1
100	3171	31710	31810		0		3	1	3:1
100	3172	31720	31820		0		3	1	3:1
100	3173	31730	31830		0		3	1	3:1
100	3174	31740	31840		0		3	1	3:1
100	3175	31750	31850		0		3	1	3:1
100	3176	31760	31860		0		3	1	3:1
100	3177	31770	31870		0		3	1	3:1
100	3178	31780	31880		0		3	1	3:1
100	3179	31790	31890		0		3	1	3:1
100	3180	31800	31900		0		3	1	3:1
100	3181	31810	31910		0		3	1	3:1
100	3182	31820	31920		0		3	1	3:1
100	3183	31830	31930		0		3	1	3:1
100	3184	31840	31940		0		3	1	3:1
100	3185	31850	31950		0		3	1	3:1
100	3186	31860	31960		0		3	1	3:1
100	3187	31870	31970		0		3	1	3:1
100	3188	31880	31980		0		3	1	3:1
100	3189	31890	31990		0		3	1	3:1
100	3190	31900	32000		0		3	1	3:1
100	3191	31910	32010		0		3	1	3:1
100	3192	31920	32020		0		3	1	3:1
100	3193	31930	32030		0		3	1	3:1
100	3194	31940	32040		0		3	1	3:1
100	3195	31950	32050		0		3	1	3:1
100	3196	31960	32060		0		3	1	3:1
100	3197	31970	32070		0		3	1	3:1
100	3198	31980	32080		0		3	1	3:1
100	3199	31990	32090		0		3	1	3:1
100	3200	32000	32100		0		3	1	3:1
100	3201	32010	32110		0		3	1	3:1
100	3202	32020	32120		0		3	1	3:1
100	3203	32030	32130		0		3	1	3:1
100	3204	32040	32140		0		3	1	3:1
100	3205	32050	32150		0		3	1	3:1
100	3206	32060	32160		0		3	1	3:1
100	3207	32070	32170		0		3	1	3:1
100	3208	32080	32180		0		3	1	3:1
100	3209	32090	32190		0		3	1	3:1
100	3210	32100	32200		0		3	1	3:1
100	3211	32110	32210		0		3	1	3:1
100	3212	32120	32220		0		3	1	3:1
100	3213	32130	32230		0		3	1	3:1
100	3214	32140	32240		0		3	1	3:1
100	3215	32150	32250		0		3	1	3:1
100	3216	32160	32260		0		3	1	3:1
100	3217	32170	32270		0		3	1	3:1
100	3218	32180	32280		0		3	1	3:1
100	3219	32190	32290		0		3	1	3:1
100	3220	32200	32300		0		3	1	3:1
100	3221	32210	32310		0		3	1	3:1
100	3222	32220	32320		0		3	1	3:1
100	3223	32230	32330		0		3	1	3:1
100	3224	32240	32340		0		3	1	3:1
100	3225	32250	32350		0		3	1	3:1
100	3226	32260	32360		0		3	1	3:1
100	3227	32270	32370		0		3	1	3:1
100	3228	32280	32380		0		3	1	3:1
100	3229	32290	32390		0		3	1	3:1
100	3230	32300	32400		0		3	1	3:1
100	3231	32310	32410		0		3	1	3:1
100	3232	32320	32420		0		3	1	3:1
100	3233	32330	32430		0		3	1	3:1
100	3234	32340	32440		0		3	1	3:1
100	3235	32350	32450		0		3	1	3:1
100	3236	32360	32460		0		3	1	3:1
100	3237	32370	32470		0		3	1	3:1
100	3238	32380	32480		0		3	1	3:1
100	3239	32390	32490		0		3	1	3:1
100	3240	32400	32500		0		3	1	3:1
100	3241	32410	32510		0		3	1	3:1
100	3242	32420	32520		0		3	1	3:1
100	3243	32430	32530		0		3	1	3:1
100	3244	32440	32540		0		3	1	3:1
100	3245	32450	32550		0		3	1	3:1
100	3246	32460	32560		0		3	1	3:1
100	3247	32470	32570		0		3	1	3:1
100	3248	32480	32580		0		3	1	3:1
100	3249	32490	32590		0		3	1	3:1
100	3250	32500	32600		0		3	1	3:1
100	3251	32510	32610		0		3	1	3:1
100	3252	32520	32620		0		3	1	3:1
100	3253	32530	32630		0		3	1	3:1
100	3254	32540	32640		0		3	1	3:1
100	3255	32550	32650		0		3	1	3:1
100	3256	32560	32660		0		3	1	3:1
100	3257	32570	32670		0		3	1	3:1
100	3258	32580	32680		0		3	1	3:1
100	3259	32590	32690		0		3	1	3:1
100	3260	32600	32700		0		3	1	3:1
100	3261	32610	32710		0		3	1	3:1
100	3262	32620	32720		0		3	1	3:1
100	3263	32630	32730		0		3	1	3:1
100	3264	32640	32740		0		3	1	3:1
100	3265	32650	32750		0		3	1	3:1
100	3266	32660	32760		0		3	1	3:1
100	3267	32670	32770		0		3	1	3:1
100	3268	32680	32780		0		3	1	3:1
100	3269	32690	32790		0		3	1	3:1
100	3270	32700	32800		0		3	1	3:1
100	3271	32710	32810		0		3	1	3:1
100	3272	32720	32820		0		3	1	3:1
100	3273	32730	32830		0		3	1	3:1
100	3274	32740	32840		0		3	1	3:1
100	3275	32750	32850		0		3	1	3:1
100	3276	32760	32860		0		3	1	3:1
100	3277	32770	32870		0		3	1	3:1
100	3278	32780	32880		0		3	1	3:1
100	3279	32790	32890		0		3	1	3:1
100	3280	32800	32900		0		3	1	3:1
100	3281	32810	32910		0		3	1	3:1
100	3282	32820	32920		0		3	1	3:1
100	3283	32830	32930		0		3	1	3:1
100	3284	32840	32940		0		3	1	3:1
100	3285	32850	32950		0		3	1	3:1
100	3286	32860	32960		0		3	1	3:1
100	3287	32870	32970		0		3	1	3:1
100	3288	32880	32980		0		3	1	3:1
100	3289	32890	32990		0		3	1	3:1
100	3290	32900	33000		0		3	1	3:1
100	3291	32910	33010		0		3	1	3:1
100	3292	32920	33020		0		3	1	3:1
100	3293	32930	33030		0		3	1	3:1
100	3294	32940	33040		0		3	1	3:1
100	3295	32950	33050		0		3	1	3:1
100	3296	32960	33060		0		3	1	3:1
100	3297	32970	33070		0		3	1	3:1
100	3298	32980	33080		0		3	1	3:1
100	3299	32990	33090		0		3	1	3:1
100	3300	33000	33100		0		3	1	3:1
100	3301	33010	33110		0		3	1	3:1
100	3302	33020	33120		0		3	1	3:1
100	3303	33030	33130		0		3	1	3:1
100	3304	33040	33140		0		3	1	3:1
100	3305	33050	33150		0		3	1	3:1
100	3306	33060	33160		0		3	1	3:1
100	3307	33070	33170		0		3	1	3:1
100	3308	33080	33180		0		3	1	3:1
100	3309	33090	33190		0		3	1	3:1
100	3310	33100	33200		0		3	1	3:1
100	3311	33110	33210		0		3	1	3:1
100	3312	33120	33220		0		3	1	3:1
100	3313	33130	33230		0		3	1	3:1
100	3314	33140	33240		0		3	1	3:1
100	3315	33150	33250		0		3	1	3:1
100	3316	33160	33260		0		3	1	3:1
100	3317	33170	33270		0		3	1	3:1
100	3318	33180	33280		0		3	1	3:1
100	3319	33190	33290		0		3	1	3:1
100	3320	33200	33300		0		3	1	3:1
100	3321	33210	33310		0		3	1	3:1
100	3322	33220	33320		0		3	1	3:1
100	3323	33230	33330		0		3	1	3:1
100	3324	33240	33340		0		3	1	3:1
100	3325	33250	33350		0		3	1	3:1
100	3326	33260	33360		0		3	1	3:1
100	3327	33270	33370		0		3	1	3:1
100	3328	33280	33380		0		3	1	3:1
100	3329	33290	33390		0		3	1	3:1
100	3330	33300	33400		0		3	1	3:1
100	3331	33310	33410		0		3	1	3:1
100	3332	33320	33420		0		3	1	3:1
100	3333	33330	33430		0		3	1	3:1
100	3334	33340	33440		0		3	1	3:1
100	3335	33350	33450		0		3	1	3:1
100	3336	33360	33460		0		3	1	3:1
100	3337	33370	33470		0		3	1	3:1
100	3338	33380	33480		0		3	1	3:1
100	3339	33390	33490		0		3	1	3:1
100	3340	33400	33500		0		3	1	3:1
100	3341	33410	33510		0		3	1	3:1
100	3342	33420	33520		0		3	1	3:1
100	3343	33430	33530		0		3	1	3:1
100	3344	33440	33540		0		3	1	3:1
100	3345	33450	33550		0		3	1	3:1
100	3346	33460	33560		0		3	1	3:1
100	3347	33470	33570		0		3	1	3:1
100	3348	33480	33580		0		3	1	3:1
100	3349	33490	33590		0		3	1	3:1
100	3350	33500	33600		0		3	1	3:1
100	3351	33510	33610		0		3	1	3:1
100	3352	33520	33620		0		3	1	3:1
100	3353	33530	33630		0		3	1	3:1
100	3354	33540	33640		0		3	1	3:1
100	3355	33550	33650		0		3	1	3:1
100	3356	33560	33660		0		3	1	3:1
100	3357	33570	33670		0		3	1	3:1
100	3358	33580	33680		0		3	1	3:1
100	3359	33590	33690		0		3	1	3:1
100	3360	33600	33700		0		3	1	3:1
100	3361	33610	33710		0		3	1	3:1
100	3362	33620	33720		0		3	1	3:1
100	3363	33630	33730		0		3	1	3:1
100	3364	33640	33740		0		3	1	3:1
100	3365	33650	33750		0		3	1	3:1
100	3366	33660	33760		0		3	1	3:1
100	3367	33670	33770		0		3	1	3:1
100	3368	33680	33780		0		3	1	3:1
100	3369	33690	33790		0		3	1	3:1
100	3370	33700	33800		0		3	1	3:1
100	3371	33710	33810		0		3	1	3:1
100	3372	33720	33820		0		3	1	3:1
100	3373	33730	33830		0		3	1	3:1
100	3374	33740	33840		0		3	1	3:1
100	3375	33750	33850		0		3	1	3:1
100	3376	33760	33860		0		3	1	3:1
100	3377	33770	33870		0		3	1	3:1
100	3378	33780	33880		0		3	1	3:1
100	3379	33790	33890		0		3	1	3:1
100	3380	33800	33900		0		3	1	3:1
100	3381	33810	33910		0		3	1	3:1
100	3382	33820	33920		0		3	1	3:1
100	3383	33830	33930		0		3	1	3:1
100	3384	33840	33940		0		3	1	3:1
100	3385	33850	33950		0		3	1	3:1
100	3386	33860	33960		0		3	1	3:1
100	3387	33870	33970		0		3	1	3:1
100	3388	33880	33980		0		3	1	3:1
100	3389	33890	33990		0		3	1	3:1
100	3390	33900	34000		0		3	1	3:1
100	3391	33910	34010		0		3	1	3:1
100	3392	33920	34020		0		3	1	3:1
100	3393	33930	34030		0		3	1	3:1
100	3394	33940	34040		0		3	1	3:1
100	3395	33950	34050		0		3	1	3:1
100	3396	33960	34060		0		3	1	3:1
100	3397	33970	34070		0		3	1	3:1
100	3398	33980	34080		0		3	1	3:1
100	3399	33990	34090		0		3	1	3:1
100	3400	34000	34100		0		3	1	3:1
100	3401	34010	34110		0		3	1	3:1
100	3402	34020	34120		0		3	1	3:1
100	3403	34030	34130		0		3	1	3:1
100	3404	34040	34140		0		3	1	3:1
100	3405	34050	34150		0		3	1	3:1
100	3406	34060	34160		0		3	1	3:1
100	3407	34070	34170		0		3	1	3:1
100	3408	34080	34180		0		3	1	3:1
100	3409	34090	34190		0		3	1	3:1
100	3410	34100	34200		0		3	1	3:1
100	3411	34110	34210		0		3	1	3:1
100	3412	34120	34220		0		3	1	3:1
100	3413	34130	34230		0		3	1	3:1
100	3414	34140	34240		0		3	1	3:1
100	3415	34150	34250		0		3	1	3:1
100	3416	34160	34260		0		3	1	3:1
100	3417	34170	34270		0		3	1	3:1
100	3418	34180	34280		0		3	1	3:1
100	3419	34190	34290		0		3	1	3:1
100	3420	34200	34300		0		3	1	3:1
100	3421	34210	34310		0		3	1	3:1
100	3422	34220	34320		0		3	1	3:1
100	3423	34230	34330		0		3	1	3:1
100	3424	34240	34340		0		3	1	3:1
100	3425	34250	34350		0		3	1	3:1
100	3426	34260	34360		0		3	1	3:1
100	3427	34270	34370		0		3	1	3:1
100	3428	34280	34380		0		3	1	3:1
100	3429	34290	34390		0		3	1	3:1
100	3430	34300	34400		0		3	1	3:1
100	3431	34310	34410		0		3	1	3:1
100	3432	34320	34420		0		3	1	3:1
100	3433	34330	34430		0		3	1	3:1
100	3434	34340	34440		0		3	1	3:1
100	3435	34350	34450		0		3	1	3:1
100	3436	34360	34460		0		3	1	3:1
100	3437	34370	34470		0		3	1	3:1
100	3438	34380	34480		0		3	1	3:1
100	3439	34390	34490		0		3	1	3:1
100	3440	34400	34500		0		3	1	3:1
100	3441	34410	34510		0		3	1	3:1
100	3442	34420	34520		0		3	1	3:1
100	3443	34430	34530		0		3	1	3:1
100	3444	34440	34540		0		3	1	3:1
100	3445	34450	34550		0		3	1	3:1
100	3446	34460	34560		0		3	1	3:1
100	3447	34470	34570		0		3	1	3:1
100	3448	34480	34580		0		3	1	3:1
100	3449	34490	34590		0		3	1	3:1
100	3450	34500	34600		0		3	1	3:1
100	3451	34510	34610		0		3	1	3:1
100	3452	34520	34620		0		3	1	3:1
100	3453	34530	34630		0		3	1	3:1
100	3454	34540	34640		0		3	1	3:1
100	3455	34550	34650		0		3	1	3:1
100	3456	34560	34660		0		3	1	3:1
100	3457	34570	34670		0		3	1	3:1
100	3458	34580	34680		0		3	1	3:1
100	3459	34590	34690		0		3	1	3:1
100	3460	34600	34700		0		3	1	3:1
100	3461	34610	34710		0		3	1	3:1
100	3462	34620	34720		0		3	1	3:1
100	3463	34630	34730		0		3	1	3:1
100	3464	34640	34740		0		3	1	3:1
100	3465	34650	34750		0		3	1	3:1
100	3466	34660	34760		0		3	1	3:1
100	3467	34670	34770		0		3	1	3:1
100	3468	34680	34780		0		3	1	3:1
100	3469	34690	34790		0		3	1	3:1
100	3470	34700	34800		0		3	1	3:1
100	3471	34710	34810		0		3	1	3:1
100	3472	34720	34820		0		3	1	3:1
100	3473	34730	34830		0		3	1	3:1
100	3474	34740	34840		0		3	1	3:1
100	3475	34750	34850		0		3	1	3:1
100	3476	34760	34860		0		3	1	3:1
100	3477	34770	34870		0		3	1	3:1
100	3478	34780	34880		0		3	1	3:1
100	3479	34790	34890		0		3	1	3:1
100	3480	34800	34900		0		3	1	3:1
100	3481	34810	34910		0		3	1	3:1
100	3482	34820	34920		0		3	1	3:1
100	3483	34830	34930		0		3	1	3:1
100	3484	34840	34940		0		3	1	3:1
100	3485	34850	34950		0		3	1	3:1
100	3486	34860	34960		0		3	1	3:1
100	3487	34870	34970		0		3	1	3:1
100	3488	34880	34980		0		3	1	3:1
100	3489	34890	34990		0		3	1	3:1
100	3490	34900	35000		0		3	1	3:1
100	3491	34910	35010		0		3	1	3:1
100	3492	34920	35020		0		3	1	3:1
100	3493	34930	35030		0		3	1	3:1
100	3494	34940	35040		0		3	1	3:1
100	3495	34950	35050		0		3	1	3:1
100	3496	34960	35060		0		3	1	3:1
100	3497	34970	35070		0		3	1	3:1
100	3498	34980	35080		0		3	1	3:1
100	3499	34990	35090		0		3	1	3:1
100	3500	35000	35100		0		3	1	3:1
100	3501	35010	35110		0		3	1	3:1
100	3502	35020	35120		0		3	1	3:1
100	3503	35030	35130		0		3	1	3:1
100	3504	35040	35140		0		3	1	3:1
100	3505	35050	35150		0		3	1	3:1
100	3506	35060	35160		0		3	1	3:1
100	3507	35070	35170		0		3	1	3:1
100	3508	35080	35180		0		3	1	3:1
100	3509	35090	35190		0		3	1	3:1
100	3510	35100	35200		0		3	1	3:1
100	3511	35110	35210		0		3	1	3:1
100	3512	35120	35220		0		3	1	3:1
100	3513	35130	35230		0		3	1	3:1
100	3514	35140	35240		0		3	1	3:1
100	3515	35150	35250		0		3	1	3:1
100	3516	35160	35260		0		3	1	3:1
100	3517	35170	35270		0		3	1	3:1
100	3518	35180	35280		0		3	1	3:1
100	3519	35190	35290		0		3	1	3:1
100	3520	35200	35300		0		3	1	3:1
100	3521	35210	35310		0		3	1	3:1
100	3522	35220	35320		0		3	1	3:1
100	3523	35230	35330		0		3	1	3:1
100	3524	35240	35340		0		3	1	3:1
100	3525	35250	35350		0		3	1	3:1
100	3526	35260	35360		0		3	1	3:1
100	3527	35270	35370		0		3	1	3:1
100	3528	35280	35380		0		3	1	3:1
100	3529	35290	35390		0		3	1	3:1
100	3530	35300	35400		0		3	1	3:1
100	3531	35310	35410		0		3	1	3:1
100	3532	35320	35420		0		3	1	3:1
100	3533	35330	35430		0		3	1	3:1
100	3534	35340	35440		0		3	1	3:1
100	3535	35350	35450		0		3	1	3:1
100	3536	35360	35460		0		3	1	3:1
100	3537	35370	35470		0		3	1	3:1
100	3538	35380	35480		0		3	1	3:1
100	3539	35390	35490		0		3	1	3:1
100	3540	35400	35500		0		3	1	3:1
100	3541	35410	35510		0		3	1	3:1
100	3542	35420	35520		0		3	1	3:1
100	3543	35430	35530		0		3	1	3:1
100	3544	35440	35540		0		3	1	3:1
100	3545	35450	35550		0		3	1	3:1
100	3546	35460	35560		0		3	1	3:1
100	3547	35470	35570		0		3	1	3:1
100	3548	35480	35580		0		3	1	3:1
100	3549	35490	35590		0		3	1	3:1
100	3550	35500	35600		0		3	1	3:1
100	3551	35510	35610		0		3	1	3:1
100	3552	35520	35620		0		3	1	3:1
100	3553	35530	35630		0		3	1	3:1
100	3554	35540	35640		0		3	1	3:1
100	3555	35550	35650		0		3	1	3:1
100	3556	35560	35660		0		3	1	3:1
100	3557	35570	35670		0		3	1	3:1
100	3558	35580	35680		0		3	1	3:1
100	3559	35590	35690		0		3	1	3:1
100	3560	35600	35700		0		3	1	3:1
100	3561	35610	35710		0		3	1	3:1
100	3562	35620	35720		0		3	1	3:1
100	3563	35630	35730		0		3	1	3:1
100	3564	35640	35740		0		3	1	3:1
100	3565	35650	35750		0		3	1	3:1
100	3566	35660	35760		0		3	1	3:1
100	3567	35670	35770		0		3	1	3:1
100	3568	35680	35780		0		3	1	3:1
100	3569	35690	35790		0		3	1	3:1
100	3570	35700	35800		0		3	1	3:1
100	3571	35710	35810		0		3	1	3:1
100	3572	35720	35820		0		3	1	3:1
100	3573	35730	35830		0		3	1	3:1
100	3574	35740	35840		0		3	1	3:1
100	3575	35750	35850		0		3	1	3:1
100	3576	35760	35860		0		3	1	3:1
100	3577	35770	35870		0		3	1	3:1
100	3578	35780	35880		0		3	1	3:1
100	3579	35790	35890		0		3	1	3:1
100	3580	35800	35900		0		3	1	3:1
100	3581	35810	35910		0		3	1	3:1
100	3582	35820	35920		0		3	1	3:1
100	3583	35830	35930		0		3	1	3:1
100	3584	35840	35940		0		3	1	3:1
100	3585	35850	35950		0		3	1	3:1
100	3586	35860	35960		0		3	1	3:1
100	3587	35870	35970		0		3	1	3:1
100	3588	35880	35980		0		3	1	3:1
100	3589	35890	35990		0		3	1	3:1
100	3590	35900	36000		0		3	1	3:1
100	3591	35910	36010		0		3	1	3:1
100	3592	35920	36020		0		3	1	3:1
100	3593	35930	36030		0		3	1	3:1
100	3594	35940	36040		0		3	1	3:1
100	3595	35950	36050		0		3	1	3:1
100	3596	35960	36060		0		3	1	3:1
100	3597	35970	36070		0		3	1	3:1
100	3598	35980	36080		0		3	1	3:1
100	3599	35990	36090		0		3	1	3:1
100	3600	36000	36100		0		3	1	3:1
100	3601	36010	36110		0		3	1	3:1
100	3602	36020	36120		0		3	1	3:1
100	3603	36030	36130		0		3	1	3:1
100	3604	36040	36140		0		3	1	3:1
100	3605	36050	36150		0		3	1	3:1
100	3606	36060	36160		0		3	1	3:1
100	3607	36070	36170		0		3	1	3:1
100	3608	36080	36180		0		3	1	3:1
100	3609	36090	36190		0		3	1	3:1
100	3610	36100	36200		0		3	1	3:1
100	3611	36110	36210		0		3	1	3:1
100	3612	36120	36220		0		3	1	3:1
100	3613	36130	36230		0		3	1	3:1
100	3614	36140	36240		0		3	1	3:1
100	3615	36150	36250		0		3	1	3:1
100	3616	36160	36260		0		3	1	3:1
100	3617	36170	36270		0		3	1	3:1
100	3618	36180	36280		0		3	1	3:1
100	3619	36190	36290		0		3	1	3:1
100	3620	36200	36300		0		3	1	3:1
100	3621	36210	36310		0		3	1	3:1
100	3622	36220	36320		0		3	1	3:1
100	3623	36230	36330		0		3	1	3:1
100	3624	36240	36340		0		3	1	3:1
100	3625	36250	36350		0		3	1	3:1
100	3626	36260	36360		0		3	1	3:1
100	3627	36270	36370		0		3	1	3:1
100	3628	36280	36380		0		3	1	3:1
100	3629	36290	36390		0		3	1	3:1
100	3630	36300	36400		0		3	1	3:1
100	3631	36310	36410		0		3	1	3:1
100	3632	36320	36420		0		3	1	3:1
100	3633	36330	36430		0		3	1	3:1
100	3634	36340	36440		0		3	1	3:1
100	3635	36350	36450		0		3	1	3:1
100	3636	36360	36460		0		3	1	3:1
100	3637	36370	36470		0		3	1	3:1
100	3638	36380	36480		0		3	1	3:1
100	3639	36390	36490		0		3	1	3:1
100	3640	36400	36500		0		3	1	3:1
100	3641	36410	36510		0		3	1	3:1
100	3642	36420	36520		0		3	1	3:1
100	3643	36430	36530		0		3	1	3:1
100	3644	36440	36540		0		3	1	3:1
100	3645	36450	36550		0		3	1	3:1
100	3646	36460	36560		0		3	1	3:1
100	3647	36470	36570		0		3	1	3:1
100	3648	36480	36580		0		3	1	3:1
100	3649	36490	36590		0		3	1	3:1
100	3650	36500	36600		0		3	1	3:1
100	3651	36510	36610		0		3	1	3:1
100	3652	36520	36620		0		3	1	3:1
100	3653	36530	36630		0		3	1	3:1
100	3654	36540	36640		0		3	1	3:1
100	3655	36550	36650		0		3	1	3:1
100	3656	36560	36660		0		3	1	3:1
100	3657	36570	36670		0		3	1	3:1
100	3658	36580	36680		0		3	1	3:1
100	3659	36590	36690		0		3	1	3:1
100	3660	36600	36700		0		3	1	3:1
100	3661	36610	36710		0		3	1	3:1
100	3662	36620	36720		0		3	1	3:1
100	3663	36630	36730		0		3	1	3:1
100	3664	36640	36740		0		3	1	3:1
100	3665	36650	36750		0		3	1	3:1
100	3666	36660	36760		0		3	1	3:1
100	3667	36670	36770		0		3	1	3:1
100	3668	36680	36780		0		3	1	3:1
100	3669	36690	36790		0		3	1	3:1
100	3670	36700	36800		0		3	1	3:1
100	3671	36710	36810		0		3	1	3:1
100	3672	36720	36820		0		3	1	3:1
100	3673	36730	36830		0		3	1	3:1
100	3674	36740	36840		0		3	1	3:1
100	3675	36750	36850		0		3	1	3:1
100	3676	36760	36860		0		3	1	3:1
100	3677	36770	36870		0		3	1	3:1
100	3678	36780	36880		0		3	1	3:1
100	3679	36790	36890		0		3	1	3:1
100	3680	36800	36900		0		3	1	3:1
100	3681	36810	36910		0		3	1	3:1
100	3682	36820	36920		0		3	1	3:1
100	3683	36830	36930		0		3	1	3:1
100	3684	36840	36940		0		3	1	3:1
100	3685	36850	36950		0		3	1	3:1
100	3686	36860	36960		0		3	1	3:1
100	3687	36870	36970		0		3	1	3:1
100	3688	36880	36980		0		3	1	3:1
100	3689	36890	36990		0		3	1	3:1
100	3690	36900	37000		0		3	1	3:1
100	3691	36910	37010		0		3	1	3:1
100	3692	36920	37020		0		3	1	3:1
100	3693	36930	37030		0		3	1	3:1
100	3694	36940	37040		0		3	1	3:1
100	3695	36950	37050		0		3	1	3:1
100	3696	36960	37060		0		3	1	3:1
100	3697	36970	37070		0		3	1	3:1
100	3698	36980	37080		0		3	1	3:1
100	3699	36990	37090		0		3	1	3:1
100	3700	37000	37100		0		3	1	3:1
100	3701	37010	37110		0		3	1	3:1
100	3702	37020	37120		0		3	1	3:1
100	3703	37030	37130		0		3	1	3:1
100	3704	37040	37140		0		3	1	3:1
100	3705	37050	37150		0		3	1	3:1
100	3706	37060	37160		0		3	1	3:1
100	3707	37070	37170		0		3	1	3:1
100	3708	37080	37180		0		3	1	3:1
100	3709	37090	37190		0		3	1	3:1
100	3710	37100	37200		0		3	1	3:1
100	3711	37110	37210		0		3	1	3:1
100	3712	37120	37220		0		3	1	3:1
100	3713	37130	37230		0		3	1	3:1
100	3714	37140	37240		0		3	1	3:1
100	3715	37150	37250		0		3	1	3:1
100	3716	37160	37260		0		3	1	3:1
100	3717	37170	37270		0		3	1	3:1
100	3718	37180	37280		0		3	1	3:1
100	3719	37190	37290		0		3	1	3:1
100	3720	37200	37300		0		3	1	3:1
100	3721	37210	37310		0		3	1	3:1
100	3722	37220	37320		0		3	1	3:1
100	3723	37230	37330		0		3	1	3:1
100	3724	37240	37340		0		3	1	3:1
100	3725	37250	37350		0		3	1	3:1
100	3726	37260	37360		0		3	1	3:1
100	3727	37270	37370		0		3	1	3:1
100	3728	37280	37380		0		3	1	3:1
100	3729	37290	37390		0		3	1	3:1
100	3730	37300	37400		0		3	1	3:1
100	3731	37310	37410		0		3	1	3:1
100	3732	37320	37420		0		3	1	3:1
100	3733	37330	37430		0		3	1	3:1
100	3734	37340	37440		0		3	1	3:1
100	3735	37350	37450		0		3	1	3:1
100	3736	37360	37460		0		3	1	3:1
100	3737	37370	37470		0		3	1	3:1
100	3738	37380	37480		0		3	1	3:1
100	3739	37390	37490		0		3	1	3:1
100	3740	37400	37500		0		3	1	3:1
100	3741	37410	37510		0		3	1	3:1
100	3742	37420	37520		0		3	1	3:1
100	3743	37430	37530		0		3	1	3:1
100	3744	37440	37540		0		3	1	3:1
100	3745	37450	37550		0		3	1	3:1
100	3746	37460	37560		0		3	1	3:1
100	3747	37470	37570		0		3	1	3:1
100	3748	37480	37580		0		3	1	3:1
100	3749	37490	37590		0		3	1	3:1
100	3750	37500	37600		0		3	1	3:1
100	3751	37510	37610		0		3	0.9	2:0.1,3:0.9
100	3752	37520	37620		0		3	0.8	2:0.2,3:0.8
100	3753	37530	37630		0		3	0.7	2:0.3,3:0.7
100	3754	37540	37640		0		3	0.6	2:0.4,3:0.6
100	3755	37550	37650		0		2	0.5	2:0.5,3:0.5
100	3756	37560	37660		0		2	0.6	2:0.6,3:0.4
100	3757	37570	37670		0		2	0.7	2:0.7,3:0.3
100	3758	37580	37680		0		2	0.8	2:0.8,3:0.2
100	3759	37590	37690		0		2	0.9	2:0.9,3:0.1
100	3760	37600	37700		0		2	1	2:1
100	3761	37610	37710		0		2	1	2:1
100	3762	37620	37720		0		2	1	2:1
100	3763	37630	37730		0		2	0.99	2:0.99,3:0.01
100	3764	37640	37740		0		2	0.89	2:0.89,3:0.11
100	3765	37650	37750		0		2	0.79	2:0.79,3:0.21
100	3766	37660	37760		0		2	0.69	2:0.69,3:0.31
100	3767	37670	37770		0		2	0.59	2:0.59,3:0.41
100	3768	37680	37780		0		3	0.51	2:0.49,3:0.51
100	3769	37690	37790		0		3	0.61	2:0.39,3:0.61
100	3770	37700	37800		0		3	0.71	2:0.29,3:0.71
100	3771	37710	37810		0		3	0.81	2:0.19,3:0.81
100	3772	37720	37820		0		3	0.91	2:0.09,3:0.91
100	3773	37730	37830		0		3	1	3:1
100	3774	37740	37840		0		3	1	3:1
100	3775	37750	37850		0		3	1	3:1
100	3776	37760	37860		0		3	1	3:1
100	3777	37770	37870		0		3	1	3:1
100	3778	37780	37880		0		3	1	3:1
100	3779	37790	37890		0		3	1	3:1
100	3780	37800	37900		0		3	1	3:1
100	3781	37810	37910		0		3	1	3:1
100	3782	37820	37920		0		3	1	3:1
100	3783	37830	37930		0		3	1	3:1
100	3784	37840	37940		0		3	1	3:1
100	3785	37850	37950		0		3	1	3:1
100	3786	37860	37960		0		3	1	3:1
100	3787	37870	37970		0		3	1	3:1
100	3788	37880	37980		0		3	1	3:1
100	3789	37890	37990		0		3	1	3:1
100	3790	37900	38000		0		3	1	3:1
100	3791	37910	38010		0		3	1	3:1
100	3792	37920	38020		0		3	1	3:1
100	3793	37930	38030		0		3	1	3:1
100	3794	37940	38040		0		3	1	3:1
100	3795	37950	38050		0		3	1	3:1
100	3796	37960	38060		0		3	1	3:1
100	3797	37970	38070		0		3	1	3:1
100	3798	37980	38080		0		3	1	3:1
100	3799	37990	38090		0		3	1	3:1
100	3800	38000	38100		0		3	1	3:1
100	3801	38010	38110		0		3	1	3:1
100	3802	38020	38120		0		3	1	3:1
100	3803	38030	38130		0		3	1	3:1
100	3804	38040	38140		0		3	1	3:1
100	3805	38050	38150		0		3	1	3:1
100	3806	38060	38160		0		3	1	3:1
100	3807	38070	38170		0		3	1	3:1
100	3808	38080	38180		0		3	1	3:1
100	3809	38090	38190		0		3	1	3:1
100	3810	38100	38200		0		3	1	3:1
100	3811	38110	38210		0		3	1	3:1
100	3812	38120	38220		0		3	1	3:1
100	3813	38130	38230		0		3	1	3:1
100	3814	38140	38240		0		3	1	3:1
100	3815	38150	38250		0		3	1	3:1
100	3816	38160	38260		0		3	1	3:1
100	3817	38170	38270		0		3	1	3:1
100	3818	38180	38280		0		3	1	3:1
100	3819	38190	38290		0		3	1	3:1
100	3820	38200	38300		0		3	1	3:1
100	3821	38210	38310		0		3	1	3:1
100	3822	38220	38320		0		3	1	3:1
100	3823	38230	38330		0		3	1	3:1
100	3824	38240	38340		0		3	1	3:1
100	3825	38250	38350		0		3	1	3:1
100	3826	38260	38360		0		3	1	3:1
100	3827	38270	38370		0		3	1	3:1
100	3828	38280	38380		0		3	1	3:1
100	3829	38290	38390		0		3	1	3:1
100	3830	38300	38400		0		3	1	3:1
100	3831	38310	38410		0		3	1	3:1
100	3832	38320	38420		0		3	1	3:1
100	3833	38330	38430		0		3	1	3:1
100	3834	38340	38440		0		3	1	3:1
100	3835	38350	38450		0		3	1	3:1
100	3836	38360	38460		0		3	1	3:1
100	3837	38370	38470		0		3	1	3:1
100	3838	38380	38480		0		3	1	3:1
100	3839	38390	38490		0		3	1	3:1
100	3840	38400	38500		0		3	1	3:1
100	3841	38410	38510		0		3	1	3:1
100	3842	38420	38520		0		3	1	3:1
100	3843	38430	38530		0		3	1	3:1
100	3844	38440	38540		0		3	1	3:1
100	3845	38450	38550		0		3	1	3:1
100	3846	38460	38560		0		3	1	3:1
100	3847	38470	38570		0		3	1	3:1
100	3848	38480	38580		0		3	1	3:1
100	3849	38490	38590		0		3	1	3:1
100	3850	38500	38600		0		3	1	3:1
100	3851	38510	38610		0		3	1	3:1
100	3852	38520	38620		0		3	1	3:1
100	3853	38530	38630		0		3	1	3:1
100	3854	38540	38640		0		3	1	3:1
100	3855	38550	38650		0		3	1	3:1
100	3856	38560	38660		0		3	1	3:1
100	3857	38570	38670		0		3	1	3:1
100	3858	38580	38680		0		3	1	3:1
100	3859	38590	38690		0		3	1	3:1
100	3860	38600	38700		0		3	1	3:1
100	3861	38610	38710		0		3	1	3:1
100	3862	38620	38720		0		3	1	3:1
100	3863	38630	38730		0		3	1	3:1
100	3864	38640	38740		0		3	1	3:1
100	3865	38650	38750		0		3	1	3:1
100	3866	38660	38760		0		3	1	3:1
100	3867	38670	38770		0		3	1	3:1
100	3868	38680	38780		0		3	1	3:1
100	3869	38690	38790		0		3	1	3:1
100	3870	38700	38800		0		3	1	3:1
100	3871	38710	38810		0		3	1	3:1
100	3872	38720	38820		0		3	1	3:1
100	3873	38730	38830		0		3	1	3:1
100	3874	38740	38840		0		3	1	3:1
100	3875	38750	38850		0		3	1	3:1
100	3876	38760	38860		0		3	1	3:1
100	3877	38770	38870		0		3	1	3:1
100	3878	38780	38880		0		3	1	3:1
100	3879	38790	38890		0		3	1	3:1
100	3880	38800	38900		0		3	1	3:1
100	3881	38810	38910		0		3	1	3:1
100	3882	38820	38920		0		3	1	3:1
100	3883	38830	38930		0		3	1	3:1
100	3884	38840	38940		0		3	1	3:1
100	3885	38850	38950		0		3	1	3:1
100	3886	38860	38960		0		3	1	3:1
100	3887	38870	38970		0		3	1	3:1
100	3888	38880	38980		0		3	1	3:1
100	3889	38890	38990		0		3	1	3:1
100	3890	38900	39000		0		3	1	3:1
100	3891	38910	39010		0		3	1	3:1
100	3892	38920	39020		0		3	1	3:1
200	0	0	200	1	1	1:1	1	1	1:1
200	1	20	220	1	1	1:1	1	1	1:1
200	2	40	240	1	1	1:1	1	1	1:1
200	3	60	260	1	1	1:1	1	1	1:1
200	4	80	280	1	1	1:1	1	1	1:1
200	5	100	300	1	1	1:1	1	1	1:1
200	6	120	320	1	1	1:1	1	1	1:1
200	7	140	340	1	1	1:1	1	1	1:1
200	8	160	360	1	1	1:1	1	1	1:1
200	9	180	380	1	1	1:1	1	1	1:1
200	10	200	400	1	1	1:1	1	1	1:1
200	11	220	420	1	1	1:1	1	1	1:1
200	12	240	440	1	1	1:1	1	1	1:1
200	13	260	460	1	1	1:1	1	1	1:1
200	14	280	480	1	1	1:1	1	1	1:1
200	15	300	500	1	1	1:1	1	1	1:1
200	16	320	520	1	1	1:1	1	1	1:1
200	17	340	540	1	1	1:1	1	1	1:1
200	18	360	560	1	1	1:1	1	1	1:1
200	19	380	580	1	1	1:1	1	1	1:1
200	20	400	600	1	1	1:1	1	1	1:1
200	21	420	620	1	1	1:1	1	1	1:1
200	22	440	640	1	1	1:1	1	1	1:1
200	23	460	660	1	1	1:1	1	1	1:1
200	24	480	680	1	1	1:1	1	1	1:1
200	25	500	700	1	1	1:1	1	1	1:1
200	26	520	720	1	1	1:1	1	1	1:1
200	27	540	740	1	1	1:1	1	1	1:1
200	28	560	760	1	1	1:1	1	1	1:1
200	29	580	780	1	1	1:1	1	1	1:1
200	30	600	800	1	1	1:1	1	1	1:1
200	31	620	820	1	1	1:1	1	1	1:1
200	32	640	840	1	1	1:1	1	1	1:1
200	33	660	860	1	1	1:1	1	1	1:1
200	34	680	880	1	1	1:1	1	1	1:1
200	35	700	900	1	1	1:1	1	1	1:1
200	36	720	920	1	1	1:1	1	1	1:1
200	37	740	940	1	1	1:1	1	1	1:1
200	38	760	960	1	1	1:1	1	1	1:1
200	39	780	980	1	1	1:1	1	1	1:1
200	40	800	1000	1	1	1:1	1	1	1:1
200	41	820	1020	1	1	1:1	1	1	1:1
200	42	840	1040	1	1	1:1	1	1	1:1
200	43	860	1060	1	1	1:1	1	1	1:1
200	44	880	1080	1	1	1:1	1	1	1:1
200	45	900	1100	1	1	1:1	1	1	1:1
200	46	920	1120	1	1	1:1	1	1	1:1
200	47	940	1140	1	1	1:1	1	1	1:1
200	48	960	1160	1	1	1:1	1	1	1:1
200	49	980	1180	1	1	1:1	1	1	1:1
200	50	1000	1200	1	1	1:1	1	1	1:1
200	51	1020	1220	1	1	1:1	1	1	1:1
200	52	1040	1240	1	1	1:1	1	1	1:1
200	53	1060	1260	1	1	1:1	1	1	1:1
200	54	1080	1280	1	1	1:1	1	1	1:1
200	55	1100	1300	1	1	1:1	1	1	1:1
200	56	1120	1320	1	1	1:1	1	1	1:1
200	57	1140	1340	1	1	1:1	1	1	1:1
200	58	1160	1360	1	1	1:1	1	1	1:1
200	59	1180	1380	1	1	1:1	1	1	1:1
200	60	1200	1400	1	1	1:1	1	1	1:1
200	61	1220	1420	1	1	1:1	1	1	1:1
200	62	1240	1440	1	1	1:1	1	1	1:1
200	63	1260	1460	1	1	1:1	1	1	1:1
200	64	1280	1480	1	1	1:1	1	1	1:1
200	65	1300	1500	1	1	1:1	1	1	1:1
200	66	1320	1520	1	1	1:1	1	1	1:1
200	67	1340	1540	1	1	1:1	1	1	1:1
200	68	1360	1560	1	1	1:1	1	1	1:1
200	69	1380	1580	1	1	1:1	1	1	1:1
200	70	1400	1600	1	1	1:1	1	1	1:1
200	71	1420	1620	1	1	1:1	1	1	1:1
200	72	1440	1640	1	1	1:1	1	1	1:1
200	73	1460	1660	1	1	1:1	1	1	1:1
200	74	1480	1680	1	1	1:1	1	1	1:1
200	75	1500	1700	1	1	1:1	1	1	1:1
200	76	1520	1720	1	1	1:1	1	1	1:1
200	77	1540	1740	1	1	1:1	1	1	1:1
200	78	1560	1760	1	1	1:1	1	1	1:1
200	79	1580	1780	1	1	1:1	1	1	1:1
200	80	1600	1800	1	1	1:1	1	1	1:1
200	81	1620	1820	1	1	1:1	1	1	1:1
200	82	1640	1840	1	1	1:1	1	1	1:1
200	83	1660	1860	1	1	1:1	1	1	1:1
200	84	1680	1880	1	1	1:1	1	1	1:1
200	85	1700	1900	1	1	1:1	1	1	1:1
200	86	1720	1920	1	1	1:1	1	1	1:1
200	87	1740	1940	1	1	1:1	1	1	1:1
200	88	1760	1960	1	1	1:1	1	1	1:1
200	89	1780	1980	1	1	1:1	1	1	1:1
200	90	1800	2000	1	1	1:1	1	1	1:1
200	91	1820	2020	1	1	1:1	1	1	1:1
200	92	1840	2040	1	1	1:1	1	1	1:1
200	93	1860	2060	1	1	1:1	1	1	1:1
200	94	1880	2080	1	1	1:1	1	1	1:1
200	95	1900	2100	1	1	1:1	1	1	1:1
200	96	1920	2120	1	1	1:1	1	1	1:1
200	97	1940	2140	1	1	1:1	1	1	1:1
200	98	1960	2160	1	1	1:1	1	1	1:1
200	99	1980	2180	1	1	1:1	1	1	1:1
200	100	2000	2200	1	1	1:1	1	1	1:1
200	101	2020	2220	1	1	1:1	1	1	1:1
200	102	2040	2240	1	1	1:1	1	1	1:1
200	103	2060	2260	1	1	1:1	1	1	1:1
200	104	2080	2280	1	1	1:1	1	1	1:1
200	105	2100	2300	1	1	1:1	1	1	1:1
200	106	2120	2320	1	1	1:1	1	1	1:1
200	107	2140	2340	1	1	1:1	1	1	1:1
200	108	2160	2360	1	1	1:1	1	1	1:1
200	109	2180	2380	1	1	1:1	1	1	1:1
200	110	2200	2400	1	1	1:1	1	1	1:1
200	111	2220	2420	1	1	1:1	1	1	1:1
200	112	2240	2440	1	1	1:1	1	1	1:1
200	113	2260	2460	1	1	1:1	1	1	1:1
200	114	2280	2480	1	1	1:1	1	1	1:1
200	115	2300	2500	1	1	1:1	1	1	1:1
200	116	2320	2520	1	1	1:1	1	1	1:1
200	117	2340	2540	1	1	1:1	1	1	1:1
200	118	2360	2560	1	1	1:1	1	1	1:1
200	119	2380	2580	1	1	1:1	1	1	1:1
200	120	2400	2600	1	1	1:1	1	1	1:1
200	121	2420	2620	1	1	1:1	1	1	1:1
200	122	2440	2640	1	1	1:1	1	1	1:1
200	123	2460	2660	1	1	1:1	1	1	1:1
200	124	2480	2680	1	1	1:1	1	1	1:1
200	125	2500	2700	1	1	1:1	1	1	1:1
200	126	2520	2720	1	1	1:1	1	1	1:1
200	127	2540	2740	1	1	1:1	1	1	1:1
200	128	2560	2760	1	1	1:1	1	1	1:1
200	129	2580	2780	1	1	1:1	1	1	1:1
200	130	2600	2800	1	1	1:1	1	1	1:1
200	131	2620	2820	1	1	1:1	1	1	1:1
200	132	2640	2840	1	1	1:1	1	1	1:1
200	133	2660	2860	1	1	1:1	1	1	1:1
200	134	2680	2880	1	1	1:1	1	1	1:1
200	135	2700	2900	1	1	1:1	1	1	1:1
200	136	2720	2920	1	1	1:1	1	1	1:1
200	137	2740	2940	1	1	1:1	1	1	1:1
200	138	2760	2960	1	1	1:1	1	1	1:1
200	139	2780	2980	1	1	1:1	1	1	1:1
200	140	2800	3000	1	1	1:1	1	1	1:1
200	141	2820	3020	1	1	1:1	1	1	1:1
200	142	2840	3040	1	1	1:1	1	1	1:1
200	143	2860	3060	1	1	1:1	1	1	1:1
200	144	2880	3080	1	1	1:1	1	1	1:1
200	145	2900	3100	1	1	1:1	1	1	1:1
200	146	2920	3120	1	1	1:1	1	1	1:1
200	147	2940	3140	1	1	1:1	1	1	1:1
200	148	2960	3160	1	1	1:1	1	1	1:1
200	149	2980	3180	1	1	1:1	1	1	1:1
200	150	3000	3200	1	1	1:1	1	1	1:1
200	151	3020	3220	1	1	1:1	1	1	1:1
200	152	3040	3240	1	1	1:1	1	1	1:1
200	153	3060	3260	1	1	1:1	1	1	1:1
200	154	3080	3280	1	1	1:1	1	1	1:1
200	155	3100	3300	1	1	1:1	1	1	1:1
200	156	3120	3320	1	1	1:1	1	1	1:1
200	157	3140	3340	1	1	1:1	1	1	1:1
200	158	3160	3360	1	1	1:1	1	1	1:1
200	159	3180	3380	1	1	1:1	1	1	1:1
200	160	3200	3400	1	1	1:1	1	1	1:1
200	161	3220	3420	1	1	1:1	1	1	1:1
200	162	3240	3440	1	1	1:1	1	1	1:1
200	163	3260	3460	1	1	1:1	1	1	1:1
200	164	3280	3480	1	1	1:1	1	1	1:1
200	165	3300	3500	1	1	1:1	1	1	1:1
200	166	3320	3520	1	1	1:1	1	1	1:1
200	167	3340	3540	1	1	1:1	1	1	1:1
200	168	3360	3560	1	1	1:1	1	1	1:1
200	169	3380	3580	1	1	1:1	1	1	1:1
200	170	3400	3600	1	1	1:1	1	1	1:1
200	171	3420	3620	1	1	1:1	1	1	1:1
200	172	3440	3640	1	1	1:1	1	1	1:1
200	173	3460	3660	1	1	1:1	1	1	1:1
200	174	3480	3680	1	1	1:1	1	1	1:1
200	175	3500	3700	1	1	1:1	1	1	1:1
200	176	3520	3720	1	1	1:1	1	1	1:1
200	177	3540	3740	1	1	1:1	1	1	1:1
200	178	3560	3760	1	1	1:1	1	1	1:1
200	179	3580	3780	1	1	1:1	1	1	1:1
200	180	3600	3800	1	1	1:1	1	1	1:1
200	181	3620	3820	1	1	1:1	1	1	1:1
200	182	3640	3840	1	1	1:1	1	1	1:1
200	183	3660	3860	1	1	1:1	1	1	1:1
200	184	3680	3880	1	1	1:1	1	1	1:1
200	185	3700	3900	1	1	1:1	1	1	1:1
200	186	3720	3920	1	1	1:1	1	1	1:1
200	187	3740	3940	1	1	1:1	1	1	1:1
200	188	3760	3960	1	1	1:1	1	1	1:1
200	189	3780	3980	1	1	1:1	1	1	1:1
200	190	3800	4000	1	1	1:1	1	1	1:1
200	191	3820	4020	1	1	1:1	1	1	1:1
200	192	3840	4040	1	1	1:1	1	1	1:1
200	193	3860	4060	1	1	1:1	1	1	1:1
200	194	3880	4080	1	1	1:1	1	1	1:1
200	195	3900	4100	1	1	1:1	1	1	1:1
200	196	3920	4120	1	1	1:1	1	1	1:1
200	197	3940	4140	1	1	1:1	1	1	1:1
200	198	3960	4160	1	0.925	1:0.925,2:0.075	1	0.925	1:0.925,2:0.075
200	199	3980	4180	1	0.825	1:0.825,2:0.175	1	0.825	1:0.825,2:0.175
200	200	4000	4200	1	0.725	1:0.725,2:0.275	1	0.725	1:0.725,2:0.275
200	201	4020	4220	1	0.625	1:0.625,2:0.375	1	0.625	1:0.625,2:0.375
200	202	4040	4240	1	0.525	1:0.525,2:0.475	1	0.525	1:0.525,2:0.475
200	203	4060	4260	2	0.575	1:0.425,2:0.575	2	0.575	1:0.425,2:0.575
200	204	4080	4280	2	0.675	1:0.325,2:0.675	2	0.675	1:0.325,2:0.675
200	205	4100	4300	2	0.775	1:0.225,2:0.775	2	0.775	1:0.225,2:0.775
200	206	4120	4320	2	0.875	1:0.125,2:0.875	2	0.875	1:0.125,2:0.875
200	207	4140	4340	2	0.915	1:0.085,2:0.915	2	0.915	1:0.085,2:0.915
200	208	4160	4360	2	0.84	1:0.16,2:0.84	2	0.84	1:0.16,2:0.84
200	209	4180	4380	2	0.74	1:0.26,2:0.74	2	0.74	1:0.26,2:0.74
200	210	4200	4400	2	0.64	1:0.36,2:0.64	2	0.64	1:0.36,2:0.64
200	211	4220	4420	2	0.54	1:0.46,2:0.54	2	0.54	1:0.46,2:0.54
200	212	4240	4440	1	0.56	1:0.56,2:0.44	1	0.56	1:0.56,2:0.44
200	213	4260	4460	1	0.66	1:0.66,2:0.34	1	0.66	1:0.66,2:0.34
200	214	4280	4480	1	0.76	1:0.76,2:0.24	1	0.76	1:0.76,2:0.24
200	215	4300	4500	1	0.86	1:0.86,2:0.14	1	0.86	1:0.86,2:0.14
200	216	4320	4520	1	0.96	1:0.96,2:0.04	1	0.96	1:0.96,2:0.04
200	217	4340	4540	1	1	1:1	1	1	1:1
200	218	4360	4560	1	1	1:1	1	1	1:1
200	219	4380	4580	1	1	1:1	1	1	1:1
200	220	4400	4600	1	1	1:1	1	1	1:1
200	221	4420	4620	1	1	1:1	1	1	1:1
200	222	4440	4640	1	1	1:1	1	1	1:1
200	223	4460	4660	1	1	1:1	1	1	1:1
200	224	4480	4680	1	1	1:1	1	1	1:1
200	225	4500	4700	1	1	1:1	1	1	1:1
200	226	4520	4720	1	1	1:1	1	1	1:1
200	227	4540	4740	1	1	1:1	1	1	1:1
200	228	4560	4760	1	1	1:1	1	1	1:1
200	229	4580	4780	1	1	1:1	1	1	1:1
200	230	4600	4800	1	1	1:1	1	1	1:1
200	231	4620	4820	1	1	1:1	1	1	1:1
200	232	4640	4840	1	1	1:1	1	1	1:1
200	233	4660	4860	1	1	1:1	1	1	1:1
200	234	4680	4880	1	1	1:1	1	1	1:1
200	235	4700	4900	1	1	1:1	1	1	1:1
200	236	4720	4920	1	1	1:1	1	1	1:1
200	237	4740	4940	1	1	1:1	1	1	1:1
200	238	4760	4960	1	0.9	1:0.9,2:0.1	1	0.9	1:0.9,2:0.1
200	239	4780	4980	1	0.8	1:0.8,2:0.2	1	0.8	1:0.8,2:0.2
200	240	4800	5000	1	0.7	1:0.7,2:0.3	1	0.7	1:0.7,2:0.3
200	241	4820	5020	1	0.6	1:0.6,2:0.4	1	0.6	1:0.6,2:0.4
200	242	4840	5040	1	0.5	1:0.5,2:0.5	1	0.5	1:0.5,2:0.5
200	243	4860	5060	2	0.6	1:0.4,2:0.6	2	0.6	1:0.4,2:0.6
200	244	4880	5080	2	0.7	1:0.3,2:0.7	2	0.7	1:0.3,2:0.7
200	245	4900	5100	2	0.8	1:0.2,2:0.8	2	0.8	1:0.2,2:0.8
200	246	4920	5120	2	0.9	1:0.1,2:0.9	2	0.9	1:0.1,2:0.9
200	247	4940	5140	2	1	2:1	2	1	2:1
200	248	4960	5160	2	0.965	1:0.035,2:0.965	2	0.965	1:0.035,2:0.965
200	249	4980	5180	2	0.865	1:0.135,2:0.865	2	0.865	1:0.135,2:0.865
200	250	5000	5200	2	0.765	1:0.235,2:0.765	2	0.765	1:0.235,2:0.765
200	251	5020	5220	2	0.665	1:0.335,2:0.665	2	0.665	1:0.335,2:0.665
200	252	5040	5240	2	0.565	1:0.435,2:0.565	2	0.565	1:0.435,2:0.565
200	253	5060	5260	1	0.535	1:0.535,2:0.465	1	0.535	1:0.535,2:0.465
200	254	5080	5280	1	0.635	1:0.635,2:0.365	1	0.635	1:0.635,2:0.365
200	255	5100	5300	1	0.735	1:0.735,2:0.265	1	0.735	1:0.735,2:0.265
200	256	5120	5320	1	0.825	1:0.825,2:0.175	1	0.825	1:0.825,2:0.175
200	257	5140	5340	1	0.825	1:0.825,2:0.175	1	0.825	1:0.825,2:0.175
200	258	5160	5360	1	0.79	1:0.79,2:0.21	1	0.79	1:0.79,2:0.21
200	259	5180	5380	1	0.69	1:0.69,2:0.31	1	0.69	1:0.69,2:0.31
200	260	5200	5400	1	0.59	1:0.59,2:0.41	1	0.59	1:0.59,2:0.41
200	261	5220	5420	2	0.51	1:0.49,2:0.51	2	0.51	1:0.49,2:0.51
200	262	5240	5440	2	0.61	1:0.39,2:0.61	2	0.61	1:0.39,2:0.61
200	263	5260	5460	2	0.71	1:0.29,2:0.71	2	0.71	1:0.29,2:0.71
200	264	5280	5480	2	0.81	1:0.19,2:0.81	2	0.81	1:0.19,2:0.81
200	265	5300	5500	2	0.91	1:0.09,2:0.91	2	0.91	1:0.09,2:0.91
200	266	5320	5520	2	1	2:1	2	1	2:1
200	267	5340	5540	2	1	2:1	2	1	2:1
200	268	5360	5560	2	1	2:1	2	1	2:1
200	269	5380	5580	2	1	2:1	2	1	2:1
200	270	5400	5600	2	1	2:1	2	1	2:1
200	271	5420	5620	2	1	2:1	2	1	2:1
200	272	5440	5640	2	1	2:1	2	1	2:1
200	273	5460	5660	2	1	2:1	2	1	2:1
200	274	5480	5680	2	1	2:1	2	1	2:1
200	275	5500	5700	2	1	2:1	2	1	2:1
200	276	5520	5720	2	1	2:1	2	1	2:1
200	277	5540	5740	2	1	2:1	2	1	2:1
200	278	5560	5760	2	1	2:1	2	1	2:1
200	279	5580	5780	2	0.96	1:0.04,2:0.96	2	0.96	1:0.04,2:0.96
200	280	5600	5800	2	0.86	1:0.14,2:0.86	2	0.86	1:0.14,2:0.86
200	281	5620	5820	2	0.76	1:0.24,2:0.76	2	0.76	1:0.24,2:0.76
200	282	5640	5840	2	0.66	1:0.34,2:0.66	2	0.66	1:0.34,2:0.66
200	283	5660	5860	2	0.56	1:0.44,2:0.56	2	0.56	1:0.44,2:0.56
200	284	5680	5880	1	0.54	1:0.54,2:0.46	1	0.54	1:0.54,2:0.46
200	285	5700	5900	1	0.64	1:0.64,2:0.36	1	0.64	1:0.64,2:0.36
200	286	5720	5920	1	0.74	1:0.74,2:0.26	1	0.74	1:0.74,2:0.26
200	287	5740	5940	1	0.84	1:0.84,2:0.16	1	0.84	1:0.84,2:0.16
200	288	5760	5960	1	0.94	1:0.94,2:0.06	1	0.94	1:0.94,2:0.06
200	289	5780	5980	1	1	1:1	1	1	1:1
200	290	5800	6000	1	1	1:1	1	1	1:1
200	291	5820	6020	1	1	1:1	1	1	1:1
200	292	5840	6040	1	1	1:1	1	1	1:1
200	293	5860	6060	1	1	1:1	1	1	1:1
200	294	5880	6080	1	1	1:1	1	1	1:1
200	295	5900	6100	1	1	1:1	1	1	1:1
200	296	5920	6120	1	1	1:1	1	1	1:1
200	297	5940	6140	1	1	1:1	1	1	1:1
200	298	5960	6160	1	1	1:1	1	1	1:1
200	299	5980	6180	1	1	1:1	1	1	1:1
200	300	6000	6200	1	1	1:1	1	1	1:1
200	301	6020	6220	1	1	1:1	1	1	1:1
200	302	6040	6240	1	1	1:1	1	1	1:1
200	303	6060	6260	1	1	1:1	1	1	1:1
200	304	6080	6280	1	1	1:1	1	1	1:1
200	305	6100	6300	1	1	1:1	1	1	1:1
200	306	6120	6320	1	1	1:1	1	1	1:1
200	307	6140	6340	1	1	1:1	1	1	1:1
200	308	6160	6360	1	1	1:1	1	1	1:1
200	309	6180	6380	1	0.975	1:0.975,2:0.025	1	0.975	1:0.975,2:0.025
200	310	6200	6400	1	0.875	1:0.875,2:0.125	1	0.875	1:0.875,2:0.125
200	311	6220	6420	1	0.775	1:0.775,2:0.225	1	0.775	1:0.775,2:0.225
200	312	6240	6440	1	0.675	1:0.675,2:0.325	1	0.675	1:0.675,2:0.325
200	313	6260	6460	1	0.575	1:0.575,2:0.425	1	0.575	1:0.575,2:0.425
200	314	6280	6480	2	0.525	1:0.475,2:0.525	2	0.525	1:0.475,2:0.525
200	315	6300	6500	2	0.625	1:0.375,2:0.625	2	0.625	1:0.375,2:0.625
200	316	6320	6520	2	0.725	1:0.275,2:0.725	2	0.725	1:0.275,2:0.725
200	317	6340	6540	2	0.825	1:0.175,2:0.825	2	0.825	1:0.175,2:0.825
200	318	6360	6560	2	0.925	1:0.075,2:0.925	2	0.925	1:0.075,2:0.925
200	319	6380	6580	2	1	2:1	2	1	2:1
200	320	6400	6600	2	1	2:1	2	1	2:1
200	321	6420	6620	2	1	2:1	2	1	2:1
200	322	6440	6640	2	1	2:1	2	1	2:1
200	323	6460	6660	2	1	2:1	2	1	2:1
200	324	6480	6680	2	1	2:1	2	1	2:1
200	325	6500	6700	2	1	2:1	2	1	2:1
200	326	6520	6720	2	1	2:1	2	1	2:1
200	327	6540	6740	2	1	2:1	2	1	2:1
200	328	6560	6760	2	1	2:1	2	1	2:1
200	329	6580	6780	2	1	2:1	2	1	2:1
200	330	6600	6800	2	1	2:1	2	1	2:1
200	331	6620	6820	2	1	2:1	2	1	2:1
200	332	6640	6840	2	1	2:1	2	1	2:1
200	333	6660	6860	2	1	2:1	2	1	2:1
200	334	6680	6880	2	1	2:1	2	1	2:1
200	335	6700	6900	2	1	2:1	2	0.93	2:0.93,5:0.07
200	336	6720	6920	2	1	2:1	2	0.83	2:0.83,5:0.17
200	337	6740	6940	2	1	2:1	2	0.73	2:0.73,5:0.27
200	338	6760	6960	2	1	2:1	2	0.63	2:0.63,5:0.37
200	339	6780	6980	2	1	2:1	2	0.53	2:0.53,5:0.47
200	340	6800	7000	2	1	2:1	5	0.57	2:0.43,5:0.57
200	341	6820	7020	2	1	2:1	5	0.67	2:0.33,5:0.67
200	342	6840	7040	2	1	2:1	5	0.77	2:0.23,5:0.77
200	343	6860	7060	2	0.945	1:0.055,2:0.945	5	0.815	1:0.055,2:0.13,5:0.815
200	344	6880	7080	2	0.845	1:0.155,2:0.845	5	0.815	1:0.155,2:0.03,5:0.815
200	345	6900	7100	2	0.745	1:0.255,2:0.745	5	0.745	1:0.255,5:0.745
200	346	6920	7120	2	0.645	1:0.355,2:0.645	5	0.645	1:0.355,5:0.645
200	347	6940	7140	2	0.545	1:0.455,2:0.545	5	0.545	1:0.455,5:0.545
200	348	6960	7160	1	0.555	1:0.555,2:0.445	1	0.555	1:0.555,5:0.445
200	349	6980	7180	1	0.655	1:0.655,2:0.345	1	0.655	1:0.655,5:0.345
200	350	7000	7200	1	0.755	1:0.755,2:0.245	1	0.755	1:0.755,5:0.245
200	351	7020	7220	1	0.855	1:0.855,2:0.145	1	0.855	1:0.855,5:0.145
200	352	7040	7240	1	0.955	1:0.955,2:0.045	1	0.955	1:0.955,5:0.045
200	353	7060	7260	1	1	1:1	1	1	1:1
200	354	7080	7280	1	1	1:1	1	1	1:1
200	355	7100	7300	1	1	1:1	1	1	1:1
200	356	7120	7320	1	0.93	1:0.93,2:0.07	1	0.93	1:0.93,2:0.07
200	357	7140	7340	1	0.83	1:0.83,2:0.17	1	0.83	1:0.83,2:0.17
200	358	7160	7360	1	0.73	1:0.73,2:0.27	1	0.73	1:0.73,2:0.27
200	359	7180	7380	1	0.63	1:0.63,2:0.37	1	0.63	1:0.63,2:0.37
200	360	7200	7400	1	0.53	1:0.53,2:0.47	1	0.53	1:0.53,2:0.47
200	361	7220	7420	2	0.57	1:0.43,2:0.57	2	0.57	1:0.43,2:0.57
200	362	7240	7440	2	0.67	1:0.33,2:0.67	2	0.67	1:0.33,2:0.67
200	363	7260	7460	2	0.77	1:0.23,2:0.77	2	0.77	1:0.23,2:0.77
200	364	7280	7480	2	0.87	1:0.13,2:0.87	2	0.87	1:0.13,2:0.87
200	365	7300	7500	2	0.97	1:0.03,2:0.97	2	0.97	1:0.03,2:0.97
200	366	7320	7520	2	1	2:1	2	1	2:1
200	367	7340	7540	2	1	2:1	2	1	2:1
200	368	7360	7560	2	1	2:1	2	1	2:1
200	369	7380	7580	2	1	2:1	2	1	2:1
200	370	7400	7600	2	1	2:1	2	1	2:1
200	371	7420	7620	2	0.95	1:0.05,2:0.95	2	0.95	1:0.05,2:0.95
200	372	7440	7640	2	0.85	1:0.15,2:0.85	2	0.85	1:0.15,2:0.85
200	373	7460	7660	2	0.75	1:0.25,2:0.75	2	0.75	1:0.25,2:0.75
200	374	7480	7680	2	0.65	1:0.35,2:0.65	2	0.65	1:0.35,2:0.65
200	375	7500	7700	2	0.55	1:0.45,2:0.55	2	0.55	1:0.45,2:0.55
200	376	7520	7720	1	0.55	1:0.55,2:0.45	1	0.55	1:0.55,2:0.45
200	377	7540	7740	1	0.65	1:0.65,2:0.35	1	0.65	1:0.65,2:0.35
200	378	7560	7760	1	0.75	1:0.75,2:0.25	1	0.75	1:0.75,2:0.25
200	379	7580	7780	1	0.85	1:0.85,2:0.15	1	0.85	1:0.85,2:0.15
200	380	7600	7800	1	0.95	1:0.95,2:0.05	1	0.95	1:0.95,2:0.05
200	381	7620	7820	1	1	1:1	1	1	1:1
200	382	7640	7840	1	1	1:1	1	1	1:1
200	383	7660	7860	1	1	1:1	1	1	1:1
200	384	7680	7880	1	1	1:1	1	1	1:1
200	385	7700	7900	1	1	1:1	1	1	1:1
200	386	7720	7920	1	1	1:1	1	1	1:1
200	387	7740	7940	1	1	1:1	1	1	1:1
200	388	7760	7960	1	0.99	1:0.99,2:0.01	1	0.99	1:0.99,2:0.01
200	389	7780	7980	1	0.89	1:0.89,2:0.11	1	0.89	1:0.89,2:0.11
200	390	7800	8000	1	0.79	1:0.79,2:0.21	1	0.79	1:0.79,2:0.21
200	391	7820	8020	1	0.69	1:0.69,2:0.31	1	0.69	1:0.69,2:0.31
200	392	7840	8040	1	0.59	1:0.59,2:0.41	1	0.59	1:0.59,2:0.41
200	393	7860	8060	2	0.51	1:0.49,2:0.51	2	0.51	1:0.49,2:0.51
200	394	7880	8080	2	0.61	1:0.39,2:0.61	2	0.61	1:0.39,2:0.61
200	395	7900	8100	2	0.71	1:0.29,2:0.71	2	0.71	1:0.29,2:0.71
200	396	7920	8120	2	0.81	1:0.19,2:0.81	2	0.81	1:0.19,2:0.81
200	397	7940	8140	2	0.91	1:0.09,2:0.91	2	0.91	1:0.09,2:0.91
200	398	7960	8160	2	1	2:1	2	1	2:1
200	399	7980	8180	2	1	2:1	2	1	2:1
200	400	8000	8200	2	1	2:1	2	1	2:1
200	401	8020	8220	2	1	2:1	2	1	2:1
200	402	8040	8240	2	0.96	1:0.04,2:0.96	2	0.96	1:0.04,2:0.96
200	403	8060	8260	2	0.86	1:0.14,2:0.86	2	0.86	1:0.14,2:0.86
200	404	8080	8280	2	0.76	1:0.24,2:0.76	2	0.76	1:0.24,2:0.76
200	405	8100	8300	2	0.66	1:0.34,2:0.66	2	0.66	1:0.34,2:0.66
200	406	8120	8320	2	0.56	1:0.44,2:0.56	2	0.56	1:0.44,2:0.56
200	407	8140	8340	1	0.54	1:0.54,2:0.46	1	0.54	1:0.54,2:0.46
200	408	8160	8360	1	0.64	1:0.64,2:0.36	1	0.64	1:0.64,2:0.36
200	409	8180	8380	1	0.74	1:0.74,2:0.26	1	0.74	1:0.74,2:0.26
200	410	8200	8400	1	0.805	1:0.805,2:0.195	1	0.805	1:0.805,2:0.16,5:0.035
200	411	8220	8420	1	0.805	1:0.805,2:0.195	1	0.805	1:0.805,2:0.06,5:0.135
200	412	8240	8440	1	0.765	1:0.765,2:0.235	1	0.765	1:0.765,5:0.235
200	413	8260	8460	1	0.665	1:0.665,2:0.335	1	0.665	1:0.665,5:0.335
200	414	8280	8480	1	0.565	1:0.565,2:0.435	1	0.565	1:0.565,5:0.435
200	415	8300	8500	2	0.535	1:0.465,2:0.535	5	0.535	1:0.465,5:0.535
200	416	8320	8520	2	0.635	1:0.365,2:0.635	5	0.635	1:0.365,5:0.635
200	417	8340	8540	2	0.735	1:0.265,2:0.735	5	0.735	1:0.265,5:0.735
200	418	8360	8560	2	0.835	1:0.165,2:0.835	5	0.835	1:0.165,5:0.835
200	419	8380	8580	2	0.935	1:0.065,2:0.935	5	0.935	1:0.065,5:0.935
200	420	8400	8600	2	1	2:1	5	1	5:1
200	421	8420	8620	2	0.95	1:0.05,2:0.95	5	0.95	1:0.05,5:0.95
200	422	8440	8640	2	0.85	1:0.15,2:0.85	5	0.85	1:0.15,5:0.85
200	423	8460	8660	2	0.75	1:0.25,2:0.75	5	0.75	1:0.25,5:0.75
200	424	8480	8680	2	0.65	1:0.35,2:0.65	5	0.65	1:0.35,5:0.65
200	425	8500	8700	2	0.55	1:0.45,2:0.55	5	0.55	1:0.45,5:0.55
200	426	8520	8720	1	0.55	1:0.55,2:0.45	1	0.55	1:0.55,5:0.45
200	427	8540	8740	1	0.65	1:0.65,2:0.35	1	0.65	1:0.65,5:0.35
200	428	8560	8760	1	0.75	1:0.75,2:0.25	1	0.75	1:0.75,5:0.25
200	429	8580	8780	1	0.85	1:0.85,2:0.15	1	0.85	1:0.85,5:0.15
200	430	8600	8800	1	0.95	1:0.95,2:0.05	1	0.95	1:0.95,5:0.05
200	431	8620	8820	1	1	1:1	1	1	1:1
200	432	8640	8840	1	1	1:1	1	1	1:1
200	433	8660	8860	1	1	1:1	1	1	1:1
200	434	8680	8880	1	1	1:1	1	1	1:1
200	435	8700	8900	1	0.965	1:0.965,2:0.035	1	0.965	1:0.965,2:0.035
200	436	8720	8920	1	0.865	1:0.865,2:0.135	1	0.865	1:0.865,2:0.135
200	437	8740	8940	1	0.765	1:0.765,2:0.235	1	0.765	1:0.765,2:0.235
200	438	8760	8960	1	0.665	1:0.665,2:0.335	1	0.665	1:0.665,2:0.335
200	439	8780	8980	1	0.565	1:0.565,2:0.435	1	0.565	1:0.565,2:0.435
200	440	8800	9000	2	0.535	1:0.465,2:0.535	2	0.535	1:0.465,2:0.535
200	441	8820	9020	2	0.635	1:0.365,2:0.635	2	0.635	1:0.365,2:0.635
200	442	8840	9040	2	0.735	1:0.265,2:0.735	2	0.735	1:0.265,2:0.735
200	443	8860	9060	2	0.835	1:0.165,2:0.835	2	0.835	1:0.165,2:0.835
200	444	8880	9080	2	0.935	1:0.065,2:0.935	2	0.935	1:0.065,2:0.935
200	445	8900	9100	2	0.93	1:0.07,2:0.93	2	0.93	1:0.07,2:0.93
200	446	8920	9120	2	0.83	1:0.17,2:0.83	2	0.83	1:0.17,2:0.83
200	447	8940	9140	2	0.73	1:0.27,2:0.73	2	0.73	1:0.27,2:0.73
200	448	8960	9160	2	0.63	1:0.37,2:0.63	2	0.63	1:0.37,2:0.63
200	449	8980	9180	2	0.53	1:0.47,2:0.53	2	0.53	1:0.47,2:0.53
200	450	9000	9200	1	0.57	1:0.57,2:0.43	1	0.57	1:0.57,2:0.43
200	451	9020	9220	1	0.67	1:0.67,2:0.33	1	0.67	1:0.67,2:0.33
200	452	9040	9240	1	0.77	1:0.77,2:0.23	1	0.77	1:0.77,2:0.23
200	453	9060	9260	1	0.87	1:0.87,2:0.13	1	0.87	1:0.87,2:0.13
200	454	9080	9280	1	0.97	1:0.97,2:0.03	1	0.97	1:0.97,2:0.03
200	455	9100	9300	1	1	1:1	1	1	1:1
200	456	9120	9320	1	1	1:1	1	1	1:1
200	457	9140	9340	1	1	1:1	1	1	1:1
200	458	9160	9360	1	1	1:1	1	1	1:1
200	459	9180	9380	1	1	1:1	1	1	1:1
200	460	9200	9400	1	1	1:1	1	1	1:1
200	461	9220	9420	1	1	1:1	1	1	1:1
200	462	9240	9440	1	1	1:1	1	1	1:1
200	463	9260	9460	1	1	1:1	1	1	1:1
200	464	9280	9480	1	1	1:1	1	1	1:1
200	465	9300	9500	1	1	1:1	1	1	1:1
200	466	9320	9520	1	1	1:1	1	1	1:1
200	467	9340	9540	1	1	1:1	1	1	1:1
200	468	9360	9560	1	1	1:1	1	1	1:1
200	469	9380	9580	1	1	1:1	1	1	1:1
200	470	9400	9600	1	1	1:1	1	1	1:1
200	471	9420	9620	1	1	1:1	1	1	1:1
200	472	9440	9640	1	1	1:1	1	1	1:1
200	473	9460	9660	1	1	1:1	1	1	1:1
200	474	9480	9680	1	1	1:1	1	1	1:1
200	475	9500	9700	1	1	1:1	1	1	1:1
200	476	9520	9720	1	1	1:1	1	1	1:1
200	477	9540	9740	1	1	1:1	1	1	1:1
200	478	9560	9760	1	0.905	1:0.905,2:0.095	1	0.905	1:0.905,2:0.095
200	479	9580	9780	1	0.805	1:0.805,2:0.195	1	0.805	1:0.805,2:0.195
200	480	9600	9800	1	0.705	1:0.705,2:0.295	1	0.705	1:0.705,2:0.295
200	481	9620	9820	1	0.605	1:0.605,2:0.395	1	0.605	1:0.605,2:0.395
200	482	9640	9840	1	0.505	1:0.505,2:0.495	1	0.505	1:0.505,2:0.495
200	483	9660	9860	2	0.595	1:0.405,2:0.595	2	0.595	1:0.405,2:0.595
200	484	9680	9880	2	0.695	1:0.305,2:0.695	2	0.695	1:0.305,2:0.695
200	485	9700	9900	2	0.795	1:0.205,2:0.795	2	0.795	1:0.205,2:0.795
200	486	9720	9920	2	0.895	1:0.105,2:0.895	2	0.895	1:0.105,2:0.895
200	487	9740	9940	2	0.995	1:0.005,2:0.995	2	0.995	1:0.005,2:0.995
200	488	9760	9960	2	1	2:1	2	1	2:1
200	489	9780	9980	2	0.95	1:0.05,2:0.95	2	0.95	1:0.05,2:0.95
200	490	9800	10000	2	0.85	1:0.15,2:0.85	2	0.85	1:0.15,2:0.85
200	491	9820	10020	2	0.75	1:0.25,2:0.75	2	0.75	1:0.25,2:0.75
200	492	9840	10040	2	0.65	1:0.35,2:0.65	2	0.65	1:0.35,2:0.65
200	493	9860	10060	2	0.55	1:0.45,2:0.55	2	0.55	1:0.45,2:0.55
200	494	9880	10080	1	0.55	1:0.55,2:0.45	1	0.55	1:0.55,2:0.45
200	495	9900	10100	1	0.65	1:0.65,2:0.35	1	0.65	1:0.65,2:0.35
200	496	9920	10120	1	0.75	1:0.75,2:0.25	1	0.75	1:0.75,2:0.25
200	497	9940	10140	1	0.85	1:0.85,2:0.15	1	0.85	1:0.85,2:0.15
200	498	9960	10160	1	0.95	1:0.95,2:0.05	1	0.95	1:0.95,2:0.05
200	499	9980	10180	1	0.92	1:0.92,2:0.08	1	0.92	1:0.92,5:0.08
200	500	10000	10200	1	0.82	1:0.82,2:0.18	1	0.82	1:0.82,5:0.18
200	501	10020	10220	1	0.72	1:0.72,2:0.28	1	0.72	1:0.72,5:0.28
200	502	10040	10240	1	0.62	1:0.62,2:0.38	1	0.62	1:0.62,5:0.38
200	503	10060	10260	1	0.5445026178010471	1:0.5445026178010471,2:0.45549738219895286	1	0.565	1:0.565,5:0.435
200	504	10080	10280	2	0.5087719298245614	1:0.49122807017543857,2:0.5087719298245614	1	0.565	1:0.565,5:0.435
200	505	10100	10300	2	0.5761589403973509	1:0.423841059602649,2:0.5761589403973509	1	0.565	1:0.565,5:0.435
200	506	10120	10320	2	0.6641221374045801	1:0.33587786259541985,2:0.6641221374045801	1	0.565	1:0.565,5:0.435
200	507	10140	10340	2	0.7837837837837838	1:0.21621621621621623,2:0.7837837837837838	1	0.565	1:0.565,5:0.435
200	508	10160	10360	2	0.9560439560439561	1:0.04395604395604396,2:0.9560439560439561	1	0.565	1:0.565,5:0.435
200	509	10180	10380	2	1	2:1	1	0.645	1:0.645,5:0.355
200	510	10200	10400	2	1	2:1	1	0.745	1:0.745,5:0.255
200	511	10220	10420	2	1	2:1	1	0.845	1:0.845,5:0.155
200	512	10240	10440	2	1	2:1	1	0.945	1:0.945,5:0.055
200	513	10260	10460		0		1	0.945	1:0.945,3:0.055
200	514	10280	10480		0		1	0.845	1:0.845,3:0.155
200	515	10300	10500		0		1	0.745	1:0.745,3:0.255
200	516	10320	10520		0		1	0.645	1:0.645,3:0.355
200	517	10340	10540		0		1	0.545	1:0.545,3:0.455
200	518	10360	10560		0		3	0.555	1:0.445,3:0.555
200	519	10380	10580		0		3	0.655	1:0.345,3:0.655
200	520	10400	10600		0		3	0.755	1:0.245,3:0.755
200	521	10420	10620		0		3	0.855	1:0.145,3:0.855
200	522	10440	10640		0		3	0.955	1:0.045,3:0.955
200	523	10460	10660		0		3	1	3:1
200	524	10480	10680		0		3	1	3:1
200	525	10500	10700		0		3	1	3:1
200	526	10520	10720		0		3	1	3:1
200	527	10540	10740		0		3	1	3:1
200	528	10560	10760		0		3	1	3:1
200	529	10580	10780		0		3	1	3:1
200	530	10600	10800		0		3	1	3:1
200	531	10620	10820		0		3	1	3:1
200	532	10640	10840		0		3	1	3:1
200	533	10660	10860		0		3	1	3:1
200	534	10680	10880		0		3	1	3:1
200	535	10700	10900		0		3	1	3:1
200	536	10720	10920		0		3	1	3:1
200	537	10740	10940		0		3	1	3:1
200	538	10760	10960		0		3	1	3:1
200	539	10780	10980		0		3	1	3:1
200	540	10800	11000		0		3	1	3:1
200	541	10820	11020		0		3	1	3:1
200	542	10840	11040		0		3	1	3:1
200	543	10860	11060		0		3	1	3:1
200	544	10880	11080		0		3	1	3:1
200	545	10900	11100		0		3	1	3:1
200	546	10920	11120		0		3	1	3:1
200	547	10940	11140		0		3	1	3:1
200	548	10960	11160		0		3	1	3:1
200	549	10980	11180		0		3	1	3:1
200	550	11000	11200		0		3	1	3:1
200	551	11020	11220		0		3	1	3:1
200	552	11040	11240		0		3	1	3:1
200	553	11060	11260		0		3	0.95	3:0.95,5:0.05
200	554	11080	11280		0		3	0.85	3:0.85,5:0.15
200	555	11100	11300		0		3	0.75	3:0.75,5:0.25
200	556	11120	11320		0		3	0.65	3:0.65,5:0.35
200	557	11140	11340		0		3	0.55	3:0.55,5:0.45
200	558	11160	11360		0		5	0.55	3:0.45,5:0.55
200	559	11180	11380		0		5	0.65	3:0.35,5:0.65
200	560	11200	11400		0		5	0.75	3:0.25,5:0.75
200	561	11220	11420		0		5	0.85	3:0.15,5:0.85
200	562	11240	11440		0		5	0.95	3:0.05,5:0.95
200	563	11260	11460		0		5	1	5:1
200	564	11280	11480		0		5	1	5:1
200	565	11300	11500		0		5	1	5:1
200	566	11320	11520		0		5	1	5:1
200	567	11340	11540		0		5	1	5:1
200	568	11360	11560		0		5	1	5:1
200	569	11380	11580		0		5	1	5:1
200	570	11400	11600		0		5	1	5:1
200	571	11420	11620		0		5	1	5:1
200	572	11440	11640		0		5	1	5:1
200	573	11460	11660		0		5	1	5:1
200	574	11480	11680		0		5	1	5:1
200	575	11500	11700		0		5	1	5:1
200	576	11520	11720		0		5	0.96	4:0.04,5:0.96
200	577	11540	11740		0		5	0.86	4:0.14,5:0.86
200	578	11560	11760		0		5	0.76	4:0.24,5:0.76
200	579	11580	11780		0		5	0.66	4:0.34,5:0.66
200	580	11600	11800		0		5	0.56	4:0.44,5:0.56
200	581	11620	11820		0		4	0.54	4:0.54,5:0.46
200	582	11640	11840		0		4	0.64	4:0.64,5:0.36
200	583	11660	11860		0		4	0.74	4:0.74,5:0.26
200	584	11680	11880		0		4	0.84	4:0.84,5:0.16
200	585	11700	11900		0		4	0.94	4:0.94,5:0.06
200	586	11720	11920		0		4	1	4:1
200	587	11740	11940		0		4	1	4:1
200	588	11760	11960		0		4	1	4:1
200	589	11780	11980		0		4	1	4:1
200	590	11800	12000		0		4	1	4:1
200	591	11820	12020		0		4	1	4:1
200	592	11840	12040		0		4	1	4:1
200	593	11860	12060		0		4	1	4:1
200	594	11880	12080		0		4	1	4:1
200	595	11900	12100		0		4	1	4:1
200	596	11920	12120		0		4	1	4:1
200	597	11940	12140		0		4	1	4:1
200	598	11960	12160		0		4	1	4:1
200	599	11980	12180		0		4	1	4:1
200	600	12000	12200		0		4	1	4:1
200	601	12020	12220		0		4	1	4:1
200	602	12040	12240		0		4	1	4:1
200	603	12060	12260		0		4	1	4:1
200	604	12080	12280		0		4	1	4:1
200	605	12100	12300		0		4	1	4:1
200	606	12120	12320		0		4	1	4:1
200	607	12140	12340		0		4	1	4:1
200	608	12160	12360		0		4	1	4:1
200	609	12180	12380		0		4	1	4:1
200	610	12200	12400		0		4	1	4:1
200	611	12220	12420		0		4	1	4:1
200	612	12240	12440		0		4	1	4:1
200	613	12260	12460		0		4	1	4:1
200	614	12280	12480		0		4	1	4:1
200	615	12300	12500		0		4	1	4:1
200	616	12320	12520		0		4	1	4:1
200	617	12340	12540		0		4	1	4:1
200	618	12360	12560		0		4	1	4:1
200	619	12380	12580		0		4	1	4:1
200	620	12400	12600		0		4	1	4:1
200	621	12420	12620		0		4	1	4:1
200	622	12440	12640		0		4	1	4:1
200	623	12460	12660		0		4	1	4:1
200	624	12480	12680		0		4	1	4:1
200	625	12500	12700		0		4	1	4:1
200	626	12520	12720		0		4	1	4:1
200	627	12540	12740		0		4	1	4:1
200	628	12560	12760		0		4	1	4:1
200	629	12580	12780		0		4	1	4:1
200	630	12600	12800		0		4	1	4:1
200	631	12620	12820		0		4	1	4:1
200	632	12640	12840		0		4	1	4:1
200	633	12660	12860		0		4	1	4:1
200	634	12680	12880		0		4	1	4:1
200	635	12700	12900		0		4	1	4:1
200	636	12720	12920		0		4	1	4:1
200	637	12740	12940		0		4	1	4:1
200	638	12760	12960		0		4	1	4:1
200	639	12780	12980		0		4	1	4:1
200	640	12800	13000		0		4	1	4:1
200	641	12820	13020		0		4	1	4:1
200	642	12840	13040		0		4	1	4:1
200	643	12860	13060		0		4	1	4:1
200	644	12880	13080		0		4	1	4:1
200	645	12900	13100		0		4	1	4:1
200	646	12920	13120		0		4	1	4:1
200	647	12940	13140		0		4	1	4:1
200	648	12960	13160		0		4	1	4:1
200	649	12980	13180		0		4	1	4:1
200	650	13000	13200		0		4	1	4:1
200	651	13020	13220		0		4	1	4:1
200	652	13040	13240		0		4	1	4:1
200	653	13060	13260		0		4	1	4:1
200	654	13080	13280		0		4	1	4:1
200	655	13100	13300		0		4	1	4:1
200	656	13120	13320		0		4	1	4:1
200	657	13140	13340		0		4	1	4:1
200	658	13160	13360		0		4	1	4:1
200	659	13180	13380		0		4	1	4:1
200	660	13200	13400		0		4	1	4:1
200	661	13220	13420		0		4	1	4:1
200	662	13240	13440		0		4	1	4:1
200	663	13260	13460		0		4	1	4:1
200	664	13280	13480		0		4	1	4:1
200	665	13300	13500		0		4	1	4:1
200	666	13320	13520		0		4	1	4:1
200	667	13340	13540		0		4	1	4:1
200	668	13360	13560		0		4	1	4:1
200	669	13380	13580		0		4	1	4:1
200	670	13400	13600		0		4	1	4:1
200	671	13420	13620		0		4	1	4:1
200	672	13440	13640		0		4	1	4:1
200	673	13460	13660		0		4	1	4:1
200	674	13480	13680		0		4	1	4:1
200	675	13500	13700		0		4	1	4:1
200	676	13520	13720		0		4	1	4:1
200	677	13540	13740		0		4	1	4:1
200	678	13560	13760		0		4	1	4:1
200	679	13580	13780		0		4	1	4:1
200	680	13600	13800		0		4	1	4:1
200	681	13620	13820		0		4	1	4:1
200	682	13640	13840		0		4	1	4:1
200	683	13660	13860		0		4	1	4:1
200	684	13680	13880		0		4	1	4:1
200	685	13700	13900		0		4	1	4:1
200	686	13720	13920		0		4	1	4:1
200	687	13740	13940		0		4	1	4:1
200	688	13760	13960		0		4	1	4:1
200	689	13780	13980		0		4	1	4:1
200	690	13800	14000		0		4	1	4:1
200	691	13820	14020		0		4	1	4:1
200	692	13840	14040		0		4	1	4:1
200	693	13860	14060		0		4	1	4:1
200	694	13880	14080		0		4	1	4:1
200	695	13900	14100		0		4	1	4:1
200	696	13920	14120		0		4	1	4:1
200	697	13940	14140		0		4	1	4:1
200	698	13960	14160		0		4	1	4:1
200	699	13980	14180		0		4	1	4:1
200	700	14000	14200		0		4	1	4:1
200	701	14020	14220		0		4	1	4:1
200	702	14040	14240		0		4	1	4:1
200	703	14060	14260		0		4	1	4:1
200	704	14080	14280		0		4	1	4:1
200	705	14100	14300		0		4	1	4:1
200	706	14120	14320		0		4	1	4:1
200	707	14140	14340		0		4	1	4:1
200	708	14160	14360		0		4	1	4:1
200	709	14180	14380		0		4	1	4:1
200	710	14200	14400		0		4	1	4:1
200	711	14220	14420		0		4	1	4:1
200	712	14240	14440		0		4	1	4:1
200	713	14260	14460		0		4	1	4:1
200	714	14280	14480		0		4	1	4:1
200	715	14300	14500		0		4	1	4:1
200	716	14320	14520		0		4	1	4:1
200	717	14340	14540		0		4	1	4:1
200	718	14360	14560		0		4	1	4:1
200	719	14380	14580		0		4	1	4:1
200	720	14400	14600		0		4	1	4:1
200	721	14420	14620		0		4	1	4:1
200	722	14440	14640		0		4	1	4:1
200	723	14460	14660		0		4	1	4:1
200	724	14480	14680		0		4	1	4:1
200	725	14500	14700		0		4	1	4:1
200	726	14520	14720		0		4	1	4:1
200	727	14540	14740		0		4	1	4:1
200	728	14560	14760		0		4	1	4:1
200	729	14580	14780		0		4	1	4:1
200	730	14600	14800		0		4	1	4:1
200	731	14620	14820	2	1	2:1	4	0.9	2:0.1,4:0.9
200	732	14640	14840	2	1	2:1	4	0.8	2:0.2,4:0.8
200	733	14660	14860	2	1	2:1	4	0.7	2:0.3,4:0.7
200	734	14680	14880	2	1	2:1	4	0.6	2:0.4,4:0.6
200	735	14700	14900	2	1	2:1	2	0.5	2:0.5,4:0.5
200	736	14720	14920	2	1	2:1	2	0.6	2:0.6,4:0.4
200	737	14740	14940	2	1	2:1	2	0.7	2:0.7,4:0.3
200	738	14760	14960	2	1	2:1	2	0.8	2:0.8,4:0.2
200	739	14780	14980	2	1	2:1	2	0.9	2:0.9,4:0.1
200	740	14800	15000	2	1	2:1	2	1	2:1
200	741	14820	15020	2	1	2:1	2	1	2:1
200	742	14840	15040	2	1	2:1	2	1	2:1
200	743	14860	15060	2	1	2:1	2	1	2:1
200	744	14880	15080	2	1	2:1	2	1	2:1
200	745	14900	15100	2	1	2:1	2	1	2:1
200	746	14920	15120	2	1	2:1	2	1	2:1
200	747	14940	15140	2	1	2:1	2	1	2:1
200	748	14960	15160	2	1	2:1	2	1	2:1
200	749	14980	15180	2	1	2:1	2	1	2:1
200	750	15000	15200	2	1	2:1	2	1	2:1
200	751	15020	15220	2	1	2:1	2	1	2:1
200	752	15040	15240	2	1	2:1	2	1	2:1
200	753	15060	15260	2	1	2:1	2	1	2:1
200	754	15080	15280	2	1	2:1	2	1	2:1
200	755	15100	15300	2	1	2:1	2	1	2:1
200	756	15120	15320	2	1	2:1	2	1	2:1
200	757	15140	15340	2	1	2:1	2	1	2:1
200	758	15160	15360	2	1	2:1	2	1	2:1
200	759	15180	15380	2	1	2:1	2	1	2:1
200	760	15200	15400	2	1	2:1	2	1	2:1
200	761	15220	15420	2	1	2:1	2	1	2:1
200	762	15240	15440	2	1	2:1	2	1	2:1
200	763	15260	15460	2	1	2:1	2	1	2:1
200	764	15280	15480	2	1	2:1	2	1	2:1
200	765	15300	15500	2	1	2:1	2	1	2:1
200	766	15320	15520	2	1	2:1	2	1	2:1
200	767	15340	15540	2	1	2:1	2	1	2:1
200	768	15360	15560	2	1	2:1	2	1	2:1
200	769	15380	15580	2	1	2:1	2	1	2:1
200	770	15400	15600	2	1	2:1	2	1	2:1
200	771	15420	15620	2	1	2:1	2	1	2:1
200	772	15440	15640	2	1	2:1	2	1	2:1
200	773	15460	15660	2	1	2:1	2	1	2:1
200	774	15480	15680	2	1	2:1	2	1	2:1
200	775	15500	15700	2	1	2:1	2	1	2:1
200	776	15520	15720	2	1	2:1	2	1	2:1
200	777	15540	15740	2	1	2:1	2	1	2:1
200	778	15560	15760	2	1	2:1	2	1	2:1
200	779	15580	15780	2	1	2:1	2	1	2:1
200	780	15600	15800	2	1	2:1	2	1	2:1
200	781	15620	15820	2	1	2:1	2	1	2:1
200	782	15640	15840	2	1	2:1	2	1	2:1
200	783	15660	15860	2	1	2:1	2	1	2:1
200	784	15680	15880	2	1	2:1	2	1	2:1
200	785	15700	15900	2	1	2:1	2	1	2:1
200	786	15720	15920	2	1	2:1	2	1	2:1
200	787	15740	15940	2	1	2:1	2	1	2:1
200	788	15760	15960	2	1	2:1	2	1	2:1
200	789	15780	15980	2	1	2:1	2	1	2:1
200	790	15800	16000	2	1	2:1	2	1	2:1
200	791	15820	16020	2	1	2:1	2	1	2:1
200	792	15840	16040	2	1	2:1	2	1	2:1
200	793	15860	16060	2	1	2:1	2	1	2:1
200	794	15880	16080	2	1	2:1	2	1	2:1
200	795	15900	16100	2	1	2:1	2	1	2:1
200	796	15920	16120	2	1	2:1	2	1	2:1
200	797	15940	16140	2	1	2:1	2	1	2:1
200	798	15960	16160	2	1	2:1	2	1	2:1
200	799	15980	16180	2	1	2:1	2	1	2:1
200	800	16000	16200	2	1	2:1	2	1	2:1
200	801	16020	16220	2	1	2:1	2	1	2:1
200	802	16040	16240	2	1	2:1	2	1	2:1
200	803	16060	16260	2	1	2:1	2	1	2:1
200	804	16080	16280	2	1	2:1	2	1	2:1
200	805	16100	16300	2	1	2:1	2	1	2:1
200	806	16120	16320	2	1	2:1	2	1	2:1
200	807	16140	16340	2	1	2:1	2	1	2:1
200	808	16160	16360	2	1	2:1	2	1	2:1
200	809	16180	16380	2	1	2:1	2	1	2:1
200	810	16200	16400	2	1	2:1	2	1	2:1
200	811	16220	16420	2	1	2:1	2	1	2:1
200	812	16240	16440	2	1	2:1	2	1	2:1
200	813	16260	16460	2	1	2:1	2	1	2:1
200	814	16280	16480	2	1	2:1	2	1	2:1
200	815	16300	16500	2	1	2:1	2	1	2:1
200	816	16320	16520	2	1	2:1	2	1	2:1
200	817	16340	16540	2	1	2:1	2	1	2:1
200	818	16360	16560	2	1	2:1	2	1	2:1
200	819	16380	16580	2	1	2:1	2	1	2:1
200	820	16400	16600	2	1	2:1	2	1	2:1
200	821	16420	16620	2	1	2:1	2	1	2:1
200	822	16440	16640	2	1	2:1	2	1	2:1
200	823	16460	16660	2	1	2:1	2	1	2:1
200	824	16480	16680	2	1	2:1	2	1	2:1
200	825	16500	16700	2	1	2:1	2	1	2:1
200	826	16520	16720	2	1	2:1	2	1	2:1
200	827	16540	16740	2	1	2:1	2	1	2:1
200	828	16560	16760	2	1	2:1	2	1	2:1
200	829	16580	16780	2	1	2:1	2	1	2:1
200	830	16600	16800	2	1	2:1	2	1	2:1
200	831	16620	16820	2	1	2:1	2	1	2:1
200	832	16640	16840	2	1	2:1	2	1	2:1
200	833	16660	16860	2	1	2:1	2	1	2:1
200	834	16680	16880	2	1	2:1	2	1	2:1
200	835	16700	16900	2	1	2:1	2	1	2:1
200	836	16720	16920	2	1	2:1	2	1	2:1
200	837	16740	16940	2	1	2:1	2	1	2:1
200	838	16760	16960	2	1	2:1	2	1	2:1
200	839	16780	16980	2	1	2:1	2	1	2:1
200	840	16800	17000	2	1	2:1	2	1	2:1
200	841	16820	17020	2	1	2:1	2	1	2:1
200	842	16840	17040	2	1	2:1	2	1	2:1
200	843	16860	17060	2	1	2:1	2	1	2:1
200	844	16880	17080	2	1	2:1	2	1	2:1
200	845	16900	17100	2	1	2:1	2	1	2:1
200	846	16920	17120	2	1	2:1	2	1	2:1
200	847	16940	17140	2	1	2:1	2	1	2:1
200	848	16960	17160	2	1	2:1	2	1	2:1
200	849	16980	17180	2	1	2:1	2	1	2:1
200	850	17000	17200	2	1	2:1	2	1	2:1
200	851	17020	17220	2	1	2:1	2	1	2:1
200	852	17040	17240	2	1	2:1	2	1	2:1
200	853	17060	17260	2	1	2:1	2	1	2:1
200	854	17080	17280	2	1	2:1	2	1	2:1
200	855	17100	17300	2	1	2:1	2	1	2:1
200	856	17120	17320	2	1	2:1	2	1	2:1
200	857	17140	17340	2	1	2:1	2	1	2:1
200	858	17160	17360	2	1	2:1	2	1	2:1
200	859	17180	17380	2	1	2:1	2	1	2:1
200	860	17200	17400	2	1	2:1	2	1	2:1
200	861	17220	17420	2	1	2:1	2	1	2:1
200	862	17240	17440	2	1	2:1	2	1	2:1
200	863	17260	17460	2	1	2:1	2	1	2:1
200	864	17280	17480	2	1	2:1	2	1	2:1
200	865	17300	17500	2	1	2:1	2	1	2:1
200	866	17320	17520	2	1	2:1	2	1	2:1
200	867	17340	17540	2	1	2:1	2	1	2:1
200	868	17360	17560	2	1	2:1	2	1	2:1
200	869	17380	17580	2	1	2:1	2	1	2:1
200	870	17400	17600	2	1	2:1	2	1	2:1
200	871	17420	17620	2	1	2:1	2	1	2:1
200	872	17440	17640	2	1	2:1	2	1	2:1
200	873	17460	17660	2	1	2:1	2	1	2:1
200	874	17480	17680	2	1	2:1	2	1	2:1
200	875	17500	17700	2	1	2:1	2	1	2:1
200	876	17520	17720	2	1	2:1	2	1	2:1
200	877	17540	17740	2	1	2:1	2	1	2:1
200	878	17560	17760	2	1	2:1	2	1	2:1
200	879	17580	17780	2	1	2:1	2	1	2:1
200	880	17600	17800	2	1	2:1	2	1	2:1
200	881	17620	17820	2	1	2:1	2	1	2:1
200	882	17640	17840	2	1	2:1	2	1	2:1
200	883	17660	17860	2	1	2:1	2	1	2:1
200	884	17680	17880	2	1	2:1	2	1	2:1
200	885	17700	17900	2	1	2:1	2	1	2:1
200	886	17720	17920	2	1	2:1	2	1	2:1
200	887	17740	17940	2	1	2:1	2	1	2:1
200	888	17760	17960	2	1	2:1	2	1	2:1
200	889	17780	17980	2	1	2:1	2	1	2:1
200	890	17800	18000	2	1	2:1	2	1	2:1
200	891	17820	18020	2	1	2:1	2	1	2:1
200	892	17840	18040	2	1	2:1	2	1	2:1
200	893	17860	18060	2	1	2:1	2	1	2:1
200	894	17880	18080	2	1	2:1	2	1	2:1
200	895	17900	18100	2	1	2:1	2	1	2:1
200	896	17920	18120	2	1	2:1	2	1	2:1
200	897	17940	18140	2	1	2:1	2	1	2:1
200	898	17960	18160	2	1	2:1	2	1	2:1
200	899	17980	18180	2	1	2:1	2	1	2:1
200	900	18000	18200	2	1	2:1	2	1	2:1
200	901	18020	18220	2	1	2:1	2	1	2:1
200	902	18040	18240	2	1	2:1	2	1	2:1
200	903	18060	18260	2	1	2:1	2	1	2:1
200	904	18080	18280	2	1	2:1	2	1	2:1
200	905	18100	18300	2	1	2:1	2	1	2:1
200	906	18120	18320	2	1	2:1	2	1	2:1
200	907	18140	18340	2	1	2:1	2	1	2:1
200	908	18160	18360	2	1	2:1	2	1	2:1
200	909	18180	18380	2	1	2:1	2	1	2:1
200	910	18200	18400	2	1	2:1	2	1	2:1
200	911	18220	18420	2	1	2:1	2	1	2:1
200	912	18240	18440	2	1	2:1	2	1	2:1
200	913	18260	18460	2	1	2:1	2	1	2:1
200	914	18280	18480	2	1	2:1	2	1	2:1
200	915	18300	18500	2	1	2:1	2	1	2:1
200	916	18320	18520	2	1	2:1	2	1	2:1
200	917	18340	18540	2	1	2:1	2	1	2:1
200	918	18360	18560	2	1	2:1	2	1	2:1
200	919	18380	18580	2	1	2:1	2	1	2:1
200	920	18400	18600	2	1	2:1	2	1	2:1
200	921	18420	18620	2	1	2:1	2	1	2:1
200	922	18440	18640	2	1	2:1	2	1	2:1
200	923	18460	18660	2	1	2:1	2	1	2:1
200	924	18480	18680	2	1	2:1	2	1	2:1
200	925	18500	18700	2	1	2:1	2	1	2:1
200	926	18520	18720	2	1	2:1	2	1	2:1
200	927	18540	18740	2	1	2:1	2	1	2:1
200	928	18560	18760	2	1	2:1	2	1	2:1
200	929	18580	18780	2	1	2:1	2	1	2:1
200	930	18600	18800	2	1	2:1	2	1	2:1
200	931	18620	18820	2	1	2:1	2	1	2:1
200	932	18640	18840	2	1	2:1	2	1	2:1
200	933	18660	18860	2	1	2:1	2	1	2:1
200	934	18680	18880	2	1	2:1	2	1	2:1
200	935	18700	18900	2	1	2:1	2	1	2:1
200	936	18720	18920	2	1	2:1	2	1	2:1
200	937	18740	18940	2	1	2:1	2	1	2:1
200	938	18760	18960	2	1	2:1	2	1	2:1
200	939	18780	18980	2	1	2:1	2	1	2:1
200	940	18800	19000	2	1	2:1	2	1	2:1
200	941	18820	19020	2	1	2:1	2	1	2:1
200	942	18840	19040	2	1	2:1	2	1	2:1
200	943	18860	19060	2	1	2:1	2	1	2:1
200	944	18880	19080	2	1	2:1	2	1	2:1
200	945	18900	19100	2	1	2:1	2	1	2:1
200	946	18920	19120	2	1	2:1	2	1	2:1
200	947	18940	19140	2	1	2:1	2	1	2:1
200	948	18960	19160	2	1	2:1	2	1	2:1
200	949	18980	19180	2	1	2:1	2	1	2:1
200	950	19000	19200	2	1	2:1	2	1	2:1
200	951	19020	19220	2	1	2:1	2	1	2:1
200	952	19040	19240	2	1	2:1	2	1	2:1
200	953	19060	19260	2	1	2:1	2	1	2:1
200	954	19080	19280	2	1	2:1	2	1	2:1
200	955	19100	19300	2	1	2:1	2	1	2:1
200	956	19120	19320	2	1	2:1	2	1	2:1
200	957	19140	19340	2	1	2:1	2	1	2:1
200	958	19160	19360	2	1	2:1	2	1	2:1
200	959	19180	19380	2	1	2:1	2	1	2:1
200	960	19200	19400	2	1	2:1	2	1	2:1
200	961	19220	19420	2	1	2:1	2	1	2:1
200	962	19240	19440	2	1	2:1	2	1	2:1
200	963	19260	19460	2	1	2:1	2	1	2:1
200	964	19280	19480	2	1	2:1	2	1	2:1
200	965	19300	19500	2	1	2:1	2	1	2:1
200	966	19320	19520	2	1	2:1	2	1	2:1
200	967	19340	19540	2	1	2:1	2	1	2:1
200	968	19360	19560	2	1	2:1	2	1	2:1
200	969	19380	19580	2	1	2:1	2	1	2:1
200	970	19400	19600	2	1	2:1	2	1	2:1
200	971	19420	19620	2	1	2:1	2	1	2:1
200	972	19440	19640	2	1	2:1	2	1	2:1
200	973	19460	19660	2	1	2:1	2	1	2:1
200	974	19480	19680	2	1	2:1	2	1	2:1
200	975	19500	19700	2	1	2:1	2	1	2:1
200	976	19520	19720	2	1	2:1	2	1	2:1
200	977	19540	19740	2	1	2:1	2	1	2:1
200	978	19560	19760	2	1	2:1	2	1	2:1
200	979	19580	19780	2	1	2:1	2	1	2:1
200	980	19600	19800	2	1	2:1	2	1	2:1
200	981	19620	19820	2	1	2:1	2	1	2:1
200	982	19640	19840	2	1	2:1	2	1	2:1
200	983	19660	19860	2	1	2:1	2	1	2:1
200	984	19680	19880	2	1	2:1	2	1	2:1
200	985	19700	19900	2	1	2:1	2	1	2:1
200	986	19720	19920	2	1	2:1	2	1	2:1
200	987	19740	19940	2	1	2:1	2	1	2:1
200	988	19760	19960	2	1	2:1	2	1	2:1
200	989	19780	19980	2	1	2:1	2	1	2:1
200	990	19800	20000	2	1	2:1	2	1	2:1
200	991	19820	20020	2	1	2:1	2	1	2:1
200	992	19840	20040	2	1	2:1	2	1	2:1
200	993	19860	20060	2	1	2:1	2	1	2:1
200	994	19880	20080	2	1	2:1	2	1	2:1
200	995	19900	20100	2	1	2:1	2	1	2:1
200	996	19920	20120	2	1	2:1	2	1	2:1
200	997	19940	20140	2	1	2:1	2	1	2:1
200	998	19960	20160	2	1	2:1	2	1	2:1
200	999	19980	20180	2	1	2:1	2	1	2:1
200	1000	20000	20200	2	1	2:1	2	1	2:1
200	1001	20020	20220	2	1	2:1	2	1	2:1
200	1002	20040	20240	2	1	2:1	2	1	2:1
200	1003	20060	20260	2	1	2:1	2	1	2:1
200	1004	20080	20280	2	1	2:1	2	1	2:1
200	1005	20100	20300	2	1	2:1	2	1	2:1
200	1006	20120	20320	2	1	2:1	2	1	2:1
200	1007	20140	20340	2	1	2:1	2	1	2:1
200	1008	20160	20360	2	1	2:1	2	1	2:1
200	1009	20180	20380	2	1	2:1	2	1	2:1
200	1010	20200	20400	2	1	2:1	2	1	2:1
200	1011	20220	20420	2	1	2:1	2	1	2:1
200	1012	20240	20440	2	1	2:1	2	1	2:1
200	1013	20260	20460	2	1	2:1	2	1	2:1
200	1014	20280	20480	2	1	2:1	2	1	2:1
200	1015	20300	20500	2	1	2:1	2	1	2:1
200	1016	20320	20520	2	1	2:1	2	1	2:1
200	1017	20340	20540	2	1	2:1	2	1	2:1
200	1018	20360	20560	2	1	2:1	2	1	2:1
200	1019	20380	20580	2	1	2:1	2	1	2:1
200	1020	20400	20600	2	1	2:1	2	1	2:1
200	1021	20420	20620	2	1	2:1	2	1	2:1
200	1022	20440	20640	2	1	2:1	2	1	2:1
200	1023	20460	20660	2	1	2:1	2	1	2:1
200	1024	20480	20680	2	1	2:1	2	1	2:1
200	1025	20500	20700	2	1	2:1	2	1	2:1
200	1026	20520	20720	2	1	2:1	2	1	2:1
200	1027	20540	20740	2	1	2:1	2	1	2:1
200	1028	20560	20760	2	1	2:1	2	1	2:1
200	1029	20580	20780	2	1	2:1	2	1	2:1
200	1030	20600	20800	2	1	2:1	2	1	2:1
200	1031	20620	20820	2	1	2:1	2	1	2:1
200	1032	20640	20840	2	1	2:1	2	1	2:1
200	1033	20660	20860	2	1	2:1	2	1	2:1
200	1034	20680	20880	2	1	2:1	2	1	2:1
200	1035	20700	20900	2	1	2:1	2	1	2:1
200	1036	20720	20920	2	1	2:1	2	1	2:1
200	1037	20740	20940	2	1	2:1	2	1	2:1
200	1038	20760	20960	2	1	2:1	2	1	2:1
200	1039	20780	20980	2	1	2:1	2	1	2:1
200	1040	20800	21000	2	1	2:1	2	1	2:1
200	1041	20820	21020	2	1	2:1	2	1	2:1
200	1042	20840	21040	2	1	2:1	2	1	2:1
200	1043	20860	21060	2	1	2:1	2	1	2:1
200	1044	20880	21080	2	1	2:1	2	1	2:1
200	1045	20900	21100	2	1	2:1	2	1	2:1
200	1046	20920	21120	2	1	2:1	2	1	2:1
200	1047	20940	21140	2	1	2:1	2	1	2:1
200	1048	20960	21160	2	1	2:1	2	1	2:1
200	1049	20980	21180	2	1	2:1	2	1	2:1
200	1050	21000	21200	2	1	2:1	2	1	2:1
200	1051	21020	21220	2	1	2:1	2	1	2:1
200	1052	21040	21240	2	1	2:1	2	1	2:1
200	1053	21060	21260	2	1	2:1	2	1	2:1
200	1054	21080	21280	2	1	2:1	2	1	2:1
200	1055	21100	21300	2	1	2:1	2	1	2:1
200	1056	21120	21320	2	1	2:1	2	1	2:1
200	1057	21140	21340	2	1	2:1	2	1	2:1
200	1058	21160	21360	2	1	2:1	2	1	2:1
200	1059	21180	21380	2	1	2:1	2	1	2:1
200	1060	21200	21400	2	1	2:1	2	1	2:1
200	1061	21220	21420	2	1	2:1	2	1	2:1
200	1062	21240	21440	2	1	2:1	2	1	2:1
200	1063	21260	21460	2	1	2:1	2	1	2:1
200	1064	21280	21480	2	1	2:1	2	1	2:1
200	1065	21300	21500	2	1	2:1	2	1	2:1
200	1066	21320	21520	2	1	2:1	2	1	2:1
200	1067	21340	21540	2	1	2:1	2	1	2:1
200	1068	21360	21560	2	1	2:1	2	1	2:1
200	1069	21380	21580	2	1	2:1	2	1	2:1
200	1070	21400	21600	2	1	2:1	2	1	2:1
200	1071	21420	21620	2	1	2:1	2	1	2:1
200	1072	21440	21640	2	1	2:1	2	1	2:1
200	1073	21460	21660	2	1	2:1	2	1	2:1
200	1074	21480	21680	2	1	2:1	2	1	2:1
200	1075	21500	21700	2	1	2:1	2	1	2:1
200	1076	21520	21720	2	1	2:1	2	1	2:1
200	1077	21540	21740	2	1	2:1	2	1	2:1
200	1078	21560	21760	2	0.985	2:0.985,3:0.015	2	1	2:1
200	1079	21580	21780	2	0.885	2:0.885,3:0.115	2	1	2:1
200	1080	21600	21800	2	0.785	2:0.785,3:0.215	2	1	2:1
200	1081	21620	21820	2	0.685	2:0.685,3:0.315	2	1	2:1
200	1082	21640	21840	2	0.585	2:0.585,3:0.415	2	1	2:1
200	1083	21660	21860	3	0.515	2:0.485,3:0.515	2	1	2:1
200	1084	21680	21880	3	0.615	2:0.385,3:0.615	2	1	2:1
200	1085	21700	21900	3	0.715	2:0.285,3:0.715	2	1	2:1
200	1086	21720	21920	3	0.815	2:0.185,3:0.815	2	1	2:1
200	1087	21740	21940	3	0.915	2:0.085,3:0.915	2	1	2:1
200	1088	21760	21960	3	1	3:1	2	1	2:1
200	1089	21780	21980	3	1	3:1	2	1	2:1
200	1090	21800	22000	3	1	3:1	2	1	2:1
200	1091	21820	22020	3	1	3:1	2	1	2:1
200	1092	21840	22040	3	1	3:1	2	1	2:1
200	1093	21860	22060	3	1	3:1	2	1	2:1
200	1094	21880	22080	3	1	3:1	2	1	2:1
200	1095	21900	22100	3	1	3:1	2	1	2:1
200	1096	21920	22120	3	1	3:1	2	1	2:1
200	1097	21940	22140	3	1	3:1	2	1	2:1
200	1098	21960	22160	3	1	3:1	2	1	2:1
200	1099	21980	22180	3	1	3:1	2	1	2:1
200	1100	22000	22200	3	1	3:1	2	1	2:1
200	1101	22020	22220	3	1	3:1	2	1	2:1
200	1102	22040	22240	3	1	3:1	2	1	2:1
200	1103	22060	22260	3	1	3:1	2	1	2:1
200	1104	22080	22280	3	1	3:1	2	0.9	2:0.9,4:0.1
200	1105	22100	22300	3	1	3:1	2	0.8	2:0.8,4:0.2
200	1106	22120	22320	3	1	3:1	2	0.7	2:0.7,4:0.3
200	1107	22140	22340	3	1	3:1	2	0.6	2:0.6,4:0.4
200	1108	22160	22360	3	1	3:1	2	0.5	2:0.5,4:0.5
200	1109	22180	22380	3	1	3:1	4	0.6	2:0.4,4:0.6
200	1110	22200	22400	3	1	3:1	4	0.7	2:0.3,4:0.7
200	1111	22220	22420	3	1	3:1	4	0.8	2:0.2,4:0.8
200	1112	22240	22440	3	1	3:1	4	0.9	2:0.1,4:0.9
200	1113	22260	22460	3	1	3:1	4	1	4:1
200	1114	22280	22480	3	1	3:1	4	1	4:1
200	1115	22300	22500	3	1	3:1	4	1	4:1
200	1116	22320	22520	3	1	3:1	4	1	4:1
200	1117	22340	22540	3	1	3:1	4	1	4:1
200	1118	22360	22560	3	1	3:1	4	1	4:1
200	1119	22380	22580	3	1	3:1	4	1	4:1
200	1120	22400	22600	3	1	3:1	4	1	4:1
200	1121	22420	22620	3	1	3:1	4	1	4:1
200	1122	22440	22640	3	1	3:1	4	1	4:1
200	1123	22460	22660	3	1	3:1	4	1	4:1
200	1124	22480	22680	3	1	3:1	4	1	4:1
200	1125	22500	22700	3	1	3:1	4	1	4:1
200	1126	22520	22720	3	1	3:1	4	1	4:1
200	1127	22540	22740	3	1	3:1	4	1	4:1
200	1128	22560	22760	3	1	3:1	4	1	4:1
200	1129	22580	22780	3	1	3:1	4	1	4:1
200	1130	22600	22800	3	1	3:1	4	1	4:1
200	1131	22620	22820	3	1	3:1	4	0.9	2:0.1,4:0.9
200	1132	22640	22840	3	1	3:1	4	0.8	2:0.2,4:0.8
200	1133	22660	22860	3	1	3:1	4	0.7	2:0.3,4:0.7
200	1134	22680	22880	3	1	3:1	4	0.6	2:0.4,4:0.6
200	1135	22700	22900	3	1	3:1	2	0.5	2:0.5,4:0.5
200	1136	22720	22920	3	1	3:1	2	0.6	2:0.6,4:0.4
200	1137	22740	22940	3	1	3:1	2	0.7	2:0.7,4:0.3
200	1138	22760	22960	3	1	3:1	2	0.8	2:0.8,4:0.2
200	1139	22780	22980	3	1	3:1	2	0.9	2:0.9,4:0.1
200	1140	22800	23000	3	1	3:1	2	1	2:1
200	1141	22820	23020	3	1	3:1	2	1	2:1
200	1142	22840	23040	3	1	3:1	2	1	2:1
200	1143	22860	23060	3	1	3:1	2	1	2:1
200	1144	22880	23080	3	1	3:1	2	1	2:1
200	1145	22900	23100	3	1	3:1	2	1	2:1
200	1146	22920	23120	3	1	3:1	2	1	2:1
200	1147	22940	23140	3	1	3:1	2	1	2:1
200	1148	22960	23160	3	1	3:1	2	1	2:1
200	1149	22980	23180	3	1	3:1	2	1	2:1
200	1150	23000	23200	3	1	3:1	2	1	2:1
200	1151	23020	23220	3	1	3:1	2	1	2:1
200	1152	23040	23240	3	1	3:1	2	1	2:1
200	1153	23060	23260	3	1	3:1	2	1	2:1
200	1154	23080	23280	3	1	3:1	2	1	2:1
200	1155	23100	23300	3	1	3:1	2	1	2:1
200	1156	23120	23320	3	1	3:1	2	1	2:1
200	1157	23140	23340	3	1	3:1	2	1	2:1
200	1158	23160	23360	3	1	3:1	2	1	2:1
200	1159	23180	23380	3	1	3:1	2	1	2:1
200	1160	23200	23400	3	1	3:1	2	1	2:1
200	1161	23220	23420	3	1	3:1	2	1	2:1
200	1162	23240	23440	3	1	3:1	2	1	2:1
200	1163	23260	23460	3	1	3:1	2	1	2:1
200	1164	23280	23480	3	1	3:1	2	1	2:1
200	1165	23300	23500	3	1	3:1	2	1	2:1
200	1166	23320	23520	3	1	3:1	2	1	2:1
200	1167	23340	23540	3	1	3:1	2	1	2:1
200	1168	23360	23560	3	1	3:1	2	1	2:1
200	1169	23380	23580	3	1	3:1	2	1	2:1
200	1170	23400	23600	3	1	3:1	2	1	2:1
200	1171	23420	23620	3	1	3:1	2	1	2:1
200	1172	23440	23640	3	1	3:1	2	1	2:1
200	1173	23460	23660	3	1	3:1	2	1	2:1
200	1174	23480	23680	3	1	3:1	2	1	2:1
200	1175	23500	23700	3	1	3:1	2	1	2:1
200	1176	23520	23720	3	1	3:1	2	1	2:1
200	1177	23540	23740	3	1	3:1	2	1	2:1
200	1178	23560	23760	3	1	3:1	2	1	2:1
200	1179	23580	23780	3	1	3:1	2	1	2:1
200	1180	23600	23800	3	1	3:1	2	1	2:1
200	1181	23620	23820	3	1	3:1	2	1	2:1
200	1182	23640	23840	3	1	3:1	2	1	2:1
200	1183	23660	23860	3	1	3:1	2	1	2:1
200	1184	23680	23880	3	1	3:1	2	1	2:1
200	1185	23700	23900	3	1	3:1	2	1	2:1
200	1186	23720	23920	3	1	3:1	2	1	2:1
200	1187	23740	23940	3	1	3:1	2	1	2:1
200	1188	23760	23960	3	1	3:1	2	1	2:1
200	1189	23780	23980	3	1	3:1	2	1	2:1
200	1190	23800	24000	3	1	3:1	2	1	2:1
200	1191	23820	24020	3	1	3:1	2	1	2:1
200	1192	23840	24040	3	1	3:1	2	1	2:1
200	1193	23860	24060	3	1	3:1	2	1	2:1
200	1194	23880	24080	3	1	3:1	2	1	2:1
200	1195	23900	24100	3	1	3:1	2	1	2:1
200	1196	23920	24120	3	1	3:1	2	1	2:1
200	1197	23940	24140	3	1	3:1	2	1	2:1
200	1198	23960	24160	3	0.96	3:0.96,4:0.04	2	0.96	1:0.04,2:0.96
200	1199	23980	24180	3	0.86	3:0.86,4:0.14	2	0.86	1:0.14,2:0.86
200	1200	24000	24200	3	0.76	3:0.76,4:0.24	2	0.76	1:0.24,2:0.76
200	1201	24020	24220	3	0.66	3:0.66,4:0.34	2	0.66	1:0.34,2:0.66
200	1202	24040	24240	3	0.56	3:0.56,4:0.44	2	0.56	1:0.44,2:0.56
200	1203	24060	24260	4	0.54	3:0.46,4:0.54	1	0.54	1:0.54,2:0.46
200	1204	24080	24280	4	0.64	3:0.36,4:0.64	1	0.64	1:0.64,2:0.36
200	1205	24100	24300	4	0.74	3:0.26,4:0.74	1	0.74	1:0.74,2:0.26
200	1206	24120	24320	4	0.84	3:0.16,4:0.84	1	0.84	1:0.84,2:0.16
200	1207	24140	24340	4	0.94	3:0.06,4:0.94	1	0.94	1:0.94,2:0.06
200	1208	24160	24360	4	1	4:1	1	1	1:1
200	1209	24180	24380	4	1	4:1	1	1	1:1
200	1210	24200	24400	4	1	4:1	1	1	1:1
200	1211	24220	24420	4	1	4:1	1	1	1:1
200	1212	24240	24440	4	1	4:1	1	1	1:1
200	1213	24260	24460	4	1	4:1	1	1	1:1
200	1214	24280	24480	4	1	4:1	1	1	1:1
200	1215	24300	24500	4	1	4:1	1	1	1:1
200	1216	24320	24520	4	1	4:1	1	1	1:1
200	1217	24340	24540	4	1	4:1	1	1	1:1
200	1218	24360	24560	4	1	4:1	1	1	1:1
200	1219	24380	24580	4	1	4:1	1	1	1:1
200	1220	24400	24600	4	1	4:1	1	1	1:1
200	1221	24420	24620	4	1	4:1	1	1	1:1
200	1222	24440	24640	4	1	4:1	1	1	1:1
200	1223	24460	24660	4	1	4:1	1	1	1:1
200	1224	24480	24680	4	1	4:1	1	1	1:1
200	1225	24500	24700	4	1	4:1	1	1	1:1
200	1226	24520	24720	4	1	4:1	1	1	1:1
200	1227	24540	24740	4	1	4:1	1	1	1:1
200	1228	24560	24760	4	1	4:1	1	1	1:1
200	1229	24580	24780	4	1	4:1	1	1	1:1
200	1230	24600	24800	4	1	4:1	1	1	1:1
200	1231	24620	24820	4	1	4:1	1	1	1:1
200	1232	24640	24840	4	1	4:1	1	1	1:1
200	1233	24660	24860		0		1	1	1:1
200	1234	24680	24880		0		1	1	1:1
200	1235	24700	24900		0		1	1	1:1
200	1236	24720	24920		0		1	1	1:1
200	1237	24740	24940		0		1	1	1:1
200	1238	24760	24960		0		1	1	1:1
200	1239	24780	24980		0		1	1	1:1
200	1240	24800	25000		0		1	1	1:1
200	1241	24820	25020		0		1	1	1:1
200	1242	24840	25040		0		1	1	1:1
200	1243	24860	25060		0		1	1	1:1
200	1244	24880	25080		0		1	1	1:1
200	1245	24900	25100		0		1	1	1:1
200	1246	24920	25120		0		1	1	1:1
200	1247	24940	25140		0		1	1	1:1
200	1248	24960	25160		0		1	1	1:1
200	1249	24980	25180		0		1	1	1:1
200	1250	25000	25200		0		1	1	1:1
200	1251	25020	25220		0		1	1	1:1
200	1252	25040	25240		0		1	1	1:1
200	1253	25060	25260		0		1	1	1:1
200	1254	25080	25280		0		1	1	1:1
200	1255	25100	25300		0		1	1	1:1
200	1256	25120	25320		0		1	1	1:1
200	1257	25140	25340		0		1	1	1:1
200	1258	25160	25360		0		1	1	1:1
200	1259	25180	25380		0		1	1	1:1
200	1260	25200	25400		0		1	1	1:1
200	1261	25220	25420		0		1	1	1:1
200	1262	25240	25440		0		1	1	1:1
200	1263	25260	25460		0		1	1	1:1
200	1264	25280	25480		0		1	1	1:1
200	1265	25300	25500		0		1	1	1:1
200	1266	25320	25520		0		1	1	1:1
200	1267	25340	25540		0		1	1	1:1
200	1268	25360	25560		0		1	1	1:1
200	1269	25380	25580		0		1	1	1:1
200	1270	25400	25600		0		1	1	1:1
200	1271	25420	25620		0		1	1	1:1
200	1272	25440	25640	4	1	4:1	1	1	1:1
200	1273	25460	25660	4	1	4:1	1	1	1:1
200	1274	25480	25680	4	1	4:1	1	1	1:1
200	1275	25500	25700	4	1	4:1	1	1	1:1
200	1276	25520	25720	4	1	4:1	1	1	1:1
200	1277	25540	25740	4	1	4:1	1	1	1:1
200	1278	25560	25760	4	1	4:1	1	1	1:1
200	1279	25580	25780	4	1	4:1	1	1	1:1
200	1280	25600	25800	4	1	4:1	1	1	1:1
200	1281	25620	25820	4	1	4:1	1	1	1:1
200	1282	25640	25840	4	1	4:1	1	1	1:1
200	1283	25660	25860	4	1	4:1	1	1	1:1
200	1284	25680	25880	4	0.96	4:0.96,5:0.04	1	0.96	1:0.96,3:0.04
200	1285	25700	25900	4	0.86	4:0.86,5:0.14	1	0.86	1:0.86,3:0.14
200	1286	25720	25920	4	0.76	4:0.76,5:0.24	1	0.76	1:0.76,3:0.24
200	1287	25740	25940	4	0.66	4:0.66,5:0.34	1	0.66	1:0.66,3:0.34
200	1288	25760	25960	4	0.56	4:0.56,5:0.44	1	0.56	1:0.56,3:0.44
200	1289	25780	25980	5	0.54	4:0.46,5:0.54	3	0.54	1:0.46,3:0.54
200	1290	25800	26000	5	0.64	4:0.36,5:0.64	3	0.64	1:0.36,3:0.64
200	1291	25820	26020	5	0.74	4:0.26,5:0.74	3	0.74	1:0.26,3:0.74
200	1292	25840	26040	5	0.84	4:0.16,5:0.84	3	0.84	1:0.16,3:0.84
200	1293	25860	26060	5	0.94	4:0.06,5:0.94	3	0.94	1:0.06,3:0.94
200	1294	25880	26080	5	1	5:1	3	1	3:1
200	1295	25900	26100	5	1	5:1	3	1	3:1
200	1296	25920	26120	5	1	5:1	3	1	3:1
200	1297	25940	26140	5	1	5:1	3	1	3:1
200	1298	25960	26160	5	1	5:1	3	1	3:1
200	1299	25980	26180	5	1	5:1	3	1	3:1
200	1300	26000	26200	5	1	5:1	3	1	3:1
200	1301	26020	26220	5	1	5:1	3	1	3:1
200	1302	26040	26240	5	1	5:1	3	1	3:1
200	1303	26060	26260	5	1	5:1	3	1	3:1
200	1304	26080	26280	5	1	5:1	3	1	3:1
200	1305	26100	26300	5	1	5:1	3	1	3:1
200	1306	26120	26320	5	1	5:1	3	1	3:1
200	1307	26140	26340	5	1	5:1	3	1	3:1
200	1308	26160	26360	5	1	5:1	3	1	3:1
200	1309	26180	26380	5	1	5:1	3	1	3:1
200	1310	26200	26400	5	1	5:1	3	1	3:1
200	1311	26220	26420	5	0.935	4:0.065,5:0.935	3	0.935	1:0.065,3:0.935
200	1312	26240	26440	5	0.835	4:0.165,5:0.835	3	0.835	1:0.165,3:0.835
200	1313	26260	26460	5	0.735	4:0.265,5:0.735	3	0.735	1:0.265,3:0.735
200	1314	26280	26480	5	0.635	4:0.365,5:0.635	3	0.635	1:0.365,3:0.635
200	1315	26300	26500	5	0.535	4:0.465,5:0.535	3	0.535	1:0.465,3:0.535
200	1316	26320	26520	4	0.565	4:0.565,5:0.435	1	0.565	1:0.565,3:0.435
200	1317	26340	26540	4	0.665	4:0.665,5:0.335	1	0.665	1:0.665,3:0.335
200	1318	26360	26560	4	0.7486631016042781	4:0.7486631016042781,5:0.25133689839572193	1	0.765	1:0.765,3:0.235
200	1319	26380	26580	4	0.8383233532934131	4:0.8383233532934131,5:0.16167664670658682	1	0.865	1:0.865,3:0.135
200	1320	26400	26600	4	0.9523809523809523	4:0.9523809523809523,5:0.047619047619047616	1	0.965	1:0.965,3:0.035
200	1321	26420	26620	4	1	4:1	1	1	1:1
200	1322	26440	26640	4	1	4:1	1	1	1:1
200	1323	26460	26660	4	1	4:1	1	1	1:1
200	1324	26480	26680	4	1	4:1	1	1	1:1
200	1325	26500	26700	4	1	4:1	1	1	1:1
200	1326	26520	26720	4	1	4:1	1	1	1:1
200	1327	26540	26740	4	1	4:1	1	1	1:1
200	1328	26560	26760		0		1	1	1:1
200	1329	26580	26780		0		1	1	1:1
200	1330	26600	26800		0		1	1	1:1
200	1331	26620	26820		0		1	1	1:1
200	1332	26640	26840		0		1	1	1:1
200	1333	26660	26860		0		1	1	1:1
200	1334	26680	26880		0		1	1	1:1
200	1335	26700	26900		0		1	1	1:1
200	1336	26720	26920		0		1	1	1:1
200	1337	26740	26940		0		1	1	1:1
200	1338	26760	26960		0		1	1	1:1
200	1339	26780	26980		0		1	1	1:1
200	1340	26800	27000		0		1	1	1:1
200	1341	26820	27020		0		1	1	1:1
200	1342	26840	27040		0		1	1	1:1
200	1343	26860	27060		0		1	1	1:1
200	1344	26880	27080		0		1	1	1:1
200	1345	26900	27100		0		1	1	1:1
200	1346	26920	27120		0		1	1	1:1
200	1347	26940	27140		0		1	1	1:1
200	1348	26960	27160		0		1	1	1:1
200	1349	26980	27180		0		1	1	1:1
200	1350	27000	27200		0		1	1	1:1
200	1351	27020	27220		0		1	1	1:1
200	1352	27040	27240		0		1	1	1:1
200	1353	27060	27260		0		1	1	1:1
200	1354	27080	27280		0		1	1	1:1
200	1355	27100	27300		0		1	1	1:1
200	1356	27120	27320		0		1	1	1:1
200	1357	27140	27340		0		1	1	1:1
200	1358	27160	27360		0		1	1	1:1
200	1359	27180	27380		0		1	1	1:1
200	1360	27200	27400		0		1	1	1:1
200	1361	27220	27420		0		1	1	1:1
200	1362	27240	27440		0		1	1	1:1
200	1363	27260	27460		0		1	1	1:1
200	1364	27280	27480		0		1	1	1:1
200	1365	27300	27500		0		1	1	1:1
200	1366	27320	27520		0		1	1	1:1
200	1367	27340	27540		0		1	1	1:1
200	1368	27360	27560		0		1	1	1:1
200	1369	27380	27580		0		1	1	1:1
200	1370	27400	27600		0		1	1	1:1
200	1371	27420	27620		0		1	1	1:1
200	1372	27440	27640		0		1	1	1:1
200	1373	27460	27660		0		1	1	1:1
200	1374	27480	27680		0		1	1	1:1
200	1375	27500	27700		0		1	1	1:1
200	1376	27520	27720		0		1	1	1:1
200	1377	27540	27740		0		1	1	1:1
200	1378	27560	27760		0		1	1	1:1
200	1379	27580	27780		0		1	1	1:1
200	1380	27600	27800		0		1	1	1:1
200	1381	27620	27820		0		1	1	1:1
200	1382	27640	27840		0		1	1	1:1
200	1383	27660	27860		0		1	1	1:1
200	1384	27680	27880		0		1	1	1:1
200	1385	27700	27900		0		1	1	1:1
200	1386	27720	27920		0		1	1	1:1
200	1387	27740	27940		0		1	1	1:1
200	1388	27760	27960		0		1	1	1:1
200	1389	27780	27980		0		1	1	1:1
200	1390	27800	28000		0		1	1	1:1
200	1391	27820	28020		0		1	1	1:1
200	1392	27840	28040		0		1	1	1:1
200	1393	27860	28060		0		1	1	1:1
200	1394	27880	28080		0		1	1	1:1
200	1395	27900	28100		0		1	1	1:1
200	1396	27920	28120		0		1	1	1:1
200	1397	27940	28140	X	1	X:1	1	0.955	1:0.955,3:0.045
200	1398	27960	28160	X	1	X:1	1	0.855	1:0.855,3:0.145
200	1399	27980	28180	X	1	X:1	1	0.755	1:0.755,3:0.245
200	1400	28000	28200	X	1	X:1	1	0.655	1:0.655,3:0.345
200	1401	28020	28220	X	1	X:1	1	0.555	1:0.555,3:0.445
200	1402	28040	28240	X	1	X:1	3	0.545	1:0.455,3:0.545
200	1403	28060	28260	X	1	X:1	3	0.645	1:0.355,3:0.645
200	1404	28080	28280	X	1	X:1	3	0.745	1:0.255,3:0.745
200	1405	28100	28300	X	1	X:1	3	0.845	1:0.155,3:0.845
200	1406	28120	28320	X	1	X:1	3	0.945	1:0.055,3:0.945
200	1407	28140	28340	X	1	X:1	3	1	3:1
200	1408	28160	28360	X	1	X:1	3	1	3:1
200	1409	28180	28380	X	1	X:1	3	1	3:1
200	1410	28200	28400	X	1	X:1	3	1	3:1
200	1411	28220	28420	X	1	X:1	3	1	3:1
200	1412	28240	28440	X	1	X:1	3	1	3:1
200	1413	28260	28460	X	1	X:1	3	1	3:1
200	1414	28280	28480	X	1	X:1	3	1	3:1
200	1415	28300	28500	X	1	X:1	3	1	3:1
200	1416	28320	28520	X	1	X:1	3	1	3:1
200	1417	28340	28540	X	1	X:1	3	1	3:1
200	1418	28360	28560	X	1	X:1	3	1	3:1
200	1419	28380	28580	X	1	X:1	3	1	3:1
200	1420	28400	28600	X	1	X:1	3	1	3:1
200	1421	28420	28620	X	1	X:1	3	1	3:1
200	1422	28440	28640	X	1	X:1	3	1	3:1
200	1423	28460	28660	X	1	X:1	3	1	3:1
200	1424	28480	28680	X	1	X:1	3	1	3:1
200	1425	28500	28700	X	1	X:1	3	1	3:1
200	1426	28520	28720	X	1	X:1	3	1	3:1
200	1427	28540	28740	X	1	X:1	3	1	3:1
200	1428	28560	28760	X	1	X:1	3	1	3:1
200	1429	28580	28780	X	1	X:1	3	1	3:1
200	1430	28600	28800	X	1	X:1	3	1	3:1
200	1431	28620	28820	X	1	X:1	3	1	3:1
200	1432	28640	28840	X	1	X:1	3	1	3:1
200	1433	28660	28860	X	1	X:1	3	1	3:1
200	1434	28680	28880	X	1	X:1	3	1	3:1
200	1435	28700	28900	X	1	X:1	3	1	3:1
200	1436	28720	28920	X	1	X:1	3	1	3:1
200	1437	28740	28940	X	1	X:1	3	1	3:1
200	1438	28760	28960	X	1	X:1	3	1	3:1
200	1439	28780	28980	X	1	X:1	3	1	3:1
200	1440	28800	29000	X	1	X:1	3	1	3:1
200	1441	28820	29020	X	1	X:1	3	1	3:1
200	1442	28840	29040	X	1	X:1	3	1	3:1
200	1443	28860	29060	X	1	X:1	3	1	3:1
200	1444	28880	29080	X	1	X:1	3	1	3:1
200	1445	28900	29100	X	1	X:1	3	1	3:1
200	1446	28920	29120	X	1	X:1	3	1	3:1
200	1447	28940	29140	X	1	X:1	3	1	3:1
200	1448	28960	29160	X	1	X:1	3	1	3:1
200	1449	28980	29180	X	1	X:1	3	1	3:1
200	1450	29000	29200	X	1	X:1	3	1	3:1
200	1451	29020	29220	X	1	X:1	3	1	3:1
200	1452	29040	29240	X	1	X:1	3	1	3:1
200	1453	29060	29260	X	1	X:1	3	1	3:1
200	1454	29080	29280	X	1	X:1	3	1	3:1
200	1455	29100	29300	X	1	X:1	3	1	3:1
200	1456	29120	29320	X	1	X:1	3	1	3:1
200	1457	29140	29340	X	1	X:1	3	1	3:1
200	1458	29160	29360	X	1	X:1	3	1	3:1
200	1459	29180	29380	X	1	X:1	3	1	3:1
200	1460	29200	29400	X	1	X:1	3	1	3:1
200	1461	29220	29420	X	1	X:1	3	1	3:1
200	1462	29240	29440	X	1	X:1	3	1	3:1
200	1463	29260	29460	X	1	X:1	3	1	3:1
200	1464	29280	29480	X	1	X:1	3	1	3:1
200	1465	29300	29500	X	1	X:1	3	1	3:1
200	1466	29320	29520	X	1	X:1	3	1	3:1
200	1467	29340	29540	X	1	X:1	3	1	3:1
200	1468	29360	29560	X	1	X:1	3	1	3:1
200	1469	29380	29580	X	1	X:1	3	1	3:1
200	1470	29400	29600	X	1	X:1	3	1	3:1
200	1471	29420	29620	X	1	X:1	3	1	3:1
200	1472	29440	29640	X	1	X:1	3	1	3:1
200	1473	29460	29660	X	1	X:1	3	1	3:1
200	1474	29480	29680	X	1	X:1	3	1	3:1
200	1475	29500	29700	X	1	X:1	3	1	3:1
200	1476	29520	29720	X	1	X:1	3	1	3:1
200	1477	29540	29740	X	1	X:1	3	1	3:1
200	1478	29560	29760	X	1	X:1	3	1	3:1
200	1479	29580	29780	X	1	X:1	3	1	3:1
200	1480	29600	29800	X	1	X:1	3	1	3:1
200	1481	29620	29820	X	1	X:1	3	1	3:1
200	1482	29640	29840	X	1	X:1	3	1	3:1
200	1483	29660	29860	X	1	X:1	3	1	3:1
200	1484	29680	29880	X	1	X:1	3	1	3:1
200	1485	29700	29900	X	1	X:1	3	1	3:1
200	1486	29720	29920	X	1	X:1	3	1	3:1
200	1487	29740	29940	X	1	X:1	3	1	3:1
200	1488	29760	29960	X	1	X:1	3	1	3:1
200	1489	29780	29980	X	1	X:1	3	1	3:1
200	1490	29800	30000	X	1	X:1	3	1	3:1
200	1491	29820	30020	X	1	X:1	3	1	3:1
200	1492	29840	30040	X	1	X:1	3	1	3:1
200	1493	29860	30060	X	0.91	X:0.91,Y:0.09	3	1	3:1
200	1494	29880	30080	X	0.81	X:0.81,Y:0.19	3	1	3:1
200	1495	29900	30100	X	0.71	X:0.71,Y:0.29	3	1	3:1
200	1496	29920	30120	X	0.61	X:0.61,Y:0.39	3	1	3:1
200	1497	29940	30140	X	0.51	X:0.51,Y:0.49	3	1	3:1
200	1498	29960	30160	Y	0.59	X:0.41,Y:0.59	3	1	3:1
200	1499	29980	30180	Y	0.69	X:0.31,Y:0.69	3	1	3:1
200	1500	30000	30200	Y	0.79	X:0.21,Y:0.79	3	1	3:1
200	1501	30020	30220	Y	0.89	X:0.11,Y:0.89	3	1	3:1
200	1502	30040	30240	Y	0.99	X:0.01,Y:0.99	3	1	3:1
200	1503	30060	30260	Y	1	Y:1	3	1	3:1
200	1504	30080	30280	Y	1	Y:1	3	1	3:1
200	1505	30100	30300	Y	1	Y:1	3	1	3:1
200	1506	30120	30320	Y	1	Y:1	3	1	3:1
200	1507	30140	30340	Y	1	Y:1	3	1	3:1
200	1508	30160	30360	Y	1	Y:1	3	1	3:1
200	1509	30180	30380	Y	1	Y:1	3	1	3:1
200	1510	30200	30400	Y	1	Y:1	3	1	3:1
200	1511	30220	30420	Y	1	Y:1	3	1	3:1
200	1512	30240	30440	Y	1	Y:1	3	1	3:1
200	1513	30260	30460	Y	1	Y:1	3	1	3:1
200	1514	30280	30480	Y	1	Y:1	3	1	3:1
200	1515	30300	30500	Y	1	Y:1	3	1	3:1
200	1516	30320	30520	Y	1	Y:1	3	1	3:1
200	1517	30340	30540	Y	1	Y:1	3	1	3:1
200	1518	30360	30560	Y	1	Y:1	3	1	3:1
200	1519	30380	30580	Y	1	Y:1	3	1	3:1
200	1520	30400	30600	Y	1	Y:1	3	1	3:1
200	1521	30420	30620	Y	1	Y:1	3	1	3:1
200	1522	30440	30640	Y	1	Y:1	3	1	3:1
200	1523	30460	30660	Y	1	Y:1	3	1	3:1
200	1524	30480	30680	Y	1	Y:1	3	1	3:1
200	1525	30500	30700	Y	1	Y:1	3	1	3:1
200	1526	30520	30720	Y	1	Y:1	3	1	3:1
200	1527	30540	30740	Y	1	Y:1	3	1	3:1
200	1528	30560	30760	Y	1	Y:1	3	1	3:1
200	1529	30580	30780	Y	1	Y:1	3	1	3:1
200	1530	30600	30800	Y	1	Y:1	3	1	3:1
200	1531	30620	30820	Y	1	Y:1	3	1	3:1
200	1532	30640	30840	Y	0.9	X:0.1,Y:0.9	3	1	3:1
200	1533	30660	30860	Y	0.8	X:0.2,Y:0.8	3	1	3:1
200	1534	30680	30880	Y	0.7	X:0.3,Y:0.7	3	1	3:1
200	1535	30700	30900	Y	0.6	X:0.4,Y:0.6	3	1	3:1
200	1536	30720	30920	X	0.5	X:0.5,Y:0.5	3	1	3:1
200	1537	30740	30940	X	0.6	X:0.6,Y:0.4	3	1	3:1
200	1538	30760	30960	X	0.7	X:0.7,Y:0.3	3	1	3:1
200	1539	30780	30980	X	0.8	X:0.8,Y:0.2	3	1	3:1
200	1540	30800	31000	X	0.9	X:0.9,Y:0.1	3	1	3:1
200	1541	30820	31020	X	1	X:1	3	1	3:1
200	1542	30840	31040	X	1	X:1	3	1	3:1
200	1543	30860	31060	X	1	X:1	3	1	3:1
200	1544	30880	31080	X	1	X:1	3	1	3:1
200	1545	30900	31100	X	1	X:1	3	1	3:1
200	1546	30920	31120	X	1	X:1	3	1	3:1
200	1547	30940	31140	X	1	X:1	3	1	3:1
200	1548	30960	31160	X	1	X:1	3	1	3:1
200	1549	30980	31180	X	1	X:1	3	1	3:1
200	1550	31000	31200	X	1	X:1	3	1	3:1
200	1551	31020	31220	X	1	X:1	3	1	3:1
200	1552	31040	31240	X	1	X:1	3	1	3:1
200	1553	31060	31260	X	1	X:1	3	1	3:1
200	1554	31080	31280	X	1	X:1	3	1	3:1
200	1555	31100	31300	X	1	X:1	3	1	3:1
200	1556	31120	31320	X	1	X:1	3	1	3:1
200	1557	31140	31340	X	1	X:1	3	1	3:1
200	1558	31160	31360	X	1	X:1	3	1	3:1
200	1559	31180	31380	X	1	X:1	3	1	3:1
200	1560	31200	31400	X	1	X:1	3	1	3:1
200	1561	31220	31420	X	1	X:1	3	1	3:1
200	1562	31240	31440	X	1	X:1	3	1	3:1
200	1563	31260	31460	X	1	X:1	3	1	3:1
200	1564	31280	31480	X	1	X:1	3	1	3:1
200	1565	31300	31500	X	1	X:1	3	1	3:1
200	1566	31320	31520	X	1	X:1	3	1	3:1
200	1567	31340	31540	X	1	X:1	3	1	3:1
200	1568	31360	31560	X	1	X:1	3	1	3:1
200	1569	31380	31580	X	1	X:1	3	1	3:1
200	1570	31400	31600	X	1	X:1	3	1	3:1
200	1571	31420	31620	X	1	X:1	3	1	3:1
200	1572	31440	31640	X	1	X:1	3	1	3:1
200	1573	31460	31660	X	1	X:1	3	1	3:1
200	1574	31480	31680	X	1	X:1	3	1	3:1
200	1575	31500	31700	X	1	X:1	3	1	3:1
200	1576	31520	31720	X	1	X:1	3	1	3:1
200	1577	31540	31740	X	1	X:1	3	1	3:1
200	1578	31560	31760	X	1	X:1	3	1	3:1
200	1579	31580	31780	X	1	X:1	3	1	3:1
200	1580	31600	31800	X	1	X:1	3	1	3:1
200	1581	31620	31820	X	1	X:1	3	1	3:1
200	1582	31640	31840	X	1	X:1	3	1	3:1
200	1583	31660	31860	X	1	X:1	3	1	3:1
200	1584	31680	31880	X	1	X:1	3	1	3:1
200	1585	31700	31900		0		3	1	3:1
200	1586	31720	31920		0		3	1	3:1
200	1587	31740	31940		0		3	1	3:1
200	1588	31760	31960		0		3	1	3:1
200	1589	31780	31980		0		3	1	3:1
200	1590	31800	32000		0		3	1	3:1
200	1591	31820	32020		0		3	1	3:1
200	1592	31840	32040		0		3	1	3:1
200	1593	31860	32060		0		3	1	3:1
200	1594	31880	32080		0		3	1	3:1
200	1595	31900	32100		0		3	1	3:1
200	1596	31920	32120		0		3	1	3:1
200	1597	31940	32140		0		3	1	3:1
200	1598	31960	32160		0		3	1	3:1
200	1599	31980	32180		0		3	1	3:1
200	1600	32000	32200		0		3	1	3:1
200	1601	32020	32220		0		3	1	3:1
200	1602	32040	32240		0		3	1	3:1
200	1603	32060	32260		0		3	1	3:1
200	1604	32080	32280		0		3	1	3:1
200	1605	32100	32300		0		3	1	3:1
200	1606	32120	32320		0		3	1	3:1
200	1607	32140	32340		0		3	1	3:1
200	1608	32160	32360		0		3	1	3:1
200	1609	32180	32380		0		3	1	3:1
200	1610	32200	32400		0		3	1	3:1
200	1611	32220	32420		0		3	1	3:1
200	1612	32240	32440		0		3	1	3:1
200	1613	32260	32460		0		3	1	3:1
200	1614	32280	32480		0		3	1	3:1
200	1615	32300	32500		0		3	1	3:1
200	1616	32320	32520		0		3	1	3:1
200	1617	32340	32540		0		3	1	3:1
200	1618	32360	32560		0		3	1	3:1
200	1619	32380	32580		0		3	1	3:1
200	1620	32400	32600		0		3	1	3:1
200	1621	32420	32620		0		3	1	3:1
200	1622	32440	32640		0		3	1	3:1
200	1623	32460	32660		0		3	1	3:1
200	1624	32480	32680		0		3	1	3:1
200	1625	32500	32700		0		3	1	3:1
200	1626	32520	32720		0		3	1	3:1
200	1627	32540	32740		0		3	1	3:1
200	1628	32560	32760		0		3	1	3:1
200	1629	32580	32780		0		3	1	3:1
200	1630	32600	32800		0		3	1	3:1
200	1631	32620	32820		0		3	1	3:1
200	1632	32640	32840		0		3	1	3:1
200	1633	32660	32860		0		3	1	3:1
200	1634	32680	32880		0		3	1	3:1
200	1635	32700	32900		0		3	1	3:1
200	1636	32720	32920		0		3	1	3:1
200	1637	32740	32940		0		3	1	3:1
200	1638	32760	32960		0		3	1	3:1
200	1639	32780	32980		0		3	1	3:1
200	1640	32800	33000		0		3	1	3:1
200	1641	32820	33020		0		3	1	3:1
200	1642	32840	33040		0		3	1	3:1
200	1643	32860	33060		0		3	1	3:1
200	1644	32880	33080		0		3	1	3:1
200	1645	32900	33100		0		3	1	3:1
200	1646	32920	33120		0		3	1	3:1
200	1647	32940	33140		0		3	1	3:1
200	1648	32960	33160		0		3	1	3:1
200	1649	32980	33180		0		3	1	3:1
200	1650	33000	33200		0		3	1	3:1
200	1651	33020	33220		0		3	1	3:1
200	1652	33040	33240		0		3	1	3:1
200	1653	33060	33260		0		3	1	3:1
200	1654	33080	33280		0		3	1	3:1
200	1655	33100	33300		0		3	1	3:1
200	1656	33120	33320		0		3	1	3:1
200	1657	33140	33340		0		3	1	3:1
200	1658	33160	33360		0		3	1	3:1
200	1659	33180	33380		0		3	1	3:1
200	1660	33200	33400		0		3	1	3:1
200	1661	33220	33420		0		3	1	3:1
200	1662	33240	33440		0		3	1	3:1
200	1663	33260	33460		0		3	1	3:1
200	1664	33280	33480		0		3	1	3:1
200	1665	33300	33500		0		3	1	3:1
200	1666	33320	33520		0		3	1	3:1
200	1667	33340	33540		0		3	1	3:1
200	1668	33360	33560		0		3	1	3:1
200	1669	33380	33580		0		3	1	3:1
200	1670	33400	33600		0		3	1	3:1
200	1671	33420	33620		0		3	1	3:1
200	1672	33440	33640		0		3	1	3:1
200	1673	33460	33660		0		3	1	3:1
200	1674	33480	33680		0		3	1	3:1
200	1675	33500	33700		0		3	1	3:1
200	1676	33520	33720		0		3	1	3:1
200	1677	33540	33740		0		3	1	3:1
200	1678	33560	33760		0		3	1	3:1
200	1679	33580	33780		0		3	1	3:1
200	1680	33600	33800		0		3	1	3:1
200	1681	33620	33820		0		3	1	3:1
200	1682	33640	33840		0		3	1	3:1
200	1683	33660	33860		0		3	1	3:1
200	1684	33680	33880		0		3	1	3:1
200	1685	33700	33900		0		3	1	3:1
200	1686	33720	33920		0		3	1	3:1
200	1687	33740	33940		0		3	1	3:1
200	1688	33760	33960		0		3	1	3:1
200	1689	33780	33980		0		3	1	3:1
200	1690	33800	34000		0		3	1	3:1
200	1691	33820	34020		0		3	1	3:1
200	1692	33840	34040		0		3	1	3:1
200	1693	33860	34060		0		3	1	3:1
200	1694	33880	34080		0		3	1	3:1
200	1695	33900	34100		0		3	1	3:1
200	1696	33920	34120		0		3	1	3:1
200	1697	33940	34140		0		3	1	3:1
200	1698	33960	34160		0		3	1	3:1
200	1699	33980	34180		0		3	1	3:1
200	1700	34000	34200		0		3	1	3:1
200	1701	34020	34220		0		3	1	3:1
200	1702	34040	34240		0		3	1	3:1
200	1703	34060	34260		0		3	1	3:1
200	1704	34080	34280		0		3	1	3:1
200	1705	34100	34300		0		3	1	3:1
200	1706	34120	34320		0		3	1	3:1
200	1707	34140	34340		0		3	1	3:1
200	1708	34160	34360		0		3	1	3:1
200	1709	34180	34380		0		3	1	3:1
200	1710	34200	34400		0		3	1	3:1
200	1711	34220	34420		0		3	1	3:1
200	1712	34240	34440		0		3	1	3:1
200	1713	34260	34460		0		3	1	3:1
200	1714	34280	34480		0		3	1	3:1
200	1715	34300	34500		0		3	1	3:1
200	1716	34320	34520		0		3	1	3:1
200	1717	34340	34540		0		3	1	3:1
200	1718	34360	34560		0		3	1	3:1
200	1719	34380	34580		0		3	1	3:1
200	1720	34400	34600		0		3	1	3:1
200	1721	34420	34620		0		3	1	3:1
200	1722	34440	34640		0		3	1	3:1
200	1723	34460	34660		0		3	1	3:1
200	1724	34480	34680		0		3	1	3:1
200	1725	34500	34700		0		3	1	3:1
200	1726	34520	34720		0		3	1	3:1
200	1727	34540	34740		0		3	1	3:1
200	1728	34560	34760		0		3	1	3:1
200	1729	34580	34780		0		3	1	3:1
200	1730	34600	34800		0		3	1	3:1
200	1731	34620	34820		0		3	1	3:1
200	1732	34640	34840		0		3	1	3:1
200	1733	34660	34860		0		3	1	3:1
200	1734	34680	34880		0		3	1	3:1
200	1735	34700	34900		0		3	1	3:1
200	1736	34720	34920		0		3	1	3:1
200	1737	34740	34940		0		3	1	3:1
200	1738	34760	34960		0		3	1	3:1
200	1739	34780	34980		0		3	1	3:1
200	1740	34800	35000		0		3	1	3:1
200	1741	34820	35020		0		3	1	3:1
200	1742	34840	35040		0		3	1	3:1
200	1743	34860	35060		0		3	1	3:1
200	1744	34880	35080		0		3	1	3:1
200	1745	34900	35100		0		3	1	3:1
200	1746	34920	35120		0		3	1	3:1
200	1747	34940	35140		0		3	1	3:1
200	1748	34960	35160		0		3	1	3:1
200	1749	34980	35180		0		3	1	3:1
200	1750	35000	35200		0		3	1	3:1
200	1751	35020	35220		0		3	1	3:1
200	1752	35040	35240		0		3	1	3:1
200	1753	35060	35260		0		3	1	3:1
200	1754	35080	35280		0		3	1	3:1
200	1755	35100	35300		0		3	1	3:1
200	1756	35120	35320		0		3	1	3:1
200	1757	35140	35340		0		3	1	3:1
200	1758	35160	35360		0		3	1	3:1
200	1759	35180	35380		0		3	1	3:1
200	1760	35200	35400		0		3	1	3:1
200	1761	35220	35420		0		3	1	3:1
200	1762	35240	35440		0		3	1	3:1
200	1763	35260	35460		0		3	1	3:1
200	1764	35280	35480		0		3	1	3:1
200	1765	35300	35500		0		3	1	3:1
200	1766	35320	35520		0		3	1	3:1
200	1767	35340	35540		0		3	1	3:1
200	1768	35360	35560		0		3	1	3:1
200	1769	35380	35580		0		3	1	3:1
200	1770	35400	35600		0		3	1	3:1
200	1771	35420	35620		0		3	1	3:1
200	1772	35440	35640		0		3	1	3:1
200	1773	35460	35660		0		3	1	3:1
200	1774	35480	35680		0		3	1	3:1
200	1775	35500	35700		0		3	1	3:1
200	1776	35520	35720		0		3	1	3:1
200	1777	35540	35740		0		3	1	3:1
200	1778	35560	35760		0		3	1	3:1
200	1779	35580	35780		0		3	1	3:1
200	1780	35600	35800		0		3	1	3:1
200	1781	35620	35820		0		3	1	3:1
200	1782	35640	35840		0		3	1	3:1
200	1783	35660	35860		0		3	1	3:1
200	1784	35680	35880		0		3	1	3:1
200	1785	35700	35900		0		3	1	3:1
200	1786	35720	35920		0		3	1	3:1
200	1787	35740	35940		0		3	1	3:1
200	1788	35760	35960		0		3	1	3:1
200	1789	35780	35980		0		3	1	3:1
200	1790	35800	36000		0		3	1	3:1
200	1791	35820	36020		0		3	1	3:1
200	1792	35840	36040		0		3	1	3:1
200	1793	35860	36060		0		3	1	3:1
200	1794	35880	36080		0		3	1	3:1
200	1795	35900	36100		0		3	1	3:1
200	1796	35920	36120		0		3	1	3:1
200	1797	35940	36140		0		3	1	3:1
200	1798	35960	36160		0		3	1	3:1
200	1799	35980	36180		0		3	1	3:1
200	1800	36000	36200		0		3	1	3:1
200	1801	36020	36220		0		3	1	3:1
200	1802	36040	36240		0		3	1	3:1
200	1803	36060	36260		0		3	1	3:1
200	1804	36080	36280		0		3	1	3:1
200	1805	36100	36300		0		3	1	3:1
200	1806	36120	36320		0		3	1	3:1
200	1807	36140	36340		0		3	1	3:1
200	1808	36160	36360		0		3	1	3:1
200	1809	36180	36380		0		3	1	3:1
200	1810	36200	36400		0		3	1	3:1
200	1811	36220	36420		0		3	1	3:1
200	1812	36240	36440		0		3	1	3:1
200	1813	36260	36460		0		3	1	3:1
200	1814	36280	36480		0		3	1	3:1
200	1815	36300	36500		0		3	1	3:1
200	1816	36320	36520		0		3	1	3:1
200	1817	36340	36540		0		3	1	3:1
200	1818	36360	36560		0		3	1	3:1
200	1819	36380	36580		0		3	1	3:1
200	1820	36400	36600		0		3	1	3:1
200	1821	36420	36620		0		3	1	3:1
200	1822	36440	36640		0		3	1	3:1
200	1823	36460	36660		0		3	1	3:1
200	1824	36480	36680		0		3	1	3:1
200	1825	36500	36700		0		3	1	3:1
200	1826	36520	36720		0		3	1	3:1
200	1827	36540	36740		0		3	1	3:1
200	1828	36560	36760		0		3	1	3:1
200	1829	36580	36780		0		3	1	3:1
200	1830	36600	36800		0		3	1	3:1
200	1831	36620	36820		0		3	1	3:1
200	1832	36640	36840		0		3	1	3:1
200	1833	36660	36860		0		3	1	3:1
200	1834	36680	36880		0		3	1	3:1
200	1835	36700	36900		0		3	1	3:1
200	1836	36720	36920		0		3	1	3:1
200	1837	36740	36940		0		3	1	3:1
200	1838	36760	36960		0		3	1	3:1
200	1839	36780	36980		0		3	1	3:1
200	1840	36800	37000		0		3	1	3:1
200	1841	36820	37020		0		3	1	3:1
200	1842	36840	37040		0		3	1	3:1
200	1843	36860	37060		0		3	1	3:1
200	1844	36880	37080		0		3	1	3:1
200	1845	36900	37100		0		3	1	3:1
200	1846	36920	37120		0		3	1	3:1
200	1847	36940	37140		0		3	1	3:1
200	1848	36960	37160		0		3	1	3:1
200	1849	36980	37180		0		3	1	3:1
200	1850	37000	37200		0		3	1	3:1
200	1851	37020	37220		0		3	1	3:1
200	1852	37040	37240		0		3	1	3:1
200	1853	37060	37260		0		3	1	3:1
200	1854	37080	37280		0		3	1	3:1
200	1855	37100	37300		0		3	1	3:1
200	1856	37120	37320		0		3	1	3:1
200	1857	37140	37340		0		3	1	3:1
200	1858	37160	37360		0		3	1	3:1
200	1859	37180	37380		0		3	1	3:1
200	1860	37200	37400		0		3	1	3:1
200	1861	37220	37420		0		3	1	3:1
200	1862	37240	37440		0		3	1	3:1
200	1863	37260	37460		0		3	1	3:1
200	1864	37280	37480		0		3	1	3:1
200	1865	37300	37500		0		3	1	3:1
200	1866	37320	37520		0		3	1	3:1
200	1867	37340	37540		0		3	1	3:1
200	1868	37360	37560		0		3	1	3:1
200	1869	37380	37580		0		3	1	3:1
200	1870	37400	37600		0		3	1	3:1
200	1871	37420	37620		0		3	0.9	2:0.1,3:0.9
200	1872	37440	37640		0		3	0.8	2:0.2,3:0.8
200	1873	37460	37660		0		3	0.7	2:0.3,3:0.7
200	1874	37480	37680		0		3	0.6	2:0.4,3:0.6
200	1875	37500	37700		0		2	0.5	2:0.5,3:0.5
200	1876	37520	37720		0		2	0.6	2:0.6,3:0.4
200	1877	37540	37740		0		2	0.645	2:0.645,3:0.355
200	1878	37560	37760		0		2	0.645	2:0.645,3:0.355
200	1879	37580	37780		0		2	0.645	2:0.645,3:0.355
200	1880	37600	37800		0		2	0.645	2:0.645,3:0.355
200	1881	37620	37820		0		2	0.545	2:0.545,3:0.455
200	1882	37640	37840		0		3	0.555	2:0.445,3:0.555
200	1883	37660	37860		0		3	0.655	2:0.345,3:0.655
200	1884	37680	37880		0		3	0.755	2:0.245,3:0.755
200	1885	37700	37900		0		3	0.855	2:0.145,3:0.855
200	1886	37720	37920		0		3	0.955	2:0.045,3:0.955
200	1887	37740	37940		0		3	1	3:1
200	1888	37760	37960		0		3	1	3:1
200	1889	37780	37980		0		3	1	3:1
200	1890	37800	38000		0		3	1	3:1
200	1891	37820	38020		0		3	1	3:1
200	1892	37840	38040		0		3	1	3:1
200	1893	37860	38060		0		3	1	3:1
200	1894	37880	38080		0		3	1	3:1
200	1895	37900	38100		0		3	1	3:1
200	1896	37920	38120		0		3	1	3:1
200	1897	37940	38140		0		3	1	3:1
200	1898	37960	38160		0		3	1	3:1
200	1899	37980	38180		0		3	1	3:1
200	1900	38000	38200		0		3	1	3:1
200	1901	38020	38220		0		3	1	3:1
200	1902	38040	38240		0		3	1	3:1
200	1903	38060	38260		0		3	1	3:1
200	1904	38080	38280		0		3	1	3:1
200	1905	38100	38300		0		3	1	3:1
200	1906	38120	38320		0		3	1	3:1
200	1907	38140	38340		0		3	1	3:1
200	1908	38160	38360		0		3	1	3:1
200	1909	38180	38380		0		3	1	3:1
200	1910	38200	38400		0		3	1	3:1
200	1911	38220	38420		0		3	1	3:1
200	1912	38240	38440		0		3	1	3:1
200	1913	38260	38460		0		3	1	3:1
200	1914	38280	38480		0		3	1	3:1
200	1915	38300	38500		0		3	1	3:1
200	1916	38320	38520		0		3	1	3:1
200	1917	38340	38540		0		3	1	3:1
200	1918	38360	38560		0		3	1	3:1
200	1919	38380	38580		0		3	1	3:1
200	1920	38400	38600		0		3	1	3:1
200	1921	38420	38620		0		3	1	3:1
200	1922	38440	38640		0		3	1	3:1
200	1923	38460	38660		0		3	1	3:1
200	1924	38480	38680		0		3	1	3:1
200	1925	38500	38700		0		3	1	3:1
200	1926	38520	38720		0		3	1	3:1
200	1927	38540	38740		0		3	1	3:1
200	1928	38560	38760		0		3	1	3:1
200	1929	38580	38780		0		3	1	3:1
200	1930	38600	38800		0		3	1	3:1
200	1931	38620	38820		0		3	1	3:1
200	1932	38640	38840		0		3	1	3:1
200	1933	38660	38860		0		3	1	3:1
200	1934	38680	38880		0		3	1	3:1
200	1935	38700	38900		0		3	1	3:1
200	1936	38720	38920		0		3	1	3:1
200	1937	38740	38940		0		3	1	3:1
200	1938	38760	38960		0		3	1	3:1
200	1939	38780	38980		0		3	1	3:1
200	1940	38800	39000		0		3	1	3:1
200	1941	38820	39020		0		3	1	3:1
500	0	0	500	1	1	1:1	1	1	1:1
500	1	50	550	1	1	1:1	1	1	1:1
500	2	100	600	1	1	1:1	1	1	1:1
500	3	150	650	1	1	1:1	1	1	1:1
500	4	200	700	1	1	1:1	1	1	1:1
500	5	250	750	1	1	1:1	1	1	1:1
500	6	300	800	1	1	1:1	1	1	1:1
500	7	350	850	1	1	1:1	1	1	1:1
500	8	400	900	1	1	1:1	1	1	1:1
500	9	450	950	1	1	1:1	1	1	1:1
500	10	500	1000	1	1	1:1	1	1	1:1
500	11	550	1050	1	1	1:1	1	1	1:1
500	12	600	1100	1	1	1:1	1	1	1:1
500	13	650	1150	1	1	1:1	1	1	1:1
500	14	700	1200	1	1	1:1	1	1	1:1
500	15	750	1250	1	1	1:1	1	1	1:1
500	16	800	1300	1	1	1:1	1	1	1:1
500	17	850	1350	1	1	1:1	1	1	1:1
500	18	900	1400	1	1	1:1	1	1	1:1
500	19	950	1450	1	1	1:1	1	1	1:1
500	20	1000	1500	1	1	1:1	1	1	1:1
500	21	1050	1550	1	1	1:1	1	1	1:1
500	22	1100	1600	1	1	1:1	1	1	1:1
500	23	1150	1650	1	1	1:1	1	1	1:1
500	24	1200	1700	1	1	1:1	1	1	1:1
500	25	1250	1750	1	1	1:1	1	1	1:1
500	26	1300	1800	1	1	1:1	1	1	1:1
500	27	1350	1850	1	1	1:1	1	1	1:1
500	28	1400	1900	1	1	1:1	1	1	1:1
500	29	1450	1950	1	1	1:1	1	1	1:1
500	30	1500	2000	1	1	1:1	1	1	1:1
500	31	1550	2050	1	1	1:1	1	1	1:1
500	32	1600	2100	1	1	1:1	1	1	1:1
500	33	1650	2150	1	1	1:1	1	1	1:1
500	34	1700	2200	1	1	1:1	1	1	1:1
500	35	1750	2250	1	1	1:1	1	1	1:1
500	36	1800	2300	1	1	1:1	1	1	1:1
500	37	1850	2350	1	1	1:1	1	1	1:1
500	38	1900	2400	1	1	1:1	1	1	1:1
500	39	1950	2450	1	1	1:1	1	1	1:1
500	40	2000	2500	1	1	1:1	1	1	1:1
500	41	2050	2550	1	1	1:1	1	1	1:1
500	42	2100	2600	1	1	1:1	1	1	1:1
500	43	2150	2650	1	1	1:1	1	1	1:1
500	44	2200	2700	1	1	1:1	1	1	1:1
500	45	2250	2750	1	1	1:1	1	1	1:1
500	46	2300	2800	1	1	1:1	1	1	1:1
500	47	2350	2850	1	1	1:1	1	1	1:1
500	48	2400	2900	1	1	1:1	1	1	1:1
500	49	2450	2950	1	1	1:1	1	1	1:1
500	50	2500	3000	1	1	1:1	1	1	1:1
500	51	2550	3050	1	1	1:1	1	1	1:1
500	52	2600	3100	1	1	1:1	1	1	1:1
500	53	2650	3150	1	1	1:1	1	1	1:1
500	54	2700	3200	1	1	1:1	1	1	1:1
500	55	2750	3250	1	1	1:1	1	1	1:1
500	56	2800	3300	1	1	1:1	1	1	1:1
500	57	2850	3350	1	1	1:1	1	1	1:1
500	58	2900	3400	1	1	1:1	1	1	1:1
500	59	2950	3450	1	1	1:1	1	1	1:1
500	60	3000	3500	1	1	1:1	1	1	1:1
500	61	3050	3550	1	1	1:1	1	1	1:1
500	62	3100	3600	1	1	1:1	1	1	1:1
500	63	3150	3650	1	1	1:1	1	1	1:1
500	64	3200	3700	1	1	1:1	1	1	1:1
500	65	3250	3750	1	1	1:1	1	1	1:1
500	66	3300	3800	1	1	1:1	1	1	1:1
500	67	3350	3850	1	1	1:1	1	1	1:1
500	68	3400	3900	1	1	1:1	1	1	1:1
500	69	3450	3950	1	1	1:1	1	1	1:1
500	70	3500	4000	1	1	1:1	1	1	1:1
500	71	3550	4050	1	1	1:1	1	1	1:1
500	72	3600	4100	1	1	1:1	1	1	1:1
500	73	3650	4150	1	0.99	1:0.99,2:0.01	1	0.99	1:0.99,2:0.01
500	74	3700	4200	1	0.89	1:0.89,2:0.11	1	0.89	1:0.89,2:0.11
500	75	3750	4250	1	0.79	1:0.79,2:0.21	1	0.79	1:0.79,2:0.21
500	76	3800	4300	1	0.69	1:0.69,2:0.31	1	0.69	1:0.69,2:0.31
500	77	3850	4350	1	0.634	1:0.634,2:0.366	1	0.634	1:0.634,2:0.366
500	78	3900	4400	1	0.634	1:0.634,2:0.366	1	0.634	1:0.634,2:0.366
500	79	3950	4450	1	0.634	1:0.634,2:0.366	1	0.634	1:0.634,2:0.366
500	80	4000	4500	1	0.634	1:0.634,2:0.366	1	0.634	1:0.634,2:0.366
500	81	4050	4550	1	0.634	1:0.634,2:0.366	1	0.634	1:0.634,2:0.366
500	82	4100	4600	1	0.634	1:0.634,2:0.366	1	0.634	1:0.634,2:0.366
500	83	4150	4650	1	0.644	1:0.644,2:0.356	1	0.644	1:0.644,2:0.356
500	84	4200	4700	1	0.744	1:0.744,2:0.256	1	0.744	1:0.744,2:0.256
500	85	4250	4750	1	0.844	1:0.844,2:0.156	1	0.844	1:0.844,2:0.156
500	86	4300	4800	1	0.944	1:0.944,2:0.056	1	0.944	1:0.944,2:0.056
500	87	4350	4850	1	1	1:1	1	1	1:1
500	88	4400	4900	1	1	1:1	1	1	1:1
500	89	4450	4950	1	0.98	1:0.98,2:0.02	1	0.98	1:0.98,2:0.02
500	90	4500	5000	1	0.88	1:0.88,2:0.12	1	0.88	1:0.88,2:0.12
500	91	4550	5050	1	0.78	1:0.78,2:0.22	1	0.78	1:0.78,2:0.22
500	92	4600	5100	1	0.68	1:0.68,2:0.32	1	0.68	1:0.68,2:0.32
500	93	4650	5150	1	0.58	1:0.58,2:0.42	1	0.58	1:0.58,2:0.42
500	94	4700	5200	1	0.574	1:0.574,2:0.426	1	0.574	1:0.574,2:0.426
500	95	4750	5250	1	0.574	1:0.574,2:0.426	1	0.574	1:0.574,2:0.426
500	96	4800	5300	1	0.574	1:0.574,2:0.426	1	0.574	1:0.574,2:0.426
500	97	4850	5350	1	0.51	1:0.51,2:0.49	1	0.51	1:0.51,2:0.49
500	98	4900	5400	2	0.59	1:0.41,2:0.59	2	0.59	1:0.41,2:0.59
500	99	4950	5450	2	0.67	1:0.33,2:0.67	2	0.67	1:0.33,2:0.67
500	100	5000	5500	2	0.67	1:0.33,2:0.67	2	0.67	1:0.33,2:0.67
500	101	5050	5550	2	0.67	1:0.33,2:0.67	2	0.67	1:0.33,2:0.67
500	102	5100	5600	2	0.67	1:0.33,2:0.67	2	0.67	1:0.33,2:0.67
500	103	5150	5650	2	0.67	1:0.33,2:0.67	2	0.67	1:0.33,2:0.67
500	104	5200	5700	2	0.764	1:0.236,2:0.764	2	0.764	1:0.236,2:0.764
500	105	5250	5750	2	0.864	1:0.136,2:0.864	2	0.864	1:0.136,2:0.864
500	106	5300	5800	2	0.908	1:0.092,2:0.908	2	0.908	1:0.092,2:0.908
500	107	5350	5850	2	0.844	1:0.156,2:0.844	2	0.844	1:0.156,2:0.844
500	108	5400	5900	2	0.744	1:0.256,2:0.744	2	0.744	1:0.256,2:0.744
500	109	5450	5950	2	0.644	1:0.356,2:0.644	2	0.644	1:0.356,2:0.644
500	110	5500	6000	2	0.544	1:0.456,2:0.544	2	0.544	1:0.456,2:0.544
500	111	5550	6050	1	0.556	1:0.556,2:0.444	1	0.556	1:0.556,2:0.444
500	112	5600	6100	1	0.656	1:0.656,2:0.344	1	0.656	1:0.656,2:0.344
500	113	5650	6150	1	0.756	1:0.756,2:0.244	1	0.756	1:0.756,2:0.244
500	114	5700	6200	1	0.856	1:0.856,2:0.144	1	0.856	1:0.856,2:0.144
500	115	5750	6250	1	0.956	1:0.956,2:0.044	1	0.956	1:0.956,2:0.044
500	116	5800	6300	1	1	1:1	1	1	1:1
500	117	5850	6350	1	1	1:1	1	1	1:1
500	118	5900	6400	1	0.95	1:0.95,2:0.05	1	0.95	1:0.95,2:0.05
500	119	5950	6450	1	0.85	1:0.85,2:0.15	1	0.85	1:0.85,2:0.15
500	120	6000	6500	1	0.75	1:0.75,2:0.25	1	0.75	1:0.75,2:0.25
500	121	6050	6550	1	0.65	1:0.65,2:0.35	1	0.65	1:0.65,2:0.35
500	122	6100	6600	1	0.55	1:0.55,2:0.45	1	0.55	1:0.55,2:0.45
500	123	6150	6650	2	0.55	1:0.45,2:0.55	2	0.55	1:0.45,2:0.55
500	124	6200	6700	2	0.65	1:0.35,2:0.65	2	0.65	1:0.35,2:0.65
500	125	6250	6750	2	0.75	1:0.25,2:0.75	2	0.75	1:0.25,2:0.75
500	126	6300	6800	2	0.85	1:0.15,2:0.85	2	0.85	1:0.15,2:0.85
500	127	6350	6850	2	0.95	1:0.05,2:0.95	2	0.95	1:0.05,2:0.95
500	128	6400	6900	2	1	2:1	2	0.972	2:0.972,5:0.028
500	129	6450	6950	2	1	2:1	2	0.872	2:0.872,5:0.128
500	130	6500	7000	2	1	2:1	2	0.772	2:0.772,5:0.228
500	131	6550	7050	2	0.998	1:0.002,2:0.998	2	0.672	1:0.002,2:0.672,5:0.326
500	132	6600	7100	2	0.898	1:0.102,2:0.898	2	0.572	1:0.102,2:0.572,5:0.326
500	133	6650	7150	2	0.798	1:0.202,2:0.798	2	0.472	1:0.202,2:0.472,5:0.326
500	134	6700	7200	2	0.698	1:0.302,2:0.698	2	0.372	1:0.302,2:0.372,5:0.326
500	135	6750	7250	2	0.598	1:0.402,2:0.598	1	0.402	1:0.402,2:0.272,5:0.326
500	136	6800	7300	1	0.502	1:0.502,2:0.498	1	0.502	1:0.502,2:0.172,5:0.326
500	137	6850	7350	1	0.514	1:0.514,2:0.486	1	0.514	1:0.514,2:0.16,5:0.326
500	138	6900	7400	1	0.514	1:0.514,2:0.486	1	0.514	1:0.514,2:0.188,5:0.298
500	139	6950	7450	1	0.514	1:0.514,2:0.486	1	0.514	1:0.514,2:0.288,5:0.198
500	140	7000	7500	1	0.514	1:0.514,2:0.486	1	0.514	1:0.514,2:0.388,5:0.098
500	141	7050	7550	1	0.512	1:0.512,2:0.488	1	0.512	1:0.512,2:0.488
500	142	7100	7600	2	0.588	1:0.412,2:0.588	2	0.588	1:0.412,2:0.588
500	143	7150	7650	2	0.608	1:0.392,2:0.608	2	0.608	1:0.392,2:0.608
500	144	7200	7700	2	0.608	1:0.392,2:0.608	2	0.608	1:0.392,2:0.608
500	145	7250	7750	2	0.608	1:0.392,2:0.608	2	0.608	1:0.392,2:0.608
500	146	7300	7800	2	0.608	1:0.392,2:0.608	2	0.608	1:0.392,2:0.608
500	147	7350	7850	2	0.52	1:0.48,2:0.52	2	0.52	1:0.48,2:0.52
500	148	7400	7900	1	0.58	1:0.58,2:0.42	1	0.58	1:0.58,2:0.42
500	149	7450	7950	1	0.68	1:0.68,2:0.32	1	0.68	1:0.68,2:0.32
500	150	7500	8000	1	0.696	1:0.696,2:0.304	1	0.696	1:0.696,2:0.304
500	151	7550	8050	1	0.696	1:0.696,2:0.304	1	0.696	1:0.696,2:0.304
500	152	7600	8100	1	0.696	1:0.696,2:0.304	1	0.696	1:0.696,2:0.304
500	153	7650	8150	1	0.616	1:0.616,2:0.384	1	0.616	1:0.616,2:0.384
500	154	7700	8200	1	0.516	1:0.516,2:0.484	1	0.516	1:0.516,2:0.484
500	155	7750	8250	2	0.548	1:0.452,2:0.548	2	0.548	1:0.452,2:0.548
500	156	7800	8300	2	0.548	1:0.452,2:0.548	2	0.548	1:0.452,2:0.548
500	157	7850	8350	2	0.548	1:0.452,2:0.548	2	0.548	1:0.452,2:0.548
500	158	7900	8400	2	0.562	1:0.438,2:0.562	2	0.548	1:0.438,2:0.548,5:0.014
500	159	7950	8450	2	0.662	1:0.338,2:0.662	2	0.548	1:0.338,2:0.548,5:0.114
500	160	8000	8500	2	0.678	1:0.322,2:0.678	2	0.464	1:0.322,2:0.464,5:0.214
500	161	8050	8550	2	0.678	1:0.322,2:0.678	2	0.364	1:0.322,2:0.364,5:0.314
500	162	8100	8600	2	0.678	1:0.322,2:0.678	5	0.414	1:0.322,2:0.264,5:0.414
500	163	8150	8650	2	0.598	1:0.402,2:0.598	5	0.434	1:0.402,2:0.164,5:0.434
500	164	8200	8700	1	0.502	1:0.502,2:0.498	1	0.502	1:0.502,2:0.064,5:0.434
500	165	8250	8750	1	0.566	1:0.566,2:0.434	1	0.566	1:0.566,5:0.434
500	166	8300	8800	1	0.566	1:0.566,2:0.434	1	0.566	1:0.566,5:0.434
500	167	8350	8850	1	0.566	1:0.566,2:0.434	1	0.566	1:0.566,5:0.434
500	168	8400	8900	1	0.566	1:0.566,2:0.434	1	0.566	1:0.566,2:0.014,5:0.42
500	169	8450	8950	1	0.566	1:0.566,2:0.434	1	0.566	1:0.566,2:0.114,5:0.32
500	170	8500	9000	1	0.566	1:0.566,2:0.434	1	0.566	1:0.566,2:0.214,5:0.22
500	171	8550	9050	1	0.566	1:0.566,2:0.434	1	0.566	1:0.566,2:0.314,5:0.12
500	172	8600	9100	1	0.594	1:0.594,2:0.406	1	0.594	1:0.594,2:0.386,5:0.02
500	173	8650	9150	1	0.614	1:0.614,2:0.386	1	0.614	1:0.614,2:0.386
500	174	8700	9200	1	0.614	1:0.614,2:0.386	1	0.614	1:0.614,2:0.386
500	175	8750	9250	1	0.614	1:0.614,2:0.386	1	0.614	1:0.614,2:0.386
500	176	8800	9300	1	0.614	1:0.614,2:0.386	1	0.614	1:0.614,2:0.386
500	177	8850	9350	1	0.614	1:0.614,2:0.386	1	0.614	1:0.614,2:0.386
500	178	8900	9400	1	0.628	1:0.628,2:0.372	1	0.628	1:0.628,2:0.372
500	179	8950	9450	1	0.728	1:0.728,2:0.272	1	0.728	1:0.728,2:0.272
500	180	9000	9500	1	0.828	1:0.828,2:0.172	1	0.828	1:0.828,2:0.172
500	181	9050	9550	1	0.928	1:0.928,2:0.072	1	0.928	1:0.928,2:0.072
500	182	9100	9600	1	1	1:1	1	1	1:1
500	183	9150	9650	1	1	1:1	1	1	1:1
500	184	9200	9700	1	1	1:1	1	1	1:1
500	185	9250	9750	1	0.982	1:0.982,2:0.018	1	0.982	1:0.982,2:0.018
500	186	9300	9800	1	0.882	1:0.882,2:0.118	1	0.882	1:0.882,2:0.118
500	187	9350	9850	1	0.782	1:0.782,2:0.218	1	0.782	1:0.782,2:0.218
500	188	9400	9900	1	0.682	1:0.682,2:0.318	1	0.682	1:0.682,2:0.318
500	189	9450	9950	1	0.582	1:0.582,2:0.418	1	0.582	1:0.582,2:0.418
500	190	9500	10000	1	0.542	1:0.542,2:0.458	1	0.542	1:0.542,2:0.458
500	191	9550	10050	1	0.542	1:0.542,2:0.458	1	0.542	1:0.542,2:0.458
500	192	9600	10100	1	0.542	1:0.542,2:0.458	1	0.542	1:0.542,2:0.458
500	193	9650	10150	1	0.542	1:0.542,2:0.458	1	0.542	1:0.542,2:0.458
500	194	9700	10200	2	0.53	1:0.47,2:0.53	1	0.47	1:0.47,2:0.458,5:0.072
500	195	9750	10250	2	0.612	1:0.388,2:0.612	2	0.44	1:0.388,2:0.44,5:0.172
500	196	9800	10300	2	0.5698447893569845	1:0.43015521064301554,2:0.5698447893569845	1	0.486	1:0.486,2:0.34,5:0.174
500	197	9850	10350	2	0.516209476309227	1:0.4837905236907731,2:0.516209476309227	1	0.586	1:0.586,2:0.24,5:0.174
500	198	9900	10400	1	0.5527065527065527	1:0.5527065527065527,2:0.4472934472934473	1	0.686	1:0.686,2:0.14,5:0.174
500	199	9950	10450	1	0.6445182724252492	1:0.6445182724252492,2:0.3554817275747508	1	0.784	1:0.784,2:0.04,3:0.002,5:0.174
500	200	10000	10500	1	0.6533864541832669	1:0.6533864541832669,2:0.3466135458167331	1	0.724	1:0.724,3:0.102,5:0.174
500	201	10050	10550	1	0.5671641791044776	1:0.5671641791044776,2:0.43283582089552236	1	0.624	1:0.624,3:0.202,5:0.174
500	202	10100	10600	2	0.5761589403973509	1:0.423841059602649,2:0.5761589403973509	1	0.524	1:0.524,3:0.302,5:0.174
500	203	10150	10650	2	0.8613861386138614	1:0.13861386138613863,2:0.8613861386138614	1	0.424	1:0.424,3:0.402,5:0.174
500	204	10200	10700	2	1	2:1	3	0.502	1:0.396,3:0.502,5:0.102
500	205	10250	10750	2	1	2:1	3	0.602	1:0.396,3:0.602,5:0.002
500	206	10300	10800		0		3	0.702	1:0.298,3:0.702
500	207	10350	10850		0		3	0.802	1:0.198,3:0.802
500	208	10400	10900		0		3	0.902	1:0.098,3:0.902
500	209	10450	10950		0		3	1	3:1
500	210	10500	11000		0		3	1	3:1
500	211	10550	11050		0		3	1	3:1
500	212	10600	11100		0		3	1	3:1
500	213	10650	11150		0		3	1	3:1
500	214	10700	11200		0		3	1	3:1
500	215	10750	11250		0		3	1	3:1
500	216	10800	11300		0		3	0.9	3:0.9,5:0.1
500	217	10850	11350		0		3	0.8	3:0.8,5:0.2
500	218	10900	11400		0		3	0.7	3:0.7,5:0.3
500	219	10950	11450		0		3	0.6	3:0.6,5:0.4
500	220	11000	11500		0		3	0.5	3:0.5,5:0.5
500	221	11050	11550		0		5	0.6	3:0.4,5:0.6
500	222	11100	11600		0		5	0.7	3:0.3,5:0.7
500	223	11150	11650		0		5	0.8	3:0.2,5:0.8
500	224	11200	11700		0		5	0.9	3:0.1,5:0.9
500	225	11250	11750		0		5	0.924	4:0.076,5:0.924
500	226	11300	11800		0		5	0.824	4:0.176,5:0.824
500	227	11350	11850		0		5	0.724	4:0.276,5:0.724
500	228	11400	11900		0		5	0.624	4:0.376,5:0.624
500	229	11450	11950		0		5	0.524	4:0.476,5:0.524
500	230	11500	12000		0		4	0.576	4:0.576,5:0.424
500	231	11550	12050		0		4	0.676	4:0.676,5:0.324
500	232	11600	12100		0		4	0.776	4:0.776,5:0.224
500	233	11650	12150		0		4	0.876	4:0.876,5:0.124
500	234	11700	12200		0		4	0.976	4:0.976,5:0.024
500	235	11750	12250		0		4	1	4:1
500	236	11800	12300		0		4	1	4:1
500	237	11850	12350		0		4	1	4:1
500	238	11900	12400		0		4	1	4:1
500	239	11950	12450		0		4	1	4:1
500	240	12000	12500		0		4	1	4:1
500	241	12050	12550		0		4	1	4:1
500	242	12100	12600		0		4	1	4:1
500	243	12150	12650		0		4	1	4:1
500	244	12200	12700		0		4	1	4:1
500	245	12250	12750		0		4	1	4:1
500	246	12300	12800		0		4	1	4:1
500	247	12350	12850		0		4	1	4:1
500	248	12400	12900		0		4	1	4:1
500	249	12450	12950		0		4	1	4:1
500	250	12500	13000		0		4	1	4:1
500	251	12550	13050		0		4	1	4:1
500	252	12600	13100		0		4	1	4:1
500	253	12650	13150		0		4	1	4:1
500	254	12700	13200		0		4	1	4:1
500	255	12750	13250		0		4	1	4:1
500	256	12800	13300		0		4	1	4:1
500	257	12850	13350		0		4	1	4:1
500	258	12900	13400		0		4	1	4:1
500	259	12950	13450		0		4	1	4:1
500	260	13000	13500		0		4	1	4:1
500	261	13050	13550		0		4	1	4:1
500	262	13100	13600		0		4	1	4:1
500	263	13150	13650		0		4	1	4:1
500	264	13200	13700		0		4	1	4:1
500	265	13250	13750		0		4	1	4:1
500	266	13300	13800		0		4	1	4:1
500	267	13350	13850		0		4	1	4:1
500	268	13400	13900		0		4	1	4:1
500	269	13450	13950		0		4	1	4:1
500	270	13500	14000		0		4	1	4:1
500	271	13550	14050		0		4	1	4:1
500	272	13600	14100		0		4	1	4:1
500	273	13650	14150		0		4	1	4:1
500	274	13700	14200		0		4	1	4:1
500	275	13750	14250		0		4	1	4:1
500	276	13800	14300		0		4	1	4:1
500	277	13850	14350		0		4	1	4:1
500	278	13900	14400		0		4	1	4:1
500	279	13950	14450		0		4	1	4:1
500	280	14000	14500		0		4	1	4:1
500	281	14050	14550		0		4	1	4:1
500	282	14100	14600		0		4	1	4:1
500	283	14150	14650		0		4	1	4:1
500	284	14200	14700		0		4	1	4:1
500	285	14250	14750		0		4	1	4:1
500	286	14300	14800		0		4	1	4:1
500	287	14350	14850	2	1	2:1	4	0.9	2:0.1,4:0.9
500	288	14400	14900	2	1	2:1	4	0.8	2:0.2,4:0.8
500	289	14450	14950	2	1	2:1	4	0.7	2:0.3,4:0.7
500	290	14500	15000	2	1	2:1	4	0.6	2:0.4,4:0.6
500	291	14550	15050	2	1	2:1	2	0.5	2:0.5,4:0.5
500	292	14600	15100	2	1	2:1	2	0.6	2:0.6,4:0.4
500	293	14650	15150	2	1	2:1	2	0.7	2:0.7,4:0.3
500	294	14700	15200	2	1	2:1	2	0.8	2:0.8,4:0.2
500	295	14750	15250	2	1	2:1	2	0.9	2:0.9,4:0.1
500	296	14800	15300	2	1	2:1	2	1	2:1
500	297	14850	15350	2	1	2:1	2	1	2:1
500	298	14900	15400	2	1	2:1	2	1	2:1
500	299	14950	15450	2	1	2:1	2	1	2:1
500	300	15000	15500	2	1	2:1	2	1	2:1
500	301	15050	15550	2	1	2:1	2	1	2:1
500	302	15100	15600	2	1	2:1	2	1	2:1
500	303	15150	15650	2	1	2:1	2	1	2:1
500	304	15200	15700	2	1	2:1	2	1	2:1
500	305	15250	15750	2	1	2:1	2	1	2:1
500	306	15300	15800	2	1	2:1	2	1	2:1
500	307	15350	15850	2	1	2:1	2	1	2:1
500	308	15400	15900	2	1	2:1	2	1	2:1
500	309	15450	15950	2	1	2:1	2	1	2:1
500	310	15500	16000	2	1	2:1	2	1	2:1
500	311	15550	16050	2	1	2:1	2	1	2:1
500	312	15600	16100	2	1	2:1	2	1	2:1
500	313	15650	16150	2	1	2:1	2	1	2:1
500	314	15700	16200	2	1	2:1	2	1	2:1
500	315	15750	16250	2	1	2:1	2	1	2:1
500	316	15800	16300	2	1	2:1	2	1	2:1
500	317	15850	16350	2	1	2:1	2	1	2:1
500	318	15900	16400	2	1	2:1	2	1	2:1
500	319	15950	16450	2	1	2:1	2	1	2:1
500	320	16000	16500	2	1	2:1	2	1	2:1
500	321	16050	16550	2	1	2:1	2	1	2:1
500	322	16100	16600	2	1	2:1	2	1	2:1
500	323	16150	16650	2	1	2:1	2	1	2:1
500	324	16200	16700	2	1	2:1	2	1	2:1
500	325	16250	16750	2	1	2:1	2	1	2:1
500	326	16300	16800	2	1	2:1	2	1	2:1
500	327	16350	16850	2	1	2:1	2	1	2:1
500	328	16400	16900	2	1	2:1	2	1	2:1
500	329	16450	16950	2	1	2:1	2	1	2:1
500	330	16500	17000	2	1	2:1	2	1	2:1
500	331	16550	17050	2	1	2:1	2	1	2:1
500	332	16600	17100	2	1	2:1	2	1	2:1
500	333	16650	17150	2	1	2:1	2	1	2:1
500	334	16700	17200	2	1	2:1	2	1	2:1
500	335	16750	17250	2	1	2:1	2	1	2:1
500	336	16800	17300	2	1	2:1	2	1	2:1
500	337	16850	17350	2	1	2:1	2	1	2:1
500	338	16900	17400	2	1	2:1	2	1	2:1
500	339	16950	17450	2	1	2:1	2	1	2:1
500	340	17000	17500	2	1	2:1	2	1	2:1
500	341	17050	17550	2	1	2:1	2	1	2:1
500	342	17100	17600	2	1	2:1	2	1	2:1
500	343	17150	17650	2	1	2:1	2	1	2:1
500	344	17200	17700	2	1	2:1	2	1	2:1
500	345	17250	17750	2	1	2:1	2	1	2:1
500	346	17300	17800	2	1	2:1	2	1	2:1
500	347	17350	17850	2	1	2:1	2	1	2:1
500	348	17400	17900	2	1	2:1	2	1	2:1
500	349	17450	17950	2	1	2:1	2	1	2:1
500	350	17500	18000	2	1	2:1	2	1	2:1
500	351	17550	18050	2	1	2:1	2	1	2:1
500	352	17600	18100	2	1	2:1	2	1	2:1
500	353	17650	18150	2	1	2:1	2	1	2:1
500	354	17700	18200	2	1	2:1	2	1	2:1
500	355	17750	18250	2	1	2:1	2	1	2:1
500	356	17800	18300	2	1	2:1	2	1	2:1
500	357	17850	18350	2	1	2:1	2	1	2:1
500	358	17900	18400	2	1	2:1	2	1	2:1
500	359	17950	18450	2	1	2:1	2	1	2:1
500	360	18000	18500	2	1	2:1	2	1	2:1
500	361	18050	18550	2	1	2:1	2	1	2:1
500	362	18100	18600	2	1	2:1	2	1	2:1
500	363	18150	18650	2	1	2:1	2	1	2:1
500	364	18200	18700	2	1	2:1	2	1	2:1
500	365	18250	18750	2	1	2:1	2	1	2:1
500	366	18300	18800	2	1	2:1	2	1	2:1
500	367	18350	18850	2	1	2:1	2	1	2:1
500	368	18400	18900	2	1	2:1	2	1	2:1
500	369	18450	18950	2	1	2:1	2	1	2:1
500	370	18500	19000	2	1	2:1	2	1	2:1
500	371	18550	19050	2	1	2:1	2	1	2:1
500	372	18600	19100	2	1	2:1	2	1	2:1
500	373	18650	19150	2	1	2:1	2	1	2:1
500	374	18700	19200	2	1	2:1	2	1	2:1
500	375	18750	19250	2	1	2:1	2	1	2:1
500	376	18800	19300	2	1	2:1	2	1	2:1
500	377	18850	19350	2	1	2:1	2	1	2:1
500	378	18900	19400	2	1	2:1	2	1	2:1
500	379	18950	19450	2	1	2:1	2	1	2:1
500	380	19000	19500	2	1	2:1	2	1	2:1
500	381	19050	19550	2	1	2:1	2	1	2:1
500	382	19100	19600	2	1	2:1	2	1	2:1
500	383	19150	19650	2	1	2:1	2	1	2:1
500	384	19200	19700	2	1	2:1	2	1	2:1
500	385	19250	19750	2	1	2:1	2	1	2:1
500	386	19300	19800	2	1	2:1	2	1	2:1
500	387	19350	19850	2	1	2:1	2	1	2:1
500	388	19400	19900	2	1	2:1	2	1	2:1
500	389	19450	19950	2	1	2:1	2	1	2:1
500	390	19500	20000	2	1	2:1	2	1	2:1
500	391	19550	20050	2	1	2:1	2	1	2:1
500	392	19600	20100	2	1	2:1	2	1	2:1
500	393	19650	20150	2	1	2:1	2	1	2:1
500	394	19700	20200	2	1	2:1	2	1	2:1
500	395	19750	20250	2	1	2:1	2	1	2:1
500	396	19800	20300	2	1	2:1	2	1	2:1
500	397	19850	20350	2	1	2:1	2	1	2:1
500	398	19900	20400	2	1	2:1	2	1	2:1
500	399	19950	20450	2	1	2:1	2	1	2:1
500	400	20000	20500	2	1	2:1	2	1	2:1
500	401	20050	20550	2	1	2:1	2	1	2:1
500	402	20100	20600	2	1	2:1	2	1	2:1
500	403	20150	20650	2	1	2:1	2	1	2:1
500	404	20200	20700	2	1	2:1	2	1	2:1
500	405	20250	20750	2	1	2:1	2	1	2:1
500	406	20300	20800	2	1	2:1	2	1	2:1
500	407	20350	20850	2	1	2:1	2	1	2:1
500	408	20400	20900	2	1	2:1	2	1	2:1
500	409	20450	20950	2	1	2:1	2	1	2:1
500	410	20500	21000	2	1	2:1	2	1	2:1
500	411	20550	21050	2	1	2:1	2	1	2:1
500	412	20600	21100	2	1	2:1	2	1	2:1
500	413	20650	21150	2	1	2:1	2	1	2:1
500	414	20700	21200	2	1	2:1	2	1	2:1
500	415	20750	21250	2	1	2:1	2	1	2:1
500	416	20800	21300	2	1	2:1	2	1	2:1
500	417	20850	21350	2	1	2:1	2	1	2:1
500	418	20900	21400	2	1	2:1	2	1	2:1
500	419	20950	21450	2	1	2:1	2	1	2:1
500	420	21000	21500	2	1	2:1	2	1	2:1
500	421	21050	21550	2	1	2:1	2	1	2:1
500	422	21100	21600	2	1	2:1	2	1	2:1
500	423	21150	21650	2	1	2:1	2	1	2:1
500	424	21200	21700	2	1	2:1	2	1	2:1
500	425	21250	21750	2	1	2:1	2	1	2:1
500	426	21300	21800	2	0.914	2:0.914,3:0.086	2	1	2:1
500	427	21350	21850	2	0.814	2:0.814,3:0.186	2	1	2:1
500	428	21400	21900	2	0.714	2:0.714,3:0.286	2	1	2:1
500	429	21450	21950	2	0.614	2:0.614,3:0.386	2	1	2:1
500	430	21500	22000	2	0.514	2:0.514,3:0.486	2	1	2:1
500	431	21550	22050	3	0.586	2:0.414,3:0.586	2	1	2:1
500	432	21600	22100	3	0.686	2:0.314,3:0.686	2	1	2:1
500	433	21650	22150	3	0.786	2:0.214,3:0.786	2	1	2:1
500	434	21700	22200	3	0.886	2:0.114,3:0.886	2	1	2:1
500	435	21750	22250	3	0.986	2:0.014,3:0.986	2	1	2:1
500	436	21800	22300	3	1	3:1	2	0.92	2:0.92,4:0.08
500	437	21850	22350	3	1	3:1	2	0.82	2:0.82,4:0.18
500	438	21900	22400	3	1	3:1	2	0.72	2:0.72,4:0.28
500	439	21950	22450	3	1	3:1	2	0.62	2:0.62,4:0.38
500	440	22000	22500	3	1	3:1	2	0.52	2:0.52,4:0.48
500	441	22050	22550	3	1	3:1	4	0.58	2:0.42,4:0.58
500	442	22100	22600	3	1	3:1	4	0.68	2:0.32,4:0.68
500	443	22150	22650	3	1	3:1	4	0.78	2:0.22,4:0.78
500	444	22200	22700	3	1	3:1	4	0.88	2:0.12,4:0.88
500	445	22250	22750	3	1	3:1	4	0.98	2:0.02,4:0.98
500	446	22300	22800	3	1	3:1	4	1	4:1
500	447	22350	22850	3	1	3:1	4	0.9	2:0.1,4:0.9
500	448	22400	22900	3	1	3:1	4	0.8	2:0.2,4:0.8
500	449	22450	22950	3	1	3:1	4	0.7	2:0.3,4:0.7
500	450	22500	23000	3	1	3:1	4	0.6	2:0.4,4:0.6
500	451	22550	23050	3	1	3:1	2	0.5	2:0.5,4:0.5
500	452	22600	23100	3	1	3:1	2	0.6	2:0.6,4:0.4
500	453	22650	23150	3	1	3:1	2	0.7	2:0.7,4:0.3
500	454	22700	23200	3	1	3:1	2	0.8	2:0.8,4:0.2
500	455	22750	23250	3	1	3:1	2	0.9	2:0.9,4:0.1
500	456	22800	23300	3	1	3:1	2	1	2:1
500	457	22850	23350	3	1	3:1	2	1	2:1
500	458	22900	23400	3	1	3:1	2	1	2:1
500	459	22950	23450	3	1	3:1	2	1	2:1
500	460	23000	23500	3	1	3:1	2	1	2:1
500	461	23050	23550	3	1	3:1	2	1	2:1
500	462	23100	23600	3	1	3:1	2	1	2:1
500	463	23150	23650	3	1	3:1	2	1	2:1
500	464	23200	23700	3	1	3:1	2	1	2:1
500	465	23250	23750	3	1	3:1	2	1	2:1
500	466	23300	23800	3	1	3:1	2	1	2:1
500	467	23350	23850	3	1	3:1	2	1	2:1
500	468	23400	23900	3	1	3:1	2	1	2:1
500	469	23450	23950	3	1	3:1	2	1	2:1
500	470	23500	24000	3	1	3:1	2	1	2:1
500	471	23550	24050	3	1	3:1	2	1	2:1
500	472	23600	24100	3	1	3:1	2	1	2:1
500	473	23650	24150	3	1	3:1	2	1	2:1
500	474	23700	24200	3	0.904	3:0.904,4:0.096	2	0.904	1:0.096,2:0.904
500	475	23750	24250	3	0.804	3:0.804,4:0.196	2	0.804	1:0.196,2:0.804
500	476	23800	24300	3	0.704	3:0.704,4:0.296	2	0.704	1:0.296,2:0.704
500	477	23850	24350	3	0.604	3:0.604,4:0.396	2	0.604	1:0.396,2:0.604
500	478	23900	24400	3	0.504	3:0.504,4:0.496	2	0.504	1:0.496,2:0.504
500	479	23950	24450	4	0.596	3:0.404,4:0.596	1	0.596	1:0.596,2:0.404
500	480	24000	24500	4	0.696	3:0.304,4:0.696	1	0.696	1:0.696,2:0.304
500	481	24050	24550	4	0.796	3:0.204,4:0.796	1	0.796	1:0.796,2:0.204
500	482	24100	24600	4	0.896	3:0.104,4:0.896	1	0.896	1:0.896,2:0.104
500	483	24150	24650	4	0.9959266802443992	3:0.004073319755600814,4:0.9959266802443992	1	0.996	1:0.996,2:0.004
500	484	24200	24700	4	1	4:1	1	1	1:1
500	485	24250	24750	4	1	4:1	1	1	1:1
500	486	24300	24800	4	1	4:1	1	1	1:1
500	487	24350	24850	4	1	4:1	1	1	1:1
500	488	24400	24900	4	1	4:1	1	1	1:1
500	489	24450	24950	4	1	4:1	1	1	1:1
500	490	24500	25000	4	1	4:1	1	1	1:1
500	491	24550	25050	4	1	4:1	1	1	1:1
500	492	24600	25100	4	1	4:1	1	1	1:1
500	493	24650	25150		0		1	1	1:1
500	494	24700	25200		0		1	1	1:1
500	495	24750	25250		0		1	1	1:1
500	496	24800	25300		0		1	1	1:1
500	497	24850	25350		0		1	1	1:1
500	498	24900	25400		0		1	1	1:1
500	499	24950	25450		0		1	1	1:1
500	500	25000	25500		0		1	1	1:1
500	501	25050	25550		0		1	1	1:1
500	502	25100	25600		0		1	1	1:1
500	503	25150	25650	4	1	4:1	1	1	1:1
500	504	25200	25700	4	1	4:1	1	1	1:1
500	505	25250	25750	4	1	4:1	1	1	1:1
500	506	25300	25800	4	1	4:1	1	1	1:1
500	507	25350	25850	4	1	4:1	1	1	1:1
500	508	25400	25900	4	0.895910780669145	4:0.895910780669145,5:0.10408921933085502	1	0.944	1:0.944,3:0.056
500	509	25450	25950	4	0.7554858934169278	4:0.7554858934169278,5:0.2445141065830721	1	0.844	1:0.844,3:0.156
500	510	25500	26000	4	0.6531165311653117	4:0.6531165311653117,5:0.34688346883468835	1	0.744	1:0.744,3:0.256
500	511	25550	26050	4	0.5751789976133651	4:0.5751789976133651,5:0.42482100238663484	1	0.644	1:0.644,3:0.356
500	512	25600	26100	4	0.5138592750533049	4:0.5138592750533049,5:0.4861407249466951	1	0.544	1:0.544,3:0.456
500	513	25650	26150	5	0.556	4:0.444,5:0.556	3	0.556	1:0.444,3:0.556
500	514	25700	26200	5	0.656	4:0.344,5:0.656	3	0.656	1:0.344,3:0.656
500	515	25750	26250	5	0.756	4:0.244,5:0.756	3	0.756	1:0.244,3:0.756
500	516	25800	26300	5	0.856	4:0.144,5:0.856	3	0.856	1:0.144,3:0.856
500	517	25850	26350	5	0.956	4:0.044,5:0.956	3	0.956	1:0.044,3:0.956
500	518	25900	26400	5	1	5:1	3	1	3:1
500	519	25950	26450	5	0.914	4:0.086,5:0.914	3	0.914	1:0.086,3:0.914
500	520	26000	26500	5	0.814	4:0.186,5:0.814	3	0.814	1:0.186,3:0.814
500	521	26050	26550	5	0.7183098591549296	4:0.28169014084507044,5:0.7183098591549296	3	0.714	1:0.286,3:0.714
500	522	26100	26600	5	0.6868008948545862	4:0.3131991051454139,5:0.6868008948545862	3	0.614	1:0.386,3:0.614
500	523	26150	26650	5	0.6473551637279596	4:0.3526448362720403,5:0.6473551637279596	3	0.514	1:0.486,3:0.514
500	524	26200	26700	5	0.5965417867435159	4:0.4034582132564842,5:0.5965417867435159	1	0.586	1:0.586,3:0.414
500	525	26250	26750	5	0.5286195286195287	4:0.4713804713804714,5:0.5286195286195287	1	0.686	1:0.686,3:0.314
500	526	26300	26800	4	0.5668016194331984	4:0.5668016194331984,5:0.4331983805668016	1	0.786	1:0.786,3:0.214
500	527	26350	26850	4	0.7106598984771574	4:0.7106598984771574,5:0.2893401015228426	1	0.886	1:0.886,3:0.114
500	528	26400	26900	4	0.9523809523809523	4:0.9523809523809523,5:0.047619047619047616	1	0.986	1:0.986,3:0.014
500	529	26450	26950	4	1	4:1	1	1	1:1
500	530	26500	27000	4	1	4:1	1	1	1:1
500	531	26550	27050		0		1	1	1:1
500	532	26600	27100		0		1	1	1:1
500	533	26650	27150		0		1	1	1:1
500	534	26700	27200		0		1	1	1:1
500	535	26750	27250		0		1	1	1:1
500	536	26800	27300		0		1	1	1:1
500	537	26850	27350		0		1	1	1:1
500	538	26900	27400		0		1	1	1:1
500	539	26950	27450		0		1	1	1:1
500	540	27000	27500		0		1	1	1:1
500	541	27050	27550		0		1	1	1:1
500	542	27100	27600		0		1	1	1:1
500	543	27150	27650		0		1	1	1:1
500	544	27200	27700		0		1	1	1:1
500	545	27250	27750		0		1	1	1:1
500	546	27300	27800		0		1	1	1:1
500	547	27350	27850		0		1	1	1:1
500	548	27400	27900		0		1	1	1:1
500	549	27450	27950		0		1	1	1:1
500	550	27500	28000		0		1	1	1:1
500	551	27550	28050		0		1	1	1:1
500	552	27600	28100		0		1	1	1:1
500	553	27650	28150	X	1	X:1	1	0.962	1:0.962,3:0.038
500	554	27700	28200	X	1	X:1	1	0.862	1:0.862,3:0.138
500	555	27750	28250	X	1	X:1	1	0.762	1:0.762,3:0.238
500	556	27800	28300	X	1	X:1	1	0.662	1:0.662,3:0.338
500	557	27850	28350	X	1	X:1	1	0.562	1:0.562,3:0.438
500	558	27900	28400	X	1	X:1	3	0.538	1:0.462,3:0.538
500	559	27950	28450	X	1	X:1	3	0.638	1:0.362,3:0.638
500	560	28000	28500	X	1	X:1	3	0.738	1:0.262,3:0.738
500	561	28050	28550	X	1	X:1	3	0.838	1:0.162,3:0.838
500	562	28100	28600	X	1	X:1	3	0.938	1:0.062,3:0.938
500	563	28150	28650	X	1	X:1	3	1	3:1
500	564	28200	28700	X	1	X:1	3	1	3:1
500	565	28250	28750	X	1	X:1	3	1	3:1
500	566	28300	28800	X	1	X:1	3	1	3:1
500	567	28350	28850	X	1	X:1	3	1	3:1
500	568	28400	28900	X	1	X:1	3	1	3:1
500	569	28450	28950	X	1	X:1	3	1	3:1
500	570	28500	29000	X	1	X:1	3	1	3:1
500	571	28550	29050	X	1	X:1	3	1	3:1
500	572	28600	29100	X	1	X:1	3	1	3:1
500	573	28650	29150	X	1	X:1	3	1	3:1
500	574	28700	29200	X	1	X:1	3	1	3:1
500	575	28750	29250	X	1	X:1	3	1	3:1
500	576	28800	29300	X	1	X:1	3	1	3:1
500	577	28850	29350	X	1	X:1	3	1	3:1
500	578	28900	29400	X	1	X:1	3	1	3:1
500	579	28950	29450	X	1	X:1	3	1	3:1
500	580	29000	29500	X	1	X:1	3	1	3:1
500	581	29050	29550	X	1	X:1	3	1	3:1
500	582	29100	29600	X	1	X:1	3	1	3:1
500	583	29150	29650	X	1	X:1	3	1	3:1
500	584	29200	29700	X	1	X:1	3	1	3:1
500	585	29250	29750	X	1	X:1	3	1	3:1
500	586	29300	29800	X	1	X:1	3	1	3:1
500	587	29350	29850	X	1	X:1	3	1	3:1
500	588	29400	29900	X	1	X:1	3	1	3:1
500	589	29450	29950	X	1	X:1	3	1	3:1
500	590	29500	30000	X	1	X:1	3	1	3:1
500	591	29550	30050	X	0.984	X:0.984,Y:0.016	3	1	3:1
500	592	29600	30100	X	0.884	X:0.884,Y:0.116	3	1	3:1
500	593	29650	30150	X	0.784	X:0.784,Y:0.216	3	1	3:1
500	594	29700	30200	X	0.684	X:0.684,Y:0.316	3	1	3:1
500	595	29750	30250	X	0.584	X:0.584,Y:0.416	3	1	3:1
500	596	29800	30300	Y	0.516	X:0.484,Y:0.516	3	1	3:1
500	597	29850	30350	Y	0.616	X:0.384,Y:0.616	3	1	3:1
500	598	29900	30400	Y	0.716	X:0.284,Y:0.716	3	1	3:1
500	599	29950	30450	Y	0.816	X:0.184,Y:0.816	3	1	3:1
500	600	30000	30500	Y	0.916	X:0.084,Y:0.916	3	1	3:1
500	601	30050	30550	Y	1	Y:1	3	1	3:1
500	602	30100	30600	Y	1	Y:1	3	1	3:1
500	603	30150	30650	Y	1	Y:1	3	1	3:1
500	604	30200	30700	Y	1	Y:1	3	1	3:1
500	605	30250	30750	Y	1	Y:1	3	1	3:1
500	606	30300	30800	Y	1	Y:1	3	1	3:1
500	607	30350	30850	Y	0.94	X:0.06,Y:0.94	3	1	3:1
500	608	30400	30900	Y	0.84	X:0.16,Y:0.84	3	1	3:1
500	609	30450	30950	Y	0.74	X:0.26,Y:0.74	3	1	3:1
500	610	30500	31000	Y	0.64	X:0.36,Y:0.64	3	1	3:1
500	611	30550	31050	Y	0.54	X:0.46,Y:0.54	3	1	3:1
500	612	30600	31100	X	0.56	X:0.56,Y:0.44	3	1	3:1
500	613	30650	31150	X	0.66	X:0.66,Y:0.34	3	1	3:1
500	614	30700	31200	X	0.76	X:0.76,Y:0.24	3	1	3:1
500	615	30750	31250	X	0.86	X:0.86,Y:0.14	3	1	3:1
500	616	30800	31300	X	0.96	X:0.96,Y:0.04	3	1	3:1
500	617	30850	31350	X	1	X:1	3	1	3:1
500	618	30900	31400	X	1	X:1	3	1	3:1
500	619	30950	31450	X	1	X:1	3	1	3:1
500	620	31000	31500	X	1	X:1	3	1	3:1
500	621	31050	31550	X	1	X:1	3	1	3:1
500	622	31100	31600	X	1	X:1	3	1	3:1
500	623	31150	31650	X	1	X:1	3	1	3:1
500	624	31200	31700	X	1	X:1	3	1	3:1
500	625	31250	31750	X	1	X:1	3	1	3:1
500	626	31300	31800	X	1	X:1	3	1	3:1
500	627	31350	31850	X	1	X:1	3	1	3:1
500	628	31400	31900	X	1	X:1	3	1	3:1
500	629	31450	31950	X	1	X:1	3	1	3:1
500	630	31500	32000	X	1	X:1	3	1	3:1
500	631	31550	32050	X	1	X:1	3	1	3:1
500	632	31600	32100	X	1	X:1	3	1	3:1
500	633	31650	32150	X	1	X:1	3	1	3:1
500	634	31700	32200		0		3	1	3:1
500	635	31750	32250		0		3	1	3:1
500	636	31800	32300		0		3	1	3:1
500	637	31850	32350		0		3	1	3:1
500	638	31900	32400		0		3	1	3:1
500	639	31950	32450		0		3	1	3:1
500	640	32000	32500		0		3	1	3:1
500	641	32050	32550		0		3	1	3:1
500	642	32100	32600		0		3	1	3:1
500	643	32150	32650		0		3	1	3:1
500	644	32200	32700		0		3	1	3:1
500	645	32250	32750		0		3	1	3:1
500	646	32300	32800		0		3	1	3:1
500	647	32350	32850		0		3	1	3:1
500	648	32400	32900		0		3	1	3:1
500	649	32450	32950		0		3	1	3:1
500	650	32500	33000		0		3	1	3:1
500	651	32550	33050		0		3	1	3:1
500	652	32600	33100		0		3	1	3:1
500	653	32650	33150		0		3	1	3:1
500	654	32700	33200		0		3	1	3:1
500	655	32750	33250		0		3	1	3:1
500	656	32800	33300		0		3	1	3:1
500	657	32850	33350		0		3	1	3:1
500	658	32900	33400		0		3	1	3:1
500	659	32950	33450		0		3	1	3:1
500	660	33000	33500		0		3	1	3:1
500	661	33050	33550		0		3	1	3:1
500	662	33100	33600		0		3	1	3:1
500	663	33150	33650		0		3	1	3:1
500	664	33200	33700		0		3	1	3:1
500	665	33250	33750		0		3	1	3:1
500	666	33300	33800		0		3	1	3:1
500	667	33350	33850		0		3	1	3:1
500	668	33400	33900		0		3	1	3:1
500	669	33450	33950		0		3	1	3:1
500	670	33500	34000		0		3	1	3:1
500	671	33550	34050		0		3	1	3:1
500	672	33600	34100		0		3	1	3:1
500	673	33650	34150		0		3	1	3:1
500	674	33700	34200		0		3	1	3:1
500	675	33750	34250		0		3	1	3:1
500	676	33800	34300		0		3	1	3:1
500	677	33850	34350		0		3	1	3:1
500	678	33900	34400		0		3	1	3:1
500	679	33950	34450		0		3	1	3:1
500	680	34000	34500		0		3	1	3:1
500	681	34050	34550		0		3	1	3:1
500	682	34100	34600		0		3	1	3:1
500	683	34150	34650		0		3	1	3:1
500	684	34200	34700		0		3	1	3:1
500	685	34250	34750		0		3	1	3:1
500	686	34300	34800		0		3	1	3:1
500	687	34350	34850		0		3	1	3:1
500	688	34400	34900		0		3	1	3:1
500	689	34450	34950		0		3	1	3:1
500	690	34500	35000		0		3	1	3:1
500	691	34550	35050		0		3	1	3:1
500	692	34600	35100		0		3	1	3:1
500	693	34650	35150		0		3	1	3:1
500	694	34700	35200		0		3	1	3:1
500	695	34750	35250		0		3	1	3:1
500	696	34800	35300		0		3	1	3:1
500	697	34850	35350		0		3	1	3:1
500	698	34900	35400		0		3	1	3:1
500	699	34950	35450		0		3	1	3:1
500	700	35000	35500		0		3	1	3:1
500	701	35050	35550		0		3	1	3:1
500	702	35100	35600		0		3	1	3:1
500	703	35150	35650		0		3	1	3:1
500	704	35200	35700		0		3	1	3:1
500	705	35250	35750		0		3	1	3:1
500	706	35300	35800		0		3	1	3:1
500	707	35350	35850		0		3	1	3:1
500	708	35400	35900		0		3	1	3:1
500	709	35450	35950		0		3	1	3:1
500	710	35500	36000		0		3	1	3:1
500	711	35550	36050		0		3	1	3:1
500	712	35600	36100		0		3	1	3:1
500	713	35650	36150		0		3	1	3:1
500	714	35700	36200		0		3	1	3:1
500	715	35750	36250		0		3	1	3:1
500	716	35800	36300		0		3	1	3:1
500	717	35850	36350		0		3	1	3:1
500	718	35900	36400		0		3	1	3:1
500	719	35950	36450		0		3	1	3:1
500	720	36000	36500		0		3	1	3:1
500	721	36050	36550		0		3	1	3:1
500	722	36100	36600		0		3	1	3:1
500	723	36150	36650		0		3	1	3:1
500	724	36200	36700		0		3	1	3:1
500	725	36250	36750		0		3	1	3:1
500	726	36300	36800		0		3	1	3:1
500	727	36350	36850		0		3	1	3:1
500	728	36400	36900		0		3	1	3:1
500	729	36450	36950		0		3	1	3:1
500	730	36500	37000		0		3	1	3:1
500	731	36550	37050		0		3	1	3:1
500	732	36600	37100		0		3	1	3:1
500	733	36650	37150		0		3	1	3:1
500	734	36700	37200		0		3	1	3:1
500	735	36750	37250		0		3	1	3:1
500	736	36800	37300		0		3	1	3:1
500	737	36850	37350		0		3	1	3:1
500	738	36900	37400		0		3	1	3:1
500	739	36950	37450		0		3	1	3:1
500	740	37000	37500		0		3	1	3:1
500	741	37050	37550		0		3	1	3:1
500	742	37100	37600		0		3	1	3:1
500	743	37150	37650		0		3	0.9	2:0.1,3:0.9
500	744	37200	37700		0		3	0.8	2:0.2,3:0.8
500	745	37250	37750		0		3	0.742	2:0.258,3:0.742
500	746	37300	37800		0		3	0.742	2:0.258,3:0.742
500	747	37350	37850		0		3	0.742	2:0.258,3:0.742
500	748	37400	37900		0		3	0.742	2:0.258,3:0.742
500	749	37450	37950		0		3	0.742	2:0.258,3:0.742
500	750	37500	38000		0		3	0.742	2:0.258,3:0.742
500	751	37550	38050		0		3	0.742	2:0.258,3:0.742
500	752	37600	38100		0		3	0.742	2:0.258,3:0.742
500	753	37650	38150		0		3	0.842	2:0.158,3:0.842
500	754	37700	38200		0		3	0.942	2:0.058,3:0.942
500	755	37750	38250		0		3	1	3:1
500	756	37800	38300		0		3	1	3:1
500	757	37850	38350		0		3	1	3:1
500	758	37900	38400		0		3	1	3:1
500	759	37950	38450		0		3	1	3:1
500	760	38000	38500		0		3	1	3:1
500	761	38050	38550		0		3	1	3:1
500	762	38100	38600		0		3	1	3:1
500	763	38150	38650		0		3	1	3:1
500	764	38200	38700		0		3	1	3:1
500	765	38250	38750		0		3	1	3:1
500	766	38300	38800		0		3	1	3:1
500	767	38350	38850		0		3	1	3:1
500	768	38400	38900		0		3	1	3:1
500	769	38450	38950		0		3	1	3:1
500	770	38500	39000		0		3	1	3:1
1000	0	0	1000	1	1	1:1	1	1	1:1
1000	1	100	1100	1	1	1:1	1	1	1:1
1000	2	200	1200	1	1	1:1	1	1	1:1
1000	3	300	1300	1	1	1:1	1	1	1:1
1000	4	400	1400	1	1	1:1	1	1	1:1
1000	5	500	1500	1	1	1:1	1	1	1:1
1000	6	600	1600	1	1	1:1	1	1	1:1
1000	7	700	1700	1	1	1:1	1	1	1:1
1000	8	800	1800	1	1	1:1	1	1	1:1
1000	9	900	1900	1	1	1:1	1	1	1:1
1000	10	1000	2000	1	1	1:1	1	1	1:1
1000	11	1100	2100	1	1	1:1	1	1	1:1
1000	12	1200	2200	1	1	1:1	1	1	1:1
1000	13	1300	2300	1	1	1:1	1	1	1:1
1000	14	1400	2400	1	1	1:1	1	1	1:1
1000	15	1500	2500	1	1	1:1	1	1	1:1
1000	16	1600	2600	1	1	1:1	1	1	1:1
1000	17	1700	2700	1	1	1:1	1	1	1:1
1000	18	1800	2800	1	1	1:1	1	1	1:1
1000	19	1900	2900	1	1	1:1	1	1	1:1
1000	20	2000	3000	1	1	1:1	1	1	1:1
1000	21	2100	3100	1	1	1:1	1	1	1:1
1000	22	2200	3200	1	1	1:1	1	1	1:1
1000	23	2300	3300	1	1	1:1	1	1	1:1
1000	24	2400	3400	1	1	1:1	1	1	1:1
1000	25	2500	3500	1	1	1:1	1	1	1:1
1000	26	2600	3600	1	1	1:1	1	1	1:1
1000	27	2700	3700	1	1	1:1	1	1	1:1
1000	28	2800	3800	1	1	1:1	1	1	1:1
1000	29	2900	3900	1	1	1:1	1	1	1:1
1000	30	3000	4000	1	1	1:1	1	1	1:1
1000	31	3100	4100	1	1	1:1	1	1	1:1
1000	32	3200	4200	1	0.945	1:0.945,2:0.055	1	0.945	1:0.945,2:0.055
1000	33	3300	4300	1	0.845	1:0.845,2:0.155	1	0.845	1:0.845,2:0.155
1000	34	3400	4400	1	0.817	1:0.817,2:0.183	1	0.817	1:0.817,2:0.183
1000	35	3500	4500	1	0.817	1:0.817,2:0.183	1	0.817	1:0.817,2:0.183
1000	36	3600	4600	1	0.817	1:0.817,2:0.183	1	0.817	1:0.817,2:0.183
1000	37	3700	4700	1	0.817	1:0.817,2:0.183	1	0.817	1:0.817,2:0.183
1000	38	3800	4800	1	0.817	1:0.817,2:0.183	1	0.817	1:0.817,2:0.183
1000	39	3900	4900	1	0.817	1:0.817,2:0.183	1	0.817	1:0.817,2:0.183
1000	40	4000	5000	1	0.757	1:0.757,2:0.243	1	0.757	1:0.757,2:0.243
1000	41	4100	5100	1	0.657	1:0.657,2:0.343	1	0.657	1:0.657,2:0.343
1000	42	4200	5200	1	0.659	1:0.659,2:0.341	1	0.659	1:0.659,2:0.341
1000	43	4300	5300	1	0.759	1:0.759,2:0.241	1	0.759	1:0.759,2:0.241
1000	44	4400	5400	1	0.705	1:0.705,2:0.295	1	0.705	1:0.705,2:0.295
1000	45	4500	5500	1	0.605	1:0.605,2:0.395	1	0.605	1:0.605,2:0.395
1000	46	4600	5600	1	0.505	1:0.505,2:0.495	1	0.505	1:0.505,2:0.495
1000	47	4700	5700	2	0.595	1:0.405,2:0.595	2	0.595	1:0.405,2:0.595
1000	48	4800	5800	2	0.667	1:0.333,2:0.667	2	0.667	1:0.333,2:0.667
1000	49	4900	5900	2	0.667	1:0.333,2:0.667	2	0.667	1:0.333,2:0.667
1000	50	5000	6000	2	0.607	1:0.393,2:0.607	2	0.607	1:0.393,2:0.607
1000	51	5100	6100	2	0.507	1:0.493,2:0.507	2	0.507	1:0.493,2:0.507
1000	52	5200	6200	1	0.546	1:0.546,2:0.454	1	0.546	1:0.546,2:0.454
1000	53	5300	6300	1	0.546	1:0.546,2:0.454	1	0.546	1:0.546,2:0.454
1000	54	5400	6400	1	0.603	1:0.603,2:0.397	1	0.603	1:0.603,2:0.397
1000	55	5500	6500	1	0.603	1:0.603,2:0.397	1	0.603	1:0.603,2:0.397
1000	56	5600	6600	1	0.603	1:0.603,2:0.397	1	0.603	1:0.603,2:0.397
1000	57	5700	6700	1	0.603	1:0.603,2:0.397	1	0.603	1:0.603,2:0.397
1000	58	5800	6800	1	0.575	1:0.575,2:0.425	1	0.575	1:0.575,2:0.425
1000	59	5900	6900	2	0.525	1:0.475,2:0.525	2	0.511	1:0.475,2:0.511,5:0.014
1000	60	6000	7000	2	0.625	1:0.375,2:0.625	2	0.511	1:0.375,2:0.511,5:0.114
1000	61	6100	7100	2	0.674	1:0.326,2:0.674	2	0.511	1:0.326,2:0.511,5:0.163
1000	62	6200	7200	2	0.674	1:0.326,2:0.674	2	0.511	1:0.326,2:0.511,5:0.163
1000	63	6300	7300	2	0.674	1:0.326,2:0.674	2	0.511	1:0.326,2:0.511,5:0.163
1000	64	6400	7400	2	0.743	1:0.257,2:0.743	2	0.58	1:0.257,2:0.58,5:0.163
1000	65	6500	7500	2	0.743	1:0.257,2:0.743	2	0.58	1:0.257,2:0.58,5:0.163
1000	66	6600	7600	2	0.743	1:0.257,2:0.743	2	0.58	1:0.257,2:0.58,5:0.163
1000	67	6700	7700	2	0.653	1:0.347,2:0.653	2	0.49	1:0.347,2:0.49,5:0.163
1000	68	6800	7800	2	0.553	1:0.447,2:0.553	1	0.447	1:0.447,2:0.39,5:0.163
1000	69	6900	7900	1	0.547	1:0.547,2:0.453	1	0.547	1:0.547,2:0.304,5:0.149
1000	70	7000	8000	1	0.605	1:0.605,2:0.395	1	0.605	1:0.605,2:0.346,5:0.049
1000	71	7100	8100	1	0.554	1:0.554,2:0.446	1	0.554	1:0.554,2:0.446
1000	72	7200	8200	2	0.546	1:0.454,2:0.546	2	0.546	1:0.454,2:0.546
1000	73	7300	8300	2	0.578	1:0.422,2:0.578	2	0.578	1:0.422,2:0.578
1000	74	7400	8400	1	0.509	1:0.509,2:0.491	1	0.509	1:0.509,2:0.484,5:0.007
1000	75	7500	8500	1	0.509	1:0.509,2:0.491	1	0.509	1:0.509,2:0.384,5:0.107
1000	76	7600	8600	1	0.509	1:0.509,2:0.491	1	0.509	1:0.509,2:0.284,5:0.207
1000	77	7700	8700	1	0.509	1:0.509,2:0.491	1	0.509	1:0.509,2:0.274,5:0.217
1000	78	7800	8800	1	0.509	1:0.509,2:0.491	1	0.509	1:0.509,2:0.274,5:0.217
1000	79	7900	8900	1	0.502	1:0.502,2:0.498	1	0.502	1:0.502,2:0.281,5:0.217
1000	80	8000	9000	2	0.556	1:0.444,2:0.556	1	0.444	1:0.444,2:0.339,5:0.217
1000	81	8100	9100	2	0.542	1:0.458,2:0.542	1	0.458	1:0.458,2:0.325,5:0.217
1000	82	8200	9200	1	0.558	1:0.558,2:0.442	1	0.558	1:0.558,2:0.225,5:0.217
1000	83	8300	9300	1	0.59	1:0.59,2:0.41	1	0.59	1:0.59,2:0.193,5:0.217
1000	84	8400	9400	1	0.597	1:0.597,2:0.403	1	0.597	1:0.597,2:0.193,5:0.21
1000	85	8500	9500	1	0.697	1:0.697,2:0.303	1	0.697	1:0.697,2:0.193,5:0.11
1000	86	8600	9600	1	0.797	1:0.797,2:0.203	1	0.797	1:0.797,2:0.193,5:0.01
1000	87	8700	9700	1	0.807	1:0.807,2:0.193	1	0.807	1:0.807,2:0.193
1000	88	8800	9800	1	0.748	1:0.748,2:0.252	1	0.748	1:0.748,2:0.252
1000	89	8900	9900	1	0.655	1:0.655,2:0.345	1	0.655	1:0.655,2:0.345
1000	90	9000	10000	1	0.685	1:0.685,2:0.315	1	0.685	1:0.685,2:0.315
1000	91	9100	10100	1	0.771	1:0.771,2:0.229	1	0.771	1:0.771,2:0.229
1000	92	9200	10200	1	0.735	1:0.735,2:0.265	1	0.735	1:0.735,2:0.229,5:0.036
1000	93	9300	10300	1	0.6677181913774973	1:0.6677181913774973,2:0.3322818086225026	1	0.684	1:0.684,2:0.229,5:0.087
1000	94	9400	10400	1	0.6286721504112809	1:0.6286721504112809,2:0.37132784958871917	1	0.684	1:0.684,2:0.229,5:0.087
1000	95	9500	10500	1	0.5792276964047937	1:0.5792276964047937,2:0.4207723035952064	1	0.633	1:0.633,2:0.229,3:0.051,5:0.087
1000	96	9600	10600	1	0.5145929339477726	1:0.5145929339477726,2:0.48540706605222733	1	0.533	1:0.533,2:0.229,3:0.151,5:0.087
1000	97	9700	10700	2	0.573502722323049	1:0.426497277676951,2:0.573502722323049	1	0.433	1:0.433,2:0.229,3:0.251,5:0.087
1000	98	9800	10800	2	0.5698447893569845	1:0.43015521064301554,2:0.5698447893569845	1	0.392	1:0.392,2:0.17,3:0.351,5:0.087
1000	99	9900	10900	1	0.5527065527065527	1:0.5527065527065527,2:0.4472934472934473	3	0.451	1:0.392,2:0.07,3:0.451,5:0.087
1000	100	10000	11000	1	0.6533864541832669	1:0.6533864541832669,2:0.3466135458167331	3	0.551	1:0.362,3:0.551,5:0.087
1000	101	10100	11100	2	0.5761589403973509	1:0.423841059602649,2:0.5761589403973509	3	0.651	1:0.262,3:0.651,5:0.087
1000	102	10200	11200	2	1	2:1	3	0.751	1:0.198,3:0.751,5:0.051
1000	103	10300	11300		0		3	0.801	1:0.149,3:0.801,5:0.05
1000	104	10400	11400		0		3	0.801	1:0.049,3:0.801,5:0.15
1000	105	10500	11500		0		3	0.75	3:0.75,5:0.25
1000	106	10600	11600		0		3	0.65	3:0.65,5:0.35
1000	107	10700	11700		0		3	0.55	3:0.55,5:0.45
1000	108	10800	11800		0		5	0.462	3:0.45,4:0.088,5:0.462
1000	109	10900	11900		0		5	0.462	3:0.35,4:0.188,5:0.462
1000	110	11000	12000		0		5	0.462	3:0.25,4:0.288,5:0.462
1000	111	11100	12100		0		5	0.462	3:0.15,4:0.388,5:0.462
1000	112	11200	12200		0		4	0.488	3:0.05,4:0.488,5:0.462
1000	113	11300	12300		0		4	0.588	4:0.588,5:0.412
1000	114	11400	12400		0		4	0.688	4:0.688,5:0.312
1000	115	11500	12500		0		4	0.788	4:0.788,5:0.212
1000	116	11600	12600		0		4	0.888	4:0.888,5:0.112
1000	117	11700	12700		0		4	0.988	4:0.988,5:0.012
1000	118	11800	12800		0		4	1	4:1
1000	119	11900	12900		0		4	1	4:1
1000	120	12000	13000		0		4	1	4:1
1000	121	12100	13100		0		4	1	4:1
1000	122	12200	13200		0		4	1	4:1
1000	123	12300	13300		0		4	1	4:1
1000	124	12400	13400		0		4	1	4:1
1000	125	12500	13500		0		4	1	4:1
1000	126	12600	13600		0		4	1	4:1
1000	127	12700	13700		0		4	1	4:1
1000	128	12800	13800		0		4	1	4:1
1000	129	12900	13900		0		4	1	4:1
1000	130	13000	14000		0		4	1	4:1
1000	131	13100	14100		0		4	1	4:1
1000	132	13200	14200		0		4	1	4:1
1000	133	13300	14300		0		4	1	4:1
1000	134	13400	14400		0		4	1	4:1
1000	135	13500	14500		0		4	1	4:1
1000	136	13600	14600		0		4	1	4:1
1000	137	13700	14700		0		4	1	4:1
1000	138	13800	14800		0		4	1	4:1
1000	139	13900	14900	2	1	2:1	4	0.9	2:0.1,4:0.9
1000	140	14000	15000	2	1	2:1	4	0.8	2:0.2,4:0.8
1000	141	14100	15100	2	1	2:1	4	0.7	2:0.3,4:0.7
1000	142	14200	15200	2	1	2:1	4	0.6	2:0.4,4:0.6
1000	143	14300	15300	2	1	2:1	2	0.5	2:0.5,4:0.5
1000	144	14400	15400	2	1	2:1	2	0.6	2:0.6,4:0.4
1000	145	14500	15500	2	1	2:1	2	0.7	2:0.7,4:0.3
1000	146	14600	15600	2	1	2:1	2	0.8	2:0.8,4:0.2
1000	147	14700	15700	2	1	2:1	2	0.9	2:0.9,4:0.1
1000	148	14800	15800	2	1	2:1	2	1	2:1
1000	149	14900	15900	2	1	2:1	2	1	2:1
1000	150	15000	16000	2	1	2:1	2	1	2:1
1000	151	15100	16100	2	1	2:1	2	1	2:1
1000	152	15200	16200	2	1	2:1	2	1	2:1
1000	153	15300	16300	2	1	2:1	2	1	2:1
1000	154	15400	16400	2	1	2:1	2	1	2:1
1000	155	15500	16500	2	1	2:1	2	1	2:1
1000	156	15600	16600	2	1	2:1	2	1	2:1
1000	157	15700	16700	2	1	2:1	2	1	2:1
1000	158	15800	16800	2	1	2:1	2	1	2:1
1000	159	15900	16900	2	1	2:1	2	1	2:1
1000	160	16000	17000	2	1	2:1	2	1	2:1
1000	161	16100	17100	2	1	2:1	2	1	2:1
1000	162	16200	17200	2	1	2:1	2	1	2:1
1000	163	16300	17300	2	1	2:1	2	1	2:1
1000	164	16400	17400	2	1	2:1	2	1	2:1
1000	165	16500	17500	2	1	2:1	2	1	2:1
1000	166	16600	17600	2	1	2:1	2	1	2:1
1000	167	16700	17700	2	1	2:1	2	1	2:1
1000	168	16800	17800	2	1	2:1	2	1	2:1
1000	169	16900	17900	2	1	2:1	2	1	2:1
1000	170	17000	18000	2	1	2:1	2	1	2:1
1000	171	17100	18100	2	1	2:1	2	1	2:1
1000	172	17200	18200	2	1	2:1	2	1	2:1
1000	173	17300	18300	2	1	2:1	2	1	2:1
1000	174	17400	18400	2	1	2:1	2	1	2:1
1000	175	17500	18500	2	1	2:1	2	1	2:1
1000	176	17600	18600	2	1	2:1	2	1	2:1
1000	177	17700	18700	2	1	2:1	2	1	2:1
1000	178	17800	18800	2	1	2:1	2	1	2:1
1000	179	17900	18900	2	1	2:1	2	1	2:1
1000	180	18000	19000	2	1	2:1	2	1	2:1
1000	181	18100	19100	2	1	2:1	2	1	2:1
1000	182	18200	19200	2	1	2:1	2	1	2:1
1000	183	18300	19300	2	1	2:1	2	1	2:1
1000	184	18400	19400	2	1	2:1	2	1	2:1
1000	185	18500	19500	2	1	2:1	2	1	2:1
1000	186	18600	19600	2	1	2:1	2	1	2:1
1000	187	18700	19700	2	1	2:1	2	1	2:1
1000	188	18800	19800	2	1	2:1	2	1	2:1
1000	189	18900	19900	2	1	2:1	2	1	2:1
1000	190	19000	20000	2	1	2:1	2	1	2:1
1000	191	19100	20100	2	1	2:1	2	1	2:1
1000	192	19200	20200	2	1	2:1	2	1	2:1
1000	193	19300	20300	2	1	2:1	2	1	2:1
1000	194	19400	20400	2	1	2:1	2	1	2:1
1000	195	19500	20500	2	1	2:1	2	1	2:1
1000	196	19600	20600	2	1	2:1	2	1	2:1
1000	197	19700	20700	2	1	2:1	2	1	2:1
1000	198	19800	20800	2	1	2:1	2	1	2:1
1000	199	19900	20900	2	1	2:1	2	1	2:1
1000	200	20000	21000	2	1	2:1	2	1	2:1
1000	201	20100	21100	2	1	2:1	2	1	2:1
1000	202	20200	21200	2	1	2:1	2	1	2:1
1000	203	20300	21300	2	1	2:1	2	1	2:1
1000	204	20400	21400	2	1	2:1	2	1	2:1
1000	205	20500	21500	2	1	2:1	2	1	2:1
1000	206	20600	21600	2	1	2:1	2	1	2:1
1000	207	20700	21700	2	1	2:1	2	1	2:1
1000	208	20800	21800	2	0.957	2:0.957,3:0.043	2	1	2:1
1000	209	20900	21900	2	0.857	2:0.857,3:0.143	2	1	2:1
1000	210	21000	22000	2	0.757	2:0.757,3:0.243	2	1	2:1
1000	211	21100	22100	2	0.657	2:0.657,3:0.343	2	1	2:1
1000	212	21200	22200	2	0.557	2:0.557,3:0.443	2	1	2:1
1000	213	21300	22300	3	0.543	2:0.457,3:0.543	2	0.96	2:0.96,4:0.04
1000	214	21400	22400	3	0.643	2:0.357,3:0.643	2	0.86	2:0.86,4:0.14
1000	215	21500	22500	3	0.743	2:0.257,3:0.743	2	0.76	2:0.76,4:0.24
1000	216	21600	22600	3	0.843	2:0.157,3:0.843	2	0.66	2:0.66,4:0.34
1000	217	21700	22700	3	0.943	2:0.057,3:0.943	2	0.56	2:0.56,4:0.44
1000	218	21800	22800	3	1	3:1	4	0.54	2:0.46,4:0.54
1000	219	21900	22900	3	1	3:1	4	0.54	2:0.46,4:0.54
1000	220	22000	23000	3	1	3:1	4	0.54	2:0.46,4:0.54
1000	221	22100	23100	3	1	3:1	4	0.54	2:0.46,4:0.54
1000	222	22200	23200	3	1	3:1	4	0.54	2:0.46,4:0.54
1000	223	22300	23300	3	1	3:1	2	0.5	2:0.5,4:0.5
1000	224	22400	23400	3	1	3:1	2	0.6	2:0.6,4:0.4
1000	225	22500	23500	3	1	3:1	2	0.7	2:0.7,4:0.3
1000	226	22600	23600	3	1	3:1	2	0.8	2:0.8,4:0.2
1000	227	22700	23700	3	1	3:1	2	0.9	2:0.9,4:0.1
1000	228	22800	23800	3	1	3:1	2	1	2:1
1000	229	22900	23900	3	1	3:1	2	1	2:1
1000	230	23000	24000	3	1	3:1	2	1	2:1
1000	231	23100	24100	3	1	3:1	2	1	2:1
1000	232	23200	24200	3	0.952	3:0.952,4:0.048	2	0.952	1:0.048,2:0.952
1000	233	23300	24300	3	0.852	3:0.852,4:0.148	2	0.852	1:0.148,2:0.852
1000	234	23400	24400	3	0.752	3:0.752,4:0.248	2	0.752	1:0.248,2:0.752
1000	235	23500	24500	3	0.652	3:0.652,4:0.348	2	0.652	1:0.348,2:0.652
1000	236	23600	24600	3	0.552	3:0.552,4:0.448	2	0.552	1:0.448,2:0.552
1000	237	23700	24700	4	0.5196599362380446	3:0.48034006376195537,4:0.5196599362380446	1	0.548	1:0.548,2:0.452
1000	238	23800	24800	4	0.5814506539833532	3:0.41854934601664684,4:0.5814506539833532	1	0.648	1:0.648,2:0.352
1000	239	23900	24900	4	0.659919028340081	3:0.340080971659919,4:0.659919028340081	1	0.748	1:0.748,2:0.252
1000	240	24000	25000	4	0.7628705148205929	3:0.23712948517940718,4:0.7628705148205929	1	0.848	1:0.848,2:0.152
1000	241	24100	25100	4	0.9038817005545287	3:0.09611829944547134,4:0.9038817005545287	1	0.948	1:0.948,2:0.052
1000	242	24200	25200	4	1	4:1	1	1	1:1
1000	243	24300	25300	4	1	4:1	1	1	1:1
1000	244	24400	25400	4	1	4:1	1	1	1:1
1000	245	24500	25500	4	1	4:1	1	1	1:1
1000	246	24600	25600	4	1	4:1	1	1	1:1
1000	247	24700	25700	4	1	4:1	1	1	1:1
1000	248	24800	25800	4	1	4:1	1	1	1:1
1000	249	24900	25900	4	0.895910780669145	4:0.895910780669145,5:0.10408921933085502	1	0.972	1:0.972,3:0.028
1000	250	25000	26000	4	0.6531165311653117	4:0.6531165311653117,5:0.34688346883468835	1	0.872	1:0.872,3:0.128
1000	251	25100	26100	4	0.5138592750533049	4:0.5138592750533049,5:0.4861407249466951	1	0.772	1:0.772,3:0.228
1000	252	25200	26200	5	0.5764499121265377	4:0.4235500878734622,5:0.5764499121265377	1	0.672	1:0.672,3:0.328
1000	253	25300	26300	5	0.6397608370702541	4:0.3602391629297459,5:0.6397608370702541	1	0.572	1:0.572,3:0.428
1000	254	25400	26400	5	0.6866059817945384	4:0.31339401820546164,5:0.6866059817945384	3	0.528	1:0.472,3:0.528
1000	255	25500	26500	5	0.6156501726121979	4:0.38434982738780205,5:0.6156501726121979	3	0.535	1:0.465,3:0.535
1000	256	25600	26600	5	0.584061135371179	4:0.41593886462882096,5:0.584061135371179	3	0.535	1:0.465,3:0.535
1000	257	25700	26700	5	0.6316410861865407	4:0.36835891381345925,5:0.6316410861865407	3	0.535	1:0.465,3:0.535
1000	258	25800	26800	5	0.7161981258366801	4:0.2838018741633199,5:0.7161981258366801	3	0.535	1:0.465,3:0.535
1000	259	25900	26900	5	0.7836166924265843	4:0.21638330757341576,5:0.7836166924265843	3	0.507	1:0.493,3:0.507
1000	260	26000	27000	5	0.7440585009140768	4:0.25594149908592323,5:0.7440585009140768	1	0.593	1:0.593,3:0.407
1000	261	26100	27100	5	0.6868008948545862	4:0.3131991051454139,5:0.6868008948545862	1	0.693	1:0.693,3:0.307
1000	262	26200	27200	5	0.5965417867435159	4:0.4034582132564842,5:0.5965417867435159	1	0.793	1:0.793,3:0.207
1000	263	26300	27300	4	0.5668016194331984	4:0.5668016194331984,5:0.4331983805668016	1	0.893	1:0.893,3:0.107
1000	264	26400	27400	4	0.9523809523809523	4:0.9523809523809523,5:0.047619047619047616	1	0.993	1:0.993,3:0.007
1000	265	26500	27500	4	1	4:1	1	1	1:1
1000	266	26600	27600		0		1	1	1:1
1000	267	26700	27700		0		1	1	1:1
1000	268	26800	27800		0		1	1	1:1
1000	269	26900	27900		0		1	1	1:1
1000	270	27000	28000		0		1	1	1:1
1000	271	27100	28100		0		1	1	1:1
1000	272	27200	28200	X	1	X:1	1	0.931	1:0.931,3:0.069
1000	273	27300	28300	X	1	X:1	1	0.831	1:0.831,3:0.169
1000	274	27400	28400	X	1	X:1	1	0.731	1:0.731,3:0.269
1000	275	27500	28500	X	1	X:1	1	0.631	1:0.631,3:0.369
1000	276	27600	28600	X	1	X:1	1	0.531	1:0.531,3:0.469
1000	277	27700	28700	X	1	X:1	3	0.569	1:0.431,3:0.569
1000	278	27800	28800	X	1	X:1	3	0.669	1:0.331,3:0.669
1000	279	27900	28900	X	1	X:1	3	0.769	1:0.231,3:0.769
1000	280	28000	29000	X	1	X:1	3	0.869	1:0.131,3:0.869
1000	281	28100	29100	X	1	X:1	3	0.969	1:0.031,3:0.969
1000	282	28200	29200	X	1	X:1	3	1	3:1
1000	283	28300	29300	X	1	X:1	3	1	3:1
1000	284	28400	29400	X	1	X:1	3	1	3:1
1000	285	28500	29500	X	1	X:1	3	1	3:1
1000	286	28600	29600	X	1	X:1	3	1	3:1
1000	287	28700	29700	X	1	X:1	3	1	3:1
1000	288	28800	29800	X	1	X:1	3	1	3:1
1000	289	28900	29900	X	1	X:1	3	1	3:1
1000	290	29000	30000	X	1	X:1	3	1	3:1
1000	291	29100	30100	X	0.942	X:0.942,Y:0.058	3	1	3:1
1000	292	29200	30200	X	0.842	X:0.842,Y:0.158	3	1	3:1
1000	293	29300	30300	X	0.742	X:0.742,Y:0.258	3	1	3:1
1000	294	29400	30400	X	0.642	X:0.642,Y:0.358	3	1	3:1
1000	295	29500	30500	X	0.542	X:0.542,Y:0.458	3	1	3:1
1000	296	29600	30600	Y	0.558	X:0.442,Y:0.558	3	1	3:1
1000	297	29700	30700	Y	0.658	X:0.342,Y:0.658	3	1	3:1
1000	298	29800	30800	Y	0.758	X:0.242,Y:0.758	3	1	3:1
1000	299	29900	30900	Y	0.778	X:0.222,Y:0.778	3	1	3:1
1000	300	30000	31000	Y	0.778	X:0.222,Y:0.778	3	1	3:1
1000	301	30100	31100	Y	0.72	X:0.28,Y:0.72	3	1	3:1
1000	302	30200	31200	Y	0.62	X:0.38,Y:0.62	3	1	3:1
1000	303	30300	31300	Y	0.52	X:0.48,Y:0.52	3	1	3:1
1000	304	30400	31400	X	0.58	X:0.58,Y:0.42	3	1	3:1
1000	305	30500	31500	X	0.68	X:0.68,Y:0.32	3	1	3:1
1000	306	30600	31600	X	0.78	X:0.78,Y:0.22	3	1	3:1
1000	307	30700	31700	X	0.8795180722891566	X:0.8795180722891566,Y:0.12048192771084337	3	1	3:1
1000	308	30800	31800	X	0.9776785714285714	X:0.9776785714285714,Y:0.022321428571428572	3	1	3:1
1000	309	30900	31900	X	1	X:1	3	1	3:1
1000	310	31000	32000	X	1	X:1	3	1	3:1
1000	311	31100	32100	X	1	X:1	3	1	3:1
1000	312	31200	32200	X	1	X:1	3	1	3:1
1000	313	31300	32300	X	1	X:1	3	1	3:1
1000	314	31400	32400	X	1	X:1	3	1	3:1
1000	315	31500	32500	X	1	X:1	3	1	3:1
1000	316	31600	32600	X	1	X:1	3	1	3:1
1000	317	31700	32700		0		3	1	3:1
1000	318	31800	32800		0		3	1	3:1
1000	319	31900	32900		0		3	1	3:1
1000	320	32000	33000		0		3	1	3:1
1000	321	32100	33100		0		3	1	3:1
1000	322	32200	33200		0		3	1	3:1
1000	323	32300	33300		0		3	1	3:1
1000	324	32400	33400		0		3	1	3:1
1000	325	32500	33500		0		3	1	3:1
1000	326	32600	33600		0		3	1	3:1
1000	327	32700	33700		0		3	1	3:1
1000	328	32800	33800		0		3	1	3:1
1000	329	32900	33900		0		3	1	3:1
1000	330	33000	34000		0		3	1	3:1
1000	331	33100	34100		0		3	1	3:1
1000	332	33200	34200		0		3	1	3:1
1000	333	33300	34300		0		3	1	3:1
1000	334	33400	34400		0		3	1	3:1
1000	335	33500	34500		0		3	1	3:1
1000	336	33600	34600		0		3	1	3:1
1000	337	33700	34700		0		3	1	3:1
1000	338	33800	34800		0		3	1	3:1
1000	339	33900	34900		0		3	1	3:1
1000	340	34000	35000		0		3	1	3:1
1000	341	34100	35100		0		3	1	3:1
1000	342	34200	35200		0		3	1	3:1
1000	343	34300	35300		0		3	1	3:1
1000	344	34400	35400		0		3	1	3:1
1000	345	34500	35500		0		3	1	3:1
1000	346	34600	35600		0		3	1	3:1
1000	347	34700	35700		0		3	1	3:1
1000	348	34800	35800		0		3	1	3:1
1000	349	34900	35900		0		3	1	3:1
1000	350	35000	36000		0		3	1	3:1
1000	351	35100	36100		0		3	1	3:1
1000	352	35200	36200		0		3	1	3:1
1000	353	35300	36300		0		3	1	3:1
1000	354	35400	36400		0		3	1	3:1
1000	355	35500	36500		0		3	1	3:1
1000	356	35600	36600		0		3	1	3:1
1000	357	35700	36700		0		3	1	3:1
1000	358	35800	36800		0		3	1	3:1
1000	359	35900	36900		0		3	1	3:1
1000	360	36000	37000		0		3	1	3:1
1000	361	36100	37100		0		3	1	3:1
1000	362	36200	37200		0		3	1	3:1
1000	363	36300	37300		0		3	1	3:1
1000	364	36400	37400		0		3	1	3:1
1000	365	36500	37500		0		3	1	3:1
1000	366	36600	37600		0		3	1	3:1
1000	367	36700	37700		0		3	0.9	2:0.1,3:0.9
1000	368	36800	37800		0		3	0.871	2:0.129,3:0.871
1000	369	36900	37900		0		3	0.871	2:0.129,3:0.871
1000	370	37000	38000		0		3	0.871	2:0.129,3:0.871
1000	371	37100	38100		0		3	0.871	2:0.129,3:0.871
1000	372	37200	38200		0		3	0.871	2:0.129,3:0.871
1000	373	37300	38300		0		3	0.871	2:0.129,3:0.871
1000	374	37400	38400		0		3	0.871	2:0.129,3:0.871
1000	375	37500	38500		0		3	0.871	2:0.129,3:0.871
1000	376	37600	38600		0		3	0.871	2:0.129,3:0.871
1000	377	37700	38700		0		3	0.971	2:0.029,3:0.971
1000	378	37800	38800		0		3	1	3:1
1000	379	37900	38900		0		3	1	3:1
1000	380	38000	39000		0		3	1	3:1
